Date,ProShares Name,Ticker,NAV,Prior NAV,NAV Change (%),NAV Change ($),Shares Outstanding (000),Assets Under Management
10/01/2026,ProShares Ultra VIX Short-Term Futures ETF,UVXY,17.47262271,17.17898586,1.70928,0.29363685,15267.35,266760593.91365037
09/30/2026,ProShares Ultra VIX Short-Term Futures ETF,UVXY,17.17898586,16.97477207,1.20304,0.20421379,15917.35,273443879.04171342
09/29/2026,ProShares Ultra VIX Short-Term Futures ETF,UVXY,16.97477207,17.05347496,-0.46151,-0.07870289,15917.35,270193337.28409829
09/28/2026,ProShares Ultra VIX Short-Term Futures ETF,UVXY,17.05347496,16.81340154,1.42787,0.24007342,15917.35,271446078.49413112
09/25/2026,ProShares Ultra VIX Short-Term Futures ETF,UVXY,16.81340154,17.19252271,-2.20515,-0.37912117,16367.35,275190777.25551438
09/24/2026,ProShares Ultra VIX Short-Term Futures ETF,UVXY,17.19252271,17.08668581,0.61941,0.1058369,16367.35,281395984.99995037
09/23/2026,ProShares Ultra VIX Short-Term Futures ETF,UVXY,17.08668581,16.58447634,3.02819,0.50220947,16367.35,279663715.73224607
09/22/2026,ProShares Ultra VIX Short-Term Futures ETF,UVXY,16.58447634,17.38611506,-4.61080,-0.80163872,16367.35,271443879.07006998
09/21/2026,ProShares Ultra VIX Short-Term Futures ETF,UVXY,17.38611506,17.52809649,-0.81002,-0.14198143,16367.35,284564578.16894582
09/18/2026,ProShares Ultra VIX Short-Term Futures ETF,UVXY,17.52809649,17.43010901,0.56217,0.09798748,16367.35,286888437.50131203
09/17/2026,ProShares Ultra VIX Short-Term Futures ETF,UVXY,17.43010901,18.53330696,-5.95252,-1.10319795,16367.35,285284642.41449647
09/16/2026,ProShares Ultra VIX Short-Term Futures ETF,UVXY,18.53330696,18.27098144,1.43575,0.26232552,16767.35,310754388.85583512
09/15/2026,ProShares Ultra VIX Short-Term Futures ETF,UVXY,18.27098144,18.19670058,0.40821,0.07428086,16767.35,306355885.83503968
09/14/2026,ProShares Ultra VIX Short-Term Futures ETF,UVXY,18.19670058,17.96658634,1.28079,0.23011424,16767.35,305110392.87996126
09/11/2026,ProShares Ultra VIX Short-Term Futures ETF,UVXY,17.96658634,19.32506383,-7.02961,-1.35847749,16667.35,299455328.93423998
09/10/2026,ProShares Ultra VIX Short-Term Futures ETF,UVXY,19.32506383,18.38210287,5.12978,0.94296096,16617.35,321131291.46025901
09/09/2026,ProShares Ultra VIX Short-Term Futures ETF,UVXY,18.38210287,17.96630458,2.31432,0.41579829,16917.35,310976412.84148589
09/08/2026,ProShares Ultra VIX Short-Term Futures ETF,UVXY,17.96630458,17.52550719,2.51518,0.44079739,17217.35,309332100.26154926
09/04/2026,ProShares Ultra VIX Short-Term Futures ETF,UVXY,17.52550719,17.41760631,0.61949,0.10790088,17217.35,301742738.64122493
09/03/2026,ProShares Ultra VIX Short-Term Futures ETF,UVXY,17.41760631,17.93456849,-2.88249,-0.51696218,17217.35,299884971.74865957
09/02/2026,ProShares Ultra VIX Short-Term Futures ETF,UVXY,17.93456849,18.83798706,-4.79573,-0.90341857,16617.35,298024947.89359603
09/01/2026,ProShares Ultra VIX Short-Term Futures ETF,UVXY,18.83798706,17.97304739,4.81243,0.86493967,16617.35,313037367.75752982
08/31/2026,ProShares Ultra VIX Short-Term Futures ETF,UVXY,17.97304739,18.48522206,-2.77073,-0.51217467,16617.35,298664365.12707433
08/28/2026,ProShares Ultra VIX Short-Term Futures ETF,UVXY,18.48522206,18.11342618,2.05260,0.37179588,16217.35,299781260.51907482
08/27/2026,ProShares Ultra VIX Short-Term Futures ETF,UVXY,18.11342618,18.81731719,-3.74066,-0.70389101,15867.35,287412018.55694446
08/26/2026,ProShares Ultra VIX Short-Term Futures ETF,UVXY,18.81731719,18.9059615,-0.46887,-0.08864431,15317.35,288231377.00829493
08/25/2026,ProShares Ultra VIX Short-Term Futures ETF,UVXY,18.9059615,19.46954092,-2.89467,-0.56357942,15267.35,288643874.5891405
08/24/2026,ProShares Ultra VIX Short-Term Futures ETF,UVXY,19.46954092,19.35643026,0.58436,0.11311066,15167.35,295301283.06433924
08/21/2026,ProShares Ultra VIX Short-Term Futures ETF,UVXY,19.35643026,19.85303753,-2.50142,-0.49660727,15167.35,293585694.43472022
08/20/2026,ProShares Ultra VIX Short-Term Futures ETF,UVXY,19.85303753,19.54297225,1.58658,0.31006528,14967.35,297147301.71553291
08/19/2026,ProShares Ultra VIX Short-Term Futures ETF,UVXY,19.54297225,20.53257022,-4.81965,-0.98959797,14867.35,290552149.85212075
08/18/2026,ProShares Ultra VIX Short-Term Futures ETF,UVXY,20.53257022,20.28804672,1.20526,0.2445235,14767.35,303211589.24060634
08/17/2026,ProShares Ultra VIX Short-Term Futures ETF,UVXY,20.28804672,20.07563998,1.05803,0.21240674,14767.35,299600625.86645184
08/14/2026,ProShares Ultra VIX Short-Term Futures ETF,UVXY,20.07563998,20.47462157,-1.94866,-0.39898159,14417.35,289437467.83873306
08/13/2026,ProShares Ultra VIX Short-Term Futures ETF,UVXY,20.47462157,20.28044921,0.95744,0.19417236,13817.35,282904950.92637479
08/12/2026,ProShares Ultra VIX Short-Term Futures ETF,UVXY,20.28044921,21.22992913,-4.47237,-0.94947992,13817.35,280222004.05044587
08/11/2026,ProShares Ultra VIX Short-Term Futures ETF,UVXY,21.22992913,21.52896554,-1.38900,-0.29903641,14067.35,298648779.85711811
08/10/2026,ProShares Ultra VIX Short-Term Futures ETF,UVXY,21.52896554,21.62875291,-0.46136,-0.09978737,14067.35,302855428.80222238
08/07/2026,ProShares Ultra VIX Short-Term Futures ETF,UVXY,21.62875291,21.5705847,0.26966,0.05816821,13567.35,293444795.90722977
08/06/2026,ProShares Ultra VIX Short-Term Futures ETF,UVXY,21.5705847,22.01133564,-2.00238,-0.44075094,13567.35,292655607.6177909
08/05/2026,ProShares Ultra VIX Short-Term Futures ETF,UVXY,22.01133564,23.09055054,-4.67384,-1.0792149,12867.35,283227493.61334708
08/04/2026,ProShares Ultra VIX Short-Term Futures ETF,UVXY,23.09055054,22.92290395,0.73135,0.16764659,12367.35,285568850.94921738
08/03/2026,ProShares Ultra VIX Short-Term Futures ETF,UVXY,22.92290395,23.15469478,-1.00105,-0.23179083,11667.35,267449474.63232065
07/31/2026,ProShares Ultra VIX Short-Term Futures ETF,UVXY,23.15469478,24.26815922,-4.58817,-1.11346444,10767.35,249314633.37534866
07/30/2026,ProShares Ultra VIX Short-Term Futures ETF,UVXY,24.26815922,26.93565422,-9.90321,-2.667495,10567.35,256450059.52898934
07/29/2026,ProShares Ultra VIX Short-Term Futures ETF,UVXY,26.93565422,24.61792709,9.41479,2.31772713,10617.35,285985187.52575434
07/28/2026,ProShares Ultra VIX Short-Term Futures ETF,UVXY,24.61792709,24.88479353,-1.07241,-0.26686644,10917.35,268762452.46223023
07/27/2026,ProShares Ultra VIX Short-Term Futures ETF,UVXY,24.88479353,25.08262181,-0.78871,-0.19782828,9667.35,240569934.07786491
07/24/2026,ProShares Ultra VIX Short-Term Futures ETF,UVXY,25.08262181,25.62828681,-2.12915,-0.545665,9667.35,242482408.70703807
07/23/2026,ProShares Ultra VIX Short-Term Futures ETF,UVXY,25.62828681,23.72815087,8.00794,1.90013594,9617.35,246476127.26729307
07/22/2026,ProShares Ultra VIX Short-Term Futures ETF,UVXY,23.72815087,23.54698084,0.76940,0.18117003,10217.35,242438751.10714189
07/21/2026,ProShares Ultra VIX Short-Term Futures ETF,UVXY,23.54698084,24.70716997,-4.69576,-1.16018913,10417.35,245297070.21263148
07/20/2026,ProShares Ultra VIX Short-Term Futures ETF,UVXY,24.70716997,25.37333424,-2.62545,-0.66616427,10217.35,252441728.97146959
07/17/2026,ProShares Ultra VIX Short-Term Futures ETF,UVXY,25.37333424,23.65366648,7.27020,1.71966776,10217.35,259248160.47706128
07/16/2026,ProShares Ultra VIX Short-Term Futures ETF,UVXY,23.65366648,22.6952071,4.22318,0.95845938,9917.35,234581618.30442856
07/15/2026,ProShares Ultra VIX Short-Term Futures ETF,UVXY,22.6952071,23.72092059,-4.32409,-1.02571349,9817.35,222806723.3375637
07/14/2026,ProShares Ultra VIX Short-Term Futures ETF,UVXY,23.72092059,24.26928873,-2.25951,-0.54836814,9817.35,232876508.59147473
07/13/2026,ProShares Ultra VIX Short-Term Futures ETF,UVXY,24.26928873,23.20314403,4.59483,1.0661447,9317.35,226125384.54059931
07/10/2026,ProShares Ultra VIX Short-Term Futures ETF,UVXY,23.20314403,23.98066061,-3.24227,-0.77751658,9317.35,216191744.41848841
07/09/2026,ProShares Ultra VIX Short-Term Futures ETF,UVXY,23.98066061,24.61978242,-2.59597,-0.63912181,9317.35,223436136.19260167
07/08/2026,ProShares Ultra VIX Short-Term Futures ETF,UVXY,24.61978242,24.12613957,2.04609,0.49364285,9567.35,235546001.47663974
07/07/2026,ProShares Ultra VIX Short-Term Futures ETF,UVXY,24.12613957,23.73856016,1.63270,0.38757941,9917.35,239267297.88612079
07/06/2026,ProShares Ultra VIX Short-Term Futures ETF,UVXY,23.73856016,24.7752117,-4.18423,-1.03665154,9917.35,235423538.38709552
07/02/2026,ProShares Ultra VIX Short-Term Futures ETF,UVXY,24.7752117,25.12126873,-1.37755,-0.34605703,9717.35,240749329.0873599
07/01/2026,ProShares Ultra VIX Short-Term Futures ETF,UVXY,25.12126873,24.81474762,1.23524,0.30652111,9717.35,244112085.32965931
06/30/2026,ProShares Ultra VIX Short-Term Futures ETF,UVXY,24.81474762,25.66083066,-3.29718,-0.84608304,9967.35,247337200.24596414
06/29/2026,ProShares Ultra VIX Short-Term Futures ETF,UVXY,25.66083066,26.95632815,-4.80591,-1.29549749,9417.35,241656946.63345902
06/26/2026,ProShares Ultra VIX Short-Term Futures ETF,UVXY,26.95632815,27.04132818,-0.31433,-0.08500003,9167.35,247118013.99691805
06/25/2026,ProShares Ultra VIX Short-Term Futures ETF,UVXY,27.04132818,27.7168647,-2.43728,-0.67553652,9167.35,247897238.76693846
06/24/2026,ProShares Ultra VIX Short-Term Futures ETF,UVXY,27.7168647,27.9045389,-0.67256,-0.1876742,9967.35,276263608.2169509
06/23/2026,ProShares Ultra VIX Short-Term Futures ETF,UVXY,27.9045389,25.82101587,8.06910,2.08352303,9967.35,278134222.0912983
06/22/2026,ProShares Ultra VIX Short-Term Futures ETF,UVXY,25.82101587,25.95307436,-0.50884,-0.13205849,9967.35,257367025.06879689
06/18/2026,ProShares Ultra VIX Short-Term Futures ETF,UVXY,25.95307436,27.5480533,-5.78981,-1.59497894,9967.35,258683297.86292292
06/17/2026,ProShares Ultra VIX Short-Term Futures ETF,UVXY,27.5480533,25.78986397,6.81737,1.75818933,10217.35,281468019.7405951
06/16/2026,ProShares Ultra VIX Short-Term Futures ETF,UVXY,25.78986397,25.67055648,0.46476,0.11930749,9917.35,255767030.07328759
06/15/2026,ProShares Ultra VIX Short-Term Futures ETF,UVXY,25.67055648,28.6702684,-10.46280,-2.99971192,9617.35,246882649.35125856
06/12/2026,ProShares Ultra VIX Short-Term Futures ETF,UVXY,28.6702684,30.69581875,-6.59878,-2.02555035,9867.35,282899486.8859348
06/11/2026,ProShares Ultra VIX Short-Term Futures ETF,UVXY,30.69581875,33.19073487,-7.51691,-2.49491612,9867.35,302886295.05535625
06/10/2026,ProShares Ultra VIX Short-Term Futures ETF,UVXY,33.19073487,30.61664479,8.40749,2.57409008,12417.35,412140872.06578989
06/09/2026,ProShares Ultra VIX Short-Term Futures ETF,UVXY,30.61664479,29.83827633,2.60862,0.77836846,13267.35,406201650.40467213
06/08/2026,ProShares Ultra VIX Short-Term Futures ETF,UVXY,29.83827633,30.69273018,-2.78390,-0.85445385,14267.35,425713042.28199651
06/05/2026,ProShares Ultra VIX Short-Term Futures ETF,UVXY,30.69273018,27.65955233,10.96611,3.03317785,16017.35,491616109.67043246
06/04/2026,ProShares Ultra VIX Short-Term Futures ETF,UVXY,27.65955233,29.10123011,-4.95401,-1.44167778,16017.35,443032647.53426851
06/03/2026,ProShares Ultra VIX Short-Term Futures ETF,UVXY,29.10123011,29.11940534,-0.06242,-0.01817523,16367.35,476309931.33721817
06/02/2026,ProShares Ultra VIX Short-Term Futures ETF,UVXY,29.11940534,29.76836055,-2.18002,-0.64895521,14717.35,428560392.82243298
06/01/2026,ProShares Ultra VIX Short-Term Futures ETF,UVXY,29.76836055,28.66853667,3.83634,1.09982388,13917.35,414296603.39546085
05/29/2026,ProShares Ultra VIX Short-Term Futures ETF,UVXY,28.66853667,29.49086172,-2.78841,-0.82232505,13917.35,398989972.81861449
05/28/2026,ProShares Ultra VIX Short-Term Futures ETF,UVXY,29.49086172,30.37024272,-2.89553,-0.879381,13917.35,410434555.88625684
05/27/2026,ProShares Ultra VIX Short-Term Futures ETF,UVXY,30.37024272,31.38663115,-3.23828,-1.01638843,14167.35,430265767.08846384
05/26/2026,ProShares Ultra VIX Short-Term Futures ETF,UVXY,31.38663115,32.9529398,-4.75317,-1.56630865,14367.35,450942620.89305905
05/22/2026,ProShares Ultra VIX Short-Term Futures ETF,UVXY,32.9529398,32.5419219,1.26304,0.4110179,14367.35,473446320.7767106
05/21/2026,ProShares Ultra VIX Short-Term Futures ETF,UVXY,32.5419219,34.0988586,-4.56595,-1.5569367,14567.35,474049468.3641993
05/20/2026,ProShares Ultra VIX Short-Term Futures ETF,UVXY,34.0988586,35.17097592,-3.04830,-1.07211732,15417.35,525713935.3401342
05/19/2026,ProShares Ultra VIX Short-Term Futures ETF,UVXY,35.17097592,34.81576592,1.02026,0.35521,15417.35,542243140.08728424
05/18/2026,ProShares Ultra VIX Short-Term Futures ETF,UVXY,34.81576592,35.91780678,-3.06823,-1.10204086,15417.35,536766744.25941424
05/15/2026,ProShares Ultra VIX Short-Term Futures ETF,UVXY,35.91780678,35.46942602,1.26413,0.44838076,15267.35,548369619.58921266
05/14/2026,ProShares Ultra VIX Short-Term Futures ETF,UVXY,35.46942602,36.58816042,-3.05764,-1.1187344,14017.35,497187252.41316894
05/13/2026,ProShares Ultra VIX Short-Term Futures ETF,UVXY,36.58816042,35.79088418,2.22760,0.79727624,13617.35,498233676.53080574
05/12/2026,ProShares Ultra VIX Short-Term Futures ETF,UVXY,35.79088418,36.94482955,-3.12343,-1.15394537,15067.35,539273671.37687046
05/11/2026,ProShares Ultra VIX Short-Term Futures ETF,UVXY,36.94482955,36.16248071,2.16343,0.78234884,14517.35,536340910.43320385
05/08/2026,ProShares Ultra VIX Short-Term Futures ETF,UVXY,36.16248071,35.8745166,0.80270,0.28796411,14267.35,515942660.67037637
05/07/2026,ProShares Ultra VIX Short-Term Futures ETF,UVXY,35.8745166,36.28755518,-1.13824,-0.41303858,12867.35,461609853.5494602
05/06/2026,ProShares Ultra VIX Short-Term Futures ETF,UVXY,36.28755518,37.36853452,-2.89275,-1.08097934,10517.35,381648809.60970746
05/05/2026,ProShares Ultra VIX Short-Term Futures ETF,UVXY,37.36853452,37.53889999,-0.45384,-0.17036547,10217.35,381807284.07231844
05/04/2026,ProShares Ultra VIX Short-Term Futures ETF,UVXY,37.53889999,36.83923866,1.89923,0.69966133,10217.35,383547967.19612653
05/01/2026,ProShares Ultra VIX Short-Term Futures ETF,UVXY,36.83923866,36.34687754,1.35462,0.49236112,10217.35,376399284.60503502
04/30/2026,ProShares Ultra VIX Short-Term Futures ETF,UVXY,36.34687754,38.18171932,-4.80555,-1.83484178,10217.35,371368660.19268638
04/29/2026,ProShares Ultra VIX Short-Term Futures ETF,UVXY,38.18171932,36.88011174,3.52929,1.30160758,9917.35,378661359.55304404
04/28/2026,ProShares Ultra VIX Short-Term Futures ETF,UVXY,36.88011174,37.77908128,-2.37954,-0.89896954,10767.35,397100960.50335378
04/27/2026,ProShares Ultra VIX Short-Term Futures ETF,UVXY,37.77908128,39.69130256,-4.81773,-1.91222128,10767.35,406780477.48296416
04/24/2026,ProShares Ultra VIX Short-Term Futures ETF,UVXY,39.69130256,39.13300438,1.42667,0.55829818,10217.35,405539811.13750832
04/23/2026,ProShares Ultra VIX Short-Term Futures ETF,UVXY,39.13300438,39.11349109,0.04989,0.01951329,10717.35,419401987.09297986
04/22/2026,ProShares Ultra VIX Short-Term Futures ETF,UVXY,39.11349109,39.91367335,-2.00478,-0.80018226,10567.35,413325832.72943823
04/21/2026,ProShares Ultra VIX Short-Term Futures ETF,UVXY,39.91367335,38.95879747,2.45099,0.95487588,11017.35,439742789.34160245
04/20/2026,ProShares Ultra VIX Short-Term Futures ETF,UVXY,38.95879747,38.09306129,2.27269,0.86573618,11367.35,442858169.54421209
04/17/2026,ProShares Ultra VIX Short-Term Futures ETF,UVXY,38.09306129,38.64773271,-1.43520,-0.55467142,10917.35,415875168.39519763
04/16/2026,ProShares Ultra VIX Short-Term Futures ETF,UVXY,38.64773271,38.89745882,-0.64201,-0.24972611,10017.35,387147749.31932037
04/15/2026,ProShares Ultra VIX Short-Term Futures ETF,UVXY,38.89745882,38.58658331,0.80566,0.31087551,10017.35,389649342.41815054
04/14/2026,ProShares Ultra VIX Short-Term Futures ETF,UVXY,38.58658331,39.32574456,-1.87959,-0.73916125,8767.35,338301965.42317857
04/13/2026,ProShares Ultra VIX Short-Term Futures ETF,UVXY,39.32574456,41.89960784,-6.14293,-2.57386328,8367.35,329052150.76688232
04/10/2026,ProShares Ultra VIX Short-Term Futures ETF,UVXY,41.89960784,40.97694961,2.25165,0.92265823,8217.35,344303616.78520048
04/09/2026,ProShares Ultra VIX Short-Term Futures ETF,UVXY,40.97694961,43.47844301,-5.75341,-2.5014934,7317.35,299842559.29788467
04/08/2026,ProShares Ultra VIX Short-Term Futures ETF,UVXY,43.47844301,51.1015068,-14.91749,-7.62306379,6767.35,294233710.86839447
04/07/2026,ProShares Ultra VIX Short-Term Futures ETF,UVXY,51.1015068,48.53089474,5.29686,2.57061206,6367.35,325381026.0184596
04/06/2026,ProShares Ultra VIX Short-Term Futures ETF,UVXY,48.53089474,50.52306748,-3.94310,-1.99217274,6417.35,311439591.76705478
04/02/2026,ProShares Ultra VIX Short-Term Futures ETF,UVXY,50.52306748,50.40912494,0.22604,0.11394254,6267.35,316645595.40157556
04/01/2026,ProShares Ultra VIX Short-Term Futures ETF,UVXY,50.40912494,52.10376836,-3.25244,-1.69464342,6167.35,310890565.47133418
03/31/2026,ProShares Ultra VIX Short-Term Futures ETF,UVXY,52.10376836,60.91223802,-14.46092,-8.80846966,5667.35,295290135.30374092
03/30/2026,ProShares Ultra VIX Short-Term Futures ETF,UVXY,60.91223802,61.51420897,-0.97859,-0.60197095,5567.35,339119565.60393294
03/27/2026,ProShares Ultra VIX Short-Term Futures ETF,UVXY,61.51420897,55.33327366,11.17038,6.18093531,6167.35,379379472.14850259
03/26/2026,ProShares Ultra VIX Short-Term Futures ETF,UVXY,55.33327366,49.88071085,10.93121,5.45256281,6367.35,352326154.03918002
03/25/2026,ProShares Ultra VIX Short-Term Futures ETF,UVXY,49.88071085,51.67492022,-3.47211,-1.79420937,6367.35,317607794.58861495
03/24/2026,ProShares Ultra VIX Short-Term Futures ETF,UVXY,51.67492022,49.75785896,3.85278,1.91706126,6367.35,329032148.23805634
03/23/2026,ProShares Ultra VIX Short-Term Futures ETF,UVXY,49.75785896,54.19529095,-8.18786,-4.43743199,6517.35,324289232.81937912
03/20/2026,ProShares Ultra VIX Short-Term Futures ETF,UVXY,54.19529095,48.8628838,10.91300,5.33240715,6717.35,364048575.07710965
03/19/2026,ProShares Ultra VIX Short-Term Futures ETF,UVXY,48.8628838,51.04911978,-4.28261,-2.18623598,7017.35,342887811.0452786
03/18/2026,ProShares Ultra VIX Short-Term Futures ETF,UVXY,51.04911978,45.25378405,12.80630,5.79533573,7567.35,386306403.41982366
03/17/2026,ProShares Ultra VIX Short-Term Futures ETF,UVXY,45.25378405,46.18460316,-2.01543,-0.93081911,8067.35,365077978.99441535
03/16/2026,ProShares Ultra VIX Short-Term Futures ETF,UVXY,46.18460316,52.25868983,-11.62311,-6.07408667,7767.35,358731838.80101652
03/13/2026,ProShares Ultra VIX Short-Term Futures ETF,UVXY,52.25868983,50.85985571,2.75037,1.39883412,7117.35,371943229.28548101
03/12/2026,ProShares Ultra VIX Short-Term Futures ETF,UVXY,50.85985571,46.11377217,10.29212,4.74608354,6217.35,316213371.31900137
03/11/2026,ProShares Ultra VIX Short-Term Futures ETF,UVXY,46.11377217,49.50289266,-6.84631,-3.38912049,6167.35,284399634.45133299
03/10/2026,ProShares Ultra VIX Short-Term Futures ETF,UVXY,49.50289266,46.18551128,7.18273,3.31738138,6217.35,307776661.17097302
03/09/2026,ProShares Ultra VIX Short-Term Futures ETF,UVXY,46.18551128,54.06309847,-14.57110,-7.87758719,5567.35,257130767.66817416
03/06/2026,ProShares Ultra VIX Short-Term Futures ETF,UVXY,54.06309847,44.85338615,20.53293,9.20971232,5317.35,287472254.46015909
03/05/2026,ProShares Ultra VIX Short-Term Futures ETF,UVXY,44.85338615,40.76897555,10.01843,4.0844106,6017.35,269898388.58954405
03/04/2026,ProShares Ultra VIX Short-Term Futures ETF,UVXY,40.76897555,43.16741459,-5.55613,-2.39843904,8067.35,328897472.59636585
03/03/2026,ProShares Ultra VIX Short-Term Futures ETF,UVXY,43.16741459,40.26798782,7.20033,2.89942677,7767.35,335296288.21339273
03/02/2026,ProShares Ultra VIX Short-Term Futures ETF,UVXY,40.26798782,39.61867168,1.63891,0.64931614,8667.35,349016623.42771354
02/27/2026,ProShares Ultra VIX Short-Term Futures ETF,UVXY,39.61867168,37.41799288,5.88134,2.2006788,9017.35,357255310.21763296
02/26/2026,ProShares Ultra VIX Short-Term Futures ETF,UVXY,37.41799288,36.63240253,2.14452,0.78559035,9117.35,341152825.13048936
02/25/2026,ProShares Ultra VIX Short-Term Futures ETF,UVXY,36.63240253,38.7773107,-5.53135,-2.14490817,9167.35,335821945.43618791
02/24/2026,ProShares Ultra VIX Short-Term Futures ETF,UVXY,38.7773107,41.02169165,-5.47121,-2.24438095,9117.35,353546197.3787129
02/23/2026,ProShares Ultra VIX Short-Term Futures ETF,UVXY,41.02169165,38.65675498,6.11778,2.36493667,9217.35,378111166.46505255
02/20/2026,ProShares Ultra VIX Short-Term Futures ETF,UVXY,38.65675498,40.15347567,-3.72750,-1.49672069,9217.35,356312724.54463806
02/19/2026,ProShares Ultra VIX Short-Term Futures ETF,UVXY,40.15347567,38.47189284,4.37094,1.68158283,8467.35,339993411.75394749
02/18/2026,ProShares Ultra VIX Short-Term Futures ETF,UVXY,38.47189284,38.63668907,-0.42653,-0.16479623,8717.35,335372839.63309548
02/17/2026,ProShares Ultra VIX Short-Term Futures ETF,UVXY,38.63668907,40.45819913,-4.50220,-1.82151006,8817.35,340673094.46129729
02/13/2026,ProShares Ultra VIX Short-Term Futures ETF,UVXY,40.45819913,39.83602818,1.56183,0.62217095,9067.35,366848530.50680811
02/12/2026,ProShares Ultra VIX Short-Term Futures ETF,UVXY,39.83602818,36.16962263,10.13670,3.66640555,9717.35,387100508.92683846
02/11/2026,ProShares Ultra VIX Short-Term Futures ETF,UVXY,36.16962263,36.39787524,-0.62710,-0.22825261,10167.35,367749104.13826261
02/10/2026,ProShares Ultra VIX Short-Term Futures ETF,UVXY,36.39787524,35.2251203,3.32931,1.17275494,10467.35,380989190.19978828
02/09/2026,ProShares Ultra VIX Short-Term Futures ETF,UVXY,35.2251203,37.10406244,-5.06398,-1.87894214,10467.35,368713557.2968441
02/06/2026,ProShares Ultra VIX Short-Term Futures ETF,UVXY,37.10406244,41.06360473,-9.64246,-3.95954229,9817.35,364263456.08314668
02/05/2026,ProShares Ultra VIX Short-Term Futures ETF,UVXY,41.06360473,37.59450301,9.22768,3.46910172,8767.35,360018871.73875131
02/04/2026,ProShares Ultra VIX Short-Term Futures ETF,UVXY,37.59450301,36.70905605,2.41207,0.88544696,9367.35,352160754.98721447
02/03/2026,ProShares Ultra VIX Short-Term Futures ETF,UVXY,36.70905605,34.47884838,6.46834,2.23020767,10017.35,367727352.49529935
02/02/2026,ProShares Ultra VIX Short-Term Futures ETF,UVXY,34.47884838,37.38632349,-7.77684,-2.90747511,10617.35,366073897.41084786
01/30/2026,ProShares Ultra VIX Short-Term Futures ETF,UVXY,37.38632349,36.67857655,1.92959,0.70774694,10117.35,378250407.80258103
01/29/2026,ProShares Ultra VIX Short-Term Futures ETF,UVXY,36.67857655,36.19030349,1.34918,0.48827306,10217.35,374757744.07741285
01/28/2026,ProShares Ultra VIX Short-Term Futures ETF,UVXY,36.19030349,36.1673433,0.06348,0.02296019,10717.35,387864040.53764103
01/27/2026,ProShares Ultra VIX Short-Term Futures ETF,UVXY,36.1673433,35.26955238,2.54551,0.89779092,10767.35,389426335.3792251
01/26/2026,ProShares Ultra VIX Short-Term Futures ETF,UVXY,35.26955238,35.44260401,-0.48826,-0.17305163,10417.35,367415165.67713586
01/23/2026,ProShares Ultra VIX Short-Term Futures ETF,UVXY,35.44260401,34.43725087,2.91938,1.00535314,10417.35,369217904.55576147
01/22/2026,ProShares Ultra VIX Short-Term Futures ETF,UVXY,34.43725087,35.66408881,-3.43998,-1.22683794,10517.35,362188517.12584189
01/21/2026,ProShares Ultra VIX Short-Term Futures ETF,UVXY,35.66408881,41.7496864,-14.57639,-6.08559759,9717.35,346560326.40558707
01/20/2026,ProShares Ultra VIX Short-Term Futures ETF,UVXY,41.7496864,35.60490248,17.25825,6.14478392,10517.35,439095939.0099808
01/16/2026,ProShares Ultra VIX Short-Term Futures ETF,UVXY,35.60490248,35.35937122,0.69439,0.24553126,11567.35,411854261.88732056
01/15/2026,ProShares Ultra VIX Short-Term Futures ETF,UVXY,35.35937122,37.06708485,-4.60709,-1.70771363,11417.35,403710210.92055334
01/14/2026,ProShares Ultra VIX Short-Term Futures ETF,UVXY,37.06708485,35.65727438,3.95378,1.40981047,11017.35,408380936.07089295
01/13/2026,ProShares Ultra VIX Short-Term Futures ETF,UVXY,35.65727438,34.28855673,3.99176,1.36871765,11517.35,410677202.10866986
01/12/2026,ProShares Ultra VIX Short-Term Futures ETF,UVXY,34.28855673,34.18235146,0.31070,0.10620527,11817.35,405199773.00759531
01/09/2026,ProShares Ultra VIX Short-Term Futures ETF,UVXY,34.18235146,35.10629774,-2.63185,-0.92394628,11467.35,391980885.46777662
01/08/2026,ProShares Ultra VIX Short-Term Futures ETF,UVXY,35.10629774,35.67878412,-1.60456,-0.57248638,11467.35,402576098.06989578
01/07/2026,ProShares Ultra VIX Short-Term Futures ETF,UVXY,35.67878412,34.84943904,2.37979,0.82934508,11667.35,416276754.86612964
01/06/2026,ProShares Ultra VIX Short-Term Futures ETF,UVXY,34.84943904,35.44067677,-1.66825,-0.59123773,11817.35,411827913.89102688
01/05/2026,ProShares Ultra VIX Short-Term Futures ETF,UVXY,35.44067677,34.83332398,1.74360,0.60735279,11517.35,408182572.27492919
01/02/2026,ProShares Ultra VIX Short-Term Futures ETF,UVXY,34.83332398,35.85548689,-2.85079,-1.02216291,11167.35,388995816.04808106
12/31/2025,ProShares Ultra VIX Short-Term Futures ETF,UVXY,35.85548689,35.39085083,1.31287,0.46463606,11167.35,400410663.95458083
12/30/2025,ProShares Ultra VIX Short-Term Futures ETF,UVXY,35.39085083,36.07648155,-1.90049,-0.68563072,11267.35,398760996.92684801
12/29/2025,ProShares Ultra VIX Short-Term Futures ETF,UVXY,36.07648155,36.76983918,-1.88567,-0.69335763,11217.35,404682412.08544785
12/26/2025,ProShares Ultra VIX Short-Term Futures ETF,UVXY,36.76983918,36.82048262,-0.13754,-0.05064344,11167.35,410621553.25725546
12/24/2025,ProShares Ultra VIX Short-Term Futures ETF,UVXY,36.82048262,36.97480727,-0.41738,-0.15432465,11167.35,411187106.12500914
12/23/2025,ProShares Ultra VIX Short-Term Futures ETF,UVXY,36.97480727,36.69480683,0.76305,0.28000044,11167.35,412910503.04221269
12/22/2025,ProShares Ultra VIX Short-Term Futures ETF,UVXY,36.69480683,38.59360769,-4.91999,-1.89880086,10967.35,402444679.60258001
12/19/2025,ProShares Ultra VIX Short-Term Futures ETF,UVXY,38.59360769,41.02159033,-5.91879,-2.42798264,10817.35,417480446.36459843
12/18/2025,ProShares Ultra VIX Short-Term Futures ETF,UVXY,41.02159033,43.10222261,-4.82720,-2.08063228,10817.35,443744777.09145451
12/17/2025,ProShares Ultra VIX Short-Term Futures ETF,UVXY,43.10222261,42.10940017,2.35772,0.99282244,10567.35,455476142.79111567
12/16/2025,ProShares Ultra VIX Short-Term Futures ETF,UVXY,42.10940017,42.19482808,-0.20246,-0.08542791,10817.35,455511993.60074899
12/15/2025,ProShares Ultra VIX Short-Term Futures ETF,UVXY,42.19482808,42.28036496,-0.20231,-0.08553688,10367.35,437448424.31070376
12/12/2025,ProShares Ultra VIX Short-Term Futures ETF,UVXY,42.28036496,42.16869183,0.26482,0.11167313,10467.35,442563251.32296112
12/11/2025,ProShares Ultra VIX Short-Term Futures ETF,UVXY,42.16869183,43.15274823,-2.28040,-0.9840564,9967.35,420309984.00567501
12/10/2025,ProShares Ultra VIX Short-Term Futures ETF,UVXY,43.15274823,45.87814716,-5.94052,-2.72539893,10067.35,434433690.43504581
12/09/2025,ProShares Ultra VIX Short-Term Futures ETF,UVXY,45.87814716,45.83027407,0.10446,0.04787309,10117.35,464165134.53478452
12/08/2025,ProShares Ultra VIX Short-Term Futures ETF,UVXY,45.83027407,44.79542308,2.31017,1.03485099,10217.35,468263813.27829229
12/05/2025,ProShares Ultra VIX Short-Term Futures ETF,UVXY,44.79542308,45.61461165,-1.79589,-0.81918857,9867.35,442011983.54216876
12/04/2025,ProShares Ultra VIX Short-Term Futures ETF,UVXY,45.61461165,46.37929392,-1.64876,-0.76468227,10017.35,456937393.16829255
12/03/2025,ProShares Ultra VIX Short-Term Futures ETF,UVXY,46.37929392,46.69817237,-0.68285,-0.31887845,10017.35,464597480.81163024
12/02/2025,ProShares Ultra VIX Short-Term Futures ETF,UVXY,46.69817237,47.99003793,-2.69195,-1.29186556,9717.35,453782345.18510239
12/01/2025,ProShares Ultra VIX Short-Term Futures ETF,UVXY,47.99003793,47.82688968,0.34112,0.16314825,9717.35,466335851.10897171
11/28/2025,ProShares Ultra VIX Short-Term Futures ETF,UVXY,47.82688968,49.43913017,-3.26106,-1.61224049,9718.73,464816560.582060848
11/26/2025,ProShares Ultra VIX Short-Term Futures ETF,UVXY,49.43913017,51.51831326,-4.03581,-2.07918309,9418.73,465653749.291301862
11/25/2025,ProShares Ultra VIX Short-Term Futures ETF,UVXY,51.51831326,53.79862665,-4.23861,-2.28031339,9218.73,474933347.873721236
11/24/2025,ProShares Ultra VIX Short-Term Futures ETF,UVXY,53.79862665,60.50659148,-11.08634,-6.70796483,8968.73,482505281.47657719
11/21/2025,ProShares Ultra VIX Short-Term Futures ETF,UVXY,60.50659148,65.95165636,-8.25615,-5.44506488,9068.73,548717856.643192328
11/20/2025,ProShares Ultra VIX Short-Term Futures ETF,UVXY,65.95165636,59.25484605,11.30171,6.69681031,9368.73,617883169.157303896
11/19/2025,ProShares Ultra VIX Short-Term Futures ETF,UVXY,59.25484605,61.53704635,-3.70866,-2.2822003,9668.73,572918989.1393244
11/18/2025,ProShares Ultra VIX Short-Term Futures ETF,UVXY,61.53704635,58.76046035,4.72526,2.776586,10598.73,652214453.10927061
11/17/2025,ProShares Ultra VIX Short-Term Futures ETF,UVXY,58.76046035,54.1635381,8.48712,4.59692225,10598.73,622786171.66071101
11/14/2025,ProShares Ultra VIX Short-Term Futures ETF,UVXY,54.1635381,55.826222,-2.97832,-1.6626839,10828.73,586522254.10065966
11/13/2025,ProShares Ultra VIX Short-Term Futures ETF,UVXY,55.826222,50.56176275,10.41194,5.26445925,11138.73,621833135.6213492
11/12/2025,ProShares Ultra VIX Short-Term Futures ETF,UVXY,50.56176275,50.09177695,0.93825,0.4699858,11248.73,568755546.71233965
11/11/2025,ProShares Ultra VIX Short-Term Futures ETF,UVXY,50.09177695,50.2981033,-0.41021,-0.20632635,11038.73,552949530.84278577
11/10/2025,ProShares Ultra VIX Short-Term Futures ETF,UVXY,50.2981033,54.7916079,-8.20108,-4.4935046,10958.73,551203263.15946438
11/07/2025,ProShares Ultra VIX Short-Term Futures ETF,UVXY,54.7916079,55.5592704,-1.38170,-0.7676625,10728.73,587844290.71671594
11/06/2025,ProShares Ultra VIX Short-Term Futures ETF,UVXY,55.5592704,52.10042035,6.63881,3.45885005,11188.73,621637597.71961344
11/05/2025,ProShares Ultra VIX Short-Term Futures ETF,UVXY,52.10042035,55.38618985,-5.93247,-3.2857695,11618.73,605340643.99256701
11/04/2025,ProShares Ultra VIX Short-Term Futures ETF,UVXY,55.38618985,52.4427139,5.61275,2.94347595,11648.73,645178693.75072471
11/03/2025,ProShares Ultra VIX Short-Term Futures ETF,UVXY,52.4427139,53.02127875,-1.09119,-0.57856485,11378.73,596731408.51554754
10/31/2025,ProShares Ultra VIX Short-Term Futures ETF,UVXY,53.02127875,52.8992372,0.23071,0.12204155,11478.73,608616868.79619725
10/30/2025,ProShares Ultra VIX Short-Term Futures ETF,UVXY,52.8992372,52.12540685,1.48456,0.77383035,11668.73,617266842.03382392
10/29/2025,ProShares Ultra VIX Short-Term Futures ETF,UVXY,52.12540685,50.73414225,2.74226,1.3912646,11608.73,605109701.28623091
10/28/2025,ProShares Ultra VIX Short-Term Futures ETF,UVXY,50.73414225,48.62811115,4.33089,2.1060311,11528.73,584900156.75404335
10/27/2025,ProShares Ultra VIX Short-Term Futures ETF,UVXY,48.62811115,50.96943655,-4.59359,-2.3413254,11528.73,560620295.77898389
10/24/2025,ProShares Ultra VIX Short-Term Futures ETF,UVXY,50.96943655,52.1342933,-2.23434,-1.16485675,11418.73,582006162.85937033
10/23/2025,ProShares Ultra VIX Short-Term Futures ETF,UVXY,52.1342933,53.7024461,-2.92008,-1.5681528,11228.73,585401830.21849838
10/22/2025,ProShares Ultra VIX Short-Term Futures ETF,UVXY,53.7024461,52.62425545,2.04885,1.07819065,11118.73,597102923.34202846
10/21/2025,ProShares Ultra VIX Short-Term Futures ETF,UVXY,52.62425545,53.24135615,-1.15906,-0.6171007,11118.73,585114814.12562087
10/20/2025,ProShares Ultra VIX Short-Term Futures ETF,UVXY,53.24135615,60.22962265,-11.60271,-6.9882665,11058.73,588781707.95879089
10/17/2025,ProShares Ultra VIX Short-Term Futures ETF,UVXY,60.22962265,68.77385295,-12.42366,-8.5442303,10688.73,643778090.18626279
10/16/2025,ProShares Ultra VIX Short-Term Futures ETF,UVXY,68.77385295,60.1229139,14.38876,8.65093905,10918.73,750923035.13735937
10/15/2025,ProShares Ultra VIX Short-Term Futures ETF,UVXY,60.1229139,59.0600111,1.79970,1.0629028,11118.73,668490362.29526754
10/14/2025,ProShares Ultra VIX Short-Term Futures ETF,UVXY,59.0600111,55.22497635,6.94438,3.83503475,11348.73,670256037.08688746
10/13/2025,ProShares Ultra VIX Short-Term Futures ETF,UVXY,55.22497635,62.60429135,-11.78724,-7.379315,11798.73,651584507.89506861
10/10/2025,ProShares Ultra VIX Short-Term Futures ETF,UVXY,62.60429135,52.49980725,19.24671,10.1044841,11928.73,746789600.70947761
10/09/2025,ProShares Ultra VIX Short-Term Futures ETF,UVXY,52.49980725,52.29433815,0.39291,0.2054691,12458.73,654080850.08006235
10/08/2025,ProShares Ultra VIX Short-Term Futures ETF,UVXY,52.29433815,53.792579,-2.78522,-1.49824085,12418.73,649429192.80147609
10/07/2025,ProShares Ultra VIX Short-Term Futures ETF,UVXY,53.792579,51.9408076,3.56516,1.8517714,12418.73,668035439.2950594
10/06/2025,ProShares Ultra VIX Short-Term Futures ETF,UVXY,51.9408076,52.51596895,-1.09521,-0.57516135,12418.73,645038792.84921736
10/03/2025,ProShares Ultra VIX Short-Term Futures ETF,UVXY,52.51596895,52.98078895,-0.87734,-0.46482,12418.73,652181565.55607697
10/02/2025,ProShares Ultra VIX Short-Term Futures ETF,UVXY,52.98078895,51.79446455,2.29045,1.1863244,12418.73,657954038.98392897
10/01/2025,ProShares Ultra VIX Short-Term Futures ETF,UVXY,51.79446455,52.18917985,-0.75632,-0.3947153,12418.73,643221398.22877113
09/30/2025,ProShares Ultra VIX Short-Term Futures ETF,UVXY,52.18917985,52.6976827,-0.96494,-0.50850285,12418.73,648123260.41373871
09/29/2025,ProShares Ultra VIX Short-Term Futures ETF,UVXY,52.6976827,51.6249382,2.07796,1.0727445,12418.73,654438219.30021522
09/26/2025,ProShares Ultra VIX Short-Term Futures ETF,UVXY,51.6249382,55.1057466,-6.31660,-3.4808084,12368.73,638534849.58757252
09/25/2025,ProShares Ultra VIX Short-Term Futures ETF,UVXY,55.1057466,53.9325073,2.17538,1.1732393,12368.73,681588023.99577276
09/24/2025,ProShares Ultra VIX Short-Term Futures ETF,UVXY,53.9325073,55.15557405,-2.21749,-1.22306675,12518.73,675166421.60621878
09/23/2025,ProShares Ultra VIX Short-Term Futures ETF,UVXY,55.15557405,53.94156125,2.25061,1.2140128,12708.73,700957221.37865283
09/22/2025,ProShares Ultra VIX Short-Term Futures ETF,UVXY,53.94156125,52.5325105,2.68225,1.40905075,12328.73,665030868.91152675
09/19/2025,ProShares Ultra VIX Short-Term Futures ETF,UVXY,52.5325105,52.3566511,0.33589,0.1758594,12328.73,647659064.6311503
09/18/2025,ProShares Ultra VIX Short-Term Futures ETF,UVXY,52.3566511,52.78721725,-0.81566,-0.43056615,12298.73,643920242.28379146
09/17/2025,ProShares Ultra VIX Short-Term Futures ETF,UVXY,52.78721725,55.84063,-5.46808,-3.05341275,12228.73,645520553.29948835
09/16/2025,ProShares Ultra VIX Short-Term Futures ETF,UVXY,55.84063,54.40450275,2.63972,1.43612725,11968.73,668341345.323018
09/15/2025,ProShares Ultra VIX Short-Term Futures ETF,UVXY,54.40450275,53.55594705,1.58443,0.8485557,10638.73,578794739.37520365
09/12/2025,ProShares Ultra VIX Short-Term Futures ETF,UVXY,53.55594705,53.7793046,-0.41532,-0.22335755,10738.73,575122780.28592063
09/11/2025,ProShares Ultra VIX Short-Term Futures ETF,UVXY,53.7793046,55.72135885,-3.48530,-1.94205425,10738.73,577521356.39613156
09/10/2025,ProShares Ultra VIX Short-Term Futures ETF,UVXY,55.72135885,56.08145355,-0.64209,-0.3600947,10558.73,588346705.32035811
09/09/2025,ProShares Ultra VIX Short-Term Futures ETF,UVXY,56.08145355,56.5011153,-0.74275,-0.41966175,10558.73,592148847.52795653
09/08/2025,ProShares Ultra VIX Short-Term Futures ETF,UVXY,56.5011153,58.22311705,-2.95759,-1.72200175,10558.73,596579942.05000758
09/05/2025,ProShares Ultra VIX Short-Term Futures ETF,UVXY,58.22311705,57.85219415,0.64116,0.3709229,10528.73,613015397.66548263
09/04/2025,ProShares Ultra VIX Short-Term Futures ETF,UVXY,57.85219415,60.7471892,-4.76564,-2.89499505,10738.73,621259011.89135769
09/03/2025,ProShares Ultra VIX Short-Term Futures ETF,UVXY,60.7471892,63.18496575,-3.85816,-2.43777655,10718.73,651132634.24765112
09/02/2025,ProShares Ultra VIX Short-Term Futures ETF,UVXY,63.18496575,60.44493135,4.53311,2.7400344,10828.73,684212845.70704545
08/29/2025,ProShares Ultra VIX Short-Term Futures ETF,UVXY,60.44493135,58.31509945,3.65228,2.1298319,11218.73,678115280.06128161
08/28/2025,ProShares Ultra VIX Short-Term Futures ETF,UVXY,58.31509945,59.4101675,-1.84323,-1.09506805,11438.73,667050595.89055927
08/27/2025,ProShares Ultra VIX Short-Term Futures ETF,UVXY,59.4101675,59.2310163,0.30246,0.1791512,11438.73,679576782.1130405
08/26/2025,ProShares Ultra VIX Short-Term Futures ETF,UVXY,59.2310163,59.8306512,-1.00222,-0.5996349,11438.73,677527520.15787618
08/25/2025,ProShares Ultra VIX Short-Term Futures ETF,UVXY,59.8306512,59.66102365,0.28432,0.16962755,11498.73,687976420.11006432
08/22/2025,ProShares Ultra VIX Short-Term Futures ETF,UVXY,59.66102365,68.27433615,-12.61574,-8.6133125,11788.73,703327615.80803139
08/21/2025,ProShares Ultra VIX Short-Term Futures ETF,UVXY,68.27433615,66.6216765,2.48066,1.65265965,11758.73,802819389.13301889
08/20/2025,ProShares Ultra VIX Short-Term Futures ETF,UVXY,66.6216765,67.1257752,-0.75098,-0.5040987,11758.73,783386212.8404979
08/19/2025,ProShares Ultra VIX Short-Term Futures ETF,UVXY,67.1257752,65.0526224,3.18689,2.0731528,11308.73,759107173.80141072
08/18/2025,ProShares Ultra VIX Short-Term Futures ETF,UVXY,65.0526224,67.62399345,-3.80245,-2.57137105,10878.73,707689823.80788064
08/15/2025,ProShares Ultra VIX Short-Term Futures ETF,UVXY,67.62399345,67.9352032,-0.45810,-0.31120975,10358.73,700498594.99672767
08/14/2025,ProShares Ultra VIX Short-Term Futures ETF,UVXY,67.9352032,67.65171345,0.41904,0.28348975,10338.73,702363628.27065152
08/13/2025,ProShares Ultra VIX Short-Term Futures ETF,UVXY,67.65171345,68.1661665,-0.75470,-0.51445305,10418.73,704844841.76051967
08/12/2025,ProShares Ultra VIX Short-Term Futures ETF,UVXY,68.1661665,72.8910826,-6.48216,-4.7249161,10018.73,682938321.8659119
08/11/2025,ProShares Ultra VIX Short-Term Futures ETF,UVXY,72.8910826,72.2546391,0.88083,0.6364435,10018.73,730275973.92958236
08/08/2025,ProShares Ultra VIX Short-Term Futures ETF,UVXY,72.2546391,76.2681078,-5.26232,-4.0134687,9428.73,681269382.16484826
08/07/2025,ProShares Ultra VIX Short-Term Futures ETF,UVXY,76.2681078,75.319927,1.25887,0.9481808,9428.73,719111289.28174308
08/06/2025,ProShares Ultra VIX Short-Term Futures ETF,UVXY,75.319927,79.22424255,-4.92818,-3.90431555,9468.73,713183946.9348122
08/05/2025,ProShares Ultra VIX Short-Term Futures ETF,UVXY,79.22424255,78.06117695,1.48994,1.1630656,9408.73,745399396.69352193
08/04/2025,ProShares Ultra VIX Short-Term Futures ETF,UVXY,78.06117695,87.1374948,-10.41609,-9.07631785,9408.73,734456428.11912577
08/01/2025,ProShares Ultra VIX Short-Term Futures ETF,UVXY,87.1374948,77.41647425,12.55679,9.72102055,9478.73,825952664.09311128
07/31/2025,ProShares Ultra VIX Short-Term Futures ETF,UVXY,77.41647425,77.00859995,0.52965,0.4078743,10348.73,801162081.18213855
07/30/2025,ProShares Ultra VIX Short-Term Futures ETF,UVXY,77.00859995,76.5902315,0.54624,0.41836845,10338.73,796171014.74902357
07/29/2025,ProShares Ultra VIX Short-Term Futures ETF,UVXY,76.5902315,73.9206541,3.61141,2.6695774,10338.73,791845616.8896709
07/28/2025,ProShares Ultra VIX Short-Term Futures ETF,UVXY,73.9206541,76.9617125,-3.95139,-3.0410584,10058.73,743547797.52637726
07/25/2025,ProShares Ultra VIX Short-Term Futures ETF,UVXY,76.9617125,77.9955581,-1.32552,-1.0338456,8678.73,667929815.3787275
07/24/2025,ProShares Ultra VIX Short-Term Futures ETF,UVXY,77.9955581,78.343954,-0.44470,-0.3483959,8678.73,676902280.75543166
07/23/2025,ProShares Ultra VIX Short-Term Futures ETF,UVXY,78.343954,83.3553422,-6.01208,-5.0113882,8588.73,672874958.3568844
07/22/2025,ProShares Ultra VIX Short-Term Futures ETF,UVXY,83.3553422,83.90534865,-0.65551,-0.55000645,8588.73,715916411.51592692
07/21/2025,ProShares Ultra VIX Short-Term Futures ETF,UVXY,83.90534865,84.81105755,-1.06791,-0.9057089,8588.73,720640267.64322639
07/18/2025,ProShares Ultra VIX Short-Term Futures ETF,UVXY,84.81105755,86.7421163,-2.22621,-1.93105875,8548.73,725026713.27393093
07/17/2025,ProShares Ultra VIX Short-Term Futures ETF,UVXY,86.7421163,87.2513618,-0.58365,-0.5092455,8548.73,741534810.43833618
07/16/2025,ProShares Ultra VIX Short-Term Futures ETF,UVXY,87.2513618,86.35367185,1.03955,0.89768995,8668.73,756358375.42460748
07/15/2025,ProShares Ultra VIX Short-Term Futures ETF,UVXY,86.35367185,87.06056915,-0.81196,-0.7068973,8148.73,703672635.51910991
07/14/2025,ProShares Ultra VIX Short-Term Futures ETF,UVXY,87.06056915,85.1683078,2.22179,1.89226135,8148.73,709432949.76488269
07/11/2025,ProShares Ultra VIX Short-Term Futures ETF,UVXY,85.1683078,84.4249151,0.88054,0.7433927,8148.73,694013425.58346308
07/10/2025,ProShares Ultra VIX Short-Term Futures ETF,UVXY,84.4249151,85.5271007,-1.28870,-1.1021856,8148.73,687955720.22794186
07/09/2025,ProShares Ultra VIX Short-Term Futures ETF,UVXY,85.5271007,90.17464435,-5.15394,-4.64754365,7958.73,680686982.41617002
07/08/2025,ProShares Ultra VIX Short-Term Futures ETF,UVXY,90.17464435,93.8512409,-3.91747,-3.67659655,7788.73,702345831.44367341
07/07/2025,ProShares Ultra VIX Short-Term Futures ETF,UVXY,93.8512409,92.00272585,2.00920,1.84851505,7708.73,723473744.87131974
07/03/2025,ProShares Ultra VIX Short-Term Futures ETF,UVXY,92.00272585,93.1785153,-1.26187,-1.17578945,7058.73,649422272.23535431
07/02/2025,ProShares Ultra VIX Short-Term Futures ETF,UVXY,93.1785153,93.54197655,-0.38855,-0.36346125,6898.73,642813288.40564758
07/01/2025,ProShares Ultra VIX Short-Term Futures ETF,UVXY,93.54197655,93.46984615,0.07717,0.0721304,6698.73,626612313.61601433
06/30/2025,ProShares Ultra VIX Short-Term Futures ETF,UVXY,93.46984615,94.36274075,-0.94624,-0.8928946,6198.73,579394208.56760489
06/27/2025,ProShares Ultra VIX Short-Term Futures ETF,UVXY,94.36274075,94.46449375,-0.10772,-0.101753,5848.73,551902060.59891045
06/26/2025,ProShares Ultra VIX Short-Term Futures ETF,UVXY,94.46449375,95.26441295,-0.83968,-0.7999192,5468.73,516600678.65514625
06/25/2025,ProShares Ultra VIX Short-Term Futures ETF,UVXY,95.26441295,96.9438288,-1.73236,-1.67941585,5148.73,490490607.51787537
06/24/2025,ProShares Ultra VIX Short-Term Futures ETF,UVXY,96.9438288,108.06914065,-10.29462,-11.12531185,4798.73,465207123.85606368
06/23/2025,ProShares Ultra VIX Short-Term Futures ETF,UVXY,108.06914065,110.7566074,-2.42646,-2.68746675,4668.73,504545487.73007759
06/20/2025,ProShares Ultra VIX Short-Term Futures ETF,UVXY,110.7566074,108.3151946,2.25399,2.4414128,4978.73,551427088.90135164
06/18/2025,ProShares Ultra VIX Short-Term Futures ETF,UVXY,108.3151946,113.0690811,-4.20441,-4.7538865,4978.73,539271957.16958556
06/17/2025,ProShares Ultra VIX Short-Term Futures ETF,UVXY,113.0690811,104.1045932,8.61104,8.9644879,4998.73,565201649.47028946
06/16/2025,ProShares Ultra VIX Short-Term Futures ETF,UVXY,104.1045932,116.963218,-10.99373,-12.8586248,4998.73,520390607.42020552
06/13/2025,ProShares Ultra VIX Short-Term Futures ETF,UVXY,116.963218,103.9187747,12.55254,13.0444433,4978.73,582328118.6046348
06/12/2025,ProShares Ultra VIX Short-Term Futures ETF,UVXY,103.9187747,102.01263295,1.86853,1.90614175,4998.73,519461751.16984642
06/11/2025,ProShares Ultra VIX Short-Term Futures ETF,UVXY,102.01263295,100.88243795,1.12031,1.130195,5028.73,512993844.87696737
06/10/2025,ProShares Ultra VIX Short-Term Futures ETF,UVXY,100.88243795,101.43002405,-0.53987,-0.5475861,4978.73,502266279.05939037
06/09/2025,ProShares Ultra VIX Short-Term Futures ETF,UVXY,101.43002405,102.85697685,-1.38732,-1.4269528,4878.73,494849559.23142283
06/06/2025,ProShares Ultra VIX Short-Term Futures ETF,UVXY,102.85697685,109.8851524,-6.39593,-7.02817555,4548.73,467868472.30713291
06/05/2025,ProShares Ultra VIX Short-Term Futures ETF,UVXY,109.8851524,106.55677065,3.12358,3.32838175,4418.73,485552665.62523864
06/04/2025,ProShares Ultra VIX Short-Term Futures ETF,UVXY,106.55677065,107.08068985,-0.48928,-0.5239192,4168.73,444206257.33229559
06/03/2025,ProShares Ultra VIX Short-Term Futures ETF,UVXY,107.08068985,110.571483,-3.15705,-3.49079315,3788.73,405699672.14242471
06/02/2025,ProShares Ultra VIX Short-Term Futures ETF,UVXY,110.571483,112.65683295,-1.85106,-2.08534995,3478.73,384648180.2565138
05/30/2025,ProShares Ultra VIX Short-Term Futures ETF,UVXY,112.65683295,111.82150835,0.74702,0.8353246,3338.73,376130590.15558737
05/29/2025,ProShares Ultra VIX Short-Term Futures ETF,UVXY,111.82150835,111.4464567,0.33653,0.37505165,3318.73,371105237.85628381
05/28/2025,ProShares Ultra VIX Short-Term Futures ETF,UVXY,111.4464567,109.5247624,1.75458,1.9216943,3578.73,398836621.96095162
05/27/2025,ProShares Ultra VIX Short-Term Futures ETF,UVXY,109.5247624,129.27019525,-15.27454,-19.74543285,3808.73,417150094.96108464
05/23/2025,ProShares Ultra VIX Short-Term Futures ETF,UVXY,129.27019525,117.64150875,9.88485,11.6286865,4128.73,533721552.25625915
05/22/2025,ProShares Ultra VIX Short-Term Futures ETF,UVXY,117.64150875,118.9224336,-1.07711,-1.28092485,4128.73,485709861.72327525
05/21/2025,ProShares Ultra VIX Short-Term Futures ETF,UVXY,118.9224336,108.1587875,9.95171,10.7636461,4308.73,512404490.83392096
05/20/2025,ProShares Ultra VIX Short-Term Futures ETF,UVXY,108.1587875,109.4581994,-1.18713,-1.2994119,4308.73,466026861.0425725
05/19/2025,ProShares Ultra VIX Short-Term Futures ETF,UVXY,109.4581994,107.4265729,1.89118,2.0316265,4208.73,460679854.31928284
05/16/2025,ProShares Ultra VIX Short-Term Futures ETF,UVXY,107.4265729,108.1182869,-0.63978,-0.691714,3958.73,425272646.53921494
05/15/2025,ProShares Ultra VIX Short-Term Futures ETF,UVXY,108.1182869,110.87052075,-2.48239,-2.75223385,3898.73,421523857.32003534
05/14/2025,ProShares Ultra VIX Short-Term Futures ETF,UVXY,110.87052075,107.26662,3.35976,3.60390075,3788.73,420058312.86241845
05/13/2025,ProShares Ultra VIX Short-Term Futures ETF,UVXY,107.26662,108.22793415,-0.88823,-0.96131415,3308.73,354916133.419332
05/12/2025,ProShares Ultra VIX Short-Term Futures ETF,UVXY,108.22793415,134.8419217,-19.73718,-26.61398755,2968.73,321299363.43002169
05/09/2025,ProShares Ultra VIX Short-Term Futures ETF,UVXY,134.8419217,136.55538265,-1.25477,-1.71346095,2548.73,343675462.31575062
05/08/2025,ProShares Ultra VIX Short-Term Futures ETF,UVXY,136.55538265,144.42985475,-5.45211,-7.8744721,2438.73,333021517.15249879
05/07/2025,ProShares Ultra VIX Short-Term Futures ETF,UVXY,144.42985475,150.69582655,-4.15803,-6.2659718,2418.73,349336620.37767085
05/06/2025,ProShares Ultra VIX Short-Term Futures ETF,UVXY,150.69582655,143.11588465,5.29637,7.5799419,2418.73,364492305.57712433
05/05/2025,ProShares Ultra VIX Short-Term Futures ETF,UVXY,143.11588465,138.00141415,3.70610,5.1144705,2438.73,349020801.01025599
05/02/2025,ProShares Ultra VIX Short-Term Futures ETF,UVXY,138.00141415,147.27088705,-6.29417,-9.2694729,2408.73,332407953.10354969
05/01/2025,ProShares Ultra VIX Short-Term Futures ETF,UVXY,147.27088705,150.9144747,-2.41434,-3.64358765,2188.73,322336002.43370463
04/30/2025,ProShares Ultra VIX Short-Term Futures ETF,UVXY,150.9144747,145.6354292,3.62484,5.2790455,2068.73,312201089.96586642
04/29/2025,ProShares Ultra VIX Short-Term Futures ETF,UVXY,145.6354292,148.125604,-1.68112,-2.4901748,2068.73,301280177.55931512
04/28/2025,ProShares Ultra VIX Short-Term Futures ETF,UVXY,148.125604,146.72826995,0.95233,1.39733405,2008.73,297544137.1470744
04/25/2025,ProShares Ultra VIX Short-Term Futures ETF,UVXY,146.72826995,156.3187034,-6.13518,-9.59043345,1948.73,285933576.08008557
04/24/2025,ProShares Ultra VIX Short-Term Futures ETF,UVXY,156.3187034,164.67658575,-5.07533,-8.35788235,1828.73,285864483.62249724
04/23/2025,ProShares Ultra VIX Short-Term Futures ETF,UVXY,164.67658575,175.14964005,-5.97949,-10.4730543,1528.73,251745806.38637745
04/22/2025,ProShares Ultra VIX Short-Term Futures ETF,UVXY,175.14964005,193.9924759,-9.71318,-18.84283585,1468.73,257247285.62114043
04/21/2025,ProShares Ultra VIX Short-Term Futures ETF,UVXY,193.9924759,177.231181,9.45731,16.7612949,1248.73,242243952.84114074
04/17/2025,ProShares Ultra VIX Short-Term Futures ETF,UVXY,177.231181,186.1733477,-4.80314,-8.9421667,1238.73,219541332.7164766
04/16/2025,ProShares Ultra VIX Short-Term Futures ETF,UVXY,186.1733477,165.1576032,12.72466,21.0157445,1328.73,247373851.64673422
04/15/2025,ProShares Ultra VIX Short-Term Futures ETF,UVXY,165.1576032,167.20028035,-1.22169,-2.04267715,1408.73,232662239.13529152
04/14/2025,ProShares Ultra VIX Short-Term Futures ETF,UVXY,167.20028035,201.5131836,-17.02762,-34.31290325,1118.73,187051735.55556301
04/11/2025,ProShares Ultra VIX Short-Term Futures ETF,UVXY,201.5131836,211.9944322,-4.94412,-10.4812486,568.73,114606310.79037096
04/10/2025,ProShares Ultra VIX Short-Term Futures ETF,UVXY,211.9944322,163.1339824,29.95112,48.8604498,568.73,120567296.63290092
04/09/2025,ProShares Ultra VIX Short-Term Futures ETF,UVXY,163.1339824,242.62492535,-32.76289,-79.49094295,1088.73,177608632.27077664
04/08/2025,ProShares Ultra VIX Short-Term Futures ETF,UVXY,242.62492535,201.0700871,20.66684,41.55483825,1028.73,249595199.78041001
04/07/2025,ProShares Ultra VIX Short-Term Futures ETF,UVXY,201.0700871,201.3030015,-0.11570,-0.2329144,1158.73,232985660.52726106
04/04/2025,ProShares Ultra VIX Short-Term Futures ETF,UVXY,201.3030015,154.8111076,30.03137,46.4918939,1348.73,271503115.3888929
04/03/2025,ProShares Ultra VIX Short-Term Futures ETF,UVXY,154.8111076,112.3983687,37.73430,42.4127389,1518.73,235116056.70979736
04/02/2025,ProShares Ultra VIX Short-Term Futures ETF,UVXY,112.3983687,117.5192218,-4.35746,-5.1208531,2578.73,289844887.96003482
04/01/2025,ProShares Ultra VIX Short-Term Futures ETF,UVXY,117.5192218,117.2259618,0.25017,0.29326,2738.73,321853253.79340348
03/31/2025,ProShares Ultra VIX Short-Term Futures ETF,UVXY,117.2259618,118.12165045,-0.75828,-0.89568865,2758.73,323394613.48016748
03/28/2025,ProShares Ultra VIX Short-Term Futures ETF,UVXY,118.12165045,103.6572738,13.95404,14.46437665,3558.73,420362895.73561787
03/27/2025,ProShares Ultra VIX Short-Term Futures ETF,UVXY,103.6572738,102.9144672,0.72177,0.7428066,3858.73,399985287.01009068
03/26/2025,ProShares Ultra VIX Short-Term Futures ETF,UVXY,102.9144672,98.12588185,4.88004,4.78858535,3268.73,336399462.29040192
03/25/2025,ProShares Ultra VIX Short-Term Futures ETF,UVXY,98.12588185,96.9504917,1.21236,1.17539015,3188.73,312896805.85531591
03/24/2025,ProShares Ultra VIX Short-Term Futures ETF,UVXY,96.9504917,107.5843302,-9.88419,-10.6338385,3148.73,305270785.99985262
03/21/2025,ProShares Ultra VIX Short-Term Futures ETF,UVXY,107.5843302,107.44777555,0.12709,0.13655465,3148.73,338753857.41258372
03/20/2025,ProShares Ultra VIX Short-Term Futures ETF,UVXY,107.44777555,110.33161275,-2.61379,-2.8838372,2318.73,249142230.17416573
03/19/2025,ProShares Ultra VIX Short-Term Futures ETF,UVXY,110.33161275,116.48902905,-5.28583,-6.1574163,2068.73,228246162.78004965
03/18/2025,ProShares Ultra VIX Short-Term Futures ETF,UVXY,116.48902905,111.7430202,4.24725,4.74600885,2068.73,240984185.98196583
03/17/2025,ProShares Ultra VIX Short-Term Futures ETF,UVXY,111.7430202,118.22620585,-5.48371,-6.48318565,2068.73,231165981.73811772
03/14/2025,ProShares Ultra VIX Short-Term Futures ETF,UVXY,118.22620585,136.66748905,-13.49354,-18.4412832,1568.73,185464830.38638231
03/13/2025,ProShares Ultra VIX Short-Term Futures ETF,UVXY,136.66748905,128.0440477,6.73475,8.62344135,1438.73,196627425.18642183
03/12/2025,ProShares Ultra VIX Short-Term Futures ETF,UVXY,128.0440477,138.37768435,-7.46770,-10.33363665,1438.73,184220633.48575422
03/11/2025,ProShares Ultra VIX Short-Term Futures ETF,UVXY,138.37768435,139.3350476,-0.68709,-0.95736325,1438.73,199087932.07611741
03/10/2025,ProShares Ultra VIX Short-Term Futures ETF,UVXY,139.3350476,118.80809845,17.27740,20.52694915,1658.73,231119028.43648136
03/07/2025,ProShares Ultra VIX Short-Term Futures ETF,UVXY,118.80809845,128.14350715,-7.28512,-9.3354087,1858.73,220832010.50063067
03/06/2025,ProShares Ultra VIX Short-Term Futures ETF,UVXY,128.14350715,109.75486875,16.75428,18.3886384,1948.73,249716917.28750949
03/05/2025,ProShares Ultra VIX Short-Term Futures ETF,UVXY,109.75486875,118.1702282,-7.12139,-8.41535945,1988.73,218272646.47237125
03/04/2025,ProShares Ultra VIX Short-Term Futures ETF,UVXY,118.1702282,114.2006756,3.47594,3.9695526,2118.73,250370642.15586652
03/03/2025,ProShares Ultra VIX Short-Term Futures ETF,UVXY,114.2006756,100.99856,13.07159,13.2021156,2938.73,335604791.52504216
02/28/2025,ProShares Ultra VIX Short-Term Futures ETF,UVXY,100.99856,104.58100965,-3.42553,-3.58244965,2878.73,290747443.230816
02/27/2025,ProShares Ultra VIX Short-Term Futures ETF,UVXY,104.58100965,96.1966019,8.71591,8.38440775,3928.73,410870403.62883099
02/26/2025,ProShares Ultra VIX Short-Term Futures ETF,UVXY,96.1966019,98.6386437,-2.47575,-2.4420418,4238.73,407751287.69634434
02/25/2025,ProShares Ultra VIX Short-Term Futures ETF,UVXY,98.6386437,98.2564083,0.38902,0.3822354,4918.73,485176717.83239982
02/24/2025,ProShares Ultra VIX Short-Term Futures ETF,UVXY,98.2564083,97.30344915,0.97937,0.95295915,5618.73,552076091.44848738
02/21/2025,ProShares Ultra VIX Short-Term Futures ETF,UVXY,97.30344915,87.89082845,10.70945,9.4126207,6238.73,607049811.09075069
02/20/2025,ProShares Ultra VIX Short-Term Futures ETF,UVXY,87.89082845,86.96891675,1.06005,0.9219117,6418.73,564147374.24970867
02/19/2025,ProShares Ultra VIX Short-Term Futures ETF,UVXY,86.96891675,88.6688175,-1.91713,-1.69990075,6418.73,558229873.25424405
02/18/2025,ProShares Ultra VIX Short-Term Futures ETF,UVXY,88.6688175,89.2245743,-0.62287,-0.5557568,6378.73,565594322.1154305
02/14/2025,ProShares Ultra VIX Short-Term Futures ETF,UVXY,89.2245743,89.7527377,-0.58846,-0.5281634,5868.73,523634811.01723498
02/13/2025,ProShares Ultra VIX Short-Term Futures ETF,UVXY,89.7527377,92.18453515,-2.63797,-2.43179745,5288.73,474677870.80228822
02/12/2025,ProShares Ultra VIX Short-Term Futures ETF,UVXY,92.18453515,92.64953905,-0.50190,-0.4650039,4538.73,418400586.16301029
02/11/2025,ProShares Ultra VIX Short-Term Futures ETF,UVXY,92.64953905,92.2902168,0.38934,0.35932225,4538.73,420511112.66305183
02/10/2025,ProShares Ultra VIX Short-Term Futures ETF,UVXY,92.2902168,96.3154657,-4.17923,-4.0252489,4348.73,401345105.29836048
02/07/2025,ProShares Ultra VIX Short-Term Futures ETF,UVXY,96.3154657,91.4252101,5.34891,4.8902556,4348.73,418849820.31190902
02/06/2025,ProShares Ultra VIX Short-Term Futures ETF,UVXY,91.4252101,92.3543879,-1.00610,-0.9291778,4348.73,397583425.92287886
02/05/2025,ProShares Ultra VIX Short-Term Futures ETF,UVXY,92.3543879,95.1881618,-2.97702,-2.8337739,3648.73,336976096.46622394
02/04/2025,ProShares Ultra VIX Short-Term Futures ETF,UVXY,95.1881618,99.7253745,-4.54971,-4.5372127,3438.73,327326254.36308748
02/03/2025,ProShares Ultra VIX Short-Term Futures ETF,UVXY,99.7253745,96.5812467,3.25542,3.1441278,3408.73,339936736.2038607
01/31/2025,ProShares Ultra VIX Short-Term Futures ETF,UVXY,96.5812467,91.87883755,5.11805,4.70240915,4078.73,393928693.13894562
01/30/2025,ProShares Ultra VIX Short-Term Futures ETF,UVXY,91.87883755,92.56724975,-0.74369,-0.6884122,3818.73,350860344.68693893
01/29/2025,ProShares Ultra VIX Short-Term Futures ETF,UVXY,92.56724975,93.10461065,-0.57716,-0.5373609,3848.73,356266221.53616785
01/28/2025,ProShares Ultra VIX Short-Term Futures ETF,UVXY,93.10461065,98.520518,-5.49724,-5.41590735,4498.73,418852374.72301959
01/27/2025,ProShares Ultra VIX Short-Term Futures ETF,UVXY,98.520518,89.191012,10.46014,9.329506,4558.73,449128303.0934148
01/24/2025,ProShares Ultra VIX Short-Term Futures ETF,UVXY,89.191012,89.89017365,-0.77780,-0.69916165,5008.73,446733572.6673432
01/23/2025,ProShares Ultra VIX Short-Term Futures ETF,UVXY,89.89017365,92.0961703,-2.39532,-2.20599665,4978.73,447538778.41022139
01/22/2025,ProShares Ultra VIX Short-Term Futures ETF,UVXY,92.0961703,90.39849685,1.87799,1.69767345,4548.73,418920483.79408058
01/21/2025,ProShares Ultra VIX Short-Term Futures ETF,UVXY,90.39849685,96.3817289,-6.20785,-5.98323205,4288.73,387694618.83760491
01/17/2025,ProShares Ultra VIX Short-Term Futures ETF,UVXY,96.3817289,95.3314089,1.10176,1.05032,3808.73,367091847.37887654
01/16/2025,ProShares Ultra VIX Short-Term Futures ETF,UVXY,95.3314089,94.952869,0.39866,0.3785399,3558.73,339258611.33072454
01/15/2025,ProShares Ultra VIX Short-Term Futures ETF,UVXY,94.952869,109.1328665,-12.99333,-14.1799975,2998.73,284737883.9223534
01/14/2025,ProShares Ultra VIX Short-Term Futures ETF,UVXY,109.1328665,112.3575201,-2.86999,-3.2246536,2628.73,286880687.3685319
01/13/2025,ProShares Ultra VIX Short-Term Futures ETF,UVXY,112.3575201,115.9163616,-3.07018,-3.5588415,2628.73,295357426.51194486
01/10/2025,ProShares Ultra VIX Short-Term Futures ETF,UVXY,115.9163616,105.3929009,9.98498,10.5234607,2848.73,330214254.49786176
01/08/2025,ProShares Ultra VIX Short-Term Futures ETF,UVXY,105.3929009,106.5626524,-1.09771,-1.1697515,3158.73,332907570.30979574
01/07/2025,ProShares Ultra VIX Short-Term Futures ETF,UVXY,106.5626524,97.2968278,9.52325,9.2658246,3408.73,363243160.92773864
01/06/2025,ProShares Ultra VIX Short-Term Futures ETF,UVXY,97.2968278,98.0188614,-0.73663,-0.7220336,3378.73,328739574.77713508
01/03/2025,ProShares Ultra VIX Short-Term Futures ETF,UVXY,98.0188614,107.33691865,-8.68113,-9.31805725,3068.73,300793283.31761604
01/02/2025,ProShares Ultra VIX Short-Term Futures ETF,UVXY,107.33691865,103.8581082,3.34958,3.47881045,2588.73,277866151.14512839
12/31/2024,ProShares Ultra VIX Short-Term Futures ETF,UVXY,103.8581082,102.87723595,0.95344,0.98087225,2738.73,284439171.26923452
12/30/2024,ProShares Ultra VIX Short-Term Futures ETF,UVXY,102.87723595,99.5782,3.31301,3.29903595,2738.73,281752828.38521317
12/27/2024,ProShares Ultra VIX Short-Term Futures ETF,UVXY,99.5782,92.5847208,7.55360,6.9934792,2718.73,270726100.27652
12/26/2024,ProShares Ultra VIX Short-Term Futures ETF,UVXY,92.5847208,92.03564035,0.59660,0.54908045,2238.73,207272062.37797488
12/24/2024,ProShares Ultra VIX Short-Term Futures ETF,UVXY,92.03564035,100.6565403,-8.56467,-8.62089995,1658.73,152662148.86785901
12/23/2024,ProShares Ultra VIX Short-Term Futures ETF,UVXY,100.6565403,111.6771449,-9.86827,-11.0206046,1558.73,156896228.14266258
12/20/2024,ProShares Ultra VIX Short-Term Futures ETF,UVXY,111.6771449,145.48683125,-23.23900,-33.80968635,1588.73,177424674.06897414
12/19/2024,ProShares Ultra VIX Short-Term Futures ETF,UVXY,145.48683125,127.0140518,14.54389,18.47277945,3388.73,493015385.98024875
12/18/2024,ProShares Ultra VIX Short-Term Futures ETF,UVXY,127.0140518,101.73952655,24.84239,25.27452525,4498.73,571401747.43454148
12/17/2024,ProShares Ultra VIX Short-Term Futures ETF,UVXY,101.73952655,98.33781725,3.45921,3.4017093,4548.73,462785494.16844433
12/16/2024,ProShares Ultra VIX Short-Term Futures ETF,UVXY,98.33781725,95.53118855,2.93792,2.8066287,4548.73,447312041.78664835
12/13/2024,ProShares Ultra VIX Short-Term Futures ETF,UVXY,95.53118855,95.53444605,-0.00341,-0.0032575,4548.73,434545449.54937753
12/12/2024,ProShares Ultra VIX Short-Term Futures ETF,UVXY,95.53444605,94.4862739,1.10934,1.04817215,4518.73,431694233.65129203
12/11/2024,ProShares Ultra VIX Short-Term Futures ETF,UVXY,94.4862739,95.9223143,-1.49709,-1.4360404,4518.73,426957828.17936354
12/10/2024,ProShares Ultra VIX Short-Term Futures ETF,UVXY,95.9223143,96.3670449,-0.46150,-0.4447306,4338.73,416180888.43159898
12/09/2024,ProShares Ultra VIX Short-Term Futures ETF,UVXY,96.3670449,92.8739672,3.76109,3.4930777,4308.73,415219442.45811414
12/06/2024,ProShares Ultra VIX Short-Term Futures ETF,UVXY,92.8739672,95.42949895,-2.67793,-2.55553175,4258.73,395525020.31010192
12/05/2024,ProShares Ultra VIX Short-Term Futures ETF,UVXY,95.42949895,95.1151852,0.33046,0.31431375,4148.73,395911091.57753497
12/04/2024,ProShares Ultra VIX Short-Term Futures ETF,UVXY,95.1151852,93.83127485,1.36832,1.28391035,4148.73,394607089.13353672
12/03/2024,ProShares Ultra VIX Short-Term Futures ETF,UVXY,93.83127485,95.1861415,-1.42339,-1.35486665,3818.73,358316172.84415571
12/02/2024,ProShares Ultra VIX Short-Term Futures ETF,UVXY,95.1861415,96.0855397,-0.93604,-0.8993982,3668.73,349212119.6446969
11/29/2024,ProShares Ultra VIX Short-Term Futures ETF,UVXY,96.0855397,98.7692021,-2.71710,-2.6836624,3358.73,322725250.23682542
11/27/2024,ProShares Ultra VIX Short-Term Futures ETF,UVXY,98.7692021,99.58127895,-0.81549,-0.81207685,3358.73,331738943.89245006
11/26/2024,ProShares Ultra VIX Short-Term Futures ETF,UVXY,99.58127895,101.24316605,-1.64148,-1.6618871,3038.73,302600480.36994297
11/25/2024,ProShares Ultra VIX Short-Term Futures ETF,UVXY,101.24316605,107.04194685,-5.41730,-5.7987808,2608.73,264115942.82918403
11/22/2024,ProShares Ultra VIX Short-Term Futures ETF,UVXY,107.04194685,113.94099995,-6.05493,-6.8990531,2428.73,259975837.71427491
11/21/2024,ProShares Ultra VIX Short-Term Futures ETF,UVXY,113.94099995,115.7687677,-1.57881,-1.82776775,2328.73,265337665.29616357
11/20/2024,ProShares Ultra VIX Short-Term Futures ETF,UVXY,115.7687677,110.2594056,4.99673,5.5093621,2578.73,298536232.25474622
11/19/2024,ProShares Ultra VIX Short-Term Futures ETF,UVXY,110.2594056,104.66683385,5.34321,5.59257175,2978.73,328432844.87972016
11/18/2024,ProShares Ultra VIX Short-Term Futures ETF,UVXY,104.66683385,110.1070974,-4.94088,-5.44026355,3098.73,324334111.52244311
11/15/2024,ProShares Ultra VIX Short-Term Futures ETF,UVXY,110.1070974,100.06106215,10.03990,10.04603525,3138.73,345596295.67236564
11/14/2024,ProShares Ultra VIX Short-Term Futures ETF,UVXY,100.06106215,100.06196705,-0.00090,-0.0009049,3138.73,314064517.51658249
11/13/2024,ProShares Ultra VIX Short-Term Futures ETF,UVXY,100.06196705,103.68085025,-3.49041,-3.6188832,3098.73,310064879.07009263
11/12/2024,ProShares Ultra VIX Short-Term Futures ETF,UVXY,103.68085025,104.1138043,-0.41585,-0.43295405,2618.73,271512007.82199215
11/11/2024,ProShares Ultra VIX Short-Term Futures ETF,UVXY,104.1138043,104.4206477,-0.29385,-0.3068434,2578.73,268481244.80321298
11/08/2024,ProShares Ultra VIX Short-Term Futures ETF,UVXY,104.4206477,105.3567804,-0.88854,-0.9361327,2468.73,257786239.40751422
11/07/2024,ProShares Ultra VIX Short-Term Futures ETF,UVXY,105.3567804,110.47761325,-4.63518,-5.12083285,2448.73,257990161.36939944
11/06/2024,ProShares Ultra VIX Short-Term Futures ETF,UVXY,110.47761325,130.0139029,-15.02631,-19.53628965,2318.73,256167601.50251395
11/05/2024,ProShares Ultra VIX Short-Term Futures ETF,UVXY,130.0139029,140.79223015,-7.65548,-10.77832725,2138.73,278064452.52985294
11/04/2024,ProShares Ultra VIX Short-Term Futures ETF,UVXY,140.79223015,150.55036385,-6.48164,-9.7581337,2128.73,299708446.97808729
11/01/2024,ProShares Ultra VIX Short-Term Futures ETF,UVXY,150.55036385,154.71266375,-2.69034,-4.1622999,2128.73,320480865.26790111
10/31/2024,ProShares Ultra VIX Short-Term Futures ETF,UVXY,154.71266375,138.9475322,11.34610,15.76513155,2128.73,329341272.10680825
10/30/2024,ProShares Ultra VIX Short-Term Futures ETF,UVXY,138.9475322,133.75459025,3.88244,5.19294195,2128.73,295781585.69356092
10/29/2024,ProShares Ultra VIX Short-Term Futures ETF,UVXY,133.75459025,134.2174707,-0.34487,-0.46288045,2128.73,284727221.64645615
10/28/2024,ProShares Ultra VIX Short-Term Futures ETF,UVXY,134.2174707,145.34383095,-7.65520,-11.12636025,2188.73,293765616.74075202
10/25/2024,ProShares Ultra VIX Short-Term Futures ETF,UVXY,145.34383095,135.5117616,7.25551,9.83206935,2128.73,309397569.77683017
10/24/2024,ProShares Ultra VIX Short-Term Futures ETF,UVXY,135.5117616,139.2820814,-2.70697,-3.7703198,2128.73,288467762.55430176
10/23/2024,ProShares Ultra VIX Short-Term Futures ETF,UVXY,139.2820814,129.1669414,7.83106,10.11514,2098.73,292315287.70170804
10/22/2024,ProShares Ultra VIX Short-Term Futures ETF,UVXY,129.1669414,129.96790645,-0.61628,-0.80096505,2048.73,264628007.02070404
10/21/2024,ProShares Ultra VIX Short-Term Futures ETF,UVXY,129.96790645,129.4402309,0.40766,0.52767555,1858.73,241575064.80073947
10/18/2024,ProShares Ultra VIX Short-Term Futures ETF,UVXY,129.4402309,134.356593,-3.65919,-4.9163621,1828.73,236711052.23743374
10/17/2024,ProShares Ultra VIX Short-Term Futures ETF,UVXY,134.356593,137.44418525,-2.24643,-3.08759225,1828.73,245701744.2176598
10/16/2024,ProShares Ultra VIX Short-Term Futures ETF,UVXY,137.44418525,140.1906168,-1.95907,-2.74643155,1848.73,254096996.17537315
10/15/2024,ProShares Ultra VIX Short-Term Futures ETF,UVXY,140.1906168,133.1196351,5.31175,7.0709817,1918.73,268987745.90580048
10/14/2024,ProShares Ultra VIX Short-Term Futures ETF,UVXY,133.1196351,140.8426467,-5.48343,-7.7230116,1878.73,250095665.68393386
10/11/2024,ProShares Ultra VIX Short-Term Futures ETF,UVXY,140.8426467,143.26035925,-1.68764,-2.41771255,1878.73,264605108.45498562
10/10/2024,ProShares Ultra VIX Short-Term Futures ETF,UVXY,143.26035925,140.42412805,2.01976,2.8362312,1878.73,269147334.16924955
10/09/2024,ProShares Ultra VIX Short-Term Futures ETF,UVXY,140.42412805,146.3506463,-4.04953,-5.92651825,1888.73,265223066.77809723
10/08/2024,ProShares Ultra VIX Short-Term Futures ETF,UVXY,146.3506463,155.7955036,-6.06234,-9.4448573,1888.73,276416651.29529418
10/07/2024,ProShares Ultra VIX Short-Term Futures ETF,UVXY,155.7955036,136.9260034,13.78080,18.8695002,2058.73,320740659.01272296
10/04/2024,ProShares Ultra VIX Short-Term Futures ETF,UVXY,136.9260034,145.47586975,-5.87717,-8.54986635,2058.73,281893479.28327724
10/03/2024,ProShares Ultra VIX Short-Term Futures ETF,UVXY,145.47586975,136.2516967,6.76995,9.22417305,2058.73,299495333.66419985
10/02/2024,ProShares Ultra VIX Short-Term Futures ETF,UVXY,136.2516967,139.1303008,-2.06900,-2.8786041,2238.73,305030570.20081562
10/01/2024,ProShares Ultra VIX Short-Term Futures ETF,UVXY,139.1303008,124.6823885,11.58777,14.4479123,2328.73,323996710.59956288
09/30/2024,ProShares Ultra VIX Short-Term Futures ETF,UVXY,124.6823885,128.92849485,-3.29338,-4.24610635,2288.73,285364148.4762611
09/27/2024,ProShares Ultra VIX Short-Term Futures ETF,UVXY,128.92849485,120.3734503,7.10709,8.55504455,2288.73,295082333.51814771
09/26/2024,ProShares Ultra VIX Short-Term Futures ETF,UVXY,120.3734503,120.67420505,-0.24923,-0.30075475,2288.73,275502158.38228858
09/25/2024,ProShares Ultra VIX Short-Term Futures ETF,UVXY,120.67420505,118.1344799,2.14986,2.53972515,2288.73,276190504.38019943
09/24/2024,ProShares Ultra VIX Short-Term Futures ETF,UVXY,118.1344799,117.85081075,0.24070,0.28366915,2258.73,266833728.39625514
09/23/2024,ProShares Ultra VIX Short-Term Futures ETF,UVXY,117.85081075,117.40339725,0.38109,0.4474135,2258.73,266192996.77421245
09/20/2024,ProShares Ultra VIX Short-Term Futures ETF,UVXY,117.40339725,118.08622025,-0.57824,-0.682823,2258.73,265182411.10573635
09/19/2024,ProShares Ultra VIX Short-Term Futures ETF,UVXY,118.08622025,125.22891915,-5.70371,-7.1426989,2198.73,259639549.72957415
09/18/2024,ProShares Ultra VIX Short-Term Futures ETF,UVXY,125.22891915,128.18944915,-2.30950,-2.96053,2108.73,264073803.35869269
09/17/2024,ProShares Ultra VIX Short-Term Futures ETF,UVXY,128.18944915,124.2780857,3.14727,3.91136345,2108.73,270316757.64085069
09/16/2024,ProShares Ultra VIX Short-Term Futures ETF,UVXY,124.2780857,122.28147195,1.63280,1.99661375,1948.73,242184259.95684102
09/13/2024,ProShares Ultra VIX Short-Term Futures ETF,UVXY,122.28147195,122.8360444,-0.45147,-0.55457245,1948.73,238293401.63906277
09/12/2024,ProShares Ultra VIX Short-Term Futures ETF,UVXY,122.8360444,124.2603357,-1.14622,-1.4242913,1668.73,204980020.40114984
09/11/2024,ProShares Ultra VIX Short-Term Futures ETF,UVXY,124.2603357,132.7457348,-6.39222,-8.4853991,1648.73,204871569.31419102
09/10/2024,ProShares Ultra VIX Short-Term Futures ETF,UVXY,132.7457348,136.97144895,-3.08511,-4.22571415,1598.73,212224402.75277528
09/09/2024,ProShares Ultra VIX Short-Term Futures ETF,UVXY,136.97144895,152.34475515,-10.09113,-15.3733062,1638.73,224459030.77780497
09/06/2024,ProShares Ultra VIX Short-Term Futures ETF,UVXY,152.34475515,137.0327863,11.17395,15.31196885,1608.73,245081364.66980229
09/05/2024,ProShares Ultra VIX Short-Term Futures ETF,UVXY,137.0327863,146.0811059,-6.19404,-9.0483196,1848.73,253336431.17049818
09/04/2024,ProShares Ultra VIX Short-Term Futures ETF,UVXY,146.0811059,141.7293887,3.07044,4.3517172,1858.73,271525129.45595874
09/03/2024,ProShares Ultra VIX Short-Term Futures ETF,UVXY,141.7293887,108.49313615,30.63443,33.23625255,2338.73,331466574.81320682
08/30/2024,ProShares Ultra VIX Short-Term Futures ETF,UVXY,108.49313615,113.60603445,-4.50055,-5.1128983,2508.73,272179833.56319889
08/29/2024,ProShares Ultra VIX Short-Term Futures ETF,UVXY,113.60603445,119.9402764,-5.28116,-6.33424195,2478.73,281598526.72380027
08/28/2024,ProShares Ultra VIX Short-Term Futures ETF,UVXY,119.9402764,110.44817495,8.59417,9.49210145,2498.73,299698198.93258504
08/27/2024,ProShares Ultra VIX Short-Term Futures ETF,UVXY,110.44817495,114.1390978,-3.23371,-3.69092285,2498.73,275980013.56536857
08/26/2024,ProShares Ultra VIX Short-Term Futures ETF,UVXY,114.1390978,114.13211345,0.00612,0.00698435,2498.73,285202628.05105708
08/23/2024,ProShares Ultra VIX Short-Term Futures ETF,UVXY,114.13211345,125.87217515,-9.32697,-11.7400617,2498.73,285185176.05595967
08/22/2024,ProShares Ultra VIX Short-Term Futures ETF,UVXY,125.87217515,117.5637334,7.06718,8.30844175,2518.73,317037847.49451429
08/21/2024,ProShares Ultra VIX Short-Term Futures ETF,UVXY,117.5637334,115.53493025,1.75601,2.02880315,2558.73,300813686.97335524
08/20/2024,ProShares Ultra VIX Short-Term Futures ETF,UVXY,115.53493025,108.27376215,6.70630,7.2611681,2558.73,295622530.32968015
08/19/2024,ProShares Ultra VIX Short-Term Futures ETF,UVXY,108.27376215,111.8084333,-3.16136,-3.53467115,2518.73,272712221.35680249
08/16/2024,ProShares Ultra VIX Short-Term Futures ETF,UVXY,111.8084333,112.4066369,-0.53218,-0.5982036,2458.73,274906592.67590238
08/15/2024,ProShares Ultra VIX Short-Term Futures ETF,UVXY,112.4066369,118.7211781,-5.31880,-6.3145412,2328.73,261764550.17884534
08/14/2024,ProShares Ultra VIX Short-Term Futures ETF,UVXY,118.7211781,132.03776145,-10.08544,-13.31658335,1958.73,232542566.97016366
08/13/2024,ProShares Ultra VIX Short-Term Futures ETF,UVXY,132.03776145,150.36889505,-12.19077,-18.3311336,1658.73,219014811.19709247
08/12/2024,ProShares Ultra VIX Short-Term Futures ETF,UVXY,150.36889505,150.5986818,-0.15258,-0.22978675,1618.73,243406430.96783343
08/09/2024,ProShares Ultra VIX Short-Term Futures ETF,UVXY,150.5986818,188.88352685,-20.26902,-38.28484505,1538.73,231730498.80795948
08/08/2024,ProShares Ultra VIX Short-Term Futures ETF,UVXY,188.88352685,216.38150515,-12.70810,-27.4979783,1728.73,326528354.93446291
08/07/2024,ProShares Ultra VIX Short-Term Futures ETF,UVXY,216.38150515,230.0516442,-5.94220,-13.67013905,1868.73,404358307.18485229
08/06/2024,ProShares Ultra VIX Short-Term Futures ETF,UVXY,230.0516442,320.01096805,-28.11133,-89.95932385,1548.73,356287560.84956412
08/05/2024,ProShares Ultra VIX Short-Term Futures ETF,UVXY,320.01096805,195.5736374,63.62684,124.43733065,1008.73,322804215.78572123
08/02/2024,ProShares Ultra VIX Short-Term Futures ETF,UVXY,195.5736374,143.5493758,36.24137,52.0242616,938.73,183590566.83340964
08/01/2024,ProShares Ultra VIX Short-Term Futures ETF,UVXY,143.5493758,126.8921882,13.12704,16.6571876,1278.73,183560692.34760788
07/31/2024,ProShares Ultra VIX Short-Term Futures ETF,UVXY,126.8921882,131.9643382,-3.84358,-5.07215,1268.73,160991748.28592252
07/30/2024,ProShares Ultra VIX Short-Term Futures ETF,UVXY,131.9643382,126.2735515,4.50671,5.6907867,1168.73,154230496.23441252
07/29/2024,ProShares Ultra VIX Short-Term Futures ETF,UVXY,126.2735515,129.10925935,-2.19636,-2.83570785,1168.73,147579511.0616229
07/26/2024,ProShares Ultra VIX Short-Term Futures ETF,UVXY,129.10925935,140.48904165,-8.10012,-11.3797823,1078.73,139273850.58566241
07/25/2024,ProShares Ultra VIX Short-Term Futures ETF,UVXY,140.48904165,139.4908105,0.71563,0.99823115,1078.73,151549547.21444619
07/24/2024,ProShares Ultra VIX Short-Term Futures ETF,UVXY,139.4908105,115.74068045,20.52012,23.75013005,1288.73,179765796.9285303
07/23/2024,ProShares Ultra VIX Short-Term Futures ETF,UVXY,115.74068045,116.9837509,-1.06260,-1.24307045,1218.73,141056477.44787587
07/22/2024,ProShares Ultra VIX Short-Term Futures ETF,UVXY,116.9837509,127.1632165,-8.00504,-10.1794656,1178.73,137892092.92110574
07/19/2024,ProShares Ultra VIX Short-Term Futures ETF,UVXY,127.1632165,120.00710085,5.96308,7.15611565,1518.73,193126413.7665419
07/18/2024,ProShares Ultra VIX Short-Term Futures ETF,UVXY,120.00710085,114.4875702,4.82107,5.51953065,1758.73,211059920.46797931
07/17/2024,ProShares Ultra VIX Short-Term Futures ETF,UVXY,114.4875702,109.0930999,4.94483,5.3944703,1888.73,216235948.18124772
07/16/2024,ProShares Ultra VIX Short-Term Futures ETF,UVXY,109.0930999,107.805126,1.19472,1.2879739,2228.73,243138911.80978714
07/15/2024,ProShares Ultra VIX Short-Term Futures ETF,UVXY,107.805126,105.43526385,2.24769,2.36986215,2368.73,255361085.1828036
07/12/2024,ProShares Ultra VIX Short-Term Futures ETF,UVXY,105.43526385,107.6266934,-2.03614,-2.19142955,2468.73,260291051.31504111
07/11/2024,ProShares Ultra VIX Short-Term Futures ETF,UVXY,107.6266934,106.79818565,0.77577,0.82850775,2748.73,295836570.27201124
07/10/2024,ProShares Ultra VIX Short-Term Futures ETF,UVXY,106.79818565,107.5421854,-0.69182,-0.74399975,2538.73,271131608.33776459
07/09/2024,ProShares Ultra VIX Short-Term Futures ETF,UVXY,107.5421854,107.5600322,-0.01659,-0.0178468,2328.73,250436562.84748244
07/08/2024,ProShares Ultra VIX Short-Term Futures ETF,UVXY,107.5600322,109.9276017,-2.15375,-2.3675695,2148.73,231117317.40506092
07/05/2024,ProShares Ultra VIX Short-Term Futures ETF,UVXY,109.9276017,109.58640075,0.31135,0.34120095,2008.73,220814717.46419862
07/03/2024,ProShares Ultra VIX Short-Term Futures ETF,UVXY,109.58640075,108.88408695,0.64501,0.7023138,2008.73,220129337.35758645
07/02/2024,ProShares Ultra VIX Short-Term Futures ETF,UVXY,108.88408695,110.98683735,-1.89459,-2.1027504,1968.73,214363216.06335177
07/01/2024,ProShares Ultra VIX Short-Term Futures ETF,UVXY,110.98683735,117.91477385,-5.87538,-6.9279365,1968.73,218502960.91449321
06/28/2024,ProShares Ultra VIX Short-Term Futures ETF,UVXY,117.91477385,115.31496645,2.25453,2.5998074,1968.73,232142187.64102711
06/27/2024,ProShares Ultra VIX Short-Term Futures ETF,UVXY,115.31496645,116.8582575,-1.32065,-1.54329105,1968.73,227023872.45815547
06/26/2024,ProShares Ultra VIX Short-Term Futures ETF,UVXY,116.8582575,118.7188138,-1.56720,-1.8605563,1918.73,224219280.8114145
06/25/2024,ProShares Ultra VIX Short-Term Futures ETF,UVXY,118.7188138,122.66504505,-3.21708,-3.94623125,1918.73,227789183.39613468
06/24/2024,ProShares Ultra VIX Short-Term Futures ETF,UVXY,122.66504505,123.31208935,-0.52472,-0.6470443,1958.73,240267531.95972343
06/21/2024,ProShares Ultra VIX Short-Term Futures ETF,UVXY,123.31208935,127.4452542,-3.24309,-4.13316485,2008.73,247700520.60310041
06/20/2024,ProShares Ultra VIX Short-Term Futures ETF,UVXY,127.4452542,121.51682595,4.87869,5.92842825,2208.73,281491977.88581012
06/18/2024,ProShares Ultra VIX Short-Term Futures ETF,UVXY,121.51682595,121.80138485,-0.23363,-0.2845589,2208.73,268397688.85698717
06/17/2024,ProShares Ultra VIX Short-Term Futures ETF,UVXY,121.80138485,123.04863705,-1.01363,-1.2472522,2148.73,261718119.14680171
06/14/2024,ProShares Ultra VIX Short-Term Futures ETF,UVXY,123.04863705,117.1899781,4.99928,5.85865895,2048.73,252093261.91535463
06/13/2024,ProShares Ultra VIX Short-Term Futures ETF,UVXY,117.1899781,117.52630495,-0.28617,-0.33632685,2048.73,240090459.76684366
06/12/2024,ProShares Ultra VIX Short-Term Futures ETF,UVXY,117.52630495,121.5410762,-3.30322,-4.01477125,1918.73,225501082.55988657
06/11/2024,ProShares Ultra VIX Short-Term Futures ETF,UVXY,121.5410762,121.66525535,-0.10207,-0.12417915,1848.73,224696463.64571932
06/10/2024,ProShares Ultra VIX Short-Term Futures ETF,UVXY,121.66525535,121.4577463,0.17085,0.20750905,1848.73,224926037.19184801
06/07/2024,ProShares Ultra VIX Short-Term Futures ETF,UVXY,121.4577463,123.4702893,-1.62998,-2.012543,1848.73,224542409.27635418
06/06/2024,ProShares Ultra VIX Short-Term Futures ETF,UVXY,123.4702893,124.6347105,-0.93427,-1.1644212,1828.73,225793649.29318398
06/05/2024,ProShares Ultra VIX Short-Term Futures ETF,UVXY,124.6347105,128.41787655,-2.94598,-3.78316605,1788.73,222937671.2240703
06/04/2024,ProShares Ultra VIX Short-Term Futures ETF,UVXY,128.41787655,127.47261935,0.74154,0.9452572,1768.73,227136371.00525433
06/03/2024,ProShares Ultra VIX Short-Term Futures ETF,UVXY,127.47261935,128.96458665,-1.15688,-1.4919673,1768.73,225464467.56125841
05/31/2024,ProShares Ultra VIX Short-Term Futures ETF,UVXY,128.96458665,135.14672275,-4.57439,-6.1821361,1768.73,228103352.79503319
05/30/2024,ProShares Ultra VIX Short-Term Futures ETF,UVXY,135.14672275,135.8017689,-0.48235,-0.65504615,1808.73,244443742.63419565
05/29/2024,ProShares Ultra VIX Short-Term Futures ETF,UVXY,135.8017689,128.00946505,6.08729,7.79230385,1828.73,248344578.71802054
05/28/2024,ProShares Ultra VIX Short-Term Futures ETF,UVXY,128.00946505,124.0188329,3.21776,3.99063215,1888.73,241775137.71063543
05/24/2024,ProShares Ultra VIX Short-Term Futures ETF,UVXY,124.0188329,129.8950914,-4.52385,-5.8762585,1868.73,231757539.97885094
05/23/2024,ProShares Ultra VIX Short-Term Futures ETF,UVXY,129.8950914,127.25262095,2.07655,2.64247045,1868.73,242738672.29879404
05/22/2024,ProShares Ultra VIX Short-Term Futures ETF,UVXY,127.25262095,123.42721295,3.09932,3.825408,1868.73,237800612.19422417
05/21/2024,ProShares Ultra VIX Short-Term Futures ETF,UVXY,123.42721295,126.4908709,-2.42204,-3.06365795,1878.73,231886234.98745537
05/20/2024,ProShares Ultra VIX Short-Term Futures ETF,UVXY,126.4908709,126.72440815,-0.18429,-0.23353725,1878.73,237642016.79873774
05/17/2024,ProShares Ultra VIX Short-Term Futures ETF,UVXY,126.72440815,128.5844274,-1.44654,-1.86001925,1878.73,238080769.90947809
05/16/2024,ProShares Ultra VIX Short-Term Futures ETF,UVXY,128.5844274,129.1018675,-0.40080,-0.5174401,1878.73,241575241.27100364
05/15/2024,ProShares Ultra VIX Short-Term Futures ETF,UVXY,129.1018675,136.55386915,-5.45719,-7.45200165,1878.73,242547370.7856605
05/14/2024,ProShares Ultra VIX Short-Term Futures ETF,UVXY,136.55386915,140.58875465,-2.86999,-4.0348855,1688.73,230602424.27426269
05/13/2024,ProShares Ultra VIX Short-Term Futures ETF,UVXY,140.58875465,137.9133987,1.93988,2.67535595,1678.73,236010363.26933799
05/10/2024,ProShares Ultra VIX Short-Term Futures ETF,UVXY,137.9133987,141.06732755,-2.23576,-3.15392885,1598.73,220486094.82489282
05/09/2024,ProShares Ultra VIX Short-Term Futures ETF,UVXY,141.06732755,141.9836971,-0.64540,-0.91636955,1548.73,218475004.70225293
05/08/2024,ProShares Ultra VIX Short-Term Futures ETF,UVXY,141.9836971,143.9613261,-1.37372,-1.977629,1548.73,219894212.43250706
05/07/2024,ProShares Ultra VIX Short-Term Futures ETF,UVXY,143.9613261,145.33401675,-0.94451,-1.37269065,1458.73,210000503.67599646
05/06/2024,ProShares Ultra VIX Short-Term Futures ETF,UVXY,145.33401675,151.1306612,-3.83552,-5.79664445,1438.73,209096206.45110405
05/03/2024,ProShares Ultra VIX Short-Term Futures ETF,UVXY,151.1306612,159.3006179,-5.12864,-8.1699567,1388.73,209879471.54535032
05/02/2024,ProShares Ultra VIX Short-Term Futures ETF,UVXY,159.3006179,167.1444852,-4.69287,-7.8438673,1308.73,208481274.64340194
05/01/2024,ProShares Ultra VIX Short-Term Futures ETF,UVXY,167.1444852,165.89537375,0.75295,1.24911145,1308.73,218746768.11351672
04/30/2024,ProShares Ultra VIX Short-Term Futures ETF,UVXY,165.89537375,159.2639957,4.16376,6.63137805,1308.73,217112020.23431425
04/29/2024,ProShares Ultra VIX Short-Term Futures ETF,UVXY,159.2639957,162.97162235,-2.27501,-3.70762665,1308.73,208433346.12286702
04/26/2024,ProShares Ultra VIX Short-Term Futures ETF,UVXY,162.97162235,171.4178615,-4.92728,-8.44623915,1258.73,205137042.04034421
04/25/2024,ProShares Ultra VIX Short-Term Futures ETF,UVXY,171.4178615,166.0567045,3.22851,5.361157,1258.73,215768564.8208889
04/24/2024,ProShares Ultra VIX Short-Term Futures ETF,UVXY,166.0567045,168.78940025,-1.61900,-2.73269575,1258.73,209020323.1758987
04/23/2024,ProShares Ultra VIX Short-Term Futures ETF,UVXY,168.78940025,179.5540097,-5.99519,-10.76460945,1108.73,187141635.43402215
04/22/2024,ProShares Ultra VIX Short-Term Futures ETF,UVXY,179.5540097,202.29900115,-11.24325,-22.74499145,1088.73,195485585.60506742
04/19/2024,ProShares Ultra VIX Short-Term Futures ETF,UVXY,202.29900115,194.88112445,3.80636,7.4178767,1058.73,214179738.26893789
04/18/2024,ProShares Ultra VIX Short-Term Futures ETF,UVXY,194.88112445,191.9827283,1.50972,2.89839615,1078.73,210223842.54437427
04/17/2024,ProShares Ultra VIX Short-Term Futures ETF,UVXY,191.9827283,196.1278352,-2.11347,-4.1451069,1058.98,203305554.763459588
04/16/2024,ProShares Ultra VIX Short-Term Futures ETF,UVXY,196.1278352,205.2543251,-4.44643,-9.1264899,1008.98,197888741.510446272
04/15/2024,ProShares Ultra VIX Short-Term Futures ETF,UVXY,205.2543251,189.58345725,8.26595,15.67086785,1238.98,254305667.095304836
04/12/2024,ProShares Ultra VIX Short-Term Futures ETF,UVXY,189.58345725,167.97119075,12.86665,21.6122665,1238.98,234889800.94673511
04/11/2024,ProShares Ultra VIX Short-Term Futures ETF,UVXY,167.97119075,172.19476225,-2.45279,-4.2235715,1508.98,253464891.94518217
04/10/2024,ProShares Ultra VIX Short-Term Futures ETF,UVXY,172.19476225,168.13191225,2.41647,4.06285,1508.98,259838169.94059491
04/09/2024,ProShares Ultra VIX Short-Term Futures ETF,UVXY,168.131901,170.125076,-1.17159,-1.993175,1508.98,253707400.23466236
04/08/2024,ProShares Ultra VIX Short-Term Futures ETF,UVXY,170.12507875,180.39880375,-5.69501,-10.273725,1546.98,263179815.31954585
04/05/2024,ProShares Ultra VIX Short-Term Futures ETF,UVXY,180.398792,175.783592,2.62550,4.6152,1586.98,286288979.07414112
04/04/2024,ProShares Ultra VIX Short-Term Futures ETF,UVXY,175.78358475,164.20500975,7.05129,11.578575,1638.98,288105491.44847601
04/03/2024,ProShares Ultra VIX Short-Term Futures ETF,UVXY,164.204999,165.684749,-0.89311,-1.47975,1638.98,269128439.96482164
04/02/2024,ProShares Ultra VIX Short-Term Futures ETF,UVXY,165.68475775,158.72168275,4.38697,6.963075,1774.98,294086859.58809229
04/01/2024,ProShares Ultra VIX Short-Term Futures ETF,UVXY,158.721677,157.294602,0.90726,1.427075,1774.98,281727541.93790972
03/28/2024,ProShares Ultra VIX Short-Term Futures ETF,UVXY,157.2946095,152.8773845,2.88939,4.417225,1768.98,278250760.35015042
03/27/2024,ProShares Ultra VIX Short-Term Futures ETF,UVXY,152.87739375,157.01964375,-2.63805,-4.14225,1744.98,266767743.82694925
03/26/2024,ProShares Ultra VIX Short-Term Futures ETF,UVXY,157.01964225,158.03784225,-0.64428,-1.0182,1738.98,273053759.96769171
03/25/2024,ProShares Ultra VIX Short-Term Futures ETF,UVXY,158.03785275,159.35220275,-0.82481,-1.31435,1702.98,269135043.29411649
03/22/2024,ProShares Ultra VIX Short-Term Futures ETF,UVXY,159.3521955,158.9077955,0.27966,0.4444,1698.98,270735931.77298938
03/21/2024,ProShares Ultra VIX Short-Term Futures ETF,UVXY,158.90778625,160.58348625,-1.04351,-1.6757,1686.98,268073996.63925555
03/20/2024,ProShares Ultra VIX Short-Term Futures ETF,UVXY,160.583488,166.542063,-3.57782,-5.958575,1562.98,250988516.71731968
03/19/2024,ProShares Ultra VIX Short-Term Futures ETF,UVXY,166.5420585,173.4877335,-4.00355,-6.945675,1464.98,243980511.73235406
03/18/2024,ProShares Ultra VIX Short-Term Futures ETF,UVXY,173.4877385,179.2972885,-3.24018,-5.80955,1436.98,249298125.94983886
03/15/2024,ProShares Ultra VIX Short-Term Futures ETF,UVXY,179.29730025,174.63275025,2.67106,4.66455,1436.98,257646340.46567259
03/14/2024,ProShares Ultra VIX Short-Term Futures ETF,UVXY,174.63273875,167.87256375,4.02697,6.760175,1436.98,250943466.53128345
03/13/2024,ProShares Ultra VIX Short-Term Futures ETF,UVXY,167.8725715,169.3001965,-0.84325,-1.427625,1416.98,237871801.05305274
03/12/2024,ProShares Ultra VIX Short-Term Futures ETF,UVXY,169.30020875,182.86993375,-7.42042,-13.569725,1400.98,237185928.80223265
03/11/2024,ProShares Ultra VIX Short-Term Futures ETF,UVXY,182.86992975,185.37037975,-1.34889,-2.50045,1400.98,256196814.27447021
03/08/2024,ProShares Ultra VIX Short-Term Futures ETF,UVXY,185.370392,178.832967,3.65560,6.537425,1500.98,278236946.97671712
03/07/2024,ProShares Ultra VIX Short-Term Futures ETF,UVXY,178.83297675,179.87022675,-0.57667,-1.03725,1500.98,268424428.15613313
03/06/2024,ProShares Ultra VIX Short-Term Futures ETF,UVXY,179.87023125,179.17698125,0.38691,0.69325,1500.98,269981324.71444575
03/05/2024,ProShares Ultra VIX Short-Term Futures ETF,UVXY,179.17698775,168.59101275,6.27909,10.585975,1500.98,268940781.22273509
03/04/2024,ProShares Ultra VIX Short-Term Futures ETF,UVXY,168.5910245,169.1324495,-0.32012,-0.541425,1500.98,253051479.46472982
03/01/2024,ProShares Ultra VIX Short-Term Futures ETF,UVXY,169.13244975,168.38857475,0.44176,0.743875,1484.98,251158027.85253741
02/29/2024,ProShares Ultra VIX Short-Term Futures ETF,UVXY,168.388584,171.914734,-2.05110,-3.52615,1476.98,248706294.63904224
02/28/2024,ProShares Ultra VIX Short-Term Futures ETF,UVXY,171.9147445,168.0591445,2.29419,3.8556,1470.98,252882868.92442902
02/27/2024,ProShares Ultra VIX Short-Term Futures ETF,UVXY,168.05914225,172.40201725,-2.51904,-4.342875,1456.98,244858533.45841171
02/26/2024,ProShares Ultra VIX Short-Term Futures ETF,UVXY,172.4020225,175.4260225,-1.72380,-3.024,1456.98,251186016.0027331
02/23/2024,ProShares Ultra VIX Short-Term Futures ETF,UVXY,175.426027,186.090677,-5.73089,-10.66465,1456.98,255591925.11977572
02/22/2024,ProShares Ultra VIX Short-Term Futures ETF,UVXY,186.090677,191.361627,-2.75444,-5.27095,1456.98,271130089.38674972
02/21/2024,ProShares Ultra VIX Short-Term Futures ETF,UVXY,191.361629,194.698254,-1.71374,-3.336625,1456.98,278809752.38734844
02/20/2024,ProShares Ultra VIX Short-Term Futures ETF,UVXY,194.698242,184.520067,5.51603,10.178175,1456.98,283671125.32404312
02/16/2024,ProShares Ultra VIX Short-Term Futures ETF,UVXY,184.520062,185.770187,-0.67294,-1.250125,1456.98,268841737.31985832
02/15/2024,ProShares Ultra VIX Short-Term Futures ETF,UVXY,185.77019175,187.96504175,-1.16769,-2.19485,1456.98,270663149.31280053
02/14/2024,ProShares Ultra VIX Short-Term Futures ETF,UVXY,187.9650505,204.7484005,-8.19706,-16.78335,1456.98,273861011.01480718
02/13/2024,ProShares Ultra VIX Short-Term Futures ETF,UVXY,204.7483895,184.2077395,11.15081,20.54065,1488.98,304865921.21035122
02/12/2024,ProShares Ultra VIX Short-Term Futures ETF,UVXY,184.20772825,179.10250325,2.85045,5.105225,1536.98,283123292.06501067
02/09/2024,ProShares Ultra VIX Short-Term Futures ETF,UVXY,179.10249825,176.47049825,1.49147,2.632,1526.98,273485639.04968787
02/08/2024,ProShares Ultra VIX Short-Term Futures ETF,UVXY,176.4705015,178.2512265,-0.99900,-1.780725,1518.98,268054872.95684754
02/07/2024,ProShares Ultra VIX Short-Term Futures ETF,UVXY,178.2512265,179.0606765,-0.45205,-0.80945,1484.98,264699213.99595854
02/06/2024,ProShares Ultra VIX Short-Term Futures ETF,UVXY,179.06068525,186.02611025,-3.74433,-6.965425,1474.98,264110635.87052119
02/05/2024,ProShares Ultra VIX Short-Term Futures ETF,UVXY,186.0261045,196.9487045,-5.54591,-10.9226,1474.98,274384478.53259862
02/02/2024,ProShares Ultra VIX Short-Term Futures ETF,UVXY,196.948702,198.165052,-0.61381,-1.21635,1518.98,299160816.36808872
02/01/2024,ProShares Ultra VIX Short-Term Futures ETF,UVXY,198.165053,201.031228,-1.42574,-2.866175,1518.98,301008427.21525308
01/31/2024,ProShares Ultra VIX Short-Term Futures ETF,UVXY,201.03122475,186.45887475,7.81532,14.57235,1514.98,304557955.18054641
01/30/2024,ProShares Ultra VIX Short-Term Futures ETF,UVXY,186.458885,191.01706,-2.38627,-4.558175,1514.98,282481175.8047286
01/29/2024,ProShares Ultra VIX Short-Term Futures ETF,UVXY,191.01706175,188.87046175,1.13655,2.1466,1514.98,289386714.94203373
01/26/2024,ProShares Ultra VIX Short-Term Futures ETF,UVXY,188.8704645,191.1606395,-1.19804,-2.290175,1514.98,286134666.56064822
01/25/2024,ProShares Ultra VIX Short-Term Futures ETF,UVXY,191.160627,187.466752,1.97042,3.693875,1514.98,289604213.18903172
01/24/2024,ProShares Ultra VIX Short-Term Futures ETF,UVXY,187.466764,180.839939,3.66447,6.626825,1514.98,284008090.67922704
01/23/2024,ProShares Ultra VIX Short-Term Futures ETF,UVXY,180.83994525,188.40607025,-4.01586,-7.566125,1452.98,262756527.07183479
01/22/2024,ProShares Ultra VIX Short-Term Futures ETF,UVXY,188.40605875,199.00450875,-5.32573,-10.59845,1452.98,273749926.25663865
01/19/2024,ProShares Ultra VIX Short-Term Futures ETF,UVXY,199.004515,206.982015,-3.85420,-7.9775,1428.98,284373145.4772954
01/18/2024,ProShares Ultra VIX Short-Term Futures ETF,UVXY,206.98201675,217.59604175,-4.87786,-10.614025,1428.98,295772822.84490753
01/17/2024,ProShares Ultra VIX Short-Term Futures ETF,UVXY,217.596043,206.584568,5.33025,11.011475,1428.98,310940036.66862948
01/16/2024,ProShares Ultra VIX Short-Term Futures ETF,UVXY,206.58456825,195.60011825,5.61577,10.98445,1428.98,295204877.53919307
01/12/2024,ProShares Ultra VIX Short-Term Futures ETF,UVXY,195.60012725,191.46347725,2.16054,4.13665,1634.98,319801975.26699631
01/11/2024,ProShares Ultra VIX Short-Term Futures ETF,UVXY,191.4634705,193.2885205,-0.94421,-1.82505,1634.98,313038630.99799838
01/10/2024,ProShares Ultra VIX Short-Term Futures ETF,UVXY,193.28852975,195.62765475,-1.19570,-2.339125,1634.98,316022563.37746621
01/09/2024,ProShares Ultra VIX Short-Term Futures ETF,UVXY,195.6276565,203.3816065,-3.81251,-7.75395,1634.98,319846984.99501334
01/08/2024,ProShares Ultra VIX Short-Term Futures ETF,UVXY,203.38159525,210.67144525,-3.46029,-7.28985,1634.98,332524507.05602879
01/05/2024,ProShares Ultra VIX Short-Term Futures ETF,UVXY,210.671448,221.255348,-4.78357,-10.5839,1634.98,344443258.54986528
01/04/2024,ProShares Ultra VIX Short-Term Futures ETF,UVXY,221.255358,221.820983,-0.25499,-0.565625,1634.98,361747722.36405288
01/03/2024,ProShares Ultra VIX Short-Term Futures ETF,UVXY,221.82098275,210.63575775,5.31022,11.185225,1652.98,366665284.27968329
01/02/2024,ProShares Ultra VIX Short-Term Futures ETF,UVXY,210.63576925,210.87346925,-0.11272,-0.2377,1652.98,348176368.41220343
12/29/2023,ProShares Ultra VIX Short-Term Futures ETF,UVXY,210.873461,209.974586,0.42809,0.898875,1652.98,348569267.73130396
12/28/2023,ProShares Ultra VIX Short-Term Futures ETF,UVXY,209.97458575,210.50201075,-0.25056,-0.527425,1652.98,347083446.39471437
12/27/2023,ProShares Ultra VIX Short-Term Futures ETF,UVXY,210.502019,223.984444,-6.01936,-13.482425,1642.98,345850261.95330884
12/26/2023,ProShares Ultra VIX Short-Term Futures ETF,UVXY,223.984451,233.643201,-4.13397,-9.65875,1678.98,376065046.20548036
12/22/2023,ProShares Ultra VIX Short-Term Futures ETF,UVXY,233.643213,242.588063,-3.68726,-8.94485,1678.98,392281898.58787068
12/21/2023,ProShares Ultra VIX Short-Term Futures ETF,UVXY,242.58805575,251.24373075,-3.44513,-8.655675,1678.98,407300095.99872357
12/20/2023,ProShares Ultra VIX Short-Term Futures ETF,UVXY,251.24372775,229.98880275,9.24172,21.254925,1678.98,421832781.97798149
12/19/2023,ProShares Ultra VIX Short-Term Futures ETF,UVXY,229.98879925,224.47187425,2.45774,5.516925,1646.98,378786575.40713423
12/18/2023,ProShares Ultra VIX Short-Term Futures ETF,UVXY,224.471869,224.190344,0.12557,0.281525,1630.98,366108760.76775484
12/15/2023,ProShares Ultra VIX Short-Term Futures ETF,UVXY,224.1903395,214.1547645,4.68613,10.035575,1626.98,364752830.88755322
12/14/2023,ProShares Ultra VIX Short-Term Futures ETF,UVXY,214.15475675,214.89638175,-0.34511,-0.741625,1620.98,347140226.38281393
12/13/2023,ProShares Ultra VIX Short-Term Futures ETF,UVXY,214.8963725,219.3337975,-2.02314,-4.437425,1620.98,348342369.4649991
12/12/2023,ProShares Ultra VIX Short-Term Futures ETF,UVXY,219.33380925,229.69620925,-4.51135,-10.3624,1602.98,351587349.84411783
12/11/2023,ProShares Ultra VIX Short-Term Futures ETF,UVXY,229.696201,237.192901,-3.16059,-7.4967,1602.98,368198039.57721036
12/08/2023,ProShares Ultra VIX Short-Term Futures ETF,UVXY,237.19289625,248.61097125,-4.59275,-11.418075,1578.98,374522450.32447515
12/07/2023,ProShares Ultra VIX Short-Term Futures ETF,UVXY,248.6109625,248.7829375,-0.06913,-0.171975,1578.98,392551329.8462715
12/06/2023,ProShares Ultra VIX Short-Term Futures ETF,UVXY,248.78293375,245.79013375,1.21762,2.9928,1578.98,392822868.72856365
12/05/2023,ProShares Ultra VIX Short-Term Futures ETF,UVXY,245.7901375,249.1605125,-1.35269,-3.370375,1578.98,388097308.2139245
12/04/2023,ProShares Ultra VIX Short-Term Futures ETF,UVXY,249.16051875,247.33304375,0.73887,1.827475,1578.98,393419067.27262425
12/01/2023,ProShares Ultra VIX Short-Term Futures ETF,UVXY,247.33305425,248.83882925,-0.60512,-1.505775,1578.98,390533540.37345603
11/30/2023,ProShares Ultra VIX Short-Term Futures ETF,UVXY,248.8388325,255.5399075,-2.62232,-6.701075,1558.98,387934354.9951647
11/29/2023,ProShares Ultra VIX Short-Term Futures ETF,UVXY,255.539913,249.167838,2.55734,6.372075,1558.98,398381194.48328268
11/28/2023,ProShares Ultra VIX Short-Term Futures ETF,UVXY,249.167835,253.91706,-1.87038,-4.749225,1558.98,388447262.7730506
11/27/2023,ProShares Ultra VIX Short-Term Futures ETF,UVXY,253.91706525,251.04584025,1.14371,2.871225,1558.98,395851209.95945799
11/24/2023,ProShares Ultra VIX Short-Term Futures ETF,UVXY,251.04584425,269.53989425,-6.86134,-18.49405,1514.98,380329021.40668043
11/22/2023,ProShares Ultra VIX Short-Term Futures ETF,UVXY,269.53990475,265.87450475,1.37862,3.6654,1514.98,408347122.85271121
11/21/2023,ProShares Ultra VIX Short-Term Futures ETF,UVXY,265.874506,274.636056,-3.19024,-8.76155,1492.98,396944883.93369016
11/20/2023,ProShares Ultra VIX Short-Term Futures ETF,UVXY,274.636057,277.960857,-1.19614,-3.3248,1488.98,408927145.74872652
11/17/2023,ProShares Ultra VIX Short-Term Futures ETF,UVXY,277.9608495,284.6163995,-2.33843,-6.65555,1474.98,409986237.93971682
11/16/2023,ProShares Ultra VIX Short-Term Futures ETF,UVXY,284.616398,290.417748,-1.99759,-5.80135,1468.98,418095329.56314728
11/15/2023,ProShares Ultra VIX Short-Term Futures ETF,UVXY,290.41774425,301.66711925,-3.72907,-11.249375,1422.98,413258165.42776443
11/14/2023,ProShares Ultra VIX Short-Term Futures ETF,UVXY,301.6671125,305.2646875,-1.17851,-3.597575,1414.98,426852436.1111855
11/13/2023,ProShares Ultra VIX Short-Term Futures ETF,UVXY,305.2646825,309.4434825,-1.35042,-4.1788,1414.98,431942919.8097707
11/10/2023,ProShares Ultra VIX Short-Term Futures ETF,UVXY,309.44347875,330.62292875,-6.40592,-21.17945,1410.98,436618052.15936985
11/09/2023,ProShares Ultra VIX Short-Term Futures ETF,UVXY,330.62292775,311.65320275,6.08681,18.969725,1410.98,466501796.37509349
11/08/2023,ProShares Ultra VIX Short-Term Futures ETF,UVXY,311.653209,320.795484,-2.84988,-9.142275,1348.98,420413434.76555724
11/07/2023,ProShares Ultra VIX Short-Term Futures ETF,UVXY,320.7954745,323.2985745,-0.77424,-2.5031,1272.98,408365697.02443182
11/06/2023,ProShares Ultra VIX Short-Term Futures ETF,UVXY,323.2985795,340.3869295,-5.02027,-17.08835,1246.98,403146332.45523962
11/03/2023,ProShares Ultra VIX Short-Term Futures ETF,UVXY,340.38692575,352.21662575,-3.35864,-11.8297,1126.98,383608699.34717677
11/02/2023,ProShares Ultra VIX Short-Term Futures ETF,UVXY,352.21661425,371.60023925,-5.21626,-19.383625,1054.98,371580906.06621763
11/01/2023,ProShares Ultra VIX Short-Term Futures ETF,UVXY,371.6002365,397.1230115,-6.42692,-25.522775,980.98,364531790.57738214
10/31/2023,ProShares Ultra VIX Short-Term Futures ETF,UVXY,397.12300525,440.90970525,-9.93099,-43.7867,902.98,358593479.99891639
10/30/2023,ProShares Ultra VIX Short-Term Futures ETF,UVXY,440.9097145,495.5345395,-11.02341,-54.624825,796.98,351395501.17027822
10/27/2023,ProShares Ultra VIX Short-Term Futures ETF,UVXY,495.5345275,472.3330775,4.91210,23.20145,782.98,387992811.6653249
10/26/2023,ProShares Ultra VIX Short-Term Futures ETF,UVXY,472.333074,465.179674,1.53777,7.1534,782.98,369826575.65427864
10/25/2023,ProShares Ultra VIX Short-Term Futures ETF,UVXY,465.179678,425.635603,9.29059,39.544075,806.98,375389933.65776808
10/24/2023,ProShares Ultra VIX Short-Term Futures ETF,UVXY,425.63559725,455.85462225,-6.62909,-30.219025,806.98,343478716.22642551
10/23/2023,ProShares Ultra VIX Short-Term Futures ETF,UVXY,455.8546315,480.6172815,-5.15226,-24.76265,758.98,345983800.61427434
10/20/2023,ProShares Ultra VIX Short-Term Futures ETF,UVXY,480.6172755,474.7626255,1.23317,5.85465,752.98,361894407.89365818
10/19/2023,ProShares Ultra VIX Short-Term Futures ETF,UVXY,474.76261575,442.32579075,7.33324,32.436825,756.98,359385026.25974517
10/18/2023,ProShares Ultra VIX Short-Term Futures ETF,UVXY,442.32578825,404.15081325,9.44573,38.174975,756.98,334831049.77519227
10/17/2023,ProShares Ultra VIX Short-Term Futures ETF,UVXY,404.1508045,388.7999295,3.94827,15.350875,798.98,322907746.97209062
10/16/2023,ProShares Ultra VIX Short-Term Futures ETF,UVXY,388.799938,456.288588,-14.79078,-67.48865,798.98,310642736.83134168
10/13/2023,ProShares Ultra VIX Short-Term Futures ETF,UVXY,456.28858825,384.49756325,18.67139,71.791025,778.98,355438936.16170027
10/12/2023,ProShares Ultra VIX Short-Term Futures ETF,UVXY,384.497562,371.362162,3.53709,13.1354,768.98,295670304.65075832
10/11/2023,ProShares Ultra VIX Short-Term Futures ETF,UVXY,371.362159,381.786009,-2.73029,-10.42385,744.98,276656772.17787924
10/10/2023,ProShares Ultra VIX Short-Term Futures ETF,UVXY,381.78601875,402.63044375,-5.17706,-20.844425,718.98,274495885.63180425
10/09/2023,ProShares Ultra VIX Short-Term Futures ETF,UVXY,402.6304395,411.3311145,-2.11525,-8.700675,690.98,278208920.77178922
10/06/2023,ProShares Ultra VIX Short-Term Futures ETF,UVXY,411.33111575,420.23394075,-2.11854,-8.902825,690.98,284220899.77790517
10/05/2023,ProShares Ultra VIX Short-Term Futures ETF,UVXY,420.233943,428.062118,-1.82875,-7.828175,690.98,290372560.75047348
10/04/2023,ProShares Ultra VIX Short-Term Futures ETF,UVXY,428.062113,463.866138,-7.71861,-35.804025,690.98,295781656.81887468
10/03/2023,ProShares Ultra VIX Short-Term Futures ETF,UVXY,463.86612625,406.47187625,14.12010,57.39425,708.98,328871045.44827795
10/02/2023,ProShares Ultra VIX Short-Term Futures ETF,UVXY,406.47187275,404.93974775,0.37836,1.532125,698.98,284115043.00092369
09/29/2023,ProShares Ultra VIX Short-Term Futures ETF,UVXY,404.93975425,393.08245425,3.01649,11.8573,698.98,283044125.32446803
09/28/2023,ProShares Ultra VIX Short-Term Futures ETF,UVXY,393.082445,423.52552,-7.18801,-30.443075,690.98,271611463.1908902
09/27/2023,ProShares Ultra VIX Short-Term Futures ETF,UVXY,423.525513,450.973363,-6.08636,-27.44785,684.98,290105811.31289868
09/26/2023,ProShares Ultra VIX Short-Term Futures ETF,UVXY,450.97337475,396.95109975,13.60930,54.022275,752.98,339573192.12292041
09/25/2023,ProShares Ultra VIX Short-Term Futures ETF,UVXY,396.95109275,396.21436775,0.18594,0.736725,820.98,325888257.12610289
09/22/2023,ProShares Ultra VIX Short-Term Futures ETF,UVXY,396.21438,395.71193,0.12697,0.50245,886.98,351433580.9808168
09/21/2023,ProShares Ultra VIX Short-Term Futures ETF,UVXY,395.711922,353.276622,12.01192,42.4353,926.98,366816388.48800792
09/20/2023,ProShares Ultra VIX Short-Term Futures ETF,UVXY,353.276617,334.040042,5.75876,19.236575,1012.98,357861568.11500812
09/19/2023,ProShares Ultra VIX Short-Term Futures ETF,UVXY,334.0400505,337.4417255,-1.00808,-3.401675,1012.98,338375342.52980718
09/18/2023,ProShares Ultra VIX Short-Term Futures ETF,UVXY,337.441713,340.539163,-0.90957,-3.09745,1020.98,344520686.73433068
09/15/2023,ProShares Ultra VIX Short-Term Futures ETF,UVXY,340.53917425,321.91569925,5.78520,18.623475,1020.98,347683127.64151923
09/14/2023,ProShares Ultra VIX Short-Term Futures ETF,UVXY,321.915701,337.041351,-4.48777,-15.12565,1020.98,328668964.46523036
09/13/2023,ProShares Ultra VIX Short-Term Futures ETF,UVXY,337.04133875,346.59328875,-2.75595,-9.55195,986.98,332652507.77167945
09/12/2023,ProShares Ultra VIX Short-Term Futures ETF,UVXY,346.5932815,344.8684565,0.50014,1.724825,986.98,342080068.56188834
09/11/2023,ProShares Ultra VIX Short-Term Futures ETF,UVXY,344.86845475,356.44472975,-3.24771,-11.576275,986.98,340377701.88488921
09/08/2023,ProShares Ultra VIX Short-Term Futures ETF,UVXY,356.44473175,367.19448175,-2.92754,-10.74975,986.98,351803236.77325493
09/07/2023,ProShares Ultra VIX Short-Term Futures ETF,UVXY,367.1944755,369.0020505,-0.48986,-1.807575,986.98,362413001.23005018
09/06/2023,ProShares Ultra VIX Short-Term Futures ETF,UVXY,369.0020565,357.9101315,3.09908,11.091925,1014.98,374529102.14299734
09/05/2023,ProShares Ultra VIX Short-Term Futures ETF,UVXY,357.9101395,355.0203145,0.81399,2.889825,1014.98,363271046.41708122
09/01/2023,ProShares Ultra VIX Short-Term Futures ETF,UVXY,355.0203145,362.0927395,-1.95321,-7.072425,962.98,341876880.22389422
08/31/2023,ProShares Ultra VIX Short-Term Futures ETF,UVXY,362.0927485,372.2360235,-2.72496,-10.143275,948.98,343618182.63942246
08/30/2023,ProShares Ultra VIX Short-Term Futures ETF,UVXY,372.23601225,392.08718725,-5.06295,-19.851175,890.98,331654231.72744491
08/29/2023,ProShares Ultra VIX Short-Term Futures ETF,UVXY,392.087181,408.199331,-3.94713,-16.11215,886.98,347772844.78040316
08/28/2023,ProShares Ultra VIX Short-Term Futures ETF,UVXY,408.19933675,433.94201175,-5.93228,-25.742675,814.98,332673626.01760273
08/25/2023,ProShares Ultra VIX Short-Term Futures ETF,UVXY,433.94201925,464.08744425,-6.49563,-30.145425,758.98,329352602.10545343
08/24/2023,ProShares Ultra VIX Short-Term Futures ETF,UVXY,464.08745175,438.43847675,5.85007,25.648975,758.98,352232333.02579413
08/23/2023,ProShares Ultra VIX Short-Term Futures ETF,UVXY,438.43846525,460.71539025,-4.83529,-22.276925,726.98,318735276.42836199
08/22/2023,ProShares Ultra VIX Short-Term Futures ETF,UVXY,460.715385,457.82041,0.63234,2.894975,688.98,317422930.3840686
08/21/2023,ProShares Ultra VIX Short-Term Futures ETF,UVXY,457.82040375,480.23625375,-4.66767,-22.41585,672.98,308103224.49021285
08/18/2023,ProShares Ultra VIX Short-Term Futures ETF,UVXY,480.23624825,495.77899825,-3.13502,-15.54275,672.98,323188602.75983787
08/17/2023,ProShares Ultra VIX Short-Term Futures ETF,UVXY,495.779005,463.53858,6.95528,32.240425,672.98,333648541.7073318
08/16/2023,ProShares Ultra VIX Short-Term Futures ETF,UVXY,463.5385755,451.4283255,2.68265,12.11025,646.98,299899427.37372618
08/15/2023,ProShares Ultra VIX Short-Term Futures ETF,UVXY,451.4283365,416.2478615,8.45181,35.180475,614.98,277618658.03829814
08/14/2023,ProShares Ultra VIX Short-Term Futures ETF,UVXY,416.2478565,427.4444815,-2.61943,-11.196625,614.98,255983424.14388534
08/11/2023,ProShares Ultra VIX Short-Term Futures ETF,UVXY,427.44448025,452.71378025,-5.58174,-25.2693,614.98,262869105.45519739
08/10/2023,ProShares Ultra VIX Short-Term Futures ETF,UVXY,452.713782,451.821107,0.19757,0.892675,614.98,278409179.20375752
08/09/2023,ProShares Ultra VIX Short-Term Futures ETF,UVXY,451.82110025,457.24155025,-1.18547,-5.42045,598.98,270631061.64114059
08/08/2023,ProShares Ultra VIX Short-Term Futures ETF,UVXY,457.241541,445.949841,2.53206,11.2917,598.98,273877788.35205276
08/07/2023,ProShares Ultra VIX Short-Term Futures ETF,UVXY,445.9498315,482.2988065,-7.53661,-36.348975,642.98,286736091.30014634
08/04/2023,ProShares Ultra VIX Short-Term Futures ETF,UVXY,482.29881775,458.50856775,5.18862,23.79025,664.98,320718276.85733389
08/03/2023,ProShares Ultra VIX Short-Term Futures ETF,UVXY,458.5085785,459.9573285,-0.31497,-1.44875,664.98,304898282.57686126
08/02/2023,ProShares Ultra VIX Short-Term Futures ETF,UVXY,459.95731625,405.65699125,13.38577,54.300325,696.98,320580295.94992635
08/01/2023,ProShares Ultra VIX Short-Term Futures ETF,UVXY,405.657,397.2964,2.10437,8.3606,800.98,324922478.58252
07/31/2023,ProShares Ultra VIX Short-Term Futures ETF,UVXY,397.29640125,403.20472625,-1.46534,-5.908325,800.98,318225819.90712695
07/28/2023,ProShares Ultra VIX Short-Term Futures ETF,UVXY,403.20472975,427.18807975,-5.61424,-23.98335,816.98,329409538.85539821
07/27/2023,ProShares Ultra VIX Short-Term Futures ETF,UVXY,427.188092,398.717117,7.14065,28.470975,836.98,357547188.65368912
07/26/2023,ProShares Ultra VIX Short-Term Futures ETF,UVXY,398.7171185,415.8795685,-4.12678,-17.16245,824.98,328932994.52405566
07/25/2023,ProShares Ultra VIX Short-Term Futures ETF,UVXY,415.87955725,416.18090725,-0.07241,-0.30135,808.98,336437562.18163111
07/24/2023,ProShares Ultra VIX Short-Term Futures ETF,UVXY,416.18089725,426.28822225,-2.37101,-10.107325,808.98,336681339.72063351
07/21/2023,ProShares Ultra VIX Short-Term Futures ETF,UVXY,426.288217,435.949892,-2.21624,-9.661675,792.98,338037331.20398412
07/20/2023,ProShares Ultra VIX Short-Term Futures ETF,UVXY,435.94989425,438.37384425,-0.55294,-2.42395,792.98,345698832.18453843
07/19/2023,ProShares Ultra VIX Short-Term Futures ETF,UVXY,438.373834,423.282709,3.56526,15.091125,792.98,347620963.95223224
07/18/2023,ProShares Ultra VIX Short-Term Futures ETF,UVXY,423.28271225,432.39303725,-2.10695,-9.110325,780.98,330574638.42935691
07/17/2023,ProShares Ultra VIX Short-Term Futures ETF,UVXY,432.39304575,433.00644575,-0.14166,-0.6134,780.98,337689611.74523997
07/14/2023,ProShares Ultra VIX Short-Term Futures ETF,UVXY,433.00644625,442.13222125,-2.06404,-9.125775,790.98,342498728.72425315
07/13/2023,ProShares Ultra VIX Short-Term Futures ETF,UVXY,442.13222975,437.32772975,1.09860,4.8045,790.98,349717025.99079821
07/12/2023,ProShares Ultra VIX Short-Term Futures ETF,UVXY,437.3277325,478.1010075,-8.52817,-40.773275,790.98,345916772.6353687
07/11/2023,ProShares Ultra VIX Short-Term Futures ETF,UVXY,478.1010045,484.8819795,-1.39848,-6.780975,790.98,378167548.45376262
07/10/2023,ProShares Ultra VIX Short-Term Futures ETF,UVXY,484.881981,489.884156,-1.02109,-5.002175,790.98,383531154.12493116
07/07/2023,ProShares Ultra VIX Short-Term Futures ETF,UVXY,489.88416825,506.05171825,-3.19484,-16.16755,790.98,387487775.99234907
07/06/2023,ProShares Ultra VIX Short-Term Futures ETF,UVXY,506.05173025,469.53875525,7.77635,36.512975,790.98,400275967.66830739
07/05/2023,ProShares Ultra VIX Short-Term Futures ETF,UVXY,469.53875025,458.24725025,2.46406,11.2915,838.98,393932850.64119459
07/03/2023,ProShares Ultra VIX Short-Term Futures ETF,UVXY,458.247248,462.120598,-0.83817,-3.87335,838.98,384459524.60155328
06/30/2023,ProShares Ultra VIX Short-Term Futures ETF,UVXY,462.1205925,475.9822425,-2.91222,-13.86165,839.11,387771710.9764554
06/29/2023,ProShares Ultra VIX Short-Term Futures ETF,UVXY,475.98223425,461.08728425,3.23040,14.89495,839.11,399403204.19613954
06/28/2023,ProShares Ultra VIX Short-Term Futures ETF,UVXY,461.08727775,486.58380275,-5.23990,-25.496525,839.11,386904642.43398462
06/27/2023,ProShares Ultra VIX Short-Term Futures ETF,UVXY,486.58381075,506.73571075,-3.97681,-20.1519,839.11,408299132.06685606
06/26/2023,ProShares Ultra VIX Short-Term Futures ETF,UVXY,506.73571725,506.99359225,-0.05086,-0.257875,839.11,425208872.48908698
06/23/2023,ProShares Ultra VIX Short-Term Futures ETF,UVXY,506.99358675,498.53556175,1.69657,8.458025,839.11,425425254.31419174
06/22/2023,ProShares Ultra VIX Short-Term Futures ETF,UVXY,498.535555,516.98048,-3.56782,-18.444925,839.11,418328004.1668924
06/21/2023,ProShares Ultra VIX Short-Term Futures ETF,UVXY,516.9804875,533.6587375,-3.12527,-16.67825,839.11,433805399.354319
06/20/2023,ProShares Ultra VIX Short-Term Futures ETF,UVXY,533.6586575,532.0484075,0.30265,1.61025,839.11,447800279.9586846
06/16/2023,ProShares Ultra VIX Short-Term Futures ETF,UVXY,532.0482975,563.1725475,-5.52659,-31.12425,843.11,448577198.0429598
06/15/2023,ProShares Ultra VIX Short-Term Futures ETF,UVXY,563.1725625,540.0618125,4.27928,23.11075,843.11,474818491.644405
06/14/2023,ProShares Ultra VIX Short-Term Futures ETF,UVXY,540.06191,566.21141,-4.61833,-26.1495,843.11,455333584.3679288
06/13/2023,ProShares Ultra VIX Short-Term Futures ETF,UVXY,566.211445,568.435695,-0.39129,-2.22425,843.11,477380615.0520676
06/12/2023,ProShares Ultra VIX Short-Term Futures ETF,UVXY,568.43572,565.00747,0.60676,3.42825,837.11,475845317.4126496
06/09/2023,ProShares Ultra VIX Short-Term Futures ETF,UVXY,565.0075925,558.6333425,1.14104,6.37425,837.11,472975584.9856154
06/08/2023,ProShares Ultra VIX Short-Term Futures ETF,UVXY,558.6333925,581.6653925,-3.95966,-23.032,837.11,467639654.9665594
06/07/2023,ProShares Ultra VIX Short-Term Futures ETF,UVXY,581.665345,577.051095,0.79963,4.61425,827.11,481103364.0314196
06/06/2023,ProShares Ultra VIX Short-Term Futures ETF,UVXY,577.0510675,631.9005675,-8.68008,-54.8495,803.91,463899247.2218534
06/05/2023,ProShares Ultra VIX Short-Term Futures ETF,UVXY,631.900565,655.577815,-3.61166,-23.67725,793.31,501295362.6142292
06/02/2023,ProShares Ultra VIX Short-Term Futures ETF,UVXY,655.577845,694.898845,-5.65852,-39.321,793.31,520078872.7434196
06/01/2023,ProShares Ultra VIX Short-Term Futures ETF,UVXY,694.8989425,759.7829425,-8.53981,-64.884,771.31,535985060.5677834
05/31/2023,ProShares Ultra VIX Short-Term Futures ETF,UVXY,759.7829,768.02465,-1.07311,-8.24175,763.31,579952681.400072
05/30/2023,ProShares Ultra VIX Short-Term Futures ETF,UVXY,768.02456,800.18656,-4.01931,-32.162,763.31,586243653.2239808
05/26/2023,ProShares Ultra VIX Short-Term Futures ETF,UVXY,800.1865125,850.1932625,-5.88181,-50.00675,763.31,610793311.542741
05/25/2023,ProShares Ultra VIX Short-Term Futures ETF,UVXY,850.1932675,882.7670175,-3.68996,-32.57375,766.31,651514731.5291494
05/24/2023,ProShares Ultra VIX Short-Term Futures ETF,UVXY,882.766935,829.856935,6.37580,52.91,771.11,680713659.8301708
05/23/2023,ProShares Ultra VIX Short-Term Futures ETF,UVXY,829.8570125,808.8435125,2.59797,21.0135,796.71,661158434.302681
05/22/2023,ProShares Ultra VIX Short-Term Futures ETF,UVXY,808.843595,808.014595,0.10260,0.829,796.71,644416757.1168796
05/19/2023,ProShares Ultra VIX Short-Term Futures ETF,UVXY,808.014495,777.465495,3.92931,30.549,796.71,643756201.8047916
05/18/2023,ProShares Ultra VIX Short-Term Futures ETF,UVXY,777.4653875,828.9513875,-6.21098,-51.486,772.91,600913633.725251
05/17/2023,ProShares Ultra VIX Short-Term Futures ETF,UVXY,828.9514725,870.8054725,-4.80635,-41.854,736.91,610865680.1413938
05/16/2023,ProShares Ultra VIX Short-Term Futures ETF,UVXY,870.805455,834.687955,4.32707,36.1175,678.91,591201736.0181244
05/15/2023,ProShares Ultra VIX Short-Term Futures ETF,UVXY,834.6880675,867.2875675,-3.75879,-32.5995,678.91,566681147.5585134
05/12/2023,ProShares Ultra VIX Short-Term Futures ETF,UVXY,867.2875025,866.3472525,0.10853,0.94025,672.91,583609624.9252842
05/11/2023,ProShares Ultra VIX Short-Term Futures ETF,UVXY,866.34734,881.48934,-1.71777,-15.142,652.91,565650029.9176112
05/10/2023,ProShares Ultra VIX Short-Term Futures ETF,UVXY,881.4894325,919.3971825,-4.12311,-37.90775,652.91,575536509.2546866
05/09/2023,ProShares Ultra VIX Short-Term Futures ETF,UVXY,919.3971575,893.3071575,2.92061,26.09,651.31,598815946.0328646
05/08/2023,ProShares Ultra VIX Short-Term Futures ETF,UVXY,893.3071075,917.1618575,-2.60093,-23.85475,644.31,575569989.8034806
05/05/2023,ProShares Ultra VIX Short-Term Futures ETF,UVXY,917.161885,1036.226135,-11.49018,-119.06425,642.71,589472490.2640868
05/04/2023,ProShares Ultra VIX Short-Term Futures ETF,UVXY,1036.2261775,963.1911775,7.58261,73.035,642.71,665996739.8533582
05/03/2023,ProShares Ultra VIX Short-Term Futures ETF,UVXY,963.1910725,924.1715725,4.22211,39.0195,713.91,687635283.1116218
05/02/2023,ProShares Ultra VIX Short-Term Futures ETF,UVXY,924.1715175,861.2067675,7.31122,62.96475,713.91,659778689.0096094
05/01/2023,ProShares Ultra VIX Short-Term Futures ETF,UVXY,861.206805,885.501055,-2.74356,-24.29425,741.31,638424385.8555924
04/28/2023,ProShares Ultra VIX Short-Term Futures ETF,UVXY,885.501,943.78375,-6.17543,-58.28275,729.11,645630892.75368
04/27/2023,ProShares Ultra VIX Short-Term Futures ETF,UVXY,943.783715,1007.695465,-6.34237,-63.91175,701.31,661888430.2907212
04/26/2023,ProShares Ultra VIX Short-Term Futures ETF,UVXY,1007.69539,1048.94439,-3.93243,-41.249,695.31,700664389.9399352
04/25/2023,ProShares Ultra VIX Short-Term Futures ETF,UVXY,1048.94438,932.95663,12.43228,115.98775,695.31,729345376.9731184
04/24/2023,ProShares Ultra VIX Short-Term Futures ETF,UVXY,932.9565525,938.7038025,-0.61225,-5.74725,695.31,648697453.7988882
04/21/2023,ProShares Ultra VIX Short-Term Futures ETF,UVXY,938.703905,967.859155,-3.01234,-29.15525,686.91,644808553.8139204
04/20/2023,ProShares Ultra VIX Short-Term Futures ETF,UVXY,967.8591325,936.2903825,3.37168,31.56875,660.11,638897053.6761826
04/19/2023,ProShares Ultra VIX Short-Term Futures ETF,UVXY,936.29048,939.37698,-0.32857,-3.0865,654.51,612814927.6137664
04/18/2023,ProShares Ultra VIX Short-Term Futures ETF,UVXY,939.37703,949.87653,-1.10535,-10.4995,615.71,578387288.0487704
04/17/2023,ProShares Ultra VIX Short-Term Futures ETF,UVXY,949.8765675,991.4453175,-4.19274,-41.56875,615.71,584851996.9211934
04/14/2023,ProShares Ultra VIX Short-Term Futures ETF,UVXY,991.4454075,1017.9969075,-2.60821,-26.5515,586.51,581496294.4719246
04/13/2023,ProShares Ultra VIX Short-Term Futures ETF,UVXY,1017.99685,1075.48485,-5.34531,-57.488,573.71,584038719.041908
04/12/2023,ProShares Ultra VIX Short-Term Futures ETF,UVXY,1075.4849425,1067.0061925,0.79463,8.47875,556.51,598522083.1352634
04/11/2023,ProShares Ultra VIX Short-Term Futures ETF,UVXY,1067.006115,1081.375865,-1.32884,-14.36975,545.51,582066432.3761532
04/10/2023,ProShares Ultra VIX Short-Term Futures ETF,UVXY,1081.375855,1099.979855,-1.69130,-18.604,537.51,581254315.2841964
04/06/2023,ProShares Ultra VIX Short-Term Futures ETF,UVXY,1099.97973,1130.70923,-2.71772,-30.7295,506.91,557594772.8597064
04/05/2023,ProShares Ultra VIX Short-Term Futures ETF,UVXY,1130.70912,1144.11362,-1.17161,-13.4045,504.91,570910502.7887616
04/04/2023,ProShares Ultra VIX Short-Term Futures ETF,UVXY,1144.11373,1110.59073,3.01848,33.523,503.91,576534560.0228264
04/03/2023,ProShares Ultra VIX Short-Term Futures ETF,UVXY,1110.5906275,1156.3616275,-3.95819,-45.771,500.31,555643683.8180342
03/31/2023,ProShares Ultra VIX Short-Term Futures ETF,UVXY,1156.36165,1160.47115,-0.35412,-4.1095,463.51,535989443.802372
03/30/2023,ProShares Ultra VIX Short-Term Futures ETF,UVXY,1160.4712075,1165.9742075,-0.47197,-5.503,451.91,524432813.9153686
03/29/2023,ProShares Ultra VIX Short-Term Futures ETF,UVXY,1165.9740825,1225.7018325,-4.87294,-59.72775,440.11,513161144.2336986
03/28/2023,ProShares Ultra VIX Short-Term Futures ETF,UVXY,1225.70189,1270.57814,-3.53196,-44.87625,438.91,537977327.1228552
03/27/2023,ProShares Ultra VIX Short-Term Futures ETF,UVXY,1270.5782525,1352.2680025,-6.04094,-81.68975,448.51,569871727.7567442
03/24/2023,ProShares Ultra VIX Short-Term Futures ETF,UVXY,1352.26797,1436.72397,-5.87837,-84.456,448.51,606510683.5708296
03/23/2023,ProShares Ultra VIX Short-Term Futures ETF,UVXY,1436.7240475,1372.9692975,4.64357,63.75475,448.51,644390389.6887198
03/22/2023,ProShares Ultra VIX Short-Term Futures ETF,UVXY,1372.9694125,1309.7716625,4.82510,63.19775,448.51,615795563.727813
03/21/2023,ProShares Ultra VIX Short-Term Futures ETF,UVXY,1309.771615,1508.362365,-13.16598,-198.59075,361.91,474024265.1441932
03/20/2023,ProShares Ultra VIX Short-Term Futures ETF,UVXY,1508.3623475,1622.5928475,-7.04000,-114.2305,332.51,501551114.9406638
03/17/2023,ProShares Ultra VIX Short-Term Futures ETF,UVXY,1622.5928425,1391.5228425,16.60555,231.07,340.31,552190541.3728354
03/16/2023,ProShares Ultra VIX Short-Term Futures ETF,UVXY,1391.52295,1616.70245,-13.92832,-225.1795,340.71,474110905.098956
03/15/2023,ProShares Ultra VIX Short-Term Futures ETF,UVXY,1616.7023425,1436.4178425,12.55098,180.2845,340.71,550832604.5777954
03/14/2023,ProShares Ultra VIX Short-Term Futures ETF,UVXY,1436.4177525,1589.0385025,-9.60460,-152.62075,369.71,531063293.2941042
03/13/2023,ProShares Ultra VIX Short-Term Futures ETF,UVXY,1589.03838,1508.25613,5.35600,80.78225,369.71,587489227.1310384
03/10/2023,ProShares Ultra VIX Short-Term Futures ETF,UVXY,1508.2561125,1300.3886125,15.98503,207.8675,426.91,643895167.369869
03/09/2023,ProShares Ultra VIX Short-Term Futures ETF,UVXY,1300.388565,1118.566565,16.25491,181.822,502.71,653723120.9410692
03/08/2023,ProShares Ultra VIX Short-Term Futures ETF,UVXY,1118.5665125,1151.6282625,-2.87087,-33.06175,502.71,562318687.823641
03/07/2023,ProShares Ultra VIX Short-Term Futures ETF,UVXY,1151.628165,1110.984915,3.65831,40.64325,502.71,578939232.8187972
03/06/2023,ProShares Ultra VIX Short-Term Futures ETF,UVXY,1110.9848925,1137.6556425,-2.34436,-26.67075,499.51,554952152.0770794
03/03/2023,ProShares Ultra VIX Short-Term Futures ETF,UVXY,1137.65566,1191.67191,-4.53281,-54.01625,475.71,541198360.5914288
03/02/2023,ProShares Ultra VIX Short-Term Futures ETF,UVXY,1191.671895,1263.915895,-5.71589,-72.244,447.11,532812806.3260236
03/01/2023,ProShares Ultra VIX Short-Term Futures ETF,UVXY,1263.91588,1239.88288,1.93833,24.033,453.11,572697575.5972384
02/28/2023,ProShares Ultra VIX Short-Term Futures ETF,UVXY,1239.8827975,1287.6345475,-3.70849,-47.75175,457.11,566767388.3339198
02/27/2023,ProShares Ultra VIX Short-Term Futures ETF,UVXY,1287.6346125,1359.9363625,-5.31655,-72.30175,451.91,581899696.230249
02/24/2023,ProShares Ultra VIX Short-Term Futures ETF,UVXY,1359.9364275,1288.4501775,5.54824,71.48625,451.91,614573875.5175782
02/23/2023,ProShares Ultra VIX Short-Term Futures ETF,UVXY,1288.450285,1359.808785,-5.24769,-71.3585,457.11,588968251.2733988
02/22/2023,ProShares Ultra VIX Short-Term Futures ETF,UVXY,1359.8087075,1421.2044575,-4.31998,-61.39575,457.11,621587162.3813686
02/21/2023,ProShares Ultra VIX Short-Term Futures ETF,UVXY,1421.2044725,1276.8817225,11.30275,144.32275,458.31,651357451.8239338
02/17/2023,ProShares Ultra VIX Short-Term Futures ETF,UVXY,1276.8818175,1269.3213175,0.59563,7.5605,462.11,590064555.6100134
02/16/2023,ProShares Ultra VIX Short-Term Futures ETF,UVXY,1269.321235,1173.349235,8.17932,95.972,462.11,586570707.0079948
02/15/2023,ProShares Ultra VIX Short-Term Futures ETF,UVXY,1173.34923,1206.41273,-2.74065,-33.0635,461.31,541282051.2164664
02/14/2023,ProShares Ultra VIX Short-Term Futures ETF,UVXY,1206.41266,1282.92591,-5.96396,-76.51325,454.31,548089775.1631888
02/13/2023,ProShares Ultra VIX Short-Term Futures ETF,UVXY,1282.9260325,1359.2455325,-5.61484,-76.3195,456.71,585929869.4708746
02/10/2023,ProShares Ultra VIX Short-Term Futures ETF,UVXY,1359.245555,1336.770055,1.68133,22.4755,456.71,620786039.4476924
02/09/2023,ProShares Ultra VIX Short-Term Futures ETF,UVXY,1336.76994,1276.40094,4.72963,60.369,473.11,632444145.6267792
02/08/2023,ProShares Ultra VIX Short-Term Futures ETF,UVXY,1276.4010075,1203.4952575,6.05783,72.90575,475.11,606435579.8290326
02/07/2023,ProShares Ultra VIX Short-Term Futures ETF,UVXY,1203.495185,1263.709685,-4.76490,-60.2145,480.71,578536599.2436308
02/06/2023,ProShares Ultra VIX Short-Term Futures ETF,UVXY,1263.7097825,1218.4917825,3.71098,45.218,480.71,607482579.9975746
02/03/2023,ProShares Ultra VIX Short-Term Futures ETF,UVXY,1218.491705,1206.187955,1.02005,12.30375,482.11,587451519.9470244
02/02/2023,ProShares Ultra VIX Short-Term Futures ETF,UVXY,1206.18794,1164.55919,3.57464,41.62875,485.71,585861983.1090192
02/01/2023,ProShares Ultra VIX Short-Term Futures ETF,UVXY,1164.5593075,1224.1405575,-4.86719,-59.58125,485.71,565642386.8240766
01/31/2023,ProShares Ultra VIX Short-Term Futures ETF,UVXY,1224.14066,1267.26016,-3.40258,-43.1195,485.71,594581864.8062288
01/30/2023,ProShares Ultra VIX Short-Term Futures ETF,UVXY,1267.26023,1211.78323,4.57813,55.477,485.71,615525629.8309464
01/27/2023,ProShares Ultra VIX Short-Term Futures ETF,UVXY,1211.783275,1245.076525,-2.67399,-33.29325,487.11,590276210.447702
01/26/2023,ProShares Ultra VIX Short-Term Futures ETF,UVXY,1245.07645,1270.20395,-1.97823,-25.1275,468.91,583833380.050836
01/25/2023,ProShares Ultra VIX Short-Term Futures ETF,UVXY,1270.20394,1268.34794,0.14633,1.856,451.51,573514455.2998992
01/24/2023,ProShares Ultra VIX Short-Term Futures ETF,UVXY,1268.347835,1346.460085,-5.80130,-78.11225,438.31,555934207.0788828
01/23/2023,ProShares Ultra VIX Short-Term Futures ETF,UVXY,1346.4600275,1376.5320275,-2.18462,-30.072,434.31,584786009.5164262
01/20/2023,ProShares Ultra VIX Short-Term Futures ETF,UVXY,1376.532075,1440.906575,-4.46764,-64.3745,430.91,593166502.076286
01/19/2023,ProShares Ultra VIX Short-Term Futures ETF,UVXY,1440.9065475,1435.2872975,0.39151,5.61925,430.91,620906342.9193198
01/18/2023,ProShares Ultra VIX Short-Term Futures ETF,UVXY,1435.2874125,1362.6824125,5.32809,72.605,430.91,618484980.778053
01/17/2023,ProShares Ultra VIX Short-Term Futures ETF,UVXY,1362.682485,1344.057735,1.38571,18.62475,421.11,573844235.9298948
01/13/2023,ProShares Ultra VIX Short-Term Futures ETF,UVXY,1344.0578525,1393.2571025,-3.53124,-49.19925,415.11,557936801.2841722
01/12/2023,ProShares Ultra VIX Short-Term Futures ETF,UVXY,1393.2571,1510.5011,-7.76193,-117.244,403.91,562755602.447128
01/11/2023,ProShares Ultra VIX Short-Term Futures ETF,UVXY,1510.5010025,1495.8375025,0.98029,14.6635,396.51,598934311.1449642
01/10/2023,ProShares Ultra VIX Short-Term Futures ETF,UVXY,1495.8374475,1597.0679475,-6.33852,-101.2305,390.31,583845818.8155318
01/09/2023,ProShares Ultra VIX Short-Term Futures ETF,UVXY,1597.067955,1585.623205,0.72178,11.44475,388.71,620802161.9981244
01/06/2023,ProShares Ultra VIX Short-Term Futures ETF,UVXY,1585.6233075,1642.2690575,-3.44924,-56.64575,385.91,611913725.6910966
01/05/2023,ProShares Ultra VIX Short-Term Futures ETF,UVXY,1642.268965,1620.695465,1.33113,21.5735,373.31,613081470.8739412
01/04/2023,ProShares Ultra VIX Short-Term Futures ETF,UVXY,1620.6953775,1693.4751275,-4.29766,-72.77975,373.31,605027755.5335142
01/03/2023,ProShares Ultra VIX Short-Term Futures ETF,UVXY,1693.4751375,1717.1668875,-1.37970,-23.69175,372.31,630503960.431131
12/30/2022,ProShares Ultra VIX Short-Term Futures ETF,UVXY,1717.166975,1723.239725,-0.35240,-6.07275,372.31,639324755.636718
12/29/2022,ProShares Ultra VIX Short-Term Futures ETF,UVXY,1723.2396775,1757.9919275,-1.97682,-34.75225,372.31,641585705.8520382
12/28/2022,ProShares Ultra VIX Short-Term Futures ETF,UVXY,1757.9918325,1750.8260825,0.40928,7.16575,372.31,654524408.5680186
12/27/2022,ProShares Ultra VIX Short-Term Futures ETF,UVXY,1750.825985,1768.928735,-1.02337,-18.10275,374.31,655358117.4849748
12/23/2022,ProShares Ultra VIX Short-Term Futures ETF,UVXY,1768.9286925,1836.7454425,-3.69222,-67.81675,379.51,671332637.7482634
12/22/2022,ProShares Ultra VIX Short-Term Futures ETF,UVXY,1836.7453175,1701.2313175,7.96564,135.514,379.11,696335276.5401934
12/21/2022,ProShares Ultra VIX Short-Term Futures ETF,UVXY,1701.231275,1805.522025,-5.77621,-104.29075,379.11,644960049.196342
12/20/2022,ProShares Ultra VIX Short-Term Futures ETF,UVXY,1805.5219075,1817.5746575,-0.66312,-12.05275,377.11,680887010.8579446
12/19/2022,ProShares Ultra VIX Short-Term Futures ETF,UVXY,1817.5747325,1890.5034825,-3.85764,-72.92875,379.51,689794475.4060906
12/16/2022,ProShares Ultra VIX Short-Term Futures ETF,UVXY,1890.5035325,1882.1847825,0.44197,8.31875,384.11,726168268.9215746
12/15/2022,ProShares Ultra VIX Short-Term Futures ETF,UVXY,1882.1847425,1716.7489925,9.63657,165.43575,393.11,739912570.5640274
12/14/2022,ProShares Ultra VIX Short-Term Futures ETF,UVXY,1716.7489525,1810.5927025,-5.18304,-93.84375,400.11,686894741.0209202
12/13/2022,ProShares Ultra VIX Short-Term Futures ETF,UVXY,1810.592615,1940.686365,-6.70349,-130.09375,400.11,724442874.1684732
12/12/2022,ProShares Ultra VIX Short-Term Futures ETF,UVXY,1940.68631,1954.22931,-0.69301,-13.543,400.11,776495141.2197208
12/09/2022,ProShares Ultra VIX Short-Term Futures ETF,UVXY,1954.229395,1890.837145,3.35260,63.39225,400.11,781913914.7976236
12/08/2022,ProShares Ultra VIX Short-Term Futures ETF,UVXY,1890.8370725,1949.1598225,-2.99220,-58.32275,400.11,756549779.3584018
12/07/2022,ProShares Ultra VIX Short-Term Futures ETF,UVXY,1949.159905,1904.071905,2.36798,45.088,415.51,809902605.0350004
12/06/2022,ProShares Ultra VIX Short-Term Futures ETF,UVXY,1904.0719825,1830.1652325,4.03826,73.90675,415.51,791167956.4334706
12/05/2022,ProShares Ultra VIX Short-Term Futures ETF,UVXY,1830.16523,1776.77548,3.00487,53.38975,415.51,760458689.7253464
12/02/2022,ProShares Ultra VIX Short-Term Futures ETF,UVXY,1776.7754625,1826.3067125,-2.71210,-49.53125,399.51,709846103.557077
12/01/2022,ProShares Ultra VIX Short-Term Futures ETF,UVXY,1826.30679,1881.64754,-2.94108,-55.34075,391.51,715024092.1618872
11/30/2022,ProShares Ultra VIX Short-Term Futures ETF,UVXY,1881.64757,1990.37732,-5.46277,-108.72975,390.11,734056457.9957576
11/29/2022,ProShares Ultra VIX Short-Term Futures ETF,UVXY,1990.37741,2037.08916,-2.29306,-46.71175,388.31,772890776.6659688
11/28/2022,ProShares Ultra VIX Short-Term Futures ETF,UVXY,2037.0890675,1929.0248175,5.60201,108.06425,388.31,791029552.2886934
11/25/2022,ProShares Ultra VIX Short-Term Futures ETF,UVXY,1929.0246975,1913.2409475,0.82497,15.78375,375.11,723603553.0901118
11/23/2022,ProShares Ultra VIX Short-Term Futures ETF,UVXY,1913.24089,1979.32589,-3.33876,-66.085,369.11,706203385.6343752
11/22/2022,ProShares Ultra VIX Short-Term Futures ETF,UVXY,1979.325775,2087.024025,-5.16037,-107.69825,350.71,694176626.469102
11/21/2022,ProShares Ultra VIX Short-Term Futures ETF,UVXY,2087.0240675,2177.1735675,-4.14067,-90.1495,348.71,727773842.8264934
11/18/2022,ProShares Ultra VIX Short-Term Futures ETF,UVXY,2177.1734425,2209.6396925,-1.46930,-32.46625,342.51,745711687.7889434
11/17/2022,ProShares Ultra VIX Short-Term Futures ETF,UVXY,2209.6395775,2247.6048275,-1.68914,-37.96525,339.71,750644792.3461702
11/16/2022,ProShares Ultra VIX Short-Term Futures ETF,UVXY,2247.60477,2342.48977,-4.05060,-94.885,339.71,763542087.6022536
11/15/2022,ProShares Ultra VIX Short-Term Futures ETF,UVXY,2342.489875,2292.818875,2.16637,49.671,336.71,788748386.17399
11/14/2022,ProShares Ultra VIX Short-Term Futures ETF,UVXY,2292.8188,2296.9173,-0.17843,-4.0985,336.71,772023455.721184
11/11/2022,ProShares Ultra VIX Short-Term Futures ETF,UVXY,2296.9173025,2338.0443025,-1.75903,-41.127,334.91,769269026.4359482
11/10/2022,ProShares Ultra VIX Short-Term Futures ETF,UVXY,2338.0442925,2550.9597925,-8.34649,-212.9155,334.51,782107800.2871714
11/09/2022,ProShares Ultra VIX Short-Term Futures ETF,UVXY,2550.9597375,2439.2469875,4.57980,111.71275,334.51,853330929.322959
11/08/2022,ProShares Ultra VIX Short-Term Futures ETF,UVXY,2439.2469125,2333.4154125,4.53548,105.8315,338.91,826694147.544013
11/07/2022,ProShares Ultra VIX Short-Term Futures ETF,UVXY,2333.4153375,2381.9728375,-2.03854,-48.5575,327.31,763758761.085567
11/04/2022,ProShares Ultra VIX Short-Term Futures ETF,UVXY,2381.97288,2411.69888,-1.23258,-29.726,327.31,779652309.0129984
11/03/2022,ProShares Ultra VIX Short-Term Futures ETF,UVXY,2411.698975,2507.825975,-3.83308,-96.127,307.91,742595106.444478
11/02/2022,ProShares Ultra VIX Short-Term Futures ETF,UVXY,2507.826075,2402.592075,4.38002,105.234,299.31,750626651.308206
11/01/2022,ProShares Ultra VIX Short-Term Futures ETF,UVXY,2402.5921,2445.9976,-1.77455,-43.4055,291.31,699907946.189928
10/31/2022,ProShares Ultra VIX Short-Term Futures ETF,UVXY,2445.99748,2507.52523,-2.45372,-61.52775,282.71,691516948.8415264
10/28/2022,ProShares Ultra VIX Short-Term Futures ETF,UVXY,2507.5253325,2595.5330825,-3.39074,-88.00775,270.71,678821410.4542986
10/27/2022,ProShares Ultra VIX Short-Term Futures ETF,UVXY,2595.53315,2673.48565,-2.91576,-77.9525,270.71,702646330.598492
10/26/2022,ProShares Ultra VIX Short-Term Futures ETF,UVXY,2673.48555,2768.7838,-3.44188,-95.29825,269.11,719471534.787324
10/25/2022,ProShares Ultra VIX Short-Term Futures ETF,UVXY,2768.78371,2936.82371,-5.72183,-168.04,267.71,741241276.1281528
10/24/2022,ProShares Ultra VIX Short-Term Futures ETF,UVXY,2936.8236325,3026.0668825,-2.94915,-89.24325,265.31,779179485.4495426
10/21/2022,ProShares Ultra VIX Short-Term Futures ETF,UVXY,3026.066965,3024.028215,0.06742,2.03875,265.31,802856962.4105812
10/20/2022,ProShares Ultra VIX Short-Term Futures ETF,UVXY,3024.028185,3088.243685,-2.07935,-64.2155,265.31,802316046.1860708
10/19/2022,ProShares Ultra VIX Short-Term Futures ETF,UVXY,3088.2437675,3050.5915175,1.23426,37.65225,265.31,819353318.6924894
10/18/2022,ProShares Ultra VIX Short-Term Futures ETF,UVXY,3050.5915825,3158.9388325,-3.42986,-108.34725,265.31,809363678.9300986
10/17/2022,ProShares Ultra VIX Short-Term Futures ETF,UVXY,3158.9388275,3269.2100775,-3.37302,-110.27125,274.71,867803710.1974102
10/14/2022,ProShares Ultra VIX Short-Term Futures ETF,UVXY,3269.210085,3172.304585,3.05474,96.9055,274.71,898096733.1434628
10/13/2022,ProShares Ultra VIX Short-Term Futures ETF,UVXY,3172.3045425,3303.9870425,-3.98556,-131.6825,283.11,898122813.1078914
10/12/2022,ProShares Ultra VIX Short-Term Futures ETF,UVXY,3303.98696,3373.24121,-2.05305,-69.25425,291.51,963157397.3816128
10/11/2022,ProShares Ultra VIX Short-Term Futures ETF,UVXY,3373.241215,3295.399965,2.36212,77.84125,291.51,983345960.1123212
10/10/2022,ProShares Ultra VIX Short-Term Futures ETF,UVXY,3295.39991,3174.87166,3.79632,120.52825,291.51,960654154.8357688
10/07/2022,ProShares Ultra VIX Short-Term Futures ETF,UVXY,3174.871755,2992.063755,6.10976,182.808,294.31,934408189.7421084
10/06/2022,ProShares Ultra VIX Short-Term Futures ETF,UVXY,2992.0637975,2863.2662975,4.49827,128.7975,299.11,894967213.2649998
10/05/2022,ProShares Ultra VIX Short-Term Futures ETF,UVXY,2863.2663675,2835.2991175,0.98640,27.96725,299.11,856442140.0031574
10/04/2022,ProShares Ultra VIX Short-Term Futures ETF,UVXY,2835.29907,3002.49807,-5.56866,-167.199,301.31,854314396.6822776
10/03/2022,ProShares Ultra VIX Short-Term Futures ETF,UVXY,3002.4979975,3219.0594975,-6.72748,-216.5615,301.31,904693720.8193558
09/30/2022,ProShares Ultra VIX Short-Term Futures ETF,UVXY,3219.05959,3125.05209,3.00819,94.0075,309.31,995699167.9221912
09/29/2022,ProShares Ultra VIX Short-Term Futures ETF,UVXY,3125.052155,2982.029405,4.79615,143.02275,313.11,978496580.4439804
09/28/2022,ProShares Ultra VIX Short-Term Futures ETF,UVXY,2982.02936,3188.47436,-6.47473,-206.445,320.91,956974015.7856448
09/27/2022,ProShares Ultra VIX Short-Term Futures ETF,UVXY,3188.474445,3118.354195,2.24863,70.12025,325.91,1039167439.9559076
09/26/2022,ProShares Ultra VIX Short-Term Futures ETF,UVXY,3118.35415,2962.68665,5.25427,155.6675,337.11,1051239843.049772
09/23/2022,ProShares Ultra VIX Short-Term Futures ETF,UVXY,2962.68671,2713.73321,9.17384,248.9535,362.51,1074014461.9291928
09/22/2022,ProShares Ultra VIX Short-Term Futures ETF,UVXY,2713.733175,2729.244675,-0.56834,-15.5115,397.31,1078203314.297334
09/21/2022,ProShares Ultra VIX Short-Term Futures ETF,UVXY,2729.2447775,2611.6820275,4.50142,117.56275,414.71,1131855145.2978062
09/20/2022,ProShares Ultra VIX Short-Term Futures ETF,UVXY,2611.682035,2488.070035,4.96819,123.612,414.71,1083100267.7247388
09/19/2022,ProShares Ultra VIX Short-Term Futures ETF,UVXY,2488.070135,2589.730885,-3.92553,-101.66075,415.51,1033827177.8919468
09/16/2022,ProShares Ultra VIX Short-Term Futures ETF,UVXY,2589.73095,2604.54695,-0.56885,-14.816,415.51,1076068637.244396
09/15/2022,ProShares Ultra VIX Short-Term Futures ETF,UVXY,2604.546855,2620.980355,-0.62700,-16.4335,439.91,1145775791.7154764
09/14/2022,ProShares Ultra VIX Short-Term Futures ETF,UVXY,2620.98047,2636.27497,-0.58016,-15.2945,439.91,1153005163.7658296
09/13/2022,ProShares Ultra VIX Short-Term Futures ETF,UVXY,2636.275015,2316.215265,13.81822,320.05975,457.91,1207186393.6107052
09/12/2022,ProShares Ultra VIX Short-Term Futures ETF,UVXY,2316.2152175,2337.5869675,-0.91427,-21.37175,468.31,1084715272.1794254
09/09/2022,ProShares Ultra VIX Short-Term Futures ETF,UVXY,2337.586965,2367.350465,-1.25725,-29.7635,456.31,1066672910.3191812
09/08/2022,ProShares Ultra VIX Short-Term Futures ETF,UVXY,2367.35046,2426.96446,-2.45632,-59.614,434.11,1027699220.0402928
09/07/2022,ProShares Ultra VIX Short-Term Futures ETF,UVXY,2426.96446,2658.43971,-8.70718,-231.47525,422.91,1026396471.0078128
09/06/2022,ProShares Ultra VIX Short-Term Futures ETF,UVXY,2658.439655,2562.070405,3.76138,96.36925,422.91,1124290497.5539804
09/02/2022,ProShares Ultra VIX Short-Term Futures ETF,UVXY,2562.07046,2529.06296,1.30513,33.0075,422.91,1083534646.6578928
09/01/2022,ProShares Ultra VIX Short-Term Futures ETF,UVXY,2529.0630075,2556.6690075,-1.07976,-27.606,422.91,1069575343.4536926
08/31/2022,ProShares Ultra VIX Short-Term Futures ETF,UVXY,2556.6690125,2642.9515125,-3.26463,-86.2825,472.11,1207038416.033341
08/30/2022,ProShares Ultra VIX Short-Term Futures ETF,UVXY,2642.9516,2579.32585,2.46676,63.62575,483.51,1277903254.177888
08/29/2022,ProShares Ultra VIX Short-Term Futures ETF,UVXY,2579.325885,2602.622885,-0.89514,-23.297,496.51,1280670587.0806068
08/26/2022,ProShares Ultra VIX Short-Term Futures ETF,UVXY,2602.622845,2270.081595,14.64887,332.54125,536.11,1395301711.0850196
08/25/2022,ProShares Ultra VIX Short-Term Futures ETF,UVXY,2270.0815125,2372.7217625,-4.32584,-102.64025,557.11,1264693465.328841
08/24/2022,ProShares Ultra VIX Short-Term Futures ETF,UVXY,2372.7218525,2507.5403525,-5.37652,-134.8185,557.11,1321875802.8626922
08/23/2022,ProShares Ultra VIX Short-Term Futures ETF,UVXY,2507.5402725,2577.2522725,-2.70490,-69.712,557.11,1396984988.9606778
08/22/2022,ProShares Ultra VIX Short-Term Futures ETF,UVXY,2577.2522675,2340.3415175,10.12291,236.91075,559.51,1442007900.4772694
08/19/2022,ProShares Ultra VIX Short-Term Futures ETF,UVXY,2340.341545,2185.447045,7.08754,154.8945,581.91,1361876760.9078356
08/18/2022,ProShares Ultra VIX Short-Term Futures ETF,UVXY,2185.446975,2225.302975,-1.79104,-39.856,581.91,1271741491.667118
08/17/2022,ProShares Ultra VIX Short-Term Futures ETF,UVXY,2225.303005,2247.992505,-1.00932,-22.6895,577.91,1286033048.7346084
08/16/2022,ProShares Ultra VIX Short-Term Futures ETF,UVXY,2247.9925775,2218.2908275,1.33895,29.70175,568.71,1278464131.3627102
08/15/2022,ProShares Ultra VIX Short-Term Futures ETF,UVXY,2218.29092,2285.38392,-2.93574,-67.093,560.71,1243826065.0637856
08/12/2022,ProShares Ultra VIX Short-Term Futures ETF,UVXY,2285.3838575,2320.7708575,-1.52480,-35.387,560.71,1281445992.9514206
08/11/2022,ProShares Ultra VIX Short-Term Futures ETF,UVXY,2320.77089,2286.77464,1.48665,33.99625,559.31,1298038906.9227752
08/10/2022,ProShares Ultra VIX Short-Term Futures ETF,UVXY,2286.77462,2515.06137,-9.07679,-228.28675,547.31,1251583032.6028016
08/09/2022,ProShares Ultra VIX Short-Term Futures ETF,UVXY,2515.06126,2482.64601,1.30567,32.41525,546.51,1374515384.6280368
08/08/2022,ProShares Ultra VIX Short-Term Futures ETF,UVXY,2482.646085,2463.610835,0.77266,19.03525,534.91,1328001353.4649428
08/05/2022,ProShares Ultra VIX Short-Term Futures ETF,UVXY,2463.6109325,2553.2309325,-3.51006,-89.62,527.91,1300573913.4643066
08/04/2022,ProShares Ultra VIX Short-Term Futures ETF,UVXY,2553.2308725,2541.8896225,0.44617,11.34125,526.71,1344821628.7440858
08/03/2022,ProShares Ultra VIX Short-Term Futures ETF,UVXY,2541.88959,2752.75859,-7.66028,-210.869,526.11,1337322886.3485912
08/02/2022,ProShares Ultra VIX Short-Term Futures ETF,UVXY,2752.7586175,2699.2243675,1.98332,53.53425,526.11,1448263966.4046374
08/01/2022,ProShares Ultra VIX Short-Term Futures ETF,UVXY,2699.224365,2579.763615,4.63069,119.46075,526.11,1420098863.8158132
07/29/2022,ProShares Ultra VIX Short-Term Futures ETF,UVXY,2579.76353,2615.83428,-1.37894,-36.07075,504.91,1302557897.4620904
07/28/2022,ProShares Ultra VIX Short-Term Futures ETF,UVXY,2615.8343525,2827.7598525,-7.49447,-211.9255,494.71,1294089038.7956922
07/27/2022,ProShares Ultra VIX Short-Term Futures ETF,UVXY,2827.75986,2980.74936,-5.13259,-152.9895,487.11,1377440511.5608848
07/26/2022,ProShares Ultra VIX Short-Term Futures ETF,UVXY,2980.749365,2868.014115,3.93078,112.73525,480.71,1432886996.4068132
07/25/2022,ProShares Ultra VIX Short-Term Futures ETF,UVXY,2868.0141075,2912.7553575,-1.53605,-44.74125,476.71,1367221559.4782406
07/22/2022,ProShares Ultra VIX Short-Term Futures ETF,UVXY,2912.755375,2951.468875,-1.31167,-38.7135,460.71,1341946247.75603
07/21/2022,ProShares Ultra VIX Short-Term Futures ETF,UVXY,2951.4688125,3040.0005625,-2.91223,-88.53175,430.91,1271828287.399605
07/20/2022,ProShares Ultra VIX Short-Term Futures ETF,UVXY,3040.0005325,3175.0127825,-4.25234,-135.01225,397.51,1208441798.8760346
07/19/2022,ProShares Ultra VIX Short-Term Futures ETF,UVXY,3175.012685,3243.300435,-2.10550,-68.28775,367.51,1166860595.9110308
07/18/2022,ProShares Ultra VIX Short-Term Futures ETF,UVXY,3243.3003475,3101.0318475,4.58778,142.2685,359.91,1167308163.4140038
07/15/2022,ProShares Ultra VIX Short-Term Futures ETF,UVXY,3101.0317675,3358.7697675,-7.67358,-257.738,334.91,1038577961.0503294
07/14/2022,ProShares Ultra VIX Short-Term Futures ETF,UVXY,3358.7697475,3348.7157475,0.30023,10.054,313.11,1051676755.9123958
07/13/2022,ProShares Ultra VIX Short-Term Futures ETF,UVXY,3348.71577,3422.16252,-2.14621,-73.44675,327.31,1096080481.9527336
07/12/2022,ProShares Ultra VIX Short-Term Futures ETF,UVXY,3422.162445,3395.393445,0.78839,26.769,327.31,1120120583.4307476
07/11/2022,ProShares Ultra VIX Short-Term Futures ETF,UVXY,3395.39334,3242.57909,4.71274,152.81425,325.11,1103888823.8148912
07/08/2022,ProShares Ultra VIX Short-Term Futures ETF,UVXY,3242.57912,3352.86862,-3.28941,-110.2895,308.91,1001677048.6503616
07/07/2022,ProShares Ultra VIX Short-Term Futures ETF,UVXY,3352.8686775,3406.8034275,-1.58315,-53.93475,283.91,951925284.7857582
07/06/2022,ProShares Ultra VIX Short-Term Futures ETF,UVXY,3406.80331,3491.10406,-2.41473,-84.30075,272.91,929763228.3682808
07/05/2022,ProShares Ultra VIX Short-Term Futures ETF,UVXY,3491.104145,3488.555645,0.07305,2.5485,267.91,935314558.7502036
07/01/2022,ProShares Ultra VIX Short-Term Futures ETF,UVXY,3488.5557675,3630.3622675,-3.90613,-141.8065,268.91,938120369.3236494
06/30/2022,ProShares Ultra VIX Short-Term Futures ETF,UVXY,3630.36222,3576.56297,1.50422,53.79925,268.91,976254064.3131696
06/29/2022,ProShares Ultra VIX Short-Term Futures ETF,UVXY,3576.5630725,3570.6058225,0.16684,5.95725,268.31,959640799.7345818
06/28/2022,ProShares Ultra VIX Short-Term Futures ETF,UVXY,3570.605815,3414.658565,4.56699,155.94725,268.31,958042386.0520492
06/27/2022,ProShares Ultra VIX Short-Term Futures ETF,UVXY,3414.65865,3597.8299,-5.09116,-183.17125,253.71,866345612.035332
06/24/2022,ProShares Ultra VIX Short-Term Futures ETF,UVXY,3597.829975,3693.463225,-2.58926,-95.63325,253.71,912818682.971558
06/23/2022,ProShares Ultra VIX Short-Term Futures ETF,UVXY,3693.463325,3691.393825,0.05606,2.0695,242.31,894976690.225786
06/22/2022,ProShares Ultra VIX Short-Term Futures ETF,UVXY,3691.393905,3939.201155,-6.29080,-247.80725,232.71,859037859.9621204
06/21/2022,ProShares Ultra VIX Short-Term Futures ETF,UVXY,3939.2010775,4051.3460775,-2.76809,-112.145,232.71,916705979.0049902
06/17/2022,ProShares Ultra VIX Short-Term Futures ETF,UVXY,4051.34606,4251.47556,-4.70730,-200.1295,232.71,942803650.5761008
06/16/2022,ProShares Ultra VIX Short-Term Futures ETF,UVXY,4251.4754975,3887.8787475,9.35206,363.59675,245.71,1044645689.9205558
06/15/2022,ProShares Ultra VIX Short-Term Futures ETF,UVXY,3887.8788375,4244.6173375,-8.40449,-356.7385,248.71,966968653.068747
06/14/2022,ProShares Ultra VIX Short-Term Futures ETF,UVXY,4244.61743,4462.60918,-4.88485,-217.99175,246.91,1048054109.8334424
06/13/2022,ProShares Ultra VIX Short-Term Futures ETF,UVXY,4462.6091325,3705.5416325,20.43068,757.0675,266.51,1189346382.3041826
06/10/2022,ProShares Ultra VIX Short-Term Futures ETF,UVXY,3705.5416025,3401.3643525,8.94280,304.17725,296.31,1098002668.6298722
06/09/2022,ProShares Ultra VIX Short-Term Futures ETF,UVXY,3401.3642525,3155.7960025,7.78150,245.56825,320.51,1090183773.5892242
06/08/2022,ProShares Ultra VIX Short-Term Futures ETF,UVXY,3155.795995,3161.452495,-0.17892,-5.6565,311.51,983073623.7317116
06/07/2022,ProShares Ultra VIX Short-Term Futures ETF,UVXY,3161.452505,3299.728005,-4.19051,-138.2755,293.31,927297268.3867684
06/06/2022,ProShares Ultra VIX Short-Term Futures ETF,UVXY,3299.7280675,3365.7455675,-1.96145,-66.0175,279.31,921659189.5327134
06/03/2022,ProShares Ultra VIX Short-Term Futures ETF,UVXY,3365.7454875,3312.7682375,1.59918,52.97725,267.71,901056110.402019
06/02/2022,ProShares Ultra VIX Short-Term Futures ETF,UVXY,3312.7683425,3415.2705925,-3.00129,-102.50225,260.31,862358918.2236754
06/01/2022,ProShares Ultra VIX Short-Term Futures ETF,UVXY,3415.2705525,3457.3585525,-1.21735,-42.088,234.31,800244611.3519082
05/31/2022,ProShares Ultra VIX Short-Term Futures ETF,UVXY,3457.3585925,3539.8815925,-2.33124,-82.523,226.51,783139017.8667954
05/27/2022,ProShares Ultra VIX Short-Term Futures ETF,UVXY,3539.8816775,3754.3406775,-5.71229,-214.459,219.11,775636501.1215982
05/26/2022,ProShares Ultra VIX Short-Term Futures ETF,UVXY,3754.340675,3816.924175,-1.63963,-62.5835,202.31,759554477.932934
05/25/2022,ProShares Ultra VIX Short-Term Futures ETF,UVXY,3816.9241375,3959.4413875,-3.59943,-142.51725,202.31,772215968.538451
05/24/2022,ProShares Ultra VIX Short-Term Futures ETF,UVXY,3959.4414375,3941.6966875,0.45018,17.74475,202.31,801049167.965115
05/23/2022,ProShares Ultra VIX Short-Term Futures ETF,UVXY,3941.6965825,4005.0380825,-1.58155,-63.3415,202.31,797459141.0489986
05/20/2022,ProShares Ultra VIX Short-Term Futures ETF,UVXY,4005.038085,3976.039585,0.72933,28.9985,201.91,808671978.2825028
05/19/2022,ProShares Ultra VIX Short-Term Futures ETF,UVXY,3976.03968,4441.45393,-10.47887,-465.41425,197.51,785322229.0228224
05/18/2022,ProShares Ultra VIX Short-Term Futures ETF,UVXY,4441.453825,3641.230325,21.97673,800.2235,197.51,877247889.525826
05/17/2022,ProShares Ultra VIX Short-Term Futures ETF,UVXY,3641.2302625,3765.2627625,-3.29413,-124.0325,186.31,678411009.933741
05/16/2022,ProShares Ultra VIX Short-Term Futures ETF,UVXY,3765.2627275,4034.3017275,-6.66879,-269.039,174.51,657089854.7428622
05/13/2022,ProShares Ultra VIX Short-Term Futures ETF,UVXY,4034.3017525,4451.1582525,-9.36512,-416.8565,173.31,699199682.9562242
05/12/2022,ProShares Ultra VIX Short-Term Futures ETF,UVXY,4451.15824,4572.94924,-2.66329,-121.791,173.31,771446614.8367232
05/11/2022,ProShares Ultra VIX Short-Term Futures ETF,UVXY,4572.949165,4614.044665,-0.89066,-41.0955,178.11,814504804.2310772
05/10/2022,ProShares Ultra VIX Short-Term Futures ETF,UVXY,4614.04456,4888.78581,-5.61983,-274.74125,178.91,825515691.9135808
05/09/2022,ProShares Ultra VIX Short-Term Futures ETF,UVXY,4888.7859,4351.78015,12.33991,537.00575,197.71,966579851.021112
05/06/2022,ProShares Ultra VIX Short-Term Futures ETF,UVXY,4351.780105,4470.894355,-2.66422,-119.11425,202.91,883035715.6563364
05/05/2022,ProShares Ultra VIX Short-Term Futures ETF,UVXY,4470.8944575,3495.3312075,27.91047,975.56325,215.31,962644738.5359286
05/04/2022,ProShares Ultra VIX Short-Term Futures ETF,UVXY,3495.3311475,4070.1738975,-14.12330,-574.84275,219.71,767972069.2358478
05/03/2022,ProShares Ultra VIX Short-Term Futures ETF,UVXY,4070.173805,4468.544555,-8.91500,-398.37075,219.71,894272864.9361524
05/02/2022,ProShares Ultra VIX Short-Term Futures ETF,UVXY,4468.5444975,4587.6397475,-2.59600,-119.09525,218.91,978225520.1914758
04/29/2022,ProShares Ultra VIX Short-Term Futures ETF,UVXY,4587.63963,4115.47088,11.47302,472.16875,241.31,1107060201.6291384
04/28/2022,ProShares Ultra VIX Short-Term Futures ETF,UVXY,4115.470825,4427.821575,-7.05428,-312.35075,249.31,1026043176.313386
04/27/2022,ProShares Ultra VIX Short-Term Futures ETF,UVXY,4427.8214675,4320.2742175,2.48936,107.54725,249.11,1103030900.1519254
04/26/2022,ProShares Ultra VIX Short-Term Futures ETF,UVXY,4320.2742225,3730.4869725,15.80993,589.78725,261.51,1129810810.5351138
04/25/2022,ProShares Ultra VIX Short-Term Futures ETF,UVXY,3730.486985,3875.527235,-3.74246,-145.04025,284.31,1060628482.8974548
04/22/2022,ProShares Ultra VIX Short-Term Futures ETF,UVXY,3875.52729,3249.10804,19.27973,626.41925,346.91,1344473434.1143272
04/21/2022,ProShares Ultra VIX Short-Term Futures ETF,UVXY,3249.1080325,2927.7407825,10.97663,321.36725,368.31,1196690936.1676346
04/20/2022,ProShares Ultra VIX Short-Term Futures ETF,UVXY,2927.74073,3034.09873,-3.50542,-106.358,358.11,1048464006.9061864
04/19/2022,ProShares Ultra VIX Short-Term Futures ETF,UVXY,3034.0988425,3287.1395925,-7.69790,-253.04075,342.91,1040433999.5654154
04/18/2022,ProShares Ultra VIX Short-Term Futures ETF,UVXY,3287.139585,3352.858335,-1.96008,-65.71875,340.31,1118658568.8450228
04/14/2022,ProShares Ultra VIX Short-Term Futures ETF,UVXY,3352.85821,3217.94421,4.19255,134.914,340.31,1141023515.9633128
04/13/2022,ProShares Ultra VIX Short-Term Futures ETF,UVXY,3217.9440875,3607.4508375,-10.79729,-389.50675,336.91,1084169384.553867
04/12/2022,ProShares Ultra VIX Short-Term Futures ETF,UVXY,3607.4509125,3545.8386625,1.73759,61.61225,336.91,1215399562.349733
04/11/2022,ProShares Ultra VIX Short-Term Futures ETF,UVXY,3545.838735,3275.729735,8.24577,270.109,336.91,1194641576.8953948
04/08/2022,ProShares Ultra VIX Short-Term Futures ETF,UVXY,3275.729755,3278.265005,-0.07734,-2.53525,343.51,1125257982.8255484
04/07/2022,ProShares Ultra VIX Short-Term Futures ETF,UVXY,3278.2650675,3413.7875675,-3.96986,-135.5225,343.11,1124817591.3253734
04/06/2022,ProShares Ultra VIX Short-Term Futures ETF,UVXY,3413.7875825,3316.1398325,2.94462,97.64775,343.11,1171317220.1698786
04/05/2022,ProShares Ultra VIX Short-Term Futures ETF,UVXY,3316.1398275,2933.8423275,13.03061,382.2975,348.31,1155056866.7110902
04/04/2022,ProShares Ultra VIX Short-Term Futures ETF,UVXY,2933.8423825,3179.0091325,-7.71205,-245.16675,344.71,1011335604.2115426
04/01/2022,ProShares Ultra VIX Short-Term Futures ETF,UVXY,3179.00904,3376.98179,-5.86242,-197.97275,334.11,1062150409.1076672
03/31/2022,ProShares Ultra VIX Short-Term Futures ETF,UVXY,3376.9817725,3138.6227725,7.59438,238.359,334.11,1128295807.3028978
03/30/2022,ProShares Ultra VIX Short-Term Futures ETF,UVXY,3138.62287,3070.24962,2.22696,68.37325,329.51,1034219172.0258616
03/29/2022,ProShares Ultra VIX Short-Term Futures ETF,UVXY,3070.2495875,3301.7570875,-7.01165,-231.5075,302.71,929406551.150607
03/28/2022,ProShares Ultra VIX Short-Term Futures ETF,UVXY,3301.757145,3383.088145,-2.40405,-81.331,269.51,889868718.6152436
03/25/2022,ProShares Ultra VIX Short-Term Futures ETF,UVXY,3383.0880825,3542.9598325,-4.51238,-159.87175,267.51,905022342.7137186
03/24/2022,ProShares Ultra VIX Short-Term Futures ETF,UVXY,3542.95974,3660.03024,-3.19862,-117.0705,253.31,897480169.8312432
03/23/2022,ProShares Ultra VIX Short-Term Futures ETF,UVXY,3660.03032,3676.10632,-0.43731,-16.076,242.51,887607421.8147776
03/22/2022,ProShares Ultra VIX Short-Term Futures ETF,UVXY,3676.10624,3781.89274,-2.79718,-105.7865,235.31,865038087.4053632
03/21/2022,ProShares Ultra VIX Short-Term Futures ETF,UVXY,3781.89281,3813.35931,-0.82516,-31.4665,226.51,856650457.7586408
03/18/2022,ProShares Ultra VIX Short-Term Futures ETF,UVXY,3813.3591925,4144.2704425,-7.98479,-330.91125,214.91,819543057.2220034
03/17/2022,ProShares Ultra VIX Short-Term Futures ETF,UVXY,4144.2704975,4244.4614975,-2.36051,-100.191,206.11,854190843.1551558
03/16/2022,ProShares Ultra VIX Short-Term Futures ETF,UVXY,4244.4614825,5014.5982325,-15.35790,-770.13675,181.11,768730038.7138306
03/15/2022,ProShares Ultra VIX Short-Term Futures ETF,UVXY,5014.598275,5250.793525,-4.49828,-236.19525,174.11,873110159.381902
03/14/2022,ProShares Ultra VIX Short-Term Futures ETF,UVXY,5250.79341,4998.20866,5.05351,252.58475,180.11,945739723.9948488
03/11/2022,ProShares Ultra VIX Short-Term Futures ETF,UVXY,4998.20871,4843.33971,3.19757,154.869,173.51,867257586.6801528
03/10/2022,ProShares Ultra VIX Short-Term Futures ETF,UVXY,4843.33977,5193.86252,-6.74879,-350.52275,173.51,840385706.9830536
03/09/2022,ProShares Ultra VIX Short-Term Futures ETF,UVXY,5193.862505,5512.789505,-5.78522,-318.927,172.11,893934789.1495684
03/08/2022,ProShares Ultra VIX Short-Term Futures ETF,UVXY,5512.7893875,5621.3751375,-1.93166,-108.58575,166.31,916852290.100071
03/07/2022,ProShares Ultra VIX Short-Term Futures ETF,UVXY,5621.3751125,4946.7753625,13.63716,674.59975,177.51,997870982.880289
03/04/2022,ProShares Ultra VIX Short-Term Futures ETF,UVXY,4946.7753225,4675.7368225,5.79670,271.0385,181.51,897907392.9201618
03/03/2022,ProShares Ultra VIX Short-Term Futures ETF,UVXY,4675.7368525,4598.0558525,1.68943,77.681,188.91,883310655.5173922
03/02/2022,ProShares Ultra VIX Short-Term Futures ETF,UVXY,4598.0559075,5096.4464075,-9.77918,-498.3905,188.71,867716051.1500646
03/01/2022,ProShares Ultra VIX Short-Term Futures ETF,UVXY,5096.44635,4384.1656,16.24667,712.28075,188.11,958711277.821068
02/28/2022,ProShares Ultra VIX Short-Term Futures ETF,UVXY,4384.165655,4091.450905,7.15430,292.71475,194.51,852780195.2836604
02/25/2022,ProShares Ultra VIX Short-Term Futures ETF,UVXY,4091.45093,4350.36718,-5.95160,-258.91625,203.31,831847945.1177224
02/24/2022,ProShares Ultra VIX Short-Term Futures ETF,UVXY,4350.367055,4590.784805,-5.23696,-240.41775,202.51,881008841.6588124
02/23/2022,ProShares Ultra VIX Short-Term Futures ETF,UVXY,4590.7847625,4216.3940125,8.87941,374.39075,211.11,969177465.299301
02/22/2022,ProShares Ultra VIX Short-Term Futures ETF,UVXY,4216.3939075,4259.1444075,-1.00373,-42.7505,211.11,890138434.1419046
02/18/2022,ProShares Ultra VIX Short-Term Futures ETF,UVXY,4259.144405,4131.743405,3.08347,127.401,211.11,899163648.9909604
02/17/2022,ProShares Ultra VIX Short-Term Futures ETF,UVXY,4131.7434525,3485.1087025,18.55422,646.63475,215.71,891273584.9546802
02/16/2022,ProShares Ultra VIX Short-Term Futures ETF,UVXY,3485.1086575,3719.9301575,-6.31252,-234.8215,215.71,751785613.7091846
02/15/2022,ProShares Ultra VIX Short-Term Futures ETF,UVXY,3719.9301575,4231.7489075,-12.09473,-511.81875,210.11,781608214.7353046
02/14/2022,ProShares Ultra VIX Short-Term Futures ETF,UVXY,4231.7488,4208.68455,0.54802,23.06425,217.91,922155953.843584
02/11/2022,ProShares Ultra VIX Short-Term Futures ETF,UVXY,4208.68454,3521.81804,19.50318,686.8665,238.91,1005512311.4105072
02/10/2022,ProShares Ultra VIX Short-Term Futures ETF,UVXY,3521.8180875,3079.7165875,14.35527,442.1015,245.31,863950155.335187
02/09/2022,ProShares Ultra VIX Short-Term Futures ETF,UVXY,3079.71663,3259.40013,-5.51278,-179.6835,241.11,742561810.0164984
02/08/2022,ProShares Ultra VIX Short-Term Futures ETF,UVXY,3259.400135,3517.400385,-7.33497,-258.00025,215.71,703097197.7133468
02/07/2022,ProShares Ultra VIX Short-Term Futures ETF,UVXY,3517.40037,3653.44712,-3.72379,-136.04675,211.71,744681776.3660616
02/04/2022,ProShares Ultra VIX Short-Term Futures ETF,UVXY,3653.44716,3908.88091,-6.53470,-255.43375,200.91,734027513.6011488
02/03/2022,ProShares Ultra VIX Short-Term Futures ETF,UVXY,3908.8809,3267.81265,19.61766,641.06825,206.31,806455603.160712
02/02/2022,ProShares Ultra VIX Short-Term Futures ETF,UVXY,3267.8126225,3375.5563725,-3.19188,-107.74375,205.11,670273072.5514258
02/01/2022,ProShares Ultra VIX Short-Term Futures ETF,UVXY,3375.556485,3805.061985,-11.28774,-429.5055,169.31,571527890.5232148
01/31/2022,ProShares Ultra VIX Short-Term Futures ETF,UVXY,3805.0621075,4232.6788575,-10.10274,-427.61675,145.91,555210614.7338806
01/28/2022,ProShares Ultra VIX Short-Term Futures ETF,UVXY,4232.67883,4665.71358,-9.28121,-433.03475,143.91,609140386.6833944
01/27/2022,ProShares Ultra VIX Short-Term Futures ETF,UVXY,4665.7136575,4606.5526575,1.28428,59.161,146.51,683590877.7865846
01/26/2022,ProShares Ultra VIX Short-Term Futures ETF,UVXY,4606.552695,4498.038945,2.41247,108.51375,147.71,680450850.6923676
01/25/2022,ProShares Ultra VIX Short-Term Futures ETF,UVXY,4498.03888,4465.59263,0.72658,32.44625,147.71,664421875.7478784
01/24/2022,ProShares Ultra VIX Short-Term Futures ETF,UVXY,4465.59275,4293.091,4.01812,172.50175,157.31,702498828.88382
01/21/2022,ProShares Ultra VIX Short-Term Futures ETF,UVXY,4293.0910675,3775.4623175,13.71034,517.62875,205.51,882288943.8570534
01/20/2022,ProShares Ultra VIX Short-Term Futures ETF,UVXY,3775.4624025,3578.3986525,5.50704,197.06375,240.51,908050356.1269162
01/19/2022,ProShares Ultra VIX Short-Term Futures ETF,UVXY,3578.3985625,3430.8625625,4.30026,147.536,240.51,860653806.773585
01/18/2022,ProShares Ultra VIX Short-Term Futures ETF,UVXY,3430.8626725,3066.3456725,11.88767,364.517,240.51,825169406.9376098
01/14/2022,ProShares Ultra VIX Short-Term Futures ETF,UVXY,3066.3456425,3150.9323925,-2.68450,-84.58675,264.71,811703639.1781394
01/13/2022,ProShares Ultra VIX Short-Term Futures ETF,UVXY,3150.9323675,2889.0373675,9.06513,261.895,270.71,853000496.6370374
01/12/2022,ProShares Ultra VIX Short-Term Futures ETF,UVXY,2889.037385,2911.500635,-0.77154,-22.46325,267.31,772279215.0419268
01/11/2022,ProShares Ultra VIX Short-Term Futures ETF,UVXY,2911.50067,3080.94992,-5.49990,-169.44925,259.71,756156553.3281656
01/10/2022,ProShares Ultra VIX Short-Term Futures ETF,UVXY,3080.95003,3164.48553,-2.63978,-83.5355,259.71,800164870.1874104
01/07/2022,ProShares Ultra VIX Short-Term Futures ETF,UVXY,3164.4856125,3318.1458625,-4.63091,-153.66025,287.51,909832903.756929
01/06/2022,ProShares Ultra VIX Short-Term Futures ETF,UVXY,3318.145745,3282.053245,1.09969,36.0925,287.51,954012293.9212916
01/05/2022,ProShares Ultra VIX Short-Term Futures ETF,UVXY,3282.0531425,2931.8313925,11.94549,350.22175,287.51,943635176.9557394
01/04/2022,ProShares Ultra VIX Short-Term Futures ETF,UVXY,2931.831445,2939.369195,-0.25644,-7.53775,272.11,797791443.6386676
01/03/2022,ProShares Ultra VIX Short-Term Futures ETF,UVXY,2939.3692125,3101.8689625,-5.23877,-162.49975,267.11,785145727.229577
12/31/2021,ProShares Ultra VIX Short-Term Futures ETF,UVXY,3101.8690075,3148.8952575,-1.49342,-47.02625,263.31,816764543.2427726
12/30/2021,ProShares Ultra VIX Short-Term Futures ETF,UVXY,3148.8953075,3162.4523075,-0.42869,-13.557,263.31,829147211.3525566
12/29/2021,ProShares Ultra VIX Short-Term Futures ETF,UVXY,3162.4524,3285.74115,-3.75224,-123.28875,257.51,814374755.348832
12/28/2021,ProShares Ultra VIX Short-Term Futures ETF,UVXY,3285.74106,3396.84881,-3.27091,-111.10775,236.71,777779857.8397008
12/27/2021,ProShares Ultra VIX Short-Term Futures ETF,UVXY,3396.848795,3546.294795,-4.21414,-149.446,220.31,748372258.4300156
12/23/2021,ProShares Ultra VIX Short-Term Futures ETF,UVXY,3546.29477,3584.23627,-1.05857,-37.9415,197.91,701860248.2954536
12/22/2021,ProShares Ultra VIX Short-Term Futures ETF,UVXY,3584.23638,3931.08638,-8.82326,-346.85,182.11,652738477.1516784
12/21/2021,ProShares Ultra VIX Short-Term Futures ETF,UVXY,3931.0864775,4238.5982275,-7.25503,-307.51175,172.91,679738629.2227622
12/20/2021,ProShares Ultra VIX Short-Term Futures ETF,UVXY,4238.5983325,4026.5605825,5.26598,212.03775,180.31,764277263.3749386
12/17/2021,ProShares Ultra VIX Short-Term Futures ETF,UVXY,4026.560605,3837.320105,4.93158,189.2405,190.71,767920190.7225764
12/16/2021,ProShares Ultra VIX Short-Term Futures ETF,UVXY,3837.32016,3603.56466,6.48679,233.7555,196.91,755620834.0437888
12/15/2021,ProShares Ultra VIX Short-Term Futures ETF,UVXY,3603.564715,4038.917465,-10.77895,-435.35275,188.71,680041958.4858012
12/14/2021,ProShares Ultra VIX Short-Term Futures ETF,UVXY,4038.9173625,3931.8946125,2.72191,107.02275,181.91,734734320.628269
12/13/2021,ProShares Ultra VIX Short-Term Futures ETF,UVXY,3931.8946525,3708.4289025,6.02589,223.46575,179.51,705828878.4425962
12/10/2021,ProShares Ultra VIX Short-Term Futures ETF,UVXY,3708.4289125,4098.7961625,-9.52395,-390.36725,172.31,639013032.931273
12/09/2021,ProShares Ultra VIX Short-Term Futures ETF,UVXY,4098.796155,3933.890905,4.19191,164.90525,161.91,663651169.0259004
12/08/2021,ProShares Ultra VIX Short-Term Futures ETF,UVXY,3933.8909275,4321.4741775,-8.96877,-387.58325,158.71,624362305.8221382
12/07/2021,ProShares Ultra VIX Short-Term Futures ETF,UVXY,4321.47412,5161.53537,-16.27541,-840.06125,152.11,657355331.4179616
12/06/2021,ProShares Ultra VIX Short-Term Futures ETF,UVXY,5161.535365,5906.969365,-12.61957,-745.434,150.91,778946296.3822932
12/03/2021,ProShares Ultra VIX Short-Term Futures ETF,UVXY,5906.9692525,5225.2752525,13.04609,681.694,156.91,926884283.0566242
12/02/2021,ProShares Ultra VIX Short-Term Futures ETF,UVXY,5225.27532,5699.67807,-8.32333,-474.40275,171.51,896206199.1463776
12/01/2021,ProShares Ultra VIX Short-Term Futures ETF,UVXY,5699.6780425,5137.6315425,10.93980,562.0465,178.51,1017470502.1818714
11/30/2021,ProShares Ultra VIX Short-Term Futures ETF,UVXY,5137.631645,4231.237645,21.42149,906.394,178.51,917137531.4334036
11/29/2021,ProShares Ultra VIX Short-Term Futures ETF,UVXY,4231.2376725,5470.8156725,-22.65801,-1239.578,197.91,837419818.7191098
11/26/2021,ProShares Ultra VIX Short-Term Futures ETF,UVXY,5470.8155525,3864.4758025,41.56682,1606.33975,223.31,1221707953.6300082
11/24/2021,ProShares Ultra VIX Short-Term Futures ETF,UVXY,3864.4759125,3925.6821625,-1.55912,-61.20625,253.11,978151719.484233
11/23/2021,ProShares Ultra VIX Short-Term Futures ETF,UVXY,3925.682255,4086.068755,-3.92520,-160.3865,259.91,1020338521.4077484
11/22/2021,ProShares Ultra VIX Short-Term Futures ETF,UVXY,4086.0686575,3986.0754075,2.50856,99.99325,259.91,1062025141.5034846
11/19/2021,ProShares Ultra VIX Short-Term Futures ETF,UVXY,3986.0754625,3906.3029625,2.04215,79.7725,259.91,1036035542.216077
11/18/2021,ProShares Ultra VIX Short-Term Futures ETF,UVXY,3906.30291,3843.20066,1.64192,63.10225,259.91,1015301564.5328088
11/17/2021,ProShares Ultra VIX Short-Term Futures ETF,UVXY,3843.2006375,3765.8538875,2.05390,77.34675,259.91,998900420.670971
11/16/2021,ProShares Ultra VIX Short-Term Futures ETF,UVXY,3765.8538775,3739.3276275,0.70939,26.52625,259.91,978796939.6432942
11/15/2021,ProShares Ultra VIX Short-Term Futures ETF,UVXY,3739.327675,3807.685175,-1.79525,-68.3575,259.91,971902416.735094
11/12/2021,ProShares Ultra VIX Short-Term Futures ETF,UVXY,3807.6852025,4039.8012025,-5.74573,-232.116,259.91,989669473.2633202
11/11/2021,ProShares Ultra VIX Short-Term Futures ETF,UVXY,4039.80114,4137.30064,-2.35660,-97.4995,259.91,1049999580.7655952
11/10/2021,ProShares Ultra VIX Short-Term Futures ETF,UVXY,4137.3007425,4050.1562425,2.15163,87.1445,270.11,1117541528.8234074
11/09/2021,ProShares Ultra VIX Short-Term Futures ETF,UVXY,4050.156315,3946.303815,2.63164,103.8525,278.91,1129644002.3918892
11/08/2021,ProShares Ultra VIX Short-Term Futures ETF,UVXY,3946.3038025,3941.9998025,0.10918,4.304,278.91,1100678115.9532682
11/05/2021,ProShares Ultra VIX Short-Term Futures ETF,UVXY,3941.999915,3744.293915,5.28019,197.706,278.91,1099477702.8523372
11/04/2021,ProShares Ultra VIX Short-Term Futures ETF,UVXY,3744.2938475,3651.7523475,2.53417,92.5415,273.51,1024115589.2310838
11/03/2021,ProShares Ultra VIX Short-Term Futures ETF,UVXY,3651.7524575,3855.5144575,-5.28495,-203.762,273.11,997343552.1168686
11/02/2021,ProShares Ultra VIX Short-Term Futures ETF,UVXY,3855.514415,4011.932415,-3.89882,-156.418,264.31,1019065203.3216972
11/01/2021,ProShares Ultra VIX Short-Term Futures ETF,UVXY,4011.932295,4115.141795,-2.50804,-103.2095,259.71,1041953700.2452956
10/29/2021,ProShares Ultra VIX Short-Term Futures ETF,UVXY,4115.141765,4066.834515,1.18783,48.30725,259.71,1068758611.5098452
10/28/2021,ProShares Ultra VIX Short-Term Futures ETF,UVXY,4066.83455,4267.1563,-4.69450,-200.32175,256.91,1044825430.191644
10/27/2021,ProShares Ultra VIX Short-Term Futures ETF,UVXY,4267.15638,4126.47038,3.40935,140.686,256.91,1096290848.7212784
10/26/2021,ProShares Ultra VIX Short-Term Futures ETF,UVXY,4126.4703,4011.96005,2.85422,114.51025,256.11,1056845493.943704
10/25/2021,ProShares Ultra VIX Short-Term Futures ETF,UVXY,4011.9599675,4193.5879675,-4.33109,-181.628,253.71,1017889127.3671054
10/22/2021,ProShares Ultra VIX Short-Term Futures ETF,UVXY,4193.5879225,4061.7729225,3.24526,131.815,259.51,1088293434.1715298
10/21/2021,ProShares Ultra VIX Short-Term Futures ETF,UVXY,4061.772815,4263.134315,-4.72332,-201.3615,248.31,1008593755.0166092
10/20/2021,ProShares Ultra VIX Short-Term Futures ETF,UVXY,4263.1343775,4334.5811275,-1.64830,-71.44675,241.71,1030457898.7200342
10/19/2021,ProShares Ultra VIX Short-Term Futures ETF,UVXY,4334.58124,4397.89674,-1.43968,-63.3155,223.51,968838204.2113632
10/18/2021,ProShares Ultra VIX Short-Term Futures ETF,UVXY,4397.8966725,4539.6041725,-3.12158,-141.7075,220.91,971555538.1817298
10/15/2021,ProShares Ultra VIX Short-Term Futures ETF,UVXY,4539.604215,4529.752465,0.21749,9.85175,220.51,1001044831.1931612
10/14/2021,ProShares Ultra VIX Short-Term Futures ETF,UVXY,4529.7523975,4948.6746475,-8.46534,-418.92225,204.51,926396332.3015478
10/13/2021,ProShares Ultra VIX Short-Term Futures ETF,UVXY,4948.67459,5089.56034,-2.76813,-140.88575,196.51,972482254.8033912
10/12/2021,ProShares Ultra VIX Short-Term Futures ETF,UVXY,5089.5604375,5241.1389375,-2.89209,-151.5785,190.91,971666712.705535
10/11/2021,ProShares Ultra VIX Short-Term Futures ETF,UVXY,5241.1388675,5132.5133675,2.11642,108.6255,189.11,991171058.6239574
10/08/2021,ProShares Ultra VIX Short-Term Futures ETF,UVXY,5132.51345,5297.1477,-3.10798,-164.63425,177.51,911091350.158996
10/07/2021,ProShares Ultra VIX Short-Term Futures ETF,UVXY,5297.1477125,5589.3597125,-5.22800,-292.212,166.31,880988129.569457
10/06/2021,ProShares Ultra VIX Short-Term Futures ETF,UVXY,5589.3598275,5753.9283275,-2.86011,-164.5685,163.91,916172538.1696902
10/05/2021,ProShares Ultra VIX Short-Term Futures ETF,UVXY,5753.9282475,6062.5567475,-5.09073,-308.6285,163.91,943147553.5036758
10/04/2021,ProShares Ultra VIX Short-Term Futures ETF,UVXY,6062.5566275,5837.4241275,3.85671,225.1325,163.91,993735967.0219142
10/01/2021,ProShares Ultra VIX Short-Term Futures ETF,UVXY,5837.4241475,6108.7058975,-4.44090,-271.28175,167.11,975513431.0095878
09/30/2021,ProShares Ultra VIX Short-Term Futures ETF,UVXY,6108.7059125,6150.7221625,-0.68311,-42.01625,167.11,1020848325.075633
09/29/2021,ProShares Ultra VIX Short-Term Futures ETF,UVXY,6150.72217,5987.78417,2.72117,162.938,171.51,1054932994.0342856
09/28/2021,ProShares Ultra VIX Short-Term Futures ETF,UVXY,5987.78427,5171.20427,15.79091,816.58,171.51,1026986915.1938136
09/27/2021,ProShares Ultra VIX Short-Term Futures ETF,UVXY,5171.20419,5094.19569,1.51169,77.0085,178.91,925199171.6643192
09/24/2021,ProShares Ultra VIX Short-Term Futures ETF,UVXY,5094.19559,5367.07484,-5.08432,-272.87925,175.91,896138692.8766712
09/23/2021,ProShares Ultra VIX Short-Term Futures ETF,UVXY,5367.074735,5909.508235,-9.17900,-542.4335,166.91,895838194.8538748
09/22/2021,ProShares Ultra VIX Short-Term Futures ETF,UVXY,5909.5082875,6429.6777875,-8.09013,-520.1695,150.11,887098036.027123
09/21/2021,ProShares Ultra VIX Short-Term Futures ETF,UVXY,6429.67788,6826.55938,-5.81379,-396.8815,150.11,965182607.7813984
09/20/2021,ProShares Ultra VIX Short-Term Futures ETF,UVXY,6826.55939,5858.96864,16.51469,967.59075,154.71,1056162124.9654552
09/17/2021,ProShares Ultra VIX Short-Term Futures ETF,UVXY,5858.9685725,5337.3723225,9.77253,521.59625,181.91,1065826534.0278218
09/16/2021,ProShares Ultra VIX Short-Term Futures ETF,UVXY,5337.372345,5446.849595,-2.00992,-109.47725,181.91,970941044.8091796
09/15/2021,ProShares Ultra VIX Short-Term Futures ETF,UVXY,5446.8494725,5737.4464725,-5.06492,-290.597,180.91,985409582.4760338
09/14/2021,ProShares Ultra VIX Short-Term Futures ETF,UVXY,5737.446565,5641.535565,1.70009,95.911,179.31,1028802657.3735092
09/13/2021,ProShares Ultra VIX Short-Term Futures ETF,UVXY,5641.5355125,5998.8642625,-5.95661,-357.32875,187.71,1058993391.902061
09/10/2021,ProShares Ultra VIX Short-Term Futures ETF,UVXY,5998.864185,5648.715435,6.19873,350.14875,195.31,1171660239.7925508
09/09/2021,ProShares Ultra VIX Short-Term Futures ETF,UVXY,5648.7155025,5465.2172525,3.35757,183.49825,195.31,1103271412.0663242
09/08/2021,ProShares Ultra VIX Short-Term Futures ETF,UVXY,5465.2171675,5463.9454175,0.02328,1.27175,195.31,1067431676.9836014
09/07/2021,ProShares Ultra VIX Short-Term Futures ETF,UVXY,5463.9453675,5309.7701175,2.90361,154.17525,195.31,1067183277.0453774
09/03/2021,ProShares Ultra VIX Short-Term Futures ETF,UVXY,5309.7702425,5223.6722425,1.64823,86.098,195.31,1037070766.0171674
09/02/2021,ProShares Ultra VIX Short-Term Futures ETF,UVXY,5223.672285,5244.304035,-0.39341,-20.63175,192.11,1003538905.7853588
09/01/2021,ProShares Ultra VIX Short-Term Futures ETF,UVXY,5244.3041125,5450.7076125,-3.78673,-206.4035,184.91,969743572.481509
08/31/2021,ProShares Ultra VIX Short-Term Futures ETF,UVXY,5450.7074975,5486.2067475,-0.64706,-35.49925,179.51,978476561.4798158
08/30/2021,ProShares Ultra VIX Short-Term Futures ETF,UVXY,5486.206825,5569.391825,-1.49361,-83.185,173.71,953029176.811866
08/27/2021,ProShares Ultra VIX Short-Term Futures ETF,UVXY,5569.3919425,6022.3789425,-7.52173,-452.987,166.91,929607704.4850234
08/26/2021,ProShares Ultra VIX Short-Term Futures ETF,UVXY,6022.3789375,5672.1949375,6.17369,350.184,161.11,970287632.975115
08/25/2021,ProShares Ultra VIX Short-Term Futures ETF,UVXY,5672.1949875,5873.9064875,-3.43403,-201.7115,156.51,887776111.171179
08/24/2021,ProShares Ultra VIX Short-Term Futures ETF,UVXY,5873.906445,5914.508445,-0.68648,-40.602,155.91,915822369.8156676
08/23/2021,ProShares Ultra VIX Short-Term Futures ETF,UVXY,5914.5085525,6208.2528025,-4.73151,-293.74425,155.91,922152793.8117482
08/20/2021,ProShares Ultra VIX Short-Term Futures ETF,UVXY,6208.2527475,7021.6004975,-11.58351,-813.34775,155.91,967951532.2328358
08/19/2021,ProShares Ultra VIX Short-Term Futures ETF,UVXY,7021.60059,6732.84559,4.28875,288.755,155.91,1094763587.4770712
08/18/2021,ProShares Ultra VIX Short-Term Futures ETF,UVXY,6732.845575,6045.542825,11.36875,687.30275,166.91,1123804031.794966
08/17/2021,ProShares Ultra VIX Short-Term Futures ETF,UVXY,6045.542905,5788.769905,4.43571,256.773,166.91,1009083813.8714404
08/16/2021,ProShares Ultra VIX Short-Term Futures ETF,UVXY,5788.76988,5741.36963,0.82559,47.40025,167.91,972013653.2239584
08/13/2021,ProShares Ultra VIX Short-Term Futures ETF,UVXY,5741.369735,5732.815735,0.14921,8.554,165.91,952571780.9744748
08/12/2021,ProShares Ultra VIX Short-Term Futures ETF,UVXY,5732.815785,5896.943285,-2.78326,-164.1275,162.51,931660989.9824388
08/11/2021,ProShares Ultra VIX Short-Term Futures ETF,UVXY,5896.9433525,6174.0916025,-4.48889,-277.14825,161.31,951257632.9433122
08/10/2021,ProShares Ultra VIX Short-Term Futures ETF,UVXY,6174.0915575,6351.0515575,-2.78631,-176.96,158.91,981147610.0592566
08/09/2021,ProShares Ultra VIX Short-Term Futures ETF,UVXY,6351.05154,6419.83429,-1.07141,-68.78275,154.51,981324345.3150672
08/06/2021,ProShares Ultra VIX Short-Term Futures ETF,UVXY,6419.8344075,6696.9416575,-4.13782,-277.10725,150.71,967556868.5449446
08/05/2021,ProShares Ultra VIX Short-Term Futures ETF,UVXY,6696.9415525,6945.7805525,-3.58259,-248.839,123.71,828503284.2046882
08/04/2021,ProShares Ultra VIX Short-Term Futures ETF,UVXY,6945.7806175,6968.1548675,-0.32109,-22.37425,123.31,856509768.4165974
08/03/2021,ProShares Ultra VIX Short-Term Futures ETF,UVXY,6968.1549725,7541.6987225,-7.60497,-573.54375,120.11,836970736.5572738
08/02/2021,ProShares Ultra VIX Short-Term Futures ETF,UVXY,7541.6986775,7141.7311775,5.60043,399.9675,114.91,866644348.4826582
07/30/2021,ProShares Ultra VIX Short-Term Futures ETF,UVXY,7141.7312925,6864.9972925,4.03109,276.734,114.51,817825931.8753314
07/29/2021,ProShares Ultra VIX Short-Term Futures ETF,UVXY,6864.9972025,7047.2352025,-2.58595,-182.238,114.51,786136092.8479802
07/28/2021,ProShares Ultra VIX Short-Term Futures ETF,UVXY,7047.235135,7338.480885,-3.96875,-291.24575,112.51,792910358.8641468
07/27/2021,ProShares Ultra VIX Short-Term Futures ETF,UVXY,7338.4808725,7048.1061225,4.11990,290.37475,112.51,825679488.5745858
07/26/2021,ProShares Ultra VIX Short-Term Futures ETF,UVXY,7048.1061975,7146.7061975,-1.37966,-98.6,113.91,802875713.9880318
07/23/2021,ProShares Ultra VIX Short-Term Futures ETF,UVXY,7146.706075,7247.765825,-1.39436,-101.05975,113.91,814107588.881606
07/22/2021,ProShares Ultra VIX Short-Term Futures ETF,UVXY,7247.76583,7018.74533,3.26298,229.0205,107.11,776334869.8295544
07/21/2021,ProShares Ultra VIX Short-Term Futures ETF,UVXY,7018.7454,7765.44115,-9.61563,-746.69575,105.51,740573656.137072
07/20/2021,ProShares Ultra VIX Short-Term Futures ETF,UVXY,7765.4412125,9020.8934625,-13.91716,-1255.45225,102.31,794510867.274537
07/19/2021,ProShares Ultra VIX Short-Term Futures ETF,UVXY,9020.89346,7346.94921,22.78421,1673.94425,104.31,941002593.7005328
07/16/2021,ProShares Ultra VIX Short-Term Futures ETF,UVXY,7346.94932,6895.57007,6.54593,451.37925,112.91,829571084.4946976
07/15/2021,ProShares Ultra VIX Short-Term Futures ETF,UVXY,6895.5701625,6760.7654125,1.99393,134.80475,112.91,778604202.746073
07/14/2021,ProShares Ultra VIX Short-Term Futures ETF,UVXY,6760.7653775,7013.4473775,-3.60282,-252.682,115.51,780960888.3716142
07/13/2021,ProShares Ultra VIX Short-Term Futures ETF,UVXY,7013.447355,6893.702605,1.73702,119.74475,115.51,810149113.4623164
07/12/2021,ProShares Ultra VIX Short-Term Futures ETF,UVXY,6893.7025725,6963.4885725,-1.00217,-69.786,119.51,823891763.2649418
07/09/2021,ProShares Ultra VIX Short-Term Futures ETF,UVXY,6963.4886375,7729.2423875,-9.90723,-765.75375,119.51,832232152.705811
07/08/2021,ProShares Ultra VIX Short-Term Futures ETF,UVXY,7729.2423425,7057.5173425,9.51787,671.725,117.51,908291711.2789954
07/07/2021,ProShares Ultra VIX Short-Term Futures ETF,UVXY,7057.5173175,7017.2305675,0.57411,40.28675,124.51,878757452.8656534
07/06/2021,ProShares Ultra VIX Short-Term Futures ETF,UVXY,7017.23059,6781.58384,3.47480,235.64675,124.11,870934311.9334712
07/02/2021,ProShares Ultra VIX Short-Term Futures ETF,UVXY,6781.5837825,6795.8035325,-0.20924,-14.21975,125.51,851181536.7698946
07/01/2021,ProShares Ultra VIX Short-Term Futures ETF,UVXY,6795.8034975,6977.5209975,-2.60433,-181.7175,120.51,818987288.0405958
06/30/2021,ProShares Ultra VIX Short-Term Futures ETF,UVXY,6977.521005,7098.873505,-1.70946,-121.3525,120.51,840886733.5898484
06/29/2021,ProShares Ultra VIX Short-Term Futures ETF,UVXY,7098.8736075,6866.1621075,3.38925,232.7115,119.71,849832283.4087006
06/28/2021,ProShares Ultra VIX Short-Term Futures ETF,UVXY,6866.16212,6879.26812,-0.19051,-13.106,115.71,794508886.3818016
06/25/2021,ProShares Ultra VIX Short-Term Futures ETF,UVXY,6879.268095,7103.832845,-3.16118,-224.56475,114.11,785018598.0270396
06/24/2021,ProShares Ultra VIX Short-Term Futures ETF,UVXY,7103.832725,7275.044725,-2.35342,-171.212,112.31,797857595.449178
06/23/2021,ProShares Ultra VIX Short-Term Futures ETF,UVXY,7275.0446775,7494.8939275,-2.93332,-219.84925,109.11,793806896.9264382
06/22/2021,ProShares Ultra VIX Short-Term Futures ETF,UVXY,7494.89382,8112.07782,-7.60821,-617.184,105.91,793811785.6854576
06/21/2021,ProShares Ultra VIX Short-Term Futures ETF,UVXY,8112.0777175,8977.2069675,-9.63695,-865.12925,105.11,852690341.3324254
06/18/2021,ProShares Ultra VIX Short-Term Futures ETF,UVXY,8977.2069225,7901.9774225,13.60709,1075.2295,105.11,943627255.7454498
06/17/2021,ProShares Ultra VIX Short-Term Futures ETF,UVXY,7901.9775375,7969.1312875,-0.84267,-67.15375,112.91,892241363.036463
06/16/2021,ProShares Ultra VIX Short-Term Futures ETF,UVXY,7969.13122,7929.79222,0.49609,39.339,112.91,899823932.4530896
06/15/2021,ProShares Ultra VIX Short-Term Futures ETF,UVXY,7929.7922925,7633.0537925,3.88755,296.7385,110.91,879522444.7968114
06/14/2021,ProShares Ultra VIX Short-Term Futures ETF,UVXY,7633.05373,7518.25398,1.52695,114.79975,110.91,846610078.8320264
06/11/2021,ProShares Ultra VIX Short-Term Futures ETF,UVXY,7518.2539325,7861.6866825,-4.36844,-343.43275,110.91,833877210.8280466
06/10/2021,ProShares Ultra VIX Short-Term Futures ETF,UVXY,7861.6865975,8598.5928475,-8.57008,-736.90625,103.71,815364448.0334038
06/09/2021,ProShares Ultra VIX Short-Term Futures ETF,UVXY,8598.5928225,8392.5228225,2.45540,206.07,98.91,850518458.8950618
06/08/2021,ProShares Ultra VIX Short-Term Futures ETF,UVXY,8392.5228,8241.6123,1.83108,150.9105,95.71,803279241.671904
06/07/2021,ProShares Ultra VIX Short-Term Futures ETF,UVXY,8241.612245,8497.403245,-3.01023,-255.791,94.91,782241747.3060116
06/04/2021,ProShares Ultra VIX Short-Term Futures ETF,UVXY,8497.40333,9237.99208,-8.01677,-740.58875,94.99,807188436.976094784
06/03/2021,ProShares Ultra VIX Short-Term Futures ETF,UVXY,9237.9919875,9001.5209875,2.62701,236.471,93.19,860910319.31857704
06/02/2021,ProShares Ultra VIX Short-Term Futures ETF,UVXY,9001.5210625,9337.2603125,-3.59569,-335.73925,93.19,838873034.6113836
06/01/2021,ProShares Ultra VIX Short-Term Futures ETF,UVXY,9337.260395,9022.221395,3.49181,315.039,93.19,870161376.963432096
05/28/2021,ProShares Ultra VIX Short-Term Futures ETF,UVXY,9022.2213675,8736.4386175,3.27116,285.78275,92.39,833584367.892414864
05/27/2021,ProShares Ultra VIX Short-Term Futures ETF,UVXY,8736.438555,9466.399805,-7.71108,-729.96125,90.99,794949204.049344864
05/26/2021,ProShares Ultra VIX Short-Term Futures ETF,UVXY,9466.399895,10225.218145,-7.42105,-758.81825,90.99,861370112.588521696
05/25/2021,ProShares Ultra VIX Short-Term Futures ETF,UVXY,10225.2181,10231.1731,-0.05820,-5.955,88.59,905876252.07476288
05/24/2021,ProShares Ultra VIX Short-Term Futures ETF,UVXY,10231.17185,11009.46435,-7.06930,-778.2925,86.39,883895130.79669088
05/21/2021,ProShares Ultra VIX Short-Term Futures ETF,UVXY,11009.46435,11213.61685,-1.82058,-204.1525,81.95,902251638.66379488
05/20/2021,ProShares Ultra VIX Short-Term Futures ETF,UVXY,11213.615825,12196.038325,-8.05526,-982.4225,81.95,918982334.81745296
05/19/2021,ProShares Ultra VIX Short-Term Futures ETF,UVXY,12196.0381,11422.8706,6.76859,773.1675,81.95,999494163.48589888
05/18/2021,ProShares Ultra VIX Short-Term Futures ETF,UVXY,11422.87,11183.92,2.13655,238.95,83.35,952123227.302976
05/17/2021,ProShares Ultra VIX Short-Term Futures ETF,UVXY,11183.9192,10622.8967,5.28126,561.0225,84.37,943613710.63612416
05/14/2021,ProShares Ultra VIX Short-Term Futures ETF,UVXY,10622.89745,12929.00745,-17.83671,-2306.11,84.61,898828474.27238976
05/13/2021,ProShares Ultra VIX Short-Term Futures ETF,UVXY,12929.006575,15113.876575,-14.45605,-2184.87,83.91,1084903516.22299856
05/12/2021,ProShares Ultra VIX Short-Term Futures ETF,UVXY,15113.8778,12006.1953,25.88399,3107.6825,85.51,1292423431.97622144
05/11/2021,ProShares Ultra VIX Short-Term Futures ETF,UVXY,12006.19505,10781.54505,11.35876,1224.65,90.81,1090310964.74055424
05/10/2021,ProShares Ultra VIX Short-Term Futures ETF,UVXY,10781.546025,10068.076025,7.08646,713.47,95.65,1031280373.49128992
05/07/2021,ProShares Ultra VIX Short-Term Futures ETF,UVXY,10068.07505,11024.50505,-8.67549,-956.43,94.65,952967112.46637824
05/06/2021,ProShares Ultra VIX Short-Term Futures ETF,UVXY,11024.50615,11150.94615,-1.13389,-126.44,92.05,1014831861.85964352
05/05/2021,ProShares Ultra VIX Short-Term Futures ETF,UVXY,11150.9458,11609.4583,-3.94947,-458.5125,92.05,1026470930.64662784
05/04/2021,ProShares Ultra VIX Short-Term Futures ETF,UVXY,11609.457425,11001.267425,5.52836,608.19,92.05,1068678010.01616864
05/03/2021,ProShares Ultra VIX Short-Term Futures ETF,UVXY,11001.2664,11578.2514,-4.98335,-576.985,92.05,1012692587.91478272
04/30/2021,ProShares Ultra VIX Short-Term Futures ETF,UVXY,11578.25035,10937.43785,5.85889,640.8125,92.05,1065805324.96392768
04/29/2021,ProShares Ultra VIX Short-Term Futures ETF,UVXY,10937.438225,11020.778225,-0.75621,-83.34,92.05,1006817053.46516448
04/28/2021,ProShares Ultra VIX Short-Term Futures ETF,UVXY,11020.7787,11050.7812,-0.27150,-30.0025,92.05,1014488741.27246976
04/27/2021,ProShares Ultra VIX Short-Term Futures ETF,UVXY,11050.781225,11446.793725,-3.45959,-396.0125,91.57,1011946169.66069088
04/26/2021,ProShares Ultra VIX Short-Term Futures ETF,UVXY,11446.79385,11620.92135,-1.49840,-174.1275,91.57,1048209982.22259648
04/23/2021,ProShares Ultra VIX Short-Term Futures ETF,UVXY,11620.92045,12249.83045,-5.13403,-628.91,91.57,1064155166.75918016
04/22/2021,ProShares Ultra VIX Short-Term Futures ETF,UVXY,12249.830825,11269.175825,8.70210,980.655,91.57,1121745977.04518496
04/21/2021,ProShares Ultra VIX Short-Term Futures ETF,UVXY,11269.17585,12192.93585,-7.57619,-923.76,91.57,1031945081.93155008
04/20/2021,ProShares Ultra VIX Short-Term Futures ETF,UVXY,12192.935825,11860.798325,2.80030,332.1375,91.57,1116535967.34988896
04/19/2021,ProShares Ultra VIX Short-Term Futures ETF,UVXY,11860.798725,11231.843725,5.59975,628.955,91.57,1086121387.66507488
04/16/2021,ProShares Ultra VIX Short-Term Futures ETF,UVXY,11231.84455,11506.32705,-2.38549,-274.4825,91.57,1028526566.50949184
04/15/2021,ProShares Ultra VIX Short-Term Futures ETF,UVXY,11506.32765,12119.02015,-5.05563,-612.6925,91.49,1052741126.86212672
04/14/2021,ProShares Ultra VIX Short-Term Futures ETF,UVXY,12119.01935,11721.49185,3.39144,397.5275,91.49,1108797739.38845888
04/13/2021,ProShares Ultra VIX Short-Term Futures ETF,UVXY,11721.4907,11855.8607,-1.13336,-134.37,91.49,1072426903.12420736
04/12/2021,ProShares Ultra VIX Short-Term Futures ETF,UVXY,11855.861275,12067.471275,-1.75356,-211.61,91.49,1084720784.79049312
04/09/2021,ProShares Ultra VIX Short-Term Futures ETF,UVXY,12067.471775,12154.556775,-0.71648,-87.085,91.49,1104081529.85200352
04/08/2021,ProShares Ultra VIX Short-Term Futures ETF,UVXY,12154.55555,12475.14805,-2.56985,-320.5925,91.49,1112049030.36246464
04/07/2021,ProShares Ultra VIX Short-Term Futures ETF,UVXY,12475.148525,12931.328525,-3.52771,-456.18,91.49,1141380839.78348192
04/06/2021,ProShares Ultra VIX Short-Term Futures ETF,UVXY,12931.328075,12927.000575,0.03348,4.3275,91.49,1183117785.58638176
04/05/2021,ProShares Ultra VIX Short-Term Futures ETF,UVXY,12927.00095,13447.00845,-3.86709,-520.0075,91.49,1182721886.68734656
04/01/2021,ProShares Ultra VIX Short-Term Futures ETF,UVXY,13447.0095,14081.1145,-4.50323,-634.105,91.21,1226533535.9830656
03/31/2021,ProShares Ultra VIX Short-Term Futures ETF,UVXY,14081.114225,14304.236725,-1.55984,-223.1225,91.21,1284371727.48116928
03/30/2021,ProShares Ultra VIX Short-Term Futures ETF,UVXY,14304.2373,15241.8298,-6.15144,-937.5925,91.21,1304723310.79336704
03/29/2021,ProShares Ultra VIX Short-Term Futures ETF,UVXY,15241.828725,14721.123725,3.53713,520.705,91.21,1390243241.88381888
03/26/2021,ProShares Ultra VIX Short-Term Futures ETF,UVXY,14721.123275,15658.733275,-5.98778,-937.61,91.13,1341570776.56307072
03/25/2021,ProShares Ultra VIX Short-Term Futures ETF,UVXY,15658.7337,16337.3587,-4.15382,-678.625,91.13,1427017431.85445376
03/24/2021,ProShares Ultra VIX Short-Term Futures ETF,UVXY,16337.357575,16210.040075,0.78542,127.3175,91.13,1488862030.39294336
03/23/2021,ProShares Ultra VIX Short-Term Futures ETF,UVXY,16210.039625,15131.719625,7.12622,1078.32,91.29,1479852850.8679552
03/22/2021,ProShares Ultra VIX Short-Term Futures ETF,UVXY,15131.72025,16791.32525,-9.88370,-1659.605,91.29,1381410525.1145472
03/19/2021,ProShares Ultra VIX Short-Term Futures ETF,UVXY,16791.326175,17829.966175,-5.82525,-1038.64,90.83,1525195864.60338864
03/18/2021,ProShares Ultra VIX Short-Term Futures ETF,UVXY,17829.965225,16463.810225,8.29793,1366.155,90.83,1619537905.68851408
03/17/2021,ProShares Ultra VIX Short-Term Futures ETF,UVXY,16463.811075,17612.348575,-6.52121,-1148.5375,90.83,1495446893.56268016
03/16/2021,ProShares Ultra VIX Short-Term Futures ETF,UVXY,17612.349025,17554.476525,0.32967,57.8725,89.11,1569478071.30072432
03/15/2021,ProShares Ultra VIX Short-Term Futures ETF,UVXY,17554.47765,19256.08765,-8.83674,-1701.61,89.11,1564321016.22024672
03/12/2021,ProShares Ultra VIX Short-Term Futures ETF,UVXY,19256.08825,19806.80075,-2.78042,-550.7125,89.11,1715955560.7549936
03/11/2021,ProShares Ultra VIX Short-Term Futures ETF,UVXY,19806.800575,20584.553075,-3.77833,-777.7525,87.91,1741262677.67024976
03/10/2021,ProShares Ultra VIX Short-Term Futures ETF,UVXY,20584.552875,20961.622875,-1.79886,-377.07,87.55,1802226282.5568888
03/09/2021,ProShares Ultra VIX Short-Term Futures ETF,UVXY,20961.623575,22303.223575,-6.01527,-1341.6,86.33,1809666533.27718016
03/08/2021,ProShares Ultra VIX Short-Term Futures ETF,UVXY,22303.22295,21799.26045,2.31183,503.9625,86.33,1925489979.93513216
03/05/2021,ProShares Ultra VIX Short-Term Futures ETF,UVXY,21799.26045,24407.68045,-10.68688,-2608.42,86.33,1881981705.53961216
03/04/2021,ProShares Ultra VIX Short-Term Futures ETF,UVXY,24407.679625,22896.079625,6.60200,1511.6,90.05,2197969269.5120272
03/03/2021,ProShares Ultra VIX Short-Term Futures ETF,UVXY,22896.07895,21509.25395,6.44757,1386.825,93.05,2130534290.94500096
03/02/2021,ProShares Ultra VIX Short-Term Futures ETF,UVXY,21509.2536,21330.0161,0.84031,179.2375,94.09,2023856536.30691328
03/01/2021,ProShares Ultra VIX Short-Term Futures ETF,UVXY,21330.0162,23696.7887,-9.98774,-2366.7725,94.09,2006991665.48030976
02/26/2021,ProShares Ultra VIX Short-Term Futures ETF,UVXY,23696.7879,25635.3929,-7.56222,-1938.605,93.97,2226843197.12702592
02/25/2021,ProShares Ultra VIX Short-Term Futures ETF,UVXY,25635.39405,20633.64405,24.24075,5001.75,106.59,2732537274.36934944
02/24/2021,ProShares Ultra VIX Short-Term Futures ETF,UVXY,20633.644075,21938.774075,-5.94897,-1305.13,111.07,2291827641.85175856
02/23/2021,ProShares Ultra VIX Short-Term Futures ETF,UVXY,21938.7751,23384.7151,-6.18327,-1445.94,111.07,2436791631.17235648
02/22/2021,ProShares Ultra VIX Short-Term Futures ETF,UVXY,23384.7147,22011.3947,6.23913,1373.32,111.83,2615167945.07432256
02/19/2021,ProShares Ultra VIX Short-Term Futures ETF,UVXY,22011.394725,23321.857225,-5.61903,-1310.4625,111.83,2461586324.64299568
02/18/2021,ProShares Ultra VIX Short-Term Futures ETF,UVXY,23321.8577,23062.2652,1.12562,259.5925,111.83,2608138498.12008896
02/17/2021,ProShares Ultra VIX Short-Term Futures ETF,UVXY,23062.26415,23781.55665,-3.02458,-719.2925,111.67,2575417575.27276192
02/16/2021,ProShares Ultra VIX Short-Term Futures ETF,UVXY,23781.555975,23469.318475,1.33041,312.2375,108.53,2581068508.59031968
02/12/2021,ProShares Ultra VIX Short-Term Futures ETF,UVXY,23469.3181,24699.1081,-4.97909,-1229.79,108.17,2538731639.12044288
02/11/2021,ProShares Ultra VIX Short-Term Futures ETF,UVXY,24699.107425,25652.267425,-3.71569,-953.16,101.17,2498867106.63648864
02/10/2021,ProShares Ultra VIX Short-Term Futures ETF,UVXY,25652.267975,24964.425475,2.75529,687.8425,97.81,2509108993.11805728
02/09/2021,ProShares Ultra VIX Short-Term Futures ETF,UVXY,24964.4254,24867.7454,0.38878,96.68,86.49,2159232188.71918592
02/08/2021,ProShares Ultra VIX Short-Term Futures ETF,UVXY,24867.745925,25095.695925,-0.90832,-227.95,81.43,2025039357.91831344
02/05/2021,ProShares Ultra VIX Short-Term Futures ETF,UVXY,25095.69525,25247.96525,-0.60310,-152.27,74.41,1867430029.8526272
02/04/2021,ProShares Ultra VIX Short-Term Futures ETF,UVXY,25247.964175,27029.026675,-6.58944,-1781.0625,66.77,1685866274.35043104
02/03/2021,ProShares Ultra VIX Short-Term Futures ETF,UVXY,27029.026075,29249.796075,-7.59243,-2220.77,61.73,1668565697.85061216
02/02/2021,ProShares Ultra VIX Short-Term Futures ETF,UVXY,29249.796825,33386.381825,-12.39004,-4136.585,60.71,1775824335.16528176
02/01/2021,ProShares Ultra VIX Short-Term Futures ETF,UVXY,33386.3811,36383.3686,-8.23725,-2996.9875,60.71,2026966148.69502528
01/29/2021,ProShares Ultra VIX Short-Term Futures ETF,UVXY,36383.36945,33308.42445,9.23173,3074.945,60.71,2208920398.70157536
01/28/2021,ProShares Ultra VIX Short-Term Futures ETF,UVXY,33308.424175,34875.156675,-4.49240,-1566.7325,61.71,2055541623.60073904
01/27/2021,ProShares Ultra VIX Short-Term Futures ETF,UVXY,34875.157575,26362.980075,32.28837,8512.1775,65.93,2299401611.69238336
01/26/2021,ProShares Ultra VIX Short-Term Futures ETF,UVXY,26362.9805,27085.303,-2.66684,-722.3225,70.73,1864715953.9412864
01/25/2021,ProShares Ultra VIX Short-Term Futures ETF,UVXY,27085.303175,25496.123175,6.23303,1589.18,69.81,1890889065.97169824
01/22/2021,ProShares Ultra VIX Short-Term Futures ETF,UVXY,25496.122625,24974.125125,2.09015,521.9975,71.03,1811049883.2845336
01/21/2021,ProShares Ultra VIX Short-Term Futures ETF,UVXY,24974.12635,25341.50635,-1.44972,-367.38,70.39,1757987812.59049248
01/20/2021,ProShares Ultra VIX Short-Term Futures ETF,UVXY,25341.5062,26039.4162,-2.68021,-697.91,66.99,1697687427.93186176
01/19/2021,ProShares Ultra VIX Short-Term Futures ETF,UVXY,26039.415925,27213.478425,-4.31427,-1174.0625,65.39,1702778985.34652944
01/15/2021,ProShares Ultra VIX Short-Term Futures ETF,UVXY,27213.477975,26204.880475,3.84889,1008.5975,65.39,1779553679.21796528
01/14/2021,ProShares Ultra VIX Short-Term Futures ETF,UVXY,26204.880225,25762.670225,1.71648,442.21,65.39,1713599087.21350608
01/13/2021,ProShares Ultra VIX Short-Term Futures ETF,UVXY,25762.669,26403.8915,-2.42852,-641.2225,61.59,1586783707.2696512
01/12/2021,ProShares Ultra VIX Short-Term Futures ETF,UVXY,26403.8916,27762.7591,-4.89457,-1358.8675,60.27,1591424986.65485568
01/11/2021,ProShares Ultra VIX Short-Term Futures ETF,UVXY,27762.760225,25487.767725,8.92582,2274.9925,60.41,1677213998.56763008
01/08/2021,ProShares Ultra VIX Short-Term Futures ETF,UVXY,25487.767475,25875.962475,-1.50021,-388.195,59.65,1520405603.35627488
01/07/2021,ProShares Ultra VIX Short-Term Futures ETF,UVXY,25875.961475,28375.753975,-8.80961,-2499.7925,55.87,1445751159.08194608
01/06/2021,ProShares Ultra VIX Short-Term Futures ETF,UVXY,28375.7548,28661.3773,-0.99654,-285.6225,52.99,1503698349.83695104
01/05/2021,ProShares Ultra VIX Short-Term Futures ETF,UVXY,28661.376225,30034.613725,-4.57218,-1373.2375,50.85,1457498759.46374688
01/04/2021,ProShares Ultra VIX Short-Term Futures ETF,UVXY,30034.613275,26669.373275,12.61837,3365.24,50.85,1527331110.88722272
12/31/2020,ProShares Ultra VIX Short-Term Futures ETF,UVXY,26669.3725,26707.855,-0.14409,-38.4825,50.85,1356200659.357088
12/30/2020,ProShares Ultra VIX Short-Term Futures ETF,UVXY,26707.8541,28192.9466,-5.26760,-1485.0925,49.01,1309015088.17437568
12/29/2020,ProShares Ultra VIX Short-Term Futures ETF,UVXY,28192.947375,26692.552375,5.62102,1500.395,48.53,1368270406.7907024
12/28/2020,ProShares Ultra VIX Short-Term Futures ETF,UVXY,26692.551875,26892.616875,-0.74394,-200.065,47.15,1258616943.452924
12/24/2020,ProShares Ultra VIX Short-Term Futures ETF,UVXY,26892.61635,28125.63135,-4.38395,-1233.015,45.83,1232552202.97964448
12/23/2020,ProShares Ultra VIX Short-Term Futures ETF,UVXY,28125.632275,29955.549775,-6.10878,-1829.9175,45.83,1289064238.65845392
12/22/2020,ProShares Ultra VIX Short-Term Futures ETF,UVXY,29955.55005,30806.08255,-2.76092,-850.5325,45.83,1372933697.67625824
12/21/2020,ProShares Ultra VIX Short-Term Futures ETF,UVXY,30806.082175,27362.407175,12.58542,3443.675,45.83,1411915596.30337744
12/18/2020,ProShares Ultra VIX Short-Term Futures ETF,UVXY,27362.4078,26785.2753,2.15466,577.1325,46.47,1271595797.08796544
12/17/2020,ProShares Ultra VIX Short-Term Futures ETF,UVXY,26785.274275,27242.479275,-1.67828,-457.205,46.47,1244775037.37585552
12/16/2020,ProShares Ultra VIX Short-Term Futures ETF,UVXY,27242.4787,28754.6837,-5.25899,-1512.205,46.47,1266022408.20262976
12/15/2020,ProShares Ultra VIX Short-Term Futures ETF,UVXY,28754.684225,30823.996725,-6.71332,-2069.3125,46.47,1336298175.01300528
12/14/2020,ProShares Ultra VIX Short-Term Futures ETF,UVXY,30823.995625,29838.535625,3.30264,985.46,47.07,1450958366.653604
12/11/2020,ProShares Ultra VIX Short-Term Futures ETF,UVXY,29838.534725,28221.357225,5.73033,1617.1775,47.07,1404570391.67266768
12/10/2020,ProShares Ultra VIX Short-Term Futures ETF,UVXY,28221.357175,27811.002175,1.47551,410.355,47.37,1336912427.24519744
12/09/2020,ProShares Ultra VIX Short-Term Futures ETF,UVXY,27811.002825,26345.145325,5.56405,1465.8575,46.91,1304679909.98023056
12/08/2020,ProShares Ultra VIX Short-Term Futures ETF,UVXY,26345.145475,27798.577975,-5.22844,-1453.4325,45.73,1204825803.57176928
12/07/2020,ProShares Ultra VIX Short-Term Futures ETF,UVXY,27798.5774,27687.4124,0.40150,111.165,45.33,1260175251.61783552
12/04/2020,ProShares Ultra VIX Short-Term Futures ETF,UVXY,27687.41145,28322.17645,-2.24123,-634.765,44.67,1236862144.66209696
12/03/2020,ProShares Ultra VIX Short-Term Futures ETF,UVXY,28322.1758,27931.4108,1.39902,390.765,44.67,1265218569.26733184
12/02/2020,ProShares Ultra VIX Short-Term Futures ETF,UVXY,27931.41055,28159.06805,-0.80847,-227.6575,44.67,1247762161.46816864
12/01/2020,ProShares Ultra VIX Short-Term Futures ETF,UVXY,28159.067575,27807.122575,1.26566,351.945,44.51,1253426688.32625136
11/30/2020,ProShares Ultra VIX Short-Term Futures ETF,UVXY,27807.123225,28627.633225,-2.86615,-820.51,42.81,1190488703.54725248
11/27/2020,ProShares Ultra VIX Short-Term Futures ETF,UVXY,28627.632475,28266.309975,1.27828,361.3225,42.67,1221608776.33352688
11/25/2020,ProShares Ultra VIX Short-Term Futures ETF,UVXY,28266.310725,30000.833225,-5.78158,-1734.5225,42.67,1206190322.80735248
11/24/2020,ProShares Ultra VIX Short-Term Futures ETF,UVXY,30000.8325,30787.9975,-2.55673,-787.165,41.45,1243605453.093696
11/23/2020,ProShares Ultra VIX Short-Term Futures ETF,UVXY,30787.99845,31263.77345,-1.52181,-475.775,40.73,1254067984.32723456
11/20/2020,ProShares Ultra VIX Short-Term Futures ETF,UVXY,31263.7725,31457.21,-0.61492,-193.4375,40.23,1257815500.244208
11/19/2020,ProShares Ultra VIX Short-Term Futures ETF,UVXY,31457.208925,32218.873925,-2.36403,-761.665,40.23,1265597905.06041584
11/18/2020,ProShares Ultra VIX Short-Term Futures ETF,UVXY,32218.875,30596,5.30421,1622.875,40.03,1289797757.4456
11/17/2020,ProShares Ultra VIX Short-Term Futures ETF,UVXY,30596.0004,31511.3504,-2.90483,-915.35,39.31,1202801129.14574592
11/16/2020,ProShares Ultra VIX Short-Term Futures ETF,UVXY,31511.3497,32564.8047,-3.23495,-1053.455,39.31,1238785674.74677056
11/13/2020,ProShares Ultra VIX Short-Term Futures ETF,UVXY,32564.8044,35941.1494,-9.39409,-3376.345,38.05,1239167816.66944512
11/12/2020,ProShares Ultra VIX Short-Term Futures ETF,UVXY,35941.149425,32603.789425,10.23611,3337.36,38.05,1367645729.25141024
11/11/2020,ProShares Ultra VIX Short-Term Futures ETF,UVXY,32603.789925,33708.564925,-3.27743,-1104.775,38.05,1240651308.08866464
11/10/2020,ProShares Ultra VIX Short-Term Futures ETF,UVXY,33708.565825,35474.080825,-4.97692,-1765.515,37.31,1257746304.94721296
11/09/2020,ProShares Ultra VIX Short-Term Futures ETF,UVXY,35474.081575,36615.541575,-3.11742,-1141.46,37.31,1323621872.67135856
11/06/2020,ProShares Ultra VIX Short-Term Futures ETF,UVXY,36615.541025,40650.681025,-9.92638,-4035.14,35.77,1309824490.89566592
11/05/2020,ProShares Ultra VIX Short-Term Futures ETF,UVXY,40650.6813,41716.1613,-2.55412,-1065.48,34.85,1416772374.03613824
11/04/2020,ProShares Ultra VIX Short-Term Futures ETF,UVXY,41716.160275,47946.037775,-12.99352,-6229.8775,32.87,1371308838.61506832
11/03/2020,ProShares Ultra VIX Short-Term Futures ETF,UVXY,47946.038625,52159.626125,-8.07825,-4213.5875,29.99,1438015081.1558904
11/02/2020,ProShares Ultra VIX Short-Term Futures ETF,UVXY,52159.62535,54055.90285,-3.50799,-1896.2775,29.31,1528921966.09052768
10/30/2020,ProShares Ultra VIX Short-Term Futures ETF,UVXY,54055.90255,51347.52255,5.27461,2708.38,29.31,1584506335.13885024
10/29/2020,ProShares Ultra VIX Short-Term Futures ETF,UVXY,51347.523175,57813.825675,-11.18470,-6466.3025,29.41,1510252083.19955424
10/28/2020,ProShares Ultra VIX Short-Term Futures ETF,UVXY,57813.82685,47620.50435,21.40532,10193.3225,29.95,1731660832.29523488
10/27/2020,ProShares Ultra VIX Short-Term Futures ETF,UVXY,47620.5033,47372.8658,0.52274,247.6375,32.37,1541588304.78720384
10/26/2020,ProShares Ultra VIX Short-Term Futures ETF,UVXY,47372.86525,42050.56525,12.65690,5322.3,33.39,1581891998.0492432
10/23/2020,ProShares Ultra VIX Short-Term Futures ETF,UVXY,42050.565275,42128.952775,-0.18607,-78.3875,33.39,1404167815.70901232
10/22/2020,ProShares Ultra VIX Short-Term Futures ETF,UVXY,42128.952925,43004.350425,-2.03560,-875.3975,33.39,1406785364.71362704
10/21/2020,ProShares Ultra VIX Short-Term Futures ETF,UVXY,43004.35015,44684.64765,-3.76035,-1680.2975,33.39,1436016948.19573472
10/20/2020,ProShares Ultra VIX Short-Term Futures ETF,UVXY,44684.6488,45217.6713,-1.17879,-533.0225,32.95,1472464848.21748224
10/19/2020,ProShares Ultra VIX Short-Term Futures ETF,UVXY,45217.671975,42557.714475,6.25024,2659.9575,32.95,1490029222.32693648
10/16/2020,ProShares Ultra VIX Short-Term Futures ETF,UVXY,42557.7138,42189.7813,0.87209,367.9325,32.95,1402377310.19159424
10/15/2020,ProShares Ultra VIX Short-Term Futures ETF,UVXY,42189.78255,40778.60255,3.46059,1411.18,32.95,1390253105.42027424
10/14/2020,ProShares Ultra VIX Short-Term Futures ETF,UVXY,40778.601725,41307.624225,-1.28069,-529.0225,32.95,1343751360.07610928
10/13/2020,ProShares Ultra VIX Short-Term Futures ETF,UVXY,41307.623975,41072.413975,0.57267,235.21,32.45,1340530082.25792608
10/12/2020,ProShares Ultra VIX Short-Term Futures ETF,UVXY,41072.412775,42138.740275,-2.53052,-1066.3275,32.45,1332896922.59048032
10/09/2020,ProShares Ultra VIX Short-Term Futures ETF,UVXY,42138.739425,45233.411925,-6.84156,-3094.6725,32.11,1353174572.62774224
10/08/2020,ProShares Ultra VIX Short-Term Futures ETF,UVXY,45233.41205,48802.46705,-7.31327,-3569.055,28.57,1292425550.24131584
10/07/2020,ProShares Ultra VIX Short-Term Futures ETF,UVXY,48802.4671,50662.7146,-3.67183,-1860.2475,27.23,1329006587.20719808
10/06/2020,ProShares Ultra VIX Short-Term Futures ETF,UVXY,50662.7147,50245.3697,0.83061,417.345,26.83,1359400442.58872256
10/05/2020,ProShares Ultra VIX Short-Term Futures ETF,UVXY,50245.37085,52910.42835,-5.03692,-2665.0575,26.37,1325089249.56748608
10/02/2020,ProShares Ultra VIX Short-Term Futures ETF,UVXY,52910.4281,50363.9931,5.05606,2546.435,26.15,1383732817.39537088
10/01/2020,ProShares Ultra VIX Short-Term Futures ETF,UVXY,50363.992025,50385.417025,-0.04252,-21.425,26.05,1312101093.01959072
09/30/2020,ProShares Ultra VIX Short-Term Futures ETF,UVXY,50385.416275,48766.943775,3.31879,1618.4725,25.95,1307620703.76865712
09/29/2020,ProShares Ultra VIX Short-Term Futures ETF,UVXY,48766.94475,51190.37475,-4.73415,-2423.43,25.39,1238308051.2734448
09/28/2020,ProShares Ultra VIX Short-Term Futures ETF,UVXY,51190.3753,51823.6903,-1.22206,-633.315,25.31,1295749453.84250944
09/25/2020,ProShares Ultra VIX Short-Term Futures ETF,UVXY,51823.691425,54142.871425,-4.28344,-2319.18,25.31,1311780182.63223184
09/24/2020,ProShares Ultra VIX Short-Term Futures ETF,UVXY,54142.8717,54411.1592,-0.49307,-268.2875,25.41,1375898406.95999616
09/23/2020,ProShares Ultra VIX Short-Term Futures ETF,UVXY,54411.159725,51684.627225,5.27533,2726.5325,25.41,1382716240.12276768
09/22/2020,ProShares Ultra VIX Short-Term Futures ETF,UVXY,51684.628075,51181.705575,0.98262,502.9225,25.41,1313428623.19422176
09/21/2020,ProShares Ultra VIX Short-Term Futures ETF,UVXY,51181.70595,48459.41845,5.61766,2722.2875,25.59,1309860889.75873056
09/18/2020,ProShares Ultra VIX Short-Term Futures ETF,UVXY,48459.417875,47889.205375,1.19069,570.2125,25.81,1250852172.1851408
09/17/2020,ProShares Ultra VIX Short-Term Futures ETF,UVXY,47889.206175,49544.891175,-3.34179,-1655.685,25.81,1236133659.77151264
09/16/2020,ProShares Ultra VIX Short-Term Futures ETF,UVXY,49544.892275,49303.824775,0.48894,241.0675,25.37,1257071080.77800192
09/15/2020,ProShares Ultra VIX Short-Term Futures ETF,UVXY,49303.82555,51590.24805,-4.43189,-2286.4225,23.83,1175026756.54316064
09/14/2020,ProShares Ultra VIX Short-Term Futures ETF,UVXY,51590.248325,52888.653325,-2.45498,-1298.405,23.39,1206817908.94098896
09/11/2020,ProShares Ultra VIX Short-Term Futures ETF,UVXY,52888.65245,55654.15495,-4.96909,-2765.5025,23.07,1220266283.10681376
09/10/2020,ProShares Ultra VIX Short-Term Futures ETF,UVXY,55654.154375,56578.161875,-1.63315,-924.0075,22.97,1278507536.938016
09/09/2020,ProShares Ultra VIX Short-Term Futures ETF,UVXY,56578.162125,60718.199625,-6.81845,-4140.0375,22.97,1299734180.0490432
09/08/2020,ProShares Ultra VIX Short-Term Futures ETF,UVXY,60718.1996,63163.5171,-3.87141,-2445.3175,22.97,1394840631.21041408
09/04/2020,ProShares Ultra VIX Short-Term Futures ETF,UVXY,63163.518275,73061.738275,-13.54775,-9898.22,23.31,1472490980.07826672
09/03/2020,ProShares Ultra VIX Short-Term Futures ETF,UVXY,73061.73885,61119.89385,19.53839,11941.845,25.25,1844981682.36253248
09/02/2020,ProShares Ultra VIX Short-Term Futures ETF,UVXY,61119.8928,57751.3553,5.83283,3368.5375,25.47,1556868205.93849344
09/01/2020,ProShares Ultra VIX Short-Term Futures ETF,UVXY,57751.355575,56694.755575,1.86366,1056.6,24.79,1431792675.10991376
08/31/2020,ProShares Ultra VIX Short-Term Futures ETF,UVXY,56694.756525,53413.581525,6.14296,3281.175,24.79,1405597086.01498032
08/28/2020,ProShares Ultra VIX Short-Term Futures ETF,UVXY,53413.581275,53188.833775,0.42255,224.7475,24.47,1307156646.23624912
08/27/2020,ProShares Ultra VIX Short-Term Futures ETF,UVXY,53188.834575,50564.297075,5.19050,2624.5375,24.47,1301656563.00625296
08/26/2020,ProShares Ultra VIX Short-Term Futures ETF,UVXY,50564.29605,48696.25855,3.83610,1868.0375,24.21,1224281181.81779904
08/25/2020,ProShares Ultra VIX Short-Term Futures ETF,UVXY,48696.259425,49528.936925,-1.68119,-832.6775,23.91,1164442719.76603824
08/24/2020,ProShares Ultra VIX Short-Term Futures ETF,UVXY,49528.93585,49772.69335,-0.48974,-243.7575,23.77,1177419931.18199808
08/21/2020,ProShares Ultra VIX Short-Term Futures ETF,UVXY,49772.69455,49544.38705,0.46081,228.3075,23.45,1167287389.66557184
08/20/2020,ProShares Ultra VIX Short-Term Futures ETF,UVXY,49544.38685,50520.29685,-1.93172,-975.91,23.45,1161933034.19852288
08/19/2020,ProShares Ultra VIX Short-Term Futures ETF,UVXY,50520.296925,48386.381925,4.41016,2133.915,23.13,1168653938.27341824
08/18/2020,ProShares Ultra VIX Short-Term Futures ETF,UVXY,48386.380825,49349.875825,-1.95238,-963.495,22.33,1080582307.93562496
08/17/2020,ProShares Ultra VIX Short-Term Futures ETF,UVXY,49349.875675,52890.645675,-6.69451,-3540.77,22.17,1094203446.30074624
08/14/2020,ProShares Ultra VIX Short-Term Futures ETF,UVXY,52890.64475,52488.93225,0.76533,401.7125,22.17,1172710669.9042048
08/13/2020,ProShares Ultra VIX Short-Term Futures ETF,UVXY,52488.9312,52642.4387,-0.29160,-153.5075,22.09,1159604616.03250176
08/12/2020,ProShares Ultra VIX Short-Term Futures ETF,UVXY,52642.439075,56980.571575,-7.61335,-4338.1325,21.95,1155626026.53617456
08/11/2020,ProShares Ultra VIX Short-Term Futures ETF,UVXY,56980.572325,53653.462325,6.20111,3327.11,21.55,1228066081.26118416
08/10/2020,ProShares Ultra VIX Short-Term Futures ETF,UVXY,53653.462675,56029.267675,-4.24029,-2375.805,21.55,1156359000.35478384
08/07/2020,ProShares Ultra VIX Short-Term Futures ETF,UVXY,56029.268425,56438.833425,-0.72568,-409.565,21.55,1207563232.57272144
08/06/2020,ProShares Ultra VIX Short-Term Futures ETF,UVXY,56438.834475,57533.884475,-1.90331,-1095.05,20.57,1161080291.70651648
08/05/2020,ProShares Ultra VIX Short-Term Futures ETF,UVXY,57533.884975,58926.244975,-2.36289,-1392.36,20.57,1183608070.06693888
08/04/2020,ProShares Ultra VIX Short-Term Futures ETF,UVXY,58926.245225,61998.782725,-4.95580,-3072.5375,20.33,1198109914.20895808
08/03/2020,ProShares Ultra VIX Short-Term Futures ETF,UVXY,61998.78245,62442.70495,-0.71093,-443.9225,20.23,1254381983.68423776
07/31/2020,ProShares Ultra VIX Short-Term Futures ETF,UVXY,62442.70495,63453.43995,-1.59288,-1010.735,19.51,1218404838.08316576
07/30/2020,ProShares Ultra VIX Short-Term Futures ETF,UVXY,63453.4399,62155.5149,2.08819,1297.925,19.51,1238126667.14367552
07/29/2020,ProShares Ultra VIX Short-Term Futures ETF,UVXY,62155.516,64435.0385,-3.53771,-2279.5225,19.51,1212801102.5242368
07/28/2020,ProShares Ultra VIX Short-Term Futures ETF,UVXY,64435.0393,64472.8618,-0.05866,-37.8225,19.51,1257279992.72393664
07/27/2020,ProShares Ultra VIX Short-Term Futures ETF,UVXY,64472.862625,68409.875125,-5.75504,-3937.0125,19.31,1245123442.7142856
07/24/2020,ProShares Ultra VIX Short-Term Futures ETF,UVXY,68409.876025,68483.666025,-0.10775,-73.79,19.07,1304738111.47157392
07/23/2020,ProShares Ultra VIX Short-Term Futures ETF,UVXY,68483.666575,63254.479075,8.26690,5229.1875,19.07,1306145471.75996656
07/22/2020,ProShares Ultra VIX Short-Term Futures ETF,UVXY,63254.47955,65281.59205,-3.10518,-2027.1125,18.59,1176050359.02773984
07/21/2020,ProShares Ultra VIX Short-Term Futures ETF,UVXY,65281.592075,64265.422075,1.58121,1016.17,17.77,1160208269.08168896
07/20/2020,ProShares Ultra VIX Short-Term Futures ETF,UVXY,64265.422025,69607.384525,-7.67442,-5341.9625,17.21,1106159887.92025472
07/17/2020,ProShares Ultra VIX Short-Term Futures ETF,UVXY,69607.384625,74648.907125,-6.75365,-5041.5225,17.01,1184186220.0144112
07/16/2020,ProShares Ultra VIX Short-Term Futures ETF,UVXY,74648.9078,75090.1853,-0.58766,-441.2775,16.93,1263982538.79116544
07/15/2020,ProShares Ultra VIX Short-Term Futures ETF,UVXY,75090.1844,78858.3619,-4.77841,-3768.1775,16.55,1242920125.08806912
07/14/2020,ProShares Ultra VIX Short-Term Futures ETF,UVXY,78858.36145,86070.13145,-8.37895,-7211.77,16.47,1298983697.33465696
07/13/2020,ProShares Ultra VIX Short-Term Futures ETF,UVXY,86070.13055,75566.62555,13.89966,10503.505,16.47,1417778588.80322464
07/10/2020,ProShares Ultra VIX Short-Term Futures ETF,UVXY,75566.624325,79764.424325,-5.26275,-4197.8,15.73,1188841700.58545376
07/09/2020,ProShares Ultra VIX Short-Term Futures ETF,UVXY,79764.424675,76845.017175,3.79908,2919.4075,15.59,1243716007.59472144
07/08/2020,ProShares Ultra VIX Short-Term Futures ETF,UVXY,76845.017175,80137.882175,-4.10900,-3292.865,15.47,1188974138.79386544
07/07/2020,ProShares Ultra VIX Short-Term Futures ETF,UVXY,80137.8821,75901.2096,5.58182,4236.6725,14.93,1196648089.81659008
07/06/2020,ProShares Ultra VIX Short-Term Futures ETF,UVXY,75901.2103,75344.8728,0.73839,556.3375,14.97,1136420609.37311744
07/02/2020,ProShares Ultra VIX Short-Term Futures ETF,UVXY,75344.872275,78257.354775,-3.72167,-2912.4825,14.03,1057266733.57220592
07/01/2020,ProShares Ultra VIX Short-Term Futures ETF,UVXY,78257.354325,82319.539325,-4.93465,-4062.185,13.45,1052746478.66275776
06/30/2020,ProShares Ultra VIX Short-Term Futures ETF,UVXY,82319.54035,87491.05285,-5.91090,-5171.5125,12.05,992145130.46651968
06/29/2020,ProShares Ultra VIX Short-Term Futures ETF,UVXY,87491.052425,95910.509925,-8.77845,-8419.4575,11.29,987980880.71902464
06/26/2020,ProShares Ultra VIX Short-Term Futures ETF,UVXY,95910.5111,86658.0386,10.67699,9252.4725,10.27,985227758.17364928
06/25/2020,ProShares Ultra VIX Short-Term Futures ETF,UVXY,86658.0396,92169.4596,-5.97966,-5511.42,10.11,876317709.28804608
06/24/2020,ProShares Ultra VIX Short-Term Futures ETF,UVXY,92169.45875,85628.89375,7.63827,6540.565,9.99,920990855.248552
06/23/2020,ProShares Ultra VIX Short-Term Futures ETF,UVXY,85628.8938,84463.0788,1.38027,1165.815,9.73,833371631.88205824
06/22/2020,ProShares Ultra VIX Short-Term Futures ETF,UVXY,84463.078625,99674.616125,-15.26119,-15211.5375,8.81,744319460.9745824
06/19/2020,ProShares Ultra VIX Short-Term Futures ETF,UVXY,99674.6162,92753.9487,7.46132,6920.6675,8.63,860427648.33838976
06/18/2020,ProShares Ultra VIX Short-Term Futures ETF,UVXY,92753.948475,92940.828475,-0.20107,-186.88,8.25,765439419.45610368
06/17/2020,ProShares Ultra VIX Short-Term Futures ETF,UVXY,92940.82955,92945.80705,-0.00536,-4.9775,8.17,759546363.89721984
06/16/2020,ProShares Ultra VIX Short-Term Futures ETF,UVXY,92945.807825,94908.440325,-2.06792,-1962.6325,8.03,746574635.08109456
06/15/2020,ProShares Ultra VIX Short-Term Futures ETF,UVXY,94908.439225,98282.544225,-3.43307,-3374.105,8.03,762339206.45382928
06/12/2020,ProShares Ultra VIX Short-Term Futures ETF,UVXY,98282.544225,120868.896725,-18.68665,-22586.3525,8.03,789441248.68733328
06/11/2020,ProShares Ultra VIX Short-Term Futures ETF,UVXY,120868.897675,76317.940175,58.37547,44550.9575,8.79,1062723441.33247184
06/10/2020,ProShares Ultra VIX Short-Term Futures ETF,UVXY,76317.9413,78112.6963,-2.29765,-1794.755,8.85,675594257.17258624
06/09/2020,ProShares Ultra VIX Short-Term Futures ETF,UVXY,78112.696,71683.061,8.96953,6429.635,8.85,691482080.5035008
06/08/2020,ProShares Ultra VIX Short-Term Futures ETF,UVXY,71683.0621,68839.7996,4.13026,2843.2625,8.85,634564615.69025408
06/05/2020,ProShares Ultra VIX Short-Term Futures ETF,UVXY,68839.799725,74826.464725,-8.00073,-5986.665,8.85,609395019.92463968
06/04/2020,ProShares Ultra VIX Short-Term Futures ETF,UVXY,74826.4647,76104.9647,-1.67992,-1278.5,8.85,662391162.21872256
06/03/2020,ProShares Ultra VIX Short-Term Futures ETF,UVXY,76104.9646,80667.5971,-5.65609,-4562.6325,8.13,618913335.21828608
06/02/2020,ProShares Ultra VIX Short-Term Futures ETF,UVXY,80667.59815,85215.52315,-5.33697,-4547.925,6.89,555990513.98960512
06/01/2020,ProShares Ultra VIX Short-Term Futures ETF,UVXY,85215.5238,82424.7838,3.38580,2790.74,6.39,544728714.75268224
05/29/2020,ProShares Ultra VIX Short-Term Futures ETF,UVXY,82424.783625,88164.601125,-6.51034,-5739.8175,6.31,520295302.8020664
05/28/2020,ProShares Ultra VIX Short-Term Futures ETF,UVXY,88164.600575,83079.068075,6.12132,5085.5325,6.31,556527121.27568976
05/27/2020,ProShares Ultra VIX Short-Term Futures ETF,UVXY,83079.06705,85311.84955,-2.61720,-2232.7825,5.31,441346311.41325984
05/26/2020,ProShares Ultra VIX Short-Term Futures ETF,UVXY,85311.8484,88490.4309,-3.59201,-3178.5825,4.63,395195603.55109632
05/22/2020,ProShares Ultra VIX Short-Term Futures ETF,UVXY,88490.4313,91314.9888,-3.09320,-2824.5575,4.53,401070915.96093824
05/21/2020,ProShares Ultra VIX Short-Term Futures ETF,UVXY,91314.988125,85956.290625,6.23421,5358.6975,4.43,404741339.077668
05/20/2020,ProShares Ultra VIX Short-Term Futures ETF,UVXY,85956.291725,96319.426725,-10.75913,-10363.135,4.43,380989641.78042128
05/19/2020,ProShares Ultra VIX Short-Term Futures ETF,UVXY,96319.425825,87706.943325,9.81961,8612.4825,3.91,376836731.15394096
05/18/2020,ProShares Ultra VIX Short-Term Futures ETF,UVXY,87706.94375,99981.46375,-12.27680,-12274.52,3.91,343141559.44308
05/15/2020,ProShares Ultra VIX Short-Term Futures ETF,UVXY,99981.46345,100935.70345,-0.94539,-954.24,3.91,391163958.25426656
05/14/2020,ProShares Ultra VIX Short-Term Futures ETF,UVXY,100935.704225,111029.061725,-9.09073,-10093.3575,3.91,394897296.27310128
05/13/2020,ProShares Ultra VIX Short-Term Futures ETF,UVXY,111029.062775,101783.352775,9.08372,9245.71,3.91,434386196.97790032
05/12/2020,ProShares Ultra VIX Short-Term Futures ETF,UVXY,101783.352275,83426.119775,22.00418,18357.2325,3.91,398213604.66670992
05/11/2020,ProShares Ultra VIX Short-Term Futures ETF,UVXY,83426.119975,90816.564975,-8.13777,-7390.445,3.91,326393415.19076688
05/08/2020,ProShares Ultra VIX Short-Term Futures ETF,UVXY,90816.565025,101035.742525,-10.11442,-10219.1775,3.89,353491200.96022112
05/07/2020,ProShares Ultra VIX Short-Term Futures ETF,UVXY,101035.743725,111668.963725,-9.52209,-10633.22,3.65,369019393.92301088
05/06/2020,ProShares Ultra VIX Short-Term Futures ETF,UVXY,111668.9636,107945.9286,3.44898,3723.035,3.53,394455516.27312128
05/05/2020,ProShares Ultra VIX Short-Term Futures ETF,UVXY,107945.9291,114781.6916,-5.95545,-6835.7625,3.53,381304400.25613568
05/04/2020,ProShares Ultra VIX Short-Term Futures ETF,UVXY,114781.69125,121366.42125,-5.42550,-6584.73,3.53,405450805.855968
05/01/2020,ProShares Ultra VIX Short-Term Futures ETF,UVXY,121366.42195,106730.88445,13.71256,14635.5375,3.53,428710476.79812736
04/30/2020,ProShares Ultra VIX Short-Term Futures ETF,UVXY,106730.88455,98453.72205,8.40716,8277.1625,3.53,377012419.65728384
04/29/2020,ProShares Ultra VIX Short-Term Futures ETF,UVXY,98453.721125,108895.456125,-9.58877,-10441.735,3.53,347774458.9309664
04/28/2020,ProShares Ultra VIX Short-Term Futures ETF,UVXY,108895.456175,107380.846175,1.41050,1514.61,3.33,362879385.03751264
04/27/2020,ProShares Ultra VIX Short-Term Futures ETF,UVXY,107380.845725,120533.930725,-10.91235,-13153.085,3.23,347094065.91572048
04/24/2020,ProShares Ultra VIX Short-Term Futures ETF,UVXY,120533.931,134591.891,-10.44488,-14057.96,3.11,375145564.0500288
04/23/2020,ProShares Ultra VIX Short-Term Futures ETF,UVXY,134591.89035,133772.09785,0.61283,819.7925,3.11,418899061.89079968
04/22/2020,ProShares Ultra VIX Short-Term Futures ETF,UVXY,133772.098675,144178.516175,-7.21773,-10406.4175,3.11,416347571.13819664
04/21/2020,ProShares Ultra VIX Short-Term Futures ETF,UVXY,144178.517025,130677.727025,10.33136,13500.79,3.49,503523977.77431072
04/20/2020,ProShares Ultra VIX Short-Term Futures ETF,UVXY,130677.7259,109909.2484,18.89602,20768.4775,3.67,479896280.73920832
04/17/2020,ProShares Ultra VIX Short-Term Futures ETF,UVXY,109909.247375,119268.987375,-7.84759,-9359.74,3.67,403626851.2544424
04/16/2020,ProShares Ultra VIX Short-Term Futures ETF,UVXY,119268.98665,119539.22915,-0.22607,-270.2425,3.67,437999228.30512992
04/15/2020,ProShares Ultra VIX Short-Term Futures ETF,UVXY,119539.228175,102700.295675,16.39619,16838.9325,3.71,443773222.89603824
04/14/2020,ProShares Ultra VIX Short-Term Futures ETF,UVXY,102700.2954,117938.2879,-12.92031,-15237.9925,3.71,381260961.59256192
04/13/2020,ProShares Ultra VIX Short-Term Futures ETF,UVXY,117938.28755,121815.43505,-3.18280,-3877.1475,3.93,463776370.53389824
04/09/2020,ProShares Ultra VIX Short-Term Futures ETF,UVXY,121815.4339,128404.5589,-5.13154,-6589.125,4.01,488767959.07708672
04/08/2020,ProShares Ultra VIX Short-Term Futures ETF,UVXY,128404.5591,135611.9191,-5.31470,-7207.36,4.01,515205933.09235968
04/07/2020,ProShares Ultra VIX Short-Term Futures ETF,UVXY,135611.919875,126467.347375,7.23078,9144.5725,4.05,549548970.5618704
04/06/2020,ProShares Ultra VIX Short-Term Futures ETF,UVXY,126467.347875,141769.950375,-10.79397,-15302.6025,4.05,512491828.8780048
04/03/2020,ProShares Ultra VIX Short-Term Futures ETF,UVXY,141769.950275,149672.830275,-5.28010,-7902.88,4.05,574503556.19216032
04/02/2020,ProShares Ultra VIX Short-Term Futures ETF,UVXY,149672.831025,166850.726025,-10.29537,-17177.895,4.05,606528911.96205792
04/01/2020,ProShares Ultra VIX Short-Term Futures ETF,UVXY,166850.7262,146254.7962,14.08223,20595.93,4.05,676140009.70731776
03/31/2020,ProShares Ultra VIX Short-Term Futures ETF,UVXY,146254.795525,158799.125525,-7.89950,-12544.33,4.05,592677785.21670752
03/30/2020,ProShares Ultra VIX Short-Term Futures ETF,UVXY,158799.1245,174491.9245,-8.99342,-15692.8,4.05,643511982.3946176
03/27/2020,ProShares Ultra VIX Short-Term Futures ETF,UVXY,174491.9248,141865.9248,22.99777,32626,4.05,707104933.94376704
03/26/2020,ProShares Ultra VIX Short-Term Futures ETF,UVXY,141865.923725,168819.973725,-15.96615,-26954.05,4.09,580567112.57167488
03/25/2020,ProShares Ultra VIX Short-Term Futures ETF,UVXY,168819.9747,152085.2397,11.00352,16734.735,3.89,657108927.05917056
03/24/2020,ProShares Ultra VIX Short-Term Futures ETF,UVXY,152085.2387,162461.7762,-6.38706,-10376.5375,4.99,759264992.28547776
03/23/2020,ProShares Ultra VIX Short-Term Futures ETF,UVXY,162461.7763,230573.6238,-29.54017,-68111.8475,5.21,846810044.13159424
03/20/2020,ProShares Ultra VIX Short-Term Futures ETF,UVXY,230573.622675,257123.092675,-10.32559,-26549.47,5.55,1280228866.34915184
03/19/2020,ProShares Ultra VIX Short-Term Futures ETF,UVXY,257123.092275,281321.127275,-8.60157,-24198.035,5.55,1427641206.81486192
03/18/2020,ProShares Ultra VIX Short-Term Futures ETF,UVXY,281321.127775,230363.025275,22.12078,50958.1025,5.31,1494480456.68821232
03/17/2020,ProShares Ultra VIX Short-Term Futures ETF,UVXY,230363.02525,219489.69275,4.95391,10873.3325,4.99,1150056258.4796112
03/16/2020,ProShares Ultra VIX Short-Term Futures ETF,UVXY,219489.691975,144108.309475,52.30884,75381.3825,5.11,1122111375.21583248
03/13/2020,ProShares Ultra VIX Short-Term Futures ETF,UVXY,144108.30945,155705.61195,-7.44822,-11597.3025,5.11,736734248.61968736
03/12/2020,ProShares Ultra VIX Short-Term Futures ETF,UVXY,155705.611075,119203.406075,30.62178,36502.205,6.03,939273047.41132016
03/11/2020,ProShares Ultra VIX Short-Term Futures ETF,UVXY,119203.405575,102466.310575,16.33424,16737.095,6.31,752455381.39175376
03/10/2020,ProShares Ultra VIX Short-Term Futures ETF,UVXY,102466.3112,110066.8162,-6.90536,-7600.505,6.53,669347324.46872576
03/09/2020,ProShares Ultra VIX Short-Term Futures ETF,UVXY,110066.8151,83489.4351,31.83323,26577.38,6.53,718996588.60734848
03/06/2020,ProShares Ultra VIX Short-Term Futures ETF,UVXY,83489.435725,71602.293225,16.60162,11887.1425,6.65,555402183.38885248
03/05/2020,ProShares Ultra VIX Short-Term Futures ETF,UVXY,71602.29375,59259.74125,20.82789,12342.5525,6.99,500669358.41676
03/04/2020,ProShares Ultra VIX Short-Term Futures ETF,UVXY,59259.7406,63906.4381,-7.27109,-4646.6975,7.59,449921568.58857088
03/03/2020,ProShares Ultra VIX Short-Term Futures ETF,UVXY,63906.438175,55307.953175,15.54656,8598.485,7.47,477532219.11224624
03/02/2020,ProShares Ultra VIX Short-Term Futures ETF,UVXY,55307.954425,55003.899425,0.55279,304.055,7.47,413281211.80537424
02/28/2020,ProShares Ultra VIX Short-Term Futures ETF,UVXY,55003.900025,55468.207525,-0.83707,-464.3075,7.47,411009206.40952912
02/27/2020,ProShares Ultra VIX Short-Term Futures ETF,UVXY,55468.20685,44678.42685,24.14987,10789.78,9.21,510993356.30405888
02/26/2020,ProShares Ultra VIX Short-Term Futures ETF,UVXY,44678.42565,44371.64315,0.69139,306.7825,10.77,481292299.79147712
02/25/2020,ProShares Ultra VIX Short-Term Futures ETF,UVXY,44371.641925,38511.969425,15.21520,5859.6725,11.61,515259692.80807424
02/24/2020,ProShares Ultra VIX Short-Term Futures ETF,UVXY,38511.970025,30476.877525,26.36455,8035.0925,13.35,514225872.94046512
02/21/2020,ProShares Ultra VIX Short-Term Futures ETF,UVXY,30476.877775,28330.600275,7.57583,2146.2775,16.15,492273647.78681232
02/20/2020,ProShares Ultra VIX Short-Term Futures ETF,UVXY,28330.60075,26549.46825,6.70873,1781.1325,16.15,457606198.3171536
02/19/2020,ProShares Ultra VIX Short-Term Futures ETF,UVXY,26549.4695,27732.267,-4.26506,-1182.7975,16.05,426181769.6604736
02/18/2020,ProShares Ultra VIX Short-Term Futures ETF,UVXY,27732.266425,26684.743925,3.92555,1047.5225,16.05,445168457.38489184
02/14/2020,ProShares Ultra VIX Short-Term Futures ETF,UVXY,26684.742775,27148.785275,-1.70926,-464.0425,16.05,428353225.61846432
02/13/2020,ProShares Ultra VIX Short-Term Futures ETF,UVXY,27148.7842,26455.3217,2.62126,693.4625,16.05,435802187.85487616
02/12/2020,ProShares Ultra VIX Short-Term Futures ETF,UVXY,26455.320525,28377.220525,-6.77269,-1921.9,16.05,424670455.96822752
02/11/2020,ProShares Ultra VIX Short-Term Futures ETF,UVXY,28377.219475,28476.901975,-0.35005,-99.6825,15.77,447575857.56936448
02/10/2020,ProShares Ultra VIX Short-Term Futures ETF,UVXY,28476.902375,29285.527375,-2.76118,-808.625,15.77,449148092.6324864
02/07/2020,ProShares Ultra VIX Short-Term Futures ETF,UVXY,29285.52615,28413.81615,3.06791,871.71,15.77,461902001.79773952
02/06/2020,ProShares Ultra VIX Short-Term Futures ETF,UVXY,28413.815375,28821.370375,-1.41407,-407.555,15.57,442470298.3793488
02/05/2020,ProShares Ultra VIX Short-Term Futures ETF,UVXY,28821.37125,30450.77375,-5.35094,-1629.4025,15.17,437288358.641232
02/04/2020,ProShares Ultra VIX Short-Term Futures ETF,UVXY,30450.77435,33859.49935,-10.06726,-3408.725,15.13,460792225.90668288
02/03/2020,ProShares Ultra VIX Short-Term Futures ETF,UVXY,33859.498775,34641.126275,-2.25636,-781.6275,15.13,512374287.40845312
01/31/2020,ProShares Ultra VIX Short-Term Futures ETF,UVXY,34641.125775,29604.803275,17.01184,5036.3225,15.13,524202152.30998272
01/30/2020,ProShares Ultra VIX Short-Term Futures ETF,UVXY,29604.8038,31057.3438,-4.67696,-1452.54,15.89,470490341.82202624
01/29/2020,ProShares Ultra VIX Short-Term Futures ETF,UVXY,31057.34495,31095.01495,-0.12114,-37.67,16.21,503513006.04883776
01/28/2020,ProShares Ultra VIX Short-Term Futures ETF,UVXY,31095.015475,33894.502975,-8.25941,-2799.4875,16.21,504123734.34234528
01/27/2020,ProShares Ultra VIX Short-Term Futures ETF,UVXY,33894.502625,29374.597625,15.38712,4519.905,16.21,549510041.2710576
01/24/2020,ProShares Ultra VIX Short-Term Futures ETF,UVXY,29374.5987,26834.7487,9.46478,2539.85,17.27,507368784.60000576
01/23/2020,ProShares Ultra VIX Short-Term Futures ETF,UVXY,26834.748925,27223.628925,-1.42846,-388.88,17.23,462426182.79200784
01/22/2020,ProShares Ultra VIX Short-Term Futures ETF,UVXY,27223.629,26955.9315,0.99309,267.6975,17.23,469127506.1078592
01/21/2020,ProShares Ultra VIX Short-Term Futures ETF,UVXY,26955.9325,26522.155,1.63553,433.7775,18.03,486079208.364176
01/17/2020,ProShares Ultra VIX Short-Term Futures ETF,UVXY,26522.154825,26534.964825,-0.04828,-12.81,18.03,478257171.08648016
01/16/2020,ProShares Ultra VIX Short-Term Futures ETF,UVXY,26534.96555,27260.48805,-2.66144,-725.5225,18.03,478488178.75303264
01/15/2020,ProShares Ultra VIX Short-Term Futures ETF,UVXY,27260.488125,27450.340625,-0.69162,-189.8525,18.03,491571066.496068
01/14/2020,ProShares Ultra VIX Short-Term Futures ETF,UVXY,27450.34135,27840.00885,-1.39967,-389.6675,17.83,489504500.83772448
01/13/2020,ProShares Ultra VIX Short-Term Futures ETF,UVXY,27840.008675,28880.368675,-3.60231,-1040.36,17.83,496453190.72776464
01/10/2020,ProShares Ultra VIX Short-Term Futures ETF,UVXY,28880.368925,29025.066425,-0.49853,-144.6975,17.83,515005274.22918384
01/09/2020,ProShares Ultra VIX Short-Term Futures ETF,UVXY,29025.067,30270.247,-4.11354,-1245.18,17.07,495526532.1684416
01/08/2020,ProShares Ultra VIX Short-Term Futures ETF,UVXY,30270.2464,31598.2214,-4.20269,-1327.975,16.89,511336044.77468672
01/07/2020,ProShares Ultra VIX Short-Term Futures ETF,UVXY,31598.220325,32123.802825,-1.63612,-525.5825,16.65,526185091.88267456
01/06/2020,ProShares Ultra VIX Short-Term Futures ETF,UVXY,32123.80175,32431.02675,-0.94732,-307.225,16.65,534937265.5038784
01/03/2020,ProShares Ultra VIX Short-Term Futures ETF,UVXY,32431.0268,30054.7243,7.90659,2376.3025,16.65,540053289.11217664
01/02/2020,ProShares Ultra VIX Short-Term Futures ETF,UVXY,30054.7254,31685.6629,-5.14724,-1630.9375,16.65,500482251.32462592
12/31/2019,ProShares Ultra VIX Short-Term Futures ETF,UVXY,31685.6639,34324.2714,-7.68729,-2638.6075,16.65,527641234.19299072
12/30/2019,ProShares Ultra VIX Short-Term Futures ETF,UVXY,34324.270425,33166.947925,3.48938,1157.3225,16.65,571580272.61095104
12/27/2019,ProShares Ultra VIX Short-Term Futures ETF,UVXY,33166.94715,31422.89465,5.55026,1744.0525,15.13,501894343.57612032
12/26/2019,ProShares Ultra VIX Short-Term Futures ETF,UVXY,31422.894725,31352.047225,0.22597,70.8475,14.65,460419716.58269568
12/24/2019,ProShares Ultra VIX Short-Term Futures ETF,UVXY,31352.04695,32062.23445,-2.21503,-710.1875,14.65,459381629.13812736
12/23/2019,ProShares Ultra VIX Short-Term Futures ETF,UVXY,32062.2342,31997.2967,0.20295,64.9375,14.65,469787551.80143616
12/20/2019,ProShares Ultra VIX Short-Term Futures ETF,UVXY,31997.297075,31517.582075,1.52206,479.715,14.65,468836069.35687296
12/19/2019,ProShares Ultra VIX Short-Term Futures ETF,UVXY,31517.581925,32158.549425,-1.99315,-640.9675,14.65,461807107.97898624
12/18/2019,ProShares Ultra VIX Short-Term Futures ETF,UVXY,32158.550425,32321.727925,-0.50485,-163.1775,14.45,464767102.18129504
12/17/2019,ProShares Ultra VIX Short-Term Futures ETF,UVXY,32321.72795,32123.37295,0.61748,198.355,13.93,450318104.76575616
12/16/2019,ProShares Ultra VIX Short-Term Futures ETF,UVXY,32123.374025,33295.626525,-3.52074,-1172.2525,13.93,447554565.52314432
12/13/2019,ProShares Ultra VIX Short-Term Futures ETF,UVXY,33295.627275,36069.159775,-7.68948,-2773.5325,13.93,463886825.44012992
12/12/2019,ProShares Ultra VIX Short-Term Futures ETF,UVXY,36069.159175,38783.146675,-6.99785,-2713.9875,13.93,502528683.65536704
12/11/2019,ProShares Ultra VIX Short-Term Futures ETF,UVXY,38783.147525,40072.530025,-3.21762,-1289.3825,13.93,540340959.41051712
12/10/2019,ProShares Ultra VIX Short-Term Futures ETF,UVXY,40072.5304,41115.5779,-2.53687,-1043.0475,13.93,558305111.99188992
12/09/2019,ProShares Ultra VIX Short-Term Futures ETF,UVXY,41115.5785,37798.326,8.77619,3317.2525,13.93,572837238.6250368
12/06/2019,ProShares Ultra VIX Short-Term Futures ETF,UVXY,37798.325575,39592.845575,-4.53244,-1794.52,13.93,526620060.74006976
12/05/2019,ProShares Ultra VIX Short-Term Futures ETF,UVXY,39592.8462,40522.1087,-2.29322,-929.2625,13.93,551621976.72869376
12/04/2019,ProShares Ultra VIX Short-Term Futures ETF,UVXY,40522.1091,43448.9291,-6.73623,-2926.82,13.93,564568806.44659968
12/03/2019,ProShares Ultra VIX Short-Term Futures ETF,UVXY,43448.92825,40456.83075,7.39578,2992.0975,13.93,605346318.5480256
12/02/2019,ProShares Ultra VIX Short-Term Futures ETF,UVXY,40456.829925,36925.744925,9.56266,3531.085,15.69,634863333.83465664
11/29/2019,ProShares Ultra VIX Short-Term Futures ETF,UVXY,36925.744475,35874.874475,2.92926,1050.87,15.69,579452252.81328448
11/27/2019,ProShares Ultra VIX Short-Term Futures ETF,UVXY,35874.875675,35965.785675,-0.25277,-90.91,15.69,562961636.24674624
11/26/2019,ProShares Ultra VIX Short-Term Futures ETF,UVXY,35965.7847,36684.8622,-1.96015,-719.0775,15.49,557195056.89065856
11/25/2019,ProShares Ultra VIX Short-Term Futures ETF,UVXY,36684.862425,39297.939925,-6.64940,-2613.0775,15.15,555862418.10141264
11/22/2019,ProShares Ultra VIX Short-Term Futures ETF,UVXY,39297.939475,41395.954475,-5.06816,-2098.015,14.95,587597126.91852048
11/21/2019,ProShares Ultra VIX Short-Term Futures ETF,UVXY,41395.954225,40784.469225,1.49931,611.485,14.95,618967408.81630128
11/20/2019,ProShares Ultra VIX Short-Term Futures ETF,UVXY,40784.46865,40987.24865,-0.49474,-202.78,14.79,603298738.44496352
11/19/2019,ProShares Ultra VIX Short-Term Futures ETF,UVXY,40987.248475,40148.635975,2.08877,838.6125,14.25,584165217.41394368
11/18/2019,ProShares Ultra VIX Short-Term Futures ETF,UVXY,40148.634975,40620.764975,-1.16229,-472.13,14.25,572212991.88573888
11/15/2019,ProShares Ultra VIX Short-Term Futures ETF,UVXY,40620.765825,42833.500825,-5.16590,-2212.735,14.25,578941972.99327296
11/14/2019,ProShares Ultra VIX Short-Term Futures ETF,UVXY,42833.500625,43712.153125,-2.01009,-878.6525,14.13,605338656.493528
11/13/2019,ProShares Ultra VIX Short-Term Futures ETF,UVXY,43712.152275,43628.107275,0.19264,84.045,13.65,596774249.05144992
11/12/2019,ProShares Ultra VIX Short-Term Futures ETF,UVXY,43628.107275,43833.437275,-0.46843,-205.33,13.65,595626836.05183392
11/11/2019,ProShares Ultra VIX Short-Term Futures ETF,UVXY,43833.438425,44695.570925,-1.92890,-862.1325,13.65,598430091.81643744
11/08/2019,ProShares Ultra VIX Short-Term Futures ETF,UVXY,44695.570725,45629.940725,-2.04771,-934.37,13.65,610200236.48190048
11/07/2019,ProShares Ultra VIX Short-Term Futures ETF,UVXY,45629.941675,46293.144175,-1.43261,-663.2025,13.65,622956609.54982304
11/06/2019,ProShares Ultra VIX Short-Term Futures ETF,UVXY,46293.14425,47407.69425,-2.35099,-1114.55,13.35,618122949.7650224
11/05/2019,ProShares Ultra VIX Short-Term Futures ETF,UVXY,47407.69345,45954.85345,3.16145,1452.84,13.35,633004817.27097056
11/04/2019,ProShares Ultra VIX Short-Term Futures ETF,UVXY,45954.853275,45519.670775,0.95603,435.1825,13.35,613605965.25827472
11/01/2019,ProShares Ultra VIX Short-Term Futures ETF,UVXY,45519.6706,48374.4506,-5.90142,-2854.78,13.07,595049739.65903488
10/31/2019,ProShares Ultra VIX Short-Term Futures ETF,UVXY,48374.450825,47118.113325,2.66636,1256.3375,12.41,600441330.63956096
10/30/2019,ProShares Ultra VIX Short-Term Futures ETF,UVXY,47118.112125,49518.284625,-4.84704,-2400.1725,11.93,562230502.5628032
10/29/2019,ProShares Ultra VIX Short-Term Futures ETF,UVXY,49518.285675,49964.083175,-0.89224,-445.7975,11.77,582947323.23671424
10/28/2019,ProShares Ultra VIX Short-Term Futures ETF,UVXY,49964.0826,49183.1326,1.58784,780.95,11.77,588195407.26453248
10/25/2019,ProShares Ultra VIX Short-Term Futures ETF,UVXY,49183.1332,51695.1357,-4.85926,-2512.0025,11.33,557361207.42939136
10/24/2019,ProShares Ultra VIX Short-Term Futures ETF,UVXY,51695.134525,52295.742025,-1.14848,-600.6075,10.83,559980555.55987472
10/23/2019,ProShares Ultra VIX Short-Term Futures ETF,UVXY,52295.7413,53694.9413,-2.60583,-1399.2,10.67,558119228.64002624
10/22/2019,ProShares Ultra VIX Short-Term Futures ETF,UVXY,53694.941975,51820.966975,3.61625,1873.975,10.55,566608615.63503248
10/21/2019,ProShares Ultra VIX Short-Term Futures ETF,UVXY,51820.965875,54573.768375,-5.04419,-2752.8025,10.43,540615220.2963512
10/18/2019,ProShares Ultra VIX Short-Term Futures ETF,UVXY,54573.768425,54086.333425,0.90122,487.435,10.43,569333460.72032144
10/17/2019,ProShares Ultra VIX Short-Term Futures ETF,UVXY,54086.33315,54800.86815,-1.30388,-714.535,11.13,602108791.32013312
10/16/2019,ProShares Ultra VIX Short-Term Futures ETF,UVXY,54800.868375,55540.475875,-1.33165,-739.6075,10.05,550878320.2622832
10/15/2019,ProShares Ultra VIX Short-Term Futures ETF,UVXY,55540.476175,57929.093675,-4.12335,-2388.6175,9.37,520545603.87780864
10/14/2019,ProShares Ultra VIX Short-Term Futures ETF,UVXY,57929.093775,62127.063775,-6.75707,-4197.97,8.69,503540815.62570912
10/11/2019,ProShares Ultra VIX Short-Term Futures ETF,UVXY,62127.062875,67021.110375,-7.30225,-4894.0475,8.37,520150434.3420368
10/10/2019,ProShares Ultra VIX Short-Term Futures ETF,UVXY,67021.11075,70042.29825,-4.31338,-3021.1875,8.37,561125188.5002016
10/09/2019,ProShares Ultra VIX Short-Term Futures ETF,UVXY,70042.298825,75115.621325,-6.75402,-5073.3225,8.37,586419677.19351136
10/08/2019,ProShares Ultra VIX Short-Term Futures ETF,UVXY,75115.6203,67124.0703,11.90564,7991.55,8.37,628895375.32988544
10/07/2019,ProShares Ultra VIX Short-Term Futures ETF,UVXY,67124.071275,66108.878775,1.53564,1015.1925,8.37,561987211.57550112
10/04/2019,ProShares Ultra VIX Short-Term Futures ETF,UVXY,66108.879625,71467.209625,-7.49761,-5358.33,8.15,538943703.2222872
10/03/2019,ProShares Ultra VIX Short-Term Futures ETF,UVXY,71467.210775,76819.328275,-6.96715,-5352.1175,8.15,582626773.47629072
10/02/2019,ProShares Ultra VIX Short-Term Futures ETF,UVXY,76819.32705,70286.10205,9.29519,6533.225,8.15,626259177.80210784
10/01/2019,ProShares Ultra VIX Short-Term Futures ETF,UVXY,70286.10275,63436.07525,10.79832,6850.0275,9.41,661558439.4532832
09/30/2019,ProShares Ultra VIX Short-Term Futures ETF,UVXY,63436.074375,68090.674375,-6.83588,-4654.6,9.41,597083473.497432
09/27/2019,ProShares Ultra VIX Short-Term Futures ETF,UVXY,68090.673275,65092.925775,4.60534,2997.7475,9.41,640894256.34191072
09/26/2019,ProShares Ultra VIX Short-Term Futures ETF,UVXY,65092.925975,63998.780975,1.70963,1094.145,9.41,612678365.17609568
09/25/2019,ProShares Ultra VIX Short-Term Futures ETF,UVXY,63998.781775,67133.394275,-4.66923,-3134.6125,9.41,602379880.82189152
09/24/2019,ProShares Ultra VIX Short-Term Futures ETF,UVXY,67133.39355,61436.46605,9.27288,5696.9275,9.41,631883990.35456704
09/23/2019,ProShares Ultra VIX Short-Term Futures ETF,UVXY,61436.4661,64077.0461,-4.12095,-2640.58,9.41,578262430.95603328
09/20/2019,ProShares Ultra VIX Short-Term Futures ETF,UVXY,64077.0466,58793.9566,8.98577,5283.09,9.33,597990374.17779968
09/19/2019,ProShares Ultra VIX Short-Term Futures ETF,UVXY,58793.955675,59568.805675,-1.30076,-774.85,9.33,548686642.39413024
09/18/2019,ProShares Ultra VIX Short-Term Futures ETF,UVXY,59568.805525,63472.155525,-6.14970,-3903.35,8.21,489200761.67155552
09/17/2019,ProShares Ultra VIX Short-Term Futures ETF,UVXY,63472.156475,64571.981475,-1.70325,-1099.825,7.31,464131562.78788208
09/16/2019,ProShares Ultra VIX Short-Term Futures ETF,UVXY,64571.981425,62462.918925,3.37650,2109.0625,7.31,472173884.03842384
09/13/2019,ProShares Ultra VIX Short-Term Futures ETF,UVXY,62462.917775,63635.470275,-1.84261,-1172.5525,7.31,456751641.24320432
09/12/2019,ProShares Ultra VIX Short-Term Futures ETF,UVXY,63635.4715,65932.6315,-3.48410,-2297.16,6.45,410599276.3380032
09/11/2019,ProShares Ultra VIX Short-Term Futures ETF,UVXY,65932.63195,68237.05195,-3.37708,-2304.42,6.25,412234867.17553536
09/10/2019,ProShares Ultra VIX Short-Term Futures ETF,UVXY,68237.0526,68613.2576,-0.54830,-376.205,6.09,415725017.31598848
09/09/2019,ProShares Ultra VIX Short-Term Futures ETF,UVXY,68613.257475,69021.234975,-0.59109,-407.9775,6.09,418016994.65402688
09/06/2019,ProShares Ultra VIX Short-Term Futures ETF,UVXY,69021.2342,72722.4167,-5.08947,-3701.1825,6.09,420502537.69263616
09/05/2019,ProShares Ultra VIX Short-Term Futures ETF,UVXY,72722.41605,76572.12605,-5.02756,-3849.71,5.73,416871417.93597504
09/04/2019,ProShares Ultra VIX Short-Term Futures ETF,UVXY,76572.127275,84097.667275,-8.94857,-7525.54,5.45,417499171.41532992
09/03/2019,ProShares Ultra VIX Short-Term Futures ETF,UVXY,84097.666275,80566.336275,4.38313,3531.33,5.45,458531155.35995712
08/30/2019,ProShares Ultra VIX Short-Term Futures ETF,UVXY,80566.335425,78817.245425,2.21917,1749.09,5.51,444111031.46176304
08/29/2019,ProShares Ultra VIX Short-Term Futures ETF,UVXY,78817.245775,84035.280775,-6.20934,-5218.035,6.17,486488793.45455872
08/28/2019,ProShares Ultra VIX Short-Term Futures ETF,UVXY,84035.279575,88462.357075,-5.00448,-4427.0775,6.17,518696401.60688896
08/27/2019,ProShares Ultra VIX Short-Term Futures ETF,UVXY,88462.357675,83990.022675,5.32484,4472.335,6.17,546021942.63817984
08/26/2019,ProShares Ultra VIX Short-Term Futures ETF,UVXY,83990.0226,85414.4051,-1.66761,-1424.3825,6.17,518417059.04744448
08/23/2019,ProShares Ultra VIX Short-Term Futures ETF,UVXY,85414.406175,74602.333675,14.49294,10812.0725,6.17,527208874.08747264
08/22/2019,ProShares Ultra VIX Short-Term Futures ETF,UVXY,74602.3339,71580.6739,4.22133,3021.66,6.09,454504633.05020672
08/21/2019,ProShares Ultra VIX Short-Term Futures ETF,UVXY,71580.67465,78602.23965,-8.93303,-7021.565,5.39,385989110.34291232
08/20/2019,ProShares Ultra VIX Short-Term Futures ETF,UVXY,78602.240825,76067.613325,3.33207,2534.6275,4.87,382978791.39685296
08/19/2019,ProShares Ultra VIX Short-Term Futures ETF,UVXY,76067.6122,84671.6972,-10.16170,-8604.085,4.87,370629156.10333056
08/16/2019,ProShares Ultra VIX Short-Term Futures ETF,UVXY,84671.696675,93544.829175,-9.48543,-8873.1325,4.63,392230187.23354704
08/15/2019,ProShares Ultra VIX Short-Term Futures ETF,UVXY,93544.830125,93527.057625,0.01900,17.7725,4.55,425850191.8830296
08/14/2019,ProShares Ultra VIX Short-Term Futures ETF,UVXY,93527.058525,79192.053525,18.10157,14335.005,4.61,431380912.58824992
08/13/2019,ProShares Ultra VIX Short-Term Futures ETF,UVXY,79192.054525,91244.269525,-13.20874,-12052.215,5.05,400107148.72179072
08/12/2019,ProShares Ultra VIX Short-Term Futures ETF,UVXY,91244.2705,80487.723,13.36421,10756.5475,5.03,459174455.0658784
08/09/2019,ProShares Ultra VIX Short-Term Futures ETF,UVXY,80487.72195,76767.16195,4.84655,3720.56,5.03,405043578.77336736
08/08/2019,ProShares Ultra VIX Short-Term Futures ETF,UVXY,76767.1629,85177.1354,-9.87351,-8409.9725,4.89,375572965.56782592
08/07/2019,ProShares Ultra VIX Short-Term Futures ETF,UVXY,85177.135975,87184.265975,-2.30217,-2007.13,4.85,413310536.36990368
08/06/2019,ProShares Ultra VIX Short-Term Futures ETF,UVXY,87184.2672,96227.1697,-9.39745,-9042.9025,5.07,442230408.05907456
08/05/2019,ProShares Ultra VIX Short-Term Futures ETF,UVXY,96227.1693,74953.6143,28.38229,21273.555,5.39,518892000.53696064
08/02/2019,ProShares Ultra VIX Short-Term Futures ETF,UVXY,74953.6147,75262.1322,-0.40992,-308.5175,6.77,507613221.82704256
08/01/2019,ProShares Ultra VIX Short-Term Futures ETF,UVXY,75262.13165,68736.65915,9.49344,6525.4725,8.25,621090566.00142592
07/31/2019,ProShares Ultra VIX Short-Term Futures ETF,UVXY,68736.658575,63269.493575,8.64108,5467.165,8.25,567239981.69394816
07/30/2019,ProShares Ultra VIX Short-Term Futures ETF,UVXY,63269.493125,59890.940625,5.64117,3378.5525,8.25,522122937.978592
07/29/2019,ProShares Ultra VIX Short-Term Futures ETF,UVXY,59890.940275,59289.185275,1.01495,601.755,8.25,494241887.36431232
07/26/2019,ProShares Ultra VIX Short-Term Futures ETF,UVXY,59289.185375,61112.430375,-2.98343,-1823.245,8.17,484532851.5793248
07/25/2019,ProShares Ultra VIX Short-Term Futures ETF,UVXY,61112.43115,59301.00865,3.05462,1811.4225,8.57,523878053.63268352
07/24/2019,ProShares Ultra VIX Short-Term Futures ETF,UVXY,59301.008175,61636.890675,-3.78975,-2335.8825,8.41,498861713.77588224
07/23/2019,ProShares Ultra VIX Short-Term Futures ETF,UVXY,61636.890325,63985.307825,-3.67024,-2348.4175,8.41,518512006.55149056
07/22/2019,ProShares Ultra VIX Short-Term Futures ETF,UVXY,63985.30905,68198.70405,-6.17812,-4213.395,8.41,538267761.56934144
07/19/2019,ProShares Ultra VIX Short-Term Futures ETF,UVXY,68198.70405,64829.19405,5.19752,3369.51,8.41,573712377.35583744
07/18/2019,ProShares Ultra VIX Short-Term Futures ETF,UVXY,64829.1939,67346.2139,-3.73743,-2517.02,7.95,515545399.58273472
07/17/2019,ProShares Ultra VIX Short-Term Futures ETF,UVXY,67346.213475,64812.080975,3.90997,2534.1325,7.95,535561657.45187568
07/16/2019,ProShares Ultra VIX Short-Term Futures ETF,UVXY,64812.081625,64240.869125,0.88917,571.2125,6.97,451893476.5368768
07/15/2019,ProShares Ultra VIX Short-Term Futures ETF,UVXY,64240.868325,64409.113325,-0.26121,-168.245,7.45,478746385.82666496
07/12/2019,ProShares Ultra VIX Short-Term Futures ETF,UVXY,64409.112275,66026.749775,-2.44997,-1617.6375,7.17,461965649.68045792
07/11/2019,ProShares Ultra VIX Short-Term Futures ETF,UVXY,66026.74985,67368.55485,-1.99174,-1341.805,7.09,468285796.49454528
07/10/2019,ProShares Ultra VIX Short-Term Futures ETF,UVXY,67368.55485,71302.21235,-5.51688,-3933.6575,6.83,460286542.78400928
07/09/2019,ProShares Ultra VIX Short-Term Futures ETF,UVXY,71302.212675,71177.567675,0.17512,124.645,6.99,498571082.07078384
07/08/2019,ProShares Ultra VIX Short-Term Futures ETF,UVXY,71177.567225,68309.769725,4.19822,2867.7975,6.99,497699515.61372368
07/05/2019,ProShares Ultra VIX Short-Term Futures ETF,UVXY,68309.7696,66873.6196,2.14756,1436.15,6.99,477646828.44715008
07/03/2019,ProShares Ultra VIX Short-Term Futures ETF,UVXY,66873.62,67693.73,-1.21150,-820.11,7.75,518428697.736576
07/02/2019,ProShares Ultra VIX Short-Term Futures ETF,UVXY,67693.7298,72083.8798,-6.09034,-4390.15,7.57,512601616.71823104
07/01/2019,ProShares Ultra VIX Short-Term Futures ETF,UVXY,72083.87975,75915.75225,-5.04753,-3831.8725,7.27,524220269.7413328
06/28/2019,ProShares Ultra VIX Short-Term Futures ETF,UVXY,75915.7517,79512.0742,-4.52299,-3596.3225,6.97,529312314.91862016
06/27/2019,ProShares Ultra VIX Short-Term Futures ETF,UVXY,79512.074775,82484.892275,-3.60408,-2972.8175,6.75,536894534.88567792
06/26/2019,ProShares Ultra VIX Short-Term Futures ETF,UVXY,82484.892125,83404.294625,-1.10234,-919.4025,6.63,547069895.0616472
06/25/2019,ProShares Ultra VIX Short-Term Futures ETF,UVXY,83404.295575,80539.075575,3.55755,2865.22,6.57,548163456.40592576
06/24/2019,ProShares Ultra VIX Short-Term Futures ETF,UVXY,80539.07615,82275.07365,-2.10999,-1735.9975,6.57,529332189.11277952
06/21/2019,ProShares Ultra VIX Short-Term Futures ETF,UVXY,82275.0733,79337.5783,3.70253,2937.495,6.57,540741795.67433984
06/20/2019,ProShares Ultra VIX Short-Term Futures ETF,UVXY,79337.577325,77543.842325,2.31319,1793.735,6.41,508741488.15610816
06/19/2019,ProShares Ultra VIX Short-Term Futures ETF,UVXY,77543.84345,83160.24595,-6.75371,-5616.4025,5.55,430551706.82849056
06/18/2019,ProShares Ultra VIX Short-Term Futures ETF,UVXY,83160.24515,83239.31015,-0.09499,-79.065,6.39,531590623.85623072
06/17/2019,ProShares Ultra VIX Short-Term Futures ETF,UVXY,83239.309575,84662.502075,-1.68102,-1423.1925,6.77,563726970.14203296
06/14/2019,ProShares Ultra VIX Short-Term Futures ETF,UVXY,84662.50135,86707.97635,-2.35904,-2045.475,6.73,569978843.96869248
06/13/2019,ProShares Ultra VIX Short-Term Futures ETF,UVXY,86707.975625,87031.125625,-0.37130,-323.15,6.73,583749722.977008
06/12/2019,ProShares Ultra VIX Short-Term Futures ETF,UVXY,87031.1268,87911.8843,-1.00186,-880.7575,6.61,575481559.35665664
06/11/2019,ProShares Ultra VIX Short-Term Futures ETF,UVXY,87911.8855,87134.748,0.89188,777.1375,6.93,609437260.5418304
06/10/2019,ProShares Ultra VIX Short-Term Futures ETF,UVXY,87134.74865,89135.97115,-2.24513,-2001.2225,6.79,591850999.58710752
06/07/2019,ProShares Ultra VIX Short-Term Futures ETF,UVXY,89135.97145,87845.69645,1.46880,1290.275,6.71,598313157.17478496
06/06/2019,ProShares Ultra VIX Short-Term Futures ETF,UVXY,87845.69655,89235.25405,-1.55718,-1389.5575,6.59,579110877.76770144
06/05/2019,ProShares Ultra VIX Short-Term Futures ETF,UVXY,89235.253325,93080.483325,-4.13108,-3845.23,6.45,575778407.47331296
06/04/2019,ProShares Ultra VIX Short-Term Futures ETF,UVXY,93080.4838,100335.0313,-7.23032,-7254.5475,6.45,600589237.23809024
06/03/2019,ProShares Ultra VIX Short-Term Futures ETF,UVXY,100335.032175,99964.684675,0.37048,370.3475,6.31,633351325.30833744
05/31/2019,ProShares Ultra VIX Short-Term Futures ETF,UVXY,99964.684775,94422.459775,5.86960,5542.225,6.31,631013557.41680592
05/30/2019,ProShares Ultra VIX Short-Term Futures ETF,UVXY,94422.46095,96954.61345,-2.61169,-2532.1525,6.31,596029018.83015456
05/29/2019,ProShares Ultra VIX Short-Term Futures ETF,UVXY,96954.6142,93893.4267,3.26028,3061.1875,6.31,612012893.87366016
05/28/2019,ProShares Ultra VIX Short-Term Futures ETF,UVXY,93893.4258,89041.5408,5.44901,4851.885,6.31,592689555.97133184
05/24/2019,ProShares Ultra VIX Short-Term Futures ETF,UVXY,89041.5405,93639.363,-4.91014,-4597.8225,6.17,549596870.3199744
05/23/2019,ProShares Ultra VIX Short-Term Futures ETF,UVXY,93639.362475,85146.117475,9.97491,8493.245,6.17,577976304.83513088
05/22/2019,ProShares Ultra VIX Short-Term Futures ETF,UVXY,85146.116325,85540.521325,-0.46107,-394.405,5.81,494900289.38413536
05/21/2019,ProShares Ultra VIX Short-Term Futures ETF,UVXY,85540.522375,92930.997375,-7.95265,-7390.475,4.79,409941388.4035624
05/20/2019,ProShares Ultra VIX Short-Term Futures ETF,UVXY,92930.997625,91642.167625,1.40637,1288.83,4.79,445359241.8469336
05/17/2019,ProShares Ultra VIX Short-Term Futures ETF,UVXY,91642.167225,89721.212225,2.14103,1920.955,4.67,428185636.33780368
05/16/2019,ProShares Ultra VIX Short-Term Futures ETF,UVXY,89721.213375,95516.008375,-6.06683,-5794.795,4.67,419210239.1866392
05/15/2019,ProShares Ultra VIX Short-Term Futures ETF,UVXY,95516.007825,102339.612825,-6.66761,-6823.605,4.47,427182431.23305456
05/14/2019,ProShares Ultra VIX Short-Term Futures ETF,UVXY,102339.612925,111290.737925,-8.04301,-8951.125,4.47,457700082.49139504
05/13/2019,ProShares Ultra VIX Short-Term Futures ETF,UVXY,111290.7377,90708.7677,22.69017,20581.97,4.47,497732777.85551296
05/10/2019,ProShares Ultra VIX Short-Term Futures ETF,UVXY,90708.7689,101936.4114,-11.01436,-11227.6425,4.83,438337861.88369472
05/09/2019,ProShares Ultra VIX Short-Term Futures ETF,UVXY,101936.411825,102843.346825,-0.88186,-906.935,4.83,492593928.34143376
05/08/2019,ProShares Ultra VIX Short-Term Futures ETF,UVXY,102843.3458,100782.2008,2.04515,2061.145,5.29,544284503.22614784
05/07/2019,ProShares Ultra VIX Short-Term Futures ETF,UVXY,100782.2014,85909.0189,17.31271,14873.1825,6.05,609970648.21987072
05/06/2019,ProShares Ultra VIX Short-Term Futures ETF,UVXY,85909.018075,78069.473075,10.04175,7839.545,7.43,638507161.94319376
05/03/2019,ProShares Ultra VIX Short-Term Futures ETF,UVXY,78069.474125,84409.749125,-7.51131,-6340.275,8.15,636450832.8111608
05/02/2019,ProShares Ultra VIX Short-Term Futures ETF,UVXY,84409.749375,84987.729375,-0.68007,-577.98,8.15,688139069.581572
05/01/2019,ProShares Ultra VIX Short-Term Futures ETF,UVXY,84987.73045,79359.39045,7.09222,5628.34,8.15,692850982.15246816
04/30/2019,ProShares Ultra VIX Short-Term Futures ETF,UVXY,79359.3899,79763.3474,-0.50645,-403.9575,8.15,646966696.77023552
04/29/2019,ProShares Ultra VIX Short-Term Futures ETF,UVXY,79763.3464,78169.2789,2.03925,1594.0675,8.15,650259897.52156672
04/26/2019,ProShares Ultra VIX Short-Term Futures ETF,UVXY,78169.27895,82140.65145,-4.83484,-3971.3725,8.15,637264478.15336096
04/25/2019,ProShares Ultra VIX Short-Term Futures ETF,UVXY,82140.65225,79945.81725,2.74540,2194.835,8.15,669640562.0519408
04/24/2019,ProShares Ultra VIX Short-Term Futures ETF,UVXY,79945.817025,76541.209525,4.44807,3404.6075,8.15,651747464.62185072
04/23/2019,ProShares Ultra VIX Short-Term Futures ETF,UVXY,76541.208575,76946.378575,-0.52656,-405.17,8.15,623991854.53628816
04/22/2019,ProShares Ultra VIX Short-Term Futures ETF,UVXY,76946.3785,78958.6635,-2.54853,-2012.285,7.83,602672106.4508768
04/18/2019,ProShares Ultra VIX Short-Term Futures ETF,UVXY,78958.6641,80556.1566,-1.98308,-1597.4925,7.83,618433061.35186368
04/17/2019,ProShares Ultra VIX Short-Term Futures ETF,UVXY,80556.1578,80556.7128,-0.00069,-0.555,7.71,621278475.83996544
04/16/2019,ProShares Ultra VIX Short-Term Futures ETF,UVXY,80556.714,80955.224,-0.49226,-398.51,7.47,601949154.0972672
04/15/2019,ProShares Ultra VIX Short-Term Futures ETF,UVXY,80955.22485,81879.42235,-1.12873,-924.1975,7.47,604926972.54522528
04/12/2019,ProShares Ultra VIX Short-Term Futures ETF,UVXY,81879.422475,88788.984975,-7.78200,-6909.5625,7.47,611832914.34651888
04/11/2019,ProShares Ultra VIX Short-Term Futures ETF,UVXY,88788.9848,91594.9348,-3.06343,-2805.95,7.19,638602768.90325504
04/10/2019,ProShares Ultra VIX Short-Term Futures ETF,UVXY,91594.93475,96094.50225,-4.68244,-4499.5675,6.75,618482413.2641968
04/09/2019,ProShares Ultra VIX Short-Term Futures ETF,UVXY,96094.5031,91071.6881,5.51523,5022.815,6.75,648865140.20593088
04/08/2019,ProShares Ultra VIX Short-Term Futures ETF,UVXY,91071.689075,90628.279075,0.48926,443.41,6.75,614949267.58657456
04/05/2019,ProShares Ultra VIX Short-Term Futures ETF,UVXY,90628.2803,93548.0428,-3.12114,-2919.7625,6.75,611955209.78225344
04/04/2019,ProShares Ultra VIX Short-Term Futures ETF,UVXY,93548.0425,94460.21,-0.96566,-912.1675,6.43,601735135.685904
04/03/2019,ProShares Ultra VIX Short-Term Futures ETF,UVXY,94460.21015,94683.26265,-0.23558,-223.0525,6.43,607602530.76946272
04/02/2019,ProShares Ultra VIX Short-Term Futures ETF,UVXY,94683.261975,94247.486975,0.46237,435.775,6.01,569270311.44766848
04/01/2019,ProShares Ultra VIX Short-Term Futures ETF,UVXY,94247.48755,97510.83755,-3.34665,-3263.35,5.69,536491080.61805824
03/29/2019,ProShares Ultra VIX Short-Term Futures ETF,UVXY,97510.83815,100938.80315,-3.39608,-3427.965,5.61,547266395.65155712
03/28/2019,ProShares Ultra VIX Short-Term Futures ETF,UVXY,100938.80405,105924.85905,-4.70716,-4986.055,5.61,566505390.80431744
03/27/2019,ProShares Ultra VIX Short-Term Futures ETF,UVXY,105924.8579,103054.7229,2.78506,2870.135,5.61,594488943.92296192
03/26/2019,ProShares Ultra VIX Short-Term Futures ETF,UVXY,103054.722125,111097.297125,-7.23922,-8042.575,5.61,578380694.9281312
03/25/2019,ProShares Ultra VIX Short-Term Futures ETF,UVXY,111097.297775,110118.790275,0.88859,978.5075,5.61,623518563.40752832
03/22/2019,ProShares Ultra VIX Short-Term Futures ETF,UVXY,110118.790725,95215.695725,15.65193,14903.095,5.91,651062462.10105648
03/21/2019,ProShares Ultra VIX Short-Term Futures ETF,UVXY,95215.69525,97545.72275,-2.38865,-2330.0275,6.43,612462086.5336272
03/20/2019,ProShares Ultra VIX Short-Term Futures ETF,UVXY,97545.7231,95660.9656,1.97025,1884.7575,6.03,588431386.41898688
03/19/2019,ProShares Ultra VIX Short-Term Futures ETF,UVXY,95660.966575,94716.809075,0.99682,944.1575,6.37,609586576.13650656
03/18/2019,ProShares Ultra VIX Short-Term Futures ETF,UVXY,94716.8099,93588.6749,1.20542,1128.135,5.57,527796617.45505152
03/15/2019,ProShares Ultra VIX Short-Term Futures ETF,UVXY,93588.674425,97934.411925,-4.43740,-4345.7375,5.57,521510235.04453024
03/14/2019,ProShares Ultra VIX Short-Term Futures ETF,UVXY,97934.411425,99396.491425,-1.47096,-1462.08,5.51,539850202.24788784
03/13/2019,ProShares Ultra VIX Short-Term Futures ETF,UVXY,99396.492625,101711.997625,-2.27653,-2315.505,4.77,474356322.6470096
03/12/2019,ProShares Ultra VIX Short-Term Futures ETF,UVXY,101711.99755,104865.34755,-3.00705,-3153.35,4.39,446756197.77630624
03/11/2019,ProShares Ultra VIX Short-Term Futures ETF,UVXY,104865.3463,117421.0488,-10.69289,-12555.7025,4.13,433341865.78993024
03/08/2019,ProShares Ultra VIX Short-Term Futures ETF,UVXY,117421.048925,116857.546425,0.48221,563.5025,4.13,485226609.35674784
03/07/2019,ProShares Ultra VIX Short-Term Futures ETF,UVXY,116857.5464,111821.6164,4.50354,5035.93,4.35,508606671.56572672
03/06/2019,ProShares Ultra VIX Short-Term Futures ETF,UVXY,111821.6153,106977.6353,4.52803,4843.98,4.35,486688462.31086144
03/05/2019,ProShares Ultra VIX Short-Term Futures ETF,UVXY,106977.6347,104947.7972,1.93414,2029.8375,4.35,465605691.65553856
03/04/2019,ProShares Ultra VIX Short-Term Futures ETF,UVXY,104947.796225,101497.736225,3.39915,3450.06,4.35,456771094.12726288
03/01/2019,ProShares Ultra VIX Short-Term Futures ETF,UVXY,101497.737425,108444.267425,-6.40562,-6946.53,4.35,441755179.64821264
02/28/2019,ProShares Ultra VIX Short-Term Futures ETF,UVXY,108444.2672,109477.1372,-0.94346,-1032.87,4.35,471989011.32307456
02/27/2019,ProShares Ultra VIX Short-Term Futures ETF,UVXY,109477.136825,109996.376825,-0.47205,-519.24,4.35,476484436.72191376
02/26/2019,ProShares Ultra VIX Short-Term Futures ETF,UVXY,109996.377675,108097.572675,1.75657,1898.805,4.35,478744362.32017584
02/25/2019,ProShares Ultra VIX Short-Term Futures ETF,UVXY,108097.571475,104644.006475,3.30030,3453.565,4.35,470480065.05327408
02/22/2019,ProShares Ultra VIX Short-Term Futures ETF,UVXY,104644.006925,111544.724425,-6.18650,-6900.7175,4.35,455448892.27132624
02/21/2019,ProShares Ultra VIX Short-Term Futures ETF,UVXY,111544.725175,108548.530175,2.76024,2996.195,4.01,447558128.91784384
02/20/2019,ProShares Ultra VIX Short-Term Futures ETF,UVXY,108548.5302,115865.6327,-6.31516,-7317.1025,3.99,433365331.06221696
02/19/2019,ProShares Ultra VIX Short-Term Futures ETF,UVXY,115865.63275,115871.12025,-0.00474,-5.4875,3.79,439404747.1708272
02/15/2019,ProShares Ultra VIX Short-Term Futures ETF,UVXY,115871.12095,122282.83845,-5.24335,-6411.7175,3.79,439425560.42732256
02/14/2019,ProShares Ultra VIX Short-Term Futures ETF,UVXY,122282.8388,119572.8388,2.26640,2710,3.51,429501938.64519424
02/13/2019,ProShares Ultra VIX Short-Term Futures ETF,UVXY,119572.839875,120114.927375,-0.45131,-542.0875,2.87,343456816.2929864
02/12/2019,ProShares Ultra VIX Short-Term Futures ETF,UVXY,120114.92615,123047.59115,-2.38336,-2932.665,2.61,313784005.02885952
02/11/2019,ProShares Ultra VIX Short-Term Futures ETF,UVXY,123047.5904,124495.8529,-1.16330,-1448.2625,2.61,321445193.88577792
02/08/2019,ProShares Ultra VIX Short-Term Futures ETF,UVXY,124495.853175,128260.393175,-2.93508,-3764.54,2.61,325228584.58033824
02/07/2019,ProShares Ultra VIX Short-Term Futures ETF,UVXY,128260.39325,121644.34075,5.43885,6616.0525,2.61,335062936.5604576
02/06/2019,ProShares Ultra VIX Short-Term Futures ETF,UVXY,121644.34105,123298.48605,-1.34158,-1654.145,2.61,317779394.67821504
02/05/2019,ProShares Ultra VIX Short-Term Futures ETF,UVXY,123298.4864,124034.1189,-0.59309,-735.6325,2.45,302372867.94063872
02/04/2019,ProShares Ultra VIX Short-Term Futures ETF,UVXY,124034.11785,129281.26035,-4.05870,-5247.1425,2.45,304176904.61439168
02/01/2019,ProShares Ultra VIX Short-Term Futures ETF,UVXY,129281.2595,131385.7045,-1.60173,-2104.445,2.45,317044810.0974656
01/31/2019,ProShares Ultra VIX Short-Term Futures ETF,UVXY,131385.7054,139663.4204,-5.92690,-8277.715,2.45,322205679.14612992
01/30/2019,ProShares Ultra VIX Short-Term Futures ETF,UVXY,139663.4197,148344.9922,-5.85229,-8681.5725,2.45,342505654.31990656
01/29/2019,ProShares Ultra VIX Short-Term Futures ETF,UVXY,148344.99205,150956.18455,-1.72977,-2611.1925,2.45,363796036.75969984
01/28/2019,ProShares Ultra VIX Short-Term Futures ETF,UVXY,150956.185275,142161.140275,6.18667,8795.045,2.45,370199635.11068832
01/25/2019,ProShares Ultra VIX Short-Term Futures ETF,UVXY,142161.1415,152123.9165,-6.54912,-9962.775,2.45,348630979.3424192
01/24/2019,ProShares Ultra VIX Short-Term Futures ETF,UVXY,152123.91645,158117.85395,-3.79080,-5993.9375,2.45,373063337.94012096
01/23/2019,ProShares Ultra VIX Short-Term Futures ETF,UVXY,158117.854075,162826.781575,-2.89199,-4708.9275,2.45,387762659.58506656
01/22/2019,ProShares Ultra VIX Short-Term Futures ETF,UVXY,162826.7822,142661.9447,14.13470,20164.8375,2.45,399310669.16454656
01/18/2019,ProShares Ultra VIX Short-Term Futures ETF,UVXY,142661.944525,144950.277025,-1.57870,-2288.3325,2.45,349859131.05266272
01/17/2019,ProShares Ultra VIX Short-Term Futures ETF,UVXY,144950.27815,150785.96065,-3.87018,-5835.6825,2.29,332278915.38126912
01/16/2019,ProShares Ultra VIX Short-Term Futures ETF,UVXY,150785.960875,148427.108375,1.58923,2358.8525,2.29,345656429.0440272
01/15/2019,ProShares Ultra VIX Short-Term Futures ETF,UVXY,148427.1095,156071.172,-4.89781,-7644.0625,2.01,298689490.5235456
01/14/2019,ProShares Ultra VIX Short-Term Futures ETF,UVXY,156071.1717,155817.1317,0.16304,254.04,2.01,314072132.22383616
01/11/2019,ProShares Ultra VIX Short-Term Futures ETF,UVXY,155817.13145,163179.78395,-4.51199,-7362.6525,1.93,301095540.05095296
01/10/2019,ProShares Ultra VIX Short-Term Futures ETF,UVXY,163179.7832,166257.4182,-1.85113,-3077.635,1.91,312059273.46331136
01/09/2019,ProShares Ultra VIX Short-Term Futures ETF,UVXY,166257.41885,171137.60385,-2.85161,-4880.185,1.85,307969390.41659648
01/08/2019,ProShares Ultra VIX Short-Term Futures ETF,UVXY,171137.60295,176956.88045,-3.28853,-5819.2775,1.79,306741015.48395616
01/07/2019,ProShares Ultra VIX Short-Term Futures ETF,UVXY,176956.879375,181747.911875,-2.63609,-4791.0325,1.79,317171281.709596
01/04/2019,ProShares Ultra VIX Short-Term Futures ETF,UVXY,181747.912475,207612.217475,-12.45799,-25864.305,1.51,274869145.30067088
01/03/2019,ProShares Ultra VIX Short-Term Futures ETF,UVXY,207612.217375,193684.492375,7.19093,13927.725,1.35,280767454.8278984
01/02/2019,ProShares Ultra VIX Short-Term Futures ETF,UVXY,193684.493075,203640.390575,-4.88896,-9955.8975,1.23,238689951.57147376
12/31/2018,ProShares Ultra VIX Short-Term Futures ETF,UVXY,203640.389925,216640.742425,-6.00088,-13000.3525,1.05,214303978.21534464
12/28/2018,ProShares Ultra VIX Short-Term Futures ETF,UVXY,216640.741825,213796.939325,1.33014,2843.8025,1.01,219319461.26951776
12/27/2018,ProShares Ultra VIX Short-Term Futures ETF,UVXY,213796.938325,209400.160825,2.09970,4396.7775,1.01,216440494.70800096
12/26/2018,ProShares Ultra VIX Short-Term Futures ETF,UVXY,209400.1609,224129.7384,-6.57190,-14729.5775,0.97,203613345.57349632
12/24/2018,ProShares Ultra VIX Short-Term Futures ETF,UVXY,224129.7384,206147.7584,8.72286,17981.98,0.97,217935868.25336832
12/21/2018,ProShares Ultra VIX Short-Term Futures ETF,UVXY,206147.75785,187598.89785,9.88751,18548.86,0.97,200450823.33226368
12/20/2018,ProShares Ultra VIX Short-Term Futures ETF,UVXY,187598.89885,182848.46635,2.59802,4750.4325,1.63,306229839.00150048
12/19/2018,ProShares Ultra VIX Short-Term Futures ETF,UVXY,182848.4671,178594.2071,2.38208,4254.26,1.63,298475401.42799808
12/18/2018,ProShares Ultra VIX Short-Term Futures ETF,UVXY,178594.2065,174412.849,2.39739,4181.3575,1.51,270099591.3945312
12/17/2018,ProShares Ultra VIX Short-Term Futures ETF,UVXY,174412.849675,163887.612175,6.42223,10525.2375,1.55,270752368.50316144
12/14/2018,ProShares Ultra VIX Short-Term Futures ETF,UVXY,163887.61215,155774.16465,5.20847,8113.4475,1.55,254413360.25771232
12/13/2018,ProShares Ultra VIX Short-Term Futures ETF,UVXY,155774.163475,158458.033475,-1.69374,-2683.87,1.55,241818328.12803568
12/12/2018,ProShares Ultra VIX Short-Term Futures ETF,UVXY,158458.0333,159494.3308,-0.64974,-1036.2975,1.55,245984673.17214784
12/11/2018,ProShares Ultra VIX Short-Term Futures ETF,UVXY,159494.3316,160074.9791,-0.36273,-580.6475,1.55,247593386.17536768
12/10/2018,ProShares Ultra VIX Short-Term Futures ETF,UVXY,160074.9796,161593.1471,-0.93950,-1518.1675,1.55,248494763.69175808
12/07/2018,ProShares Ultra VIX Short-Term Futures ETF,UVXY,161593.145975,146627.718475,10.20641,14965.4275,1.55,250851511.73285168
12/06/2018,ProShares Ultra VIX Short-Term Futures ETF,UVXY,146627.7176,142699.0951,2.75308,3928.6225,1.67,245215033.61858048
12/04/2018,ProShares Ultra VIX Short-Term Futures ETF,UVXY,142699.094225,118353.286725,20.57045,24345.8075,2.25,321410416.82427328
12/03/2018,ProShares Ultra VIX Short-Term Futures ETF,UVXY,118353.2869,127605.5119,-7.25065,-9252.225,2.39,283144237.54386112
11/30/2018,ProShares Ultra VIX Short-Term Futures ETF,UVXY,127605.510825,135090.498325,-5.54072,-7484.9875,2.19,279757830.21874896
11/29/2018,ProShares Ultra VIX Short-Term Futures ETF,UVXY,135090.497075,133174.579575,1.43865,1915.9175,2.03,274553171.06973296
11/28/2018,ProShares Ultra VIX Short-Term Futures ETF,UVXY,133174.580425,139278.515425,-4.38254,-6103.935,2.03,270659329.51053904
11/27/2018,ProShares Ultra VIX Short-Term Futures ETF,UVXY,139278.51475,141120.78725,-1.30546,-1842.2725,1.79,249637907.2341808
11/26/2018,ProShares Ultra VIX Short-Term Futures ETF,UVXY,141120.787875,158578.422875,-11.00883,-17457.635,1.59,224715775.1604168
11/23/2018,ProShares Ultra VIX Short-Term Futures ETF,UVXY,158578.42215,154684.19215,2.51754,3894.23,1.43,227142149.92720032
11/21/2018,ProShares Ultra VIX Short-Term Futures ETF,UVXY,154684.19285,158172.11285,-2.20514,-3487.92,1.81,280344186.23775168
11/20/2018,ProShares Ultra VIX Short-Term Futures ETF,UVXY,158172.111875,145797.956875,8.48719,12374.155,1.81,286665567.903912
11/19/2018,ProShares Ultra VIX Short-Term Futures ETF,UVXY,145797.955925,133784.620925,8.97961,12013.335,2.15,313810388.24492144
11/16/2018,ProShares Ultra VIX Short-Term Futures ETF,UVXY,133784.621425,143157.078925,-6.54697,-9372.4575,2.15,287953309.93649584
11/15/2018,ProShares Ultra VIX Short-Term Futures ETF,UVXY,143157.07925,147458.22925,-2.91686,-4301.15,2.55,365389089.9485104
11/14/2018,ProShares Ultra VIX Short-Term Futures ETF,UVXY,147458.229875,141331.614875,4.33492,6126.615,2.55,376367195.4032584
11/13/2018,ProShares Ultra VIX Short-Term Futures ETF,UVXY,141331.614575,140052.984575,0.91296,1278.63,2.79,394649425.66639696
11/12/2018,ProShares Ultra VIX Short-Term Futures ETF,UVXY,140052.983525,125678.588525,11.43743,14374.395,2.79,391079021.33018992
11/09/2018,ProShares Ultra VIX Short-Term Futures ETF,UVXY,125678.588275,120402.533275,4.38201,5276.055,2.79,350940466.01280272
11/08/2018,ProShares Ultra VIX Short-Term Futures ETF,UVXY,120402.53225,119501.54225,0.75396,900.99,2.67,321759489.0157648
11/07/2018,ProShares Ultra VIX Short-Term Futures ETF,UVXY,119501.5419,134587.9044,-11.20930,-15086.3625,2.27,271551097.35928512
11/06/2018,ProShares Ultra VIX Short-Term Futures ETF,UVXY,134587.904375,142281.621875,-5.40739,-7693.7175,2.27,305832816.407516
11/05/2018,ProShares Ultra VIX Short-Term Futures ETF,UVXY,142281.622875,144524.512875,-1.55191,-2242.89,2.27,323315751.5080248
11/02/2018,ProShares Ultra VIX Short-Term Futures ETF,UVXY,144524.511675,142519.621675,1.40675,2004.89,2.27,328412413.06745904
11/01/2018,ProShares Ultra VIX Short-Term Futures ETF,UVXY,142519.622675,152686.542675,-6.65869,-10166.92,2.67,380864422.94595184
10/31/2018,ProShares Ultra VIX Short-Term Futures ETF,UVXY,152686.541425,159290.721425,-4.14599,-6604.18,2.67,408034138.73791184
10/30/2018,ProShares Ultra VIX Short-Term Futures ETF,UVXY,159290.72035,165255.60285,-3.60949,-5964.8825,2.67,425682914.02998368
10/29/2018,ProShares Ultra VIX Short-Term Futures ETF,UVXY,165255.60385,159883.15885,3.36023,5372.445,2.67,441623258.73148448
10/26/2018,ProShares Ultra VIX Short-Term Futures ETF,UVXY,159883.15815,157846.77565,1.29010,2036.3825,2.67,427266123.95289312
10/25/2018,ProShares Ultra VIX Short-Term Futures ETF,UVXY,157846.7748,154698.6248,2.03502,3148.15,2.67,421824164.76904704
10/24/2018,ProShares Ultra VIX Short-Term Futures ETF,UVXY,154698.624525,136349.624525,13.45732,18349,2.67,413411159.4490750096993308
10/23/2018,ProShares Ultra VIX Short-Term Futures ETF,UVXY,136349.693075,134187.943075,1.61099,2161.75,2.73,372557102.4306931776516964
10/22/2018,ProShares Ultra VIX Short-Term Futures ETF,UVXY,134187.9719,132210.7219,1.49553,1977.25,2.73,366650491.5754851824425168
10/19/2018,ProShares Ultra VIX Short-Term Futures ETF,UVXY,132210.78705,132130.03705,0.06111,80.75,2.73,361248101.2798159032041976
10/18/2018,ProShares Ultra VIX Short-Term Futures ETF,UVXY,132130.097325,118761.097325,11.25705,13369,2.81,371598035.3011599466138524
10/17/2018,ProShares Ultra VIX Short-Term Futures ETF,UVXY,118761.19265,120331.69265,-1.30514,-1570.5,2.51,298371440.5265937753663608
10/16/2018,ProShares Ultra VIX Short-Term Futures ETF,UVXY,120331.6112,134534.1112,-10.55680,-14202.5,2.51,302316904.8195812762219264
10/15/2018,ProShares Ultra VIX Short-Term Futures ETF,UVXY,134534.151,130475.901,3.11034,4058.25,2.53,340689548.964297895115472
10/12/2018,ProShares Ultra VIX Short-Term Futures ETF,UVXY,130475.82065,136154.82065,-4.17099,-5679,2.59,338240925.2608706506443768
10/11/2018,ProShares Ultra VIX Short-Term Futures ETF,UVXY,136154.919875,133918.169875,1.67024,2236.75,2.59,352963222.211698784292906
10/10/2018,ProShares Ultra VIX Short-Term Futures ETF,UVXY,133918.277725,104526.027725,28.11955,29392.25,3.37,451621286.4477994458574812
10/09/2018,ProShares Ultra VIX Short-Term Futures ETF,UVXY,104525.957875,102277.707875,2.19818,2248.25,4.15,434029908.612410777738442
10/08/2018,ProShares Ultra VIX Short-Term Futures ETF,UVXY,102277.712125,99154.212125,3.15014,3123.5,4.15,424694372.088768650547798
10/05/2018,ProShares Ultra VIX Short-Term Futures ETF,UVXY,99154.210125,96365.210125,2.89420,2789,4.71,467250809.987912092022454
10/04/2018,ProShares Ultra VIX Short-Term Futures ETF,UVXY,96365.110225,89161.110225,8.07976,7204,5.65,544690757.3950683975739212
10/03/2018,ProShares Ultra VIX Short-Term Futures ETF,UVXY,89161.224625,91055.974625,-2.08086,-1894.75,5.83,520020788.408164900593198
10/02/2018,ProShares Ultra VIX Short-Term Futures ETF,UVXY,91056.088575,90585.588575,0.51940,470.5,5.83,531072326.2190186235524724
10/01/2018,ProShares Ultra VIX Short-Term Futures ETF,UVXY,90585.5704,91255.8204,-0.73447,-670.25,5.83,528328092.5753808368297088
09/28/2018,ProShares Ultra VIX Short-Term Futures ETF,UVXY,91255.75,92369.75,-1.20602,-1114,5.83,532236824.486958353364
09/27/2018,ProShares Ultra VIX Short-Term Futures ETF,UVXY,92369.75,95146.5,-2.91839,-2776.75,5.83,538734078.878911425972
09/26/2018,ProShares Ultra VIX Short-Term Futures ETF,UVXY,95146.5,91893.5,3.53997,3253,5.83,554929097.849158907448
09/25/2018,ProShares Ultra VIX Short-Term Futures ETF,UVXY,91893.5,91415.5,0.52289,478,5.83,535956415.140879423432
09/24/2018,ProShares Ultra VIX Short-Term Futures ETF,UVXY,91415.5,92471,-1.14144,-1055.5,5.83,533334394.421159954216
09/21/2018,ProShares Ultra VIX Short-Term Futures ETF,UVXY,92471,91456.25,1.10955,1014.75,5.83,539492370.402383426512
09/20/2018,ProShares Ultra VIX Short-Term Futures ETF,UVXY,91456.25,93897.5,-2.59991,-2441.25,5.75,526255637.2172138211
09/19/2018,ProShares Ultra VIX Short-Term Futures ETF,UVXY,93897.5,97906,-4.09423,-4008.5,5.75,540303026.80902983412
09/18/2018,ProShares Ultra VIX Short-Term Futures ETF,UVXY,97906,101261.25,-3.31346,-3355.25,5.75,563368653.507972788832
09/17/2018,ProShares Ultra VIX Short-Term Futures ETF,UVXY,101261.25,95140,6.43394,6121.25,5.75,582675362.74624854006
09/14/2018,ProShares Ultra VIX Short-Term Futures ETF,UVXY,95140,98093.75,-3.01115,-2953.75,5.75,547452594.27153117408
09/13/2018,ProShares Ultra VIX Short-Term Futures ETF,UVXY,98093.75,102816.25,-4.59315,-4722.5,5.7,559348125.6235338565
09/12/2018,ProShares Ultra VIX Short-Term Futures ETF,UVXY,102816.25,104143.75,-1.27468,-1327.5,5.45,560366971.16008321502
09/11/2018,ProShares Ultra VIX Short-Term Futures ETF,UVXY,104143.75,110028.75,-5.34860,-5885,5.45,567602083.8413472221
09/10/2018,ProShares Ultra VIX Short-Term Futures ETF,UVXY,110028.75,116256.25,-5.35670,-6227.5,5.37,590874087.51685658682
09/07/2018,ProShares Ultra VIX Short-Term Futures ETF,UVXY,116256.25,114058.75,1.92664,2197.5,5.37,624316877.5150272867
09/06/2018,ProShares Ultra VIX Short-Term Futures ETF,UVXY,114058.75,108173.75,5.44032,5885,5.65,643996124.06525127498
09/05/2018,ProShares Ultra VIX Short-Term Futures ETF,UVXY,108173.75,104665,3.35236,3508.75,5.7,616826090.38974191026
09/04/2018,ProShares Ultra VIX Short-Term Futures ETF,UVXY,104665,103215,1.40483,1450,5.75,601423829.66817122488
08/31/2018,ProShares Ultra VIX Short-Term Futures ETF,UVXY,103215,108672.5,-5.02197,-5457.5,5.75,593091870.05398455048
08/30/2018,ProShares Ultra VIX Short-Term Futures ETF,UVXY,108672.5,102723.75,5.79102,5948.75,5.75,624451642.18806991292
08/29/2018,ProShares Ultra VIX Short-Term Futures ETF,UVXY,102723.75,104072.5,-1.29597,-1348.75,5.75,590269059.59848854786
08/28/2018,ProShares Ultra VIX Short-Term Futures ETF,UVXY,104072.5,104391.25,-0.30534,-318.75,5.48,570544078.58444322172
08/27/2018,ProShares Ultra VIX Short-Term Futures ETF,UVXY,104391.25,104315,0.07310,76.25,5.34,557259183.15480322342
08/24/2018,ProShares Ultra VIX Short-Term Futures ETF,UVXY,104315,105311.25,-0.94601,-996.25,5.24,546837907.00267788968
08/23/2018,ProShares Ultra VIX Short-Term Futures ETF,UVXY,105311.25,104735,0.55020,576.25,5.16,543635527.87552856166
08/22/2018,ProShares Ultra VIX Short-Term Futures ETF,UVXY,104735,109808.75,-4.62053,-5073.75,4.65,487455442.20126989192
08/21/2018,ProShares Ultra VIX Short-Term Futures ETF,UVXY,109808.75,104948.75,4.63083,4860,4.53,497892533.12711791898
08/20/2018,ProShares Ultra VIX Short-Term Futures ETF,UVXY,104948.75,106782.5,-1.71728,-1833.75,4.53,475856422.97198189306
08/17/2018,ProShares Ultra VIX Short-Term Futures ETF,UVXY,106782.5,112225,-4.84963,-5442.5,4.43,473492723.79440590284
08/16/2018,ProShares Ultra VIX Short-Term Futures ETF,UVXY,112225,118845,-5.57028,-6620,4.37,490892243.2428272652
08/15/2018,ProShares Ultra VIX Short-Term Futures ETF,UVXY,118845,111583.75,6.50744,7261.25,4.37,519849308.51587263384
08/14/2018,ProShares Ultra VIX Short-Term Futures ETF,UVXY,111583.75,121652.5,-8.27665,-10068.75,5.81,647875230.93069126178
08/13/2018,ProShares Ultra VIX Short-Term Futures ETF,UVXY,121652.5,112233.75,8.39208,9418.75,5.85,712175516.18265131548
08/10/2018,ProShares Ultra VIX Short-Term Futures ETF,UVXY,112233.75,103241.25,8.71018,8992.5,6.15,690706592.30946459858
08/09/2018,ProShares Ultra VIX Short-Term Futures ETF,UVXY,103241.25,101751.25,1.46436,1490,6.2,640320717.25389655062
08/08/2018,ProShares Ultra VIX Short-Term Futures ETF,UVXY,101751.25,102766.25,-0.98768,-1015,6.2,631079470.47793920934
08/07/2018,ProShares Ultra VIX Short-Term Futures ETF,UVXY,102766.25,106557.5,-3.55794,-3791.25,6.07,624220602.20786988142
08/06/2018,ProShares Ultra VIX Short-Term Futures ETF,UVXY,106557.5,112030,-4.88485,-5472.5,5.71,608036173.50944590164
08/03/2018,ProShares Ultra VIX Short-Term Futures ETF,UVXY,112030,115543.75,-3.04106,-3513.75,5.47,612824158.32919526416
08/02/2018,ProShares Ultra VIX Short-Term Futures ETF,UVXY,115543.75,118728.75,-2.68259,-3185,5.27,608936249.9459872829
08/01/2018,ProShares Ultra VIX Short-Term Futures ETF,UVXY,118728.75,116793.75,1.65677,1935,5.27,625721770.20197663322
07/31/2018,ProShares Ultra VIX Short-Term Futures ETF,UVXY,116793.75,125870,-7.21081,-9076.25,5.41,632342273.7513206229
07/30/2018,ProShares Ultra VIX Short-Term Futures ETF,UVXY,125870,119520,5.31292,6350,5.41,681482716.30184600464
07/27/2018,ProShares Ultra VIX Short-Term Futures ETF,UVXY,119520,114525,4.36149,4995,5.37,642321879.37075263744
07/26/2018,ProShares Ultra VIX Short-Term Futures ETF,UVXY,114525,114150,0.32852,375,5.35,612729255.0446406108
07/25/2018,ProShares Ultra VIX Short-Term Futures ETF,UVXY,114150,116863.75,-2.32215,-2713.75,5.18,591545737.9030406088
07/24/2018,ProShares Ultra VIX Short-Term Futures ETF,UVXY,116863.75,116970,-0.09084,-106.25,5.04,588780496.28441928994
07/23/2018,ProShares Ultra VIX Short-Term Futures ETF,UVXY,116970,119400,-2.03518,-2430,4.89,572472122.80787262384
07/20/2018,ProShares Ultra VIX Short-Term Futures ETF,UVXY,119400,118111.25,1.09113,1288.75,4.89,584364977.8854406368
07/19/2018,ProShares Ultra VIX Short-Term Futures ETF,UVXY,118111.25,115078.75,2.63515,3032.5,4.89,578057604.64214196326
07/18/2018,ProShares Ultra VIX Short-Term Futures ETF,UVXY,115078.75,115706.25,-0.54232,-627.5,4.83,555850966.69040328042
07/17/2018,ProShares Ultra VIX Short-Term Futures ETF,UVXY,115706.25,119873.75,-3.47657,-4167.5,4.27,493623579.0406806171
07/16/2018,ProShares Ultra VIX Short-Term Futures ETF,UVXY,119873.75,119317.5,0.46619,556.25,4.22,505648940.20766197266
07/13/2018,ProShares Ultra VIX Short-Term Futures ETF,UVXY,119317.5,122746.25,-2.79336,-3428.75,4.2,501393498.11428863636
07/12/2018,ProShares Ultra VIX Short-Term Futures ETF,UVXY,122746.25,129271.25,-5.04753,-6525,4.05,497144289.51231798798
07/11/2018,ProShares Ultra VIX Short-Term Futures ETF,UVXY,129271.25,122417.5,5.59867,6853.75,3.99,516332517.77615802278
07/10/2018,ProShares Ultra VIX Short-Term Futures ETF,UVXY,122417.5,125668.75,-2.58716,-3251.25,3.89,476225993.15151531956
07/09/2018,ProShares Ultra VIX Short-Term Futures ETF,UVXY,125668.75,137361.25,-8.51223,-11692.5,3.57,449162612.7691873369
07/06/2018,ProShares Ultra VIX Short-Term Futures ETF,UVXY,137361.25,147105,-6.62367,-9743.75,3.27,448646436.24427539926
07/05/2018,ProShares Ultra VIX Short-Term Futures ETF,UVXY,147105,158132.5,-6.97358,-11027.5,3.12,459288148.30684878456
07/03/2018,ProShares Ultra VIX Short-Term Futures ETF,UVXY,158132.5,152828.75,3.47039,5303.75,3.1,489922797.71749951004
07/02/2018,ProShares Ultra VIX Short-Term Futures ETF,UVXY,152828.75,153151.25,-0.21058,-322.5,3.1,473490830.61147014842
06/29/2018,ProShares Ultra VIX Short-Term Futures ETF,UVXY,153151.25,158765,-3.53589,-5613.75,2.35,359320253.35324615014
06/28/2018,ProShares Ultra VIX Short-Term Futures ETF,UVXY,158765,164142.5,-3.27612,-5377.5,2.35,372491115.96299818008
06/27/2018,ProShares Ultra VIX Short-Term Futures ETF,UVXY,164142.5,150406.25,9.13277,13736.25,2.41,396269383.77354220876
06/26/2018,ProShares Ultra VIX Short-Term Futures ETF,UVXY,150406.25,155941.25,-3.54941,-5535,2.51,378148241.8767341355
06/25/2018,ProShares Ultra VIX Short-Term Futures ETF,UVXY,155941.25,131640,18.46038,24301.25,2.72,424500002.88675016502
06/22/2018,ProShares Ultra VIX Short-Term Futures ETF,UVXY,131640,137505,-4.26530,-5865,3.31,435225409.38726470208
06/21/2018,ProShares Ultra VIX Short-Term Futures ETF,UVXY,137505,124978.75,10.02270,12526.25,3.31,454616149.48188873336
06/20/2018,ProShares Ultra VIX Short-Term Futures ETF,UVXY,124978.75,129083.75,-3.18011,-4105,3.31,413202124.22864333322
06/19/2018,ProShares Ultra VIX Short-Term Futures ETF,UVXY,129083.75,121536.25,6.21008,7547.5,3.31,426773989.20535802178
06/18/2018,ProShares Ultra VIX Short-Term Futures ETF,UVXY,121536.25,122055,-0.42501,-518.75,4.07,494188152.86875531486
06/15/2018,ProShares Ultra VIX Short-Term Futures ETF,UVXY,122055,121637.5,0.34323,417.5,4.07,496297483.24796865096
06/14/2018,ProShares Ultra VIX Short-Term Futures ETF,UVXY,121637.5,128647.5,-5.44900,-7010,4.01,487788153.4969873154
06/13/2018,ProShares Ultra VIX Short-Term Futures ETF,UVXY,128647.5,124665,3.19456,3982.5,3.9,501490988.59729668612
06/12/2018,ProShares Ultra VIX Short-Term Futures ETF,UVXY,124665,125527.5,-0.68710,-862.5,3.75,468014730.55350466488
06/11/2018,ProShares Ultra VIX Short-Term Futures ETF,UVXY,125527.5,129845,-3.32512,-4317.5,3.65,457695739.97918466948
06/08/2018,ProShares Ultra VIX Short-Term Futures ETF,UVXY,129845,128687.5,0.89947,1157.5,3.63,471360598.00280602584
06/07/2018,ProShares Ultra VIX Short-Term Futures ETF,UVXY,128687.5,127285,1.10186,1402.5,3.63,467158665.759067353
06/06/2018,ProShares Ultra VIX Short-Term Futures ETF,UVXY,127285,134295,-5.21985,-7010,3.56,453411959.64948334552
06/05/2018,ProShares Ultra VIX Short-Term Futures ETF,UVXY,134295,137446.25,-2.29271,-3151.25,3.49,469250774.74979271624
06/04/2018,ProShares Ultra VIX Short-Term Futures ETF,UVXY,137446.25,144801.25,-5.07938,-7355,3.49,480261806.46303806638
06/01/2018,ProShares Ultra VIX Short-Term Futures ETF,UVXY,144801.25,157863.75,-8.27454,-13062.5,3.49,505961493.33361943894
05/31/2018,ProShares Ultra VIX Short-Term Futures ETF,UVXY,157863.75,154426.25,2.22598,3437.5,3.49,551604207.09935284194
05/30/2018,ProShares Ultra VIX Short-Term Futures ETF,UVXY,154426.25,164238.75,-5.97453,-9812.5,3.49,539592966.63468615694
05/29/2018,ProShares Ultra VIX Short-Term Futures ETF,UVXY,164238.75,140317.5,17.04794,23921.25,3.53,580449148.50655287594
05/25/2018,ProShares Ultra VIX Short-Term Futures ETF,UVXY,140317.5,136275,2.96643,4042.5,3.61,507132568.04388874836
05/24/2018,ProShares Ultra VIX Short-Term Futures ETF,UVXY,136275,137288.75,-0.73841,-1013.75,3.57,486526149.2574407268
05/23/2018,ProShares Ultra VIX Short-Term Futures ETF,UVXY,137288.75,142183.75,-3.44273,-4895,3.28,450606258.26356606554
05/22/2018,ProShares Ultra VIX Short-Term Futures ETF,UVXY,142183.75,139850,1.66875,2333.75,3.23,459278969.68525142498
05/21/2018,ProShares Ultra VIX Short-Term Futures ETF,UVXY,139850,146843.75,-4.76272,-6993.75,3.15,441111939.3406940792
05/18/2018,ProShares Ultra VIX Short-Term Futures ETF,UVXY,146843.75,144476.25,1.63868,2367.5,3.15,463171479.0315341165
05/17/2018,ProShares Ultra VIX Short-Term Futures ETF,UVXY,144476.25,149022.5,-3.05071,-4546.25,3.07,442990050.14423277054
05/16/2018,ProShares Ultra VIX Short-Term Futures ETF,UVXY,149022.5,159160,-6.36938,-10137.5,3.04,452757036.62423012812
05/15/2018,ProShares Ultra VIX Short-Term Futures ETF,UVXY,159160,145785,9.17447,13375,2.98,474006976.68548351552
05/14/2018,ProShares Ultra VIX Short-Term Futures ETF,UVXY,145785,149375,-2.40335,-3590,2.98,434173831.96841677752
05/11/2018,ProShares Ultra VIX Short-Term Futures ETF,UVXY,149375,155530,-3.95744,-6155,2.96,441877994.73733413
05/10/2018,ProShares Ultra VIX Short-Term Futures ETF,UVXY,155530,164656.25,-5.54261,-9126.25,2.83,440799866.75479549616
05/09/2018,ProShares Ultra VIX Short-Term Futures ETF,UVXY,164656.25,175926.25,-6.40609,-11270,2.63,432416793.2575342115
05/08/2018,ProShares Ultra VIX Short-Term Futures ETF,UVXY,175926.25,176841.25,-0.51741,-915,2.51,440902681.08641960494
05/07/2018,ProShares Ultra VIX Short-Term Futures ETF,UVXY,176841.25,178238.75,-0.78406,-1397.5,2.47,437536914.91192360982
05/04/2018,ProShares Ultra VIX Short-Term Futures ETF,UVXY,178238.75,184093.75,-3.18044,-5855,2.35,419605930.12628628394
05/03/2018,ProShares Ultra VIX Short-Term Futures ETF,UVXY,184093.75,187173.75,-1.64553,-3080,2.23,411298398.4304676485
05/02/2018,ProShares Ultra VIX Short-Term Futures ETF,UVXY,187173.75,181793.75,2.95940,5380,2.2,411441414.88680899826
05/01/2018,ProShares Ultra VIX Short-Term Futures ETF,UVXY,181793.75,188453.75,-3.53402,-6660,2.04,371255386.6286543029
04/30/2018,ProShares Ultra VIX Short-Term Futures ETF,UVXY,188453.75,185797.5,1.42965,2656.25,2.03,381841039.06347033842
04/27/2018,ProShares Ultra VIX Short-Term Futures ETF,UVXY,185797.5,191975,-3.21787,-6177.5,1.98,367540720.97713699092
04/26/2018,ProShares Ultra VIX Short-Term Futures ETF,UVXY,191975,205767.5,-6.70295,-13792.5,1.96,375921422.0230943572
04/25/2018,ProShares Ultra VIX Short-Term Futures ETF,UVXY,205767.5,204257.5,0.73926,1510,1.96,402929606.49114243076
04/24/2018,ProShares Ultra VIX Short-Term Futures ETF,UVXY,204257.5,191175,6.84321,13082.5,2.14,436739106.13429975604
04/23/2018,ProShares Ultra VIX Short-Term Futures ETF,UVXY,191175,194247.5,-1.58174,-3072.5,2.13,406472278.7876810196
04/20/2018,ProShares Ultra VIX Short-Term Futures ETF,UVXY,194247.5,186987.5,3.88261,7260,2.11,410673993.90119036932
04/19/2018,ProShares Ultra VIX Short-Term Futures ETF,UVXY,186987.5,184485,1.35648,2502.5,2.09,390837354.0398143306
04/18/2018,ProShares Ultra VIX Short-Term Futures ETF,UVXY,184485,183660,0.44920,825,2.04,376751400.98153698392
04/17/2018,ProShares Ultra VIX Short-Term Futures ETF,UVXY,183660,199861.25,-8.10625,-16201.25,1.89,346415643.27001697952
04/16/2018,ProShares Ultra VIX Short-Term Futures ETF,UVXY,199861.25,215542.5,-7.27525,-15681.25,1.85,368979651.51094239926
04/13/2018,ProShares Ultra VIX Short-Term Futures ETF,UVXY,215542.5,227333.75,-5.18676,-11791.25,1.59,342751166.64884914956
04/12/2018,ProShares Ultra VIX Short-Term Futures ETF,UVXY,227333.75,243288.75,-6.55805,-15955,1.47,335130650.30455854578
04/11/2018,ProShares Ultra VIX Short-Term Futures ETF,UVXY,243288.75,243125,0.06735,163.75,1.32,321671286.95583329754
04/10/2018,ProShares Ultra VIX Short-Term Futures ETF,UVXY,243125,252123.75,-3.56918,-8998.75,1.32,321454780.13733463
04/09/2018,ProShares Ultra VIX Short-Term Futures ETF,UVXY,252123.75,247272.5,1.96190,4851.25,1.32,333352738.81192934466
04/06/2018,ProShares Ultra VIX Short-Term Futures ETF,UVXY,247272.5,226603.75,9.12110,20668.75,1.32,326938517.72343065212
04/05/2018,ProShares Ultra VIX Short-Term Futures ETF,UVXY,226603.75,239761.25,-5.48775,-13157.5,1.32,299610729.60224387522
04/04/2018,ProShares Ultra VIX Short-Term Futures ETF,UVXY,239761.25,248643.75,-3.57238,-8882.5,1.32,317007300.37718261206
04/03/2018,ProShares Ultra VIX Short-Term Futures ETF,UVXY,248643.75,261813.75,-5.03029,-13170,1.32,328751555.7378813261
04/02/2018,ProShares Ultra VIX Short-Term Futures ETF,UVXY,261813.75,237543.75,10.21707,24270,1.32,346164653.75087339634
03/29/2018,ProShares Ultra VIX Short-Term Futures ETF,UVXY,237543.75,257377.5,-7.70609,-19833.75,1.36,323577118.3465212669
03/28/2018,ProShares Ultra VIX Short-Term Futures ETF,UVXY,257377.5,247566.25,3.96308,9811.25,1.36,350594236.96574537268
03/27/2018,ProShares Ultra VIX Short-Term Futures ETF,UVXY,247566.25,228693.75,8.25230,18872.5,1.57,389713602.81768398702
03/26/2018,ProShares Ultra VIX Short-Term Futures ETF,UVXY,228693.75,247708.75,-7.67635,-19015,1.63,372811758.8047612197
03/23/2018,ProShares Ultra VIX Short-Term Futures ETF,UVXY,247708.75,229258.75,8.04768,18450,1.67,413717963.33149198778
03/22/2018,ProShares Ultra VIX Short-Term Futures ETF,UVXY,229258.75,195462.5,17.29040,33796.25,1.83,420501594.96477188938
03/21/2018,ProShares Ultra VIX Short-Term Futures ETF,UVXY,195462.5,196323.75,-0.43869,-861.25,1.79,349131021.4399743758
03/20/2018,ProShares Ultra VIX Short-Term Futures ETF,UVXY,196323.75,197808.75,-0.75073,-1485,1.79,350669368.14184904706
03/19/2018,ProShares Ultra VIX Short-Term Futures ETF,UVXY,197808.75,180180,9.78397,17628.75,1.79,353321844.02258505498
03/16/2018,ProShares Ultra VIX Short-Term Futures ETF,UVXY,180180,184860,-2.53165,-4680,1.83,329761660.19596896096
03/15/2018,ProShares Ultra VIX Short-Term Futures ETF,UVXY,184860,194302.5,-4.85969,-9442.5,1.82,336848018.12313698592
03/14/2018,ProShares Ultra VIX Short-Term Futures ETF,UVXY,194302.5,187617.5,3.56310,6685,1.82,354053943.74862503628
03/13/2018,ProShares Ultra VIX Short-Term Futures ETF,UVXY,187617.5,180853.75,3.73990,6763.75,2.01,376394296.83770233396
03/12/2018,ProShares Ultra VIX Short-Term Futures ETF,UVXY,180853.75,174908.75,3.39892,5945,2.01,362825003.32704363122
03/09/2018,ProShares Ultra VIX Short-Term Futures ETF,UVXY,174908.75,194982.5,-10.29515,-20073.75,1.98,346000823.90887826618
03/08/2018,ProShares Ultra VIX Short-Term Futures ETF,UVXY,194982.5,204651.25,-4.72450,-9668.75,1.36,265601075.49872637324
03/07/2018,ProShares Ultra VIX Short-Term Futures ETF,UVXY,204651.25,209975,-2.53542,-5323.75,1.36,278771644.13297975814
03/06/2018,ProShares Ultra VIX Short-Term Futures ETF,UVXY,209975,208151.25,0.87617,1823.75,1.35,282663944.8198944532
03/05/2018,ProShares Ultra VIX Short-Term Futures ETF,UVXY,208151.25,218720,-4.83209,-10568.75,1.29,267719775.78791311014
03/02/2018,ProShares Ultra VIX Short-Term Futures ETF,UVXY,218720,231312.5,-5.44393,-12592.5,1.25,274314040.56200649984
03/01/2018,ProShares Ultra VIX Short-Term Futures ETF,UVXY,231312.5,211352.5,9.44394,19960,1.4,323416290.176934567
02/28/2018,ProShares Ultra VIX Short-Term Futures ETF,UVXY,211352.5,195791.25,7.94788,15561.25,1.75,369059306.45337179388
02/27/2018,ProShares Ultra VIX Short-Term Futures ETF,UVXY,195791.25,169855,15.26964,25936.25,1.97,386526982.80077704422
02/26/2018,ProShares Ultra VIX Short-Term Futures ETF,UVXY,169855,183926.25,-7.65048,-14071.25,2.01,342118381.56391557256
02/23/2018,ProShares Ultra VIX Short-Term Futures ETF,UVXY,183926.25,211138.75,-12.88844,-27212.5,1.87,343239313.44055298094
02/22/2018,ProShares Ultra VIX Short-Term Futures ETF,UVXY,211138.75,223017.5,-5.32638,-11878.75,1.42,299432550.68265979274
02/21/2018,ProShares Ultra VIX Short-Term Futures ETF,UVXY,223017.5,218050,2.27815,4967.5,1.29,286840435.00474252276
02/20/2018,ProShares Ultra VIX Short-Term Futures ETF,UVXY,218050,204751.25,6.49508,13298.75,1.21,264751740.6023478296
02/16/2018,ProShares Ultra VIX Short-Term Futures ETF,UVXY,204751.25,199637.5,2.56152,5113.75,1.42,290373932.03740642534
02/15/2018,ProShares Ultra VIX Short-Term Futures ETF,UVXY,199637.5,207890,-3.96965,-8252.5,1.33,264755068.9497877314
02/14/2018,ProShares Ultra VIX Short-Term Futures ETF,UVXY,207890,258962.5,-19.72197,-51072.5,1.16,241605401.51259844208
02/13/2018,ProShares Ultra VIX Short-Term Futures ETF,UVXY,258962.5,259748.75,-0.30270,-786.25,1.01,260562640.7509080478
02/12/2018,ProShares Ultra VIX Short-Term Futures ETF,UVXY,259748.75,277666.25,-6.45289,-17917.5,0.94,244729829.02446271866
02/09/2018,ProShares Ultra VIX Short-Term Futures ETF,UVXY,277666.25,310026.25,-10.43783,-32360,0.97,270496642.05011081422
02/08/2018,ProShares Ultra VIX Short-Term Futures ETF,UVXY,310026.25,252226.25,22.91593,57800,1.41,435952415.92258032014
02/07/2018,ProShares Ultra VIX Short-Term Futures ETF,UVXY,252226.25,277027.5,-8.95263,-24801.25,1.8,453547957.16396667854
02/06/2018,ProShares Ultra VIX Short-Term Futures ETF,UVXY,277027.5,514445,-46.15022,-237417.5,1.8,499253155.18558547748
02/05/2018,ProShares Ultra VIX Short-Term Futures ETF,UVXY,514445,176105,192.12402,338340,2.08,1071166598.42776807704
02/02/2018,ProShares Ultra VIX Short-Term Futures ETF,UVXY,176105,137606.25,27.97747,38498.75,2.37,417400380.59058227256
02/01/2018,ProShares Ultra VIX Short-Term Futures ETF,UVXY,137606.25,142378.75,-3.35197,-4772.5,2.47,339361650.1101207339
01/31/2018,ProShares Ultra VIX Short-Term Futures ETF,UVXY,142378.75,152125,-6.40674,-9746.25,2.37,338032644.59888342602
01/30/2018,ProShares Ultra VIX Short-Term Futures ETF,UVXY,152125,144512.5,5.26771,7612.5,2.44,370907987.109067478
01/29/2018,ProShares Ultra VIX Short-Term Futures ETF,UVXY,144512.5,124415,16.15360,20097.5,2.81,406105999.1345874374
01/26/2018,ProShares Ultra VIX Short-Term Futures ETF,UVXY,124415,125362.5,-0.75581,-947.5,2.85,354605025.79243799688
01/25/2018,ProShares Ultra VIX Short-Term Futures ETF,UVXY,125362.5,122031.25,2.72983,3331.25,2.85,357305570.4368806686
01/24/2018,ProShares Ultra VIX Short-Term Futures ETF,UVXY,122031.25,117445,3.90502,4586.25,2.88,351227786.4956673175
01/23/2018,ProShares Ultra VIX Short-Term Futures ETF,UVXY,117445,114202.5,2.83925,3242.5,2.98,349772237.85389929304
01/22/2018,ProShares Ultra VIX Short-Term Futures ETF,UVXY,114202.5,115982.5,-1.53471,-1780,3.09,352449362.30286460908
01/19/2018,ProShares Ultra VIX Short-Term Futures ETF,UVXY,115982.5,119130,-2.64207,-3147.5,3.09,357942761.00165928524
01/18/2018,ProShares Ultra VIX Short-Term Futures ETF,UVXY,119130,119890,-0.63391,-760,3.05,363367829.54348863536
01/17/2018,ProShares Ultra VIX Short-Term Futures ETF,UVXY,119890,118906.25,0.82733,983.75,3.11,372879365.61713130608
01/16/2018,ProShares Ultra VIX Short-Term Futures ETF,UVXY,118906.25,110420,7.68543,8486.25,3.21,381234726.9823339675
01/12/2018,ProShares Ultra VIX Short-Term Futures ETF,UVXY,110420,108528.75,1.74263,1891.25,3.5,386710610.06792592224
01/11/2018,ProShares Ultra VIX Short-Term Futures ETF,UVXY,108528.75,108870,-0.31345,-341.25,3.84,416986888.95045657882
01/10/2018,ProShares Ultra VIX Short-Term Futures ETF,UVXY,108870,112322.5,-3.07374,-3452.5,3.82,415685152.54931258064
01/09/2018,ProShares Ultra VIX Short-Term Futures ETF,UVXY,112322.5,109817.5,2.28106,2505,3.72,417635165.69964326572
01/08/2018,ProShares Ultra VIX Short-Term Futures ETF,UVXY,109817.5,110457.5,-0.57941,-640,3.69,405246237.19375525236
01/05/2018,ProShares Ultra VIX Short-Term Futures ETF,UVXY,110457.5,112447.5,-1.76971,-1990,3.68,406724291.78208592244
01/04/2018,ProShares Ultra VIX Short-Term Futures ETF,UVXY,112447.5,113397.5,-0.83776,-950,3.58,402807078.08017659972
01/03/2018,ProShares Ultra VIX Short-Term Futures ETF,UVXY,113397.5,117030,-3.10390,-3632.5,3.29,373098078.17222993812
01/02/2018,ProShares Ultra VIX Short-Term Futures ETF,UVXY,117030,129202.5,-9.42126,-12172.5,3.18,371942293.55052862416
12/29/2017,ProShares Ultra VIX Short-Term Futures ETF,UVXY,129202.5,124233.75,3.99952,4968.75,3.05,394090757.96686468908
12/28/2017,ProShares Ultra VIX Short-Term Futures ETF,UVXY,124233.75,126092.5,-1.47412,-1858.75,3.05,378438245.84066466258
12/27/2017,ProShares Ultra VIX Short-Term Futures ETF,UVXY,126092.5,126111.25,-0.01487,-18.75,3.05,384100331.13919533916
12/26/2017,ProShares Ultra VIX Short-Term Futures ETF,UVXY,126111.25,127936.25,-1.42649,-1825,3.17,399795241.99627533926
12/22/2017,ProShares Ultra VIX Short-Term Futures ETF,UVXY,127936.25,123837.5,3.30978,4098.75,3.17,405580818.75206201566
12/21/2017,ProShares Ultra VIX Short-Term Futures ETF,UVXY,123837.5,128175,-3.38405,-4337.5,3.15,389614947.3943739938
12/20/2017,ProShares Ultra VIX Short-Term Futures ETF,UVXY,128175,125950,1.76657,2225,3.23,413515498.9988806836
12/19/2017,ProShares Ultra VIX Short-Term Futures ETF,UVXY,125950,125770,0.14312,180,3.14,395253650.6253873384
12/18/2017,ProShares Ultra VIX Short-Term Futures ETF,UVXY,125770,128993.75,-2.49915,-3223.75,3.2,402738058.39741933744
12/15/2017,ProShares Ultra VIX Short-Term Futures ETF,UVXY,128993.75,138640,-6.95777,-9646.25,3.19,410997183.0913740213
12/14/2017,ProShares Ultra VIX Short-Term Futures ETF,UVXY,138640,141250,-1.84779,-2610,3.18,440622742.69713140608
12/13/2017,ProShares Ultra VIX Short-Term Futures ETF,UVXY,141250,140501.25,0.53291,748.75,3.18,448917790.00266742
12/12/2017,ProShares Ultra VIX Short-Term Futures ETF,UVXY,140501.25,140205,0.21130,296.25,3,421247903.44327274934
12/11/2017,ProShares Ultra VIX Short-Term Futures ETF,UVXY,140205,150548.75,-6.87070,-10343.75,2.85,400170172.90140874776
12/08/2017,ProShares Ultra VIX Short-Term Futures ETF,UVXY,150548.75,159276.25,-5.47947,-8727.5,2.81,423671137.39054213626
12/07/2017,ProShares Ultra VIX Short-Term Futures ETF,UVXY,159276.25,171757.5,-7.26679,-12481.25,2.81,448231884.99937951614
12/06/2017,ProShares Ultra VIX Short-Term Futures ETF,UVXY,171757.5,175113.75,-1.91661,-3356.25,2.81,483356357.19563291604
12/05/2017,ProShares Ultra VIX Short-Term Futures ETF,UVXY,175113.75,176521.25,-0.79735,-1407.5,2.8,489999625.61295293394
12/04/2017,ProShares Ultra VIX Short-Term Futures ETF,UVXY,176521.25,176528.75,-0.00425,-7.5,2.8,493938062.61775827478
12/01/2017,ProShares Ultra VIX Short-Term Futures ETF,UVXY,176528.75,170365,3.61797,6163.75,2.75,484779553.96059027482
11/30/2017,ProShares Ultra VIX Short-Term Futures ETF,UVXY,170365,166015,2.62025,4350,2.94,500562872.87649157528
11/29/2017,ProShares Ultra VIX Short-Term Futures ETF,UVXY,166015,160583.75,3.38219,5431.25,2.94,487781794.03393155208
11/28/2017,ProShares Ultra VIX Short-Term Futures ETF,UVXY,160583.75,162881.25,-1.41054,-2297.5,2.91,466685129.09975818978
11/27/2017,ProShares Ultra VIX Short-Term Futures ETF,UVXY,162881.25,164450,-0.95394,-1568.75,2.74,446649550.4539608687
11/24/2017,ProShares Ultra VIX Short-Term Futures ETF,UVXY,164450,165855,-0.84713,-1405,2.59,425297143.8296542104
11/22/2017,ProShares Ultra VIX Short-Term Futures ETF,UVXY,165855,169867.5,-2.36214,-4012.5,2.59,428930725.38684888456
11/21/2017,ProShares Ultra VIX Short-Term Futures ETF,UVXY,169867.5,183296.25,-7.32625,-13428.75,2.43,412128968.80196890596
11/20/2017,ProShares Ultra VIX Short-Term Futures ETF,UVXY,183296.25,200130,-8.41141,-16833.75,2.26,413915750.64266497758
11/17/2017,ProShares Ultra VIX Short-Term Futures ETF,UVXY,200130,201845,-0.84966,-1715,2.2,440722092.12908906736
11/16/2017,ProShares Ultra VIX Short-Term Futures ETF,UVXY,201845,218140,-7.46997,-16295,2.08,420277429.19000640984
11/15/2017,ProShares Ultra VIX Short-Term Futures ETF,UVXY,218140,202206.25,7.87995,15933.75,2.01,437627896.71633183008
11/14/2017,ProShares Ultra VIX Short-Term Futures ETF,UVXY,202206.25,204602.5,-1.17117,-2396.25,1.94,391911916.3697477451
11/13/2017,ProShares Ultra VIX Short-Term Futures ETF,UVXY,204602.5,198785,2.92653,5817.5,2.15,439932007.90457175788
11/10/2017,ProShares Ultra VIX Short-Term Futures ETF,UVXY,198785,189905,4.67602,8880,2.15,427423341.31455039352
11/09/2017,ProShares Ultra VIX Short-Term Futures ETF,UVXY,189905,187111.25,1.49310,2793.75,2.22,421243291.40146234616
11/08/2017,ProShares Ultra VIX Short-Term Futures ETF,UVXY,187111.25,187112.5,-0.00067,-1.25,2.35,439744938.69654233126
11/07/2017,ProShares Ultra VIX Short-Term Futures ETF,UVXY,187112.5,183527.5,1.95339,3585,2.33,436754076.4203476646
11/06/2017,ProShares Ultra VIX Short-Term Futures ETF,UVXY,183527.5,189443.75,-3.12296,-5916.25,2.21,406362744.54665164548
11/03/2017,ProShares Ultra VIX Short-Term Futures ETF,UVXY,189443.75,190421.25,-0.51334,-977.5,2.15,407337981.3172943437
11/02/2017,ProShares Ultra VIX Short-Term Futures ETF,UVXY,190421.25,194112.5,-1.90160,-3691.25,2.15,409439781.33306501558
11/01/2017,ProShares Ultra VIX Short-Term Futures ETF,UVXY,194112.5,190863.75,1.70213,3248.75,2.13,413494379.7302143686
10/31/2017,ProShares Ultra VIX Short-Term Futures ETF,UVXY,190863.75,198633.75,-3.91172,-7770,2.13,406573960.56015301794
10/30/2017,ProShares Ultra VIX Short-Term Futures ETF,UVXY,198633.75,194343.75,2.20743,4290,2.13,423125451.73410505938
10/27/2017,ProShares Ultra VIX Short-Term Futures ETF,UVXY,194343.75,214616.25,-9.44593,-20272.5,2.07,402326358.6342010365
10/26/2017,ProShares Ultra VIX Short-Term Futures ETF,UVXY,214616.25,212356.25,1.06425,2260,1.89,406521603.30909714462
10/25/2017,ProShares Ultra VIX Short-Term Futures ETF,UVXY,212356.25,209331.25,1.44508,3025,1.89,402240758.6690544659
10/24/2017,ProShares Ultra VIX Short-Term Futures ETF,UVXY,209331.25,205210,2.00831,4121.25,2.43,509549742.0601477831
10/23/2017,ProShares Ultra VIX Short-Term Futures ETF,UVXY,205210,190497.5,7.72320,14712.5,2.45,502801241.67396376112
10/20/2017,ProShares Ultra VIX Short-Term Futures ETF,UVXY,190497.5,195426.25,-2.52205,-4928.75,2.46,469038952.48519034932
10/19/2017,ProShares Ultra VIX Short-Term Futures ETF,UVXY,195426.25,198861.25,-1.72734,-3435,2.45,478829302.44961970894
10/18/2017,ProShares Ultra VIX Short-Term Futures ETF,UVXY,198861.25,204093.75,-2.56377,-5232.5,2.42,481677552.46667572726
10/17/2017,ProShares Ultra VIX Short-Term Futures ETF,UVXY,204093.75,202270,0.90164,1823.75,2.35,480473229.3158010885
10/16/2017,ProShares Ultra VIX Short-Term Futures ETF,UVXY,202270,208683.75,-3.07343,-6413.75,2.35,476179795.28381974544
10/13/2017,ProShares Ultra VIX Short-Term Futures ETF,UVXY,208683.75,216548.75,-3.63198,-7865,2.45,511312551.12898511298
10/12/2017,ProShares Ultra VIX Short-Term Futures ETF,UVXY,216548.75,221020,-2.02301,-4471.25,2.45,530583209.31214248826
10/11/2017,ProShares Ultra VIX Short-Term Futures ETF,UVXY,221020,226701.25,-2.50605,-5681.25,2.45,541538572.36381984544
10/10/2017,ProShares Ultra VIX Short-Term Futures ETF,UVXY,226701.25,237223.75,-4.43569,-10522.5,2.45,555458652.05905987574
10/09/2017,ProShares Ultra VIX Short-Term Futures ETF,UVXY,237223.75,230653.75,2.84843,6570,2.45,581240661.05235593186
10/06/2017,ProShares Ultra VIX Short-Term Futures ETF,UVXY,230653.75,229497.5,0.50382,1156.25,2.41,555916834.73152389682
10/05/2017,ProShares Ultra VIX Short-Term Futures ETF,UVXY,229497.5,245286.25,-6.43687,-15788.75,2.41,553130065.21159055732
10/04/2017,ProShares Ultra VIX Short-Term Futures ETF,UVXY,245286.25,246300,-0.41159,-1013.75,2.29,562730574.59675597486
10/03/2017,ProShares Ultra VIX Short-Term Futures ETF,UVXY,246300,244466.25,0.75010,1833.75,2.28,562100698.6028813136
10/02/2017,ProShares Ultra VIX Short-Term Futures ETF,UVXY,244466.25,257986.25,-5.24059,-13520,2.24,547159237.78045730382
09/29/2017,ProShares Ultra VIX Short-Term Futures ETF,UVXY,257986.25,266521.25,-3.20237,-8535,2.07,535109673.45894270926
09/28/2017,ProShares Ultra VIX Short-Term Futures ETF,UVXY,266521.25,276246.25,-3.52041,-9725,2.02,537887601.60175875478
09/27/2017,ProShares Ultra VIX Short-Term Futures ETF,UVXY,276246.25,279605,-1.20125,-3358.75,2.02,557514392.80725213998
09/26/2017,ProShares Ultra VIX Short-Term Futures ETF,UVXY,279605,284141.25,-1.59648,-4536.25,2.02,564292951.67218282456
09/25/2017,ProShares Ultra VIX Short-Term Futures ETF,UVXY,284141.25,286430,-0.79906,-2288.75,2.02,573447916.36173751542
09/22/2017,ProShares Ultra VIX Short-Term Futures ETF,UVXY,286430,281676.25,1.68766,4753.75,2.02,578067023.64930286096
09/21/2017,ProShares Ultra VIX Short-Term Futures ETF,UVXY,281676.25,279311.25,0.84673,2365,1.97,554952645.01762016894
09/20/2017,ProShares Ultra VIX Short-Term Futures ETF,UVXY,279311.25,286237.5,-2.41976,-6926.25,1.93,540237966.57792948966
09/19/2017,ProShares Ultra VIX Short-Term Futures ETF,UVXY,286237.5,285957.5,0.09792,280,1.89,542185074.1832815266
09/18/2017,ProShares Ultra VIX Short-Term Futures ETF,UVXY,285957.5,310041.25,-7.76792,-24083.75,2.03,580544924.05088685844
09/15/2017,ProShares Ultra VIX Short-Term Futures ETF,UVXY,310041.25,316535,-2.05151,-6493.75,2.03,629439248.60824432022
09/14/2017,ProShares Ultra VIX Short-Term Futures ETF,UVXY,316535,312846.25,1.17909,3688.75,1.97,622364483.77695102152
09/13/2017,ProShares Ultra VIX Short-Term Futures ETF,UVXY,312846.25,334860,-6.57402,-22013.75,1.93,605100660.82741233518
09/12/2017,ProShares Ultra VIX Short-Term Futures ETF,UVXY,334860,349332.5,-4.14290,-14472.5,1.72,575349434.76313778592
09/11/2017,ProShares Ultra VIX Short-Term Futures ETF,UVXY,349332.5,395035,-11.56923,-45702.5,1.6,559693210.98128719644
09/08/2017,ProShares Ultra VIX Short-Term Futures ETF,UVXY,395035,377515,4.64088,17520,1.32,522306998.75188477352
09/07/2017,ProShares Ultra VIX Short-Term Futures ETF,UVXY,377515,388437.5,-2.81191,-10922.5,1.29,487061941.89633268008
09/06/2017,ProShares Ultra VIX Short-Term Futures ETF,UVXY,388437.5,383532.5,1.27890,4905,1.17,454541422.507335405
09/05/2017,ProShares Ultra VIX Short-Term Futures ETF,UVXY,383532.5,362361.25,5.84258,21171.25,1.33,508632764.29520737884
09/01/2017,ProShares Ultra VIX Short-Term Futures ETF,UVXY,362361.25,361031.25,0.36839,1330,1.31,476207561.20427659926
08/31/2017,ProShares Ultra VIX Short-Term Futures ETF,UVXY,361031.25,387207.5,-6.76026,-26176.25,1.11,400809328.0754019255
08/30/2017,ProShares Ultra VIX Short-Term Futures ETF,UVXY,387207.5,386032.5,0.30438,1175,1.01,391148902.28288739844
08/29/2017,ProShares Ultra VIX Short-Term Futures ETF,UVXY,386032.5,378606.25,1.96147,7426.25,1.02,393050201.90587405884
08/28/2017,ProShares Ultra VIX Short-Term Futures ETF,UVXY,378606.25,382443.75,-1.00342,-3837.5,1.02,385488949.7783886859
08/25/2017,ProShares Ultra VIX Short-Term Futures ETF,UVXY,382443.75,398682.5,-4.07310,-16238.75,0.99,378687786.8607620397
08/24/2017,ProShares Ultra VIX Short-Term Futures ETF,UVXY,398682.5,409083.75,-2.54257,-10401.25,0.99,394767056.81584745964
08/23/2017,ProShares Ultra VIX Short-Term Futures ETF,UVXY,409083.75,373287.5,9.58946,35796.25,0.96,391975476.60002618178
08/22/2017,ProShares Ultra VIX Short-Term Futures ETF,UVXY,373287.5,443023.75,-15.74097,-69736.25,0.93,347224209.9866953242
08/21/2017,ProShares Ultra VIX Short-Term Futures ETF,UVXY,443023.75,496452.5,-10.76211,-53428.75,0.74,327030848.36243702946
08/18/2017,ProShares Ultra VIX Short-Term Futures ETF,UVXY,496452.5,492998.75,0.70056,3453.75,0.71,352570161.97379998108
08/17/2017,ProShares Ultra VIX Short-Term Futures ETF,UVXY,492998.75,385695,27.82088,107303.75,0.85,421109201.09966396266
08/16/2017,ProShares Ultra VIX Short-Term Futures ETF,UVXY,385695,391661.25,-1.52332,-5966.25,0.85,329452586.47843405704
08/15/2017,ProShares Ultra VIX Short-Term Futures ETF,UVXY,391661.25,392051.25,-0.09948,-390,0.71,279716257.20129008886
08/14/2017,ProShares Ultra VIX Short-Term Futures ETF,UVXY,392051.25,549200,-28.61412,-157148.75,0.65,256471712.02855409094
08/11/2017,ProShares Ultra VIX Short-Term Futures ETF,UVXY,549200,544251.25,0.90928,4948.75,0.54,295567931.1112562624
08/10/2017,ProShares Ultra VIX Short-Term Futures ETF,UVXY,544251.25,394147.5,38.08314,150103.75,0.63,340798727.56594156934
08/09/2017,ProShares Ultra VIX Short-Term Futures ETF,UVXY,394147.5,384240,2.57847,9907.5,0.97,380817054.85009810212
08/08/2017,ProShares Ultra VIX Short-Term Futures ETF,UVXY,384240,362477.5,6.00382,21762.5,1.07,412742555.96902604928
08/07/2017,ProShares Ultra VIX Short-Term Futures ETF,UVXY,362477.5,373628.75,-2.98458,-11151.25,1.05,382116184.51817259988
08/04/2017,ProShares Ultra VIX Short-Term Futures ETF,UVXY,373628.75,373025,0.16185,603.75,1.05,393871598.58555132602
08/03/2017,ProShares Ultra VIX Short-Term Futures ETF,UVXY,373025,368288.75,1.28602,4736.25,1.05,393235137.9875753228
08/02/2017,ProShares Ultra VIX Short-Term Futures ETF,UVXY,368288.75,360671.25,2.11203,7617.5,1.05,388242282.48916729754
08/01/2017,ProShares Ultra VIX Short-Term Futures ETF,UVXY,360671.25,363768.75,-0.85150,-3097.5,1.05,380212073.61946592358
07/31/2017,ProShares Ultra VIX Short-Term Futures ETF,UVXY,363768.75,371285,-2.02439,-7516.25,1.05,382022318.2090819401
07/28/2017,ProShares Ultra VIX Short-Term Futures ETF,UVXY,371285,373353.75,-0.55410,-2068.75,1.05,389915726.45055131352
07/27/2017,ProShares Ultra VIX Short-Term Futures ETF,UVXY,373353.75,366768.75,1.79541,6585,1.11,412996094.34837799122
07/26/2017,ProShares Ultra VIX Short-Term Futures ETF,UVXY,366768.75,361296.25,1.51468,5472.5,1.1,404244830.3418819561
07/25/2017,ProShares Ultra VIX Short-Term Futures ETF,UVXY,361296.25,368312.5,-1.90497,-7016.25,1.1,398213155.52213259358
07/24/2017,ProShares Ultra VIX Short-Term Futures ETF,UVXY,368312.5,372516.25,-1.12847,-4203.75,1.1,405946319.241468631
07/21/2017,ProShares Ultra VIX Short-Term Futures ETF,UVXY,372516.25,378726.25,-1.63971,-6210,1.1,409230030.17732965342
07/20/2017,ProShares Ultra VIX Short-Term Futures ETF,UVXY,378726.25,381878.75,-0.82552,-3152.5,1.08,408477539.08162568654
07/19/2017,ProShares Ultra VIX Short-Term Futures ETF,UVXY,381878.75,398828.75,-4.24994,-16950,1.08,411877687.45252637002
07/18/2017,ProShares Ultra VIX Short-Term Futures ETF,UVXY,398828.75,409227.5,-2.54107,-10398.75,1.04,415801379.77584646042
07/17/2017,ProShares Ultra VIX Short-Term Futures ETF,UVXY,409227.5,417845,-2.06237,-8617.5,1.05,429916480.89698951588
07/14/2017,ProShares Ultra VIX Short-Term Futures ETF,UVXY,417845,445305,-6.16656,-27460,1.03,430612748.81490756184
07/13/2017,ProShares Ultra VIX Short-Term Futures ETF,UVXY,445305,455310,-2.19740,-10005,0.93,413936016.63487037496
07/12/2017,ProShares Ultra VIX Short-Term Futures ETF,UVXY,455310,481635,-5.46576,-26325,0.82,373152126.25845842832
07/11/2017,ProShares Ultra VIX Short-Term Futures ETF,UVXY,481635,492125,-2.13157,-10490,0.8,384612607.80927856872
07/10/2017,ProShares Ultra VIX Short-Term Futures ETF,UVXY,492125,515030,-4.44731,-22905,0.79,390528837.182235958
07/07/2017,ProShares Ultra VIX Short-Term Futures ETF,UVXY,515030,547415,-5.91599,-32385,0.76,393254341.58286408016
07/06/2017,ProShares Ultra VIX Short-Term Futures ETF,UVXY,547415,500335,9.40970,47080,0.76,415245033.61034025288
07/05/2017,ProShares Ultra VIX Short-Term Futures ETF,UVXY,500335,512830,-2.43648,-12495,0.77,385536228.45506533512
07/03/2017,ProShares Ultra VIX Short-Term Futures ETF,UVXY,512830,491485,4.34296,21345,0.77,395164327.97747740176
06/30/2017,ProShares Ultra VIX Short-Term Futures ETF,UVXY,491485,475360,3.39217,16125,0.77,378716806.22430528792
06/29/2017,ProShares Ultra VIX Short-Term Futures ETF,UVXY,475360,453580,4.80180,21780,0.76,359636547.75300520192
06/28/2017,ProShares Ultra VIX Short-Term Futures ETF,UVXY,453580,477945,-5.09787,-24365,0.86,390784654.05967708576
06/27/2017,ProShares Ultra VIX Short-Term Futures ETF,UVXY,477945,449090,6.42522,28855,0.85,407952910.48933454904
06/26/2017,ProShares Ultra VIX Short-Term Futures ETF,UVXY,449090,468660,-4.17574,-19570,0.8,360869046.79231972848
06/23/2017,ProShares Ultra VIX Short-Term Futures ETF,UVXY,468660,476595,-1.66494,-7935,0.79,370970721.31841849952
06/22/2017,ProShares Ultra VIX Short-Term Futures ETF,UVXY,476595,492320,-3.19406,-15725,0.78,369626199.64057454184
06/21/2017,ProShares Ultra VIX Short-Term Futures ETF,UVXY,492320,484305,1.65495,8015,0.76,372960060.63816795904
06/20/2017,ProShares Ultra VIX Short-Term Futures ETF,UVXY,484305,487375,-0.62991,-3070,0.77,371731297.82127058296
06/19/2017,ProShares Ultra VIX Short-Term Futures ETF,UVXY,487375,505640,-3.61225,-18265,0.85,414539820.306969266
06/16/2017,ProShares Ultra VIX Short-Term Futures ETF,UVXY,505640,515185,-1.85273,-9545,0.85,429063949.01260003008
06/15/2017,ProShares Ultra VIX Short-Term Futures ETF,UVXY,515185,504125,2.19390,11060,0.88,452618967.79142541432
06/14/2017,ProShares Ultra VIX Short-Term Futures ETF,UVXY,504125,503250,0.17387,875,0.88,442902136.393436022
06/13/2017,ProShares Ultra VIX Short-Term Futures ETF,UVXY,503250,538930,-6.62053,-35680,0.88,442133399.732202684
06/12/2017,ProShares Ultra VIX Short-Term Futures ETF,UVXY,538930,529115,1.85498,9815,0.88,473480284.38683754096
06/09/2017,ProShares Ultra VIX Short-Term Futures ETF,UVXY,529115,523450,1.08224,5665,0.88,464857255.43826015528
06/08/2017,ProShares Ultra VIX Short-Term Futures ETF,UVXY,523450,542610,-3.53108,-19160,0.8,416957334.6543894584
06/07/2017,ProShares Ultra VIX Short-Term Futures ETF,UVXY,542610,551470,-1.60662,-8860,0.79,428963691.14493889392
06/06/2017,ProShares Ultra VIX Short-Term Futures ETF,UVXY,551470,534025,3.26670,17445,0.79,435968018.93754160784
06/05/2017,ProShares Ultra VIX Short-Term Futures ETF,UVXY,534025,523205,2.06802,10820,0.8,429653116.3030095148
06/02/2017,ProShares Ultra VIX Short-Term Futures ETF,UVXY,523205,519270,0.75779,3935,0.79,411530128.38924412376
06/01/2017,ProShares Ultra VIX Short-Term Futures ETF,UVXY,519270,538845,-3.63277,-19575,0.76,395972549.80415476944
05/31/2017,ProShares Ultra VIX Short-Term Futures ETF,UVXY,538845,540560,-0.31726,-1715,0.73,395811927.11117487384
05/30/2017,ProShares Ultra VIX Short-Term Futures ETF,UVXY,540560,552585,-2.17614,-12025,0.72,388422730.96719221632
05/26/2017,ProShares Ultra VIX Short-Term Futures ETF,UVXY,552585,561710,-1.62450,-9125,0.72,397063369.08299894712
05/25/2017,ProShares Ultra VIX Short-Term Futures ETF,UVXY,561710,557215,0.80669,4495,0.68,382275214.26443232912
05/24/2017,ProShares Ultra VIX Short-Term Futures ETF,UVXY,557215,590230,-5.59358,-33015,0.65,364171309.21615363848
05/23/2017,ProShares Ultra VIX Short-Term Futures ETF,UVXY,590230,580095,1.74713,10135,0.64,378665706.63971781456
05/22/2017,ProShares Ultra VIX Short-Term Futures ETF,UVXY,580095,626535,-7.41220,-46440,0.58,337937929.71217509384
05/19/2017,ProShares Ultra VIX Short-Term Futures ETF,UVXY,626535,794595,-21.15040,-168060,0.54,339930438.90951934152
05/18/2017,ProShares Ultra VIX Short-Term Futures ETF,UVXY,794595,789435,0.65363,5160,0.46,369134021.23737623784
05/17/2017,ProShares Ultra VIX Short-Term Futures ETF,UVXY,789435,582140,35.60913,207295,0.53,421997361.32656021032
05/16/2017,ProShares Ultra VIX Short-Term Futures ETF,UVXY,582140,590285,-1.37984,-8145,0.65,376386217.10900043808
05/15/2017,ProShares Ultra VIX Short-Term Futures ETF,UVXY,590285,616915,-4.31664,-26630,0.64,380471847.22985248152
05/12/2017,ProShares Ultra VIX Short-Term Futures ETF,UVXY,616915,637495,-3.22826,-20580,0.59,363089138.41687395688
05/11/2017,ProShares Ultra VIX Short-Term Futures ETF,UVXY,637495,627315,1.62279,10180,0.59,375201624.68908206664
05/10/2017,ProShares Ultra VIX Short-Term Futures ETF,UVXY,627315,624790,0.40414,2525,0.59,369210122.73324734568
05/09/2017,ProShares Ultra VIX Short-Term Futures ETF,UVXY,624790,624825,-0.00560,-35,0.59,368973598.36797399888
05/08/2017,ProShares Ultra VIX Short-Term Futures ETF,UVXY,624825,651530,-4.09881,-26705,0.58,364620492.8344233324
05/05/2017,ProShares Ultra VIX Short-Term Futures ETF,UVXY,651530,649485,0.31486,2045,0.58,377598240.73526480816
05/04/2017,ProShares Ultra VIX Short-Term Futures ETF,UVXY,649485,684660,-5.13759,-35175,0.58,376413048.33843946392
05/03/2017,ProShares Ultra VIX Short-Term Futures ETF,UVXY,684660,663205,3.23505,21455,0.58,396114277.12001965152
05/02/2017,ProShares Ultra VIX Short-Term Futures ETF,UVXY,663205,653585,1.47188,9620,0.57,381048534.18657820376
05/01/2017,ProShares Ultra VIX Short-Term Futures ETF,UVXY,653585,706230,-7.45437,-52645,0.57,375521303.69393281912
04/28/2017,ProShares Ultra VIX Short-Term Futures ETF,UVXY,706230,713610,-1.03418,-7380,0.56,396587824.01465176656
04/27/2017,ProShares Ultra VIX Short-Term Futures ETF,UVXY,713610,715360,-0.24463,-1750,0.55,392168788.65453980592
04/26/2017,ProShares Ultra VIX Short-Term Futures ETF,UVXY,715360,722520,-0.99098,-7160,0.53,381684751.97700648192
04/25/2017,ProShares Ultra VIX Short-Term Futures ETF,UVXY,722520,745825,-3.12473,-23305,0.52,378279814.25635585344
04/24/2017,ProShares Ultra VIX Short-Term Futures ETF,UVXY,745825,949950,-21.48797,-204125,0.5,371089841.1306906444
04/21/2017,ProShares Ultra VIX Short-Term Futures ETF,UVXY,949950,951335,-0.14558,-1385,0.34,319711547.2441250664
04/20/2017,ProShares Ultra VIX Short-Term Futures ETF,UVXY,951335,984870,-3.40502,-33535,0.34,320177677.55933440712
04/19/2017,ProShares Ultra VIX Short-Term Futures ETF,UVXY,984870,951720,3.48317,33150,0.33,327524609.19871725264
04/18/2017,ProShares Ultra VIX Short-Term Futures ETF,UVXY,951720,954210,-0.26095,-2490,0.33,316500371.69027707584
04/17/2017,ProShares Ultra VIX Short-Term Futures ETF,UVXY,954210,1087040,-12.21942,-132830,0.38,362176306.58910108912
04/13/2017,ProShares Ultra VIX Short-Term Futures ETF,UVXY,1087040,1050905,3.43846,36135,0.38,408244594.54524313088
04/12/2017,ProShares Ultra VIX Short-Term Futures ETF,UVXY,1050905,999775,5.11415,51130,0.38,402030206.82676693816
04/11/2017,ProShares Ultra VIX Short-Term Futures ETF,UVXY,999775,947975,5.46428,51800,0.44,442456609.1252119988
04/10/2017,ProShares Ultra VIX Short-Term Futures ETF,UVXY,947975,870145,8.94449,77830,0.45,429011948.7801983892
04/07/2017,ProShares Ultra VIX Short-Term Futures ETF,UVXY,870145,823200,5.70275,46945,0.45,393789500.95872330744
04/06/2017,ProShares Ultra VIX Short-Term Futures ETF,UVXY,823200,864255,-4.75033,-41055,0.46,376660250.8883243904
04/05/2017,ProShares Ultra VIX Short-Term Futures ETF,UVXY,864255,795995,8.57543,68260,0.46,395445220.03339260936
04/04/2017,ProShares Ultra VIX Short-Term Futures ETF,UVXY,795995,823660,-3.35879,-27665,0.44,349088529.89534957864
04/03/2017,ProShares Ultra VIX Short-Term Futures ETF,UVXY,823660,809760,1.71656,13900,0.44,358750206.73308705952
03/31/2017,ProShares Ultra VIX Short-Term Futures ETF,UVXY,809760,767640,5.48695,42120,0.44,359983815.77178031872
03/30/2017,ProShares Ultra VIX Short-Term Futures ETF,UVXY,767640,781470,-1.76974,-13830,0.44,341259109.29046809408
03/29/2017,ProShares Ultra VIX Short-Term Futures ETF,UVXY,781470,782285,-0.10418,-815,0.47,365381131.31887616784
03/28/2017,ProShares Ultra VIX Short-Term Futures ETF,UVXY,782285,860835,-9.12486,-78550,0.46,361850764.60905350552
03/27/2017,ProShares Ultra VIX Short-Term Futures ETF,UVXY,860835,905770,-4.96097,-44935,0.42,357725307.88320059112
03/24/2017,ProShares Ultra VIX Short-Term Futures ETF,UVXY,905770,952760,-4.93199,-46990,0.42,376398325.02322349744
03/23/2017,ProShares Ultra VIX Short-Term Futures ETF,UVXY,952760,908290,4.89601,44470,0.42,395925310.12191441472
03/22/2017,ProShares Ultra VIX Short-Term Futures ETF,UVXY,908290,889005,2.16928,19285,0.41,373812366.60757551088
03/21/2017,ProShares Ultra VIX Short-Term Futures ETF,UVXY,889005,814790,9.10848,74215,0.45,396101675.59399274136
03/20/2017,ProShares Ultra VIX Short-Term Futures ETF,UVXY,814790,827995,-1.59482,-13205,0.44,362219933.37864167888
03/17/2017,ProShares Ultra VIX Short-Term Futures ETF,UVXY,827995,830450,-0.29562,-2455,0.44,368090297.79188308264
03/16/2017,ProShares Ultra VIX Short-Term Futures ETF,UVXY,830450,887555,-6.43397,-57105,0.44,369181683.2242577624
03/15/2017,ProShares Ultra VIX Short-Term Futures ETF,UVXY,887555,935130,-5.08753,-47575,0.43,383917404.12680606696
03/14/2017,ProShares Ultra VIX Short-Term Futures ETF,UVXY,935130,898395,4.08896,36735,0.43,397950354.59329298736
03/13/2017,ProShares Ultra VIX Short-Term Futures ETF,UVXY,898395,946415,-5.07388,-48020,0.42,381419153.16425679144
03/10/2017,ProShares Ultra VIX Short-Term Futures ETF,UVXY,946415,979440,-3.37182,-33025,0.42,400859926.13274238088
03/09/2017,ProShares Ultra VIX Short-Term Futures ETF,UVXY,979440,974155,0.54252,5285,0.42,414847869.11814922368
03/08/2017,ProShares Ultra VIX Short-Term Futures ETF,UVXY,974155,975360,-0.12354,-1205,0.42,412609374.68429986216
03/07/2017,ProShares Ultra VIX Short-Term Futures ETF,UVXY,975360,974785,0.05899,575,0.42,405316879.88634120192
03/06/2017,ProShares Ultra VIX Short-Term Futures ETF,UVXY,974785,996655,-2.19434,-21870,0.42,405077935.08038786552
03/03/2017,ProShares Ultra VIX Short-Term Futures ETF,UVXY,996655,1064825,-6.40199,-68170,0.42,414166148.83029998216
03/02/2017,ProShares Ultra VIX Short-Term Futures ETF,UVXY,1064825,1068025,-0.29962,-3200,0.41,436105663.9117590124
03/01/2017,ProShares Ultra VIX Short-Term Futures ETF,UVXY,1068025,1107065,-3.52644,-39040,0.41,437416243.7014123628
02/28/2017,ProShares Ultra VIX Short-Term Futures ETF,UVXY,1107065,1071075,3.36018,35990,0.39,433478147.13518323768
02/27/2017,ProShares Ultra VIX Short-Term Futures ETF,UVXY,1071075,1082355,-1.04217,-11280,0.39,419386040.0634257124
02/24/2017,ProShares Ultra VIX Short-Term Futures ETF,UVXY,1082355,1105150,-2.06262,-22795,0.39,419473373.82195377256
02/23/2017,ProShares Ultra VIX Short-Term Futures ETF,UVXY,1105150,1048965,5.35623,56185,0.41,448200417.0423125608
02/22/2017,ProShares Ultra VIX Short-Term Futures ETF,UVXY,1048965,1039890,0.87269,9075,0.41,425414242.82928959448
02/21/2017,ProShares Ultra VIX Short-Term Futures ETF,UVXY,1039890,1029690,0.99059,10200,0.41,421733820.45706954608
02/17/2017,ProShares Ultra VIX Short-Term Futures ETF,UVXY,1029690,1006620,2.29183,23070,0.41,417597147.37754949168
02/16/2017,ProShares Ultra VIX Short-Term Futures ETF,UVXY,1006620,991310,1.54442,15310,0.4,398174766.20651736864
02/15/2017,ProShares Ultra VIX Short-Term Futures ETF,UVXY,991310,906515,9.35395,84795,0.31,311822691.02539462032
02/14/2017,ProShares Ultra VIX Short-Term Futures ETF,UVXY,906515,1024545,-11.52024,-118030,0.25,227132939.38050216808
02/13/2017,ProShares Ultra VIX Short-Term Futures ETF,UVXY,1024545,1073370,-4.54876,-48825,0.28,282319710.80949746424
02/10/2017,ProShares Ultra VIX Short-Term Futures ETF,UVXY,1073370,1123625,-4.47258,-50255,0.29,306507441.50631772464
02/09/2017,ProShares Ultra VIX Short-Term Futures ETF,UVXY,1123625,1184185,-5.11407,-60560,0.28,318610817.546639326
02/08/2017,ProShares Ultra VIX Short-Term Futures ETF,UVXY,1184185,1184180,0.00042,5,0.28,335782980.06582898232
02/07/2017,ProShares Ultra VIX Short-Term Futures ETF,UVXY,1184180,1178900,0.44788,5280,0.28,333413202.28490764896
02/06/2017,ProShares Ultra VIX Short-Term Futures ETF,UVXY,1178900,1173275,0.47943,5625,0.28,331926585.6319796208
02/03/2017,ProShares Ultra VIX Short-Term Futures ETF,UVXY,1173275,1232745,-4.82419,-59470,0.28,330342832.0954795908
02/02/2017,ProShares Ultra VIX Short-Term Futures ETF,UVXY,1232745,1193005,3.33108,39740,0.28,347086978.37381857464
02/01/2017,ProShares Ultra VIX Short-Term Futures ETF,UVXY,1193005,1247900,-4.39899,-54895,0.29,343055965.61106102936
01/31/2017,ProShares Ultra VIX Short-Term Futures ETF,UVXY,1247900,1242720,0.41683,5180,0.29,358841362.3463799888
01/30/2017,ProShares Ultra VIX Short-Term Futures ETF,UVXY,1242720,1190245,4.40876,52475,0.29,366050861.31187862784
01/27/2017,ProShares Ultra VIX Short-Term Futures ETF,UVXY,1190245,1208050,-1.47386,-17805,0.32,376779415.54248501464
01/26/2017,ProShares Ultra VIX Short-Term Futures ETF,UVXY,1208050,1217150,-0.74765,-9100,0.32,392080098.4033531096
01/25/2017,ProShares Ultra VIX Short-Term Futures ETF,UVXY,1217150,1269230,-4.10328,-52080,0.32,391382109.6801798248
01/24/2017,ProShares Ultra VIX Short-Term Futures ETF,UVXY,1269230,1380885,-8.08576,-111655,0.31,395436455.75678810256
01/23/2017,ProShares Ultra VIX Short-Term Futures ETF,UVXY,1380885,1431915,-3.56376,-51030,0.31,421937951.51108336472
01/20/2017,ProShares Ultra VIX Short-Term Futures ETF,UVXY,1431915,1515170,-5.49476,-83255,0.3,423211333.59421163688
01/19/2017,ProShares Ultra VIX Short-Term Futures ETF,UVXY,1515170,1506155,0.59854,9015,0.29,432778928.72741341424
01/18/2017,ProShares Ultra VIX Short-Term Futures ETF,UVXY,1506155,1506560,-0.02688,-405,0.27,409117798.79388936616
01/17/2017,ProShares Ultra VIX Short-Term Futures ETF,UVXY,1506560,1516690,-0.66790,-10130,0.22,335406369.19023736832
01/13/2017,ProShares Ultra VIX Short-Term Futures ETF,UVXY,1516690,1543660,-1.74715,-26970,0.26,399845907.25197875568
01/12/2017,ProShares Ultra VIX Short-Term Futures ETF,UVXY,1543660,1527450,1.06125,16210,0.27,417761644.75693089952
01/11/2017,ProShares Ultra VIX Short-Term Futures ETF,UVXY,1527450,1589000,-3.87351,-61550,0.28,430176672.5969281464
01/10/2017,ProShares Ultra VIX Short-Term Futures ETF,UVXY,1589000,1600200,-0.69991,-11200,0.28,451324636.535741808
01/09/2017,ProShares Ultra VIX Short-Term Futures ETF,UVXY,1600200,1618425,-1.12609,-18225,0.28,450025219.3483285344
01/06/2017,ProShares Ultra VIX Short-Term Futures ETF,UVXY,1618425,1653525,-2.12274,-35100,0.28,455150647.1839886316
01/05/2017,ProShares Ultra VIX Short-Term Futures ETF,UVXY,1653525,1689075,-2.10470,-35550,0.27,451132231.5341488188
01/04/2017,ProShares Ultra VIX Short-Term Futures ETF,UVXY,1689075,1839975,-8.20120,-150900,0.26,445629684.6580290084
01/03/2017,ProShares Ultra VIX Short-Term Futures ETF,UVXY,1839975,2173975,-15.36356,-334000,0.25,456370118.4454698132
12/30/2016,ProShares Ultra VIX Short-Term Futures ETF,UVXY,2173975,2101425,3.45242,72550,0.24,515733411.6065382612
12/29/2016,ProShares Ultra VIX Short-Term Futures ETF,UVXY,2101425,2050975,2.45981,50450,0.25,520377150.9767912076
12/28/2016,ProShares Ultra VIX Short-Term Futures ETF,UVXY,2050975,1893800,8.29945,157175,0.25,517728866.7897376052
12/27/2016,ProShares Ultra VIX Short-Term Futures ETF,UVXY,1893800,1971700,-3.95091,-77900,0.25,481840685.9354234336
12/23/2016,ProShares Ultra VIX Short-Term Futures ETF,UVXY,1971700,1970175,0.07740,1525,0.25,501660830.3193971824
12/22/2016,ProShares Ultra VIX Short-Term Futures ETF,UVXY,1970175,1901900,3.58983,68275,0.25,483935283.6417905076
12/21/2016,ProShares Ultra VIX Short-Term Futures ETF,UVXY,1901900,1957250,-2.82795,-55350,0.23,440918633.8623834768
12/20/2016,ProShares Ultra VIX Short-Term Futures ETF,UVXY,1957250,2031450,-3.65256,-74200,0.21,417737058.029943772
12/19/2016,ProShares Ultra VIX Short-Term Futures ETF,UVXY,2031450,2181600,-6.88256,-150150,0.24,479078089.1633308344
12/16/2016,ProShares Ultra VIX Short-Term Futures ETF,UVXY,2181600,2218950,-1.68323,-37350,0.24,514488054.9945716352
12/15/2016,ProShares Ultra VIX Short-Term Futures ETF,UVXY,2218950,2303300,-3.66214,-84350,0.24,523296328.2133318344
12/14/2016,ProShares Ultra VIX Short-Term Futures ETF,UVXY,2303300,2330375,-1.16183,-27075,0.24,551480520.0206256176
12/13/2016,ProShares Ultra VIX Short-Term Futures ETF,UVXY,2330375,2365475,-1.48385,-35100,0.24,555632728.739445762
12/12/2016,ProShares Ultra VIX Short-Term Futures ETF,UVXY,2365475,2252800,5.00155,112675,0.24,565420928.0896059492
12/09/2016,ProShares Ultra VIX Short-Term Futures ETF,UVXY,2252800,2358725,-4.49077,-105925,0.24,538488154.3031586816
12/08/2016,ProShares Ultra VIX Short-Term Futures ETF,UVXY,2358725,2336675,0.94365,22050,0.23,549655121.4838059132
12/07/2016,ProShares Ultra VIX Short-Term Futures ETF,UVXY,2336675,2291550,1.96919,45125,0.23,547320806.5715257956
12/06/2016,ProShares Ultra VIX Short-Term Futures ETF,UVXY,2291550,2404650,-4.70339,-113100,0.23,536751150.3734922216
12/05/2016,ProShares Ultra VIX Short-Term Futures ETF,UVXY,2404650,2884525,-16.63619,-479875,0.22,523806372.1684528248
12/02/2016,ProShares Ultra VIX Short-Term Futures ETF,UVXY,2884525,2857950,0.92986,26575,0.21,597184965.3104220508
12/01/2016,ProShares Ultra VIX Short-Term Futures ETF,UVXY,2857950,2695800,6.01491,162150,0.21,591683126.8957352424
11/30/2016,ProShares Ultra VIX Short-Term Futures ETF,UVXY,2695800,2634225,2.33750,61575,0.22,586149433.7652943776
11/29/2016,ProShares Ultra VIX Short-Term Futures ETF,UVXY,2634225,2675725,-1.55098,-41500,0.21,556955794.0612740492
11/28/2016,ProShares Ultra VIX Short-Term Futures ETF,UVXY,2675725,2640200,1.34554,35525,0.2,547535234.3043409372
11/25/2016,ProShares Ultra VIX Short-Term Futures ETF,UVXY,2640200,2685100,-1.67219,-44900,0.2,531289051.9456674144
11/23/2016,ProShares Ultra VIX Short-Term Futures ETF,UVXY,2685100,2677475,0.28478,7625,0.2,540324306.2568409872
11/22/2016,ProShares Ultra VIX Short-Term Futures ETF,UVXY,2677475,2692575,-0.56080,-15100,0.2,530222002.8688076132
11/21/2016,ProShares Ultra VIX Short-Term Futures ETF,UVXY,2692575,2877300,-6.42008,-184725,0.19,517056815.0536343604
11/18/2016,ProShares Ultra VIX Short-Term Futures ETF,UVXY,2877300,2894900,-0.60797,-17600,0.18,531813109.1656953456
11/17/2016,ProShares Ultra VIX Short-Term Futures ETF,UVXY,2894900,3111800,-6.97024,-216900,0.18,531013267.8711887728
11/16/2016,ProShares Ultra VIX Short-Term Futures ETF,UVXY,3111800,2994375,3.92152,117425,0.16,502339766.8042299296
11/15/2016,ProShares Ultra VIX Short-Term Futures ETF,UVXY,2994375,3296900,-9.17604,-302525,0.14,432479402.62851597
11/14/2016,ProShares Ultra VIX Short-Term Futures ETF,UVXY,3296900,3373525,-2.27136,-76625,0.14,466941952.3943909168
11/11/2016,ProShares Ultra VIX Short-Term Futures ETF,UVXY,3373525,3453600,-2.31860,-80075,0.14,488589677.7528246588
11/10/2016,ProShares Ultra VIX Short-Term Futures ETF,UVXY,3453600,3233375,6.81099,220225,0.16,543011628.7097784192
11/09/2016,ProShares Ultra VIX Short-Term Futures ETF,UVXY,3233375,3637400,-11.10752,-404025,0.15,470878368.004250578
11/08/2016,ProShares Ultra VIX Short-Term Futures ETF,UVXY,3637400,3643925,-0.17907,-6525,0.14,515167174.5091927328
11/07/2016,ProShares Ultra VIX Short-Term Futures ETF,UVXY,3643925,5089550,-28.40379,-1445625,0.15,542327574.2281327676
11/04/2016,ProShares Ultra VIX Short-Term Futures ETF,UVXY,5089550,5202675,-2.17436,-113125,0.13,682155482.3036404776
11/03/2016,ProShares Ultra VIX Short-Term Futures ETF,UVXY,5202675,4690325,10.92355,512350,0.14,724371604.8638077476
11/02/2016,ProShares Ultra VIX Short-Term Futures ETF,UVXY,4690325,4429200,5.89553,261125,0.15,700878117.7183783484
11/01/2016,ProShares Ultra VIX Short-Term Futures ETF,UVXY,4429200,4172450,6.15346,256750,0.16,688433250.1347436224
10/31/2016,ProShares Ultra VIX Short-Term Futures ETF,UVXY,4172450,3942250,5.83930,230200,0.18,750334221.4622755864
10/28/2016,ProShares Ultra VIX Short-Term Futures ETF,UVXY,3942250,3742475,5.33805,199775,0.18,728648465.439287692
10/27/2016,ProShares Ultra VIX Short-Term Futures ETF,UVXY,3742475,3548025,5.48051,194450,0.2,742621590.6728132932
10/26/2016,ProShares Ultra VIX Short-Term Futures ETF,UVXY,3548025,3389250,4.68466,158775,0.2,712552018.8953589228
10/25/2016,ProShares Ultra VIX Short-Term Futures ETF,UVXY,3389250,3272375,3.57156,116875,0.21,698967089.067818076
10/24/2016,ProShares Ultra VIX Short-Term Futures ETF,UVXY,3272375,3552275,-7.87946,-279900,0.21,674863886.726650786
10/21/2016,ProShares Ultra VIX Short-Term Futures ETF,UVXY,3552275,3641700,-2.45558,-89425,0.2,705590543.9804922788
10/20/2016,ProShares Ultra VIX Short-Term Futures ETF,UVXY,3641700,3779525,-3.64662,-137825,0.18,663629206.1247394224
10/19/2016,ProShares Ultra VIX Short-Term Futures ETF,UVXY,3779525,4047325,-6.61672,-267800,0.17,644146744.7090934908
10/18/2016,ProShares Ultra VIX Short-Term Futures ETF,UVXY,4047325,4307875,-6.04823,-260550,0.14,551369546.6029082524
10/17/2016,ProShares Ultra VIX Short-Term Futures ETF,UVXY,4307875,4405125,-2.20766,-97250,0.14,586864431.586789642
10/14/2016,ProShares Ultra VIX Short-Term Futures ETF,UVXY,4405125,4525050,-2.65025,-119925,0.14,600112858.240723494
10/13/2016,ProShares Ultra VIX Short-Term Futures ETF,UVXY,4525050,4331600,4.46602,193450,0.14,616450313.9371041336
10/12/2016,ProShares Ultra VIX Short-Term Futures ETF,UVXY,4331600,4175000,3.75090,156600,0.16,712247622.7679164352
10/11/2016,ProShares Ultra VIX Short-Term Futures ETF,UVXY,4175000,3791700,10.10892,383300,0.17,704867789.5133556
10/10/2016,ProShares Ultra VIX Short-Term Futures ETF,UVXY,3791700,4034400,-6.01576,-242700,0.18,675038657.3647402224
10/07/2016,ProShares Ultra VIX Short-Term Futures ETF,UVXY,4034400,3906600,3.27139,127800,0.18,714212285.9910615168
10/06/2016,ProShares Ultra VIX Short-Term Futures ETF,UVXY,3906600,3981250,-1.87504,-74650,0.17,679867974.2545808352
10/05/2016,ProShares Ultra VIX Short-Term Futures ETF,UVXY,3981250,4018775,-0.93374,-37525,0.17,692859359.1616879
10/04/2016,ProShares Ultra VIX Short-Term Futures ETF,UVXY,4018775,4095175,-1.86561,-76400,0.17,688941042.7368947668
10/03/2016,ProShares Ultra VIX Short-Term Futures ETF,UVXY,4095175,4225150,-3.07622,-129975,0.17,715961936.2084685076
09/30/2016,ProShares Ultra VIX Short-Term Futures ETF,UVXY,4225150,4289775,-1.50649,-64625,0.17,738685544.5179292008
09/29/2016,ProShares Ultra VIX Short-Term Futures ETF,UVXY,4289775,3994050,7.40414,295725,0.16,690785077.5771628788
09/28/2016,ProShares Ultra VIX Short-Term Futures ETF,UVXY,3994050,4130400,-3.30113,-136350,0.16,647957160.9475013016
09/27/2016,ProShares Ultra VIX Short-Term Futures ETF,UVXY,4130400,4513525,-8.48838,-383125,0.16,652729624.3846620288
09/26/2016,ProShares Ultra VIX Short-Term Futures ETF,UVXY,4513525,4175600,8.09285,337925,0.15,678972311.1768307388
09/23/2016,ProShares Ultra VIX Short-Term Futures ETF,UVXY,4175600,4047950,3.15345,127650,0.15,629808287.8783156032
09/22/2016,ProShares Ultra VIX Short-Term Futures ETF,UVXY,4047950,4457825,-9.19451,-409875,0.15,602458860.7330749224
09/21/2016,ProShares Ultra VIX Short-Term Futures ETF,UVXY,4457825,5274450,-15.48266,-816625,0.11,497629716.2963771084
09/20/2016,ProShares Ultra VIX Short-Term Futures ETF,UVXY,5274450,5097450,3.47232,177000,0.09,468532601.7721481304
09/19/2016,ProShares Ultra VIX Short-Term Futures ETF,UVXY,5097450,5341350,-4.56626,-243900,0.09,446692644.1089471864
09/16/2016,ProShares Ultra VIX Short-Term Futures ETF,UVXY,5341350,5819800,-8.22107,-478450,0.09,480884989.4651884872
09/15/2016,ProShares Ultra VIX Short-Term Futures ETF,UVXY,5819800,6330850,-8.07238,-511050,0.09,542583493.9903777056
09/14/2016,ProShares Ultra VIX Short-Term Futures ETF,UVXY,6330850,5964425,6.14351,366425,0.09,580099636.3450604312
09/13/2016,ProShares Ultra VIX Short-Term Futures ETF,UVXY,5964425,4966275,20.09856,998150,0.1,581117555.7109451436
09/12/2016,ProShares Ultra VIX Short-Term Futures ETF,UVXY,4966275,5613825,-11.53492,-647550,0.13,666626114.0695664868
09/09/2016,ProShares Ultra VIX Short-Term Futures ETF,UVXY,5613825,4286925,30.95226,1326900,0.13,753547144.4526499404
09/08/2016,ProShares Ultra VIX Short-Term Futures ETF,UVXY,4286925,4201500,2.03320,85425,0.14,620020570.3436028636
09/07/2016,ProShares Ultra VIX Short-Term Futures ETF,UVXY,4201500,4270900,-1.62495,-69400,0.14,607665500.632422408
09/06/2016,ProShares Ultra VIX Short-Term Futures ETF,UVXY,4270900,4585350,-6.85771,-314450,0.15,626244664.8461294448
09/02/2016,ProShares Ultra VIX Short-Term Futures ETF,UVXY,4585350,4881700,-6.07063,-296350,0.14,655845399.6155844552
09/01/2016,ProShares Ultra VIX Short-Term Futures ETF,UVXY,4881700,4895800,-0.28800,-14100,0.14,663084280.3754127024
08/31/2016,ProShares Ultra VIX Short-Term Futures ETF,UVXY,4895800,4890250,0.11349,5550,0.14,664999491.9519727776
08/30/2016,ProShares Ultra VIX Short-Term Futures ETF,UVXY,4890250,4962250,-1.45095,-72000,0.14,664245632.076092748
08/29/2016,ProShares Ultra VIX Short-Term Futures ETF,UVXY,4962250,5204475,-4.65417,-242225,0.13,659138685.871293132
08/26/2016,ProShares Ultra VIX Short-Term Futures ETF,UVXY,5204475,5115075,1.74777,89400,0.13,670495679.9586877572
08/25/2016,ProShares Ultra VIX Short-Term Futures ETF,UVXY,5115075,5223525,-2.07618,-108450,0.13,658978223.5796472804
08/24/2016,ProShares Ultra VIX Short-Term Futures ETF,UVXY,5223525,4956200,5.39375,267325,0.13,688620478.0461678588
08/23/2016,ProShares Ultra VIX Short-Term Futures ETF,UVXY,4956200,4972625,-0.33031,-16425,0.13,653378860.6912797664
08/22/2016,ProShares Ultra VIX Short-Term Futures ETF,UVXY,4972625,4935475,0.75271,37150,0.13,635653678.432059854
08/19/2016,ProShares Ultra VIX Short-Term Futures ETF,UVXY,4935475,4869225,1.36059,66250,0.12,604253206.3349529892
08/18/2016,ProShares Ultra VIX Short-Term Futures ETF,UVXY,4869225,5033550,-3.26459,-164325,0.12,575691433.5372859692
08/17/2016,ProShares Ultra VIX Short-Term Futures ETF,UVXY,5033550,5384750,-6.52212,-351200,0.11,572972058.2407068456
08/16/2016,ProShares Ultra VIX Short-Term Futures ETF,UVXY,5384750,5038275,6.87686,346475,0.11,596795117.863962052
08/15/2016,ProShares Ultra VIX Short-Term Futures ETF,UVXY,5038275,5139600,-1.97146,-101325,0.11,563433357.8647668708
08/12/2016,ProShares Ultra VIX Short-Term Futures ETF,UVXY,5139600,5232175,-1.76934,-92575,0.11,574764594.2473874112
08/11/2016,ProShares Ultra VIX Short-Term Futures ETF,UVXY,5232175,5325800,-1.75795,-93625,0.11,585117312.8076745716
08/10/2016,ProShares Ultra VIX Short-Term Futures ETF,UVXY,5325800,5076225,4.91655,249575,0.11,608369373.5066417376
08/09/2016,ProShares Ultra VIX Short-Term Futures ETF,UVXY,5076225,5225700,-2.86038,-149475,0.12,596104189.4484870732
08/08/2016,ProShares Ultra VIX Short-Term Futures ETF,UVXY,5225700,5428100,-3.72874,-202400,0.11,595889749.6191478704
08/05/2016,ProShares Ultra VIX Short-Term Futures ETF,UVXY,5428100,5860600,-7.37979,-432500,0.11,618969544.7323222832
08/04/2016,ProShares Ultra VIX Short-Term Futures ETF,UVXY,5860600,6186150,-5.26256,-325550,0.11,655394462.8076579232
08/03/2016,ProShares Ultra VIX Short-Term Futures ETF,UVXY,6186150,6501725,-4.85371,-315575,0.11,691800917.3288729928
08/02/2016,ProShares Ultra VIX Short-Term Futures ETF,UVXY,6501725,6082025,6.90066,419700,0.11,727091861.5326280092
08/01/2016,ProShares Ultra VIX Short-Term Futures ETF,UVXY,6082025,6250250,-2.69149,-168225,0.11,680156529.2931
07/29/2016,ProShares Ultra VIX Short-Term Futures ETF,UVXY,6250250,6718750,-6.97302,-468500,0.11,690289877.157366668
07/28/2016,ProShares Ultra VIX Short-Term Futures ETF,UVXY,6718750,7069425,-4.96045,-350675,0.11,720531936.6667025
07/27/2016,ProShares Ultra VIX Short-Term Futures ETF,UVXY,7069425,7398750,-4.45109,-329325,0.11,758139011.9248377036
07/26/2016,ProShares Ultra VIX Short-Term Futures ETF,UVXY,7398750,7532425,-1.77466,-133675,0.11,803814721.28003946
07/25/2016,ProShares Ultra VIX Short-Term Futures ETF,UVXY,7532425,7566875,-0.45527,-34450,0.11,803272585.6395068396
07/22/2016,ProShares Ultra VIX Short-Term Futures ETF,UVXY,7566875,7996375,-5.37118,-429500,0.11,806946401.25337369
07/21/2016,ProShares Ultra VIX Short-Term Futures ETF,UVXY,7996375,7642875,4.62522,353500,0.1,833557824.218709314
07/20/2016,ProShares Ultra VIX Short-Term Futures ETF,UVXY,7642875,7843625,-2.55940,-200750,0.1,796708290.416040762
07/19/2016,ProShares Ultra VIX Short-Term Futures ETF,UVXY,7843625,7928500,-1.07051,-84875,0.1,799123909.421375166
07/18/2016,ProShares Ultra VIX Short-Term Futures ETF,UVXY,7928500,8580000,-7.59324,-651500,0.1,788742741.002708952
07/15/2016,ProShares Ultra VIX Short-Term Futures ETF,UVXY,8580000,8420375,1.89570,159625,0.09,805164039.68004576
07/14/2016,ProShares Ultra VIX Short-Term Futures ETF,UVXY,8420375,8536625,-1.36178,-116250,0.09,790184516.389378242
07/13/2016,ProShares Ultra VIX Short-Term Futures ETF,UVXY,8536625,8559125,-0.26288,-22500,0.09,760117844.549378862
07/12/2016,ProShares Ultra VIX Short-Term Futures ETF,UVXY,8559125,9077000,-5.70535,-517875,0.09,749796148.709378982
07/11/2016,ProShares Ultra VIX Short-Term Futures ETF,UVXY,9077000,9167250,-0.98448,-90250,0.08,754498055.125381744
07/08/2016,ProShares Ultra VIX Short-Term Futures ETF,UVXY,9167250,10359125,-11.50556,-1191875,0.08,734864752.256048892
07/07/2016,ProShares Ultra VIX Short-Term Futures ETF,UVXY,10359125,10591250,-2.19167,-232125,0.08,784827641.509388582
07/06/2016,ProShares Ultra VIX Short-Term Futures ETF,UVXY,10591250,11310000,-6.35500,-718750,0.08,830374787.09338982
07/05/2016,ProShares Ultra VIX Short-Term Futures ETF,UVXY,11310000,11229500,0.71686,80500,0.08,889440597.76006032
07/01/2016,ProShares Ultra VIX Short-Term Futures ETF,UVXY,11229500,11406875,-1.55498,-177375,0.08,883109919.765393224
06/30/2016,ProShares Ultra VIX Short-Term Futures ETF,UVXY,11406875,11901500,-4.15599,-494625,0.07,839568387.89339417
06/29/2016,ProShares Ultra VIX Short-Term Futures ETF,UVXY,11901500,13553125,-12.18630,-1651625,0.06,707448518.677396808
06/28/2016,ProShares Ultra VIX Short-Term Futures ETF,UVXY,13553125,21521250,-37.02445,-7968125,0.05,716173725.26673895
06/27/2016,ProShares Ultra VIX Short-Term Futures ETF,UVXY,21521250,19821250,8.57665,1700000,0.05,1137225089.04011478
06/24/2016,ProShares Ultra VIX Short-Term Futures ETF,UVXY,19821250,11976625,65.49946,7844625,0.06,1132228702.50677238
06/23/2016,ProShares Ultra VIX Short-Term Futures ETF,UVXY,11976625,16279375,-26.43068,-4302750,0.06,708081576.122730542
06/22/2016,ProShares Ultra VIX Short-Term Futures ETF,UVXY,16279375,15201750,7.08882,1077625,0.06,912979300.98675349
06/21/2016,ProShares Ultra VIX Short-Term Futures ETF,UVXY,15201750,14920750,1.88328,281000,0.06,852543975.968081076
06/20/2016,ProShares Ultra VIX Short-Term Futures ETF,UVXY,14920750,17644875,-15.43862,-2724125,0.06,830816644.458746244
06/17/2016,ProShares Ultra VIX Short-Term Futures ETF,UVXY,17644875,17556250,0.50481,88625,0.05,896394281.008094106
06/16/2016,ProShares Ultra VIX Short-Term Futures ETF,UVXY,17556250,18528375,-5.24668,-972125,0.05,866610957.0667603
06/15/2016,ProShares Ultra VIX Short-Term Futures ETF,UVXY,18528375,19076125,-2.87139,-547750,0.05,925713980.024098818
06/14/2016,ProShares Ultra VIX Short-Term Futures ETF,UVXY,19076125,19769625,-3.50791,-693500,0.05,940871925.074768406
06/13/2016,ProShares Ultra VIX Short-Term Futures ETF,UVXY,19769625,15008875,31.71957,4760750,0.05,1032804011.184105438
06/10/2016,ProShares Ultra VIX Short-Term Futures ETF,UVXY,15008875,12906750,16.28702,2102125,0.06,868142787.418746714
06/09/2016,ProShares Ultra VIX Short-Term Futures ETF,UVXY,12906750,12391625,4.15704,515125,0.07,845675591.648068836
06/08/2016,ProShares Ultra VIX Short-Term Futures ETF,UVXY,12391625,12291875,0.81151,99750,0.06,803001620.629399422
06/07/2016,ProShares Ultra VIX Short-Term Futures ETF,UVXY,12291875,12172625,0.97966,119250,0.06,798504324.85339889
06/06/2016,ProShares Ultra VIX Short-Term Futures ETF,UVXY,12172625,12559500,-3.08034,-386875,0.06,781019510.805398254
06/03/2016,ProShares Ultra VIX Short-Term Futures ETF,UVXY,12559500,12670500,-0.87605,-111000,0.06,805842170.112066984
06/02/2016,ProShares Ultra VIX Short-Term Futures ETF,UVXY,12670500,13312875,-4.82522,-642375,0.06,818032347.968067576
06/01/2016,ProShares Ultra VIX Short-Term Futures ETF,UVXY,13312875,13274000,0.29287,38875,0.06,859505338.736071002
05/31/2016,ProShares Ultra VIX Short-Term Futures ETF,UVXY,13274000,13474125,-1.48525,-200125,0.06,859650292.437404128
05/27/2016,ProShares Ultra VIX Short-Term Futures ETF,UVXY,13474125,14081875,-4.31583,-607750,0.06,869376990.216071862
05/26/2016,ProShares Ultra VIX Short-Term Futures ETF,UVXY,14081875,14609125,-3.60905,-527250,0.06,892255238.02674177
05/25/2016,ProShares Ultra VIX Short-Term Futures ETF,UVXY,14609125,15096125,-3.22599,-487000,0.06,913975532.842744582
05/24/2016,ProShares Ultra VIX Short-Term Futures ETF,UVXY,15096125,17095375,-11.69468,-1999250,0.06,899154833.661413846
05/23/2016,ProShares Ultra VIX Short-Term Futures ETF,UVXY,17095375,16658875,2.62022,436500,0.05,913610392.522757842
05/20/2016,ProShares Ultra VIX Short-Term Futures ETF,UVXY,16658875,17884250,-6.85170,-1225375,0.05,840306350.818755514
05/19/2016,ProShares Ultra VIX Short-Term Futures ETF,UVXY,17884250,18083625,-1.10252,-199375,0.05,891386120.821428716
05/18/2016,ProShares Ultra VIX Short-Term Futures ETF,UVXY,18083625,17935375,0.82658,148250,0.05,933150542.128096446
05/17/2016,ProShares Ultra VIX Short-Term Futures ETF,UVXY,17935375,16844125,6.47852,1091250,0.05,912587081.162762322
05/16/2016,ProShares Ultra VIX Short-Term Futures ETF,UVXY,16844125,18187500,-7.38625,-1343375,0.05,865147319.402756502
05/13/2016,ProShares Ultra VIX Short-Term Futures ETF,UVXY,18187500,16983875,7.08687,1203625,0.05,934145696.000097
05/12/2016,ProShares Ultra VIX Short-Term Futures ETF,UVXY,16983875,17967875,-5.47644,-984000,0.05,866210958.685423914
05/11/2016,ProShares Ultra VIX Short-Term Futures ETF,UVXY,17967875,16175625,11.07994,1792250,0.05,941551914.949429162
05/10/2016,ProShares Ultra VIX Short-Term Futures ETF,UVXY,16175625,18093000,-10.59733,-1917375,0.05,837282097.36008627
05/09/2016,ProShares Ultra VIX Short-Term Futures ETF,UVXY,18093000,18701250,-3.25246,-608250,0.05,856919990.528096496
05/06/2016,ProShares Ultra VIX Short-Term Futures ETF,UVXY,18701250,20632625,-9.36078,-1931375,0.05,855057854.32009974
05/05/2016,ProShares Ultra VIX Short-Term Futures ETF,UVXY,20632625,20788375,-0.74922,-155750,0.05,943364109.965443374
05/04/2016,ProShares Ultra VIX Short-Term Futures ETF,UVXY,20788375,20330625,2.25153,457750,0.05,956306050.650777538
05/03/2016,ProShares Ultra VIX Short-Term Futures ETF,UVXY,20330625,18560875,9.53484,1769750,0.05,961271852.24010843
05/02/2016,ProShares Ultra VIX Short-Term Futures ETF,UVXY,18560875,20872875,-11.07658,-2312000,0.05,879821903.810765658
04/29/2016,ProShares Ultra VIX Short-Term Futures ETF,UVXY,20872875,19866750,5.06437,1006125,0.05,989415241.496111322
04/28/2016,ProShares Ultra VIX Short-Term Futures ETF,UVXY,19866750,17760875,11.85682,2105875,0.05,1023573951.808105956
04/27/2016,ProShares Ultra VIX Short-Term Futures ETF,UVXY,17760875,18761125,-5.33150,-1000250,0.05,915075138.677428058
04/26/2016,ProShares Ultra VIX Short-Term Futures ETF,UVXY,18761125,19393000,-3.25826,-631875,0.05,966609981.834766726
04/25/2016,ProShares Ultra VIX Short-Term Futures ETF,UVXY,19393000,19242875,0.78016,150125,0.05,1016231261.994770096
04/22/2016,ProShares Ultra VIX Short-Term Futures ETF,UVXY,19242875,20673750,-6.92122,-1430875,0.05,1011443277.349435962
04/21/2016,ProShares Ultra VIX Short-Term Futures ETF,UVXY,20673750,19810875,4.35556,862875,0.05,1086652875.68011026
04/20/2016,ProShares Ultra VIX Short-Term Futures ETF,UVXY,19810875,19336375,2.45392,474500,0.05,1041298472.144105658
04/19/2016,ProShares Ultra VIX Short-Term Futures ETF,UVXY,19336375,19395000,-0.30227,-58625,0.05,988513440.858769794
04/18/2016,ProShares Ultra VIX Short-Term Futures ETF,UVXY,19395000,21582000,-10.13344,-2187000,0.05,959702665.92010344
04/15/2016,ProShares Ultra VIX Short-Term Futures ETF,UVXY,21582000,22021500,-1.99578,-439500,0.05,991951078.272115104
04/14/2016,ProShares Ultra VIX Short-Term Futures ETF,UVXY,22021500,22530125,-2.25753,-508625,0.05,998057600.864117448
04/13/2016,ProShares Ultra VIX Short-Term Futures ETF,UVXY,22530125,24949250,-9.69618,-2419125,0.04,935495009.125453494
04/12/2016,ProShares Ultra VIX Short-Term Futures ETF,UVXY,24949250,27469750,-9.17555,-2520500,0.04,939138737.061466396
04/11/2016,ProShares Ultra VIX Short-Term Futures ETF,UVXY,27469750,26104875,5.22843,1364875,0.04,1034015303.962813172
04/08/2016,ProShares Ultra VIX Short-Term Futures ETF,UVXY,26104875,27400500,-4.72847,-1295625,0.04,982638730.168139226
04/07/2016,ProShares Ultra VIX Short-Term Futures ETF,UVXY,27400500,23184500,18.18456,4216000,0.04,1047848898.048146136
04/06/2016,ProShares Ultra VIX Short-Term Futures ETF,UVXY,23184500,26346375,-12.00118,-3161875,0.04,902386243.445456984
04/05/2016,ProShares Ultra VIX Short-Term Futures ETF,UVXY,26346375,24002875,9.76341,2343500,0.04,1014914074.152140514
04/04/2016,ProShares Ultra VIX Short-Term Futures ETF,UVXY,24002875,22686500,5.80246,1316375,0.04,953441304.642794682
04/01/2016,ProShares Ultra VIX Short-Term Futures ETF,UVXY,22686500,24062750,-5.71942,-1376250,0.04,867576286.037454328
03/31/2016,ProShares Ultra VIX Short-Term Futures ETF,UVXY,24062750,23760500,1.27207,302250,0.04,892293997.157461668
03/30/2016,ProShares Ultra VIX Short-Term Futures ETF,UVXY,23760500,24558750,-3.25037,-798250,0.04,842118753.941460056
03/29/2016,ProShares Ultra VIX Short-Term Futures ETF,UVXY,24558750,27752875,-11.50917,-3194125,0.03,794769350.64013098
03/28/2016,ProShares Ultra VIX Short-Term Futures ETF,UVXY,27752875,28603250,-2.97300,-850375,0.03,880375664.642814682
03/24/2016,ProShares Ultra VIX Short-Term Futures ETF,UVXY,28603250,29584000,-3.31514,-980750,0.03,907351228.645485884
03/23/2016,ProShares Ultra VIX Short-Term Futures ETF,UVXY,29584000,26801500,10.38188,2782500,0.03,957396303.530824448
03/22/2016,ProShares Ultra VIX Short-Term Futures ETF,UVXY,26801500,27200125,-1.46553,-398625,0.03,853412362.410809608
03/21/2016,ProShares Ultra VIX Short-Term Futures ETF,UVXY,27200125,29595750,-8.09449,-2395625,0.03,826937184.778811734
03/18/2016,ProShares Ultra VIX Short-Term Futures ETF,UVXY,29595750,29748625,-0.51389,-152875,0.03,880827606.592157844
03/17/2016,ProShares Ultra VIX Short-Term Futures ETF,UVXY,29748625,31448375,-5.40489,-1699750,0.03,769952801.634825326
03/16/2016,ProShares Ultra VIX Short-Term Futures ETF,UVXY,31448375,34327125,-8.38623,-2878750,0.02,641608572.677501058
03/15/2016,ProShares Ultra VIX Short-Term Futures ETF,UVXY,34327125,33573625,2.24432,753500,0.02,683863702.704183078
03/14/2016,ProShares Ultra VIX Short-Term Futures ETF,UVXY,33573625,34552500,-2.83301,-978875,0.02,664823668.834845726
03/11/2016,ProShares Ultra VIX Short-Term Futures ETF,UVXY,34552500,38015000,-9.10825,-3462500,0.02,645508515.04018428
03/10/2016,ProShares Ultra VIX Short-Term Futures ETF,UVXY,38015000,38738000,-1.86638,-723000,0.02,620479410.77353608
03/09/2016,ProShares Ultra VIX Short-Term Futures ETF,UVXY,38738000,40947625,-5.39622,-2209625,0.02,622983069.781539936
03/08/2016,ProShares Ultra VIX Short-Term Futures ETF,UVXY,40947625,37448500,9.34383,3499125,0.02,658518176.538885054
03/07/2016,ProShares Ultra VIX Short-Term Futures ETF,UVXY,37448500,38439750,-2.57871,-991250,0.02,602245378.922866392
03/04/2016,ProShares Ultra VIX Short-Term Futures ETF,UVXY,38439750,36376625,5.67157,2063125,0.02,612036264.416205012
03/03/2016,ProShares Ultra VIX Short-Term Futures ETF,UVXY,36376625,39744125,-8.47295,-3367500,0.01,534080250.189527342
03/02/2016,ProShares Ultra VIX Short-Term Futures ETF,UVXY,39744125,40148750,-1.00781,-404625,0.01,535828809.469545302
03/01/2016,ProShares Ultra VIX Short-Term Futures ETF,UVXY,40148750,49788000,-19.36059,-9639250,0.01,518800648.61354746
02/29/2016,ProShares Ultra VIX Short-Term Futures ETF,UVXY,49788000,48361500,2.94966,1426500,0.01,503952277.248265536
02/26/2016,ProShares Ultra VIX Short-Term Futures ETF,UVXY,48361500,45911125,5.33721,2450375,0.01,472103157.504257928
02/25/2016,ProShares Ultra VIX Short-Term Futures ETF,UVXY,45911125,49911000,-8.01401,-3999875,0.01,387580003.234911526
02/24/2016,ProShares Ultra VIX Short-Term Futures ETF,UVXY,49911000,51777125,-3.60415,-1866125,0.01,421346798.656266192
02/23/2016,ProShares Ultra VIX Short-Term Futures ETF,UVXY,51777125,46903125,10.39163,4874000,0.01,437100556.237609478
02/22/2016,ProShares Ultra VIX Short-Term Futures ETF,UVXY,46903125,53136375,-11.73066,-6233250,0.01,386573805.20025015
02/19/2016,ProShares Ultra VIX Short-Term Futures ETF,UVXY,53136375,55087375,-3.54165,-1951000,0.01,378435278.992283394
02/18/2016,ProShares Ultra VIX Short-Term Futures ETF,UVXY,55087375,55758500,-1.20363,-671125,0.01,350463823.154960466
02/17/2016,ProShares Ultra VIX Short-Term Futures ETF,UVXY,55758500,60317000,-7.55757,-4558500,0.01,314587375.349630712
02/16/2016,ProShares Ultra VIX Short-Term Futures ETF,UVXY,60317000,67522375,-10.67109,-7205375,0.01,316179462.165655024
02/12/2016,ProShares Ultra VIX Short-Term Futures ETF,UVXY,67522375,71442625,-5.48727,-3920250,0.01,345847083.915026786
02/11/2016,ProShares Ultra VIX Short-Term Futures ETF,UVXY,71442625,64875375,10.12287,6567250,0.01,377357278.059047694
02/10/2016,ProShares Ultra VIX Short-Term Futures ETF,UVXY,64875375,64103875,1.20352,771500,0.01,376404503.736346002
02/09/2016,ProShares Ultra VIX Short-Term Futures ETF,UVXY,64103875,61329250,4.52415,2774625,0.01,371928289.539008554
02/08/2016,ProShares Ultra VIX Short-Term Futures ETF,UVXY,61329250,56307875,8.91771,5021375,0.01,365642698.874993756
02/05/2016,ProShares Ultra VIX Short-Term Futures ETF,UVXY,56307875,52825875,6.59147,3482000,0.01,407779528.589633642
02/04/2016,ProShares Ultra VIX Short-Term Futures ETF,UVXY,52825875,51451125,2.67195,1374750,0.01,407919434.584281738
02/03/2016,ProShares Ultra VIX Short-Term Futures ETF,UVXY,51451125,52947375,-2.82592,-1496250,0.01,397303666.408274406
02/02/2016,ProShares Ultra VIX Short-Term Futures ETF,UVXY,52947375,46688000,13.40682,6259375,0.01,459687133.048282386
02/01/2016,ProShares Ultra VIX Short-Term Futures ETF,UVXY,46688000,47130125,-0.93809,-442125,0.01,422151152.981582336
01/29/2016,ProShares Ultra VIX Short-Term Futures ETF,UVXY,47130125,54026375,-12.76460,-6896250,0.01,433689650.725584694
01/28/2016,ProShares Ultra VIX Short-Term Futures ETF,UVXY,54026375,56353625,-4.12973,-2327250,0.01,427994925.765621474
01/27/2016,ProShares Ultra VIX Short-Term Futures ETF,UVXY,56353625,52604625,7.12675,3749000,0.01,446431313.381633886
01/26/2016,ProShares Ultra VIX Short-Term Futures ETF,UVXY,52604625,57791875,-8.97574,-5187250,0.01,416731875.344280558
01/25/2016,ProShares Ultra VIX Short-Term Futures ETF,UVXY,57791875,52054125,11.02266,5737750,0.01,409279901.18697489
01/22/2016,ProShares Ultra VIX Short-Term Futures ETF,UVXY,52054125,63830250,-18.44913,-11776125,0.01,341577224.896277622
01/21/2016,ProShares Ultra VIX Short-Term Futures ETF,UVXY,63830250,62125125,2.74466,1705125,0.01,342255417.504340428
01/20/2016,ProShares Ultra VIX Short-Term Futures ETF,UVXY,62125125,58700500,5.83406,3424625,0.01,333112600.912331334
01/19/2016,ProShares Ultra VIX Short-Term Futures ETF,UVXY,58700500,60378375,-2.77893,-1677875,0.01,326489989.514979736
01/15/2016,ProShares Ultra VIX Short-Term Futures ETF,UVXY,60378375,50658875,19.18617,9719500,0.01,362388752.624322018
01/14/2016,ProShares Ultra VIX Short-Term Futures ETF,UVXY,50658875,54865125,-7.66653,-4206250,0.01,358764261.485603514
01/13/2016,ProShares Ultra VIX Short-Term Futures ETF,UVXY,54865125,45603250,20.30968,9261875,0.01,346855271.952292614
01/12/2016,ProShares Ultra VIX Short-Term Futures ETF,UVXY,45603250,50154750,-9.07491,-4551500,0.01,288302043.978909884
01/11/2016,ProShares Ultra VIX Short-Term Futures ETF,UVXY,50154750,56294500,-10.90648,-6139750,0.01,323095027.056267492
01/08/2016,ProShares Ultra VIX Short-Term Futures ETF,UVXY,56294500,49849750,12.92835,6444750,0.01,427948687.338966904
01/07/2016,ProShares Ultra VIX Short-Term Futures ETF,UVXY,49849750,40192125,24.02865,9657625,0.01,476661448.442932532
01/06/2016,ProShares Ultra VIX Short-Term Futures ETF,UVXY,40192125,37506875,7.15935,2685250,0.01,455053738.744214358
01/05/2016,ProShares Ultra VIX Short-Term Futures ETF,UVXY,37506875,38765125,-3.24583,-1258250,0.01,460658038.49353337
01/04/2016,ProShares Ultra VIX Short-Term Futures ETF,UVXY,38765125,35106125,10.42268,3659000,0.01,521079363.018873414
12/31/2015,ProShares Ultra VIX Short-Term Futures ETF,UVXY,35106125,34584375,1.50863,521750,0.02,547724451.621520566
12/30/2015,ProShares Ultra VIX Short-Term Futures ETF,UVXY,34584375,31710875,9.06156,2873500,0.02,552034502.60018445
12/29/2015,ProShares Ultra VIX Short-Term Futures ETF,UVXY,31710875,32856750,-3.48749,-1145875,0.02,506167802.877502458
12/28/2015,ProShares Ultra VIX Short-Term Futures ETF,UVXY,32856750,34476875,-4.69916,-1620125,0.01,469258876.848175236
12/24/2015,ProShares Ultra VIX Short-Term Futures ETF,UVXY,34476875,33289375,3.56720,1187500,0.01,486881141.61351721
12/23/2015,ProShares Ultra VIX Short-Term Futures ETF,UVXY,33289375,33069500,0.66489,219875,0.01,467448160.94684421
12/22/2015,ProShares Ultra VIX Short-Term Futures ETF,UVXY,33069500,36827375,-10.20403,-3757875,0.01,379702764.405509704
12/21/2015,ProShares Ultra VIX Short-Term Futures ETF,UVXY,36827375,43473750,-15.28825,-6646375,0.01,408119594.861529746
12/18/2015,ProShares Ultra VIX Short-Term Futures ETF,UVXY,43473750,38894750,11.77280,4579000,0.01,509597674.48023186
12/17/2015,ProShares Ultra VIX Short-Term Futures ETF,UVXY,38894750,34558625,12.54716,4336125,0.01,465257547.429540772
12/16/2015,ProShares Ultra VIX Short-Term Futures ETF,UVXY,34558625,37546875,-7.95872,-2988250,0.01,406477257.061517646
12/15/2015,ProShares Ultra VIX Short-Term Futures ETF,UVXY,37546875,44287625,-15.22039,-6740750,0.01,432613692.00020025
12/14/2015,ProShares Ultra VIX Short-Term Futures ETF,UVXY,44287625,51099750,-13.33103,-6812125,0.01,506737351.845569534
12/11/2015,ProShares Ultra VIX Short-Term Futures ETF,UVXY,51099750,38789000,31.73773,12310750,0.01,625561231.776272532
12/10/2015,ProShares Ultra VIX Short-Term Futures ETF,UVXY,38789000,38178125,1.60007,610875,0.02,614493889.877540208
12/09/2015,ProShares Ultra VIX Short-Term Futures ETF,UVXY,38178125,34983625,9.13142,3194500,0.02,615506305.93353695
12/08/2015,ProShares Ultra VIX Short-Term Futures ETF,UVXY,34983625,31534750,10.93674,3448875,0.02,619978496.194853246
12/07/2015,ProShares Ultra VIX Short-Term Futures ETF,UVXY,31534750,30681375,2.78141,853375,0.02,584085462.202834852
12/04/2015,ProShares Ultra VIX Short-Term Futures ETF,UVXY,30681375,37025875,-17.13531,-6344500,0.02,567052027.312163634
12/03/2015,ProShares Ultra VIX Short-Term Futures ETF,UVXY,37025875,32381125,14.34400,4644750,0.02,663576349.450864138
12/02/2015,ProShares Ultra VIX Short-Term Futures ETF,UVXY,32381125,30355375,6.67345,2025750,0.02,608828703.354839366
12/01/2015,ProShares Ultra VIX Short-Term Futures ETF,UVXY,30355375,33305125,-8.85675,-2949750,0.02,517315167.482828562
11/30/2015,ProShares Ultra VIX Short-Term Futures ETF,UVXY,33305125,34163750,-2.51326,-858625,0.02,548933826.858844294
11/27/2015,ProShares Ultra VIX Short-Term Futures ETF,UVXY,34163750,32815000,4.11016,1348750,0.02,541220852.05351554
11/25/2015,ProShares Ultra VIX Short-Term Futures ETF,UVXY,32815000,35309250,-7.06401,-2494250,0.02,506728004.90684168
11/24/2015,ProShares Ultra VIX Short-Term Futures ETF,UVXY,35309250,33663500,4.88883,1645750,0.01,525470940.288188316
11/23/2015,ProShares Ultra VIX Short-Term Futures ETF,UVXY,33663500,35312250,-4.66906,-1648750,0.01,484820470.229512872
11/20/2015,ProShares Ultra VIX Short-Term Futures ETF,UVXY,35312250,38383625,-8.00178,-3071375,0.01,483140886.176188332
11/19/2015,ProShares Ultra VIX Short-Term Futures ETF,UVXY,38383625,36717000,4.53911,1666625,0.01,525163324.261538046
11/18/2015,ProShares Ultra VIX Short-Term Futures ETF,UVXY,36717000,39958875,-8.11303,-3241875,0.01,502360623.232195824
11/17/2015,ProShares Ultra VIX Short-Term Futures ETF,UVXY,39958875,37207500,7.39468,2751375,0.01,546715835.952213114
11/16/2015,ProShares Ultra VIX Short-Term Futures ETF,UVXY,37207500,46706250,-20.33721,-9498750,0.01,503118425.92019844
11/13/2015,ProShares Ultra VIX Short-Term Futures ETF,UVXY,46706250,41242875,13.24683,5463375,0.01,650242668.8002491
11/12/2015,ProShares Ultra VIX Short-Term Futures ETF,UVXY,41242875,35350500,16.66843,5892375,0.01,603876636.016219962
11/11/2015,ProShares Ultra VIX Short-Term Futures ETF,UVXY,35350500,33457500,5.65792,1893000,0.02,535982961.248188536
11/10/2015,ProShares Ultra VIX Short-Term Futures ETF,UVXY,33457500,36066875,-7.23482,-2609375,0.02,507281365.92017844
11/09/2015,ProShares Ultra VIX Short-Term Futures ETF,UVXY,36066875,31678000,13.85465,4388875,0.02,546844612.25352569
11/06/2015,ProShares Ultra VIX Short-Term Futures ETF,UVXY,31678000,33087250,-4.25919,-1409250,0.02,482834893.354835616
11/05/2015,ProShares Ultra VIX Short-Term Futures ETF,UVXY,33087250,35789625,-7.55072,-2702375,0.02,504314629.242843132
11/04/2015,ProShares Ultra VIX Short-Term Futures ETF,UVXY,35789625,33560750,6.64131,2228875,0.02,545504128.104190878
11/03/2015,ProShares Ultra VIX Short-Term Futures ETF,UVXY,33560750,32474625,3.34453,1086125,0.02,511531698.565512324
11/02/2015,ProShares Ultra VIX Short-Term Futures ETF,UVXY,32474625,35557250,-8.66947,-3082625,0.01,466399351.864173198
10/30/2015,ProShares Ultra VIX Short-Term Futures ETF,UVXY,35557250,33851875,5.03776,1705375,0.01,485070677.029522972
10/29/2015,ProShares Ultra VIX Short-Term Futures ETF,UVXY,33851875,33102250,2.26457,749625,0.01,457743789.94684721
10/28/2015,ProShares Ultra VIX Short-Term Futures ETF,UVXY,33102250,35055500,-5.57188,-1953250,0.01,447607388.682843212
10/27/2015,ProShares Ultra VIX Short-Term Futures ETF,UVXY,35055500,36925000,-5.06297,-1869500,0.01,462801402.261520296
10/26/2015,ProShares Ultra VIX Short-Term Futures ETF,UVXY,36925000,35562500,3.83128,1362500,0.01,487482471.4668636
10/23/2015,ProShares Ultra VIX Short-Term Futures ETF,UVXY,35562500,33262000,6.91630,2300500,0.01,472339797.333523
10/22/2015,ProShares Ultra VIX Short-Term Futures ETF,UVXY,33262000,43709250,-23.90169,-10447250,0.01,436462722.218844064
10/21/2015,ProShares Ultra VIX Short-Term Futures ETF,UVXY,43709250,38310625,14.09172,5398625,0.01,528093526.688233116
10/20/2015,ProShares Ultra VIX Short-Term Futures ETF,UVXY,38310625,33796375,13.35720,4514250,0.01,462867540.98687099
10/19/2015,ProShares Ultra VIX Short-Term Futures ETF,UVXY,33796375,38840000,-12.98565,-5043625,0.01,408326541.018846914
10/16/2015,ProShares Ultra VIX Short-Term Futures ETF,UVXY,38840000,39513125,-1.70355,-673125,0.01,405565829.97354048
10/15/2015,ProShares Ultra VIX Short-Term Futures ETF,UVXY,39513125,47595250,-16.98095,-8082125,0.01,362017776.09354407
10/14/2015,ProShares Ultra VIX Short-Term Futures ETF,UVXY,47595250,47346125,0.52618,249125,0.01,415123993.610920508
10/13/2015,ProShares Ultra VIX Short-Term Futures ETF,UVXY,47346125,40223625,17.70726,7122500,0.01,412951134.661585846
10/12/2015,ProShares Ultra VIX Short-Term Futures ETF,UVXY,40223625,46716625,-13.89869,-6493000,0.01,329912670.568214526
10/09/2015,ProShares Ultra VIX Short-Term Futures ETF,UVXY,46716625,47660500,-1.98041,-943875,0.01,336451389.162915822
10/08/2015,ProShares Ultra VIX Short-Term Futures ETF,UVXY,47660500,51943125,-8.24484,-4282625,0.01,326091361.674920856
10/07/2015,ProShares Ultra VIX Short-Term Futures ETF,UVXY,51943125,56389375,-7.88491,-4446250,0.01,326304772.04027703
10/06/2015,ProShares Ultra VIX Short-Term Futures ETF,UVXY,56389375,53921250,4.57728,2468125,0.01,354235948.54696741
10/05/2015,ProShares Ultra VIX Short-Term Futures ETF,UVXY,53921250,60291000,-10.56501,-6369750,0.01,317162779.44028758
10/02/2015,ProShares Ultra VIX Short-Term Futures ETF,UVXY,60291000,66743750,-9.66795,-6452750,0.01,311219891.136321552
10/01/2015,ProShares Ultra VIX Short-Term Futures ETF,UVXY,66743750,71523875,-6.68326,-4780125,0,325840495.7336893
09/30/2015,ProShares Ultra VIX Short-Term Futures ETF,UVXY,71523875,76290250,-6.24769,-4766375,0,334872112.525714794
09/29/2015,ProShares Ultra VIX Short-Term Futures ETF,UVXY,76290250,77252000,-1.24495,-961750,0,320568782.331073548
09/28/2015,ProShares Ultra VIX Short-Term Futures ETF,UVXY,77252000,67883375,13.80106,9368625,0,324610019.925745344
09/25/2015,ProShares Ultra VIX Short-Term Futures ETF,UVXY,67883375,65101875,4.27253,2781500,0,309681422.437695378
09/24/2015,ProShares Ultra VIX Short-Term Futures ETF,UVXY,65101875,61094250,6.55974,4007625,0,286576023.28034721
09/23/2015,ProShares Ultra VIX Short-Term Futures ETF,UVXY,61094250,64744250,-5.63757,-3650000,0.01,339803937.648325836
09/22/2015,ProShares Ultra VIX Short-Term Futures ETF,UVXY,64744250,53943750,20.02178,10800500,0.01,360105101.381678636
09/21/2015,ProShares Ultra VIX Short-Term Futures ETF,UVXY,53943750,64550625,-16.43187,-10606875,0.01,351819123.6002877
09/18/2015,ProShares Ultra VIX Short-Term Futures ETF,UVXY,64550625,58354000,10.61902,6196625,0.01,400340566.36034427
09/17/2015,ProShares Ultra VIX Short-Term Futures ETF,UVXY,58354000,50743250,14.99855,7610750,0.01,401590049.450977888
09/16/2015,ProShares Ultra VIX Short-Term Futures ETF,UVXY,50743250,59144750,-14.20498,-8401500,0.01,326886122.085603964
09/15/2015,ProShares Ultra VIX Short-Term Futures ETF,UVXY,59144750,74669000,-20.79076,-15524250,0.01,350253001.429648772
09/14/2015,ProShares Ultra VIX Short-Term Futures ETF,UVXY,74669000,75020625,-0.46870,-351625,0.01,382451830.357731568
09/11/2015,ProShares Ultra VIX Short-Term Futures ETF,UVXY,75020625,78493875,-4.42487,-3473250,0,354244590.48040011
09/10/2015,ProShares Ultra VIX Short-Term Futures ETF,UVXY,78493875,84761625,-7.39456,-6267750,0,370645147.312418634
09/09/2015,ProShares Ultra VIX Short-Term Futures ETF,UVXY,84761625,79467250,6.66234,5294375,0,396850763.816452062
09/08/2015,ProShares Ultra VIX Short-Term Futures ETF,UVXY,79467250,98696375,-19.48311,-19229125,0,362526627.723090492
09/04/2015,ProShares Ultra VIX Short-Term Futures ETF,UVXY,98696375,84344250,17.01613,14352125,0,379187788.085859714
09/03/2015,ProShares Ultra VIX Short-Term Futures ETF,UVXY,84344250,85359125,-1.18895,-1014875,0,374654009.648449836
09/02/2015,ProShares Ultra VIX Short-Term Futures ETF,UVXY,85359125,107026125,-20.24459,-21667000,0,379162046.509788582
09/01/2015,ProShares Ultra VIX Short-Term Futures ETF,UVXY,107026125,87028500,22.97825,19997625,0,342693656.608570806
08/31/2015,ProShares Ultra VIX Short-Term Futures ETF,UVXY,87028500,75320875,15.54367,11707625,0,362209367.936464152
08/28/2015,ProShares Ultra VIX Short-Term Futures ETF,UVXY,75320875,73595125,2.34492,1725750,0,313482669.771068378
08/27/2015,ProShares Ultra VIX Short-Term Futures ETF,UVXY,73595125,71516375,2.90668,2078750,0.01,371063872.699059174
08/26/2015,ProShares Ultra VIX Short-Term Futures ETF,UVXY,71516375,81166125,-11.88889,-9649750,0.01,357722237.805714754
08/25/2015,ProShares Ultra VIX Short-Term Futures ETF,UVXY,81166125,80020750,1.43135,1145375,0.01,441703022.048432886
08/24/2015,ProShares Ultra VIX Short-Term Futures ETF,UVXY,80020750,53060250,50.81111,26960500,0.01,512289854.059093444
08/21/2015,ProShares Ultra VIX Short-Term Futures ETF,UVXY,53060250,41398000,28.17105,11662250,0.01,339689739.584282988
08/20/2015,ProShares Ultra VIX Short-Term Futures ETF,UVXY,41398000,34527500,19.89863,6870500,0.01,304770530.474887456
08/19/2015,ProShares Ultra VIX Short-Term Futures ETF,UVXY,34527500,32193500,7.24991,2334000,0.01,280431065.97351748
08/18/2015,ProShares Ultra VIX Short-Term Futures ETF,UVXY,32193500,31500000,2.20159,693500,0.01,224129945.109505032
08/17/2015,ProShares Ultra VIX Short-Term Futures ETF,UVXY,31500000,32078500,-1.80339,-578500,0.01,234421824.000168
08/14/2015,ProShares Ultra VIX Short-Term Futures ETF,UVXY,32078500,31834750,0.76567,243750,0.01,238726999.402837752
08/13/2015,ProShares Ultra VIX Short-Term Futures ETF,UVXY,31834750,32662000,-2.53276,-827250,0.01,236913021.002836452
08/12/2015,ProShares Ultra VIX Short-Term Futures ETF,UVXY,32662000,33490750,-2.47456,-828750,0.01,227391624.618840864
08/11/2015,ProShares Ultra VIX Short-Term Futures ETF,UVXY,33490750,30577875,9.52609,2912875,0.01,285406921.178845284
08/10/2015,ProShares Ultra VIX Short-Term Futures ETF,UVXY,30577875,32650000,-6.34648,-2072125,0.01,302169419.176163082
08/07/2015,ProShares Ultra VIX Short-Term Futures ETF,UVXY,32650000,33541750,-2.65863,-891750,0.01,306974081.0668408
08/06/2015,ProShares Ultra VIX Short-Term Futures ETF,UVXY,33541750,31861750,5.27278,1680000,0.01,315358281.274845556
08/05/2015,ProShares Ultra VIX Short-Term Futures ETF,UVXY,31861750,32415125,-1.70715,-553375,0.01,299562983.994836596
08/04/2015,ProShares Ultra VIX Short-Term Futures ETF,UVXY,32415125,31617375,2.52314,797750,0.01,307359005.085506214
08/03/2015,ProShares Ultra VIX Short-Term Futures ETF,UVXY,31617375,32241625,-1.93616,-624250,0.01,299794769.368168626
07/31/2015,ProShares Ultra VIX Short-Term Futures ETF,UVXY,32241625,32095750,0.45450,145875,0.01,305713884.562838622
07/30/2015,ProShares Ultra VIX Short-Term Futures ETF,UVXY,32095750,32639875,-1.66706,-544125,0.01,306898363.258837844
07/29/2015,ProShares Ultra VIX Short-Term Futures ETF,UVXY,32639875,33795000,-3.41804,-1155125,0.01,300350911.194840746
07/28/2015,ProShares Ultra VIX Short-Term Futures ETF,UVXY,33795000,40350125,-16.24561,-6555125,0.01,310980328.32018024
07/27/2015,ProShares Ultra VIX Short-Term Futures ETF,UVXY,40350125,36377750,10.91979,3972375,0.01,340634248.845548534
07/24/2015,ProShares Ultra VIX Short-Term Futures ETF,UVXY,36377750,33578250,8.33724,2799500,0.01,342022247.397527348
07/23/2015,ProShares Ultra VIX Short-Term Futures ETF,UVXY,33578250,33112625,1.40619,465625,0.01,339877792.912179084
07/22/2015,ProShares Ultra VIX Short-Term Futures ETF,UVXY,33112625,33358125,-0.73595,-245500,0.01,345760794.045509934
07/21/2015,ProShares Ultra VIX Short-Term Futures ETF,UVXY,33358125,33387125,-0.08686,-29000,0.01,326975095.88017791
07/20/2015,ProShares Ultra VIX Short-Term Futures ETF,UVXY,33387125,34434250,-3.04094,-1047125,0.01,383349722.797511398
07/17/2015,ProShares Ultra VIX Short-Term Futures ETF,UVXY,34434250,34640125,-0.59433,-205875,0.01,395372772.954850316
07/16/2015,ProShares Ultra VIX Short-Term Futures ETF,UVXY,34640125,39350250,-11.96975,-4710125,0.01,397736622.018851414
07/15/2015,ProShares Ultra VIX Short-Term Futures ETF,UVXY,39350250,40402625,-2.60472,-1052375,0.01,351081461.424209868
07/14/2015,ProShares Ultra VIX Short-Term Futures ETF,UVXY,40402625,40933625,-1.29722,-531000,0.01,344309661.885548814
07/13/2015,ProShares Ultra VIX Short-Term Futures ETF,UVXY,40933625,51890375,-21.11519,-10956750,0.01,316087924.061551646
07/10/2015,ProShares Ultra VIX Short-Term Futures ETF,UVXY,51890375,63263125,-17.97690,-11372750,0.01,301066018.509610082
07/09/2015,ProShares Ultra VIX Short-Term Futures ETF,UVXY,63263125,60216250,5.05989,3046875,0.01,341745039.42700407
07/08/2015,ProShares Ultra VIX Short-Term Futures ETF,UVXY,60216250,49690500,21.18262,10525750,0.01,354189734.42698782
07/07/2015,ProShares Ultra VIX Short-Term Futures ETF,UVXY,49690500,54696500,-9.15232,-5006000,0.01,326067205.888265016
07/06/2015,ProShares Ultra VIX Short-Term Futures ETF,UVXY,54696500,52682250,3.82339,2014250,0.01,358916390.997625048
07/02/2015,ProShares Ultra VIX Short-Term Futures ETF,UVXY,52682250,47196375,11.62351,5485875,0.01,345698957.696280972
07/01/2015,ProShares Ultra VIX Short-Term Futures ETF,UVXY,47196375,55635125,-15.16803,-8438750,0.01,373887920.752251714
06/30/2015,ProShares Ultra VIX Short-Term Futures ETF,UVXY,55635125,55951375,-0.56522,-316250,0.01,431837763.205630054
06/29/2015,ProShares Ultra VIX Short-Term Futures ETF,UVXY,55951375,41650375,34.33583,14301000,0.01,499196078.898965074
06/26/2015,ProShares Ultra VIX Short-Term Futures ETF,UVXY,41650375,42297375,-1.52965,-647000,0.01,466565945.802888802
06/25/2015,ProShares Ultra VIX Short-Term Futures ETF,UVXY,42297375,42084750,0.50523,212625,0.01,487348775.648225586
06/24/2015,ProShares Ultra VIX Short-Term Futures ETF,UVXY,42084750,39500875,6.54131,2583875,0.01,510149768.336224452
06/23/2015,ProShares Ultra VIX Short-Term Futures ETF,UVXY,39500875,41924625,-5.78121,-2423750,0.01,478828132.050877338
06/22/2015,ProShares Ultra VIX Short-Term Futures ETF,UVXY,41924625,47296000,-11.35693,-5371375,0.01,457899189.064223598
06/19/2015,ProShares Ultra VIX Short-Term Futures ETF,UVXY,47296000,44654125,5.91631,2641875,0.01,440891546.282918912
06/18/2015,ProShares Ultra VIX Short-Term Futures ETF,UVXY,44654125,48643500,-8.20125,-3989375,0.01,376968456.162904822
06/17/2015,ProShares Ultra VIX Short-Term Futures ETF,UVXY,48643500,48809375,-0.33984,-165875,0.01,342545710.976259432
06/16/2015,ProShares Ultra VIX Short-Term Futures ETF,UVXY,48809375,51271000,-4.80120,-2461625,0.01,320285296.53359365
06/15/2015,ProShares Ultra VIX Short-Term Futures ETF,UVXY,51271000,46879875,9.36676,4391125,0.01,385658547.882940112
06/12/2015,ProShares Ultra VIX Short-Term Futures ETF,UVXY,46879875,44962875,4.26352,1917000,0.01,397633349.568250026
06/11/2015,ProShares Ultra VIX Short-Term Futures ETF,UVXY,44962875,46888625,-4.10707,-1925750,0.01,381373427.136239802
06/10/2015,ProShares Ultra VIX Short-Term Futures ETF,UVXY,46888625,51543125,-9.03030,-4654500,0.01,397707566.741583406
06/09/2015,ProShares Ultra VIX Short-Term Futures ETF,UVXY,51543125,53421625,-3.51637,-1878500,0.01,408322711.97360823
06/08/2015,ProShares Ultra VIX Short-Term Futures ETF,UVXY,53421625,50968625,4.81276,2453000,0.01,416793523.842951582
06/05/2015,ProShares Ultra VIX Short-Term Futures ETF,UVXY,50968625,52059375,-2.09520,-1090750,0.01,420081504.421605166
06/04/2015,ProShares Ultra VIX Short-Term Futures ETF,UVXY,52059375,48853750,6.56168,3205625,0.01,429071425.20027765
06/03/2015,ProShares Ultra VIX Short-Term Futures ETF,UVXY,48853750,51731875,-5.56354,-2878125,0.01,420238133.62692722
06/02/2015,ProShares Ultra VIX Short-Term Futures ETF,UVXY,51731875,49885375,3.70149,1846500,0.01,451203482.42694257
06/01/2015,ProShares Ultra VIX Short-Term Futures ETF,UVXY,49885375,50220125,-0.66657,-334750,0.01,479060244.210532722
05/29/2015,ProShares Ultra VIX Short-Term Futures ETF,UVXY,50220125,49331500,1.80133,888625,0.01,478257312.194801174
05/28/2015,ProShares Ultra VIX Short-Term Futures ETF,UVXY,49331500,49492875,-0.32606,-161375,0.01,459928440.585329768
05/27/2015,ProShares Ultra VIX Short-Term Futures ETF,UVXY,49492875,52101375,-5.00659,-2608500,0.01,465392405.255863962
05/26/2015,ProShares Ultra VIX Short-Term Futures ETF,UVXY,52101375,49019125,6.28785,3082250,0.01,496172870.321477874
05/22/2015,ProShares Ultra VIX Short-Term Futures ETF,UVXY,49019125,48280250,1.53039,738875,0.01,482506044.654528102
05/21/2015,ProShares Ultra VIX Short-Term Futures ETF,UVXY,48280250,52080125,-7.29621,-3799875,0.01,475233135.279990828
05/20/2015,ProShares Ultra VIX Short-Term Futures ETF,UVXY,52080125,52081875,-0.00336,-1750,0.01,512636141.890811094
05/19/2015,ProShares Ultra VIX Short-Term Futures ETF,UVXY,52081875,52805625,-1.37059,-723750,0.01,500153717.52627777
05/18/2015,ProShares Ultra VIX Short-Term Futures ETF,UVXY,52805625,56780625,-7.00063,-3975000,0.01,524001848.19428163
05/15/2015,ProShares Ultra VIX Short-Term Futures ETF,UVXY,56780625,57480625,-1.21780,-700000,0.01,563446648.75430283
05/14/2015,ProShares Ultra VIX Short-Term Futures ETF,UVXY,57480625,60150000,-4.43786,-2669375,0.01,556597552.94097323
05/13/2015,ProShares Ultra VIX Short-Term Futures ETF,UVXY,60150000,61870625,-2.78100,-1720625,0.01,553573699.0403208
05/12/2015,ProShares Ultra VIX Short-Term Futures ETF,UVXY,61870625,63960000,-3.26669,-2089375,0.01,569408989.91166331
05/11/2015,ProShares Ultra VIX Short-Term Futures ETF,UVXY,63960000,60379375,5.93021,3580625,0.01,598871568.25634112
05/08/2015,ProShares Ultra VIX Short-Term Futures ETF,UVXY,60379375,66052500,-8.58881,-5673125,0.01,562447177.68898869
05/07/2015,ProShares Ultra VIX Short-Term Futures ETF,UVXY,66052500,67865625,-2.67164,-1813125,0.01,547655826.66435228
05/06/2015,ProShares Ultra VIX Short-Term Futures ETF,UVXY,67865625,65645625,3.38179,2220000,0.01,564317620.41036195
05/05/2015,ProShares Ultra VIX Short-Term Futures ETF,UVXY,65645625,60596875,8.33170,5048750,0.01,579468391.41835011
05/04/2015,ProShares Ultra VIX Short-Term Futures ETF,UVXY,60596875,60598750,-0.00309,-1875,0.01,534901963.09698985
05/01/2015,ProShares Ultra VIX Short-Term Futures ETF,UVXY,60598750,67848125,-10.68471,-7249375,0.01,525222714.13498986
04/30/2015,ProShares Ultra VIX Short-Term Futures ETF,UVXY,67848125,65200000,4.06154,2648125,0.01,588054644.05569519
04/29/2015,ProShares Ultra VIX Short-Term Futures ETF,UVXY,65200000,60688750,7.43342,4511250,0.01,578142761.3870144
04/28/2015,ProShares Ultra VIX Short-Term Futures ETF,UVXY,60688750,65705000,-7.63450,-5016250,0.01,538140513.95899034
04/27/2015,ProShares Ultra VIX Short-Term Futures ETF,UVXY,65705000,62124375,5.76364,3580625,0.01,577364307.62168376
04/24/2015,ProShares Ultra VIX Short-Term Futures ETF,UVXY,62124375,62718125,-0.94670,-593750,0.01,545900567.05433133
04/23/2015,ProShares Ultra VIX Short-Term Futures ETF,UVXY,62718125,64299375,-2.45920,-1581250,0.01,541083079.08766783
04/22/2015,ProShares Ultra VIX Short-Term Futures ETF,UVXY,64299375,66012500,-2.59515,-1713125,0.01,543408181.13434293
04/21/2015,ProShares Ultra VIX Short-Term Futures ETF,UVXY,66012500,66443125,-0.64811,-430625,0.01,549436577.8536854
04/20/2015,ProShares Ultra VIX Short-Term Futures ETF,UVXY,66443125,70700625,-6.02187,-4257500,0.01,553020764.58102103
04/17/2015,ProShares Ultra VIX Short-Term Futures ETF,UVXY,70700625,66033125,7.06842,4667500,0.01,574316749.86637707
04/16/2015,ProShares Ultra VIX Short-Term Futures ETF,UVXY,66033125,67760000,-2.54852,-1726875,0.01,543797329.27168551
04/15/2015,ProShares Ultra VIX Short-Term Futures ETF,UVXY,67760000,70468750,-3.84390,-2708750,0.01,552597725.26969472
04/14/2015,ProShares Ultra VIX Short-Term Futures ETF,UVXY,70468750,74823750,-5.82034,-4355000,0.01,563413178.1670425
04/13/2015,ProShares Ultra VIX Short-Term Futures ETF,UVXY,74823750,68712500,8.89394,6111250,0.01,617985832.42839906
04/10/2015,ProShares Ultra VIX Short-Term Futures ETF,UVXY,68712500,75736250,-9.27396,-7023750,0.01,556517672.5736998
04/09/2015,ProShares Ultra VIX Short-Term Futures ETF,UVXY,75736250,81663750,-7.25842,-5927500,0.01,613404570.92173726
04/08/2015,ProShares Ultra VIX Short-Term Futures ETF,UVXY,81663750,85539375,-4.53081,-3875625,0.01,640506779.05243554
04/07/2015,ProShares Ultra VIX Short-Term Futures ETF,UVXY,85539375,85893750,-0.41257,-354375,0.01,629845259.59845621
04/06/2015,ProShares Ultra VIX Short-Term Futures ETF,UVXY,85893750,89636250,-4.17521,-3742500,0.01,620773050.7804581
04/02/2015,ProShares Ultra VIX Short-Term Futures ETF,UVXY,89636250,92738750,-3.34542,-3102500,0.01,639932932.62847806
04/01/2015,ProShares Ultra VIX Short-Term Futures ETF,UVXY,92738750,94931875,-2.31021,-2193125,0.01,662082363.50582794
03/31/2015,ProShares Ultra VIX Short-Term Futures ETF,UVXY,94931875,89757500,5.76484,5174375,0.01,693688120.95317297
03/30/2015,ProShares Ultra VIX Short-Term Futures ETF,UVXY,89757500,94325625,-4.84293,-4568125,0.01,655877823.08581204
03/27/2015,ProShares Ultra VIX Short-Term Futures ETF,UVXY,94325625,96536875,-2.29058,-2211250,0.01,680957463.66650307
03/26/2015,ProShares Ultra VIX Short-Term Futures ETF,UVXY,96536875,98236875,-1.73051,-1700000,0.01,696920964.48118153
03/25/2015,ProShares Ultra VIX Short-Term Futures ETF,UVXY,98236875,91011875,7.93852,7225000,0.01,731198698.93452393
03/24/2015,ProShares Ultra VIX Short-Term Futures ETF,UVXY,91011875,92920625,-2.05417,-1908750,0.01,696351902.50781873
03/23/2015,ProShares Ultra VIX Short-Term Futures ETF,UVXY,92920625,93886250,-1.02851,-965625,0.01,696832234.19182891
03/20/2015,ProShares Ultra VIX Short-Term Futures ETF,UVXY,93886250,97630000,-3.83463,-3743750,0.01,675532248.76183406
03/19/2015,ProShares Ultra VIX Short-Term Futures ETF,UVXY,97630000,97512500,0.12050,117500,0.01,644672394.63518736
03/18/2015,ProShares Ultra VIX Short-Term Futures ETF,UVXY,97512500,108096250,-9.79104,-10583750,0.01,628294516.2538534
03/17/2015,ProShares Ultra VIX Short-Term Futures ETF,UVXY,108096250,109613125,-1.38384,-1516875,0.01,696487948.75124318
03/16/2015,ProShares Ultra VIX Short-Term Futures ETF,UVXY,109613125,114663750,-4.40473,-5050625,0.01,708015318.49325127
03/13/2015,ProShares Ultra VIX Short-Term Futures ETF,UVXY,114663750,108783125,5.40582,5880625,0.01,732382627.85261154
03/12/2015,ProShares Ultra VIX Short-Term Futures ETF,UVXY,108783125,124463750,-12.59855,-15680625,0.01,697432575.67191351
03/11/2015,ProShares Ultra VIX Short-Term Futures ETF,UVXY,124463750,121933125,2.07542,2530625,0.01,788007416.46599714
03/10/2015,ProShares Ultra VIX Short-Term Futures ETF,UVXY,121933125,110430000,10.41667,11503125,0.01,800273957.17865031
03/09/2015,ProShares Ultra VIX Short-Term Futures ETF,UVXY,110430000,114009375,-3.13954,-3579375,0.01,742445214.04858896
03/06/2015,ProShares Ultra VIX Short-Term Futures ETF,UVXY,114009375,104087500,9.53224,9921875,0.01,756477315.59060805
03/05/2015,ProShares Ultra VIX Short-Term Futures ETF,UVXY,104087500,108228125,-3.82583,-4140625,0.01,690643489.5072218
03/04/2015,ProShares Ultra VIX Short-Term Futures ETF,UVXY,108228125,108561875,-0.30743,-333750,0.01,672228723.42391055
03/03/2015,ProShares Ultra VIX Short-Term Futures ETF,UVXY,108561875,103366250,5.02642,5195625,0.01,658668808.18791233
03/02/2015,ProShares Ultra VIX Short-Term Futures ETF,UVXY,103366250,109523750,-5.62207,-6157500,0.01,630453526.88988462
02/27/2015,ProShares Ultra VIX Short-Term Futures ETF,UVXY,109523750,111765625,-2.00587,-2241875,0.01,638219015.68191746
02/26/2015,ProShares Ultra VIX Short-Term Futures ETF,UVXY,111765625,116480000,-4.04737,-4714375,0.01,649494665.11726275
02/25/2015,ProShares Ultra VIX Short-Term Futures ETF,UVXY,116480000,112201250,3.81346,4278750,0.01,647072056.66195456
02/24/2015,ProShares Ultra VIX Short-Term Futures ETF,UVXY,112201250,124507500,-9.88394,-12306250,0.01,573934107.94593174
02/23/2015,ProShares Ultra VIX Short-Term Futures ETF,UVXY,124507500,123029375,1.20144,1478125,0,529308807.35266404
02/20/2015,ProShares Ultra VIX Short-Term Futures ETF,UVXY,123029375,133548125,-7.87637,-10518750,0,487592512.39598949
02/19/2015,ProShares Ultra VIX Short-Term Futures ETF,UVXY,133548125,137263125,-2.70648,-3715000,0,511118090.57604559
02/18/2015,ProShares Ultra VIX Short-Term Futures ETF,UVXY,137263125,143158125,-4.11782,-5895000,0,498981693.86673207
02/17/2015,ProShares Ultra VIX Short-Term Futures ETF,UVXY,143158125,141944375,0.85509,1213750,0,508958667.33876351
02/13/2015,ProShares Ultra VIX Short-Term Futures ETF,UVXY,141944375,143650625,-1.18778,-1706250,0,484203528.74009037
02/12/2015,ProShares Ultra VIX Short-Term Futures ETF,UVXY,143650625,159858125,-10.13868,-16207500,0,430265263.32009947
02/11/2015,ProShares Ultra VIX Short-Term Futures ETF,UVXY,159858125,161408750,-0.96068,-1550625,0,382895420.79218591
02/10/2015,ProShares Ultra VIX Short-Term Futures ETF,UVXY,161408750,176494375,-8.54737,-15085625,0,395648399.21819418
02/09/2015,ProShares Ultra VIX Short-Term Futures ETF,UVXY,176494375,169573125,4.08157,6921250,0,419918993.95360797
02/06/2015,ProShares Ultra VIX Short-Term Futures ETF,UVXY,169573125,161322500,5.11437,8250625,0,426513760.68290439
02/05/2015,ProShares Ultra VIX Short-Term Futures ETF,UVXY,161322500,177392500,-9.05901,-16070000,0,385112341.47019372
02/04/2015,ProShares Ultra VIX Short-Term Futures ETF,UVXY,177392500,163278125,8.64438,14114375,0,383739051.15561276
02/03/2015,ProShares Ultra VIX Short-Term Futures ETF,UVXY,163278125,178412500,-8.48280,-15134375,0,303569999.10420415
02/02/2015,ProShares Ultra VIX Short-Term Futures ETF,UVXY,178412500,194843125,-8.43275,-16430625,0,310298635.8276182
01/30/2015,ProShares Ultra VIX Short-Term Futures ETF,UVXY,194843125,164715625,18.29061,30127500,0,357580051.82170583
01/29/2015,ProShares Ultra VIX Short-Term Futures ETF,UVXY,164715625,189964375,-13.29131,-25248750,0,333914853.23754515
01/28/2015,ProShares Ultra VIX Short-Term Futures ETF,UVXY,189964375,149178125,27.34064,40786250,0,471723385.94567981
01/27/2015,ProShares Ultra VIX Short-Term Futures ETF,UVXY,149178125,139395625,7.01780,9782500,0,375215843.34412895
01/26/2015,ProShares Ultra VIX Short-Term Futures ETF,UVXY,139395625,158496875,-12.05150,-19101250,0,350610701.08541011
01/23/2015,ProShares Ultra VIX Short-Term Futures ETF,UVXY,158496875,150281875,5.46639,8215000,0,373295052.20417865
01/22/2015,ProShares Ultra VIX Short-Term Futures ETF,UVXY,150281875,167985625,-10.53885,-17703750,0,327497307.71346817
01/21/2015,ProShares Ultra VIX Short-Term Futures ETF,UVXY,167985625,191829375,-12.42967,-23843750,0,293507888.50956259
01/20/2015,ProShares Ultra VIX Short-Term Futures ETF,UVXY,191829375,192243750,-0.21555,-414375,0,335168171.74302309
01/16/2015,ProShares Ultra VIX Short-Term Futures ETF,UVXY,192243750,205346250,-6.38069,-13102500,0,338968076.1410253
01/15/2015,ProShares Ultra VIX Short-Term Futures ETF,UVXY,205346250,188353125,9.02195,16993125,0,365356209.68509518
01/14/2015,ProShares Ultra VIX Short-Term Futures ETF,UVXY,188353125,184718125,1.96786,3635000,0,341148997.29100455
01/13/2015,ProShares Ultra VIX Short-Term Futures ETF,UVXY,184718125,177308125,4.17917,7410000,0,355253641.62165183
01/12/2015,ProShares Ultra VIX Short-Term Futures ETF,UVXY,177308125,163863750,8.20461,13444375,0,341002579.44561231
01/09/2015,ProShares Ultra VIX Short-Term Futures ETF,UVXY,163863750,148545625,10.31207,15318125,0,325633364.97287394
01/08/2015,ProShares Ultra VIX Short-Term Futures ETF,UVXY,148545625,166938750,-11.01789,-18393125,0,295192876.52545891
01/07/2015,ProShares Ultra VIX Short-Term Futures ETF,UVXY,166938750,185378125,-9.94690,-18439375,0,307704887.29289034
01/06/2015,ProShares Ultra VIX Short-Term Futures ETF,UVXY,185378125,174471875,6.25101,10906250,0,341692716.99765535
01/05/2015,ProShares Ultra VIX Short-Term Futures ETF,UVXY,174471875,154936250,12.60881,19535625,0,350901370.96426385
01/02/2015,ProShares Ultra VIX Short-Term Futures ETF,UVXY,154936250,156833750,-1.20988,-1897500,0,326484806.04215966
12/31/2014,ProShares Ultra VIX Short-Term Futures ETF,UVXY,156833750,133765625,17.24518,23068125,0,351812646.49816978
12/30/2014,ProShares Ultra VIX Short-Term Futures ETF,UVXY,133765625,128542500,4.06334,5223125,0,294715135.98404675
12/29/2014,ProShares Ultra VIX Short-Term Futures ETF,UVXY,128542500,124917500,2.90192,3625000,0,274980721.12868556
12/26/2014,ProShares Ultra VIX Short-Term Futures ETF,UVXY,124917500,131299375,-4.86055,-6381875,0,267226047.66199956
12/24/2014,ProShares Ultra VIX Short-Term Futures ETF,UVXY,131299375,126931250,3.44133,4368125,0,275626309.00136693
12/23/2014,ProShares Ultra VIX Short-Term Futures ETF,UVXY,126931250,134503125,-5.62952,-7571875,0,254271252.4740103
12/22/2014,ProShares Ultra VIX Short-Term Futures ETF,UVXY,134503125,136674375,-1.58863,-2171250,0,257603110.93071735
12/19/2014,ProShares Ultra VIX Short-Term Futures ETF,UVXY,136674375,147496250,-7.33705,-10821875,0,257387952.93472893
12/18/2014,ProShares Ultra VIX Short-Term Futures ETF,UVXY,147496250,155565000,-5.18674,-8068750,0,277767927.25811998
12/17/2014,ProShares Ultra VIX Short-Term Futures ETF,UVXY,155565000,205723125,-24.38137,-50158125,0,268072760.78482968
12/16/2014,ProShares Ultra VIX Short-Term Futures ETF,UVXY,205723125,177983125,15.58575,27740000,0,400588238.32309719
12/15/2014,ProShares Ultra VIX Short-Term Futures ETF,UVXY,177983125,184884375,-3.73274,-6901250,0,430580383.12561591
12/12/2014,ProShares Ultra VIX Short-Term Futures ETF,UVXY,184884375,183383750,0.81830,1500625,0,500522726.99098605
12/11/2014,ProShares Ultra VIX Short-Term Futures ETF,UVXY,183383750,157310625,16.57429,26073125,0,578616124.57831138
12/10/2014,ProShares Ultra VIX Short-Term Futures ETF,UVXY,157310625,127654375,23.23168,29656250,0,524036342.16283899
12/09/2014,ProShares Ultra VIX Short-Term Futures ETF,UVXY,127654375,126620625,0.81642,1033750,0,469157946.12934749
12/08/2014,ProShares Ultra VIX Short-Term Futures ETF,UVXY,126620625,112708750,12.34321,13911875,0,479540197.17867531
12/05/2014,ProShares Ultra VIX Short-Term Futures ETF,UVXY,112708750,115940625,-2.78753,-3231875,0,421442842.23126778
12/04/2014,ProShares Ultra VIX Short-Term Futures ETF,UVXY,115940625,119904375,-3.30576,-3963750,0,423324759.73061835
12/03/2014,ProShares Ultra VIX Short-Term Futures ETF,UVXY,119904375,119198750,0.59197,705625,0,437797284.06263949
12/02/2014,ProShares Ultra VIX Short-Term Futures ETF,UVXY,119198750,141089375,-15.51543,-21890625,0,423777811.76196906
12/01/2014,ProShares Ultra VIX Short-Term Futures ETF,UVXY,141089375,128747500,9.58611,12341875,0,493702800.41208581
11/28/2014,ProShares Ultra VIX Short-Term Futures ETF,UVXY,128747500,119933125,7.34941,8814375,0,456695741.28335332
11/26/2014,ProShares Ultra VIX Short-Term Futures ETF,UVXY,119933125,123672500,-3.02361,-3739375,0,425429211.64530631
11/25/2014,ProShares Ultra VIX Short-Term Futures ETF,UVXY,123672500,125205000,-1.22399,-1532500,0,424842278.42999292
11/24/2014,ProShares Ultra VIX Short-Term Futures ETF,UVXY,125205000,131650625,-4.89601,-6445625,0,412077233.48866776
11/21/2014,ProShares Ultra VIX Short-Term Futures ETF,UVXY,131650625,134869375,-2.38657,-3218750,0,420652745.12003547
11/20/2014,ProShares Ultra VIX Short-Term Futures ETF,UVXY,134869375,141103125,-4.41787,-6233750,0,425542585.35338597
11/19/2014,ProShares Ultra VIX Short-Term Futures ETF,UVXY,141103125,137496250,2.62325,3606875,0,450855564.69075255
11/18/2014,ProShares Ultra VIX Short-Term Futures ETF,UVXY,137496250,138682500,-0.85537,-1186250,0,452530444.59139998
11/17/2014,ProShares Ultra VIX Short-Term Futures ETF,UVXY,138682500,137892500,0.57291,790000,0,416494094.63273964
11/14/2014,ProShares Ultra VIX Short-Term Futures ETF,UVXY,137892500,142798750,-3.43578,-4906250,0,405296430.62206876
11/13/2014,ProShares Ultra VIX Short-Term Futures ETF,UVXY,142798750,136626875,4.51732,6171875,0,403723520.05542826
11/12/2014,ProShares Ultra VIX Short-Term Futures ETF,UVXY,136626875,130587500,4.62477,6039375,0,386274269.97206201
11/11/2014,ProShares Ultra VIX Short-Term Futures ETF,UVXY,130587500,131308750,-0.54928,-721250,0,369199626.5740298
11/10/2014,ProShares Ultra VIX Short-Term Futures ETF,UVXY,131308750,143295000,-8.36474,-11986250,0,335522779.19136698
11/07/2014,ProShares Ultra VIX Short-Term Futures ETF,UVXY,143295000,143500000,-0.14286,-205000,0,314564088.11276424
11/06/2014,ProShares Ultra VIX Short-Term Futures ETF,UVXY,143500000,151843125,-5.49457,-8343125,0,308126108.267432
11/05/2014,ProShares Ultra VIX Short-Term Futures ETF,UVXY,151843125,160878125,-5.61605,-9035000,0,316322675.35480983
11/04/2014,ProShares Ultra VIX Short-Term Futures ETF,UVXY,160878125,161977500,-0.67872,-1099375,0,322274320.46419135
11/03/2014,ProShares Ultra VIX Short-Term Futures ETF,UVXY,161977500,158595625,2.13239,3381875,0,297264390.74486388
10/31/2014,ProShares Ultra VIX Short-Term Futures ETF,UVXY,158595625,165026875,-3.89709,-6431250,0,264413840.20551251
10/30/2014,ProShares Ultra VIX Short-Term Futures ETF,UVXY,165026875,167155000,-1.27314,-2128125,0,250052065.54554681
10/29/2014,ProShares Ultra VIX Short-Term Futures ETF,UVXY,167155000,156248750,6.98006,10906250,0,253276643.67555816
10/28/2014,ProShares Ultra VIX Short-Term Futures ETF,UVXY,156248750,181815000,-14.06168,-25566250,0,211751472.64216666
10/27/2014,ProShares Ultra VIX Short-Term Futures ETF,UVXY,181815000,182486875,-0.36818,-671875,0,231854172.78496968
10/24/2014,ProShares Ultra VIX Short-Term Futures ETF,UVXY,182486875,189987500,-3.94796,-7500625,0,232710961.40163993
10/23/2014,ProShares Ultra VIX Short-Term Futures ETF,UVXY,189987500,208321875,-8.80098,-18334375,0,251395310.4143466
10/22/2014,ProShares Ultra VIX Short-Term Futures ETF,UVXY,208321875,183393125,13.59307,24928750,0,263989701.99111105
10/21/2014,ProShares Ultra VIX Short-Term Futures ETF,UVXY,183393125,216080000,-15.12721,-32686875,0,222129469.76831143
10/20/2014,ProShares Ultra VIX Short-Term Futures ETF,UVXY,216080000,261070625,-17.23312,-44990625,0,223690395.22248576
10/17/2014,ProShares Ultra VIX Short-Term Futures ETF,UVXY,261070625,292274375,-10.67618,-31203750,0,268177037.03272571
10/16/2014,ProShares Ultra VIX Short-Term Futures ETF,UVXY,292274375,325660000,-10.25168,-33385625,0,244113481.42889213
10/15/2014,ProShares Ultra VIX Short-Term Futures ETF,UVXY,325660000,260680000,24.92711,64980000,0,256366152.04440352
10/14/2014,ProShares Ultra VIX Short-Term Futures ETF,UVXY,260680000,296355625,-12.03811,-35675625,0,278202979.11605696
10/13/2014,ProShares Ultra VIX Short-Term Futures ETF,UVXY,296355625,236284375,25.42328,60071250,0,311535039.14224723
10/10/2014,ProShares Ultra VIX Short-Term Futures ETF,UVXY,236284375,192216250,22.92633,44068125,0,291863248.69792685
10/09/2014,ProShares Ultra VIX Short-Term Futures ETF,UVXY,192216250,160531250,19.73759,31685000,0,262033087.58369182
10/08/2014,ProShares Ultra VIX Short-Term Futures ETF,UVXY,160531250,198461250,-19.11204,-37930000,0,234250453.4341895
10/07/2014,ProShares Ultra VIX Short-Term Futures ETF,UVXY,198461250,173469375,14.40708,24991875,0,289598678.14905846
10/06/2014,ProShares Ultra VIX Short-Term Futures ETF,UVXY,173469375,163583125,6.04356,9886250,0,257293292.64692517
10/03/2014,ProShares Ultra VIX Short-Term Futures ETF,UVXY,163583125,190641250,-14.19322,-27058125,0,238703811.28553911
10/02/2014,ProShares Ultra VIX Short-Term Futures ETF,UVXY,190641250,197802500,-3.62040,-7161250,0,272087055.66368342
10/01/2014,ProShares Ultra VIX Short-Term Futures ETF,UVXY,197802500,186101875,6.28721,11700625,0,274395636.79838828
09/30/2014,ProShares Ultra VIX Short-Term Futures ETF,UVXY,186101875,184574375,0.82758,1527500,0,258164292.66565921
09/29/2014,ProShares Ultra VIX Short-Term Futures ETF,UVXY,184574375,166675625,10.73867,17898750,0,281147428.70831773
09/26/2014,ProShares Ultra VIX Short-Term Futures ETF,UVXY,166675625,175430000,-4.99024,-8754375,0,264550929.96022227
09/25/2014,ProShares Ultra VIX Short-Term Futures ETF,UVXY,175430000,153626250,14.19272,21803750,0,299497651.38226896
09/24/2014,ProShares Ultra VIX Short-Term Futures ETF,UVXY,153626250,169119375,-9.16106,-15493125,0,307747217.49281934
09/23/2014,ProShares Ultra VIX Short-Term Futures ETF,UVXY,169119375,158690000,6.57217,10429375,0,346901089.48690197
09/22/2014,ProShares Ultra VIX Short-Term Futures ETF,UVXY,158690000,144129375,10.10247,14560625,0,355976624.11817968
09/19/2014,ProShares Ultra VIX Short-Term Futures ETF,UVXY,144129375,142033125,1.47589,2096250,0,323313935.02276869
09/18/2014,ProShares Ultra VIX Short-Term Futures ETF,UVXY,142033125,146099375,-2.78321,-4066250,0,325429174.53875751
09/17/2014,ProShares Ultra VIX Short-Term Futures ETF,UVXY,146099375,149244375,-2.10728,-3145000,0,312538743.94811253
09/16/2014,ProShares Ultra VIX Short-Term Futures ETF,UVXY,149244375,167583125,-10.94308,-18338750,0,314490771.68679597
09/15/2014,ProShares Ultra VIX Short-Term Futures ETF,UVXY,167583125,159084375,5.34229,8498750,0,353134557.35222711
09/12/2014,ProShares Ultra VIX Short-Term Futures ETF,UVXY,159084375,152084375,4.60271,7000000,0,344134544.11084845
09/11/2014,ProShares Ultra VIX Short-Term Futures ETF,UVXY,152084375,152778125,-0.45409,-693750,0,350892152.24414445
09/10/2014,ProShares Ultra VIX Short-Term Futures ETF,UVXY,152778125,154415625,-1.06045,-1637500,0,364715036.30414815
09/09/2014,ProShares Ultra VIX Short-Term Futures ETF,UVXY,154415625,146793125,5.19268,7622500,0,368624109.49082355
09/08/2014,ProShares Ultra VIX Short-Term Futures ETF,UVXY,146793125,144998750,1.23751,1794375,0,350427523.00811623
09/05/2014,ProShares Ultra VIX Short-Term Futures ETF,UVXY,144998750,151283750,-4.15444,-6285000,0,339184014.64210666
09/04/2014,ProShares Ultra VIX Short-Term Futures ETF,UVXY,151283750,151366250,-0.05450,-82500,0,353886014.01814018
09/03/2014,ProShares Ultra VIX Short-Term Futures ETF,UVXY,151366250,155833750,-2.86684,-4467500,0,341969699.69014062
09/02/2014,ProShares Ultra VIX Short-Term Futures ETF,UVXY,155833750,155565000,0.17276,268750,0,347076086.23149778
08/29/2014,ProShares Ultra VIX Short-Term Futures ETF,UVXY,155565000,152008750,2.33950,3556250,0,342743960.78482968
08/28/2014,ProShares Ultra VIX Short-Term Futures ETF,UVXY,152008750,151248750,0.50248,760000,0,334908758.71147738
08/27/2014,ProShares Ultra VIX Short-Term Futures ETF,UVXY,151248750,149040625,1.48156,2208125,0,333234311.30880666
08/26/2014,ProShares Ultra VIX Short-Term Futures ETF,UVXY,149040625,146405000,1.80023,2635625,0,323600025.55746155
08/25/2014,ProShares Ultra VIX Short-Term Futures ETF,UVXY,146405000,149539375,-2.09602,-3134375,0,287425263.14211416
08/22/2014,ProShares Ultra VIX Short-Term Futures ETF,UVXY,149539375,147343125,1.49057,2196250,0,272045061.66546421
08/21/2014,ProShares Ultra VIX Short-Term Futures ETF,UVXY,147343125,149495625,-1.43984,-2152500,0,268049599.15478583
08/20/2014,ProShares Ultra VIX Short-Term Futures ETF,UVXY,149495625,149489375,0.00418,6250,0,261201785.77879731
08/19/2014,ProShares Ultra VIX Short-Term Futures ETF,UVXY,149489375,147636250,1.25520,1853125,0,256407205.65213061
08/18/2014,ProShares Ultra VIX Short-Term Futures ETF,UVXY,147636250,159735625,-7.57463,-12099375,0,247323238.09545406
08/15/2014,ProShares Ultra VIX Short-Term Futures ETF,UVXY,159735625,158838125,0.56504,897500,0,234367346.30951859
08/14/2014,ProShares Ultra VIX Short-Term Futures ETF,UVXY,158838125,171250000,-7.24781,-12411875,0,220343466.12018047
08/13/2014,ProShares Ultra VIX Short-Term Futures ETF,UVXY,171250000,192271250,-10.93312,-21021250,0,197831470.66758
08/12/2014,ProShares Ultra VIX Short-Term Futures ETF,UVXY,192271250,196186250,-1.99555,-3915000,0,209810284.69835878
08/11/2014,ProShares Ultra VIX Short-Term Futures ETF,UVXY,196186250,222400000,-11.78676,-26213750,0,204665472.04237966
08/08/2014,ProShares Ultra VIX Short-Term Futures ETF,UVXY,222400000,238117500,-6.60073,-15717500,0,226674587.3078528
08/07/2014,ProShares Ultra VIX Short-Term Futures ETF,UVXY,238117500,227378750,4.72285,10738750,0,242694181.84926996
08/06/2014,ProShares Ultra VIX Short-Term Futures ETF,UVXY,227378750,225137500,0.99550,2241250,0,244482240.21054602
08/05/2014,ProShares Ultra VIX Short-Term Futures ETF,UVXY,225137500,198885000,13.19984,26252500,0,267287802.7878674
08/04/2014,ProShares Ultra VIX Short-Term Futures ETF,UVXY,198885000,224467500,-11.39697,-25582500,0,248848942.73706072
08/01/2014,ProShares Ultra VIX Short-Term Futures ETF,UVXY,224467500,205026250,9.48232,19441250,0,289836985.20919716
07/31/2014,ProShares Ultra VIX Short-Term Futures ETF,UVXY,205026250,169570625,20.90906,35455625,0,282776359.19976014
07/30/2014,ProShares Ultra VIX Short-Term Futures ETF,UVXY,169570625,167137500,1.45576,2433125,0,274572192.63223771
07/29/2014,ProShares Ultra VIX Short-Term Futures ETF,UVXY,167137500,165195625,1.17550,1941875,0,279992127.3208914
07/28/2014,ProShares Ultra VIX Short-Term Futures ETF,UVXY,165195625,168901875,-2.19432,-3706250,0,276739058.96554771
07/25/2014,ProShares Ultra VIX Short-Term Futures ETF,UVXY,168901875,162005625,4.25680,6896250,0,289703919.07890081
07/24/2014,ProShares Ultra VIX Short-Term Futures ETF,UVXY,162005625,158123750,2.45496,3881875,0,277875331.31486403
07/23/2014,ProShares Ultra VIX Short-Term Futures ETF,UVXY,158123750,156495625,1.04036,1628125,0,268687080.64217666
07/22/2014,ProShares Ultra VIX Short-Term Futures ETF,UVXY,156495625,165713750,-5.56268,-9218125,0,264668572.64550131
07/21/2014,ProShares Ultra VIX Short-Term Futures ETF,UVXY,165713750,156591250,5.82568,9122500,0,280258452.46621714
07/18/2014,ProShares Ultra VIX Short-Term Futures ETF,UVXY,156591250,173981875,-9.99565,-17390625,0,268588485.58350182
07/17/2014,ProShares Ultra VIX Short-Term Futures ETF,UVXY,173981875,150652500,15.48555,23329375,0,298417238.03359457
07/16/2014,ProShares Ultra VIX Short-Term Futures ETF,UVXY,150652500,157941250,-4.61485,-7288750,0,251170901.22480348
07/15/2014,ProShares Ultra VIX Short-Term Futures ETF,UVXY,157941250,152107500,3.83528,5833750,0,248160492.94350902
07/14/2014,ProShares Ultra VIX Short-Term Futures ETF,UVXY,152107500,163755000,-7.11276,-11647500,0,238994386.71281124
07/11/2014,ProShares Ultra VIX Short-Term Futures ETF,UVXY,163755000,168350000,-2.72943,-4595000,0,257295174.76887336
07/10/2014,ProShares Ultra VIX Short-Term Futures ETF,UVXY,168350000,154883125,8.69486,13466875,0,275289331.8942312
07/09/2014,ProShares Ultra VIX Short-Term Futures ETF,UVXY,154883125,160481250,-3.48834,-5598125,0,261941479.96549271
07/08/2014,ProShares Ultra VIX Short-Term Futures ETF,UVXY,160481250,157665000,1.78622,2816250,0,270125292.4208559
07/07/2014,ProShares Ultra VIX Short-Term Futures ETF,UVXY,157665000,150753750,4.58446,6911250,0,285566043.34484088
07/03/2014,ProShares Ultra VIX Short-Term Futures ETF,UVXY,150753750,153739375,-1.94200,-2985625,0,270636187.27680402
07/02/2014,ProShares Ultra VIX Short-Term Futures ETF,UVXY,153739375,157528750,-2.40551,-3789375,0,275996041.78548661
07/01/2014,ProShares Ultra VIX Short-Term Futures ETF,UVXY,157528750,165973125,-5.08780,-8444375,0,280278344.58350682
06/30/2014,ProShares Ultra VIX Short-Term Futures ETF,UVXY,165973125,170702500,-2.77054,-4729375,0,295302747.72288519
06/27/2014,ProShares Ultra VIX Short-Term Futures ETF,UVXY,170702500,173379375,-1.54394,-2676875,0,300986107.57157708
06/26/2014,ProShares Ultra VIX Short-Term Futures ETF,UVXY,173379375,171602500,1.03546,1776875,0,312641202.82292469
06/25/2014,ProShares Ultra VIX Short-Term Futures ETF,UVXY,171602500,183216250,-6.33882,-11613750,0,314928385.81158188
06/24/2014,ProShares Ultra VIX Short-Term Futures ETF,UVXY,183216250,171248125,6.98876,11968125,0,336242175.18364382
06/23/2014,ProShares Ultra VIX Short-Term Futures ETF,UVXY,171248125,179061250,-4.36338,-7813125,0,314278029.62957999
06/20/2014,ProShares Ultra VIX Short-Term Futures ETF,UVXY,179061250,176332500,1.54750,2728750,0,302832014.97562166
06/19/2014,ProShares Ultra VIX Short-Term Futures ETF,UVXY,176332500,173665000,1.53600,2667500,0,298217097.67294044
06/18/2014,ProShares Ultra VIX Short-Term Futures ETF,UVXY,173665000,195508125,-11.17249,-21843125,0,293705767.61159288
06/17/2014,ProShares Ultra VIX Short-Term Futures ETF,UVXY,195508125,206591875,-5.36505,-11083750,0,325955108.29904271
06/16/2014,ProShares Ultra VIX Short-Term Futures ETF,UVXY,206591875,206315625,0.13390,276250,0,344434160.92976849
06/13/2014,ProShares Ultra VIX Short-Term Futures ETF,UVXY,206315625,216663750,-4.77612,-10348125,0,348925166.33110035
06/12/2014,ProShares Ultra VIX Short-Term Futures ETF,UVXY,216663750,197087500,9.93277,19576250,0,364692815.05315554
06/11/2014,ProShares Ultra VIX Short-Term Futures ETF,UVXY,197087500,188280625,4.67753,8806875,0,344355274.3077178
06/10/2014,ProShares Ultra VIX Short-Term Futures ETF,UVXY,188280625,193762500,-2.82917,-5481875,0,328967723.82167083
06/09/2014,ProShares Ultra VIX Short-Term Futures ETF,UVXY,193762500,188832500,2.61078,4930000,0,346296266.9210334
06/06/2014,ProShares Ultra VIX Short-Term Futures ETF,UVXY,188832500,211110625,-10.55282,-22278125,0,323889331.00634044
06/05/2014,ProShares Ultra VIX Short-Term Futures ETF,UVXY,211110625,228298750,-7.52879,-17188125,0,353656797.50979259
06/04/2014,ProShares Ultra VIX Short-Term Futures ETF,UVXY,228298750,233205625,-2.10410,-4906875,0,382450692.85588426
06/03/2014,ProShares Ultra VIX Short-Term Futures ETF,UVXY,233205625,231269375,0.83723,1936250,0,385073854.30191043
06/02/2014,ProShares Ultra VIX Short-Term Futures ETF,UVXY,231269375,234013125,-1.17248,-2743750,0,381876679.06056677
05/30/2014,ProShares Ultra VIX Short-Term Futures ETF,UVXY,234013125,232913750,0.47201,1099375,0,382663004.66724807
05/29/2014,ProShares Ultra VIX Short-Term Futures ETF,UVXY,232913750,237169375,-1.79434,-4255625,0,354778944.38657554
05/28/2014,ProShares Ultra VIX Short-Term Futures ETF,UVXY,237169375,236491250,0.28674,678125,0,344185003.63393157
05/27/2014,ProShares Ultra VIX Short-Term Futures ETF,UVXY,236491250,252377500,-6.29464,-15886250,0,341308964.89059462
05/23/2014,ProShares Ultra VIX Short-Term Futures ETF,UVXY,252377500,257480000,-1.98171,-5102500,0,362217302.85201268
05/22/2014,ProShares Ultra VIX Short-Term Futures ETF,UVXY,257480000,259112500,-0.63004,-1632500,0,369540514.26270656
05/21/2014,ProShares Ultra VIX Short-Term Futures ETF,UVXY,259112500,270385000,-4.16906,-11272500,0,371883511.3480486
05/20/2014,ProShares Ultra VIX Short-Term Futures ETF,UVXY,270385000,268542500,0.68611,1842500,0,368594311.80410872
05/19/2014,ProShares Ultra VIX Short-Term Futures ETF,UVXY,268542500,279988125,-4.08790,-11445625,0,344599178.46276556
05/16/2014,ProShares Ultra VIX Short-Term Futures ETF,UVXY,279988125,290859375,-3.73763,-10871250,0,359286436.42749327
05/15/2014,ProShares Ultra VIX Short-Term Futures ETF,UVXY,290859375,283048125,2.75969,7811250,0,375563519.75155125
05/14/2014,ProShares Ultra VIX Short-Term Futures ETF,UVXY,283048125,288214375,-1.79250,-5166250,0,374535015.44350959
05/13/2014,ProShares Ultra VIX Short-Term Futures ETF,UVXY,288214375,286749375,0.51090,1465000,0,362925382.14620381
05/12/2014,ProShares Ultra VIX Short-Term Futures ETF,UVXY,286749375,305016875,-5.98901,-18267500,0,342728664.45552933
05/09/2014,ProShares Ultra VIX Short-Term Futures ETF,UVXY,305016875,317633750,-3.97215,-12616875,0,352361675.67696009
05/08/2014,ProShares Ultra VIX Short-Term Futures ETF,UVXY,317633750,316869375,0.24123,764375,0,366936945.37902738
05/07/2014,ProShares Ultra VIX Short-Term Futures ETF,UVXY,316869375,332005625,-4.55903,-15136250,0,366053923.88768997
05/06/2014,ProShares Ultra VIX Short-Term Futures ETF,UVXY,332005625,324400000,2.34452,7605625,0,375571491.64910403
05/05/2014,ProShares Ultra VIX Short-Term Futures ETF,UVXY,324400000,336398750,-3.56682,-11998750,0,359182254.5083968
05/02/2014,ProShares Ultra VIX Short-Term Futures ETF,UVXY,336398750,334411250,0.59433,1987500,0,353629183.68312746
05/01/2014,ProShares Ultra VIX Short-Term Futures ETF,UVXY,334411250,336966875,-0.75842,-2555625,0,332812853.40311686
04/30/2014,ProShares Ultra VIX Short-Term Futures ETF,UVXY,336966875,336172500,0.23630,794375,0,327269058.19713049
04/29/2014,ProShares Ultra VIX Short-Term Futures ETF,UVXY,336172500,345209375,-2.61780,-9036875,0,307671885.09779292
04/28/2014,ProShares Ultra VIX Short-Term Futures ETF,UVXY,345209375,362331250,-4.72548,-17121875,0,304895916.24517445
04/25/2014,ProShares Ultra VIX Short-Term Futures ETF,UVXY,362331250,357161250,1.44753,5170000,0,320018303.2485991
04/24/2014,ProShares Ultra VIX Short-Term Futures ETF,UVXY,357161250,351173125,1.70518,5988125,0,324023924.46990486
04/23/2014,ProShares Ultra VIX Short-Term Futures ETF,UVXY,351173125,345891250,1.52703,5281875,0,298925681.11053959
04/22/2014,ProShares Ultra VIX Short-Term Futures ETF,UVXY,345891250,352992500,-2.01173,-7101250,0,277826862.06451142
04/21/2014,ProShares Ultra VIX Short-Term Futures ETF,UVXY,352992500,361728125,-2.41497,-8735625,0,263763149.98321596
04/17/2014,ProShares Ultra VIX Short-Term Futures ETF,UVXY,361728125,375882500,-3.76564,-14154375,0,250033811.02526255
04/16/2014,ProShares Ultra VIX Short-Term Futures ETF,UVXY,375882500,402874375,-6.69982,-26991875,0,247789361.88733804
04/15/2014,ProShares Ultra VIX Short-Term Futures ETF,UVXY,402874375,413858125,-2.65399,-10983750,0,265582952.92281533
04/14/2014,ProShares Ultra VIX Short-Term Futures ETF,UVXY,413858125,417056875,-0.76698,-3198750,0,286067123.52687391
04/11/2014,ProShares Ultra VIX Short-Term Futures ETF,UVXY,417056875,393473750,5.99357,23583125,0,314969804.35489097
04/10/2014,ProShares Ultra VIX Short-Term Futures ETF,UVXY,393473750,351851875,11.82937,41621875,0,338080620.40343186
04/09/2014,ProShares Ultra VIX Short-Term Futures ETF,UVXY,351851875,370091250,-4.92835,-18239375,0,313577521.86654321
04/08/2014,ProShares Ultra VIX Short-Term Futures ETF,UVXY,370091250,383649375,-3.53399,-13558125,0,329832822.51797382
04/07/2014,ProShares Ultra VIX Short-Term Futures ETF,UVXY,383649375,365558750,4.94876,18090625,0,341916098.29604613
04/04/2014,ProShares Ultra VIX Short-Term Futures ETF,UVXY,365558750,348521875,4.88832,17036875,0,355038066.65928298
04/03/2014,ProShares Ultra VIX Short-Term Futures ETF,UVXY,348521875,355591250,-1.98806,-7069375,0,338491508.37852545
04/02/2014,ProShares Ultra VIX Short-Term Futures ETF,UVXY,355591250,350961250,1.31923,4630000,0,339667968.65122982
04/01/2014,ProShares Ultra VIX Short-Term Futures ETF,UVXY,350961250,376835625,-6.86622,-25874375,0,321206848.81653846
03/31/2014,ProShares Ultra VIX Short-Term Futures ETF,UVXY,376835625,398480625,-5.43188,-21645000,0,317755436.20400979
03/28/2014,ProShares Ultra VIX Short-Term Futures ETF,UVXY,398480625,406219375,-1.90507,-7738750,0,304128488.87612523
03/27/2014,ProShares Ultra VIX Short-Term Futures ETF,UVXY,406219375,420904375,-3.48892,-14685000,0,310034859.71483317
03/26/2014,ProShares Ultra VIX Short-Term Futures ETF,UVXY,420904375,402446250,4.58648,18458125,0,321242749.33091149
03/25/2014,ProShares Ultra VIX Short-Term Futures ETF,UVXY,402446250,414806875,-2.97985,-12360625,0,307155134.24614638
03/24/2014,ProShares Ultra VIX Short-Term Futures ETF,UVXY,414806875,416959375,-0.51624,-2152500,0,306633648.75487897
03/21/2014,ProShares Ultra VIX Short-Term Futures ETF,UVXY,416959375,404268125,3.13932,12691250,0,308224820.37889045
03/20/2014,ProShares Ultra VIX Short-Term Futures ETF,UVXY,404268125,417405000,-3.14727,-13136875,0,298843191.16948943
03/19/2014,ProShares Ultra VIX Short-Term Futures ETF,UVXY,417405000,397489375,5.01035,19915625,0,308554235.41022616
03/18/2014,ProShares Ultra VIX Short-Term Futures ETF,UVXY,397489375,426637500,-6.83206,-29148125,0,265212966.78678661
03/17/2014,ProShares Ultra VIX Short-Term Futures ETF,UVXY,426637500,481767500,-11.44328,-55130000,0,271008786.5222754
03/14/2014,ProShares Ultra VIX Short-Term Futures ETF,UVXY,481767500,451166875,6.78255,30600625,0,306028479.82390276
03/13/2014,ProShares Ultra VIX Short-Term Futures ETF,UVXY,451166875,412015000,9.50254,39151875,0,293809012.65107289
03/12/2014,ProShares Ultra VIX Short-Term Futures ETF,UVXY,412015000,421063125,-2.14888,-9048125,0,271608638.17286408
03/11/2014,ProShares Ultra VIX Short-Term Futures ETF,UVXY,421063125,410049375,2.68596,11013750,0,277573345.54824567
03/10/2014,ProShares Ultra VIX Short-Term Futures ETF,UVXY,410049375,411603750,-0.37764,-1554375,0,270312858.33618693
03/07/2014,ProShares Ultra VIX Short-Term Futures ETF,UVXY,411603750,393431250,4.61898,18172500,0,277923193.83819522
03/06/2014,ProShares Ultra VIX Short-Term Futures ETF,UVXY,393431250,397128750,-0.93106,-3697500,0,265652753.5420983
03/05/2014,ProShares Ultra VIX Short-Term Futures ETF,UVXY,397128750,396055625,0.27095,1073125,0,268149380.47811802
03/04/2014,ProShares Ultra VIX Short-Term Futures ETF,UVXY,396055625,468670000,-15.49371,-72614375,0,261087894.72944563
03/03/2014,ProShares Ultra VIX Short-Term Futures ETF,UVXY,468670000,406468750,15.30284,62201250,0,293959322.38116624
02/28/2014,ProShares Ultra VIX Short-Term Futures ETF,UVXY,406468750,398708750,1.94628,7760000,0,267952437.7688345
02/27/2014,ProShares Ultra VIX Short-Term Futures ETF,UVXY,398708750,407600625,-2.18152,-8891875,0,253267878.49945978
02/26/2014,ProShares Ultra VIX Short-Term Futures ETF,UVXY,407600625,387680000,5.13842,19920625,0,258916177.70817387
02/25/2014,ProShares Ultra VIX Short-Term Futures ETF,UVXY,387680000,392908750,-1.33078,-5228750,0,236957872.98340096
02/24/2014,ProShares Ultra VIX Short-Term Futures ETF,UVXY,392908750,400045625,-1.78402,-7136875,0,240153790.95276218
02/21/2014,ProShares Ultra VIX Short-Term Futures ETF,UVXY,400045625,390571250,2.42577,9474375,0,244515993.59346691
02/20/2014,ProShares Ultra VIX Short-Term Futures ETF,UVXY,390571250,414561250,-5.78684,-23990000,0,244974203.57941638
02/19/2014,ProShares Ultra VIX Short-Term Futures ETF,UVXY,414561250,366315625,13.17051,48245625,0,253388237.77687766
02/18/2014,ProShares Ultra VIX Short-Term Futures ETF,UVXY,366315625,378477500,-3.21337,-12161875,0,220969008.99862035
02/14/2014,ProShares Ultra VIX Short-Term Futures ETF,UVXY,378477500,392558125,-3.58689,-14080625,0,219221838.47935188
02/13/2014,ProShares Ultra VIX Short-Term Futures ETF,UVXY,392558125,394421875,-0.47253,-1863750,0,221096691.84676031
02/12/2014,ProShares Ultra VIX Short-Term Futures ETF,UVXY,394421875,413085000,-4.51799,-18663125,0,215835643.61877025
02/11/2014,ProShares Ultra VIX Short-Term Futures ETF,UVXY,413085000,444938750,-7.15913,-31853750,0,226048483.85820312
02/10/2014,ProShares Ultra VIX Short-Term Futures ETF,UVXY,444938750,444146250,0.17843,792500,0,243479501.42770634
02/07/2014,ProShares Ultra VIX Short-Term Futures ETF,UVXY,444146250,520675000,-14.69799,-76528750,0,243045829.36636878
02/06/2014,ProShares Ultra VIX Short-Term Futures ETF,UVXY,520675000,653260000,-20.29590,-132585000,0,226608312.3494436
02/05/2014,ProShares Ultra VIX Short-Term Futures ETF,UVXY,653260000,623203125,4.82297,30056875,0,216372951.40615072
02/04/2014,ProShares Ultra VIX Short-Term Futures ETF,UVXY,623203125,651281875,-4.31131,-28078750,0,201431880.25332375
02/03/2014,ProShares Ultra VIX Short-Term Futures ETF,UVXY,651281875,558710000,16.56886,92571875,0,210746130.99514017
01/31/2014,ProShares Ultra VIX Short-Term Futures ETF,UVXY,558710000,505494375,10.52744,53215625,0,198669826.53631312
01/30/2014,ProShares Ultra VIX Short-Term Futures ETF,UVXY,505494375,492406250,2.65799,13088125,0,220186609.82769597
01/29/2014,ProShares Ultra VIX Short-Term Futures ETF,UVXY,492406250,429597500,14.62037,62808750,0,214485597.0859595
01/28/2014,ProShares Ultra VIX Short-Term Futures ETF,UVXY,429597500,480790625,-10.64770,-51193125,0,200874063.03562452
01/27/2014,ProShares Ultra VIX Short-Term Futures ETF,UVXY,480790625,485436250,-0.95700,-4645625,0,267120860.71089755
01/24/2014,ProShares Ultra VIX Short-Term Futures ETF,UVXY,485436250,382517500,26.90563,102918750,0,281352378.01925566
01/23/2014,ProShares Ultra VIX Short-Term Futures ETF,UVXY,382517500,364825000,4.84959,17692500,0,237002742.76870676
01/22/2014,ProShares Ultra VIX Short-Term Futures ETF,UVXY,364825000,378275000,-3.55561,-13450000,0,226040705.6686124
01/21/2014,ProShares Ultra VIX Short-Term Futures ETF,UVXY,378275000,386660000,-2.16857,-8385000,0,237400346.3353508
01/17/2014,ProShares Ultra VIX Short-Term Futures ETF,UVXY,386660000,389170000,-0.64496,-2510000,0,238796060.53539552
01/16/2014,ProShares Ultra VIX Short-Term Futures ETF,UVXY,389170000,379942500,2.42866,9227500,0,240346203.06874224
01/15/2014,ProShares Ultra VIX Short-Term Futures ETF,UVXY,379942500,377315000,0.69637,2627500,0,234647422.10202636
01/14/2014,ProShares Ultra VIX Short-Term Futures ETF,UVXY,377315000,406037500,-7.07385,-28722500,0,220950633.13534568
01/13/2014,ProShares Ultra VIX Short-Term Futures ETF,UVXY,406037500,387712500,4.72644,18325000,0,227213171.1688322
01/10/2014,ProShares Ultra VIX Short-Term Futures ETF,UVXY,387712500,404617500,-4.17802,-16905000,0,216958745.5020678
01/09/2014,ProShares Ultra VIX Short-Term Futures ETF,UVXY,404617500,402090000,0.62859,2527500,0,215089268.10215796
01/08/2014,ProShares Ultra VIX Short-Term Futures ETF,UVXY,402090000,400962500,0.28120,1127500,0,206508062.80214448
01/07/2014,ProShares Ultra VIX Short-Term Futures ETF,UVXY,400962500,417142500,-3.87877,-16180000,0,205928993.8354718
01/06/2014,ProShares Ultra VIX Short-Term Futures ETF,UVXY,417142500,426162500,-2.11656,-9020000,0,207564546.10222476
01/03/2014,ProShares Ultra VIX Short-Term Futures ETF,UVXY,426162500,435135000,-2.06200,-8972500,0,212052777.8356062
01/02/2014,ProShares Ultra VIX Short-Term Futures ETF,UVXY,435135000,419270000,3.78396,15865000,0,230441694.20232072
12/31/2013,ProShares Ultra VIX Short-Term Futures ETF,UVXY,419270000,419557500,-0.06852,-287500,0,226232501.73556944
12/30/2013,ProShares Ultra VIX Short-Term Futures ETF,UVXY,419557500,407945000,2.84658,11612500,0,215479137.90223764
12/27/2013,ProShares Ultra VIX Short-Term Futures ETF,UVXY,407945000,393040000,3.79223,14905000,0,209515112.73550904
12/26/2013,ProShares Ultra VIX Short-Term Futures ETF,UVXY,393040000,394360000,-0.33472,-1320000,0,201860103.46876288
12/24/2013,ProShares Ultra VIX Short-Term Futures ETF,UVXY,394360000,423325000,-6.84226,-28965000,0,185974917.86876992
12/23/2013,ProShares Ultra VIX Short-Term Futures ETF,UVXY,423325000,456955000,-7.35959,-33630000,0,194554525.6689244
12/20/2013,ProShares Ultra VIX Short-Term Futures ETF,UVXY,456955000,457782500,-0.18076,-827500,0,207268695.26910376
12/19/2013,ProShares Ultra VIX Short-Term Futures ETF,UVXY,457782500,460752500,-0.64460,-2970000,0,191163868.23577484
12/18/2013,ProShares Ultra VIX Short-Term Futures ETF,UVXY,460752500,532655000,-13.49889,-71902500,0,181346040.63579068
12/17/2013,ProShares Ultra VIX Short-Term Futures ETF,UVXY,532655000,544495000,-2.17449,-11840000,0,230952105.93617416
12/16/2013,ProShares Ultra VIX Short-Term Futures ETF,UVXY,544495000,526507500,3.41638,17987500,0,248064662.06957064
12/13/2013,ProShares Ultra VIX Short-Term Futures ETF,UVXY,526507500,525582500,0.17600,925000,0,239869796.90280804
12/12/2013,ProShares Ultra VIX Short-Term Futures ETF,UVXY,525582500,515820000,1.89262,9762500,0,244704204.23613644
12/11/2013,ProShares Ultra VIX Short-Term Futures ETF,UVXY,515820000,473387500,8.96359,42432500,0,272139754.40275104
12/10/2013,ProShares Ultra VIX Short-Term Futures ETF,UVXY,473387500,465015000,1.80048,8372500,0,253540033.1691914
12/09/2013,ProShares Ultra VIX Short-Term Futures ETF,UVXY,465015000,478147500,-2.74654,-13132500,0,244405683.80248008
12/06/2013,ProShares Ultra VIX Short-Term Futures ETF,UVXY,478147500,515175000,-7.18736,-37027500,0,251307950.70255012
12/05/2013,ProShares Ultra VIX Short-Term Futures ETF,UVXY,515175000,502147500,2.59436,13027500,0,270769111.0027476
12/04/2013,ProShares Ultra VIX Short-Term Futures ETF,UVXY,502147500,520085000,-3.44896,-17937500,0,263922030.70267812
12/03/2013,ProShares Ultra VIX Short-Term Futures ETF,UVXY,520085000,497827500,4.47093,22257500,0,285831781.53610712
12/02/2013,ProShares Ultra VIX Short-Term Futures ETF,UVXY,497827500,481855000,3.31479,15972500,0,298490731.30265508
11/29/2013,ProShares Ultra VIX Short-Term Futures ETF,UVXY,481855000,476325000,1.16097,5530000,0,293732383.26923656
11/27/2013,ProShares Ultra VIX Short-Term Futures ETF,UVXY,476325000,469695000,1.41155,6630000,0,290361369.0025404
11/26/2013,ProShares Ultra VIX Short-Term Futures ETF,UVXY,469695000,465197500,0.96679,4497500,0,286319809.40250504
11/25/2013,ProShares Ultra VIX Short-Term Futures ETF,UVXY,465197500,464065000,0.24404,1132500,0,283578193.36914772
11/22/2013,ProShares Ultra VIX Short-Term Futures ETF,UVXY,464065000,472425000,-1.76959,-8360000,0,289384746.46914168
11/21/2013,ProShares Ultra VIX Short-Term Futures ETF,UVXY,472425000,504655000,-6.38654,-32230000,0,294597931.0025196
11/20/2013,ProShares Ultra VIX Short-Term Futures ETF,UVXY,504655000,530372500,-4.84895,-25717500,0,310658889.26935816
11/19/2013,ProShares Ultra VIX Short-Term Futures ETF,UVXY,530372500,515577500,2.86960,14795000,0,324368749.36949532
11/18/2013,ProShares Ultra VIX Short-Term Futures ETF,UVXY,515577500,516992500,-0.27370,-1415000,0,321507254.63608308
11/15/2013,ProShares Ultra VIX Short-Term Futures ETF,UVXY,516992500,534240000,-3.22842,-17247500,0,300675944.76942396
11/14/2013,ProShares Ultra VIX Short-Term Futures ETF,UVXY,534240000,539790000,-1.02818,-5550000,0,310706860.80284928
11/13/2013,ProShares Ultra VIX Short-Term Futures ETF,UVXY,539790000,550412500,-1.92992,-10622500,0,313934666.80287888
11/12/2013,ProShares Ultra VIX Short-Term Futures ETF,UVXY,550412500,546712500,0.67677,3700000,0,305801846.1696022
11/11/2013,ProShares Ultra VIX Short-Term Futures ETF,UVXY,546712500,558895000,-2.17975,-12182500,0,298279050.5029158
11/08/2013,ProShares Ultra VIX Short-Term Futures ETF,UVXY,558895000,605780000,-7.73961,-46885000,0,304925660.06964744
11/07/2013,ProShares Ultra VIX Short-Term Futures ETF,UVXY,605780000,567827500,6.68381,37952500,0,329293930.93656416
11/06/2013,ProShares Ultra VIX Short-Term Futures ETF,UVXY,567827500,589327500,-3.64823,-21500000,0,308663457.96969508
11/05/2013,ProShares Ultra VIX Short-Term Futures ETF,UVXY,589327500,583180000,1.05413,6147500,0,320350571.30314308
11/04/2013,ProShares Ultra VIX Short-Term Futures ETF,UVXY,583180000,624817500,-6.66395,-41637500,0,285517152.26977696
11/01/2013,ProShares Ultra VIX Short-Term Futures ETF,UVXY,624817500,622917500,0.30502,1900000,0,294655602.10333236
10/31/2013,ProShares Ultra VIX Short-Term Futures ETF,UVXY,622917500,627102500,-0.66736,-4185000,0,293759587.43665556
10/30/2013,ProShares Ultra VIX Short-Term Futures ETF,UVXY,627102500,620512500,1.06203,6590000,0,273157487.63667788
10/29/2013,ProShares Ultra VIX Short-Term Futures ETF,UVXY,620512500,625890000,-0.85918,-5377500,0,264081846.5033094
10/28/2013,ProShares Ultra VIX Short-Term Futures ETF,UVXY,625890000,623027500,0.45945,2862500,0,266370438.80333808
10/25/2013,ProShares Ultra VIX Short-Term Futures ETF,UVXY,623027500,618775000,0.68724,4252500,0,255183756.96998948
10/24/2013,ProShares Ultra VIX Short-Term Futures ETF,UVXY,618775000,637175000,-2.88775,-18400000,0,243541589.6699668
10/23/2013,ProShares Ultra VIX Short-Term Futures ETF,UVXY,637175000,630272500,1.09516,6902500,0,234217034.3367316
10/22/2013,ProShares Ultra VIX Short-Term Futures ETF,UVXY,630272500,629577500,0.11039,695000,0,231679767.37002812
10/21/2013,ProShares Ultra VIX Short-Term Futures ETF,UVXY,629577500,608445000,3.47320,21132500,0,221351054.63669108
10/18/2013,ProShares Ultra VIX Short-Term Futures ETF,UVXY,608445000,626810000,-2.92991,-18365000,0,212704259.40324504
10/17/2013,ProShares Ultra VIX Short-Term Futures ETF,UVXY,626810000,719035000,-12.82622,-92225000,0,196559258.53667632
10/16/2013,ProShares Ultra VIX Short-Term Futures ETF,UVXY,719035000,902330000,-20.31352,-183295000,0,209661018.87050152
10/15/2013,ProShares Ultra VIX Short-Term Futures ETF,UVXY,902330000,829265000,8.81081,73065000,0,207162936.93814576
10/14/2013,ProShares Ultra VIX Short-Term Futures ETF,UVXY,829265000,805277500,2.97879,23987500,0,198680837.13775608
10/11/2013,ProShares Ultra VIX Short-Term Futures ETF,UVXY,805277500,855617500,-5.88347,-50340000,0,194544306.97096148
10/10/2013,ProShares Ultra VIX Short-Term Futures ETF,UVXY,855617500,1083460000,-21.02916,-227842500,0,198149604.77122996
10/09/2013,ProShares Ultra VIX Short-Term Futures ETF,UVXY,1083460000,1135602500,-4.59162,-52142500,0,216244169.87244512
10/08/2013,ProShares Ultra VIX Short-Term Futures ETF,UVXY,1135602500,1045330000,8.63579,90272500,0,224379912.63938988
10/07/2013,ProShares Ultra VIX Short-Term Futures ETF,UVXY,1045330000,891205000,17.29400,154125000,0,250447130.27224176
10/04/2013,ProShares Ultra VIX Short-Term Futures ETF,UVXY,891205000,940115000,-5.20256,-48910000,0,213520835.27141976
10/03/2013,ProShares Ultra VIX Short-Term Futures ETF,UVXY,940115000,866450000,8.50193,73665000,0,257202929.13834728
10/02/2013,ProShares Ultra VIX Short-Term Futures ETF,UVXY,866450000,789492500,9.74772,76957500,0,275172967.3379544
10/01/2013,ProShares Ultra VIX Short-Term Futures ETF,UVXY,789492500,863420000,-8.56217,-73927500,0,257048231.43754396
09/30/2013,ProShares Ultra VIX Short-Term Futures ETF,UVXY,863420000,799010000,8.06123,64410000,0,286298559.73793824
09/27/2013,ProShares Ultra VIX Short-Term Futures ETF,UVXY,799010000,741042500,7.82243,57967500,0,292107402.53759472
09/26/2013,ProShares Ultra VIX Short-Term Futures ETF,UVXY,741042500,766080000,-3.26826,-25037500,0,285736107.43728556
09/25/2013,ProShares Ultra VIX Short-Term Futures ETF,UVXY,766080000,767457500,-0.17949,-1377500,0,295390233.60408576
09/24/2013,ProShares Ultra VIX Short-Term Futures ETF,UVXY,767457500,795120000,-3.47903,-27662500,0,295921379.23742644
09/23/2013,ProShares Ultra VIX Short-Term Futures ETF,UVXY,795120000,761395000,4.42937,33725000,0,306587670.40424064
09/20/2013,ProShares Ultra VIX Short-Term Futures ETF,UVXY,761395000,736777500,3.34124,24617500,0,295106550.07072744
09/19/2013,ProShares Ultra VIX Short-Term Futures ETF,UVXY,736777500,732057500,0.64476,4720000,0,272303140.30392948
09/18/2013,ProShares Ultra VIX Short-Term Futures ETF,UVXY,732057500,811022500,-9.73647,-78965000,0,266166346.23723764
09/17/2013,ProShares Ultra VIX Short-Term Futures ETF,UVXY,811022500,821507500,-1.27631,-10485000,0,273790382.37099212
09/16/2013,ProShares Ultra VIX Short-Term Futures ETF,UVXY,821507500,846577500,-2.96134,-25070000,0,272400933.57104804
09/13/2013,ProShares Ultra VIX Short-Term Futures ETF,UVXY,846577500,846572500,0.00059,5000,0,272248036.30451508
09/12/2013,ProShares Ultra VIX Short-Term Futures ETF,UVXY,846572500,836787500,1.16935,9785000,0,250235543.37118172
09/11/2013,ProShares Ultra VIX Short-Term Futures ETF,UVXY,836787500,904627500,-7.49922,-67840000,0,243996077.8377962
09/10/2013,ProShares Ultra VIX Short-Term Futures ETF,UVXY,904627500,965002500,-6.25646,-60375000,0,256540297.30482468
09/09/2013,ProShares Ultra VIX Short-Term Futures ETF,UVXY,965002500,1050985000,-8.18113,-85982500,0,273661842.30514668
09/06/2013,ProShares Ultra VIX Short-Term Futures ETF,UVXY,1050985000,1038977500,1.15570,12007500,0,256005932.87227192
09/05/2013,ProShares Ultra VIX Short-Term Futures ETF,UVXY,1038977500,1066297500,-2.56214,-27320000,0,253081065.97220788
09/04/2013,ProShares Ultra VIX Short-Term Futures ETF,UVXY,1066297500,1082447500,-1.49199,-16150000,0,259735853.70568692
09/03/2013,ProShares Ultra VIX Short-Term Futures ETF,UVXY,1082447500,1159555000,-6.64975,-77107500,0,224701668.37243972
08/30/2013,ProShares Ultra VIX Short-Term Futures ETF,UVXY,1159555000,1137875000,1.90531,21680000,0,236069937.27285096
08/29/2013,ProShares Ultra VIX Short-Term Futures ETF,UVXY,1137875000,1138287500,-0.03624,-412500,0,256689428.339402
08/28/2013,ProShares Ultra VIX Short-Term Futures ETF,UVXY,1138287500,1122425000,1.41323,15862500,0,256782482.8394042
08/27/2013,ProShares Ultra VIX Short-Term Futures ETF,UVXY,1122425000,963865000,16.45044,158560000,0,293611414.3393196
08/26/2013,ProShares Ultra VIX Short-Term Futures ETF,UVXY,963865000,892270000,8.02392,71595000,0,273339262.47180728
08/23/2013,ProShares Ultra VIX Short-Term Futures ETF,UVXY,892270000,920880000,-3.10681,-28610000,0,245897715.07142544
08/22/2013,ProShares Ultra VIX Short-Term Futures ETF,UVXY,920880000,1001007500,-8.00469,-80127500,0,253782249.60491136
08/21/2013,ProShares Ultra VIX Short-Term Futures ETF,UVXY,1001007500,946790000,5.72645,54217500,0,275864320.23867204
08/20/2013,ProShares Ultra VIX Short-Term Futures ETF,UVXY,946790000,982617500,-3.64613,-35827500,0,281752080.13838288
08/19/2013,ProShares Ultra VIX Short-Term Futures ETF,UVXY,982617500,938090000,4.74661,44527500,0,292413866.43857396
08/16/2013,ProShares Ultra VIX Short-Term Futures ETF,UVXY,938090000,951387500,-1.39770,-13297500,0,279163076.13833648
08/15/2013,ProShares Ultra VIX Short-Term Futures ETF,UVXY,951387500,875147500,8.71167,76240000,0,283120234.8384074
08/14/2013,ProShares Ultra VIX Short-Term Futures ETF,UVXY,875147500,846132500,3.42913,29015000,0,270933997.37133412
08/13/2013,ProShares Ultra VIX Short-Term Futures ETF,UVXY,846132500,862332500,-1.87863,-16200000,0,253490015.23784604
08/12/2013,ProShares Ultra VIX Short-Term Futures ETF,UVXY,862332500,886470000,-2.72288,-24137500,0,258343319.23793244
08/09/2013,ProShares Ultra VIX Short-Term Futures ETF,UVXY,886470000,847122500,4.64484,39347500,0,265574592.40472784
08/08/2013,ProShares Ultra VIX Short-Term Futures ETF,UVXY,847122500,875800000,-3.27443,-28677500,0,253786606.03785132
08/07/2013,ProShares Ultra VIX Short-Term Futures ETF,UVXY,875800000,854235000,2.52448,21565000,0,262378002.6713376
08/06/2013,ProShares Ultra VIX Short-Term Futures ETF,UVXY,854235000,810072500,5.45167,44162500,0,274710586.20455592
08/05/2013,ProShares Ultra VIX Short-Term Futures ETF,UVXY,810072500,828405000,-2.21299,-18332500,0,260508515.03765372
08/02/2013,ProShares Ultra VIX Short-Term Futures ETF,UVXY,828405000,881120000,-5.98273,-52715000,0,266404002.60441816
08/01/2013,ProShares Ultra VIX Short-Term Futures ETF,UVXY,881120000,922010000,-4.43488,-40890000,0,281594203.73803264
07/31/2013,ProShares Ultra VIX Short-Term Futures ETF,UVXY,922010000,969132500,-4.86234,-47122500,0,294662102.53825072
07/30/2013,ProShares Ultra VIX Short-Term Futures ETF,UVXY,969132500,1011235000,-4.16347,-42102500,0,301968765.23850204
07/29/2013,ProShares Ultra VIX Short-Term Futures ETF,UVXY,1011235000,989117500,2.23608,22117500,0,315087342.87205992
07/26/2013,ProShares Ultra VIX Short-Term Futures ETF,UVXY,989117500,996065000,-0.69749,-6947500,0,312152294.77194196
07/25/2013,ProShares Ultra VIX Short-Term Futures ETF,UVXY,996065000,1037170000,-3.96319,-41105000,0,314344833.13864568
07/24/2013,ProShares Ultra VIX Short-Term Futures ETF,UVXY,1037170000,1019392500,1.74393,17777500,0,327317023.07219824
07/23/2013,ProShares Ultra VIX Short-Term Futures ETF,UVXY,1019392500,1026137500,-0.65732,-6745000,0,309473971.10543676
07/22/2013,ProShares Ultra VIX Short-Term Futures ETF,UVXY,1026137500,1056172500,-2.84376,-30035000,0,301260288.1721394
07/19/2013,ProShares Ultra VIX Short-Term Futures ETF,UVXY,1056172500,1134902500,-6.93716,-78730000,0,284730023.70563292
07/18/2013,ProShares Ultra VIX Short-Term Futures ETF,UVXY,1134902500,1156865000,-1.89845,-21962500,0,305954581.97271948
07/17/2013,ProShares Ultra VIX Short-Term Futures ETF,UVXY,1156865000,1249495000,-7.41340,-92630000,0,304934189.13950328
07/16/2013,ProShares Ultra VIX Short-Term Futures ETF,UVXY,1249495000,1183605000,5.56689,65890000,0,329350222.07333064
07/15/2013,ProShares Ultra VIX Short-Term Futures ETF,UVXY,1183605000,1256775000,-5.82204,-73170000,0,311982496.60631256
07/12/2013,ProShares Ultra VIX Short-Term Futures ETF,UVXY,1256775000,1233455000,1.89062,23320000,0,328755583.0067028
07/11/2013,ProShares Ultra VIX Short-Term Futures ETF,UVXY,1233455000,1283322500,-3.88581,-49867500,0,322655381.93991176
07/10/2013,ProShares Ultra VIX Short-Term Futures ETF,UVXY,1283322500,1329995000,-3.50922,-46672500,0,315166895.04017772
07/09/2013,ProShares Ultra VIX Short-Term Futures ETF,UVXY,1329995000,1354542500,-1.81224,-24547500,0,315989078.74042664
07/08/2013,ProShares Ultra VIX Short-Term Futures ETF,UVXY,1354542500,1470917500,-7.91173,-116375000,0,264930452.44055756
07/05/2013,ProShares Ultra VIX Short-Term Futures ETF,UVXY,1470917500,1671507500,-12.00054,-200590000,0,261215335.77451156
07/03/2013,ProShares Ultra VIX Short-Term Futures ETF,UVXY,1671507500,1713345000,-2.44186,-41837500,0,293494430.24224804
07/02/2013,ProShares Ultra VIX Short-Term Futures ETF,UVXY,1713345000,1717427500,-0.23771,-4082500,0,283707087.40913784
07/01/2013,ProShares Ultra VIX Short-Term Futures ETF,UVXY,1717427500,1800342500,-4.60551,-82915000,0,291252804.97582628
06/28/2013,ProShares Ultra VIX Short-Term Futures ETF,UVXY,1800342500,1829782500,-1.60893,-29440000,0,215296958.44293516
06/27/2013,ProShares Ultra VIX Short-Term Futures ETF,UVXY,1829782500,1957112500,-6.50601,-127330000,0,211498459.90975884
06/26/2013,ProShares Ultra VIX Short-Term Futures ETF,UVXY,1957112500,2071565000,-5.52493,-114452500,0,190988085.1771046
06/25/2013,ProShares Ultra VIX Short-Term Futures ETF,UVXY,2071565000,2208945000,-6.21926,-137380000,0,198013993.14438168
06/24/2013,ProShares Ultra VIX Short-Term Futures ETF,UVXY,2208945000,1978995000,11.61953,229950000,0,242070919.41178104
06/21/2013,ProShares Ultra VIX Short-Term Futures ETF,UVXY,1978995000,2105210000,-5.99536,-126215000,0,232703425.41055464
06/20/2013,ProShares Ultra VIX Short-Term Futures ETF,UVXY,2105210000,1707067500,23.32318,398142500,0,272807146.54456112
06/19/2013,ProShares Ultra VIX Short-Term Futures ETF,UVXY,1707067500,1726915000,-1.14930,-19847500,0,262182807.10910436
06/18/2013,ProShares Ultra VIX Short-Term Futures ETF,UVXY,1726915000,1757087500,-1.71719,-30172500,0,234146648.47587688
06/17/2013,ProShares Ultra VIX Short-Term Futures ETF,UVXY,1757087500,1861205000,-5.59409,-104117500,0,231297141.5510378
06/14/2013,ProShares Ultra VIX Short-Term Futures ETF,UVXY,1861205000,1738280000,7.07165,122925000,0,256170052.19325976
06/13/2013,ProShares Ultra VIX Short-Term Futures ETF,UVXY,1738280000,1943900000,-10.57770,-205620000,0,242727624.94260416
06/12/2013,ProShares Ultra VIX Short-Term Futures ETF,UVXY,1943900000,1733870000,12.11336,210030000,0,259776316.3437008
06/11/2013,ProShares Ultra VIX Short-Term Futures ETF,UVXY,1733870000,1540805000,12.53014,193065000,0,269853747.24258064
06/10/2013,ProShares Ultra VIX Short-Term Futures ETF,UVXY,1540805000,1579400000,-2.44365,-38595000,0,245968974.19155096
06/07/2013,ProShares Ultra VIX Short-Term Futures ETF,UVXY,1579400000,1683700000,-6.19469,-104300000,0,252130151.3417568
06/06/2013,ProShares Ultra VIX Short-Term Futures ETF,UVXY,1683700000,1780600000,-5.44199,-96900000,0,265412855.6756464
06/05/2013,ProShares Ultra VIX Short-Term Futures ETF,UVXY,1780600000,1626800000,9.45414,153800000,0,313450888.6761632
06/04/2013,ProShares Ultra VIX Short-Term Futures ETF,UVXY,1626800000,1607800000,1.18174,19000000,0,312405249.3420096
06/03/2013,ProShares Ultra VIX Short-Term Futures ETF,UVXY,1607800000,1624950000,-1.05542,-17150000,0,321618952.6752416
05/31/2013,ProShares Ultra VIX Short-Term Futures ETF,UVXY,1624950000,1504350000,8.01675,120600000,0,369898201.5086664
05/30/2013,ProShares Ultra VIX Short-Term Futures ETF,UVXY,1504350000,1497175000,0.47924,7175000,0,347860879.5080232
05/29/2013,ProShares Ultra VIX Short-Term Futures ETF,UVXY,1497175000,1465125000,2.18753,32050000,0,357580286.4246516
05/28/2013,ProShares Ultra VIX Short-Term Futures ETF,UVXY,1465125000,1519525000,-3.58007,-54400000,0,351097671.257814
05/24/2013,ProShares Ultra VIX Short-Term Futures ETF,UVXY,1519525000,1520725000,-0.07891,-1200000,0,359879235.9247708
05/23/2013,ProShares Ultra VIX Short-Term Futures ETF,UVXY,1520725000,1482575000,2.57323,38150000,0,376587269.9247772
05/22/2013,ProShares Ultra VIX Short-Term Futures ETF,UVXY,1482575000,1502475000,-1.32448,-19900000,0,368325991.0912404
05/21/2013,ProShares Ultra VIX Short-Term Futures ETF,UVXY,1502475000,1445250000,3.95952,57225000,0,367860970.7580132
05/20/2013,ProShares Ultra VIX Short-Term Futures ETF,UVXY,1445250000,1443925000,0.09176,1325000,0,382755192.507708
05/17/2013,ProShares Ultra VIX Short-Term Futures ETF,UVXY,1443925000,1505225000,-4.07248,-61300000,0,382404283.9243676
05/16/2013,ProShares Ultra VIX Short-Term Futures ETF,UVXY,1505225000,1464400000,2.78783,40825000,0,398638771.5913612
05/15/2013,ProShares Ultra VIX Short-Term Futures ETF,UVXY,1464400000,1442875000,1.49181,21525000,0,379626174.6744768
05/14/2013,ProShares Ultra VIX Short-Term Futures ETF,UVXY,1442875000,1455100000,-0.84015,-12225000,0,374046105.424362
05/13/2013,ProShares Ultra VIX Short-Term Futures ETF,UVXY,1455100000,1466550000,-0.78074,-11450000,0,365574473.6744272
05/10/2013,ProShares Ultra VIX Short-Term Futures ETF,UVXY,1466550000,1523925000,-3.76495,-57375000,0,361411693.5078216
05/09/2013,ProShares Ultra VIX Short-Term Futures ETF,UVXY,1523925000,1477375000,3.15086,46550000,0,379817987.2581276
05/08/2013,ProShares Ultra VIX Short-Term Futures ETF,UVXY,1477375000,1441250000,2.50650,36125000,0,368216020.424546
05/07/2013,ProShares Ultra VIX Short-Term Futures ETF,UVXY,1441250000,1451275000,-0.69077,-10025000,0,359212345.84102
05/06/2013,ProShares Ultra VIX Short-Term Futures ETF,UVXY,1451275000,1517850000,-4.38614,-66575000,0,326880343.4244068
05/03/2013,ProShares Ultra VIX Short-Term Futures ETF,UVXY,1517850000,1576000000,-3.68972,-58150000,0,321839854.5080952
05/02/2013,ProShares Ultra VIX Short-Term Futures ETF,UVXY,1576000000,1692725000,-6.89569,-116725000,0,313996986.675072
05/01/2013,ProShares Ultra VIX Short-Term Futures ETF,UVXY,1692725000,1558300000,8.62639,134425000,0,325403811.5923612
04/30/2013,ProShares Ultra VIX Short-Term Futures ETF,UVXY,1558300000,1611150000,-3.28027,-52850000,0,297692437.6749776
04/29/2013,ProShares Ultra VIX Short-Term Futures ETF,UVXY,1611150000,1622100000,-0.67505,-10950000,0,303599735.5085928
04/26/2013,ProShares Ultra VIX Short-Term Futures ETF,UVXY,1622100000,1616075000,0.37282,6025000,0,298525877.0086512
04/25/2013,ProShares Ultra VIX Short-Term Futures ETF,UVXY,1616075000,1586275000,1.87861,29800000,0,302588496.0919524
04/24/2013,ProShares Ultra VIX Short-Term Futures ETF,UVXY,1586275000,1568850000,1.11069,17425000,0,297008843.4251268
04/23/2013,ProShares Ultra VIX Short-Term Futures ETF,UVXY,1568850000,1736175000,-9.63757,-167325000,0,269272184.5083672
04/22/2013,ProShares Ultra VIX Short-Term Futures ETF,UVXY,1736175000,1890700000,-8.17290,-154525000,0,234100049.7592596
04/19/2013,ProShares Ultra VIX Short-Term Futures ETF,UVXY,1890700000,2198300000,-13.99263,-307600000,0,251154285.6767504
04/18/2013,ProShares Ultra VIX Short-Term Futures ETF,UVXY,2198300000,2015750000,9.05618,182550000,0,303446004.3450576
04/17/2013,ProShares Ultra VIX Short-Term Futures ETF,UVXY,2015750000,1639900000,22.91908,375850000,0,337913610.844084
04/16/2013,ProShares Ultra VIX Short-Term Futures ETF,UVXY,1639900000,2134350000,-23.16630,-494450000,0,311969109.6754128
04/15/2013,ProShares Ultra VIX Short-Term Futures ETF,UVXY,2134350000,1546950000,37.97149,587400000,0,414569029.5113832
04/12/2013,ProShares Ultra VIX Short-Term Futures ETF,UVXY,1546950000,1628950000,-5.03392,-82000000,0,312231231.5082504
04/11/2013,ProShares Ultra VIX Short-Term Futures ETF,UVXY,1628950000,1626525000,0.14909,2425000,0,349632398.1753544
04/10/2013,ProShares Ultra VIX Short-Term Futures ETF,UVXY,1626525000,1754500000,-7.29410,-127975000,0,354967394.2586748
04/09/2013,ProShares Ultra VIX Short-Term Futures ETF,UVXY,1754500000,1766450000,-0.67650,-11950000,0,373421931.676024
04/08/2013,ProShares Ultra VIX Short-Term Futures ETF,UVXY,1766450000,1894650000,-6.76642,-128200000,0,346288969.8427544
04/05/2013,ProShares Ultra VIX Short-Term Futures ETF,UVXY,1894650000,1891125000,0.18640,3525000,0,366873710.5101048
04/04/2013,ProShares Ultra VIX Short-Term Futures ETF,UVXY,1891125000,1967000000,-3.85740,-75875000,0,369973391.260086
04/03/2013,ProShares Ultra VIX Short-Term Futures ETF,UVXY,1967000000,1796625000,9.48306,170375000,0,386390923.343824
04/02/2013,ProShares Ultra VIX Short-Term Futures ETF,UVXY,1796625000,1940825000,-7.42983,-144200000,0,352923026.259582
04/01/2013,ProShares Ultra VIX Short-Term Futures ETF,UVXY,1940825000,1894025000,2.47093,46800000,0,352913148.5936844
03/28/2013,ProShares Ultra VIX Short-Term Futures ETF,UVXY,1894025000,1937825000,-2.26027,-43800000,0,344403192.5934348
03/27/2013,ProShares Ultra VIX Short-Term Futures ETF,UVXY,1937825000,1892225000,2.40986,45600000,0,352367638.5936684
03/26/2013,ProShares Ultra VIX Short-Term Futures ETF,UVXY,1892225000,1977175000,-4.29653,-84950000,0,342183661.5934252
03/25/2013,ProShares Ultra VIX Short-Term Futures ETF,UVXY,1977175000,2043200000,-3.23145,-66025000,0,327492676.4272116
03/22/2013,ProShares Ultra VIX Short-Term Futures ETF,UVXY,2043200000,2084325000,-1.97306,-41125000,0,340063397.3442304
03/21/2013,ProShares Ultra VIX Short-Term Futures ETF,UVXY,2084325000,1966225000,6.00643,118100000,0,346908105.2611164
03/20/2013,ProShares Ultra VIX Short-Term Futures ETF,UVXY,1966225000,2226600000,-11.69384,-260375000,0,313095114.9271532
03/19/2013,ProShares Ultra VIX Short-Term Futures ETF,UVXY,2226600000,2213475000,0.59296,13125000,0,310024362.0118752
03/18/2013,ProShares Ultra VIX Short-Term Futures ETF,UVXY,2213475000,2009425000,10.15465,204050000,0,353794465.7618052
03/15/2013,ProShares Ultra VIX Short-Term Futures ETF,UVXY,2009425000,1985000000,1.23048,24425000,0,332432573.9273836
03/14/2013,ProShares Ultra VIX Short-Term Futures ETF,UVXY,1985000000,2027275000,-2.08531,-42275000,0,316481783.34392
03/13/2013,ProShares Ultra VIX Short-Term Futures ETF,UVXY,2027275000,2067300000,-1.93610,-40025000,0,310247408.4274788
03/12/2013,ProShares Ultra VIX Short-Term Futures ETF,UVXY,2067300000,1975300000,4.65752,92000000,0,310584261.0110256
03/11/2013,ProShares Ultra VIX Short-Term Futures ETF,UVXY,1975300000,2180650000,-9.41692,-205350000,0,288861287.6772016
03/08/2013,ProShares Ultra VIX Short-Term Futures ETF,UVXY,2180650000,2251000000,-3.12528,-70350000,0,275277987.1782968
03/07/2013,ProShares Ultra VIX Short-Term Futures ETF,UVXY,2251000000,2367675000,-4.92783,-116675000,0,253094936.678672
03/06/2013,ProShares Ultra VIX Short-Term Futures ETF,UVXY,2367675000,2347175000,0.87339,20500000,0,254848644.7626276
03/05/2013,ProShares Ultra VIX Short-Term Futures ETF,UVXY,2347175000,2465175000,-4.78668,-118000000,0,248886613.0958516
03/04/2013,ProShares Ultra VIX Short-Term Futures ETF,UVXY,2465175000,2899175000,-14.96978,-434000000,0,214067579.7631476
03/01/2013,ProShares Ultra VIX Short-Term Futures ETF,UVXY,2899175000,2813100000,3.05979,86075000,0,251754693.0987956
02/28/2013,ProShares Ultra VIX Short-Term Futures ETF,UVXY,2813100000,2584800000,8.83240,228300000,0,268472887.0150032
02/27/2013,ProShares Ultra VIX Short-Term Futures ETF,UVXY,2584800000,3133050000,-17.49892,-548250000,0,245133816.0137856
02/26/2013,ProShares Ultra VIX Short-Term Futures ETF,UVXY,3133050000,3300200000,-5.06484,-167150000,0,240106508.5167096
02/25/2013,ProShares Ultra VIX Short-Term Futures ETF,UVXY,3300200000,2476750000,33.24720,823450000,0,300439207.3509344
02/22/2013,ProShares Ultra VIX Short-Term Futures ETF,UVXY,2476750000,2682100000,-7.65631,-205350000,0,225475064.179876
02/21/2013,ProShares Ultra VIX Short-Term Futures ETF,UVXY,2682100000,2643825000,1.44771,38275000,0,258116363.6809712
02/20/2013,ProShares Ultra VIX Short-Term Futures ETF,UVXY,2643825000,2198400000,20.26133,445425000,0,288273865.2641004
02/19/2013,ProShares Ultra VIX Short-Term Futures ETF,UVXY,2198400000,2399075000,-8.36468,-200675000,0,239706208.0117248
02/15/2013,ProShares Ultra VIX Short-Term Futures ETF,UVXY,2399075000,2416650000,-0.72725,-17575000,0,242394541.0961284
02/14/2013,ProShares Ultra VIX Short-Term Futures ETF,UVXY,2416650000,2482175000,-2.63982,-65525000,0,226770380.5128888
02/13/2013,ProShares Ultra VIX Short-Term Futures ETF,UVXY,2482175000,2498225000,-0.64246,-16050000,0,208097278.0965716
02/12/2013,ProShares Ultra VIX Short-Term Futures ETF,UVXY,2498225000,2555650000,-2.24698,-57425000,0,191955281.5966572
02/11/2013,ProShares Ultra VIX Short-Term Futures ETF,UVXY,2555650000,2597800000,-1.62253,-42150000,0,177966947.1802968
02/08/2013,ProShares Ultra VIX Short-Term Futures ETF,UVXY,2597800000,2704875000,-3.95859,-107075000,0,173628292.6805216
02/07/2013,ProShares Ultra VIX Short-Term Futures ETF,UVXY,2704875000,2708575000,-0.13660,-3700000,0,168883378.764426
02/06/2013,ProShares Ultra VIX Short-Term Futures ETF,UVXY,2708575000,2800350000,-3.27727,-91775000,0,170739539.4311124
02/05/2013,ProShares Ultra VIX Short-Term Futures ETF,UVXY,2800350000,2986525000,-6.23383,-186175000,0,174284449.5149352
02/04/2013,ProShares Ultra VIX Short-Term Futures ETF,UVXY,2986525000,2736500000,9.13667,250025000,0,187663275.9325948
02/01/2013,ProShares Ultra VIX Short-Term Futures ETF,UVXY,2736500000,2908450000,-5.91208,-171950000,0,189466138.347928
01/31/2013,ProShares Ultra VIX Short-Term Futures ETF,UVXY,2908450000,2963000000,-1.84104,-54550000,0,169960123.1821784
01/30/2013,ProShares Ultra VIX Short-Term Futures ETF,UVXY,2963000000,2609400000,13.55101,353600000,0,183814643.349136
01/29/2013,ProShares Ultra VIX Short-Term Futures ETF,UVXY,2609400000,2790900000,-6.50328,-181500000,0,161878478.0139168
01/28/2013,ProShares Ultra VIX Short-Term Futures ETF,UVXY,2790900000,2648450000,5.37862,142450000,0,172021773.0148848
01/25/2013,ProShares Ultra VIX Short-Term Futures ETF,UVXY,2648450000,2605725000,1.63966,42725000,0,164301009.8474584
01/24/2013,ProShares Ultra VIX Short-Term Futures ETF,UVXY,2605725000,2534175000,2.82340,71550000,0,161650493.2638972
01/23/2013,ProShares Ultra VIX Short-Term Futures ETF,UVXY,2534175000,2664800000,-4.90187,-130625000,0,161266449.7635156
01/22/2013,ProShares Ultra VIX Short-Term Futures ETF,UVXY,2664800000,2919175000,-8.71393,-254375000,0,169046029.3475456
01/18/2013,ProShares Ultra VIX Short-Term Futures ETF,UVXY,2919175000,3346925000,-12.78039,-427750000,0,185182731.4322356
01/17/2013,ProShares Ultra VIX Short-Term Futures ETF,UVXY,3346925000,3269550000,2.36653,77375000,0,194244370.6011836
01/16/2013,ProShares Ultra VIX Short-Term Futures ETF,UVXY,3269550000,3398250000,-3.78724,-128700000,0,189753783.5174376
01/15/2013,ProShares Ultra VIX Short-Term Futures ETF,UVXY,3398250000,3456775000,-1.69305,-58525000,0,182950452.518124
01/14/2013,ProShares Ultra VIX Short-Term Futures ETF,UVXY,3456775000,3478925000,-0.63669,-22150000,0,184027178.4351028
01/11/2013,ProShares Ultra VIX Short-Term Futures ETF,UVXY,3478925000,3519850000,-1.16269,-40925000,0,171290670.6018876
01/10/2013,ProShares Ultra VIX Short-Term Futures ETF,UVXY,3519850000,3677100000,-4.27647,-157250000,0,169081861.1854392
01/09/2013,ProShares Ultra VIX Short-Term Futures ETF,UVXY,3677100000,3687225000,-0.27460,-10125000,0,167075167.0196112
01/08/2013,ProShares Ultra VIX Short-Term Futures ETF,UVXY,3687225000,3702850000,-0.42197,-15625000,0,155736093.2696652
01/07/2013,ProShares Ultra VIX Short-Term Futures ETF,UVXY,3702850000,3878750000,-4.53497,-175900000,0,151952621.1864152
01/04/2013,ProShares Ultra VIX Short-Term Futures ETF,UVXY,3878750000,4076550000,-4.85214,-197800000,0,155292220.85402
01/03/2013,ProShares Ultra VIX Short-Term Futures ETF,UVXY,4076550000,3951850000,3.15548,124700000,0,156688993.5217416
01/02/2013,ProShares Ultra VIX Short-Term Futures ETF,UVXY,3951850000,5033425000,-21.48785,-1081575000,0,105264111.1877432
12/31/2012,ProShares Ultra VIX Short-Term Futures ETF,UVXY,5033425000,8064975000,-37.58908,-3031550000,0,84746098.9435116
12/28/2012,ProShares Ultra VIX Short-Term Futures ETF,UVXY,8064975000,6136775000,31.42041,1928200000,0,116431355.7930132
12/27/2012,ProShares Ultra VIX Short-Term Futures ETF,UVXY,6136775000,6352125000,-3.39020,-215350000,0,109459610.1160628
12/26/2012,ProShares Ultra VIX Short-Term Futures ETF,UVXY,6352125000,5855700000,8.47764,496425000,0,115841586.283878
12/24/2012,ProShares Ultra VIX Short-Term Futures ETF,UVXY,5855700000,5609925000,4.38107,245775000,0,107959589.0312304
12/21/2012,ProShares Ultra VIX Short-Term Futures ETF,UVXY,5609925000,5189350000,8.10458,420575000,0,104550302.2799196
12/20/2012,ProShares Ultra VIX Short-Term Futures ETF,UVXY,5189350000,4962275000,4.57603,227075000,0,107090886.1943432
12/19/2012,ProShares Ultra VIX Short-Term Futures ETF,UVXY,4962275000,4441500000,11.72521,520775000,0,122253915.1097988
12/18/2012,ProShares Ultra VIX Short-Term Futures ETF,UVXY,4441500000,4648525000,-4.45356,-207025000,0,107647155.023688
12/17/2012,ProShares Ultra VIX Short-Term Futures ETF,UVXY,4648525000,5062900000,-8.18454,-414375000,0,105227110.9414588
12/14/2012,ProShares Ultra VIX Short-Term Futures ETF,UVXY,5062900000,5113275000,-0.98518,-50375000,0,116632339.6936688
12/13/2012,ProShares Ultra VIX Short-Term Futures ETF,UVXY,5113275000,4958975000,3.11153,154300000,0,145404496.7772708
12/12/2012,ProShares Ultra VIX Short-Term Futures ETF,UVXY,4958975000,4603950000,7.71131,355025000,0,135065949.1097812
12/11/2012,ProShares Ultra VIX Short-Term Futures ETF,UVXY,4603950000,4908675000,-6.20789,-304725000,0,121713091.5245544
12/10/2012,ProShares Ultra VIX Short-Term Futures ETF,UVXY,4908675000,4982875000,-1.48910,-74200000,0,117006449.7761796
12/07/2012,ProShares Ultra VIX Short-Term Futures ETF,UVXY,4982875000,5226225000,-4.65632,-243350000,0,118775130.443242
12/06/2012,ProShares Ultra VIX Short-Term Futures ETF,UVXY,5226225000,5045675000,3.57831,180550000,0,118304313.2778732
12/05/2012,ProShares Ultra VIX Short-Term Futures ETF,UVXY,5045675000,5340225000,-5.51569,-294550000,0,119262938.1102436
12/04/2012,ProShares Ultra VIX Short-Term Futures ETF,UVXY,5340225000,5252025000,1.67935,88200000,0,128361208.2784812
12/03/2012,ProShares Ultra VIX Short-Term Futures ETF,UVXY,5252025000,4810150000,9.18630,441875000,0,153551704.2780108
11/30/2012,ProShares Ultra VIX Short-Term Futures ETF,UVXY,4810150000,4660575000,3.20937,149575000,0,144480872.1923208
11/29/2012,ProShares Ultra VIX Short-Term Futures ETF,UVXY,4660575000,4820150000,-3.31058,-159575000,0,139988137.7748564
11/28/2012,ProShares Ultra VIX Short-Term Futures ETF,UVXY,4820150000,5210775000,-7.49649,-390625000,0,144781238.8590408
11/27/2012,ProShares Ultra VIX Short-Term Futures ETF,UVXY,5210775000,4890400000,6.55110,320375000,0,167978016.7777908
11/26/2012,ProShares Ultra VIX Short-Term Futures ETF,UVXY,4890400000,5207150000,-6.08298,-316750000,0,156672114.6927488
11/23/2012,ProShares Ultra VIX Short-Term Futures ETF,UVXY,5207150000,5440775000,-4.29397,-233625000,0,166819728.8611048
11/21/2012,ProShares Ultra VIX Short-Term Futures ETF,UVXY,5440775000,5406400000,0.63582,34375000,0,167775365.1123508
11/20/2012,ProShares Ultra VIX Short-Term Futures ETF,UVXY,5406400000,5534000000,-2.30575,-127600000,0,160227674.6955008
11/19/2012,ProShares Ultra VIX Short-Term Futures ETF,UVXY,5534000000,6727400000,-17.73939,-1193400000,0,144086913.362848
11/16/2012,ProShares Ultra VIX Short-Term Futures ETF,UVXY,6727400000,7518100000,-10.51728,-790700000,0,110576031.3692128
11/15/2012,ProShares Ultra VIX Short-Term Futures ETF,UVXY,7518100000,7393975000,1.67873,124125000,0,137105083.7067632
11/14/2012,ProShares Ultra VIX Short-Term Futures ETF,UVXY,7393975000,6770025000,9.21636,623950000,0,182162897.4561012
11/13/2012,ProShares Ultra VIX Short-Term Futures ETF,UVXY,6770025000,6883825000,-1.65315,-113800000,0,166790849.2861068
11/12/2012,ProShares Ultra VIX Short-Term Futures ETF,UVXY,6883825000,7976075000,-13.69408,-1092250000,0,139305671.9533804
11/09/2012,ProShares Ultra VIX Short-Term Futures ETF,UVXY,7976075000,7782550000,2.48665,193525000,0,147052236.1258724
11/08/2012,ProShares Ultra VIX Short-Term Futures ETF,UVXY,7782550000,7993350000,-2.63719,-210800000,0,168388440.2081736
11/07/2012,ProShares Ultra VIX Short-Term Futures ETF,UVXY,7993350000,6792700000,17.67559,1200650000,0,172949449.5426312
11/06/2012,ProShares Ultra VIX Short-Term Futures ETF,UVXY,6792700000,7532875000,-9.82593,-740175000,0,165990945.7028944
11/05/2012,ProShares Ultra VIX Short-Term Futures ETF,UVXY,7532875000,7291675000,3.30788,241200000,0,172025755.456842
11/02/2012,ProShares Ultra VIX Short-Term Futures ETF,UVXY,7291675000,6674300000,9.25003,617375000,0,192767581.4555556
11/01/2012,ProShares Ultra VIX Short-Term Futures ETF,UVXY,6674300000,8264750000,-19.24378,-1590450000,0,165767364.3689296
10/31/2012,ProShares Ultra VIX Short-Term Futures ETF,UVXY,8264750000,7707575000,7.22893,557175000,0,165598040.877412
10/26/2012,ProShares Ultra VIX Short-Term Futures ETF,UVXY,7707575000,7738375000,-0.39802,-30800000,0,139018961.1244404
10/25/2012,ProShares Ultra VIX Short-Term Futures ETF,UVXY,7738375000,8073100000,-4.14618,-334725000,0,142669840.457938
10/24/2012,ProShares Ultra VIX Short-Term Futures ETF,UVXY,8073100000,8442100000,-4.37095,-369000000,0,158528773.7097232
10/23/2012,ProShares Ultra VIX Short-Term Futures ETF,UVXY,8442100000,7019750000,20.26212,1422350000,0,179282063.7116912
10/22/2012,ProShares Ultra VIX Short-Term Futures ETF,UVXY,7019750000,7239525000,-3.03577,-219775000,0,171539290.870772
10/19/2012,ProShares Ultra VIX Short-Term Futures ETF,UVXY,7239525000,6541450000,10.67156,698075000,0,208763769.2886108
10/18/2012,ProShares Ultra VIX Short-Term Futures ETF,UVXY,6541450000,6352550000,2.97361,188900000,0,209566253.2015544
10/17/2012,ProShares Ultra VIX Short-Term Futures ETF,UVXY,6352550000,6588975000,-3.58819,-236425000,0,188268406.8672136
10/16/2012,ProShares Ultra VIX Short-Term Futures ETF,UVXY,6588975000,6905450000,-4.58297,-316475000,0,151788020.7851412
10/15/2012,ProShares Ultra VIX Short-Term Futures ETF,UVXY,6905450000,7640475000,-9.62015,-735025000,0,156316369.8701624
10/12/2012,ProShares Ultra VIX Short-Term Futures ETF,UVXY,7640475000,7263175000,5.19470,377300000,0,172954885.7907492
10/11/2012,ProShares Ultra VIX Short-Term Futures ETF,UVXY,7263175000,7779200000,-6.63339,-516025000,0,161508801.4554036
10/10/2012,ProShares Ultra VIX Short-Term Futures ETF,UVXY,7779200000,7703475000,0.98300,75725000,0,182318517.3748224
10/09/2012,ProShares Ultra VIX Short-Term Futures ETF,UVXY,7703475000,7119375000,8.20437,584100000,0,200572810.7910852
10/08/2012,ProShares Ultra VIX Short-Term Futures ETF,UVXY,7119375000,6992650000,1.81226,126725000,0,203875168.78797
10/05/2012,ProShares Ultra VIX Short-Term Futures ETF,UVXY,6992650000,7086000000,-1.31739,-93350000,0,200246187.2039608
10/04/2012,ProShares Ultra VIX Short-Term Futures ETF,UVXY,7086000000,7508775000,-5.63041,-422775000,0,177409820.037792
10/03/2012,ProShares Ultra VIX Short-Term Futures ETF,UVXY,7508775000,7663525000,-2.01931,-154750000,0,187994696.7900468
10/02/2012,ProShares Ultra VIX Short-Term Futures ETF,UVXY,7663525000,7981025000,-3.97819,-317500000,0,194934530.9575388
10/01/2012,ProShares Ultra VIX Short-Term Futures ETF,UVXY,7981025000,7596750000,5.05841,384275000,0,203010672.6258988
09/28/2012,ProShares Ultra VIX Short-Term Futures ETF,UVXY,7596750000,7331675000,3.61548,265075000,0,193235997.540516
09/27/2012,ProShares Ultra VIX Short-Term Futures ETF,UVXY,7331675000,8789975000,-16.59049,-1458300000,0,182094368.1224356
09/26/2012,ProShares Ultra VIX Short-Term Futures ETF,UVXY,8789975000,8234325000,6.74797,555650000,0,206007714.1302132
09/25/2012,ProShares Ultra VIX Short-Term Futures ETF,UVXY,8234325000,7212450000,14.16821,1021875000,0,211100645.2939164
09/24/2012,ProShares Ultra VIX Short-Term Futures ETF,UVXY,7212450000,7368775000,-2.12145,-156325000,0,184903176.5384664
09/21/2012,ProShares Ultra VIX Short-Term Futures ETF,UVXY,7368775000,7673400000,-3.96988,-304625000,0,181542053.4559668
09/20/2012,ProShares Ultra VIX Short-Term Futures ETF,UVXY,7673400000,7351475000,4.37905,321925000,0,184442958.0409248
09/19/2012,ProShares Ultra VIX Short-Term Futures ETF,UVXY,7351475000,7539175000,-2.48966,-187700000,0,176704954.1225412
09/18/2012,ProShares Ultra VIX Short-Term Futures ETF,UVXY,7539175000,8128125000,-7.24583,-588950000,0,169153956.4568756
09/17/2012,ProShares Ultra VIX Short-Term Futures ETF,UVXY,8128125000,8655625000,-6.09430,-527500000,0,187244906.29335
09/14/2012,ProShares Ultra VIX Short-Term Futures ETF,UVXY,8655625000,7794950000,11.04144,860675000,0,211514622.96283
09/13/2012,ProShares Ultra VIX Short-Term Futures ETF,UVXY,7794950000,8935100000,-12.76035,-1140150000,0,202954514.8749064
09/12/2012,ProShares Ultra VIX Short-Term Futures ETF,UVXY,8935100000,9765325000,-8.50177,-830225000,0,212983000.3809872
09/11/2012,ProShares Ultra VIX Short-Term Futures ETF,UVXY,9765325000,9880000000,-1.16068,-114675000,0,244491186.9687484
09/10/2012,ProShares Ultra VIX Short-Term Futures ETF,UVXY,9880000000,8684675000,13.76361,1195325000,0,247362266.71936
09/07/2012,ProShares Ultra VIX Short-Term Futures ETF,UVXY,8684675000,9807250000,-11.44638,-1122575000,0,213961443.1296516
09/06/2012,ProShares Ultra VIX Short-Term Futures ETF,UVXY,9807250000,12240500000,-19.87868,-2433250000,0,245540849.218972
09/05/2012,ProShares Ultra VIX Short-Term Futures ETF,UVXY,12240500000,12833500000,-4.62072,-593000000,0,285407658.398616
09/04/2012,ProShares Ultra VIX Short-Term Futures ETF,UVXY,12833500000,13321750000,-3.66506,-488250000,0,280754201.735112
08/31/2012,ProShares Ultra VIX Short-Term Futures ETF,UVXY,13321750000,14399000000,-7.48142,-1077250000,0,291435484.237716
08/30/2012,ProShares Ultra VIX Short-Term Futures ETF,UVXY,14399000000,13840750000,4.03338,558250000,0,314714143.410128
08/29/2012,ProShares Ultra VIX Short-Term Futures ETF,UVXY,13840750000,13496000000,2.55446,344750000,0,310817109.240484
08/28/2012,ProShares Ultra VIX Short-Term Futures ETF,UVXY,13496000000,13236000000,1.96434,260000000,0,303075173.405312
08/27/2012,ProShares Ultra VIX Short-Term Futures ETF,UVXY,13236000000,12928000000,2.38243,308000000,0,295648120.070592
08/24/2012,ProShares Ultra VIX Short-Term Futures ETF,UVXY,12928000000,13945250000,-7.29460,-1017250000,0,283080106.735616
08/23/2012,ProShares Ultra VIX Short-Term Futures ETF,UVXY,13945250000,13516500000,3.17205,428750000,0,305354490.907708
08/22/2012,ProShares Ultra VIX Short-Term Futures ETF,UVXY,13516500000,13164250000,2.67581,352250000,0,306509165.072088
08/21/2012,ProShares Ultra VIX Short-Term Futures ETF,UVXY,13164250000,12487000000,5.42364,677250000,0,298521309.236876
08/20/2012,ProShares Ultra VIX Short-Term Futures ETF,UVXY,12487000000,12475250000,0.09419,11750000,0,270177056.733264
08/17/2012,ProShares Ultra VIX Short-Term Futures ETF,UVXY,12475250000,13316750000,-6.31911,-841500000,0,262936685.899868
08/16/2012,ProShares Ultra VIX Short-Term Futures ETF,UVXY,13316750000,13698750000,-2.78858,-382000000,0,267355950.904356
08/15/2012,ProShares Ultra VIX Short-Term Futures ETF,UVXY,13698750000,13756500000,-0.41980,-57750000,0,273381387.57306
08/14/2012,ProShares Ultra VIX Short-Term Futures ETF,UVXY,13756500000,12729250000,8.07000,1027250000,0,274533885.073368
08/13/2012,ProShares Ultra VIX Short-Term Futures ETF,UVXY,12729250000,13278750000,-4.13819,-549500000,0,254033399.234556
08/10/2012,ProShares Ultra VIX Short-Term Futures ETF,UVXY,13278750000,13477750000,-1.47651,-199000000,0,261281537.57082
08/09/2012,ProShares Ultra VIX Short-Term Futures ETF,UVXY,13477750000,13860250000,-2.75969,-382500000,0,261153869.238548
08/08/2012,ProShares Ultra VIX Short-Term Futures ETF,UVXY,13860250000,15175250000,-8.66543,-1315000000,0,253596374.240588
08/07/2012,ProShares Ultra VIX Short-Term Futures ETF,UVXY,15175250000,14017750000,8.25739,1157500000,0,270372370.914268
08/06/2012,ProShares Ultra VIX Short-Term Futures ETF,UVXY,14017750000,14619250000,-4.11444,-601500000,0,238535379.241428
08/03/2012,ProShares Ultra VIX Short-Term Futures ETF,UVXY,14619250000,17057250000,-14.29304,-2438000000,0,227426799.244636
08/02/2012,ProShares Ultra VIX Short-Term Futures ETF,UVXY,17057250000,18590000000,-8.24502,-1532750000,0,243520672.590972
08/01/2012,ProShares Ultra VIX Short-Term Futures ETF,UVXY,18590000000,19032500000,-2.32497,-442500000,0,265403233.43248
07/31/2012,ProShares Ultra VIX Short-Term Futures ETF,UVXY,19032500000,18304250000,3.97858,728250000,0,271720658.43484
07/30/2012,ProShares Ultra VIX Short-Term Futures ETF,UVXY,18304250000,16892250000,8.35886,1412000000,0,263154100.930956
07/27/2012,ProShares Ultra VIX Short-Term Futures ETF,UVXY,16892250000,17738500000,-4.77070,-846250000,0,239813642.590092
07/26/2012,ProShares Ultra VIX Short-Term Futures ETF,UVXY,17738500000,21444250000,-17.28086,-3705750000,0,233734301.761272
07/25/2012,ProShares Ultra VIX Short-Term Futures ETF,UVXY,21444250000,23000500000,-6.76616,-1556250000,0,255972864.281036
07/24/2012,ProShares Ultra VIX Short-Term Futures ETF,UVXY,23000500000,20959500000,9.73783,2041000000,0,301229881.789336
07/23/2012,ProShares Ultra VIX Short-Term Futures ETF,UVXY,20959500000,17965250000,16.66690,2994250000,0,299650985.111784
07/20/2012,ProShares Ultra VIX Short-Term Futures ETF,UVXY,17965250000,16294000000,10.25684,1671250000,0,269418865.929148
07/19/2012,ProShares Ultra VIX Short-Term Futures ETF,UVXY,16294000000,17121250000,-4.83171,-827250000,0,244355686.753568
07/18/2012,ProShares Ultra VIX Short-Term Futures ETF,UVXY,17121250000,16939250000,1.07443,182000000,0,249570754.25798
07/17/2012,ProShares Ultra VIX Short-Term Futures ETF,UVXY,16939250000,18365250000,-7.76466,-1426000000,0,241836025.923676
07/16/2012,ProShares Ultra VIX Short-Term Futures ETF,UVXY,18365250000,18484500000,-0.64514,-119250000,0,262929162.597948
07/13/2012,ProShares Ultra VIX Short-Term Futures ETF,UVXY,18484500000,21010250000,-12.02151,-2525750000,0,258721385.098584
07/12/2012,ProShares Ultra VIX Short-Term Futures ETF,UVXY,21010250000,20679500000,1.59941,330750000,0,277265265.945388
07/11/2012,ProShares Ultra VIX Short-Term Futures ETF,UVXY,20679500000,22413750000,-7.73744,-1734250000,0,272900468.443624
07/10/2012,ProShares Ultra VIX Short-Term Futures ETF,UVXY,22413750000,20846750000,7.51676,1567000000,0,302510912.61954
07/09/2012,ProShares Ultra VIX Short-Term Futures ETF,UVXY,20846750000,20863750000,-0.08148,-17000000,0,284697115.944516
07/06/2012,ProShares Ultra VIX Short-Term Futures ETF,UVXY,20863750000,21745250000,-4.05376,-881500000,0,284929279.27794
07/05/2012,ProShares Ultra VIX Short-Term Futures ETF,UVXY,21745250000,19881250000,9.37567,1864000000,0,296967630.949308
07/03/2012,ProShares Ultra VIX Short-Term Futures ETF,UVXY,19881250000,20856500000,-4.67600,-975250000,0,271511604.2727
07/02/2012,ProShares Ultra VIX Short-Term Futures ETF,UVXY,20856500000,24055500000,-13.29841,-3199000000,0,284830268.444568
06/29/2012,ProShares Ultra VIX Short-Term Futures ETF,UVXY,24055500000,28249750000,-14.84703,-4194250000,0,299170235.128296
06/28/2012,ProShares Ultra VIX Short-Term Futures ETF,UVXY,28249750000,29166750000,-3.14399,-917000000,0,295963214.317332
06/27/2012,ProShares Ultra VIX Short-Term Futures ETF,UVXY,29166750000,29298500000,-0.44968,-131750000,0,312570337.655556
06/26/2012,ProShares Ultra VIX Short-Term Futures ETF,UVXY,29298500000,31120000000,-5.85315,-1821500000,0,309294498.489592
06/25/2012,ProShares Ultra VIX Short-Term Futures ETF,UVXY,31120000000,29618250000,5.07035,1501750000,0,343461066.83264
06/22/2012,ProShares Ultra VIX Short-Term Futures ETF,UVXY,29618250000,33713750000,-12.14786,-4095500000,0,341103512.657964
06/21/2012,ProShares Ultra VIX Short-Term Futures ETF,UVXY,33713750000,26363750000,27.87919,7350000000,0,388270021.01314
06/20/2012,ProShares Ultra VIX Short-Term Futures ETF,UVXY,26363750000,30381750000,-13.22504,-4018000000,0,283586070.97394
06/19/2012,ProShares Ultra VIX Short-Term Futures ETF,UVXY,30381750000,30176000000,0.68183,205750000,0,311007847.662036
06/18/2012,ProShares Ultra VIX Short-Term Futures ETF,UVXY,30176000000,36101000000,-16.41229,-5925000000,0,266655253.494272
06/15/2012,ProShares Ultra VIX Short-Term Futures ETF,UVXY,36101000000,40878500000,-11.68707,-4777500000,0,251142623.525872
06/14/2012,ProShares Ultra VIX Short-Term Futures ETF,UVXY,40878500000,46958250000,-12.94714,-6079750000,0,271296978.551352
06/13/2012,ProShares Ultra VIX Short-Term Futures ETF,UVXY,46958250000,42681250000,10.02079,4277000000,0,315402912.750444
06/12/2012,ProShares Ultra VIX Short-Term Futures ETF,UVXY,42681250000,45904250000,-7.02114,-3223000000,0,286675729.3943
06/11/2012,ProShares Ultra VIX Short-Term Futures ETF,UVXY,45904250000,37405250000,22.72141,8499000000,0,319340566.078156
06/08/2012,ProShares Ultra VIX Short-Term Futures ETF,UVXY,37405250000,42300500000,-11.57256,-4895250000,0,245253756.032828
06/07/2012,ProShares Ultra VIX Short-Term Futures ETF,UVXY,42300500000,43198750000,-2.07934,-898250000,0,238433818.558936
06/06/2012,ProShares Ultra VIX Short-Term Futures ETF,UVXY,43198750000,50840000000,-15.03000,-7641250000,0,199434229.39706
06/05/2012,ProShares Ultra VIX Short-Term Futures ETF,UVXY,50840000000,55726750000,-8.76913,-4886750000,0,189972133.60448
06/04/2012,ProShares Ultra VIX Short-Term Futures ETF,UVXY,55726750000,58834500000,-5.28219,-3107750000,0,208232289.463876
06/01/2012,ProShares Ultra VIX Short-Term Futures ETF,UVXY,58834500000,51942750000,13.26797,6891750000,0,233965195.313784
05/31/2012,ProShares Ultra VIX Short-Term Futures ETF,UVXY,51942750000,50539750000,2.77603,1403000000,0,227336102.777028
05/30/2012,ProShares Ultra VIX Short-Term Futures ETF,UVXY,50539750000,41782750000,20.95841,8757000000,0,255562669.436212
05/29/2012,ProShares Ultra VIX Short-Term Futures ETF,UVXY,41782750000,47322250000,-11.70591,-5539500000,0,197910959.389508
05/25/2012,ProShares Ultra VIX Short-Term Futures ETF,UVXY,47322250000,46414000000,1.95684,908250000,0,205220824.419052
05/24/2012,ProShares Ultra VIX Short-Term Futures ETF,UVXY,46414000000,48335000000,-3.97435,-1921000000,0,190142686.914208
05/23/2012,ProShares Ultra VIX Short-Term Futures ETF,UVXY,48335000000,48919000000,-1.19381,-584000000,0,198012383.59112
05/22/2012,ProShares Ultra VIX Short-Term Futures ETF,UVXY,48919000000,46301500000,5.65316,2617500000,0,210188636.927568
05/21/2012,ProShares Ultra VIX Short-Term Futures ETF,UVXY,46301500000,62920250000,-26.41240,-16618750000,0,198942111.913608
05/18/2012,ProShares Ultra VIX Short-Term Futures ETF,UVXY,62920250000,54767750000,14.88559,8152500000,0,264055316.168908
05/17/2012,ProShares Ultra VIX Short-Term Futures ETF,UVXY,54767750000,47807000000,14.56011,6960750000,0,229841991.125428
05/16/2012,ProShares Ultra VIX Short-Term Futures ETF,UVXY,47807000000,45884500000,4.18987,1922500000,0,210191443.588304
05/15/2012,ProShares Ultra VIX Short-Term Futures ETF,UVXY,45884500000,42727000000,7.38994,3157500000,0,209080371.911384
05/14/2012,ProShares Ultra VIX Short-Term Futures ETF,UVXY,42727000000,37669250000,13.42673,5057750000,0,193838156.894544
05/11/2012,ProShares Ultra VIX Short-Term Futures ETF,UVXY,37669250000,35122500000,7.25105,2546750000,0,210822236.034236
05/10/2012,ProShares Ultra VIX Short-Term Futures ETF,UVXY,35122500000,38835000000,-9.55968,-3712500000,0,178305225.18732
05/09/2012,ProShares Ultra VIX Short-Term Futures ETF,UVXY,38835000000,35792500000,8.50038,3042500000,0,186278550.20712
05/08/2012,ProShares Ultra VIX Short-Term Futures ETF,UVXY,35792500000,35222500000,1.61828,570000000,0,194591891.85756
05/07/2012,ProShares Ultra VIX Short-Term Futures ETF,UVXY,35222500000,37427500000,-5.89139,-2205000000,0,215444291.85452
05/04/2012,ProShares Ultra VIX Short-Term Futures ETF,UVXY,37427500000,33942500000,10.26736,3485000000,0,239411241.86628
05/03/2012,ProShares Ultra VIX Short-Term Futures ETF,UVXY,33942500000,31720000000,7.00662,2222500000,0,234768958.51436
05/02/2012,ProShares Ultra VIX Short-Term Futures ETF,UVXY,31720000000,31805000000,-0.26725,-85000000,0,218127866.83584
05/01/2012,ProShares Ultra VIX Short-Term Futures ETF,UVXY,31805000000,33357500000,-4.65413,-1552500000,0,209170883.50296
04/30/2012,ProShares Ultra VIX Short-Term Futures ETF,UVXY,33357500000,32072500000,4.00655,1285000000,0,216045408.51124
04/27/2012,ProShares Ultra VIX Short-Term Futures ETF,UVXY,32070000000,32140000000,-0.21780,-70000000,0,207706700.17104
04/26/2012,ProShares Ultra VIX Short-Term Futures ETF,UVXY,32140000000,34037500000,-5.57473,-1897500000,0,195946866.83808
04/25/2012,ProShares Ultra VIX Short-Term Futures ETF,UVXY,34037500000,38410000000,-11.38375,-4372500000,0,180285291.8482
04/24/2012,ProShares Ultra VIX Short-Term Futures ETF,UVXY,38410000000,41710000000,-7.91177,-3300000000,0,169644166.87152
04/23/2012,ProShares Ultra VIX Short-Term Futures ETF,UVXY,41710000000,38410000000,8.59151,3300000000,0,187555966.88912
04/20/2012,ProShares Ultra VIX Short-Term Futures ETF,UVXY,38410000000,41150000000,-6.65857,-2740000000,0,181935366.87152
04/19/2012,ProShares Ultra VIX Short-Term Futures ETF,UVXY,41150000000,41730000000,-1.38989,-580000000,0,180099833.5528
04/18/2012,ProShares Ultra VIX Short-Term Futures ETF,UVXY,41730000000,39365000000,6.00788,2365000000,0,186811300.22256
04/17/2012,ProShares Ultra VIX Short-Term Futures ETF,UVXY,39365000000,45402500000,-13.29773,-6037500000,0,160477983.54328
04/16/2012,ProShares Ultra VIX Short-Term Futures ETF,UVXY,45400000000,46810000000,-3.01218,-1410000000,0,166920666.9088
04/13/2012,ProShares Ultra VIX Short-Term Futures ETF,UVXY,46810000000,39882500000,17.36977,6927500000,0,179594366.91632
04/12/2012,ProShares Ultra VIX Short-Term Futures ETF,UVXY,39882500000,50932500000,-21.69538,-11050000000,0,134669908.54604
04/11/2012,ProShares Ultra VIX Short-Term Futures ETF,UVXY,50932500000,52712500000,-3.37681,-1780000000,0,169944775.27164
04/10/2012,ProShares Ultra VIX Short-Term Futures ETF,UVXY,52710000000,46697500000,12.87542,6012500000,0,169550500.28112
04/09/2012,ProShares Ultra VIX Short-Term Futures ETF,UVXY,46697500000,42190000000,10.68381,4507500000,0,161417691.91572
04/05/2012,ProShares Ultra VIX Short-Term Futures ETF,UVXY,42190000000,39977500000,5.53436,2212500000,0,145836766.89168
04/04/2012,ProShares Ultra VIX Short-Term Futures ETF,UVXY,39977500000,37340000000,7.06347,2637500000,0,139787991.87988
04/03/2012,ProShares Ultra VIX Short-Term Futures ETF,UVXY,37340000000,35952500000,3.85926,1387500000,0,130565533.53248
04/02/2012,ProShares Ultra VIX Short-Term Futures ETF,UVXY,35952500000,35742500000,0.58754,210000000,0,125713908.52508
03/30/2012,ProShares Ultra VIX Short-Term Futures ETF,UVXY,35742500000,37370000000,-4.35510,-1627500000,0,119975658.52396
03/29/2012,ProShares Ultra VIX Short-Term Futures ETF,UVXY,37370000000,39182500000,-4.62579,-1812500000,0,125438633.53264
03/28/2012,ProShares Ultra VIX Short-Term Futures ETF,UVXY,39182500000,38860000000,0.82990,322500000,0,135440841.87564
03/27/2012,ProShares Ultra VIX Short-Term Futures ETF,UVXY,38860000000,31647500000,22.79011,7212500000,0,134326066.87392
03/26/2012,ProShares Ultra VIX Short-Term Futures ETF,UVXY,31647500000,38097500000,-16.93024,-6450000000,0,118889108.50212
03/23/2012,ProShares Ultra VIX Short-Term Futures ETF,UVXY,38095000000,44572500000,-14.53250,-6477500000,0,153776816.86984
03/22/2012,ProShares Ultra VIX Short-Term Futures ETF,UVXY,44575000000,43347500000,2.83177,1227500000,0,179934416.9044
03/21/2012,ProShares Ultra VIX Short-Term Futures ETF,UVXY,43345000000,48457500000,-10.55048,-5112500000,0,190573516.89784
03/20/2012,ProShares Ultra VIX Short-Term Futures ETF,UVXY,48460000000,53095000000,-8.72964,-4635000000,0,231477266.92512
03/19/2012,ProShares Ultra VIX Short-Term Futures ETF,UVXY,53092500000,61997500000,-14.36348,-8905000000,0,221749675.28316
03/16/2012,ProShares Ultra VIX Short-Term Futures ETF,UVXY,62000000000,63480000000,-2.33144,-1480000000,0,239113333.664
03/15/2012,ProShares Ultra VIX Short-Term Futures ETF,UVXY,63477500000,66040000000,-3.88022,-2562500000,0,211803258.67188
03/14/2012,ProShares Ultra VIX Short-Term Futures ETF,UVXY,66042500000,59885000000,10.28221,6157500000,0,200549058.68556
03/13/2012,ProShares Ultra VIX Short-Term Futures ETF,UVXY,59882500000,64555000000,-7.23801,-4672500000,0,168669041.98604
03/12/2012,ProShares Ultra VIX Short-Term Futures ETF,UVXY,64555000000,71775000000,-10.05921,-7220000000,0,161172317.01096
03/09/2012,ProShares Ultra VIX Short-Term Futures ETF,UVXY,71775000000,75540000000,-4.98411,-3765000000,0,127520250.3828
03/08/2012,ProShares Ultra VIX Short-Term Futures ETF,UVXY,75537500000,81217500000,-6.99357,-5680000000,0,141758708.7362
03/07/2012,ProShares Ultra VIX Short-Term Futures ETF,UVXY,81220000000,93267500000,-12.91715,-12047500000,0,113437267.09984
03/06/2012,ProShares Ultra VIX Short-Term Futures ETF,UVXY,93267500000,79127500000,17.86989,14140000000,0,130263608.83076
03/05/2012,ProShares Ultra VIX Short-Term Futures ETF,UVXY,79127500000,80227500000,-1.37110,-1100000000,0,118955008.54434
03/02/2012,ProShares Ultra VIX Short-Term Futures ETF,UVXY,80225000000,77537500000,3.46606,2687500000,0,118733000.3209
03/01/2012,ProShares Ultra VIX Short-Term Futures ETF,UVXY,77540000000,83922500000,-7.60523,-6382500000,0,104420533.43672
02/29/2012,ProShares Ultra VIX Short-Term Futures ETF,UVXY,83922500000,83362500000,0.67176,560000000,0,106861316.89046
02/28/2012,ProShares Ultra VIX Short-Term Futures ETF,UVXY,83362500000,88325000000,-5.61845,-4962500000,0,88642125.2223
02/27/2012,ProShares Ultra VIX Short-Term Futures ETF,UVXY,88325000000,85837500000,2.89792,2487500000,0,93918916.9022
02/24/2012,ProShares Ultra VIX Short-Term Futures ETF,UVXY,85837500000,78725000000,9.03461,7112500000,0,91273875.2289
02/23/2012,ProShares Ultra VIX Short-Term Futures ETF,UVXY,78725000000,90715000000,-13.21722,-11990000000,0,63242416.8766
02/22/2012,ProShares Ultra VIX Short-Term Futures ETF,UVXY,90717500000,96835000000,-6.31745,-6117500000,0,26912858.45429
02/21/2012,ProShares Ultra VIX Short-Term Futures ETF,UVXY,96835000000,96847500000,-0.01291,-12500000,0,27759366.79578
02/17/2012,ProShares Ultra VIX Short-Term Futures ETF,UVXY,96850000000,98330000000,-1.50514,-1480000000,0,23889666.7958
02/16/2012,ProShares Ultra VIX Short-Term Futures ETF,UVXY,98330000000,111400000000,-11.73250,-13070000000,0,24254733.46444
02/15/2012,ProShares Ultra VIX Short-Term Futures ETF,UVXY,111400000000,96012500000,16.02656,15387500000,0,27107333.6304
02/14/2012,ProShares Ultra VIX Short-Term Futures ETF,UVXY,96012500000,91402500000,5.04363,4610000000,0,23363041.9227
02/13/2012,ProShares Ultra VIX Short-Term Futures ETF,UVXY,91400000000,107390000000,-14.88965,-15990000000,0,22240666.9104
02/10/2012,ProShares Ultra VIX Short-Term Futures ETF,UVXY,107390000000,93425000000,14.94782,13965000000,0,25057666.95304
02/09/2012,ProShares Ultra VIX Short-Term Futures ETF,UVXY,93425000000,85845000000,8.82987,7580000000,0,21176333.4579
02/08/2012,ProShares Ultra VIX Short-Term Futures ETF,UVXY,85847500000,80602500000,6.50724,5245000000,0,19458766.78113
02/07/2012,ProShares Ultra VIX Short-Term Futures ETF,UVXY,80600000000,78765000000,2.32971,1835000000,0,17732000
02/06/2012,ProShares Ultra VIX Short-Term Futures ETF,UVXY,78765000000,80192500000,-1.78009,-1427500000,0,17328300
02/03/2012,ProShares Ultra VIX Short-Term Futures ETF,UVXY,80192500000,88550000000,-9.43817,-8357500000,0,16840425
02/02/2012,ProShares Ultra VIX Short-Term Futures ETF,UVXY,88547500000,94875000000,-6.66930,-6327500000,0,16233708.56946
02/01/2012,ProShares Ultra VIX Short-Term Futures ETF,UVXY,94877500000,103160000000,-8.02879,-8282500000,0,16761691.79317
01/31/2012,ProShares Ultra VIX Short-Term Futures ETF,UVXY,103157500000,101285000000,1.84874,1872500000,0,18224491.80421
01/30/2012,ProShares Ultra VIX Short-Term Futures ETF,UVXY,101285000000,96925000000,4.49832,4360000000,0,16880833.46838
01/27/2012,ProShares Ultra VIX Short-Term Futures ETF,UVXY,96925000000,100565000000,-3.61955,-3640000000,0,16154166.7959
01/26/2012,ProShares Ultra VIX Short-Term Futures ETF,UVXY,100565000000,100807500000,-0.24056,-242500000,0,16760833.46742
01/25/2012,ProShares Ultra VIX Short-Term Futures ETF,UVXY,100807500000,107125000000,-5.89732,-6317500000,0,14449075.26882
01/24/2012,ProShares Ultra VIX Short-Term Futures ETF,UVXY,107125000000,108442500000,-1.21493,-1317500000,0,13926250
01/23/2012,ProShares Ultra VIX Short-Term Futures ETF,UVXY,108442500000,113885000000,-4.77894,-5442500000,0,14097525
01/20/2012,ProShares Ultra VIX Short-Term Futures ETF,UVXY,113885000000,121165000000,-6.00834,-7280000000,0,12527350
01/19/2012,ProShares Ultra VIX Short-Term Futures ETF,UVXY,121167500000,128277500000,-5.54267,-7110000000,0,12116750
01/18/2012,ProShares Ultra VIX Short-Term Futures ETF,UVXY,128277500000,136885000000,-6.28813,-8607500000,0,11544975
01/17/2012,ProShares Ultra VIX Short-Term Futures ETF,UVXY,136885000000,138602500000,-1.23916,-1717500000,0,12319650
01/13/2012,ProShares Ultra VIX Short-Term Futures ETF,UVXY,138602500000,134605000000,2.96980,3997500000,0,12474225
01/12/2012,ProShares Ultra VIX Short-Term Futures ETF,UVXY,134605000000,140005000000,-3.85701,-5400000000,0,11665766.84614
01/11/2012,ProShares Ultra VIX Short-Term Futures ETF,UVXY,140005000000,133985000000,4.49304,6020000000,0,12133766.85334
01/10/2012,ProShares Ultra VIX Short-Term Futures ETF,UVXY,133985000000,139875000000,-4.21090,-5890000000,0,11612033.51198
01/09/2012,ProShares Ultra VIX Short-Term Futures ETF,UVXY,139875000000,142655000000,-1.94876,-2780000000,0,10723750.1865
01/06/2012,ProShares Ultra VIX Short-Term Futures ETF,UVXY,142655000000,149797500000,-4.76810,-7142500000,0,10936883.52354
01/05/2012,ProShares Ultra VIX Short-Term Futures ETF,UVXY,149797500000,155117500000,-3.42966,-5320000000,0,8987850
01/04/2012,ProShares Ultra VIX Short-Term Futures ETF,UVXY,155117500000,162255000000,-4.39894,-7137500000,0,8789991.87349
01/03/2012,ProShares Ultra VIX Short-Term Futures ETF,UVXY,162255000000,185177500000,-12.37866,-22922500000,0,8653599.78366
12/30/2011,ProShares Ultra VIX Short-Term Futures ETF,UVXY,185177500000,175875000000,5.28927,9302500000,0,9876133.08643
12/29/2011,ProShares Ultra VIX Short-Term Futures ETF,UVXY,175872500000,185480000000,-5.17980,-9607500000,0,7034900
12/28/2011,ProShares Ultra VIX Short-Term Futures ETF,UVXY,185480000000,169972500000,9.12353,15507500000,0,7419200
12/27/2011,ProShares Ultra VIX Short-Term Futures ETF,UVXY,169972500000,173240000000,-1.88611,-3267500000,0,6798900
12/23/2011,ProShares Ultra VIX Short-Term Futures ETF,UVXY,173240000000,165690000000,4.55670,7550000000,0,6352133.56432
12/22/2011,ProShares Ultra VIX Short-Term Futures ETF,UVXY,165692500000,158050000000,4.83550,7642500000,0,6075391.88759
12/21/2011,ProShares Ultra VIX Short-Term Futures ETF,UVXY,158050000000,187055000000,-15.50613,-29005000000,0,5795166.8774
12/20/2011,ProShares Ultra VIX Short-Term Futures ETF,UVXY,187052500000,214387500000,-12.75028,-27335000000,0,6858591.91607
12/19/2011,ProShares Ultra VIX Short-Term Futures ETF,UVXY,214387500000,222207500000,-3.51923,-7820000000,0,6431625
12/16/2011,ProShares Ultra VIX Short-Term Futures ETF,UVXY,222207500000,223432500000,-0.54826,-1225000000,0,6666225
12/15/2011,ProShares Ultra VIX Short-Term Futures ETF,UVXY,223435000000,241895000000,-7.63141,-18460000000,0,6703050
12/14/2011,ProShares Ultra VIX Short-Term Futures ETF,UVXY,241892500000,239332500000,1.06964,2560000000,0,7256775
12/13/2011,ProShares Ultra VIX Short-Term Futures ETF,UVXY,239332500000,243980000000,-1.90487,-4647500000,0,7179975
12/12/2011,ProShares Ultra VIX Short-Term Futures ETF,UVXY,243980000000,235750000000,3.49099,8230000000,0,7319400
12/09/2011,ProShares Ultra VIX Short-Term Futures ETF,UVXY,235750000000,284142500000,-17.03107,-48392500000,0,6286666.981
12/08/2011,ProShares Ultra VIX Short-Term Futures ETF,UVXY,284140000000,257970000000,10.14459,26170000000,0,7577067.04552
12/07/2011,ProShares Ultra VIX Short-Term Futures ETF,UVXY,257970000000,248000000000,4.02016,9970000000,0,6879200.34396
12/06/2011,ProShares Ultra VIX Short-Term Futures ETF,UVXY,248000000000,243460000000,1.86478,4540000000,0,6613333.664
12/05/2011,ProShares Ultra VIX Short-Term Futures ETF,UVXY,243460000000,245197500000,-0.70861,-1737500000,0,5680733.00872
12/02/2011,ProShares Ultra VIX Short-Term Futures ETF,UVXY,245197500000,248270000000,-1.23756,-3072500000,0,5721274.67307
12/01/2011,ProShares Ultra VIX Short-Term Futures ETF,UVXY,248270000000,258272500000,-3.87285,-10002500000,0,5759864
11/30/2011,ProShares Ultra VIX Short-Term Futures ETF,UVXY,258272500000,311510000000,-17.09014,-53237500000,0,5165450
11/29/2011,ProShares Ultra VIX Short-Term Futures ETF,UVXY,311510000000,323537500000,-3.71750,-12027500000,0,6230200
11/28/2011,ProShares Ultra VIX Short-Term Futures ETF,UVXY,323540000000,373545000000,-13.38661,-50005000000,0,6470800
11/25/2011,ProShares Ultra VIX Short-Term Futures ETF,UVXY,373545000000,356590000000,4.75476,16955000000,0,7470900
11/23/2011,ProShares Ultra VIX Short-Term Futures ETF,UVXY,356590000000,330697500000,7.82966,25892500000,0,7131800
11/22/2011,ProShares Ultra VIX Short-Term Futures ETF,UVXY,330700000000,343702500000,-3.78307,-13002500000,0,6614000
11/21/2011,ProShares Ultra VIX Short-Term Futures ETF,UVXY,343702500000,331577500000,3.65676,12125000000,0,6874050
11/18/2011,ProShares Ultra VIX Short-Term Futures ETF,UVXY,331577500000,360575000000,-8.04202,-28997500000,0,6631550
11/17/2011,ProShares Ultra VIX Short-Term Futures ETF,UVXY,360572500000,337942500000,6.69641,22630000000,0,7211450
11/16/2011,ProShares Ultra VIX Short-Term Futures ETF,UVXY,337942500000,299657500000,12.77625,38285000000,0,6758850
11/15/2011,ProShares Ultra VIX Short-Term Futures ETF,UVXY,299657500000,300627500000,-0.32266,-970000000,0,5993150
11/14/2011,ProShares Ultra VIX Short-Term Futures ETF,UVXY,300625000000,289965000000,3.67631,10660000000,0,4008332.9325
11/11/2011,ProShares Ultra VIX Short-Term Futures ETF,UVXY,289967500000,318350000000,-8.91550,-28382500000,0,3866232.94671
11/10/2011,ProShares Ultra VIX Short-Term Futures ETF,UVXY,318347500000,364850000000,-12.74565,-46502500000,0,4244632.90887
11/09/2011,ProShares Ultra VIX Short-Term Futures ETF,UVXY,364850000000,260345000000,40.14097,104505000000,0,4864666.1802
11/08/2011,ProShares Ultra VIX Short-Term Futures ETF,UVXY,260345000000,292177500000,-10.89492,-31832500000,0,3471266.31954
11/07/2011,ProShares Ultra VIX Short-Term Futures ETF,UVXY,292180000000,295435000000,-1.10177,-3255000000,0,3895732.94376
11/04/2011,ProShares Ultra VIX Short-Term Futures ETF,UVXY,295435000000,285312500000,3.54786,10122500000,0,3939132.93942
11/03/2011,ProShares Ultra VIX Short-Term Futures ETF,UVXY,285310000000,313830000000,-9.08772,-28520000000,0,3804132.95292
11/02/2011,ProShares Ultra VIX Short-Term Futures ETF,UVXY,313832500000,335227500000,-6.38223,-21395000000,0,4184432.91489
11/01/2011,ProShares Ultra VIX Short-Term Futures ETF,UVXY,335225000000,269412500000,24.42815,65812500000,0,4469666.2197
10/31/2011,ProShares Ultra VIX Short-Term Futures ETF,UVXY,269412500000,215067500000,25.26881,54345000000,0,3592166.30745
10/28/2011,ProShares Ultra VIX Short-Term Futures ETF,UVXY,215067500000,216300000000,-0.56981,-1232500000,0,2867566.37991
10/27/2011,ProShares Ultra VIX Short-Term Futures ETF,UVXY,216302500000,295627500000,-26.83275,-79325000000,0,1442016.95507
10/26/2011,ProShares Ultra VIX Short-Term Futures ETF,UVXY,295625000000,330740000000,-10.61710,-35115000000,0,1970833.7275
10/25/2011,ProShares Ultra VIX Short-Term Futures ETF,UVXY,330740000000,284665000000,16.18569,46075000000,0,2204933.77432
10/24/2011,ProShares Ultra VIX Short-Term Futures ETF,UVXY,284667500000,320580000000,-11.20235,-35912500000,0,1897783.71289
10/21/2011,ProShares Ultra VIX Short-Term Futures ETF,UVXY,320577500000,373707500000,-14.21700,-53130000000,0,2137183.76077
10/20/2011,ProShares Ultra VIX Short-Term Futures ETF,UVXY,373707500000,368575000000,1.39253,5132500000,0,2491383.83161
10/19/2011,ProShares Ultra VIX Short-Term Futures ETF,UVXY,368577500000,311382500000,18.36808,57195000000,0,2457183.82477
10/18/2011,ProShares Ultra VIX Short-Term Futures ETF,UVXY,311382500000,353330000000,-11.87205,-41947500000,0,2075883.74851
10/17/2011,ProShares Ultra VIX Short-Term Futures ETF,UVXY,353330000000,282645000000,25.00840,70685000000,0,2355533.80444
10/14/2011,ProShares Ultra VIX Short-Term Futures ETF,UVXY,282642500000,322172500000,-12.26982,-39530000000,0,1884283.71019
10/13/2011,ProShares Ultra VIX Short-Term Futures ETF,UVXY,322175000000,326882500000,-1.44012,-4707500000,0,2147833.7629
10/12/2011,ProShares Ultra VIX Short-Term Futures ETF,UVXY,326882500000,373612500000,-12.50761,-46730000000,0,2179217.10251
10/11/2011,ProShares Ultra VIX Short-Term Futures ETF,UVXY,373612500000,377377500000,-0.99767,-3765000000,0,2490750.49815
10/10/2011,ProShares Ultra VIX Short-Term Futures ETF,UVXY,377377500000,440710000000,-14.37056,-63332500000,0,2515850.50317
10/07/2011,ProShares Ultra VIX Short-Term Futures ETF,UVXY,440710000000,439167500000,0.35123,1542500000,0,2938067.25428
10/06/2011,ProShares Ultra VIX Short-Term Futures ETF,UVXY,439165000000,451195000000,-2.66625,-12030000000,0,2927767.25222
10/05/2011,ProShares Ultra VIX Short-Term Futures ETF,UVXY,451195000000,504162500000,-10.50604,-52967500000,0,3007967.26826
10/04/2011,ProShares Ultra VIX Short-Term Futures ETF,UVXY,504162500000,600000000000,-15.97292,-95837500000,0,3361084.00555
10/03/2011,ProShares Ultra VIX Short-Term Futures ETF,UVXY,600000000000,600000000000,0.00000,0,0,4000000.8
