Date,ProShares Name,Ticker,NAV,Prior NAV,NAV Change (%),NAV Change ($),Shares Outstanding (000),Assets Under Management
10/01/2026,ProShares VIX Short-Term Futures ETF,VIXY,17.04049607,16.84728888,1.14681,0.19320719,13141.25,223933453.06087964
09/30/2026,ProShares VIX Short-Term Futures ETF,VIXY,16.84728888,16.71245813,0.80677,0.13483075,13141.25,221394468.68887776
09/29/2026,ProShares VIX Short-Term Futures ETF,VIXY,16.71245813,16.76378916,-0.30620,-0.05133103,13091.25,218787000.91927876
09/28/2026,ProShares VIX Short-Term Futures ETF,VIXY,16.76378916,16.60404391,0.96209,0.15974525,13091.25,219458988.36842832
09/25/2026,ProShares VIX Short-Term Futures ETF,VIXY,16.60404391,16.85074318,-1.46403,-0.24669927,12891.25,214046914.26287532
09/24/2026,ProShares VIX Short-Term Futures ETF,VIXY,16.85074318,16.78031373,0.41971,0.07042945,12891.25,217227176.72066136
09/23/2026,ProShares VIX Short-Term Futures ETF,VIXY,16.78031373,16.44745584,2.02377,0.33285789,12766.25,214221713.71623996
09/22/2026,ProShares VIX Short-Term Futures ETF,VIXY,16.44745584,16.9684163,-3.07018,-0.52096046,12741.25,209561179.61631168
09/21/2026,ProShares VIX Short-Term Futures ETF,VIXY,16.9684163,17.05967263,-0.53492,-0.09125633,12541.25,212805184.8592076
09/18/2026,ProShares VIX Short-Term Futures ETF,VIXY,17.05967263,16.99407528,0.38600,0.06559735,12541.25,213949653.49033276
09/17/2026,ProShares VIX Short-Term Futures ETF,VIXY,16.99407528,17.69526061,-3.96256,-0.70118533,12541.25,213126980.59345056
09/16/2026,ProShares VIX Short-Term Futures ETF,VIXY,17.69526061,17.52687263,0.96074,0.16838798,12541.25,221920722.51568372
09/15/2026,ProShares VIX Short-Term Futures ETF,VIXY,17.52687263,17.47921229,0.27267,0.04766034,12541.25,219808926.42473276
09/14/2026,ProShares VIX Short-Term Futures ETF,VIXY,17.47921229,17.32999958,0.86101,0.14921271,12341.25,215715363.63238708
09/11/2026,ProShares VIX Short-Term Futures ETF,VIXY,17.32999958,18.18125938,-4.68207,-0.8512598,12341.25,213873891.97667416
09/10/2026,ProShares VIX Short-Term Futures ETF,VIXY,18.18125938,17.57942226,3.42353,0.60183712,12341.25,224379503.68594376
09/09/2026,ProShares VIX Short-Term Futures ETF,VIXY,17.57942226,17.31091691,1.55108,0.26850535,12341.25,216952080.12506952
09/08/2026,ProShares VIX Short-Term Futures ETF,VIXY,17.31091691,17.02473401,1.68098,0.2861829,12341.25,213638387.93737132
09/04/2026,ProShares VIX Short-Term Futures ETF,VIXY,17.02473401,16.95302066,0.42301,0.07171335,12341.25,210106532.65038052
09/03/2026,ProShares VIX Short-Term Futures ETF,VIXY,16.95302066,17.28495506,-1.92037,-0.3319344,12341.25,209221500.12626632
09/02/2026,ProShares VIX Short-Term Futures ETF,VIXY,17.28495506,17.85578466,-3.19689,-0.5708296,12516.25,216342853.33963512
09/01/2026,ProShares VIX Short-Term Futures ETF,VIXY,17.85578466,17.30005572,3.21230,0.55572894,12516.25,223487500.46229432
08/31/2026,ProShares VIX Short-Term Futures ETF,VIXY,17.30005572,17.62564622,-1.84725,-0.3255905,12516.25,216531857.00556144
08/28/2026,ProShares VIX Short-Term Futures ETF,VIXY,17.62564622,17.38599797,1.37840,0.23964825,12316.25,217081900.50836744
08/27/2026,ProShares VIX Short-Term Futures ETF,VIXY,17.38599797,17.83065034,-2.49375,-0.44465237,12316.25,214130332.27000844
08/26/2026,ProShares VIX Short-Term Futures ETF,VIXY,17.83065034,17.885776,-0.30821,-0.05512566,12316.25,219606782.91132568
08/25/2026,ProShares VIX Short-Term Futures ETF,VIXY,17.885776,18.23717033,-1.92680,-0.35139433,12316.25,220285724.431552
08/24/2026,ProShares VIX Short-Term Futures ETF,VIXY,18.23717033,18.16516767,0.39638,0.07200266,12316.25,224613585.55120316
08/21/2026,ProShares VIX Short-Term Futures ETF,VIXY,18.16516767,18.47247311,-1.66359,-0.30730544,12316.25,223726782.64597284
08/20/2026,ProShares VIX Short-Term Futures ETF,VIXY,18.47247311,18.27787481,1.06467,0.1945983,12216.25,225664386.57498372
08/19/2026,ProShares VIX Short-Term Futures ETF,VIXY,18.27787481,18.88388831,-3.20916,-0.6060135,12066.25,220545443.48191212
08/18/2026,ProShares VIX Short-Term Futures ETF,VIXY,18.88388831,18.73254244,0.80793,0.15134587,12066.25,227857755.08831412
08/17/2026,ProShares VIX Short-Term Futures ETF,VIXY,18.73254244,18.6000071,0.71256,0.13253534,11966.25,224158323.43773488
08/14/2026,ProShares VIX Short-Term Futures ETF,VIXY,18.6000071,18.84326274,-1.29094,-0.24325564,11516.25,214202368.9653892
08/13/2026,ProShares VIX Short-Term Futures ETF,VIXY,18.84326274,18.72260552,0.64445,0.12065722,10966.25,206639967.70905048
08/12/2026,ProShares VIX Short-Term Futures ETF,VIXY,18.72260552,19.29753917,-2.97931,-0.57493365,10591.25,198295833.15891104
08/11/2026,ProShares VIX Short-Term Futures ETF,VIXY,19.29753917,19.47700702,-0.92143,-0.17946785,10516.25,202937784.89159084
08/10/2026,ProShares VIX Short-Term Futures ETF,VIXY,19.47700702,19.53592304,-0.30158,-0.05891602,10291.25,200442787.44858904
08/07/2026,ProShares VIX Short-Term Futures ETF,VIXY,19.53592304,19.50042934,0.18201,0.0354937,10091.25,197141922.44924608
08/06/2026,ProShares VIX Short-Term Futures ETF,VIXY,19.50042934,19.76271424,-1.32717,-0.2622849,10091.25,196783746.57813368
08/05/2026,ProShares VIX Short-Term Futures ETF,VIXY,19.76271424,20.3974948,-3.11205,-0.63478056,9916.25,195972054.60782848
08/04/2026,ProShares VIX Short-Term Futures ETF,VIXY,20.3974948,20.29843833,0.48800,0.09905647,9841.25,200736886.4954896
08/03/2026,ProShares VIX Short-Term Futures ETF,VIXY,20.29843833,20.43356725,-0.66131,-0.13512892,9441.25,191642671.47998916
07/31/2026,ProShares VIX Short-Term Futures ETF,VIXY,20.43356725,21.07663773,-3.05111,-0.64307048,9341.25,190875100.941197
07/30/2026,ProShares VIX Short-Term Futures ETF,VIXY,21.07663773,22.56608442,-6.60038,-1.48944669,9341.25,196882184.34863796
07/29/2026,ProShares VIX Short-Term Futures ETF,VIXY,22.56608442,21.2329141,6.27879,1.33317032,9391.25,211923785.44149384
07/28/2026,ProShares VIX Short-Term Futures ETF,VIXY,21.2329141,21.38476403,-0.71008,-0.15184993,9391.25,199403647.0074532
07/27/2026,ProShares VIX Short-Term Futures ETF,VIXY,21.38476403,21.49706058,-0.52238,-0.11229655,9391.25,200829707.96626556
07/24/2026,ProShares VIX Short-Term Futures ETF,VIXY,21.49706058,21.80501884,-1.41233,-0.30795826,9641.25,207258578.31104616
07/23/2026,ProShares VIX Short-Term Futures ETF,VIXY,21.80501884,20.69905303,5.34307,1.10596581,9791.25,213498434.32718768
07/22/2026,ProShares VIX Short-Term Futures ETF,VIXY,20.69905303,20.59251389,0.51737,0.10653914,9816.25,203187120.70384356
07/21/2026,ProShares VIX Short-Term Futures ETF,VIXY,20.59251389,21.25730249,-3.12734,-0.6647886,9816.25,202141305.65774028
07/20/2026,ProShares VIX Short-Term Futures ETF,VIXY,21.25730249,21.635452,-1.74782,-0.37814951,9816.25,208667038.08206748
07/17/2026,ProShares VIX Short-Term Futures ETF,VIXY,21.635452,20.63358344,4.85552,1.00186856,9816.25,212379048.965904
07/16/2026,ProShares VIX Short-Term Futures ETF,VIXY,20.63358344,20.06803553,2.81815,0.56554791,9841.25,203060294.29606688
07/15/2026,ProShares VIX Short-Term Futures ETF,VIXY,20.06803553,20.66315429,-2.88010,-0.59511876,9841.25,197494594.79568356
07/14/2026,ProShares VIX Short-Term Futures ETF,VIXY,20.66315429,20.97870213,-1.50413,-0.31554784,9841.25,203351308.48277108
07/13/2026,ProShares VIX Short-Term Futures ETF,VIXY,20.97870213,20.35432365,3.06755,0.62437848,9841.25,206456694.29426676
07/10/2026,ProShares VIX Short-Term Futures ETF,VIXY,20.35432365,20.80184871,-2.15137,-0.44752506,9841.25,200312028.3292098
07/09/2026,ProShares VIX Short-Term Futures ETF,VIXY,20.80184871,21.16744809,-1.72718,-0.36559938,9541.25,198475680.60798492
07/08/2026,ProShares VIX Short-Term Futures ETF,VIXY,21.16744809,20.88180625,1.36790,0.28564184,9466.25,200376397.81685868
07/07/2026,ProShares VIX Short-Term Futures ETF,VIXY,20.88180625,20.65613389,1.09252,0.22567236,9466.25,197672440.177675
07/06/2026,ProShares VIX Short-Term Futures ETF,VIXY,20.65613389,21.24783439,-2.78476,-0.5917005,9416.25,194503362.05398028
07/02/2026,ProShares VIX Short-Term Futures ETF,VIXY,21.24783439,21.44220744,-0.90650,-0.19437305,9416.25,200074963.07050628
07/01/2026,ProShares VIX Short-Term Futures ETF,VIXY,21.44220744,21.26612794,0.82798,0.1760795,9341.25,200297063.13331488
06/30/2026,ProShares VIX Short-Term Futures ETF,VIXY,21.26612794,21.74357439,-2.19580,-0.47744645,9341.25,198652260.15178088
06/29/2026,ProShares VIX Short-Term Futures ETF,VIXY,21.74357439,22.46274117,-3.20160,-0.71916678,9291.25,202025029.03823628
06/26/2026,ProShares VIX Short-Term Futures ETF,VIXY,22.46274117,22.50754608,-0.19907,-0.04480491,9491.25,213199537.05524484
06/25/2026,ProShares VIX Short-Term Futures ETF,VIXY,22.50754608,22.8777906,-1.61836,-0.37024452,9541.25,214750169.05089216
06/24/2026,ProShares VIX Short-Term Futures ETF,VIXY,22.8777906,22.98037119,-0.44638,-0.10258059,9616.25,219998599.6128312
06/23/2026,ProShares VIX Short-Term Futures ETF,VIXY,22.98037119,21.80594653,5.38580,1.17442466,9616.25,220985040.41657988
06/22/2026,ProShares VIX Short-Term Futures ETF,VIXY,21.80594653,21.87775859,-0.32824,-0.07181206,9616.25,209691476.93100556
06/18/2026,ProShares VIX Short-Term Futures ETF,VIXY,21.87775859,22.75513086,-3.85571,-0.87737227,9616.25,210382039.79660468
06/17/2026,ProShares VIX Short-Term Futures ETF,VIXY,22.75513086,21.76508252,4.54879,0.99004834,9641.25,219387950.91423672
06/16/2026,ProShares VIX Short-Term Futures ETF,VIXY,21.76508252,21.69632359,0.31692,0.06875893,9641.25,209842645.37611504
06/15/2026,ProShares VIX Short-Term Futures ETF,VIXY,21.69632359,23.32262264,-6.97305,-1.62629905,9641.25,209179723.20473468
06/12/2026,ProShares VIX Short-Term Futures ETF,VIXY,23.32262264,24.39239605,-4.38568,-1.06977341,9641.25,224859282.17314528
06/11/2026,ProShares VIX Short-Term Futures ETF,VIXY,24.39239605,25.67835639,-5.00795,-1.28596034,9816.25,239441906.5106046
06/10/2026,ProShares VIX Short-Term Futures ETF,VIXY,25.67835639,24.31508347,5.60670,1.36327292,10066.25,258484806.36755028
06/09/2026,ProShares VIX Short-Term Futures ETF,VIXY,24.31508347,23.89804555,1.74507,0.41703792,10466.25,254487790.99805444
06/08/2026,ProShares VIX Short-Term Futures ETF,VIXY,23.89804555,24.3480998,-1.84842,-0.45005425,10891.25,260279636.3925286
06/05/2026,ProShares VIX Short-Term Futures ETF,VIXY,24.3480998,22.68692228,7.32218,1.66117752,11241.25,273703125.5729496
06/04/2026,ProShares VIX Short-Term Futures ETF,VIXY,22.68692228,23.4606211,-3.29786,-0.77369882,11291.25,256163756.56789456
06/03/2026,ProShares VIX Short-Term Futures ETF,VIXY,23.4606211,23.46984039,-0.03928,-0.00921929,11016.25,258448114.1141172
06/02/2026,ProShares VIX Short-Term Futures ETF,VIXY,23.46984039,23.81566544,-1.45209,-0.34582505,10816.25,253855708.05801828
06/01/2026,ProShares VIX Short-Term Futures ETF,VIXY,23.81566544,23.22052088,2.56301,0.59514456,10266.25,244497622.95473088
05/29/2026,ProShares VIX Short-Term Futures ETF,VIXY,23.22052088,23.65826268,-1.85027,-0.4377418,9891.25,229680023.59534176
05/28/2026,ProShares VIX Short-Term Futures ETF,VIXY,23.65826268,24.1232965,-1.92774,-0.46503382,9891.25,234009838.05007536
05/27/2026,ProShares VIX Short-Term Futures ETF,VIXY,24.1232965,24.65380863,-2.15185,-0.53051213,9891.25,238609604.752218
05/26/2026,ProShares VIX Short-Term Futures ETF,VIXY,24.65380863,25.45823555,-3.15979,-0.80442692,9891.25,243857033.91910476
05/22/2026,ProShares VIX Short-Term Futures ETF,VIXY,25.45823555,25.24376476,0.84960,0.21447079,9891.25,251813823.3004086
05/21/2026,ProShares VIX Short-Term Futures ETF,VIXY,25.24376476,26.03403392,-3.03552,-0.79026916,9891.25,249692438.66987952
05/20/2026,ProShares VIX Short-Term Futures ETF,VIXY,26.03403392,26.57329672,-2.02934,-0.5392628,9891.25,257509190.07926784
05/19/2026,ProShares VIX Short-Term Futures ETF,VIXY,26.57329672,26.39405433,0.67910,0.17924239,9891.25,262843174.32829344
05/18/2026,ProShares VIX Short-Term Futures ETF,VIXY,26.39405433,26.94273471,-2.03647,-0.54868038,9891.25,261070242.67972116
05/15/2026,ProShares VIX Short-Term Futures ETF,VIXY,26.94273471,26.71684341,0.84550,0.2258913,9891.25,266497378.58575692
05/14/2026,ProShares VIX Short-Term Futures ETF,VIXY,26.71684341,27.2707458,-2.03112,-0.55390239,9841.25,262927188.64234932
05/13/2026,ProShares VIX Short-Term Futures ETF,VIXY,27.2707458,26.87102032,1.48757,0.39972548,9266.25,252697602.8107416
05/12/2026,ProShares VIX Short-Term Futures ETF,VIXY,26.87102032,27.44148386,-2.07884,-0.57046354,9266.25,248993645.78224064
05/11/2026,ProShares VIX Short-Term Futures ETF,VIXY,27.44148386,27.0496853,1.44844,0.39179856,9266.25,254279704.70069272
05/08/2026,ProShares VIX Short-Term Futures ETF,VIXY,27.0496853,26.90522653,0.53692,0.14445877,8966.25,242534294.9204956
05/07/2026,ProShares VIX Short-Term Futures ETF,VIXY,26.90522653,27.11026121,-0.75630,-0.20503468,8666.25,233167473.22606556
05/06/2026,ProShares VIX Short-Term Futures ETF,VIXY,27.11026121,27.64227671,-1.92464,-0.5320155,8616.25,233588842.37118492
05/05/2026,ProShares VIX Short-Term Futures ETF,VIXY,27.64227671,27.72601725,-0.30203,-0.08374054,8116.25,224351683.63209092
05/04/2026,ProShares VIX Short-Term Futures ETF,VIXY,27.72601725,27.37786286,1.27166,0.34815439,8116.25,225031342.957347
05/01/2026,ProShares VIX Short-Term Futures ETF,VIXY,27.37786286,27.13173667,0.90715,0.24612619,8116.25,222205634.19320072
04/30/2026,ProShares VIX Short-Term Futures ETF,VIXY,27.13173667,28.02849064,-3.19944,-0.89675397,7916.25,214781664.67736084
04/29/2026,ProShares VIX Short-Term Futures ETF,VIXY,28.02849064,27.38328553,2.35620,0.64520511,7916.25,221880595.08588128
04/28/2026,ProShares VIX Short-Term Futures ETF,VIXY,27.38328553,27.82480406,-1.58678,-0.44151853,7916.25,216772988.84343356
04/27/2026,ProShares VIX Short-Term Futures ETF,VIXY,27.82480406,28.74676016,-3.20717,-0.9219561,7916.25,220268160.78958312
04/24/2026,ProShares VIX Short-Term Futures ETF,VIXY,28.74676016,28.47439804,0.95652,0.27236212,7766.25,223254583.58612032
04/23/2026,ProShares VIX Short-Term Futures ETF,VIXY,28.47439804,28.46404911,0.03636,0.01034893,7766.25,221139350.72694608
04/22/2026,ProShares VIX Short-Term Futures ETF,VIXY,28.46404911,28.8485098,-1.33269,-0.38446069,7516.25,213942966.05113572
04/21/2026,ProShares VIX Short-Term Futures ETF,VIXY,28.8485098,28.3842002,1.63580,0.4643096,7366.25,212505393.0112696
04/20/2026,ProShares VIX Short-Term Futures ETF,VIXY,28.3842002,27.96027415,1.51617,0.42392605,7291.25,206956356.4766504
04/17/2026,ProShares VIX Short-Term Futures ETF,VIXY,27.96027415,28.2272719,-0.94589,-0.26699775,7116.25,198972356.8404858
04/16/2026,ProShares VIX Short-Term Futures ETF,VIXY,28.2272719,28.34867392,-0.42825,-0.12140202,7041.25,198755334.7204188
04/15/2026,ProShares VIX Short-Term Futures ETF,VIXY,28.34867392,28.19631892,0.54034,0.152355,6541.25,185435819.97654784
04/14/2026,ProShares VIX Short-Term Futures ETF,VIXY,28.19631892,28.55306706,-1.24942,-0.35674814,6491.25,183029411.58208784
04/13/2026,ProShares VIX Short-Term Futures ETF,VIXY,28.55306706,29.77028033,-4.08869,-1.21721327,6116.25,174637753.51185912
04/10/2026,ProShares VIX Short-Term Futures ETF,VIXY,29.77028033,29.32871001,1.50559,0.44157032,5891.25,175384223.53467316
04/09/2026,ProShares VIX Short-Term Futures ETF,VIXY,29.32871001,30.49845227,-3.83542,-1.16974226,5516.25,161784555.25008252
04/08/2026,ProShares VIX Short-Term Futures ETF,VIXY,30.49845227,33.86564258,-9.94279,-3.36719031,5116.25,156037767.42329204
04/07/2026,ProShares VIX Short-Term Futures ETF,VIXY,33.86564258,32.71011161,3.53264,1.15553097,5016.25,169878597.32321016
04/06/2026,ProShares VIX Short-Term Futures ETF,VIXY,32.71011161,33.5903369,-2.62047,-0.88022529,4841.25,158357893.25213572
04/02/2026,ProShares VIX Short-Term Futures ETF,VIXY,33.5903369,33.54001143,0.15005,0.05032547,4841.25,162619285.6977988
04/01/2026,ProShares VIX Short-Term Futures ETF,VIXY,33.54001143,34.28237536,-2.16544,-0.74236393,4991.25,167406649.13001036
03/31/2026,ProShares VIX Short-Term Futures ETF,VIXY,34.28237536,37.93963474,-9.63968,-3.65725938,5066.25,173683152.73235072
03/30/2026,ProShares VIX Short-Term Futures ETF,VIXY,37.93963474,38.18651689,-0.64652,-0.24688215,5166.25,196005713.85479448
03/27/2026,ProShares VIX Short-Term Futures ETF,VIXY,38.18651689,35.53833765,7.45161,2.64817924,5391.25,205873135.55624628
03/26/2026,ProShares VIX Short-Term Futures ETF,VIXY,35.53833765,33.1228987,7.29235,2.41543895,5591.25,198703801.4622378
03/25/2026,ProShares VIX Short-Term Futures ETF,VIXY,33.1228987,33.90679719,-2.31192,-0.78389849,5366.25,177745821.3946724
03/24/2026,ProShares VIX Short-Term Futures ETF,VIXY,33.90679719,33.05678418,2.57137,0.85001301,5366.25,181952418.23443188
03/23/2026,ProShares VIX Short-Term Futures ETF,VIXY,33.05678418,34.96355324,-5.45359,-1.90676906,5441.25,179870293.03299336
03/20/2026,ProShares VIX Short-Term Futures ETF,VIXY,34.96355324,32.59103279,7.27967,2.37252045,5791.25,202482747.62825648
03/19/2026,ProShares VIX Short-Term Futures ETF,VIXY,32.59103279,33.54911606,-2.85576,-0.95808327,5841.25,190372435.46665308
03/18/2026,ProShares VIX Short-Term Futures ETF,VIXY,33.54911606,30.90889832,8.54193,2.64021774,5966.25,200162480.79120712
03/17/2026,ProShares VIX Short-Term Futures ETF,VIXY,30.90889832,31.32873881,-1.34011,-0.41984049,5966.25,184410276.41949664
03/16/2026,ProShares VIX Short-Term Futures ETF,VIXY,31.32873881,33.95869448,-7.74457,-2.62995567,6016.25,188481587.52314012
03/13/2026,ProShares VIX Short-Term Futures ETF,VIXY,33.95869448,33.34508812,1.84017,0.61360636,6116.25,207699933.03068896
03/12/2026,ProShares VIX Short-Term Futures ETF,VIXY,33.34508812,31.2034545,6.86345,2.14163362,6091.25,203113334.70112624
03/11/2026,ProShares VIX Short-Term Futures ETF,VIXY,31.2034545,32.6955674,-4.56366,-1.4921129,6216.25,193968536.442534
03/10/2026,ProShares VIX Short-Term Futures ETF,VIXY,32.6955674,31.20063607,4.79135,1.49493133,6516.25,213052556.4613848
03/09/2026,ProShares VIX Short-Term Futures ETF,VIXY,31.20063607,34.55587609,-9.70961,-3.35524002,6591.25,205651254.89765964
03/06/2026,ProShares VIX Short-Term Futures ETF,VIXY,34.55587609,30.39219177,13.69985,4.16368432,6966.25,240724940.92371468
03/05/2026,ProShares VIX Short-Term Futures ETF,VIXY,30.39219177,28.48983675,6.67731,1.90235502,7916.25,240592248.88364604
03/04/2026,ProShares VIX Short-Term Futures ETF,VIXY,28.48983675,29.58530578,-3.70275,-1.09546903,8241.25,234791924.095611
03/03/2026,ProShares VIX Short-Term Futures ETF,VIXY,29.58530578,28.22920732,4.80388,1.35609846,8366.25,247518123.65253656
03/02/2026,ProShares VIX Short-Term Futures ETF,VIXY,28.22920732,27.92235042,1.09897,0.3068569,8691.25,245347154.57836464
02/27/2026,ProShares VIX Short-Term Futures ETF,VIXY,27.92235042,26.86700571,3.92803,1.05534471,8691.25,242680183.93252584
02/26/2026,ProShares VIX Short-Term Futures ETF,VIXY,26.86700571,26.48800275,1.43085,0.37900296,8691.25,233507917.11104892
02/25/2026,ProShares VIX Short-Term Futures ETF,VIXY,26.48800275,27.50090888,-3.68317,-1.01290613,8691.25,230213906.876943
02/24/2026,ProShares VIX Short-Term Futures ETF,VIXY,27.50090888,28.54179845,-3.64690,-1.04088957,8691.25,239017329.30511776
02/23/2026,ProShares VIX Short-Term Futures ETF,VIXY,28.54179845,27.4229848,4.07984,1.11881365,8691.25,248063962.8621594
02/20/2026,ProShares VIX Short-Term Futures ETF,VIXY,27.4229848,28.12049056,-2.48042,-0.69750576,8691.25,238340071.4889696
02/19/2026,ProShares VIX Short-Term Futures ETF,VIXY,28.12049056,27.32351318,2.91682,0.79697738,8691.25,244402269.82058112
02/18/2026,ProShares VIX Short-Term Futures ETF,VIXY,27.32351318,27.40147997,-0.28453,-0.07796679,8691.25,237475538.57270136
02/17/2026,ProShares VIX Short-Term Futures ETF,VIXY,27.40147997,28.24657736,-2.99186,-0.84509739,8691.25,238153167.59222244
02/13/2026,ProShares VIX Short-Term Futures ETF,VIXY,28.24657736,27.95460535,1.04445,0.29197201,8841.25,249735108.57725472
02/12/2026,ProShares VIX Short-Term Futures ETF,VIXY,27.95460535,26.18477922,6.75899,1.76982613,8841.25,247153710.4598982
02/11/2026,ProShares VIX Short-Term Futures ETF,VIXY,26.18477922,26.29380206,-0.41463,-0.10902284,8641.25,226269275.80438344
02/10/2026,ProShares VIX Short-Term Futures ETF,VIXY,26.29380206,25.72217306,2.22232,0.571629,8641.25,227211369.63857912
02/09/2026,ProShares VIX Short-Term Futures ETF,VIXY,25.72217306,26.61874201,-3.36819,-0.89656895,8641.25,222271779.39907112
02/06/2026,ProShares VIX Short-Term Futures ETF,VIXY,26.61874201,28.44577143,-6.42285,-1.82702942,8641.25,230019257.63139652
02/05/2026,ProShares VIX Short-Term Futures ETF,VIXY,28.44577143,26.79650086,6.15480,1.64927057,8641.25,245807079.26103036
02/04/2026,ProShares VIX Short-Term Futures ETF,VIXY,26.79650086,26.37196087,1.60982,0.42453999,8741.25,234234966.73547672
02/03/2026,ProShares VIX Short-Term Futures ETF,VIXY,26.37196087,25.28131455,4.31404,1.09064632,8816.25,232501852.76405924
02/02/2026,ProShares VIX Short-Term Futures ETF,VIXY,25.28131455,26.66162199,-5.17713,-1.38030744,8816.25,222886439.9640666
01/30/2026,ProShares VIX Short-Term Futures ETF,VIXY,26.66162199,26.32149448,1.29220,0.34012751,8666.25,231056334.89408148
01/29/2026,ProShares VIX Short-Term Futures ETF,VIXY,26.32149448,26.0858512,0.90334,0.23564328,8666.25,228108704.18028896
01/28/2026,ProShares VIX Short-Term Futures ETF,VIXY,26.0858512,26.07458688,0.04320,0.01126432,8491.25,221501536.1737024
01/27/2026,ProShares VIX Short-Term Futures ETF,VIXY,26.07458688,25.63848527,1.70096,0.43610161,8341.25,217494699.96197376
01/26/2026,ProShares VIX Short-Term Futures ETF,VIXY,25.63848527,25.71965654,-0.31560,-0.08117127,8441.25,216420915.06235804
01/23/2026,ProShares VIX Short-Term Futures ETF,VIXY,25.71965654,25.22879536,1.94564,0.49086118,8441.25,217106102.20758808
01/22/2026,ProShares VIX Short-Term Futures ETF,VIXY,25.22879536,25.81838424,-2.28360,-0.58958888,8366.25,211070459.63819072
01/21/2026,ProShares VIX Short-Term Futures ETF,VIXY,25.81838424,28.59736072,-9.71760,-2.77897648,8366.25,216003108.78466848
01/20/2026,ProShares VIX Short-Term Futures ETF,VIXY,28.59736072,25.64367716,11.51817,2.95368356,8516.25,243542330.42642144
01/16/2026,ProShares VIX Short-Term Futures ETF,VIXY,25.64367716,25.52442388,0.46721,0.11925328,8716.25,223516752.33320432
01/15/2026,ProShares VIX Short-Term Futures ETF,VIXY,25.52442388,26.33233728,-3.06814,-0.8079134,8716.25,222477310.69289776
01/14/2026,ProShares VIX Short-Term Futures ETF,VIXY,26.33233728,25.65545104,2.63837,0.67688624,8716.25,229519287.48147456
01/13/2026,ProShares VIX Short-Term Futures ETF,VIXY,25.65545104,24.98965508,2.66429,0.66579596,8716.25,223619376.43830208
01/12/2026,ProShares VIX Short-Term Futures ETF,VIXY,24.98965508,24.9355167,0.21711,0.05413838,8716.25,217816131.07036016
01/09/2026,ProShares VIX Short-Term Futures ETF,VIXY,24.9355167,25.3796242,-1.74986,-0.4441075,8716.25,217344247.3074084
01/08/2026,ProShares VIX Short-Term Futures ETF,VIXY,25.3796242,25.6524788,-1.06366,-0.2728546,8716.25,221215200.1924984
01/07/2026,ProShares VIX Short-Term Futures ETF,VIXY,25.6524788,25.25084918,1.59056,0.40162962,8716.25,223593469.6454576
01/06/2026,ProShares VIX Short-Term Futures ETF,VIXY,25.25084918,25.53449474,-1.11083,-0.28364556,8591.25,216936408.51937336
01/05/2026,ProShares VIX Short-Term Futures ETF,VIXY,25.53449474,25.23886315,1.17133,0.29563159,8591.25,219373279.00401448
01/02/2026,ProShares VIX Short-Term Futures ETF,VIXY,25.23886315,25.72602467,-1.89365,-0.48716152,8716.25,219988291.4089138
12/31/2025,ProShares VIX Short-Term Futures ETF,VIXY,25.72602467,25.50191018,0.87881,0.22411449,8841.25,227450267.06568684
12/30/2025,ProShares VIX Short-Term Futures ETF,VIXY,25.50191018,25.82812109,-1.26301,-0.32621091,8991.25,229294100.90974536
12/29/2025,ProShares VIX Short-Term Futures ETF,VIXY,25.82812109,26.15440593,-1.24753,-0.32628484,8991.25,232227145.40670468
12/26/2025,ProShares VIX Short-Term Futures ETF,VIXY,26.15440593,26.17684067,-0.08570,-0.02243474,8991.25,235160854.62692436
12/24/2025,ProShares VIX Short-Term Futures ETF,VIXY,26.17684067,26.24918964,-0.27562,-0.07234897,8991.25,235362571.02781884
12/23/2025,ProShares VIX Short-Term Futures ETF,VIXY,26.24918964,26.11566852,0.51127,0.13352112,8991.25,236013078.84902928
12/22/2025,ProShares VIX Short-Term Futures ETF,VIXY,26.11566852,26.9981242,-3.26858,-0.88245568,8991.25,234812556.81178704
12/19/2025,ProShares VIX Short-Term Futures ETF,VIXY,26.9981242,28.10553415,-3.94018,-1.10740995,9116.25,246121703.7344984
12/18/2025,ProShares VIX Short-Term Futures ETF,VIXY,28.10553415,29.03873781,-3.21365,-0.93320366,8966.25,252001301.7835058
12/17/2025,ProShares VIX Short-Term Futures ETF,VIXY,29.03873781,28.58826604,1.57572,0.45047177,8491.25,246575240.50663812
12/16/2025,ProShares VIX Short-Term Futures ETF,VIXY,28.58826604,28.62591174,-0.13151,-0.0376457,8491.25,242750171.18868208
12/15/2025,ProShares VIX Short-Term Futures ETF,VIXY,28.62591174,28.66269563,-0.12833,-0.03678389,8491.25,243069830.31409848
12/12/2025,ProShares VIX Short-Term Futures ETF,VIXY,28.66269563,28.61124378,0.17983,0.05145185,8291.25,237649632.46762876
12/11/2025,ProShares VIX Short-Term Futures ETF,VIXY,28.61124378,29.05193252,-1.51690,-0.44068874,8291.25,237223032.21341256
12/10/2025,ProShares VIX Short-Term Futures ETF,VIXY,29.05193252,30.24880587,-3.95676,-1.19687335,8241.25,239424296.98431504
12/09/2025,ProShares VIX Short-Term Futures ETF,VIXY,30.24880587,30.22720647,0.07146,0.0215994,8191.25,247775591.58024924
12/08/2025,ProShares VIX Short-Term Futures ETF,VIXY,30.22720647,29.76424619,1.55542,0.46296028,8141.25,246087305.12830044
12/05/2025,ProShares VIX Short-Term Futures ETF,VIXY,29.76424619,30.12488985,-1.19716,-0.36064366,8041.25,239341804.20382988
12/04/2025,ProShares VIX Short-Term Futures ETF,VIXY,30.12488985,30.45873513,-1.09606,-0.33384528,7866.25,236969975.0323422
12/03/2025,ProShares VIX Short-Term Futures ETF,VIXY,30.45873513,30.59688213,-0.45151,-0.138147,7891.25,240357554.51208276
12/02/2025,ProShares VIX Short-Term Futures ETF,VIXY,30.59688213,31.15474327,-1.79061,-0.55786114,7891.25,241447707.30212676
12/01/2025,ProShares VIX Short-Term Futures ETF,VIXY,31.15474327,31.08207883,0.23378,0.07266444,7691.25,239618981.48487404
11/28/2025,ProShares VIX Short-Term Futures ETF,VIXY,31.08207883,31.76793018,-2.15894,-0.68585135,7416.25,230512529.28714516
11/26/2025,ProShares VIX Short-Term Futures ETF,VIXY,31.76793018,32.64551279,-2.68822,-0.87758261,6941.25,220509208.89778536
11/25/2025,ProShares VIX Short-Term Futures ETF,VIXY,32.64551279,33.59225262,-2.81833,-0.94673983,6666.25,217623214.92736308
11/24/2025,ProShares VIX Short-Term Futures ETF,VIXY,33.59225262,36.26727834,-7.37587,-2.67502572,6691.25,224774227.52808024
11/21/2025,ProShares VIX Short-Term Futures ETF,VIXY,36.26727834,38.37888597,-5.50200,-2.11160763,6841.25,248113590.47808168
11/20/2025,ProShares VIX Short-Term Futures ETF,VIXY,38.37888597,35.68758104,7.54129,2.69130493,7666.25,294222211.32528444
11/19/2025,ProShares VIX Short-Term Futures ETF,VIXY,35.68758104,36.59056208,-2.46780,-0.90298104,7816.25,278943126.67906208
11/18/2025,ProShares VIX Short-Term Futures ETF,VIXY,36.59056208,35.47188403,3.15370,1.11867805,8191.25,299722514.81892416
11/17/2025,ProShares VIX Short-Term Futures ETF,VIXY,35.47188403,33.56943206,5.66722,1.90245197,8341.25,295879923.60900556
11/14/2025,ProShares VIX Short-Term Futures ETF,VIXY,33.56943206,34.24777107,-1.98068,-0.67833901,8416.25,282528799.71383912
11/13/2025,ProShares VIX Short-Term Futures ETF,VIXY,34.24777107,32.02419214,6.94343,2.22357893,8491.25,290806454.59367964
11/12/2025,ProShares VIX Short-Term Futures ETF,VIXY,32.02419214,31.82385813,0.62951,0.20033401,8441.25,270324275.95015928
11/11/2025,ProShares VIX Short-Term Futures ETF,VIXY,31.82385813,31.90987874,-0.26957,-0.08602061,8441.25,268633206.08757876
11/10/2025,ProShares VIX Short-Term Futures ETF,VIXY,31.90987874,33.75202286,-5.45788,-1.84214412,8441.25,269359327.73378248
11/07/2025,ProShares VIX Short-Term Futures ETF,VIXY,33.75202286,34.06509547,-0.91904,-0.31307261,8441.25,284909330.47102072
11/06/2025,ProShares VIX Short-Term Futures ETF,VIXY,34.06509547,32.61994263,4.43027,1.44515284,8566.25,291810192.20007844
11/05/2025,ProShares VIX Short-Term Futures ETF,VIXY,32.61994263,33.96194002,-3.95147,-1.34199739,8641.25,281877144.49137276
11/04/2025,ProShares VIX Short-Term Futures ETF,VIXY,33.96194002,32.73591832,3.74519,1.2260217,8716.25,296020827.62320504
11/03/2025,ProShares VIX Short-Term Futures ETF,VIXY,32.73591832,32.9719535,-0.71587,-0.23603518,8716.25,285334513.52853664
10/31/2025,ProShares VIX Short-Term Futures ETF,VIXY,32.9719535,32.91992599,0.15804,0.05202751,8791.25,289864752.150782
10/30/2025,ProShares VIX Short-Term Futures ETF,VIXY,32.91992599,32.59592336,0.99400,0.32400263,8791.25,289407365.19943948
10/29/2025,ProShares VIX Short-Term Futures ETF,VIXY,32.59592336,32.0092937,1.83269,0.58662966,8791.25,286558976.43044672
10/28/2025,ProShares VIX Short-Term Futures ETF,VIXY,32.0092937,31.10927985,2.89307,0.90001385,8741.25,279801302.5737124
10/27/2025,ProShares VIX Short-Term Futures ETF,VIXY,31.10927985,32.08795675,-3.04998,-0.9786769,8741.25,271934054.7073722
10/24/2025,ProShares VIX Short-Term Futures ETF,VIXY,32.08795675,32.5715752,-1.48479,-0.48361845,8741.25,280488916.116851
10/23/2025,ProShares VIX Short-Term Futures ETF,VIXY,32.5715752,33.21689986,-1.94276,-0.64532466,8741.25,284716346.8601504
10/22/2025,ProShares VIX Short-Term Futures ETF,VIXY,33.21689986,32.76804288,1.36980,0.44885698,8741.25,290357292.33502472
10/21/2025,ProShares VIX Short-Term Futures ETF,VIXY,32.76804288,33.02232316,-0.77003,-0.25428028,8741.25,286433720.36088576
10/20/2025,ProShares VIX Short-Term Futures ETF,VIXY,33.02232316,35.78665465,-7.72448,-2.76433149,8741.25,288656448.36699632
10/17/2025,ProShares VIX Short-Term Futures ETF,VIXY,35.78665465,39.01565679,-8.27617,-3.22900214,8741.25,312820166.5326218
10/16/2025,ProShares VIX Short-Term Futures ETF,VIXY,39.01565679,35.59944155,9.59626,3.41621524,8891.25,346898036.46540108
10/15/2025,ProShares VIX Short-Term Futures ETF,VIXY,35.59944155,35.17716278,1.20043,0.42227877,8991.25,320083550.0353206
10/14/2025,ProShares VIX Short-Term Futures ETF,VIXY,35.17716278,33.61920833,4.63412,1.55795445,9041.25,318045593.33900056
10/13/2025,ProShares VIX Short-Term Futures ETF,VIXY,33.61920833,36.48298286,-7.84962,-2.86377453,9841.25,330855101.21602916
10/10/2025,ProShares VIX Short-Term Futures ETF,VIXY,36.48298286,32.33198068,12.83869,4.15100218,10241.25,373631421.18094072
10/09/2025,ProShares VIX Short-Term Futures ETF,VIXY,32.33198068,32.24593745,0.26683,0.08604323,10241.25,331119961.80301136
10/08/2025,ProShares VIX Short-Term Futures ETF,VIXY,32.24593745,32.85480834,-1.85322,-0.60887089,10241.25,330238771.4016874
10/07/2025,ProShares VIX Short-Term Futures ETF,VIXY,32.85480834,32.09056251,2.38153,0.76424583,10241.25,336474371.62164168
10/06/2025,ProShares VIX Short-Term Futures ETF,VIXY,32.09056251,32.32280043,-0.71850,-0.23223792,10241.25,328647537.48666252
10/03/2025,ProShares VIX Short-Term Futures ETF,VIXY,32.32280043,32.51196905,-0.58184,-0.18916862,10241.25,331025944.54933836
10/02/2025,ProShares VIX Short-Term Futures ETF,VIXY,32.51196905,32.02140654,1.53198,0.49056251,10241.25,332963268.0572506
10/01/2025,ProShares VIX Short-Term Futures ETF,VIXY,32.02140654,32.18201596,-0.49907,-0.16060942,10241.25,327939293.77058808
09/30/2025,ProShares VIX Short-Term Futures ETF,VIXY,32.18201596,32.38919205,-0.63965,-0.20717609,10241.25,329584135.31438192
09/29/2025,ProShares VIX Short-Term Futures ETF,VIXY,32.38919205,31.94253404,1.39832,0.44665801,10241.25,331705877.8604466
09/26/2025,ProShares VIX Short-Term Futures ETF,VIXY,31.94253404,33.34511197,-4.20625,-1.40257793,10241.25,327131540.62221808
09/25/2025,ProShares VIX Short-Term Futures ETF,VIXY,33.34511197,32.8668135,1.45526,0.47829847,10241.25,341495694.65298644
09/24/2025,ProShares VIX Short-Term Futures ETF,VIXY,32.8668135,33.3589268,-1.47521,-0.4921133,10291.25,338240660.165502
09/23/2025,ProShares VIX Short-Term Futures ETF,VIXY,33.3589268,32.86423174,1.50527,0.49469506,10441.25,348308961.1683536
09/22/2025,ProShares VIX Short-Term Futures ETF,VIXY,32.86423174,32.28329322,1.79950,0.58093852,10191.25,334927667.44873848
09/19/2025,ProShares VIX Short-Term Futures ETF,VIXY,32.28329322,32.20954231,0.22897,0.07375091,10191.25,329007176.59491144
09/18/2025,ProShares VIX Short-Term Futures ETF,VIXY,32.20954231,32.38418493,-0.53928,-0.17464262,10191.25,328255562.48587212
09/17/2025,ProShares VIX Short-Term Futures ETF,VIXY,32.38418493,33.60789918,-3.64115,-1.22371425,10091.25,326796970.94323236
09/16/2025,ProShares VIX Short-Term Futures ETF,VIXY,33.60789918,33.02540961,1.76376,0.58248957,10066.25,338305582.33647336
09/15/2025,ProShares VIX Short-Term Futures ETF,VIXY,33.02540961,32.67642306,1.06801,0.34898655,10016.25,330790825.05698172
09/12/2025,ProShares VIX Short-Term Futures ETF,VIXY,32.67642306,32.76599909,-0.27338,-0.08957603,10016.25,327295287.82757112
09/11/2025,ProShares VIX Short-Term Futures ETF,VIXY,32.76599909,33.54337708,-2.31753,-0.77737799,10016.25,328192503.91721068
09/10/2025,ProShares VIX Short-Term Futures ETF,VIXY,33.54337708,33.68549509,-0.42190,-0.14211801,10016.25,335978917.76430416
09/09/2025,ProShares VIX Short-Term Futures ETF,VIXY,33.68549509,33.85166643,-0.49088,-0.16617134,9791.25,329823171.17095268
09/08/2025,ProShares VIX Short-Term Futures ETF,VIXY,33.85166643,34.528423,-1.96000,-0.67675657,9741.25,329757613.31457036
09/05/2025,ProShares VIX Short-Term Futures ETF,VIXY,34.528423,34.37902502,0.43456,0.14939798,9691.25,334623648.455596
09/04/2025,ProShares VIX Short-Term Futures ETF,VIXY,34.37902502,35.50550652,-3.17270,-1.1264815,9691.25,333175794.98312504
09/03/2025,ProShares VIX Short-Term Futures ETF,VIXY,35.50550652,36.44179829,-2.56928,-0.93629177,9691.25,344092811.07296304
09/02/2025,ProShares VIX Short-Term Futures ETF,VIXY,36.44179829,35.37001764,3.03020,1.07178065,9691.25,353166650.56155908
08/29/2025,ProShares VIX Short-Term Futures ETF,VIXY,35.37001764,34.52497195,2.44764,0.84504569,9691.25,342779754.19368528
08/28/2025,ProShares VIX Short-Term Futures ETF,VIXY,34.52497195,34.952667,-1.22364,-0.42769505,9691.25,334590203.4603814
08/27/2025,ProShares VIX Short-Term Futures ETF,VIXY,34.952667,34.88046641,0.20699,0.07220059,9516.25,332618387.244084
08/26/2025,ProShares VIX Short-Term Futures ETF,VIXY,34.88046641,35.11293615,-0.66206,-0.23246974,9466.25,330187284.91459532
08/25/2025,ProShares VIX Short-Term Futures ETF,VIXY,35.11293615,35.04104747,0.20516,0.07188868,9466.25,332387902.0558098
08/22/2025,ProShares VIX Short-Term Futures ETF,VIXY,35.04104747,38.25592818,-8.40361,-3.21488071,9466.25,331707385.69498244
08/21/2025,ProShares VIX Short-Term Futures ETF,VIXY,38.25592818,37.63286225,1.65564,0.62306593,9466.25,362140256.64578136
08/20/2025,ProShares VIX Short-Term Futures ETF,VIXY,37.63286225,37.82083255,-0.49700,-0.1879703,9466.25,356242157.539787
08/19/2025,ProShares VIX Short-Term Futures ETF,VIXY,37.82083255,37.03313421,2.12701,0.78769834,9466.25,358021531.7681026
08/18/2025,ProShares VIX Short-Term Futures ETF,VIXY,37.03313421,37.9938658,-2.52865,-0.96073159,9116.25,337603383.80818092
08/15/2025,ProShares VIX Short-Term Futures ETF,VIXY,37.9938658,38.1079429,-0.29935,-0.1140771,9066.25,344461961.7969816
08/14/2025,ProShares VIX Short-Term Futures ETF,VIXY,38.1079429,38.00026655,0.28336,0.10767635,8866.25,337874624.9530108
08/13/2025,ProShares VIX Short-Term Futures ETF,VIXY,38.00026655,38.19051899,-0.49817,-0.19025244,8591.25,326469865.9982206
08/12/2025,ProShares VIX Short-Term Futures ETF,VIXY,38.19051899,39.91411277,-4.31826,-1.72359378,8541.25,326194846.70437548
08/11/2025,ProShares VIX Short-Term Futures ETF,VIXY,39.91411277,39.67639415,0.59914,0.23771862,8316.25,331935820.15173804
08/08/2025,ProShares VIX Short-Term Futures ETF,VIXY,39.67639415,41.11734416,-3.50448,-1.44095001,7491.25,297225867.0289758
08/07/2025,ProShares VIX Short-Term Futures ETF,VIXY,41.11734416,40.77397216,0.84214,0.343372,7391.25,303908652.25728832
08/06/2025,ProShares VIX Short-Term Futures ETF,VIXY,40.77397216,42.15673874,-3.28006,-1.38276658,7291.25,297293306.05954432
08/05/2025,ProShares VIX Short-Term Futures ETF,VIXY,42.15673874,41.73897496,1.00090,0.41776378,7291.25,307375405.65150248
08/04/2025,ProShares VIX Short-Term Futures ETF,VIXY,41.73897496,44.84923913,-6.93493,-3.11026417,7291.25,304329384.65504992
08/01/2025,ProShares VIX Short-Term Futures ETF,VIXY,44.84923913,41.38350891,8.37466,3.46573022,7291.25,327007104.50509076
07/31/2025,ProShares VIX Short-Term Futures ETF,VIXY,41.38350891,41.23598997,0.35774,0.14751894,7291.25,301737592.10705532
07/30/2025,ProShares VIX Short-Term Futures ETF,VIXY,41.23598997,41.08488573,0.36779,0.15110424,7116.25,293445696.09599244
07/29/2025,ProShares VIX Short-Term Futures ETF,VIXY,41.08488573,40.12013042,2.40467,0.96475531,6991.25,287234789.52963396
07/28/2025,ProShares VIX Short-Term Futures ETF,VIXY,40.12013042,41.20075167,-2.62282,-1.08062125,6491.25,260429876.82908584
07/25/2025,ProShares VIX Short-Term Futures ETF,VIXY,41.20075167,41.56644345,-0.87978,-0.36569178,6416.25,264354405.30414084
07/24/2025,ProShares VIX Short-Term Futures ETF,VIXY,41.56644345,41.68744195,-0.29025,-0.1209985,6366.25,264622453.7464494
07/23/2025,ProShares VIX Short-Term Futures ETF,VIXY,41.68744195,43.42509024,-4.00148,-1.73764829,6016.25,250802156.0065714
07/22/2025,ProShares VIX Short-Term Futures ETF,VIXY,43.42509024,43.61357292,-0.43217,-0.18848268,5916.25,256913776.98258048
07/21/2025,ProShares VIX Short-Term Futures ETF,VIXY,43.61357292,43.92070107,-0.69928,-0.30712815,5691.25,248215834.10809584
07/18/2025,ProShares VIX Short-Term Futures ETF,VIXY,43.92070107,44.5792361,-1.47722,-0.65853503,5591.25,245571707.69903964
07/17/2025,ProShares VIX Short-Term Futures ETF,VIXY,44.5792361,44.75281286,-0.38786,-0.17357676,5116.25,228078605.8550972
07/16/2025,ProShares VIX Short-Term Futures ETF,VIXY,44.75281286,44.44293674,0.69724,0.30987612,5066.25,226729027.65760072
07/15/2025,ProShares VIX Short-Term Futures ETF,VIXY,44.44293674,44.68213516,-0.53533,-0.23919842,4891.25,217381603.21539848
07/14/2025,ProShares VIX Short-Term Futures ETF,VIXY,44.68213516,44.02514867,1.49230,0.65698649,4516.25,201795782.28062032
07/11/2025,ProShares VIX Short-Term Futures ETF,VIXY,44.02514867,43.76652133,0.59093,0.25862734,4591.25,202130551.88143484
07/10/2025,ProShares VIX Short-Term Futures ETF,VIXY,43.76652133,44.14368755,-0.85441,-0.37716622,4391.25,192189824.32340516
07/09/2025,ProShares VIX Short-Term Futures ETF,VIXY,44.14368755,45.71194197,-3.43073,-1.56825442,4041.25,178395765.5988126
07/08/2025,ProShares VIX Short-Term Futures ETF,VIXY,45.71194197,46.93409983,-2.60399,-1.22215786,4016.25,183590678.36089644
07/07/2025,ProShares VIX Short-Term Futures ETF,VIXY,46.93409983,46.30848683,1.35097,0.625613,4016.25,188499172.31043716
07/03/2025,ProShares VIX Short-Term Futures ETF,VIXY,46.30848683,46.69869966,-0.83560,-0.39021283,3691.25,170936294.62821116
07/02/2025,ProShares VIX Short-Term Futures ETF,VIXY,46.69869966,46.82015617,-0.25941,-0.12145651,3691.25,172376668.51737432
07/01/2025,ProShares VIX Short-Term Futures ETF,VIXY,46.82015617,46.7946324,0.05454,0.02552377,3516.25,164631467.77307484
06/30/2025,ProShares VIX Short-Term Futures ETF,VIXY,46.7946324,47.0888945,-0.62491,-0.2942621,3516.25,164541719.7657648
06/27/2025,ProShares VIX Short-Term Futures ETF,VIXY,47.0888945,47.12231204,-0.07092,-0.03341754,3516.25,165576419.463414
06/26/2025,ProShares VIX Short-Term Futures ETF,VIXY,47.12231204,47.38833388,-0.56137,-0.26602184,3516.25,165693923.95527408
06/25/2025,ProShares VIX Short-Term Futures ETF,VIXY,47.38833388,47.94009396,-1.15094,-0.55176008,3491.25,165444615.43521776
06/24/2025,ProShares VIX Short-Term Futures ETF,VIXY,47.94009396,51.46912502,-6.85660,-3.52903106,3491.25,167370948.91803792
06/23/2025,ProShares VIX Short-Term Futures ETF,VIXY,51.46912502,52.30905075,-1.60570,-0.83992573,3491.25,179691685.66432504
06/20/2025,ProShares VIX Short-Term Futures ETF,VIXY,52.30905075,51.52935769,1.51310,0.77969306,3491.25,182624078.049039
06/18/2025,ProShares VIX Short-Term Futures ETF,VIXY,51.52935769,53.01256703,-2.79784,-1.48320934,3491.25,179901973.09392788
06/17/2025,ProShares VIX Short-Term Futures ETF,VIXY,53.01256703,50.13153926,5.74694,2.88102777,3491.25,185080230.66862156
06/16/2025,ProShares VIX Short-Term Futures ETF,VIXY,50.13153926,54.08960216,-7.31760,-3.9580629,3641.25,182541567.59355352
06/13/2025,ProShares VIX Short-Term Futures ETF,VIXY,54.08960216,49.90963603,8.37507,4.17996613,3641.25,196953872.04430432
06/12/2025,ProShares VIX Short-Term Futures ETF,VIXY,49.90963603,49.29399139,1.24892,0.61564464,3641.25,181733562.01350956
06/11/2025,ProShares VIX Short-Term Futures ETF,VIXY,49.29399139,48.92642514,0.75126,0.36756625,3641.25,179491844.73682028
06/10/2025,ProShares VIX Short-Term Futures ETF,VIXY,48.92642514,49.10164237,-0.35685,-0.17521723,3116.25,152467070.19537528
06/09/2025,ProShares VIX Short-Term Futures ETF,VIXY,49.10164237,49.55495027,-0.91476,-0.4533079,2941.25,144420303.82404724
06/06/2025,ProShares VIX Short-Term Futures ETF,VIXY,49.55495027,51.75903016,-4.25835,-2.20407989,2791.25,138320354.05103804
06/05/2025,ProShares VIX Short-Term Futures ETF,VIXY,51.75903016,50.70337887,2.08201,1.05565129,2766.25,143178520.69816032
06/04/2025,ProShares VIX Short-Term Futures ETF,VIXY,50.70337887,50.86798295,-0.32359,-0.16460408,2566.25,130117647.43189524
06/03/2025,ProShares VIX Short-Term Futures ETF,VIXY,50.86798295,51.95800438,-2.09789,-1.09002143,2516.25,127996663.8339034
06/02/2025,ProShares VIX Short-Term Futures ETF,VIXY,51.95800438,52.60320287,-1.22654,-0.64519849,2466.25,128141532.21818376
05/30/2025,ProShares VIX Short-Term Futures ETF,VIXY,52.60320287,52.33881901,0.50514,0.26438386,2466.25,129732754.28454324
05/29/2025,ProShares VIX Short-Term Futures ETF,VIXY,52.33881901,52.21777245,0.23181,0.12104656,2466.25,129080717.06105052
05/28/2025,ProShares VIX Short-Term Futures ETF,VIXY,52.21777245,51.61440836,1.16898,0.60336409,2466.25,128782185.7403574
05/27/2025,ProShares VIX Short-Term Futures ETF,VIXY,51.61440836,57.45660824,-10.16802,-5.84219988,2466.25,127294137.84666672
05/23/2025,ProShares VIX Short-Term Futures ETF,VIXY,57.45660824,53.90242065,6.59374,3.55418759,2466.25,141702474.98511648
05/22/2025,ProShares VIX Short-Term Futures ETF,VIXY,53.90242065,54.29071424,-0.71521,-0.38829359,2466.25,132936952.7329038
05/21/2025,ProShares VIX Short-Term Futures ETF,VIXY,54.29071424,50.91208602,6.63620,3.37862822,2491.25,135251850.43182848
05/20/2025,ProShares VIX Short-Term Futures ETF,VIXY,50.91208602,51.31847263,-0.79189,-0.40638661,2491.25,126834836.12149704
05/19/2025,ProShares VIX Short-Term Futures ETF,VIXY,51.31847263,50.67458759,1.27063,0.64388504,2491.25,127847247.57643276
05/16/2025,ProShares VIX Short-Term Futures ETF,VIXY,50.67458759,50.88968523,-0.42267,-0.21509764,2291.25,116108250.16476268
05/15/2025,ProShares VIX Short-Term Futures ETF,VIXY,50.88968523,51.74726958,-1.65726,-0.85758435,2191.25,111512124.53960796
05/14/2025,ProShares VIX Short-Term Futures ETF,VIXY,51.74726958,50.61438943,2.23826,1.13288015,2166.25,112097626.22221416
05/13/2025,ProShares VIX Short-Term Futures ETF,VIXY,50.61438943,50.91726682,-0.59484,-0.30287739,2016.25,102051363.91701636
05/12/2025,ProShares VIX Short-Term Futures ETF,VIXY,50.91726682,58.62547705,-13.14823,-7.70821023,2016.25,102662041.06035864
05/09/2025,ProShares VIX Short-Term Futures ETF,VIXY,58.62547705,59.1184175,-0.83382,-0.49294045,1891.25,110875550.7217666
05/08/2025,ProShares VIX Short-Term Futures ETF,VIXY,59.1184175,61.34517099,-3.62988,-2.22675349,1891.25,111807825.33371
05/07/2025,ProShares VIX Short-Term Futures ETF,VIXY,61.34517099,63.09336787,-2.77081,-1.74819688,1791.25,109884660.22617948
05/06/2025,ProShares VIX Short-Term Futures ETF,VIXY,63.09336787,60.93768702,3.53752,2.15568085,1791.25,113016121.38387324
05/05/2025,ProShares VIX Short-Term Futures ETF,VIXY,60.93768702,59.46625628,2.47440,1.47143074,1691.25,103060985.04794904
05/02/2025,ProShares VIX Short-Term Futures ETF,VIXY,59.46625628,62.06952927,-4.19412,-2.60327299,1541.25,91652486.42406256
05/01/2025,ProShares VIX Short-Term Futures ETF,VIXY,62.06952927,63.08194784,-1.60493,-1.01241857,1516.25,94113047.89469604
04/30/2025,ProShares VIX Short-Term Futures ETF,VIXY,63.08194784,61.59175301,2.41947,1.49019483,1516.25,95648129.57629568
04/29/2025,ProShares VIX Short-Term Futures ETF,VIXY,61.59175301,62.28717598,-1.11648,-0.69542297,1466.25,90309031.03441852
04/28/2025,ProShares VIX Short-Term Futures ETF,VIXY,62.28717598,61.88795078,0.64508,0.3992252,1466.25,91328696.35502696
04/25/2025,ProShares VIX Short-Term Futures ETF,VIXY,61.88795078,64.52857936,-4.09218,-2.64062858,1466.25,90743331.60707656
04/24/2025,ProShares VIX Short-Term Futures ETF,VIXY,64.52857936,66.79164895,-3.38825,-2.26306959,1416.25,91388729.57575872
04/23/2025,ProShares VIX Short-Term Futures ETF,VIXY,66.79164895,69.56975418,-3.99327,-2.77810523,1391.25,92924015.1849854
04/22/2025,ProShares VIX Short-Term Futures ETF,VIXY,69.56975418,74.3839818,-6.47213,-4.81422762,1391.25,96789059.64243336
04/21/2025,ProShares VIX Short-Term Futures ETF,VIXY,74.3839818,69.96067545,6.32256,4.42330635,1391.25,103486863.4472136
04/17/2025,ProShares VIX Short-Term Futures ETF,VIXY,69.96067545,72.27135264,-3.19722,-2.31067719,1616.25,113074081.6174134
04/16/2025,ProShares VIX Short-Term Futures ETF,VIXY,72.27135264,66.62216676,8.47944,5.64918588,1616.25,116808718.24710528
04/15/2025,ProShares VIX Short-Term Futures ETF,VIXY,66.62216676,67.17985354,-0.83014,-0.55768678,1616.25,107678210.27018352
04/14/2025,ProShares VIX Short-Term Futures ETF,VIXY,67.17985354,75.76902106,-11.33599,-8.58916752,1541.25,103541083.62823208
04/11/2025,ProShares VIX Short-Term Futures ETF,VIXY,75.76902106,78.3615248,-3.30839,-2.59250374,1466.25,111096478.66726712
04/10/2025,ProShares VIX Short-Term Futures ETF,VIXY,78.3615248,65.31628126,19.97242,13.04524354,1641.25,128611009.3010496
04/09/2025,ProShares VIX Short-Term Futures ETF,VIXY,65.31628126,83.5288315,-21.80391,-18.21255024,1966.25,128428268.66003752
04/08/2025,ProShares VIX Short-Term Futures ETF,VIXY,83.5288315,73.40668634,13.78913,10.12214516,2166.25,180944498.294538
04/07/2025,ProShares VIX Short-Term Futures ETF,VIXY,73.40668634,73.45767172,-0.06941,-0.05098538,2266.25,166358049.73139768
04/04/2025,ProShares VIX Short-Term Futures ETF,VIXY,73.45767172,61.20993096,20.00940,12.24774076,2491.25,183001571.58779344
04/03/2025,ProShares VIX Short-Term Futures ETF,VIXY,61.20993096,48.9112489,25.14489,12.29868206,2891.25,176973335.30796192
04/02/2025,ProShares VIX Short-Term Futures ETF,VIXY,48.9112489,50.37183966,-2.89962,-1.46059076,3241.25,158533683.3196228
04/01/2025,ProShares VIX Short-Term Futures ETF,VIXY,50.37183966,50.28983382,0.16307,0.08200584,3241.25,163267826.04165432
03/31/2025,ProShares VIX Short-Term Futures ETF,VIXY,50.28983382,50.54013155,-0.49525,-0.25029773,3241.25,163002024.44874264
03/28/2025,ProShares VIX Short-Term Futures ETF,VIXY,50.54013155,46.23913259,9.30164,4.30099896,3241.25,163813302.4667006
03/27/2025,ProShares VIX Short-Term Futures ETF,VIXY,46.23913259,46.0161257,0.48463,0.22300689,3241.25,149872680.98560268
03/26/2025,ProShares VIX Short-Term Futures ETF,VIXY,46.0161257,44.56450285,3.25735,1.45162285,3241.25,149149859.4573764
03/25/2025,ProShares VIX Short-Term Futures ETF,VIXY,44.56450285,44.20440321,0.81462,0.36009964,3041.25,135531883.4215682
03/24/2025,ProShares VIX Short-Term Futures ETF,VIXY,44.20440321,47.32146532,-6.58699,-3.11706211,2841.25,125595849.02921892
03/21/2025,ProShares VIX Short-Term Futures ETF,VIXY,47.32146532,47.28353046,0.08023,0.03793486,2716.25,128537024.81838064
03/20/2025,ProShares VIX Short-Term Futures ETF,VIXY,47.28353046,48.12014114,-1.73859,-0.83661068,2666.25,126069807.65603592
03/19/2025,ProShares VIX Short-Term Futures ETF,VIXY,48.12014114,49.87600909,-3.52047,-1.75586795,2741.25,131909433.14030728
03/18/2025,ProShares VIX Short-Term Futures ETF,VIXY,49.87600909,48.50057292,2.83592,1.37543617,2741.25,136722709.66998068
03/17/2025,ProShares VIX Short-Term Futures ETF,VIXY,48.50057292,50.33497664,-3.64439,-1.83440372,2741.25,132952292.51809584
03/14/2025,ProShares VIX Short-Term Futures ETF,VIXY,50.33497664,55.30736178,-8.99046,-4.97238514,2741.25,137980855.38435328
03/13/2025,ProShares VIX Short-Term Futures ETF,VIXY,55.30736178,52.93003586,4.49145,2.37732592,2741.25,151611416.09414856
03/12/2025,ProShares VIX Short-Term Futures ETF,VIXY,52.93003586,55.70283615,-4.97784,-2.77280029,2891.25,153034072.04029672
03/11/2025,ProShares VIX Short-Term Futures ETF,VIXY,55.70283615,55.95815439,-0.45627,-0.25531824,2891.25,161050936.4243598
03/10/2025,ProShares VIX Short-Term Futures ETF,VIXY,55.95815439,50.17609213,11.52354,5.78206226,2991.25,167384941.23539628
03/07/2025,ProShares VIX Short-Term Futures ETF,VIXY,50.17609213,52.73779439,-4.85743,-2.56170226,3316.25,166396565.87829676
03/06/2025,ProShares VIX Short-Term Futures ETF,VIXY,52.73779439,47.43994346,11.16749,5.29785093,3366.25,177528705.84092628
03/05/2025,ProShares VIX Short-Term Futures ETF,VIXY,47.43994346,49.80656513,-4.75163,-2.36662167,3716.25,176298784.76311192
03/04/2025,ProShares VIX Short-Term Futures ETF,VIXY,49.80656513,48.6785001,2.31738,1.12806503,4466.25,222448671.12499276
03/03/2025,ProShares VIX Short-Term Futures ETF,VIXY,48.6785001,44.77452398,8.71919,3.90397612,4766.25,232013998.4586252
02/28/2025,ProShares VIX Short-Term Futures ETF,VIXY,44.77452398,45.81964631,-2.28095,-1.04512233,4766.25,213406664.46872296
02/27/2025,ProShares VIX Short-Term Futures ETF,VIXY,45.81964631,43.30282942,5.81213,2.51681689,5216.25,239006821.70383012
02/26/2025,ProShares VIX Short-Term Futures ETF,VIXY,43.30282942,44.02946974,-1.65035,-0.72664032,5216.25,225878470.56773384
02/25/2025,ProShares VIX Short-Term Futures ETF,VIXY,44.02946974,43.91252309,0.26632,0.11694665,5741.25,252784281.20371448
02/24/2025,ProShares VIX Short-Term Futures ETF,VIXY,43.91252309,43.62229426,0.66532,0.29022883,5741.25,252112861.01550868
02/21/2025,ProShares VIX Short-Term Futures ETF,VIXY,43.62229426,40.71362664,7.14421,2.90866762,5741.25,250446584.16481352
02/20/2025,ProShares VIX Short-Term Futures ETF,VIXY,40.71362664,40.42645827,0.71035,0.28716837,5741.25,233747190.37415328
02/19/2025,ProShares VIX Short-Term Futures ETF,VIXY,40.42645827,40.95467267,-1.28975,-0.5282144,5991.25,242205098.96305404
02/18/2025,ProShares VIX Short-Term Futures ETF,VIXY,40.95467267,41.11928922,-0.40034,-0.16461655,5891.25,241274297.27648284
02/14/2025,ProShares VIX Short-Term Futures ETF,VIXY,41.11928922,41.28022973,-0.38987,-0.16094051,5141.25,211404627.94090344
02/13/2025,ProShares VIX Short-Term Futures ETF,VIXY,41.28022973,42.01769731,-1.75514,-0.73746758,5041.25,208104040.68682196
02/12/2025,ProShares VIX Short-Term Futures ETF,VIXY,42.01769731,42.15654018,-0.32935,-0.13884287,4791.25,201317376.27193212
02/11/2025,ProShares VIX Short-Term Futures ETF,VIXY,42.15654018,42.04594388,0.26304,0.1105963,4666.25,196713039.92800536
02/10/2025,ProShares VIX Short-Term Futures ETF,VIXY,42.04594388,43.2454083,-2.77362,-1.19946442,4616.25,194094672.52793776
02/07/2025,ProShares VIX Short-Term Futures ETF,VIXY,43.2454083,41.75790935,3.56220,1.48749895,4616.25,199631702.5556916
02/06/2025,ProShares VIX Short-Term Futures ETF,VIXY,41.75790935,42.04907959,-0.69245,-0.29117024,4616.25,192765032.5527562
02/05/2025,ProShares VIX Short-Term Futures ETF,VIXY,42.04907959,42.90343116,-1.99134,-0.85435157,3916.25,164674792.04249668
02/04/2025,ProShares VIX Short-Term Futures ETF,VIXY,42.90343116,44.2429533,-3.02765,-1.33952214,3916.25,168020648.08721232
02/03/2025,ProShares VIX Short-Term Futures ETF,VIXY,44.2429533,43.2994036,2.17913,0.9435497,3916.25,173266554.3470316
01/31/2025,ProShares VIX Short-Term Futures ETF,VIXY,43.2994036,41.86795344,3.41896,1.43145016,4666.25,202045928.6473072
01/30/2025,ProShares VIX Short-Term Futures ETF,VIXY,41.86795344,42.07441435,-0.49070,-0.20646091,4516.25,189086228.45930688
01/29/2025,ProShares VIX Short-Term Futures ETF,VIXY,42.07441435,42.23543715,-0.38125,-0.1610228,4441.25,186863076.8807662
01/28/2025,ProShares VIX Short-Term Futures ETF,VIXY,42.23543715,43.83861227,-3.65699,-1.60317512,4441.25,187578219.7133118
01/27/2025,ProShares VIX Short-Term Futures ETF,VIXY,43.83861227,40.97579521,6.98661,2.86281706,4441.25,194698324.42136204
01/24/2025,ProShares VIX Short-Term Futures ETF,VIXY,40.97579521,41.18883716,-0.51723,-0.21304195,4816.25,197349755.63175292
01/23/2025,ProShares VIX Short-Term Futures ETF,VIXY,41.18883716,41.85694182,-1.59616,-0.66810466,4516.25,186019168.20152432
01/22/2025,ProShares VIX Short-Term Futures ETF,VIXY,41.85694182,41.3392867,1.25221,0.51765512,4041.25,169154449.84395864
01/21/2025,ProShares VIX Short-Term Futures ETF,VIXY,41.3392867,43.11702147,-4.12305,-1.77773477,3841.25,158794617.7149484
01/17/2025,ProShares VIX Short-Term Futures ETF,VIXY,43.11702147,42.80087052,0.73866,0.31615095,3391.25,146220685.29418044
01/16/2025,ProShares VIX Short-Term Futures ETF,VIXY,42.80087052,42.68752391,0.26553,0.11334661,3316.25,141938472.46369104
01/15/2025,ProShares VIX Short-Term Futures ETF,VIXY,42.68752391,46.73425253,-8.65902,-4.04672862,3116.25,133025081.75958532
01/14/2025,ProShares VIX Short-Term Futures ETF,VIXY,46.73425253,47.64225427,-1.90587,-0.90800174,3091.25,144467351.60186756
01/13/2025,ProShares VIX Short-Term Futures ETF,VIXY,47.64225427,48.63414689,-2.03950,-0.99189262,3091.25,147274213.79664604
01/10/2025,ProShares VIX Short-Term Futures ETF,VIXY,48.63414689,45.59698432,6.66088,3.03716257,3091.25,150340403.84200628
01/08/2025,ProShares VIX Short-Term Futures ETF,VIXY,45.59698432,45.92842891,-0.72165,-0.33144459,3091.25,140951768.97316864
01/07/2025,ProShares VIX Short-Term Futures ETF,VIXY,45.92842891,43.18415467,6.35482,2.74427424,2966.25,136235294.11114532
01/06/2025,ProShares VIX Short-Term Futures ETF,VIXY,43.18415467,43.39843459,-0.49375,-0.21427992,2966.25,128095085.15819684
01/03/2025,ProShares VIX Short-Term Futures ETF,VIXY,43.39843459,46.06353996,-5.78572,-2.66510537,2966.25,128730693.39945668
01/02/2025,ProShares VIX Short-Term Futures ETF,VIXY,46.06353996,45.05380651,2.24117,1.00973345,2966.25,136636067.53342992
12/31/2024,ProShares VIX Short-Term Futures ETF,VIXY,45.05380651,44.76541136,0.64424,0.28839515,2966.25,133640943.66790052
12/30/2024,ProShares VIX Short-Term Futures ETF,VIXY,44.76541136,43.7946853,2.21654,0.97072606,2966.25,132785490.97742272
12/27/2024,ProShares VIX Short-Term Futures ETF,VIXY,43.7946853,41.69608955,5.03308,2.09859575,2816.25,123336870.0654956
12/26/2024,ProShares VIX Short-Term Futures ETF,VIXY,41.69608955,41.52810472,0.40451,0.16798483,2816.25,117426695.5873666
12/24/2024,ProShares VIX Short-Term Futures ETF,VIXY,41.52810472,44.04448851,-5.71328,-2.51638379,2816.25,116953607.97390944
12/23/2024,ProShares VIX Short-Term Futures ETF,VIXY,44.04448851,47.13759018,-6.56186,-3.09310167,2816.25,124040378.85526452
12/20/2024,ProShares VIX Short-Term Futures ETF,VIXY,47.13759018,55.77872577,-15.49181,-8.64113559,3316.25,156320127.70960536
12/19/2024,ProShares VIX Short-Term Futures ETF,VIXY,55.77872577,50.84608861,9.70111,4.93263716,3691.25,205893333.05596404
12/18/2024,ProShares VIX Short-Term Futures ETF,VIXY,50.84608861,43.61911361,16.56837,7.226975,4016.25,204210705.07208972
12/17/2024,ProShares VIX Short-Term Futures ETF,VIXY,43.61911361,42.63315861,2.31265,0.985955,4016.25,175185352.27438972
12/16/2024,ProShares VIX Short-Term Futures ETF,VIXY,42.63315861,41.80944009,1.97017,0.82371852,4016.25,171225508.53372972
12/13/2024,ProShares VIX Short-Term Futures ETF,VIXY,41.80944009,41.80813586,0.00312,0.00130423,4016.25,167917247.38034268
12/12/2024,ProShares VIX Short-Term Futures ETF,VIXY,41.80813586,41.49934149,0.74409,0.30879437,4016.25,167912009.26399672
12/11/2024,ProShares VIX Short-Term Futures ETF,VIXY,41.49934149,41.91604251,-0.99413,-0.41670102,4016.25,166671813.25789548
12/10/2024,ProShares VIX Short-Term Futures ETF,VIXY,41.91604251,42.04402781,-0.30441,-0.1279853,4016.25,168345389.56287252
12/09/2024,ProShares VIX Short-Term Futures ETF,VIXY,42.04402781,41.01157401,2.51747,1.0324538,4016.25,168859410.77996812
12/06/2024,ProShares VIX Short-Term Futures ETF,VIXY,41.01157401,41.75562142,-1.78191,-0.74404741,3866.25,158561080.03931052
12/05/2024,ProShares VIX Short-Term Futures ETF,VIXY,41.75562142,41.66162266,0.22562,0.09399876,3766.25,157262192.68431784
12/04/2024,ProShares VIX Short-Term Futures ETF,VIXY,41.66162266,41.28704047,0.90726,0.37458219,3466.25,144409682.86847032
12/03/2024,ProShares VIX Short-Term Futures ETF,VIXY,41.28704047,41.68274855,-0.94933,-0.39570808,3466.25,143111286.60321844
12/02/2024,ProShares VIX Short-Term Futures ETF,VIXY,41.68274855,41.94107498,-0.61593,-0.25832643,3466.25,144482910.5269346
11/29/2024,ProShares VIX Short-Term Futures ETF,VIXY,41.94107498,42.71128747,-1.80330,-0.77021249,3466.25,145378335.03157496
11/27/2024,ProShares VIX Short-Term Futures ETF,VIXY,42.71128747,42.9439406,-0.54176,-0.23265313,3466.25,148048085.61546244
11/26/2024,ProShares VIX Short-Term Futures ETF,VIXY,42.9439406,43.41929097,-1.09479,-0.47535037,3466.25,148854519.9926312
11/25/2024,ProShares VIX Short-Term Futures ETF,VIXY,43.41929097,45.04183868,-3.60231,-1.62254771,3541.25,153758650.98609444
11/22/2024,ProShares VIX Short-Term Futures ETF,VIXY,45.04183868,46.9309715,-4.02534,-1.88913282,3541.25,159504501.30922736
11/21/2024,ProShares VIX Short-Term Futures ETF,VIXY,46.9309715,47.42621301,-1.04424,-0.49524151,3541.25,166194396.686318
11/20/2024,ProShares VIX Short-Term Futures ETF,VIXY,47.42621301,45.89537489,3.33550,1.53083812,3541.25,167948171.67408852
11/19/2024,ProShares VIX Short-Term Futures ETF,VIXY,45.89537489,44.3143377,3.56778,1.58103719,3541.25,162527088.11996228
11/18/2024,ProShares VIX Short-Term Futures ETF,VIXY,44.3143377,45.81945678,-3.28489,-1.50511908,3641.25,161359670.7788004
11/15/2024,ProShares VIX Short-Term Futures ETF,VIXY,45.81945678,42.94293565,6.69847,2.87652113,3641.25,166840188.63908856
11/14/2024,ProShares VIX Short-Term Futures ETF,VIXY,42.94293565,42.94246155,0.00110,0.0004741,3643.99,156483488.5147026375
11/13/2024,ProShares VIX Short-Term Futures ETF,VIXY,42.94246155,43.96327294,-2.32196,-1.02081139,3643.99,156481760.9005844625
11/12/2024,ProShares VIX Short-Term Futures ETF,VIXY,43.96327294,44.08344288,-0.27260,-0.12016994,3593.99,158003420.432993545
11/11/2024,ProShares VIX Short-Term Futures ETF,VIXY,44.08344288,44.16398956,-0.18238,-0.08054668,3593.99,158435309.60510184
11/08/2024,ProShares VIX Short-Term Futures ETF,VIXY,44.16398956,44.42535391,-0.58832,-0.26136435,3593.99,158724793.30577833
11/07/2024,ProShares VIX Short-Term Futures ETF,VIXY,44.42535391,45.84342992,-3.09330,-1.41807601,3593.99,159664133.3166006925
11/06/2024,ProShares VIX Short-Term Futures ETF,VIXY,45.84342992,50.9431442,-10.01060,-5.09971428,3593.99,164760679.70703356
11/05/2024,ProShares VIX Short-Term Futures ETF,VIXY,50.9431442,53.68193004,-5.10188,-2.73878584,3543.99,180541828.04813935
11/04/2024,ProShares VIX Short-Term Futures ETF,VIXY,53.68193004,56.09881972,-4.30827,-2.41688968,3481.49,186892928.14868697
11/01/2024,ProShares VIX Short-Term Futures ETF,VIXY,56.09881972,57.12083856,-1.78922,-1.02201884,3481.49,195307297.54581871
10/31/2024,ProShares VIX Short-Term Futures ETF,VIXY,57.12083856,53.10287788,7.56637,4.01796068,3481.49,198865442.59552908
10/30/2024,ProShares VIX Short-Term Futures ETF,VIXY,53.10287788,51.76126896,2.59192,1.34160892,3406.49,180894249.88508809
10/29/2024,ProShares VIX Short-Term Futures ETF,VIXY,51.76126896,51.87864348,-0.22625,-0.11737452,3406.49,176324076.87542628
10/28/2024,ProShares VIX Short-Term Futures ETF,VIXY,51.87864348,54.66060832,-5.08952,-2.78196484,3306.49,171536047.27459389
10/25/2024,ProShares VIX Short-Term Futures ETF,VIXY,54.66060832,52.13563808,4.84308,2.52497024,3306.49,180734577.15701976
10/24/2024,ProShares VIX Short-Term Futures ETF,VIXY,52.13563808,53.09244956,-1.80216,-0.95681148,3306.49,172385796.51431544
10/23/2024,ProShares VIX Short-Term Futures ETF,VIXY,53.09244956,50.4580304,5.22101,2.63441916,3306.49,175549480.99518333
10/22/2024,ProShares VIX Short-Term Futures ETF,VIXY,50.4580304,50.6647824,-0.40808,-0.206752,3306.49,166838808.9486972
10/21/2024,ProShares VIX Short-Term Futures ETF,VIXY,50.6647824,50.5203554,0.28588,0.144427,3306.49,167522431.6972332
10/18/2024,ProShares VIX Short-Term Futures ETF,VIXY,50.5203554,51.78048092,-2.43359,-1.26012552,3306.49,167044885.73539095
10/17/2024,ProShares VIX Short-Term Futures ETF,VIXY,51.78048092,52.56436012,-1.49128,-0.7838792,3306.49,171211474.07060781
10/16/2024,ProShares VIX Short-Term Futures ETF,VIXY,52.56436012,53.25612216,-1.29893,-0.69176204,3306.49,173803360.25900841
10/15/2024,ProShares VIX Short-Term Futures ETF,VIXY,53.25612216,51.43204216,3.54658,1.82408,3306.49,176090662.27842138
10/14/2024,ProShares VIX Short-Term Futures ETF,VIXY,51.43204216,53.3772742,-3.64431,-1.94523204,3306.49,170059365.92748138
10/11/2024,ProShares VIX Short-Term Futures ETF,VIXY,53.3772742,53.982215,-1.12063,-0.6049408,3306.49,176491249.89341685
10/10/2024,ProShares VIX Short-Term Futures ETF,VIXY,53.982215,53.26295392,1.35040,0.71926108,3306.49,178491478.63315125
10/09/2024,ProShares VIX Short-Term Futures ETF,VIXY,53.26295392,54.73911572,-2.69672,-1.4761618,3318.99,176779038.32634056
10/08/2024,ProShares VIX Short-Term Futures ETF,VIXY,54.73911572,57.04108728,-4.03564,-2.30197156,3318.99,181678399.78139671
10/07/2024,ProShares VIX Short-Term Futures ETF,VIXY,57.04108728,52.23901772,9.19250,4.80206956,3375.24,192527174.04741354
10/04/2024,ProShares VIX Short-Term Futures ETF,VIXY,52.23901772,54.36349924,-3.90792,-2.12448152,3375.24,176319052.39244521
10/03/2024,ProShares VIX Short-Term Futures ETF,VIXY,54.36349924,52.01406248,4.51693,2.34943676,3312.74,180091961.79094507
10/02/2024,ProShares VIX Short-Term Futures ETF,VIXY,52.01406248,52.73927564,-1.37509,-0.72521316,3337.74,173609247.85629214
10/01/2024,ProShares VIX Short-Term Futures ETF,VIXY,52.73927564,48.95381464,7.73272,3.785461,3337.74,176029818.47200777
09/30/2024,ProShares VIX Short-Term Futures ETF,VIXY,48.95381464,50.04614176,-2.18264,-1.09232712,3337.74,163394946.17661602
09/27/2024,ProShares VIX Short-Term Futures ETF,VIXY,50.04614176,47.78002812,4.74281,2.26611364,3337.74,167040846.54806168
09/26/2024,ProShares VIX Short-Term Futures ETF,VIXY,47.78002812,47.85770968,-0.16232,-0.07768156,3337.74,159477155.77215741
09/25/2024,ProShares VIX Short-Term Futures ETF,VIXY,47.85770968,47.17819228,1.44032,0.6795174,3337.74,159736436.36976674
09/24/2024,ProShares VIX Short-Term Futures ETF,VIXY,47.17819228,47.0994314,0.16722,0.07876088,3268.99,154224885.45227229
09/23/2024,ProShares VIX Short-Term Futures ETF,VIXY,47.0994314,46.97400016,0.26702,0.12543124,3187.74,150140588.37788395
09/20/2024,ProShares VIX Short-Term Futures ETF,VIXY,46.97400016,47.15428176,-0.38232,-0.1802816,3175.24,149153571.60253788
09/19/2024,ProShares VIX Short-Term Futures ETF,VIXY,47.15428176,49.01322584,-3.79274,-1.85894408,2968.99,140000437.75120668
09/18/2024,ProShares VIX Short-Term Futures ETF,VIXY,49.01322584,49.77446476,-1.52938,-0.76123892,2906.49,142456291.47871762
09/17/2024,ProShares VIX Short-Term Futures ETF,VIXY,49.77446476,48.74634336,2.10913,1.0281214,2806.49,139691375.83728193
09/16/2024,ProShares VIX Short-Term Futures ETF,VIXY,48.74634336,48.21595084,1.10004,0.53039252,2806.49,136805966.75079048
09/13/2024,ProShares VIX Short-Term Futures ETF,VIXY,48.21595084,48.35833092,-0.29443,-0.14238008,2743.99,132303930.24361137
09/12/2024,ProShares VIX Short-Term Futures ETF,VIXY,48.35833092,48.72680676,-0.75621,-0.36847584,2743.99,132694619.29659531
09/11/2024,ProShares VIX Short-Term Futures ETF,VIXY,48.72680676,50.89381244,-4.25790,-2.16700568,2743.99,133705712.11925043
09/10/2024,ProShares VIX Short-Term Futures ETF,VIXY,50.89381244,51.95812244,-2.04840,-1.06431,2850.24,145059414.56409517
09/09/2024,ProShares VIX Short-Term Futures ETF,VIXY,51.95812244,55.702479,-6.72206,-3.74435656,2850.24,148092950.03948767
09/06/2024,ProShares VIX Short-Term Futures ETF,VIXY,55.702479,51.84109232,7.44851,3.86138668,2850.24,158765252.71190325
09/05/2024,ProShares VIX Short-Term Futures ETF,VIXY,51.84109232,54.07512216,-4.13134,-2.23402984,2950.24,152943495.72260676
09/04/2024,ProShares VIX Short-Term Futures ETF,VIXY,54.07512216,52.98808788,2.05147,1.08703428,2900.24,156830656.54917138
09/03/2024,ProShares VIX Short-Term Futures ETF,VIXY,52.98808788,43.99647312,20.43713,8.99161476,2900.24,153677999.78180559
08/30/2024,ProShares VIX Short-Term Futures ETF,VIXY,43.99647312,45.352545,-2.99007,-1.35607188,2875.24,126500276.38501116
08/29/2024,ProShares VIX Short-Term Futures ETF,VIXY,45.352545,47.00412916,-3.51370,-1.65158416,2875.24,130399304.09002875
08/28/2024,ProShares VIX Short-Term Futures ETF,VIXY,47.00412916,44.45350852,5.73773,2.55062064,2875.24,135147999.56257863
08/27/2024,ProShares VIX Short-Term Futures ETF,VIXY,44.45350852,45.42949448,-2.14835,-0.97598596,2862.74,127258692.50664211
08/26/2024,ProShares VIX Short-Term Futures ETF,VIXY,45.42949448,45.42123868,0.01818,0.0082558,2862.74,130052683.38181814
08/23/2024,ProShares VIX Short-Term Futures ETF,VIXY,45.42123868,48.43075836,-6.21407,-3.00951968,2862.74,130029049.19975749
08/22/2024,ProShares VIX Short-Term Futures ETF,VIXY,48.43075836,46.24857104,4.71839,2.18218732,2862.74,138644511.78754173
08/21/2024,ProShares VIX Short-Term Futures ETF,VIXY,46.24857104,45.71172096,1.17443,0.53685008,2662.74,123147769.74319372
08/20/2024,ProShares VIX Short-Term Futures ETF,VIXY,45.71172096,43.75329692,4.47606,1.95842404,2581.49,118004201.97793728
08/19/2024,ProShares VIX Short-Term Futures ETF,VIXY,43.75329692,44.68888676,-2.09356,-0.93558984,2406.49,105291729.30679581
08/16/2024,ProShares VIX Short-Term Futures ETF,VIXY,44.68888676,44.8483332,-0.35552,-0.15944644,2162.74,96650297.71244043
08/15/2024,ProShares VIX Short-Term Futures ETF,VIXY,44.8483332,46.49954456,-3.55103,-1.65121136,2118.99,95033023.8103851
08/14/2024,ProShares VIX Short-Term Futures ETF,VIXY,46.49954456,49.8468684,-6.71521,-3.34732384,1887.74,87778899.12417458
08/13/2024,ProShares VIX Short-Term Futures ETF,VIXY,49.8468684,54.2554624,-8.12562,-4.408594,1806.49,90047707.2935937
08/12/2024,ProShares VIX Short-Term Futures ETF,VIXY,54.2554624,54.31443084,-0.10857,-0.05896844,1756.49,95299000.8207232
08/09/2024,ProShares VIX Short-Term Futures ETF,VIXY,54.31443084,62.7898848,-13.49812,-8.47545396,1712.74,93026321.75500137
08/08/2024,ProShares VIX Short-Term Futures ETF,VIXY,62.7898848,68.60661064,-8.47838,-5.81672584,1712.74,107542543.2252264
08/07/2024,ProShares VIX Short-Term Futures ETF,VIXY,68.60661064,71.57034692,-4.14101,-2.96373628,1768.99,121364185.18456902
08/06/2024,ProShares VIX Short-Term Futures ETF,VIXY,71.57034692,88.23993276,-18.89120,-16.66958584,1768.99,126606995.39438331
08/05/2024,ProShares VIX Short-Term Futures ETF,VIXY,88.23993276,61.96484272,42.40322,26.27509004,1993.99,175949256.74433093
08/02/2024,ProShares VIX Short-Term Futures ETF,VIXY,61.96484272,49.9072166,24.16009,12.05762612,2387.74,147955732.17051396
08/01/2024,ProShares VIX Short-Term Futures ETF,VIXY,49.9072166,45.89102772,8.75158,4.01618888,2925.24,145990424.08853005
07/31/2024,ProShares VIX Short-Term Futures ETF,VIXY,45.89102772,47.09123584,-2.54869,-1.20020812,2900.24,133094845.08881271
07/30/2024,ProShares VIX Short-Term Futures ETF,VIXY,47.09123584,45.71691924,3.00614,1.3743166,2900.24,136575732.78608512
07/29/2024,ProShares VIX Short-Term Futures ETF,VIXY,45.71691924,46.3898648,-1.45063,-0.67294556,2900.24,132589889.27663007
07/26/2024,ProShares VIX Short-Term Futures ETF,VIXY,46.3898648,49.03493472,-5.39426,-2.64506992,2900.24,134541590.7204914
07/25/2024,ProShares VIX Short-Term Futures ETF,VIXY,49.03493472,48.79940536,0.48265,0.23552936,2900.24,142212919.70879496
07/24/2024,ProShares VIX Short-Term Futures ETF,VIXY,48.79940536,42.92544744,13.68409,5.87395792,3168.99,154644668.99371898
07/23/2024,ProShares VIX Short-Term Futures ETF,VIXY,42.92544744,43.23247208,-0.71017,-0.30702464,3587.74,154005205.29068142
07/22/2024,ProShares VIX Short-Term Futures ETF,VIXY,43.23247208,45.66561308,-5.32817,-2.433141,3587.74,155106728.87476494
07/19/2024,ProShares VIX Short-Term Futures ETF,VIXY,45.66561308,43.91798128,3.97931,1.7476318,3712.74,169544399.89339669
07/18/2024,ProShares VIX Short-Term Futures ETF,VIXY,43.91798128,42.54804904,3.21973,1.36993224,3775.24,165800776.91406804
07/17/2024,ProShares VIX Short-Term Futures ETF,VIXY,42.54804904,41.19108276,3.29432,1.35696628,3775.24,160628958.37661022
07/16/2024,ProShares VIX Short-Term Futures ETF,VIXY,41.19108276,40.8635544,0.80152,0.32752836,3875.24,159625197.68384343
07/15/2024,ProShares VIX Short-Term Futures ETF,VIXY,40.8635544,40.2550988,1.51150,0.6084556,3875.24,158355947.7465042
07/12/2024,ProShares VIX Short-Term Futures ETF,VIXY,40.2550988,40.80721024,-1.35298,-0.55211144,3968.99,159771953.7571409
07/11/2024,ProShares VIX Short-Term Futures ETF,VIXY,40.80721024,40.5955228,0.52146,0.21168744,4100.24,167319223.09102432
07/10/2024,ProShares VIX Short-Term Futures ETF,VIXY,40.5955228,40.78197388,-0.45719,-0.18645108,3981.49,161630536.1375229
07/09/2024,ProShares VIX Short-Term Futures ETF,VIXY,40.78197388,40.78722816,-0.01288,-0.00525428,3893.99,158804465.92756609
07/08/2024,ProShares VIX Short-Term Futures ETF,VIXY,40.78722816,41.37846588,-1.42885,-0.59123772,3893.99,158824926.02426688
07/05/2024,ProShares VIX Short-Term Futures ETF,VIXY,41.37846588,41.2897542,0.21485,0.08871168,3675.24,152075658.46079709
07/03/2024,ProShares VIX Short-Term Futures ETF,VIXY,41.2897542,41.11378312,0.42801,0.17597108,3518.99,145298097.94055685
07/02/2024,ProShares VIX Short-Term Futures ETF,VIXY,41.11378312,41.63703592,-1.25670,-0.5232528,3425.24,140824440.87415366
07/01/2024,ProShares VIX Short-Term Futures ETF,VIXY,41.63703592,43.33139792,-3.91024,-1.694362,3425.24,142616705.59425406
06/28/2024,ProShares VIX Short-Term Futures ETF,VIXY,43.33139792,42.6845784,1.51535,0.64681952,3425.24,148420296.58445756
06/27/2024,ProShares VIX Short-Term Futures ETF,VIXY,42.6845784,43.0607618,-0.87361,-0.3761834,3425.24,146204786.5939362
06/26/2024,ProShares VIX Short-Term Futures ETF,VIXY,43.0607618,43.51325368,-1.03989,-0.45249188,3425.24,147493303.80035615
06/25/2024,ProShares VIX Short-Term Futures ETF,VIXY,43.51325368,44.4647914,-2.13998,-0.95153772,3425.24,149043195.61680874
06/24/2024,ProShares VIX Short-Term Futures ETF,VIXY,44.4647914,44.61438496,-0.33530,-0.14959356,3425.24,152302437.58436395
06/21/2024,ProShares VIX Short-Term Futures ETF,VIXY,44.61438496,45.59770524,-2.15651,-0.98332028,3450.24,153930190.56763928
06/20/2024,ProShares VIX Short-Term Futures ETF,VIXY,45.59770524,44.15840956,3.25939,1.43929568,3512.74,160172734.91221557
06/18/2024,ProShares VIX Short-Term Futures ETF,VIXY,44.15840956,44.225651,-0.15204,-0.06724144,3512.74,155116868.08296333
06/17/2024,ProShares VIX Short-Term Futures ETF,VIXY,44.225651,44.52000236,-0.66117,-0.29435136,3512.74,155353069.56037425
06/14/2024,ProShares VIX Short-Term Futures ETF,VIXY,44.52000236,43.0831556,3.33505,1.43684676,3362.74,149709048.04605873
06/13/2024,ProShares VIX Short-Term Futures ETF,VIXY,43.0831556,43.16155612,-0.18164,-0.07840052,3362.74,144877310.6420883
06/12/2024,ProShares VIX Short-Term Futures ETF,VIXY,43.16155612,44.13016224,-2.19488,-0.96860612,3362.74,145140950.95191141
06/11/2024,ProShares VIX Short-Term Futures ETF,VIXY,44.13016224,44.15774924,-0.06247,-0.027587,3243.99,143157661.58191032
06/10/2024,ProShares VIX Short-Term Futures ETF,VIXY,44.15774924,44.10122388,0.12817,0.05652536,3181.49,140487294.11688257
06/07/2024,ProShares VIX Short-Term Futures ETF,VIXY,44.10122388,44.58402708,-1.08291,-0.4828032,3168.99,139756194.13450359
06/06/2024,ProShares VIX Short-Term Futures ETF,VIXY,44.58402708,44.86007344,-0.61535,-0.27604636,3168.99,141286191.07816119
06/05/2024,ProShares VIX Short-Term Futures ETF,VIXY,44.86007344,45.7580418,-1.96243,-0.89796836,3168.99,142160978.33538692
06/04/2024,ProShares VIX Short-Term Futures ETF,VIXY,45.7580418,45.52931148,0.50238,0.22873032,3168.99,145006628.17014615
06/03/2024,ProShares VIX Short-Term Futures ETF,VIXY,45.52931148,45.87667164,-0.75716,-0.34736016,3168.99,144281784.81674289
05/31/2024,ProShares VIX Short-Term Futures ETF,VIXY,45.87667164,47.31691156,-3.04382,-1.44023992,3168.99,145382564.56126077
05/30/2024,ProShares VIX Short-Term Futures ETF,VIXY,47.31691156,47.46712124,-0.31645,-0.15020968,3168.99,149946665.78456183
05/29/2024,ProShares VIX Short-Term Futures ETF,VIXY,47.46712124,45.61422064,4.06211,1.8529006,3150.24,149532669.74695357
05/28/2024,ProShares VIX Short-Term Futures ETF,VIXY,45.61422064,44.64846892,2.16301,0.96575172,3150.24,143695594.18273652
05/24/2024,ProShares VIX Short-Term Futures ETF,VIXY,44.64846892,46.03435976,-3.01056,-1.38589084,3150.24,140653247.62301681
05/23/2024,ProShares VIX Short-Term Futures ETF,VIXY,46.03435976,45.40323276,1.39005,0.631127,3112.74,143292843.38767318
05/22/2024,ProShares VIX Short-Term Futures ETF,VIXY,45.40323276,44.48194044,2.07116,0.92129232,3100.24,140760770.77135593
05/21/2024,ProShares VIX Short-Term Futures ETF,VIXY,44.48194044,45.20921932,-1.60870,-0.72727888,3056.49,135958461.56914917
05/20/2024,ProShares VIX Short-Term Futures ETF,VIXY,45.20921932,45.25792796,-0.10762,-0.04870864,3056.49,138181379.82942401
05/17/2024,ProShares VIX Short-Term Futures ETF,VIXY,45.25792796,45.69589636,-0.95844,-0.4379684,3056.49,138330257.14219453
05/16/2024,ProShares VIX Short-Term Futures ETF,VIXY,45.69589636,45.81855364,-0.26770,-0.12265728,3056.49,139668901.75371323
05/15/2024,ProShares VIX Short-Term Futures ETF,VIXY,45.81855364,47.54652824,-3.63428,-1.7279746,3056.49,140043802.10482427
05/14/2024,ProShares VIX Short-Term Futures ETF,VIXY,47.54652824,48.47235232,-1.91000,-0.92582408,2925.24,139084851.74256082
05/13/2024,ProShares VIX Short-Term Futures ETF,VIXY,48.47235232,47.84762588,1.30566,0.62472644,2731.49,132401588.10341176
05/10/2024,ProShares VIX Short-Term Futures ETF,VIXY,47.84762588,48.56873248,-1.48471,-0.7211066,2731.49,130695156.11017709
05/09/2024,ProShares VIX Short-Term Futures ETF,VIXY,48.56873248,48.77733424,-0.42766,-0.20860176,2731.49,132664849.23341464
05/08/2024,ProShares VIX Short-Term Futures ETF,VIXY,48.77733424,49.2254768,-0.91039,-0.44814256,2693.99,131405492.14288132
05/07/2024,ProShares VIX Short-Term Futures ETF,VIXY,49.2254768,49.53448216,-0.62382,-0.30900536,2693.99,132612782.2616324
05/06/2024,ProShares VIX Short-Term Futures ETF,VIXY,49.53448216,50.82811824,-2.54512,-1.29363608,2668.99,132206876.55315138
05/03/2024,ProShares VIX Short-Term Futures ETF,VIXY,50.82811824,52.62413972,-3.41292,-1.79602148,2668.99,135659574.10999332
05/02/2024,ProShares VIX Short-Term Futures ETF,VIXY,52.62413972,54.31999576,-3.12197,-1.69585604,2668.99,140453131.64282871
05/01/2024,ProShares VIX Short-Term Futures ETF,VIXY,54.31999576,54.04545352,0.50798,0.27454224,2668.99,144979348.94349618
04/30/2024,ProShares VIX Short-Term Futures ETF,VIXY,54.04545352,52.58314876,2.78094,1.46230476,2650.24,143233247.08912086
04/29/2024,ProShares VIX Short-Term Futures ETF,VIXY,52.58314876,53.38511548,-1.50223,-0.80196672,2612.74,137385925.19596893
04/26/2024,ProShares VIX Short-Term Futures ETF,VIXY,53.38511548,55.19425696,-3.27777,-1.80914148,2587.74,138146625.23058989
04/25/2024,ProShares VIX Short-Term Futures ETF,VIXY,55.19425696,54.02868012,2.15733,1.16557684,2587.74,142828207.12433528
04/24/2024,ProShares VIX Short-Term Futures ETF,VIXY,54.02868012,54.61487364,-1.07332,-0.58619352,2587.74,139812001.10051841
04/23/2024,ProShares VIX Short-Term Futures ETF,VIXY,54.61487364,56.884866,-3.99050,-2.26999236,2656.49,145083688.17758427
04/22/2024,ProShares VIX Short-Term Futures ETF,VIXY,56.884866,61.48238348,-7.47778,-4.59751748,2656.49,151113892.8045255
04/19/2024,ProShares VIX Short-Term Futures ETF,VIXY,61.48238348,59.95951552,2.53983,1.52286796,2656.49,163327137.07303889
04/18/2024,ProShares VIX Short-Term Futures ETF,VIXY,59.95951552,59.3622476,1.00614,0.59726792,2675.24,160405899.43129936
04/17/2024,ProShares VIX Short-Term Futures ETF,VIXY,59.3622476,60.20368368,-1.39765,-0.84143608,2675.24,158808066.3421193
04/16/2024,ProShares VIX Short-Term Futures ETF,VIXY,60.20368368,62.0392948,-2.95879,-1.83561112,2675.24,161059107.06611124
04/15/2024,ProShares VIX Short-Term Futures ETF,VIXY,62.0392948,58.79207444,5.52323,3.24722036,2675.24,165969801.3930439
04/12/2024,ProShares VIX Short-Term Futures ETF,VIXY,58.79207444,54.14528448,8.58208,4.64678996,2675.24,157282718.15062367
04/11/2024,ProShares VIX Short-Term Futures ETF,VIXY,54.14528448,55.0421528,-1.62942,-0.89686832,2775.24,150265983.32810064
04/10/2024,ProShares VIX Short-Term Futures ETF,VIXY,55.0421528,54.1669288,1.61579,0.875224,2775.24,152755005.2496754
04/09/2024,ProShares VIX Short-Term Futures ETF,VIXY,54.166928,54.589244,-0.77362,-0.422316,2775.24,150326049.220204
04/08/2024,ProShares VIX Short-Term Futures ETF,VIXY,54.58924436,56.73429636,-3.78087,-2.145052,2775.24,151498077.10260223
04/05/2024,ProShares VIX Short-Term Futures ETF,VIXY,56.73429664,55.75468064,1.75701,0.979616,2800.24,158869462.43672952
04/04/2024,ProShares VIX Short-Term Futures ETF,VIXY,55.754682,53.248366,4.70684,2.506316,2937.74,163792578.2959635
04/03/2024,ProShares VIX Short-Term Futures ETF,VIXY,53.24836688,53.56387088,-0.58902,-0.315504,2937.74,156429684.26085884
04/02/2024,ProShares VIX Short-Term Futures ETF,VIXY,53.563871,52.038867,2.93051,1.525004,3150.24,168738874.89645925
04/01/2024,ProShares VIX Short-Term Futures ETF,VIXY,52.03886548,51.72318948,0.61032,0.315676,3150.24,163934746.46340239
03/28/2024,ProShares VIX Short-Term Futures ETF,VIXY,51.72318964,50.73618564,1.94537,0.987004,3150.24,162940292.83114727
03/27/2024,ProShares VIX Short-Term Futures ETF,VIXY,50.736184,51.641496,-1.75307,-0.905312,3118.99,158245485.641562
03/26/2024,ProShares VIX Short-Term Futures ETF,VIXY,51.64149712,51.86044512,-0.42219,-0.218948,3056.49,157841551.69744316
03/25/2024,ProShares VIX Short-Term Futures ETF,VIXY,51.86044492,52.13908492,-0.53442,-0.27864,3056.49,158510762.74708481
03/22/2024,ProShares VIX Short-Term Futures ETF,VIXY,52.1390854,52.0406454,0.18916,0.09844,3012.74,157081338.69596845
03/21/2024,ProShares VIX Short-Term Futures ETF,VIXY,52.0406464,52.4055864,-0.69638,-0.36494,3012.74,156784767.9030352
03/20/2024,ProShares VIX Short-Term Futures ETF,VIXY,52.40558488,53.68334888,-2.38019,-1.277764,3000.24,157229161.66222034
03/19/2024,ProShares VIX Short-Term Futures ETF,VIXY,53.68334796,55.15165196,-2.66230,-1.468304,2768.99,148648479.19687953
03/18/2024,ProShares VIX Short-Term Futures ETF,VIXY,55.15165028,56.36084628,-2.14545,-1.209196,2768.99,152714188.86595379
03/15/2024,ProShares VIX Short-Term Futures ETF,VIXY,56.3608468,55.3704428,1.78869,0.990404,2768.99,156062438.0079799
03/14/2024,ProShares VIX Short-Term Futures ETF,VIXY,55.37044276,53.92013476,2.68973,1.450308,2768.99,153320022.34407343
03/13/2024,ProShares VIX Short-Term Futures ETF,VIXY,53.92013296,54.22163296,-0.55605,-0.3015,2768.99,149304133.72447828
03/12/2024,ProShares VIX Short-Term Futures ETF,VIXY,54.22163236,57.04088036,-4.94250,-2.819248,2768.99,150138981.56821123
03/11/2024,ProShares VIX Short-Term Futures ETF,VIXY,57.04087908,57.54945108,-0.88371,-0.508572,2768.99,157945438.38087219
03/08/2024,ProShares VIX Short-Term Futures ETF,VIXY,57.54945252,56.17665652,2.44371,1.372796,2987.74,171942614.23638411
03/07/2024,ProShares VIX Short-Term Futures ETF,VIXY,56.17665468,56.38971868,-0.37784,-0.213064,2987.74,167841055.67949549
03/06/2024,ProShares VIX Short-Term Futures ETF,VIXY,56.3897172,56.2417772,0.26304,0.14794,2987.74,168477630.4005471
03/05/2024,ProShares VIX Short-Term Futures ETF,VIXY,56.24177692,53.97895292,4.19205,2.262824,3012.74,169441668.21218581
03/04/2024,ProShares VIX Short-Term Futures ETF,VIXY,53.97895148,54.08641948,-0.19870,-0.107468,3012.74,162624370.85026289
03/01/2024,ProShares VIX Short-Term Futures ETF,VIXY,54.08641968,53.92488768,0.29955,0.161532,3012.74,162948144.24585924
02/29/2024,ProShares VIX Short-Term Futures ETF,VIXY,53.92488808,54.66966408,-1.36232,-0.744776,3012.74,162461492.05825294
02/28/2024,ProShares VIX Short-Term Futures ETF,VIXY,54.66966384,53.84327584,1.53480,0.826388,2887.74,157871597.38091412
02/27/2024,ProShares VIX Short-Term Futures ETF,VIXY,53.84327768,54.75980568,-1.67372,-0.916528,2887.74,155485211.69699074
02/26/2024,ProShares VIX Short-Term Futures ETF,VIXY,54.75980456,55.38794056,-1.13407,-0.628136,2887.74,158131900.05072958
02/23/2024,ProShares VIX Short-Term Futures ETF,VIXY,55.3879412,57.5845572,-3.81459,-2.196616,2887.74,159945793.3100791
02/22/2024,ProShares VIX Short-Term Futures ETF,VIXY,57.5845558,58.6571398,-1.82857,-1.072584,2887.74,166289038.01608565
02/21/2024,ProShares VIX Short-Term Futures ETF,VIXY,58.65714012,59.33167212,-1.13688,-0.674532,2887.74,169386379.17442341
02/20/2024,ProShares VIX Short-Term Futures ETF,VIXY,59.33167252,57.21790852,3.69423,2.113764,2887.74,171334251.17496911
02/16/2024,ProShares VIX Short-Term Futures ETF,VIXY,57.21790932,57.47248932,-0.44296,-0.25458,2812.74,160938916.30253151
02/15/2024,ProShares VIX Short-Term Futures ETF,VIXY,57.47248932,57.92035332,-0.77324,-0.447864,2812.74,161654982.82434651
02/14/2024,ProShares VIX Short-Term Futures ETF,VIXY,57.9203536,61.2622056,-5.45500,-3.341852,2812.74,162914707.1437148
02/13/2024,ProShares VIX Short-Term Futures ETF,VIXY,61.26220556,57.01984156,7.44015,4.242364,2812.74,172314456.96466633
02/12/2024,ProShares VIX Short-Term Futures ETF,VIXY,57.01984168,55.94836568,1.91512,1.071476,2843.99,162163674.22501774
02/09/2024,ProShares VIX Short-Term Futures ETF,VIXY,55.94836452,55.39471652,0.99946,0.553648,2756.49,154220925.48355011
02/08/2024,ProShares VIX Short-Term Futures ETF,VIXY,55.39471544,55.76304744,-0.66053,-0.368332,2756.49,152694799.13038042
02/07/2024,ProShares VIX Short-Term Futures ETF,VIXY,55.76304632,55.92823832,-0.29536,-0.165192,2756.49,153710098.32071626
02/06/2024,ProShares VIX Short-Term Futures ETF,VIXY,55.92823844,57.35807844,-2.49283,-1.42984,2756.49,154165448.21070067
02/05/2024,ProShares VIX Short-Term Futures ETF,VIXY,57.35807952,59.54924352,-3.67958,-2.191164,2756.49,158106786.20232636
02/02/2024,ProShares VIX Short-Term Futures ETF,VIXY,59.54924236,59.78942236,-0.40171,-0.24018,2756.49,164146697.53787873
02/01/2024,ProShares VIX Short-Term Futures ETF,VIXY,59.78942264,60.35977464,-0.94492,-0.570352,2756.49,164808751.29731002
01/31/2024,ProShares VIX Short-Term Futures ETF,VIXY,60.35977296,57.36806096,5.21494,2.991712,2743.99,165626417.23524828
01/30/2024,ProShares VIX Short-Term Futures ETF,VIXY,57.36806144,58.29100544,-1.58334,-0.922944,2743.99,157417200.46454592
01/29/2024,ProShares VIX Short-Term Futures ETF,VIXY,58.2910062,57.8436502,0.77339,0.447356,2687.74,156670879.55821785
01/26/2024,ProShares VIX Short-Term Futures ETF,VIXY,57.84365196,58.30549596,-0.79211,-0.461844,2687.74,155468509.12710153
01/25/2024,ProShares VIX Short-Term Futures ETF,VIXY,58.305497,57.547021,1.31801,0.758476,2687.74,156709827.01391475
01/24/2024,ProShares VIX Short-Term Futures ETF,VIXY,57.54702136,56.17125336,2.44924,1.375768,2656.49,152872899.74480698
01/23/2024,ProShares VIX Short-Term Futures ETF,VIXY,56.17125252,57.71236452,-2.67033,-1.541112,2631.49,147813906.73728411
01/22/2024,ProShares VIX Short-Term Futures ETF,VIXY,57.71236568,59.82376168,-3.52936,-2.111396,2631.49,151869325.59807474
01/19/2024,ProShares VIX Short-Term Futures ETF,VIXY,59.82376276,61.39643076,-2.56150,-1.572668,2618.99,156677642.00358343
01/18/2024,ProShares VIX Short-Term Futures ETF,VIXY,61.3964316,63.4593756,-3.25081,-2.062944,2618.99,160796440.8576813
01/17/2024,ProShares VIX Short-Term Futures ETF,VIXY,63.45937504,61.27759904,3.56048,2.181776,2618.99,166199262.39304072
01/16/2024,ProShares VIX Short-Term Futures ETF,VIXY,61.27760088,59.05536888,3.76296,2.222232,2618.99,160485224.77650834
01/12/2024,ProShares VIX Short-Term Futures ETF,VIXY,59.055367,58.212715,1.44754,0.842652,2606.49,153927031.60188725
01/11/2024,ProShares VIX Short-Term Futures ETF,VIXY,58.21271392,58.57749792,-0.62274,-0.364784,2606.49,151730667.51402056
01/10/2024,ProShares VIX Short-Term Futures ETF,VIXY,58.5774968,59.0444568,-0.79086,-0.46696,2568.99,150484813.1273674
01/09/2024,ProShares VIX Short-Term Futures ETF,VIXY,59.04445536,60.58042736,-2.53543,-1.535972,2568.99,151684423.48080648
01/08/2024,ProShares VIX Short-Term Futures ETF,VIXY,60.5804262,62.0017422,-2.29238,-1.421316,2568.99,155630312.21715285
01/05/2024,ProShares VIX Short-Term Futures ETF,VIXY,62.00174084,64.03957284,-3.18214,-2.037832,2568.99,159281650.69489387
01/04/2024,ProShares VIX Short-Term Futures ETF,VIXY,64.03957328,64.14511328,-0.16453,-0.10554,2568.99,164516815.23197404
01/03/2024,ProShares VIX Short-Term Futures ETF,VIXY,64.14511176,61.94880376,3.54536,2.196308,2581.49,165589756.08570918
01/02/2024,ProShares VIX Short-Term Futures ETF,VIXY,61.9488026,61.9887746,-0.06448,-0.039972,2581.49,159920013.09026555
12/29/2023,ProShares VIX Short-Term Futures ETF,VIXY,61.98877476,61.80291076,0.30074,0.185864,2537.74,157311191.79592443
12/28/2023,ProShares VIX Short-Term Futures ETF,VIXY,61.8029098,61.9026098,-0.16106,-0.0997,2537.74,156839515.45639515
12/27/2023,ProShares VIX Short-Term Futures ETF,VIXY,61.90261088,64.48685088,-4.00739,-2.58424,2537.74,157092530.55112584
12/26/2023,ProShares VIX Short-Term Futures ETF,VIXY,64.48685036,66.29992636,-2.73466,-1.813076,2587.74,166874992.56832273
12/22/2023,ProShares VIX Short-Term Futures ETF,VIXY,66.29992496,67.96568496,-2.45088,-1.66576,2587.74,171566752.34123428
12/21/2023,ProShares VIX Short-Term Futures ETF,VIXY,67.96568676,69.56172276,-2.29442,-1.596036,2587.74,175877305.36784043
12/20/2023,ProShares VIX Short-Term Futures ETF,VIXY,69.56172192,65.52242192,6.16476,4.0393,2587.74,180007424.20566456
12/19/2023,ProShares VIX Short-Term Futures ETF,VIXY,65.52242116,64.46108516,1.64648,1.061336,2587.74,169554777.18470963
12/18/2023,ProShares VIX Short-Term Futures ETF,VIXY,64.46108616,64.39834616,0.09742,0.06274,2587.74,166808321.60114838
12/15/2023,ProShares VIX Short-Term Futures ETF,VIXY,64.39834612,62.44353012,3.13053,1.954816,2587.74,166645966.89394391
12/14/2023,ProShares VIX Short-Term Futures ETF,VIXY,62.44352852,62.58488852,-0.22587,-0.14136,2587.74,161587413.55087711
12/13/2023,ProShares VIX Short-Term Futures ETF,VIXY,62.58488764,63.43733964,-1.34377,-0.852452,2543.99,159215124.90639877
12/12/2023,ProShares VIX Short-Term Futures ETF,VIXY,63.4373408,65.4004728,-3.00171,-1.963132,2543.99,161383754.4504344
12/11/2023,ProShares VIX Short-Term Futures ETF,VIXY,65.40047092,66.79785492,-2.09196,-1.397384,2543.99,166377931.46424031
12/08/2023,ProShares VIX Short-Term Futures ETF,VIXY,66.79785388,68.90315788,-3.05545,-2.105304,2543.99,169932855.19915609
12/07/2023,ProShares VIX Short-Term Futures ETF,VIXY,68.9031598,68.9303078,-0.03938,-0.027148,2543.99,175288725.56433265
12/06/2023,ProShares VIX Short-Term Futures ETF,VIXY,68.93030864,68.37189664,0.81673,0.558412,2518.99,173634534.13757052
12/05/2023,ProShares VIX Short-Term Futures ETF,VIXY,68.37189524,68.99132724,-0.89784,-0.619432,2518.99,172227898.18194807
12/04/2023,ProShares VIX Short-Term Futures ETF,VIXY,68.99132652,68.64300652,0.50744,0.34832,2518.99,173788237.36880361
12/01/2023,ProShares VIX Short-Term Futures ETF,VIXY,68.64300608,68.91657808,-0.39696,-0.273572,2518.99,172910822.79568944
11/30/2023,ProShares VIX Short-Term Futures ETF,VIXY,68.91657612,70.13821612,-1.74176,-1.22164,2518.99,173599942.10164641
11/29/2023,ProShares VIX Short-Term Futures ETF,VIXY,70.13821508,68.95851508,1.71074,1.1797,2518.99,176677234.45517019
11/28/2023,ProShares VIX Short-Term Futures ETF,VIXY,68.95851324,69.82622924,-1.24268,-0.867716,2518.99,173705581.15125957
11/27/2023,ProShares VIX Short-Term Futures ETF,VIXY,69.82622752,69.28671552,0.77867,0.539512,2518.99,175891341.92536536
11/24/2023,ProShares VIX Short-Term Futures ETF,VIXY,69.28671544,72.60097144,-4.56503,-3.314256,2412.74,167170604.62888042
11/22/2023,ProShares VIX Short-Term Futures ETF,VIXY,72.60097196,71.93655196,0.92362,0.66442,2412.74,175167033.13361153
11/21/2023,ProShares VIX Short-Term Futures ETF,VIXY,71.93655052,73.49556252,-2.12123,-1.559012,2412.74,173563959.10783561
11/20/2023,ProShares VIX Short-Term Futures ETF,VIXY,73.49556128,74.07501728,-0.78226,-0.579456,2356.49,173191316.34013304
11/17/2023,ProShares VIX Short-Term Futures ETF,VIXY,74.0750164,75.2452364,-1.55521,-1.17022,2293.99,169927106.1276327
11/16/2023,ProShares VIX Short-Term Futures ETF,VIXY,75.24523808,76.25647408,-1.32610,-1.011236,2293.99,172611579.15611544
11/15/2023,ProShares VIX Short-Term Futures ETF,VIXY,76.25647436,78.19482636,-2.47887,-1.938352,2193.99,167305694.34755473
11/14/2023,ProShares VIX Short-Term Futures ETF,VIXY,78.19482464,78.80872064,-0.77897,-0.613896,2112.74,165205079.67673352
11/13/2023,ProShares VIX Short-Term Futures ETF,VIXY,78.8087224,79.5122984,-0.88486,-0.703576,2237.74,176353174.3350282
11/10/2023,ProShares VIX Short-Term Futures ETF,VIXY,79.51229648,83.05669248,-4.26744,-3.544396,2256.49,179418443.46919164
11/09/2023,ProShares VIX Short-Term Futures ETF,VIXY,83.05669244,79.81544844,4.06092,3.241244,2231.49,185339908.67868517
11/08/2023,ProShares VIX Short-Term Futures ETF,VIXY,79.81544784,81.35662384,-1.89435,-1.541176,2175.24,173617495.35927612
11/07/2023,ProShares VIX Short-Term Futures ETF,VIXY,81.3566242,81.7787162,-0.51614,-0.422092,2125.24,172902087.60577935
11/06/2023,ProShares VIX Short-Term Futures ETF,VIXY,81.77871708,84.59906508,-3.33378,-2.820348,2050.24,167665731.12526869
11/03/2023,ProShares VIX Short-Term Futures ETF,VIXY,84.59906492,86.53401692,-2.23606,-1.934952,1987.74,168160670.35711981
11/02/2023,ProShares VIX Short-Term Futures ETF,VIXY,86.53401868,89.65058268,-3.47635,-3.116564,1987.74,172006849.05542249
11/01/2023,ProShares VIX Short-Term Futures ETF,VIXY,89.65058364,93.66471964,-4.28564,-4.014136,1956.49,175400179.02142677
10/31/2023,ProShares VIX Short-Term Futures ETF,VIXY,93.66471992,100.29997592,-6.61541,-6.635256,1956.49,183253783.46594106
10/30/2023,ProShares VIX Short-Term Futures ETF,VIXY,100.29997428,108.23781828,-7.33371,-7.937844,1956.49,196235570.70416079
10/27/2023,ProShares VIX Short-Term Futures ETF,VIXY,108.23781632,104.80069632,3.27967,3.43712,1956.49,211765853.47901376
10/26/2023,ProShares VIX Short-Term Futures ETF,VIXY,104.8006964,103.7312844,1.03094,1.069412,2000.24,209626204.3648727
10/25/2023,ProShares VIX Short-Term Futures ETF,VIXY,103.73128456,97.67682456,6.19846,6.05446,2000.24,207487127.50161958
10/24/2023,ProShares VIX Short-Term Futures ETF,VIXY,97.67682556,102.18489756,-4.41168,-4.508072,2000.24,195376776.10845133
10/23/2023,ProShares VIX Short-Term Futures ETF,VIXY,102.18489644,105.80215644,-3.41889,-3.61726,2068.99,211419196.78448217
10/20/2023,ProShares VIX Short-Term Futures ETF,VIXY,105.80215628,104.93336828,0.82794,0.868788,2106.49,222870840.32524929
10/19/2023,ProShares VIX Short-Term Futures ETF,VIXY,104.93336924,100.03775324,4.89377,4.895616,2168.99,227599087.51441757
10/18/2023,ProShares VIX Short-Term Futures ETF,VIXY,100.03775192,94.10658792,6.30260,5.931164,2168.99,216980558.41426706
10/17/2023,ProShares VIX Short-Term Futures ETF,VIXY,94.10658916,91.68853716,2.63725,2.418052,2237.74,210585772.98048363
10/16/2023,ProShares VIX Short-Term Futures ETF,VIXY,91.6885362,101.6988482,-9.84309,-10.010312,2237.74,205174807.00844535
10/13/2023,ProShares VIX Short-Term Futures ETF,VIXY,101.69884964,90.43898164,12.45024,11.259868,2237.74,227575253.27215227
10/12/2023,ProShares VIX Short-Term Futures ETF,VIXY,90.43898128,88.35105328,2.36322,2.087928,2287.74,206900581.10681804
10/11/2023,ProShares VIX Short-Term Futures ETF,VIXY,88.3510526,89.9842006,-1.81493,-1.633148,2275.24,201019561.77670305
10/10/2023,ProShares VIX Short-Term Futures ETF,VIXY,89.9842004,93.1977884,-3.44814,-3.213588,2275.24,204735359.6694447
10/09/2023,ProShares VIX Short-Term Futures ETF,VIXY,93.19778964,94.51657764,-1.39530,-1.318788,2293.99,213794494.56344727
10/06/2023,ProShares VIX Short-Term Futures ETF,VIXY,94.51657728,95.86710928,-1.40875,-1.350532,2293.99,216819775.93567104
10/05/2023,ProShares VIX Short-Term Futures ETF,VIXY,95.86710776,97.04728376,-1.21608,-1.180176,2293.99,219917874.96226218
10/04/2023,ProShares VIX Short-Term Futures ETF,VIXY,97.04728484,102.30411284,-5.13843,-5.256828,2293.99,222625185.54643587
10/03/2023,ProShares VIX Short-Term Futures ETF,VIXY,102.30411256,93.49751256,9.41907,8.8066,2312.74,236602480.79364858
10/02/2023,ProShares VIX Short-Term Futures ETF,VIXY,93.49751208,93.25401208,0.26111,0.2435,2268.99,212144616.06748494
09/29/2023,ProShares VIX Short-Term Futures ETF,VIXY,93.25401408,91.40756208,2.02002,1.846452,2268.99,211592122.33183344
09/28/2023,ProShares VIX Short-Term Futures ETF,VIXY,91.40756068,96.00701668,-4.79075,-4.599456,2268.99,207402544.03274099
09/27/2023,ProShares VIX Short-Term Futures ETF,VIXY,96.00701788,100.06635388,-4.05664,-4.059336,2243.99,215438476.02973309
09/26/2023,ProShares VIX Short-Term Futures ETF,VIXY,100.06635276,91.74010876,9.07590,8.326244,2256.49,225798399.12376593
09/25/2023,ProShares VIX Short-Term Futures ETF,VIXY,91.74010724,91.61557524,0.13593,0.124532,2268.99,208157087.77113907
09/22/2023,ProShares VIX Short-Term Futures ETF,VIXY,91.61557716,91.53379716,0.08934,0.08178,2212.74,202721154.45439263
09/21/2023,ProShares VIX Short-Term Futures ETF,VIXY,91.53379884,84.74187084,8.01484,6.791928,2212.74,202540200.56037537
09/20/2023,ProShares VIX Short-Term Futures ETF,VIXY,84.74187076,81.60456676,3.84452,3.137304,2293.99,194396728.69365243
09/19/2023,ProShares VIX Short-Term Futures ETF,VIXY,81.60456628,82.15125428,-0.66547,-0.546688,2256.49,184139622.55031679
09/18/2023,ProShares VIX Short-Term Futures ETF,VIXY,82.15125428,82.64029028,-0.59176,-0.489036,2256.49,185373216.77870079
09/15/2023,ProShares VIX Short-Term Futures ETF,VIXY,82.64029004,79.56821004,3.86094,3.07208,2256.49,186476719.49141697
09/14/2023,ProShares VIX Short-Term Futures ETF,VIXY,79.56820956,82.01716956,-2.98591,-2.44896,2256.49,179544610.59336333
09/13/2023,ProShares VIX Short-Term Futures ETF,VIXY,82.0171676,83.5479116,-1.83218,-1.530744,2218.99,181995008.1769293
09/12/2023,ProShares VIX Short-Term Futures ETF,VIXY,83.54790988,83.26572588,0.33890,0.282184,2175.24,181736483.95666409
09/11/2023,ProShares VIX Short-Term Futures ETF,VIXY,83.26572684,85.09649884,-2.15141,-1.830772,2175.24,181122669.03782937
09/08/2023,ProShares VIX Short-Term Futures ETF,VIXY,85.09649744,86.78642144,-1.94722,-1.689924,2162.74,184041322.30976892
09/07/2023,ProShares VIX Short-Term Futures ETF,VIXY,86.7864212,87.0644052,-0.31929,-0.277984,2162.74,187696182.5302191
09/06/2023,ProShares VIX Short-Term Futures ETF,VIXY,87.0644052,85.3027732,2.06515,1.761632,2162.74,188297388.7429311
09/05/2023,ProShares VIX Short-Term Futures ETF,VIXY,85.30277324,84.82585724,0.56223,0.476916,2162.74,184487442.56306457
09/01/2023,ProShares VIX Short-Term Futures ETF,VIXY,84.82585744,85.94179744,-1.29848,-1.11594,2156.49,182925837.62674892
08/31/2023,ProShares VIX Short-Term Futures ETF,VIXY,85.94179664,87.52686864,-1.81095,-1.585072,2143.99,184258073.26735452
08/30/2023,ProShares VIX Short-Term Futures ETF,VIXY,87.52686968,90.58374968,-3.37465,-3.05688,2143.99,187656448.86289674
08/29/2023,ProShares VIX Short-Term Futures ETF,VIXY,90.58374776,93.02903176,-2.62852,-2.445284,2112.74,191379612.84528218
08/28/2023,ProShares VIX Short-Term Futures ETF,VIXY,93.02903148,96.84373548,-3.93903,-3.814704,2081.49,193638696.39095289
08/25/2023,ProShares VIX Short-Term Futures ETF,VIXY,96.84373636,101.22404836,-4.32734,-4.380312,2018.99,195526220.53133323
08/24/2023,ProShares VIX Short-Term Futures ETF,VIXY,101.22404752,97.42301552,3.90157,3.801032,2043.99,206900611.91225036
08/23/2023,ProShares VIX Short-Term Futures ETF,VIXY,97.42301672,100.66514072,-3.22070,-3.242124,2018.99,196695779.90270846
08/22/2023,ProShares VIX Short-Term Futures ETF,VIXY,100.66514104,100.23461704,0.42952,0.430524,1931.49,194433386.10564122
08/21/2023,ProShares VIX Short-Term Futures ETF,VIXY,100.2346174,103.4369094,-3.09589,-3.202292,1931.49,193601835.39941945
08/18/2023,ProShares VIX Short-Term Futures ETF,VIXY,103.43691008,105.64048208,-2.08592,-2.203572,2006.49,207544789.53646144
08/17/2023,ProShares VIX Short-Term Futures ETF,VIXY,105.64048288,100.95536688,4.64078,4.685116,2093.99,221209771.41432184
08/16/2023,ProShares VIX Short-Term Futures ETF,VIXY,100.95536632,99.17619432,1.79395,1.779172,2093.99,211399199.41547626
08/15/2023,ProShares VIX Short-Term Futures ETF,VIXY,99.17619556,93.87977956,5.64170,5.296416,2075.24,205814085.75129883
08/14/2023,ProShares VIX Short-Term Futures ETF,VIXY,93.87977764,95.53324564,-1.73078,-1.653468,2125.24,199516753.52235627
08/11/2023,ProShares VIX Short-Term Futures ETF,VIXY,95.53324588,99.22155388,-3.71724,-3.688308,2125.24,203030764.99096209
08/10/2023,ProShares VIX Short-Term Futures ETF,VIXY,99.2215554,99.0878714,0.13491,0.133684,2325.24,230713607.00824095
08/09/2023,ProShares VIX Short-Term Futures ETF,VIXY,99.08787024,99.87457824,-0.78770,-0.786708,2325.24,230402757.36127932
08/08/2023,ProShares VIX Short-Term Futures ETF,VIXY,99.87457792,98.21096992,1.69391,1.663608,2312.74,230983606.74632256
08/07/2023,ProShares VIX Short-Term Futures ETF,VIXY,98.21097048,103.39029048,-5.00948,-5.17932,2312.74,227136120.68226114
08/04/2023,ProShares VIX Short-Term Futures ETF,VIXY,103.39028872,99.93388472,3.45869,3.456404,2312.74,239114520.31585446
08/03/2023,ProShares VIX Short-Term Futures ETF,VIXY,99.93388444,100.14001244,-0.20584,-0.206128,2312.74,231120767.11464117
08/02/2023,ProShares VIX Short-Term Futures ETF,VIXY,100.14001388,91.93114988,8.92936,8.208864,2312.74,231597490.24578609
08/01/2023,ProShares VIX Short-Term Futures ETF,VIXY,91.93114792,90.65359592,1.40927,1.277552,2312.74,212612544.26427006
07/31/2023,ProShares VIX Short-Term Futures ETF,VIXY,90.65359676,91.53448476,-0.96236,-0.880888,2337.74,211924244.66553293
07/28/2023,ProShares VIX Short-Term Futures ETF,VIXY,91.53448668,95.08906268,-3.73815,-3.554576,2337.74,213983533.40422149
07/27/2023,ProShares VIX Short-Term Futures ETF,VIXY,95.08906308,90.76511508,4.76389,4.323948,2337.74,222293197.28518419
07/26/2023,ProShares VIX Short-Term Futures ETF,VIXY,90.76511348,93.32811748,-2.74623,-2.563004,2337.74,212184941.40011639
07/25/2023,ProShares VIX Short-Term Futures ETF,VIXY,93.32811832,93.37071432,-0.04562,-0.042596,2337.74,218176572.00501226
07/24/2023,ProShares VIX Short-Term Futures ETF,VIXY,93.37071504,94.85661904,-1.56647,-1.485904,2275.24,212440482.23278572
07/21/2023,ProShares VIX Short-Term Futures ETF,VIXY,94.85661772,96.27372972,-1.47196,-1.417112,2275.24,215821262.61724521
07/20/2023,ProShares VIX Short-Term Futures ETF,VIXY,96.2737278,96.6262118,-0.36479,-0.352484,2275.24,219045523.55005665
07/19/2023,ProShares VIX Short-Term Futures ETF,VIXY,96.62621036,94.37753036,2.38264,2.24868,2275.24,219847504.82430273
07/18/2023,ProShares VIX Short-Term Futures ETF,VIXY,94.37752984,95.71942584,-1.40191,-1.341896,2275.24,214731224.26618962
07/17/2023,ProShares VIX Short-Term Futures ETF,VIXY,95.7194252,95.7957772,-0.07970,-0.076352,2275.24,217784353.9039161
07/14/2023,ProShares VIX Short-Term Futures ETF,VIXY,95.79577628,97.12680828,-1.37041,-1.331032,2275.24,217958070.68703429
07/13/2023,ProShares VIX Short-Term Futures ETF,VIXY,97.12680772,96.41625572,0.73696,0.710552,2275.24,220986482.33472771
07/12/2023,ProShares VIX Short-Term Futures ETF,VIXY,96.41625752,102.22260552,-5.68010,-5.806348,2275.24,219369812.40696786
07/11/2023,ProShares VIX Short-Term Futures ETF,VIXY,102.22260448,103.17957248,-0.92748,-0.956968,2281.49,233219517.67161064
07/10/2023,ProShares VIX Short-Term Futures ETF,VIXY,103.179574,103.873282,-0.66784,-0.693708,2281.49,235402830.9516445
07/07/2023,ProShares VIX Short-Term Futures ETF,VIXY,103.87328348,106.13335548,-2.12946,-2.260072,2281.49,236985519.93861389
07/06/2023,ProShares VIX Short-Term Futures ETF,VIXY,106.133355,100.898395,5.18835,5.23496,2281.49,242141843.16554625
07/05/2023,ProShares VIX Short-Term Futures ETF,VIXY,100.89839692,99.25765692,1.65301,1.64074,2306.49,232720815.59222081
07/03/2023,ProShares VIX Short-Term Futures ETF,VIXY,99.257655,99.801531,-0.54496,-0.543876,2306.49,228936466.09357125
06/30/2023,ProShares VIX Short-Term Futures ETF,VIXY,99.80153292,101.77164092,-1.93581,-1.970108,2306.64,230206337.636581596
06/29/2023,ProShares VIX Short-Term Futures ETF,VIXY,101.77163904,99.62054704,2.15929,2.151092,2306.64,234750665.778356352
06/28/2023,ProShares VIX Short-Term Futures ETF,VIXY,99.62054596,103.22004996,-3.48721,-3.599504,2306.64,229788865.639884148
06/27/2023,ProShares VIX Short-Term Futures ETF,VIXY,103.22004796,106.02503996,-2.64559,-2.804992,2306.64,238091625.612516748
06/26/2023,ProShares VIX Short-Term Futures ETF,VIXY,106.02504004,106.04732804,-0.02102,-0.022288,2306.64,244561736.190417652
06/23/2023,ProShares VIX Short-Term Futures ETF,VIXY,106.04732952,104.85562552,1.13652,1.191704,2306.64,244613150.025541176
06/22/2023,ProShares VIX Short-Term Futures ETF,VIXY,104.855625,107.403957,-2.37266,-2.548332,2306.64,241864315.1623125
06/21/2023,ProShares VIX Short-Term Futures ETF,VIXY,107.4039562,109.6838162,-2.07857,-2.27986,2316.64,248816440.71631106
06/20/2023,ProShares VIX Short-Term Futures ETF,VIXY,109.683818,109.443438,0.21964,0.24038,2316.64,254098062.7204834
06/16/2023,ProShares VIX Short-Term Futures ETF,VIXY,109.4434326,113.6225926,-3.67811,-4.17916,2316.64,253541175.97492638
06/15/2023,ProShares VIX Short-Term Futures ETF,VIXY,113.6225894,110.4651494,2.85831,3.15744,2316.64,263222783.21698222
06/14/2023,ProShares VIX Short-Term Futures ETF,VIXY,110.4651544,113.9665944,-3.07234,-3.50144,2307.89,254941568.79291672
06/13/2023,ProShares VIX Short-Term Futures ETF,VIXY,113.9665904,114.2566104,-0.25383,-0.29002,2160.39,246212430.39082352
06/12/2023,ProShares VIX Short-Term Futures ETF,VIXY,114.2566098,113.7814498,0.41761,0.47516,2114.14,241554617.57616474
06/09/2023,ProShares VIX Short-Term Futures ETF,VIXY,113.7814448,112.9171448,0.76543,0.8643,2086.64,237421061.89335024
06/08/2023,ProShares VIX Short-Term Futures ETF,VIXY,112.9171504,115.9732704,-2.63519,-3.05612,2079.14,234770710.87495152
06/07/2023,ProShares VIX Short-Term Futures ETF,VIXY,115.9732676,115.3524876,0.53816,0.62078,2010.39,233151648.21561188
06/06/2023,ProShares VIX Short-Term Futures ETF,VIXY,115.3524814,122.4241814,-5.77639,-7.0717,1981.64,228587241.19972182
06/05/2023,ProShares VIX Short-Term Futures ETF,VIXY,122.4241852,125.4273052,-2.39431,-3.00312,1981.64,242600821.51116876
06/02/2023,ProShares VIX Short-Term Futures ETF,VIXY,125.4273116,130.3372716,-3.76712,-4.90996,1966.64,246670531.14052908
06/01/2023,ProShares VIX Short-Term Futures ETF,VIXY,130.3372692,138.1985092,-5.68837,-7.86124,1961.64,255674970.19193796
05/31/2023,ProShares VIX Short-Term Futures ETF,VIXY,138.1985148,139.1862348,-0.70964,-0.98772,1972.89,272650647.52184124
05/30/2023,ProShares VIX Short-Term Futures ETF,VIXY,139.1862292,142.9924492,-2.66183,-3.80622,1950.39,271467610.51148596
05/26/2023,ProShares VIX Short-Term Futures ETF,VIXY,142.9924454,148.8214054,-3.91675,-5.82896,1904.14,272277820.87413502
05/25/2023,ProShares VIX Short-Term Futures ETF,VIXY,148.8213962,152.5673362,-2.45527,-3.74594,1904.14,283376966.82808306
05/24/2023,ProShares VIX Short-Term Futures ETF,VIXY,152.5673274,146.3399074,4.25545,6.22742,1880.39,286886275.10721162
05/23/2023,ProShares VIX Short-Term Futures ETF,VIXY,146.3399,143.83836,1.73913,2.50154,1880.39,275176274.80287
05/22/2023,ProShares VIX Short-Term Futures ETF,VIXY,143.8383544,143.7240344,0.07954,0.11432,1835.39,263999664.27207672
05/19/2023,ProShares VIX Short-Term Futures ETF,VIXY,143.7240384,140.0519784,2.62193,3.67206,1835.39,263789849.68022592
05/18/2023,ProShares VIX Short-Term Futures ETF,VIXY,140.0519768,146.0980968,-4.13840,-6.04612,1824.14,255474595.02752184
05/17/2023,ProShares VIX Short-Term Futures ETF,VIXY,146.0981052,150.9314852,-3.20237,-4.83338,1789.14,261390153.86506476
05/16/2023,ProShares VIX Short-Term Futures ETF,VIXY,150.9314854,146.6915054,2.89041,4.23998,1764.14,266264466.86448702
05/15/2023,ProShares VIX Short-Term Futures ETF,VIXY,146.6915078,150.4432278,-2.49378,-3.75172,1764.14,258784547.26925214
05/12/2023,ProShares VIX Short-Term Futures ETF,VIXY,150.4432314,150.3265114,0.07764,0.11672,1751.64,263522577.42569682
05/11/2023,ProShares VIX Short-Term Futures ETF,VIXY,150.3265148,152.0607348,-1.14048,-1.73422,1739.14,261439050.37374124
05/10/2023,ProShares VIX Short-Term Futures ETF,VIXY,152.0607284,156.3507084,-2.74382,-4.28998,1732.89,263504713.31602292
05/09/2023,ProShares VIX Short-Term Futures ETF,VIXY,156.3507114,153.3561514,1.95268,2.99456,1732.89,270938787.53387082
05/08/2023,ProShares VIX Short-Term Futures ETF,VIXY,153.3561536,156.0483536,-1.72523,-2.6922,1732.89,265749544.37490368
05/05/2023,ProShares VIX Short-Term Futures ETF,VIXY,156.0483626,168.9892226,-7.65780,-12.94086,1712.89,267293882.67678538
05/04/2023,ProShares VIX Short-Term Futures ETF,VIXY,168.9892324,160.8361324,5.06920,8.1531,1702.89,287770293.64763812
05/03/2023,ProShares VIX Short-Term Futures ETF,VIXY,160.8361408,156.4251608,2.81987,4.41098,1694.14,272479148.66189504
05/02/2023,ProShares VIX Short-Term Futures ETF,VIXY,156.4251692,149.1482292,4.87900,7.27694,1694.14,265006339.50120796
05/01/2023,ProShares VIX Short-Term Futures ETF,VIXY,149.1482214,151.9233414,-1.82666,-2.77512,1694.14,252678161.69528382
04/28/2023,ProShares VIX Short-Term Futures ETF,VIXY,151.9233416,158.4296216,-4.10673,-6.50628,1684.14,255860374.02256808
04/27/2023,ProShares VIX Short-Term Futures ETF,VIXY,158.4296238,165.4160038,-4.22352,-6.98638,1676.64,265629650.40654294
04/26/2023,ProShares VIX Short-Term Futures ETF,VIXY,165.4160114,169.8649314,-2.61909,-4.44892,1661.64,274862076.22351082
04/25/2023,ProShares VIX Short-Term Futures ETF,VIXY,169.8649354,156.8606154,8.29037,13.00432,1642.89,279069624.54372202
04/24/2023,ProShares VIX Short-Term Futures ETF,VIXY,156.8606212,157.4907812,-0.40013,-0.63016,1607.89,252214828.14007556
04/21/2023,ProShares VIX Short-Term Futures ETF,VIXY,157.4907794,160.7132194,-2.00509,-3.22244,1540.39,242597426.41797922
04/20/2023,ProShares VIX Short-Term Futures ETF,VIXY,160.713226,157.179186,2.24841,3.53404,1530.39,245954122.8653338
04/19/2023,ProShares VIX Short-Term Futures ETF,VIXY,157.1791864,157.5191664,-0.21583,-0.33998,1507.89,237009127.71363832
04/18/2023,ProShares VIX Short-Term Futures ETF,VIXY,157.5191574,158.6848374,-0.73459,-1.16568,1460.39,230039607.05029062
04/17/2023,ProShares VIX Short-Term Futures ETF,VIXY,158.6848446,163.2305046,-2.78481,-4.54566,1412.89,224204436.37719198
04/14/2023,ProShares VIX Short-Term Futures ETF,VIXY,163.2305108,166.1130908,-1.73531,-2.88258,1412.89,230626968.60387604
04/13/2023,ProShares VIX Short-Term Futures ETF,VIXY,166.1131004,172.2478204,-3.56157,-6.13472,1405.39,233453906.11818652
04/12/2023,ProShares VIX Short-Term Futures ETF,VIXY,172.2478186,171.3312786,0.53495,0.91654,1405.39,242075585.70441818
04/11/2023,ProShares VIX Short-Term Futures ETF,VIXY,171.3312808,172.8601608,-0.88446,-1.52888,1305.39,223654363.37417704
04/10/2023,ProShares VIX Short-Term Futures ETF,VIXY,172.8601702,174.8127102,-1.11693,-1.95254,1295.39,223921560.59359926
04/06/2023,ProShares VIX Short-Term Futures ETF,VIXY,174.8127092,178.0230292,-1.80332,-3.21032,1277.89,223391640.21610996
04/05/2023,ProShares VIX Short-Term Futures ETF,VIXY,178.0230362,179.4197962,-0.77849,-1.39676,1267.89,225713858.79756506
04/04/2023,ProShares VIX Short-Term Futures ETF,VIXY,179.4198058,175.8816458,2.01167,3.53816,1267.89,227484810.82150954
04/03/2023,ProShares VIX Short-Term Futures ETF,VIXY,175.8816522,180.6301522,-2.62885,-4.7485,1255.39,220800296.00150586
03/31/2023,ProShares VIX Short-Term Futures ETF,VIXY,180.630147,181.054027,-0.23412,-0.42388,1255.39,226761515.0615211
03/30/2023,ProShares VIX Short-Term Futures ETF,VIXY,181.0540226,181.6178226,-0.31043,-0.5638,1225.39,221862024.12404338
03/29/2023,ProShares VIX Short-Term Futures ETF,VIXY,181.6178142,187.7107142,-3.24590,-6.0929,1154.14,209612620.18394646
03/28/2023,ProShares VIX Short-Term Futures ETF,VIXY,187.7107092,192.2296092,-2.35078,-4.5189,1149.14,215706128.39400996
03/27/2023,ProShares VIX Short-Term Futures ETF,VIXY,192.2296154,200.2667354,-4.01321,-8.03712,1149.14,220898990.13925602
03/24/2023,ProShares VIX Short-Term Futures ETF,VIXY,200.2667322,208.4262322,-3.91481,-8.1595,1139.14,228132105.66505986
03/23/2023,ProShares VIX Short-Term Futures ETF,VIXY,208.4262336,202.1615936,3.09883,6.26464,1139.14,237426930.69720768
03/22/2023,ProShares VIX Short-Term Futures ETF,VIXY,202.161589,195.860729,3.21701,6.30086,1126.64,227763595.4410257
03/21/2023,ProShares VIX Short-Term Futures ETF,VIXY,195.8607264,214.6893464,-8.77017,-18.82862,1126.64,220664783.41024032
03/20/2023,ProShares VIX Short-Term Futures ETF,VIXY,214.6893432,225.2320832,-4.68083,-10.54274,1126.64,241877880.71899416
03/17/2023,ProShares VIX Short-Term Futures ETF,VIXY,225.2320818,202.7812018,11.07148,22.45088,1126.64,253755765.44085834
03/16/2023,ProShares VIX Short-Term Futures ETF,VIXY,202.781197,223.534657,-9.28422,-20.75346,1181.64,239614637.2386361
03/15/2023,ProShares VIX Short-Term Futures ETF,VIXY,223.534661,206.271281,8.36926,17.26338,1181.64,264137787.4190993
03/14/2023,ProShares VIX Short-Term Futures ETF,VIXY,206.271291,220.380111,-6.40204,-14.10882,1265.39,261013897.0711683
03/13/2023,ProShares VIX Short-Term Futures ETF,VIXY,220.3801018,212.7634218,3.57988,7.61668,1265.39,278867063.51083434
03/10/2023,ProShares VIX Short-Term Futures ETF,VIXY,212.7634292,192.2620292,10.66326,20.5014,1362.89,289973426.61484596
03/09/2023,ProShares VIX Short-Term Futures ETF,VIXY,192.2620314,173.4589514,10.84007,18.80308,1422.89,273567971.79938682
03/08/2023,ProShares VIX Short-Term Futures ETF,VIXY,173.4589604,176.8358604,-1.90962,-3.3769,1422.89,246813245.66020452
03/07/2023,ProShares VIX Short-Term Futures ETF,VIXY,176.8358504,172.6122704,2.44686,4.22358,1405.39,248523565.68026152
03/06/2023,ProShares VIX Short-Term Futures ETF,VIXY,172.6122632,175.3406632,-1.55606,-2.7284,1405.39,242587772.97459016
03/03/2023,ProShares VIX Short-Term Futures ETF,VIXY,175.3406646,180.7993446,-3.01919,-5.45868,1401.64,245764717.07280798
03/02/2023,ProShares VIX Short-Term Futures ETF,VIXY,180.7993394,187.9531994,-3.80619,-7.15386,1389.14,251155829.37325722
03/01/2023,ProShares VIX Short-Term Futures ETF,VIXY,187.9531948,185.5525548,1.29378,2.40064,1354.14,254515183.54562524
02/28/2023,ProShares VIX Short-Term Futures ETF,VIXY,185.5525452,190.2441252,-2.46608,-4.69158,1327.89,246393610.46393676
02/27/2023,ProShares VIX Short-Term Futures ETF,VIXY,190.2441214,197.2146814,-3.53450,-6.97056,1324.14,251910098.22795382
02/24/2023,ProShares VIX Short-Term Futures ETF,VIXY,197.2146748,190.1703748,3.70420,7.0443,1310.39,258428394.09024924
02/23/2023,ProShares VIX Short-Term Futures ETF,VIXY,190.1703698,197.0537498,-3.49315,-6.88338,1302.89,247771320.33020274
02/22/2023,ProShares VIX Short-Term Futures ETF,VIXY,197.0537466,202.8900666,-2.87659,-5.83632,1282.89,252798537.14554458
02/21/2023,ProShares VIX Short-Term Futures ETF,VIXY,202.8900572,188.6527372,7.54684,14.23732,1346.64,273220130.38488236
02/17/2023,ProShares VIX Short-Term Futures ETF,VIXY,188.6527458,187.9001058,0.40055,0.75264,1365.39,257584817.83643154
02/16/2023,ProShares VIX Short-Term Futures ETF,VIXY,187.9001048,178.1767848,5.45712,9.72332,1365.39,256557168.36300824
02/15/2023,ProShares VIX Short-Term Futures ETF,VIXY,178.1767772,181.4870372,-1.82396,-3.31026,1347.89,240162927.84991836
02/14/2023,ProShares VIX Short-Term Futures ETF,VIXY,181.487035,188.992755,-3.97143,-7.50572,1337.89,242809925.1892955
02/13/2023,ProShares VIX Short-Term Futures ETF,VIXY,188.9927478,196.3217878,-3.73318,-7.32904,1337.89,252851753.04471414
02/10/2023,ProShares VIX Short-Term Futures ETF,VIXY,196.321786,194.136746,1.12552,2.18504,1337.89,262657209.4898618
02/09/2023,ProShares VIX Short-Term Futures ETF,VIXY,194.136749,188.195249,3.15709,5.9415,1344.14,260947222.1786337
02/08/2023,ProShares VIX Short-Term Futures ETF,VIXY,188.195255,180.882975,4.04255,7.31228,1344.14,252961014.7095315
02/07/2023,ProShares VIX Short-Term Futures ETF,VIXY,180.8829744,186.8106944,-3.17312,-5.92772,1356.64,245393313.53788272
02/06/2023,ProShares VIX Short-Term Futures ETF,VIXY,186.8106922,182.2824122,2.48421,4.52828,1356.64,253435100.32010786
02/03/2023,ProShares VIX Short-Term Futures ETF,VIXY,182.2824076,181.0455476,0.68318,1.23686,1365.39,248886813.48009388
02/02/2023,ProShares VIX Short-Term Futures ETF,VIXY,181.0455468,176.8235068,2.38771,4.22204,1365.39,247198014.50446284
02/01/2023,ProShares VIX Short-Term Futures ETF,VIXY,176.8235108,182.7444908,-3.24003,-5.92098,1341.64,237233724.90027604
01/31/2023,ProShares VIX Short-Term Futures ETF,VIXY,182.744498,186.975718,-2.26298,-4.23122,1329.14,242893259.6395674
01/30/2023,ProShares VIX Short-Term Futures ETF,VIXY,186.9757138,181.4232938,3.06048,5.55242,1329.14,248517143.30855994
01/27/2023,ProShares VIX Short-Term Futures ETF,VIXY,181.4233026,184.7112826,-1.78006,-3.28798,1332.89,241817541.65280738
01/26/2023,ProShares VIX Short-Term Futures ETF,VIXY,184.7112912,187.1756712,-1.31661,-2.46438,1321.64,244122071.02624656
01/25/2023,ProShares VIX Short-Term Futures ETF,VIXY,187.1756698,186.9873098,0.10073,0.18836,1266.64,237084433.72384274
01/24/2023,ProShares VIX Short-Term Futures ETF,VIXY,186.987303,194.503323,-3.86421,-7.51602,1266.64,236845840.5554139
01/23/2023,ProShares VIX Short-Term Futures ETF,VIXY,194.5033258,197.3572858,-1.44609,-2.85396,1259.14,244907170.50213554
01/20/2023,ProShares VIX Short-Term Futures ETF,VIXY,197.3572804,203.4086604,-2.97499,-6.05138,1224.14,241593197.79332052
01/19/2023,ProShares VIX Short-Term Futures ETF,VIXY,203.4086518,202.8790918,0.26102,0.52956,1216.64,247475366.55719934
01/18/2023,ProShares VIX Short-Term Futures ETF,VIXY,202.8790886,195.9119086,3.55628,6.96718,1216.64,246831078.09711918
01/17/2023,ProShares VIX Short-Term Futures ETF,VIXY,195.9119004,194.0926204,0.93733,1.81928,1112.89,218028649.52162652
01/13/2023,ProShares VIX Short-Term Futures ETF,VIXY,194.092617,198.763337,-2.34989,-4.67072,1102.89,214063058.6835321
01/12/2023,ProShares VIX Short-Term Futures ETF,VIXY,198.7633278,209.6024878,-5.17129,-10.83916,1095.39,217723620.03116814
01/11/2023,ProShares VIX Short-Term Futures ETF,VIXY,209.6024886,208.2291886,0.65951,1.3733,1090.39,228548730.02778918
01/10/2023,ProShares VIX Short-Term Futures ETF,VIXY,208.2291924,217.4039124,-4.22013,-9.17472,1090.39,227051299.79898612
01/09/2023,ProShares VIX Short-Term Futures ETF,VIXY,217.403922,216.335502,0.49387,1.06842,1090.39,237055345.1346786
01/06/2023,ProShares VIX Short-Term Futures ETF,VIXY,216.3355114,221.4171914,-2.29507,-5.08168,1147.89,248329651.41711082
01/05/2023,ProShares VIX Short-Term Futures ETF,VIXY,221.4172008,219.4596608,0.89198,1.95754,1161.64,257207364.97967304
01/04/2023,ProShares VIX Short-Term Futures ETF,VIXY,219.4596542,225.9275142,-2.86280,-6.46786,1164.14,255482047.13793846
01/03/2023,ProShares VIX Short-Term Futures ETF,VIXY,225.9275098,227.9988098,-0.90847,-2.0713,1164.14,263011544.96433474
12/30/2022,ProShares VIX Short-Term Futures ETF,VIXY,227.9988094,228.5174894,-0.22698,-0.51868,1169.14,266562824.42036822
12/29/2022,ProShares VIX Short-Term Futures ETF,VIXY,228.5174888,231.5582888,-1.31319,-3.0408,1170.39,267454880.78936744
12/28/2022,ProShares VIX Short-Term Futures ETF,VIXY,231.5582868,230.9193068,0.27671,0.63898,1171.64,271303252.17212484
12/27/2022,ProShares VIX Short-Term Futures ETF,VIXY,230.9193106,232.4713106,-0.66761,-1.552,1180.39,272575145.23423778
12/23/2022,ProShares VIX Short-Term Futures ETF,VIXY,232.4713178,238.3298978,-2.45818,-5.85858,1207.89,280800082.27015514
12/22/2022,ProShares VIX Short-Term Futures ETF,VIXY,238.3299038,226.3021038,5.31493,12.0278,1205.39,287280792.57035694
12/21/2022,ProShares VIX Short-Term Futures ETF,VIXY,226.3021066,235.3561266,-3.84694,-9.05402,1205.39,272782590.46731258
12/20/2022,ProShares VIX Short-Term Futures ETF,VIXY,235.356125,236.401845,-0.44235,-1.04572,1205.39,283696225.4767125
12/19/2022,ProShares VIX Short-Term Futures ETF,VIXY,236.4018366,242.6160166,-2.56132,-6.21418,1200.39,283774707.95866158
12/16/2022,ProShares VIX Short-Term Futures ETF,VIXY,242.6160112,241.8939512,0.29850,0.72206,1200.39,291234149.08518256
12/15/2022,ProShares VIX Short-Term Futures ETF,VIXY,241.8939438,227.2839238,6.42809,14.61002,1200.39,290367385.66020894
12/14/2022,ProShares VIX Short-Term Futures ETF,VIXY,227.2839242,235.4115042,-3.45250,-8.12758,1225.39,278511743.34453946
12/13/2022,ProShares VIX Short-Term Futures ETF,VIXY,235.411511,246.416431,-4.46598,-11.00492,1240.39,292002390.1642543
12/12/2022,ProShares VIX Short-Term Futures ETF,VIXY,246.4164226,247.5359026,-0.45225,-1.11948,1240.39,305652786.77016338
12/09/2022,ProShares VIX Short-Term Futures ETF,VIXY,247.5358986,242.1214186,2.23627,5.41448,1234.14,305494275.69487218
12/08/2022,ProShares VIX Short-Term Futures ETF,VIXY,242.1214256,247.0426256,-1.99204,-4.9212,1234.14,298812050.94783728
12/07/2022,ProShares VIX Short-Term Futures ETF,VIXY,247.0426166,243.1930366,1.58293,3.84958,1229.14,303650282.92312558
12/06/2022,ProShares VIX Short-Term Futures ETF,VIXY,243.1930412,236.8565012,2.67527,6.33654,1229.14,298918610.81152156
12/05/2022,ProShares VIX Short-Term Futures ETF,VIXY,236.8564934,232.1850134,2.01196,4.67148,1217.89,288465462.66036742
12/02/2022,ProShares VIX Short-Term Futures ETF,VIXY,232.1850208,236.4520008,-1.80459,-4.26698,1200.39,278712878.95863904
12/01/2022,ProShares VIX Short-Term Futures ETF,VIXY,236.4520064,241.1721864,-1.95718,-4.72018,1200.39,283834931.35010432
11/30/2022,ProShares VIX Short-Term Futures ETF,VIXY,241.172183,250.275783,-3.63743,-9.1036,1232.89,297339086.2227079
11/29/2022,ProShares VIX Short-Term Futures ETF,VIXY,250.2757858,254.1553458,-1.52645,-3.87956,1222.89,306060081.05548354
11/28/2022,ProShares VIX Short-Term Futures ETF,VIXY,254.1553442,244.9831642,3.74400,9.17218,1222.89,310804359.27068546
11/25/2022,ProShares VIX Short-Term Futures ETF,VIXY,244.9831616,243.6334616,0.55399,1.3497,1195.39,292850740.02313408
11/23/2022,ProShares VIX Short-Term Futures ETF,VIXY,243.6334562,249.1669562,-2.22080,-5.5335,1195.39,291237313.93041106
11/22/2022,ProShares VIX Short-Term Futures ETF,VIXY,249.1669468,258.0322468,-3.43573,-8.8653,1187.89,295983248.35128284
11/21/2022,ProShares VIX Short-Term Futures ETF,VIXY,258.0322546,265.3329746,-2.75153,-7.30072,1170.39,301998705.90322498
11/18/2022,ProShares VIX Short-Term Futures ETF,VIXY,265.3329746,267.9455946,-0.97506,-2.61262,1165.39,309216740.20196098
11/17/2022,ProShares VIX Short-Term Futures ETF,VIXY,267.9456004,270.9847004,-1.12150,-3.0391,1165.39,312261471.57943652
11/16/2022,ProShares VIX Short-Term Futures ETF,VIXY,270.9846986,278.4944586,-2.69656,-7.50976,1165.39,315803210.18156218
11/15/2022,ProShares VIX Short-Term Futures ETF,VIXY,278.4944668,274.5169068,1.44893,3.97756,1161.64,323510674.45635884
11/14/2022,ProShares VIX Short-Term Futures ETF,VIXY,274.5169094,274.8197294,-0.11019,-0.30282,1156.64,317517594.96039822
11/11/2022,ProShares VIX Short-Term Futures ETF,VIXY,274.8197378,278.0708578,-1.16917,-3.25112,1151.64,316493760.10565114
11/10/2022,ProShares VIX Short-Term Futures ETF,VIXY,278.0708602,294.4452802,-5.56111,-16.37442,1151.64,320237886.93284626
11/09/2022,ProShares VIX Short-Term Futures ETF,VIXY,294.4452794,285.7113194,3.05692,8.73396,1145.39,337255061.35082922
11/08/2022,ProShares VIX Short-Term Futures ETF,VIXY,285.711324,277.312104,3.02880,8.39922,1142.89,326536986.5110812
11/07/2022,ProShares VIX Short-Term Futures ETF,VIXY,277.3121038,281.1165638,-1.35334,-3.80446,1130.39,313471189.52021694
11/04/2022,ProShares VIX Short-Term Futures ETF,VIXY,281.1165702,283.4411102,-0.82011,-2.32454,1130.39,317771725.23991926
11/03/2022,ProShares VIX Short-Term Futures ETF,VIXY,283.4411096,290.8726096,-2.55490,-7.4315,1130.39,320399364.35418648
11/02/2022,ProShares VIX Short-Term Futures ETF,VIXY,290.8726022,282.6191422,2.92035,8.25346,1107.89,322255225.38574086
11/01/2022,ProShares VIX Short-Term Futures ETF,VIXY,282.619145,286.004925,-1.18382,-3.38578,1101.64,311344922.3026885
10/31/2022,ProShares VIX Short-Term Futures ETF,VIXY,286.0049348,290.7496348,-1.63189,-4.7447,1101.64,315074848.17948724
10/28/2022,ProShares VIX Short-Term Futures ETF,VIXY,290.749632,297.467412,-2.25832,-6.71778,1101.64,320301802.5710016
10/27/2022,ProShares VIX Short-Term Futures ETF,VIXY,297.4674216,303.3577616,-1.94171,-5.89034,1105.39,328817899.87007208
10/26/2022,ProShares VIX Short-Term Futures ETF,VIXY,303.3577534,310.4759734,-2.29268,-7.11822,1105.39,335329021.39590542
10/25/2022,ProShares VIX Short-Term Futures ETF,VIXY,310.4759818,322.7801018,-3.81192,-12.30412,1105.39,343197449.14067834
10/24/2022,ProShares VIX Short-Term Futures ETF,VIXY,322.780101,329.233701,-1.96019,-6.4536,1130.39,364867817.9835213
10/21/2022,ProShares VIX Short-Term Futures ETF,VIXY,329.233705,329.078345,0.04721,0.15536,1110.39,365578241.6987665
10/20/2022,ProShares VIX Short-Term Futures ETF,VIXY,329.078338,333.694738,-1.38342,-4.6164,1101.64,362526288.0761594
10/19/2022,ProShares VIX Short-Term Futures ETF,VIXY,333.694731,330.964611,0.82490,2.73012,1099.14,366777660.4344903
10/18/2022,ProShares VIX Short-Term Futures ETF,VIXY,330.9646208,338.7016208,-2.28431,-7.737,1099.14,363776883.56011904
10/17/2022,ProShares VIX Short-Term Futures ETF,VIXY,338.7016216,346.4755416,-2.24371,-7.77392,1115.39,377784842.02853208
10/14/2022,ProShares VIX Short-Term Futures ETF,VIXY,346.4755348,339.5545148,2.03826,6.92102,1149.14,398149346.47826724
10/13/2022,ProShares VIX Short-Term Futures ETF,VIXY,339.5545112,348.8119512,-2.65399,-9.25744,1162.89,394864986.95023256
10/12/2022,ProShares VIX Short-Term Futures ETF,VIXY,348.8119554,353.6399554,-1.36523,-4.828,1204.14,420018881.43089802
10/11/2022,ProShares VIX Short-Term Futures ETF,VIXY,353.6399522,348.1514922,1.57646,5.48846,1204.14,425832471.77404586
10/10/2022,ProShares VIX Short-Term Futures ETF,VIXY,348.151486,339.541966,2.53563,8.60952,1247.89,434455210.4614718
10/07/2022,ProShares VIX Short-Term Futures ETF,VIXY,339.5419586,326.2448986,4.07579,13.29706,1240.39,421164891.43240018
10/06/2022,ProShares VIX Short-Term Futures ETF,VIXY,326.2449086,316.7400286,3.00085,9.50488,1274.14,415682111.96198518
10/05/2022,ProShares VIX Short-Term Futures ETF,VIXY,316.7400202,314.6983602,0.64877,2.04166,1279.14,405155241.20065426
10/04/2022,ProShares VIX Short-Term Futures ETF,VIXY,314.698355,326.821735,-3.70948,-12.12338,1279.14,402543662.9225615
10/03/2022,ProShares VIX Short-Term Futures ETF,VIXY,326.8217306,342.1591706,-4.48255,-15.33744,1279.14,418051173.34793378
09/30/2022,ProShares VIX Short-Term Futures ETF,VIXY,342.1591646,335.4268646,2.00708,6.7323,1279.14,437669918.61335798
09/29/2022,ProShares VIX Short-Term Futures ETF,VIXY,335.426857,325.027897,3.19941,10.39896,1297.89,435347599.4866441
09/28/2022,ProShares VIX Short-Term Futures ETF,VIXY,325.027903,339.683403,-4.31446,-14.6555,1316.64,427945160.7421939
09/27/2022,ProShares VIX Short-Term Futures ETF,VIXY,339.6833972,334.6669772,1.49893,5.01642,1346.64,457431691.59382436
09/26/2022,ProShares VIX Short-Term Futures ETF,VIXY,334.666969,323.326329,3.50749,11.34064,1392.89,466154709.5174697
09/23/2022,ProShares VIX Short-Term Futures ETF,VIXY,323.3263244,304.6896844,6.11660,18.63664,1436.64,464503951.01023772
09/22/2022,ProShares VIX Short-Term Futures ETF,VIXY,304.6896866,305.8408666,-0.37640,-1.15118,1439.14,438491511.67011658
09/21/2022,ProShares VIX Short-Term Futures ETF,VIXY,305.8408608,296.9227408,3.00352,8.91812,1556.64,476084515.14883104
09/20/2022,ProShares VIX Short-Term Futures ETF,VIXY,296.9227458,287.3989058,3.31381,9.52384,1562.89,464057976.18293154
09/19/2022,ProShares VIX Short-Term Futures ETF,VIXY,287.398899,295.117539,-2.61545,-7.71864,1565.39,449891736.1241787
09/16/2022,ProShares VIX Short-Term Futures ETF,VIXY,295.1175338,296.2351338,-0.37727,-1.1176,1571.64,463818904.47422594
09/15/2022,ProShares VIX Short-Term Futures ETF,VIXY,296.2351244,297.4756244,-0.41701,-1.2405,1571.64,465575356.01767772
09/14/2022,ProShares VIX Short-Term Futures ETF,VIXY,297.4756302,298.6247302,-0.38480,-1.1491,1571.64,467524986.16584726
09/13/2022,ProShares VIX Short-Term Futures ETF,VIXY,298.6247274,273.4317874,9.21361,25.19294,1589.14,474556887.51258162
09/12/2022,ProShares VIX Short-Term Futures ETF,VIXY,273.431793,275.094693,-0.60448,-1.6629,1596.64,436572493.4368509
09/09/2022,ProShares VIX Short-Term Futures ETF,VIXY,275.0946976,277.4148376,-0.83634,-2.32014,1580.39,434757266.76317088
09/08/2022,ProShares VIX Short-Term Futures ETF,VIXY,277.414844,282.020764,-1.63318,-4.60592,1576.64,437383700.2834572
09/07/2022,ProShares VIX Short-Term Futures ETF,VIXY,282.020754,299.397234,-5.80382,-17.37648,1575.39,444293042.2710402
09/06/2022,ProShares VIX Short-Term Futures ETF,VIXY,299.397232,292.061332,2.51177,7.3359,1570.39,470170808.3768816
09/02/2022,ProShares VIX Short-Term Futures ETF,VIXY,292.0613412,289.5429612,0.86978,2.51838,1570.39,458650589.28681156
09/01/2022,ProShares VIX Short-Term Futures ETF,VIXY,289.542958,291.639098,-0.71874,-2.09614,1579.14,457229243.1019654
08/31/2022,ProShares VIX Short-Term Futures ETF,VIXY,291.6391006,298.1250606,-2.17558,-6.48596,1609.14,469288521.47031478
08/30/2022,ProShares VIX Short-Term Futures ETF,VIXY,298.1250662,293.3018262,1.64446,4.82324,1650.39,492023015.56840406
08/29/2022,ProShares VIX Short-Term Futures ETF,VIXY,293.3018348,295.0579948,-0.59519,-1.75616,1650.39,484062796.42795724
08/26/2022,ProShares VIX Short-Term Futures ETF,VIXY,295.057987,268.804947,9.76658,26.25304,1719.14,507246371.3465631
08/25/2022,ProShares VIX Short-Term Futures ETF,VIXY,268.8049444,276.7821044,-2.88211,-7.97716,1719.14,462113681.56224372
08/24/2022,ProShares VIX Short-Term Futures ETF,VIXY,276.7821064,287.0674064,-3.58289,-10.2853,1719.14,475827550.21323432
08/23/2022,ProShares VIX Short-Term Futures ETF,VIXY,287.0674162,292.3351762,-1.80196,-5.26776,1719.14,493509451.07370906
08/22/2022,ProShares VIX Short-Term Futures ETF,VIXY,292.3351792,273.8471392,6.75123,18.48804,1719.14,502565480.00562096
08/19/2022,ProShares VIX Short-Term Futures ETF,VIXY,273.8471462,261.4897462,4.72577,12.3574,1719.14,470781938.91955806
08/18/2022,ProShares VIX Short-Term Futures ETF,VIXY,261.4897492,264.6513692,-1.19464,-3.16162,1702.89,445288618.95186196
08/17/2022,ProShares VIX Short-Term Futures ETF,VIXY,264.6513638,266.4426438,-0.67229,-1.79128,1685.39,446041106.08165494
08/16/2022,ProShares VIX Short-Term Futures ETF,VIXY,266.442636,264.081876,0.89395,2.36076,1579.14,420750570.5884668
08/15/2022,ProShares VIX Short-Term Futures ETF,VIXY,264.0818784,269.3469184,-1.95474,-5.26504,1549.14,409100144.41101792
08/12/2022,ProShares VIX Short-Term Futures ETF,VIXY,269.346921,272.109601,-1.01528,-2.76268,1522.89,410186082.6726873
08/11/2022,ProShares VIX Short-Term Futures ETF,VIXY,272.1095994,269.4348594,0.99272,2.67474,1481.64,403168820.59749522
08/10/2022,ProShares VIX Short-Term Futures ETF,VIXY,269.4348674,286.7867874,-6.05046,-17.35192,1436.64,387081258.16686362
08/09/2022,ProShares VIX Short-Term Futures ETF,VIXY,286.7867808,284.3092408,0.87142,2.47754,1424.14,408424898.83132704
08/08/2022,ProShares VIX Short-Term Futures ETF,VIXY,284.3092434,282.8443034,0.51793,1.46494,1399.14,397788804.41269242
08/05/2022,ProShares VIX Short-Term Futures ETF,VIXY,282.8443036,289.6189036,-2.33914,-6.7746,1385.39,391850037.46199868
08/04/2022,ProShares VIX Short-Term Futures ETF,VIXY,289.6189046,288.7557046,0.29894,0.8632,1385.39,401235510.74836998
08/03/2022,ProShares VIX Short-Term Futures ETF,VIXY,288.755695,304.288295,-5.10457,-15.5326,1310.39,378382950.5534535
08/02/2022,ProShares VIX Short-Term Futures ETF,VIXY,304.2882938,300.3193938,1.32156,3.9689,1301.64,396074210.31661394
08/01/2022,ProShares VIX Short-Term Futures ETF,VIXY,300.319389,291.326729,3.08680,8.99266,1296.64,389406522.9681657
07/29/2022,ProShares VIX Short-Term Futures ETF,VIXY,291.3267348,294.0241548,-0.91741,-2.69742,1259.14,366821523.58082724
07/28/2022,ProShares VIX Short-Term Futures ETF,VIXY,294.0241504,309.4809504,-4.99443,-15.4568,1219.14,358456984.95005152
07/27/2022,ProShares VIX Short-Term Futures ETF,VIXY,309.4809454,320.4445454,-3.42137,-10.9636,1196.64,370337680.82868502
07/26/2022,ProShares VIX Short-Term Futures ETF,VIXY,320.4445552,312.2635952,2.61989,8.18096,1182.89,379051076.47844976
07/25/2022,ProShares VIX Short-Term Futures ETF,VIXY,312.2635984,315.5035184,-1.02690,-3.23992,1165.39,363909280.88205392
07/22/2022,ProShares VIX Short-Term Futures ETF,VIXY,315.5035246,318.2996246,-0.87845,-2.7961,1100.39,347177333.58917598
07/21/2022,ProShares VIX Short-Term Futures ETF,VIXY,318.2996344,324.6128744,-1.94485,-6.31324,1030.39,327973174.07894072
07/20/2022,ProShares VIX Short-Term Futures ETF,VIXY,324.6128746,334.0850746,-2.83527,-9.4722,985.39,319870702.49883098
07/19/2022,ProShares VIX Short-Term Futures ETF,VIXY,334.0850706,338.8483706,-1.40573,-4.7633,931.64,311247449.48437578
07/18/2022,ProShares VIX Short-Term Futures ETF,VIXY,338.8483736,328.7985936,3.05652,10.04978,917.89,311025974.14658968
07/15/2022,ProShares VIX Short-Term Futures ETF,VIXY,328.798602,346.534302,-5.11802,-17.7357,909.14,298924388.4604626
07/14/2022,ProShares VIX Short-Term Futures ETF,VIXY,346.534296,345.840596,0.20058,0.6937,909.14,315048640.3600248
07/13/2022,ProShares VIX Short-Term Futures ETF,VIXY,345.8405862,350.8596662,-1.43051,-5.01908,951.64,329116185.04413006
07/12/2022,ProShares VIX Short-Term Futures ETF,VIXY,350.8596656,349.0337656,0.52313,1.8259,951.64,333892548.28914928
07/11/2022,ProShares VIX Short-Term Futures ETF,VIXY,349.0337616,338.4091816,3.13957,10.62458,947.89,330846066.02691408
07/08/2022,ProShares VIX Short-Term Futures ETF,VIXY,338.4091852,346.0014252,-2.19428,-7.59224,944.14,319506088.04666876
07/07/2022,ProShares VIX Short-Term Futures ETF,VIXY,346.001431,349.692571,-1.05554,-3.69114,931.64,322349222.9787003
07/06/2022,ProShares VIX Short-Term Futures ETF,VIXY,349.6925642,355.3791642,-1.60015,-5.6866,930.39,325350919.40637146
07/05/2022,ProShares VIX Short-Term Futures ETF,VIXY,355.3791562,355.2056362,0.04885,0.17352,932.89,331530123.02032106
07/01/2022,ProShares VIX Short-Term Futures ETF,VIXY,355.2056304,364.7047704,-2.60461,-9.49914,944.14,335364305.65317552
06/30/2022,ProShares VIX Short-Term Futures ETF,VIXY,364.7047618,361.0813818,1.00348,3.62338,937.89,342053423.16079234
06/29/2022,ProShares VIX Short-Term Futures ETF,VIXY,361.0813838,360.6899438,0.10853,0.39144,937.89,338655088.45798094
06/28/2022,ProShares VIX Short-Term Futures ETF,VIXY,360.6899394,350.0304394,3.04531,10.6595,937.89,338287956.16078722
06/27/2022,ProShares VIX Short-Term Futures ETF,VIXY,350.030441,362.339481,-3.39710,-12.30904,935.39,327415429.2465633
06/24/2022,ProShares VIX Short-Term Futures ETF,VIXY,362.3394802,368.6179802,-1.70325,-6.2785,954.14,345723062.67935226
06/23/2022,ProShares VIX Short-Term Futures ETF,VIXY,368.6179772,368.4797572,0.03751,0.13822,954.14,351713635.96897836
06/22/2022,ProShares VIX Short-Term Futures ETF,VIXY,368.4797638,384.6110238,-4.19418,-16.13126,954.14,351581760.85582494
06/21/2022,ProShares VIX Short-Term Futures ETF,VIXY,384.6110336,391.8482936,-1.84695,-7.23726,954.14,366973271.59344768
06/17/2022,ProShares VIX Short-Term Futures ETF,VIXY,391.848292,404.543992,-3.13827,-12.6957,954.14,373878638.7316596
06/16/2022,ProShares VIX Short-Term Futures ETF,VIXY,404.5439844,380.8010044,6.23501,23.74298,954.14,385992123.18259572
06/15/2022,ProShares VIX Short-Term Futures ETF,VIXY,380.8010074,403.4131674,-5.60521,-22.61216,971.64,370001985.87144562
06/14/2022,ProShares VIX Short-Term Futures ETF,VIXY,403.413161,417.003321,-3.25901,-13.59016,971.64,391972888.1911493
06/13/2022,ProShares VIX Short-Term Futures ETF,VIXY,417.0033236,367.0279236,13.61624,49.9754,1000.39,417166497.00052468
06/10/2022,ProShares VIX Short-Term Futures ETF,VIXY,367.0279204,346.3828604,5.96019,20.64506,999.14,366712753.52475252
06/09/2022,ProShares VIX Short-Term Futures ETF,VIXY,346.3828648,329.3019048,5.18702,17.08096,989.14,342621597.18599624
06/08/2022,ProShares VIX Short-Term Futures ETF,VIXY,329.3018954,329.7003754,-0.12086,-0.39848,967.89,318728439.63117002
06/07/2022,ProShares VIX Short-Term Futures ETF,VIXY,329.7003842,339.1803442,-2.79496,-9.47996,935.39,308398870.98733746
06/06/2022,ProShares VIX Short-Term Futures ETF,VIXY,339.1803514,343.6801114,-1.30929,-4.49976,927.89,314722497.19500282
06/03/2022,ProShares VIX Short-Term Futures ETF,VIXY,343.6801018,340.0628018,1.06372,3.6173,911.64,313312974.78908434
06/02/2022,ProShares VIX Short-Term Futures ETF,VIXY,340.062803,347.009303,-2.00182,-6.9465,900.39,306189589.2748139
06/01/2022,ProShares VIX Short-Term Futures ETF,VIXY,347.0092958,349.8514358,-0.81238,-2.84214,877.89,304636441.80194654
05/31/2022,ProShares VIX Short-Term Futures ETF,VIXY,349.8514426,355.3918226,-1.55895,-5.54038,829.14,290076279.92423938
05/27/2022,ProShares VIX Short-Term Futures ETF,VIXY,355.3918318,369.4609718,-3.80802,-14.06914,824.14,292893086.26903334
05/26/2022,ProShares VIX Short-Term Futures ETF,VIXY,369.4609712,373.5429712,-1.09278,-4.082,824.14,304488045.10403056
05/25/2022,ProShares VIX Short-Term Futures ETF,VIXY,373.5429684,382.7220884,-2.39838,-9.17912,824.14,307852187.58303492
05/24/2022,ProShares VIX Short-Term Futures ETF,VIXY,382.7220806,381.5757806,0.30041,1.1463,796.64,304892215.82788878
05/23/2022,ProShares VIX Short-Term Futures ETF,VIXY,381.5757716,385.6483316,-1.05603,-4.07256,762.89,291100836.44442708
05/20/2022,ProShares VIX Short-Term Futures ETF,VIXY,385.6483232,383.7765032,0.48774,1.87182,762.89,294207750.62886816
05/19/2022,ProShares VIX Short-Term Futures ETF,VIXY,383.7765096,412.6098496,-6.98804,-28.83334,750.39,287982553.94820648
05/18/2022,ProShares VIX Short-Term Futures ETF,VIXY,412.6098502,359.9039302,14.64444,52.70592,750.39,309618841.88438326
05/17/2022,ProShares VIX Short-Term Futures ETF,VIXY,359.9039366,367.9860766,-2.19632,-8.08214,747.89,269169023.01889158
05/16/2022,ProShares VIX Short-Term Futures ETF,VIXY,367.98608,385.10878,-4.44620,-17.1227,747.89,275213587.753104
05/13/2022,ProShares VIX Short-Term Futures ETF,VIXY,385.1087804,410.7548404,-6.24364,-25.64606,747.89,288019506.41477052
05/12/2022,ProShares VIX Short-Term Futures ETF,VIXY,410.7548334,418.1800934,-1.77561,-7.42526,747.89,307199966.33280942
05/11/2022,ProShares VIX Short-Term Futures ETF,VIXY,418.180087,420.682207,-0.59478,-2.50212,802.89,335753153.6855431
05/10/2022,ProShares VIX Short-Term Futures ETF,VIXY,420.6822084,437.0302284,-3.74071,-16.34802,827.89,348279140.39914692
05/09/2022,ProShares VIX Short-Term Futures ETF,VIXY,437.0302304,403.8124304,8.22605,33.2178,891.64,389674202.77315552
05/06/2022,ProShares VIX Short-Term Futures ETF,VIXY,403.8124334,411.1099734,-1.77508,-7.29754,932.89,376713105.95068942
05/05/2022,ProShares VIX Short-Term Futures ETF,VIXY,411.1099778,346.5994978,18.61240,64.51048,1001.64,411784732.60656314
05/04/2022,ProShares VIX Short-Term Futures ETF,VIXY,346.5994986,382.6307986,-9.41673,-36.0313,1052.89,364931596.66030218
05/03/2022,ProShares VIX Short-Term Futures ETF,VIXY,382.6307982,406.8202182,-5.94597,-24.18942,1052.89,402868638.53683566
05/02/2022,ProShares VIX Short-Term Futures ETF,VIXY,406.820219,413.987959,-1.73139,-7.16774,1052.89,428337469.2491947
04/29/2022,ProShares VIX Short-Term Futures ETF,VIXY,413.987962,384.576702,7.64770,29.41126,1064.14,440541688.0670306
04/28/2022,ProShares VIX Short-Term Futures ETF,VIXY,384.5766964,403.5568164,-4.70321,-18.98012,1084.14,416935479.58480132
04/27/2022,ProShares VIX Short-Term Futures ETF,VIXY,403.5568248,396.9716248,1.65886,6.5852,1084.14,437512620.66254424
04/26/2022,ProShares VIX Short-Term Futures ETF,VIXY,396.9716202,359.1440802,10.53269,37.82754,1107.89,439801404.36648426
04/25/2022,ProShares VIX Short-Term Futures ETF,VIXY,359.1440826,368.3394426,-2.49644,-9.19536,1206.64,433358082.71577138
04/22/2022,ProShares VIX Short-Term Futures ETF,VIXY,368.3394452,326.3910252,12.85220,41.94842,1314.14,484050077.35640676
04/21/2022,ProShares VIX Short-Term Futures ETF,VIXY,326.3910166,304.1401566,7.31599,22.25086,1341.64,437899667.81954558
04/20/2022,ProShares VIX Short-Term Futures ETF,VIXY,304.1401486,311.4171286,-2.33673,-7.27698,1280.39,389418400.24814718
04/19/2022,ProShares VIX Short-Term Futures ETF,VIXY,311.4171362,328.2556562,-5.12970,-16.83852,1247.89,388614734.93489506
04/18/2022,ProShares VIX Short-Term Futures ETF,VIXY,328.2556604,332.6058604,-1.30791,-4.3502,1247.89,409627382.78891452
04/14/2022,ProShares VIX Short-Term Futures ETF,VIXY,332.6058642,323.5586242,2.79617,9.04724,1247.89,415055964.26416146
04/13/2022,ProShares VIX Short-Term Futures ETF,VIXY,323.5586288,348.6536088,-7.19768,-25.09498,1247.89,403765997.91944944
04/12/2022,ProShares VIX Short-Term Futures ETF,VIXY,348.6536034,344.6599234,1.15873,3.99368,1247.89,435081798.39651042
04/11/2022,ProShares VIX Short-Term Futures ETF,VIXY,344.6599198,326.7042998,5.49599,17.95562,1247.89,430098115.37711774
04/08/2022,ProShares VIX Short-Term Futures ETF,VIXY,326.704309,326.893749,-0.05795,-0.18944,1247.89,407691464.8736117
04/07/2022,ProShares VIX Short-Term Futures ETF,VIXY,326.89375,335.77759,-2.64575,-8.88384,1262.89,412831272.899375
04/06/2022,ProShares VIX Short-Term Futures ETF,VIXY,335.7775946,329.3131746,1.96300,6.46442,1262.89,424050602.95526698
04/05/2022,ProShares VIX Short-Term Futures ETF,VIXY,329.313176,302.985116,8.68956,26.32806,1262.89,415886744.9457688
04/04/2022,ProShares VIX Short-Term Futures ETF,VIXY,302.985112,319.414992,-5.14374,-16.42988,1226.64,371654051.6643256
04/01/2022,ProShares VIX Short-Term Futures ETF,VIXY,319.414993,332.404033,-3.90761,-12.98904,1219.14,389412009.8055109
03/31/2022,ProShares VIX Short-Term Futures ETF,VIXY,332.4040422,316.3912222,5.06108,16.01282,1219.14,405247496.13296286
03/30/2022,ProShares VIX Short-Term Futures ETF,VIXY,316.3912284,311.7776684,1.47976,4.61356,1191.64,377024854.71917292
03/29/2022,ProShares VIX Short-Term Futures ETF,VIXY,311.7776742,327.0701342,-4.67559,-15.29246,1130.39,352430770.44991446
03/28/2022,ProShares VIX Short-Term Futures ETF,VIXY,327.0701384,332.4089784,-1.60611,-5.33884,1049.14,343142790.19215592
03/25/2022,ProShares VIX Short-Term Futures ETF,VIXY,332.4089792,342.7230392,-3.00944,-10.31406,999.14,332123539.60956096
03/24/2022,ProShares VIX Short-Term Futures ETF,VIXY,342.7230352,350.1973552,-2.13432,-7.47432,955.39,327434606.13967376
03/23/2022,ProShares VIX Short-Term Futures ETF,VIXY,350.197365,351.227225,-0.29322,-1.02986,941.64,329760302.0351745
03/22/2022,ProShares VIX Short-Term Futures ETF,VIXY,351.2272296,357.9138896,-1.86823,-6.68666,925.39,325022622.59494248
03/21/2022,ProShares VIX Short-Term Futures ETF,VIXY,357.9138802,359.9042802,-0.55304,-1.9904,910.39,325841682.68332226
03/18/2022,ProShares VIX Short-Term Futures ETF,VIXY,359.9042798,380.1528198,-5.32642,-20.24854,884.14,318206237.81793574
03/17/2022,ProShares VIX Short-Term Futures ETF,VIXY,380.1528178,386.2387978,-1.57570,-6.08598,884.14,336108806.52835514
03/16/2022,ProShares VIX Short-Term Futures ETF,VIXY,386.2388032,430.4249232,-10.26570,-44.18612,864.14,333764901.50769216
03/15/2022,ProShares VIX Short-Term Futures ETF,VIXY,430.4249182,444.4132982,-3.14761,-13.98838,864.14,371947948.36574166
03/14/2022,ProShares VIX Short-Term Futures ETF,VIXY,444.4133068,431.3414268,3.03052,13.07188,864.14,384035892.67545084
03/11/2022,ProShares VIX Short-Term Futures ETF,VIXY,431.34143,422.29721,2.14167,9.04422,861.64,371661590.489059
03/10/2022,ProShares VIX Short-Term Futures ETF,VIXY,422.2972174,442.2085174,-4.50269,-19.9113,861.64,363868723.38691862
03/09/2022,ProShares VIX Short-Term Futures ETF,VIXY,442.2085078,459.9167678,-3.85032,-17.70826,861.64,381025113.53185214
03/08/2022,ProShares VIX Short-Term Futures ETF,VIXY,459.9167646,465.9373446,-1.29214,-6.02058,861.64,396283278.94173798
03/07/2022,ProShares VIX Short-Term Futures ETF,VIXY,465.9373448,427.0225248,9.11306,38.91482,872.89,406712654.62102024
03/04/2022,ProShares VIX Short-Term Futures ETF,VIXY,427.0225254,411.2295254,3.84043,15.793,875.39,373811803.63918902
03/03/2022,ProShares VIX Short-Term Futures ETF,VIXY,411.2295266,406.5292866,1.15619,4.70024,881.64,362556934.43000858
03/02/2022,ProShares VIX Short-Term Futures ETF,VIXY,406.5292788,434.9101588,-6.52569,-28.38088,879.14,357396678.65229444
03/01/2022,ProShares VIX Short-Term Futures ETF,VIXY,434.9101672,392.4491072,10.81951,42.46106,879.14,382347489.77542536
02/28/2022,ProShares VIX Short-Term Futures ETF,VIXY,392.449112,374.548632,4.77921,17.90048,885.39,347471029.4575256
02/25/2022,ProShares VIX Short-Term Futures ETF,VIXY,374.548641,390.000761,-3.96207,-15.45212,891.64,333963037.1744733
02/24/2022,ProShares VIX Short-Term Futures ETF,VIXY,390.0007554,404.1790154,-3.50792,-14.17826,891.64,347740780.54583802
02/23/2022,ProShares VIX Short-Term Futures ETF,VIXY,404.1790068,381.5502668,5.93074,22.62874,912.89,368971498.95036084
02/22/2022,ProShares VIX Short-Term Futures ETF,VIXY,381.5502632,384.1740632,-0.68297,-2.6238,912.89,348313915.78799016
02/18/2022,ProShares VIX Short-Term Futures ETF,VIXY,384.1740574,376.4515374,2.05140,7.72252,912.89,350709154.68616062
02/17/2022,ProShares VIX Short-Term Futures ETF,VIXY,376.4515458,334.9323458,12.39629,41.5192,912.89,343659341.03237154
02/16/2022,ProShares VIX Short-Term Futures ETF,VIXY,334.9323466,349.6787466,-4.21713,-14.7464,910.39,304919494.43322458
02/15/2022,ProShares VIX Short-Term Futures ETF,VIXY,349.6787448,380.3184648,-8.05633,-30.63972,907.89,317470290.19884024
02/14/2022,ProShares VIX Short-Term Futures ETF,VIXY,380.3184704,378.9212904,0.36873,1.39718,915.39,348140219.03346752
02/11/2022,ProShares VIX Short-Term Futures ETF,VIXY,378.9212986,335.3974186,12.97681,43.52388,952.89,361070808.82064218
02/10/2022,ProShares VIX Short-Term Futures ETF,VIXY,335.3974216,306.0831416,9.57723,29.31428,962.89,322951259.30107208
02/09/2022,ProShares VIX Short-Term Futures ETF,VIXY,306.0831332,317.6974132,-3.65577,-11.61428,962.89,294724786.03502116
02/08/2022,ProShares VIX Short-Term Futures ETF,VIXY,317.6974112,334.1047112,-4.91083,-16.4073,935.39,297171394.46900256
02/07/2022,ProShares VIX Short-Term Futures ETF,VIXY,334.104702,342.566002,-2.46998,-8.4613,935.39,312518631.5398926
02/04/2022,ProShares VIX Short-Term Futures ETF,VIXY,342.5660076,358.3109276,-4.39421,-15.74492,935.39,320433263.18477388
02/03/2022,ProShares VIX Short-Term Futures ETF,VIXY,358.3109222,316.7387822,13.12506,41.57214,957.89,343222915.07035686
02/02/2022,ProShares VIX Short-Term Futures ETF,VIXY,316.738783,323.647163,-2.13454,-6.90838,957.89,303401324.6082879
02/01/2022,ProShares VIX Short-Term Futures ETF,VIXY,323.6471584,350.0336784,-7.53828,-26.38652,957.89,310018797.30108192
01/31/2022,ProShares VIX Short-Term Futures ETF,VIXY,350.033676,375.308296,-6.73436,-25.27462,957.89,335294212.9474188
01/28/2022,ProShares VIX Short-Term Futures ETF,VIXY,375.3083012,400.0338412,-6.18086,-24.72554,957.89,359504556.53725956
01/27/2022,ProShares VIX Short-Term Futures ETF,VIXY,400.0338366,396.5926166,0.86770,3.44122,965.39,386189185.55926158
01/26/2022,ProShares VIX Short-Term Futures ETF,VIXY,396.5926184,390.3983784,1.58665,6.19424,980.39,388815952.72357992
01/25/2022,ProShares VIX Short-Term Futures ETF,VIXY,390.3983714,388.5543714,0.47458,1.844,980.39,382743166.85472882
01/24/2022,ProShares VIX Short-Term Futures ETF,VIXY,388.5543666,378.3473266,2.69780,10.20704,980.39,380935320.59165058
01/21/2022,ProShares VIX Short-Term Futures ETF,VIXY,378.3473256,346.6820456,9.13381,31.66528,980.39,370928426.39650728
01/20/2022,ProShares VIX Short-Term Futures ETF,VIXY,346.6820436,334.4976036,3.64261,12.18444,986.64,342050822.18416068
01/19/2022,ProShares VIX Short-Term Futures ETF,VIXY,334.4976086,325.1088286,2.88789,9.38878,986.64,330029155.39599518
01/18/2022,ProShares VIX Short-Term Futures ETF,VIXY,325.1088308,301.2175508,7.93157,23.89128,986.64,320765799.46199204
01/14/2022,ProShares VIX Short-Term Futures ETF,VIXY,301.2175496,306.7327096,-1.79803,-5.51516,996.64,300205850.21615848
01/13/2022,ProShares VIX Short-Term Futures ETF,VIXY,306.7327002,289.2811602,6.03273,17.45154,996.64,305702477.07983826
01/12/2022,ProShares VIX Short-Term Futures ETF,VIXY,289.2811546,290.7042746,-0.48954,-1.42312,989.14,286139937.32654498
01/11/2022,ProShares VIX Short-Term Futures ETF,VIXY,290.7042832,301.7838832,-3.67137,-11.0796,979.14,284640569.76801616
01/10/2022,ProShares VIX Short-Term Futures ETF,VIXY,301.7838856,307.1776056,-1.75590,-5.39372,979.14,295489066.06543528
01/07/2022,ProShares VIX Short-Term Futures ETF,VIXY,307.177615,316.983955,-3.09364,-9.80634,975.39,299618373.2257495
01/06/2022,ProShares VIX Short-Term Futures ETF,VIXY,316.9839522,314.6500522,0.74174,2.3339,964.14,305617319.75324586
01/05/2022,ProShares VIX Short-Term Futures ETF,VIXY,314.6500572,291.4258372,7.96917,23.22422,964.14,303367115.19388236
01/04/2022,ProShares VIX Short-Term Futures ETF,VIXY,291.4258308,291.9313508,-0.17316,-0.50552,946.64,275875727.32209204
01/03/2022,ProShares VIX Short-Term Futures ETF,VIXY,291.9313528,302.5086528,-3.49653,-10.5773,936.64,273434961.79735064
12/31/2021,ProShares VIX Short-Term Futures ETF,VIXY,302.5086534,305.5561334,-0.99736,-3.04748,891.64,269729208.97882542
12/30/2021,ProShares VIX Short-Term Futures ETF,VIXY,305.5561428,306.4806028,-0.30164,-0.92446,881.64,269390914.96117764
12/29/2021,ProShares VIX Short-Term Futures ETF,VIXY,306.480599,314.341959,-2.50089,-7.86136,869.14,266374946.2396387
12/28/2021,ProShares VIX Short-Term Futures ETF,VIXY,314.3419544,321.3124944,-2.16940,-6.97054,864.14,271635865.11975672
12/27/2021,ProShares VIX Short-Term Futures ETF,VIXY,321.3124936,330.6987136,-2.83830,-9.38622,834.14,268020021.11774568
12/23/2021,ProShares VIX Short-Term Futures ETF,VIXY,330.6987144,332.9737144,-0.68324,-2.275,820.39,271302348.21494472
12/22/2021,ProShares VIX Short-Term Futures ETF,VIXY,332.973719,353.808679,-5.88876,-20.83496,797.89,265676833.5187447
12/21/2021,ProShares VIX Short-Term Futures ETF,VIXY,353.8086698,371.7803898,-4.83396,-17.97172,790.39,279647294.47449274
12/20/2021,ProShares VIX Short-Term Futures ETF,VIXY,371.780389,359.210689,3.49926,12.5697,787.89,292922534.0037157
12/17/2021,ProShares VIX Short-Term Futures ETF,VIXY,359.2106838,347.7636638,3.29161,11.44702,801.64,287958119.53532094
12/16/2021,ProShares VIX Short-Term Futures ETF,VIXY,347.763664,333.329304,4.33036,14.43436,810.39,281824647.7617232
12/15/2021,ProShares VIX Short-Term Futures ETF,VIXY,333.3293136,359.2057336,-7.20379,-25.87642,810.39,270127175.77641168
12/14/2021,ProShares VIX Short-Term Futures ETF,VIXY,359.205735,352.715475,1.84008,6.49026,796.64,286158123.6978555
12/13/2021,ProShares VIX Short-Term Futures ETF,VIXY,352.7154842,339.1245842,4.00764,13.5909,796.64,280987721.86321746
12/10/2021,ProShares VIX Short-Term Futures ETF,VIXY,339.1245866,362.1069866,-6.34685,-22.9824,757.89,257019573.80023658
12/09/2021,ProShares VIX Short-Term Futures ETF,VIXY,362.106995,352.347695,2.76979,9.7593,757.89,274437741.1796435
12/08/2021,ProShares VIX Short-Term Futures ETF,VIXY,352.347699,374.743919,-5.97641,-22.39622,757.89,267041255.6471187
12/07/2021,ProShares VIX Short-Term Futures ETF,VIXY,374.7439224,420.2377024,-10.82573,-45.49378,757.89,284015158.51483512
12/06/2021,ProShares VIX Short-Term Futures ETF,VIXY,420.2377014,459.0031214,-8.44557,-38.76542,757.89,318494497.82305782
12/03/2021,ProShares VIX Short-Term Futures ETF,VIXY,459.0031308,422.2812908,8.69606,36.72184,791.64,363365835.17058204
12/02/2021,ProShares VIX Short-Term Futures ETF,VIXY,422.2812984,447.0240984,-5.53500,-24.7428,837.89,353825826.08206392
12/01/2021,ProShares VIX Short-Term Futures ETF,VIXY,447.0241036,416.6354636,7.29382,30.38864,865.39,386850770.14573868
11/30/2021,ProShares VIX Short-Term Futures ETF,VIXY,416.6354682,364.7502882,14.22485,51.88518,865.39,360552709.45170666
11/29/2021,ProShares VIX Short-Term Futures ETF,VIXY,364.7502898,429.5369098,-15.08290,-64.78662,885.39,322946733.26139874
11/26/2021,ProShares VIX Short-Term Futures ETF,VIXY,429.5369052,336.2633852,27.73823,93.27352,921.64,395878951.70650476
11/24/2021,ProShares VIX Short-Term Futures ETF,VIXY,336.2633878,339.7419878,-1.02389,-3.4786,959.14,322524102.91689614
11/23/2021,ProShares VIX Short-Term Futures ETF,VIXY,339.7419912,348.9186512,-2.63003,-9.17666,959.14,325860575.10415656
11/22/2021,ProShares VIX Short-Term Futures ETF,VIXY,348.9186514,343.1934314,1.66822,5.72522,959.14,334662288.89804282
11/19/2021,ProShares VIX Short-Term Futures ETF,VIXY,343.193439,338.563079,1.36765,4.63036,959.14,329171001.2339307
11/18/2021,ProShares VIX Short-Term Futures ETF,VIXY,338.5630824,334.8742024,1.10157,3.68888,959.14,324729834.98514312
11/17/2021,ProShares VIX Short-Term Futures ETF,VIXY,334.8742074,330.3811474,1.35996,4.49306,950.39,318261533.30735562
11/16/2021,ProShares VIX Short-Term Futures ETF,VIXY,330.3811462,328.8063862,0.47893,1.57476,925.39,305731838.37750806
11/15/2021,ProShares VIX Short-Term Futures ETF,VIXY,328.8063768,332.7705968,-1.19128,-3.96422,925.39,304274560.47524184
11/12/2021,ProShares VIX Short-Term Futures ETF,VIXY,332.7705914,346.0425714,-3.83536,-13.27198,925.39,307943010.17741482
11/11/2021,ProShares VIX Short-Term Futures ETF,VIXY,346.0425678,351.4941878,-1.55098,-5.45162,925.39,320224781.67178014
11/10/2021,ProShares VIX Short-Term Futures ETF,VIXY,351.494196,346.566176,1.42196,4.92802,921.64,323951567.7438948
11/09/2021,ProShares VIX Short-Term Futures ETF,VIXY,346.5661728,340.5777928,1.75830,5.98838,921.64,319409698.03541664
11/08/2021,ProShares VIX Short-Term Futures ETF,VIXY,340.577791,340.340831,0.06962,0.23696,921.64,313890558.0483683
11/05/2021,ProShares VIX Short-Term Futures ETF,VIXY,340.340841,328.804521,3.50856,11.53632,921.64,313672175.1423333
11/04/2021,ProShares VIX Short-Term Futures ETF,VIXY,328.8045152,323.2839352,1.70766,5.52058,912.89,300162781.32679776
11/03/2021,ProShares VIX Short-Term Futures ETF,VIXY,323.2839438,335.0994638,-3.52597,-11.81552,906.64,293102575.07595894
11/02/2021,ProShares VIX Short-Term Futures ETF,VIXY,335.099458,344.024798,-2.59439,-8.92534,906.64,303815008.2304154
11/01/2021,ProShares VIX Short-Term Futures ETF,VIXY,344.0247954,349.8841154,-1.67465,-5.85932,902.89,310616994.75094002
10/29/2021,ProShares VIX Short-Term Futures ETF,VIXY,349.8841062,347.1380462,0.79106,2.74606,877.89,307160212.84125606
10/28/2021,ProShares VIX Short-Term Futures ETF,VIXY,347.1380546,358.3532746,-3.12965,-11.21522,877.89,304749478.03226498
10/27/2021,ProShares VIX Short-Term Futures ETF,VIXY,358.3532814,350.3840214,2.27444,7.96926,877.89,314595228.06751182
10/26/2021,ProShares VIX Short-Term Futures ETF,VIXY,350.3840162,343.8386562,1.90361,6.54536,872.89,305847159.40003906
10/25/2021,ProShares VIX Short-Term Futures ETF,VIXY,343.8386582,354.0628582,-2.88768,-10.2242,862.89,296695386.76445366
10/22/2021,ProShares VIX Short-Term Futures ETF,VIXY,354.062855,346.578395,2.15953,7.48446,855.39,302862285.8201615
10/21/2021,ProShares VIX Short-Term Futures ETF,VIXY,346.5783908,357.8016308,-3.13672,-11.22324,850.39,294727248.30432004
10/20/2021,ProShares VIX Short-Term Futures ETF,VIXY,357.8016226,361.8007626,-1.10534,-3.99914,844.14,302035126.84367338
10/19/2021,ProShares VIX Short-Term Futures ETF,VIXY,361.8007554,365.3003754,-0.95801,-3.49962,839.14,303601956.22733802
10/18/2021,ProShares VIX Short-Term Futures ETF,VIXY,365.3003808,373.1165608,-2.09484,-7.81618,839.14,306538636.43500704
10/15/2021,ProShares VIX Short-Term Futures ETF,VIXY,373.116555,372.541735,0.15430,0.57482,834.14,311231928.2392215
10/14/2021,ProShares VIX Short-Term Futures ETF,VIXY,372.5417302,394.8535702,-5.65066,-22.31184,821.64,306095671.50577726
10/13/2021,ProShares VIX Short-Term Futures ETF,VIXY,394.853578,402.263278,-1.84200,-7.4097,812.89,320973038.3300714
10/12/2021,ProShares VIX Short-Term Futures ETF,VIXY,402.2632876,410.1634476,-1.92610,-7.90016,812.89,326996326.79943788
10/11/2021,ProShares VIX Short-Term Futures ETF,VIXY,410.1634532,404.4514532,1.41228,5.712,812.89,333418302.68423716
10/08/2021,ProShares VIX Short-Term Futures ETF,VIXY,404.451451,413.054831,-2.08287,-8.60338,812.89,328775065.7902763
10/07/2021,ProShares VIX Short-Term Futures ETF,VIXY,413.054823,427.935523,-3.47732,-14.8807,812.89,335768672.0397399
10/06/2021,ProShares VIX Short-Term Futures ETF,VIXY,427.935531,436.397671,-1.93909,-8.46214,812.89,347865070.1107803
10/05/2021,ProShares VIX Short-Term Futures ETF,VIXY,436.3976754,451.6540754,-3.37789,-15.2564,812.89,354743873.67288402
10/04/2021,ProShares VIX Short-Term Futures ETF,VIXY,451.6540714,440.3816914,2.55968,11.27238,812.89,367145665.25063882
10/01/2021,ProShares VIX Short-Term Futures ETF,VIXY,440.381695,453.660735,-2.92709,-13.27904,812.89,357982448.5447535
09/30/2021,ProShares VIX Short-Term Futures ETF,VIXY,453.660725,455.851505,-0.48059,-2.19078,812.89,368776856.5041925
09/29/2021,ProShares VIX Short-Term Futures ETF,VIXY,455.8515124,447.6530324,1.83144,8.19848,812.89,370557728.52180212
09/28/2021,ProShares VIX Short-Term Futures ETF,VIXY,447.6530278,404.9938878,10.53328,42.65914,812.89,363893251.71727814
09/27/2021,ProShares VIX Short-Term Futures ETF,VIXY,404.9938798,400.9584598,1.00644,4.03542,821.64,332759697.89091574
09/24/2021,ProShares VIX Short-Term Futures ETF,VIXY,400.9584516,415.1131916,-3.40985,-14.15474,821.64,329444023.41861108
09/23/2021,ProShares VIX Short-Term Futures ETF,VIXY,415.1131926,442.1173526,-6.10792,-27.00416,821.64,341074143.21501438
09/22/2021,ProShares VIX Short-Term Futures ETF,VIXY,442.1173502,467.0969302,-5.34784,-24.97958,817.89,361603934.30763326
09/21/2021,ProShares VIX Short-Term Futures ETF,VIXY,467.0969346,486.1734746,-3.92381,-19.07654,817.89,382034519.06600898
09/20/2021,ProShares VIX Short-Term Futures ETF,VIXY,486.173466,437.945446,11.01234,48.22802,817.89,397637048.1322458
09/17/2021,ProShares VIX Short-Term Futures ETF,VIXY,437.9454552,411.1444952,6.51862,26.80096,821.64,359834073.13961976
09/16/2021,ProShares VIX Short-Term Futures ETF,VIXY,411.144487,416.794727,-1.35564,-5.65024,821.64,337813290.7865131
09/15/2021,ProShares VIX Short-Term Futures ETF,VIXY,416.794736,431.247816,-3.35146,-14.45308,821.64,342455768.7201968
09/14/2021,ProShares VIX Short-Term Futures ETF,VIXY,431.2478162,426.4696162,1.12041,4.7782,804.14,346784179.54122906
09/13/2021,ProShares VIX Short-Term Futures ETF,VIXY,426.4696148,444.1755748,-3.98625,-17.70596,794.14,338677134.30777124
09/10/2021,ProShares VIX Short-Term Futures ETF,VIXY,444.1755826,426.4981626,4.14478,17.67742,784.14,348296418.76822138
09/09/2021,ProShares VIX Short-Term Futures ETF,VIXY,426.4981554,417.1333754,2.24503,9.36478,784.14,334434818.02295802
09/08/2021,ProShares VIX Short-Term Futures ETF,VIXY,417.1333674,417.0351674,0.02355,0.0982,764.14,318748833.63841362
09/07/2021,ProShares VIX Short-Term Futures ETF,VIXY,417.0351666,409.2091466,1.91247,7.82602,764.14,318673794.35144058
09/03/2021,ProShares VIX Short-Term Futures ETF,VIXY,409.2091468,404.6888268,1.11699,4.52032,762.89,312182097.97414284
09/02/2021,ProShares VIX Short-Term Futures ETF,VIXY,404.6888346,405.7656746,-0.26538,-1.07684,762.89,308733591.12347898
09/01/2021,ProShares VIX Short-Term Futures ETF,VIXY,405.7656646,416.2570646,-2.52041,-10.4914,752.89,305497438.71605798
08/31/2021,ProShares VIX Short-Term Futures ETF,VIXY,416.257074,418.074334,-0.43467,-1.81726,747.89,311315044.2080562
08/30/2021,ProShares VIX Short-Term Futures ETF,VIXY,418.0743268,422.2855468,-0.99724,-4.21122,730.39,305357851.04807684
08/27/2021,ProShares VIX Short-Term Futures ETF,VIXY,422.2855556,444.5558556,-5.00956,-22.2703,730.39,308433695.92590628
08/26/2021,ProShares VIX Short-Term Futures ETF,VIXY,444.5558518,427.0186518,4.10689,17.5372,725.39,322476947.25980934
08/25/2021,ProShares VIX Short-Term Futures ETF,VIXY,427.0186494,437.0467494,-2.29451,-10.0281,715.39,305485426.71851022
08/24/2021,ProShares VIX Short-Term Futures ETF,VIXY,437.0467492,439.0685092,-0.46047,-2.02176,710.39,310474208.32496196
08/23/2021,ProShares VIX Short-Term Futures ETF,VIXY,439.0684998,453.2962598,-3.13873,-14.22776,710.39,311910442.36197174
08/20/2021,ProShares VIX Short-Term Futures ETF,VIXY,453.2962502,491.2821502,-7.73199,-37.9859,710.39,322017712.46470326
08/19/2021,ProShares VIX Short-Term Futures ETF,VIXY,491.2821516,477.7158516,2.83983,13.5663,710.39,349002566.34192108
08/18/2021,ProShares VIX Short-Term Futures ETF,VIXY,477.7158562,443.9065562,7.61631,33.8093,692.89,331005160.63303106
08/17/2021,ProShares VIX Short-Term Futures ETF,VIXY,443.9065514,431.2360314,2.93819,12.67052,687.89,305359454.72106282
08/16/2021,ProShares VIX Short-Term Futures ETF,VIXY,431.2360322,428.7894122,0.57059,2.44662,687.89,296643514.79689986
08/13/2021,ProShares VIX Short-Term Futures ETF,VIXY,428.789406,428.371866,0.09747,0.41754,677.89,290672607.8595678
08/12/2021,ProShares VIX Short-Term Futures ETF,VIXY,428.3718662,436.4301062,-1.84640,-8.05824,672.89,288247701.93074406
08/11/2021,ProShares VIX Short-Term Futures ETF,VIXY,436.4301154,449.9665954,-3.00833,-13.53648,662.89,289305726.55665602
08/10/2021,ProShares VIX Short-Term Futures ETF,VIXY,449.9665908,458.5179308,-1.86500,-8.55134,657.89,296029105.37798004
08/09/2021,ProShares VIX Short-Term Futures ETF,VIXY,458.5179302,461.7781902,-0.70602,-3.26026,647.89,297069777.87058726
08/06/2021,ProShares VIX Short-Term Futures ETF,VIXY,461.778194,474.932494,-2.76972,-13.1543,617.89,285328728.6023122
08/05/2021,ProShares VIX Short-Term Futures ETF,VIXY,474.9324894,486.5473694,-2.38720,-11.61488,617.89,293456653.28760222
08/04/2021,ProShares VIX Short-Term Futures ETF,VIXY,486.5473686,487.6248086,-0.22096,-1.07744,591.64,287861517.67008318
08/03/2021,ProShares VIX Short-Term Futures ETF,VIXY,487.62481,513.69329,-5.07472,-26.06848,589.14,287279914.475653
08/02/2021,ProShares VIX Short-Term Futures ETF,VIXY,513.693291,495.245831,3.72491,18.44746,586.64,301353700.0335183
07/30/2021,ProShares VIX Short-Term Futures ETF,VIXY,495.2458354,482.2071754,2.70395,13.03866,581.64,288055431.52164202
07/29/2021,ProShares VIX Short-Term Futures ETF,VIXY,482.2071778,490.6826778,-1.72729,-8.4755,581.64,280471609.76492314
07/28/2021,ProShares VIX Short-Term Futures ETF,VIXY,490.6826786,503.9542586,-2.63349,-13.27158,571.64,280494484.28238618
07/27/2021,ProShares VIX Short-Term Futures ETF,VIXY,503.9542648,490.6815848,2.70495,13.27268,571.64,288081071.07081624
07/26/2021,ProShares VIX Short-Term Futures ETF,VIXY,490.6815838,495.0207638,-0.87657,-4.33918,571.64,280493858.44949094
07/23/2021,ProShares VIX Short-Term Futures ETF,VIXY,495.0207646,499.8403646,-0.96423,-4.8196,569.14,281736761.49143798
07/22/2021,ProShares VIX Short-Term Futures ETF,VIXY,499.8403706,489.0524706,2.20588,10.7879,559.14,279481394.60976578
07/21/2021,ProShares VIX Short-Term Futures ETF,VIXY,489.0524666,522.5658266,-6.41323,-33.51336,556.64,272226800.77643058
07/20/2021,ProShares VIX Short-Term Futures ETF,VIXY,522.5658364,576.4128964,-9.34175,-53.84706,551.64,288268897.32728332
07/19/2021,ProShares VIX Short-Term Futures ETF,VIXY,576.4129054,500.1231854,15.25419,76.28972,571.64,329501422.57963302
07/16/2021,ProShares VIX Short-Term Futures ETF,VIXY,500.1231876,479.1435876,4.37856,20.9796,591.64,295893532.87180788
07/15/2021,ProShares VIX Short-Term Futures ETF,VIXY,479.1435798,472.8945998,1.32143,6.24898,591.64,283481130.43952574
07/14/2021,ProShares VIX Short-Term Futures ETF,VIXY,472.8946038,484.5703838,-2.40951,-11.67578,589.14,278601741.64571694
07/13/2021,ProShares VIX Short-Term Futures ETF,VIXY,484.5703756,479.0327556,1.15600,5.53762,574.14,278211865.38847228
07/12/2021,ProShares VIX Short-Term Futures ETF,VIXY,479.032756,482.264576,-0.67013,-3.23182,574.14,275032489.2724228
07/09/2021,ProShares VIX Short-Term Futures ETF,VIXY,482.26457,516.32969,-6.59755,-34.06512,574.14,276888007.163741
07/08/2021,ProShares VIX Short-Term Futures ETF,VIXY,516.3296952,485.5582752,6.33733,30.77142,574.14,296446202.43073176
07/07/2021,ProShares VIX Short-Term Futures ETF,VIXY,485.558272,483.650352,0.39448,1.90792,589.14,286062431.5918336
07/06/2021,ProShares VIX Short-Term Futures ETF,VIXY,483.6503544,472.6986944,2.31684,10.95166,589.14,284938398.53667672
07/02/2021,ProShares VIX Short-Term Futures ETF,VIXY,472.698688,473.322688,-0.13183,-0.624,587.89,277895446.1966144
07/01/2021,ProShares VIX Short-Term Futures ETF,VIXY,473.322689,481.714989,-1.74217,-8.3923,587.89,278262290.9557057
06/30/2021,ProShares VIX Short-Term Futures ETF,VIXY,481.7149854,487.3045254,-1.14703,-5.58954,565.39,272357461.82478702
06/29/2021,ProShares VIX Short-Term Futures ETF,VIXY,487.3045274,476.4923274,2.26912,10.8122,565.39,275517740.24257162
06/28/2021,ProShares VIX Short-Term Futures ETF,VIXY,476.4923318,477.1437118,-0.13652,-0.65138,565.39,269404618.91643334
06/25/2021,ProShares VIX Short-Term Futures ETF,VIXY,477.1437168,487.5112368,-2.12662,-10.36752,565.39,269772906.32838384
06/24/2021,ProShares VIX Short-Term Futures ETF,VIXY,487.5112412,495.1510612,-1.54293,-7.63982,565.39,275634614.42668156
06/23/2021,ProShares VIX Short-Term Futures ETF,VIXY,495.1510686,505.0529086,-1.96055,-9.90184,565.39,279954106.37214318
06/22/2021,ProShares VIX Short-Term Futures ETF,VIXY,505.0529084,532.0047084,-5.06608,-26.9518,565.39,285552520.44905692
06/21/2021,ProShares VIX Short-Term Futures ETF,VIXY,532.0047152,568.6319552,-6.44129,-36.62724,565.39,300790837.53305776
06/18/2021,ProShares VIX Short-Term Futures ETF,VIXY,568.6319458,521.2399658,9.09216,47.39198,576.64,327896664.44764154
06/17/2021,ProShares VIX Short-Term Futures ETF,VIXY,521.2399592,524.1863592,-0.56209,-2.9464,601.64,313599486.66503496
06/16/2021,ProShares VIX Short-Term Futures ETF,VIXY,524.1863606,522.6433406,0.29523,1.54302,594.14,311440765.72915278
06/15/2021,ProShares VIX Short-Term Futures ETF,VIXY,522.643341,509.296521,2.62064,13.34682,594.14,310523994.0580833
06/14/2021,ProShares VIX Short-Term Futures ETF,VIXY,509.2965256,504.1485656,1.02112,5.14796,594.14,302594099.80546728
06/11/2021,ProShares VIX Short-Term Futures ETF,VIXY,504.1485666,519.2942666,-2.91659,-15.1457,581.64,293233627.67036058
06/10/2021,ProShares VIX Short-Term Futures ETF,VIXY,519.2942678,550.7421078,-5.71008,-31.44784,581.64,302042993.00574014
06/09/2021,ProShares VIX Short-Term Futures ETF,VIXY,550.7421058,541.8654458,1.63817,8.87666,581.64,320334354.38224954
06/08/2021,ProShares VIX Short-Term Futures ETF,VIXY,541.8654512,535.2170912,1.24218,6.64836,571.64,309752670.94905456
06/07/2021,ProShares VIX Short-Term Futures ETF,VIXY,535.2170824,546.2801824,-2.02517,-11.0631,571.64,305952188.76534312
06/04/2021,ProShares VIX Short-Term Futures ETF,VIXY,546.2801808,577.1474008,-5.34824,-30.86722,571.89,312412971.53247642
06/03/2021,ProShares VIX Short-Term Futures ETF,VIXY,577.1473982,567.2507382,1.74467,9.89666,551.89,318522721.6706678675
06/02/2021,ProShares VIX Short-Term Futures ETF,VIXY,567.2507304,581.0872304,-2.38114,-13.8365,551.89,313060835.20464921
06/01/2021,ProShares VIX Short-Term Futures ETF,VIXY,581.0872332,567.8925932,2.32344,13.19464,551.89,320697082.970826555
05/28/2021,ProShares VIX Short-Term Futures ETF,VIXY,567.8925876,555.4995076,2.23098,12.39308,539.39,306316413.368473365
05/27/2021,ProShares VIX Short-Term Futures ETF,VIXY,555.4995164,585.7382364,-5.16250,-30.23872,539.39,299631696.569038735
05/26/2021,ProShares VIX Short-Term Futures ETF,VIXY,585.7382372,616.3220972,-4.96232,-30.58386,514.39,301298748.475479905
05/25/2021,ProShares VIX Short-Term Futures ETF,VIXY,616.3220872,616.5532872,-0.03750,-0.2312,514.39,317030819.80586053
05/24/2021,ProShares VIX Short-Term Futures ETF,VIXY,616.5533136,647.1986736,-4.73508,-30.64536,508.14,313296302.48192514
05/21/2021,ProShares VIX Short-Term Futures ETF,VIXY,647.1986392,655.1075192,-1.20726,-7.90888,498.77,322800975.80859783
05/20/2021,ProShares VIX Short-Term Futures ETF,VIXY,655.1075056,692.1496656,-5.35176,-37.04216,498.77,326745653.12531094
05/19/2021,ProShares VIX Short-Term Futures ETF,VIXY,692.1496536,662.3480536,4.49939,29.8016,492.52,340895098.91167239
05/18/2021,ProShares VIX Short-Term Futures ETF,VIXY,662.3480208,653.0550608,1.42300,9.29296,492.52,326217304.14829242
05/17/2021,ProShares VIX Short-Term Futures ETF,VIXY,653.055068,630.722668,3.54076,22.3324,516.89,337558589.19155695
05/14/2021,ProShares VIX Short-Term Futures ETF,VIXY,630.7226976,715.9126976,-11.89950,-85.19,525.02,331139799.51240924
05/13/2021,ProShares VIX Short-Term Futures ETF,VIXY,715.9127152,792.2644752,-9.63716,-76.35176,523.45,374747347.57557398
05/12/2021,ProShares VIX Short-Term Futures ETF,VIXY,792.264444,675.749724,17.24229,116.51472,538.45,426597929.21965935
05/11/2021,ProShares VIX Short-Term Futures ETF,VIXY,675.7497472,628.1380672,7.57981,47.61168,502.2,339364200.70221328
05/10/2021,ProShares VIX Short-Term Futures ETF,VIXY,628.138092,599.673372,4.74670,28.46472,510.33,320557060.79708955
05/07/2021,ProShares VIX Short-Term Futures ETF,VIXY,599.6734056,636.5458856,-5.79259,-36.87248,504.08,302282748.13368969
05/06/2021,ProShares VIX Short-Term Futures ETF,VIXY,636.5458632,641.4565832,-0.76556,-4.91072,504.08,320869378.30552293
05/05/2021,ProShares VIX Short-Term Futures ETF,VIXY,641.4565488,658.8543088,-2.64061,-17.39776,504.08,323344751.60793462
05/04/2021,ProShares VIX Short-Term Futures ETF,VIXY,658.8542928,635.4566928,3.68201,23.3976,504.08,332114588.35329522
05/03/2021,ProShares VIX Short-Term Futures ETF,VIXY,635.4567264,657.1992064,-3.30835,-21.74248,504.08,320320367.35735836
04/30/2021,ProShares VIX Short-Term Futures ETF,VIXY,657.1992032,632.5810432,3.89170,24.61816,504.08,331280292.50488268
04/29/2021,ProShares VIX Short-Term Futures ETF,VIXY,632.5810296,635.6587096,-0.48417,-3.07768,504.08,318870789.09794979
04/28/2021,ProShares VIX Short-Term Futures ETF,VIXY,635.658704,636.716784,-0.16618,-1.05808,495.64,315058809.7014146
04/27/2021,ProShares VIX Short-Term Futures ETF,VIXY,636.7168064,651.8704864,-2.32465,-15.15368,495.02,315185301.11842536
04/26/2021,ProShares VIX Short-Term Futures ETF,VIXY,651.870464,658.502224,-1.00710,-6.63176,485.02,316167906.4575136
04/23/2021,ProShares VIX Short-Term Futures ETF,VIXY,658.5022528,681.5993728,-3.38867,-23.09712,485.02,319384433.20133672
04/22/2021,ProShares VIX Short-Term Futures ETF,VIXY,681.5993384,644.3955784,5.77344,37.20376,485.02,330586899.95310841
04/21/2021,ProShares VIX Short-Term Futures ETF,VIXY,644.395544,678.504824,-5.02712,-34.10928,472.52,304487502.9016431
04/20/2021,ProShares VIX Short-Term Futures ETF,VIXY,678.5048128,666.2421728,1.84057,12.26264,472.52,320604693.93348072
04/19/2021,ProShares VIX Short-Term Futures ETF,VIXY,666.2421712,642.2291312,3.73901,24.01304,472.52,314810393.90374338
04/16/2021,ProShares VIX Short-Term Futures ETF,VIXY,642.2291624,652.5947624,-1.58837,-10.3656,472.52,303463851.93158601
04/15/2021,ProShares VIX Short-Term Futures ETF,VIXY,652.5947864,675.3754264,-3.37303,-22.78064,472.52,308361779.91567111
04/14/2021,ProShares VIX Short-Term Futures ETF,VIXY,675.3753936,660.3960336,2.26824,14.97936,472.52,319125991.84341714
04/13/2021,ProShares VIX Short-Term Futures ETF,VIXY,660.3960736,665.4469536,-0.75902,-5.05088,472.52,312048016.54636164
04/12/2021,ProShares VIX Short-Term Futures ETF,VIXY,665.4469312,673.1795712,-1.14867,-7.73264,472.52,314434629.91210488
04/09/2021,ProShares VIX Short-Term Futures ETF,VIXY,673.1795552,676.5389952,-0.49656,-3.35944,472.52,318088422.05042748
04/08/2021,ProShares VIX Short-Term Futures ETF,VIXY,676.5389952,688.4136352,-1.72493,-11.87464,472.52,319675812.75520848
04/07/2021,ProShares VIX Short-Term Futures ETF,VIXY,688.4136328,704.8940328,-2.33800,-16.4804,472.52,325286774.50742997
04/06/2021,ProShares VIX Short-Term Futures ETF,VIXY,704.8939936,704.7108736,0.02599,0.18312,472.52,333074016.29336964
04/05/2021,ProShares VIX Short-Term Futures ETF,VIXY,704.7108632,723.3779032,-2.58054,-18.66704,472.52,332987484.16458543
04/01/2021,ProShares VIX Short-Term Futures ETF,VIXY,723.3779248,745.7245648,-2.99663,-22.34664,468.77,339095310.85908702
03/31/2021,ProShares VIX Short-Term Futures ETF,VIXY,745.7245904,753.6833104,-1.05598,-7.95872,468.77,349570678.24106946
03/30/2021,ProShares VIX Short-Term Futures ETF,VIXY,753.6832712,785.7904712,-4.08597,-32.1072,468.77,353301440.88585213
03/29/2021,ProShares VIX Short-Term Futures ETF,VIXY,785.7904328,767.6591528,2.36189,18.13128,468.77,368352201.44999997
03/26/2021,ProShares VIX Short-Term Futures ETF,VIXY,767.6591136,799.5690336,-3.99089,-31.90992,468.77,359852847.08815764
03/25/2021,ProShares VIX Short-Term Futures ETF,VIXY,799.5690288,822.2035888,-2.75291,-22.63456,468.77,374811145.15513662
03/24/2021,ProShares VIX Short-Term Futures ETF,VIXY,822.2035496,818.1029896,0.50123,4.10056,468.77,385421449.40093529
03/23/2021,ProShares VIX Short-Term Futures ETF,VIXY,818.1029648,780.9660848,4.75525,37.13688,468.77,383499232.77005802
03/22/2021,ProShares VIX Short-Term Futures ETF,VIXY,780.9660872,836.0996072,-6.59413,-55.13352,468.77,366090710.02921053
03/19/2021,ProShares VIX Short-Term Futures ETF,VIXY,836.0996408,869.8593208,-3.88105,-33.75968,468.77,391935470.91533667
03/18/2021,ProShares VIX Short-Term Futures ETF,VIXY,869.8593552,824.3273552,5.52353,45.532,468.77,407760892.80963498
03/17/2021,ProShares VIX Short-Term Futures ETF,VIXY,824.3273464,861.7972664,-4.34788,-37.46992,455.02,375082513.10094011
03/16/2021,ProShares VIX Short-Term Futures ETF,VIXY,861.7972816,859.7843216,0.23412,2.01296,415.33,357929370.85224834
03/15/2021,ProShares VIX Short-Term Futures ETF,VIXY,859.7843136,913.7563936,-5.90662,-53.97208,413.45,355481231.35326264
03/12/2021,ProShares VIX Short-Term Futures ETF,VIXY,913.7563576,930.9845176,-1.85053,-17.22816,409.08,373798502.74478699
03/11/2021,ProShares VIX Short-Term Futures ETF,VIXY,930.9844992,955.0654592,-2.52139,-24.08096,409.08,380846173.03631808
03/10/2021,ProShares VIX Short-Term Futures ETF,VIXY,955.0654224,966.5985424,-1.19317,-11.53312,409.08,390697172.11501626
03/09/2021,ProShares VIX Short-Term Futures ETF,VIXY,966.5985416,1006.9513416,-4.00742,-40.3528,409.08,395415128.55174109
03/08/2021,ProShares VIX Short-Term Futures ETF,VIXY,1006.9513336,991.8130936,1.52632,15.13824,409.08,411922606.83707939
03/05/2021,ProShares VIX Short-Term Futures ETF,VIXY,991.8131152,1067.9490352,-7.12917,-76.13592,413.77,410379004.13740898
03/04/2021,ProShares VIX Short-Term Futures ETF,VIXY,1067.9489976,1022.8277976,4.41142,45.1212,418.77,447221223.85537299
03/03/2021,ProShares VIX Short-Term Futures ETF,VIXY,1022.8277592,980.6271992,4.30343,42.20056,444.7,454855557.47123583
03/02/2021,ProShares VIX Short-Term Futures ETF,VIXY,980.6272312,975.3240312,0.54374,5.3032,444.7,436088815.45004363
03/01/2021,ProShares VIX Short-Term Futures ETF,VIXY,975.3240232,1044.4407432,-6.61758,-69.11672,444.7,433730457.83848193
02/26/2021,ProShares VIX Short-Term Futures ETF,VIXY,1044.4407584,1100.1671584,-5.06527,-55.7264,444.7,464466943.85698516
02/25/2021,ProShares VIX Short-Term Futures ETF,VIXY,1100.1671608,947.0463608,16.16825,153.1208,449.7,494749531.62413467
02/24/2021,ProShares VIX Short-Term Futures ETF,VIXY,947.0463968,986.1484768,-3.96513,-39.10208,447.52,423818853.31930732
02/23/2021,ProShares VIX Short-Term Futures ETF,VIXY,986.1484424,1028.5432424,-4.12183,-42.3948,444.39,438235948.56023301
02/22/2021,ProShares VIX Short-Term Futures ETF,VIXY,1028.5432336,987.4691536,4.15953,41.07408,444.39,457075831.82398314
02/19/2021,ProShares VIX Short-Term Futures ETF,VIXY,987.4691576,1025.9641976,-3.75208,-38.49504,443.77,438205694.89600699
02/18/2021,ProShares VIX Short-Term Futures ETF,VIXY,1025.9642168,1018.2247768,0.76009,7.73944,442.52,454006055.86991907
02/17/2021,ProShares VIX Short-Term Futures ETF,VIXY,1018.2247848,1039.1421448,-2.01295,-20.91736,440.64,448672058.32801977
02/16/2021,ProShares VIX Short-Term Futures ETF,VIXY,1039.1421336,1030.1271736,0.87513,9.01496,432.52,449446079.65937439
02/12/2021,ProShares VIX Short-Term Futures ETF,VIXY,1030.1272112,1065.5131312,-3.32102,-35.38592,429.7,442649744.53171438
02/11/2021,ProShares VIX Short-Term Futures ETF,VIXY,1065.5131104,1092.6351904,-2.48226,-27.12208,421.89,449530884.45957996
02/10/2021,ProShares VIX Short-Term Futures ETF,VIXY,1092.6352,1072.8588,1.84334,19.7764,396.27,432974685.50698
02/09/2021,ProShares VIX Short-Term Futures ETF,VIXY,1072.8588024,1070.1621624,0.25198,2.69664,368.45,395299076.94728451
02/08/2021,ProShares VIX Short-Term Futures ETF,VIXY,1070.1621608,1076.6012008,-0.59809,-6.43904,355.95,380928461.65432217
02/05/2021,ProShares VIX Short-Term Futures ETF,VIXY,1076.6012176,1081.0532976,-0.41183,-4.45208,339.7,365725699.65104474
02/04/2021,ProShares VIX Short-Term Futures ETF,VIXY,1081.0533168,1130.7265968,-4.39304,-49.67328,324.7,351022295.63872782
02/03/2021,ProShares VIX Short-Term Futures ETF,VIXY,1130.7265688,1191.0046488,-5.06111,-60.27808,324.7,367151397.39338887
02/02/2021,ProShares VIX Short-Term Futures ETF,VIXY,1191.0046776,1298.1920376,-8.25666,-107.18736,327.83,390445827.79025499
02/01/2021,ProShares VIX Short-Term Futures ETF,VIXY,1298.192024,1373.607544,-5.49033,-75.41552,331.27,430047479.4361951
01/29/2021,ProShares VIX Short-Term Futures ETF,VIXY,1373.6075232,1293.8748032,6.16232,79.73272,331.27,455030105.07385068
01/28/2021,ProShares VIX Short-Term Futures ETF,VIXY,1293.8747672,1333.8326872,-2.99572,-39.95792,352.2,455707819.98660503
01/27/2021,ProShares VIX Short-Term Futures ETF,VIXY,1333.8326544,1097.4620144,21.53793,236.37064,382.83,510629771.23257306
01/26/2021,ProShares VIX Short-Term Futures ETF,VIXY,1097.4620232,1117.3199432,-1.77728,-19.85792,398.45,437288091.83730693
01/25/2021,ProShares VIX Short-Term Futures ETF,VIXY,1117.3199144,1072.7571944,4.15404,44.56272,393.45,439613947.70084081
01/22/2021,ProShares VIX Short-Term Futures ETF,VIXY,1072.7571616,1058.0245216,1.39247,14.73264,384.7,412693930.86777284
01/21/2021,ProShares VIX Short-Term Futures ETF,VIXY,1058.0245464,1068.3723064,-0.96855,-10.34776,384.7,407026235.42234511
01/20/2021,ProShares VIX Short-Term Futures ETF,VIXY,1068.3722848,1087.8094048,-1.78681,-19.43712,377.2,402994259.25173852
01/19/2021,ProShares VIX Short-Term Futures ETF,VIXY,1087.8093936,1120.0521936,-2.87869,-32.2428,337.83,367493518.83764214
01/15/2021,ProShares VIX Short-Term Futures ETF,VIXY,1120.0521872,1092.0333072,2.56575,28.01888,323.77,362635334.46513178
01/14/2021,ProShares VIX Short-Term Futures ETF,VIXY,1092.0332816,1079.6839216,1.14379,12.34936,319.39,348786106.90889834
01/13/2021,ProShares VIX Short-Term Futures ETF,VIXY,1079.6838848,1097.4451648,-1.61842,-17.76128,305.02,329321359.15995352
01/12/2021,ProShares VIX Short-Term Futures ETF,VIXY,1097.4451632,1134.4518832,-3.26208,-37.00672,305.02,334738841.46699918
01/11/2021,ProShares VIX Short-Term Futures ETF,VIXY,1134.4518904,1070.7520504,5.94907,63.69984,305.02,346026502.48624571
01/08/2021,ProShares VIX Short-Term Futures ETF,VIXY,1070.7520592,1081.5543792,-0.99878,-10.80232,305.02,326597005.31177458
01/07/2021,ProShares VIX Short-Term Futures ETF,VIXY,1081.5544024,1149.0512824,-5.87414,-67.49688,292.52,316372467.79134951
01/06/2021,ProShares VIX Short-Term Futures ETF,VIXY,1149.05126,1156.73334,-0.66412,-7.68208,280.02,321753269.05636775
01/05/2021,ProShares VIX Short-Term Futures ETF,VIXY,1156.7333328,1193.0876528,-3.04708,-36.35432,270.64,313060000.91149122
01/04/2021,ProShares VIX Short-Term Futures ETF,VIXY,1193.0876384,1100.5709184,8.40625,92.51672,270.33,322526143.46024716
12/31/2020,ProShares VIX Short-Term Futures ETF,VIXY,1100.5708888,1101.6260088,-0.09578,-1.05512,266.58,293389045.69400687
12/30/2020,ProShares VIX Short-Term Futures ETF,VIXY,1101.6259824,1141.7505424,-3.51430,-40.12456,266.58,293670311.45123526
12/29/2020,ProShares VIX Short-Term Futures ETF,VIXY,1141.7505552,1100.5071952,3.74767,41.24336,266.58,304366678.43901498
12/28/2020,ProShares VIX Short-Term Futures ETF,VIXY,1100.507208,1106.009128,-0.49746,-5.50192,266.58,293372069.7324117
12/24/2020,ProShares VIX Short-Term Futures ETF,VIXY,1106.0091336,1139.2694536,-2.91944,-33.26032,269.08,297603790.18461189
12/23/2020,ProShares VIX Short-Term Futures ETF,VIXY,1139.26942,1187.63102,-4.07211,-48.3616,269.08,306553433.54157675
12/22/2020,ProShares VIX Short-Term Futures ETF,VIXY,1187.6310264,1209.9022264,-1.84074,-22.2712,269.08,319566524.41652211
12/21/2020,ProShares VIX Short-Term Futures ETF,VIXY,1209.9022328,1116.2513528,8.38977,93.65088,269.08,325559237.52825747
12/18/2020,ProShares VIX Short-Term Futures ETF,VIXY,1116.251368,1100.439288,1.43689,15.81208,269.08,300359759.9906457
12/17/2020,ProShares VIX Short-Term Futures ETF,VIXY,1100.4392648,1112.8877448,-1.11857,-12.44848,269.08,296105055.66664677
12/16/2020,ProShares VIX Short-Term Futures ETF,VIXY,1112.8877832,1153.3261832,-3.50624,-40.4384,261.89,291455809.14063093
12/15/2020,ProShares VIX Short-Term Futures ETF,VIXY,1153.3261528,1207.3634328,-4.47564,-54.03728,261.89,302046272.89629047
12/14/2020,ProShares VIX Short-Term Futures ETF,VIXY,1207.3634448,1181.3574448,2.20137,26.006,261.89,316198178.32771002
12/11/2020,ProShares VIX Short-Term Futures ETF,VIXY,1181.357416,1137.905416,3.81860,43.452,261.89,309387421.4114609
12/10/2020,ProShares VIX Short-Term Futures ETF,VIXY,1137.9053968,1126.8137968,0.98433,11.0916,263.77,300141281.17359482
12/09/2020,ProShares VIX Short-Term Futures ETF,VIXY,1126.813764,1086.503684,3.71007,40.31008,263.77,297215680.42658985
12/08/2020,ProShares VIX Short-Term Futures ETF,VIXY,1086.5036824,1125.7468824,-3.48597,-39.2432,261.27,283866973.59387151
12/07/2020,ProShares VIX Short-Term Futures ETF,VIXY,1125.746904,1122.774024,0.26478,2.97288,246.27,277233707.7184071
12/04/2020,ProShares VIX Short-Term Futures ETF,VIXY,1122.7740312,1139.7915512,-1.49304,-17.01752,246.27,276501588.85048863
12/03/2020,ProShares VIX Short-Term Futures ETF,VIXY,1139.791588,1129.248868,0.93360,10.54272,246.27,280692442.36401745
12/02/2020,ProShares VIX Short-Term Futures ETF,VIXY,1129.2489024,1135.3722624,-0.53933,-6.12336,246.27,278096132.47605576
12/01/2020,ProShares VIX Short-Term Futures ETF,VIXY,1135.3722656,1125.8559456,0.84525,9.51632,240.02,272508034.80992244
11/30/2020,ProShares VIX Short-Term Futures ETF,VIXY,1125.8559408,1147.7791408,-1.91005,-21.9232,240.02,270223960.19542542
11/27/2020,ProShares VIX Short-Term Futures ETF,VIXY,1147.7791184,1138.0852784,0.85177,9.69384,236.27,271181712.03573666
11/25/2020,ProShares VIX Short-Term Futures ETF,VIXY,1138.085288,1183.714888,-3.85478,-45.6296,236.27,268891385.0190537
11/24/2020,ProShares VIX Short-Term Futures ETF,VIXY,1183.7149208,1204.2325208,-1.70379,-20.5176,229.39,271534096.86538367
11/23/2020,ProShares VIX Short-Term Futures ETF,VIXY,1204.2325544,1216.5830344,-1.01518,-12.35048,226.89,273230085.45792681
11/20/2020,ProShares VIX Short-Term Futures ETF,VIXY,1216.5830048,1221.5802048,-0.40908,-4.9972,223.14,271470110.94371652
11/19/2020,ProShares VIX Short-Term Futures ETF,VIXY,1221.580168,1241.133608,-1.57545,-19.55344,223.14,272585185.2485157
11/18/2020,ProShares VIX Short-Term Futures ETF,VIXY,1241.133596,1198.746716,3.53593,42.38688,223.14,276948365.76932415
11/17/2020,ProShares VIX Short-Term Futures ETF,VIXY,1198.7466768,1222.4080368,-1.93564,-23.66136,214.39,257001053.20616682
11/16/2020,ProShares VIX Short-Term Futures ETF,VIXY,1222.4079976,1249.3276776,-2.15473,-26.91968,205.64,251377768.39816049
11/13/2020,ProShares VIX Short-Term Futures ETF,VIXY,1249.3276928,1332.7908928,-6.26229,-83.4632,200.64,250666935.42514272
11/12/2020,ProShares VIX Short-Term Futures ETF,VIXY,1332.790916,1247.660516,6.82320,85.1304,190.02,253252215.11045465
11/11/2020,ProShares VIX Short-Term Futures ETF,VIXY,1247.6605344,1275.5427744,-2.18591,-27.88224,190.02,237076041.14754756
11/10/2020,ProShares VIX Short-Term Futures ETF,VIXY,1275.5427784,1319.3534184,-3.32061,-43.81064,190.02,242374126.51898941
11/09/2020,ProShares VIX Short-Term Futures ETF,VIXY,1319.353436,1347.367356,-2.07916,-28.01392,190.02,250698872.69594015
11/06/2020,ProShares VIX Short-Term Futures ETF,VIXY,1347.3673192,1442.8377992,-6.61685,-95.47048,190.02,256021971.68249233
11/05/2020,ProShares VIX Short-Term Futures ETF,VIXY,1442.8378312,1467.8572712,-1.70449,-25.01944,190.02,274162940.64579613
11/04/2020,ProShares VIX Short-Term Futures ETF,VIXY,1467.8572352,1607.0386752,-8.66074,-139.18144,187.52,275247396.19973448
11/03/2020,ProShares VIX Short-Term Futures ETF,VIXY,1607.0386968,1698.4738968,-5.38337,-91.4352,187.52,301346211.52454607
11/02/2020,ProShares VIX Short-Term Futures ETF,VIXY,1698.4739016,1739.1423016,-2.33842,-40.6684,187.52,318491817.67660509
10/30/2020,ProShares VIX Short-Term Futures ETF,VIXY,1739.1423264,1680.0808864,3.51539,59.06144,187.52,326117816.83054836
10/29/2020,ProShares VIX Short-Term Futures ETF,VIXY,1680.0809248,1815.4197248,-7.45496,-135.3388,187.52,315042831.73222452
10/28/2020,ProShares VIX Short-Term Futures ETF,VIXY,1815.4196968,1588.6940968,14.27119,226.7256,190.02,344959628.73875857
10/27/2020,ProShares VIX Short-Term Futures ETF,VIXY,1588.6941304,1583.1910104,0.34760,5.50312,199.08,316275579.20987171
10/26/2020,ProShares VIX Short-Term Futures ETF,VIXY,1583.1910376,1460.0357576,8.43509,123.15528,199.08,315180029.20470649
10/23/2020,ProShares VIX Short-Term Futures ETF,VIXY,1460.0357376,1461.8524576,-0.12428,-1.81672,196.58,287012310.51033024
10/22/2020,ProShares VIX Short-Term Futures ETF,VIXY,1461.8524352,1481.9647552,-1.35714,-20.11232,194.08,283714803.95171448
10/21/2020,ProShares VIX Short-Term Futures ETF,VIXY,1481.96472,1520.0784,-2.50735,-38.11368,194.08,287618175.319203
10/20/2020,ProShares VIX Short-Term Futures ETF,VIXY,1520.0784088,1532.1079288,-0.78516,-12.02952,191.58,291215044.47655487
10/19/2020,ProShares VIX Short-Term Futures ETF,VIXY,1532.1079624,1470.8344424,4.16590,61.27352,191.58,293519653.87458101
10/16/2020,ProShares VIX Short-Term Futures ETF,VIXY,1470.8344456,1462.3354056,0.58120,8.49904,191.58,281780937.09731069
10/15/2020,ProShares VIX Short-Term Futures ETF,VIXY,1462.3353896,1429.3509096,2.30765,32.98448,191.58,280152696.76660129
10/14/2020,ProShares VIX Short-Term Futures ETF,VIXY,1429.3508952,1441.6539352,-0.85340,-12.30304,191.58,273833561.55086223
10/13/2020,ProShares VIX Short-Term Futures ETF,VIXY,1441.6539032,1436.1693432,0.38189,5.48456,189.08,272586424.30113143
10/12/2020,ProShares VIX Short-Term Futures ETF,VIXY,1436.1693632,1460.8613632,-1.69024,-24.692,189.08,271549413.16814168
10/09/2020,ProShares VIX Short-Term Futures ETF,VIXY,1460.8613864,1530.7329864,-4.56458,-69.8716,184.08,268913848.36482361
10/08/2020,ProShares VIX Short-Term Futures ETF,VIXY,1530.7330208,1609.1999808,-4.87615,-78.46696,176.89,270773602.74635492
10/07/2020,ProShares VIX Short-Term Futures ETF,VIXY,1609.1999808,1649.6123808,-2.44981,-40.4124,176.89,284653738.05868392
10/06/2020,ProShares VIX Short-Term Futures ETF,VIXY,1649.6123688,1640.5238088,0.55400,9.08856,176.27,290771336.74462137
10/05/2020,ProShares VIX Short-Term Futures ETF,VIXY,1640.5237752,1697.5093752,-3.35701,-56.9856,176.27,289169322.50164923
10/02/2020,ProShares VIX Short-Term Futures ETF,VIXY,1697.5093752,1642.1484952,3.37125,55.36088,170.02,288604539.03208923
10/01/2020,ProShares VIX Short-Term Futures ETF,VIXY,1642.1484584,1642.6197384,-0.02869,-0.47128,170.02,279192271.79699641
09/30/2020,ProShares VIX Short-Term Futures ETF,VIXY,1642.61976,1607.0552,2.21303,35.56456,170.02,279272400.827799
09/29/2020,ProShares VIX Short-Term Futures ETF,VIXY,1607.055224,1659.427304,-3.15603,-52.37208,170.02,273225844.2266251
09/28/2020,ProShares VIX Short-Term Futures ETF,VIXY,1659.42732,1673.08324,-0.81621,-13.65592,170.02,282129962.7222555
09/25/2020,ProShares VIX Short-Term Futures ETF,VIXY,1673.0832544,1722.2790944,-2.85644,-49.19584,170.02,284451696.38107556
09/24/2020,ProShares VIX Short-Term Futures ETF,VIXY,1722.2791208,1727.9617608,-0.32886,-5.68264,170.02,292815803.55602617
09/23/2020,ProShares VIX Short-Term Futures ETF,VIXY,1727.9617768,1669.2441768,3.51762,58.7176,170.02,293781948.62675057
09/22/2020,ProShares VIX Short-Term Futures ETF,VIXY,1669.2441632,1658.3772032,0.65528,10.86696,170.02,283798987.67603668
09/21/2020,ProShares VIX Short-Term Futures ETF,VIXY,1658.377176,1598.530856,3.74383,59.84632,170.02,281951420.9542599
09/18/2020,ProShares VIX Short-Term Futures ETF,VIXY,1598.5308576,1585.9412576,0.79383,12.5896,170.02,271776561.60624324
09/17/2020,ProShares VIX Short-Term Futures ETF,VIXY,1585.941256,1622.115896,-2.23009,-36.17464,170.02,269636122.0779269
09/16/2020,ProShares VIX Short-Term Futures ETF,VIXY,1622.1159088,1616.8430288,0.32612,5.27288,170.02,275786408.57914862
09/15/2020,ProShares VIX Short-Term Futures ETF,VIXY,1616.8430112,1666.0482112,-2.95341,-49.2052,170.02,274889929.18207188
09/14/2020,ProShares VIX Short-Term Futures ETF,VIXY,1666.048248,1693.773688,-1.63690,-27.72544,170.02,283255629.4792827
09/11/2020,ProShares VIX Short-Term Futures ETF,VIXY,1693.7737128,1751.8193128,-3.31345,-58.0456,170.02,287969414.92574697
09/10/2020,ProShares VIX Short-Term Futures ETF,VIXY,1751.819336,1771.076936,-1.08734,-19.2576,170.02,297838126.4458189
09/09/2020,ProShares VIX Short-Term Futures ETF,VIXY,1771.076968,1855.467768,-4.54822,-84.3908,170.02,301112240.9145857
09/08/2020,ProShares VIX Short-Term Futures ETF,VIXY,1855.467736,1904.597016,-2.57951,-49.12928,170.02,315460060.7576039
09/04/2020,ProShares VIX Short-Term Futures ETF,VIXY,1904.5970544,2093.6302544,-9.02897,-189.0332,172.52,328574346.31300806
09/03/2020,ProShares VIX Short-Term Futures ETF,VIXY,2093.6302912,1852.2894912,13.02932,241.3408,182.2,381467735.06666888
09/02/2020,ProShares VIX Short-Term Futures ETF,VIXY,1852.2895248,1782.9254448,3.89046,69.36408,178.45,330548405.39780202
09/01/2020,ProShares VIX Short-Term Futures ETF,VIXY,1782.925412,1761.046132,1.24240,21.87928,174.39,310926970.12709505
08/31/2020,ProShares VIX Short-Term Futures ETF,VIXY,1761.0461336,1691.7918936,4.09354,69.25424,168.14,296104872.43347439
08/28/2020,ProShares VIX Short-Term Futures ETF,VIXY,1691.7918872,1687.0371672,0.28184,4.75472,163.77,277058772.65294303
08/27/2020,ProShares VIX Short-Term Futures ETF,VIXY,1687.0371464,1630.5909864,3.46170,56.44616,163.77,276280105.57202261
08/26/2020,ProShares VIX Short-Term Futures ETF,VIXY,1630.5910216,1589.9167816,2.55826,40.67424,163.45,266526563.69744309
08/25/2020,ProShares VIX Short-Term Futures ETF,VIXY,1589.916816,1607.936656,-1.12068,-18.01984,161.89,257393958.5955834
08/24/2020,ProShares VIX Short-Term Futures ETF,VIXY,1607.9366608,1613.2082608,-0.32678,-5.2716,161.89,260311217.62427842
08/21/2020,ProShares VIX Short-Term Futures ETF,VIXY,1613.2082408,1608.2551208,0.30798,4.95312,158.14,255115110.51716417
08/20/2020,ProShares VIX Short-Term Futures ETF,VIXY,1608.2551072,1629.2318272,-1.28752,-20.97672,158.14,254331814.72570228
08/19/2020,ProShares VIX Short-Term Futures ETF,VIXY,1629.2317904,1582.6904304,2.94065,46.54136,156.58,255103423.41284946
08/18/2020,ProShares VIX Short-Term Futures ETF,VIXY,1582.690444,1603.550524,-1.30087,-20.86008,152.83,241880938.51518435
08/17/2020,ProShares VIX Short-Term Futures ETF,VIXY,1603.5505624,1678.4685624,-4.46347,-74.918,151.89,243565640.11563351
08/14/2020,ProShares VIX Short-Term Futures ETF,VIXY,1678.4685296,1669.9391696,0.51076,8.52936,151.89,254945039.72116854
08/13/2020,ProShares VIX Short-Term Futures ETF,VIXY,1669.9391728,1673.1898928,-0.19428,-3.25072,151.89,253649503.24263222
08/12/2020,ProShares VIX Short-Term Futures ETF,VIXY,1673.1898608,1762.6213808,-5.07378,-89.43152,151.89,254143254.99708342
08/11/2020,ProShares VIX Short-Term Futures ETF,VIXY,1762.6213536,1692.6104736,4.13627,70.01088,151.89,267727135.23203364
08/10/2020,ProShares VIX Short-Term Futures ETF,VIXY,1692.6104648,1741.8699048,-2.82796,-49.25944,151.89,257093078.94127677
08/07/2020,ProShares VIX Short-Term Futures ETF,VIXY,1741.869876,1750.357556,-0.48491,-8.48768,151.89,264575162.95033365
08/06/2020,ProShares VIX Short-Term Futures ETF,VIXY,1750.35752,1772.8476,-1.26859,-22.49008,143.77,251642708.760673
08/05/2020,ProShares VIX Short-Term Futures ETF,VIXY,1772.8475608,1801.2426008,-1.57641,-28.39504,143.77,254876022.36796967
08/04/2020,ProShares VIX Short-Term Futures ETF,VIXY,1801.2425888,1862.7959488,-3.30435,-61.55336,138.77,249952062.15211812
08/03/2020,ProShares VIX Short-Term Futures ETF,VIXY,1862.7959504,1871.6698704,-0.47412,-8.87392,138.77,258493604.39633346
07/31/2020,ProShares VIX Short-Term Futures ETF,VIXY,1871.6698424,1891.7341624,-1.06063,-20.06432,132.52,248027066.48278051
07/30/2020,ProShares VIX Short-Term Futures ETF,VIXY,1891.7341824,1865.7415424,1.39315,25.99264,132.52,250685921.84197776
07/29/2020,ProShares VIX Short-Term Futures ETF,VIXY,1865.74156,1910.79036,-2.35760,-45.0488,132.52,247241471.4704315
07/28/2020,ProShares VIX Short-Term Futures ETF,VIXY,1910.7903816,1911.5293416,-0.03866,-0.73896,127.52,243657230.04065709
07/27/2020,ProShares VIX Short-Term Futures ETF,VIXY,1911.5293768,1987.7945768,-3.83667,-76.2652,125.02,238972640.65236557
07/24/2020,ProShares VIX Short-Term Futures ETF,VIXY,1987.7945424,1989.2316624,-0.07224,-1.43712,125.02,248507041.86765426
07/23/2020,ProShares VIX Short-Term Futures ETF,VIXY,1989.231672,1885.281672,5.51376,103.95,123.77,246200167.1364003
07/22/2020,ProShares VIX Short-Term Futures ETF,VIXY,1885.2816776,1925.1427176,-2.07055,-39.86104,120.64,227443138.81011749
07/21/2020,ProShares VIX Short-Term Futures ETF,VIXY,1925.1426848,1905.0572448,1.05432,20.08544,118.14,227439172.30344852
07/20/2020,ProShares VIX Short-Term Futures ETF,VIXY,1905.0572224,2007.7343424,-5.11408,-102.67712,115.64,220303603.34452376
07/17/2020,ProShares VIX Short-Term Futures ETF,VIXY,2007.7343712,2102.3574912,-4.50081,-94.62312,115.02,230922505.01508588
07/16/2020,ProShares VIX Short-Term Futures ETF,VIXY,2102.3574576,2110.6232176,-0.39163,-8.26576,114.7,241148730.97814574
07/15/2020,ProShares VIX Short-Term Futures ETF,VIXY,2110.6232504,2180.0817304,-3.18605,-69.45848,112.2,236820292.03950971
07/14/2020,ProShares VIX Short-Term Futures ETF,VIXY,2180.081712,2309.005632,-5.58353,-128.92392,112.2,244613806.6601838
07/13/2020,ProShares VIX Short-Term Futures ETF,VIXY,2309.0056672,2113.0450272,9.27385,195.96064,112.2,259079585.29479628
07/10/2020,ProShares VIX Short-Term Futures ETF,VIXY,2113.0450624,2189.8512224,-3.50737,-76.80616,108.45,229168109.95833976
07/09/2020,ProShares VIX Short-Term Futures ETF,VIXY,2189.8512344,2135.7509144,2.53308,54.10032,108.45,237498043.65619631
07/08/2020,ProShares VIX Short-Term Futures ETF,VIXY,2135.7508952,2195.9012952,-2.73921,-60.1504,108.14,230963225.34261223
07/07/2020,ProShares VIX Short-Term Futures ETF,VIXY,2195.9012952,2117.0989752,3.72218,78.80232,103.77,227860909.40207223
07/06/2020,ProShares VIX Short-Term Futures ETF,VIXY,2117.0989816,2106.8631416,0.48583,10.23584,101.27,214391124.62898459
07/02/2020,ProShares VIX Short-Term Futures ETF,VIXY,2106.863156,2160.531636,-2.48404,-53.66848,101.27,213354578.77970565
07/01/2020,ProShares VIX Short-Term Futures ETF,VIXY,2160.5316152,2234.0112152,-3.28913,-73.4796,99.08,214063230.88246523
06/30/2020,ProShares VIX Short-Term Futures ETF,VIXY,2234.0112368,2325.6828368,-3.94171,-91.6716,99.08,221343515.55548582
06/29/2020,ProShares VIX Short-Term Futures ETF,VIXY,2325.682848,2470.313328,-5.85474,-144.63048,99.08,230426243.6838852
06/26/2020,ProShares VIX Short-Term Futures ETF,VIXY,2470.3132992,2306.0488992,7.12320,164.2644,96.58,238580295.48668808
06/25/2020,ProShares VIX Short-Term Futures ETF,VIXY,2306.0488704,2401.8859104,-3.99007,-95.83704,90.64,209023642.20952896
06/24/2020,ProShares VIX Short-Term Futures ETF,VIXY,2401.8858992,2285.6335792,5.08622,116.25232,90.64,217710450.66161558
06/23/2020,ProShares VIX Short-Term Futures ETF,VIXY,2285.6336104,2264.7946504,0.92013,20.83896,87.2,199316307.65006121
06/22/2020,ProShares VIX Short-Term Futures ETF,VIXY,2264.7946848,2521.4874048,-10.18021,-256.69272,84.39,191129335.71249852
06/19/2020,ProShares VIX Short-Term Futures ETF,VIXY,2521.4873744,2402.0221744,4.97353,119.4652,81.89,206488288.76490106
06/18/2020,ProShares VIX Short-Term Futures ETF,VIXY,2402.0222064,2405.2110864,-0.13258,-3.18888,79.39,190700055.92357286
06/17/2020,ProShares VIX Short-Term Futures ETF,VIXY,2405.2111024,2405.3093424,-0.00408,-0.09824,79.39,190953227.04077326
06/16/2020,ProShares VIX Short-Term Futures ETF,VIXY,2405.3093304,2438.9062904,-1.37754,-33.59696,78.14,187954388.84235171
06/15/2020,ProShares VIX Short-Term Futures ETF,VIXY,2438.9062624,2496.0423424,-2.28907,-57.13608,83.14,202774233.55634476
06/12/2020,ProShares VIX Short-Term Futures ETF,VIXY,2496.0423624,2851.2392424,-12.45763,-355.19688,87.52,218444797.80739101
06/11/2020,ProShares VIX Short-Term Futures ETF,VIXY,2851.2392096,2052.3472896,38.92577,798.89192,93.14,265568589.91948804
06/10/2020,ProShares VIX Short-Term Futures ETF,VIXY,2052.3473104,2084.2501904,-1.53066,-31.90288,93.14,191158630.04859746
06/09/2020,ProShares VIX Short-Term Futures ETF,VIXY,2084.250176,1966.578896,5.98355,117.67128,93.14,194130109.6085224
06/08/2020,ProShares VIX Short-Term Futures ETF,VIXY,1966.578896,1913.899296,2.75248,52.6796,93.14,183170034.4950754
06/05/2020,ProShares VIX Short-Term Futures ETF,VIXY,1913.8993,2021.68842,-5.33164,-107.78912,93.14,178263379.87972625
06/04/2020,ProShares VIX Short-Term Futures ETF,VIXY,2021.6883952,2044.6559952,-1.12330,-22.9676,86.89,175667461.37820598
06/03/2020,ProShares VIX Short-Term Futures ETF,VIXY,2044.65596,2124.9002,-3.77638,-80.24424,85.64,175107326.7237415
06/02/2020,ProShares VIX Short-Term Futures ETF,VIXY,2124.9002216,2203.2715816,-3.55704,-78.37136,81.89,174011186.81339809
06/01/2020,ProShares VIX Short-Term Futures ETF,VIXY,2203.2715496,2154.6120296,2.25839,48.65952,79.39,174920950.60738529
05/29/2020,ProShares VIX Short-Term Futures ETF,VIXY,2154.6120224,2252.4340224,-4.34295,-97.822,79.39,171057799.57841876
05/28/2020,ProShares VIX Short-Term Futures ETF,VIXY,2252.4340608,2164.1925408,4.07734,88.24152,79.39,178824034.27172592
05/27/2020,ProShares VIX Short-Term Futures ETF,VIXY,2164.1925808,2202.6106608,-1.74421,-38.41808,77.2,167084242.85086142
05/26/2020,ProShares VIX Short-Term Futures ETF,VIXY,2202.6106864,2256.6702064,-2.39554,-54.05952,76.89,169361956.99542486
05/22/2020,ProShares VIX Short-Term Futures ETF,VIXY,2256.67022,2304.17102,-2.06151,-47.5008,76.89,173518673.59599675
05/21/2020,ProShares VIX Short-Term Futures ETF,VIXY,2304.1710304,2212.3211104,4.15174,91.84992,76.89,177171080.37758796
05/20/2020,ProShares VIX Short-Term Futures ETF,VIXY,2212.3210808,2383.2058008,-7.17037,-170.88472,72.52,160429698.69379267
05/19/2020,ProShares VIX Short-Term Futures ETF,VIXY,2383.205824,2236.720384,6.54912,146.48544,70.64,168353144.8458776
05/18/2020,ProShares VIX Short-Term Futures ETF,VIXY,2236.7203728,2436.0602928,-8.18288,-199.33992,70.64,158005198.33813722
05/15/2020,ProShares VIX Short-Term Futures ETF,VIXY,2436.0602608,2451.4805808,-0.62902,-15.42032,70.64,172086859.56104342
05/14/2020,ProShares VIX Short-Term Futures ETF,VIXY,2451.4805552,2609.7908752,-6.06602,-158.31032,70.64,173176171.70963998
05/13/2020,ProShares VIX Short-Term Futures ETF,VIXY,2609.790868,2460.913668,6.04967,148.8772,70.64,184359443.73466445
05/12/2020,ProShares VIX Short-Term Futures ETF,VIXY,2460.9136392,2146.0194792,14.67341,314.89416,70.64,173842538.55928533
05/11/2020,ProShares VIX Short-Term Futures ETF,VIXY,2146.019444,2269.124644,-5.42523,-123.1052,70.64,151597952.07759685
05/08/2020,ProShares VIX Short-Term Futures ETF,VIXY,2269.1246072,2433.1971672,-6.74309,-164.07256,65.64,148948657.81134603
05/07/2020,ProShares VIX Short-Term Futures ETF,VIXY,2433.197184,2598.083984,-6.34648,-164.8868,65.64,159718621.7086416
05/06/2020,ProShares VIX Short-Term Futures ETF,VIXY,2598.0840088,2539.6523288,2.30077,58.43168,65.64,170542034.03549487
05/05/2020,ProShares VIX Short-Term Futures ETF,VIXY,2539.652352,2644.736192,-3.97332,-105.08384,65.64,166706494.6268448
05/04/2020,ProShares VIX Short-Term Futures ETF,VIXY,2644.73618,2743.85666,-3.61245,-99.12048,65.64,173604350.78186325
05/01/2020,ProShares VIX Short-Term Futures ETF,VIXY,2743.8566536,2514.0001736,9.14306,229.85648,65.95,180968218.83690989
04/30/2020,ProShares VIX Short-Term Futures ETF,VIXY,2514.000204,2380.519404,5.60721,133.4808,65.95,165808275.17960835
04/29/2020,ProShares VIX Short-Term Futures ETF,VIXY,2380.5194328,2543.2839928,-6.39978,-162.76456,65.95,157004689.40141247
04/28/2020,ProShares VIX Short-Term Futures ETF,VIXY,2543.283956,2519.578036,0.94087,23.70592,65.95,167739654.66087565
04/27/2020,ProShares VIX Short-Term Futures ETF,VIXY,2519.5780536,2717.1279736,-7.27054,-197.54992,66.58,167750892.74645739
04/24/2020,ProShares VIX Short-Term Futures ETF,VIXY,2717.1279904,2920.4338304,-6.96149,-203.30584,66.58,180903562.58054196
04/23/2020,ProShares VIX Short-Term Futures ETF,VIXY,2920.4338264,2908.5947864,0.40704,11.83904,66.58,194439454.21161711
04/22/2020,ProShares VIX Short-Term Futures ETF,VIXY,2908.594772,3055.526612,-4.80872,-146.93184,66.58,193651222.25268405
04/21/2020,ProShares VIX Short-Term Futures ETF,VIXY,3055.5266408,2858.6623208,6.88659,196.86432,66.58,203433793.63557417
04/20/2020,ProShares VIX Short-Term Futures ETF,VIXY,2858.66234,2538.80146,12.59889,319.86088,68.14,194793432.64127225
04/17/2020,ProShares VIX Short-Term Futures ETF,VIXY,2538.8014232,2678.8621432,-5.22837,-140.06072,68.14,172997641.97392943
04/16/2020,ProShares VIX Short-Term Futures ETF,VIXY,2678.8621728,2682.8528128,-0.14875,-3.99064,68.14,182541586.29051972
04/15/2020,ProShares VIX Short-Term Futures ETF,VIXY,2682.8527744,2418.2957344,10.93981,264.55704,68.14,182813511.71979856
04/14/2020,ProShares VIX Short-Term Futures ETF,VIXY,2418.2957072,2646.3129872,-8.61641,-228.01728,68.14,164786206.24607978
04/13/2020,ProShares VIX Short-Term Futures ETF,VIXY,2646.3130128,2703.5189328,-2.11598,-57.20592,73.45,194382176.80547322
04/09/2020,ProShares VIX Short-Term Futures ETF,VIXY,2703.518968,2799.239768,-3.41953,-95.7208,73.45,198584180.8935107
04/08/2020,ProShares VIX Short-Term Futures ETF,VIXY,2799.2397992,2902.0690792,-3.54331,-102.82928,73.45,205615255.23894433
04/07/2020,ProShares VIX Short-Term Futures ETF,VIXY,2902.0691032,2768.5935832,4.82106,133.47552,73.45,213168475.07886143
04/06/2020,ProShares VIX Short-Term Futures ETF,VIXY,2768.5935824,2983.1491024,-7.19225,-214.55552,73.45,203364169.17935026
04/03/2020,ProShares VIX Short-Term Futures ETF,VIXY,2983.1490768,3091.9989968,-3.52037,-108.84992,73.45,219124120.41917682
04/02/2020,ProShares VIX Short-Term Futures ETF,VIXY,3091.9990088,3319.8551688,-6.86344,-227.85616,73.45,227119579.24243237
04/01/2020,ProShares VIX Short-Term Futures ETF,VIXY,3319.855144,3034.957944,9.38719,284.8972,73.45,243856515.2528081
03/31/2020,ProShares VIX Short-Term Futures ETF,VIXY,3034.9579152,3203.5737552,-5.26337,-168.61584,73.45,222929684.89217898
03/30/2020,ProShares VIX Short-Term Futures ETF,VIXY,3203.5737448,3407.6569448,-5.98896,-204.0832,73.45,235315185.71652377
03/27/2020,ProShares VIX Short-Term Futures ETF,VIXY,3407.656944,2954.439504,15.34022,453.21744,76.58,260954833.3274406
03/26/2020,ProShares VIX Short-Term Futures ETF,VIXY,2954.439488,3306.622448,-10.65084,-352.18296,77.52,229017697.7800712
03/25/2020,ProShares VIX Short-Term Futures ETF,VIXY,3306.6224344,3080.4875544,7.34088,226.13488,77.52,256317673.93782631
03/24/2020,ProShares VIX Short-Term Futures ETF,VIXY,3080.4875752,3218.8707752,-4.29912,-138.3832,78.77,242639109.07370673
03/23/2020,ProShares VIX Short-Term Futures ETF,VIXY,3218.8707808,4007.5860608,-19.68056,-788.71528,81.58,262592138.71922892
03/20/2020,ProShares VIX Short-Term Futures ETF,VIXY,4007.5860704,4303.6864704,-6.88016,-296.1004,88.45,354486867.98668396
03/19/2020,ProShares VIX Short-Term Futures ETF,VIXY,4303.6864456,4565.6996456,-5.73873,-262.0132,88.45,380678119.47086069
03/18/2020,ProShares VIX Short-Term Futures ETF,VIXY,4565.6996088,3979.2868888,14.73663,586.41272,93.45,426682720.02705987
03/17/2020,ProShares VIX Short-Term Futures ETF,VIXY,3979.2869216,3852.0518016,3.30305,127.23512,93.45,371880130.74794684
03/16/2020,ProShares VIX Short-Term Futures ETF,VIXY,3852.0517736,2856.2838536,34.86236,995.76792,100.33,386472357.94157289
03/13/2020,ProShares VIX Short-Term Futures ETF,VIXY,2856.283888,3005.664848,-4.96998,-149.38096,104.08,297279063.6685062
03/12/2020,ProShares VIX Short-Term Futures ETF,VIXY,3005.6648712,2496.0631912,20.41622,509.60168,108.45,325976265.22869213
03/11/2020,ProShares VIX Short-Term Futures ETF,VIXY,2496.0631904,2250.8931904,10.89212,245.17,130.64,326089345.68627196
03/10/2020,ProShares VIX Short-Term Futures ETF,VIXY,2250.8931752,2359.4756552,-4.60198,-108.58248,135.95,306017846.33264673
03/09/2020,ProShares VIX Short-Term Futures ETF,VIXY,2359.4756912,1946.4431312,21.21986,413.03256,135.95,320780069.64106638
03/06/2020,ProShares VIX Short-Term Futures ETF,VIXY,1946.4430936,1752.5683736,11.06232,193.87472,148.14,288348926.55892839
03/05/2020,ProShares VIX Short-Term Futures ETF,VIXY,1752.568364,1538.953084,13.88056,213.61528,157.83,276606046.60044235
03/04/2020,ProShares VIX Short-Term Futures ETF,VIXY,1538.953052,1617.315132,-4.84520,-78.36208,180.64,277998730.03211855
03/03/2020,ProShares VIX Short-Term Futures ETF,VIXY,1617.3151024,1465.3896624,10.36758,151.92544,182.2,294681220.26837326
03/02/2020,ProShares VIX Short-Term Futures ETF,VIXY,1465.389652,1460.055652,0.36533,5.334,188.77,276616420.79214605
02/28/2020,ProShares VIX Short-Term Futures ETF,VIXY,1460.0556264,1468.2479464,-0.55797,-8.19232,198.45,289753824.52949961
02/27/2020,ProShares VIX Short-Term Futures ETF,VIXY,1468.247972,1264.580532,16.10553,203.66744,215.33,316156312.50348905
02/26/2020,ProShares VIX Short-Term Futures ETF,VIXY,1264.5805352,1258.7834152,0.46053,5.79712,247.83,313399682.03631073
02/25/2020,ProShares VIX Short-Term Futures ETF,VIXY,1258.783432,1142.848232,10.14441,115.9352,267.2,336351920.9597493
02/24/2020,ProShares VIX Short-Term Futures ETF,VIXY,1142.8482424,971.9845624,17.57885,170.86368,281.89,322159162.46569051
02/21/2020,ProShares VIX Short-Term Futures ETF,VIXY,971.984556,925.230156,5.05327,46.7544,325.02,315910981.99575315
02/20/2020,ProShares VIX Short-Term Futures ETF,VIXY,925.2301472,885.6010272,4.47483,39.62912,325.02,300715029.44129828
02/19/2020,ProShares VIX Short-Term Futures ETF,VIXY,885.6010528,911.4848128,-2.83974,-25.88376,325.02,287834921.36733172
02/18/2020,ProShares VIX Short-Term Futures ETF,VIXY,911.4848472,888.1858072,2.62322,23.29904,304.7,277733044.70054703
02/14/2020,ProShares VIX Short-Term Futures ETF,VIXY,888.1858104,898.3895704,-1.13578,-10.20376,303.45,269523503.60215371
02/13/2020,ProShares VIX Short-Term Futures ETF,VIXY,898.3895984,882.9403984,1.74974,15.4492,300.33,269812416.00826366
02/12/2020,ProShares VIX Short-Term Futures ETF,VIXY,882.9404096,924.6488096,-4.51073,-41.7084,295.33,260757875.11649304
02/11/2020,ProShares VIX Short-Term Futures ETF,VIXY,924.6487992,926.7895192,-0.23098,-2.14072,295.33,273075570.54460683
02/10/2020,ProShares VIX Short-Term Futures ETF,VIXY,926.7895336,944.1112936,-1.83472,-17.32176,295.33,273707791.41394689
02/07/2020,ProShares VIX Short-Term Futures ETF,VIXY,944.1112872,925.1528872,2.04922,18.9584,295.33,278823406.93331553
02/06/2020,ProShares VIX Short-Term Futures ETF,VIXY,925.1528696,933.9338296,-0.94021,-8.78096,295.33,273224437.13286579
02/05/2020,ProShares VIX Short-Term Futures ETF,VIXY,933.9338608,968.4057008,-3.55965,-34.47184,295.33,275817718.15368342
02/04/2020,ProShares VIX Short-Term Futures ETF,VIXY,968.4056776,1038.0235176,-6.70677,-69.61784,295.33,285998244.04471749
02/03/2020,ProShares VIX Short-Term Futures ETF,VIXY,1038.0235488,1053.8469088,-1.50149,-15.82336,295.33,306558417.71767212
01/31/2020,ProShares VIX Short-Term Futures ETF,VIXY,1053.846908,946.467628,11.34527,107.37928,295.33,311231513.97347295
01/30/2020,ProShares VIX Short-Term Futures ETF,VIXY,946.4676632,976.8847832,-3.11369,-30.41712,308.77,292237472.23690543
01/29/2020,ProShares VIX Short-Term Futures ETF,VIXY,976.8848048,977.6377648,-0.07702,-0.75296,316.89,309566454.48709902
01/28/2020,ProShares VIX Short-Term Futures ETF,VIXY,977.6378032,1034.5961232,-5.50537,-56.95832,316.89,309805073.25133518
01/27/2020,ProShares VIX Short-Term Futures ETF,VIXY,1034.5961472,938.2992672,10.26292,96.29688,316.89,327854686.18307328
01/24/2020,ProShares VIX Short-Term Futures ETF,VIXY,938.299292,882.571132,6.31430,55.72816,339.39,318450768.97459455
01/23/2020,ProShares VIX Short-Term Futures ETF,VIXY,882.571116,891.042956,-0.95078,-8.47184,339.39,299537101.81949715
01/22/2020,ProShares VIX Short-Term Futures ETF,VIXY,891.0429784,885.1599384,0.66463,5.88304,333.14,296843360.97453191
01/21/2020,ProShares VIX Short-Term Futures ETF,VIXY,885.1599776,875.5532576,1.09722,9.60672,333.14,294883489.48413124
01/17/2020,ProShares VIX Short-Term Futures ETF,VIXY,875.5532744,875.8142344,-0.02980,-0.26096,333.14,291683098.33027981
01/16/2020,ProShares VIX Short-Term Futures ETF,VIXY,875.8142264,891.6098264,-1.77158,-15.7956,333.14,291770032.26120211
01/15/2020,ProShares VIX Short-Term Futures ETF,VIXY,891.6098368,895.7031168,-0.45699,-4.09328,326.89,291459643.53093832
01/14/2020,ProShares VIX Short-Term Futures ETF,VIXY,895.7031168,904.1203968,-0.93099,-8.41728,321.89,288319186.23256032
01/13/2020,ProShares VIX Short-Term Futures ETF,VIXY,904.1204168,926.3506568,-2.39977,-22.23024,321.89,291028643.23986157
01/10/2020,ProShares VIX Short-Term Futures ETF,VIXY,926.3506184,929.4220584,-0.33047,-3.07144,321.89,298184355.34455541
01/09/2020,ProShares VIX Short-Term Futures ETF,VIXY,929.4220456,955.6073256,-2.74017,-26.18528,309.39,287555245.96792569
01/08/2020,ProShares VIX Short-Term Futures ETF,VIXY,955.607328,983.079568,-2.79451,-27.47224,309.39,295656748.7856372
01/07/2020,ProShares VIX Short-Term Futures ETF,VIXY,983.0795624,993.9088424,-1.08956,-10.82928,295.64,290639079.58179601
01/06/2020,ProShares VIX Short-Term Futures ETF,VIXY,993.9088304,1000.1818704,-0.62719,-6.27304,295.64,293840660.21112046
01/03/2020,ProShares VIX Short-Term Futures ETF,VIXY,1000.1818336,950.0807936,5.27335,50.10104,289.39,289444083.59143564
01/02/2020,ProShares VIX Short-Term Futures ETF,VIXY,950.0807648,983.8054848,-3.42799,-33.72472,284.39,270194858.19459052
12/31/2019,ProShares VIX Short-Term Futures ETF,VIXY,983.8055,1038.15878,-5.23555,-54.35328,284.39,279785884.96054375
12/30/2019,ProShares VIX Short-Term Futures ETF,VIXY,1038.158816,1013.360976,2.44709,24.79784,284.39,295243503.9895084
12/27/2019,ProShares VIX Short-Term Futures ETF,VIXY,1013.3609904,977.2081904,3.69960,36.1528,284.39,288191214.10030446
12/26/2019,ProShares VIX Short-Term Futures ETF,VIXY,977.2081776,975.7104976,0.15350,1.49768,278.14,271802111.68462374
12/24/2019,ProShares VIX Short-Term Futures ETF,VIXY,975.7104632,990.3099032,-1.47423,-14.59944,276.89,270165897.13200043
12/23/2019,ProShares VIX Short-Term Futures ETF,VIXY,990.3098648,988.9453048,0.13798,1.36456,276.89,274208346.79264927
12/20/2019,ProShares VIX Short-Term Futures ETF,VIXY,988.9452744,979.0011144,1.01575,9.94416,276.89,273830503.36107981
12/19/2019,ProShares VIX Short-Term Futures ETF,VIXY,979.0011144,992.1931144,-1.32958,-13.192,276.89,271077050.35534581
12/18/2019,ProShares VIX Short-Term Futures ETF,VIXY,992.193092,995.525732,-0.33476,-3.33264,274.7,272559373.93752705
12/17/2019,ProShares VIX Short-Term Futures ETF,VIXY,995.5257528,991.4243128,0.41369,4.10144,273.14,271919360.07620547
12/16/2019,ProShares VIX Short-Term Futures ETF,VIXY,991.4242912,1015.2115712,-2.34309,-23.78728,273.14,270799080.85639388
12/13/2019,ProShares VIX Short-Term Futures ETF,VIXY,1015.2115544,1070.0401144,-5.12397,-54.82856,279.7,283958694.54146431
12/12/2019,ProShares VIX Short-Term Futures ETF,VIXY,1070.0400784,1122.3570384,-4.66135,-52.31696,270.95,289931599.27629066
12/11/2019,ProShares VIX Short-Term Futures ETF,VIXY,1122.3570024,1146.9195624,-2.14161,-24.56256,268.45,301301184.63390201
12/10/2019,ProShares VIX Short-Term Futures ETF,VIXY,1146.9195872,1166.6281472,-1.68936,-19.70856,268.45,307895107.85270428
12/09/2019,ProShares VIX Short-Term Futures ETF,VIXY,1166.6281088,1102.1399488,5.85118,64.48816,268.45,313185938.57124112
12/06/2019,ProShares VIX Short-Term Futures ETF,VIXY,1102.1399408,1136.4315408,-3.01748,-34.2916,268.45,295873834.33727542
12/05/2019,ProShares VIX Short-Term Futures ETF,VIXY,1136.4315432,1154.0564232,-1.52721,-17.62488,268.45,305079550.88202993
12/04/2019,ProShares VIX Short-Term Futures ETF,VIXY,1154.056408,1208.313208,-4.49029,-54.2568,269.7,311253586.1861167
12/03/2019,ProShares VIX Short-Term Futures ETF,VIXY,1208.3132248,1151.5174648,4.93225,56.79576,269.7,325886864.66971327
12/02/2019,ProShares VIX Short-Term Futures ETF,VIXY,1151.5175,1082.44206,6.38144,69.07544,277.52,319565063.10684375
11/29/2019,ProShares VIX Short-Term Futures ETF,VIXY,1082.4420984,1061.6775384,1.95583,20.76456,274.7,297351133.60729491
11/27/2019,ProShares VIX Short-Term Futures ETF,VIXY,1061.6775704,1063.4654104,-0.16811,-1.78784,274.7,291647035.48625271
11/26/2019,ProShares VIX Short-Term Futures ETF,VIXY,1063.4654008,1077.5232408,-1.30464,-14.05784,274.7,292138159.58141067
11/25/2019,ProShares VIX Short-Term Futures ETF,VIXY,1077.5232784,1127.4591984,-4.42907,-49.93592,274.7,295999914.26247066
11/22/2019,ProShares VIX Short-Term Futures ETF,VIXY,1127.4591768,1166.8617368,-3.37680,-39.40256,274.7,309717503.42394807
11/21/2019,ProShares VIX Short-Term Futures ETF,VIXY,1166.8617208,1155.3096408,0.99991,11.55208,272.83,318353672.66682867
11/20/2019,ProShares VIX Short-Term Futures ETF,VIXY,1155.3096128,1159.0980928,-0.32685,-3.78848,264.08,305092963.91450072
11/19/2019,ProShares VIX Short-Term Futures ETF,VIXY,1159.0980984,1143.1510584,1.39501,15.94704,259.7,301022369.08069491
11/18/2019,ProShares VIX Short-Term Futures ETF,VIXY,1143.1510792,1152.0344392,-0.77110,-8.88336,255.33,291879579.03289133
11/15/2019,ProShares VIX Short-Term Futures ETF,VIXY,1152.0344104,1193.0856904,-3.44077,-41.05128,255.33,294147750.77173121
11/14/2019,ProShares VIX Short-Term Futures ETF,VIXY,1193.0856584,1209.2604584,-1.33758,-16.1748,255.33,304629323.33290141
11/13/2019,ProShares VIX Short-Term Futures ETF,VIXY,1209.2604248,1207.6798648,0.13088,1.58056,247.83,299689756.47049327
11/12/2019,ProShares VIX Short-Term Futures ETF,VIXY,1207.6798656,1211.4440256,-0.31072,-3.76416,247.83,299298048.12378744
11/11/2019,ProShares VIX Short-Term Futures ETF,VIXY,1211.4440464,1227.1767664,-1.28203,-15.73272,247.83,300230921.14611386
11/08/2019,ProShares VIX Short-Term Futures ETF,VIXY,1227.1767672,1244.1417272,-1.36359,-16.96496,247.83,304129945.01928003
11/07/2019,ProShares VIX Short-Term Futures ETF,VIXY,1244.1417384,1256.1212584,-0.95369,-11.97952,247.83,308334356.23061841
11/06/2019,ProShares VIX Short-Term Futures ETF,VIXY,1256.1212968,1276.0774568,-1.56387,-19.95616,241.58,303452479.65509857
11/05/2019,ProShares VIX Short-Term Futures ETF,VIXY,1276.07742,1249.73254,2.10804,26.34488,241.58,308273459.19327675
11/04/2019,ProShares VIX Short-Term Futures ETF,VIXY,1249.7325712,1241.7700112,0.64123,7.96256,241.58,301909097.95295338
11/01/2019,ProShares VIX Short-Term Futures ETF,VIXY,1241.7699952,1292.6076752,-3.93296,-50.83768,241.58,299985507.10404598
10/31/2019,ProShares VIX Short-Term Futures ETF,VIXY,1292.6076592,1270.0144592,1.77897,22.5932,234.08,302572259.78508958
10/30/2019,ProShares VIX Short-Term Futures ETF,VIXY,1270.0144488,1312.3934888,-3.22914,-42.37904,224.7,285377279.07761337
10/29/2019,ProShares VIX Short-Term Futures ETF,VIXY,1312.3935072,1320.2331872,-0.59381,-7.83968,224.7,294900021.42711228
10/28/2019,ProShares VIX Short-Term Futures ETF,VIXY,1320.2332104,1306.3511304,1.06266,13.88208,224.7,296661633.80097621
10/25/2019,ProShares VIX Short-Term Futures ETF,VIXY,1306.3511272,1350.0823272,-3.23915,-43.7312,224.7,293542274.69818153
10/24/2019,ProShares VIX Short-Term Futures ETF,VIXY,1350.0823344,1360.4428144,-0.76155,-10.36048,224.7,303368850.24093006
10/23/2019,ProShares VIX Short-Term Futures ETF,VIXY,1360.4428416,1384.4650816,-1.73513,-24.02224,212.2,288691361.74227984
10/22/2019,ProShares VIX Short-Term Futures ETF,VIXY,1384.4651176,1351.8327976,2.41393,32.63232,212.2,293788983.89774849
10/21/2019,ProShares VIX Short-Term Futures ETF,VIXY,1351.8328248,1398.8485848,-3.36103,-47.01576,212.2,286864282.06012827
10/18/2019,ProShares VIX Short-Term Futures ETF,VIXY,1398.8485712,1390.4743312,0.60226,8.37424,205.95,288098406.17610338
10/17/2019,ProShares VIX Short-Term Futures ETF,VIXY,1390.4743,1402.6319,-0.86677,-12.1576,205.95,286373691.83941375
10/16/2019,ProShares VIX Short-Term Futures ETF,VIXY,1402.6318704,1415.1729904,-0.88619,-12.54112,194.7,273097983.09566646
10/15/2019,ProShares VIX Short-Term Futures ETF,VIXY,1415.1730152,1455.1486952,-2.74719,-39.97568,184.7,261388063.53051273
10/14/2019,ProShares VIX Short-Term Futures ETF,VIXY,1455.1486688,1523.6437088,-4.49548,-68.49504,184.7,268771725.15396012
10/11/2019,ProShares VIX Short-Term Futures ETF,VIXY,1523.6436888,1601.5518488,-4.86454,-77.90816,181.58,276661640.23197687
10/10/2019,ProShares VIX Short-Term Futures ETF,VIXY,1601.551884,1648.916204,-2.87245,-47.36432,181.58,290808129.48664035
10/09/2019,ProShares VIX Short-Term Futures ETF,VIXY,1648.9161744,1726.5772144,-4.49798,-77.66104,181.58,299408488.19702106
10/08/2019,ProShares VIX Short-Term Futures ETF,VIXY,1726.5772104,1599.6533704,7.93446,126.92384,181.58,313510098.54057621
10/07/2019,ProShares VIX Short-Term Futures ETF,VIXY,1599.6533568,1583.3705568,1.02836,16.2828,181.58,290463396.88738632
10/04/2019,ProShares VIX Short-Term Futures ETF,VIXY,1583.3705576,1666.5953576,-4.99370,-83.2248,181.58,287506783.10205449
10/03/2019,ProShares VIX Short-Term Futures ETF,VIXY,1666.595368,1747.714168,-4.64142,-81.1188,181.58,302618657.8287457
10/02/2019,ProShares VIX Short-Term Futures ETF,VIXY,1747.714128,1645.681328,6.20003,102.0328,181.58,317348118.1088322
10/01/2019,ProShares VIX Short-Term Futures ETF,VIXY,1645.6813336,1535.1078136,7.20298,110.57352,195.02,320934952.08095439
09/30/2019,ProShares VIX Short-Term Futures ETF,VIXY,1535.1077856,1608.2605056,-4.54856,-73.15272,195.02,299371289.90392044
09/27/2019,ProShares VIX Short-Term Futures ETF,VIXY,1608.2605232,1560.2981232,3.07393,47.9624,195.02,313637278.01286318
09/26/2019,ProShares VIX Short-Term Futures ETF,VIXY,1560.2980936,1542.6731336,1.14249,17.62496,202.2,315498457.20711589
09/25/2019,ProShares VIX Short-Term Futures ETF,VIXY,1542.6730984,1592.1882984,-3.10988,-49.5152,202.2,311934613.33863241
09/24/2019,ProShares VIX Short-Term Futures ETF,VIXY,1592.1883224,1499.4570424,6.18432,92.73128,202.2,321946787.83550751
09/23/2019,ProShares VIX Short-Term Futures ETF,VIXY,1499.4570056,1541.7597256,-2.74379,-42.30272,202.2,303196148.13070469
09/20/2019,ProShares VIX Short-Term Futures ETF,VIXY,1541.7597336,1454.5571736,5.99513,87.20256,197.2,304041128.68886439
09/19/2019,ProShares VIX Short-Term Futures ETF,VIXY,1454.5571512,1467.2687512,-0.86634,-12.7116,197.2,286844433.89935163
09/18/2019,ProShares VIX Short-Term Futures ETF,VIXY,1467.2687904,1529.9079904,-4.09431,-62.6392,187.52,275137053.11246196
09/17/2019,ProShares VIX Short-Term Futures ETF,VIXY,1529.9079768,1547.4286968,-1.13225,-17.52072,175.95,269193370.77831807
09/16/2019,ProShares VIX Short-Term Futures ETF,VIXY,1547.42866,1513.28066,2.25655,34.148,169.7,262604775.28806525
09/13/2019,ProShares VIX Short-Term Futures ETF,VIXY,1513.2806336,1532.0583936,-1.22566,-18.77776,169.7,256809719.89643064
09/12/2019,ProShares VIX Short-Term Futures ETF,VIXY,1532.0583776,1568.4559776,-2.32060,-36.3976,169.7,259996377.46004124
09/11/2019,ProShares VIX Short-Term Futures ETF,VIXY,1568.4559984,1604.5278384,-2.24813,-36.07184,154.7,242646357.95937366
09/10/2019,ProShares VIX Short-Term Futures ETF,VIXY,1604.5278368,1610.3668768,-0.36259,-5.83904,149.08,239201345.21251332
09/09/2019,ProShares VIX Short-Term Futures ETF,VIXY,1610.366888,1616.646168,-0.38841,-6.27928,146.27,235542668.0348937
09/06/2019,ProShares VIX Short-Term Futures ETF,VIXY,1616.6461824,1673.4021024,-3.39165,-56.75592,143.77,232419502.75777776
09/05/2019,ProShares VIX Short-Term Futures ETF,VIXY,1673.4020904,1731.4135304,-3.35052,-58.01144,138.77,232212088.42491321
09/04/2019,ProShares VIX Short-Term Futures ETF,VIXY,1731.4135024,1841.1953424,-5.96253,-109.78184,134.39,232687192.77978326
09/03/2019,ProShares VIX Short-Term Futures ETF,VIXY,1841.195304,1788.953064,2.92027,52.24224,134.39,247440929.6526921
08/30/2019,ProShares VIX Short-Term Futures ETF,VIXY,1788.953036,1762.774556,1.48507,26.17848,134.39,240420014.85185515
08/29/2019,ProShares VIX Short-Term Futures ETF,VIXY,1762.7745656,1838.8547256,-4.13737,-76.08016,134.39,236901851.92878619
08/28/2019,ProShares VIX Short-Term Futures ETF,VIXY,1838.8547296,1902.2972896,-3.33505,-63.44256,134.39,247126376.43598604
08/27/2019,ProShares VIX Short-Term Futures ETF,VIXY,1902.2973232,1837.0059632,3.55423,65.29136,134.39,255652519.37468318
08/26/2019,ProShares VIX Short-Term Futures ETF,VIXY,1837.005964,1857.550764,-1.10602,-20.5448,134.39,246877918.12318235
08/23/2019,ProShares VIX Short-Term Futures ETF,VIXY,1857.550724,1693.852404,9.66426,163.69832,134.39,249638958.46629385
08/22/2019,ProShares VIX Short-Term Futures ETF,VIXY,1693.8524376,1647.4533976,2.81641,46.39904,134.39,227639306.34825399
08/21/2019,ProShares VIX Short-Term Futures ETF,VIXY,1647.4534224,1751.6958224,-5.95094,-104.2424,134.39,221403674.83696626
08/20/2019,ProShares VIX Short-Term Futures ETF,VIXY,1751.6958088,1713.6071688,2.22272,38.08864,134.39,235412961.59975237
08/19/2019,ProShares VIX Short-Term Futures ETF,VIXY,1713.6071312,1837.9493712,-6.76527,-124.34224,134.39,230294168.51239738
08/16/2019,ProShares VIX Short-Term Futures ETF,VIXY,1837.949396,1961.952276,-6.32038,-124.00288,134.39,247004707.32943165
08/15/2019,ProShares VIX Short-Term Futures ETF,VIXY,1961.9522472,1961.7048872,0.01261,0.24736,134.39,263669631.85636953
08/14/2019,ProShares VIX Short-Term Futures ETF,VIXY,1961.7049192,1750.4517192,12.06850,211.2532,136.58,267927622.59548233
08/13/2019,ProShares VIX Short-Term Futures ETF,VIXY,1750.4516816,1919.4583216,-8.80491,-169.00664,141.89,248374149.13780834
08/12/2019,ProShares VIX Short-Term Futures ETF,VIXY,1919.4583,1762.27486,8.91935,157.18344,141.89,272354745.39476375
08/09/2019,ProShares VIX Short-Term Futures ETF,VIXY,1762.274836,1707.088196,3.23279,55.18664,145.95,257210995.32823765
08/08/2019,ProShares VIX Short-Term Futures ETF,VIXY,1707.0882032,1827.4332432,-6.58547,-120.34504,145.95,249156287.59404518
08/07/2019,ProShares VIX Short-Term Futures ETF,VIXY,1827.4332712,1855.9447912,-1.53623,-28.51152,145.95,266721127.13597713
08/06/2019,ProShares VIX Short-Term Futures ETF,VIXY,1855.9448152,1980.0589752,-6.26821,-124.11416,155.02,287701999.84752023
08/05/2019,ProShares VIX Short-Term Futures ETF,VIXY,1980.058976,1664.490976,18.95883,315.568,163.14,323029717.1808924
08/02/2019,ProShares VIX Short-Term Futures ETF,VIXY,1664.4909856,1668.9946656,-0.26984,-4.50368,173.77,289232710.43085044
08/01/2019,ProShares VIX Short-Term Futures ETF,VIXY,1668.9946912,1569.6077312,6.33196,99.38696,187.2,312442419.58410388
07/31/2019,ProShares VIX Short-Term Futures ETF,VIXY,1569.6077392,1484.0731792,5.76350,85.53456,187.2,293836788.34890658
07/30/2019,ProShares VIX Short-Term Futures ETF,VIXY,1484.0731768,1430.2466968,3.76344,53.82648,187.2,277824379.33692307
07/29/2019,ProShares VIX Short-Term Futures ETF,VIXY,1430.246688,1420.552208,0.68244,9.69448,187.2,267747847.3461012
07/26/2019,ProShares VIX Short-Term Futures ETF,VIXY,1420.5521832,1449.3397832,-1.98626,-28.7876,180.95,257054546.48806593
07/25/2019,ProShares VIX Short-Term Futures ETF,VIXY,1449.3397864,1420.3624264,2.04014,28.97736,180.95,262263777.35798361
07/24/2019,ProShares VIX Short-Term Futures ETF,VIXY,1420.3624032,1457.1302432,-2.52330,-36.76784,180.95,257020205.04506268
07/23/2019,ProShares VIX Short-Term Futures ETF,VIXY,1457.1302456,1493.6199256,-2.44304,-36.48968,180.95,263673491.81991819
07/22/2019,ProShares VIX Short-Term Futures ETF,VIXY,1493.6199456,1557.6533856,-4.11089,-64.03344,180.95,270276447.62535444
07/19/2019,ProShares VIX Short-Term Futures ETF,VIXY,1557.65336,1505.43936,3.46836,52.214,180.95,281863547.693439
07/18/2019,ProShares VIX Short-Term Futures ETF,VIXY,1505.4393288,1543.8083688,-2.48535,-38.36904,180.95,272415211.84970037
07/17/2019,ProShares VIX Short-Term Futures ETF,VIXY,1543.8083776,1504.5678976,2.60809,39.24048,174.7,269709440.90741624
07/16/2019,ProShares VIX Short-Term Futures ETF,VIXY,1504.5678672,1495.6605072,0.59555,8.90736,172.2,259092548.58201378
07/15/2019,ProShares VIX Short-Term Futures ETF,VIXY,1495.6604968,1498.1163368,-0.16393,-2.45584,169.7,253819512.86167857
07/12/2019,ProShares VIX Short-Term Futures ETF,VIXY,1498.116356,1522.946436,-1.63040,-24.83008,163.45,244873054.67426065
07/11/2019,ProShares VIX Short-Term Futures ETF,VIXY,1522.9464584,1543.3796584,-1.32393,-20.4332,163.45,248931633.30082141
07/10/2019,ProShares VIX Short-Term Futures ETF,VIXY,1543.3796192,1602.2382592,-3.67353,-58.85864,163.45,252271514.39998108
07/09/2019,ProShares VIX Short-Term Futures ETF,VIXY,1602.2382608,1600.3103408,0.12047,1.92792,162.52,260390094.22736842
07/08/2019,ProShares VIX Short-Term Futures ETF,VIXY,1600.3103496,1556.8368296,2.79243,43.47352,162.52,260076776.91913029
07/05/2019,ProShares VIX Short-Term Futures ETF,VIXY,1556.83682,1534.7725,1.43763,22.06432,159.08,247659986.10739925
07/03/2019,ProShares VIX Short-Term Futures ETF,VIXY,1534.772528,1547.274768,-0.80802,-12.50224,156.58,240313090.1077422
07/02/2019,ProShares VIX Short-Term Futures ETF,VIXY,1547.2747648,1612.6911648,-4.05635,-65.4164,156.58,242270677.37481552
07/01/2019,ProShares VIX Short-Term Futures ETF,VIXY,1612.6911632,1668.7683632,-3.36039,-56.0772,151.58,244450053.35077418
06/28/2019,ProShares VIX Short-Term Futures ETF,VIXY,1668.76836,1720.48972,-3.00620,-51.72136,144.08,240434413.9616265
06/27/2019,ProShares VIX Short-Term Futures ETF,VIXY,1720.489696,1762.770976,-2.39857,-42.28128,144.08,247886370.3916204
06/26/2019,ProShares VIX Short-Term Futures ETF,VIXY,1762.7709992,1775.7549992,-0.73118,-12.984,144.08,253978216.68982433
06/25/2019,ProShares VIX Short-Term Futures ETF,VIXY,1775.7550064,1734.5637264,2.37473,41.19128,144.08,255848938.97629286
06/24/2019,ProShares VIX Short-Term Futures ETF,VIXY,1734.5637512,1759.1224712,-1.39608,-24.55872,144.08,249914145.66300413
06/21/2019,ProShares VIX Short-Term Futures ETF,VIXY,1759.1224896,1716.6612896,2.47348,42.4612,139.08,244656930.76398504
06/20/2019,ProShares VIX Short-Term Futures ETF,VIXY,1716.6613248,1690.6083648,1.54104,26.05296,139.08,238751476.01705952
06/19/2019,ProShares VIX Short-Term Futures ETF,VIXY,1690.608372,1770.235812,-4.49813,-79.62744,135.33,228788276.97657405
06/18/2019,ProShares VIX Short-Term Futures ETF,VIXY,1770.2357808,1771.2985808,-0.06000,-1.0628,128.14,226840601.92154142
06/17/2019,ProShares VIX Short-Term Futures ETF,VIXY,1771.298592,1791.206192,-1.11141,-19.9076,128.14,226976792.1030708
06/14/2019,ProShares VIX Short-Term Futures ETF,VIXY,1791.2061584,1819.7536784,-1.56876,-28.54752,128.14,229527776.77638266
06/13/2019,ProShares VIX Short-Term Futures ETF,VIXY,1819.7536688,1824.2278288,-0.24526,-4.47416,128.14,233185896.50977262
06/12/2019,ProShares VIX Short-Term Futures ETF,VIXY,1824.2278296,1836.4238296,-0.66412,-12.196,125.64,229198652.44414479
06/11/2019,ProShares VIX Short-Term Futures ETF,VIXY,1836.4238296,1825.5012696,0.59833,10.92256,122.52,224992151.25329479
06/10/2019,ProShares VIX Short-Term Futures ETF,VIXY,1825.5012928,1853.0211328,-1.48513,-27.51984,122.52,223653960.68303272
06/07/2019,ProShares VIX Short-Term Futures ETF,VIXY,1853.0211632,1835.2222032,0.96985,17.79896,122.52,227025597.85289918
06/06/2019,ProShares VIX Short-Term Futures ETF,VIXY,1835.2222152,1854.4054152,-1.03447,-19.1832,122.52,224844933.70771773
06/05/2019,ProShares VIX Short-Term Futures ETF,VIXY,1854.4053888,1906.9530688,-2.75558,-52.54768,122.52,227195188.27671312
06/04/2019,ProShares VIX Short-Term Futures ETF,VIXY,1906.9531064,2003.4025464,-4.81428,-96.44944,122.52,233633148.74951411
06/03/2019,ProShares VIX Short-Term Futures ETF,VIXY,2003.4025592,1998.2519992,0.25775,5.15056,122.52,245449794.51663083
05/31/2019,ProShares VIX Short-Term Futures ETF,VIXY,1998.2519896,1922.9153496,3.91783,75.33664,122.52,244818764.94937879
05/30/2019,ProShares VIX Short-Term Futures ETF,VIXY,1922.9153256,1956.8912456,-1.73622,-33.97592,122.52,235588783.37954769
05/29/2019,ProShares VIX Short-Term Futures ETF,VIXY,1956.89122,1915.19514,2.17712,41.69608,121.27,237305275.74670925
05/28/2019,ProShares VIX Short-Term Futures ETF,VIXY,1915.1951544,1847.8073144,3.64691,67.38784,120.02,229854947.42822931
05/24/2019,ProShares VIX Short-Term Futures ETF,VIXY,1847.8073096,1910.2621096,-3.26944,-62.4548,120.02,221767296.67983429
05/23/2019,ProShares VIX Short-Term Futures ETF,VIXY,1910.2620976,1791.0400176,6.65658,119.22208,120.02,229262899.40178174
05/22/2019,ProShares VIX Short-Term Futures ETF,VIXY,1791.0400064,1796.4767264,-0.30263,-5.43672,119.39,213834885.76010536
05/21/2019,ProShares VIX Short-Term Futures ETF,VIXY,1796.4767576,1896.9980376,-5.29897,-100.52128,115.95,208308598.58287199
05/20/2019,ProShares VIX Short-Term Futures ETF,VIXY,1896.9980352,1879.1814752,0.94810,17.81656,114.08,216407567.72015448
05/17/2019,ProShares VIX Short-Term Futures ETF,VIXY,1879.1814616,1852.6566616,1.43172,26.5248,112.83,212026094.66156159
05/16/2019,ProShares VIX Short-Term Futures ETF,VIXY,1852.656684,1930.708844,-4.04267,-78.05216,112.83,209033331.52441035
05/15/2019,ProShares VIX Short-Term Futures ETF,VIXY,1930.7088104,2020.4795304,-4.44304,-89.77072,112.83,217839871.96704121
05/14/2019,ProShares VIX Short-Term Futures ETF,VIXY,2020.4795496,2134.9204296,-5.36043,-114.44088,112.83,227968611.33383529
05/13/2019,ProShares VIX Short-Term Futures ETF,VIXY,2134.9204288,1854.1812288,15.14087,280.7392,112.83,240880857.00155912
05/10/2019,ProShares VIX Short-Term Futures ETF,VIXY,1854.1812152,2001.1284952,-7.34322,-146.94728,115.64,214420227.46575523
05/09/2019,ProShares VIX Short-Term Futures ETF,VIXY,2001.1285312,2012.9216512,-0.58587,-11.79312,121.27,242669777.98644488
05/08/2019,ProShares VIX Short-Term Futures ETF,VIXY,2012.9216872,1985.8018472,1.36569,27.11984,132.52,266745261.27727553
05/07/2019,ProShares VIX Short-Term Futures ETF,VIXY,1985.8018496,1780.6521696,11.52104,205.14968,132.52,263151436.33494904
05/06/2019,ProShares VIX Short-Term Futures ETF,VIXY,1780.6521632,1668.7085632,6.70840,111.9436,148.14,263788415.66023668
05/03/2019,ProShares VIX Short-Term Futures ETF,VIXY,1668.7085352,1756.5599752,-5.00133,-87.85144,148.14,247204922.89076073
05/02/2019,ProShares VIX Short-Term Futures ETF,VIXY,1756.5599888,1764.4894288,-0.44939,-7.92944,148.14,260219365.70981562
05/01/2019,ProShares VIX Short-Term Futures ETF,VIXY,1764.489468,1684.786508,4.73075,79.70296,148.14,261394050.35536695
04/30/2019,ProShares VIX Short-Term Futures ETF,VIXY,1684.7865384,1690.4130984,-0.33285,-5.62656,148.14,249586741.79888841
04/29/2019,ProShares VIX Short-Term Futures ETF,VIXY,1690.4130808,1667.5600408,1.37045,22.85304,141.89,239855184.26384267
04/26/2019,ProShares VIX Short-Term Futures ETF,VIXY,1667.5600352,1723.0098752,-3.21820,-55.44984,141.89,236612532.20107948
04/25/2019,ProShares VIX Short-Term Futures ETF,VIXY,1723.0099056,1691.9562256,1.83537,31.05368,141.89,244480395.40757094
04/24/2019,ProShares VIX Short-Term Futures ETF,VIXY,1691.9562056,1643.1738056,2.96879,48.7824,141.89,240074140.49853469
04/23/2019,ProShares VIX Short-Term Futures ETF,VIXY,1643.1737672,1648.9088872,-0.34781,-5.73512,141.89,233152328.96964253
04/22/2019,ProShares VIX Short-Term Futures ETF,VIXY,1648.908912,1677.211712,-1.68749,-28.3028,134.39,221599280.2129638
04/18/2019,ProShares VIX Short-Term Futures ETF,VIXY,1677.2117,1699.6373,-1.31943,-22.4256,134.39,225402933.28511125
04/17/2019,ProShares VIX Short-Term Futures ETF,VIXY,1699.6373312,1699.5710912,0.00390,0.06624,130.64,222043106.66756488
04/16/2019,ProShares VIX Short-Term Futures ETF,VIXY,1699.5711064,1705.0974264,-0.32411,-5.52632,126.89,215661063.31383911
04/15/2019,ProShares VIX Short-Term Futures ETF,VIXY,1705.0974552,1717.8568952,-0.74275,-12.75944,126.89,216362309.79535623
04/12/2019,ProShares VIX Short-Term Futures ETF,VIXY,1717.8568992,1811.8122592,-5.18571,-93.95536,121.89,209392089.80920308
04/11/2019,ProShares VIX Short-Term Futures ETF,VIXY,1811.8122216,1849.4811016,-2.03673,-37.66888,119.39,216314910.91219809
04/10/2019,ProShares VIX Short-Term Futures ETF,VIXY,1849.4811304,1908.9784104,-3.11671,-59.49728,117.2,216766517.05185921
04/09/2019,ProShares VIX Short-Term Futures ETF,VIXY,1908.9783936,1841.2202336,3.68007,67.75816,117.2,223739832.05680464
04/08/2019,ProShares VIX Short-Term Futures ETF,VIXY,1841.22024,1835.07136,0.33508,6.14888,117.2,215798307.963201
04/05/2019,ProShares VIX Short-Term Futures ETF,VIXY,1835.0713272,1874.2265272,-2.08914,-39.1552,113.45,208196113.54097403
04/04/2019,ProShares VIX Short-Term Futures ETF,VIXY,1874.2265576,1886.3083976,-0.64050,-12.08184,110.64,207367167.38920449
04/03/2019,ProShares VIX Short-Term Futures ETF,VIXY,1886.3084168,1889.3270568,-0.15977,-3.01864,110.64,208703921.96081157
04/02/2019,ProShares VIX Short-Term Futures ETF,VIXY,1889.3270696,1883.4537896,0.31184,5.87328,107.52,203133763.02888329
04/01/2019,ProShares VIX Short-Term Futures ETF,VIXY,1883.45376,1926.35808,-2.22722,-42.90432,107.52,202502285.557524
03/29/2019,ProShares VIX Short-Term Futures ETF,VIXY,1926.3581056,1970.7933856,-2.25469,-44.43528,105.64,203503287.57431344
03/28/2019,ProShares VIX Short-Term Futures ETF,VIXY,1970.793348,2034.573908,-3.13484,-63.78056,105.64,208197491.56799145
03/27/2019,ProShares VIX Short-Term Futures ETF,VIXY,2034.5739,1997.3947,1.86138,37.1792,105.64,214935362.36032875
03/26/2019,ProShares VIX Short-Term Futures ETF,VIXY,1997.3947176,2098.6343976,-4.82407,-101.23968,105.64,211007699.15703849
03/25/2019,ProShares VIX Short-Term Futures ETF,VIXY,2098.634364,2086.112844,0.60023,12.52152,105.64,221702803.46571735
03/22/2019,ProShares VIX Short-Term Futures ETF,VIXY,2086.1128768,1888.9874368,10.43551,197.12544,105.64,220380015.24523432
03/21/2019,ProShares VIX Short-Term Futures ETF,VIXY,1888.9874056,1919.5275656,-1.59102,-30.54016,109.39,206639094.94266469
03/20/2019,ProShares VIX Short-Term Futures ETF,VIXY,1919.5275656,1894.5045256,1.32082,25.02304,106.27,203981404.06754869
03/19/2019,ProShares VIX Short-Term Futures ETF,VIXY,1894.5045352,1881.9225352,0.66857,12.582,109.39,207242621.81841073
03/18/2019,ProShares VIX Short-Term Futures ETF,VIXY,1881.9225504,1866.6890304,0.81607,15.23352,105.64,198809050.53598596
03/15/2019,ProShares VIX Short-Term Futures ETF,VIXY,1866.6889976,1923.5666776,-2.95689,-56.87768,106.27,198366436.36262299
03/14/2019,ProShares VIX Short-Term Futures ETF,VIXY,1923.566672,1942.566912,-0.97810,-19.00024,105.02,202006167.2763378
03/13/2019,ProShares VIX Short-Term Futures ETF,VIXY,1942.5669168,1972.4465168,-1.51485,-29.8796,105.02,204001505.77186782
03/12/2019,ProShares VIX Short-Term Futures ETF,VIXY,1972.4465032,2012.7288232,-2.00138,-40.28232,92.52,182483772.94655893
03/11/2019,ProShares VIX Short-Term Futures ETF,VIXY,2012.7287944,2166.8057544,-7.11079,-154.07696,88.14,177404859.55427781
03/08/2019,ProShares VIX Short-Term Futures ETF,VIXY,2166.8057504,2159.7706304,0.32573,7.03512,84.7,183537033.02666596
03/07/2019,ProShares VIX Short-Term Futures ETF,VIXY,2159.7705912,2096.9173112,2.99741,62.85328,89.39,193065051.81185763
03/06/2019,ProShares VIX Short-Term Futures ETF,VIXY,2096.9173464,2035.3957464,3.02259,61.5216,89.39,187446508.33631511
03/05/2019,ProShares VIX Short-Term Futures ETF,VIXY,2035.3957104,2009.3734704,1.29504,26.02224,87.83,178766693.52138246
03/04/2019,ProShares VIX Short-Term Futures ETF,VIXY,2009.3734416,1964.5780016,2.28016,44.79544,84.08,168946034.24478234
03/01/2019,ProShares VIX Short-Term Futures ETF,VIXY,1964.5780368,2052.0505968,-4.26269,-87.47256,82.2,161496099.26543082
02/28/2019,ProShares VIX Short-Term Futures ETF,VIXY,2052.0506016,2065.0013216,-0.62715,-12.95072,82.2,168686690.70202884
02/27/2019,ProShares VIX Short-Term Futures ETF,VIXY,2065.0013296,2071.4277296,-0.31024,-6.4264,82.2,169751291.86088854
02/26/2019,ProShares VIX Short-Term Futures ETF,VIXY,2071.4277248,2047.3863648,1.17425,24.04136,82.2,170279567.01091952
02/25/2019,ProShares VIX Short-Term Futures ETF,VIXY,2047.3863856,2003.1395056,2.20888,44.24688,82.2,168303273.66487294
02/22/2019,ProShares VIX Short-Term Futures ETF,VIXY,2003.1394736,2089.2207536,-4.12026,-86.08128,82.2,164666002.17008414
02/21/2019,ProShares VIX Short-Term Futures ETF,VIXY,2089.2207296,2051.4266496,1.84233,37.79408,82.2,171742222.51026104
02/20/2019,ProShares VIX Short-Term Futures ETF,VIXY,2051.4266256,2141.5047056,-4.20630,-90.07808,78.45,160942547.55632394
02/19/2019,ProShares VIX Short-Term Futures ETF,VIXY,2141.5047368,2141.3011368,0.00951,0.2036,75.95,162655770.47247957
02/15/2019,ProShares VIX Short-Term Futures ETF,VIXY,2141.301172,2218.699892,-3.48847,-77.39872,73.45,157287055.98929405
02/14/2019,ProShares VIX Short-Term Futures ETF,VIXY,2218.6999216,2185.6003216,1.51444,33.0996,73.45,162972300.83995934
02/13/2019,ProShares VIX Short-Term Futures ETF,VIXY,2185.6003488,2192.0877888,-0.29595,-6.48744,73.45,160541006.06074212
02/12/2019,ProShares VIX Short-Term Futures ETF,VIXY,2192.087824,2227.410144,-1.58580,-35.32232,68.77,150742125.1458026
02/11/2019,ProShares VIX Short-Term Futures ETF,VIXY,2227.410168,2244.545848,-0.76344,-17.13568,68.77,153171117.7898907
02/08/2019,ProShares VIX Short-Term Futures ETF,VIXY,2244.5458112,2289.2854912,-1.95431,-44.73968,65.33,146633849.12941688
02/07/2019,ProShares VIX Short-Term Futures ETF,VIXY,2289.2854512,2209.4596912,3.61291,79.82576,64.39,147410438.28274038
02/06/2019,ProShares VIX Short-Term Futures ETF,VIXY,2209.459728,2229.229168,-0.88683,-19.76944,64.39,142270343.2207722
02/05/2019,ProShares VIX Short-Term Futures ETF,VIXY,2229.2291408,2238.1669808,-0.39934,-8.93784,65.95,147026495.15623042
02/04/2019,ProShares VIX Short-Term Futures ETF,VIXY,2238.1670024,2300.1130824,-2.69318,-61.94608,65.95,147615982.54502701
02/01/2019,ProShares VIX Short-Term Futures ETF,VIXY,2300.1130688,2324.8157888,-1.06257,-24.70272,65.95,151701571.08539512
01/31/2019,ProShares VIX Short-Term Futures ETF,VIXY,2324.8157896,2420.3261896,-3.94618,-95.5104,67.2,156236833.14368629
01/30/2019,ProShares VIX Short-Term Futures ETF,VIXY,2420.3262208,2518.4207808,-3.89508,-98.09456,66.58,161142808.69240992
01/29/2019,ProShares VIX Short-Term Futures ETF,VIXY,2518.4207872,2547.8148672,-1.15370,-29.39408,66.58,167673843.15020928
01/28/2019,ProShares VIX Short-Term Futures ETF,VIXY,2547.8148536,2446.6553336,4.13460,101.15952,66.27,168834677.45302739
01/25/2019,ProShares VIX Short-Term Futures ETF,VIXY,2446.6553464,2558.2228664,-4.36113,-111.56752,66.27,162131194.76264011
01/24/2019,ProShares VIX Short-Term Futures ETF,VIXY,2558.2228816,2624.4494416,-2.52345,-66.22656,66.27,169524380.65018834
01/23/2019,ProShares VIX Short-Term Futures ETF,VIXY,2624.4494776,2675.9398776,-1.92420,-51.4904,66.27,173912982.89052499
01/22/2019,ProShares VIX Short-Term Futures ETF,VIXY,2675.9398968,2445.2746168,9.43310,230.66528,67.52,180669995.69455107
01/18/2019,ProShares VIX Short-Term Futures ETF,VIXY,2445.274584,2471.156024,-1.04734,-25.88144,68.77,168152882.9828391
01/17/2019,ProShares VIX Short-Term Futures ETF,VIXY,2471.1559912,2536.3280712,-2.56954,-65.17208,63.77,157576875.84450513
01/16/2019,ProShares VIX Short-Term Futures ETF,VIXY,2536.328084,2509.608564,1.06469,26.71952,64.08,162525272.18233285
01/15/2019,ProShares VIX Short-Term Futures ETF,VIXY,2509.6085544,2594.3483144,-3.26632,-84.73976,64.08,160813112.44707681
01/14/2019,ProShares VIX Short-Term Futures ETF,VIXY,2594.348316,2591.119276,0.12462,3.22904,64.08,166243148.45290215
01/11/2019,ProShares VIX Short-Term Futures ETF,VIXY,2591.1192432,2671.1679632,-2.99677,-80.04872,60.33,156319535.65604118
01/10/2019,ProShares VIX Short-Term Futures ETF,VIXY,2671.167936,2704.493456,-1.23223,-33.32552,60.33,161148790.2421464
01/09/2019,ProShares VIX Short-Term Futures ETF,VIXY,2704.4934704,2756.7670704,-1.89619,-52.2736,60.33,163159285.15725646
01/08/2019,ProShares VIX Short-Term Futures ETF,VIXY,2756.7670984,2818.9534184,-2.20601,-62.18632,60.33,166312898.90060741
01/07/2019,ProShares VIX Short-Term Futures ETF,VIXY,2818.9534096,2869.0780496,-1.74706,-50.12464,60.33,170064534.53700554
01/04/2019,ProShares VIX Short-Term Futures ETF,VIXY,2869.078052,3128.734212,-8.29908,-259.65616,60.33,173088502.20868105
01/03/2019,ProShares VIX Short-Term Futures ETF,VIXY,3128.7342472,2985.8169672,4.78654,142.91728,56.58,177020537.64479453
01/02/2019,ProShares VIX Short-Term Futures ETF,VIXY,2985.8169672,3086.2741672,-3.25497,-100.4572,48.45,144674663.36057253
12/31/2018,ProShares VIX Short-Term Futures ETF,VIXY,3086.2741792,3214.2880192,-3.98265,-128.01384,48.45,149542213.34367508
12/28/2018,ProShares VIX Short-Term Futures ETF,VIXY,3214.288008,3185.915848,0.89055,28.37216,48.45,155744990.6038317
12/27/2018,ProShares VIX Short-Term Futures ETF,VIXY,3185.9158496,3141.8488096,1.40258,44.06704,48.45,154370247.10467404
12/26/2018,ProShares VIX Short-Term Futures ETF,VIXY,3141.8488248,3285.2320248,-4.36448,-143.3832,48.45,152235025.13752827
12/24/2018,ProShares VIX Short-Term Futures ETF,VIXY,3285.232064,3104.376864,5.82581,180.8552,48.45,159182511.2328536
12/21/2018,ProShares VIX Short-Term Futures ETF,VIXY,3104.3768776,2912.2779976,6.59617,192.09888,48.45,150419360.81309749
12/20/2018,ProShares VIX Short-Term Futures ETF,VIXY,2912.2779664,2862.6927664,1.73212,49.5852,48.45,141111407.37352186
12/19/2018,ProShares VIX Short-Term Futures ETF,VIXY,2862.6927856,2817.6897456,1.59716,45.00304,48.45,138708808.88248294
12/18/2018,ProShares VIX Short-Term Futures ETF,VIXY,2817.6897304,2773.3414104,1.59909,44.34832,46.58,131245064.28893671
12/17/2018,ProShares VIX Short-Term Futures ETF,VIXY,2773.3414496,2658.9472096,4.30224,114.39424,48.45,134379382.59861404
12/14/2018,ProShares VIX Short-Term Futures ETF,VIXY,2658.9472336,2569.6014736,3.47703,89.34576,48.14,128005608.53583314
12/13/2018,ProShares VIX Short-Term Futures ETF,VIXY,2569.6014808,2598.7522008,-1.12172,-29.15072,48.14,123704373.32787767
12/12/2018,ProShares VIX Short-Term Futures ETF,VIXY,2598.752208,2609.937408,-0.42856,-11.1852,48.14,125107731.9682242
12/11/2018,ProShares VIX Short-Term Futures ETF,VIXY,2609.9373768,2616.1265768,-0.23658,-6.1892,48.14,125646202.35256557
12/10/2018,ProShares VIX Short-Term Futures ETF,VIXY,2616.1265448,2632.3045448,-0.61459,-16.178,48.14,125944157.95174377
12/07/2018,ProShares VIX Short-Term Futures ETF,VIXY,2632.3045456,2465.9421456,6.74640,166.3624,48.14,126722990.57058194
12/06/2018,ProShares VIX Short-Term Futures ETF,VIXY,2465.9421128,2421.1282728,1.85095,44.81384,48.14,118714059.75053197
12/04/2018,ProShares VIX Short-Term Futures ETF,VIXY,2421.1282576,2129.1968976,13.71087,291.93136,53.45,129418899.08944074
12/03/2018,ProShares VIX Short-Term Futures ETF,VIXY,2129.1969352,2237.1315752,-4.82469,-107.93464,53.45,113814013.12929573
11/30/2018,ProShares VIX Short-Term Futures ETF,VIXY,2237.1316,2322.92696,-3.69342,-85.79536,49.7,111194305.153965
11/29/2018,ProShares VIX Short-Term Futures ETF,VIXY,2322.9269552,2300.7085552,0.96572,22.2184,49.7,115458674.27149998
11/28/2018,ProShares VIX Short-Term Futures ETF,VIXY,2300.7085424,2369.7650224,-2.91406,-69.05648,44.7,102850788.40287926
11/27/2018,ProShares VIX Short-Term Futures ETF,VIXY,2369.7650304,2390.5451104,-0.86926,-20.78008,44.7,105937887.05281296
11/26/2018,ProShares VIX Short-Term Futures ETF,VIXY,2390.5450936,2580.2431736,-7.35195,-189.69808,44.7,106866838.21885339
11/23/2018,ProShares VIX Short-Term Futures ETF,VIXY,2580.2431528,2537.3032328,1.69234,42.93992,44.7,115347093.14365297
11/21/2018,ProShares VIX Short-Term Futures ETF,VIXY,2537.303244,2575.021564,-1.46478,-37.71832,44.7,113427509.07090435
11/20/2018,ProShares VIX Short-Term Futures ETF,VIXY,2575.0215392,2437.0340192,5.66211,137.98752,44.7,115113666.32508908
11/19/2018,ProShares VIX Short-Term Futures ETF,VIXY,2437.0340136,2298.9548936,6.00617,138.07912,46.27,112752942.80144889
11/16/2018,ProShares VIX Short-Term Futures ETF,VIXY,2298.9548648,2403.8127048,-4.36215,-104.85784,46.27,106364509.04146177
11/15/2018,ProShares VIX Short-Term Futures ETF,VIXY,2403.8127104,2451.5469504,-1.94711,-47.73424,48.14,115723059.45474496
11/14/2018,ProShares VIX Short-Term Futures ETF,VIXY,2451.5469216,2382.5638816,2.89533,68.98304,48.14,118021054.19319684
11/13/2018,ProShares VIX Short-Term Futures ETF,VIXY,2382.563896,2368.030216,0.61375,14.53368,58.14,138525749.4131379
11/12/2018,ProShares VIX Short-Term Futures ETF,VIXY,2368.0302408,2199.9752808,7.63895,168.05496,58.14,137680741.44433917
11/09/2018,ProShares VIX Short-Term Futures ETF,VIXY,2199.975268,2137.442788,2.92557,62.53248,58.14,127909779.54534945
11/08/2018,ProShares VIX Short-Term Futures ETF,VIXY,2137.4427832,2126.6242232,0.50872,10.81856,58.14,124274049.42531843
11/07/2018,ProShares VIX Short-Term Futures ETF,VIXY,2126.6242104,2298.4983704,-7.47767,-171.87416,58.14,123645041.78056371
11/06/2018,ProShares VIX Short-Term Futures ETF,VIXY,2298.4983472,2384.3585072,-3.60098,-85.86016,58.14,133638055.46004078
11/05/2018,ProShares VIX Short-Term Futures ETF,VIXY,2384.3585144,2409.0514744,-1.02501,-24.69296,58.14,138630091.15154331
11/02/2018,ProShares VIX Short-Term Futures ETF,VIXY,2409.0515072,2386.6596672,0.93821,22.39184,58.14,140065777.86643728
11/01/2018,ProShares VIX Short-Term Futures ETF,VIXY,2386.6596536,2497.4171736,-4.43488,-110.75752,58.14,138763882.75004739
10/31/2018,ProShares VIX Short-Term Futures ETF,VIXY,2497.4171664,2568.2394864,-2.75762,-70.82232,58.14,145203486.52710186
10/30/2018,ProShares VIX Short-Term Futures ETF,VIXY,2568.2394856,2631.5304456,-2.40510,-63.29096,58.14,149321199.74303169
10/29/2018,ProShares VIX Short-Term Futures ETF,VIXY,2631.5304224,2573.6237024,2.25001,57.90672,58.14,153001027.37157876
10/26/2018,ProShares VIX Short-Term Futures ETF,VIXY,2573.6236784,2551.5353584,0.86569,22.08832,58.14,149634244.58680566
10/25/2018,ProShares VIX Short-Term Futures ETF,VIXY,2551.5353976,2517.3584376,1.35765,34.17696,58.14,148349999.63698299
10/24/2018,ProShares VIX Short-Term Futures ETF,VIXY,2517.3584,2310.2224,8.96606,207.136,58.14,146362899.01266
10/23/2018,ProShares VIX Short-Term Futures ETF,VIXY,2310.2228496,2285.5748496,1.07842,24.648,58.14,134319735.17666154
10/22/2018,ProShares VIX Short-Term Futures ETF,VIXY,2285.5782128,2263.1302128,0.99190,22.448,58.14,132886859.95032822
10/19/2018,ProShares VIX Short-Term Futures ETF,VIXY,2263.12796,2262.11996,0.04456,1.008,58.14,131581569.4190415
10/18/2018,ProShares VIX Short-Term Futures ETF,VIXY,2262.1194224,2104.0634224,7.51194,158.056,56.89,128695282.28999126
10/17/2018,ProShares VIX Short-Term Futures ETF,VIXY,2104.0631136,2122.4391136,-0.86580,-18.376,56.89,119703227.72500764
10/16/2018,ProShares VIX Short-Term Futures ETF,VIXY,2122.4401864,2283.1121864,-7.03741,-160.672,56.89,120748726.27306861
10/15/2018,ProShares VIX Short-Term Futures ETF,VIXY,2283.112284,2236.568284,2.08105,46.544,56.89,129889596.88847535
10/12/2018,ProShares VIX Short-Term Futures ETF,VIXY,2236.5696608,2300.6656608,-2.78598,-64.096,60.95,136327783.23304092
10/11/2018,ProShares VIX Short-Term Futures ETF,VIXY,2300.6645024,2275.3445024,1.11280,25.32,63.77,146705236.71737076
10/10/2018,ProShares VIX Short-Term Futures ETF,VIXY,2275.3423032,1916.0783032,18.74996,359.264,70.33,160022463.51641643
10/09/2018,ProShares VIX Short-Term Futures ETF,VIXY,1916.0821464,1888.4341464,1.46407,27.648,79.08,151521788.20208511
10/08/2018,ProShares VIX Short-Term Futures ETF,VIXY,1888.4353824,1849.5473824,2.10257,38.888,79.08,149335510.78848276
10/05/2018,ProShares VIX Short-Term Futures ETF,VIXY,1849.545692,1814.505692,1.93110,35.04,88.45,163599645.28220455
10/04/2018,ProShares VIX Short-Term Futures ETF,VIXY,1814.5077504,1721.7317504,5.38853,92.776,88.45,160500400.50984096
10/03/2018,ProShares VIX Short-Term Futures ETF,VIXY,1721.7337352,1745.8937352,-1.38382,-24.16,88.45,152294171.24836573
10/02/2018,ProShares VIX Short-Term Futures ETF,VIXY,1745.8933984,1739.8293984,0.34854,6.064,88.45,154431189.19107116
10/01/2018,ProShares VIX Short-Term Futures ETF,VIXY,1739.8298208,1748.1978208,-0.47866,-8.368,88.45,153894841.72542492
09/28/2018,ProShares VIX Short-Term Futures ETF,VIXY,1748.2,1762.36,-0.80347,-14.16,88.45,154635217.2425
09/27/2018,ProShares VIX Short-Term Futures ETF,VIXY,1762.36,1797.296,-1.94381,-34.936,88.45,155887725.3515
09/26/2018,ProShares VIX Short-Term Futures ETF,VIXY,1797.296,1755.784,2.36430,41.512,88.45,158977952.9854
09/25/2018,ProShares VIX Short-Term Futures ETF,VIXY,1755.784,1749.592,0.35391,6.192,88.45,155306052.0941
09/24/2018,ProShares VIX Short-Term Futures ETF,VIXY,1749.592,1762.872,-0.75332,-13.28,88.45,154758345.1583
09/21/2018,ProShares VIX Short-Term Futures ETF,VIXY,1762.872,1749.88,0.74245,12.992,88.45,155933013.7803
09/20/2018,ProShares VIX Short-Term Futures ETF,VIXY,1749.88,1780.696,-1.73056,-30.816,88.45,154783819.8995
09/19/2018,ProShares VIX Short-Term Futures ETF,VIXY,1780.696,1830.608,-2.72653,-49.912,82.2,146380267.2079
09/18/2018,ProShares VIX Short-Term Futures ETF,VIXY,1830.608,1871.96,-2.20902,-41.352,82.2,150483231.3842
09/17/2018,ProShares VIX Short-Term Futures ETF,VIXY,1871.96,1794.84,4.29676,77.12,82.2,153882529.6415
09/14/2018,ProShares VIX Short-Term Futures ETF,VIXY,1794.84,1831.576,-2.00570,-36.736,82.2,147542960.0535
09/13/2018,ProShares VIX Short-Term Futures ETF,VIXY,1831.576,1889.296,-3.05511,-57.72,82.2,150562804.8199
09/12/2018,ProShares VIX Short-Term Futures ETF,VIXY,1889.296,1905.456,-0.84809,-16.16,82.2,155307617.5354
09/11/2018,ProShares VIX Short-Term Futures ETF,VIXY,1905.456,1975.856,-3.56301,-70.4,82.2,156636033.5694
09/10/2018,ProShares VIX Short-Term Futures ETF,VIXY,1975.856,2049.04,-3.57162,-73.184,77.2,152543912.5294
09/07/2018,ProShares VIX Short-Term Futures ETF,VIXY,2049.04,2023.032,1.28560,26.008,77.2,158194007.321
09/06/2018,ProShares VIX Short-Term Futures ETF,VIXY,2023.032,1952.112,3.63299,70.92,77.2,156186086.6643
09/05/2018,ProShares VIX Short-Term Futures ETF,VIXY,1952.112,1909.448,2.23436,42.664,77.2,150710781.6438
09/04/2018,ProShares VIX Short-Term Futures ETF,VIXY,1909.448,1891.592,0.94397,17.856,77.2,147416951.7877
08/31/2018,ProShares VIX Short-Term Futures ETF,VIXY,1891.592,1957.064,-3.34542,-65.472,77.2,146038397.8333
08/30/2018,ProShares VIX Short-Term Futures ETF,VIXY,1957.064,1884.304,3.86137,72.76,77.2,151093095.6661
08/29/2018,ProShares VIX Short-Term Futures ETF,VIXY,1884.304,1900.64,-0.85950,-16.336,77.2,145475735.3546
08/28/2018,ProShares VIX Short-Term Futures ETF,VIXY,1900.64,1904.48,-0.20163,-3.84,69.7,132482139.286
08/27/2018,ProShares VIX Short-Term Futures ETF,VIXY,1904.48,1903.408,0.05632,1.072,69.7,132749802.502
08/24/2018,ProShares VIX Short-Term Futures ETF,VIXY,1903.408,1915.424,-0.62733,-12.016,69.7,132675079.8542
08/23/2018,ProShares VIX Short-Term Futures ETF,VIXY,1915.424,1908.328,0.37184,7.096,69.7,133512642.6676
08/22/2018,ProShares VIX Short-Term Futures ETF,VIXY,1908.328,1968.92,-3.07742,-60.592,69.08,131825318.3497
08/21/2018,ProShares VIX Short-Term Futures ETF,VIXY,1968.92,1909.952,3.08741,58.968,69.08,136010950.8455
08/20/2018,ProShares VIX Short-Term Futures ETF,VIXY,1909.952,1931.896,-1.13588,-21.944,69.08,131937502.5848
08/17/2018,ProShares VIX Short-Term Futures ETF,VIXY,1931.896,1996.344,-3.22830,-64.448,65.95,127416196.3379
08/16/2018,ProShares VIX Short-Term Futures ETF,VIXY,1996.344,2073.16,-3.70526,-76.816,65.95,131666797.3131
08/15/2018,ProShares VIX Short-Term Futures ETF,VIXY,2073.16,1986.944,4.33913,86.216,65.95,136733116.8965
08/14/2018,ProShares VIX Short-Term Futures ETF,VIXY,1986.944,2102.984,-5.51787,-116.04,65.95,131046830.0656
08/13/2018,ProShares VIX Short-Term Futures ETF,VIXY,2102.984,1991.392,5.60372,111.592,65.95,138700127.8741
08/10/2018,ProShares VIX Short-Term Futures ETF,VIXY,1991.392,1882.024,5.81119,109.368,65.95,131340193.2908
08/09/2018,ProShares VIX Short-Term Futures ETF,VIXY,1882.024,1863.76,0.97995,18.264,65.95,124126940.3201
08/08/2018,ProShares VIX Short-Term Futures ETF,VIXY,1863.76,1876.072,-0.65626,-12.312,65.95,122922357.149
08/07/2018,ProShares VIX Short-Term Futures ETF,VIXY,1876.072,1921.64,-2.37131,-45.568,65.95,123734382.3353
08/06/2018,ProShares VIX Short-Term Futures ETF,VIXY,1921.64,1986.176,-3.24926,-64.536,68.45,131543872.4985
08/03/2018,ProShares VIX Short-Term Futures ETF,VIXY,1986.176,2027.224,-2.02484,-41.048,68.45,135961617.4224
08/02/2018,ProShares VIX Short-Term Futures ETF,VIXY,2027.224,2064.144,-1.78863,-36.92,64.08,129902410.6751
08/01/2018,ProShares VIX Short-Term Futures ETF,VIXY,2064.144,2041.528,1.10780,22.616,62.83,129688025.9706
07/31/2018,ProShares VIX Short-Term Futures ETF,VIXY,2041.528,2144.688,-4.81002,-103.16,64.08,130818996.1547
07/30/2018,ProShares VIX Short-Term Futures ETF,VIXY,2144.688,2071.216,3.54729,73.472,64.08,137429381.9262
07/27/2018,ProShares VIX Short-Term Futures ETF,VIXY,2071.216,2012.616,2.91163,58.6,57.83,119776272.3934
07/26/2018,ProShares VIX Short-Term Futures ETF,VIXY,2012.616,2008.176,0.22110,4.44,57.83,116387495.1909
07/25/2018,ProShares VIX Short-Term Futures ETF,VIXY,2008.176,2039.664,-1.54378,-31.488,57.83,116130734.5974
07/24/2018,ProShares VIX Short-Term Futures ETF,VIXY,2039.664,2040.848,-0.05802,-1.184,57.83,117951652.9686
07/23/2018,ProShares VIX Short-Term Futures ETF,VIXY,2040.848,2068.8,-1.35112,-27.952,57.83,118020122.4602
07/20/2018,ProShares VIX Short-Term Futures ETF,VIXY,2068.8,2053.832,0.72878,14.968,57.52,118990057.62
07/19/2018,ProShares VIX Short-Term Futures ETF,VIXY,2053.832,2018.312,1.75989,35.52,57.52,118129151.2093
07/18/2018,ProShares VIX Short-Term Futures ETF,VIXY,2018.312,2025.552,-0.35743,-7.24,57.52,116086166.4613
07/17/2018,ProShares VIX Short-Term Futures ETF,VIXY,2025.552,2073.56,-2.31525,-48.008,53.77,108906765.6498
07/16/2018,ProShares VIX Short-Term Futures ETF,VIXY,2073.56,2066.992,0.31776,6.568,53.77,111487985.9815
07/13/2018,ProShares VIX Short-Term Futures ETF,VIXY,2066.992,2106.176,-1.86043,-39.184,53.77,111134847.8558
07/12/2018,ProShares VIX Short-Term Futures ETF,VIXY,2106.176,2179.376,-3.35876,-73.2,51.27,107976192.9224
07/11/2018,ProShares VIX Short-Term Futures ETF,VIXY,2179.376,2100.84,3.73831,78.536,51.27,111728897.9774
07/10/2018,ProShares VIX Short-Term Futures ETF,VIXY,2100.84,2137.672,-1.72300,-36.832,51.27,107702635.0785
07/09/2018,ProShares VIX Short-Term Futures ETF,VIXY,2137.672,2266.288,-5.67518,-128.616,46.89,100238566.4253
07/06/2018,ProShares VIX Short-Term Futures ETF,VIXY,2266.288,2370.848,-4.41024,-104.56,46.89,106269558.7662
07/05/2018,ProShares VIX Short-Term Futures ETF,VIXY,2370.848,2486.224,-4.64061,-115.376,46.89,111172530.0852
07/03/2018,ProShares VIX Short-Term Futures ETF,VIXY,2486.224,2430.072,2.31071,56.152,46.89,116582679.4626
07/02/2018,ProShares VIX Short-Term Futures ETF,VIXY,2430.072,2433.248,-0.13053,-3.176,46.89,113949630.0603
06/29/2018,ProShares VIX Short-Term Futures ETF,VIXY,2433.248,2491.928,-2.35480,-58.68,46.89,114098557.3452
06/28/2018,ProShares VIX Short-Term Futures ETF,VIXY,2491.928,2547.456,-2.17974,-55.528,46.89,116850148.3647
06/27/2018,ProShares VIX Short-Term Futures ETF,VIXY,2547.456,2401.208,6.09060,146.248,46.89,119453937.4944
06/26/2018,ProShares VIX Short-Term Futures ETF,VIXY,2401.208,2459.496,-2.36992,-58.288,46.89,112596154.8867
06/25/2018,ProShares VIX Short-Term Futures ETF,VIXY,2459.496,2189.824,12.31478,269.672,46.89,115329364.4529
06/22/2018,ProShares VIX Short-Term Futures ETF,VIXY,2189.824,2253.848,-2.84065,-64.024,52.83,115686129.9776
06/21/2018,ProShares VIX Short-Term Futures ETF,VIXY,2253.848,2112.552,6.68840,141.296,52.83,119068451.4727
06/20/2018,ProShares VIX Short-Term Futures ETF,VIXY,2112.552,2158.096,-2.11038,-45.544,51.58,108963240.3873
06/19/2018,ProShares VIX Short-Term Futures ETF,VIXY,2158.096,2072.288,4.14074,85.808,51.58,111312352.6554
06/18/2018,ProShares VIX Short-Term Futures ETF,VIXY,2072.288,2078.032,-0.27642,-5.744,51.58,106886465.0412
06/15/2018,ProShares VIX Short-Term Futures ETF,VIXY,2078.032,2073.264,0.22998,4.768,51.58,107182734.6018
06/14/2018,ProShares VIX Short-Term Futures ETF,VIXY,2073.264,2151.28,-3.62649,-78.016,51.58,106936806.1086
06/13/2018,ProShares VIX Short-Term Futures ETF,VIXY,2151.28,2106.4,2.13065,44.88,51.58,110960790.447
06/12/2018,ProShares VIX Short-Term Futures ETF,VIXY,2106.4,2116.056,-0.45632,-9.656,51.58,108645926.61
06/11/2018,ProShares VIX Short-Term Futures ETF,VIXY,2116.056,2163.864,-2.20938,-47.808,51.58,109143973.0719
06/08/2018,ProShares VIX Short-Term Futures ETF,VIXY,2163.864,2150.92,0.60179,12.944,51.58,111609860.1111
06/07/2018,ProShares VIX Short-Term Futures ETF,VIXY,2150.92,2135.104,0.74076,15.816,51.58,110942222.0205
06/06/2018,ProShares VIX Short-Term Futures ETF,VIXY,2135.104,2211.984,-3.47561,-76.88,45.95,98116489.1496
06/05/2018,ProShares VIX Short-Term Futures ETF,VIXY,2211.984,2246.28,-1.52679,-34.296,45.95,101649429.7866
06/04/2018,ProShares VIX Short-Term Futures ETF,VIXY,2246.28,2324.864,-3.38015,-78.584,45.95,103225466.8845
06/01/2018,ProShares VIX Short-Term Futures ETF,VIXY,2324.864,2460.656,-5.51853,-135.792,45.95,106836713.0736
05/31/2018,ProShares VIX Short-Term Futures ETF,VIXY,2460.656,2424.504,1.49111,36.152,45.95,113076893.5494
05/30/2018,ProShares VIX Short-Term Futures ETF,VIXY,2424.504,2525.064,-3.98247,-100.56,45.95,111415565.8971
05/29/2018,ProShares VIX Short-Term Futures ETF,VIXY,2525.064,2267.224,11.37250,257.84,45.95,116036696.3661
05/25/2018,ProShares VIX Short-Term Futures ETF,VIXY,2267.224,2223.208,1.97984,44.016,45.95,104187926.6751
05/24/2018,ProShares VIX Short-Term Futures ETF,VIXY,2223.208,2234.128,-0.48878,-10.92,45.95,102165217.0617
05/23/2018,ProShares VIX Short-Term Futures ETF,VIXY,2234.128,2286.488,-2.28997,-52.36,45.33,101270704.3322
05/22/2018,ProShares VIX Short-Term Futures ETF,VIXY,2286.488,2261.28,1.11477,25.208,45.33,103644128.8087
05/21/2018,ProShares VIX Short-Term Futures ETF,VIXY,2261.28,2335.216,-3.16613,-73.936,45.33,102501476.322
05/18/2018,ProShares VIX Short-Term Futures ETF,VIXY,2335.216,2309.888,1.09650,25.328,45.33,105852918.4934
05/17/2018,ProShares VIX Short-Term Futures ETF,VIXY,2309.888,2357.816,-2.03273,-47.928,45.33,104704826.5312
05/16/2018,ProShares VIX Short-Term Futures ETF,VIXY,2357.816,2462.256,-4.24164,-104.44,45.33,106877353.0459
05/15/2018,ProShares VIX Short-Term Futures ETF,VIXY,2462.256,2320.256,6.12001,142,39.7,97761319.8894
05/14/2018,ProShares VIX Short-Term Futures ETF,VIXY,2320.256,2357.816,-1.59300,-37.56,39.7,92123357.2144
05/11/2018,ProShares VIX Short-Term Futures ETF,VIXY,2357.816,2421.64,-2.63557,-63.824,39.7,93614638.0459
05/10/2018,ProShares VIX Short-Term Futures ETF,VIXY,2421.64,2514.312,-3.68578,-92.672,39.7,96148703.7485
05/09/2018,ProShares VIX Short-Term Futures ETF,VIXY,2514.312,2626.36,-4.26628,-112.048,39.7,99828149.3613
05/08/2018,ProShares VIX Short-Term Futures ETF,VIXY,2626.36,2635.352,-0.34121,-8.992,38.45,100993948.9515
05/07/2018,ProShares VIX Short-Term Futures ETF,VIXY,2635.352,2649,-0.51521,-13.648,38.45,101339726.9823
05/04/2018,ProShares VIX Short-Term Futures ETF,VIXY,2649,2706.408,-2.12119,-57.408,35.95,95242046.6625
05/03/2018,ProShares VIX Short-Term Futures ETF,VIXY,2706.408,2736.256,-1.09083,-29.848,33.45,90540071.7417
05/02/2018,ProShares VIX Short-Term Futures ETF,VIXY,2736.256,2683.008,1.98464,53.248,33.45,91538605.6144
05/01/2018,ProShares VIX Short-Term Futures ETF,VIXY,2683.008,2747.752,-2.35625,-64.744,33.45,89757249.0192
04/30/2018,ProShares VIX Short-Term Futures ETF,VIXY,2747.752,2721.56,0.96239,26.192,33.45,91923192.3673
04/27/2018,ProShares VIX Short-Term Futures ETF,VIXY,2721.56,2781.136,-2.14215,-59.576,33.45,91046966.1815
04/26/2018,ProShares VIX Short-Term Futures ETF,VIXY,2781.136,2911.128,-4.46535,-129.992,33.45,93040019.4514
04/25/2018,ProShares VIX Short-Term Futures ETF,VIXY,2911.128,2896.76,0.49600,14.368,33.45,97388766.9447
04/24/2018,ProShares VIX Short-Term Futures ETF,VIXY,2896.76,2770.392,4.56138,126.368,37.52,108676187.9115
04/23/2018,ProShares VIX Short-Term Futures ETF,VIXY,2770.392,2799.736,-1.04810,-29.344,37.52,103935307.5783
04/20/2018,ProShares VIX Short-Term Futures ETF,VIXY,2799.736,2729.072,2.58931,70.664,37.52,105036190.6539
04/19/2018,ProShares VIX Short-Term Futures ETF,VIXY,2729.072,2704.432,0.91110,24.64,34.39,93856777.3478
04/18/2018,ProShares VIX Short-Term Futures ETF,VIXY,2704.432,2696.264,0.30294,8.168,34.39,93009371.7118
04/17/2018,ProShares VIX Short-Term Futures ETF,VIXY,2696.264,2850.104,-5.39770,-153.84,34.39,92728462.2461
04/16/2018,ProShares VIX Short-Term Futures ETF,VIXY,2850.104,2995.088,-4.84073,-144.984,34.39,98019244.8371
04/13/2018,ProShares VIX Short-Term Futures ETF,VIXY,2995.088,3102.296,-3.45576,-107.208,34.39,103005456.6362
04/12/2018,ProShares VIX Short-Term Futures ETF,VIXY,3102.296,3243.744,-4.36064,-141.448,34.39,106692496.5479
04/11/2018,ProShares VIX Short-Term Futures ETF,VIXY,3243.744,3242.016,0.05330,1.728,34.39,111557100.1356
04/10/2018,ProShares VIX Short-Term Futures ETF,VIXY,3242.016,3320.968,-2.37738,-78.952,34.39,111497671.6884
04/09/2018,ProShares VIX Short-Term Futures ETF,VIXY,3320.968,3277.896,1.31401,43.072,34.39,114212946.4357
04/06/2018,ProShares VIX Short-Term Futures ETF,VIXY,3277.896,3090.256,6.07199,187.64,34.39,112731637.3629
04/05/2018,ProShares VIX Short-Term Futures ETF,VIXY,3090.256,3207.176,-3.64557,-116.92,34.39,106278423.3394
04/04/2018,ProShares VIX Short-Term Futures ETF,VIXY,3207.176,3284.616,-2.35766,-77.44,34.39,110299473.1349
04/03/2018,ProShares VIX Short-Term Futures ETF,VIXY,3284.616,3398.4,-3.34816,-113.784,34.39,112962747.9909
04/02/2018,ProShares VIX Short-Term Futures ETF,VIXY,3398.4,3181.168,6.82869,217.232,34.39,116875946.16
03/29/2018,ProShares VIX Short-Term Futures ETF,VIXY,3181.168,3353.376,-5.13536,-172.208,35.33,112387364.9782
03/28/2018,ProShares VIX Short-Term Futures ETF,VIXY,3353.376,3266.968,2.64490,86.408,35.33,118471294.9524
03/27/2018,ProShares VIX Short-Term Futures ETF,VIXY,3266.968,3096.192,5.51568,170.776,36.27,118481372.4607
03/26/2018,ProShares VIX Short-Term Futures ETF,VIXY,3096.192,3263.424,-5.12443,-167.232,35.02,108417691.0608
03/23/2018,ProShares VIX Short-Term Futures ETF,VIXY,3263.424,3097.368,5.36120,166.056,35.02,114273564.1176
03/22/2018,ProShares VIX Short-Term Futures ETF,VIXY,3097.368,2776.848,11.54258,320.52,35.02,108458870.4207
03/21/2018,ProShares VIX Short-Term Futures ETF,VIXY,2776.848,2784.888,-0.28870,-8.04,33.45,92896568.8602
03/20/2018,ProShares VIX Short-Term Futures ETF,VIXY,2784.888,2798.944,-0.50219,-14.056,33.45,93165538.7187
03/19/2018,ProShares VIX Short-Term Futures ETF,VIXY,2798.944,2627.336,6.53164,171.608,33.14,92761097.6156
03/16/2018,ProShares VIX Short-Term Futures ETF,VIXY,2627.336,2672.248,-1.68068,-44.912,33.14,87073757.5189
03/15/2018,ProShares VIX Short-Term Futures ETF,VIXY,2672.248,2761.456,-3.23047,-89.208,33.14,88562206.8827
03/14/2018,ProShares VIX Short-Term Futures ETF,VIXY,2761.456,2697.448,2.37291,64.008,33.14,91518690.4694
03/13/2018,ProShares VIX Short-Term Futures ETF,VIXY,2697.448,2631.6,2.50220,65.848,33.14,89397371.7377
03/12/2018,ProShares VIX Short-Term Futures ETF,VIXY,2631.6,2573.16,2.27114,58.44,33.14,87215072.715
03/09/2018,ProShares VIX Short-Term Futures ETF,VIXY,2573.16,2762.736,-6.86189,-189.576,33.14,85278285.6465
03/08/2018,ProShares VIX Short-Term Futures ETF,VIXY,2762.736,2851.792,-3.12281,-89.056,33.14,91561111.5414
03/07/2018,ProShares VIX Short-Term Futures ETF,VIXY,2851.792,2900.504,-1.67943,-48.712,33.14,94512557.6258
03/06/2018,ProShares VIX Short-Term Futures ETF,VIXY,2900.504,2883.896,0.57589,16.608,33.14,96126944.5471
03/05/2018,ProShares VIX Short-Term Futures ETF,VIXY,2883.896,2979.8,-3.21847,-95.904,33.14,95576531.1379
03/02/2018,ProShares VIX Short-Term Futures ETF,VIXY,2979.8,3091.2,-3.60378,-111.4,33.14,98754929.9575
03/01/2018,ProShares VIX Short-Term Futures ETF,VIXY,3091.2,2908.296,6.28904,182.904,31.58,97616888.88
02/28/2018,ProShares VIX Short-Term Futures ETF,VIXY,2908.296,2762.512,5.27723,145.784,36.58,106382450.3229
02/27/2018,ProShares VIX Short-Term Futures ETF,VIXY,2762.512,2566.816,7.62408,195.696,36.58,101049822.8538
02/26/2018,ProShares VIX Short-Term Futures ETF,VIXY,2566.816,2668.344,-3.80491,-101.528,36.58,93891466.2084
02/23/2018,ProShares VIX Short-Term Futures ETF,VIXY,2668.344,2852.304,-6.44952,-183.96,36.58,97605255.1131
02/22/2018,ProShares VIX Short-Term Futures ETF,VIXY,2852.304,2930.464,-2.66715,-78.16,36.58,104334321.0546
02/21/2018,ProShares VIX Short-Term Futures ETF,VIXY,2930.464,2897.488,1.13809,32.976,36.58,107193332.7636
02/20/2018,ProShares VIX Short-Term Futures ETF,VIXY,2897.488,2805.64,3.27369,91.848,36.58,105987104.8962
02/16/2018,ProShares VIX Short-Term Futures ETF,VIXY,2805.64,2768.736,1.33288,36.904,37.52,105257687.8485
02/15/2018,ProShares VIX Short-Term Futures ETF,VIXY,2768.736,2824.616,-1.97832,-55.88,37.52,103873180.3164
02/14/2018,ProShares VIX Short-Term Futures ETF,VIXY,2824.616,3133.168,-9.84792,-308.552,37.52,105969600.2409
02/13/2018,ProShares VIX Short-Term Futures ETF,VIXY,3133.168,3138.048,-0.15551,-4.88,37.52,117545379.7782
02/12/2018,ProShares VIX Short-Term Futures ETF,VIXY,3138.048,3242.424,-3.21907,-104.376,40.64,127534860.1152
02/09/2018,ProShares VIX Short-Term Futures ETF,VIXY,3242.424,3421.4,-5.23107,-178.976,40.64,131776853.4051
02/08/2018,ProShares VIX Short-Term Futures ETF,VIXY,3421.4,3069.216,11.47472,352.184,51.58,176472262.2975
02/07/2018,ProShares VIX Short-Term Futures ETF,VIXY,3069.216,3211.952,-4.44390,-142.736,51.58,158306976.9684
02/06/2018,ProShares VIX Short-Term Futures ETF,VIXY,3211.952,4336.288,-25.92854,-1124.336,51.58,165669151.7598
02/05/2018,ProShares VIX Short-Term Futures ETF,VIXY,4336.288,2212.256,96.01203,2124.032,61.27,265669026.1412
02/02/2018,ProShares VIX Short-Term Futures ETF,VIXY,2212.256,1940.92,13.97976,271.336,63.14,139685079.2644
02/01/2018,ProShares VIX Short-Term Futures ETF,VIXY,1940.92,1973.936,-1.67260,-33.016,76.27,148027102.3955
01/31/2018,ProShares VIX Short-Term Futures ETF,VIXY,1973.936,2039.168,-3.19895,-65.232,76.27,150545115.9214
01/30/2018,ProShares VIX Short-Term Futures ETF,VIXY,2039.168,1986.856,2.63290,52.312,71.27,145324289.8032
01/29/2018,ProShares VIX Short-Term Futures ETF,VIXY,1986.856,1838.384,8.07622,148.472,76.27,151530478.6169
01/26/2018,ProShares VIX Short-Term Futures ETF,VIXY,1838.384,1845.32,-0.37587,-6.936,76.27,140207044.3966
01/25/2018,ProShares VIX Short-Term Futures ETF,VIXY,1845.32,1820.408,1.36848,24.912,76.27,140736028.5805
01/24/2018,ProShares VIX Short-Term Futures ETF,VIXY,1820.408,1785.528,1.95348,34.88,76.27,138836078.4667
01/23/2018,ProShares VIX Short-Term Futures ETF,VIXY,1785.528,1760.48,1.42279,25.048,76.27,136175904.2547
01/22/2018,ProShares VIX Short-Term Futures ETF,VIXY,1760.48,1774.168,-0.77152,-13.688,76.27,134265581.902
01/19/2018,ProShares VIX Short-Term Futures ETF,VIXY,1774.168,1797.904,-1.32020,-23.736,72.83,129210814.7407
01/18/2018,ProShares VIX Short-Term Futures ETF,VIXY,1797.904,1803.616,-0.31670,-5.712,72.83,130939482.9946
01/17/2018,ProShares VIX Short-Term Futures ETF,VIXY,1803.616,1796.136,0.41645,7.48,75.33,135864522.0284
01/16/2018,ProShares VIX Short-Term Futures ETF,VIXY,1796.136,1729.632,3.84498,66.504,78.14,140352693.8889
01/12/2018,ProShares VIX Short-Term Futures ETF,VIXY,1729.632,1714.6,0.87671,15.032,78.14,135155974.0668
01/11/2018,ProShares VIX Short-Term Futures ETF,VIXY,1714.6,1717.248,-0.15420,-2.648,78.14,133981351.6025
01/10/2018,ProShares VIX Short-Term Futures ETF,VIXY,1717.248,1744.016,-1.53485,-26.768,78.14,134188270.1952
01/09/2018,ProShares VIX Short-Term Futures ETF,VIXY,1744.016,1724.296,1.14366,19.72,78.14,136279960.8634
01/08/2018,ProShares VIX Short-Term Futures ETF,VIXY,1724.296,1729.24,-0.28591,-4.944,78.14,134739011.2229
01/05/2018,ProShares VIX Short-Term Futures ETF,VIXY,1729.24,1744.648,-0.88316,-15.408,78.14,135125342.6135
01/04/2018,ProShares VIX Short-Term Futures ETF,VIXY,1744.648,1751.944,-0.41645,-7.296,74.39,129786916.2677
01/03/2018,ProShares VIX Short-Term Futures ETF,VIXY,1751.944,1779.528,-1.55007,-27.584,73.77,129234711.3781
01/02/2018,ProShares VIX Short-Term Futures ETF,VIXY,1779.528,1867.504,-4.71089,-87.976,73.77,131269485.4797
12/29/2017,ProShares VIX Short-Term Futures ETF,VIXY,1867.504,1830.8,2.00481,36.704,73.77,137759163.7846
12/28/2017,ProShares VIX Short-Term Futures ETF,VIXY,1830.8,1844.416,-0.73823,-13.616,73.77,135051639.545
12/27/2017,ProShares VIX Short-Term Futures ETF,VIXY,1844.416,1844.4,0.00087,0.016,75.64,139514323.6984
12/26/2017,ProShares VIX Short-Term Futures ETF,VIXY,1844.4,1857.544,-0.70760,-13.144,75.64,139513113.435
12/22/2017,ProShares VIX Short-Term Futures ETF,VIXY,1857.544,1827.208,1.66024,30.336,75.64,140507344.8181
12/21/2017,ProShares VIX Short-Term Futures ETF,VIXY,1827.208,1858.608,-1.68944,-31.4,75.64,138212685.4117
12/20/2017,ProShares VIX Short-Term Futures ETF,VIXY,1858.608,1842.296,0.88542,16.312,75.64,140587827.3342
12/19/2017,ProShares VIX Short-Term Futures ETF,VIXY,1842.296,1841.064,0.06692,1.232,75.64,139353963.7979
12/18/2017,ProShares VIX Short-Term Futures ETF,VIXY,1841.064,1864.288,-1.24573,-23.224,75.64,139260773.5161
12/15/2017,ProShares VIX Short-Term Futures ETF,VIXY,1864.288,1931.416,-3.47558,-67.128,75.64,141017470.8412
12/14/2017,ProShares VIX Short-Term Futures ETF,VIXY,1931.416,1949.4,-0.92254,-17.984,75.64,146095130.9359
12/13/2017,ProShares VIX Short-Term Futures ETF,VIXY,1949.4,1944.176,0.26870,5.224,75.64,147455466.9975
12/12/2017,ProShares VIX Short-Term Futures ETF,VIXY,1944.176,1942.056,0.10916,2.12,75.64,147060315.9974
12/11/2017,ProShares VIX Short-Term Futures ETF,VIXY,1942.056,2011.04,-3.43026,-68.984,75.64,146899956.0969
12/08/2017,ProShares VIX Short-Term Futures ETF,VIXY,2011.04,2067.656,-2.73817,-56.616,71.89,144576606.746
12/07/2017,ProShares VIX Short-Term Futures ETF,VIXY,2067.656,2145.568,-3.63130,-77.912,69.39,143477673.7869
12/06/2017,ProShares VIX Short-Term Futures ETF,VIXY,2145.568,2166.272,-0.95574,-20.704,69.39,148884101.4132
12/05/2017,ProShares VIX Short-Term Futures ETF,VIXY,2166.272,2174.872,-0.39543,-8.6,70.64,153028622.2528
12/04/2017,ProShares VIX Short-Term Futures ETF,VIXY,2174.872,2174.872,0.00000,0,70.64,153636138.8303
12/01/2017,ProShares VIX Short-Term Futures ETF,VIXY,2174.872,2136.256,1.80765,38.616,68.77,149558253.8303
11/30/2017,ProShares VIX Short-Term Futures ETF,VIXY,2136.256,2108.536,1.31466,27.72,74.39,158919208.1144
11/29/2017,ProShares VIX Short-Term Futures ETF,VIXY,2108.536,2073.456,1.69186,35.08,74.39,156857076.7739
11/28/2017,ProShares VIX Short-Term Futures ETF,VIXY,2073.456,2088.2,-0.70606,-14.744,74.39,154247424.2694
11/27/2017,ProShares VIX Short-Term Futures ETF,VIXY,2088.2,2098.152,-0.47432,-9.952,76.89,160564751.9925
11/24/2017,ProShares VIX Short-Term Futures ETF,VIXY,2098.152,2107.04,-0.42182,-8.888,76.89,161329975.8273
11/22/2017,ProShares VIX Short-Term Futures ETF,VIXY,2107.04,2132.072,-1.17407,-25.032,76.89,162013387.146
11/21/2017,ProShares VIX Short-Term Futures ETF,VIXY,2132.072,2213.176,-3.66460,-81.104,74.39,158607954.2353
11/20/2017,ProShares VIX Short-Term Futures ETF,VIXY,2213.176,2310.272,-4.20280,-97.096,74.39,164641399.4099
11/17/2017,ProShares VIX Short-Term Futures ETF,VIXY,2310.272,2320.112,-0.42412,-9.84,74.39,171864512.8528
11/16/2017,ProShares VIX Short-Term Futures ETF,VIXY,2320.112,2410.184,-3.73714,-90.072,71.89,166796244.8438
11/15/2017,ProShares VIX Short-Term Futures ETF,VIXY,2410.184,2318.72,3.94459,91.464,71.89,173271652.6541
11/14/2017,ProShares VIX Short-Term Futures ETF,VIXY,2318.72,2332.336,-0.58379,-13.616,71.89,166696171.928
11/13/2017,ProShares VIX Short-Term Futures ETF,VIXY,2332.336,2298.616,1.46697,33.72,73.77,172048176.0814
11/10/2017,ProShares VIX Short-Term Futures ETF,VIXY,2298.616,2246.056,2.34010,52.56,73.77,169560770.9659
11/09/2017,ProShares VIX Short-Term Futures ETF,VIXY,2246.056,2229.488,0.74313,16.568,73.77,165683605.6969
11/08/2017,ProShares VIX Short-Term Futures ETF,VIXY,2229.488,2229.432,0.00251,0.056,76.89,171428592.9462
11/07/2017,ProShares VIX Short-Term Futures ETF,VIXY,2229.432,2207.8,0.97980,21.632,76.89,171424287.0243
11/06/2017,ProShares VIX Short-Term Futures ETF,VIXY,2207.8,2242.712,-1.55669,-34.912,76.89,169760970.9075
11/03/2017,ProShares VIX Short-Term Futures ETF,VIXY,2242.712,2248.416,-0.25369,-5.704,76.89,172445405.6463
11/02/2017,ProShares VIX Short-Term Futures ETF,VIXY,2248.416,2269.92,-0.94735,-21.504,76.89,172883994.5484
11/01/2017,ProShares VIX Short-Term Futures ETF,VIXY,2269.92,2250.728,0.85270,19.192,76.89,174537468.558
10/31/2017,ProShares VIX Short-Term Futures ETF,VIXY,2250.728,2295.656,-1.95709,-44.928,76.89,173061767.6097
10/30/2017,ProShares VIX Short-Term Futures ETF,VIXY,2295.656,2270.688,1.09958,24.968,76.89,176516347.2369
10/27/2017,ProShares VIX Short-Term Futures ETF,VIXY,2270.688,2383.152,-4.71913,-112.464,76.89,174596521.2012
10/26/2017,ProShares VIX Short-Term Futures ETF,VIXY,2383.152,2370.488,0.53424,12.664,76.89,183244042.6398
10/25/2017,ProShares VIX Short-Term Futures ETF,VIXY,2370.488,2353.432,0.72473,17.056,76.89,182270289.1587
10/24/2017,ProShares VIX Short-Term Futures ETF,VIXY,2353.432,2329.976,1.00671,23.456,75.64,178017038.3743
10/23/2017,ProShares VIX Short-Term Futures ETF,VIXY,2329.976,2243.352,3.86136,86.624,75.64,176242792.2299
10/20/2017,ProShares VIX Short-Term Futures ETF,VIXY,2243.352,2271.864,-1.25500,-28.512,75.64,169690426.1823
10/19/2017,ProShares VIX Short-Term Futures ETF,VIXY,2271.864,2291.88,-0.87334,-20.016,75.64,171847115.5611
10/18/2017,ProShares VIX Short-Term Futures ETF,VIXY,2291.88,2321.648,-1.28219,-29.768,74.08,169780092.5745
10/17/2017,ProShares VIX Short-Term Futures ETF,VIXY,2321.648,2311.416,0.44267,10.232,74.08,171985275.1302
10/16/2017,ProShares VIX Short-Term Futures ETF,VIXY,2311.416,2347.448,-1.53494,-36.032,74.08,171227299.1859
10/13/2017,ProShares VIX Short-Term Futures ETF,VIXY,2347.448,2390.824,-1.81427,-43.376,74.08,173896512.3627
10/12/2017,ProShares VIX Short-Term Futures ETF,VIXY,2390.824,2415.16,-1.00764,-24.336,74.08,177109761.4401
10/11/2017,ProShares VIX Short-Term Futures ETF,VIXY,2415.16,2445.712,-1.24921,-30.552,73.45,177403072.0715
10/10/2017,ProShares VIX Short-Term Futures ETF,VIXY,2445.712,2501.128,-2.21564,-55.416,73.45,179647237.5338
10/09/2017,ProShares VIX Short-Term Futures ETF,VIXY,2501.128,2465.928,1.42745,35.2,73.45,183717762.3197
10/06/2017,ProShares VIX Short-Term Futures ETF,VIXY,2465.928,2459.672,0.25434,6.256,73.45,181132182.8397
10/05/2017,ProShares VIX Short-Term Futures ETF,VIXY,2459.672,2541.424,-3.21678,-81.752,73.45,180672654.8503
10/04/2017,ProShares VIX Short-Term Futures ETF,VIXY,2541.424,2546.64,-0.20482,-5.216,73.45,186677663.1926
10/03/2017,ProShares VIX Short-Term Futures ETF,VIXY,2546.64,2537.136,0.37460,9.504,73.45,187060799.061
10/02/2017,ProShares VIX Short-Term Futures ETF,VIXY,2537.136,2605.184,-2.61202,-68.048,73.45,186362692.6014
09/29/2017,ProShares VIX Short-Term Futures ETF,VIXY,2605.184,2647.496,-1.59819,-42.312,73.45,191361087.8416
09/28/2017,ProShares VIX Short-Term Futures ETF,VIXY,2647.496,2694.824,-1.75626,-47.328,73.45,194469071.9029
09/27/2017,ProShares VIX Short-Term Futures ETF,VIXY,2694.824,2711.208,-0.60431,-16.384,72.2,194576971.0401
09/26/2017,ProShares VIX Short-Term Futures ETF,VIXY,2711.208,2732.928,-0.79475,-21.72,72.2,195759960.7617
09/25/2017,ProShares VIX Short-Term Futures ETF,VIXY,2732.928,2743.864,-0.39856,-10.936,72.2,197328230.8272
09/22/2017,ProShares VIX Short-Term Futures ETF,VIXY,2743.864,2720.88,0.84473,22.984,68.45,187828363.3611
09/21/2017,ProShares VIX Short-Term Futures ETF,VIXY,2720.88,2709.296,0.42756,11.584,68.45,186255017.487
09/20/2017,ProShares VIX Short-Term Futures ETF,VIXY,2709.296,2742.616,-1.21490,-33.32,68.45,185462046.7854
09/19/2017,ProShares VIX Short-Term Futures ETF,VIXY,2742.616,2741.24,0.05020,1.376,68.45,187742932.8159
09/18/2017,ProShares VIX Short-Term Futures ETF,VIXY,2741.24,2851.92,-3.88089,-110.68,68.45,187648740.1635
09/15/2017,ProShares VIX Short-Term Futures ETF,VIXY,2851.92,2881.424,-1.02394,-29.504,68.45,195225224.733
09/14/2017,ProShares VIX Short-Term Futures ETF,VIXY,2881.424,2864.488,0.59124,16.936,68.45,197244890.4426
09/13/2017,ProShares VIX Short-Term Futures ETF,VIXY,2864.488,2961.792,-3.28531,-97.304,68.45,196085554.1337
09/12/2017,ProShares VIX Short-Term Futures ETF,VIXY,2961.792,3024.44,-2.07139,-62.648,62.2,184235198.5008
09/11/2017,ProShares VIX Short-Term Futures ETF,VIXY,3024.44,3210.04,-5.78186,-185.6,62.2,188132152.3435
09/08/2017,ProShares VIX Short-Term Futures ETF,VIXY,3210.04,3137.12,2.32442,72.92,62.2,199677207.7835
09/07/2017,ProShares VIX Short-Term Futures ETF,VIXY,3137.12,3181.864,-1.40622,-44.744,62.2,195141294.838
09/06/2017,ProShares VIX Short-Term Futures ETF,VIXY,3181.864,3161.6,0.64094,20.264,62.2,197924548.9361
09/05/2017,ProShares VIX Short-Term Futures ETF,VIXY,3161.6,3071.832,2.92230,89.768,60.02,189748047.84
09/01/2017,ProShares VIX Short-Term Futures ETF,VIXY,3071.832,3066.128,0.18603,5.704,61.27,188200280.0343
08/31/2017,ProShares VIX Short-Term Futures ETF,VIXY,3066.128,3173.336,-3.37840,-107.208,61.27,187850816.1322
08/30/2017,ProShares VIX Short-Term Futures ETF,VIXY,3173.336,3168.464,0.15377,4.872,61.27,194419071.0439
08/29/2017,ProShares VIX Short-Term Futures ETF,VIXY,3168.464,3137.64,0.98239,30.824,61.27,194120580.8386
08/28/2017,ProShares VIX Short-Term Futures ETF,VIXY,3137.64,3153.568,-0.50508,-15.928,61.27,192232103.3985
08/25/2017,ProShares VIX Short-Term Futures ETF,VIXY,3153.568,3219.152,-2.03731,-65.584,61.27,193207955.6132
08/24/2017,ProShares VIX Short-Term Futures ETF,VIXY,3219.152,3260.48,-1.26754,-41.328,61.27,197226055.2898
08/23/2017,ProShares VIX Short-Term Futures ETF,VIXY,3260.48,3111.336,4.79357,149.144,61.27,199758075.652
08/22/2017,ProShares VIX Short-Term Futures ETF,VIXY,3111.336,3377.432,-7.87865,-266.096,61.27,190620550.3689
08/21/2017,ProShares VIX Short-Term Futures ETF,VIXY,3377.432,3569.736,-5.38707,-192.304,57.52,194257940.9743
08/18/2017,ProShares VIX Short-Term Futures ETF,VIXY,3569.736,3556.88,0.36144,12.856,57.52,205318586.7789
08/17/2017,ProShares VIX Short-Term Futures ETF,VIXY,3556.88,3122.632,13.90647,434.248,59.08,210136780.137
08/16/2017,ProShares VIX Short-Term Futures ETF,VIXY,3122.632,3146.512,-0.75894,-23.88,57.83,180578568.8293
08/15/2017,ProShares VIX Short-Term Futures ETF,VIXY,3146.512,3148.008,-0.04752,-1.496,50.33,158360684.4538
08/14/2017,ProShares VIX Short-Term Futures ETF,VIXY,3148.008,3673.744,-14.31063,-525.736,49.08,154500966.5817
08/11/2017,ProShares VIX Short-Term Futures ETF,VIXY,3673.744,3657.28,0.45017,16.464,47.2,173415274.0106
08/10/2017,ProShares VIX Short-Term Futures ETF,VIXY,3657.28,3072.568,19.03008,584.712,50.33,184067107.972
08/09/2017,ProShares VIX Short-Term Futures ETF,VIXY,3072.568,3033.416,1.29069,39.152,54.08,166161289.6507
08/08/2017,ProShares VIX Short-Term Futures ETF,VIXY,3033.416,2945.2,2.99525,88.216,54.08,164043990.1109
08/07/2017,ProShares VIX Short-Term Futures ETF,VIXY,2945.2,2989.76,-1.49042,-44.56,54.08,159273360.355
08/04/2017,ProShares VIX Short-Term Futures ETF,VIXY,2989.76,2987.304,0.08221,2.456,54.08,161683118.924
08/03/2017,ProShares VIX Short-Term Futures ETF,VIXY,2987.304,2968.136,0.64579,19.168,53.77,160616768.4921
08/02/2017,ProShares VIX Short-Term Futures ETF,VIXY,2968.136,2936.968,1.06123,31.168,53.77,159586172.9389
08/01/2017,ProShares VIX Short-Term Futures ETF,VIXY,2936.968,2949.624,-0.42907,-12.656,53.77,157910379.8357
07/31/2017,ProShares VIX Short-Term Futures ETF,VIXY,2949.624,2979.808,-1.01295,-30.184,53.77,158590848.1851
07/28/2017,ProShares VIX Short-Term Futures ETF,VIXY,2979.808,2988.024,-0.27496,-8.216,53.77,160213735.0892
07/27/2017,ProShares VIX Short-Term Futures ETF,VIXY,2988.024,2961.48,0.89631,26.544,53.77,160655480.3451
07/26/2017,ProShares VIX Short-Term Futures ETF,VIXY,2961.48,2939.376,0.75200,22.104,53.77,159228303.3645
07/25/2017,ProShares VIX Short-Term Futures ETF,VIXY,2939.376,2967.568,-0.95000,-28.192,53.77,158039849.4774
07/24/2017,ProShares VIX Short-Term Futures ETF,VIXY,2967.568,2984.36,-0.56267,-16.792,53.77,159555633.5882
07/21/2017,ProShares VIX Short-Term Futures ETF,VIXY,2984.36,3008.944,-0.81703,-24.584,53.78,160497491.207375
07/20/2017,ProShares VIX Short-Term Futures ETF,VIXY,3008.944,3021.376,-0.41147,-12.432,53.78,161819607.28045
07/19/2017,ProShares VIX Short-Term Futures ETF,VIXY,3021.376,3086.944,-2.12404,-65.568,53.78,162488194.4518
07/18/2017,ProShares VIX Short-Term Futures ETF,VIXY,3086.944,3126.856,-1.27643,-39.912,50.65,156367710.9617
07/17/2017,ProShares VIX Short-Term Futures ETF,VIXY,3126.856,3159.36,-1.02882,-32.504,50.65,158389434.737675
07/14/2017,ProShares VIX Short-Term Futures ETF,VIXY,3159.36,3259.616,-3.07570,-100.256,51.28,162010480.104
07/13/2017,ProShares VIX Short-Term Futures ETF,VIXY,3259.616,3295.776,-1.09716,-36.16,49.72,162058440.7213
07/12/2017,ProShares VIX Short-Term Futures ETF,VIXY,3295.776,3388.448,-2.73494,-92.672,48.78,160766418.6843
07/11/2017,ProShares VIX Short-Term Futures ETF,VIXY,3388.448,3424.8,-1.06143,-36.352,48.78,165286915.6939
07/10/2017,ProShares VIX Short-Term Futures ETF,VIXY,3424.8,3502.464,-2.21741,-77.664,48.78,167060149.3275
07/07/2017,ProShares VIX Short-Term Futures ETF,VIXY,3502.464,3609.12,-2.95518,-106.656,47.45,166196853.0852
07/06/2017,ProShares VIX Short-Term Futures ETF,VIXY,3609.12,3446.88,4.70687,162.24,47.45,171257830.6035
07/05/2017,ProShares VIX Short-Term Futures ETF,VIXY,3446.88,3489.312,-1.21606,-42.432,47.45,163559313.9465
07/03/2017,ProShares VIX Short-Term Futures ETF,VIXY,3489.312,3415.104,2.17294,74.208,47.45,165572772.1491
06/30/2017,ProShares VIX Short-Term Futures ETF,VIXY,3415.104,3358.08,1.69811,57.024,47.45,162051497.9622
06/29/2017,ProShares VIX Short-Term Futures ETF,VIXY,3358.08,3279.264,2.40347,78.816,47.45,159345628.794
06/28/2017,ProShares VIX Short-Term Futures ETF,VIXY,3279.264,3364.992,-2.54764,-85.728,47.45,155605698.5127
06/27/2017,ProShares VIX Short-Term Futures ETF,VIXY,3364.992,3260.256,3.21251,104.736,46.36,155993152.9356
06/26/2017,ProShares VIX Short-Term Futures ETF,VIXY,3260.256,3329.728,-2.08642,-69.472,46.36,151137837.1233
06/23/2017,ProShares VIX Short-Term Futures ETF,VIXY,3329.728,3357.664,-0.83201,-27.936,46.36,154358396.4354
06/22/2017,ProShares VIX Short-Term Futures ETF,VIXY,3357.664,3412.064,-1.59434,-54.4,45.42,152505634.0077
06/21/2017,ProShares VIX Short-Term Futures ETF,VIXY,3412.064,3384.032,0.82836,28.032,44.33,151244545.6777
06/20/2017,ProShares VIX Short-Term Futures ETF,VIXY,3384.032,3394.848,-0.31860,-10.816,44.33,150001987.7701
06/19/2017,ProShares VIX Short-Term Futures ETF,VIXY,3394.848,3457.376,-1.80854,-62.528,47.22,160294654.7139
06/16/2017,ProShares VIX Short-Term Futures ETF,VIXY,3457.376,3489.632,-0.92434,-32.256,47.22,163247041.4393
06/15/2017,ProShares VIX Short-Term Futures ETF,VIXY,3489.632,3452,1.09015,37.632,47.22,164770074.1001
06/14/2017,ProShares VIX Short-Term Futures ETF,VIXY,3452,3448.96,0.08814,3.04,47.22,162993202.6625
06/13/2017,ProShares VIX Short-Term Futures ETF,VIXY,3448.96,3567.168,-3.31378,-118.208,47.22,162849662.878
06/12/2017,ProShares VIX Short-Term Futures ETF,VIXY,3567.168,3534.304,0.92986,32.864,47.22,168431094.0774
06/09/2017,ProShares VIX Short-Term Futures ETF,VIXY,3534.304,3515.2,0.54347,19.104,47.22,166879353.4597
06/08/2017,ProShares VIX Short-Term Futures ETF,VIXY,3515.2,3578.304,-1.76352,-63.104,45.65,160484819.235
06/07/2017,ProShares VIX Short-Term Futures ETF,VIXY,3578.304,3607.264,-0.80282,-28.96,45.03,161129362.9722
06/06/2017,ProShares VIX Short-Term Futures ETF,VIXY,3607.264,3549.312,1.63277,57.952,45.03,162433418.2877
06/05/2017,ProShares VIX Short-Term Futures ETF,VIXY,3549.312,3512.896,1.03664,36.416,43.47,154278066.7116
06/02/2017,ProShares VIX Short-Term Futures ETF,VIXY,3512.896,3499.552,0.38131,13.344,42.37,148852941.1878
06/01/2017,ProShares VIX Short-Term Futures ETF,VIXY,3499.552,3564.224,-1.81448,-64.672,42.37,148287512.0811
05/31/2017,ProShares VIX Short-Term Futures ETF,VIXY,3564.224,3569.92,-0.15956,-5.696,41.75,148800237.1282
05/30/2017,ProShares VIX Short-Term Futures ETF,VIXY,3569.92,3609.152,-1.08701,-39.232,41.75,149038035.356
05/26/2017,ProShares VIX Short-Term Futures ETF,VIXY,3609.152,3638.688,-0.81172,-29.536,41.75,150675904.0486
05/25/2017,ProShares VIX Short-Term Futures ETF,VIXY,3638.688,3623.968,0.40618,14.72,39.72,144517896.3759
05/24/2017,ProShares VIX Short-Term Futures ETF,VIXY,3623.968,3728.064,-2.79223,-104.096,39.72,143933261.6299
05/23/2017,ProShares VIX Short-Term Futures ETF,VIXY,3728.064,3695.872,0.87103,32.192,39.72,148067646.0402
05/22/2017,ProShares VIX Short-Term Futures ETF,VIXY,3695.872,3838.24,-3.70920,-142.368,37.37,138126875.2696
05/19/2017,ProShares VIX Short-Term Futures ETF,VIXY,3838.24,4292.16,-10.57556,-453.92,37.37,143447635.0195
05/18/2017,ProShares VIX Short-Term Futures ETF,VIXY,4292.16,4278.496,0.31936,13.664,37.37,160412116.263
05/17/2017,ProShares VIX Short-Term Futures ETF,VIXY,4278.496,3631.68,17.81038,646.816,38,162575507.7053
05/16/2017,ProShares VIX Short-Term Futures ETF,VIXY,3631.68,3656.928,-0.69042,-25.248,40.81,148211709.399
05/15/2017,ProShares VIX Short-Term Futures ETF,VIXY,3656.928,3737.632,-2.15923,-80.704,39.72,145242335.0829
05/12/2017,ProShares VIX Short-Term Futures ETF,VIXY,3737.632,3798.88,-1.61226,-61.248,37.3,139395581.1251
05/11/2017,ProShares VIX Short-Term Futures ETF,VIXY,3798.88,3768.32,0.81097,30.56,37.3,141679835.0465
05/10/2017,ProShares VIX Short-Term Futures ETF,VIXY,3768.32,3760.832,0.19910,7.488,37.3,140540094.976
05/09/2017,ProShares VIX Short-Term Futures ETF,VIXY,3760.832,3760.864,-0.00085,-0.032,36.98,139085568.8226
05/08/2017,ProShares VIX Short-Term Futures ETF,VIXY,3760.864,3839.616,-2.05104,-78.752,35.11,132035132.2677
05/05/2017,ProShares VIX Short-Term Futures ETF,VIXY,3839.616,3833.44,0.16111,6.176,35.11,134799930.6588
05/04/2017,ProShares VIX Short-Term Futures ETF,VIXY,3833.44,3934.592,-2.57084,-101.152,35.11,134583105.7545
05/03/2017,ProShares VIX Short-Term Futures ETF,VIXY,3934.592,3871.712,1.62409,62.88,35.11,138134315.7156
05/02/2017,ProShares VIX Short-Term Futures ETF,VIXY,3871.712,3843.392,0.73685,28.32,34.17,132297016.0941
05/01/2017,ProShares VIX Short-Term Futures ETF,VIXY,3843.392,3991.776,-3.71724,-148.384,34.17,131329317.1806
04/28/2017,ProShares VIX Short-Term Futures ETF,VIXY,3991.776,4012.48,-0.51599,-20.704,34.17,136399622.1093
04/27/2017,ProShares VIX Short-Term Futures ETF,VIXY,4012.48,4017.376,-0.12187,-4.896,32.76,131464531.089
04/26/2017,ProShares VIX Short-Term Futures ETF,VIXY,4017.376,4037.312,-0.49379,-19.936,32.76,131624943.1893
04/25/2017,ProShares VIX Short-Term Futures ETF,VIXY,4037.312,4101.568,-1.56662,-64.256,32.76,132278124.4866
04/24/2017,ProShares VIX Short-Term Futures ETF,VIXY,4101.568,4594.848,-10.73550,-493.28,32.3,132460792.2474
04/21/2017,ProShares VIX Short-Term Futures ETF,VIXY,4594.848,4598.112,-0.07099,-3.264,31.83,146237513.4639
04/20/2017,ProShares VIX Short-Term Futures ETF,VIXY,4598.112,4677.568,-1.69866,-79.456,31.83,146341394.8641
04/19/2017,ProShares VIX Short-Term Futures ETF,VIXY,4677.568,4597.44,1.74288,80.128,31.83,148870194.0474
04/18/2017,ProShares VIX Short-Term Futures ETF,VIXY,4597.44,4603.424,-0.12999,-5.984,31.83,146320007.517
04/17/2017,ProShares VIX Short-Term Futures ETF,VIXY,4603.424,4903.36,-6.11695,-299.936,31.9,146870099.2507
04/13/2017,ProShares VIX Short-Term Futures ETF,VIXY,4903.36,4820.256,1.72406,83.104,31.9,156439417.673
04/12/2017,ProShares VIX Short-Term Futures ETF,VIXY,4820.256,4699.872,2.56143,120.384,31.9,153788023.2483
04/11/2017,ProShares VIX Short-Term Futures ETF,VIXY,4699.872,4574.976,2.72998,124.896,32.37,152150292.7821
04/10/2017,ProShares VIX Short-Term Futures ETF,VIXY,4574.976,4379.328,4.46753,195.648,32.37,148106999.0568
04/07/2017,ProShares VIX Short-Term Futures ETF,VIXY,4379.328,4257.856,2.85289,121.472,32.37,141773230.7154
04/06/2017,ProShares VIX Short-Term Futures ETF,VIXY,4257.856,4361.376,-2.37356,-103.52,32.37,137840783.1158
04/05/2017,ProShares VIX Short-Term Futures ETF,VIXY,4361.376,4181.984,4.28964,179.392,32.37,141192065.5143
04/04/2017,ProShares VIX Short-Term Futures ETF,VIXY,4181.984,4253.728,-1.68661,-71.744,32.37,135384557.2837
04/03/2017,ProShares VIX Short-Term Futures ETF,VIXY,4253.728,4217.44,0.86043,36.288,32.14,136710178.6979
03/31/2017,ProShares VIX Short-Term Futures ETF,VIXY,4217.44,4104.736,2.74571,112.704,32.61,137520846.9545
03/30/2017,ProShares VIX Short-Term Futures ETF,VIXY,4104.736,4141.28,-0.88243,-36.544,32.61,133845833.3123
03/29/2017,ProShares VIX Short-Term Futures ETF,VIXY,4141.28,4143.712,-0.05869,-2.432,35.19,145714185.1165
03/28/2017,ProShares VIX Short-Term Futures ETF,VIXY,4143.712,4341.696,-4.56006,-197.984,35.19,145799756.9441
03/27/2017,ProShares VIX Short-Term Futures ETF,VIXY,4341.696,4452.064,-2.47903,-110.368,33.94,147338859.2778
03/24/2017,ProShares VIX Short-Term Futures ETF,VIXY,4452.064,4564.64,-2.46626,-112.576,33.94,151084283.9277
03/23/2017,ProShares VIX Short-Term Futures ETF,VIXY,4564.64,4455.552,2.44836,109.088,33.94,154904638.7895
03/22/2017,ProShares VIX Short-Term Futures ETF,VIXY,4455.552,4407.616,1.08757,47.936,33.55,149462201.9436
03/21/2017,ProShares VIX Short-Term Futures ETF,VIXY,4407.616,4215.776,4.55053,191.84,35.11,154741081.1838
03/20/2017,ProShares VIX Short-Term Futures ETF,VIXY,4215.776,4249.952,-0.80415,-34.176,35.11,148006027.8093
03/17/2017,ProShares VIX Short-Term Futures ETF,VIXY,4249.952,4256.256,-0.14811,-6.304,35.11,149205867.1761
03/16/2017,ProShares VIX Short-Term Futures ETF,VIXY,4256.256,4397.696,-3.21623,-141.44,35.11,149427185.8608
03/15/2017,ProShares VIX Short-Term Futures ETF,VIXY,4397.696,4512.48,-2.54370,-114.784,35.19,154736383.2028
03/14/2017,ProShares VIX Short-Term Futures ETF,VIXY,4512.48,4421.984,2.04650,90.496,35.19,158775148.2765
03/13/2017,ProShares VIX Short-Term Futures ETF,VIXY,4421.984,4537.216,-2.53971,-115.232,34.09,150754430.5337
03/10/2017,ProShares VIX Short-Term Futures ETF,VIXY,4537.216,4615.104,-1.68768,-77.888,34.09,154682923.8388
03/09/2017,ProShares VIX Short-Term Futures ETF,VIXY,4615.104,4602.848,0.26627,12.256,34.09,157338284.2122
03/08/2017,ProShares VIX Short-Term Futures ETF,VIXY,4602.848,4605.504,-0.05767,-2.656,34.09,156920452.2389
03/07/2017,ProShares VIX Short-Term Futures ETF,VIXY,4605.504,4604.064,0.03128,1.44,34.09,157011000.6822
03/06/2017,ProShares VIX Short-Term Futures ETF,VIXY,4604.064,4655.104,-1.09643,-51.04,32.06,147609903.1527
03/03/2017,ProShares VIX Short-Term Futures ETF,VIXY,4655.104,4809.088,-3.20194,-153.984,31.36,145973165.5872
03/02/2017,ProShares VIX Short-Term Futures ETF,VIXY,4809.088,4816.512,-0.15414,-7.424,31.36,150801743.4084
03/01/2017,ProShares VIX Short-Term Futures ETF,VIXY,4816.512,4903.04,-1.76478,-86.528,31.36,151034542.6716
02/28/2017,ProShares VIX Short-Term Futures ETF,VIXY,4903.04,4821.952,1.68164,81.088,31.36,153747858.222
02/27/2017,ProShares VIX Short-Term Futures ETF,VIXY,4821.952,4847.232,-0.52153,-25.28,31.36,151205128.3386
02/24/2017,ProShares VIX Short-Term Futures ETF,VIXY,4847.232,4897.6,-1.02842,-50.368,30.81,149347019.9676
02/23/2017,ProShares VIX Short-Term Futures ETF,VIXY,4897.6,4769.888,2.67746,127.712,30.81,150898897.555
02/22/2017,ProShares VIX Short-Term Futures ETF,VIXY,4769.888,4749.472,0.42986,20.416,30.81,146963990.6609
02/21/2017,ProShares VIX Short-Term Futures ETF,VIXY,4749.472,4726.336,0.48951,23.136,30.5,144850747.6871
02/17/2017,ProShares VIX Short-Term Futures ETF,VIXY,4726.336,4672.256,1.15747,54.08,30.5,144145139.3798
02/16/2017,ProShares VIX Short-Term Futures ETF,VIXY,4672.256,4636.096,0.77997,36.16,30.5,142495792.1608
02/15/2017,ProShares VIX Short-Term Futures ETF,VIXY,4636.096,4428.448,4.68896,207.648,30.5,141392974.1978
02/14/2017,ProShares VIX Short-Term Futures ETF,VIXY,4428.448,4698.848,-5.75460,-270.4,28,123988946.4439
02/13/2017,ProShares VIX Short-Term Futures ETF,VIXY,4698.848,4808.192,-2.27412,-109.344,28,131559682.5389
02/10/2017,ProShares VIX Short-Term Futures ETF,VIXY,4808.192,4918.272,-2.23818,-110.08,28,134621126.9456
02/09/2017,ProShares VIX Short-Term Futures ETF,VIXY,4918.272,5047.616,-2.56248,-129.344,28,137703178.0896
02/08/2017,ProShares VIX Short-Term Futures ETF,VIXY,5047.616,5047.584,0.00063,0.032,28,141324588.1838
02/07/2017,ProShares VIX Short-Term Futures ETF,VIXY,5047.584,5036.352,0.22302,11.232,28,141323692.2387
02/06/2017,ProShares VIX Short-Term Futures ETF,VIXY,5036.352,5024.576,0.23437,11.776,28,141009215.5086
02/03/2017,ProShares VIX Short-Term Futures ETF,VIXY,5024.576,5148.8,-2.41268,-124.224,28,140679507.7118
02/02/2017,ProShares VIX Short-Term Futures ETF,VIXY,5148.8,5064.416,1.66621,84.384,28,144157566.59
02/01/2017,ProShares VIX Short-Term Futures ETF,VIXY,5064.416,5178.272,-2.19873,-113.856,28,141794959.3613
01/31/2017,ProShares VIX Short-Term Futures ETF,VIXY,5178.272,5167.712,0.20435,10.56,28,144982732.0271
01/30/2017,ProShares VIX Short-Term Futures ETF,VIXY,5167.712,5056.384,2.20173,111.328,28,144687070.1441
01/27/2017,ProShares VIX Short-Term Futures ETF,VIXY,5056.384,5093.792,-0.73438,-37.408,28,141570077.1412
01/26/2017,ProShares VIX Short-Term Futures ETF,VIXY,5093.792,5113.12,-0.37801,-19.328,28,142617436.9631
01/25/2017,ProShares VIX Short-Term Futures ETF,VIXY,5113.12,5219.968,-2.04691,-106.848,28,143158587.8035
01/24/2017,ProShares VIX Short-Term Futures ETF,VIXY,5219.968,5439.936,-4.04358,-219.968,28,146150148.4924
01/23/2017,ProShares VIX Short-Term Futures ETF,VIXY,5439.936,5538.688,-1.78295,-98.752,28,152308875.1098
01/20/2017,ProShares VIX Short-Term Futures ETF,VIXY,5538.688,5695.488,-2.75306,-156.8,28,155073761.6884
01/19/2017,ProShares VIX Short-Term Futures ETF,VIXY,5695.488,5677.888,0.30997,17.6,28,159463892.6784
01/18/2017,ProShares VIX Short-Term Futures ETF,VIXY,5677.888,5677.696,0.00338,0.192,28,158971122.8734
01/17/2017,ProShares VIX Short-Term Futures ETF,VIXY,5677.696,5696.8,-0.33535,-19.104,24.25,137674387.2028
01/13/2017,ProShares VIX Short-Term Futures ETF,VIXY,5696.8,5746.944,-0.87253,-50.144,24.25,138137626.4275
01/12/2017,ProShares VIX Short-Term Futures ETF,VIXY,5746.944,5716.608,0.53066,30.336,24.87,142945372.3992
01/11/2017,ProShares VIX Short-Term Futures ETF,VIXY,5716.608,5829.472,-1.93609,-112.864,24.87,142190816.4444
01/10/2017,ProShares VIX Short-Term Futures ETF,VIXY,5829.472,5849.664,-0.34518,-20.192,25.65,149552389.8121
01/09/2017,ProShares VIX Short-Term Futures ETF,VIXY,5849.664,5882.944,-0.56570,-33.28,25.65,150070406.1702
01/06/2017,ProShares VIX Short-Term Futures ETF,VIXY,5882.944,5946.08,-1.06181,-63.136,25.65,150924189.0742
01/05/2017,ProShares VIX Short-Term Futures ETF,VIXY,5946.08,6009.376,-1.05329,-63.296,25.65,152543913.7565
01/04/2017,ProShares VIX Short-Term Futures ETF,VIXY,6009.376,6266.048,-4.09623,-256.672,25.65,154167743.1643
01/03/2017,ProShares VIX Short-Term Futures ETF,VIXY,6266.048,6788.448,-7.69543,-522.4,25.65,160752543.8114
12/30/2016,ProShares VIX Short-Term Futures ETF,VIXY,6788.448,6673.248,1.72630,115.2,25.65,174154472.5689
12/29/2016,ProShares VIX Short-Term Futures ETF,VIXY,6673.248,6592.128,1.23056,81.12,25.65,171199070.2089
12/28/2016,ProShares VIX Short-Term Futures ETF,VIXY,6592.128,6329.376,4.15131,262.752,25.65,169117974.3804
12/27/2016,ProShares VIX Short-Term Futures ETF,VIXY,6329.376,6457.152,-1.97883,-127.776,25.65,162377194.1643
12/23/2016,ProShares VIX Short-Term Futures ETF,VIXY,6457.152,6454.368,0.04313,2.784,25.65,165655227.9486
12/22/2016,ProShares VIX Short-Term Futures ETF,VIXY,6454.368,6340.384,1.79775,113.984,24.4,157515845.7249
12/21/2016,ProShares VIX Short-Term Futures ETF,VIXY,6340.384,6430.656,-1.40378,-90.272,24.4,154734119.2787
12/20/2016,ProShares VIX Short-Term Futures ETF,VIXY,6430.656,6550.048,-1.82277,-119.392,24.4,156937165.4058
12/19/2016,ProShares VIX Short-Term Futures ETF,VIXY,6550.048,6783.584,-3.44266,-233.536,25.19,164968096.5739
12/16/2016,ProShares VIX Short-Term Futures ETF,VIXY,6783.584,6841.28,-0.84335,-57.696,25.19,170849883.9137
12/15/2016,ProShares VIX Short-Term Futures ETF,VIXY,6841.28,6968.768,-1.82942,-127.488,25.19,172303002.929
12/14/2016,ProShares VIX Short-Term Futures ETF,VIXY,6968.768,7009.728,-0.58433,-40.96,25.19,175513888.2074
12/13/2016,ProShares VIX Short-Term Futures ETF,VIXY,7009.728,7062.464,-0.74671,-52.736,25.19,176545497.9354
12/12/2016,ProShares VIX Short-Term Futures ETF,VIXY,7062.464,6890.272,2.49906,172.192,25.42,179528960.4602
12/09/2016,ProShares VIX Short-Term Futures ETF,VIXY,6890.272,7048.256,-2.24146,-157.984,25.42,175151812.3771
12/08/2016,ProShares VIX Short-Term Futures ETF,VIXY,7048.256,7015.104,0.47258,33.152,25.42,179167790.8358
12/07/2016,ProShares VIX Short-Term Futures ETF,VIXY,7015.104,6946.72,0.98441,68.384,25.42,178325061.7122
12/06/2016,ProShares VIX Short-Term Futures ETF,VIXY,6946.72,7114.24,-2.35471,-167.52,25.42,176586729.5335
12/05/2016,ProShares VIX Short-Term Futures ETF,VIXY,7114.24,7759.712,-8.31825,-645.472,24.48,174175514.632
12/02/2016,ProShares VIX Short-Term Futures ETF,VIXY,7759.712,7723.968,0.46277,35.744,23.39,181491200.7441
12/01/2016,ProShares VIX Short-Term Futures ETF,VIXY,7723.968,7498.464,3.00734,225.504,23.39,180655187.5674
11/30/2016,ProShares VIX Short-Term Futures ETF,VIXY,7498.464,7411.84,1.16872,86.624,23.86,178895799.9477
11/29/2016,ProShares VIX Short-Term Futures ETF,VIXY,7411.84,7469.824,-0.77624,-57.984,23.86,176829154.062
11/28/2016,ProShares VIX Short-Term Futures ETF,VIXY,7469.824,7419.872,0.67322,49.952,23.86,178212516.5832
11/25/2016,ProShares VIX Short-Term Futures ETF,VIXY,7419.872,7482.496,-0.83694,-62.624,23.08,171224003.7821
11/23/2016,ProShares VIX Short-Term Futures ETF,VIXY,7482.496,7471.776,0.14347,10.72,23.08,172669140.8428
11/22/2016,ProShares VIX Short-Term Futures ETF,VIXY,7471.776,7492.768,-0.28016,-20.992,23.08,172421761.7343
11/21/2016,ProShares VIX Short-Term Futures ETF,VIXY,7492.768,7741.12,-3.20822,-248.352,23.08,172906181.7199
11/18/2016,ProShares VIX Short-Term Futures ETF,VIXY,7741.12,7764.576,-0.30209,-23.456,23.08,178637254.141
11/17/2016,ProShares VIX Short-Term Futures ETF,VIXY,7764.576,8044.96,-3.48521,-280.384,23.08,179178534.3993
11/16/2016,ProShares VIX Short-Term Futures ETF,VIXY,8044.96,7890.336,1.95966,154.624,22.84,183763252.8655
11/15/2016,ProShares VIX Short-Term Futures ETF,VIXY,7890.336,8269.952,-4.59030,-379.616,21.9,172834136.1423
11/14/2016,ProShares VIX Short-Term Futures ETF,VIXY,8269.952,8364.384,-1.12898,-94.432,22.53,186318167.8636
11/11/2016,ProShares VIX Short-Term Futures ETF,VIXY,8364.384,8463.008,-1.16535,-98.624,22.53,188445676.8537
11/10/2016,ProShares VIX Short-Term Futures ETF,VIXY,8463.008,8184.288,3.40555,278.72,23.15,195957009.6519
11/09/2016,ProShares VIX Short-Term Futures ETF,VIXY,8184.288,8665.408,-5.55219,-481.12,23.94,195897352.8309
11/08/2016,ProShares VIX Short-Term Futures ETF,VIXY,8665.408,8673.312,-0.09113,-7.904,23.94,207413337.4094
11/07/2016,ProShares VIX Short-Term Futures ETF,VIXY,8673.312,10107.328,-14.18788,-1434.016,23.94,207602525.8491
11/04/2016,ProShares VIX Short-Term Futures ETF,VIXY,10107.328,10218.848,-1.09132,-111.52,23.94,241926823.6154
11/03/2016,ProShares VIX Short-Term Futures ETF,VIXY,10218.848,9689.376,5.46446,529.472,24.72,252579617.2889
11/02/2016,ProShares VIX Short-Term Futures ETF,VIXY,9689.376,9412.256,2.94425,277.12,24.72,239492639.6643
11/01/2016,ProShares VIX Short-Term Futures ETF,VIXY,9412.256,9131.296,3.07689,280.96,25.03,235584385.0983
10/31/2016,ProShares VIX Short-Term Futures ETF,VIXY,9131.296,8872.032,2.92226,259.264,26.36,240679589.6203
10/28/2016,ProShares VIX Short-Term Futures ETF,VIXY,8872.032,8641.28,2.67035,230.752,26.36,233845997.4201
10/27/2016,ProShares VIX Short-Term Futures ETF,VIXY,8641.28,8410.944,2.73853,230.336,26.36,227763914.804
10/26/2016,ProShares VIX Short-Term Futures ETF,VIXY,8410.944,8218.4,2.34284,192.544,26.36,221692796.9742
10/25/2016,ProShares VIX Short-Term Futures ETF,VIXY,8218.4,8073.984,1.78866,144.416,26.36,216617787.8075
10/24/2016,ProShares VIX Short-Term Futures ETF,VIXY,8073.984,8405.152,-3.94006,-331.168,26.36,212811320.0712
10/21/2016,ProShares VIX Short-Term Futures ETF,VIXY,8405.152,8509.632,-1.22779,-104.48,26.05,218913523.4111
10/20/2016,ProShares VIX Short-Term Futures ETF,VIXY,8509.632,8667.072,-1.81653,-157.44,26.05,221634721.6626
10/19/2016,ProShares VIX Short-Term Futures ETF,VIXY,8667.072,8963.36,-3.30555,-296.288,26.05,225735271.5546
10/18/2016,ProShares VIX Short-Term Futures ETF,VIXY,8963.36,9243.168,-3.02719,-279.808,24.48,219446889.7355
10/17/2016,ProShares VIX Short-Term Futures ETF,VIXY,9243.168,9346.432,-1.10485,-103.264,24.48,226297333.6899
10/14/2016,ProShares VIX Short-Term Futures ETF,VIXY,9346.432,9471.456,-1.32001,-125.024,24.48,228825511.0276
10/13/2016,ProShares VIX Short-Term Futures ETF,VIXY,9471.456,9264.32,2.23585,207.136,24.48,231886431.0333
10/12/2016,ProShares VIX Short-Term Futures ETF,VIXY,9264.32,9093.888,1.87414,170.432,24.95,231157840.901
10/11/2016,ProShares VIX Short-Term Futures ETF,VIXY,9093.888,8656.256,5.05567,437.632,24.95,226905322.2984
10/10/2016,ProShares VIX Short-Term Futures ETF,VIXY,8656.256,8924.736,-3.00827,-268.48,24.95,215985787.1108
10/07/2016,ProShares VIX Short-Term Futures ETF,VIXY,8924.736,8780.832,1.63884,143.904,24.95,222684741.4998
10/06/2016,ProShares VIX Short-Term Futures ETF,VIXY,8780.832,8863.744,-0.93541,-82.912,24.95,219094133.8851
10/05/2016,ProShares VIX Short-Term Futures ETF,VIXY,8863.744,8905.152,-0.46499,-41.408,24.95,221162905.1392
10/04/2016,ProShares VIX Short-Term Futures ETF,VIXY,8905.152,8988.736,-0.92987,-83.584,24.95,222196093.0986
10/03/2016,ProShares VIX Short-Term Futures ETF,VIXY,8988.736,9129.344,-1.54018,-140.608,24.95,224281631.6998
09/30/2016,ProShares VIX Short-Term Futures ETF,VIXY,9129.344,9197.792,-0.74418,-68.448,24.95,227789999.4692
09/29/2016,ProShares VIX Short-Term Futures ETF,VIXY,9197.792,8869.184,3.70505,328.608,24.95,229497873.5381
09/28/2016,ProShares VIX Short-Term Futures ETF,VIXY,8869.184,9017.728,-1.64724,-148.544,24.95,221298640.8062
09/27/2016,ProShares VIX Short-Term Futures ETF,VIXY,9017.728,9417.344,-4.24340,-399.616,24.95,225005022.9604
09/26/2016,ProShares VIX Short-Term Futures ETF,VIXY,9417.344,9051.264,4.04452,366.08,24.56,231297355.3692
09/23/2016,ProShares VIX Short-Term Futures ETF,VIXY,9051.264,8910.304,1.58199,140.96,24.56,222306143.4252
09/22/2016,ProShares VIX Short-Term Futures ETF,VIXY,8910.304,9339.104,-4.59145,-428.8,24.56,218844055.2597
09/21/2016,ProShares VIX Short-Term Futures ETF,VIXY,9339.104,10121.888,-7.73358,-782.784,22.84,213324134.5997
09/20/2016,ProShares VIX Short-Term Futures ETF,VIXY,10121.888,9948.768,1.74011,173.12,22.84,231204513.6359
09/19/2016,ProShares VIX Short-Term Futures ETF,VIXY,9948.768,10180.96,-2.28065,-232.192,22.84,227250100.6449
09/16/2016,ProShares VIX Short-Term Futures ETF,VIXY,10180.96,10617.248,-4.10924,-436.288,22.84,232553838.2905
09/15/2016,ProShares VIX Short-Term Futures ETF,VIXY,10617.248,11064.32,-4.04066,-447.072,23.47,249155323.7839
09/14/2016,ProShares VIX Short-Term Futures ETF,VIXY,11064.32,10733.472,3.08239,330.848,23.47,259646777.776
09/13/2016,ProShares VIX Short-Term Futures ETF,VIXY,10733.472,9754.464,10.03651,979.008,23.94,256914071.3871
09/12/2016,ProShares VIX Short-Term Futures ETF,VIXY,9754.464,10351.52,-5.76781,-597.056,25.19,245673826.9977
09/09/2016,ProShares VIX Short-Term Futures ETF,VIXY,10351.52,8964.736,15.46932,1386.784,25.19,260711150.6735
09/08/2016,ProShares VIX Short-Term Futures ETF,VIXY,8964.736,8874.368,1.01830,90.368,25.19,225783907.8748
09/07/2016,ProShares VIX Short-Term Futures ETF,VIXY,8874.368,8947.264,-0.81473,-72.896,25.19,223507918.9124
09/06/2016,ProShares VIX Short-Term Futures ETF,VIXY,8947.264,9265.344,-3.43301,-318.08,25.19,225343861.8502
09/02/2016,ProShares VIX Short-Term Futures ETF,VIXY,9265.344,9555.072,-3.03219,-289.728,25.19,233354956.1442
09/01/2016,ProShares VIX Short-Term Futures ETF,VIXY,9555.072,9569.152,-0.14714,-14.08,24.56,234680063.0796
08/31/2016,ProShares VIX Short-Term Futures ETF,VIXY,9569.152,9563.648,0.05755,5.504,24.56,235025878.9236
08/30/2016,ProShares VIX Short-Term Futures ETF,VIXY,9563.648,9633.44,-0.72448,-69.792,24.56,234890696.3664
08/29/2016,ProShares VIX Short-Term Futures ETF,VIXY,9633.44,9863.136,-2.32883,-229.696,23.62,227573492.6295
08/26/2016,ProShares VIX Short-Term Futures ETF,VIXY,9863.136,9777.76,0.87317,85.376,22.61,222982419.0573
08/25/2016,ProShares VIX Short-Term Futures ETF,VIXY,9777.76,9879.968,-1.03450,-102.208,22.61,221052267.5305
08/24/2016,ProShares VIX Short-Term Futures ETF,VIXY,9879.968,9620.736,2.69451,259.232,22.3,220275461.1799
08/23/2016,ProShares VIX Short-Term Futures ETF,VIXY,9620.736,9636.896,-0.16769,-16.16,22.3,214495842.4248
08/22/2016,ProShares VIX Short-Term Futures ETF,VIXY,9636.896,9600.96,0.37430,35.936,22.3,214856132.2003
08/19/2016,ProShares VIX Short-Term Futures ETF,VIXY,9600.96,9535.936,0.68188,65.024,21.9,210304558.353
08/18/2016,ProShares VIX Short-Term Futures ETF,VIXY,9535.936,9693.984,-1.63037,-158.048,21.9,208880237.9098
08/17/2016,ProShares VIX Short-Term Futures ETF,VIXY,9693.984,10020.608,-3.25952,-326.624,21.28,206283465.7587
08/16/2016,ProShares VIX Short-Term Futures ETF,VIXY,10020.608,9687.232,3.44140,333.376,21.28,213233872.3944
08/15/2016,ProShares VIX Short-Term Futures ETF,VIXY,9687.232,9783.712,-0.98613,-96.48,21.28,206139786.3426
08/12/2016,ProShares VIX Short-Term Futures ETF,VIXY,9783.712,9870.56,-0.87987,-86.848,21.28,208192835.8191
08/11/2016,ProShares VIX Short-Term Futures ETF,VIXY,9870.56,9957.824,-0.87634,-87.264,21.28,210040920.8205
08/10/2016,ProShares VIX Short-Term Futures ETF,VIXY,9957.824,9718.4,2.46362,239.424,21.59,215009678.1082
08/09/2016,ProShares VIX Short-Term Futures ETF,VIXY,9718.4,9859.264,-1.42875,-140.864,21.59,209840026.87
08/08/2016,ProShares VIX Short-Term Futures ETF,VIXY,9859.264,10046.528,-1.86397,-187.264,21.28,209800547.2002
08/05/2016,ProShares VIX Short-Term Futures ETF,VIXY,10046.528,10431.232,-3.68800,-384.704,21.28,213785437.9254
08/04/2016,ProShares VIX Short-Term Futures ETF,VIXY,10431.232,10712.64,-2.62688,-281.408,21.28,221971759.9176
08/03/2016,ProShares VIX Short-Term Futures ETF,VIXY,10712.64,10978.976,-2.42587,-266.336,21.28,227959991.127
08/02/2016,ProShares VIX Short-Term Futures ETF,VIXY,10978.976,10612.64,3.45188,366.336,21.28,233627497.1943
08/01/2016,ProShares VIX Short-Term Futures ETF,VIXY,10612.64,10757.28,-1.34458,-144.64,21.28,225832037.6895
07/29/2016,ProShares VIX Short-Term Futures ETF,VIXY,10757.28,11145.632,-3.48434,-388.352,21.28,228927094.2963
07/28/2016,ProShares VIX Short-Term Futures ETF,VIXY,11145.632,11428.96,-2.47904,-283.328,21.28,237191664.42222
07/27/2016,ProShares VIX Short-Term Futures ETF,VIXY,11428.96,11689.088,-2.22539,-260.128,21.28,243221204.9541
07/26/2016,ProShares VIX Short-Term Futures ETF,VIXY,11689.088,11793.568,-0.88591,-104.48,21.28,248757023.22648
07/25/2016,ProShares VIX Short-Term Futures ETF,VIXY,11793.568,11820.48,-0.22767,-26.912,20.73,244530868.38478
07/22/2016,ProShares VIX Short-Term Futures ETF,VIXY,11820.48,12145.92,-2.67942,-325.44,20.73,245088861.318
07/21/2016,ProShares VIX Short-Term Futures ETF,VIXY,12145.92,11871.2,2.31417,274.72,20.66,250887725.2632
07/20/2016,ProShares VIX Short-Term Futures ETF,VIXY,11871.2,12025.28,-1.28130,-154.08,19.41,230374072.7145
07/19/2016,ProShares VIX Short-Term Futures ETF,VIXY,12025.28,12090.08,-0.53598,-64.8,18.91,227351529.5138
07/18/2016,ProShares VIX Short-Term Futures ETF,VIXY,12090.08,12566.56,-3.79165,-476.48,18.34,221775976.8593
07/15/2016,ProShares VIX Short-Term Futures ETF,VIXY,12566.56,12448.8,0.94595,117.76,17.09,214808150.5751
07/14/2016,ProShares VIX Short-Term Futures ETF,VIXY,12448.8,12533.76,-0.67785,-84.96,17.09,212795204.4855
07/13/2016,ProShares VIX Short-Term Futures ETF,VIXY,12533.76,12550.08,-0.13004,-16.32,17.09,214247479.4496
07/12/2016,ProShares VIX Short-Term Futures ETF,VIXY,12550.08,12918.72,-2.85353,-368.64,16,200799797.5218
07/11/2016,ProShares VIX Short-Term Futures ETF,VIXY,12918.72,12982.24,-0.48928,-63.52,15.34,198220083.9762
07/08/2016,ProShares VIX Short-Term Futures ETF,VIXY,12982.24,13773.6,-5.74548,-791.36,15.12,196354846.4729
07/07/2016,ProShares VIX Short-Term Futures ETF,VIXY,13773.6,13926.08,-1.09492,-152.48,14.59,201006847.9935
07/06/2016,ProShares VIX Short-Term Futures ETF,VIXY,13926.08,14383.2,-3.17815,-457.12,13.47,187565244.9818
07/05/2016,ProShares VIX Short-Term Futures ETF,VIXY,14383.2,14332.32,0.35500,50.88,13.47,193722025.9845
07/01/2016,ProShares VIX Short-Term Futures ETF,VIXY,14332.32,14444.8,-0.77869,-112.48,13.47,193036741.9947
06/30/2016,ProShares VIX Short-Term Futures ETF,VIXY,14444.8,14751.52,-2.07924,-306.72,13.22,190940493.708
06/29/2016,ProShares VIX Short-Term Futures ETF,VIXY,14751.52,15707.04,-6.08339,-955.52,13.22,194994912.4767
06/28/2016,ProShares VIX Short-Term Futures ETF,VIXY,15707.04,19258.72,-18.44193,-3551.68,13.22,207625579.6059
06/27/2016,ProShares VIX Short-Term Futures ETF,VIXY,19258.72,18465.44,4.29603,793.28,13.72,264203290.0637
06/24/2016,ProShares VIX Short-Term Futures ETF,VIXY,18465.44,13903.68,32.80973,4561.76,15.78,291405543.7699
06/23/2016,ProShares VIX Short-Term Futures ETF,VIXY,13903.68,16021.44,-13.21829,-2117.76,17.03,236795407.6278
06/22/2016,ProShares VIX Short-Term Futures ETF,VIXY,16021.44,15472.8,3.54584,548.64,17.22,275867277.4674
06/21/2016,ProShares VIX Short-Term Futures ETF,VIXY,15472.8,15328.32,0.94257,144.48,17.22,266420447.2755
06/20/2016,ProShares VIX Short-Term Futures ETF,VIXY,15328.32,16613.6,-7.73631,-1285.28,17.45,267525274.3422
06/17/2016,ProShares VIX Short-Term Futures ETF,VIXY,16613.6,16571.52,0.25393,42.08,17.69,293851087.5185
06/16/2016,ProShares VIX Short-Term Futures ETF,VIXY,16571.52,17018.56,-2.62678,-447.04,17.69,293106802.4892
06/15/2016,ProShares VIX Short-Term Futures ETF,VIXY,17018.56,17266.72,-1.43722,-248.16,18.31,311650369.6826
06/14/2016,ProShares VIX Short-Term Futures ETF,VIXY,17266.72,17574.4,-1.75073,-307.68,18.31,316194770.3687
06/13/2016,ProShares VIX Short-Term Futures ETF,VIXY,17574.4,15168.16,15.86376,2406.24,19.44,341600324.024
06/10/2016,ProShares VIX Short-Term Futures ETF,VIXY,15168.16,14025.6,8.14625,1142.56,19.44,294829318.2611
06/09/2016,ProShares VIX Short-Term Futures ETF,VIXY,14025.6,13739.84,2.07979,285.76,19.44,272620943.226
06/08/2016,ProShares VIX Short-Term Futures ETF,VIXY,13739.84,13684,0.40807,55.84,19.44,267066516.9814
06/07/2016,ProShares VIX Short-Term Futures ETF,VIXY,13684,13616.96,0.49233,67.04,19.44,265981133.5775
06/06/2016,ProShares VIX Short-Term Futures ETF,VIXY,13616.96,13829.92,-1.53985,-212.96,19.44,264678051.4966
06/03/2016,ProShares VIX Short-Term Futures ETF,VIXY,13829.92,13890.72,-0.43770,-60.8,19.44,268817436.3407
06/02/2016,ProShares VIX Short-Term Futures ETF,VIXY,13890.72,14233.92,-2.41114,-343.2,19.44,269999229.1587
06/01/2016,ProShares VIX Short-Term Futures ETF,VIXY,14233.92,14212.8,0.14860,21.12,19.44,276670138.6182
05/31/2016,ProShares VIX Short-Term Futures ETF,VIXY,14212.8,14319.2,-0.74306,-106.4,19.23,273372646.113
05/27/2016,ProShares VIX Short-Term Futures ETF,VIXY,14319.2,14634.56,-2.15490,-315.36,19.23,275419171.0445
05/26/2016,ProShares VIX Short-Term Futures ETF,VIXY,14634.56,14903.2,-1.80257,-268.64,18.83,275539596.2926
05/25/2016,ProShares VIX Short-Term Futures ETF,VIXY,14903.2,15147.52,-1.61294,-244.32,18.72,278967514.5595
05/24/2016,ProShares VIX Short-Term Futures ETF,VIXY,15147.52,16087.52,-5.84304,-940,18.28,276913810.6992
05/23/2016,ProShares VIX Short-Term Futures ETF,VIXY,16087.52,15879.84,1.30782,207.68,17.19,276502349.6617
05/20/2016,ProShares VIX Short-Term Futures ETF,VIXY,15879.84,16442.72,-3.42328,-562.88,16.5,262015484.1939
05/19/2016,ProShares VIX Short-Term Futures ETF,VIXY,16442.72,16533.76,-0.55063,-91.04,16.06,264109247.7037
05/18/2016,ProShares VIX Short-Term Futures ETF,VIXY,16533.76,16465.44,0.41493,68.32,16.06,265571566.9496
05/17/2016,ProShares VIX Short-Term Futures ETF,VIXY,16465.44,15949.12,3.23729,516.32,15.81,260357825.0199
05/16/2016,ProShares VIX Short-Term Futures ETF,VIXY,15949.12,16560.48,-3.69168,-611.36,15.81,252193576.0102
05/13/2016,ProShares VIX Short-Term Futures ETF,VIXY,16560.48,15994.24,3.54027,566.24,15.81,261860633.7933
05/12/2016,ProShares VIX Short-Term Futures ETF,VIXY,15994.24,16443.84,-2.73415,-449.6,15.81,252907030.6804
05/11/2016,ProShares VIX Short-Term Futures ETF,VIXY,16443.84,15580.64,5.54021,863.2,15.89,261300952.5714
05/10/2016,ProShares VIX Short-Term Futures ETF,VIXY,15580.64,16451.68,-5.29454,-871.04,14.77,230056047.0369
05/09/2016,ProShares VIX Short-Term Futures ETF,VIXY,16451.68,16724,-1.62832,-272.32,14.45,237776244.1453
05/06/2016,ProShares VIX Short-Term Futures ETF,VIXY,16724,17543.84,-4.67309,-819.84,14.31,239360274.4775
05/05/2016,ProShares VIX Short-Term Futures ETF,VIXY,17543.84,17609.76,-0.37434,-65.92,14.31,251094137.6339
05/04/2016,ProShares VIX Short-Term Futures ETF,VIXY,17609.76,17413.92,1.12462,195.84,14.31,252037609.8471
05/03/2016,ProShares VIX Short-Term Futures ETF,VIXY,17413.92,16622.08,4.76378,791.84,14.56,253588152.9807
05/02/2016,ProShares VIX Short-Term Futures ETF,VIXY,16622.08,17596.96,-5.54005,-974.88,14.75,245173716.5168
04/29/2016,ProShares VIX Short-Term Futures ETF,VIXY,17596.96,17162.24,2.53300,434.72,14.75,259553081.3591
04/28/2016,ProShares VIX Short-Term Futures ETF,VIXY,17162.24,16200.64,5.93557,961.6,14.75,253141012.7104
04/27/2016,ProShares VIX Short-Term Futures ETF,VIXY,16200.64,16644.16,-2.66472,-443.52,14.37,232882286.2994
04/26/2016,ProShares VIX Short-Term Futures ETF,VIXY,16644.16,16920,-1.63026,-275.84,13.81,229895493.9086
04/25/2016,ProShares VIX Short-Term Futures ETF,VIXY,16920,16854.24,0.39017,65.76,13.81,233705501.325
04/22/2016,ProShares VIX Short-Term Futures ETF,VIXY,16854.24,17459.04,-3.46411,-604.8,13.72,231217114.0929
04/21/2016,ProShares VIX Short-Term Futures ETF,VIXY,17459.04,17087.2,2.17613,371.84,13.72,239514142.6509
04/20/2016,ProShares VIX Short-Term Futures ETF,VIXY,17087.2,16880.16,1.22653,207.04,13.16,224801456.5745
04/19/2016,ProShares VIX Short-Term Futures ETF,VIXY,16880.16,16905.92,-0.15237,-25.76,12.89,217593818.5311
04/18/2016,ProShares VIX Short-Term Futures ETF,VIXY,16905.92,17808.8,-5.06985,-902.88,11.48,194151927.9882
04/15/2016,ProShares VIX Short-Term Futures ETF,VIXY,17808.8,17988.64,-0.99974,-179.84,11.08,197286008.8355
04/14/2016,ProShares VIX Short-Term Futures ETF,VIXY,17988.64,18194.08,-1.12916,-205.44,10.39,186911087.5919
04/13/2016,ProShares VIX Short-Term Futures ETF,VIXY,18194.08,19120.32,-4.84427,-926.24,10.14,184497193.3243
04/12/2016,ProShares VIX Short-Term Futures ETF,VIXY,19120.32,20039.04,-4.58465,-918.72,10.05,192097206.4122
04/11/2016,ProShares VIX Short-Term Futures ETF,VIXY,20039.04,19529.28,2.61023,509.76,10.05,201327362.8884
04/08/2016,ProShares VIX Short-Term Futures ETF,VIXY,19529.28,20002.08,-2.36375,-472.8,9.98,194985348.1038
04/07/2016,ProShares VIX Short-Term Futures ETF,VIXY,20002.08,18336.48,9.08353,1665.6,9.48,189704864.7543
04/06/2016,ProShares VIX Short-Term Futures ETF,VIXY,18336.48,19508.32,-6.00687,-1171.84,9.48,173907886.5033
04/05/2016,ProShares VIX Short-Term Futures ETF,VIXY,19508.32,18600.96,4.87803,907.36,9.48,185021918.0797
04/04/2016,ProShares VIX Short-Term Futures ETF,VIXY,18600.96,18078.24,2.89143,522.72,8.89,165371962.7616
04/01/2016,ProShares VIX Short-Term Futures ETF,VIXY,18078.24,18610.56,-2.86031,-532.32,8.7,157335047.0079
03/31/2016,ProShares VIX Short-Term Futures ETF,VIXY,18610.56,18493.6,0.63244,116.96,8.55,159059931.6276
03/30/2016,ProShares VIX Short-Term Futures ETF,VIXY,18493.6,18799.04,-1.62476,-305.44,8.39,155170677.9435
03/29/2016,ProShares VIX Short-Term Futures ETF,VIXY,18799.04,19947.36,-5.75675,-1148.32,6.64,124835154.3634
03/28/2016,ProShares VIX Short-Term Futures ETF,VIXY,19947.36,20249.12,-1.49024,-301.76,6.33,126227031.2181
03/24/2016,ProShares VIX Short-Term Futures ETF,VIXY,20249.12,20590.4,-1.65747,-341.28,6.2,125605430.5727
03/23/2016,ProShares VIX Short-Term Futures ETF,VIXY,20590.4,19573.6,5.19475,1016.8,6.2,127722392.759
03/22/2016,ProShares VIX Short-Term Futures ETF,VIXY,19573.6,19718.08,-0.73273,-144.48,5.27,103064925.3685
03/21/2016,ProShares VIX Short-Term Futures ETF,VIXY,19718.08,20553.44,-4.06433,-835.36,5.08,100128545.8018
03/18/2016,ProShares VIX Short-Term Futures ETF,VIXY,20553.44,20608.48,-0.26707,-55.04,5.08,104370509.6249
03/17/2016,ProShares VIX Short-Term Futures ETF,VIXY,20608.48,21180.32,-2.69986,-571.84,5.08,104650003.1233
03/16/2016,ProShares VIX Short-Term Futures ETF,VIXY,21180.32,22106.72,-4.19058,-926.4,4.58,96963650.5747
03/15/2016,ProShares VIX Short-Term Futures ETF,VIXY,22106.72,21861.76,1.12050,244.96,4.58,101204716.1437
03/14/2016,ProShares VIX Short-Term Futures ETF,VIXY,21861.76,22176.96,-1.42129,-315.2,4.47,97692157.5796
03/11/2016,ProShares VIX Short-Term Futures ETF,VIXY,22176.96,23235.36,-4.55513,-1058.4,4.37,97021580.3466
03/10/2016,ProShares VIX Short-Term Futures ETF,VIXY,23235.36,23454.24,-0.93322,-218.88,4.19,97295325.3231
03/09/2016,ProShares VIX Short-Term Futures ETF,VIXY,23454.24,24104.96,-2.69953,-650.72,4.19,98211859.4679
03/08/2016,ProShares VIX Short-Term Futures ETF,VIXY,24104.96,23029.92,4.66801,1075.04,4.19,100936672.6016
03/07/2016,ProShares VIX Short-Term Futures ETF,VIXY,23029.92,23331.2,-1.29132,-301.28,4.09,94276014.5907
03/04/2016,ProShares VIX Short-Term Futures ETF,VIXY,23331.2,22687.84,2.83570,643.36,4.09,95509344.002
03/03/2016,ProShares VIX Short-Term Futures ETF,VIXY,22687.84,23691.2,-4.23516,-1003.36,3.97,90039684.9989
03/02/2016,ProShares VIX Short-Term Futures ETF,VIXY,23691.2,23810.72,-0.50196,-119.52,3.56,84397101.477
03/01/2016,ProShares VIX Short-Term Futures ETF,VIXY,23810.72,26363.04,-9.68143,-2552.32,3.48,82962664.8587
02/29/2016,ProShares VIX Short-Term Futures ETF,VIXY,26363.04,25980.16,1.47374,382.88,3.48,91855603.3659
02/26/2016,ProShares VIX Short-Term Futures ETF,VIXY,25980.16,25305.6,2.66566,674.56,3.48,90521551.0936
02/25/2016,ProShares VIX Short-Term Futures ETF,VIXY,25305.6,26361.12,-4.00408,-1055.52,3.33,84217210.776
02/24/2016,ProShares VIX Short-Term Futures ETF,VIXY,26361.12,26845.28,-1.80352,-484.16,3.33,87729988.5927
02/23/2016,ProShares VIX Short-Term Futures ETF,VIXY,26845.28,25520.96,5.18915,1324.32,3.19,85566158.9013
02/22/2016,ProShares VIX Short-Term Futures ETF,VIXY,25520.96,27111.2,-5.86562,-1590.24,3.19,81345045.3366
02/19/2016,ProShares VIX Short-Term Futures ETF,VIXY,27111.2,27601.6,-1.77671,-490.4,3.19,86413747.4895
02/18/2016,ProShares VIX Short-Term Futures ETF,VIXY,27601.6,27770.56,-0.60841,-168.96,3.19,87976839.561
02/17/2016,ProShares VIX Short-Term Futures ETF,VIXY,27770.56,28861.12,-3.77865,-1090.56,3.19,88515379.6026
02/16/2016,ProShares VIX Short-Term Futures ETF,VIXY,28861.12,30489.6,-5.34110,-1628.48,3.19,91991410.7802
02/12/2016,ProShares VIX Short-Term Futures ETF,VIXY,30489.6,31348.96,-2.74127,-859.36,3.19,97181998.416
02/11/2016,ProShares VIX Short-Term Futures ETF,VIXY,31348.96,29839.04,5.06022,1509.92,3.19,99921106.9041
02/10/2016,ProShares VIX Short-Term Futures ETF,VIXY,29839.04,29661.6,0.59821,177.44,3.27,97439590.2634
02/09/2016,ProShares VIX Short-Term Futures ETF,VIXY,29661.6,29006.56,2.25825,655.04,3.27,96860158.7235
02/08/2016,ProShares VIX Short-Term Futures ETF,VIXY,29006.56,27769.28,4.45557,1237.28,3.27,94721121.1001
02/05/2016,ProShares VIX Short-Term Futures ETF,VIXY,27769.28,26883.36,3.29542,885.92,3.34,92850249.7538
02/04/2016,ProShares VIX Short-Term Futures ETF,VIXY,26883.36,26529.12,1.33529,354.24,3.34,89888059.4031
02/03/2016,ProShares VIX Short-Term Futures ETF,VIXY,26529.12,26909.28,-1.41275,-380.16,3.34,88703611.2477
02/02/2016,ProShares VIX Short-Term Futures ETF,VIXY,26909.28,25226.88,6.66908,1682.4,3.34,89974726.3413
02/01/2016,ProShares VIX Short-Term Futures ETF,VIXY,25226.88,25347.2,-0.47469,-120.32,3.34,84349400.0748
01/29/2016,ProShares VIX Short-Term Futures ETF,VIXY,25347.2,27076.16,-6.38554,-1728.96,3.34,84751705.862
01/28/2016,ProShares VIX Short-Term Futures ETF,VIXY,27076.16,27647.2,-2.06545,-571.04,3.34,90532711.6286
01/27/2016,ProShares VIX Short-Term Futures ETF,VIXY,27647.2,26697.28,3.55812,949.92,3.72,102809759.1745
01/26/2016,ProShares VIX Short-Term Futures ETF,VIXY,26697.28,27951.36,-4.48665,-1254.08,3.8,101363081.3838
01/25/2016,ProShares VIX Short-Term Futures ETF,VIXY,27951.36,26500.32,5.47556,1451.04,3.8,106124518.2456
01/22/2016,ProShares VIX Short-Term Futures ETF,VIXY,26500.32,29193.12,-9.22409,-2692.8,3.8,100615272.1497
01/21/2016,ProShares VIX Short-Term Futures ETF,VIXY,29193.12,28797.28,1.37457,395.84,3.8,110839197.3084
01/20/2016,ProShares VIX Short-Term Futures ETF,VIXY,28797.28,27982.88,2.91035,814.4,3.8,109336288.8196
01/19/2016,ProShares VIX Short-Term Futures ETF,VIXY,27982.88,28381.28,-1.40374,-398.4,3.94,110179302.0116
01/15/2016,ProShares VIX Short-Term Futures ETF,VIXY,28381.28,25897.76,9.58971,2483.52,3.94,111747955.1996
01/14/2016,ProShares VIX Short-Term Futures ETF,VIXY,25897.76,26928.8,-3.82876,-1031.04,3.94,101969387.0132
01/13/2016,ProShares VIX Short-Term Futures ETF,VIXY,26928.8,24446.24,10.15518,2482.56,4.34,116968810.866
01/12/2016,ProShares VIX Short-Term Futures ETF,VIXY,24446.24,25611.2,-4.54863,-1164.96,4.34,106185482.5668
01/11/2016,ProShares VIX Short-Term Futures ETF,VIXY,25611.2,27090.56,-5.46080,-1479.36,4.56,116848090.684
01/08/2016,ProShares VIX Short-Term Futures ETF,VIXY,27090.56,25445.44,6.46528,1645.12,4.84,131216716.8592
01/07/2016,ProShares VIX Short-Term Futures ETF,VIXY,25445.44,22716.16,12.01471,2729.28,4.84,123248360.1608
01/06/2016,ProShares VIX Short-Term Futures ETF,VIXY,22716.16,21931.04,3.57995,785.12,4.84,110028730.8512
01/05/2016,ProShares VIX Short-Term Futures ETF,VIXY,21931.04,22293.44,-1.62559,-362.4,4.97,108967278.1028
01/04/2016,ProShares VIX Short-Term Futures ETF,VIXY,22293.44,21189.44,5.21014,1104,4.97,110767910.5208
12/31/2015,ProShares VIX Short-Term Futures ETF,VIXY,21189.44,21030.08,0.75777,159.36,4.97,105282540.2408
12/30/2015,ProShares VIX Short-Term Futures ETF,VIXY,21030.08,20119.04,4.52825,911.04,4.97,104490738.9656
12/29/2015,ProShares VIX Short-Term Futures ETF,VIXY,20119.04,20476.64,-1.74638,-357.6,4.97,99964116.0128
12/28/2015,ProShares VIX Short-Term Futures ETF,VIXY,20476.64,20969.76,-2.35158,-493.12,4.94,101101003.9948
12/24/2015,ProShares VIX Short-Term Futures ETF,VIXY,20969.76,20603.04,1.77993,366.72,4.94,103535726.0532
12/23/2015,ProShares VIX Short-Term Futures ETF,VIXY,20603.04,20534.72,0.33270,68.32,4.89,100759321.6428
12/22/2015,ProShares VIX Short-Term Futures ETF,VIXY,20534.72,21638.4,-5.10056,-1103.68,4.89,100425202.1704
12/21/2015,ProShares VIX Short-Term Futures ETF,VIXY,21638.4,23433.6,-7.66079,-1795.2,4.89,105822757.488
12/18/2015,ProShares VIX Short-Term Futures ETF,VIXY,23433.6,22132.48,5.87878,1301.12,4.89,114602196.552
12/17/2015,ProShares VIX Short-Term Futures ETF,VIXY,22132.48,20826.24,6.27209,1306.24,4.89,108239059.4336
12/16/2015,ProShares VIX Short-Term Futures ETF,VIXY,20826.24,21688.64,-3.97628,-862.4,4.89,101850882.9168
12/15/2015,ProShares VIX Short-Term Futures ETF,VIXY,21688.64,23473.6,-7.60412,-1784.96,4.89,106068456.5848
12/14/2015,ProShares VIX Short-Term Futures ETF,VIXY,23473.6,25157.76,-6.69440,-1684.16,5.08,119199116.852
12/11/2015,ProShares VIX Short-Term Futures ETF,VIXY,25157.76,21712.16,15.86945,3445.6,5.08,127751293.9632
12/10/2015,ProShares VIX Short-Term Futures ETF,VIXY,21712.16,21539.36,0.80225,172.8,5.14,111611521.3212
12/09/2015,ProShares VIX Short-Term Futures ETF,VIXY,21539.36,20600.32,4.55838,939.04,5.14,110723241.6252
12/08/2015,ProShares VIX Short-Term Futures ETF,VIXY,20600.32,19532.96,5.46440,1067.36,5.14,105896099.4624
12/07/2015,ProShares VIX Short-Term Futures ETF,VIXY,19532.96,19265.28,1.38944,267.68,5.14,100409327.3772
12/04/2015,ProShares VIX Short-Term Futures ETF,VIXY,19265.28,21070.56,-8.56778,-1805.28,5.14,99033316.3296
12/03/2015,ProShares VIX Short-Term Futures ETF,VIXY,21070.56,19660.96,7.16954,1409.6,5.14,108313371.7092
12/02/2015,ProShares VIX Short-Term Futures ETF,VIXY,19660.96,19026.4,3.33516,634.56,5.14,101067312.3372
12/01/2015,ProShares VIX Short-Term Futures ETF,VIXY,19026.4,19909.12,-4.43375,-882.72,5.14,97805351.898
11/30/2015,ProShares VIX Short-Term Futures ETF,VIXY,19909.12,20163.04,-1.25933,-253.92,5.14,102342980.6784
11/27/2015,ProShares VIX Short-Term Futures ETF,VIXY,20163.04,19756.96,2.05538,406.08,5.14,103648258.3428
11/25/2015,ProShares VIX Short-Term Futures ETF,VIXY,19756.96,20479.84,-3.52972,-722.88,5.14,101560801.0572
11/24/2015,ProShares VIX Short-Term Futures ETF,VIXY,20479.84,19991.84,2.44100,488,5.14,105276771.1188
11/23/2015,ProShares VIX Short-Term Futures ETF,VIXY,19991.84,20469.6,-2.33400,-477.76,5.14,102768203.4588
11/20/2015,ProShares VIX Short-Term Futures ETF,VIXY,20469.6,21323.04,-4.00243,-853.44,5.14,105224132.322
11/19/2015,ProShares VIX Short-Term Futures ETF,VIXY,21323.04,20850.56,2.26603,472.48,5.14,109611247.0428
11/18/2015,ProShares VIX Short-Term Futures ETF,VIXY,20850.56,21732.32,-4.05737,-881.76,5.14,107182460.0592
11/17/2015,ProShares VIX Short-Term Futures ETF,VIXY,21732.32,20957.28,3.69819,775.04,5.14,111715153.9524
11/16/2015,ProShares VIX Short-Term Futures ETF,VIXY,20957.28,23328.32,-10.16378,-2371.04,5.14,107731055.0196
11/13/2015,ProShares VIX Short-Term Futures ETF,VIXY,23328.32,21879.2,6.62328,1449.12,5.14,119919403.9224
11/12/2015,ProShares VIX Short-Term Futures ETF,VIXY,21879.2,20197.28,8.32746,1681.92,5.14,112470191.694
11/11/2015,ProShares VIX Short-Term Futures ETF,VIXY,20197.28,19642.88,2.82240,554.4,5.14,103824269.3196
11/10/2015,ProShares VIX Short-Term Futures ETF,VIXY,19642.88,20380.32,-3.61839,-737.44,5.14,100974371.9616
11/09/2015,ProShares VIX Short-Term Futures ETF,VIXY,20380.32,19060,6.92718,1320.32,5.14,104765187.8124
11/06/2015,ProShares VIX Short-Term Futures ETF,VIXY,19060,19474.88,-2.13033,-414.88,5.14,97978072.95
11/05/2015,ProShares VIX Short-Term Futures ETF,VIXY,19474.88,20238.56,-3.77339,-763.68,5.14,100110766.7016
11/04/2015,ProShares VIX Short-Term Futures ETF,VIXY,20238.56,19588.32,3.31953,650.24,5.14,104036469.4692
11/03/2015,ProShares VIX Short-Term Futures ETF,VIXY,19588.32,19266.4,1.67089,321.92,5.14,100693905.8724
11/02/2015,ProShares VIX Short-Term Futures ETF,VIXY,19266.4,20141.44,-4.34448,-875.04,5.14,99039073.698
10/30/2015,ProShares VIX Short-Term Futures ETF,VIXY,20141.44,19645.76,2.52309,495.68,5.14,103537223.3808
10/29/2015,ProShares VIX Short-Term Futures ETF,VIXY,19645.76,19425.6,1.13335,220.16,5.14,100989176.6232
10/28/2015,ProShares VIX Short-Term Futures ETF,VIXY,19425.6,19982.4,-2.78645,-556.8,5.14,99857442.492
10/27/2015,ProShares VIX Short-Term Futures ETF,VIXY,19982.4,20502.24,-2.53553,-519.84,5.14,102719677.068
10/26/2015,ProShares VIX Short-Term Futures ETF,VIXY,20502.24,20118.24,1.90872,384,5.14,105391918.4868
10/23/2015,ProShares VIX Short-Term Futures ETF,VIXY,20118.24,19445.28,3.46079,672.96,4.95,99645793.6068
10/22/2015,ProShares VIX Short-Term Futures ETF,VIXY,19445.28,22084.48,-11.95047,-2639.2,4.61,89628302.6796
10/21/2015,ProShares VIX Short-Term Futures ETF,VIXY,22084.48,20630.4,7.04824,1454.08,4.55,100412775.0736
10/20/2015,ProShares VIX Short-Term Futures ETF,VIXY,20630.4,19339.2,6.67659,1291.2,4.55,93801425.928
10/19/2015,ProShares VIX Short-Term Futures ETF,VIXY,19339.2,20682.4,-6.49441,-1343.2,4.55,87930652.644
10/16/2015,ProShares VIX Short-Term Futures ETF,VIXY,20682.4,20860.32,-0.85291,-177.92,4.55,94037857.318
10/15/2015,ProShares VIX Short-Term Futures ETF,VIXY,20860.32,22797.44,-8.49709,-1937.12,4.55,94846816.4124
10/14/2015,ProShares VIX Short-Term Futures ETF,VIXY,22797.44,22737.12,0.26529,60.32,4.55,103654431.3008
10/13/2015,ProShares VIX Short-Term Futures ETF,VIXY,22737.12,20888.32,8.85088,1848.8,4.55,103380170.8884
10/12/2015,ProShares VIX Short-Term Futures ETF,VIXY,20888.32,22450.56,-6.95858,-1562.24,4.55,94974125.6224
10/09/2015,ProShares VIX Short-Term Futures ETF,VIXY,22450.56,22679.2,-1.00815,-228.64,4.33,97166192.0592
10/08/2015,ProShares VIX Short-Term Futures ETF,VIXY,22679.2,23653.6,-4.11946,-974.4,4.33,98155747.694
10/07/2015,ProShares VIX Short-Term Futures ETF,VIXY,23653.6,24623.68,-3.93962,-970.08,4.02,94981208.202
10/06/2015,ProShares VIX Short-Term Futures ETF,VIXY,24623.68,24073.6,2.28499,550.08,4.02,98876571.7176
10/05/2015,ProShares VIX Short-Term Futures ETF,VIXY,24073.6,25416.32,-5.28290,-1342.72,4.02,96667721.352
10/02/2015,ProShares VIX Short-Term Futures ETF,VIXY,25416.32,26704.8,-4.82490,-1288.48,4.02,102059423.5824
10/01/2015,ProShares VIX Short-Term Futures ETF,VIXY,26704.8,27627.84,-3.34098,-923.04,4.02,107233324.686
09/30/2015,ProShares VIX Short-Term Futures ETF,VIXY,27627.84,28519.52,-3.12656,-891.68,4.02,110939798.7288
09/29/2015,ProShares VIX Short-Term Futures ETF,VIXY,28519.52,28698.72,-0.62442,-179.2,4.02,114520346.4564
09/28/2015,ProShares VIX Short-Term Futures ETF,VIXY,28698.72,26845.76,6.90224,1852.96,4.02,115239925.4004
09/25/2015,ProShares VIX Short-Term Futures ETF,VIXY,26845.76,26284.32,2.13603,561.44,4.02,107799350.6232
09/24/2015,ProShares VIX Short-Term Futures ETF,VIXY,26284.32,25449.28,3.28119,835.04,4.02,105544884.0924
09/23/2015,ProShares VIX Short-Term Futures ETF,VIXY,25449.28,26187.84,-2.82024,-738.56,4.02,102191774.7096
09/22/2015,ProShares VIX Short-Term Futures ETF,VIXY,26187.84,23804.48,10.01223,2383.36,4.02,105157467.9288
09/21/2015,ProShares VIX Short-Term Futures ETF,VIXY,23804.48,25931.36,-8.20196,-2126.88,4.02,95587067.9736
09/18/2015,ProShares VIX Short-Term Futures ETF,VIXY,25931.36,24624,5.30929,1307.36,4.02,104127570.5652
09/17/2015,ProShares VIX Short-Term Futures ETF,VIXY,24624,22906.56,7.49759,1717.44,4.02,98877856.68
09/16/2015,ProShares VIX Short-Term Futures ETF,VIXY,22906.56,24658.24,-7.10383,-1751.68,4.02,91981463.4792
09/15/2015,ProShares VIX Short-Term Futures ETF,VIXY,24658.24,27520.16,-10.39936,-2861.92,4.02,99015347.6568
09/14/2015,ProShares VIX Short-Term Futures ETF,VIXY,27520.16,27585.76,-0.23780,-65.6,3.95,108787398.8812
09/11/2015,ProShares VIX Short-Term Futures ETF,VIXY,27585.76,28210.88,-2.21588,-625.12,3.95,109046716.1732
09/10/2015,ProShares VIX Short-Term Futures ETF,VIXY,28210.88,29293.28,-3.69505,-1082.4,3.95,111517820.2216
09/09/2015,ProShares VIX Short-Term Futures ETF,VIXY,29293.28,28349.76,3.32814,943.52,3.95,115796555.5396
09/08/2015,ProShares VIX Short-Term Futures ETF,VIXY,28349.76,31413.12,-9.75185,-3063.36,3.95,112066813.9032
09/04/2015,ProShares VIX Short-Term Futures ETF,VIXY,31413.12,28947.36,8.51808,2465.76,3.95,124176298.9584
09/03/2015,ProShares VIX Short-Term Futures ETF,VIXY,28947.36,29124.16,-0.60706,-176.8,3.95,114429131.1852
09/02/2015,ProShares VIX Short-Term Futures ETF,VIXY,29124.16,32403.2,-10.11949,-3279.04,3.95,115128022.9112
09/01/2015,ProShares VIX Short-Term Futures ETF,VIXY,32403.2,29065.12,11.48483,3338.08,4.52,146316892.624
08/31/2015,ProShares VIX Short-Term Futures ETF,VIXY,29065.12,26961.76,7.80127,2103.36,4.67,135785192.3484
08/28/2015,ProShares VIX Short-Term Futures ETF,VIXY,26961.76,26644.96,1.18897,316.8,4.8,129329024.4932
08/27/2015,ProShares VIX Short-Term Futures ETF,VIXY,26644.96,26264.32,1.44927,380.64,5.19,138217599.2172
08/26/2015,ProShares VIX Short-Term Futures ETF,VIXY,26264.32,27924.64,-5.94572,-1660.32,5.37,141167633.9424
08/25/2015,ProShares VIX Short-Term Futures ETF,VIXY,27924.64,27733.12,0.69058,191.52,6.08,169726171.3548
08/24/2015,ProShares VIX Short-Term Futures ETF,VIXY,27733.12,22121.44,25.36761,5611.68,6.45,178962031.3584
08/21/2015,ProShares VIX Short-Term Futures ETF,VIXY,22121.44,19390.08,14.08638,2731.36,7.64,169019028.2308
08/20/2015,ProShares VIX Short-Term Futures ETF,VIXY,19390.08,17634.24,9.95699,1755.84,7.95,154209451.6656
08/19/2015,ProShares VIX Short-Term Futures ETF,VIXY,17634.24,17020,3.60893,614.24,7.95,140245242.9768
08/18/2015,ProShares VIX Short-Term Futures ETF,VIXY,17020,16835.04,1.09866,184.96,7.87,134030500.15
08/17/2015,ProShares VIX Short-Term Futures ETF,VIXY,16835.04,16988.48,-0.90320,-153.44,7.58,127576059.3828
08/14/2015,ProShares VIX Short-Term Futures ETF,VIXY,16988.48,16923.04,0.38669,65.44,7.58,128738828.8536
08/13/2015,ProShares VIX Short-Term Futures ETF,VIXY,16923.04,17139.04,-1.26028,-216,7.67,129829459.0428
08/12/2015,ProShares VIX Short-Term Futures ETF,VIXY,17139.04,17354.24,-1.24004,-215.2,7.67,131486558.6628
08/11/2015,ProShares VIX Short-Term Futures ETF,VIXY,17354.24,16565.28,4.76273,788.96,7.67,133137520.8768
08/10/2015,ProShares VIX Short-Term Futures ETF,VIXY,16565.28,17107.84,-3.17141,-542.56,7.67,127084811.0796
08/07/2015,ProShares VIX Short-Term Futures ETF,VIXY,17107.84,17338.08,-1.32794,-230.24,7.67,131247199.8288
08/06/2015,ProShares VIX Short-Term Futures ETF,VIXY,17338.08,16892.48,2.63786,445.6,7.67,133013545.2756
08/05/2015,ProShares VIX Short-Term Futures ETF,VIXY,16892.48,17037.92,-0.85363,-145.44,7.67,129595010.1336
08/04/2015,ProShares VIX Short-Term Futures ETF,VIXY,17037.92,16825.44,1.26285,212.48,7.67,130710790.5444
08/03/2015,ProShares VIX Short-Term Futures ETF,VIXY,16825.44,16989.76,-0.96717,-164.32,7.67,129080695.5108
07/31/2015,ProShares VIX Short-Term Futures ETF,VIXY,16989.76,16950.56,0.23126,39.2,7.67,130341318.7032
07/30/2015,ProShares VIX Short-Term Futures ETF,VIXY,16950.56,17092.64,-0.83123,-142.08,7.67,130040585.8092
07/29/2015,ProShares VIX Short-Term Futures ETF,VIXY,17092.64,17390.4,-1.71221,-297.76,7.67,131130589.1148
07/28/2015,ProShares VIX Short-Term Futures ETF,VIXY,17390.4,18927.68,-8.12186,-1537.28,7.67,133414931.628
07/27/2015,ProShares VIX Short-Term Futures ETF,VIXY,18927.68,17948.8,5.45374,978.88,7.67,145208570.9976
07/24/2015,ProShares VIX Short-Term Futures ETF,VIXY,17948.8,17230.72,4.16744,718.08,7.67,137698841.016
07/23/2015,ProShares VIX Short-Term Futures ETF,VIXY,17230.72,17110.4,0.70320,120.32,7.23,124651465.3904
07/22/2015,ProShares VIX Short-Term Futures ETF,VIXY,17110.4,17171.2,-0.35408,-60.8,7.09,121374889.528
07/21/2015,ProShares VIX Short-Term Futures ETF,VIXY,17171.2,17178.24,-0.04098,-7.04,7.09,121806182.384
07/20/2015,ProShares VIX Short-Term Futures ETF,VIXY,17178.24,17443.84,-1.52260,-265.6,7.09,121856121.5568
07/17/2015,ProShares VIX Short-Term Futures ETF,VIXY,17443.84,17498.08,-0.30998,-54.24,6.94,121014590.3488
07/16/2015,ProShares VIX Short-Term Futures ETF,VIXY,17498.08,18613.28,-5.99142,-1115.2,6.94,121390873.9756
07/15/2015,ProShares VIX Short-Term Futures ETF,VIXY,18613.28,18860.32,-1.30984,-247.04,6.94,129127442.9396
07/14/2015,ProShares VIX Short-Term Futures ETF,VIXY,18860.32,18985.44,-0.65903,-125.12,6.94,130841253.9124
07/13/2015,ProShares VIX Short-Term Futures ETF,VIXY,18985.44,21222.08,-10.53921,-2236.64,6.94,131709259.2108
07/10/2015,ProShares VIX Short-Term Futures ETF,VIXY,21222.08,23318.88,-8.99186,-2096.8,6.94,147225686.4056
07/09/2015,ProShares VIX Short-Term Futures ETF,VIXY,23318.88,22743.52,2.52978,575.36,6.94,161771990.0316
07/08/2015,ProShares VIX Short-Term Futures ETF,VIXY,22743.52,20565.28,10.59183,2178.24,7.25,164887847.6364
07/07/2015,ProShares VIX Short-Term Futures ETF,VIXY,20565.28,21551.36,-4.57549,-986.08,7.25,149095863.5796
07/06/2015,ProShares VIX Short-Term Futures ETF,VIXY,21551.36,21148.48,1.90501,402.88,7.39,159275487.7152
07/02/2015,ProShares VIX Short-Term Futures ETF,VIXY,21148.48,19987.36,5.80927,1161.12,7.55,159602450.0536
07/01/2015,ProShares VIX Short-Term Futures ETF,VIXY,19987.36,21628.96,-7.58982,-1641.6,7.66,153025876.4852
06/30/2015,ProShares VIX Short-Term Futures ETF,VIXY,21628.96,21691.52,-0.28841,-62.56,7.84,169649613.5972
06/29/2015,ProShares VIX Short-Term Futures ETF,VIXY,21691.52,18515.52,17.15318,3176,7.84,170140311.2464
06/26/2015,ProShares VIX Short-Term Futures ETF,VIXY,18515.52,18658.72,-0.76747,-143.2,7.84,145228934.4264
06/25/2015,ProShares VIX Short-Term Futures ETF,VIXY,18658.72,18611.84,0.25188,46.88,7.78,145185972.6004
06/24/2015,ProShares VIX Short-Term Futures ETF,VIXY,18611.84,18022.4,3.27060,589.44,7.78,144821193.1088
06/23/2015,ProShares VIX Short-Term Futures ETF,VIXY,18022.4,18559.2,-2.89237,-536.8,7.78,140234682.368
06/22/2015,ProShares VIX Short-Term Futures ETF,VIXY,18559.2,19676.48,-5.67825,-1117.28,7.78,144411594.294
06/19/2015,ProShares VIX Short-Term Futures ETF,VIXY,19676.48,19110.56,2.96129,565.92,7.66,150645738.0136
06/18/2015,ProShares VIX Short-Term Futures ETF,VIXY,19110.56,19927.52,-4.09966,-816.96,7.58,144819967.0092
06/17/2015,ProShares VIX Short-Term Futures ETF,VIXY,19927.52,19959.04,-0.15792,-31.52,7.58,151010896.0164
06/16/2015,ProShares VIX Short-Term Futures ETF,VIXY,19959.04,20451.52,-2.40804,-492.48,7.55,150626034.8128
06/15/2015,ProShares VIX Short-Term Futures ETF,VIXY,20451.52,19538.88,4.67089,912.64,7.55,154342661.9464
06/12/2015,ProShares VIX Short-Term Futures ETF,VIXY,19538.88,19131.2,2.13097,407.68,7.39,144402239.1816
06/11/2015,ProShares VIX Short-Term Futures ETF,VIXY,19131.2,19532.48,-2.05442,-401.28,7.39,141389277.084
06/10/2015,ProShares VIX Short-Term Futures ETF,VIXY,19532.48,20455.52,-4.51243,-923.04,7.39,144354939.9336
06/09/2015,ProShares VIX Short-Term Futures ETF,VIXY,20455.52,20822.08,-1.76044,-366.56,7.39,151176673.9764
06/08/2015,ProShares VIX Short-Term Futures ETF,VIXY,20822.08,20332.96,2.40555,489.12,7.47,155512463.4056
06/05/2015,ProShares VIX Short-Term Futures ETF,VIXY,20332.96,20548.64,-1.04961,-215.68,7.55,153447918.3772
06/04/2015,ProShares VIX Short-Term Futures ETF,VIXY,20548.64,19896.48,3.27777,652.16,7.58,155717748.0348
06/03/2015,ProShares VIX Short-Term Futures ETF,VIXY,19896.48,20465.12,-2.77858,-568.64,7.58,150775674.6636
06/02/2015,ProShares VIX Short-Term Futures ETF,VIXY,20465.12,20093.28,1.85057,371.84,7.58,155084832.8484
06/01/2015,ProShares VIX Short-Term Futures ETF,VIXY,20093.28,20161.44,-0.33807,-68.16,7.58,152267026.5396
05/29/2015,ProShares VIX Short-Term Futures ETF,VIXY,20161.44,19981.28,0.90164,180.16,7.58,152783543.5308
05/28/2015,ProShares VIX Short-Term Futures ETF,VIXY,19981.28,20013.76,-0.16229,-32.48,7.52,150169459.6996
05/27/2015,ProShares VIX Short-Term Futures ETF,VIXY,20013.76,20527.68,-2.50355,-513.92,7.48,149788133.3832
05/26/2015,ProShares VIX Short-Term Futures ETF,VIXY,20527.68,19902.4,3.14173,625.28,7.48,153634442.9976
05/22/2015,ProShares VIX Short-Term Futures ETF,VIXY,19902.4,19750.88,0.76716,151.52,7.36,146466886.468
05/21/2015,ProShares VIX Short-Term Futures ETF,VIXY,19750.88,20498.56,-3.64748,-747.68,7.3,144117381.7716
05/20/2015,ProShares VIX Short-Term Futures ETF,VIXY,20498.56,20499.36,-0.00390,-0.8,7.22,147971571.4192
05/19/2015,ProShares VIX Short-Term Futures ETF,VIXY,20499.36,20640.8,-0.68524,-141.44,6.95,142532203.8252
05/18/2015,ProShares VIX Short-Term Futures ETF,VIXY,20640.8,21389.92,-3.50221,-749.12,6.92,142870612.206
05/15/2015,ProShares VIX Short-Term Futures ETF,VIXY,21389.92,21520.8,-0.60816,-130.88,6.92,148055839.1844
05/14/2015,ProShares VIX Short-Term Futures ETF,VIXY,21520.8,22008.96,-2.21801,-488.16,6.92,148961758.806
05/13/2015,ProShares VIX Short-Term Futures ETF,VIXY,22008.96,22321.92,-1.40203,-312.96,6.83,150277343.9472
05/12/2015,ProShares VIX Short-Term Futures ETF,VIXY,22321.92,22692.64,-1.63366,-370.72,6.83,152414237.1744
05/11/2015,ProShares VIX Short-Term Futures ETF,VIXY,22692.64,22040.96,2.95668,651.68,6.83,154945516.1148
05/08/2015,ProShares VIX Short-Term Futures ETF,VIXY,22040.96,23029.76,-4.29357,-988.8,6.77,149118280.1872
05/07/2015,ProShares VIX Short-Term Futures ETF,VIXY,23029.76,23342.4,-1.33937,-312.64,6.77,155808014.0032
05/06/2015,ProShares VIX Short-Term Futures ETF,VIXY,23342.4,22954.72,1.68889,387.68,6.73,157193732.268
05/05/2015,ProShares VIX Short-Term Futures ETF,VIXY,22954.72,22036.64,4.16615,918.08,6.73,154582995.3204
05/04/2015,ProShares VIX Short-Term Futures ETF,VIXY,22036.64,22037.76,-0.00508,-1.12,6.73,148400408.1948
05/01/2015,ProShares VIX Short-Term Futures ETF,VIXY,22037.76,23281.28,-5.34129,-1243.52,6.73,148407950.5632
04/30/2015,ProShares VIX Short-Term Futures ETF,VIXY,23281.28,22817.28,2.03355,464,6.67,155327054.4496
04/29/2015,ProShares VIX Short-Term Futures ETF,VIXY,22817.28,21999.52,3.71717,817.76,6.67,152231358.9696
04/28/2015,ProShares VIX Short-Term Futures ETF,VIXY,21999.52,22874.08,-3.82337,-874.56,6.62,145744235.0564
04/27/2015,ProShares VIX Short-Term Futures ETF,VIXY,22874.08,22234.08,2.87846,640,6.62,151538092.2956
04/24/2015,ProShares VIX Short-Term Futures ETF,VIXY,22234.08,22339.52,-0.47199,-105.44,6.62,147298167.4956
04/23/2015,ProShares VIX Short-Term Futures ETF,VIXY,22339.52,22617.44,-1.22879,-277.92,6.62,147996695.1064
04/22/2015,ProShares VIX Short-Term Futures ETF,VIXY,22617.44,22914.4,-1.29595,-296.96,6.62,149837882.4508
04/21/2015,ProShares VIX Short-Term Futures ETF,VIXY,22914.4,22988.48,-0.32225,-74.08,6.62,151805207.558
04/20/2015,ProShares VIX Short-Term Futures ETF,VIXY,22988.48,23702.24,-3.01136,-713.76,6.62,152295978.8536
04/17/2015,ProShares VIX Short-Term Futures ETF,VIXY,23702.24,22893.28,3.53361,808.96,6.62,157024554.9868
04/16/2015,ProShares VIX Short-Term Futures ETF,VIXY,22893.28,23188.48,-1.27305,-295.2,6.62,151665290.0396
04/15/2015,ProShares VIX Short-Term Futures ETF,VIXY,23188.48,23642.88,-1.92193,-454.4,6.53,151447035.3536
04/14/2015,ProShares VIX Short-Term Futures ETF,VIXY,23642.88,24352,-2.91196,-709.12,6.25,147765221.9616
04/13/2015,ProShares VIX Short-Term Futures ETF,VIXY,24352,23315.36,4.44617,1036.64,6.25,152197138.64
04/10/2015,ProShares VIX Short-Term Futures ETF,VIXY,23315.36,24449.44,-4.63847,-1134.08,6.25,145718260.4452
04/09/2015,ProShares VIX Short-Term Futures ETF,VIXY,24449.44,25370.88,-3.63188,-921.44,6,146693767.1908
04/08/2015,ProShares VIX Short-Term Futures ETF,VIXY,25370.88,25958.4,-2.26331,-587.52,5.91,149843778.9216
04/07/2015,ProShares VIX Short-Term Futures ETF,VIXY,25958.4,26011.84,-0.20544,-53.44,5.75,149257749.888
04/06/2015,ProShares VIX Short-Term Futures ETF,VIXY,26011.84,26566.88,-2.08922,-555.04,5.56,144687803.6088
04/02/2015,ProShares VIX Short-Term Futures ETF,VIXY,26566.88,27018.56,-1.67174,-451.68,5.56,147775148.3916
04/01/2015,ProShares VIX Short-Term Futures ETF,VIXY,27018.56,27334.24,-1.15489,-315.68,5.56,150287565.3192
03/31/2015,ProShares VIX Short-Term Futures ETF,VIXY,27334.24,26568,2.88407,766.24,5.47,149480913.2268
03/30/2015,ProShares VIX Short-Term Futures ETF,VIXY,26568,27227.36,-2.42168,-659.36,5.47,145290628.26
03/27/2015,ProShares VIX Short-Term Futures ETF,VIXY,27227.36,27542.72,-1.14498,-315.36,5.47,148896425.7852
03/26/2015,ProShares VIX Short-Term Futures ETF,VIXY,27542.72,27783.36,-0.86613,-240.64,5.47,150621013.7304
03/25/2015,ProShares VIX Short-Term Futures ETF,VIXY,27783.36,26721.76,3.97279,1061.6,5.47,151936985.4552
03/24/2015,ProShares VIX Short-Term Futures ETF,VIXY,26721.76,26999.2,-1.02759,-277.44,5.47,146131485.1932
03/23/2015,ProShares VIX Short-Term Futures ETF,VIXY,26999.2,27139.68,-0.51762,-140.48,5.22,140898902.594
03/20/2015,ProShares VIX Short-Term Futures ETF,VIXY,27139.68,27672.16,-1.92424,-532.48,5.22,141632016.0876
03/19/2015,ProShares VIX Short-Term Futures ETF,VIXY,27672.16,27655.04,0.06191,17.12,4.91,135763283.5212
03/18/2015,ProShares VIX Short-Term Futures ETF,VIXY,27655.04,29078.72,-4.89595,-1423.68,4.91,135679290.5328
03/17/2015,ProShares VIX Short-Term Futures ETF,VIXY,29078.72,29281.44,-0.69232,-202.72,4.91,142664053.2504
03/16/2015,ProShares VIX Short-Term Futures ETF,VIXY,29281.44,29941.92,-2.20587,-660.48,4.91,143658624.4308
03/13/2015,ProShares VIX Short-Term Futures ETF,VIXY,29941.92,29154.24,2.70177,787.68,4.91,146899026.8244
03/12/2015,ProShares VIX Short-Term Futures ETF,VIXY,29154.24,31114.72,-6.30081,-1960.48,4.91,143034564.3768
03/11/2015,ProShares VIX Short-Term Futures ETF,VIXY,31114.72,30795.68,1.03599,319.04,4.91,152652939.0204
03/10/2015,ProShares VIX Short-Term Futures ETF,VIXY,30795.68,29272.8,5.20237,1522.88,4.91,151087686.5076
03/09/2015,ProShares VIX Short-Term Futures ETF,VIXY,29272.8,29740.32,-1.57201,-467.52,4.91,143616235.446
03/06/2015,ProShares VIX Short-Term Futures ETF,VIXY,29740.32,28385.92,4.77138,1354.4,4.81,143121795.5124
03/05/2015,ProShares VIX Short-Term Futures ETF,VIXY,28385.92,28938.4,-1.90916,-552.48,4.72,133942724.6544
03/04/2015,ProShares VIX Short-Term Futures ETF,VIXY,28938.4,28983.04,-0.15402,-44.64,4.66,134741024.738
03/03/2015,ProShares VIX Short-Term Futures ETF,VIXY,28983.04,28271.84,2.51558,711.2,4.28,124080234.4928
03/02/2015,ProShares VIX Short-Term Futures ETF,VIXY,28271.84,29092,-2.81919,-820.16,4.03,113967533.0588
02/27/2015,ProShares VIX Short-Term Futures ETF,VIXY,29092,29386.56,-1.00236,-294.56,3.8,110455269.19
02/26/2015,ProShares VIX Short-Term Futures ETF,VIXY,29386.56,29992.96,-2.02181,-606.4,3.8,111573642.0792
02/25/2015,ProShares VIX Short-Term Futures ETF,VIXY,29992.96,29430.4,1.91149,562.56,3.55,106377755.8272
02/24/2015,ProShares VIX Short-Term Futures ETF,VIXY,29430.4,30960.64,-4.94253,-1530.24,3.3,97024891.928
02/23/2015,ProShares VIX Short-Term Futures ETF,VIXY,30960.64,30776.8,0.59733,183.84,3.17,98199642.1248
02/20/2015,ProShares VIX Short-Term Futures ETF,VIXY,30776.8,32039.52,-3.94113,-1262.72,3.17,97616546.226
02/19/2015,ProShares VIX Short-Term Futures ETF,VIXY,32039.52,32478.4,-1.35130,-438.88,3.09,99118500.3564
02/18/2015,ProShares VIX Short-Term Futures ETF,VIXY,32478.4,33161.44,-2.05974,-683.04,3.03,98446333.788
02/17/2015,ProShares VIX Short-Term Futures ETF,VIXY,33161.44,33020.64,0.42640,140.8,2.95,97925981.0308
02/13/2015,ProShares VIX Short-Term Futures ETF,VIXY,33020.64,33217.12,-0.59150,-196.48,2.91,95962355.0748
02/12/2015,ProShares VIX Short-Term Futures ETF,VIXY,33217.12,34992.48,-5.07355,-1775.36,2.84,94457281.9884
02/11/2015,ProShares VIX Short-Term Futures ETF,VIXY,34992.48,35161.44,-0.48053,-168.96,2.84,99505753.3836
02/10/2015,ProShares VIX Short-Term Futures ETF,VIXY,35161.44,36732.96,-4.27823,-1571.52,2.83,99436816.0308
02/09/2015,ProShares VIX Short-Term Futures ETF,VIXY,36732.96,36000.32,2.03509,732.64,2.61,95845751.3772
02/06/2015,ProShares VIX Short-Term Futures ETF,VIXY,36000.32,35103.04,2.55613,897.28,2.61,93934104.9624
02/05/2015,ProShares VIX Short-Term Futures ETF,VIXY,35103.04,36768.16,-4.52870,-1665.12,2.61,91592870.3928
02/04/2015,ProShares VIX Short-Term Futures ETF,VIXY,36768.16,35245.44,4.32033,1522.72,2.61,95937597.2412
02/03/2015,ProShares VIX Short-Term Futures ETF,VIXY,35245.44,36807.84,-4.24475,-1562.4,2.61,91964428.6608
02/02/2015,ProShares VIX Short-Term Futures ETF,VIXY,36807.84,38428.48,-4.21729,-1620.64,2.61,96041132.5788
01/30/2015,ProShares VIX Short-Term Futures ETF,VIXY,38428.48,35208.8,9.14453,3219.68,2.61,100269799.6536
01/29/2015,ProShares VIX Short-Term Futures ETF,VIXY,35208.8,37715.04,-6.64520,-2506.24,2.77,97370200.466
01/28/2015,ProShares VIX Short-Term Futures ETF,VIXY,37715.04,33184.8,13.65155,4530.24,2.92,110194200.9828
01/27/2015,ProShares VIX Short-Term Futures ETF,VIXY,33184.8,32059.52,3.50997,1125.28,2.92,96957938.286
01/26/2015,ProShares VIX Short-Term Futures ETF,VIXY,32059.52,34111.68,-6.01600,-2052.16,2.92,93670143.0064
01/23/2015,ProShares VIX Short-Term Futures ETF,VIXY,34111.68,33203.84,2.73414,907.84,2.92,99666056.8776
01/22/2015,ProShares VIX Short-Term Futures ETF,VIXY,33203.84,35049.44,-5.26570,-1845.6,2.92,97013568.5488
01/21/2015,ProShares VIX Short-Term Futures ETF,VIXY,35049.44,37371.52,-6.21350,-2322.08,2.95,103501259.1908
01/20/2015,ProShares VIX Short-Term Futures ETF,VIXY,37371.52,37412.8,-0.11034,-41.28,2.95,110358378.8464
01/16/2015,ProShares VIX Short-Term Futures ETF,VIXY,37412.8,38642.88,-3.18320,-1230.08,3.08,115156878.996
01/15/2015,ProShares VIX Short-Term Futures ETF,VIXY,38642.88,36971.52,4.52067,1671.36,3.08,118943074.4616
01/14/2015,ProShares VIX Short-Term Futures ETF,VIXY,36971.52,36609.92,0.98771,361.6,3.08,113798615.8464
01/13/2015,ProShares VIX Short-Term Futures ETF,VIXY,36609.92,35860.48,2.08988,749.44,3.08,112685608.3344
01/12/2015,ProShares VIX Short-Term Futures ETF,VIXY,35860.48,34451.2,4.09066,1409.28,3.08,110378826.3936
01/09/2015,ProShares VIX Short-Term Futures ETF,VIXY,34451.2,32762.88,5.15315,1688.32,3.11,107117651.984
01/08/2015,ProShares VIX Short-Term Futures ETF,VIXY,32762.88,34671.68,-5.50536,-1908.8,3.2,104939750.3616
01/07/2015,ProShares VIX Short-Term Futures ETF,VIXY,34671.68,36495.2,-4.99660,-1823.52,3.2,111053651.0776
01/06/2015,ProShares VIX Short-Term Futures ETF,VIXY,36495.2,35388.16,3.12828,1107.04,3.33,121456299.314
01/05/2015,ProShares VIX Short-Term Futures ETF,VIXY,35388.16,33289.28,6.30497,2098.88,3.33,117772061.8912
01/02/2015,ProShares VIX Short-Term Futures ETF,VIXY,33289.28,33491.68,-0.60433,-202.4,3.33,110786973.5096
12/31/2014,ProShares VIX Short-Term Futures ETF,VIXY,33491.68,30832.96,8.62298,2658.72,3.33,111460562.2276
12/30/2014,ProShares VIX Short-Term Futures ETF,VIXY,30832.96,30218.72,2.03265,614.24,3.33,102612322.1272
12/29/2014,ProShares VIX Short-Term Futures ETF,VIXY,30218.72,29787.84,1.44650,430.88,3.28,99151624.3004
12/26/2014,ProShares VIX Short-Term Futures ETF,VIXY,29787.84,30527.36,-2.42248,-739.52,3.2,95410674.9288
12/24/2014,ProShares VIX Short-Term Futures ETF,VIXY,30527.36,30010.88,1.72098,516.48,3.2,97779363.0352
12/23/2014,ProShares VIX Short-Term Futures ETF,VIXY,30010.88,30883.04,-2.82407,-872.16,3.2,96125073.7216
12/22/2014,ProShares VIX Short-Term Futures ETF,VIXY,30883.04,31131.36,-0.79765,-248.32,3.2,98918608.7428
12/19/2014,ProShares VIX Short-Term Futures ETF,VIXY,31131.36,32321.76,-3.68297,-1190.4,3.2,99713979.5652
12/18/2014,ProShares VIX Short-Term Futures ETF,VIXY,32321.76,33176.8,-2.57722,-855.04,3.34,108072087.1932
12/17/2014,ProShares VIX Short-Term Futures ETF,VIXY,33176.8,37782.56,-12.19017,-4605.76,3.34,110931026.726
12/16/2014,ProShares VIX Short-Term Futures ETF,VIXY,37782.56,35044.16,7.81414,2738.4,3.28,123969585.5492
12/15/2014,ProShares VIX Short-Term Futures ETF,VIXY,35044.16,35709.12,-1.86216,-664.96,3.81,133601742.3112
12/12/2014,ProShares VIX Short-Term Futures ETF,VIXY,35709.12,35565.12,0.40489,144,3.91,139484554.1784
12/11/2014,ProShares VIX Short-Term Futures ETF,VIXY,35565.12,32838.72,8.30239,2726.4,3.91,138922071.0984
12/10/2014,ProShares VIX Short-Term Futures ETF,VIXY,32838.72,29418.08,11.62768,3420.64,3.98,130837916.4504
12/09/2014,ProShares VIX Short-Term Futures ETF,VIXY,29418.08,29299.2,0.40574,118.88,4.06,119507493.3756
12/08/2014,ProShares VIX Short-Term Futures ETF,VIXY,29299.2,27599.2,6.15960,1700,4.06,119024557.344
12/05/2014,ProShares VIX Short-Term Futures ETF,VIXY,27599.2,27989.6,-1.39480,-390.4,4.06,112118507.094
12/04/2014,ProShares VIX Short-Term Futures ETF,VIXY,27989.6,28462.56,-1.66169,-472.96,3.84,107581736.222
12/03/2014,ProShares VIX Short-Term Futures ETF,VIXY,28462.56,28375.36,0.30731,87.2,3.84,109399620.6492
12/02/2014,ProShares VIX Short-Term Futures ETF,VIXY,28375.36,30761.76,-7.75768,-2386.4,3.84,109064455.8952
12/01/2014,ProShares VIX Short-Term Futures ETF,VIXY,30761.76,29355.04,4.79209,1406.72,3.78,116314290.4932
11/28/2014,ProShares VIX Short-Term Futures ETF,VIXY,29355.04,28315.84,3.67003,1039.2,3.67,107784588.2828
11/26/2014,ProShares VIX Short-Term Futures ETF,VIXY,28315.84,28750.08,-1.51040,-434.24,3.67,103968897.8888
11/25/2014,ProShares VIX Short-Term Futures ETF,VIXY,28750.08,28925.44,-0.60625,-175.36,3.48,100172681.8656
11/24/2014,ProShares VIX Short-Term Futures ETF,VIXY,28925.44,29652.64,-2.45240,-727.2,3.42,98975841.2608
11/21/2014,ProShares VIX Short-Term Futures ETF,VIXY,29652.64,30009.28,-1.18843,-356.64,3.42,101464143.3148
11/20/2014,ProShares VIX Short-Term Futures ETF,VIXY,30009.28,30688.32,-2.21270,-679.04,3.42,102684478.9096
11/19/2014,ProShares VIX Short-Term Futures ETF,VIXY,30688.32,30292.48,1.30673,395.84,3.42,105007989.1224
11/18/2014,ProShares VIX Short-Term Futures ETF,VIXY,30292.48,30423.04,-0.42915,-130.56,3.42,103653520.6336
11/17/2014,ProShares VIX Short-Term Futures ETF,VIXY,30423.04,30335.84,0.28745,87.2,3.2,97445225.2928
11/14/2014,ProShares VIX Short-Term Futures ETF,VIXY,30335.84,30866.4,-1.71889,-530.56,3.2,97165923.0388
11/13/2014,ProShares VIX Short-Term Futures ETF,VIXY,30866.4,30184.16,2.26026,682.24,3.2,98865310.698
11/12/2014,ProShares VIX Short-Term Futures ETF,VIXY,30184.16,29500.8,2.31641,683.36,3.2,96680090.8612
11/11/2014,ProShares VIX Short-Term Futures ETF,VIXY,29500.8,29581.6,-0.27314,-80.8,3.08,90803683.656
11/10/2014,ProShares VIX Short-Term Futures ETF,VIXY,29581.6,30873.6,-4.18481,-1292,2.92,86430261.662
11/07/2014,ProShares VIX Short-Term Futures ETF,VIXY,30873.6,30898.24,-0.07975,-24.64,2.92,90205172.352
11/06/2014,ProShares VIX Short-Term Futures ETF,VIXY,30898.24,31775.04,-2.75940,-876.8,2.92,90277164.4568
11/05/2014,ProShares VIX Short-Term Futures ETF,VIXY,31775.04,32693.92,-2.81055,-918.88,2.92,92838961.4328
11/04/2014,ProShares VIX Short-Term Futures ETF,VIXY,32693.92,32806.08,-0.34189,-112.16,2.92,95523705.9644
11/03/2014,ProShares VIX Short-Term Futures ETF,VIXY,32806.08,32459.52,1.06767,346.56,2.92,95851410.2856
10/31/2014,ProShares VIX Short-Term Futures ETF,VIXY,32459.52,33104.64,-1.94873,-645.12,2.92,94838846.0064
10/30/2014,ProShares VIX Short-Term Futures ETF,VIXY,33104.64,33318.88,-0.64300,-214.24,2.92,96723730.2048
10/29/2014,ProShares VIX Short-Term Futures ETF,VIXY,33318.88,32192.64,3.49844,1126.24,2.86,95267257.5316
10/28/2014,ProShares VIX Short-Term Futures ETF,VIXY,32192.64,34625.44,-7.02605,-2432.8,2.86,92047047.3648
10/27/2014,ProShares VIX Short-Term Futures ETF,VIXY,34625.44,34689.12,-0.18357,-63.68,2.86,99003049.0108
10/24/2014,ProShares VIX Short-Term Futures ETF,VIXY,34689.12,35387.68,-1.97402,-698.56,2.86,99185126.5284
10/23/2014,ProShares VIX Short-Term Futures ETF,VIXY,35387.68,37017.6,-4.40309,-1629.92,2.55,90123839.4476
10/22/2014,ProShares VIX Short-Term Futures ETF,VIXY,37017.6,34657.76,6.80898,2359.84,2.55,94274850.432
10/21/2014,ProShares VIX Short-Term Futures ETF,VIXY,34657.76,37495.04,-7.56708,-2837.28,2.55,88264910.2132
10/20/2014,ProShares VIX Short-Term Futures ETF,VIXY,37495.04,41045.6,-8.65028,-3550.56,2.55,95490774.3328
10/17/2014,ProShares VIX Short-Term Futures ETF,VIXY,41045.6,43352.8,-5.32192,-2307.2,2.55,104533189.642
10/16/2014,ProShares VIX Short-Term Futures ETF,VIXY,43352.8,45697.6,-5.13112,-2344.8,2.55,110409068.546
10/15/2014,ProShares VIX Short-Term Futures ETF,VIXY,45697.6,40631.84,12.46746,5065.76,2.73,124949005.532
10/14/2014,ProShares VIX Short-Term Futures ETF,VIXY,40631.84,43237.6,-6.02661,-2605.76,3.3,133953323.2588
10/13/2014,ProShares VIX Short-Term Futures ETF,VIXY,43237.6,38357.12,12.72379,4880.48,3.48,150650932.082
10/10/2014,ProShares VIX Short-Term Futures ETF,VIXY,38357.12,34407.04,11.48044,3950.08,3.86,148030003.0384
10/09/2014,ProShares VIX Short-Term Futures ETF,VIXY,34407.04,31308.16,9.89799,3098.88,3.95,136011287.1728
10/08/2014,ProShares VIX Short-Term Futures ETF,VIXY,31308.16,34616.8,-9.55790,-3308.64,3.95,123761391.2912
10/07/2014,ProShares VIX Short-Term Futures ETF,VIXY,34616.8,32293.6,7.19400,2323.2,3.95,136840470.026
10/06/2014,ProShares VIX Short-Term Futures ETF,VIXY,32293.6,31348.64,3.01436,944.96,3.92,126647668.002
10/03/2014,ProShares VIX Short-Term Futures ETF,VIXY,31348.64,33742.88,-7.09554,-2394.24,3.92,122941764.0348
10/02/2014,ProShares VIX Short-Term Futures ETF,VIXY,33742.88,34365.6,-1.81204,-622.72,4.23,142876042.7116
10/01/2014,ProShares VIX Short-Term Futures ETF,VIXY,34365.6,33316,3.15044,1049.6,4.23,145512799.542
09/30/2014,ProShares VIX Short-Term Futures ETF,VIXY,33316,33178.72,0.41376,137.28,4.2,140027397.87
09/29/2014,ProShares VIX Short-Term Futures ETF,VIXY,33178.72,31485.6,5.37744,1693.12,4.14,137376739.0004
09/26/2014,ProShares VIX Short-Term Futures ETF,VIXY,31485.6,32283.84,-2.47257,-798.24,4.14,130366362.942
09/25/2014,ProShares VIX Short-Term Futures ETF,VIXY,32283.84,30140.96,7.10953,2142.88,4.14,133671481.6488
09/24/2014,ProShares VIX Short-Term Futures ETF,VIXY,30140.96,31581.28,-4.56068,-1440.32,4.12,124327918.4372
09/23/2014,ProShares VIX Short-Term Futures ETF,VIXY,31581.28,30576.8,3.28511,1004.48,4.12,130269069.1996
09/22/2014,ProShares VIX Short-Term Futures ETF,VIXY,30576.8,29107.2,5.04892,1469.6,4.12,126125707.226
09/19/2014,ProShares VIX Short-Term Futures ETF,VIXY,29107.2,28893.92,0.73815,213.28,4.12,120063779.904
09/18/2014,ProShares VIX Short-Term Futures ETF,VIXY,28893.92,29302.08,-1.39294,-408.16,4.12,119184024.9644
09/17/2014,ProShares VIX Short-Term Futures ETF,VIXY,29302.08,29614.4,-1.05462,-312.32,4.03,118120567.0056
09/16/2014,ProShares VIX Short-Term Futures ETF,VIXY,29614.4,31329.6,-5.47469,-1715.2,4.03,119379570.308
09/15/2014,ProShares VIX Short-Term Futures ETF,VIXY,31329.6,30513.92,2.67314,815.68,3.95,123846143.772
09/12/2014,ProShares VIX Short-Term Futures ETF,VIXY,30513.92,29828.96,2.29629,684.96,3.95,120621754.6144
09/11/2014,ProShares VIX Short-Term Futures ETF,VIXY,29828.96,29897.12,-0.22798,-68.16,3.95,117914102.5972
09/10/2014,ProShares VIX Short-Term Futures ETF,VIXY,29897.12,30060.32,-0.54291,-163.2,3.95,118183539.5884
09/09/2014,ProShares VIX Short-Term Futures ETF,VIXY,30060.32,29296.32,2.60784,764,3.95,118828670.4124
09/08/2014,ProShares VIX Short-Term Futures ETF,VIXY,29296.32,29116.32,0.61821,180,3.95,115808572.6824
09/05/2014,ProShares VIX Short-Term Futures ETF,VIXY,29116.32,29734.4,-2.07867,-618.08,3.78,110092663.8324
09/04/2014,ProShares VIX Short-Term Futures ETF,VIXY,29734.4,29742.4,-0.02690,-8,3.78,112429706.208
09/03/2014,ProShares VIX Short-Term Futures ETF,VIXY,29742.4,30175.04,-1.43377,-432.64,3.72,110601055.268
09/02/2014,ProShares VIX Short-Term Futures ETF,VIXY,30175.04,30150.88,0.08013,24.16,3.72,112209884.4328
08/29/2014,ProShares VIX Short-Term Futures ETF,VIXY,30150.88,29802.24,1.16984,348.64,3.64,109764504.7716
08/28/2014,ProShares VIX Short-Term Futures ETF,VIXY,29802.24,29726.72,0.25405,75.52,3.64,108495278.2368
08/27/2014,ProShares VIX Short-Term Futures ETF,VIXY,29726.72,29509.28,0.73685,217.44,3.64,108220347.1104
08/26/2014,ProShares VIX Short-Term Futures ETF,VIXY,29509.28,29245.12,0.90326,264.16,3.56,105123342.6596
08/25/2014,ProShares VIX Short-Term Futures ETF,VIXY,29245.12,29557.12,-1.05558,-312,3.56,104182303.6984
08/22/2014,ProShares VIX Short-Term Futures ETF,VIXY,29557.12,29336.8,0.75100,220.32,3.56,105293767.0384
08/21/2014,ProShares VIX Short-Term Futures ETF,VIXY,29336.8,29549.12,-0.71853,-212.32,3.55,104050515.426
08/20/2014,ProShares VIX Short-Term Futures ETF,VIXY,29549.12,29551.36,-0.00758,-2.24,3.55,104803562.9784
08/19/2014,ProShares VIX Short-Term Futures ETF,VIXY,29551.36,29370.56,0.61558,180.8,3.41,100655847.7152
08/18/2014,ProShares VIX Short-Term Futures ETF,VIXY,29370.56,30542.08,-3.83576,-1171.52,3.41,100040018.9592
08/15/2014,ProShares VIX Short-Term Futures ETF,VIXY,30542.08,30456.16,0.28211,85.92,3.31,101167051.3056
08/14/2014,ProShares VIX Short-Term Futures ETF,VIXY,30456.16,31602.4,-3.62707,-1146.24,3.31,100882451.4012
08/13/2014,ProShares VIX Short-Term Futures ETF,VIXY,31602.4,33436.48,-5.48527,-1834.08,3.03,95791061.718
08/12/2014,ProShares VIX Short-Term Futures ETF,VIXY,33436.48,33773.92,-0.99911,-337.44,3.03,101350401.2136
08/11/2014,ProShares VIX Short-Term Futures ETF,VIXY,33773.92,35888.8,-5.89287,-2114.88,3.03,102373226.5644
08/08/2014,ProShares VIX Short-Term Futures ETF,VIXY,35888.8,37116.32,-3.30722,-1227.52,3.17,113830570.566
08/07/2014,ProShares VIX Short-Term Futures ETF,VIXY,37116.32,36258.08,2.36703,858.24,3.17,117723966.3324
08/06/2014,ProShares VIX Short-Term Futures ETF,VIXY,36258.08,36078.4,0.49803,179.68,3.17,115001837.1756
08/05/2014,ProShares VIX Short-Term Futures ETF,VIXY,36078.4,33842.56,6.60659,2235.84,3.3,118941735.788
08/04/2014,ProShares VIX Short-Term Futures ETF,VIXY,33842.56,35882.56,-5.68521,-2040,3.27,110513133.4992
08/01/2014,ProShares VIX Short-Term Futures ETF,VIXY,35882.56,34254.56,4.75265,1628,3.42,122781418.7992
07/31/2014,ProShares VIX Short-Term Futures ETF,VIXY,34254.56,31011.04,10.45924,3243.52,3.73,127915347.5892
07/30/2014,ProShares VIX Short-Term Futures ETF,VIXY,31011.04,30787.36,0.72653,223.68,3.58,110957733.7028
07/29/2014,ProShares VIX Short-Term Futures ETF,VIXY,30787.36,30601.92,0.60598,185.44,3.58,110157404.9852
07/28/2014,ProShares VIX Short-Term Futures ETF,VIXY,30601.92,30941.44,-1.09730,-339.52,3.58,109493899.2744
07/25/2014,ProShares VIX Short-Term Futures ETF,VIXY,30941.44,30295.52,2.13206,645.92,3.36,103940264.3808
07/24/2014,ProShares VIX Short-Term Futures ETF,VIXY,30295.52,29927.2,1.23072,368.32,3.48,105557392.7764
07/23/2014,ProShares VIX Short-Term Futures ETF,VIXY,29927.2,29768.96,0.53156,158.24,3.3,98662721.054
07/22/2014,ProShares VIX Short-Term Futures ETF,VIXY,29768.96,30620.16,-2.77987,-851.2,3.3,98141042.1472
07/21/2014,ProShares VIX Short-Term Futures ETF,VIXY,30620.16,29747.52,2.93349,872.64,3.3,100947242.1312
07/18/2014,ProShares VIX Short-Term Futures ETF,VIXY,29747.52,31315.36,-5.00662,-1567.84,3.3,98070359.6664
07/17/2014,ProShares VIX Short-Term Futures ETF,VIXY,31315.36,29065.76,7.73969,2249.6,3.3,103239147.9452
07/16/2014,ProShares VIX Short-Term Futures ETF,VIXY,29065.76,29751.52,-2.30496,-685.76,3.45,100364287.2732
07/15/2014,ProShares VIX Short-Term Futures ETF,VIXY,29751.52,29192.16,1.91613,559.36,3.45,102732221.6964
07/14/2014,ProShares VIX Short-Term Futures ETF,VIXY,29192.16,30268.8,-3.55693,-1076.64,3.3,96239472.4212
07/11/2014,ProShares VIX Short-Term Futures ETF,VIXY,30268.8,30689.76,-1.37166,-420.96,3.3,99788893.416
07/10/2014,ProShares VIX Short-Term Futures ETF,VIXY,30689.76,29407.84,4.35911,1281.92,3.3,101176696.4532
07/09/2014,ProShares VIX Short-Term Futures ETF,VIXY,29407.84,29930.4,-1.74592,-522.56,3.3,96950517.0788
07/08/2014,ProShares VIX Short-Term Futures ETF,VIXY,29930.4,29667.52,0.88609,262.88,3.3,98673270.678
07/07/2014,ProShares VIX Short-Term Futures ETF,VIXY,29667.52,29003.2,2.29051,664.32,3.39,100587949.0664
07/03/2014,ProShares VIX Short-Term Futures ETF,VIXY,29003.2,29286.08,-0.96592,-282.88,3.39,98335567.124
07/02/2014,ProShares VIX Short-Term Futures ETF,VIXY,29286.08,29640.48,-1.19566,-354.4,3.33,97464293.8856
07/01/2014,ProShares VIX Short-Term Futures ETF,VIXY,29640.48,30412.16,-2.53741,-771.68,3.23,95864944.7436
06/30/2014,ProShares VIX Short-Term Futures ETF,VIXY,30412.16,30840.16,-1.38780,-428,3.23,98360756.5712
06/27/2014,ProShares VIX Short-Term Futures ETF,VIXY,30840.16,31079.52,-0.77015,-239.36,3.23,99745018.7812
06/26/2014,ProShares VIX Short-Term Futures ETF,VIXY,31079.52,30919.84,0.51643,159.68,3.23,100519170.6564
06/25/2014,ProShares VIX Short-Term Futures ETF,VIXY,30919.84,31937.44,-3.18623,-1017.6,3.23,100002724.4188
06/24/2014,ProShares VIX Short-Term Futures ETF,VIXY,31937.44,30860.16,3.49084,1077.28,3.39,108284129.8508
06/23/2014,ProShares VIX Short-Term Futures ETF,VIXY,30860.16,31549.44,-2.18476,-689.28,3.27,100774083.9312
06/20/2014,ProShares VIX Short-Term Futures ETF,VIXY,31549.44,31307.68,0.77221,241.76,3.27,103024932.9408
06/19/2014,ProShares VIX Short-Term Futures ETF,VIXY,31307.68,31063.52,0.78600,244.16,3.27,102235463.8476
06/18/2014,ProShares VIX Short-Term Futures ETF,VIXY,31063.52,32901.28,-5.58568,-1837.76,3.27,101438157.5364
06/17/2014,ProShares VIX Short-Term Futures ETF,VIXY,32901.28,33807.04,-2.67921,-905.76,3.2,105383046.5996
06/16/2014,ProShares VIX Short-Term Futures ETF,VIXY,33807.04,33783.68,0.06915,23.36,3.27,110397142.6728
06/13/2014,ProShares VIX Short-Term Futures ETF,VIXY,33783.68,34610.24,-2.38819,-826.56,3.27,110320860.4176
06/12/2014,ProShares VIX Short-Term Futures ETF,VIXY,34610.24,32973.12,4.96501,1637.12,3.23,111938428.2968
06/11/2014,ProShares VIX Short-Term Futures ETF,VIXY,32973.12,32219.36,2.33946,753.76,3.14,103552330.6584
06/10/2014,ProShares VIX Short-Term Futures ETF,VIXY,32219.36,32681.6,-1.41437,-462.24,3.14,101185141.7252
06/09/2014,ProShares VIX Short-Term Futures ETF,VIXY,32681.6,32260.16,1.30638,421.44,3.14,102636809.912
06/06/2014,ProShares VIX Short-Term Futures ETF,VIXY,32260.16,34056,-5.27320,-1795.84,3.2,103329534.4312
06/05/2014,ProShares VIX Short-Term Futures ETF,VIXY,34056,35386.72,-3.76051,-1330.72,3.27,111210123.42
06/04/2014,ProShares VIX Short-Term Futures ETF,VIXY,35386.72,35761.12,-1.04695,-374.4,3.27,115555599.5604
06/03/2014,ProShares VIX Short-Term Futures ETF,VIXY,35761.12,35610.08,0.42415,151.04,3.2,114543135.5684
06/02/2014,ProShares VIX Short-Term Futures ETF,VIXY,35610.08,35822.08,-0.59181,-212,3.2,114059353.3156
05/30/2014,ProShares VIX Short-Term Futures ETF,VIXY,35822.08,35739.2,0.23190,82.88,3.11,111380070.9056
05/29/2014,ProShares VIX Short-Term Futures ETF,VIXY,35739.2,36061.6,-0.89403,-322.4,3.11,111122375.644
05/28/2014,ProShares VIX Short-Term Futures ETF,VIXY,36061.6,36006.56,0.15286,55.04,3.11,112124800.262
05/27/2014,ProShares VIX Short-Term Futures ETF,VIXY,36006.56,37177.44,-3.14944,-1170.88,3.02,108578051.7292
05/23/2014,ProShares VIX Short-Term Futures ETF,VIXY,37177.44,37549.12,-0.98985,-371.68,3.02,112108849.1508
05/22/2014,ProShares VIX Short-Term Futures ETF,VIXY,37549.12,37667.04,-0.31306,-117.92,3.02,113229652.9784
05/21/2014,ProShares VIX Short-Term Futures ETF,VIXY,37667.04,38469.6,-2.08622,-802.56,3.02,113585241.6228
05/20/2014,ProShares VIX Short-Term Futures ETF,VIXY,38469.6,38336.96,0.34598,132.64,2.92,112398842.322
05/19/2014,ProShares VIX Short-Term Futures ETF,VIXY,38336.96,39135.68,-2.04090,-798.72,2.77,106021150.4072
05/16/2014,ProShares VIX Short-Term Futures ETF,VIXY,39135.68,39882.4,-1.87230,-746.72,2.73,107007026.5576
05/15/2014,ProShares VIX Short-Term Futures ETF,VIXY,39882.4,39338.88,1.38164,543.52,2.73,109048751.318
05/14/2014,ProShares VIX Short-Term Futures ETF,VIXY,39338.88,39697.12,-0.90243,-358.24,2.86,112479987.6816
05/13/2014,ProShares VIX Short-Term Futures ETF,VIXY,39697.12,39593.28,0.26227,103.84,2.8,111023218.0884
05/12/2014,ProShares VIX Short-Term Futures ETF,VIXY,39593.28,40816.8,-2.99759,-1223.52,2.8,110732802.7896
05/09/2014,ProShares VIX Short-Term Futures ETF,VIXY,40816.8,41644.96,-1.98862,-828.16,2.8,114154691.526
05/08/2014,ProShares VIX Short-Term Futures ETF,VIXY,41644.96,41591.36,0.12887,53.6,2.8,116470854.2172
05/07/2014,ProShares VIX Short-Term Futures ETF,VIXY,41591.36,42560.64,-2.27741,-969.28,2.8,116320948.0152
05/06/2014,ProShares VIX Short-Term Futures ETF,VIXY,42560.64,42067.84,1.17144,492.8,2.73,116371749.1248
05/05/2014,ProShares VIX Short-Term Futures ETF,VIXY,42067.84,42838.56,-1.79913,-770.72,2.73,115024307.0288
05/02/2014,ProShares VIX Short-Term Futures ETF,VIXY,42838.56,42711.68,0.29706,126.88,2.73,117131653.9692
05/01/2014,ProShares VIX Short-Term Futures ETF,VIXY,42711.68,42875.68,-0.38250,-164,2.73,116784731.3776
04/30/2014,ProShares VIX Short-Term Futures ETF,VIXY,42875.68,42825.12,0.11806,50.56,2.67,114553419.6076
04/29/2014,ProShares VIX Short-Term Futures ETF,VIXY,42825.12,43391.68,-1.30569,-566.56,2.58,110403480.5484
04/28/2014,ProShares VIX Short-Term Futures ETF,VIXY,43391.68,44441.6,-2.36247,-1049.92,2.5,108474101.4776
04/25/2014,ProShares VIX Short-Term Futures ETF,VIXY,44441.6,44122.24,0.72381,319.36,2.5,111098778.112
04/24/2014,ProShares VIX Short-Term Futures ETF,VIXY,44122.24,43749.92,0.85102,372.32,2.5,110300415.6368
04/23/2014,ProShares VIX Short-Term Futures ETF,VIXY,43749.92,43419.84,0.76021,330.08,2.5,109369659.3844
04/22/2014,ProShares VIX Short-Term Futures ETF,VIXY,43419.84,43860.48,-1.00464,-440.64,2.5,108544498.1688
04/21/2014,ProShares VIX Short-Term Futures ETF,VIXY,43860.48,44402.24,-1.22012,-541.76,2.5,109646046.3936
04/17/2014,ProShares VIX Short-Term Futures ETF,VIXY,44402.24,45250.56,-1.87472,-848.32,2.5,111000382.7368
04/16/2014,ProShares VIX Short-Term Futures ETF,VIXY,45250.56,46819.68,-3.35141,-1569.12,2.59,117363323.0592
04/15/2014,ProShares VIX Short-Term Futures ETF,VIXY,46819.68,47448.8,-1.32589,-629.12,2.59,121433043.6876
04/14/2014,ProShares VIX Short-Term Futures ETF,VIXY,47448.8,47632.96,-0.38662,-184.16,2.59,123064749.766
04/11/2014,ProShares VIX Short-Term Futures ETF,VIXY,47632.96,46250.88,2.98822,1382.08,2.69,128007983.1272
04/10/2014,ProShares VIX Short-Term Futures ETF,VIXY,46250.88,43668,5.91481,2582.88,2.75,127184485.5216
04/09/2014,ProShares VIX Short-Term Futures ETF,VIXY,43668,44769.76,-2.46095,-1101.76,2.69,117352619.01
04/08/2014,ProShares VIX Short-Term Futures ETF,VIXY,44769.76,45576.64,-1.77038,-806.88,2.69,120313469.5532
04/07/2014,ProShares VIX Short-Term Futures ETF,VIXY,45576.64,44476.48,2.47358,1100.16,2.62,119633324.7448
04/04/2014,ProShares VIX Short-Term Futures ETF,VIXY,44476.48,43413.76,2.44789,1062.72,2.72,120915204.0136
04/03/2014,ProShares VIX Short-Term Futures ETF,VIXY,43413.76,43848.16,-0.99069,-434.4,2.72,118026058.8832
04/02/2014,ProShares VIX Short-Term Futures ETF,VIXY,43848.16,43566.08,0.64748,282.08,2.67,117151650.3412
04/01/2014,ProShares VIX Short-Term Futures ETF,VIXY,43566.08,45119.52,-3.44294,-1553.44,2.61,113675120.9856
03/31/2014,ProShares VIX Short-Term Futures ETF,VIXY,45119.52,46380,-2.71772,-1260.48,2.61,117728445.9564
03/28/2014,ProShares VIX Short-Term Futures ETF,VIXY,46380,46823.2,-0.94654,-443.2,2.61,121017362.85
03/27/2014,ProShares VIX Short-Term Futures ETF,VIXY,46823.2,47659.52,-1.75478,-836.32,2.58,120710560.774
03/26/2014,ProShares VIX Short-Term Futures ETF,VIXY,47659.52,46593.44,2.28805,1066.08,2.53,120632560.0064
03/25/2014,ProShares VIX Short-Term Futures ETF,VIXY,46593.44,47298.08,-1.48979,-704.64,2.53,117934170.2708
03/24/2014,ProShares VIX Short-Term Futures ETF,VIXY,47298.08,47419.52,-0.25610,-121.44,2.53,119717707.4756
03/21/2014,ProShares VIX Short-Term Futures ETF,VIXY,47419.52,46684.96,1.57344,734.56,2.53,120025088.2064
03/20/2014,ProShares VIX Short-Term Futures ETF,VIXY,46684.96,47433.28,-1.57763,-748.32,2.53,118165819.5172
03/19/2014,ProShares VIX Short-Term Futures ETF,VIXY,47433.28,46274.88,2.50330,1158.4,2.53,120059916.5896
03/18/2014,ProShares VIX Short-Term Futures ETF,VIXY,46274.88,47912.16,-3.41725,-1637.28,2.53,117127852.7016
03/17/2014,ProShares VIX Short-Term Futures ETF,VIXY,47912.16,50822.24,-5.72600,-2910.08,2.53,121272025.3212
03/14/2014,ProShares VIX Short-Term Futures ETF,VIXY,50822.24,49154.24,3.39340,1668,2.48,126255530.8868
03/13/2014,ProShares VIX Short-Term Futures ETF,VIXY,49154.24,46921.92,4.75752,2232.32,2.61,128256069.3768
03/12/2014,ProShares VIX Short-Term Futures ETF,VIXY,46921.92,47431.04,-1.07339,-509.12,2.55,119498751.6744
03/11/2014,ProShares VIX Short-Term Futures ETF,VIXY,47431.04,46803.68,1.34041,627.36,2.55,120795356.8528
03/10/2014,ProShares VIX Short-Term Futures ETF,VIXY,46803.68,46898.24,-0.20163,-94.56,2.45,114809778.0676
03/07/2014,ProShares VIX Short-Term Futures ETF,VIXY,46898.24,45843.68,2.30034,1054.56,2.45,115041734.4568
03/06/2014,ProShares VIX Short-Term Futures ETF,VIXY,45843.68,46061.12,-0.47207,-217.44,2.45,112454890.8676
03/05/2014,ProShares VIX Short-Term Futures ETF,VIXY,46061.12,45996.64,0.14018,64.48,2.45,112988272.8184
03/04/2014,ProShares VIX Short-Term Futures ETF,VIXY,45996.64,49863.84,-7.75552,-3867.2,2.45,112830102.8948
03/03/2014,ProShares VIX Short-Term Futures ETF,VIXY,49863.84,46320.96,7.64855,3542.88,2.45,122316373.4988
02/28/2014,ProShares VIX Short-Term Futures ETF,VIXY,46320.96,45873.44,0.97555,447.52,2.52,116520722.2872
02/27/2014,ProShares VIX Short-Term Futures ETF,VIXY,45873.44,46378.4,-1.08878,-504.96,2.45,112527892.3708
02/26/2014,ProShares VIX Short-Term Futures ETF,VIXY,46378.4,45214.08,2.57513,1164.32,2.45,113766563.038
02/25/2014,ProShares VIX Short-Term Futures ETF,VIXY,45214.08,45520.48,-0.67310,-306.4,2.45,110910477.3456
02/24/2014,ProShares VIX Short-Term Futures ETF,VIXY,45520.48,45935.84,-0.90422,-415.36,2.39,108817048.8436
02/21/2014,ProShares VIX Short-Term Futures ETF,VIXY,45935.84,45383.52,1.21701,552.32,2.39,109809970.0388
02/20/2014,ProShares VIX Short-Term Futures ETF,VIXY,45383.52,46746.72,-2.91614,-1363.2,2.45,111326114.9364
02/19/2014,ProShares VIX Short-Term Futures ETF,VIXY,46746.72,43854.4,6.59528,2892.32,2.45,114670054.7604
02/18/2014,ProShares VIX Short-Term Futures ETF,VIXY,43854.4,44574.24,-1.61492,-719.84,2.45,107575172.108
02/14/2014,ProShares VIX Short-Term Futures ETF,VIXY,44574.24,45392.8,-1.80328,-818.56,2.45,109340945.0268
02/13/2014,ProShares VIX Short-Term Futures ETF,VIXY,45392.8,45503.36,-0.24297,-110.56,2.45,111348878.846
02/12/2014,ProShares VIX Short-Term Futures ETF,VIXY,45503.36,46558.72,-2.26673,-1055.36,2.45,111620083.3552
02/11/2014,ProShares VIX Short-Term Futures ETF,VIXY,46558.72,48289.76,-3.58469,-1731.04,2.52,117118809.3504
02/10/2014,ProShares VIX Short-Term Futures ETF,VIXY,48289.76,48255.84,0.07029,33.92,2.52,121473253.4532
02/07/2014,ProShares VIX Short-Term Futures ETF,VIXY,48255.84,52110.72,-7.39748,-3854.88,2.77,133451887.4388
02/06/2014,ProShares VIX Short-Term Futures ETF,VIXY,52110.72,58002.88,-10.15839,-5892.16,2.83,147369506.9904
02/05/2014,ProShares VIX Short-Term Futures ETF,VIXY,58002.88,56645.28,2.39667,1357.6,4.14,240161359.6616
02/04/2014,ProShares VIX Short-Term Futures ETF,VIXY,56645.28,57893.6,-2.15623,-1248.32,4.33,245161196.6796
02/03/2014,ProShares VIX Short-Term Futures ETF,VIXY,57893.6,53468,8.27710,4425.6,5.27,304839185.002
01/31/2014,ProShares VIX Short-Term Futures ETF,VIXY,53468,50796.64,5.25893,2671.36,5.52,294903155.01
01/30/2014,ProShares VIX Short-Term Futures ETF,VIXY,50796.64,50131.84,1.32610,664.8,5.48,278581853.8948
01/29/2014,ProShares VIX Short-Term Futures ETF,VIXY,50131.84,46711.68,7.32185,3420.16,5.67,284335639.5088
01/28/2014,ProShares VIX Short-Term Futures ETF,VIXY,46711.68,49338.72,-5.32450,-2627.04,5.67,264937321.3776
01/27/2014,ProShares VIX Short-Term Futures ETF,VIXY,49338.72,49576,-0.47862,-237.28,5.8,286004595.2004
01/24/2014,ProShares VIX Short-Term Futures ETF,VIXY,49576,43701.28,13.44290,5874.72,5.8,287380049.82
01/23/2014,ProShares VIX Short-Term Futures ETF,VIXY,43701.28,42661.92,2.43627,1039.36,6.14,268348037.5996
01/22/2014,ProShares VIX Short-Term Futures ETF,VIXY,42661.92,43431.68,-1.77235,-769.76,6.14,261965839.7244
01/21/2014,ProShares VIX Short-Term Futures ETF,VIXY,43431.68,43910.72,-1.09094,-479.04,6.06,263299456.7776
01/17/2014,ProShares VIX Short-Term Futures ETF,VIXY,43910.72,44053.6,-0.32433,-142.88,5.97,262086950.4904
01/16/2014,ProShares VIX Short-Term Futures ETF,VIXY,44053.6,43527.2,1.20936,526.4,5.97,262939748.702
01/15/2014,ProShares VIX Short-Term Futures ETF,VIXY,43527.2,43374.08,0.35302,153.12,5.92,257757523.054
01/14/2014,ProShares VIX Short-Term Futures ETF,VIXY,43374.08,44972.32,-3.55383,-1598.24,5.92,256850783.5456
01/13/2014,ProShares VIX Short-Term Futures ETF,VIXY,44972.32,43935.84,2.35908,1036.48,5.8,260693633.2524
01/10/2014,ProShares VIX Short-Term Futures ETF,VIXY,43935.84,44876.16,-2.09537,-940.32,5.86,257431400.0388
01/09/2014,ProShares VIX Short-Term Futures ETF,VIXY,44876.16,44736.16,0.31295,140,5.83,261538597.0512
01/08/2014,ProShares VIX Short-Term Futures ETF,VIXY,44736.16,44672.48,0.14255,63.68,5.83,260722676.0012
01/07/2014,ProShares VIX Short-Term Futures ETF,VIXY,44672.48,45555.2,-1.93769,-882.72,5.83,260351548.4836
01/06/2014,ProShares VIX Short-Term Futures ETF,VIXY,45555.2,46041.76,-1.05678,-486.56,5.77,262648847.264
01/03/2014,ProShares VIX Short-Term Futures ETF,VIXY,46041.76,46523.68,-1.03586,-481.92,5.77,265454112.5932
01/02/2014,ProShares VIX Short-Term Futures ETF,VIXY,46523.68,45664.96,1.88048,858.72,5.83,271140355.9676
12/31/2013,ProShares VIX Short-Term Futures ETF,VIXY,45664.96,45685.28,-0.04448,-20.32,5.92,270416819.3672
12/30/2013,ProShares VIX Short-Term Futures ETF,VIXY,45685.28,45047.68,1.41539,637.6,6.11,279103139.4796
12/27/2013,ProShares VIX Short-Term Futures ETF,VIXY,45047.68,44208.48,1.89828,839.2,6.11,275207876.8976
12/26/2013,ProShares VIX Short-Term Futures ETF,VIXY,44208.48,44281.44,-0.16476,-72.96,6.11,270080988.0036
12/24/2013,ProShares VIX Short-Term Futures ETF,VIXY,44281.44,45851.36,-3.42393,-1569.92,6.11,270526719.4308
12/23/2013,ProShares VIX Short-Term Futures ETF,VIXY,45851.36,47604.32,-3.68235,-1752.96,6.05,277252054.9652
12/20/2013,ProShares VIX Short-Term Futures ETF,VIXY,47604.32,47650.24,-0.09637,-45.92,6.06,288595596.4924
12/19/2013,ProShares VIX Short-Term Futures ETF,VIXY,47650.24,47799.36,-0.31197,-149.12,6.06,288873981.0968
12/18/2013,ProShares VIX Short-Term Futures ETF,VIXY,47799.36,51254.08,-6.74038,-3454.72,6.06,289778003.5752
12/17/2013,ProShares VIX Short-Term Futures ETF,VIXY,51254.08,51818.24,-1.08873,-564.16,5.97,305916767.6456
12/16/2013,ProShares VIX Short-Term Futures ETF,VIXY,51818.24,50948,1.70809,870.24,6.06,314141991.3568
12/13/2013,ProShares VIX Short-Term Futures ETF,VIXY,50948,50899.36,0.09556,48.64,6.06,308866263.61
12/12/2013,ProShares VIX Short-Term Futures ETF,VIXY,50899.36,50423.68,0.94337,475.68,6.06,308571389.3252
12/11/2013,ProShares VIX Short-Term Futures ETF,VIXY,50423.68,48256.48,4.49100,2167.2,6.12,308839115.2176
12/10/2013,ProShares VIX Short-Term Futures ETF,VIXY,48256.48,47821.28,0.91006,435.2,6.3,303859352.3636
12/09/2013,ProShares VIX Short-Term Futures ETF,VIXY,47821.28,48487.04,-1.37307,-665.76,6.14,293646928.4996
12/06/2013,ProShares VIX Short-Term Futures ETF,VIXY,48487.04,50293.6,-3.59203,-1806.56,6,290916542.7728
12/05/2013,ProShares VIX Short-Term Futures ETF,VIXY,50293.6,49647.52,1.30133,646.08,6,301755690.502
12/04/2013,ProShares VIX Short-Term Futures ETF,VIXY,49647.52,50516.64,-1.72046,-869.12,5.64,280037208.9164
12/03/2013,ProShares VIX Short-Term Futures ETF,VIXY,50516.64,49411.68,2.23623,1104.96,5.61,283360841.7948
12/02/2013,ProShares VIX Short-Term Futures ETF,VIXY,49411.68,48606.4,1.65674,805.28,5.7,281795181.6276
11/29/2013,ProShares VIX Short-Term Futures ETF,VIXY,48606.4,48324.32,0.58372,282.08,5.61,272645813.748
11/27/2013,ProShares VIX Short-Term Futures ETF,VIXY,48324.32,47983.04,0.71125,341.28,5.53,267288216.8924
11/26/2013,ProShares VIX Short-Term Futures ETF,VIXY,47983.04,47750.24,0.48754,232.8,5.14,246657176.9928
11/25/2013,ProShares VIX Short-Term Futures ETF,VIXY,47750.24,47692.16,0.12178,58.08,4.81,229792419.3468
11/22/2013,ProShares VIX Short-Term Futures ETF,VIXY,47692.16,48115.52,-0.87988,-423.36,4.81,229512916.1712
11/21/2013,ProShares VIX Short-Term Futures ETF,VIXY,48115.52,49702.88,-3.19370,-1587.36,4.81,231550286.4264
11/20/2013,ProShares VIX Short-Term Futures ETF,VIXY,49702.88,50940.32,-2.42920,-1237.44,4.8,238412662.4116
11/19/2013,ProShares VIX Short-Term Futures ETF,VIXY,50940.32,50221.92,1.43045,718.4,4.84,246736189.5124
11/18/2013,ProShares VIX Short-Term Futures ETF,VIXY,50221.92,50288.96,-0.13331,-67.04,4.95,248749546.4244
11/15/2013,ProShares VIX Short-Term Futures ETF,VIXY,50288.96,51113.76,-1.61366,-824.8,4.94,248295831.0472
11/14/2013,ProShares VIX Short-Term Futures ETF,VIXY,51113.76,51380.32,-0.51880,-266.56,4.8,245180311.6332
11/13/2013,ProShares VIX Short-Term Futures ETF,VIXY,51380.32,51876.8,-0.95704,-496.48,4.8,246458935.3124
11/12/2013,ProShares VIX Short-Term Futures ETF,VIXY,51876.8,51698.4,0.34508,178.4,4.8,248840429.476
11/11/2013,ProShares VIX Short-Term Futures ETF,VIXY,51698.4,52267.52,-1.08886,-569.12,4.37,226174425.438
11/08/2013,ProShares VIX Short-Term Futures ETF,VIXY,52267.52,54376,-3.87759,-2108.48,4.19,218864098.5664
11/07/2013,ProShares VIX Short-Term Futures ETF,VIXY,54376,52614.72,3.34750,1761.28,4.19,227693110.82
11/06/2013,ProShares VIX Short-Term Futures ETF,VIXY,52614.72,53600.64,-1.83938,-985.92,4.22,221962167.7704
11/05/2013,ProShares VIX Short-Term Futures ETF,VIXY,53600.64,53319.36,0.52754,281.28,4.14,221933851.9248
11/04/2013,ProShares VIX Short-Term Futures ETF,VIXY,53319.36,55159.84,-3.33663,-1840.48,4.14,220769209.9752
11/01/2013,ProShares VIX Short-Term Futures ETF,VIXY,55159.84,55080,0.14495,79.84,4.14,228389731.2188
10/31/2013,ProShares VIX Short-Term Futures ETF,VIXY,55080,55266.72,-0.33785,-186.72,4.14,228059153.1
10/30/2013,ProShares VIX Short-Term Futures ETF,VIXY,55266.72,54972.48,0.53525,294.24,4.14,228832268.6604
10/29/2013,ProShares VIX Short-Term Futures ETF,VIXY,54972.48,55212.32,-0.43440,-239.84,4.16,228472910.7336
10/28/2013,ProShares VIX Short-Term Futures ETF,VIXY,55212.32,55092.16,0.21811,120.16,4.03,222568177.5524
10/25/2013,ProShares VIX Short-Term Futures ETF,VIXY,55092.16,54888,0.37196,204.16,4.03,222083796.6712
10/24/2013,ProShares VIX Short-Term Futures ETF,VIXY,54888,55689.12,-1.43856,-801.12,3.97,217830300.66
10/23/2013,ProShares VIX Short-Term Futures ETF,VIXY,55689.12,55386.4,0.54656,302.72,2.47,137475971.5284
10/22/2013,ProShares VIX Short-Term Futures ETF,VIXY,55386.4,55354.4,0.05781,32,2.28,126343717.098
10/21/2013,ProShares VIX Short-Term Futures ETF,VIXY,55354.4,54414.08,1.72808,940.32,2.08,115026858.358
10/18/2013,ProShares VIX Short-Term Futures ETF,VIXY,54414.08,55220.48,-1.46033,-806.4,2.08,113072866.3456
10/17/2013,ProShares VIX Short-Term Futures ETF,VIXY,55220.48,59016.48,-6.43210,-3796,2.06,113885751.5936
10/16/2013,ProShares VIX Short-Term Futures ETF,VIXY,59016.48,65715.84,-10.19444,-6699.36,2.03,119870290.5636
10/15/2013,ProShares VIX Short-Term Futures ETF,VIXY,65715.84,62948,4.39703,2767.84,2.03,133477578.3888
10/14/2013,ProShares VIX Short-Term Futures ETF,VIXY,62948,62026.72,1.48530,921.28,2,125888603.61
10/11/2013,ProShares VIX Short-Term Futures ETF,VIXY,62026.72,63932.48,-2.98089,-1905.76,2.11,130830324.3604
10/10/2013,ProShares VIX Short-Term Futures ETF,VIXY,63932.48,71443.52,-10.51326,-7511.04,2.12,135849007.9336
10/09/2013,ProShares VIX Short-Term Futures ETF,VIXY,71443.52,73112.64,-2.28294,-1669.12,2.41,171902575.3864
10/08/2013,ProShares VIX Short-Term Futures ETF,VIXY,73112.64,70094.88,4.30525,3017.76,2.44,178203469.2648
10/07/2013,ProShares VIX Short-Term Futures ETF,VIXY,70094.88,64514.24,8.65025,5580.64,2.41,168657568.8516
10/04/2013,ProShares VIX Short-Term Futures ETF,VIXY,64514.24,66236.48,-2.60014,-1722.24,2.37,153213739.5768
10/03/2013,ProShares VIX Short-Term Futures ETF,VIXY,66236.48,63540.16,4.24349,2696.32,2.58,170758142.2136
10/02/2013,ProShares VIX Short-Term Futures ETF,VIXY,63540.16,60581.92,4.88304,2958.24,2.66,168771084.0312
10/01/2013,ProShares VIX Short-Term Futures ETF,VIXY,60581.92,63281.44,-4.26590,-2699.52,2.66,160913606.6244
09/30/2013,ProShares VIX Short-Term Futures ETF,VIXY,63281.44,60834.24,4.02273,2447.2,2.64,167095116.9308
09/27/2013,ProShares VIX Short-Term Futures ETF,VIXY,60834.24,58538.72,3.92137,2295.52,2.7,164435406.9768
09/26/2013,ProShares VIX Short-Term Futures ETF,VIXY,58538.72,59514.4,-1.63940,-975.68,2.8,163718604.2004
09/25/2013,ProShares VIX Short-Term Futures ETF,VIXY,59514.4,59566.88,-0.08810,-52.48,2.67,159008044.558
09/24/2013,ProShares VIX Short-Term Futures ETF,VIXY,59566.88,60624.48,-1.74451,-1057.6,2.69,160078990.8916
09/23/2013,ProShares VIX Short-Term Futures ETF,VIXY,60624.48,59308.96,2.21808,1315.52,2.72,164815681.6236
09/20/2013,ProShares VIX Short-Term Futures ETF,VIXY,59308.96,58340.48,1.66005,968.48,2.72,161239266.1972
09/19/2013,ProShares VIX Short-Term Futures ETF,VIXY,58340.48,58152.32,0.32356,188.16,2.72,158606324.9936
09/18/2013,ProShares VIX Short-Term Futures ETF,VIXY,58152.32,61134.08,-4.87741,-2981.76,2.69,156277527.1024
09/17/2013,ProShares VIX Short-Term Futures ETF,VIXY,61134.08,61526.56,-0.63790,-392.48,2.69,164290656.7456
09/16/2013,ProShares VIX Short-Term Futures ETF,VIXY,61526.56,62460.8,-1.49572,-934.24,2.69,165345400.6292
09/13/2013,ProShares VIX Short-Term Futures ETF,VIXY,62460.8,62461.76,-0.00154,-0.96,2.75,171759860.856
09/12/2013,ProShares VIX Short-Term Futures ETF,VIXY,62461.76,62096.64,0.58799,365.12,2.75,171762500.7432
09/11/2013,ProShares VIX Short-Term Futures ETF,VIXY,62096.64,64507.68,-3.73760,-2411.04,2.75,170758463.6448
09/10/2013,ProShares VIX Short-Term Futures ETF,VIXY,64507.68,66611.52,-3.15837,-2103.84,2.75,177388540.3476
09/09/2013,ProShares VIX Short-Term Futures ETF,VIXY,66611.52,69453.12,-4.09139,-2841.6,2.69,179010633.1464
09/06/2013,ProShares VIX Short-Term Futures ETF,VIXY,69453.12,69053.92,0.57810,399.2,2.56,177965459.2584
09/05/2013,ProShares VIX Short-Term Futures ETF,VIXY,69053.92,69957.6,-1.29175,-903.68,2.53,174784621.1644
09/04/2013,ProShares VIX Short-Term Futures ETF,VIXY,69957.6,70481.44,-0.74323,-523.84,2.53,177071954.982
09/03/2013,ProShares VIX Short-Term Futures ETF,VIXY,70481.44,72903.04,-3.32167,-2421.6,2.48,175094045.9308
08/30/2013,ProShares VIX Short-Term Futures ETF,VIXY,72903.04,72213.12,0.95539,689.92,2.52,183388143.8928
08/29/2013,ProShares VIX Short-Term Futures ETF,VIXY,72213.12,72218.72,-0.00775,-5.6,2.59,187294294.9584
08/28/2013,ProShares VIX Short-Term Futures ETF,VIXY,72218.72,71718.08,0.69807,500.64,2.59,187308819.3004
08/27/2013,ProShares VIX Short-Term Futures ETF,VIXY,71718.08,66266.88,8.22613,5451.2,2.64,189372128.1256
08/26/2013,ProShares VIX Short-Term Futures ETF,VIXY,66266.88,63708,4.01658,2558.88,2.7,179119873.6416
08/23/2013,ProShares VIX Short-Term Futures ETF,VIXY,63708,64711.36,-1.55052,-1003.36,2.61,166230576.81
08/22/2013,ProShares VIX Short-Term Futures ETF,VIXY,64711.36,67408.48,-4.00116,-2697.12,2.61,168848601.4152
08/21/2013,ProShares VIX Short-Term Futures ETF,VIXY,67408.48,65532.16,2.86320,1876.32,2.66,179045854.5036
08/20/2013,ProShares VIX Short-Term Futures ETF,VIXY,65532.16,66751.2,-1.82624,-1219.04,2.72,178157859.9712
08/19/2013,ProShares VIX Short-Term Futures ETF,VIXY,66751.2,65207.84,2.36683,1543.36,2.62,175214056.734
08/16/2013,ProShares VIX Short-Term Futures ETF,VIXY,65207.84,65669.44,-0.70291,-461.6,2.64,172181790.5788
08/15/2013,ProShares VIX Short-Term Futures ETF,VIXY,65669.44,62928.64,4.35541,2740.8,2.64,173400648.8408
08/14/2013,ProShares VIX Short-Term Futures ETF,VIXY,62928.64,61864.48,1.72015,1064.16,2.7,170096585.8848
08/13/2013,ProShares VIX Short-Term Futures ETF,VIXY,61864.48,62448.48,-0.93517,-584,2.72,168186785.9236
08/12/2013,ProShares VIX Short-Term Futures ETF,VIXY,62448.48,63310.56,-1.36167,-862.08,2.69,167822952.3036
08/09/2013,ProShares VIX Short-Term Futures ETF,VIXY,63310.56,61871.2,2.32638,1439.36,2.67,169150463.5092
08/08/2013,ProShares VIX Short-Term Futures ETF,VIXY,61871.2,62898.08,-1.63261,-1026.88,2.67,165304842.634
08/07/2013,ProShares VIX Short-Term Futures ETF,VIXY,62898.08,62120.32,1.25202,777.76,2.62,165100069.4756
08/06/2013,ProShares VIX Short-Term Futures ETF,VIXY,62120.32,60470.24,2.72875,1650.08,2.62,163058540.8624
08/05/2013,ProShares VIX Short-Term Futures ETF,VIXY,60470.24,61143.68,-1.10141,-673.44,2.72,164396359.7468
08/02/2013,ProShares VIX Short-Term Futures ETF,VIXY,61143.68,63025.12,-2.98522,-1881.44,2.72,166227195.6176
08/01/2013,ProShares VIX Short-Term Futures ETF,VIXY,63025.12,64448.64,-2.20877,-1423.52,2.72,171342139.5484
07/31/2013,ProShares VIX Short-Term Futures ETF,VIXY,64448.64,66049.92,-2.42435,-1601.28,2.72,175212167.2848
07/30/2013,ProShares VIX Short-Term Futures ETF,VIXY,66049.92,67457.92,-2.08723,-1408,2.56,169245159.1344
07/29/2013,ProShares VIX Short-Term Futures ETF,VIXY,67457.92,66714.88,1.11375,743.04,2.56,172852993.6944
07/26/2013,ProShares VIX Short-Term Futures ETF,VIXY,66714.88,66944.8,-0.34345,-229.92,2.56,170949041.0016
07/25/2013,ProShares VIX Short-Term Futures ETF,VIXY,66944.8,68305.44,-1.99199,-1360.64,2.56,171538183.986
07/24/2013,ProShares VIX Short-Term Futures ETF,VIXY,68305.44,67713.92,0.87356,591.52,2.56,175024664.1108
07/23/2013,ProShares VIX Short-Term Futures ETF,VIXY,67713.92,67945.92,-0.34145,-232,2.59,175625023.6144
07/22/2013,ProShares VIX Short-Term Futures ETF,VIXY,67945.92,68921.6,-1.41564,-975.68,2.42,164548541.3544
07/19/2013,ProShares VIX Short-Term Futures ETF,VIXY,68921.6,71404.96,-3.47785,-2483.36,2.39,164757601.712
07/18/2013,ProShares VIX Short-Term Futures ETF,VIXY,71404.96,72083.2,-0.94091,-678.24,2.39,170694092.4172
07/17/2013,ProShares VIX Short-Term Futures ETF,VIXY,72083.2,74860,-3.70932,-2776.8,2.36,170062830.224
07/16/2013,ProShares VIX Short-Term Futures ETF,VIXY,74860,72827.36,2.79104,2032.64,2.36,176614016.45
07/15/2013,ProShares VIX Short-Term Futures ETF,VIXY,72827.36,75014.24,-2.91529,-2186.88,2.28,166128857.7852
07/12/2013,ProShares VIX Short-Term Futures ETF,VIXY,75014.24,74311.52,0.94564,702.72,2.31,173461615.8268
07/11/2013,ProShares VIX Short-Term Futures ETF,VIXY,74311.52,75783.2,-1.94196,-1471.68,2.31,171836658.3964
07/10/2013,ProShares VIX Short-Term Futures ETF,VIXY,75783.2,77146.08,-1.76662,-1362.88,2.31,175239745.474
07/09/2013,ProShares VIX Short-Term Futures ETF,VIXY,77146.08,77844.64,-0.89738,-698.56,2.25,173569615.3356
07/08/2013,ProShares VIX Short-Term Futures ETF,VIXY,77844.64,81061.76,-3.96873,-3217.12,2.12,165410713.2548
07/05/2013,ProShares VIX Short-Term Futures ETF,VIXY,81061.76,86263.84,-6.03043,-5202.08,1.97,159580815.2432
07/03/2013,ProShares VIX Short-Term Futures ETF,VIXY,86263.84,87331.2,-1.22220,-1067.36,1.97,169821798.9988
07/02/2013,ProShares VIX Short-Term Futures ETF,VIXY,87331.2,87455.2,-0.14179,-124,1.97,171923038.584
07/01/2013,ProShares VIX Short-Term Futures ETF,VIXY,87455.2,89526.56,-2.31368,-2071.36,1.97,172167149.014
06/28/2013,ProShares VIX Short-Term Futures ETF,VIXY,89526.56,90257.28,-0.80960,-730.72,1.95,174846043.1292
06/27/2013,ProShares VIX Short-Term Futures ETF,VIXY,90257.28,93295.04,-3.25608,-3037.76,1.98,179093684.7696
06/26/2013,ProShares VIX Short-Term Futures ETF,VIXY,93295.04,95920.96,-2.73759,-2625.92,2.05,190952322.8328
06/25/2013,ProShares VIX Short-Term Futures ETF,VIXY,95920.96,99014.4,-3.12423,-3093.44,2.05,196326944.2872
06/24/2013,ProShares VIX Short-Term Futures ETF,VIXY,99014.4,93571.04,5.81736,5443.36,2.11,208846865.808
06/21/2013,ProShares VIX Short-Term Futures ETF,VIXY,93571.04,96466.24,-3.00126,-2895.2,2.45,229530462.9028
06/20/2013,ProShares VIX Short-Term Futures ETF,VIXY,96466.24,86376.8,11.68073,10089.44,2.42,233617840.2168
06/19/2013,ProShares VIX Short-Term Futures ETF,VIXY,86376.8,86878.72,-0.57772,-501.92,2.55,219980763.226
06/18/2013,ProShares VIX Short-Term Futures ETF,VIXY,86878.72,87626.72,-0.85362,-748,2.5,217186591.7504
06/17/2013,ProShares VIX Short-Term Futures ETF,VIXY,87626.72,90149.92,-2.79889,-2523.2,2.5,219066854.7667
06/14/2013,ProShares VIX Short-Term Futures ETF,VIXY,90149.92,87071.2,3.53586,3078.72,2.53,228192041.3437
06/13/2013,ProShares VIX Short-Term Futures ETF,VIXY,87071.2,91931.52,-5.28689,-4860.32,2.53,220399029.4195
06/12/2013,ProShares VIX Short-Term Futures ETF,VIXY,91931.52,86689.76,6.04657,5241.76,2.53,232701717.4572
06/11/2013,ProShares VIX Short-Term Futures ETF,VIXY,86689.76,81582.08,6.26079,5107.68,2.61,226206146.6811
06/10/2013,ProShares VIX Short-Term Futures ETF,VIXY,81582.08,82589.6,-1.21991,-1007.52,2.66,216702450.9888
06/07/2013,ProShares VIX Short-Term Futures ETF,VIXY,82589.6,85204,-3.06840,-2614.4,2.66,219378676.6185
06/06/2013,ProShares VIX Short-Term Futures ETF,VIXY,85204,87585.6,-2.71917,-2381.6,2.66,226323178.2525
06/05/2013,ProShares VIX Short-Term Futures ETF,VIXY,87585.6,83632,4.72738,3953.6,2.72,238123404.741
06/04/2013,ProShares VIX Short-Term Futures ETF,VIXY,83632,83128.8,0.60533,503.2,2.87,239919352.27
06/03/2013,ProShares VIX Short-Term Futures ETF,VIXY,83128.8,83576,-0.53508,-447.2,3.03,251724449.4555
05/31/2013,ProShares VIX Short-Term Futures ETF,VIXY,83576,80352.8,4.01131,3223.2,2.96,247593952.235
05/30/2013,ProShares VIX Short-Term Futures ETF,VIXY,80352.8,80161.6,0.23852,191.2,2.93,235031990.2205
05/29/2013,ProShares VIX Short-Term Futures ETF,VIXY,80161.6,79285.6,1.10487,876,2.93,234472730.101
05/28/2013,ProShares VIX Short-Term Futures ETF,VIXY,79285.6,80716.8,-1.77311,-1431.2,2.93,231910429.5535
05/24/2013,ProShares VIX Short-Term Futures ETF,VIXY,80716.8,80746.4,-0.03666,-29.6,2.79,224998130.448
05/23/2013,ProShares VIX Short-Term Futures ETF,VIXY,80746.4,79720,1.28751,1026.4,2.79,225080640.4665
05/22/2013,ProShares VIX Short-Term Futures ETF,VIXY,79720,80241.6,-0.65004,-521.6,2.79,222219549.825
05/21/2013,ProShares VIX Short-Term Futures ETF,VIXY,80241.6,78683.2,1.98060,1558.4,2.78,222921245.151
05/20/2013,ProShares VIX Short-Term Futures ETF,VIXY,78683.2,78645.6,0.04781,37.6,2.73,214903539.177
05/17/2013,ProShares VIX Short-Term Futures ETF,VIXY,78645.6,80279.2,-2.03490,-1633.6,2.73,214800844.1535
05/16/2013,ProShares VIX Short-Term Futures ETF,VIXY,80279.2,79176,1.39335,1103.2,2.66,213743420.1745
05/15/2013,ProShares VIX Short-Term Futures ETF,VIXY,79176,78589.6,0.74615,586.4,2.66,210806149.485
05/14/2013,ProShares VIX Short-Term Futures ETF,VIXY,78589.6,78922.4,-0.42168,-332.8,2.64,207771304.1185
05/13/2013,ProShares VIX Short-Term Futures ETF,VIXY,78922.4,79230.4,-0.38874,-308,2.61,206184819.3265
05/10/2013,ProShares VIX Short-Term Futures ETF,VIXY,79230.4,80748,-1.87943,-1517.6,2.59,205008709.519
05/09/2013,ProShares VIX Short-Term Futures ETF,VIXY,80748,79496.8,1.57390,1251.2,2.64,212972900.4675
05/08/2013,ProShares VIX Short-Term Futures ETF,VIXY,79496.8,78520,1.24401,976.8,2.54,201723179.6855
05/07/2013,ProShares VIX Short-Term Futures ETF,VIXY,78520,78792,-0.34521,-272,2.54,199244549.075
05/06/2013,ProShares VIX Short-Term Futures ETF,VIXY,78792,80562.4,-2.19755,-1770.4,2.49,195995149.245
05/03/2013,ProShares VIX Short-Term Futures ETF,VIXY,80562.4,82074.4,-1.84223,-1512,2.44,196370900.3515
05/02/2013,ProShares VIX Short-Term Futures ETF,VIXY,82074.4,85016.8,-3.46096,-2942.4,2.39,195952681.2965
05/01/2013,ProShares VIX Short-Term Futures ETF,VIXY,85016.8,81499.2,4.31612,3517.6,2.36,200852243.1355
04/30/2013,ProShares VIX Short-Term Futures ETF,VIXY,81499.2,82857.6,-1.63944,-1358.4,2.36,192287225.937
04/29/2013,ProShares VIX Short-Term Futures ETF,VIXY,82857.6,83139.2,-0.33871,-281.6,2.36,195492201.786
04/26/2013,ProShares VIX Short-Term Futures ETF,VIXY,83139.2,82984,0.18702,155.2,2.31,191999641.962
04/25/2013,ProShares VIX Short-Term Futures ETF,VIXY,82984,82214.4,0.93609,769.6,2.33,193197176.865
04/24/2013,ProShares VIX Short-Term Futures ETF,VIXY,82214.4,81764.8,0.54987,449.6,2.3,188836251.384
04/23/2013,ProShares VIX Short-Term Futures ETF,VIXY,81764.8,85912.8,-4.82815,-4148,2.27,185759456.103
04/22/2013,ProShares VIX Short-Term Futures ETF,VIXY,85912.8,89569.6,-4.08264,-3656.8,2.2,189276691.1955
04/19/2013,ProShares VIX Short-Term Futures ETF,VIXY,89569.6,96276.8,-6.96658,-6707.2,2.25,201251750.981
04/18/2013,ProShares VIX Short-Term Futures ETF,VIXY,96276.8,92132,4.49876,4144.8,2.27,218728915.173
04/17/2013,ProShares VIX Short-Term Futures ETF,VIXY,92132,82688.8,11.42017,9443.2,2.48,228890495.0825
04/16/2013,ProShares VIX Short-Term Futures ETF,VIXY,82688.8,93501.6,-11.56429,-10812.8,2.6,214732529.1805
04/15/2013,ProShares VIX Short-Term Futures ETF,VIXY,93501.6,78563.2,19.01450,14938.4,2.64,246902720.9385
04/12/2013,ProShares VIX Short-Term Futures ETF,VIXY,78563.2,80595.2,-2.52124,-2032,2.67,209911099.102
04/11/2013,ProShares VIX Short-Term Futures ETF,VIXY,80595.2,80530.4,0.08047,64.8,2.67,215340350.372
04/10/2013,ProShares VIX Short-Term Futures ETF,VIXY,80530.4,83584.8,-3.65425,-3054.4,2.67,215167212.8315
04/09/2013,ProShares VIX Short-Term Futures ETF,VIXY,83584.8,83862.4,-0.33102,-277.6,2.61,218104139.7405
04/08/2013,ProShares VIX Short-Term Futures ETF,VIXY,83862.4,86796.8,-3.38077,-2934.4,2.52,211490542.414
04/05/2013,ProShares VIX Short-Term Futures ETF,VIXY,86796.8,86715.2,0.09410,81.6,2.52,218890734.248
04/04/2013,ProShares VIX Short-Term Futures ETF,VIXY,86715.2,88423.2,-1.93162,-1708,2.6,225188589.197
04/03/2013,ProShares VIX Short-Term Futures ETF,VIXY,88423.2,84413.6,4.74995,4009.6,2.62,231281987.7645
04/02/2013,ProShares VIX Short-Term Futures ETF,VIXY,84413.6,87667.2,-3.71131,-3253.6,2.57,216573695.2585
04/01/2013,ProShares VIX Short-Term Futures ETF,VIXY,87667.2,86592.8,1.24075,1074.4,2.52,221085774.792
03/28/2013,ProShares VIX Short-Term Futures ETF,VIXY,86592.8,87583.2,-1.13081,-990.4,2.52,218376271.6205
03/27/2013,ProShares VIX Short-Term Futures ETF,VIXY,87583.2,86541.6,1.20358,1041.6,2.52,220873937.2395
03/26/2013,ProShares VIX Short-Term Futures ETF,VIXY,86541.6,88440.8,-2.14743,-1899.2,2.52,218247151.5885
03/25/2013,ProShares VIX Short-Term Futures ETF,VIXY,88440.8,89890.4,-1.61263,-1449.6,2.48,219167412.7755
03/22/2013,ProShares VIX Short-Term Futures ETF,VIXY,89890.4,90790.4,-0.99129,-900,2.48,222759703.6815
03/21/2013,ProShares VIX Short-Term Futures ETF,VIXY,90790.4,88142.4,3.00423,2648,2.4,218180736.744
03/20/2013,ProShares VIX Short-Term Futures ETF,VIXY,88142.4,93599.2,-5.82996,-5456.8,2.36,207961030.089
03/19/2013,ProShares VIX Short-Term Futures ETF,VIXY,93599.2,93323.2,0.29575,276,2.11,197143373.4995
03/18/2013,ProShares VIX Short-Term Futures ETF,VIXY,93323.2,88826.4,5.06246,4496.8,2.11,196562048.327
03/15/2013,ProShares VIX Short-Term Futures ETF,VIXY,88826.4,88279.2,0.61985,547.2,2.07,184037253.0165
03/14/2013,ProShares VIX Short-Term Futures ETF,VIXY,88279.2,89210.4,-1.04382,-931.2,2.07,182903522.6745
03/13/2013,ProShares VIX Short-Term Futures ETF,VIXY,89210.4,90088.8,-0.97504,-878.4,1.93,172566423.2565
03/12/2013,ProShares VIX Short-Term Futures ETF,VIXY,90088.8,88044,2.32248,2044.8,1.92,173139468.8055
03/11/2013,ProShares VIX Short-Term Futures ETF,VIXY,88044,92419.2,-4.73408,-4375.2,1.92,169209617.5275
03/08/2013,ProShares VIX Short-Term Futures ETF,VIXY,92419.2,93892,-1.56861,-1472.8,1.87,172997247.762
03/07/2013,ProShares VIX Short-Term Futures ETF,VIXY,93892,96268.8,-2.46892,-2376.8,1.86,174580496.1825
03/06/2013,ProShares VIX Short-Term Futures ETF,VIXY,96268.8,95867.2,0.41891,401.6,1.85,178398180.168
03/05/2013,ProShares VIX Short-Term Futures ETF,VIXY,95867.2,98204,-2.37954,-2336.8,1.79,171662264.917
03/04/2013,ProShares VIX Short-Term Futures ETF,VIXY,98204,106124,-7.46297,-7920,1.79,175846598.8775
03/01/2013,ProShares VIX Short-Term Futures ETF,VIXY,106124,104526.4,1.52842,1597.6,1.76,186711978.8275
02/28/2013,ProShares VIX Short-Term Futures ETF,VIXY,104526.4,100087.2,4.43533,4439.2,1.78,186514360.329
02/27/2013,ProShares VIX Short-Term Futures ETF,VIXY,100087.2,109659.2,-8.72886,-9572,1.72,171712165.0545
02/26/2013,ProShares VIX Short-Term Futures ETF,VIXY,109659.2,112524.8,-2.54664,-2865.6,1.72,188134133.537
02/25/2013,ProShares VIX Short-Term Futures ETF,VIXY,112524.8,96465.6,16.64759,16059.2,1.84,207116030.328
02/22/2013,ProShares VIX Short-Term Futures ETF,VIXY,96465.6,100288.8,-3.81219,-3823.2,1.84,177557055.291
02/21/2013,ProShares VIX Short-Term Futures ETF,VIXY,100288.8,99577.6,0.71422,711.2,1.84,184594135.1805
02/20/2013,ProShares VIX Short-Term Futures ETF,VIXY,99577.6,90414.4,10.13467,9163.2,1.9,188886322.236
02/19/2013,ProShares VIX Short-Term Futures ETF,VIXY,90414.4,94361.6,-4.18306,-3947.2,1.9,171504871.509
02/15/2013,ProShares VIX Short-Term Futures ETF,VIXY,94361.6,94708.8,-0.36660,-347.2,1.8,170145818.976
02/14/2013,ProShares VIX Short-Term Futures ETF,VIXY,94708.8,95973.6,-1.31786,-1264.8,1.79,169588004.193
02/13/2013,ProShares VIX Short-Term Futures ETF,VIXY,95973.6,96293.6,-0.33232,-320,1.73,165554519.9835
02/12/2013,ProShares VIX Short-Term Futures ETF,VIXY,96293.6,97389.6,-1.12538,-1096,1.55,149255140.1835
02/11/2013,ProShares VIX Short-Term Futures ETF,VIXY,97389.6,98193.6,-0.81879,-804,1.55,150953940.8685
02/08/2013,ProShares VIX Short-Term Futures ETF,VIXY,98193.6,100173.6,-1.97657,-1980,1.55,151893286.371
02/07/2013,ProShares VIX Short-Term Futures ETF,VIXY,100173.6,100240.8,-0.06704,-67.2,1.55,154956100.1085
02/06/2013,ProShares VIX Short-Term Futures ETF,VIXY,100240.8,101904.8,-1.63290,-1664,1.55,155060050.1505
02/05/2013,ProShares VIX Short-Term Futures ETF,VIXY,101904.8,105176,-3.11022,-3271.2,1.55,157634051.1905
02/04/2013,ProShares VIX Short-Term Futures ETF,VIXY,105176,100596,4.55286,4580,1.56,164008890.735
02/01/2013,ProShares VIX Short-Term Futures ETF,VIXY,100596,103644,-2.94084,-3048,1.56,156866950.3725
01/31/2013,ProShares VIX Short-Term Futures ETF,VIXY,103644,104609.6,-0.92305,-965.6,1.51,156437727.2775
01/30/2013,ProShares VIX Short-Term Futures ETF,VIXY,104609.6,97970.4,6.77674,6639.2,1.51,157568275.381
01/29/2013,ProShares VIX Short-Term Futures ETF,VIXY,97970.4,101257.6,-3.24637,-3287.2,1.49,145731031.2315
01/28/2013,ProShares VIX Short-Term Futures ETF,VIXY,101257.6,98601.6,2.69367,2656,1.48,149355023.286
01/25/2013,ProShares VIX Short-Term Futures ETF,VIXY,98601.6,97807.2,0.81221,794.4,1.47,144513031.626
01/24/2013,ProShares VIX Short-Term Futures ETF,VIXY,97807.2,96439.2,1.41851,1368,1.47,143348738.6295
01/23/2013,ProShares VIX Short-Term Futures ETF,VIXY,96439.2,98872.8,-2.46134,-2433.6,1.52,146467095.2745
01/22/2013,ProShares VIX Short-Term Futures ETF,VIXY,98872.8,103385.6,-4.36502,-4512.8,1.48,146455396.7955
01/18/2013,ProShares VIX Short-Term Futures ETF,VIXY,103385.6,110436,-6.38415,-7050.4,1.43,147324544.616
01/17/2013,ProShares VIX Short-Term Futures ETF,VIXY,110436,109135.2,1.19192,1300.8,1.4,154610469.0225
01/16/2013,ProShares VIX Short-Term Futures ETF,VIXY,109135.2,111240,-1.89213,-2104.8,1.33,144604208.2095
01/15/2013,ProShares VIX Short-Term Futures ETF,VIXY,111240,112199.2,-0.85491,-959.2,1.27,141135819.525
01/14/2013,ProShares VIX Short-Term Futures ETF,VIXY,112199.2,112560,-0.32054,-360.8,1.27,142352805.1245
01/11/2013,ProShares VIX Short-Term Futures ETF,VIXY,112560,113222.4,-0.58504,-662.4,1.26,141403570.35
01/10/2013,ProShares VIX Short-Term Futures ETF,VIXY,113222.4,115703.2,-2.14411,-2480.8,1.24,140820430.764
01/09/2013,ProShares VIX Short-Term Futures ETF,VIXY,115703.2,115861.6,-0.13671,-158.4,1.24,143182782.3145
01/08/2013,ProShares VIX Short-Term Futures ETF,VIXY,115861.6,116100.8,-0.20603,-239.2,1.19,138309857.4135
01/07/2013,ProShares VIX Short-Term Futures ETF,VIXY,116100.8,118795.2,-2.26811,-2694.4,1.18,137144142.563
01/04/2013,ProShares VIX Short-Term Futures ETF,VIXY,118795.2,121768.8,-2.44200,-2973.6,1.13,133644674.247
01/03/2013,ProShares VIX Short-Term Futures ETF,VIXY,121768.8,119910.4,1.54982,1858.4,1.11,134706811.1055
01/02/2013,ProShares VIX Short-Term Futures ETF,VIXY,119910.4,134296.8,-10.71239,-14386.4,1,119535754.944
12/31/2012,ProShares VIX Short-Term Futures ETF,VIXY,134296.8,165203.2,-18.70811,-30906.4,1.03,137654303.9355
12/28/2012,ProShares VIX Short-Term Futures ETF,VIXY,165203.2,142760.8,15.72028,22442.4,1.1,181723623.252
12/27/2012,ProShares VIX Short-Term Futures ETF,VIXY,142760.8,145224.8,-1.69668,-2464,1.07,152129566.7255
12/26/2012,ProShares VIX Short-Term Futures ETF,VIXY,145224.8,139326.4,4.23351,5898.4,1.08,156116750.7655
12/24/2012,ProShares VIX Short-Term Futures ETF,VIXY,139326.4,136331.2,2.19700,2995.2,1.04,144551227.079
12/21/2012,ProShares VIX Short-Term Futures ETF,VIXY,136331.2,131019.2,4.05437,5312,1.04,141443705.207
12/20/2012,ProShares VIX Short-Term Futures ETF,VIXY,131019.2,128086.4,2.28970,2932.8,1.04,135932501.887
12/19/2012,ProShares VIX Short-Term Futures ETF,VIXY,128086.4,121040,5.82155,7046.4,1.09,140094580.054
12/18/2012,ProShares VIX Short-Term Futures ETF,VIXY,121040,123788,-2.21992,-2748,1.06,127848575.65
12/17/2012,ProShares VIX Short-Term Futures ETF,VIXY,123788,129060.8,-4.08552,-5272.8,1.08,133845852.3675
12/14/2012,ProShares VIX Short-Term Futures ETF,VIXY,129060.8,129706.4,-0.49774,-645.6,1.08,139547070.663
12/13/2012,ProShares VIX Short-Term Futures ETF,VIXY,129706.4,127752,1.52984,1954.4,1.13,146730446.0665
12/12/2012,ProShares VIX Short-Term Futures ETF,VIXY,127752,123011.2,3.85396,4740.8,1.13,144519529.845
12/11/2012,ProShares VIX Short-Term Futures ETF,VIXY,123011.2,126964.8,-3.11393,-3953.6,1.16,142616186.882
12/10/2012,ProShares VIX Short-Term Futures ETF,VIXY,126964.8,127908.8,-0.73803,-944,1.15,145612834.353
12/07/2012,ProShares VIX Short-Term Futures ETF,VIXY,127908.8,130944.8,-2.31853,-3036,1.23,157088074.943
12/06/2012,ProShares VIX Short-Term Futures ETF,VIXY,130944.8,128630.4,1.79926,2314.4,1.15,150995804.3405
12/05/2012,ProShares VIX Short-Term Futures ETF,VIXY,128630.4,132261.6,-2.74547,-3631.2,1.15,148327010.394
12/04/2012,ProShares VIX Short-Term Futures ETF,VIXY,132261.6,131167.2,0.83435,1094.4,1.1,145074525.1635
12/03/2012,ProShares VIX Short-Term Futures ETF,VIXY,131167.2,125401.6,4.59771,5765.6,1.11,145513694.4795
11/30/2012,ProShares VIX Short-Term Futures ETF,VIXY,125401.6,123411.2,1.61282,1990.4,1.12,139901238.376
11/29/2012,ProShares VIX Short-Term Futures ETF,VIXY,123411.2,125477.6,-1.64683,-2066.4,1.18,146165217.132
11/28/2012,ProShares VIX Short-Term Futures ETF,VIXY,125477.6,130368.8,-3.75182,-4891.2,1.17,146259905.9235
11/27/2012,ProShares VIX Short-Term Futures ETF,VIXY,130368.8,126223.2,3.28434,4145.6,1.19,155220433.9805
11/26/2012,ProShares VIX Short-Term Futures ETF,VIXY,126223.2,130185.6,-3.04365,-3962.4,1.19,150284576.3895
11/23/2012,ProShares VIX Short-Term Futures ETF,VIXY,130185.6,133055.2,-2.15670,-2869.6,1.1,143204241.366
11/21/2012,ProShares VIX Short-Term Futures ETF,VIXY,133055.2,132652,0.30395,403.2,1.03,136797460.6595
11/20/2012,ProShares VIX Short-Term Futures ETF,VIXY,132652,134256.8,-1.19532,-1604.8,1.03,136382920.4075
11/19/2012,ProShares VIX Short-Term Futures ETF,VIXY,134256.8,147367.2,-8.89642,-13110.4,1.05,140550171.4105
11/16/2012,ProShares VIX Short-Term Futures ETF,VIXY,147367.2,155501.6,-5.23107,-8134.4,1.08,159340877.1045
11/15/2012,ProShares VIX Short-Term Futures ETF,VIXY,155501.6,154213.6,0.83521,1288,1.1,171051857.1885
11/14/2012,ProShares VIX Short-Term Futures ETF,VIXY,154213.6,147420,4.60833,6793.6,1.12,173008478.8835
11/13/2012,ProShares VIX Short-Term Futures ETF,VIXY,147420,148646.4,-0.82505,-1226.4,1.12,165386904.6375
11/12/2012,ProShares VIX Short-Term Futures ETF,VIXY,148646.4,159564,-6.84214,-10917.6,1.12,166762772.904
11/09/2012,ProShares VIX Short-Term Futures ETF,VIXY,159564,157600,1.24619,1964,1.09,174024587.2275
11/08/2012,ProShares VIX Short-Term Futures ETF,VIXY,157600,159703.2,-1.31694,-2103.2,1.06,166957598.5
11/07/2012,ProShares VIX Short-Term Futures ETF,VIXY,159703.2,146723.2,8.84659,12980,1.08,172180112.3145
11/06/2012,ProShares VIX Short-Term Futures ETF,VIXY,146723.2,154278.4,-4.89712,-7555.2,1.14,167356241.702
11/05/2012,ProShares VIX Short-Term Futures ETF,VIXY,154278.4,151776,1.64875,2502.4,1.13,173563296.424
11/02/2012,ProShares VIX Short-Term Futures ETF,VIXY,151776,145067.2,4.62462,6708.8,1.14,173593894.86
11/01/2012,ProShares VIX Short-Term Futures ETF,VIXY,145067.2,160518.4,-9.62581,-15451.2,1.14,165920700.667
10/31/2012,ProShares VIX Short-Term Futures ETF,VIXY,160518.4,154912.8,3.61855,5605.6,1.13,180583300.324
10/26/2012,ProShares VIX Short-Term Futures ETF,VIXY,154912.8,155212.8,-0.19328,-300,1.15,178149816.8205
10/25/2012,ProShares VIX Short-Term Futures ETF,VIXY,155212.8,158493.6,-2.06999,-3280.8,1.16,180434977.008
10/24/2012,ProShares VIX Short-Term Futures ETF,VIXY,158493.6,162037.6,-2.18715,-3544,1.15,181772446.5585
10/23/2012,ProShares VIX Short-Term Futures ETF,VIXY,162037.6,147120,10.13975,14917.6,1.14,184824238.7735
10/22/2012,ProShares VIX Short-Term Futures ETF,VIXY,147120,149386.4,-1.51714,-2266.4,1.15,169188091.95
10/19/2012,ProShares VIX Short-Term Futures ETF,VIXY,149386.4,141835.2,5.32393,7551.2,1.16,172728118.3665
10/18/2012,ProShares VIX Short-Term Futures ETF,VIXY,141835.2,139750.4,1.49180,2084.8,1.15,163110568.647
10/17/2012,ProShares VIX Short-Term Futures ETF,VIXY,139750.4,142306.4,-1.79612,-2556,1.19,165953687.344
10/16/2012,ProShares VIX Short-Term Futures ETF,VIXY,142306.4,145628,-2.28088,-3321.6,1.11,158315958.9415
10/15/2012,ProShares VIX Short-Term Futures ETF,VIXY,145628,152988,-4.81083,-7360,1.12,162921416.0175
10/12/2012,ProShares VIX Short-Term Futures ETF,VIXY,152988,149091.2,2.61370,3896.8,1.1,168286895.6175
10/11/2012,ProShares VIX Short-Term Futures ETF,VIXY,149091.2,154136,-3.27295,-5044.8,1.1,164000413.182
10/10/2012,ProShares VIX Short-Term Futures ETF,VIXY,154136,153384,0.49027,752,1.1,169549696.335
10/09/2012,ProShares VIX Short-Term Futures ETF,VIXY,153384,147340.8,4.10151,6043.2,1.09,167763845.865
10/08/2012,ProShares VIX Short-Term Futures ETF,VIXY,147340.8,146024.8,0.90122,1316,1.16,170362892.088
10/05/2012,ProShares VIX Short-Term Futures ETF,VIXY,146024.8,146988,-0.65529,-963.2,1.17,170210248.7655
10/04/2012,ProShares VIX Short-Term Futures ETF,VIXY,146988,151244.8,-2.81451,-4256.8,1.14,167658279.3675
10/03/2012,ProShares VIX Short-Term Futures ETF,VIXY,151244.8,152779.2,-1.00433,-1534.4,1.13,170150494.528
10/02/2012,ProShares VIX Short-Term Futures ETF,VIXY,152779.2,155869.6,-1.98268,-3090.4,1.12,170444390.487
10/01/2012,ProShares VIX Short-Term Futures ETF,VIXY,155869.6,152019.2,2.53284,3850.4,1.11,172917934.9185
09/28/2012,ProShares VIX Short-Term Futures ETF,VIXY,152019.2,149308.8,1.81530,2710.4,1.09,165796035.012
09/27/2012,ProShares VIX Short-Term Futures ETF,VIXY,149308.8,162814.4,-8.29509,-13505.6,1.09,162840003.318
09/26/2012,ProShares VIX Short-Term Futures ETF,VIXY,162814.4,157496.8,3.37632,5317.6,1.02,166376066.759
09/25/2012,ProShares VIX Short-Term Futures ETF,VIXY,157496.8,147075.2,7.08590,10421.6,1.03,162910850.9355
09/24/2012,ProShares VIX Short-Term Futures ETF,VIXY,147075.2,148654.4,-1.06233,-1579.2,1.05,154888661.922
09/21/2012,ProShares VIX Short-Term Futures ETF,VIXY,148654.4,151668,-1.98697,-3013.6,1.04,154693577.909
09/20/2012,ProShares VIX Short-Term Futures ETF,VIXY,151668,148407.2,2.19720,3260.8,1.02,154037907.2925
09/19/2012,ProShares VIX Short-Term Futures ETF,VIXY,148407.2,150255.2,-1.22991,-1848,1.05,155827652.7545
09/18/2012,ProShares VIX Short-Term Futures ETF,VIXY,150255.2,155885.6,-3.61188,-5630.4,1,150255293.9095
09/17/2012,ProShares VIX Short-Term Futures ETF,VIXY,155885.6,160785.6,-3.04754,-4900,0.99,154424269.9285
09/14/2012,ProShares VIX Short-Term Futures ETF,VIXY,160785.6,152340,5.54391,8445.6,0.98,157770970.491
09/13/2012,ProShares VIX Short-Term Futures ETF,VIXY,152340,162696.8,-6.36571,-10356.8,1.03,157100720.2125
09/12/2012,ProShares VIX Short-Term Futures ETF,VIXY,162696.8,169900,-4.23967,-7203.2,1.02,166255894.1855
09/11/2012,ProShares VIX Short-Term Futures ETF,VIXY,169900,170902.4,-0.58653,-1002.4,0.99,168838231.1875
09/10/2012,ProShares VIX Short-Term Futures ETF,VIXY,170902.4,159874.4,6.89791,11028,0.98,166629946.814
09/07/2012,ProShares VIX Short-Term Futures ETF,VIXY,159874.4,169565.6,-5.71531,-9691.2,0.98,155877639.9215
09/06/2012,ProShares VIX Short-Term Futures ETF,VIXY,169565.6,188284,-9.94158,-18718.4,0.93,158437963.4785
09/05/2012,ProShares VIX Short-Term Futures ETF,VIXY,188284,192750.4,-2.31719,-4466.4,0.88,165337005.1775
09/04/2012,ProShares VIX Short-Term Futures ETF,VIXY,192750.4,196347.2,-1.83186,-3596.8,0.86,165644995.469
08/31/2012,ProShares VIX Short-Term Futures ETF,VIXY,196347.2,203985.6,-3.74458,-7638.4,0.87,170576752.717
08/30/2012,ProShares VIX Short-Term Futures ETF,VIXY,203985.6,199951.2,2.01769,4034.4,0.86,174662797.491
08/29/2012,ProShares VIX Short-Term Futures ETF,VIXY,199951.2,197429.6,1.27721,2521.6,0.87,173082882.4695
08/28/2012,ProShares VIX Short-Term Futures ETF,VIXY,197429.6,195507.2,0.98329,1922.4,0.85,167815283.3935
08/27/2012,ProShares VIX Short-Term Futures ETF,VIXY,195507.2,193198.4,1.19504,2308.8,0.84,163737402.192
08/24/2012,ProShares VIX Short-Term Futures ETF,VIXY,193198.4,200513.6,-3.64823,-7315.2,0.8,153955095.749
08/23/2012,ProShares VIX Short-Term Futures ETF,VIXY,200513.6,197393.6,1.58060,3120,0.74,148505510.321
08/22/2012,ProShares VIX Short-Term Futures ETF,VIXY,197393.6,194812,1.32518,2581.6,0.77,151129598.371
08/21/2012,ProShares VIX Short-Term Futures ETF,VIXY,194812,189662.4,2.71514,5149.6,0.81,157676084.2575
08/20/2012,ProShares VIX Short-Term Futures ETF,VIXY,189662.4,189566.4,0.05064,96,0.8,151137343.539
08/17/2012,ProShares VIX Short-Term Futures ETF,VIXY,189566.4,195768,-3.16783,-6201.6,0.75,142767313.479
08/16/2012,ProShares VIX Short-Term Futures ETF,VIXY,195768,198548,-1.40017,-2780,0.69,135202397.355
08/15/2012,ProShares VIX Short-Term Futures ETF,VIXY,198548,198988.8,-0.22152,-440.8,0.67,133399561.5925
08/14/2012,ProShares VIX Short-Term Futures ETF,VIXY,198988.8,191268,4.03664,7720.8,0.63,126233644.368
08/13/2012,ProShares VIX Short-Term Futures ETF,VIXY,191268,195337.6,-2.08337,-4069.6,0.68,130899157.0425
08/10/2012,ProShares VIX Short-Term Futures ETF,VIXY,195337.6,196791.2,-0.73865,-1453.6,0.64,125138272.086
08/09/2012,ProShares VIX Short-Term Futures ETF,VIXY,196791.2,199535.2,-1.37520,-2744,0.68,133449155.4945
08/08/2012,ProShares VIX Short-Term Futures ETF,VIXY,199535.2,208571.2,-4.33233,-9036,0.65,130321552.2095
08/07/2012,ProShares VIX Short-Term Futures ETF,VIXY,208571.2,200292,4.13356,8279.2,0.65,134919625.357
08/06/2012,ProShares VIX Short-Term Futures ETF,VIXY,200292,204520,-2.06728,-4228,0.64,127686275.1825
08/03/2012,ProShares VIX Short-Term Futures ETF,VIXY,204520,220256.8,-7.14475,-15736.8,0.66,134855502.825
08/02/2012,ProShares VIX Short-Term Futures ETF,VIXY,220256.8,229650.4,-4.09039,-9393.6,0.63,138348940.1605
08/01/2012,ProShares VIX Short-Term Futures ETF,VIXY,229650.4,232352,-1.16272,-2701.6,0.64,146402273.5315
07/31/2012,ProShares VIX Short-Term Futures ETF,VIXY,232352,227828.8,1.98535,4523.2,0.61,142315745.22
07/30/2012,ProShares VIX Short-Term Futures ETF,VIXY,227828.8,218689.6,4.17907,9139.2,0.62,141681177.393
07/27/2012,ProShares VIX Short-Term Futures ETF,VIXY,218689.6,224030.4,-2.38396,-5340.8,0.64,139414756.681
07/26/2012,ProShares VIX Short-Term Futures ETF,VIXY,224030.4,245174.4,-8.62407,-21144,0.63,140019140.019
07/25/2012,ProShares VIX Short-Term Futures ETF,VIXY,245174.4,253746.4,-3.37818,-8572,0.59,145572453.234
07/24/2012,ProShares VIX Short-Term Futures ETF,VIXY,253746.4,242000.8,4.85354,11745.6,0.6,152247998.5915
07/23/2012,ProShares VIX Short-Term Futures ETF,VIXY,242000.8,223420.8,8.31615,18580,0.62,149738146.2505
07/20/2012,ProShares VIX Short-Term Futures ETF,VIXY,223420.8,212480.8,5.14870,10940,0.61,136147189.638
07/19/2012,ProShares VIX Short-Term Futures ETF,VIXY,212480.8,217768,-2.42790,-5287.2,0.63,133464635.3005
07/18/2012,ProShares VIX Short-Term Futures ETF,VIXY,217768,216589.6,0.54407,1178.4,0.63,136785661.105
07/17/2012,ProShares VIX Short-Term Futures ETF,VIXY,216589.6,225346.4,-3.88593,-8756.8,0.63,136722320.3685
07/16/2012,ProShares VIX Short-Term Futures ETF,VIXY,225346.4,226078.4,-0.32378,-732,0.62,138729018.3415
07/13/2012,ProShares VIX Short-Term Futures ETF,VIXY,226078.4,240546.4,-6.01464,-14468,0.63,142005636.299
07/12/2012,ProShares VIX Short-Term Futures ETF,VIXY,240546.4,238619.2,0.80765,1927.2,0.57,136810915.3415
07/11/2012,ProShares VIX Short-Term Futures ETF,VIXY,238619.2,248220.8,-3.86817,-9601.6,0.57,135714819.137
07/10/2012,ProShares VIX Short-Term Futures ETF,VIXY,248220.8,239248.8,3.75007,8972,0.58,144278495.138
07/09/2012,ProShares VIX Short-Term Futures ETF,VIXY,239248.8,239366.4,-0.04913,-117.6,0.59,141306472.0305
07/06/2012,ProShares VIX Short-Term Futures ETF,VIXY,239366.4,244366.4,-2.04611,-5000,0.59,141375929.604
07/05/2012,ProShares VIX Short-Term Futures ETF,VIXY,244366.4,233398.4,4.69926,10968,0.51,125237932.729
07/03/2012,ProShares VIX Short-Term Futures ETF,VIXY,233398.4,238975.2,-2.33363,-5576.8,0.56,129828005.874
07/02/2012,ProShares VIX Short-Term Futures ETF,VIXY,238975.2,256076,-6.67802,-17100.8,0.57,135917294.3595
06/29/2012,ProShares VIX Short-Term Futures ETF,VIXY,256076,276646.4,-7.43563,-20570.4,0.54,137641010.0475
06/28/2012,ProShares VIX Short-Term Futures ETF,VIXY,276646.4,281072.8,-1.57482,-4426.4,0.52,144375012.904
06/27/2012,ProShares VIX Short-Term Futures ETF,VIXY,281072.8,281707.2,-0.22520,-634.4,0.53,149320100.6705
06/26/2012,ProShares VIX Short-Term Futures ETF,VIXY,281707.2,290197.6,-2.92573,-8490.4,0.53,149657126.067
06/25/2012,ProShares VIX Short-Term Futures ETF,VIXY,290197.6,282989.6,2.54709,7208,0.53,154167656.3735
06/22/2012,ProShares VIX Short-Term Futures ETF,VIXY,282989.6,301317.6,-6.08262,-18328,0.54,152991429.3685
06/21/2012,ProShares VIX Short-Term Futures ETF,VIXY,301317.6,264311.2,14.00107,37006.4,0.53,159133545.8235
06/20/2012,ProShares VIX Short-Term Futures ETF,VIXY,264311.2,283060.8,-6.62388,-18749.6,0.5,131329792.6945
06/19/2012,ProShares VIX Short-Term Futures ETF,VIXY,283060.8,282095.2,0.34230,965.6,0.53,151260791.913
06/18/2012,ProShares VIX Short-Term Futures ETF,VIXY,282095.2,307672.8,-8.31325,-25577.6,0.52,145455513.8095
06/15/2012,ProShares VIX Short-Term Futures ETF,VIXY,307672.8,326744,-5.83674,-19071.2,0.48,146144772.2955
06/14/2012,ProShares VIX Short-Term Futures ETF,VIXY,326744,349437.6,-6.49432,-22693.6,0.46,151119304.215
06/13/2012,ProShares VIX Short-Term Futures ETF,VIXY,349437.6,332760,5.01190,16677.6,0.45,157247138.3985
06/12/2012,ProShares VIX Short-Term Futures ETF,VIXY,332760,344884,-3.51538,-12124,0.48,159101082.975
06/11/2012,ProShares VIX Short-Term Futures ETF,VIXY,344884,309684,11.36643,35200,0.5,171364453.0525
06/08/2012,ProShares VIX Short-Term Futures ETF,VIXY,309684,328758.4,-5.80195,-19074.4,0.47,144196806.0525
06/07/2012,ProShares VIX Short-Term Futures ETF,VIXY,328758.4,332208,-1.03839,-3449.6,0.5,163352035.474
06/06/2012,ProShares VIX Short-Term Futures ETF,VIXY,332208,359263.2,-7.53075,-27055.2,0.45,148455657.63
06/05/2012,ProShares VIX Short-Term Futures ETF,VIXY,359263.2,375735.2,-4.38394,-16472,0.43,154932479.5395
06/04/2012,ProShares VIX Short-Term Futures ETF,VIXY,375735.2,385940,-2.64414,-10204.8,0.44,166732729.8345
06/01/2012,ProShares VIX Short-Term Futures ETF,VIXY,385940,361849.6,6.65757,24090.4,0.46,178497491.2125
05/31/2012,ProShares VIX Short-Term Futures ETF,VIXY,361849.6,356916.8,1.38206,4932.8,0.46,167355666.156
05/30/2012,ProShares VIX Short-Term Futures ETF,VIXY,356916.8,322994.4,10.50247,33922.4,0.47,167304973.073
05/29/2012,ProShares VIX Short-Term Futures ETF,VIXY,322994.4,343076,-5.85340,-20081.6,0.48,153422541.8715
05/25/2012,ProShares VIX Short-Term Futures ETF,VIXY,343076,339740.8,0.98169,3335.2,0.47,160817089.4225
05/24/2012,ProShares VIX Short-Term Futures ETF,VIXY,339740.8,346625.6,-1.98624,-6884.8,0.47,159253712.338
05/23/2012,ProShares VIX Short-Term Futures ETF,VIXY,346625.6,348711.2,-0.59809,-2085.6,0.47,162480966.641
05/22/2012,ProShares VIX Short-Term Futures ETF,VIXY,348711.2,339056.8,2.84743,9654.4,0.52,181983875.4445
05/21/2012,ProShares VIX Short-Term Futures ETF,VIXY,339056.8,390728.8,-13.22452,-51672,0.51,173766821.9105
05/18/2012,ProShares VIX Short-Term Futures ETF,VIXY,390728.8,363664.8,7.44202,27064,0.52,203911836.7055
05/17/2012,ProShares VIX Short-Term Futures ETF,VIXY,363664.8,338961.6,7.28791,24703.2,0.52,189787794.7905
05/16/2012,ProShares VIX Short-Term Futures ETF,VIXY,338961.6,332016.8,2.09170,6944.8,0.52,176895796.851
05/15/2012,ProShares VIX Short-Term Futures ETF,VIXY,332016.8,320111.2,3.71921,11905.6,0.55,181571895.0105
05/14/2012,ProShares VIX Short-Term Futures ETF,VIXY,320111.2,300010.4,6.70003,20100.8,0.55,175061012.5695
05/11/2012,ProShares VIX Short-Term Futures ETF,VIXY,300010.4,289504,3.62910,10506.4,0.59,178131362.5065
05/10/2012,ProShares VIX Short-Term Futures ETF,VIXY,289504,304016,-4.77343,-14512,0.57,165560280.94
05/09/2012,ProShares VIX Short-Term Futures ETF,VIXY,304016,291592,4.26075,12424,0.56,171009190.01
05/08/2012,ProShares VIX Short-Term Futures ETF,VIXY,291592,289248,0.81038,2344,0.55,161287007.245
05/07/2012,ProShares VIX Short-Term Futures ETF,VIXY,289248,298000,-2.93691,-8752,0.56,160894380.78
05/04/2012,ProShares VIX Short-Term Futures ETF,VIXY,298000,283456,5.13096,14544,0.55,164831436.25
05/03/2012,ProShares VIX Short-Term Futures ETF,VIXY,283456,273848,3.50852,9608,0.54,154129377.16
05/02/2012,ProShares VIX Short-Term Futures ETF,VIXY,273848,274208,-0.13129,-360,0.55,151472346.155
05/01/2012,ProShares VIX Short-Term Futures ETF,VIXY,274208,280744,-2.32810,-6536,0.53,144816271.38
04/30/2012,ProShares VIX Short-Term Futures ETF,VIXY,280744,275224,2.00564,5520,0.51,143004150.465
04/27/2012,ProShares VIX Short-Term Futures ETF,VIXY,275224,275512,-0.10453,-288,0.5,136752097.015
04/26/2012,ProShares VIX Short-Term Futures ETF,VIXY,275504,283400,-2.78617,-7896,0.5,138613122.19
04/25/2012,ProShares VIX Short-Term Futures ETF,VIXY,283408,300496,-5.68660,-17088,0.47,131962027.13
04/24/2012,ProShares VIX Short-Term Futures ETF,VIXY,300496,312880,-3.95807,-12384,0.47,141796737.81
04/23/2012,ProShares VIX Short-Term Futures ETF,VIXY,312880,299984,4.29890,12896,0.47,145684945.55
04/20/2012,ProShares VIX Short-Term Futures ETF,VIXY,299984,310320,-3.33076,-10336,0.47,141555137.49
04/19/2012,ProShares VIX Short-Term Futures ETF,VIXY,310312,312480,-0.69380,-2168,0.46,141580043.945
04/18/2012,ProShares VIX Short-Term Futures ETF,VIXY,312480,303352,3.00905,9128,0.46,142569195.3
04/17/2012,ProShares VIX Short-Term Futures ETF,VIXY,303360,324968,-6.64927,-21608,0.46,139356189.6
04/16/2012,ProShares VIX Short-Term Futures ETF,VIXY,324968,329944,-1.50813,-4976,0.44,143189228.105
04/13/2012,ProShares VIX Short-Term Futures ETF,VIXY,329944,303512,8.70872,26432,0.44,145381781.215
04/12/2012,ProShares VIX Short-Term Futures ETF,VIXY,303512,340456,-10.85133,-36944,0.44,134683639.695
04/11/2012,ProShares VIX Short-Term Futures ETF,VIXY,340448,346296,-1.68873,-5848,0.43,147882312.78
04/10/2012,ProShares VIX Short-Term Futures ETF,VIXY,346304,325368,6.43456,20936,0.43,149343816.44
04/09/2012,ProShares VIX Short-Term Futures ETF,VIXY,325360,308872,5.33813,16488,0.43,140311703.35
04/05/2012,ProShares VIX Short-Term Futures ETF,VIXY,308872,300560,2.76550,8312,0.43,133201243.045
04/04/2012,ProShares VIX Short-Term Futures ETF,VIXY,300560,290296,3.53570,10264,0.43,129616687.85
04/03/2012,ProShares VIX Short-Term Futures ETF,VIXY,290304,284808,1.92972,5496,0.45,129729781.44
04/02/2012,ProShares VIX Short-Term Futures ETF,VIXY,284800,283960,0.29582,840,0.45,127270178
03/30/2012,ProShares VIX Short-Term Futures ETF,VIXY,283968,290272,-2.17176,-6304,0.45,126898377.48
03/29/2012,ProShares VIX Short-Term Futures ETF,VIXY,290264,297128,-2.31012,-6864,0.44,127897756.415
03/28/2012,ProShares VIX Short-Term Futures ETF,VIXY,297128,295904,0.41365,1224,0.43,126279585.705
03/27/2012,ProShares VIX Short-Term Futures ETF,VIXY,295904,265624,11.39957,30280,0.43,126684084.94
03/26/2012,ProShares VIX Short-Term Futures ETF,VIXY,265632,290200,-8.46589,-24568,0.43,113723866.02
03/23/2012,ProShares VIX Short-Term Futures ETF,VIXY,290200,312968,-7.27487,-22768,0.41,119707681.375
03/22/2012,ProShares VIX Short-Term Futures ETF,VIXY,312968,308560,1.42857,4408,0.4,126165420.605
03/21/2012,ProShares VIX Short-Term Futures ETF,VIXY,308568,325632,-5.24027,-17064,0.4,124391667.855
03/20/2012,ProShares VIX Short-Term Futures ETF,VIXY,325624,340360,-4.32953,-14736,0.4,130249803.515
03/19/2012,ProShares VIX Short-Term Futures ETF,VIXY,340360,366704,-7.18400,-26344,0.36,121253462.725
03/16/2012,ProShares VIX Short-Term Futures ETF,VIXY,366704,371040,-1.16861,-4336,0.36,130638529.19
03/15/2012,ProShares VIX Short-Term Futures ETF,VIXY,371040,378392,-1.94296,-7352,0.34,125226231.9
03/14/2012,ProShares VIX Short-Term Futures ETF,VIXY,378392,359888,5.14160,18504,0.34,127707536.495
03/13/2012,ProShares VIX Short-Term Futures ETF,VIXY,359888,373408,-3.62070,-13520,0.32,114714524.93
03/12/2012,ProShares VIX Short-Term Futures ETF,VIXY,373408,393168,-5.02584,-19760,0.27,101520533.38
03/09/2012,ProShares VIX Short-Term Futures ETF,VIXY,393168,403200,-2.48810,-10032,0.26,103206845.73
03/08/2012,ProShares VIX Short-Term Futures ETF,VIXY,403200,417816,-3.49819,-14616,0.25,102060252
03/07/2012,ProShares VIX Short-Term Futures ETF,VIXY,417808,446696,-6.46704,-28888,0.25,105757911.13
03/06/2012,ProShares VIX Short-Term Futures ETF,VIXY,446696,410048,8.93749,36648,0.25,111674279.185
03/05/2012,ProShares VIX Short-Term Futures ETF,VIXY,410048,412888,-0.68784,-2840,0.25,102512256.28
03/02/2012,ProShares VIX Short-Term Futures ETF,VIXY,412880,405848,1.73267,7032,0.25,103220258.05
03/01/2012,ProShares VIX Short-Term Futures ETF,VIXY,405848,421880,-3.80013,-16032,0.25,101462253.655
02/29/2012,ProShares VIX Short-Term Futures ETF,VIXY,421880,420464,0.33677,1416,0.25,105470263.675
02/28/2012,ProShares VIX Short-Term Futures ETF,VIXY,420472,432624,-2.80891,-12152,0.25,105118262.795
02/27/2012,ProShares VIX Short-Term Futures ETF,VIXY,432624,426440,1.45015,6184,0.25,108156270.39
02/24/2012,ProShares VIX Short-Term Futures ETF,VIXY,426440,407944,4.53396,18496,0.25,106610266.525
02/23/2012,ProShares VIX Short-Term Futures ETF,VIXY,407944,436816,-6.60965,-28872,0.19,77764579.965
02/22/2012,ProShares VIX Short-Term Futures ETF,VIXY,436816,451056,-3.15704,-14240,0.2,85998423.01
02/21/2012,ProShares VIX Short-Term Futures ETF,VIXY,451056,451104,-0.01064,-48,0.18,83163731.91
02/17/2012,ProShares VIX Short-Term Futures ETF,VIXY,451104,454512,-0.74982,-3408,0.17,74714381.94
02/16/2012,ProShares VIX Short-Term Futures ETF,VIXY,454504,482832,-5.86705,-28328,0.15,66755559.065
02/15/2012,ProShares VIX Short-Term Futures ETF,VIXY,482840,447024,8.01210,35816,0.15,70917426.775
02/14/2012,ProShares VIX Short-Term Futures ETF,VIXY,447024,436016,2.52468,11008,0.13,57275229.39
02/13/2012,ProShares VIX Short-Term Futures ETF,VIXY,436016,471112,-7.44961,-35096,0.12,53139722.51
02/10/2012,ProShares VIX Short-Term Futures ETF,VIXY,471120,438376,7.46939,32744,0.12,57418044.45
02/09/2012,ProShares VIX Short-Term Futures ETF,VIXY,438376,419848,4.41303,18528,0.11,47947648.985
02/08/2012,ProShares VIX Short-Term Futures ETF,VIXY,419840,406608,3.25424,13232,0.11,44608262.4
02/07/2012,ProShares VIX Short-Term Futures ETF,VIXY,406608,401920,1.16640,4688,0.1,39390404.13
02/06/2012,ProShares VIX Short-Term Futures ETF,VIXY,401920,405504,-0.88384,-3584,0.09,36424251.2
02/03/2012,ProShares VIX Short-Term Futures ETF,VIXY,405504,425624,-4.72718,-20120,0.09,36749053.44
02/02/2012,ProShares VIX Short-Term Futures ETF,VIXY,425632,440344,-3.34102,-14712,0.09,37243066.02
02/01/2012,ProShares VIX Short-Term Futures ETF,VIXY,440344,458768,-4.01597,-18424,0.08,33026075.215
01/31/2012,ProShares VIX Short-Term Futures ETF,VIXY,458768,454560,0.92573,4208,0.08,34407886.73
01/30/2012,ProShares VIX Short-Term Futures ETF,VIXY,454552,444520,2.25682,10032,0.06,28409784.095
01/27/2012,ProShares VIX Short-Term Futures ETF,VIXY,444520,452880,-1.84596,-8360,0.06,27782777.825
01/26/2012,ProShares VIX Short-Term Futures ETF,VIXY,452880,453320,-0.09706,-440,0.07,31135783.05
01/25/2012,ProShares VIX Short-Term Futures ETF,VIXY,453320,467120,-2.95427,-13800,0.07,29749408.325
01/24/2012,ProShares VIX Short-Term Futures ETF,VIXY,467120,469960,-0.60431,-2840,0.07,33574541.95
01/23/2012,ProShares VIX Short-Term Futures ETF,VIXY,469952,481480,-2.39428,-11528,0.07,33778093.72
01/20/2012,ProShares VIX Short-Term Futures ETF,VIXY,481480,496392,-3.00408,-14912,0.07,31597425.925
01/19/2012,ProShares VIX Short-Term Futures ETF,VIXY,496400,510552,-2.77190,-14152,0.07,32576560.25
01/18/2012,ProShares VIX Short-Term Futures ETF,VIXY,510544,527096,-3.14022,-16552,0.06,28718419.09
01/17/2012,ProShares VIX Short-Term Futures ETF,VIXY,527096,530400,-0.62293,-3304,0.06,29649479.435
01/13/2012,ProShares VIX Short-Term Futures ETF,VIXY,530400,522640,1.48477,7760,0.06,31492831.5
01/12/2012,ProShares VIX Short-Term Futures ETF,VIXY,522640,532920,-1.92899,-10280,0.05,26132326.65
01/11/2012,ProShares VIX Short-Term Futures ETF,VIXY,532920,521208,2.24709,11712,0.05,26646333.075
01/10/2012,ProShares VIX Short-Term Futures ETF,VIXY,521208,532424,-2.10659,-11216,0.05,26060725.755
01/09/2012,ProShares VIX Short-Term Futures ETF,VIXY,532424,537680,-0.97753,-5256,0.05,26621532.765
01/06/2012,ProShares VIX Short-Term Futures ETF,VIXY,537672,550808,-2.38486,-13136,0.05,26883936.045
01/05/2012,ProShares VIX Short-Term Futures ETF,VIXY,550808,560424,-1.71584,-9616,0.05,27540744.255
01/04/2012,ProShares VIX Short-Term Futures ETF,VIXY,560424,573000,-2.19476,-12576,0.05,28021550.265
01/03/2012,ProShares VIX Short-Term Futures ETF,VIXY,573000,611024,-6.22300,-38024,0.05,28650358.125
12/30/2011,ProShares VIX Short-Term Futures ETF,VIXY,611032,595272,2.64753,15760,0.05,30551981.895
12/29/2011,ProShares VIX Short-Term Futures ETF,VIXY,595272,611112,-2.59200,-15840,0.05,27903747.045
12/28/2011,ProShares VIX Short-Term Futures ETF,VIXY,611104,584464,4.55802,26640,0.05,28645881.94
12/27/2011,ProShares VIX Short-Term Futures ETF,VIXY,584464,590048,-0.94636,-5584,0.05,27397115.29
12/23/2011,ProShares VIX Short-Term Futures ETF,VIXY,590048,576912,2.27695,13136,0.05,27658868.78
12/22/2011,ProShares VIX Short-Term Futures ETF,VIXY,576920,563560,2.37064,13360,0.05,27043485.575
12/21/2011,ProShares VIX Short-Term Futures ETF,VIXY,563560,610720,-7.72203,-47160,0.05,26417227.225
12/20/2011,ProShares VIX Short-Term Futures ETF,VIXY,610720,652312,-6.37609,-41592,0.05,28627881.7
12/19/2011,ProShares VIX Short-Term Futures ETF,VIXY,652304,664000,-1.76145,-11696,0.05,30577157.69
12/16/2011,ProShares VIX Short-Term Futures ETF,VIXY,664008,665920,-0.28712,-1912,0.05,35275840.005
12/15/2011,ProShares VIX Short-Term Futures ETF,VIXY,665912,692344,-3.81776,-26432,0.05,35376991.195
12/14/2011,ProShares VIX Short-Term Futures ETF,VIXY,692344,688672,0.53320,3672,0.05,36781207.715
12/13/2011,ProShares VIX Short-Term Futures ETF,VIXY,688672,695360,-0.96180,-6688,0.05,36586130.42
12/12/2011,ProShares VIX Short-Term Futures ETF,VIXY,695360,683648,1.71316,11712,0.05,36941434.6
12/09/2011,ProShares VIX Short-Term Futures ETF,VIXY,683640,747208,-8.50740,-63568,0.05,36318802.275
12/08/2011,ProShares VIX Short-Term Futures ETF,VIXY,747208,711128,5.07363,36080,0.05,39695892.005
12/07/2011,ProShares VIX Short-Term Futures ETF,VIXY,711136,697120,2.01056,14016,0.05,37779544.46
12/06/2011,ProShares VIX Short-Term Futures ETF,VIXY,697120,690696,0.93008,6424,0.05,37034935.7
12/05/2011,ProShares VIX Short-Term Futures ETF,VIXY,690688,693184,-0.36008,-2496,0.04,30218031.68
12/02/2011,ProShares VIX Short-Term Futures ETF,VIXY,693184,697264,-0.58514,-4080,0.04,30327233.24
12/01/2011,ProShares VIX Short-Term Futures ETF,VIXY,697264,711032,-1.93634,-13768,0.04,30505735.79
11/30/2011,ProShares VIX Short-Term Futures ETF,VIXY,711032,777568,-8.55694,-66536,0.04,31108094.395
11/29/2011,ProShares VIX Short-Term Futures ETF,VIXY,777568,792264,-1.85494,-14696,0.04,34019085.98
11/28/2011,ProShares VIX Short-Term Futures ETF,VIXY,792256,849216,-6.70736,-56960,0.04,34661695.16
11/25/2011,ProShares VIX Short-Term Futures ETF,VIXY,849216,829528,2.37340,19688,0.04,37153730.76
11/23/2011,ProShares VIX Short-Term Futures ETF,VIXY,829536,798312,3.91125,31224,0.06,51846518.46
11/22/2011,ProShares VIX Short-Term Futures ETF,VIXY,798312,813752,-1.89738,-15440,0.06,49894998.945
11/21/2011,ProShares VIX Short-Term Futures ETF,VIXY,813752,799112,1.83203,14640,0.06,50860008.595
11/18/2011,ProShares VIX Short-Term Futures ETF,VIXY,799112,832736,-4.03777,-33624,0.06,49944999.445
11/17/2011,ProShares VIX Short-Term Futures ETF,VIXY,832736,805736,3.35097,27000,0.06,52046520.46
11/16/2011,ProShares VIX Short-Term Futures ETF,VIXY,805736,757568,6.35824,48168,0.06,50359003.585
11/15/2011,ProShares VIX Short-Term Futures ETF,VIXY,757568,758816,-0.16447,-1248,0.06,47348473.48
11/14/2011,ProShares VIX Short-Term Futures ETF,VIXY,758816,745256,1.81951,13560,0.06,47426474.26
11/11/2011,ProShares VIX Short-Term Futures ETF,VIXY,745256,779944,-4.44750,-34688,0.06,46578965.785
11/10/2011,ProShares VIX Short-Term Futures ETF,VIXY,779944,832872,-6.35488,-52928,0.06,48746987.465
11/09/2011,ProShares VIX Short-Term Futures ETF,VIXY,832872,693824,20.04082,139048,0.06,52055020.545
11/08/2011,ProShares VIX Short-Term Futures ETF,VIXY,693824,733872,-5.45708,-40048,0.06,43364433.64
11/07/2011,ProShares VIX Short-Term Futures ETF,VIXY,733872,738040,-0.56474,-4168,0.06,45867458.67
11/04/2011,ProShares VIX Short-Term Futures ETF,VIXY,738040,725072,1.78851,12968,0.06,46127961.275
11/03/2011,ProShares VIX Short-Term Futures ETF,VIXY,725072,759600,-4.54555,-34528,0.06,45317453.17
11/02/2011,ProShares VIX Short-Term Futures ETF,VIXY,759600,784848,-3.21693,-25248,0.06,47475474.75
11/01/2011,ProShares VIX Short-Term Futures ETF,VIXY,784848,699296,12.23402,85552,0.06,49053490.53
10/31/2011,ProShares VIX Short-Term Futures ETF,VIXY,699296,621080,12.59355,78216,0.06,43706437.06
10/28/2011,ProShares VIX Short-Term Futures ETF,VIXY,621080,622520,-0.23132,-1440,0.06,38817888.175
10/27/2011,ProShares VIX Short-Term Futures ETF,VIXY,622512,718576,-13.36866,-96064,0.06,35016689.07
10/26/2011,ProShares VIX Short-Term Futures ETF,VIXY,718576,758984,-5.32396,-40408,0.06,40420349.11
10/25/2011,ProShares VIX Short-Term Futures ETF,VIXY,758984,702032,8.11245,56952,0.06,42693324.365
10/24/2011,ProShares VIX Short-Term Futures ETF,VIXY,702032,743616,-5.59213,-41584,0.06,39489738.77
10/21/2011,ProShares VIX Short-Term Futures ETF,VIXY,743624,800648,-7.12223,-57024,0.06,41829314.765
10/20/2011,ProShares VIX Short-Term Futures ETF,VIXY,800640,795176,0.68714,5464,0.06,45036500.4
10/19/2011,ProShares VIX Short-Term Futures ETF,VIXY,795176,728376,9.17109,66800,0.06,44729146.985
10/18/2011,ProShares VIX Short-Term Futures ETF,VIXY,728376,774248,-5.92472,-45872,0.06,40971605.235
10/17/2011,ProShares VIX Short-Term Futures ETF,VIXY,774248,687856,12.55961,86392,0.06,43551933.905
10/14/2011,ProShares VIX Short-Term Futures ETF,VIXY,687856,732928,-6.14958,-45072,0.06,38692329.91
10/13/2011,ProShares VIX Short-Term Futures ETF,VIXY,732928,738392,-0.73999,-5464,0.06,41227658.08
10/12/2011,ProShares VIX Short-Term Futures ETF,VIXY,738392,787544,-6.24118,-49152,0.05,36920061.495
10/11/2011,ProShares VIX Short-Term Futures ETF,VIXY,787544,791528,-0.50333,-3984,0.05,39377692.215
10/10/2011,ProShares VIX Short-Term Futures ETF,VIXY,791528,853000,-7.20657,-61472,0.05,39576894.705
10/07/2011,ProShares VIX Short-Term Futures ETF,VIXY,853000,851512,0.17475,1488,0.05,42650533.125
10/06/2011,ProShares VIX Short-Term Futures ETF,VIXY,851504,862848,-1.31472,-11344,0.05,42575732.19
10/05/2011,ProShares VIX Short-Term Futures ETF,VIXY,862848,910888,-5.27397,-48040,0.05,43142939.28
10/04/2011,ProShares VIX Short-Term Futures ETF,VIXY,910888,990136,-8.00375,-79248,0.04,39851919.305
10/03/2011,ProShares VIX Short-Term Futures ETF,VIXY,990136,924880,7.05562,65256,0.04,43319068.835
09/30/2011,ProShares VIX Short-Term Futures ETF,VIXY,924880,852832,8.44809,72048,0.03,28903078.05
09/29/2011,ProShares VIX Short-Term Futures ETF,VIXY,852832,871128,-2.10027,-18296,0.03,26651533.02
09/28/2011,ProShares VIX Short-Term Futures ETF,VIXY,871128,815672,6.79881,55456,0.04,38112394.455
09/27/2011,ProShares VIX Short-Term Futures ETF,VIXY,815672,831040,-1.84925,-15368,0.03,28039234.795
09/26/2011,ProShares VIX Short-Term Futures ETF,VIXY,831048,865656,-3.99789,-34608,0.04,33761844.405
09/23/2011,ProShares VIX Short-Term Futures ETF,VIXY,865656,854384,1.31931,11272,0.04,35167816.035
09/22/2011,ProShares VIX Short-Term Futures ETF,VIXY,854384,793152,7.72008,61232,0.04,34709883.99
09/21/2011,ProShares VIX Short-Term Futures ETF,VIXY,793160,731128,8.48442,62032,0.04,32222620.725
09/20/2011,ProShares VIX Short-Term Futures ETF,VIXY,731120,734512,-0.46180,-3392,0.04,29702206.95
09/19/2011,ProShares VIX Short-Term Futures ETF,VIXY,734512,706224,4.00553,28288,0.04,29840009.07
09/16/2011,ProShares VIX Short-Term Futures ETF,VIXY,706224,723048,-2.32682,-16824,0.04,28690791.39
09/15/2011,ProShares VIX Short-Term Futures ETF,VIXY,723048,761184,-5.01009,-38136,0.04,29374276.905
09/14/2011,ProShares VIX Short-Term Futures ETF,VIXY,761184,789288,-3.56068,-28104,0.04,30923575.74
09/13/2011,ProShares VIX Short-Term Futures ETF,VIXY,789288,790208,-0.11643,-920,0.04,32065318.305
09/12/2011,ProShares VIX Short-Term Futures ETF,VIXY,790208,784272,0.75688,5936,0.04,32102693.88
09/09/2011,ProShares VIX Short-Term Futures ETF,VIXY,784272,720528,8.84685,63744,0.04,29410690.17
09/08/2011,ProShares VIX Short-Term Futures ETF,VIXY,720528,701896,2.65452,18632,0.04,27020250.33
09/07/2011,ProShares VIX Short-Term Futures ETF,VIXY,701896,740336,-5.19224,-38440,0.04,26321538.685
09/06/2011,ProShares VIX Short-Term Futures ETF,VIXY,740336,718704,3.00986,21632,0.04,27763062.71
09/02/2011,ProShares VIX Short-Term Futures ETF,VIXY,718704,678760,5.88485,39944,0.04,26951849.19
09/01/2011,ProShares VIX Short-Term Futures ETF,VIXY,678760,668048,1.60348,10712,0.04,25453924.225
08/31/2011,ProShares VIX Short-Term Futures ETF,VIXY,668048,682000,-2.04575,-13952,0.04,25052217.53
08/30/2011,ProShares VIX Short-Term Futures ETF,VIXY,682000,663824,2.73808,18176,0.04,25575426.25
08/29/2011,ProShares VIX Short-Term Futures ETF,VIXY,663824,706816,-6.08249,-42992,0.04,24893814.89
08/26/2011,ProShares VIX Short-Term Futures ETF,VIXY,706816,722872,-2.22114,-16056,0.04,26506041.76
08/25/2011,ProShares VIX Short-Term Futures ETF,VIXY,722880,702144,2.95324,20736,0.04,27108451.8
08/24/2011,ProShares VIX Short-Term Futures ETF,VIXY,702136,716056,-1.94398,-13920,0.04,26330538.835
08/23/2011,ProShares VIX Short-Term Futures ETF,VIXY,716064,757288,-5.44364,-41224,0.04,26852847.54
08/22/2011,ProShares VIX Short-Term Futures ETF,VIXY,757288,735088,3.02005,22200,0.03,23665723.305
08/19/2011,ProShares VIX Short-Term Futures ETF,VIXY,735088,695024,5.76441,40064,0.03,25269109.43
08/18/2011,ProShares VIX Short-Term Futures ETF,VIXY,695024,582880,19.23964,112144,0.04,28235784.39
08/17/2011,ProShares VIX Short-Term Futures ETF,VIXY,582880,561176,3.86759,21704,0.04,23679864.3
08/16/2011,ProShares VIX Short-Term Futures ETF,VIXY,561176,555840,0.95999,5336,0.03,19290775.735
08/15/2011,ProShares VIX Short-Term Futures ETF,VIXY,555840,582880,-4.63903,-27040,0.05,29529347.4
08/12/2011,ProShares VIX Short-Term Futures ETF,VIXY,582880,580184,0.46468,2696,0.08,45537864.3
08/11/2011,ProShares VIX Short-Term Futures ETF,VIXY,580184,601840,-3.59830,-21656,0.08,45327237.615
08/10/2011,ProShares VIX Short-Term Futures ETF,VIXY,601840,525928,14.43391,75912,0.11,65826626.15
08/09/2011,ProShares VIX Short-Term Futures ETF,VIXY,525928,627200,-16.14668,-101272,0.08,41088453.705
08/08/2011,ProShares VIX Short-Term Futures ETF,VIXY,627200,526992,19.01509,100208,0.05,33320392
08/05/2011,ProShares VIX Short-Term Futures ETF,VIXY,526984,510432,3.24274,16552,0.07,34583654.365
08/04/2011,ProShares VIX Short-Term Futures ETF,VIXY,510432,420752,21.31422,89680,0.07,33497419.02
08/03/2011,ProShares VIX Short-Term Futures ETF,VIXY,420752,425112,-1.02561,-4360,0.08,34186362.97
08/02/2011,ProShares VIX Short-Term Futures ETF,VIXY,425104,395944,7.36468,29160,0.09,39853765.69
08/01/2011,ProShares VIX Short-Term Futures ETF,VIXY,395944,404128,-2.02510,-8184,0.11,42069297.465
07/29/2011,ProShares VIX Short-Term Futures ETF,VIXY,404128,411328,-1.75043,-7200,0.08,34098552.58
07/28/2011,ProShares VIX Short-Term Futures ETF,VIXY,411328,411048,0.06812,280,0.09,37276857.08
07/27/2011,ProShares VIX Short-Term Futures ETF,VIXY,411048,382400,7.49163,28648,0.09,37251481.905
07/26/2011,ProShares VIX Short-Term Futures ETF,VIXY,382400,376688,1.51637,5712,0.1,39435239
07/25/2011,ProShares VIX Short-Term Futures ETF,VIXY,376688,357584,5.34252,19104,0.12,45909085.43
07/22/2011,ProShares VIX Short-Term Futures ETF,VIXY,357584,359632,-0.56947,-2048,0.12,43580773.49
07/21/2011,ProShares VIX Short-Term Futures ETF,VIXY,359632,379112,-5.13832,-19480,0.12,43830374.77
07/20/2011,ProShares VIX Short-Term Futures ETF,VIXY,379112,386960,-2.02812,-7848,0.12,46204511.945
07/19/2011,ProShares VIX Short-Term Futures ETF,VIXY,386952,411992,-6.07779,-25040,0.12,47160016.845
07/18/2011,ProShares VIX Short-Term Futures ETF,VIXY,411992,396008,4.03628,15984,0.11,43774407.495
07/15/2011,ProShares VIX Short-Term Futures ETF,VIXY,396008,405008,-2.22218,-9000,0.11,42076097.505
07/14/2011,ProShares VIX Short-Term Futures ETF,VIXY,405008,392760,3.11844,12248,0.14,55688853.13
07/13/2011,ProShares VIX Short-Term Futures ETF,VIXY,392760,390744,0.51594,2016,0.14,54004745.475
07/12/2011,ProShares VIX Short-Term Futures ETF,VIXY,390744,381424,2.44347,9320,0.13,50064319.215
07/11/2011,ProShares VIX Short-Term Futures ETF,VIXY,381424,352688,8.14771,28736,0.13,51254088.39
07/08/2011,ProShares VIX Short-Term Futures ETF,VIXY,352688,345168,2.17865,7520,0.13,47392670.43
07/07/2011,ProShares VIX Short-Term Futures ETF,VIXY,345168,355160,-2.81338,-9992,0.13,46382165.73
07/06/2011,ProShares VIX Short-Term Futures ETF,VIXY,355152,349816,1.52537,5336,0.13,47723771.97
07/05/2011,ProShares VIX Short-Term Futures ETF,VIXY,349824,348240,0.45486,1584,0.13,47007818.64
07/01/2011,ProShares VIX Short-Term Futures ETF,VIXY,348240,363752,-4.26444,-15512,0.11,38088967.65
06/30/2011,ProShares VIX Short-Term Futures ETF,VIXY,363744,377992,-3.76939,-14248,0.13,46604927.34
06/29/2011,ProShares VIX Short-Term Futures ETF,VIXY,377992,396864,-4.75528,-18872,0.13,49611686.245
06/28/2011,ProShares VIX Short-Term Futures ETF,VIXY,396856,416696,-4.76126,-19840,0.13,52087598.035
06/27/2011,ProShares VIX Short-Term Futures ETF,VIXY,416696,426480,-2.29413,-9784,0.13,54691610.435
06/24/2011,ProShares VIX Short-Term Futures ETF,VIXY,426480,405000,5.30370,21480,0.12,49312016.55
06/23/2011,ProShares VIX Short-Term Futures ETF,VIXY,405000,413344,-2.01866,-8344,0.1,41765878.125
06/22/2011,ProShares VIX Short-Term Futures ETF,VIXY,413344,406456,1.69465,6888,0.12,50376558.34
06/21/2011,ProShares VIX Short-Term Futures ETF,VIXY,406456,416136,-2.32616,-9680,0.12,49537079.035
06/20/2011,ProShares VIX Short-Term Futures ETF,VIXY,416136,436112,-4.58047,-19976,0.12,50716835.085
06/17/2011,ProShares VIX Short-Term Futures ETF,VIXY,436120,445984,-2.21174,-9864,0.12,53152397.575
06/16/2011,ProShares VIX Short-Term Futures ETF,VIXY,445984,425656,4.77569,20328,0.12,54354578.74
06/15/2011,ProShares VIX Short-Term Futures ETF,VIXY,425656,390136,9.10452,35520,0.15,62518491.035
06/14/2011,ProShares VIX Short-Term Futures ETF,VIXY,390136,407056,-4.15668,-16920,0.15,57301468.835
06/13/2011,ProShares VIX Short-Term Futures ETF,VIXY,407064,398488,2.15214,8576,0.15,59787779.415
06/10/2011,ProShares VIX Short-Term Futures ETF,VIXY,398480,384440,3.65207,14040,0.15,58526999.05
06/09/2011,ProShares VIX Short-Term Futures ETF,VIXY,384440,396808,-3.11687,-12368,0.15,56464865.275
06/08/2011,ProShares VIX Short-Term Futures ETF,VIXY,396808,391760,1.28854,5048,0.13,52081298.005
06/07/2011,ProShares VIX Short-Term Futures ETF,VIXY,391768,396672,-1.23629,-4904,0.15,57541169.855
06/06/2011,ProShares VIX Short-Term Futures ETF,VIXY,396664,392216,1.13407,4448,0.15,58260272.915
06/03/2011,ProShares VIX Short-Term Futures ETF,VIXY,392216,389728,0.63839,2488,0.16,63735345.135
06/02/2011,ProShares VIX Short-Term Futures ETF,VIXY,389728,393400,-0.93340,-3672,0.16,63331043.58
06/01/2011,ProShares VIX Short-Term Futures ETF,VIXY,393392,367912,6.92557,25480,0.16,63926445.87
05/31/2011,ProShares VIX Short-Term Futures ETF,VIXY,367912,379088,-2.94813,-11176,0.16,59785929.945
05/27/2011,ProShares VIX Short-Term Futures ETF,VIXY,379088,386136,-1.82526,-7048,0.16,61602036.93
05/26/2011,ProShares VIX Short-Term Futures ETF,VIXY,386128,397184,-2.78360,-11056,0.15,59126091.33
05/25/2011,ProShares VIX Short-Term Futures ETF,VIXY,397184,404088,-1.70854,-6904,0.15,60819048.24
05/24/2011,ProShares VIX Short-Term Futures ETF,VIXY,404088,408968,-1.19325,-4880,0.15,61876227.555
05/23/2011,ProShares VIX Short-Term Futures ETF,VIXY,408968,398816,2.54553,10152,0.14,57511380.605
05/20/2011,ProShares VIX Short-Term Futures ETF,VIXY,398816,390080,2.23954,8736,0.14,57330049.26
05/19/2011,ProShares VIX Short-Term Futures ETF,VIXY,390080,398624,-2.14337,-8544,0.14,56074243.8
05/18/2011,ProShares VIX Short-Term Futures ETF,VIXY,398616,413120,-3.51084,-14504,0.14,57301299.135
05/17/2011,ProShares VIX Short-Term Futures ETF,VIXY,413120,420832,-1.83256,-7712,0.14,59386258.2
05/16/2011,ProShares VIX Short-Term Futures ETF,VIXY,420832,411488,2.27078,9344,0.14,60494863.02
05/13/2011,ProShares VIX Short-Term Futures ETF,VIXY,411496,403408,2.00492,8088,0.14,59152807.185
05/12/2011,ProShares VIX Short-Term Futures ETF,VIXY,403408,411328,-1.92547,-7920,0.14,57990152.13
05/11/2011,ProShares VIX Short-Term Futures ETF,VIXY,411320,400560,2.68624,10760,0.14,59127507.075
05/10/2011,ProShares VIX Short-Term Futures ETF,VIXY,400560,416376,-3.79849,-15816,0.14,57580750.35
05/09/2011,ProShares VIX Short-Term Futures ETF,VIXY,416384,432352,-3.69329,-15968,0.14,57253060.24
05/06/2011,ProShares VIX Short-Term Futures ETF,VIXY,432352,437088,-1.08353,-4736,0.14,59448670.22
05/05/2011,ProShares VIX Short-Term Futures ETF,VIXY,437080,430352,1.56337,6728,0.13,54635273.175
05/04/2011,ProShares VIX Short-Term Futures ETF,VIXY,430352,425200,1.21167,5152,0.13,53794268.97
05/03/2011,ProShares VIX Short-Term Futures ETF,VIXY,425200,414048,2.69341,11152,0.13,53150265.75
05/02/2011,ProShares VIX Short-Term Futures ETF,VIXY,414048,402176,2.95194,11872,0.13,51756258.78
04/29/2011,ProShares VIX Short-Term Futures ETF,VIXY,402176,403480,-0.32319,-1304,0.11,45245051.36
04/28/2011,ProShares VIX Short-Term Futures ETF,VIXY,403472,410048,-1.60371,-6576,0.11,45390852.17
04/27/2011,ProShares VIX Short-Term Futures ETF,VIXY,410048,418056,-1.91553,-8008,0.11,46130656.28
04/26/2011,ProShares VIX Short-Term Futures ETF,VIXY,418056,422560,-1.06588,-4504,0.1,41805861.285
04/25/2011,ProShares VIX Short-Term Futures ETF,VIXY,422560,433216,-2.45974,-10656,0.1,42256264.1
04/21/2011,ProShares VIX Short-Term Futures ETF,VIXY,433216,439112,-1.34271,-5896,0.1,43321870.76
04/20/2011,ProShares VIX Short-Term Futures ETF,VIXY,439112,462088,-4.97221,-22976,0.1,43911474.445
04/19/2011,ProShares VIX Short-Term Futures ETF,VIXY,462088,489104,-5.52357,-27016,0.1,46209088.805
04/18/2011,ProShares VIX Short-Term Futures ETF,VIXY,489104,475648,2.82898,13456,0.08,39740005.69
04/15/2011,ProShares VIX Short-Term Futures ETF,VIXY,475648,489904,-2.90996,-14256,0.08,38646697.28
04/14/2011,ProShares VIX Short-Term Futures ETF,VIXY,489904,495640,-1.15729,-5736,0.08,39805006.19
04/13/2011,ProShares VIX Short-Term Futures ETF,VIXY,495640,504616,-1.77878,-8976,0.08,37173309.775
04/12/2011,ProShares VIX Short-Term Futures ETF,VIXY,504624,498144,1.30083,6480,0.08,37847115.39
04/11/2011,ProShares VIX Short-Term Futures ETF,VIXY,498144,503576,-1.07869,-5432,0.07,34247711.34
04/08/2011,ProShares VIX Short-Term Futures ETF,VIXY,503576,496424,1.44070,7152,0.07,34621164.735
04/07/2011,ProShares VIX Short-Term Futures ETF,VIXY,496416,492736,0.74685,3680,0.07,34128910.26
04/06/2011,ProShares VIX Short-Term Futures ETF,VIXY,492736,494776,-0.41231,-2040,0.07,33875907.96
04/05/2011,ProShares VIX Short-Term Futures ETF,VIXY,494776,497872,-0.62185,-3096,0.07,34016159.235
04/04/2011,ProShares VIX Short-Term Futures ETF,VIXY,497872,506136,-1.63276,-8264,0.06,31117311.17
04/01/2011,ProShares VIX Short-Term Futures ETF,VIXY,506128,512472,-1.23792,-6344,0.06,31633316.33
03/31/2011,ProShares VIX Short-Term Futures ETF,VIXY,512472,510592,0.36820,1880,0.06,32029820.295
03/30/2011,ProShares VIX Short-Term Futures ETF,VIXY,510592,518536,-1.53201,-7944,0.06,31912319.12
03/29/2011,ProShares VIX Short-Term Futures ETF,VIXY,518536,535560,-3.17873,-17024,0.06,32408824.085
03/28/2011,ProShares VIX Short-Term Futures ETF,VIXY,535560,521728,2.65119,13832,0.06,33472834.725
03/25/2011,ProShares VIX Short-Term Futures ETF,VIXY,521728,525560,-0.72913,-3832,0.05,27717126.08
03/24/2011,ProShares VIX Short-Term Futures ETF,VIXY,525560,539856,-2.64811,-14296,0.06,29563078.475
03/23/2011,ProShares VIX Short-Term Futures ETF,VIXY,539848,564032,-4.28770,-24184,0.05,25305712.405
03/22/2011,ProShares VIX Short-Term Futures ETF,VIXY,564040,566352,-0.40823,-2312,0.05,26439727.525
03/21/2011,ProShares VIX Short-Term Futures ETF,VIXY,566352,610824,-7.28066,-44472,0.05,26548103.97
03/18/2011,ProShares VIX Short-Term Futures ETF,VIXY,610824,631592,-3.28820,-20768,0.04,24815106.765
03/17/2011,ProShares VIX Short-Term Futures ETF,VIXY,631592,651200,-3.01106,-19608,0.04,25658819.745
03/16/2011,ProShares VIX Short-Term Futures ETF,VIXY,651200,613320,6.17622,37880,0.04,24420407
03/15/2011,ProShares VIX Short-Term Futures ETF,VIXY,613320,580912,5.57881,32408,0.03,21083258.325
03/14/2011,ProShares VIX Short-Term Futures ETF,VIXY,580912,573928,1.21688,6984,0.03,19969213.07
03/11/2011,ProShares VIX Short-Term Futures ETF,VIXY,573936,592192,-3.08278,-18256,0.03,17935858.71
03/10/2011,ProShares VIX Short-Term Futures ETF,VIXY,592184,566984,4.44457,25200,0.03,18506120.115
03/09/2011,ProShares VIX Short-Term Futures ETF,VIXY,566992,555112,2.14011,11880,0.03,17718854.37
03/08/2011,ProShares VIX Short-Term Futures ETF,VIXY,555112,567320,-2.15187,-12208,0.03,17347596.945
03/07/2011,ProShares VIX Short-Term Futures ETF,VIXY,567320,546776,3.75730,20544,0.03,17729104.575
03/04/2011,ProShares VIX Short-Term Futures ETF,VIXY,546776,535944,2.02111,10832,0.03,17087091.735
03/03/2011,ProShares VIX Short-Term Futures ETF,VIXY,535952,566080,-5.32222,-30128,0.03,16748834.97
03/02/2011,ProShares VIX Short-Term Futures ETF,VIXY,566072,568928,-0.50200,-2856,0.03,14152153.795
03/01/2011,ProShares VIX Short-Term Futures ETF,VIXY,568928,522280,8.93161,46648,0.03,14223555.58
02/28/2011,ProShares VIX Short-Term Futures ETF,VIXY,522280,546472,-4.42694,-24192,0.03,13057326.425
02/25/2011,ProShares VIX Short-Term Futures ETF,VIXY,546472,587816,-7.03349,-41344,0.02,11954416.545
02/24/2011,ProShares VIX Short-Term Futures ETF,VIXY,587816,597176,-1.56738,-9360,0.02,12858842.385
02/23/2011,ProShares VIX Short-Term Futures ETF,VIXY,597176,568616,5.02272,28560,0.03,16795948.235
02/22/2011,ProShares VIX Short-Term Futures ETF,VIXY,568624,503520,12.92977,65104,0.03,15992905.39
02/18/2011,ProShares VIX Short-Term Futures ETF,VIXY,503520,499424,0.82014,4096,0.03,12588314.7
02/17/2011,ProShares VIX Short-Term Futures ETF,VIXY,499424,494960,0.90189,4464,0.03,12485912.14
02/16/2011,ProShares VIX Short-Term Futures ETF,VIXY,494960,488360,1.35146,6600,0.03,12374309.35
02/15/2011,ProShares VIX Short-Term Futures ETF,VIXY,488360,482720,1.16838,5640,0.03,12209305.225
02/14/2011,ProShares VIX Short-Term Futures ETF,VIXY,482720,488104,-1.10304,-5384,0.02,9051301.7
02/11/2011,ProShares VIX Short-Term Futures ETF,VIXY,488112,495080,-1.40745,-6968,0.02,7627055.07
02/10/2011,ProShares VIX Short-Term Futures ETF,VIXY,495080,493680,0.28358,1400,0.02,7735934.425
02/09/2011,ProShares VIX Short-Term Futures ETF,VIXY,493680,492728,0.19321,952,0.02,7714058.55
02/08/2011,ProShares VIX Short-Term Futures ETF,VIXY,492728,498400,-1.13804,-5672,0.01,6159407.955
02/07/2011,ProShares VIX Short-Term Futures ETF,VIXY,498400,508704,-2.02554,-10304,0.01,6230311.5
02/04/2011,ProShares VIX Short-Term Futures ETF,VIXY,508704,522096,-2.56505,-13392,0.01,6359117.94
02/03/2011,ProShares VIX Short-Term Futures ETF,VIXY,522096,529808,-1.45562,-7712,0.01,6526526.31
02/02/2011,ProShares VIX Short-Term Futures ETF,VIXY,529808,528968,0.15880,840,0.01,6622931.13
02/01/2011,ProShares VIX Short-Term Futures ETF,VIXY,528968,557808,-5.17024,-28840,0.01,6612430.605
01/31/2011,ProShares VIX Short-Term Futures ETF,VIXY,557808,565672,-1.39020,-7864,0.01,6972948.63
01/28/2011,ProShares VIX Short-Term Futures ETF,VIXY,565672,513328,10.19699,52344,0.01,7071253.545
01/27/2011,ProShares VIX Short-Term Futures ETF,VIXY,513328,522208,-1.70047,-8880,0.01,6416920.83
01/26/2011,ProShares VIX Short-Term Futures ETF,VIXY,522208,540536,-3.39071,-18328,0.01,6527926.38
01/25/2011,ProShares VIX Short-Term Futures ETF,VIXY,540536,546272,-1.05003,-5736,0.01,6757037.835
01/24/2011,ProShares VIX Short-Term Futures ETF,VIXY,546272,559336,-2.33563,-13064,0.01,6828741.42
01/21/2011,ProShares VIX Short-Term Futures ETF,VIXY,559336,553240,1.10187,6096,0.01,6992049.585
01/20/2011,ProShares VIX Short-Term Futures ETF,VIXY,553240,556736,-0.62795,-3496,0.01,6915845.775
01/19/2011,ProShares VIX Short-Term Futures ETF,VIXY,556728,529936,5.05570,26792,0.02,10438997.955
01/18/2011,ProShares VIX Short-Term Futures ETF,VIXY,529936,546112,-2.96203,-16176,0.01,6624531.21
01/14/2011,ProShares VIX Short-Term Futures ETF,VIXY,546112,572496,-4.60859,-26384,0.01,6826741.32
01/13/2011,ProShares VIX Short-Term Futures ETF,VIXY,572496,576384,-0.67455,-3888,0.01,7156557.81
01/12/2011,ProShares VIX Short-Term Futures ETF,VIXY,576384,605296,-4.77651,-28912,0.01,7205160.24
01/11/2011,ProShares VIX Short-Term Futures ETF,VIXY,605296,624584,-3.08814,-19288,0.01,7566578.31
01/10/2011,ProShares VIX Short-Term Futures ETF,VIXY,624576,625016,-0.07040,-440,0.01,7807590.36
01/07/2011,ProShares VIX Short-Term Futures ETF,VIXY,625016,622480,0.40740,2536,0.01,7813090.635
01/06/2011,ProShares VIX Short-Term Futures ETF,VIXY,622480,623944,-0.23464,-1464,0.01,7781389.05
01/05/2011,ProShares VIX Short-Term Futures ETF,VIXY,623952,635768,-1.85854,-11816,0.01,7799789.97
01/04/2011,ProShares VIX Short-Term Futures ETF,VIXY,635760,640000,-0.66250,-4240,0.01,7947397.35
01/03/2011,ProShares VIX Short-Term Futures ETF,VIXY,640000,640000,0.00000,0,0.01,8000400
