Date,ProShares Name,Ticker,NAV,Prior NAV,NAV Change (%),NAV Change ($),Shares Outstanding (000),Assets Under Management
10/01/2026,ProShares UltraPro Short QQQ,SQQQ,34.14,34.4298,-0.84171,-0.2898,61051.2,2084288070.42
09/30/2026,ProShares UltraPro Short QQQ,SQQQ,34.4298,34.6533,-0.64496,-0.2235,62251.2,2143296469.0494
09/29/2026,ProShares UltraPro Short QQQ,SQQQ,34.6533,34.8547,-0.57783,-0.2014,61151.2,2119090982.9199
09/28/2026,ProShares UltraPro Short QQQ,SQQQ,34.8547,33.7447,3.28941,1.11,59401.2,2070411110.2041
09/25/2026,ProShares UltraPro Short QQQ,SQQQ,33.7447,34.1344,-1.14166,-0.3897,66001.2,2227190794.8741
09/24/2026,ProShares UltraPro Short QQQ,SQQQ,34.1344,34.148,-0.03983,-0.0136,64151.2,2189762823.6832
09/23/2026,ProShares UltraPro Short QQQ,SQQQ,34.148,33.7599,1.14959,0.3881,63801.2,2178683480.044
09/22/2026,ProShares UltraPro Short QQQ,SQQQ,33.7599,34.5951,-2.41421,-0.8352,62601.2,2113410353.1597
09/21/2026,ProShares UltraPro Short QQQ,SQQQ,34.5951,37.7997,-8.47785,-3.2046,61001.2,2110342717.9053
09/18/2026,ProShares UltraPro Short QQQ,SQQQ,37.7997,38.5186,-1.86637,-0.7189,53851.2,2035559318.0391
09/17/2026,ProShares UltraPro Short QQQ,SQQQ,38.5186,40.6071,-5.14319,-2.0885,55701.2,2145532357.8758
09/16/2026,ProShares UltraPro Short QQQ,SQQQ,40.6071,40.6261,-0.04677,-0.019,53051.2,2154255505.3413
09/15/2026,ProShares UltraPro Short QQQ,SQQQ,40.6261,39.8456,1.95881,0.7805,52051.2,2114637378.1983
09/14/2026,ProShares UltraPro Short QQQ,SQQQ,39.8456,38.8746,2.49777,0.971,52901.2,2107880174.2568
09/11/2026,ProShares UltraPro Short QQQ,SQQQ,38.8746,39.9189,-2.61605,-1.0443,53851.2,2093443976.1438
09/10/2026,ProShares UltraPro Short QQQ,SQQQ,39.9189,38.6652,3.24245,1.2537,52601.2,2099782162.4367
09/09/2026,ProShares UltraPro Short QQQ,SQQQ,38.6652,38.3081,0.93218,0.3571,52251.2,2020303214.2356
09/08/2026,ProShares UltraPro Short QQQ,SQQQ,38.3081,38.1581,0.39310,0.15,52301.2,2003559714.6443
09/04/2026,ProShares UltraPro Short QQQ,SQQQ,38.1581,38.3498,-0.49987,-0.1917,51801.2,1976635484.1943
09/03/2026,ProShares UltraPro Short QQQ,SQQQ,38.3498,39.7274,-3.46763,-1.3776,54701.2,2097780194.8094
09/02/2026,ProShares UltraPro Short QQQ,SQQQ,39.7274,39.9836,-0.64076,-0.2562,51851.2,2059913482.0622
09/01/2026,ProShares UltraPro Short QQQ,SQQQ,39.9836,38.4818,3.90262,1.5018,51151.2,2045209240.2708
08/31/2026,ProShares UltraPro Short QQQ,SQQQ,38.4818,38.5664,-0.21936,-0.0846,51401.2,1978010813.6054
08/28/2026,ProShares UltraPro Short QQQ,SQQQ,38.5664,37.7267,2.22574,0.8397,50301.2,1939936315.3792
08/27/2026,ProShares UltraPro Short QQQ,SQQQ,37.7267,39.3995,-4.24574,-1.6728,50201.2,1893925725.2201
08/26/2026,ProShares UltraPro Short QQQ,SQQQ,39.3995,39.4435,-0.11155,-0.044,48051.2,1893193372.5985
08/25/2026,ProShares UltraPro Short QQQ,SQQQ,39.4435,40.1985,-1.87818,-0.755,49151.2,1938695475.5305
08/24/2026,ProShares UltraPro Short QQQ,SQQQ,40.1985,39.0418,2.96272,1.1567,50401.2,2026052758.7955
08/21/2026,ProShares UltraPro Short QQQ,SQQQ,39.0418,39.3963,-0.89983,-0.3545,50101.2,1956041147.2854
08/20/2026,ProShares UltraPro Short QQQ,SQQQ,39.3963,38.5563,2.17863,0.84,47301.2,1863492383.7489
08/19/2026,ProShares UltraPro Short QQQ,SQQQ,38.5563,38.2901,0.69522,0.2662,47901.2,1846893153.2289
08/18/2026,ProShares UltraPro Short QQQ,SQQQ,38.2901,36.4361,5.08836,1.854,49501.2,1895406012.9903
08/17/2026,ProShares UltraPro Short QQQ,SQQQ,36.4361,36.2387,0.54472,0.1974,52651.2,1918404497.6283
08/14/2026,ProShares UltraPro Short QQQ,SQQQ,36.2387,36.0601,0.49528,0.1786,50001.2,1811978595.1561
08/13/2026,ProShares UltraPro Short QQQ,SQQQ,36.0601,37.332,-3.40700,-1.2719,52951.2,1909425675.3003
08/12/2026,ProShares UltraPro Short QQQ,SQQQ,37.332,38.1635,-2.17878,-0.8315,48951.2,1827446310.396
08/11/2026,ProShares UltraPro Short QQQ,SQQQ,38.1635,37.7745,1.02980,0.389,46951.2,1791822235.6905
08/10/2026,ProShares UltraPro Short QQQ,SQQQ,37.7745,37.3925,1.02160,0.382,47901.2,1809443992.7235
08/07/2026,ProShares UltraPro Short QQQ,SQQQ,37.3925,38.7314,-3.45689,-1.3389,47251.2,1766840608.1775
08/06/2026,ProShares UltraPro Short QQQ,SQQQ,38.7314,38.2616,1.22786,0.4698,46451.2,1799120123.8742
08/05/2026,ProShares UltraPro Short QQQ,SQQQ,38.2616,37.3212,2.51975,0.9404,50001.2,1913126028.7048
08/04/2026,ProShares UltraPro Short QQQ,SQQQ,37.3212,41.4398,-9.93875,-4.1186,49501.2,1847444297.4036
08/03/2026,ProShares UltraPro Short QQQ,SQQQ,41.4398,43.7502,-5.28089,-2.3104,45201.2,1873128812.0794
07/31/2026,ProShares UltraPro Short QQQ,SQQQ,43.7502,44.5079,-1.70239,-0.7577,46501.2,2034436931.4906
07/30/2026,ProShares UltraPro Short QQQ,SQQQ,44.5079,49.4772,-10.04362,-4.9693,45651.2,2031839178.0037
07/29/2026,ProShares UltraPro Short QQQ,SQQQ,49.4772,46.5764,6.22805,2.9008,41801.2,2068206481.0716
07/28/2026,ProShares UltraPro Short QQQ,SQQQ,46.5764,45.2238,2.99090,1.3526,43951.2,2047088811.4092
07/27/2026,ProShares UltraPro Short QQQ,SQQQ,45.2238,44.7858,0.97799,0.438,47101.2,2130095384.2314
07/24/2026,ProShares UltraPro Short QQQ,SQQQ,44.7858,43.2464,3.55960,1.5394,47401.2,2122900797.3174
07/23/2026,ProShares UltraPro Short QQQ,SQQQ,43.2464,40.9287,5.66277,2.3177,46651.2,2017496585.4192
07/22/2026,ProShares UltraPro Short QQQ,SQQQ,40.9287,40.2678,1.64126,0.6609,49551.2,2028066322.2261
07/21/2026,ProShares UltraPro Short QQQ,SQQQ,40.2678,42.7136,-5.72605,-2.4458,50601.2,2037599122.1634
07/20/2026,ProShares UltraPro Short QQQ,SQQQ,42.7136,42.7592,-0.10664,-0.0456,48501.2,2071660984.4608
07/17/2026,ProShares UltraPro Short QQQ,SQQQ,42.7592,40.8718,4.61785,1.8874,48351.2,2067458759.3176
07/16/2026,ProShares UltraPro Short QQQ,SQQQ,40.8718,38.9695,4.88151,1.9023,49351.2,2017072498.7754
07/15/2026,ProShares UltraPro Short QQQ,SQQQ,38.9695,38.62,0.90497,0.3495,49901.2,1944624930.3085
07/14/2026,ProShares UltraPro Short QQQ,SQQQ,38.62,39.9243,-3.26693,-1.3043,51601.2,1992838459.86
07/13/2026,ProShares UltraPro Short QQQ,SQQQ,39.9243,37.7811,5.67268,2.1432,49451.2,1974304663.9329
07/10/2026,ProShares UltraPro Short QQQ,SQQQ,37.7811,38.1078,-0.85730,-0.3267,54151.2,2045892015.6633
07/09/2026,ProShares UltraPro Short QQQ,SQQQ,38.1078,40.0383,-4.82163,-1.9305,55201.2,2103596403.6834
07/08/2026,ProShares UltraPro Short QQQ,SQQQ,40.0383,40.3529,-0.77962,-0.3146,52651.2,2108064661.0749
07/07/2026,ProShares UltraPro Short QQQ,SQQQ,40.3529,38.3037,5.34987,2.0492,53051.2,2140769889.5387
07/06/2026,ProShares UltraPro Short QQQ,SQQQ,38.3037,39.817,-3.80064,-1.5133,53801.2,2060785139.3511
07/02/2026,ProShares UltraPro Short QQQ,SQQQ,39.817,37.9105,5.02895,1.9065,50751.2,2020760649.851
07/01/2026,ProShares UltraPro Short QQQ,SQQQ,37.9105,36.2234,4.65749,1.6871,53251.2,2018779731.3315
06/30/2026,ProShares UltraPro Short QQQ,SQQQ,36.2234,38.1328,-5.00724,-1.9094,56251.2,2037609826.7502
06/29/2026,ProShares UltraPro Short QQQ,SQQQ,38.1328,40.898,-6.76121,-2.7652,54801.2,2089723313.7584
06/26/2026,ProShares UltraPro Short QQQ,SQQQ,40.898,39.548,3.41357,1.35,53951.2,2206496300.294
06/25/2026,ProShares UltraPro Short QQQ,SQQQ,39.548,40.4459,-2.22000,-0.8979,52701.2,2084227176.244
06/24/2026,ProShares UltraPro Short QQQ,SQQQ,40.4459,40.5489,-0.25401,-0.103,55101.2,2228617746.4177
06/23/2026,ProShares UltraPro Short QQQ,SQQQ,40.5489,36.8886,9.92258,3.6603,48701.2,1974780210.3267
06/22/2026,ProShares UltraPro Short QQQ,SQQQ,36.8886,36.6666,0.60546,0.222,53651.2,1979117766.9858
06/18/2026,ProShares UltraPro Short QQQ,SQQQ,36.6666,39.5432,-7.27458,-2.8766,53751.2,1970873859.9198
06/17/2026,ProShares UltraPro Short QQQ,SQQQ,39.5432,38.3862,3.01410,1.157,49801.2,1969298930.4696
06/16/2026,ProShares UltraPro Short QQQ,SQQQ,38.3862,36.3156,5.70168,2.0706,49201.2,1888647218.5986
06/15/2026,ProShares UltraPro Short QQQ,SQQQ,36.3156,39.9917,-9.19216,-3.6761,53151.2,1930217827.6668
06/12/2026,ProShares UltraPro Short QQQ,SQQQ,39.9917,40.7366,-1.82858,-0.7449,47501.2,1899653860.0151
06/11/2026,ProShares UltraPro Short QQQ,SQQQ,40.7366,45.1753,-9.82550,-4.4387,50151.2,2042989496.1298
06/10/2026,ProShares UltraPro Short QQQ,SQQQ,45.1753,42.6307,5.96894,2.5446,48201.2,2177503805.8859
06/09/2026,ProShares UltraPro Short QQQ,SQQQ,42.6307,41.2246,3.41083,1.4061,48151.2,2052719489.7321
06/08/2026,ProShares UltraPro Short QQQ,SQQQ,41.2246,43.261,-4.70724,-2.0364,51601.2,2127238953.1938
06/05/2026,ProShares UltraPro Short QQQ,SQQQ,43.261,37.8135,14.40623,5.4475,53901.2,2331819942.983
06/04/2026,ProShares UltraPro Short QQQ,SQQQ,37.8135,37.2228,1.58693,0.5907,56951.2,2153524314.6405
06/03/2026,ProShares UltraPro Short QQQ,SQQQ,37.2228,36.8883,0.90679,0.3345,62001.2,2307858379.0284
06/02/2026,ProShares UltraPro Short QQQ,SQQQ,36.8883,37.4222,-1.42669,-0.5339,60301.2,2224408866.6249
06/01/2026,ProShares UltraPro Short QQQ,SQQQ,37.4222,38.0797,-1.72664,-0.6575,60401.2,2260345898.9066
05/29/2026,ProShares UltraPro Short QQQ,SQQQ,38.0797,38.4574,-0.98213,-0.3777,59151.2,2252460064.8791
05/28/2026,ProShares UltraPro Short QQQ,SQQQ,38.4574,39.4443,-2.50201,-0.9869,58601.2,2253649904.2522
05/27/2026,ProShares UltraPro Short QQQ,SQQQ,39.4443,39.3093,0.34343,0.135,59351.2,2341066656.4929
05/26/2026,ProShares UltraPro Short QQQ,SQQQ,39.3093,41.4942,-5.26556,-2.1849,61001.2,2397914589.0879
05/22/2026,ProShares UltraPro Short QQQ,SQQQ,41.4942,41.9598,-1.10963,-0.4656,57801.2,2398414677.5226
05/21/2026,ProShares UltraPro Short QQQ,SQQQ,41.9598,42.2141,-0.60241,-0.2543,59551.2,2498756567.6394
05/20/2026,ProShares UltraPro Short QQQ,SQQQ,42.2141,44.4174,-4.96044,-2.2033,60351.2,2547671718.5623
05/19/2026,ProShares UltraPro Short QQQ,SQQQ,44.4174,43.6112,1.84861,0.8062,61051.2,2711735704.1322
05/18/2026,ProShares UltraPro Short QQQ,SQQQ,43.6112,43.0128,1.39121,0.5984,62501.2,2725752464.2736
05/15/2026,ProShares UltraPro Short QQQ,SQQQ,43.0128,41.085,4.69222,1.9278,62601.2,2692653024.3984
05/14/2026,ProShares UltraPro Short QQQ,SQQQ,41.085,41.9887,-2.15225,-0.9037,64201.2,2637706425.255
05/13/2026,ProShares UltraPro Short QQQ,SQQQ,41.9887,43.327,-3.08884,-1.3383,61851.2,2597051607.4061
05/12/2026,ProShares UltraPro Short QQQ,SQQQ,43.327,42.2061,2.65578,1.1209,60751.2,2632167372.381
05/11/2026,ProShares UltraPro Short QQQ,SQQQ,42.2061,42.5724,-0.86042,-0.3663,61251.2,2585174398.9383
05/08/2026,ProShares UltraPro Short QQQ,SQQQ,42.5724,45.751,-6.94761,-3.1786,61901.2,2635282774.5972
05/07/2026,ProShares UltraPro Short QQQ,SQQQ,45.751,45.5661,0.40578,0.1849,59401.2,2717664438.453
05/06/2026,ProShares UltraPro Short QQQ,SQQQ,45.5661,48.5843,-6.21229,-3.0182,59601.2,2715794376.0183
05/05/2026,ProShares UltraPro Short QQQ,SQQQ,48.5843,50.5675,-3.92189,-1.9832,59801.2,2905399586.9129
05/04/2026,ProShares UltraPro Short QQQ,SQQQ,50.5675,50.2343,0.66329,0.3332,59001.2,2983543332.7025
05/01/2026,ProShares UltraPro Short QQQ,SQQQ,50.2343,51.6242,-2.69234,-1.3899,59551.2,2991512996.8629
04/30/2026,ProShares UltraPro Short QQQ,SQQQ,51.6242,53.1636,-2.89559,-1.5394,57701.2,2978778443.9126
04/29/2026,ProShares UltraPro Short QQQ,SQQQ,53.1636,54.09,-1.71270,-0.9264,56451.2,3001149175.8108
04/28/2026,ProShares UltraPro Short QQQ,SQQQ,54.09,52.4772,3.07333,1.6128,55751.2,3015582570.27
04/27/2026,ProShares UltraPro Short QQQ,SQQQ,52.4772,52.4761,0.00210,0.0011,57851.2,3035869150.0716
04/24/2026,ProShares UltraPro Short QQQ,SQQQ,52.4761,55.6468,-5.69790,-3.1707,58101.2,3048924538.7483
04/23/2026,ProShares UltraPro Short QQQ,SQQQ,55.6468,54.6881,1.75303,0.9587,56051.2,3119070083.1004
04/22/2026,ProShares UltraPro Short QQQ,SQQQ,54.6881,57.6525,-5.14184,-2.9644,57301.2,3133693919.7843
04/21/2026,ProShares UltraPro Short QQQ,SQQQ,57.6525,56.9141,1.29739,0.7384,53751.2,3098891230.9575
04/20/2026,ProShares UltraPro Short QQQ,SQQQ,56.9141,56.377,0.95269,0.5371,53501.2,3044972817.6623
04/17/2026,ProShares UltraPro Short QQQ,SQQQ,56.377,58.5616,-3.73043,-2.1846,53951.2,3041606971.531
04/16/2026,ProShares UltraPro Short QQQ,SQQQ,58.5616,59.4093,-1.42688,-0.8477,52301.2,3062842129.6048
04/15/2026,ProShares UltraPro Short QQQ,SQQQ,59.4093,62.0044,-4.18535,-2.5951,48101.2,2857658799.3879
04/14/2026,ProShares UltraPro Short QQQ,SQQQ,62.0044,65.5201,-5.36583,-3.5157,44551.2,2762370611.2932
04/13/2026,ProShares UltraPro Short QQQ,SQQQ,65.5201,67.6551,-3.15571,-2.135,41451.2,2715886965.6803
04/10/2026,ProShares UltraPro Short QQQ,SQQQ,67.6551,67.8512,-0.28901,-0.1961,39751.2,2689371614.0853
04/09/2026,ProShares UltraPro Short QQQ,SQQQ,67.8512,69.3212,-2.12056,-1.47,39401.2,2673418904.9936
04/08/2026,ProShares UltraPro Short QQQ,SQQQ,69.3212,75.8804,-8.64413,-6.5592,37551.2,2603094453.4036
04/07/2026,ProShares UltraPro Short QQQ,SQQQ,75.8804,75.9424,-0.08164,-0.062,35801.2,2716609604.1212
04/06/2026,ProShares UltraPro Short QQQ,SQQQ,75.9424,77.3207,-1.78258,-1.3783,37051.2,2813757278.7072
04/02/2026,ProShares UltraPro Short QQQ,SQQQ,77.3207,77.4649,-0.18615,-0.1442,36251.2,2802968391.8021
04/01/2026,ProShares UltraPro Short QQQ,SQQQ,77.4649,80.2905,-3.51922,-2.8256,35551.2,2753970385.2747
03/31/2026,ProShares UltraPro Short QQQ,SQQQ,80.2905,89.4637,-10.25354,-9.1732,32501.2,2609537839.4715
03/30/2026,ProShares UltraPro Short QQQ,SQQQ,89.4637,87.401,2.36004,2.0627,31901.2,2853999654.8311
03/27/2026,ProShares UltraPro Short QQQ,SQQQ,87.401,82.5318,5.89979,4.8692,33501.2,2928038643.403
03/26/2026,ProShares UltraPro Short QQQ,SQQQ,82.5318,76.9943,7.19209,5.5375,32951.2,2719522095.7554
03/25/2026,ProShares UltraPro Short QQQ,SQQQ,76.9943,79.1831,-2.76423,-2.1888,33951.2,2614049109.1429
03/24/2026,ProShares UltraPro Short QQQ,SQQQ,79.1831,77.3657,2.34910,1.8174,31501.2,2494362907.2693
03/23/2026,ProShares UltraPro Short QQQ,SQQQ,77.3657,80.2788,-3.62873,-2.9131,32351.2,2502873465.9371
03/20/2026,ProShares UltraPro Short QQQ,SQQQ,80.2788,75.926,5.73295,4.3528,32601.2,2617185455.3964
03/19/2026,ProShares UltraPro Short QQQ,SQQQ,75.926,75.2485,0.90035,0.6775,34151.2,2592964238.978
03/18/2026,ProShares UltraPro Short QQQ,SQQQ,75.2485,72.1186,4.33993,3.1299,35001.2,2633788023.9455
03/17/2026,ProShares UltraPro Short QQQ,SQQQ,72.1186,73.1996,-1.47678,-1.081,34951.2,2520631828.6758
03/16/2026,ProShares UltraPro Short QQQ,SQQQ,73.1996,75.7458,-3.36151,-2.5462,34801.2,2547434139.1188
03/13/2026,ProShares UltraPro Short QQQ,SQQQ,75.7458,74.2875,1.96305,1.4583,33751.2,2556511872.1974
03/12/2026,ProShares UltraPro Short QQQ,SQQQ,74.2875,70.6005,5.22234,3.687,35151.2,2611294992.8625
03/11/2026,ProShares UltraPro Short QQQ,SQQQ,70.6005,70.6566,-0.07940,-0.0561,37001.2,2612303432.4015
03/10/2026,ProShares UltraPro Short QQQ,SQQQ,70.6566,70.5352,0.17211,0.1214,36701.2,2593182219.8898
03/09/2026,ProShares UltraPro Short QQQ,SQQQ,70.5352,73.4189,-3.92774,-2.8837,35251.2,2486450653.8456
03/06/2026,ProShares UltraPro Short QQQ,SQQQ,73.4189,70.1891,4.60157,3.2298,35051.2,2573420767.9367
03/05/2026,ProShares UltraPro Short QQQ,SQQQ,70.1891,69.5641,0.89845,0.625,34351.2,2411080022.4873
03/04/2026,ProShares UltraPro Short QQQ,SQQQ,69.5641,72.8484,-4.50840,-3.2843,37151.2,2584390000.6123
03/03/2026,ProShares UltraPro Short QQQ,SQQQ,72.8484,70.518,3.30469,2.3304,33001.2,2404084836.6252
03/02/2026,ProShares UltraPro Short QQQ,SQQQ,70.518,70.7644,-0.34820,-0.2464,35351.2,2492896133.154
02/27/2026,ProShares UltraPro Short QQQ,SQQQ,70.7644,70.0775,0.98020,0.6869,31651.2,2239778389.5732
02/26/2026,ProShares UltraPro Short QQQ,SQQQ,70.0775,67.692,3.52405,2.3855,32401.2,2270595303.2325
02/25/2026,ProShares UltraPro Short QQQ,SQQQ,67.692,70.6517,-4.18914,-2.9597,36251.2,2453916433.476
02/24/2026,ProShares UltraPro Short QQQ,SQQQ,70.6517,72.9976,-3.21367,-2.3459,34401.2,2430503473.9951
02/23/2026,ProShares UltraPro Short QQQ,SQQQ,72.9976,70.4109,3.67372,2.5867,32601.2,2379809576.1128
02/20/2026,ProShares UltraPro Short QQQ,SQQQ,70.4109,72.2085,-2.48946,-1.7976,34201.2,2408137484.3127
02/19/2026,ProShares UltraPro Short QQQ,SQQQ,72.2085,71.3394,1.21826,0.8691,33151.2,2393798641.8255
02/18/2026,ProShares UltraPro Short QQQ,SQQQ,71.3394,73.0589,-2.35358,-1.7195,33501.2,2389955721.2982
02/17/2026,ProShares UltraPro Short QQQ,SQQQ,73.0589,72.761,0.40942,0.2979,32751.2,2392766864.8567
02/13/2026,ProShares UltraPro Short QQQ,SQQQ,72.761,73.0707,-0.42384,-0.3097,32951.2,2397562481.483
02/12/2026,ProShares UltraPro Short QQQ,SQQQ,73.0707,68.8332,6.15619,4.2375,32551.2,2378539189.0521
02/11/2026,ProShares UltraPro Short QQQ,SQQQ,68.8332,69.4169,-0.84086,-0.5837,32101.2,2209628526.3396
02/10/2026,ProShares UltraPro Short QQQ,SQQQ,69.4169,68.2606,1.69395,1.1563,31801.2,2207540928.5307
02/09/2026,ProShares UltraPro Short QQQ,SQQQ,68.2606,69.8594,-2.28860,-1.5988,30951.2,2112747687.5018
02/06/2026,ProShares UltraPro Short QQQ,SQQQ,69.8594,74.5681,-6.31463,-4.7087,29751.2,2078401190.8582
02/05/2026,ProShares UltraPro Short QQQ,SQQQ,74.5681,71.5814,4.17245,2.9867,31501.2,2348984855.4243
02/04/2026,ProShares UltraPro Short QQQ,SQQQ,71.5814,67.9539,5.33818,3.6275,31051.2,2222688582.4242
02/03/2026,ProShares UltraPro Short QQQ,SQQQ,67.9539,64.9036,4.69974,3.0503,31701.2,2154220378.5417
02/02/2026,ProShares UltraPro Short QQQ,SQQQ,64.9036,66.3314,-2.15253,-1.4278,36451.2,2365814299.0308
01/30/2026,ProShares UltraPro Short QQQ,SQQQ,66.3314,63.8175,3.93920,2.5139,33401.2,2215548556.6742
01/29/2026,ProShares UltraPro Short QQQ,SQQQ,63.8175,62.7892,1.63770,1.0283,31501.2,2010328022.4525
01/28/2026,ProShares UltraPro Short QQQ,SQQQ,62.7892,63.3762,-0.92622,-0.587,35501.2,2229092135.4076
01/27/2026,ProShares UltraPro Short QQQ,SQQQ,63.3762,65.0696,-2.60244,-1.6934,36851.2,2335489211.5686
01/26/2026,ProShares UltraPro Short QQQ,SQQQ,65.0696,65.871,-1.21662,-0.8014,34951.2,2274260798.7288
01/23/2026,ProShares UltraPro Short QQQ,SQQQ,65.871,66.4763,-0.91055,-0.6053,32851.2,2163941592.813
01/22/2026,ProShares UltraPro Short QQQ,SQQQ,66.4763,67.9948,-2.23326,-1.5185,31851.2,2117350125.9889
01/21/2026,ProShares UltraPro Short QQQ,SQQQ,67.9948,70.8526,-4.03344,-2.8578,30851.2,2097721377.7444
01/20/2026,ProShares UltraPro Short QQQ,SQQQ,70.8526,66.5904,6.40062,4.2622,31651.2,2242570025.6778
01/16/2026,ProShares UltraPro Short QQQ,SQQQ,66.5904,66.3421,0.37427,0.2483,32001.2,2130972908.2512
01/15/2026,ProShares UltraPro Short QQQ,SQQQ,66.3421,66.9562,-0.91717,-0.6141,31701.2,2103124379.5463
01/14/2026,ProShares UltraPro Short QQQ,SQQQ,66.9562,64.8596,3.23252,2.0966,31151.2,2085766178.3086
01/13/2026,ProShares UltraPro Short QQQ,SQQQ,64.8596,64.4916,0.57062,0.368,32851.2,2130715886.0988
01/12/2026,ProShares UltraPro Short QQQ,SQQQ,64.4916,64.631,-0.21569,-0.1394,34101.2,2199241143.3948
01/09/2026,ProShares UltraPro Short QQQ,SQQQ,64.631,66.5838,-2.93285,-1.9528,34001.2,2197531751.093
01/08/2026,ProShares UltraPro Short QQQ,SQQQ,66.5838,65.4334,1.75812,1.1504,33351.2,2220649830.3114
01/07/2026,ProShares UltraPro Short QQQ,SQQQ,65.4334,65.5176,-0.12852,-0.0842,35301.2,2309877736.3802
01/06/2026,ProShares UltraPro Short QQQ,SQQQ,65.5176,67.3907,-2.77946,-1.8731,34151.2,2237504857.6728
01/05/2026,ProShares UltraPro Short QQQ,SQQQ,67.3907,68.9669,-2.28544,-1.5762,32251.2,2173431146.0121
01/02/2026,ProShares UltraPro Short QQQ,SQQQ,68.9669,68.5421,0.61977,0.4248,31751.2,2189782042.1807
12/31/2025,ProShares UltraPro Short QQQ,SQQQ,68.5421,66.8218,2.57446,1.7203,33151.2,2272253071.1463
12/30/2025,ProShares UltraPro Short QQQ,SQQQ,66.8218,66.3027,0.78292,0.5191,33651.2,2248633956.6254
12/29/2025,ProShares UltraPro Short QQQ,SQQQ,66.3027,65.3742,1.42029,0.9285,33751.2,2237795887.1481
12/26/2025,ProShares UltraPro Short QQQ,SQQQ,65.3742,65.2029,0.26272,0.1713,33951.2,2219532735.1626
12/24/2025,ProShares UltraPro Short QQQ,SQQQ,65.2029,67.1853,-2.95065,-1.9824,33701.2,2197416169.0887
12/23/2025,ProShares UltraPro Short QQQ,SQQQ,67.1853,68.1702,-1.44477,-0.9849,33251.2,2233992048.9159
12/22/2025,ProShares UltraPro Short QQQ,SQQQ,68.1702,69.1028,-1.34958,-0.9326,32701.2,2229247548.7506
12/19/2025,ProShares UltraPro Short QQQ,SQQQ,69.1028,71.8288,-3.79514,-2.726,32901.2,2273565250.6684
12/18/2025,ProShares UltraPro Short QQQ,SQQQ,71.8288,75.1937,-4.47498,-3.3649,33301.2,2391985450.0464
12/17/2025,ProShares UltraPro Short QQQ,SQQQ,75.1937,71.0531,5.82747,4.1406,32051.2,2410048543.0211
12/16/2025,ProShares UltraPro Short QQQ,SQQQ,71.0531,71.58,-0.73610,-0.5269,33751.2,2398127601.8793
12/15/2025,ProShares UltraPro Short QQQ,SQQQ,71.58,70.4855,1.55280,1.0945,33851.2,2423069110.74
12/12/2025,ProShares UltraPro Short QQQ,SQQQ,70.4855,66.5948,5.84235,3.8907,33501.2,2361349044.0565
12/11/2025,ProShares UltraPro Short QQQ,SQQQ,66.5948,65.8785,1.08730,0.7163,36151.2,2407482133.5444
12/10/2025,ProShares UltraPro Short QQQ,SQQQ,65.8785,66.6875,-1.21312,-0.809,37201.2,2450759451.8355
12/09/2025,ProShares UltraPro Short QQQ,SQQQ,66.6875,66.9798,-0.43640,-0.2923,37351.2,2490858350.0625
12/08/2025,ProShares UltraPro Short QQQ,SQQQ,66.9798,66.4674,0.77090,0.5124,37851.2,2535266006.6994
12/05/2025,ProShares UltraPro Short QQQ,SQQQ,66.4674,67.2811,-1.20940,-0.8137,37151.2,2469343870.2822
12/04/2025,ProShares UltraPro Short QQQ,SQQQ,67.2811,67.0664,0.32013,0.2147,36451.2,2452477034.1633
12/03/2025,ProShares UltraPro Short QQQ,SQQQ,67.0664,67.449,-0.56724,-0.3826,36351.2,2437944320.8792
12/02/2025,ProShares UltraPro Short QQQ,SQQQ,67.449,69.1627,-2.47778,-1.7137,36951.2,2492321691.147
12/01/2025,ProShares UltraPro Short QQQ,SQQQ,69.1627,68.391,1.12836,0.7717,36651.2,2534896157.7281
11/28/2025,ProShares UltraPro Short QQQ,SQQQ,68.391,69.9463,-2.22356,-1.5553,35353.54,2417863748.967
11/26/2025,ProShares UltraPro Short QQQ,SQQQ,69.9463,71.7815,-2.55665,-1.8352,35853.54,2507822255.0631
11/25/2025,ProShares UltraPro Short QQQ,SQQQ,71.7815,73.0222,-1.69907,-1.2407,35103.54,2519784541.1655
11/24/2025,ProShares UltraPro Short QQQ,SQQQ,73.0222,79.2209,-7.82458,-6.1987,35953.54,2625406369.5214
11/21/2025,ProShares UltraPro Short QQQ,SQQQ,79.2209,81.0001,-2.19654,-1.7792,32103.54,2543271094.3233
11/20/2025,ProShares UltraPro Short QQQ,SQQQ,81.0001,75.616,7.12032,5.3841,35303.54,2859590027.3537
11/19/2025,ProShares UltraPro Short QQQ,SQQQ,75.616,76.8785,-1.64220,-1.2625,36753.54,2779155453.792
11/18/2025,ProShares UltraPro Short QQQ,SQQQ,76.8785,74.191,3.62241,2.6875,36733.54,2824019224.2545
11/17/2025,ProShares UltraPro Short QQQ,SQQQ,74.191,72.3575,2.53395,1.8335,37373.54,2772780083.567
11/14/2025,ProShares UltraPro Short QQQ,SQQQ,72.3575,72.415,-0.07940,-0.0575,37473.54,2711491453.4775
11/13/2025,ProShares UltraPro Short QQQ,SQQQ,72.415,68.1895,6.19670,4.2255,38293.54,2773026481.855
11/12/2025,ProShares UltraPro Short QQQ,SQQQ,68.1895,68.033,0.23004,0.1565,39183.54,2671905796.2615
11/11/2025,ProShares UltraPro Short QQQ,SQQQ,68.033,67.419,0.91072,0.614,38733.54,2635158722.721
11/10/2025,ProShares UltraPro Short QQQ,SQQQ,67.419,72.1605,-6.57077,-4.7415,39663.54,2674076001.003
11/07/2025,ProShares UltraPro Short QQQ,SQQQ,72.1605,71.469,0.96755,0.6915,38963.54,2811628311.6885
11/06/2025,ProShares UltraPro Short QQQ,SQQQ,71.469,67.558,5.78910,3.911,42063.54,3006238925.853
11/05/2025,ProShares UltraPro Short QQQ,SQQQ,67.558,69.0245,-2.12461,-1.4665,44023.54,2974142112.646
11/04/2025,ProShares UltraPro Short QQQ,SQQQ,69.0245,64.972,6.23730,4.0525,44813.54,3093231984.6565
11/03/2025,ProShares UltraPro Short QQQ,SQQQ,64.972,65.822,-1.29136,-0.85,46043.54,2991540685.964
10/31/2025,ProShares UltraPro Short QQQ,SQQQ,65.822,66.715,-1.33853,-0.893,46073.54,3032652352.414
10/30/2025,ProShares UltraPro Short QQQ,SQQQ,66.715,63.8685,4.45681,2.8465,46483.54,3101149170.955
10/29/2025,ProShares UltraPro Short QQQ,SQQQ,63.8685,64.6435,-1.19888,-0.775,46833.54,2991187757.8845
10/28/2025,ProShares UltraPro Short QQQ,SQQQ,64.6435,66.082,-2.17684,-1.4385,46783.54,3024251574.0595
10/27/2025,ProShares UltraPro Short QQQ,SQQQ,66.082,69.8765,-5.43029,-3.7945,45113.54,2981192752.034
10/24/2025,ProShares UltraPro Short QQQ,SQQQ,69.8765,72.0255,-2.98367,-2.149,42273.54,2953926808.1805
10/23/2025,ProShares UltraPro Short QQQ,SQQQ,72.0255,73.94,-2.58926,-1.9145,41963.54,3022444734.1935
10/22/2025,ProShares UltraPro Short QQQ,SQQQ,73.94,71.7815,3.00704,2.1585,41463.54,3065813925.78
10/21/2025,ProShares UltraPro Short QQQ,SQQQ,71.7815,71.6335,0.20661,0.148,42303.54,3036611341.1655
10/20/2025,ProShares UltraPro Short QQQ,SQQQ,71.6335,74.51,-3.86056,-2.8765,43223.54,3096253237.6895
10/17/2025,ProShares UltraPro Short QQQ,SQQQ,74.51,75.888,-1.81583,-1.378,42133.54,3139369841.87
10/16/2025,ProShares UltraPro Short QQQ,SQQQ,75.888,75.051,1.11524,0.837,40313.54,3059313695.856
10/15/2025,ProShares UltraPro Short QQQ,SQQQ,75.051,76.571,-1.98509,-1.52,40783.54,3060845235.387
10/14/2025,ProShares UltraPro Short QQQ,SQQQ,76.571,74.993,2.10420,1.578,40813.54,3125133341.627
10/13/2025,ProShares UltraPro Short QQQ,SQQQ,74.993,80.2485,-6.54903,-5.2555,41853.54,3138722300.241
10/10/2025,ProShares UltraPro Short QQQ,SQQQ,80.2485,72.517,10.66164,7.7315,41263.54,3311336948.9445
10/09/2025,ProShares UltraPro Short QQQ,SQQQ,72.517,72.1605,0.49404,0.3565,46533.54,3374472502.629
10/08/2025,ProShares UltraPro Short QQQ,SQQQ,72.1605,74.806,-3.53648,-2.6455,45983.54,3318195021.6885
10/07/2025,ProShares UltraPro Short QQQ,SQQQ,74.806,73.5505,1.70699,1.2555,45413.54,3397205048.822
10/06/2025,ProShares UltraPro Short QQQ,SQQQ,73.5505,75.2785,-2.29548,-1.728,44673.54,3285760983.1185
10/03/2025,ProShares UltraPro Short QQQ,SQQQ,75.2785,74.2435,1.39406,1.035,43833.54,3299722915.0545
10/02/2025,ProShares UltraPro Short QQQ,SQQQ,74.2435,75.0455,-1.06868,-0.802,43943.54,3262521989.2595
10/01/2025,ProShares UltraPro Short QQQ,SQQQ,75.0455,76.142,-1.44007,-1.0965,44323.54,3326281995.9335
09/30/2025,ProShares UltraPro Short QQQ,SQQQ,76.142,76.7555,-0.79929,-0.6135,43373.54,3302547854.254
09/29/2025,ProShares UltraPro Short QQQ,SQQQ,76.7555,77.7475,-1.27593,-0.992,42733.54,3280033999.2035
09/26/2025,ProShares UltraPro Short QQQ,SQQQ,77.7475,78.6755,-1.17953,-0.928,41313.54,3212024217.9075
09/25/2025,ProShares UltraPro Short QQQ,SQQQ,78.6755,77.636,1.33894,1.0395,41953.54,3300715500.2435
09/24/2025,ProShares UltraPro Short QQQ,SQQQ,77.636,78.1025,-0.59729,-0.4665,43363.54,3366571558.532
09/23/2025,ProShares UltraPro Short QQQ,SQQQ,78.1025,76.397,2.23242,1.7055,43203.54,3374304248.5425
09/22/2025,ProShares UltraPro Short QQQ,SQQQ,76.397,77.6655,-1.63329,-1.2685,42173.54,3221931706.189
09/19/2025,ProShares UltraPro Short QQQ,SQQQ,77.6655,79.2275,-1.97154,-1.562,41593.54,3230382847.8735
09/18/2025,ProShares UltraPro Short QQQ,SQQQ,79.2275,81.5295,-2.82352,-2.302,40903.54,3240684977.6675
09/17/2025,ProShares UltraPro Short QQQ,SQQQ,81.5295,80.984,0.67359,0.5455,39413.54,3213365964.8415
09/16/2025,ProShares UltraPro Short QQQ,SQQQ,80.984,80.749,0.29103,0.235,39873.54,3229118520.408
09/15/2025,ProShares UltraPro Short QQQ,SQQQ,80.749,82.801,-2.47823,-2.052,39223.54,3167261389.213
09/12/2025,ProShares UltraPro Short QQQ,SQQQ,82.801,83.743,-1.12487,-0.942,38593.54,3195583457.137
09/11/2025,ProShares UltraPro Short QQQ,SQQQ,83.743,85.2405,-1.75679,-1.4975,36993.54,3097949768.991
09/10/2025,ProShares UltraPro Short QQQ,SQQQ,85.2405,85.299,-0.06858,-0.0585,35843.54,3055321015.6485
09/09/2025,ProShares UltraPro Short QQQ,SQQQ,85.299,86.108,-0.93952,-0.809,35533.54,3030975172.563
09/08/2025,ProShares UltraPro Short QQQ,SQQQ,86.108,87.3025,-1.36823,-1.1945,35213.54,3032167243.996
09/05/2025,ProShares UltraPro Short QQQ,SQQQ,87.3025,87.416,-0.12984,-0.1135,34313.54,2995657563.9425
09/04/2025,ProShares UltraPro Short QQQ,SQQQ,87.416,89.909,-2.77280,-2.493,33453.54,2924374390.392
09/03/2025,ProShares UltraPro Short QQQ,SQQQ,89.909,92.047,-2.32273,-2.138,32953.54,2962819558.133
09/02/2025,ProShares UltraPro Short QQQ,SQQQ,92.047,89.8935,2.39561,2.1535,32133.54,2957795680.239
08/29/2025,ProShares UltraPro Short QQQ,SQQQ,89.8935,86.5915,3.81331,3.302,32533.54,2924553508.3095
08/28/2025,ProShares UltraPro Short QQQ,SQQQ,86.5915,88.096,-1.70780,-1.5045,32493.54,2813664109.1355
08/27/2025,ProShares UltraPro Short QQQ,SQQQ,88.096,88.5085,-0.46606,-0.4125,32113.54,2829074155.552
08/26/2025,ProShares UltraPro Short QQQ,SQQQ,88.5085,89.6075,-1.22646,-1.099,31253.54,2766203679.5645
08/25/2025,ProShares UltraPro Short QQQ,SQQQ,89.6075,88.758,0.95710,0.8495,31313.54,2805927766.7275
08/22/2025,ProShares UltraPro Short QQQ,SQQQ,88.758,92.923,-4.48221,-4.165,31563.54,2801516417.046
08/21/2025,ProShares UltraPro Short QQQ,SQQQ,92.923,91.667,1.37018,1.256,32903.54,3057495368.651
08/20/2025,ProShares UltraPro Short QQQ,SQQQ,91.667,90.0625,1.78154,1.6045,33303.54,3052835326.179
08/19/2025,ProShares UltraPro Short QQQ,SQQQ,90.0625,86.43,4.20282,3.6325,34933.54,3146201676.0625
08/18/2025,ProShares UltraPro Short QQQ,SQQQ,86.43,86.419,0.01273,0.011,35783.54,3092771102.91
08/15/2025,ProShares UltraPro Short QQQ,SQQQ,86.419,85.0325,1.63055,1.3865,35813.54,3094970054.003
08/14/2025,ProShares UltraPro Short QQQ,SQQQ,85.0325,84.8215,0.24876,0.211,36903.54,3138000009.9525
08/13/2025,ProShares UltraPro Short QQQ,SQQQ,84.8215,84.886,-0.07598,-0.0645,35833.54,3039454358.6455
08/12/2025,ProShares UltraPro Short QQQ,SQQQ,84.886,88.3605,-3.93219,-3.4745,36073.54,3062138261.782
08/11/2025,ProShares UltraPro Short QQQ,SQQQ,88.3605,87.4135,1.08336,0.947,35743.54,3158316801.0885
08/08/2025,ProShares UltraPro Short QQQ,SQQQ,87.4135,89.8555,-2.71770,-2.442,35723.54,3122719401.5495
08/07/2025,ProShares UltraPro Short QQQ,SQQQ,89.8555,90.684,-0.91361,-0.8285,34733.54,3120999333.9035
08/06/2025,ProShares UltraPro Short QQQ,SQQQ,90.684,94.2745,-3.80856,-3.5905,34343.54,3114409309.308
08/05/2025,ProShares UltraPro Short QQQ,SQQQ,94.2745,92.2105,2.23836,2.064,34103.54,3215093898.9065
08/04/2025,ProShares UltraPro Short QQQ,SQQQ,92.2105,97.6285,-5.54961,-5.418,33283.54,3069091588.5385
08/01/2025,ProShares UltraPro Short QQQ,SQQQ,97.6285,92.0785,6.02747,5.55,32793.54,3201583827.0045
07/31/2025,ProShares UltraPro Short QQQ,SQQQ,92.0785,90.582,1.65209,1.4965,34173.54,3146648026.6545
07/30/2025,ProShares UltraPro Short QQQ,SQQQ,90.582,90.973,-0.42980,-0.391,34343.54,3110906268.534
07/29/2025,ProShares UltraPro Short QQQ,SQQQ,90.973,90.3835,0.65222,0.5895,33663.54,3062472951.501
07/28/2025,ProShares UltraPro Short QQQ,SQQQ,90.3835,91.3265,-1.03256,-0.943,33133.54,2994725041.4395
07/25/2025,ProShares UltraPro Short QQQ,SQQQ,91.3265,91.8165,-0.53367,-0.49,33003.54,3014097521.8305
07/24/2025,ProShares UltraPro Short QQQ,SQQQ,91.8165,92.467,-0.70349,-0.6505,32713.54,3003642469.9605
07/23/2025,ProShares UltraPro Short QQQ,SQQQ,92.467,93.623,-1.23474,-1.156,31233.54,2888071465.779
07/22/2025,ProShares UltraPro Short QQQ,SQQQ,93.623,92.1905,1.55385,1.4325,31553.54,2954136794.551
07/21/2025,ProShares UltraPro Short QQQ,SQQQ,92.1905,93.551,-1.45429,-1.3605,33273.54,3067504012.7985
07/18/2025,ProShares UltraPro Short QQQ,SQQQ,93.551,93.232,0.34216,0.319,32683.54,3057577569.887
07/17/2025,ProShares UltraPro Short QQQ,SQQQ,93.232,95.354,-2.22539,-2.122,32233.54,3005197121.584
07/16/2025,ProShares UltraPro Short QQQ,SQQQ,95.354,95.602,-0.25941,-0.248,29523.54,2815187347.098
07/15/2025,ProShares UltraPro Short QQQ,SQQQ,95.602,95.92,-0.33153,-0.318,30633.54,2928627404.274
07/14/2025,ProShares UltraPro Short QQQ,SQQQ,95.92,96.836,-0.94593,-0.916,30733.54,2947960869.04
07/11/2025,ProShares UltraPro Short QQQ,SQQQ,96.836,96.086,0.78055,0.75,29663.54,2872498268.932
07/10/2025,ProShares UltraPro Short QQQ,SQQQ,96.086,95.5995,0.50889,0.4865,29553.54,2839681156.182
07/09/2025,ProShares UltraPro Short QQQ,SQQQ,95.5995,97.651,-2.10085,-2.0515,29803.54,2849203235.4315
07/08/2025,ProShares UltraPro Short QQQ,SQQQ,97.651,97.8205,-0.17328,-0.1695,29483.54,2879096871.587
07/07/2025,ProShares UltraPro Short QQQ,SQQQ,97.8205,95.5,2.42984,2.3205,29873.54,2922244326.1085
07/03/2025,ProShares UltraPro Short QQQ,SQQQ,95.5,98.285,-2.83360,-2.785,30623.54,2924547783.5
07/02/2025,ProShares UltraPro Short QQQ,SQQQ,98.285,100.4465,-2.15189,-2.1615,30483.54,2996074434.045
07/01/2025,ProShares UltraPro Short QQQ,SQQQ,100.4465,97.8065,2.69921,2.64,29663.54,2979598469.2705
06/30/2025,ProShares UltraPro Short QQQ,SQQQ,97.8065,99.6935,-1.89280,-1.887,30103.54,2944321591.5905
06/27/2025,ProShares UltraPro Short QQQ,SQQQ,99.6935,100.7335,-1.03243,-1.04,29883.54,2979194395.9095
06/26/2025,ProShares UltraPro Short QQQ,SQQQ,100.7335,103.6135,-2.77956,-2.88,29563.54,2978038554.3895
06/25/2025,ProShares UltraPro Short QQQ,SQQQ,103.6135,105.5235,-1.81002,-1.91,29043.54,3009302520.9495
06/24/2025,ProShares UltraPro Short QQQ,SQQQ,105.5235,110.5415,-4.53947,-5.018,28513.54,3008848221.6195
06/23/2025,ProShares UltraPro Short QQQ,SQQQ,110.5415,114.1255,-3.14040,-3.584,28443.54,3144191245.2855
06/20/2025,ProShares UltraPro Short QQQ,SQQQ,114.1255,112.55,1.39982,1.5755,27533.54,3142278676.8935
06/18/2025,ProShares UltraPro Short QQQ,SQQQ,112.55,112.4565,0.08314,0.0935,28413.54,3197943589.35
06/17/2025,ProShares UltraPro Short QQQ,SQQQ,112.4565,109.1485,3.03073,3.308,28243.54,3176169318.6405
06/16/2025,ProShares UltraPro Short QQQ,SQQQ,109.1485,113.947,-4.21117,-4.7985,28583.54,3119850188.2445
06/13/2025,ProShares UltraPro Short QQQ,SQQQ,113.947,109.5985,3.96766,4.3485,28463.54,3243334650.539
06/12/2025,ProShares UltraPro Short QQQ,SQQQ,109.5985,110.337,-0.66931,-0.7385,29093.54,3188608014.8945
06/11/2025,ProShares UltraPro Short QQQ,SQQQ,110.337,109.08,1.15237,1.257,28053.54,3095343111.969
06/10/2025,ProShares UltraPro Short QQQ,SQQQ,109.08,111.236,-1.93822,-2.156,28483.54,3106984215.96
06/09/2025,ProShares UltraPro Short QQQ,SQQQ,111.236,111.7625,-0.47109,-0.5265,28143.54,3130574481.732
06/06/2025,ProShares UltraPro Short QQQ,SQQQ,111.7625,115.0775,-2.88067,-3.315,28503.54,3185626553.9625
06/05/2025,ProShares UltraPro Short QQQ,SQQQ,115.0775,112.3275,2.44820,2.75,28193.54,3244441754.1175
06/04/2025,ProShares UltraPro Short QQQ,SQQQ,112.3275,113.2315,-0.79836,-0.904,28123.54,3159046602.3675
06/03/2025,ProShares UltraPro Short QQQ,SQQQ,113.2315,115.9425,-2.33823,-2.711,27183.54,3078032669.8155
06/02/2025,ProShares UltraPro Short QQQ,SQQQ,115.9425,118.4055,-2.08014,-2.463,26603.54,3084480588.6225
05/30/2025,ProShares UltraPro Short QQQ,SQQQ,118.4055,117.89,0.43727,0.5155,26183.54,3100274790.2535
05/29/2025,ProShares UltraPro Short QQQ,SQQQ,117.89,118.5905,-0.59069,-0.7005,25723.54,3032547776.93
05/28/2025,ProShares UltraPro Short QQQ,SQQQ,118.5905,116.9635,1.39103,1.627,26603.54,3154926754.5985
05/27/2025,ProShares UltraPro Short QQQ,SQQQ,116.9635,125.917,-7.11064,-8.9535,26923.54,3149071119.8995
05/23/2025,ProShares UltraPro Short QQQ,SQQQ,125.917,122.266,2.98611,3.651,26903.54,3387612668.429
05/22/2025,ProShares UltraPro Short QQQ,SQQQ,122.266,122.78,-0.41863,-0.514,27543.54,3367638094.842
05/21/2025,ProShares UltraPro Short QQQ,SQQQ,122.78,117.9695,4.07775,4.8105,27423.54,3367061872.86
05/20/2025,ProShares UltraPro Short QQQ,SQQQ,117.9695,116.6185,1.15848,1.351,27563.54,3251656678.1215
05/19/2025,ProShares UltraPro Short QQQ,SQQQ,116.6185,116.887,-0.22971,-0.2685,27403.54,3195759379.6345
05/16/2025,ProShares UltraPro Short QQQ,SQQQ,116.887,118.334,-1.22281,-1.447,25893.54,3026617859.319
05/15/2025,ProShares UltraPro Short QQQ,SQQQ,118.334,118.614,-0.23606,-0.28,25853.54,3059352447.358
05/14/2025,ProShares UltraPro Short QQQ,SQQQ,118.614,120.633,-1.67367,-2.019,23783.54,2821060457.718
05/13/2025,ProShares UltraPro Short QQQ,SQQQ,120.633,126.58,-4.69821,-5.947,23353.54,2817207228.921
05/12/2025,ProShares UltraPro Short QQQ,SQQQ,126.58,143.9535,-12.06883,-17.3735,21953.54,2778878713.46
05/09/2025,ProShares UltraPro Short QQQ,SQQQ,143.9535,143.7115,0.16839,0.242,20753.54,2987544288.5295
05/08/2025,ProShares UltraPro Short QQQ,SQQQ,143.7115,148.0115,-2.90518,-4.3,21183.54,3044317877.5755
05/07/2025,ProShares UltraPro Short QQQ,SQQQ,148.0115,149.696,-1.12528,-1.6845,20333.54,3009597311.6755
05/06/2025,ProShares UltraPro Short QQQ,SQQQ,149.696,145.7655,2.69645,3.9305,21713.54,3250429634.752
05/05/2025,ProShares UltraPro Short QQQ,SQQQ,145.7655,142.8215,2.06131,2.944,21713.54,3165084577.5735
05/02/2025,ProShares UltraPro Short QQQ,SQQQ,142.8215,149.827,-4.67573,-7.0055,21373.54,3052600614.6455
05/01/2025,ProShares UltraPro Short QQQ,SQQQ,149.827,154.873,-3.25815,-5.046,20093.54,3010554368.099
04/30/2025,ProShares UltraPro Short QQQ,SQQQ,154.873,155.455,-0.37438,-0.582,18513.54,2867247015.801
04/29/2025,ProShares UltraPro Short QQQ,SQQQ,155.455,158.256,-1.76992,-2.801,17943.54,2789412544.335
04/28/2025,ProShares UltraPro Short QQQ,SQQQ,158.256,158.058,0.12527,0.198,17383.54,2751049031.472
04/25/2025,ProShares UltraPro Short QQQ,SQQQ,158.058,163.399,-3.26869,-5.341,17203.54,2719156651.146
04/24/2025,ProShares UltraPro Short QQQ,SQQQ,163.399,178.216,-8.31407,-14.817,17093.54,2793066852.263
04/23/2025,ProShares UltraPro Short QQQ,SQQQ,178.216,191.2185,-6.79981,-13.0025,14933.54,2661395229.992
04/22/2025,ProShares UltraPro Short QQQ,SQQQ,191.2185,207.4795,-7.83740,-16.261,13543.54,2589774829.8345
04/21/2025,ProShares UltraPro Short QQQ,SQQQ,207.4795,193.1255,7.43247,14.354,13393.54,2778884359.9915
04/17/2025,ProShares UltraPro Short QQQ,SQQQ,193.1255,192.7635,0.18779,0.362,13363.54,2580839764.8935
04/16/2025,ProShares UltraPro Short QQQ,SQQQ,192.7635,176.5735,9.16899,16.19,13753.54,2651179929.4995
04/15/2025,ProShares UltraPro Short QQQ,SQQQ,176.5735,177.4465,-0.49198,-0.873,14093.54,2488545155.4695
04/14/2025,ProShares UltraPro Short QQQ,SQQQ,177.4465,180.4555,-1.66745,-3.009,13783.54,2445840398.2705
04/11/2025,ProShares UltraPro Short QQQ,SQQQ,180.4555,190.989,-5.51524,-10.5335,13223.54,2386259981.1035
04/10/2025,ProShares UltraPro Short QQQ,SQQQ,190.989,169.6645,12.56863,21.3245,13353.54,2550378678.093
04/09/2025,ProShares UltraPro Short QQQ,SQQQ,169.6645,265.1505,-36.01200,-95.486,13943.54,2365723233.3365
04/08/2025,ProShares UltraPro Short QQQ,SQQQ,265.1505,250.413,5.88528,14.7375,13203.54,3500924437.3185
04/07/2025,ProShares UltraPro Short QQQ,SQQQ,250.413,251.7385,-0.52654,-1.3255,12063.54,3020866490.781
04/04/2025,ProShares UltraPro Short QQQ,SQQQ,251.7385,212.714,18.34600,39.0245,13013.54,3276008284.0745
04/03/2025,ProShares UltraPro Short QQQ,SQQQ,212.714,182.9565,16.26480,29.7575,13523.54,2876645649.418
04/02/2025,ProShares UltraPro Short QQQ,SQQQ,182.9565,187.1205,-2.22530,-4.164,13973.54,2556549422.1405
04/01/2025,ProShares UltraPro Short QQQ,SQQQ,187.1205,191.7505,-2.41460,-4.63,13503.54,2526788595.2085
03/31/2025,ProShares UltraPro Short QQQ,SQQQ,191.7505,191.592,0.08273,0.1585,13563.54,2600815001.5185
03/28/2025,ProShares UltraPro Short QQQ,SQQQ,191.592,177.434,7.97930,14.158,13213.54,2531607980.904
03/27/2025,ProShares UltraPro Short QQQ,SQQQ,177.434,174.2485,1.82814,3.1855,13253.54,2351628084.058
03/26/2025,ProShares UltraPro Short QQQ,SQQQ,174.2485,167.537,4.00598,6.7115,12913.54,2250164451.9445
03/25/2025,ProShares UltraPro Short QQQ,SQQQ,167.537,170.1765,-1.55104,-2.6395,13183.54,2208730238.369
03/24/2025,ProShares UltraPro Short QQQ,SQQQ,170.1765,181.867,-6.42805,-11.6905,13103.54,2229914064.2805
03/21/2025,ProShares UltraPro Short QQQ,SQQQ,181.867,183.7435,-1.02126,-1.8765,11723.54,2132124503.579
03/20/2025,ProShares UltraPro Short QQQ,SQQQ,183.7435,182.085,0.91084,1.6585,12133.54,2229458555.7595
03/19/2025,ProShares UltraPro Short QQQ,SQQQ,182.085,189.3885,-3.85636,-7.3035,12353.54,2249393784.645
03/18/2025,ProShares UltraPro Short QQQ,SQQQ,189.3885,180.3265,5.02533,9.062,11443.54,2167274307.1245
03/17/2025,ProShares UltraPro Short QQQ,SQQQ,180.3265,183.257,-1.59912,-2.9305,12243.54,2207834174.8305
03/14/2025,ProShares UltraPro Short QQQ,SQQQ,183.257,197.865,-7.38281,-14.608,12033.54,2205229890.009
03/13/2025,ProShares UltraPro Short QQQ,SQQQ,197.865,187.189,5.70333,10.676,11873.54,2349357398.505
03/12/2025,ProShares UltraPro Short QQQ,SQQQ,187.189,193.6705,-3.34666,-6.4815,11553.54,2162695037.493
03/11/2025,ProShares UltraPro Short QQQ,SQQQ,193.6705,191.989,0.87583,1.6815,11653.54,2256946337.5585
03/10/2025,ProShares UltraPro Short QQQ,SQQQ,191.989,172.24,11.46598,19.749,11303.54,2170154765.093
03/07/2025,ProShares UltraPro Short QQQ,SQQQ,172.24,175.9925,-2.13219,-3.7525,11433.54,1969312412.88
03/06/2025,ProShares UltraPro Short QQQ,SQQQ,175.9925,162.358,8.39780,13.6345,11603.54,2042135485.4725
03/05/2025,ProShares UltraPro Short QQQ,SQQQ,162.358,169.1695,-4.02644,-6.8115,12303.54,1997577660.246
03/04/2025,ProShares UltraPro Short QQQ,SQQQ,169.1695,167.322,1.10416,1.8475,12453.54,2106758627.5215
03/03/2025,ProShares UltraPro Short QQQ,SQQQ,167.322,156.92,6.62886,10.402,13683.54,2289556777.914
02/28/2025,ProShares UltraPro Short QQQ,SQQQ,156.92,164.765,-4.76133,-7.845,13773.54,2161343426.04
02/27/2025,ProShares UltraPro Short QQQ,SQQQ,164.765,152.137,8.30041,12.628,14103.54,2323769273.805
02/26/2025,ProShares UltraPro Short QQQ,SQQQ,152.137,153.0645,-0.60595,-0.9275,14203.54,2160883508.569
02/25/2025,ProShares UltraPro Short QQQ,SQQQ,153.0645,147.5055,3.76867,5.559,14783.54,2262834699.1365
02/24/2025,ProShares UltraPro Short QQQ,SQQQ,147.5055,142.2875,3.66722,5.218,16033.54,2365034891.9535
02/21/2025,ProShares UltraPro Short QQQ,SQQQ,142.2875,133.8545,6.30012,8.433,16873.54,2400893395.8875
02/20/2025,ProShares UltraPro Short QQQ,SQQQ,133.8545,131.9415,1.44988,1.913,17623.54,2358989733.3665
02/19/2025,ProShares UltraPro Short QQQ,SQQQ,131.9415,132.0845,-0.10826,-0.143,18113.54,2389927242.0855
02/18/2025,ProShares UltraPro Short QQQ,SQQQ,132.0845,132.9185,-0.62745,-0.834,17693.54,2337041987.8765
02/14/2025,ProShares UltraPro Short QQQ,SQQQ,132.9185,134.2585,-0.99807,-1.34,17043.54,2265401372.7345
02/13/2025,ProShares UltraPro Short QQQ,SQQQ,134.2585,140.224,-4.25426,-5.9655,16983.54,2280184202.3145
02/12/2025,ProShares UltraPro Short QQQ,SQQQ,140.224,140.66,-0.30997,-0.436,16053.54,2251091172.288
02/11/2025,ProShares UltraPro Short QQQ,SQQQ,140.66,139.3955,0.90713,1.2645,15913.54,2238398114.42
02/10/2025,ProShares UltraPro Short QQQ,SQQQ,139.3955,144.7465,-3.69681,-5.351,16043.54,2236396861.8835
02/07/2025,ProShares UltraPro Short QQQ,SQQQ,144.7465,139.1595,4.01482,5.587,15093.54,2184736653.3705
02/06/2025,ProShares UltraPro Short QQQ,SQQQ,139.1595,141.358,-1.55527,-2.1985,14943.54,2079535137.1515
02/05/2025,ProShares UltraPro Short QQQ,SQQQ,141.358,143.1115,-1.22527,-1.7535,14463.54,2044536663.246
02/04/2025,ProShares UltraPro Short QQQ,SQQQ,143.1115,148.6825,-3.74691,-5.571,14403.54,2061311785.3755
02/03/2025,ProShares UltraPro Short QQQ,SQQQ,148.6825,144.967,2.56300,3.7155,14093.54,2095462315.0025
01/31/2025,ProShares UltraPro Short QQQ,SQQQ,144.967,144.2035,0.52946,0.7635,13943.54,2021352728.279
01/30/2025,ProShares UltraPro Short QQQ,SQQQ,144.2035,146.1225,-1.31328,-1.919,14053.54,2026569222.7795
01/29/2025,ProShares UltraPro Short QQQ,SQQQ,146.1225,145.011,0.76649,1.1115,13583.54,1984860385.2825
01/28/2025,ProShares UltraPro Short QQQ,SQQQ,145.011,152.189,-4.71650,-7.178,13653.54,1979913053.907
01/27/2025,ProShares UltraPro Short QQQ,SQQQ,152.189,139.68,8.95547,12.509,13673.54,2080961922.493
01/24/2025,ProShares UltraPro Short QQQ,SQQQ,139.68,137.1185,1.86809,2.5615,14793.54,2066361248.16
01/23/2025,ProShares UltraPro Short QQQ,SQQQ,137.1185,137.9595,-0.60960,-0.841,15063.54,2065489598.1345
01/22/2025,ProShares UltraPro Short QQQ,SQQQ,137.9595,143.6255,-3.94498,-5.666,14393.54,1985725167.7515
01/21/2025,ProShares UltraPro Short QQQ,SQQQ,143.6255,146.1155,-1.70413,-2.49,14333.54,2058661418.3935
01/17/2025,ProShares UltraPro Short QQQ,SQQQ,146.1155,153.4825,-4.79990,-7.367,13533.54,1977459525.5235
01/16/2025,ProShares UltraPro Short QQQ,SQQQ,153.4825,150.307,2.11268,3.1755,13403.54,2057208367.6025
01/15/2025,ProShares UltraPro Short QQQ,SQQQ,150.307,161.4495,-6.90154,-11.1425,13293.54,1998111665.859
01/14/2025,ProShares UltraPro Short QQQ,SQQQ,161.4495,160.7505,0.43484,0.699,13123.54,2118788486.8815
01/13/2025,ProShares UltraPro Short QQQ,SQQQ,160.7505,159.2425,0.94698,1.508,13363.54,2148195254.5185
01/10/2025,ProShares UltraPro Short QQQ,SQQQ,159.2425,151.8455,4.87140,7.397,11933.54,1900326265.7225
01/08/2025,ProShares UltraPro Short QQQ,SQQQ,151.8455,151.943,-0.06417,-0.0975,13163.54,1998823857.5335
01/07/2025,ProShares UltraPro Short QQQ,SQQQ,151.943,144.135,5.41714,7.808,14063.54,2136856002.391
01/06/2025,ProShares UltraPro Short QQQ,SQQQ,144.135,148.9705,-3.24594,-4.8355,13543.54,1952097705.495
01/03/2025,ProShares UltraPro Short QQQ,SQQQ,148.9705,156.6595,-4.90810,-7.689,13393.54,1995241903.6585
01/02/2025,ProShares UltraPro Short QQQ,SQQQ,156.6595,155.7755,0.56748,0.884,13663.54,2140522874.6515
12/31/2024,ProShares UltraPro Short QQQ,SQQQ,155.7755,151.6865,2.69569,4.089,13543.54,2109751247.9435
12/30/2024,ProShares UltraPro Short QQQ,SQQQ,151.6865,146.0025,3.89308,5.684,13983.54,2121113785.1505
12/27/2024,ProShares UltraPro Short QQQ,SQQQ,146.0025,140.0965,4.21567,5.906,13613.54,1987610435.8425
12/26/2024,ProShares UltraPro Short QQQ,SQQQ,140.0965,139.485,0.43840,0.6115,14183.54,1987063891.3205
12/24/2024,ProShares UltraPro Short QQQ,SQQQ,139.485,145.3055,-4.00570,-5.8205,13523.54,1886330558.445
12/23/2024,ProShares UltraPro Short QQQ,SQQQ,145.3055,153.8855,-5.57557,-8.58,13093.54,1902562940.5535
12/20/2024,ProShares UltraPro Short QQQ,SQQQ,153.8855,157.6765,-2.40429,-3.791,13083.54,2013366633.0135
12/19/2024,ProShares UltraPro Short QQQ,SQQQ,157.6765,155.466,1.42185,2.2105,14513.54,2288443716.7805
12/18/2024,ProShares UltraPro Short QQQ,SQQQ,155.466,140.254,10.84604,15.212,15193.54,2362078423.242
12/17/2024,ProShares UltraPro Short QQQ,SQQQ,140.254,138.399,1.34033,1.855,15253.54,2139369578.398
12/16/2024,ProShares UltraPro Short QQQ,SQQQ,138.399,144.6485,-4.32047,-6.2495,15563.54,2153977957.263
12/13/2024,ProShares UltraPro Short QQQ,SQQQ,144.6485,147.865,-2.17530,-3.2165,14953.54,2163006696.7445
12/12/2024,ProShares UltraPro Short QQQ,SQQQ,147.865,144.8265,2.09803,3.0385,15053.54,2225891248.505
12/11/2024,ProShares UltraPro Short QQQ,SQQQ,144.8265,153.2655,-5.50613,-8.439,15303.54,2216357701.3305
12/10/2024,ProShares UltraPro Short QQQ,SQQQ,153.2655,151.652,1.06395,1.6135,14673.54,2248946985.0735
12/09/2024,ProShares UltraPro Short QQQ,SQQQ,151.652,147.894,2.54101,3.758,14663.54,2223754713.124
12/06/2024,ProShares UltraPro Short QQQ,SQQQ,147.894,151.917,-2.64816,-4.023,14703.54,2174564901.078
12/05/2024,ProShares UltraPro Short QQQ,SQQQ,151.917,150.4695,0.96199,1.4475,14513.54,2204853000.429
12/04/2024,ProShares UltraPro Short QQQ,SQQQ,150.4695,156.1925,-3.66407,-5.723,14203.54,2137199110.6215
12/03/2024,ProShares UltraPro Short QQQ,SQQQ,156.1925,157.572,-0.87547,-1.3795,13493.54,2107589277.8725
12/02/2024,ProShares UltraPro Short QQQ,SQQQ,157.572,162.9585,-3.30544,-5.3865,13363.54,2105719252.164
11/29/2024,ProShares UltraPro Short QQQ,SQQQ,162.9585,167.231,-2.55485,-4.2725,12593.54,2052223899.2145
11/27/2024,ProShares UltraPro Short QQQ,SQQQ,167.231,162.938,2.63474,4.293,12883.54,2154526776.047
11/26/2024,ProShares UltraPro Short QQQ,SQQQ,162.938,165.6765,-1.65292,-2.7385,13233.54,2156246051.706
11/25/2024,ProShares UltraPro Short QQQ,SQQQ,165.6765,166.298,-0.37373,-0.6215,12363.54,2048347537.7805
11/22/2024,ProShares UltraPro Short QQQ,SQQQ,166.298,166.912,-0.36786,-0.614,12343.54,2052705516.026
11/21/2024,ProShares UltraPro Short QQQ,SQQQ,166.912,168.7345,-1.08010,-1.8225,12463.54,2080313887.744
11/20/2024,ProShares UltraPro Short QQQ,SQQQ,168.7345,168.235,0.29691,0.4995,12353.54,2084467888.9265
11/19/2024,ProShares UltraPro Short QQQ,SQQQ,168.235,171.7995,-2.07480,-3.5645,12533.54,2108579597.195
11/18/2024,ProShares UltraPro Short QQQ,SQQQ,171.7995,175.5055,-2.11161,-3.706,12933.54,2221975189.8315
11/15/2024,ProShares UltraPro Short QQQ,SQQQ,175.5055,163.5355,7.31951,11.97,13313.54,2336598967.9535
11/14/2024,ProShares UltraPro Short QQQ,SQQQ,163.5355,160.279,2.03177,3.2565,15034.02,2458596285.15674
11/13/2024,ProShares UltraPro Short QQQ,SQQQ,160.279,159.4225,0.53725,0.8565,15534.02,2489777492.90452
11/12/2024,ProShares UltraPro Short QQQ,SQQQ,159.4225,158.549,0.55093,0.8735,14854.02,2368065303.1643
11/11/2024,ProShares UltraPro Short QQQ,SQQQ,158.549,158.303,0.15540,0.246,15054.02,2386800115.05212
11/08/2024,ProShares UltraPro Short QQQ,SQQQ,158.303,158.4145,-0.07038,-0.1115,14824.02,2346687135.66964
11/07/2024,ProShares UltraPro Short QQQ,SQQQ,158.4145,166.0275,-4.58538,-7.613,14874.02,2356260739.10926
11/06/2024,ProShares UltraPro Short QQQ,SQQQ,166.0275,180.7825,-8.16174,-14.755,14814.02,2459535017.6817
11/05/2024,ProShares UltraPro Short QQQ,SQQQ,180.7825,188.1325,-3.90682,-7.35,14018.02,2534213040.5211
11/04/2024,ProShares UltraPro Short QQQ,SQQQ,188.1325,186.12,1.08129,2.0125,13972.02,2628591406.3391
11/01/2024,ProShares UltraPro Short QQQ,SQQQ,186.12,189.9225,-2.00213,-3.8025,13996.02,2604939592.3056
10/31/2024,ProShares UltraPro Short QQQ,SQQQ,189.9225,176.915,7.35240,13.0075,14024.02,2663477295.5043
10/30/2024,ProShares UltraPro Short QQQ,SQQQ,176.915,172.7225,2.42730,4.1925,14744.02,2608438630.9002
10/29/2024,ProShares UltraPro Short QQQ,SQQQ,172.7225,177.87,-2.89397,-5.1475,14664.02,2532806519.1683
10/28/2024,ProShares UltraPro Short QQQ,SQQQ,177.87,177.7625,0.06047,0.1075,14404.02,2562043371.7956
10/25/2024,ProShares UltraPro Short QQQ,SQQQ,177.7625,180.685,-1.61746,-2.9225,14558.02,2587870364.4435
10/24/2024,ProShares UltraPro Short QQQ,SQQQ,180.685,185.185,-2.43000,-4.5,14236.02,2572235613.3878
10/23/2024,ProShares UltraPro Short QQQ,SQQQ,185.185,176.8525,4.71155,8.3325,14260.02,2640742151.8478
10/22/2024,ProShares UltraPro Short QQQ,SQQQ,176.8525,177.345,-0.27771,-0.4925,14046.02,2484074084.5327
10/21/2024,ProShares UltraPro Short QQQ,SQQQ,177.345,178.25,-0.50771,-0.905,14012.02,2484962020.3086
10/18/2024,ProShares UltraPro Short QQQ,SQQQ,178.25,181.5575,-1.82174,-3.3075,13962.02,2488730400.11
10/17/2024,ProShares UltraPro Short QQQ,SQQQ,181.5575,181.915,-0.19652,-0.3575,13948.02,2532367982.4781
10/16/2024,ProShares UltraPro Short QQQ,SQQQ,181.915,182.2025,-0.15779,-0.2875,13826.02,2515160770.3002
10/15/2024,ProShares UltraPro Short QQQ,SQQQ,182.2025,174.955,4.14249,7.2475,14090.02,2567237211.5907
10/14/2024,ProShares UltraPro Short QQQ,SQQQ,174.955,179.4,-2.47770,-4.445,14474.02,2532302498.0154
10/11/2024,ProShares UltraPro Short QQQ,SQQQ,179.4,179.8375,-0.24328,-0.4375,14712.02,2639336725.272
10/10/2024,ProShares UltraPro Short QQQ,SQQQ,179.8375,179.035,0.44824,0.8025,14238.02,2560530259.8445
10/09/2024,ProShares UltraPro Short QQQ,SQQQ,179.035,183.355,-2.35609,-4.32,14128.02,2529410397.2858
10/08/2024,ProShares UltraPro Short QQQ,SQQQ,183.355,192.205,-4.60446,-8.85,13808.02,2531769851.8074
10/07/2024,ProShares UltraPro Short QQQ,SQQQ,192.205,185.62,3.54757,6.585,13476.02,2590158785.4454
10/04/2024,ProShares UltraPro Short QQQ,SQQQ,185.62,192.3725,-3.51012,-6.7525,13536.02,2512556381.3656
10/03/2024,ProShares UltraPro Short QQQ,SQQQ,192.3725,192.0025,0.19271,0.37,13894.02,2672827724.1103
10/02/2024,ProShares UltraPro Short QQQ,SQQQ,192.0025,192.87,-0.44978,-0.8675,13996.02,2687271191.0147
10/01/2024,ProShares UltraPro Short QQQ,SQQQ,192.87,184.845,4.34148,8.025,13982.02,2696712559.9956
09/30/2024,ProShares UltraPro Short QQQ,SQQQ,184.845,186.2375,-0.74770,-1.3925,13786.02,2548277214.4086
09/27/2024,ProShares UltraPro Short QQQ,SQQQ,186.2375,183.04,1.74689,3.1975,13766.02,2563749499.8765
09/26/2024,ProShares UltraPro Short QQQ,SQQQ,183.04,186.9775,-2.10587,-3.9375,13892.02,2542795684.9152
09/25/2024,ProShares UltraPro Short QQQ,SQQQ,186.9775,191.41,-2.31571,-4.4325,13680.02,2557856291.0677
09/24/2024,ProShares UltraPro Short QQQ,SQQQ,191.41,194.0125,-1.34141,-2.6025,13634.02,2609688128.0508
09/23/2024,ProShares UltraPro Short QQQ,SQQQ,194.0125,195.6975,-0.86102,-1.685,13518.02,2622665219.9935
09/20/2024,ProShares UltraPro Short QQQ,SQQQ,195.6975,193.9775,0.88670,1.72,12948.02,2533895511.8613
09/19/2024,ProShares UltraPro Short QQQ,SQQQ,193.9775,210.0925,-7.67043,-16.115,13156.02,2551972234.2277
09/18/2024,ProShares UltraPro Short QQQ,SQQQ,210.0925,207.1175,1.43638,2.975,12406.02,2606412151.8239
09/17/2024,ProShares UltraPro Short QQQ,SQQQ,207.1175,207.3075,-0.09165,-0.19,12150.02,2516482156.7309
09/16/2024,ProShares UltraPro Short QQQ,SQQQ,207.3075,204.3225,1.46093,2.985,12210.02,2531229110.8881
09/13/2024,ProShares UltraPro Short QQQ,SQQQ,204.3225,206.9675,-1.27798,-2.645,11960.02,2443701570.5763
09/12/2024,ProShares UltraPro Short QQQ,SQQQ,206.9675,213.04,-2.85040,-6.0725,11832.02,2448843988.4489
09/11/2024,ProShares UltraPro Short QQQ,SQQQ,213.04,227.73,-6.45062,-14.69,11252.02,2397130741.3152
09/10/2024,ProShares UltraPro Short QQQ,SQQQ,227.73,233.925,-2.64828,-6.195,11428.02,2602503422.7324
09/09/2024,ProShares UltraPro Short QQQ,SQQQ,233.925,243.325,-3.86315,-9.4,11470.02,2683124868.279
09/06/2024,ProShares UltraPro Short QQQ,SQQQ,243.325,224.8975,8.19373,18.4275,11468.02,2790456423.951
09/05/2024,ProShares UltraPro Short QQQ,SQQQ,224.8975,225.1225,-0.09995,-0.225,11548.02,2597121250.7573
09/04/2024,ProShares UltraPro Short QQQ,SQQQ,225.1225,223.705,0.63365,1.4175,11514.02,2592065390.6803
09/03/2024,ProShares UltraPro Short QQQ,SQQQ,223.705,204.3375,9.47819,19.3675,11574.02,2589166564.6654
08/30/2024,ProShares UltraPro Short QQQ,SQQQ,204.3375,212.115,-3.66664,-7.7775,11732.02,2397292020.9045
08/29/2024,ProShares UltraPro Short QQQ,SQQQ,212.115,211.175,0.44513,0.94,11786.02,2499992031.0762
08/28/2024,ProShares UltraPro Short QQQ,SQQQ,211.175,203.85,3.59333,7.325,11768.02,2485112020.509
08/27/2024,ProShares UltraPro Short QQQ,SQQQ,203.85,205.7975,-0.94632,-1.9475,11912.02,2428265660.238
08/26/2024,ProShares UltraPro Short QQQ,SQQQ,205.7975,199.5,3.15664,6.2975,12112.02,2492623822.8493
08/23/2024,ProShares UltraPro Short QQQ,SQQQ,199.5,206.4175,-3.35122,-6.9175,12112.02,2416348365.06
08/22/2024,ProShares UltraPro Short QQQ,SQQQ,206.4175,196.4425,5.07782,9.975,12348.02,2548847806.4149
08/21/2024,ProShares UltraPro Short QQQ,SQQQ,196.4425,199.5025,-1.53382,-3.06,12146.02,2385994903.1619
08/20/2024,ProShares UltraPro Short QQQ,SQQQ,199.5025,197.99,0.76393,1.5125,12310.02,2455880140.1147
08/19/2024,ProShares UltraPro Short QQQ,SQQQ,197.99,206.0425,-3.90817,-8.0525,11864.02,2348957692.0212
08/16/2024,ProShares UltraPro Short QQQ,SQQQ,206.0425,206.4025,-0.17442,-0.36,11814.02,2434190603.2099
08/15/2024,ProShares UltraPro Short QQQ,SQQQ,206.4025,222.855,-7.38260,-16.4525,11878.02,2451653411.0867
08/14/2024,ProShares UltraPro Short QQQ,SQQQ,222.855,223.315,-0.20599,-0.46,11460.02,2553923176.0674
08/13/2024,ProShares UltraPro Short QQQ,SQQQ,223.315,241.3075,-7.45625,-17.9925,11196.02,2500239626.1322
08/12/2024,ProShares UltraPro Short QQQ,SQQQ,241.3075,242.4025,-0.45173,-1.095,11070.02,2671279304.8081
08/09/2024,ProShares UltraPro Short QQQ,SQQQ,242.4025,246.01,-1.46640,-3.6075,10782.02,2613589058.7667
08/08/2024,ProShares UltraPro Short QQQ,SQQQ,246.01,270.7475,-9.13674,-24.7375,10912.02,2684466502.6988
08/07/2024,ProShares UltraPro Short QQQ,SQQQ,270.7475,261.5,3.53633,9.2475,10696.02,2895921183.9553
08/06/2024,ProShares UltraPro Short QQQ,SQQQ,261.5,269.53,-2.97926,-8.03,10700.02,2798055721.62
08/05/2024,ProShares UltraPro Short QQQ,SQQQ,269.53,247.455,8.92081,22.075,10816.02,2915242377.3164
08/02/2024,ProShares UltraPro Short QQQ,SQQQ,247.455,230.535,7.33945,16.92,10246.02,2535429344.3154
08/01/2024,ProShares UltraPro Short QQQ,SQQQ,230.535,214.7025,7.37416,15.8325,10704.02,2467651684.1058
07/31/2024,ProShares UltraPro Short QQQ,SQQQ,214.7025,235.9475,-9.00412,-21.245,11188.02,2402096267.6907
07/30/2024,ProShares UltraPro Short QQQ,SQQQ,235.9475,226.43,4.20329,9.5175,10606.02,2502464347.5313
07/29/2024,ProShares UltraPro Short QQQ,SQQQ,226.43,227.6125,-0.51952,-1.1825,10694.02,2421447374.2884
07/26/2024,ProShares UltraPro Short QQQ,SQQQ,227.6125,234.44,-2.91226,-6.8275,10736.02,2443652780.1615
07/25/2024,ProShares UltraPro Short QQQ,SQQQ,234.44,227.0925,3.23547,7.3475,11364.02,2664181289.5472
07/24/2024,ProShares UltraPro Short QQQ,SQQQ,227.0925,204.56,11.01511,22.5325,11846.02,2690142723.7839
07/23/2024,ProShares UltraPro Short QQQ,SQQQ,204.56,202.3425,1.09591,2.2175,11818.02,2417494555.7728
07/22/2024,ProShares UltraPro Short QQQ,SQQQ,202.3425,212.0025,-4.55655,-9.66,11938.02,2415569192.2539
07/19/2024,ProShares UltraPro Short QQQ,SQQQ,212.0025,205.93,2.94882,6.0725,12076.02,2560146828.6147
07/18/2024,ProShares UltraPro Short QQQ,SQQQ,205.93,202.93,1.47834,3,12692.02,2613668065.7484
07/17/2024,ProShares UltraPro Short QQQ,SQQQ,202.93,186.3975,8.86949,16.5325,12994.02,2636876860.1084
07/16/2024,ProShares UltraPro Short QQQ,SQQQ,186.3975,186.6275,-0.12324,-0.23,13412.02,2499967348.3773
07/15/2024,ProShares UltraPro Short QQQ,SQQQ,186.6275,188.0775,-0.77096,-1.45,13384.02,2497826543.4097
07/12/2024,ProShares UltraPro Short QQQ,SQQQ,188.0775,191.13,-1.59708,-3.0525,13568.02,2551839635.1357
07/11/2024,ProShares UltraPro Short QQQ,SQQQ,191.13,178.9775,6.78996,12.1525,13604.02,2600136701.9244
07/10/2024,ProShares UltraPro Short QQQ,SQQQ,178.9775,184.915,-3.21093,-5.9375,13992.02,2504257096.0277
07/09/2024,ProShares UltraPro Short QQQ,SQQQ,184.915,185.19,-0.14850,-0.275,13452.02,2487480625.9402
07/08/2024,ProShares UltraPro Short QQQ,SQQQ,185.19,186.3975,-0.64781,-1.2075,13396.02,2480809291.9572
07/05/2024,ProShares UltraPro Short QQQ,SQQQ,186.3975,191.9975,-2.91670,-5.6,13390.02,2495866603.3773
07/03/2024,ProShares UltraPro Short QQQ,SQQQ,191.9975,196.955,-2.51707,-4.9575,13104.02,2515939440.9053
07/02/2024,ProShares UltraPro Short QQQ,SQQQ,196.955,202.985,-2.97066,-6.03,13018.02,2563964499.3754
07/01/2024,ProShares UltraPro Short QQQ,SQQQ,202.985,206.9575,-1.91948,-3.9725,12796.02,2597400501.3118
06/28/2024,ProShares UltraPro Short QQQ,SQQQ,206.9575,203.37,1.76403,3.5875,12920.02,2673895428.2301
06/27/2024,ProShares UltraPro Short QQQ,SQQQ,203.37,204.4175,-0.51243,-1.0475,13244.02,2693436729.7356
06/26/2024,ProShares UltraPro Short QQQ,SQQQ,204.4175,209.8725,-2.59920,-5.455,13266.02,2711807027.6549
06/25/2024,ProShares UltraPro Short QQQ,SQQQ,209.8725,217.3375,-3.43475,-7.465,13266.02,2784173177.0103
06/24/2024,ProShares UltraPro Short QQQ,SQQQ,217.3375,210.095,3.44725,7.2425,13454.02,2924063480.3445
06/21/2024,ProShares UltraPro Short QQQ,SQQQ,210.095,208.105,0.95625,1.99,13702.02,2878726286.8786
06/20/2024,ProShares UltraPro Short QQQ,SQQQ,208.105,203.1925,2.41766,4.9125,13794.02,2870604923.3374
06/18/2024,ProShares UltraPro Short QQQ,SQQQ,203.1925,203.16,0.01600,0.0325,13848.02,2813814185.8519
06/17/2024,ProShares UltraPro Short QQQ,SQQQ,203.16,210.8675,-3.65514,-7.7075,13728.02,2788984925.1408
06/14/2024,ProShares UltraPro Short QQQ,SQQQ,210.8675,213.3175,-1.14852,-2.45,13382.02,2821833498.7809
06/13/2024,ProShares UltraPro Short QQQ,SQQQ,213.3175,216.9375,-1.66868,-3.62,12908.02,2753506957.3869
06/12/2024,ProShares UltraPro Short QQQ,SQQQ,216.9375,225.8025,-3.92600,-8.865,12474.02,2706083121.5925
06/11/2024,ProShares UltraPro Short QQQ,SQQQ,225.8025,230.5925,-2.07726,-4.79,12126.02,2738086055.5587
06/10/2024,ProShares UltraPro Short QQQ,SQQQ,230.5925,233.215,-1.12450,-2.6225,12034.02,2774955190.3639
06/07/2024,ProShares UltraPro Short QQQ,SQQQ,233.215,232.19,0.44145,1.025,12042.02,2808380132.7442
06/06/2024,ProShares UltraPro Short QQQ,SQQQ,232.19,231.575,0.26557,0.615,12246.02,2843403820.3172
06/05/2024,ProShares UltraPro Short QQQ,SQQQ,231.575,246.5,-6.05477,-14.925,12306.02,2849767016.861
06/04/2024,ProShares UltraPro Short QQQ,SQQQ,246.5,248.57,-0.83276,-2.07,11342.02,2795808393.42
06/03/2024,ProShares UltraPro Short QQQ,SQQQ,248.57,251.055,-0.98982,-2.485,11090.02,2756646738.7116
05/31/2024,ProShares UltraPro Short QQQ,SQQQ,251.055,250.575,0.19156,0.48,11014.02,2765125263.0834
05/30/2024,ProShares UltraPro Short QQQ,SQQQ,250.575,242.7925,3.20541,7.7825,12032.02,3014923882.581
05/29/2024,ProShares UltraPro Short QQQ,SQQQ,242.7925,237.66,2.15960,5.1325,12648.02,3070844852.2999
05/28/2024,ProShares UltraPro Short QQQ,SQQQ,237.66,239.8775,-0.92443,-2.2175,12496.02,2969804560.0008
05/24/2024,ProShares UltraPro Short QQQ,SQQQ,239.8775,246.955,-2.86591,-7.0775,12800.02,3070437248.5197
05/23/2024,ProShares UltraPro Short QQQ,SQQQ,246.955,243.365,1.47515,3.59,12182.02,3008411213.3754
05/22/2024,ProShares UltraPro Short QQQ,SQQQ,243.365,242.91,0.18731,0.455,11422.02,2779720354.8262
05/21/2024,ProShares UltraPro Short QQQ,SQQQ,242.91,244.3375,-0.58423,-1.4275,11604.02,2818732954.8708
05/20/2024,ProShares UltraPro Short QQQ,SQQQ,244.3375,249.37,-2.01809,-5.0325,11712.02,2861686146.1045
05/17/2024,ProShares UltraPro Short QQQ,SQQQ,249.37,248.67,0.28150,0.7,11948.02,2979478216.2156
05/16/2024,ProShares UltraPro Short QQQ,SQQQ,248.67,246.9375,0.70159,1.7325,12238.02,3043228900.8996
05/15/2024,ProShares UltraPro Short QQQ,SQQQ,246.9375,258.5,-4.47292,-11.5625,12052.02,2976096152.9925
05/14/2024,ProShares UltraPro Short QQQ,SQQQ,258.5,263.7975,-2.00817,-5.2975,12014.02,3105624655.98
05/13/2024,ProShares UltraPro Short QQQ,SQQQ,263.7975,265.3,-0.56634,-1.5025,11628.02,3067443101.8893
05/10/2024,ProShares UltraPro Short QQQ,SQQQ,265.3,267.26,-0.73337,-1.96,11452.02,3038221404.764
05/09/2024,ProShares UltraPro Short QQQ,SQQQ,267.26,268.245,-0.36720,-0.985,11640.02,3110912247.6488
05/08/2024,ProShares UltraPro Short QQQ,SQQQ,268.245,267.7975,0.16710,0.4475,11454.02,3072484099.2006
05/07/2024,ProShares UltraPro Short QQQ,SQQQ,267.7975,267.6275,0.06352,0.17,11216.02,3003622619.4093
05/06/2024,ProShares UltraPro Short QQQ,SQQQ,267.6275,276.92,-3.35566,-9.2925,10936.02,2926780195.6897
05/03/2024,ProShares UltraPro Short QQQ,SQQQ,276.92,294.245,-5.88795,-17.325,10568.02,2926496619.0096
05/02/2024,ProShares UltraPro Short QQQ,SQQQ,294.245,305.585,-3.71092,-11.34,10246.02,3014840708.0806
05/01/2024,ProShares UltraPro Short QQQ,SQQQ,305.585,299.1175,2.16219,6.4675,9990.02,3052800836.1998
04/30/2024,ProShares UltraPro Short QQQ,SQQQ,299.1175,282.6775,5.81581,16.44,10168.02,3041433284.6909
04/29/2024,ProShares UltraPro Short QQQ,SQQQ,282.6775,285.64,-1.03714,-2.9625,10288.02,2908192304.9837
04/26/2024,ProShares UltraPro Short QQQ,SQQQ,285.64,300.23,-4.85961,-14.59,10350.02,2956380249.8032
04/25/2024,ProShares UltraPro Short QQQ,SQQQ,300.23,295,1.77288,5.23,10216.02,3067156249.0324
04/24/2024,ProShares UltraPro Short QQQ,SQQQ,295,297.6925,-0.90446,-2.6925,10108.02,2981866454.6
04/23/2024,ProShares UltraPro Short QQQ,SQQQ,297.6925,311.6675,-4.48395,-13.975,10058.02,2994197678.5119
04/22/2024,ProShares UltraPro Short QQQ,SQQQ,311.6675,321.29,-2.99496,-9.6225,10230.02,3188365344.2849
04/19/2024,ProShares UltraPro Short QQQ,SQQQ,321.29,302.405,6.24494,18.885,10394.02,3339495289.8252
04/18/2024,ProShares UltraPro Short QQQ,SQQQ,302.405,296.925,1.84558,5.48,11416.02,3452262096.6214
04/17/2024,ProShares UltraPro Short QQQ,SQQQ,296.925,286.1025,3.78274,10.8225,11370.02,3376043746.719
04/16/2024,ProShares UltraPro Short QQQ,SQQQ,286.1025,286.28,-0.06200,-0.1775,11568.02,3309639979.9227
04/15/2024,ProShares UltraPro Short QQQ,SQQQ,286.28,272.6625,4.99427,13.6175,11738.02,3360360903.8064
04/12/2024,ProShares UltraPro Short QQQ,SQQQ,272.6625,259.4725,5.08339,13.19,11584.02,3158528365.8555
04/11/2024,ProShares UltraPro Short QQQ,SQQQ,259.4725,272.55,-4.79820,-13.0775,12000.02,3113675677.2583
04/10/2024,ProShares UltraPro Short QQQ,SQQQ,272.55,265.4775,2.66407,7.0725,11354.02,3094538663.394
04/09/2024,ProShares UltraPro Short QQQ,SQQQ,265.4775,268.4425,-1.10452,-2.965,11844.02,3144321318.6477
04/08/2024,ProShares UltraPro Short QQQ,SQQQ,268.4425,267.945,0.18567,0.4975,11852.02,3181586383.5219
04/05/2024,ProShares UltraPro Short QQQ,SQQQ,267.945,278.4225,-3.76317,-10.4775,11790.02,3159077412.6366
04/04/2024,ProShares UltraPro Short QQQ,SQQQ,278.4225,265.7,4.78830,12.7225,11504.02,3202978531.8843
04/03/2024,ProShares UltraPro Short QQQ,SQQQ,265.7,267.345,-0.61531,-1.645,11414.02,3032705613.516
04/02/2024,ProShares UltraPro Short QQQ,SQQQ,267.345,259.9625,2.83983,7.3825,11444.02,3059502029.5086
04/01/2024,ProShares UltraPro Short QQQ,SQQQ,259.9625,261.475,-0.57845,-1.5125,11682.02,3036887612.9795
03/28/2024,ProShares UltraPro Short QQQ,SQQQ,261.475,260.06,0.54411,1.415,11500.02,3006968221.073
03/27/2024,ProShares UltraPro Short QQQ,SQQQ,260.06,262.6825,-0.99835,-2.6225,11676.02,3036466250.1128
03/26/2024,ProShares UltraPro Short QQQ,SQQQ,262.6825,259.705,1.14649,2.9775,11606.02,3048698842.4931
03/25/2024,ProShares UltraPro Short QQQ,SQQQ,259.705,256.9625,1.06728,2.7425,11834.02,3073354652.3454
03/22/2024,ProShares UltraPro Short QQQ,SQQQ,256.9625,257.4925,-0.20583,-0.53,11906.02,3059401147.3395
03/21/2024,ProShares UltraPro Short QQQ,SQQQ,257.4925,260.61,-1.19623,-3.1175,12000.02,3089915633.9359
03/20/2024,ProShares UltraPro Short QQQ,SQQQ,260.61,274.045,-4.90248,-13.435,11902.02,3101785922.1468
03/19/2024,ProShares UltraPro Short QQQ,SQQQ,274.045,276.0625,-0.73081,-2.0175,11746.02,3218938566.1046
03/18/2024,ProShares UltraPro Short QQQ,SQQQ,276.0625,284.375,-2.92308,-8.3125,11790.02,3254782915.2475
03/15/2024,ProShares UltraPro Short QQQ,SQQQ,284.375,274.6525,3.53993,9.7225,11796.02,3354493722.125
03/14/2024,ProShares UltraPro Short QQQ,SQQQ,274.6525,271.98,0.98261,2.6725,12146.02,3335935274.3967
03/13/2024,ProShares UltraPro Short QQQ,SQQQ,271.98,265.2575,2.53433,6.7225,11688.02,3178908190.9224
03/12/2024,ProShares UltraPro Short QQQ,SQQQ,265.2575,277.52,-4.41860,-12.2625,11728.02,3110945763.8341
03/11/2024,ProShares UltraPro Short QQQ,SQQQ,277.52,274.3275,1.16376,3.1925,11538.02,3202031832.1376
03/08/2024,ProShares UltraPro Short QQQ,SQQQ,274.3275,262.0475,4.68617,12.28,11684.02,3205248512.2857
03/07/2024,ProShares UltraPro Short QQQ,SQQQ,262.0475,274.6075,-4.57380,-12.56,11968.02,3136190213.5993
03/06/2024,ProShares UltraPro Short QQQ,SQQQ,274.6075,280.075,-1.95216,-5.4675,11418.02,3135474443.4121
03/05/2024,ProShares UltraPro Short QQQ,SQQQ,280.075,265.56,5.46581,14.515,11486.02,3216947578.041
03/04/2024,ProShares UltraPro Short QQQ,SQQQ,265.56,262.2075,1.27857,3.3525,12032.02,3195223730.4528
03/01/2024,ProShares UltraPro Short QQQ,SQQQ,262.2075,273.73,-4.20944,-11.5225,12048.02,3159081697.1001
02/29/2024,ProShares UltraPro Short QQQ,SQQQ,273.73,281.58,-2.78784,-7.85,12326.02,3374001969.2124
02/28/2024,ProShares UltraPro Short QQQ,SQQQ,281.58,277.02,1.64609,4.56,12218.02,3440350600.9704
02/27/2024,ProShares UltraPro Short QQQ,SQQQ,277.02,278.62,-0.57426,-1.6,12234.02,3389068741.1976
02/26/2024,ProShares UltraPro Short QQQ,SQQQ,278.62,278.275,0.12398,0.345,11852.02,3302210336.2056
02/23/2024,ProShares UltraPro Short QQQ,SQQQ,278.275,274.945,1.21115,3.33,11852.02,3298121388.657
02/22/2024,ProShares UltraPro Short QQQ,SQQQ,274.945,301.845,-8.91186,-26.9,11950.02,3285598765.7966
02/21/2024,ProShares UltraPro Short QQQ,SQQQ,301.845,298.33,1.17823,3.515,11170.02,3371615254.3686
02/20/2024,ProShares UltraPro Short QQQ,SQQQ,298.33,291.255,2.42914,7.075,11340.02,3383068727.4604
02/16/2024,ProShares UltraPro Short QQQ,SQQQ,291.255,283.3425,2.79256,7.9125,11244.02,3274877592.6594
02/15/2024,ProShares UltraPro Short QQQ,SQQQ,283.3425,284.7925,-0.50914,-1.45,11530.02,3266945224.5339
02/14/2024,ProShares UltraPro Short QQQ,SQQQ,284.7925,295.2125,-3.52966,-10.42,11018.02,3137849996.2599
02/13/2024,ProShares UltraPro Short QQQ,SQQQ,295.2125,281.7275,4.78654,13.485,11162.02,3295168384.2495
02/12/2024,ProShares UltraPro Short QQQ,SQQQ,281.7275,277.92,1.37000,3.8075,11242.02,3167186719.1977
02/09/2024,ProShares UltraPro Short QQQ,SQQQ,277.92,286.39,-2.95751,-8.47,11180.02,3107151680.8896
02/08/2024,ProShares UltraPro Short QQQ,SQQQ,286.39,287.485,-0.38089,-1.095,11244.02,3220175426.2132
02/07/2024,ProShares UltraPro Short QQQ,SQQQ,287.485,296.55,-3.05682,-9.065,10750.02,3090470040.1718
02/06/2024,ProShares UltraPro Short QQQ,SQQQ,296.55,294.4025,0.72944,2.1475,10546.02,3127422788.514
02/05/2024,ProShares UltraPro Short QQQ,SQQQ,294.4025,292.7825,0.55331,1.62,10466.02,3081223006.5267
02/02/2024,ProShares UltraPro Short QQQ,SQQQ,292.7825,308.4,-5.06404,-15.6175,10138.02,2968235391.0811
02/01/2024,ProShares UltraPro Short QQQ,SQQQ,308.4,319.6075,-3.50664,-11.2075,10132.02,3124715547.792
01/31/2024,ProShares UltraPro Short QQQ,SQQQ,319.6075,301.8675,5.87675,17.74,10000.02,3196081993.0121
01/30/2024,ProShares UltraPro Short QQQ,SQQQ,301.8675,295.7725,2.06071,6.095,9990.02,3015662929.8609
01/29/2024,ProShares UltraPro Short QQQ,SQQQ,295.7725,304.8025,-2.96257,-9.03,9892.02,2925788041.5023
01/26/2024,ProShares UltraPro Short QQQ,SQQQ,304.8025,299.58,1.74327,5.2225,10020.02,3054127719.0787
01/25/2024,ProShares UltraPro Short QQQ,SQQQ,299.58,300.11,-0.17660,-0.53,10142.02,3038346914.8104
01/24/2024,ProShares UltraPro Short QQQ,SQQQ,300.11,304.93,-1.58069,-4.82,9792.02,2938683686.4068
01/23/2024,ProShares UltraPro Short QQQ,SQQQ,304.93,308.7125,-1.22525,-3.7825,9998.02,3048696811.8684
01/22/2024,ProShares UltraPro Short QQQ,SQQQ,308.7125,309.4475,-0.23752,-0.735,9960.02,3074783254.6295
01/19/2024,ProShares UltraPro Short QQQ,SQQQ,309.4475,328.3675,-5.76184,-18.92,10088.02,3121713150.7113
01/18/2024,ProShares UltraPro Short QQQ,SQQQ,328.3675,343.035,-4.27580,-14.6675,10356.02,3400581014.6809
01/17/2024,ProShares UltraPro Short QQQ,SQQQ,343.035,337.17,1.73948,5.865,9940.02,3409775405.6058
01/16/2024,ProShares UltraPro Short QQQ,SQQQ,337.17,336.8725,0.08831,0.2975,10004.02,3373056057.2796
01/12/2024,ProShares UltraPro Short QQQ,SQQQ,336.8725,337.2025,-0.09786,-0.33,10008.02,3371427350.7703
01/11/2024,ProShares UltraPro Short QQQ,SQQQ,337.2025,338.315,-0.32884,-1.1125,10418.02,3512983022.9907
01/10/2024,ProShares UltraPro Short QQQ,SQQQ,338.315,345.22,-2.00017,-6.905,9310.02,3149720052.3322
01/09/2024,ProShares UltraPro Short QQQ,SQQQ,345.22,346.855,-0.47138,-1.635,9492.02,3276835793.4136
01/08/2024,ProShares UltraPro Short QQQ,SQQQ,346.855,370.0625,-6.27124,-23.2075,9546.02,3311085419.1874
01/05/2024,ProShares UltraPro Short QQQ,SQQQ,370.0625,371.37,-0.35207,-1.3075,9578.02,3544466721.9675
01/04/2024,ProShares UltraPro Short QQQ,SQQQ,371.37,365.1175,1.71246,6.2525,10144.02,3767185405.5756
01/03/2024,ProShares UltraPro Short QQQ,SQQQ,365.1175,353.81,3.19592,11.3075,9938.02,3628545703.7709
01/02/2024,ProShares UltraPro Short QQQ,SQQQ,353.81,336.785,5.05515,17.025,10202.02,3609577361.3628
12/29/2023,ProShares UltraPro Short QQQ,SQQQ,336.785,332.1425,1.39774,4.6425,9712.02,3270863288.8558
12/28/2023,ProShares UltraPro Short QQQ,SQQQ,332.1425,331.1175,0.30956,1.025,10340.02,3434360717.2779
12/27/2023,ProShares UltraPro Short QQQ,SQQQ,331.1175,332.6475,-0.45995,-1.53,9980.02,3304559894.8509
12/26/2023,ProShares UltraPro Short QQQ,SQQQ,332.6475,338.605,-1.75942,-5.9575,10218.02,3398999433.3273
12/22/2023,ProShares UltraPro Short QQQ,SQQQ,338.605,339.4525,-0.24967,-0.8475,10494.02,3553328278.6774
12/21/2023,ProShares UltraPro Short QQQ,SQQQ,339.4525,351.7775,-3.50364,-12.325,10982.02,3727874782.2207
12/20/2023,ProShares UltraPro Short QQQ,SQQQ,351.7775,343.2125,2.49554,8.565,9530.02,3352447271.8917
12/19/2023,ProShares UltraPro Short QQQ,SQQQ,343.2125,348.3525,-1.47552,-5.14,9662.02,3316126684.4895
12/18/2023,ProShares UltraPro Short QQQ,SQQQ,348.3525,354.9825,-1.86770,-6.63,9698.02,3378330166.9527
12/15/2023,ProShares UltraPro Short QQQ,SQQQ,354.9825,360.2425,-1.46013,-5.26,9478.02,3364531902.0171
12/14/2023,ProShares UltraPro Short QQQ,SQQQ,360.2425,358.2425,0.55828,2,9764.02,3517415652.1059
12/13/2023,ProShares UltraPro Short QQQ,SQQQ,358.2425,372.2375,-3.75970,-13.995,9722.02,3482841423.3459
12/12/2023,ProShares UltraPro Short QQQ,SQQQ,372.2375,381.4175,-2.40681,-9.18,9816.02,3653891444.5565
12/11/2023,ProShares UltraPro Short QQQ,SQQQ,381.4175,391.195,-2.49939,-9.7775,9838.02,3752393710.4149
12/08/2023,ProShares UltraPro Short QQQ,SQQQ,391.195,395.46,-1.07849,-4.265,9772.02,3822766099.3466
12/07/2023,ProShares UltraPro Short QQQ,SQQQ,395.46,413.3375,-4.32516,-17.8775,9776.02,3866025612.6648
12/06/2023,ProShares UltraPro Short QQQ,SQQQ,413.3375,406.2175,1.75276,7.12,9552.02,3948208843.8245
12/05/2023,ProShares UltraPro Short QQQ,SQQQ,406.2175,408.935,-0.66453,-2.7175,9558.02,3882635753.0389
12/04/2023,ProShares UltraPro Short QQQ,SQQQ,408.935,396.9775,3.01214,11.9575,9540.02,3901248847.4978
12/01/2023,ProShares UltraPro Short QQQ,SQQQ,396.9775,400.385,-0.85106,-3.4075,9586.02,3805435000.8677
11/30/2023,ProShares UltraPro Short QQQ,SQQQ,400.385,397.1625,0.81138,3.2225,9620.02,3851712460.4238
11/29/2023,ProShares UltraPro Short QQQ,SQQQ,397.1625,395.34,0.46100,1.8225,9430.02,3745251064.9155
11/28/2023,ProShares UltraPro Short QQQ,SQQQ,395.34,398.735,-0.85144,-3.395,9378.02,3707507170.0392
11/27/2023,ProShares UltraPro Short QQQ,SQQQ,398.735,397.0275,0.43007,1.7075,9386.02,3742535434.3218
11/24/2023,ProShares UltraPro Short QQQ,SQQQ,397.0275,395.26,0.44717,1.7675,9438.02,3747154231.9617
11/22/2023,ProShares UltraPro Short QQQ,SQQQ,395.26,399.76,-1.12568,-4.5,9850.02,3893319648.2888
11/21/2023,ProShares UltraPro Short QQQ,SQQQ,399.76,392.55,1.83671,7.21,9018.02,3605044426.7488
11/20/2023,ProShares UltraPro Short QQQ,SQQQ,392.55,406.9075,-3.52844,-14.3575,9096.02,3570643388.994
11/17/2023,ProShares UltraPro Short QQQ,SQQQ,406.9075,406.9175,-0.00246,-0.01,9172.02,3732164493.1361
11/16/2023,ProShares UltraPro Short QQQ,SQQQ,406.9175,407.6925,-0.19009,-0.775,9348.02,3803873693.3549
11/15/2023,ProShares UltraPro Short QQQ,SQQQ,407.6925,408.155,-0.11331,-0.4625,9138.02,3725502985.3119
11/14/2023,ProShares UltraPro Short QQQ,SQQQ,408.155,435.8275,-6.34942,-27.6725,9170.02,3742790280.4314
11/13/2023,ProShares UltraPro Short QQQ,SQQQ,435.8275,431.825,0.92688,4.0025,9154.02,3989574470.9057
11/10/2023,ProShares UltraPro Short QQQ,SQQQ,431.825,462.8775,-6.70858,-31.0525,9164.02,3957253748.331
11/09/2023,ProShares UltraPro Short QQQ,SQQQ,462.8775,451.3575,2.55230,11.52,9406.02,4353835892.7597
11/08/2023,ProShares UltraPro Short QQQ,SQQQ,451.3575,452.6,-0.27452,-1.2425,7618.02,3438451310.7021
11/07/2023,ProShares UltraPro Short QQQ,SQQQ,452.6,465.3375,-2.73726,-12.7375,7508.02,3398130702.888
11/06/2023,ProShares UltraPro Short QQQ,SQQQ,465.3375,470.33,-1.06149,-4.9925,7316.02,3404419331.5845
11/03/2023,ProShares UltraPro Short QQQ,SQQQ,470.33,487.5575,-3.53343,-17.2275,7330.02,3447529190.8204
11/02/2023,ProShares UltraPro Short QQQ,SQQQ,487.5575,513.7425,-5.09691,-26.185,7514.02,3663517722.7581
11/01/2023,ProShares UltraPro Short QQQ,SQQQ,513.7425,542.2475,-5.25682,-28.505,6332.02,3253028750.6859
10/31/2023,ProShares UltraPro Short QQQ,SQQQ,542.2475,550.53,-1.50446,-8.2825,6546.02,3549563999.3753
10/30/2023,ProShares UltraPro Short QQQ,SQQQ,550.53,569.08,-3.25965,-18.55,6606.02,3636813225.5964
10/27/2023,ProShares UltraPro Short QQQ,SQQQ,569.08,577.3025,-1.42430,-8.2225,6738.02,3834473491.4704
10/26/2023,ProShares UltraPro Short QQQ,SQQQ,577.3025,545.585,5.81348,31.7175,7240.02,4179682731.3787
10/25/2023,ProShares UltraPro Short QQQ,SQQQ,545.585,507.72,7.45785,37.865,6614.02,3608511127.3998
10/24/2023,ProShares UltraPro Short QQQ,SQQQ,507.72,522.5525,-2.83847,-14.8325,7148.02,3629193668.9136
10/23/2023,ProShares UltraPro Short QQQ,SQQQ,522.5525,527.0625,-0.85569,-4.51,7506.02,3922290498.4487
10/20/2023,ProShares UltraPro Short QQQ,SQQQ,527.0625,503.9375,4.58886,23.125,8012.02,4222836282.1275
10/19/2023,ProShares UltraPro Short QQQ,SQQQ,503.9375,490.8225,2.67205,13.115,9208.02,4640267526.1525
10/18/2023,ProShares UltraPro Short QQQ,SQQQ,490.8225,470.69,4.27723,20.1325,7780.02,3818609789.1963
10/17/2023,ProShares UltraPro Short QQQ,SQQQ,470.69,465.785,1.05306,4.905,8418.02,3962278718.6972
10/16/2023,ProShares UltraPro Short QQQ,SQQQ,465.785,482.6525,-3.49475,-16.8675,8430.02,3926577741.3758
10/13/2023,ProShares UltraPro Short QQQ,SQQQ,482.6525,464.8625,3.82694,17.79,8402.02,4055256865.4367
10/12/2023,ProShares UltraPro Short QQQ,SQQQ,464.8625,459.145,1.24525,5.7175,8894.02,4134497246.1915
10/11/2023,ProShares UltraPro Short QQQ,SQQQ,459.145,469.08,-2.11798,-9.935,7906.02,3630010416.0926
10/10/2023,ProShares UltraPro Short QQQ,SQQQ,469.08,476.825,-1.62429,-7.745,8014.02,3759217383.4704
10/09/2023,ProShares UltraPro Short QQQ,SQQQ,476.825,484.04,-1.49058,-7.215,7950.02,3790769182.931
10/06/2023,ProShares UltraPro Short QQQ,SQQQ,484.04,509.5025,-4.99752,-25.4625,7782.02,3766809870.7952
10/05/2023,ProShares UltraPro Short QQQ,SQQQ,509.5025,503.2775,1.23689,6.225,8412.02,4285946177.9147
10/04/2023,ProShares UltraPro Short QQQ,SQQQ,503.2775,525.7925,-4.28211,-22.515,7600.02,3824920011.7117
10/03/2023,ProShares UltraPro Short QQQ,SQQQ,525.7925,498.495,5.47598,27.2975,7882.02,4144307989.3399
10/02/2023,ProShares UltraPro Short QQQ,SQQQ,498.495,510.97,-2.44143,-12.475,7964.02,3970025087.0706
09/29/2023,ProShares UltraPro Short QQQ,SQQQ,510.97,511.7925,-0.16071,-0.8225,8030.02,4103100280.0236
09/28/2023,ProShares UltraPro Short QQQ,SQQQ,511.7925,524.4525,-2.41395,-12.66,8366.02,4281667253.0199
09/27/2023,ProShares UltraPro Short QQQ,SQQQ,524.4525,527.8675,-0.64694,-3.415,7662.02,4018366530.0207
09/26/2023,ProShares UltraPro Short QQQ,SQQQ,527.8675,504.755,4.57895,23.1125,8294.02,4378144594.7409
09/25/2023,ProShares UltraPro Short QQQ,SQQQ,504.755,511.5775,-1.33362,-6.8225,8538.02,4309609234.0394
09/22/2023,ProShares UltraPro Short QQQ,SQQQ,511.5775,511.875,-0.05812,-0.2975,8710.02,4455851218.3157
09/21/2023,ProShares UltraPro Short QQQ,SQQQ,511.875,484.465,5.65779,27.41,9160.02,4688786199.825
09/20/2023,ProShares UltraPro Short QQQ,SQQQ,484.465,472.255,2.58547,12.21,8842.02,4283650130.0942
09/19/2023,ProShares UltraPro Short QQQ,SQQQ,472.255,468.8425,0.72786,3.4125,9118.02,4306031422.9394
09/18/2023,ProShares UltraPro Short QQQ,SQQQ,468.8425,470.7325,-0.40150,-1.89,9242.02,4333052643.2739
09/15/2023,ProShares UltraPro Short QQQ,SQQQ,470.7325,446.82,5.35171,23.9125,9194.02,4327924904.6271
09/14/2023,ProShares UltraPro Short QQQ,SQQQ,446.82,457.59,-2.35364,-10.77,9918.02,4431570536.4216
09/13/2023,ProShares UltraPro Short QQQ,SQQQ,457.59,462.67,-1.09797,-5.08,8988.02,4112828932.0692
09/12/2023,ProShares UltraPro Short QQQ,SQQQ,462.67,447.5475,3.37897,15.1225,9186.02,4250096743.2196
09/11/2023,ProShares UltraPro Short QQQ,SQQQ,447.5475,463.845,-3.51357,-16.2975,9296.02,4160411352.3393
09/08/2023,ProShares UltraPro Short QQQ,SQQQ,463.845,465.42,-0.33840,-1.575,9352.02,4337888588.9286
09/07/2023,ProShares UltraPro Short QQQ,SQQQ,465.42,454.8675,2.31991,10.5525,9706.02,4517376703.3896
09/06/2023,ProShares UltraPro Short QQQ,SQQQ,454.8675,442.91,2.69976,11.9575,9246.02,4205714857.5009
09/05/2023,ProShares UltraPro Short QQQ,SQQQ,442.91,444.165,-0.28255,-1.255,9492.02,4204111410.8708
09/01/2023,ProShares UltraPro Short QQQ,SQQQ,444.165,442.895,0.28675,1.27,9558.02,4245338788.3302
08/31/2023,ProShares UltraPro Short QQQ,SQQQ,442.895,445.785,-0.64829,-2.89,9978.02,4419216000.5426
08/30/2023,ProShares UltraPro Short QQQ,SQQQ,445.785,453.2725,-1.65188,-7.4875,8366.02,3729447063.7758
08/29/2023,ProShares UltraPro Short QQQ,SQQQ,453.2725,484.29,-6.40474,-31.0175,8486.02,3846480352.6023
08/28/2023,ProShares UltraPro Short QQQ,SQQQ,484.29,495.035,-2.17055,-10.745,8492.02,4112601276.2652
08/25/2023,ProShares UltraPro Short QQQ,SQQQ,495.035,507.535,-2.46288,-12.5,8550.02,4232560081.3658
08/24/2023,ProShares UltraPro Short QQQ,SQQQ,507.535,475.7525,6.68047,31.7825,9198.02,4668318034.8658
08/23/2023,ProShares UltraPro Short QQQ,SQQQ,475.7525,499.55,-4.76379,-23.7975,8444.02,4017264519.4647
08/22/2023,ProShares UltraPro Short QQQ,SQQQ,499.55,496.54,0.60619,3.01,8576.02,4284151730.154
08/21/2023,ProShares UltraPro Short QQQ,SQQQ,496.54,522.045,-4.88559,-25.505,8692.02,4315936544.2952
08/18/2023,ProShares UltraPro Short QQQ,SQQQ,522.045,519.45,0.49957,2.595,8736.02,4560596542.3446
08/17/2023,ProShares UltraPro Short QQQ,SQQQ,519.45,502.66,3.34023,16.79,9270.02,4815312865.566
08/16/2023,ProShares UltraPro Short QQQ,SQQQ,502.66,487.055,3.20395,15.605,8800.02,4423418998.2008
08/15/2023,ProShares UltraPro Short QQQ,SQQQ,487.055,471.21,3.36262,15.845,9084.02,4424418276.7634
08/14/2023,ProShares UltraPro Short QQQ,SQQQ,471.21,488.3225,-3.50434,-17.1125,9168.02,4320063590.0748
08/11/2023,ProShares UltraPro Short QQQ,SQQQ,488.3225,478.5575,2.04051,9.765,9208.02,4496484264.4963
08/10/2023,ProShares UltraPro Short QQQ,SQQQ,478.5575,480.7175,-0.44933,-2.16,9602.02,4595119585.8381
08/09/2023,ProShares UltraPro Short QQQ,SQQQ,480.7175,464.925,3.39678,15.7925,9026.02,4338966673.0989
08/08/2023,ProShares UltraPro Short QQQ,SQQQ,464.925,452.8175,2.67381,12.1075,9214.02,4283829122.559
08/07/2023,ProShares UltraPro Short QQQ,SQQQ,452.8175,464.7425,-2.56594,-11.925,9378.02,4246532422.6469
08/04/2023,ProShares UltraPro Short QQQ,SQQQ,464.7425,457.355,1.61527,7.3875,9380.02,4359294818.5659
08/03/2023,ProShares UltraPro Short QQQ,SQQQ,457.355,455.24,0.46459,2.115,9900.02,4527824506.9274
08/02/2023,ProShares UltraPro Short QQQ,SQQQ,455.24,426.73,6.68104,28.51,8362.02,3806726840.6512
08/01/2023,ProShares UltraPro Short QQQ,SQQQ,426.73,423.38,0.79125,3.35,9172.02,3913976896.8524
07/31/2023,ProShares UltraPro Short QQQ,SQQQ,423.38,423.6775,-0.07022,-0.2975,9214.02,3901032583.5544
07/28/2023,ProShares UltraPro Short QQQ,SQQQ,423.6775,448.245,-5.48082,-24.5675,9234.02,3912247305.0637
07/27/2023,ProShares UltraPro Short QQQ,SQQQ,448.245,444.7725,0.78074,3.4725,9672.02,4335435447.6006
07/26/2023,ProShares UltraPro Short QQQ,SQQQ,444.7725,439.325,1.23997,5.4475,8608.02,3828611411.6223
07/25/2023,ProShares UltraPro Short QQQ,SQQQ,439.325,448.99,-2.15261,-9.665,9196.02,4040042312.431
07/24/2023,ProShares UltraPro Short QQQ,SQQQ,448.99,450.745,-0.38936,-1.755,9282.02,4167535003.9012
07/21/2023,ProShares UltraPro Short QQQ,SQQQ,450.745,446.85,0.87166,3.895,9442.02,4255944152.3006
07/20/2023,ProShares UltraPro Short QQQ,SQQQ,446.85,417.8525,6.93965,28.9975,10256.02,4582903377.078
07/19/2023,ProShares UltraPro Short QQQ,SQQQ,417.8525,416.465,0.33316,1.3875,9242.02,3861801947.6127
07/18/2023,ProShares UltraPro Short QQQ,SQQQ,416.465,426.7,-2.39864,-10.235,9678.02,4030557382.2542
07/17/2023,ProShares UltraPro Short QQQ,SQQQ,426.7,438.9825,-2.79795,-12.2825,9828.02,4193616936.196
07/14/2023,ProShares UltraPro Short QQQ,SQQQ,438.9825,438.025,0.21859,0.9575,9924.02,4356471934.9371
07/13/2023,ProShares UltraPro Short QQQ,SQQQ,438.025,461.455,-5.07742,-23.43,10284.02,4504658683.987
07/12/2023,ProShares UltraPro Short QQQ,SQQQ,461.455,479.075,-3.67792,-17.62,9040.02,4171563296.6354
07/11/2023,ProShares UltraPro Short QQQ,SQQQ,479.075,485.955,-1.41577,-6.88,9454.02,4529185532.161
07/10/2023,ProShares UltraPro Short QQQ,SQQQ,485.955,486.5825,-0.12896,-0.6275,9570.02,4650599982.6954
07/07/2023,ProShares UltraPro Short QQQ,SQQQ,486.5825,481.1475,1.12959,5.435,9660.02,4700397596.4251
07/06/2023,ProShares UltraPro Short QQQ,SQQQ,481.1475,470.015,2.36854,11.1325,9874.02,4750860942.5073
07/05/2023,ProShares UltraPro Short QQQ,SQQQ,470.015,469.465,0.11715,0.55,9410.02,4422851433.9282
07/03/2023,ProShares UltraPro Short QQQ,SQQQ,469.465,472.0025,-0.53760,-2.5375,9572.02,4493729251.8942
06/30/2023,ProShares UltraPro Short QQQ,SQQQ,472.0025,495.1375,-4.67244,-23.135,9844.02,4646402937.4147
06/29/2023,ProShares UltraPro Short QQQ,SQQQ,495.1375,492.2875,0.57893,2.85,10048.02,4975152433.6085
06/28/2023,ProShares UltraPro Short QQQ,SQQQ,492.2875,493.91,-0.32850,-1.6225,9500.02,4676742021.2505
06/27/2023,ProShares UltraPro Short QQQ,SQQQ,493.91,520.975,-5.19507,-27.065,9650.02,4766242306.7508
06/26/2023,ProShares UltraPro Short QQQ,SQQQ,520.975,500.3325,4.12576,20.6425,9456.02,4926350998.933
06/23/2023,ProShares UltraPro Short QQQ,SQQQ,500.3325,485.2975,3.09810,15.035,9982.02,4994329962.2751
06/22/2023,ProShares UltraPro Short QQQ,SQQQ,485.2975,502.44,-3.41185,-17.1425,10206.02,4952956903.3093
06/21/2023,ProShares UltraPro Short QQQ,SQQQ,502.44,489.5425,2.63460,12.8975,9612.02,4829464273.3872
06/20/2023,ProShares UltraPro Short QQQ,SQQQ,489.5425,487.9975,0.31660,1.545,9762.02,4778924596.1899
06/16/2023,ProShares UltraPro Short QQQ,SQQQ,487.9975,477.89,2.11503,10.1075,9910.02,4836065902.3853
06/15/2023,ProShares UltraPro Short QQQ,SQQQ,477.89,494.9325,-3.44340,-17.0425,10042.02,4798981836.2332
06/14/2023,ProShares UltraPro Short QQQ,SQQQ,494.9325,505.455,-2.08179,-10.5225,8464.02,4189119509.1231
06/13/2023,ProShares UltraPro Short QQQ,SQQQ,505.455,517.41,-2.31055,-11.955,8790.02,4442960509.3554
06/12/2023,ProShares UltraPro Short QQQ,SQQQ,517.41,546.005,-5.23713,-28.595,8792.02,4549080040.9308
06/09/2023,ProShares UltraPro Short QQQ,SQQQ,546.005,550.53,-0.82194,-4.525,8762.02,4784107756.5894
06/08/2023,ProShares UltraPro Short QQQ,SQQQ,550.53,571.6,-3.68614,-21.07,8980.02,4943771445.5964
06/07/2023,ProShares UltraPro Short QQQ,SQQQ,571.6,542.805,5.30485,28.795,8010.02,4578528506.608
06/06/2023,ProShares UltraPro Short QQQ,SQQQ,542.805,542.6325,0.03179,0.1725,8070.02,4380448226.5734
06/05/2023,ProShares UltraPro Short QQQ,SQQQ,542.6325,543.5025,-0.16007,-0.87,8198.02,4448513107.7991
06/02/2023,ProShares UltraPro Short QQQ,SQQQ,543.5025,555.2525,-2.11615,-11.75,8322.02,4523039696.8347
06/01/2023,ProShares UltraPro Short QQQ,SQQQ,555.2525,577.5,-3.85238,-22.2475,8542.02,4742979003.9247
05/31/2023,ProShares UltraPro Short QQQ,SQQQ,577.5,565.3975,2.14053,12.1025,8170.02,4718187635.7
05/30/2023,ProShares UltraPro Short QQQ,SQQQ,565.3975,572.09,-1.16983,-6.6925,8344.02,4717689110.8973
05/26/2023,ProShares UltraPro Short QQQ,SQQQ,572.09,619.495,-7.65220,-47.405,8244.02,4716322477.3292
05/25/2023,ProShares UltraPro Short QQQ,SQQQ,619.495,667.645,-7.21192,-48.15,8666.02,5368557224.5506
05/24/2023,ProShares UltraPro Short QQQ,SQQQ,667.645,657.5425,1.53640,10.1025,7698.02,5139545818.0726
05/23/2023,ProShares UltraPro Short QQQ,SQQQ,657.5425,632.9075,3.89235,24.635,8220.02,5405013737.0299
05/22/2023,ProShares UltraPro Short QQQ,SQQQ,632.9075,638.9975,-0.95306,-6.09,8534.02,5401246453.0161
05/19/2023,ProShares UltraPro Short QQQ,SQQQ,638.9975,634.3,0.74058,4.6975,8538.02,5455774636.2653
05/18/2023,ProShares UltraPro Short QQQ,SQQQ,634.3,669.8925,-5.31317,-35.5925,8704.02,5520961078.484
05/17/2023,ProShares UltraPro Short QQQ,SQQQ,669.8925,695.67,-3.70542,-25.7775,8110.02,5432842832.2479
05/16/2023,ProShares UltraPro Short QQQ,SQQQ,695.67,697.315,-0.23590,-1.645,8210.02,5711465921.2596
05/15/2023,ProShares UltraPro Short QQQ,SQQQ,697.315,708.6525,-1.59987,-11.3375,8140.02,5676159357.2522
05/12/2023,ProShares UltraPro Short QQQ,SQQQ,708.6525,700.8025,1.12014,7.85,8180.02,5796792955.3167
05/11/2023,ProShares UltraPro Short QQQ,SQQQ,700.8025,706.7025,-0.83486,-5.9,8290.02,5809668058.5587
05/10/2023,ProShares UltraPro Short QQQ,SQQQ,706.7025,730.675,-3.28087,-23.9725,7574.02,5352580197.6507
05/09/2023,ProShares UltraPro Short QQQ,SQQQ,730.675,715.78,2.08095,14.895,7962.02,5817650337.169
05/08/2023,ProShares UltraPro Short QQQ,SQQQ,715.78,720.7325,-0.68715,-4.9525,7978.02,5710508501.2664
05/05/2023,ProShares UltraPro Short QQQ,SQQQ,720.7325,769.5,-6.33756,-48.7675,7842.02,5652000034.6271
05/04/2023,ProShares UltraPro Short QQQ,SQQQ,769.5,760.315,1.20805,9.185,7862.02,6049825836.66
05/03/2023,ProShares UltraPro Short QQQ,SQQQ,760.315,745.74,1.95443,14.575,7634.02,5804261345.6922
05/02/2023,ProShares UltraPro Short QQQ,SQQQ,745.74,726.1375,2.69956,19.6025,7822.02,5833194596.7912
05/01/2023,ProShares UltraPro Short QQQ,SQQQ,726.1375,723.4525,0.37114,2.685,8262.02,5999363912.8885
04/28/2023,ProShares UltraPro Short QQQ,SQQQ,723.4525,737.375,-1.88812,-13.9225,7876.02,5697927719.1407
04/27/2023,ProShares UltraPro Short QQQ,SQQQ,737.375,802.85,-8.15532,-65.475,7820.02,5766288633.765
04/26/2023,ProShares UltraPro Short QQQ,SQQQ,802.85,818.2175,-1.87817,-15.3675,6684.02,5366266966.358
04/25/2023,ProShares UltraPro Short QQQ,SQQQ,818.2175,774.025,5.70944,44.1925,6814.02,5575351947.5989
04/24/2023,ProShares UltraPro Short QQQ,SQQQ,774.025,768.125,0.76810,5.9,7056.02,5461537335.667
04/21/2023,ProShares UltraPro Short QQQ,SQQQ,768.125,770.2625,-0.27750,-2.1375,7324.02,5625764306.575
04/20/2023,ProShares UltraPro Short QQQ,SQQQ,770.2625,751.545,2.49054,18.7175,7622.02,5870957628.3435
04/19/2023,ProShares UltraPro Short QQQ,SQQQ,751.545,750.63,0.12190,0.915,7108.02,5341998303.8046
04/18/2023,ProShares UltraPro Short QQQ,SQQQ,750.63,750.9525,-0.04295,-0.3225,7094.02,5324985643.7844
04/17/2023,ProShares UltraPro Short QQQ,SQQQ,750.9525,752.0825,-0.15025,-1.13,6818.02,5120010575.8407
04/14/2023,ProShares UltraPro Short QQQ,SQQQ,752.0825,746.485,0.74985,5.5975,7014.02,5275123110.5651
04/13/2023,ProShares UltraPro Short QQQ,SQQQ,746.485,793.84,-5.96531,-47.355,7414.02,5534456123.0918
04/12/2023,ProShares UltraPro Short QQQ,SQQQ,793.84,772.68,2.73852,21.16,6632.02,5264764249.2192
04/11/2023,ProShares UltraPro Short QQQ,SQQQ,772.68,757.1625,2.04943,15.5175,6776.02,5235696586.2384
04/10/2023,ProShares UltraPro Short QQQ,SQQQ,757.1625,754.69,0.32762,2.4725,6900.02,5224437816.7155
04/06/2023,ProShares UltraPro Short QQQ,SQQQ,754.69,771.4175,-2.16841,-16.7275,6860.02,5177189912.6172
04/05/2023,ProShares UltraPro Short QQQ,SQQQ,771.4175,747.48,3.20243,23.9375,7244.02,5588165248.6149
04/04/2023,ProShares UltraPro Short QQQ,SQQQ,747.48,739.36,1.09825,8.12,6772.02,5061950914.8624
04/03/2023,ProShares UltraPro Short QQQ,SQQQ,739.36,733.5475,0.79238,5.8125,6882.02,5088291697.1968
03/31/2023,ProShares UltraPro Short QQQ,SQQQ,733.5475,771.965,-4.97659,-38.4175,6892.02,5055625420.0193
03/30/2023,ProShares UltraPro Short QQQ,SQQQ,771.965,793,-2.65259,-21.035,6830.02,5272537840.5942
03/29/2023,ProShares UltraPro Short QQQ,SQQQ,793,839.635,-5.55420,-46.635,6188.02,4907101350.84
03/28/2023,ProShares UltraPro Short QQQ,SQQQ,839.635,826.995,1.52843,12.64,6418.02,5388795801.2138
03/27/2023,ProShares UltraPro Short QQQ,SQQQ,826.995,808.795,2.25026,18.2,6580.02,5441645194.6506
03/24/2023,ProShares UltraPro Short QQQ,SQQQ,808.795,815.46,-0.81733,-6.665,6708.02,5425414556.4346
03/23/2023,ProShares UltraPro Short QQQ,SQQQ,815.46,847.0375,-3.72799,-31.5775,6776.02,5525574802.2648
03/22/2023,ProShares UltraPro Short QQQ,SQQQ,847.0375,818.505,3.48593,28.5325,6298.02,5334660708.1805
03/21/2023,ProShares UltraPro Short QQQ,SQQQ,818.505,855.0125,-4.26982,-36.5075,6214.02,5086207978.8894
03/20/2023,ProShares UltraPro Short QQQ,SQQQ,855.0125,863.5375,-0.98722,-8.525,6112.02,5225855107.6735
03/17/2023,ProShares UltraPro Short QQQ,SQQQ,863.5375,850.215,1.56696,13.3225,6156.02,5315955744.2005
03/16/2023,ProShares UltraPro Short QQQ,SQQQ,850.215,923.7875,-7.96422,-73.5725,6238.02,5303659772.7042
03/15/2023,ProShares UltraPro Short QQQ,SQQQ,923.7875,934.875,-1.18599,-11.0875,5806.02,5363530437.4705
03/14/2023,ProShares UltraPro Short QQQ,SQQQ,934.875,1004.945,-6.97252,-70.07,5758.02,5383030705.065
03/13/2023,ProShares UltraPro Short QQQ,SQQQ,1004.945,1028.3225,-2.27336,-23.3775,5814.02,5842772218.1966
03/10/2023,ProShares UltraPro Short QQQ,SQQQ,1028.3225,986.6975,4.21862,41.625,5716.02,5877913909.6963
03/09/2023,ProShares UltraPro Short QQQ,SQQQ,986.6975,935.315,5.49360,51.3825,6166.02,6083998373.9413
03/08/2023,ProShares UltraPro Short QQQ,SQQQ,935.315,949.72,-1.51676,-14.405,5798.02,5422976834.6922
03/07/2023,ProShares UltraPro Short QQQ,SQQQ,949.72,915.8725,3.69566,33.8475,5896.02,5599569899.8736
03/06/2023,ProShares UltraPro Short QQQ,SQQQ,915.8725,918.1325,-0.24615,-2.26,6064.02,5553870879.2903
03/03/2023,ProShares UltraPro Short QQQ,SQQQ,918.1325,977.3275,-6.05682,-59.195,5922.02,5437200753.7391
03/02/2023,ProShares UltraPro Short QQQ,SQQQ,977.3275,1003.3525,-2.59380,-26.025,6124.02,5985174993.9257
03/01/2023,ProShares UltraPro Short QQQ,SQQQ,1003.3525,977.8825,2.60461,25.47,5610.02,5628829478.3527
02/28/2023,ProShares UltraPro Short QQQ,SQQQ,977.8825,973.635,0.43625,4.2475,5754.02,5626757301.0691
02/27/2023,ProShares UltraPro Short QQQ,SQQQ,973.635,995.235,-2.17034,-21.6,5772.02,5619842523.1338
02/24/2023,ProShares UltraPro Short QQQ,SQQQ,995.235,945.765,5.23069,49.47,5726.02,5698737385.7418
02/23/2023,ProShares UltraPro Short QQQ,SQQQ,945.765,972.3475,-2.73385,-26.5825,6160.02,5825933093.3382
02/22/2023,ProShares UltraPro Short QQQ,SQQQ,972.3475,973.3425,-0.10223,-0.995,5698.02,5540457329.9633
02/21/2023,ProShares UltraPro Short QQQ,SQQQ,973.3425,907.3825,7.26926,65.96,5708.02,5555860286.7339
02/17/2023,ProShares UltraPro Short QQQ,SQQQ,907.3825,888.65,2.10797,18.7325,5900.02,5353576603.5291
02/16/2023,ProShares UltraPro Short QQQ,SQQQ,888.65,838.69,5.95691,49.96,6350.02,5642946943.662
02/15/2023,ProShares UltraPro Short QQQ,SQQQ,838.69,859.025,-2.36722,-20.335,5692.02,4773841830.5372
02/14/2023,ProShares UltraPro Short QQQ,SQQQ,859.025,877.5525,-2.11127,-18.5275,5604.02,4813994895.467
02/13/2023,ProShares UltraPro Short QQQ,SQQQ,877.5525,921.515,-4.77068,-43.9625,5696.02,4998558240.8487
02/10/2023,ProShares UltraPro Short QQQ,SQQQ,921.515,904.705,1.85806,16.81,5734.02,5283987172.7482
02/09/2023,ProShares UltraPro Short QQQ,SQQQ,904.705,879.765,2.83485,24.94,6016.02,5442725074.9454
02/08/2023,ProShares UltraPro Short QQQ,SQQQ,879.765,833.7425,5.51999,46.0225,5628.02,4951336669.2582
02/07/2023,ProShares UltraPro Short QQQ,SQQQ,833.7425,889.7875,-6.29869,-56.045,5716.02,4765690372.2859
02/06/2023,ProShares UltraPro Short QQQ,SQQQ,889.7875,867.25,2.59873,22.5375,5916.02,5264002318.5505
02/03/2023,ProShares UltraPro Short QQQ,SQQQ,867.25,822.54,5.43560,44.71,6034.02,5233005475.43
02/02/2023,ProShares UltraPro Short QQQ,SQQQ,822.54,919.6875,-10.56310,-97.1475,6032.02,4961579277.1752
02/01/2023,ProShares UltraPro Short QQQ,SQQQ,919.6875,982.935,-6.43456,-63.2475,4998.02,4596618247.7625
01/31/2023,ProShares UltraPro Short QQQ,SQQQ,982.935,1031.7025,-4.72690,-48.7675,4954.02,4869481496.6178
01/30/2023,ProShares UltraPro Short QQQ,SQQQ,1031.7025,970.6925,6.28520,61.01,4950.02,5106949948.6507
01/27/2023,ProShares UltraPro Short QQQ,SQQQ,970.6925,998.6675,-2.80123,-27.975,4906.02,4762238643.7519
01/26/2023,ProShares UltraPro Short QQQ,SQQQ,998.6675,1061.1875,-5.89151,-62.52,4794.02,4787633845.8449
01/25/2023,ProShares UltraPro Short QQQ,SQQQ,1061.1875,1052.175,0.85656,9.0125,4318.02,4582230843.7825
01/24/2023,ProShares UltraPro Short QQQ,SQQQ,1052.175,1044.8775,0.69841,7.2975,4460.02,4692723521.589
01/23/2023,ProShares UltraPro Short QQQ,SQQQ,1044.8775,1117.5775,-6.50514,-72.7,4350.02,4545239986.9197
01/20/2023,ProShares UltraPro Short QQQ,SQQQ,1117.5775,1221.695,-8.52238,-104.1175,4034.02,4508332087.5957
01/19/2023,ProShares UltraPro Short QQQ,SQQQ,1221.695,1184.525,3.13797,37.17,3956.02,4833052150.6866
01/18/2023,ProShares UltraPro Short QQQ,SQQQ,1184.525,1140.4925,3.86083,44.0325,3876.02,4591244817.407
01/17/2023,ProShares UltraPro Short QQQ,SQQQ,1140.4925,1144.6525,-0.36343,-4.16,3988.02,4548309043.9759
01/13/2023,ProShares UltraPro Short QQQ,SQQQ,1144.6525,1168.9475,-2.07837,-24.295,3862.02,4420672999.9967
01/12/2023,ProShares UltraPro Short QQQ,SQQQ,1168.9475,1184.7925,-1.33736,-15.845,3778.02,4416309231.5713
01/11/2023,ProShares UltraPro Short QQQ,SQQQ,1184.7925,1250.045,-5.22001,-65.2525,3336.02,3952493703.2599
01/10/2023,ProShares UltraPro Short QQQ,SQQQ,1250.045,1283.19,-2.58302,-33.145,3330.02,4162677200.9846
01/09/2023,ProShares UltraPro Short QQQ,SQQQ,1283.19,1307.025,-1.82361,-23.835,3322.02,4262785256.1972
01/06/2023,ProShares UltraPro Short QQQ,SQQQ,1307.025,1425.2475,-8.29488,-118.2225,3292.02,4302754897.707
01/05/2023,ProShares UltraPro Short QQQ,SQQQ,1425.2475,1358.8425,4.88688,66.405,3264.02,4652039024.4153
01/04/2023,ProShares UltraPro Short QQQ,SQQQ,1358.8425,1378.7125,-1.44120,-19.87,3182.02,4323866566.4739
01/03/2023,ProShares UltraPro Short QQQ,SQQQ,1378.7125,1350.1125,2.11834,28.6,3206.02,4420182441.2295
12/30/2022,ProShares UltraPro Short QQQ,SQQQ,1350.1125,1345.245,0.36183,4.8675,3190.02,4306888415.4615
12/29/2022,ProShares UltraPro Short QQQ,SQQQ,1345.245,1453.825,-7.46857,-108.58,3188.02,4288670493.9606
12/28/2022,ProShares UltraPro Short QQQ,SQQQ,1453.825,1397.8175,4.00678,56.0075,3060.02,4448736309.691
12/27/2022,ProShares UltraPro Short QQQ,SQQQ,1397.8175,1337.79,4.48706,60.0275,3080.02,4305308484.2469
12/23/2022,ProShares UltraPro Short QQQ,SQQQ,1337.79,1347.6975,-0.73514,-9.9075,3026.02,4048181810.8452
12/22/2022,ProShares UltraPro Short QQQ,SQQQ,1347.6975,1255.8975,7.30951,91.8,3082.02,4153633182.6213
12/21/2022,ProShares UltraPro Short QQQ,SQQQ,1255.8975,1313.3875,-4.37723,-57.49,3124.02,3923451269.0373
12/20/2022,ProShares UltraPro Short QQQ,SQQQ,1313.3875,1308.4125,0.38023,4.975,3192.02,4192361636.9185
12/19/2022,ProShares UltraPro Short QQQ,SQQQ,1308.4125,1255.2475,4.23542,53.165,3246.02,4247135603.0655
12/16/2022,ProShares UltraPro Short QQQ,SQQQ,1255.2475,1221.7575,2.74113,33.49,3384.02,4247785004.8153
12/15/2022,ProShares UltraPro Short QQQ,SQQQ,1221.7575,1108.455,10.22166,113.3025,3592.02,4388579672.0541
12/14/2022,ProShares UltraPro Short QQQ,SQQQ,1108.455,1082.7775,2.37145,25.6775,3600.02,3990462252.9954
12/13/2022,ProShares UltraPro Short QQQ,SQQQ,1082.7775,1119.01,-3.23791,-36.2325,3514.02,3804903826.1717
12/12/2022,ProShares UltraPro Short QQQ,SQQQ,1119.01,1161.76,-3.67976,-42.75,3384.02,3786754323.9388
12/09/2022,ProShares UltraPro Short QQQ,SQQQ,1161.76,1139.3875,1.96355,22.3725,3394.02,3943038859.3088
12/08/2022,ProShares UltraPro Short QQQ,SQQQ,1139.3875,1181.32,-3.54963,-41.9325,3312.02,3773676329.7985
12/07/2022,ProShares UltraPro Short QQQ,SQQQ,1181.32,1164.9775,1.40282,16.3425,3342.02,3947997287.2816
12/06/2022,ProShares UltraPro Short QQQ,SQQQ,1164.9775,1098.195,6.08111,66.7825,3328.02,3877070609.7077
12/05/2022,ProShares UltraPro Short QQQ,SQQQ,1098.195,1043.69,5.22234,54.505,3446.02,3784403998.5066
12/02/2022,ProShares UltraPro Short QQQ,SQQQ,1043.69,1030.9275,1.23796,12.7625,3590.02,3746869935.9372
12/01/2022,ProShares UltraPro Short QQQ,SQQQ,1030.9275,1033.34,-0.23347,-2.4125,3506.02,3614454371.6937
11/30/2022,ProShares UltraPro Short QQQ,SQQQ,1033.34,1197.7075,-13.72351,-164.3675,3418.02,3531978729.4792
11/29/2022,ProShares UltraPro Short QQQ,SQQQ,1197.7075,1171.7375,2.21637,25.97,3416.02,4091395025.8401
11/28/2022,ProShares UltraPro Short QQQ,SQQQ,1171.7375,1123.09,4.33158,48.6475,3328.02,3899568037.6165
11/25/2022,ProShares UltraPro Short QQQ,SQQQ,1123.09,1099.45,2.15017,23.64,3234.02,3632097633.2092
11/23/2022,ProShares UltraPro Short QQQ,SQQQ,1099.45,1131.23,-2.80933,-31.78,3316.02,3645800255.966
11/22/2022,ProShares UltraPro Short QQQ,SQQQ,1131.23,1182.9875,-4.37515,-51.7575,3256.02,3683309631.3124
11/21/2022,ProShares UltraPro Short QQQ,SQQQ,1182.9875,1146.275,3.20277,36.7125,3316.02,3922812433.7665
11/18/2022,ProShares UltraPro Short QQQ,SQQQ,1146.275,1145.75,0.04582,0.525,3432.02,3934040880.497
11/17/2022,ProShares UltraPro Short QQQ,SQQQ,1145.75,1138.03,0.67837,7.72,3456.02,3959737069.01
11/16/2022,ProShares UltraPro Short QQQ,SQQQ,1138.03,1091.4,4.27249,46.63,3390.02,3857946600.0964
11/15/2022,ProShares UltraPro Short QQQ,SQQQ,1091.4,1140.74,-4.32526,-49.34,3362.02,3669310679.832
11/14/2022,ProShares UltraPro Short QQQ,SQQQ,1140.74,1108.1225,2.94349,32.6175,3318.02,3785000279.3912
11/11/2022,ProShares UltraPro Short QQQ,SQQQ,1108.1225,1172.1625,-5.46341,-64.04,3326.02,3685639680.7203
11/10/2022,ProShares UltraPro Short QQQ,SQQQ,1172.1625,1510.5125,-22.39968,-338.35,3282.02,3847062971.9155
11/09/2022,ProShares UltraPro Short QQQ,SQQQ,1510.5125,1409.005,7.20420,101.5075,2688.02,4060290650.0135
11/08/2022,ProShares UltraPro Short QQQ,SQQQ,1409.005,1441.04,-2.22305,-32.035,2556.02,3601447609.0294
11/07/2022,ProShares UltraPro Short QQQ,SQQQ,1441.04,1490.105,-3.29272,-49.065,2504.02,3608395689.9552
11/04/2022,ProShares UltraPro Short QQQ,SQQQ,1490.105,1563.9825,-4.72368,-73.8775,2630.02,3919008753.4974
11/03/2022,ProShares UltraPro Short QQQ,SQQQ,1563.9825,1475.16,6.02121,88.8225,3002.02,4695109684.9371
11/02/2022,ProShares UltraPro Short QQQ,SQQQ,1475.16,1338.565,10.20458,136.595,2966.02,4375356836.5008
11/01/2022,ProShares UltraPro Short QQQ,SQQQ,1338.565,1298.35,3.09739,40.215,3086.02,4130840877.8022
10/31/2022,ProShares UltraPro Short QQQ,SQQQ,1298.35,1252.3375,3.67413,46.0125,3162.02,4105411107.898
10/28/2022,ProShares UltraPro Short QQQ,SQQQ,1252.3375,1383.6625,-9.49112,-131.325,3200.02,4007507401.1445
10/27/2022,ProShares UltraPro Short QQQ,SQQQ,1383.6625,1308.905,5.71145,74.7575,3228.02,4466492824.5355
10/26/2022,ProShares UltraPro Short QQQ,SQQQ,1308.905,1225.42,6.81277,83.485,3316.02,4340357618.8414
10/25/2022,ProShares UltraPro Short QQQ,SQQQ,1225.42,1307.2,-6.25612,-81.78,3322.02,4070872052.1896
10/24/2022,ProShares UltraPro Short QQQ,SQQQ,1307.2,1349.795,-3.15566,-42.595,3390.02,4431436601.536
10/21/2022,ProShares UltraPro Short QQQ,SQQQ,1349.795,1453.26,-7.11951,-103.465,3478.02,4694616543.5146
10/20/2022,ProShares UltraPro Short QQQ,SQQQ,1453.26,1429.98,1.62799,23.28,3310.02,4810322397.3288
10/19/2022,ProShares UltraPro Short QQQ,SQQQ,1429.98,1412.7175,1.22194,17.2625,3252.02,4650326247.9624
10/18/2022,ProShares UltraPro Short QQQ,SQQQ,1412.7175,1445.9025,-2.29511,-33.185,3322.02,4693078445.2589
10/17/2022,ProShares UltraPro Short QQQ,SQQQ,1445.9025,1613.2525,-10.37345,-167.35,3140.02,4540165486.3467
10/14/2022,ProShares UltraPro Short QQQ,SQQQ,1613.2525,1475.695,9.32154,137.5575,3130.02,5049515622.9647
10/13/2022,ProShares UltraPro Short QQQ,SQQQ,1475.695,1583.4475,-6.80493,-107.7525,3196.02,4716353508.2066
10/12/2022,ProShares UltraPro Short QQQ,SQQQ,1583.4475,1580.5425,0.18380,2.905,3158.02,5000561850.8313
10/11/2022,ProShares UltraPro Short QQQ,SQQQ,1580.5425,1523.3675,3.75320,57.175,3116.02,4925005012.2699
10/10/2022,ProShares UltraPro Short QQQ,SQQQ,1523.3675,1478.26,3.05139,45.1075,3192.02,4862622391.2809
10/07/2022,ProShares UltraPro Short QQQ,SQQQ,1478.26,1323.605,11.68438,154.655,3258.02,4816203424.3288
10/06/2022,ProShares UltraPro Short QQQ,SQQQ,1323.605,1292.955,2.37054,30.65,3446.02,4561171790.4774
10/05/2022,ProShares UltraPro Short QQQ,SQQQ,1292.955,1289.38,0.27727,3.575,3530.02,4564159439.8554
10/04/2022,ProShares UltraPro Short QQQ,SQQQ,1289.38,1424.3175,-9.47384,-134.9375,3492.02,4502543171.6344
10/03/2022,ProShares UltraPro Short QQQ,SQQQ,1424.3175,1532.06,-7.03252,-107.7425,3326.02,4737311169.0669
09/30/2022,ProShares UltraPro Short QQQ,SQQQ,1532.06,1455.81,5.23763,76.25,3324.02,5092600961.4728
09/29/2022,ProShares UltraPro Short QQQ,SQQQ,1455.81,1339.925,8.64862,115.885,3348.02,4874083733.1228
09/28/2022,ProShares UltraPro Short QQQ,SQQQ,1339.925,1423.5,-5.87109,-83.575,3398.02,4553094467.559
09/27/2022,ProShares UltraPro Short QQQ,SQQQ,1423.5,1429.79,-0.43992,-6.29,3412.02,4857013146.18
09/26/2022,ProShares UltraPro Short QQQ,SQQQ,1429.79,1408.0575,1.54344,21.7325,3460.02,4947104683.8052
09/23/2022,ProShares UltraPro Short QQQ,SQQQ,1408.0575,1340.92,5.00682,67.1375,3842.02,5409787723.2981
09/22/2022,ProShares UltraPro Short QQQ,SQQQ,1340.92,1294.53,3.58354,46.39,4202.02,5634575179.3296
09/21/2022,ProShares UltraPro Short QQQ,SQQQ,1294.53,1228.35,5.38772,66.18,4328.02,5602754164.3164
09/20/2022,ProShares UltraPro Short QQQ,SQQQ,1228.35,1197.465,2.57920,30.885,4268.02,5242624676.298
09/19/2022,ProShares UltraPro Short QQQ,SQQQ,1197.465,1225.6825,-2.30219,-28.2175,4536.02,5431727440.5342
09/16/2022,ProShares UltraPro Short QQQ,SQQQ,1225.6825,1205.1475,1.70394,20.535,4604.02,5643069047.9331
09/15/2022,ProShares UltraPro Short QQQ,SQQQ,1205.1475,1145.705,5.18829,59.4425,4874.02,5873915283.6273
09/14/2022,ProShares UltraPro Short QQQ,SQQQ,1145.705,1175.4975,-2.53446,-29.7925,4996.02,5723967248.0254
09/13/2022,ProShares UltraPro Short QQQ,SQQQ,1175.4975,1007.9125,16.62694,167.585,4960.02,5830493319.8853
09/12/2022,ProShares UltraPro Short QQQ,SQQQ,1007.9125,1045.465,-3.59194,-37.5525,4720.02,4757369053.1255
09/09/2022,ProShares UltraPro Short QQQ,SQQQ,1045.465,1117.7725,-6.46889,-72.3075,4746.02,4961799764.7742
09/08/2022,ProShares UltraPro Short QQQ,SQQQ,1117.7725,1134.32,-1.45880,-16.5475,4498.02,5027765161.8623
09/07/2022,ProShares UltraPro Short QQQ,SQQQ,1134.32,1208.9675,-6.17448,-74.6475,4470.02,5070435218.9216
09/06/2022,ProShares UltraPro Short QQQ,SQQQ,1208.9675,1183.2425,2.17411,25.725,4460.02,5392021502.2089
09/02/2022,ProShares UltraPro Short QQQ,SQQQ,1183.2425,1133.87,4.35434,49.3725,4526.02,5355381444.3459
09/01/2022,ProShares UltraPro Short QQQ,SQQQ,1133.87,1134.0825,-0.01874,-0.2125,4512.02,5116046249.0756
08/31/2022,ProShares UltraPro Short QQQ,SQQQ,1134.0825,1114.945,1.71645,19.1375,4692.02,5321139903.7251
08/30/2022,ProShares UltraPro Short QQQ,SQQQ,1114.945,1078.1225,3.41543,36.8225,4832.02,5387438634.9966
08/29/2022,ProShares UltraPro Short QQQ,SQQQ,1078.1225,1047.95,2.87919,30.1725,4918.02,5302230044.3203
08/26/2022,ProShares UltraPro Short QQQ,SQQQ,1047.95,932.9925,12.32137,114.9575,4894.02,5128690229.146
08/25/2022,ProShares UltraPro Short QQQ,SQQQ,932.9925,984.0875,-5.19212,-51.095,4878.02,4551157828.8759
08/24/2022,ProShares UltraPro Short QQQ,SQQQ,984.0875,992.2575,-0.82337,-8.17,4964.02,4885031881.8345
08/23/2022,ProShares UltraPro Short QQQ,SQQQ,992.2575,989.98,0.23006,2.2775,4998.02,4959324695.5941
08/22/2022,ProShares UltraPro Short QQQ,SQQQ,989.98,916.6725,7.99713,73.3075,5162.02,5110298420.7624
08/19/2022,ProShares UltraPro Short QQQ,SQQQ,916.6725,865.79,5.87700,50.8825,5344.02,4898717896.7943
08/18/2022,ProShares UltraPro Short QQQ,SQQQ,865.79,872.2275,-0.73805,-6.4375,5404.02,4678748103.4852
08/17/2022,ProShares UltraPro Short QQQ,SQQQ,872.2275,842.335,3.54877,29.8925,5304.02,4626313744.3377
08/16/2022,ProShares UltraPro Short QQQ,SQQQ,842.335,836.345,0.71621,5.99,5316.02,4477871290.2898
08/15/2022,ProShares UltraPro Short QQQ,SQQQ,836.345,855.3625,-2.22333,-19.0175,5358.02,4481154809.2286
08/12/2022,ProShares UltraPro Short QQQ,SQQQ,855.3625,911.52,-6.16086,-56.1575,5310.02,4541993590.3315
08/11/2022,ProShares UltraPro Short QQQ,SQQQ,911.52,894.0175,1.95774,17.5025,5142.02,4687055784.0576
08/10/2022,ProShares UltraPro Short QQQ,SQQQ,894.0175,977.1675,-8.50929,-83.15,4992.02,4462954921.1029
08/09/2022,ProShares UltraPro Short QQQ,SQQQ,977.1675,944.5625,3.45186,32.605,4818.02,4708014395.4249
08/08/2022,ProShares UltraPro Short QQQ,SQQQ,944.5625,934.1075,1.11925,10.455,5058.02,4777617792.0275
08/05/2022,ProShares UltraPro Short QQQ,SQQQ,934.1075,913.1075,2.29984,21,5004.02,4674294368.2721
08/04/2022,ProShares UltraPro Short QQQ,SQQQ,913.1075,924.9975,-1.28541,-11.89,4902.02,4476072943.7921
08/03/2022,ProShares UltraPro Short QQQ,SQQQ,924.9975,1007.05,-8.14781,-82.0525,4760.02,4403008338.9453
08/02/2022,ProShares UltraPro Short QQQ,SQQQ,1007.05,997.7975,0.92729,9.2525,4704.02,4737185234.254
08/01/2022,ProShares UltraPro Short QQQ,SQQQ,997.7975,995.9525,0.18525,1.845,4626.02,4615833066.8093
07/29/2022,ProShares UltraPro Short QQQ,SQQQ,995.9525,1053.05,-5.42211,-57.0975,4412.02,4394164221.4407
07/28/2022,ProShares UltraPro Short QQQ,SQQQ,1053.05,1082.6525,-2.73426,-29.6025,4244.02,4469167240.734
07/27/2022,ProShares UltraPro Short QQQ,SQQQ,1082.6525,1240.78,-12.74420,-158.1275,4238.02,4588304983.4367
07/26/2022,ProShares UltraPro Short QQQ,SQQQ,1240.78,1171.8025,5.88644,68.9775,3972.02,4928405308.2664
07/25/2022,ProShares UltraPro Short QQQ,SQQQ,1171.8025,1152.7425,1.65345,19.06,4078.02,4778636234.0387
07/22/2022,ProShares UltraPro Short QQQ,SQQQ,1152.7425,1094.48,5.32330,58.2625,4148.02,4781601112.0059
07/21/2022,ProShares UltraPro Short QQQ,SQQQ,1094.48,1143.4675,-4.28412,-48.9875,4018.02,4397644587.2224
07/20/2022,ProShares UltraPro Short QQQ,SQQQ,1143.4675,1199.1425,-4.64290,-55.675,3852.02,4404661829.0689
07/19/2022,ProShares UltraPro Short QQQ,SQQQ,1199.1425,1323.22,-9.37694,-124.0775,3658.02,4386489502.2379
07/18/2022,ProShares UltraPro Short QQQ,SQQQ,1323.22,1288.9125,2.66174,34.3075,3256.02,4308433272.0536
07/15/2022,ProShares UltraPro Short QQQ,SQQQ,1288.9125,1363.3925,-5.46284,-74.48,3258.02,4199305126.4055
07/14/2022,ProShares UltraPro Short QQQ,SQQQ,1363.3925,1376.7825,-0.97256,-13.39,3220.02,4390153681.0279
07/13/2022,ProShares UltraPro Short QQQ,SQQQ,1376.7825,1371.0175,0.42049,5.765,3304.02,4548919504.0011
07/12/2022,ProShares UltraPro Short QQQ,SQQQ,1371.0175,1332.0725,2.92364,38.945,3456.02,4738266477.8629
07/11/2022,ProShares UltraPro Short QQQ,SQQQ,1332.0725,1249.925,6.57219,82.1475,3364.02,4481121035.7463
07/08/2022,ProShares UltraPro Short QQQ,SQQQ,1249.925,1254.9725,-0.40220,-5.0475,3334.02,4167277298.359
07/07/2022,ProShares UltraPro Short QQQ,SQQQ,1254.9725,1341.5075,-6.45058,-86.535,3150.02,3953190833.7983
07/06/2022,ProShares UltraPro Short QQQ,SQQQ,1341.5075,1366.56,-1.83325,-25.0525,2952.02,3960159492.1841
07/05/2022,ProShares UltraPro Short QQQ,SQQQ,1366.56,1439.9725,-5.09819,-73.4125,2932.02,4006783820.3328
07/01/2022,ProShares UltraPro Short QQQ,SQQQ,1439.9725,1471.1225,-2.11743,-31.15,2806.02,4040594341.5983
06/30/2022,ProShares UltraPro Short QQQ,SQQQ,1471.1225,1414.015,4.03868,57.1075,2750.02,4045619063.1603
06/29/2022,ProShares UltraPro Short QQQ,SQQQ,1414.015,1421.495,-0.52621,-7.48,3038.02,4295808508.6482
06/28/2022,ProShares UltraPro Short QQQ,SQQQ,1421.495,1301.0425,9.25815,120.4525,2930.02,4165011452.3106
06/27/2022,ProShares UltraPro Short QQQ,SQQQ,1301.0425,1270.2325,2.42554,30.81,2814.02,3661162061.8099
06/24/2022,ProShares UltraPro Short QQQ,SQQQ,1270.2325,1418.5175,-10.45352,-148.285,2688.02,3414412752.6871
06/23/2022,ProShares UltraPro Short QQQ,SQQQ,1418.5175,1483.515,-4.38132,-64.9975,2508.02,3557672927.1629
06/22/2022,ProShares UltraPro Short QQQ,SQQQ,1483.515,1475.96,0.51187,7.555,2480.02,3679149659.3082
06/21/2022,ProShares UltraPro Short QQQ,SQQQ,1475.96,1595.895,-7.51522,-119.935,2316.02,3418355654.0048
06/17/2022,ProShares UltraPro Short QQQ,SQQQ,1595.895,1657.555,-3.71994,-61.66,2218.02,3539730028.1826
06/16/2022,ProShares UltraPro Short QQQ,SQQQ,1657.555,1478.4375,12.11532,179.1175,2362.02,3915181177.3034
06/15/2022,ProShares UltraPro Short QQQ,SQQQ,1478.4375,1597.83,-7.47217,-119.3925,2276.02,3364956098.2125
06/14/2022,ProShares UltraPro Short QQQ,SQQQ,1597.83,1608.615,-0.67045,-10.785,2316.02,3700609240.5204
06/13/2022,ProShares UltraPro Short QQQ,SQQQ,1608.615,1413.7675,13.78215,194.8475,2464.02,3963662556.4962
06/10/2022,ProShares UltraPro Short QQQ,SQQQ,1413.7675,1277.3225,10.68211,136.445,2562.02,3622103268.2329
06/09/2022,ProShares UltraPro Short QQQ,SQQQ,1277.3225,1180.2325,8.22635,97.09,2910.02,3717036422.8163
06/08/2022,ProShares UltraPro Short QQQ,SQQQ,1180.2325,1153.8925,2.28271,26.34,2874.02,3392014028.4871
06/07/2022,ProShares UltraPro Short QQQ,SQQQ,1153.8925,1185.4625,-2.66310,-31.57,2872.02,3314004507.1679
06/06/2022,ProShares UltraPro Short QQQ,SQQQ,1185.4625,1200.3525,-1.24047,-14.89,2716.02,3219742087.9195
06/03/2022,ProShares UltraPro Short QQQ,SQQQ,1200.3525,1111.09,8.03378,89.2625,2764.02,3317800573.7127
06/02/2022,ProShares UltraPro Short QQQ,SQQQ,1111.09,1211.085,-8.25665,-99.995,2842.02,3157742090.6492
06/01/2022,ProShares UltraPro Short QQQ,SQQQ,1211.085,1184.9225,2.20795,26.1625,2588.02,3134314478.5398
05/31/2022,ProShares UltraPro Short QQQ,SQQQ,1184.9225,1174.115,0.92048,10.8075,2384.02,2824881166.1043
05/27/2022,ProShares UltraPro Short QQQ,SQQQ,1174.115,1303.035,-9.89382,-128.92,2082.02,2444533119.6362
05/26/2022,ProShares UltraPro Short QQQ,SQQQ,1303.035,1421.5575,-8.33751,-118.5225,2064.02,2689492750.4058
05/25/2022,ProShares UltraPro Short QQQ,SQQQ,1421.5575,1487.57,-4.43761,-66.0125,1948.02,2769225113.6781
05/24/2022,ProShares UltraPro Short QQQ,SQQQ,1487.57,1395.48,6.59916,92.09,1934.02,2876992928.0316
05/23/2022,ProShares UltraPro Short QQQ,SQQQ,1395.48,1469.4475,-5.03369,-73.9675,1944.02,2712843653.1024
05/20/2022,ProShares UltraPro Short QQQ,SQQQ,1469.4475,1454.5825,1.02194,14.865,1950.02,2865454776.5113
05/19/2022,ProShares UltraPro Short QQQ,SQQQ,1454.5825,1435.5125,1.32845,19.07,2004.02,2915015156.2651
05/18/2022,ProShares UltraPro Short QQQ,SQQQ,1435.5125,1247.0225,15.11520,188.49,2064.02,2962929209.0135
05/17/2022,ProShares UltraPro Short QQQ,SQQQ,1247.0225,1353.1675,-7.84419,-106.145,2020.02,2519012734.8523
05/16/2022,ProShares UltraPro Short QQQ,SQQQ,1353.1675,1307.9725,3.45535,45.195,2036.02,2755078637.3049
05/13/2022,ProShares UltraPro Short QQQ,SQQQ,1307.9725,1471.31,-11.10150,-163.3375,2056.02,2689220078.4383
05/12/2022,ProShares UltraPro Short QQQ,SQQQ,1471.31,1463.5,0.53365,7.81,1952.02,2872029312.2628
05/11/2022,ProShares UltraPro Short QQQ,SQQQ,1463.5,1340.31,9.19116,123.19,2062.02,3017769021.38
05/10/2022,ProShares UltraPro Short QQQ,SQQQ,1340.31,1394.5525,-3.88960,-54.2425,2018.02,2704774905.9828
05/09/2022,ProShares UltraPro Short QQQ,SQQQ,1394.5525,1245.7925,11.94099,148.76,2058.02,2870019557.8087
05/06/2022,ProShares UltraPro Short QQQ,SQQQ,1245.7925,1202.6375,3.58836,43.155,2204.02,2745753927.9399
05/05/2022,ProShares UltraPro Short QQQ,SQQQ,1202.6375,1044.34,15.15766,158.2975,2168.02,2607344413.7085
05/04/2022,ProShares UltraPro Short QQQ,SQQQ,1044.34,1163.18,-10.21682,-118.84,2192.02,2289216130.1592
05/03/2022,ProShares UltraPro Short QQQ,SQQQ,1163.18,1167.1,-0.33588,-3.92,2192.02,2549716010.3784
05/02/2022,ProShares UltraPro Short QQQ,SQQQ,1167.1,1230.7025,-5.16798,-63.6025,2390.02,2789394536.148
04/29/2022,ProShares UltraPro Short QQQ,SQQQ,1230.7025,1085.235,13.40424,145.4675,2532.02,3116165657.7707
04/28/2022,ProShares UltraPro Short QQQ,SQQQ,1085.235,1211.6025,-10.42978,-126.3675,2508.02,2721793124.9418
04/27/2022,ProShares UltraPro Short QQQ,SQQQ,1211.6025,1209.8875,0.14175,1.715,2456.02,2975722249.8627
04/26/2022,ProShares UltraPro Short QQQ,SQQQ,1209.8875,1084.14,11.59882,125.7475,2484.02,3005387022.3385
04/25/2022,ProShares UltraPro Short QQQ,SQQQ,1084.14,1128.9075,-3.96556,-44.7675,2598.02,2816619440.9832
04/22/2022,ProShares UltraPro Short QQQ,SQQQ,1128.9075,1045.6825,7.95892,83.225,2740.02,3093231250.4961
04/21/2022,ProShares UltraPro Short QQQ,SQQQ,1045.6825,986.7825,5.96889,58.9,2902.02,3034593494.5331
04/20/2022,ProShares UltraPro Short QQQ,SQQQ,986.7825,944.545,4.47173,42.2375,2884.02,2845902320.8011
04/19/2022,ProShares UltraPro Short QQQ,SQQQ,944.545,1009.8825,-6.46981,-65.3375,2852.02,2693863006.6446
04/18/2022,ProShares UltraPro Short QQQ,SQQQ,1009.8825,1013.765,-0.38298,-3.8825,2888.02,2916562756.2291
04/14/2022,ProShares UltraPro Short QQQ,SQQQ,1013.765,948.8525,6.84116,64.9125,2934.02,2974408691.1782
04/13/2022,ProShares UltraPro Short QQQ,SQQQ,948.8525,1008.8925,-5.95108,-60.04,2980.02,2827601210.8927
04/12/2022,ProShares UltraPro Short QQQ,SQQQ,1008.8925,998.1225,1.07903,10.77,3064.02,3091268694.5679
04/11/2022,ProShares UltraPro Short QQQ,SQQQ,998.1225,932.4275,7.04559,65.695,3112.02,3106179058.9203
04/08/2022,ProShares UltraPro Short QQQ,SQQQ,932.4275,894.66,4.22144,37.7675,3190.02,2974464126.5137
04/07/2022,ProShares UltraPro Short QQQ,SQQQ,894.66,900.6725,-0.66756,-6.0125,3270.02,2925557775.1608
04/06/2022,ProShares UltraPro Short QQQ,SQQQ,900.6725,845.595,6.51346,55.0775,3322.02,2992053751.7143
04/05/2022,ProShares UltraPro Short QQQ,SQQQ,845.595,792.8875,6.64754,52.7075,3428.02,2898718161.6186
04/04/2022,ProShares UltraPro Short QQQ,SQQQ,792.8875,843.7675,-6.03010,-50.88,3404.02,2699006398.3785
04/01/2022,ProShares UltraPro Short QQQ,SQQQ,843.7675,847.36,-0.42396,-3.5925,3412.02,2878953171.6329
03/31/2022,ProShares UltraPro Short QQQ,SQQQ,847.36,809.825,4.63495,37.535,3496.02,2962389100.2368
03/30/2022,ProShares UltraPro Short QQQ,SQQQ,809.825,783.9725,3.29763,25.8525,3502.02,2836024868.971
03/29/2022,ProShares UltraPro Short QQQ,SQQQ,783.9725,825.5825,-5.04008,-41.61,3448.02,2703154333.3183
03/28/2022,ProShares UltraPro Short QQQ,SQQQ,825.5825,866.65,-4.73865,-41.0675,3132.02,2585742453.7451
03/25/2022,ProShares UltraPro Short QQQ,SQQQ,866.65,864.7175,0.22348,1.9325,3090.02,2677967462.302
03/24/2022,ProShares UltraPro Short QQQ,SQQQ,864.7175,925.7775,-6.59554,-61.06,3060.02,2646054470.0189
03/23/2022,ProShares UltraPro Short QQQ,SQQQ,925.7775,888.115,4.24072,37.6625,3050.02,2823641631.0117
03/22/2022,ProShares UltraPro Short QQQ,SQQQ,888.115,942.8875,-5.80902,-54.7725,2974.02,2641273441.9562
03/21/2022,ProShares UltraPro Short QQQ,SQQQ,942.8875,934.7825,0.86705,8.105,2900.02,2734394380.3785
03/18/2022,ProShares UltraPro Short QQQ,SQQQ,934.7825,998.735,-6.40335,-63.9525,2688.02,2512715813.0411
03/17/2022,ProShares UltraPro Short QQQ,SQQQ,998.735,1034.6075,-3.46726,-35.8725,2446.02,2442927662.3218
03/16/2022,ProShares UltraPro Short QQQ,SQQQ,1034.6075,1163.9075,-11.10913,-129.3,2272.02,2350650877.2121
03/15/2022,ProShares UltraPro Short QQQ,SQQQ,1163.9075,1285.965,-9.49151,-122.0575,2090.02,2432592141.2961
03/14/2022,ProShares UltraPro Short QQQ,SQQQ,1285.965,1216.6125,5.70046,69.3525,2188.02,2813719556.9142
03/11/2022,ProShares UltraPro Short QQQ,SQQQ,1216.6125,1143.605,6.38398,73.0075,2258.02,2747137644.4815
03/10/2022,ProShares UltraPro Short QQQ,SQQQ,1143.605,1107.2675,3.28173,36.3375,2310.02,2641752572.0774
03/09/2022,ProShares UltraPro Short QQQ,SQQQ,1107.2675,1240.43,-10.73519,-133.1625,2360.02,2613175527.0129
03/08/2022,ProShares UltraPro Short QQQ,SQQQ,1240.43,1226.1575,1.16400,14.2725,2164.02,2684317660.6084
03/07/2022,ProShares UltraPro Short QQQ,SQQQ,1226.1575,1102.3425,11.23199,123.815,2218.02,2719644163.3261
03/04/2022,ProShares UltraPro Short QQQ,SQQQ,1102.3425,1057.705,4.22022,44.6375,2262.02,2493522854.2539
03/03/2022,ProShares UltraPro Short QQQ,SQQQ,1057.705,1013.485,4.36316,44.22,2392.02,2530053502.5854
03/02/2022,ProShares UltraPro Short QQQ,SQQQ,1013.485,1068.1775,-5.12017,-54.6925,2460.02,2493195275.0518
03/01/2022,ProShares UltraPro Short QQQ,SQQQ,1068.1775,1018.325,4.89554,49.8525,2344.02,2503831431.7237
02/28/2022,ProShares UltraPro Short QQQ,SQQQ,1018.325,1028.92,-1.02972,-10.595,2372.02,2415489180.951
02/25/2022,ProShares UltraPro Short QQQ,SQQQ,1028.92,1078.6425,-4.60973,-49.7225,2578.02,2652578272.7696
02/24/2022,ProShares UltraPro Short QQQ,SQQQ,1078.6425,1203.2025,-10.35237,-124.56,2534.02,2733303695.6979
02/23/2022,ProShares UltraPro Short QQQ,SQQQ,1203.2025,1116.1775,7.79670,87.025,2436.02,2931027616.0707
02/22/2022,ProShares UltraPro Short QQQ,SQQQ,1116.1775,1084.23,2.94656,31.9475,2480.02,2768144621.9637
02/18/2022,ProShares UltraPro Short QQQ,SQQQ,1084.23,1048.2175,3.43559,36.0125,2502.02,2712767182.9524
02/17/2022,ProShares UltraPro Short QQQ,SQQQ,1048.2175,962.7175,8.88111,85.5,2568.02,2691845474.9989
02/16/2022,ProShares UltraPro Short QQQ,SQQQ,962.7175,959.91,0.29248,2.8075,2594.02,2497310259.2589
02/15/2022,ProShares UltraPro Short QQQ,SQQQ,959.91,1036.6725,-7.40470,-76.7625,2590.02,2486187902.8308
02/14/2022,ProShares UltraPro Short QQQ,SQQQ,1036.6725,1040.255,-0.34439,-3.5825,2570.02,2664271007.3943
02/11/2022,ProShares UltraPro Short QQQ,SQQQ,1040.255,952.3575,9.22946,87.8975,2522.02,2623545870.7794
02/10/2022,ProShares UltraPro Short QQQ,SQQQ,952.3575,890.5025,6.94608,61.855,2654.02,2527577642.5821
02/09/2022,ProShares UltraPro Short QQQ,SQQQ,890.5025,950.4425,-6.30654,-59.94,2564.02,2283267894.1947
02/08/2022,ProShares UltraPro Short QQQ,SQQQ,950.4425,986.155,-3.62139,-35.7125,2428.02,2307695185.6819
02/07/2022,ProShares UltraPro Short QQQ,SQQQ,986.155,962.055,2.50505,24.1,2342.02,2309596587.0714
02/04/2022,ProShares UltraPro Short QQQ,SQQQ,962.055,1003.0725,-4.08919,-41.0175,2414.02,2322421819.7634
02/03/2022,ProShares UltraPro Short QQQ,SQQQ,1003.0725,890.505,12.64086,112.5675,2440.02,2447518847.2263
02/02/2022,ProShares UltraPro Short QQQ,SQQQ,890.505,912.35,-2.39437,-21.845,2480.02,2208471884.2494
02/01/2022,ProShares UltraPro Short QQQ,SQQQ,912.35,929.1275,-1.80573,-16.7775,2340.02,2134918962.218
01/31/2022,ProShares UltraPro Short QQQ,SQQQ,929.1275,1030.96,-9.87744,-101.8325,2188.02,2032951299.3097
01/28/2022,ProShares UltraPro Short QQQ,SQQQ,1030.96,1141.69,-9.69878,-110.73,2102.02,2167100477.4048
01/27/2022,ProShares UltraPro Short QQQ,SQQQ,1141.69,1102.0175,3.59999,39.6725,2144.02,2447808340.1772
01/26/2022,ProShares UltraPro Short QQQ,SQQQ,1102.0175,1107.4075,-0.48672,-5.39,2092.02,2305444722.1429
01/25/2022,ProShares UltraPro Short QQQ,SQQQ,1107.4075,1030.6025,7.45244,76.805,2056.02,2276854050.0761
01/24/2022,ProShares UltraPro Short QQQ,SQQQ,1030.6025,1046.1575,-1.48687,-15.555,2186.02,2252919614.5827
01/21/2022,ProShares UltraPro Short QQQ,SQQQ,1046.1575,966.405,8.25249,79.7525,2168.02,2268092349.9261
01/20/2022,ProShares UltraPro Short QQQ,SQQQ,966.405,929.0675,4.01881,37.3375,2160.31,2087736975.5154
01/19/2022,ProShares UltraPro Short QQQ,SQQQ,929.0675,900.15,3.21252,28.9175,2124.31,1973629870.8259
01/18/2022,ProShares UltraPro Short QQQ,SQQQ,900.15,835.9625,7.67828,64.1875,2140.31,1926602458.902
01/14/2022,ProShares UltraPro Short QQQ,SQQQ,835.9625,855.1725,-2.24633,-19.21,2036.31,1702281038.7545
01/13/2022,ProShares UltraPro Short QQQ,SQQQ,855.1725,793.8625,7.72300,61.31,2018.31,1726005500.3373
01/12/2022,ProShares UltraPro Short QQQ,SQQQ,793.8625,803.1375,-1.15485,-9.275,1994.31,1583210049.9265
01/11/2022,ProShares UltraPro Short QQQ,SQQQ,803.1375,840.1875,-4.40973,-37.05,1800.31,1445898625.0335
01/10/2022,ProShares UltraPro Short QQQ,SQQQ,840.1875,843.9,-0.43992,-3.7125,1966.71,1652407409.8275
01/07/2022,ProShares UltraPro Short QQQ,SQQQ,843.9,816.9875,3.29411,26.9125,1954.31,1649244470.652
01/06/2022,ProShares UltraPro Short QQQ,SQQQ,816.9875,815.9875,0.12255,1,1997.51,1631942890.6515
01/05/2022,ProShares UltraPro Short QQQ,SQQQ,815.9875,746.2,9.35239,69.7875,1929.11,1574131832.9715
01/04/2022,ProShares UltraPro Short QQQ,SQQQ,746.2,717.6875,3.97283,28.5125,1841.91,1374435241.816
01/03/2022,ProShares UltraPro Short QQQ,SQQQ,717.6875,742.425,-3.33199,-24.7375,1889.51,1356079631.5275
12/31/2021,ProShares UltraPro Short QQQ,SQQQ,742.425,727.9625,1.98671,14.4625,1886.31,1400445691.449
12/30/2021,ProShares UltraPro Short QQQ,SQQQ,727.9625,719.875,1.12346,8.0875,1904.71,1386559404.3145
12/29/2021,ProShares UltraPro Short QQQ,SQQQ,719.875,720.15,-0.03819,-0.275,1958.31,1409740340.515
12/28/2021,ProShares UltraPro Short QQQ,SQQQ,720.15,710.075,1.41886,10.075,1754.71,1263656336.502
12/27/2021,ProShares UltraPro Short QQQ,SQQQ,710.075,745.775,-4.78697,-35.7,1778.71,1263019406.251
12/23/2021,ProShares UltraPro Short QQQ,SQQQ,745.775,763.925,-2.37589,-18.15,1791.91,1336363678.927
12/22/2021,ProShares UltraPro Short QQQ,SQQQ,763.925,792.6875,-3.62848,-28.7625,1782.31,1361553214.069
12/21/2021,ProShares UltraPro Short QQQ,SQQQ,792.6875,851.675,-6.92606,-58.9875,1776.31,1408060857.5275
12/20/2021,ProShares UltraPro Short QQQ,SQQQ,851.675,824.5375,3.29124,27.1375,1844.71,1571095671.739
12/17/2021,ProShares UltraPro Short QQQ,SQQQ,824.5375,814.9625,1.17490,9.575,1907.91,1573145551.3855
12/16/2021,ProShares UltraPro Short QQQ,SQQQ,814.9625,755.6625,7.84742,59.3,1917.91,1563026912.4745
12/15/2021,ProShares UltraPro Short QQQ,SQQQ,755.6625,813.1,-7.06401,-57.4375,1995.51,1507934100.5505
12/14/2021,ProShares UltraPro Short QQQ,SQQQ,813.1,788.625,3.10350,24.475,1997.11,1623852320.108
12/13/2021,ProShares UltraPro Short QQQ,SQQQ,788.625,754.125,4.57484,34.5,2016.71,1590430037.265
12/10/2021,ProShares UltraPro Short QQQ,SQQQ,754.125,780.575,-3.38853,-26.45,2050.71,1546493699.805
12/09/2021,ProShares UltraPro Short QQQ,SQQQ,780.575,747.1,4.48066,33.475,2071.11,1616658780.191
12/08/2021,ProShares UltraPro Short QQQ,SQQQ,747.1,756.6375,-1.26051,-9.5375,2097.91,1567350563.228
12/07/2021,ProShares UltraPro Short QQQ,SQQQ,756.6375,832.25,-9.08531,-75.6125,2125.91,1608545255.4135
12/06/2021,ProShares UltraPro Short QQQ,SQQQ,832.25,854.1875,-2.56823,-21.9375,1979.11,1647116527.93
12/03/2021,ProShares UltraPro Short QQQ,SQQQ,854.1875,811.7875,5.22304,42.4,2003.51,1711375487.3475
12/02/2021,ProShares UltraPro Short QQQ,SQQQ,811.7875,829.775,-2.16776,-17.9875,2041.51,1657274474.7155
12/01/2021,ProShares UltraPro Short QQQ,SQQQ,829.775,791.8375,4.79107,37.9375,2069.51,1717229884.047
11/30/2021,ProShares UltraPro Short QQQ,SQQQ,791.8375,755.5875,4.79759,36.25,2073.11,1641568361.7495
11/29/2021,ProShares UltraPro Short QQQ,SQQQ,755.5875,812.3625,-6.98888,-56.775,2144.71,1620518092.0995
11/26/2021,ProShares UltraPro Short QQQ,SQQQ,812.3625,764.5125,6.25889,47.85,2151.11,1747483274.5065
11/24/2021,ProShares UltraPro Short QQQ,SQQQ,764.5125,773.25,-1.12997,-8.7375,2178.31,1665347272.7685
11/23/2021,ProShares UltraPro Short QQQ,SQQQ,773.25,762.9,1.35667,10.35,2175.51,1682215179.81
11/22/2021,ProShares UltraPro Short QQQ,SQQQ,762.9,737.2875,3.47388,25.6125,2163.51,1650543823.572
11/19/2021,ProShares UltraPro Short QQQ,SQQQ,737.2875,749.65,-1.64910,-12.3625,2072.31,1527890235.0555
11/18/2021,ProShares UltraPro Short QQQ,SQQQ,749.65,774.5375,-3.21321,-24.8875,2045.91,1533718440.562
11/17/2021,ProShares UltraPro Short QQQ,SQQQ,774.5375,774.8,-0.03388,-0.2625,2022.71,1566666822.3855
11/16/2021,ProShares UltraPro Short QQQ,SQQQ,774.8,792.475,-2.23035,-17.675,2021.11,1565958104.464
11/15/2021,ProShares UltraPro Short QQQ,SQQQ,792.475,791.15,0.16748,1.325,2020.31,1601047291.083
11/12/2021,ProShares UltraPro Short QQQ,SQQQ,791.15,816.9375,-3.15661,-25.7875,2045.91,1618623816.782
11/11/2021,ProShares UltraPro Short QQQ,SQQQ,816.9375,824.1875,-0.87965,-7.25,2080.71,1699812215.0175
11/10/2021,ProShares UltraPro Short QQQ,SQQQ,824.1875,790.125,4.31103,34.0625,2081.91,1715886406.9475
11/09/2021,ProShares UltraPro Short QQQ,SQQQ,790.125,773.65,2.12952,16.475,2075.51,1639914456.285
11/08/2021,ProShares UltraPro Short QQQ,SQQQ,773.65,770.4,0.42186,3.25,2042.31,1580035204.882
11/05/2021,ProShares UltraPro Short QQQ,SQQQ,770.4,772.675,-0.29443,-2.275,1957.91,1508375928.672
11/04/2021,ProShares UltraPro Short QQQ,SQQQ,772.675,802.9625,-3.77197,-30.2875,1960.31,1514684600.019
11/03/2021,ProShares UltraPro Short QQQ,SQQQ,802.9625,829.7625,-3.22984,-26.8,1933.91,1552859360.3145
11/02/2021,ProShares UltraPro Short QQQ,SQQQ,829.7625,840.45,-1.27164,-10.6875,1891.91,1569838195.1385
11/01/2021,ProShares UltraPro Short QQQ,SQQQ,840.45,849.3,-1.04203,-8.85,1891.91,1590058011.906
10/29/2021,ProShares UltraPro Short QQQ,SQQQ,849.3,861.375,-1.40183,-12.075,1808.71,1536139679.124
10/28/2021,ProShares UltraPro Short QQQ,SQQQ,861.375,892.225,-3.45765,-30.85,1808.71,1557979884.735
10/27/2021,ProShares UltraPro Short QQQ,SQQQ,892.225,898.9875,-0.75224,-6.7625,1739.91,1552393590.913
10/26/2021,ProShares UltraPro Short QQQ,SQQQ,898.9875,906.95,-0.87794,-7.9625,1682.31,1512378070.4115
10/25/2021,ProShares UltraPro Short QQQ,SQQQ,906.95,936.1375,-3.11786,-29.1875,1641.51,1488769925.126
10/22/2021,ProShares UltraPro Short QQQ,SQQQ,936.1375,912.375,2.60447,23.7625,1644.71,1539677216.4735
10/21/2021,ProShares UltraPro Short QQQ,SQQQ,912.375,930.6625,-1.96500,-18.2875,1666.31,1520302031.415
10/20/2021,ProShares UltraPro Short QQQ,SQQQ,930.6625,926.7,0.42759,3.9625,1631.11,1518015404.5505
10/19/2021,ProShares UltraPro Short QQQ,SQQQ,926.7,947.1,-2.15394,-20.4,1619.91,1501173080.556
10/18/2021,ProShares UltraPro Short QQQ,SQQQ,947.1,976.975,-3.05791,-29.875,1622.71,1536871179.228
10/15/2021,ProShares UltraPro Short QQQ,SQQQ,976.975,995.7625,-1.88675,-18.7875,1624.71,1587303670.543
10/14/2021,ProShares UltraPro Short QQQ,SQQQ,995.7625,1055.225,-5.63505,-59.4625,1628.31,1621412705.0185
10/13/2021,ProShares UltraPro Short QQQ,SQQQ,1055.225,1080.075,-2.30077,-24.85,1589.91,1677715607.753
10/12/2021,ProShares UltraPro Short QQQ,SQQQ,1080.075,1068.8625,1.04901,11.2125,1571.51,1697351557.851
10/11/2021,ProShares UltraPro Short QQQ,SQQQ,1068.8625,1046.275,2.15885,22.5875,1575.91,1684433966.9265
10/08/2021,ProShares UltraPro Short QQQ,SQQQ,1046.275,1030.475,1.53327,15.8,1595.91,1669763539.267
10/07/2021,ProShares UltraPro Short QQQ,SQQQ,1030.475,1058.45,-2.64302,-27.975,1571.91,1619816718.923
10/06/2021,ProShares UltraPro Short QQQ,SQQQ,1058.45,1079,-1.90454,-20.55,1576.71,1668871536.146
10/05/2021,ProShares UltraPro Short QQQ,SQQQ,1079,1126.3875,-4.20703,-47.3875,1512.31,1631785381.72
10/04/2021,ProShares UltraPro Short QQQ,SQQQ,1126.3875,1058.3125,6.43241,68.075,1532.31,1725977848.8435
10/01/2021,ProShares UltraPro Short QQQ,SQQQ,1058.3125,1080.75,-2.07610,-22.4375,1597.51,1690667638.1525
09/30/2021,ProShares UltraPro Short QQQ,SQQQ,1080.75,1067.125,1.27680,13.625,1637.11,1769309528.91
09/29/2021,ProShares UltraPro Short QQQ,SQQQ,1067.125,1063.4625,0.34439,3.6625,1646.31,1756821418.645
09/28/2021,ProShares UltraPro Short QQQ,SQQQ,1063.4625,979.525,8.56920,83.9375,1668.31,1774187973.4545
09/27/2021,ProShares UltraPro Short QQQ,SQQQ,979.525,956.2625,2.43265,23.2625,1680.71,1646300087.877
09/24/2021,ProShares UltraPro Short QQQ,SQQQ,956.2625,958.7625,-0.26075,-2.5,1731.51,1655780644.1585
09/23/2021,ProShares UltraPro Short QQQ,SQQQ,958.7625,986.05,-2.76735,-27.2875,1743.11,1671231070.8585
09/22/2021,ProShares UltraPro Short QQQ,SQQQ,986.05,1016.2,-2.96694,-30.15,1771.91,1747194498.114
09/21/2021,ProShares UltraPro Short QQQ,SQQQ,1016.2,1019.7,-0.34324,-3.5,1789.91,1818909265.416
09/20/2021,ProShares UltraPro Short QQQ,SQQQ,1019.7,959.4375,6.28102,60.2625,1761.51,1796214479.796
09/17/2021,ProShares UltraPro Short QQQ,SQQQ,959.4375,926.75,3.52711,32.6875,1848.71,1773724271.9175
09/16/2021,ProShares UltraPro Short QQQ,SQQQ,926.75,928.9375,-0.23548,-2.1875,1867.51,1730717376.19
09/15/2021,ProShares UltraPro Short QQQ,SQQQ,928.9375,951.3375,-2.35458,-22.4,1880.31,1746692960.1775
09/14/2021,ProShares UltraPro Short QQQ,SQQQ,951.3375,942.1625,0.97382,9.175,1890.71,1798705874.2095
09/13/2021,ProShares UltraPro Short QQQ,SQQQ,942.1625,941.0875,0.11423,1.075,1821.91,1716537805.3705
09/10/2021,ProShares UltraPro Short QQQ,SQQQ,941.0875,919.775,2.31714,21.3125,1844.31,1735659609.2395
09/09/2021,ProShares UltraPro Short QQQ,SQQQ,919.775,909.3625,1.14503,10.4125,1844.31,1696352695.247
09/08/2021,ProShares UltraPro Short QQQ,SQQQ,909.3625,899.9,1.05151,9.4625,1848.31,1680786239.4665
09/07/2021,ProShares UltraPro Short QQQ,SQQQ,899.9,903.9625,-0.44941,-4.0625,1785.11,1606422900.732
09/03/2021,ProShares UltraPro Short QQQ,SQQQ,903.9625,912.5,-0.93562,-8.5375,1757.11,1588363970.9945
09/02/2021,ProShares UltraPro Short QQQ,SQQQ,912.5,911.4375,0.11657,1.0625,1703.91,1554820320.5
09/01/2021,ProShares UltraPro Short QQQ,SQQQ,911.4375,916.7,-0.57407,-5.2625,1700.71,1550093313.2775
08/31/2021,ProShares UltraPro Short QQQ,SQQQ,916.7,912.925,0.41351,3.775,1687.51,1546942873.756
08/30/2021,ProShares UltraPro Short QQQ,SQQQ,912.925,944.6625,-3.35967,-31.7375,1697.11,1549336593.389
08/27/2021,ProShares UltraPro Short QQQ,SQQQ,944.6625,974.175,-3.02949,-29.5125,1641.51,1550675472.0705
08/26/2021,ProShares UltraPro Short QQQ,SQQQ,974.175,957.2875,1.76410,16.8875,1665.91,1622890485.039
08/25/2021,ProShares UltraPro Short QQQ,SQQQ,957.2875,959.45,-0.22539,-2.1625,1672.31,1600884024.6555
08/24/2021,ProShares UltraPro Short QQQ,SQQQ,959.45,968.025,-0.88582,-8.575,1645.91,1579170920.826
08/23/2021,ProShares UltraPro Short QQQ,SQQQ,968.025,1012.4,-4.38315,-44.375,1656.71,1603739292.057
08/20/2021,ProShares UltraPro Short QQQ,SQQQ,1012.4,1045.75,-3.18910,-33.35,1667.51,1688189837.232
08/19/2021,ProShares UltraPro Short QQQ,SQQQ,1045.75,1062.175,-1.54636,-16.425,1669.11,1745474585.11
08/18/2021,ProShares UltraPro Short QQQ,SQQQ,1062.175,1032.8375,2.84048,29.3375,1676.71,1780962290.879
08/17/2021,ProShares UltraPro Short QQQ,SQQQ,1032.8375,1005.375,2.73157,27.4625,1676.31,1731358597.6295
08/16/2021,ProShares UltraPro Short QQQ,SQQQ,1005.375,1006.5,-0.11177,-1.125,1601.11,1609718660.655
08/13/2021,ProShares UltraPro Short QQQ,SQQQ,1006.5,1016.1625,-0.95088,-9.6625,1606.71,1617156312.42
08/12/2021,ProShares UltraPro Short QQQ,SQQQ,1016.1625,1028.9125,-1.23917,-12.75,1625.51,1651785028.6905
08/11/2021,ProShares UltraPro Short QQQ,SQQQ,1028.9125,1023.7875,0.50059,5.125,1618.71,1665513710.3605
08/10/2021,ProShares UltraPro Short QQQ,SQQQ,1023.7875,1007.8625,1.58008,15.925,1631.11,1669912772.8755
08/09/2021,ProShares UltraPro Short QQQ,SQQQ,1007.8625,1012.825,-0.48997,-4.9625,1636.71,1649581333.4465
08/06/2021,ProShares UltraPro Short QQQ,SQQQ,1012.825,999.0375,1.38008,13.7875,1626.31,1647170140.121
08/05/2021,ProShares UltraPro Short QQQ,SQQQ,999.0375,1019.2125,-1.97947,-20.175,1623.91,1622349664.0455
08/04/2021,ProShares UltraPro Short QQQ,SQQQ,1019.2125,1023.7375,-0.44201,-4.525,1610.31,1641250812.3645
08/03/2021,ProShares UltraPro Short QQQ,SQQQ,1023.7375,1044.175,-1.95729,-20.4375,1565.11,1602264542.2415
08/02/2021,ProShares UltraPro Short QQQ,SQQQ,1044.175,1044.95,-0.07417,-0.775,1561.91,1630910172.639
07/30/2021,ProShares UltraPro Short QQQ,SQQQ,1044.95,1026.9375,1.75400,18.0125,1556.31,1626268934.966
07/29/2021,ProShares UltraPro Short QQQ,SQQQ,1026.9375,1033.225,-0.60853,-6.2875,1575.51,1617953052.8175
07/28/2021,ProShares UltraPro Short QQQ,SQQQ,1033.225,1046.075,-1.22840,-12.85,1580.31,1632818568.793
07/27/2021,ProShares UltraPro Short QQQ,SQQQ,1046.075,1012.15,3.35178,33.925,1644.31,1720074386.731
07/26/2021,ProShares UltraPro Short QQQ,SQQQ,1012.15,1015.15,-0.29552,-3,1643.51,1663481359.062
07/23/2021,ProShares UltraPro Short QQQ,SQQQ,1015.15,1051.5875,-3.46500,-36.4375,1678.31,1703739117.102
07/22/2021,ProShares UltraPro Short QQQ,SQQQ,1051.5875,1072.725,-1.97045,-21.1375,1686.71,1773725970.3795
07/21/2021,ProShares UltraPro Short QQQ,SQQQ,1072.725,1098.3,-2.32860,-25.575,1667.11,1788353449.653
07/20/2021,ProShares UltraPro Short QQQ,SQQQ,1098.3,1140.475,-3.69802,-42.175,1680.71,1845926736.444
07/19/2021,ProShares UltraPro Short QQQ,SQQQ,1140.475,1110.525,2.69692,29.95,1714.31,1955130753.723
07/16/2021,ProShares UltraPro Short QQQ,SQQQ,1110.525,1085.575,2.29832,24.95,1722.31,1912671288.957
07/15/2021,ProShares UltraPro Short QQQ,SQQQ,1085.575,1062.8875,2.13452,22.6875,1735.11,1883594947.591
07/14/2021,ProShares UltraPro Short QQQ,SQQQ,1062.8875,1068.4875,-0.52411,-5.6,1749.91,1859960313.6635
07/13/2021,ProShares UltraPro Short QQQ,SQQQ,1068.4875,1067.7625,0.06790,0.725,1674.71,1789409564.6715
07/12/2021,ProShares UltraPro Short QQQ,SQQQ,1067.7625,1079.175,-1.05752,-11.4125,1663.51,1776236457.9785
07/09/2021,ProShares UltraPro Short QQQ,SQQQ,1079.175,1102.5375,-2.11898,-23.3625,1640.71,1770616106.439
07/08/2021,ProShares UltraPro Short QQQ,SQQQ,1102.5375,1083.0875,1.79579,19.45,1640.71,1808947256.4255
07/07/2021,ProShares UltraPro Short QQQ,SQQQ,1083.0875,1088.4625,-0.49382,-5.375,1640.71,1777035394.7995
07/06/2021,ProShares UltraPro Short QQQ,SQQQ,1088.4625,1102.025,-1.23069,-13.5625,1597.51,1738832645.4545
07/02/2021,ProShares UltraPro Short QQQ,SQQQ,1102.025,1141.775,-3.48142,-39.75,1535.91,1692614171.177
07/01/2021,ProShares UltraPro Short QQQ,SQQQ,1141.775,1142.8625,-0.09516,-1.0875,1521.11,1736768430.207
06/30/2021,ProShares UltraPro Short QQQ,SQQQ,1142.8625,1138.8125,0.35563,4.05,1527.91,1746194105.2465
06/29/2021,ProShares UltraPro Short QQQ,SQQQ,1138.8125,1150.275,-0.99650,-11.4625,1531.91,1744561308.8925
06/28/2021,ProShares UltraPro Short QQQ,SQQQ,1150.275,1195.1875,-3.75778,-44.9125,1517.91,1746017007.987
06/25/2021,ProShares UltraPro Short QQQ,SQQQ,1195.1875,1190.1,0.42749,5.0875,1514.31,1809887586.2275
06/24/2021,ProShares UltraPro Short QQQ,SQQQ,1190.1,1213.4375,-1.92326,-23.3375,1544.31,1837886520.468
06/23/2021,ProShares UltraPro Short QQQ,SQQQ,1213.4375,1214.425,-0.08131,-0.9875,1546.31,1876353792.6375
06/22/2021,ProShares UltraPro Short QQQ,SQQQ,1214.425,1249.7,-2.82268,-35.275,1542.71,1873508846.409
06/21/2021,ProShares UltraPro Short QQQ,SQQQ,1249.7,1274.125,-1.91700,-24.425,1526.31,1907432956.196
06/18/2021,ProShares UltraPro Short QQQ,SQQQ,1274.125,1243.9625,2.42471,30.1625,1521.51,1938597343.405
06/17/2021,ProShares UltraPro Short QQQ,SQQQ,1243.9625,1294.1375,-3.87710,-50.175,1529.51,1902656417.1945
06/16/2021,ProShares UltraPro Short QQQ,SQQQ,1294.1375,1281.2125,1.00881,12.925,1487.51,1925045940.9135
06/15/2021,ProShares UltraPro Short QQQ,SQQQ,1281.2125,1255.2125,2.07136,26,1458.31,1868408434.5245
06/14/2021,ProShares UltraPro Short QQQ,SQQQ,1255.2125,1291.6375,-2.82006,-36.425,1419.11,1781287974.8445
06/11/2021,ProShares UltraPro Short QQQ,SQQQ,1291.6375,1302.275,-0.81684,-10.6375,1383.91,1787513514.2135
06/10/2021,ProShares UltraPro Short QQQ,SQQQ,1302.275,1344.8,-3.16218,-42.525,1369.51,1783482125.347
06/09/2021,ProShares UltraPro Short QQQ,SQQQ,1344.8,1346.025,-0.09101,-1.225,1347.51,1812135052.064
06/08/2021,ProShares UltraPro Short QQQ,SQQQ,1346.025,1348.375,-0.17428,-2.35,1322.71,1780404335.097
06/07/2021,ProShares UltraPro Short QQQ,SQQQ,1348.375,1358.0625,-0.71333,-9.6875,1325.51,1787288159.895
06/04/2021,ProShares UltraPro Short QQQ,SQQQ,1358.0625,1434.775,-5.34666,-76.7125,1350.71,1834352238.9825
06/03/2021,ProShares UltraPro Short QQQ,SQQQ,1434.775,1390.6125,3.17576,44.1625,1319.91,1893777715.447
06/02/2021,ProShares UltraPro Short QQQ,SQQQ,1390.6125,1397.4625,-0.49017,-6.85,1330.71,1850505686.7165
06/01/2021,ProShares UltraPro Short QQQ,SQQQ,1397.4625,1387.8375,0.69352,9.625,1318.71,1842851518.5745
05/28/2021,ProShares UltraPro Short QQQ,SQQQ,1387.8375,1396.6,-0.62742,-8.7625,1267.51,1759101629.0295
05/27/2021,ProShares UltraPro Short QQQ,SQQQ,1396.6,1383.3,0.96147,13.3,1249.11,1744510768.888
05/26/2021,ProShares UltraPro Short QQQ,SQQQ,1383.3,1397.1875,-0.99396,-13.8875,1255.11,1736197370.244
05/25/2021,ProShares UltraPro Short QQQ,SQQQ,1397.1875,1402.2375,-0.36014,-5.05,1227.11,1714506497.5875
05/24/2021,ProShares UltraPro Short QQQ,SQQQ,1402.2375,1478.4,-5.15168,-76.1625,1233.91,1730238631.6215
05/21/2021,ProShares UltraPro Short QQQ,SQQQ,1478.4,1451.8875,1.82607,26.5125,1215.11,1796422586.112
05/20/2021,ProShares UltraPro Short QQQ,SQQQ,1451.8875,1541.425,-5.80875,-89.5375,1228.71,1783952581.1835
05/19/2021,ProShares UltraPro Short QQQ,SQQQ,1541.425,1549.575,-0.52595,-8.15,1244.71,1918631242.769
05/18/2021,ProShares UltraPro Short QQQ,SQQQ,1549.575,1517.0875,2.14144,32.4875,1244.31,1928155821.111
05/17/2021,ProShares UltraPro Short QQQ,SQQQ,1517.0875,1490.425,1.78892,26.6625,1254.71,1903508922.9195
05/14/2021,ProShares UltraPro Short QQQ,SQQQ,1490.425,1594.625,-6.53445,-104.2,1250.71,1864093446.089
05/13/2021,ProShares UltraPro Short QQQ,SQQQ,1594.625,1635.275,-2.48582,-40.65,1266.71,2019931707.345
05/12/2021,ProShares UltraPro Short QQQ,SQQQ,1635.275,1516.35,7.84285,118.925,1266.71,2071423577.787
05/11/2021,ProShares UltraPro Short QQQ,SQQQ,1516.35,1513.8625,0.16431,2.4875,1287.11,1951713312.318
05/10/2021,ProShares UltraPro Short QQQ,SQQQ,1513.8625,1403.3375,7.87587,110.525,1265.91,1916417734.5265
05/07/2021,ProShares UltraPro Short QQQ,SQQQ,1403.3375,1437.875,-2.40198,-34.5375,1289.51,1809621500.5695
05/06/2021,ProShares UltraPro Short QQQ,SQQQ,1437.875,1474.4375,-2.47976,-36.5625,1269.91,1825975694.755
05/05/2021,ProShares UltraPro Short QQQ,SQQQ,1474.4375,1461.1,0.91284,13.3375,1234.31,1819916902.1175
05/04/2021,ProShares UltraPro Short QQQ,SQQQ,1461.1,1384.3625,5.54317,76.7375,1187.51,1735074776.748
05/03/2021,ProShares UltraPro Short QQQ,SQQQ,1384.3625,1366.475,1.30903,17.8875,1104.31,1528769062.4665
04/30/2021,ProShares UltraPro Short QQQ,SQQQ,1366.475,1335.45,2.32319,31.025,1107.51,1513388389.403
04/29/2021,ProShares UltraPro Short QQQ,SQQQ,1335.45,1355.425,-1.47371,-19.975,1108.71,1480630348.506
04/28/2021,ProShares UltraPro Short QQQ,SQQQ,1355.425,1338.5125,1.26353,16.9125,1108.31,1502234714.289
04/27/2021,ProShares UltraPro Short QQQ,SQQQ,1338.5125,1320.0375,1.39958,18.475,1107.51,1482419566.0885
04/26/2021,ProShares UltraPro Short QQQ,SQQQ,1320.0375,1344.65,-1.83040,-24.6125,1104.71,1458262164.3255
04/23/2021,ProShares UltraPro Short QQQ,SQQQ,1344.65,1399.325,-3.90724,-54.675,1148.31,1544078645.162
04/22/2021,ProShares UltraPro Short QQQ,SQQQ,1399.325,1349.1375,3.71997,50.1875,1122.71,1571039920.941
04/21/2021,ProShares UltraPro Short QQQ,SQQQ,1349.1375,1387.05,-2.73332,-37.9125,1133.51,1529264463.3135
04/20/2021,ProShares UltraPro Short QQQ,SQQQ,1387.05,1358.2,2.12413,28.85,1137.51,1577786962.794
04/19/2021,ProShares UltraPro Short QQQ,SQQQ,1358.2,1320.4375,2.85985,37.7625,1124.31,1527041481.976
04/16/2021,ProShares UltraPro Short QQQ,SQQQ,1320.4375,1324.9,-0.33682,-4.4625,1113.91,1470852074.3975
04/15/2021,ProShares UltraPro Short QQQ,SQQQ,1324.9,1391.9875,-4.81955,-67.0875,1102.31,1460454069.732
04/14/2021,ProShares UltraPro Short QQQ,SQQQ,1391.9875,1339.6875,3.90390,52.3,1054.31,1467590071.6515
04/13/2021,ProShares UltraPro Short QQQ,SQQQ,1339.6875,1390.15,-3.63000,-50.4625,1062.31,1423167018.4875
04/12/2021,ProShares UltraPro Short QQQ,SQQQ,1390.15,1382.575,0.54789,7.575,1049.11,1458423992.102
04/09/2021,ProShares UltraPro Short QQQ,SQQQ,1382.575,1409.1875,-1.88850,-26.6125,1050.31,1452136053.551
04/08/2021,ProShares UltraPro Short QQQ,SQQQ,1409.1875,1454.575,-3.12033,-45.3875,1032.71,1455285799.7475
04/07/2021,ProShares UltraPro Short QQQ,SQQQ,1454.575,1466.95,-0.84359,-12.375,1007.51,1465502756.511
04/06/2021,ProShares UltraPro Short QQQ,SQQQ,1466.95,1461.0625,0.40296,5.8875,984.71,1444524265.926
04/05/2021,ProShares UltraPro Short QQQ,SQQQ,1461.0625,1555.8625,-6.09308,-94.8,966.71,1412427645.0225
04/01/2021,ProShares UltraPro Short QQQ,SQQQ,1555.8625,1645.45,-5.44456,-89.5875,965.91,1502827317.0865
03/31/2021,ProShares UltraPro Short QQQ,SQQQ,1645.45,1723.7875,-4.54450,-78.3375,929.91,1530124819.306
03/30/2021,ProShares UltraPro Short QQQ,SQQQ,1723.7875,1696.8125,1.58975,26.975,927.91,1599524278.8755
03/29/2021,ProShares UltraPro Short QQQ,SQQQ,1696.8125,1691.575,0.30962,5.2375,931.91,1581281084.3325
03/26/2021,ProShares UltraPro Short QQQ,SQQQ,1691.575,1774.25,-4.65972,-82.675,940.71,1591286051.671
03/25/2021,ProShares UltraPro Short QQQ,SQQQ,1774.25,1766.4625,0.44085,7.7875,951.11,1687511672.49
03/24/2021,ProShares UltraPro Short QQQ,SQQQ,1766.4625,1681.7375,5.03794,84.725,951.11,1680104882.4945
03/23/2021,ProShares UltraPro Short QQQ,SQQQ,1681.7375,1655.7375,1.57030,26,963.11,1619702710.6815
03/22/2021,ProShares UltraPro Short QQQ,SQQQ,1655.7375,1745.3,-5.13164,-89.5625,971.51,1608569976.0015
03/19/2021,ProShares UltraPro Short QQQ,SQQQ,1745.3,1778.175,-1.84881,-32.875,978.71,1708147240.404
03/18/2021,ProShares UltraPro Short QQQ,SQQQ,1778.175,1625.475,9.39418,152.7,945.11,1680575739.759
03/17/2021,ProShares UltraPro Short QQQ,SQQQ,1625.475,1644.2125,-1.13960,-18.7375,979.91,1592823563.523
03/16/2021,ProShares UltraPro Short QQQ,SQQQ,1644.2125,1671.05,-1.60603,-26.8375,997.91,1640780502.3645
03/15/2021,ProShares UltraPro Short QQQ,SQQQ,1671.05,1729.425,-3.37540,-58.375,939.51,1569972663.914
03/12/2021,ProShares UltraPro Short QQQ,SQQQ,1729.425,1685.3375,2.61594,44.0875,942.31,1629659106.609
03/11/2021,ProShares UltraPro Short QQQ,SQQQ,1685.3375,1813.8875,-7.08699,-128.55,988.31,1665640421.3295
03/10/2021,ProShares UltraPro Short QQQ,SQQQ,1813.8875,1796.0875,0.99104,17.8,992.71,1800669121.3435
03/09/2021,ProShares UltraPro Short QQQ,SQQQ,1796.0875,2043.075,-12.08901,-246.9875,992.71,1782998835.6395
03/08/2021,ProShares UltraPro Short QQQ,SQQQ,2043.075,1878.8375,8.74144,164.2375,937.91,1916225948.691
03/05/2021,ProShares UltraPro Short QQQ,SQQQ,1878.8375,1976.575,-4.94479,-97.7375,935.51,1757676304.9095
03/04/2021,ProShares UltraPro Short QQQ,SQQQ,1976.575,1879.5625,5.16144,97.0125,908.71,1796138765.471
03/03/2021,ProShares UltraPro Short QQQ,SQQQ,1879.5625,1730.275,8.62796,149.2875,911.91,1713996876.6025
03/02/2021,ProShares UltraPro Short QQQ,SQQQ,1730.275,1647.425,5.02906,82.85,919.91,1591701912.387
03/01/2021,ProShares UltraPro Short QQQ,SQQQ,1647.425,1804.0875,-8.68375,-156.6625,928.71,1529984486.849
02/26/2021,ProShares UltraPro Short QQQ,SQQQ,1804.0875,1839.025,-1.89978,-34.9375,938.71,1693519812.0795
02/25/2021,ProShares UltraPro Short QQQ,SQQQ,1839.025,1661.625,10.67630,177.4,935.91,1721166816.337
02/24/2021,ProShares UltraPro Short QQQ,SQQQ,1661.625,1703.4625,-2.45603,-41.8375,1000.71,1662809206.905
02/23/2021,ProShares UltraPro Short QQQ,SQQQ,1703.4625,1692.3,0.65961,11.1625,1028.71,1752373473.6545
02/22/2021,ProShares UltraPro Short QQQ,SQQQ,1692.3,1568.7,7.87914,123.6,1007.91,1705690628.364
02/19/2021,ProShares UltraPro Short QQQ,SQQQ,1568.7,1549.4125,1.24483,19.2875,1043.11,1636330861.116
02/18/2021,ProShares UltraPro Short QQQ,SQQQ,1549.4125,1528.625,1.35988,20.7875,1061.11,1644101250.3005
02/17/2021,ProShares UltraPro Short QQQ,SQQQ,1528.625,1505.55,1.53266,23.075,1061.91,1623266270.465
02/16/2021,ProShares UltraPro Short QQQ,SQQQ,1505.55,1494.6375,0.73011,10.9125,1045.51,1574071615.374
02/12/2021,ProShares UltraPro Short QQQ,SQQQ,1494.6375,1519.025,-1.60547,-24.3875,1058.71,1582391673.2535
02/11/2021,ProShares UltraPro Short QQQ,SQQQ,1519.025,1546.225,-1.75912,-27.2,1066.31,1619755618.737
02/10/2021,ProShares UltraPro Short QQQ,SQQQ,1546.225,1535.4875,0.69929,10.7375,1055.51,1632060093.633
02/09/2021,ProShares UltraPro Short QQQ,SQQQ,1535.4875,1533.0125,0.16145,2.475,1023.91,1572205121.2315
02/08/2021,ProShares UltraPro Short QQQ,SQQQ,1533.0125,1564.475,-2.01106,-31.4625,1015.51,1556793632.3485
02/05/2021,ProShares UltraPro Short QQQ,SQQQ,1564.475,1580.4625,-1.01157,-15.9875,1020.31,1596253680.043
02/04/2021,ProShares UltraPro Short QQQ,SQQQ,1580.4625,1639.0625,-3.57521,-58.6,1005.11,1588542899.0145
02/03/2021,ProShares UltraPro Short QQQ,SQQQ,1639.0625,1619.625,1.20012,19.4375,963.51,1579257502.0625
02/02/2021,ProShares UltraPro Short QQQ,SQQQ,1619.625,1699.525,-4.70131,-79.9,953.51,1544332974.345
02/01/2021,ProShares UltraPro Short QQQ,SQQQ,1699.525,1837.8125,-7.52457,-138.2875,936.71,1591966617.477
01/29/2021,ProShares UltraPro Short QQQ,SQQQ,1837.8125,1729.7875,6.24499,108.025,878.71,1614909147.2125
01/28/2021,ProShares UltraPro Short QQQ,SQQQ,1729.7875,1765.425,-2.01864,-35.6375,927.91,1605091754.9555
01/27/2021,ProShares UltraPro Short QQQ,SQQQ,1765.425,1628.6,8.40139,136.825,917.51,1619799823.089
01/26/2021,ProShares UltraPro Short QQQ,SQQQ,1628.6,1631.125,-0.15480,-2.525,970.31,1580251230.648
01/25/2021,ProShares UltraPro Short QQQ,SQQQ,1631.125,1675.1,-2.62522,-43.975,953.91,1555950820.165
01/22/2021,ProShares UltraPro Short QQQ,SQQQ,1675.1,1660.8375,0.85875,14.2625,941.11,1576457850.268
01/21/2021,ProShares UltraPro Short QQQ,SQQQ,1660.8375,1702.2875,-2.43496,-41.45,923.51,1533804490.6695
01/20/2021,ProShares UltraPro Short QQQ,SQQQ,1702.2875,1829.0375,-6.92987,-126.75,901.51,1534633766.2555
01/19/2021,ProShares UltraPro Short QQQ,SQQQ,1829.0375,1915.525,-4.51508,-86.4875,834.71,1526720793.4455
01/15/2021,ProShares UltraPro Short QQQ,SQQQ,1915.525,1874.1625,2.20699,41.3625,807.51,1546810726.357
01/14/2021,ProShares UltraPro Short QQQ,SQQQ,1874.1625,1842.1,1.74054,32.0625,800.71,1500665678.1305
01/13/2021,ProShares UltraPro Short QQQ,SQQQ,1842.1,1877.7375,-1.89790,-35.6375,799.51,1472782307.828
01/12/2021,ProShares UltraPro Short QQQ,SQQQ,1877.7375,1873.25,0.23956,4.4875,815.51,1531318740.9615
01/11/2021,ProShares UltraPro Short QQQ,SQQQ,1873.25,1790.325,4.63184,82.925,823.51,1542645127.81
01/08/2021,ProShares UltraPro Short QQQ,SQQQ,1790.325,1861.9375,-3.84613,-71.6125,827.51,1481516638.821
01/07/2021,ProShares UltraPro Short QQQ,SQQQ,1861.9375,2013.2375,-7.51526,-151.3,797.51,1484918765.6175
01/06/2021,ProShares UltraPro Short QQQ,SQQQ,2013.2375,1932.275,4.19001,80.9625,759.51,1529079409.1015
01/05/2021,ProShares UltraPro Short QQQ,SQQQ,1932.275,1983.2875,-2.57212,-51.0125,736.31,1422758583.747
01/04/2021,ProShares UltraPro Short QQQ,SQQQ,1983.2875,1898.55,4.46327,84.7375,726.31,1440486859.3355
12/31/2020,ProShares UltraPro Short QQQ,SQQQ,1898.55,1917.7125,-0.99924,-19.1625,707.91,1344007618.614
12/30/2020,ProShares UltraPro Short QQQ,SQQQ,1917.7125,1918.425,-0.03714,-0.7125,722.31,1385188055.3445
12/29/2020,ProShares UltraPro Short QQQ,SQQQ,1918.425,1920.55,-0.11065,-2.125,720.31,1381865853.129
12/28/2020,ProShares UltraPro Short QQQ,SQQQ,1920.55,1980.5,-3.02701,-59.95,711.11,1365727457.574
12/24/2020,ProShares UltraPro Short QQQ,SQQQ,1980.5,2008.075,-1.37321,-27.575,699.51,1385384862.74
12/23/2020,ProShares UltraPro Short QQQ,SQQQ,2008.075,1977.8375,1.52882,30.2375,702.31,1410296534.891
12/22/2020,ProShares UltraPro Short QQQ,SQQQ,1977.8375,1990.8,-0.65112,-12.9625,701.11,1386686950.2295
12/21/2020,ProShares UltraPro Short QQQ,SQQQ,1990.8,1968.825,1.11615,21.975,707.91,1409312563.344
12/18/2020,ProShares UltraPro Short QQQ,SQQQ,1968.825,1962.825,0.30568,6,721.11,1419744672.201
12/17/2020,ProShares UltraPro Short QQQ,SQQQ,1962.825,2002.5,-1.98127,-39.675,728.31,1429550336.121
12/16/2020,ProShares UltraPro Short QQQ,SQQQ,2002.5,2037.6625,-1.72563,-35.1625,728.71,1459247141.7
12/15/2020,ProShares UltraPro Short QQQ,SQQQ,2037.6625,2105.3625,-3.21560,-67.7,716.71,1460418551.3105
12/14/2020,ProShares UltraPro Short QQQ,SQQQ,2105.3625,2151.3125,-2.13591,-45.95,723.11,1522414319.7465
12/11/2020,ProShares UltraPro Short QQQ,SQQQ,2151.3125,2137.6375,0.63972,13.675,716.71,1541872947.3925
12/10/2020,ProShares UltraPro Short QQQ,SQQQ,2137.6375,2157.3125,-0.91201,-19.675,717.51,1533782011.4935
12/09/2020,ProShares UltraPro Short QQQ,SQQQ,2157.3125,2026.875,6.43540,130.4375,726.31,1566883423.4725
12/08/2020,ProShares UltraPro Short QQQ,SQQQ,2026.875,2046.0375,-0.93657,-19.1625,713.51,1446201013.275
12/07/2020,ProShares UltraPro Short QQQ,SQQQ,2046.0375,2080.1125,-1.63813,-34.075,694.31,1420589780.0055
12/04/2020,ProShares UltraPro Short QQQ,SQQQ,2080.1125,2111.2875,-1.47659,-31.175,688.31,1431767809.5765
12/03/2020,ProShares UltraPro Short QQQ,SQQQ,2111.2875,2117.6,-0.29810,-6.3125,673.51,1421978902.3755
12/02/2020,ProShares UltraPro Short QQQ,SQQQ,2117.6,2118.6,-0.04720,-1,668.31,1415218931.168
12/01/2020,ProShares UltraPro Short QQQ,SQQQ,2118.6,2220,-4.56757,-101.4,625.51,1325211163.848
11/30/2020,ProShares UltraPro Short QQQ,SQQQ,2220,2225.9125,-0.26562,-5.9125,620.31,1377094149.6
11/27/2020,ProShares UltraPro Short QQQ,SQQQ,2225.9125,2285.8375,-2.62158,-59.925,599.11,1333572403.3205
11/25/2020,ProShares UltraPro Short QQQ,SQQQ,2285.8375,2328.0375,-1.81269,-42.2,597.51,1365816890.6695
11/24/2020,ProShares UltraPro Short QQQ,SQQQ,2328.0375,2434.625,-4.37798,-106.5875,574.31,1337021455.7655
11/23/2020,ProShares UltraPro Short QQQ,SQQQ,2434.625,2434.55,0.00308,0.075,555.91,1353438908.545
11/20/2020,ProShares UltraPro Short QQQ,SQQQ,2434.55,2387.3625,1.97655,47.1875,575.51,1401114395.094
11/19/2020,ProShares UltraPro Short QQQ,SQQQ,2387.3625,2443.1875,-2.28492,-55.825,558.71,1333849700.5065
11/18/2020,ProShares UltraPro Short QQQ,SQQQ,2443.1875,2395.9375,1.97209,47.25,561.51,1371880760.8675
11/17/2020,ProShares UltraPro Short QQQ,SQQQ,2395.9375,2374.7,0.89432,21.2375,535.11,1282096536.7375
11/16/2020,ProShares UltraPro Short QQQ,SQQQ,2374.7,2420.7625,-1.90281,-46.0625,529.91,1258383641.196
11/13/2020,ProShares UltraPro Short QQQ,SQQQ,2420.7625,2491.9375,-2.85621,-71.175,519.51,1257616814.0185
11/12/2020,ProShares UltraPro Short QQQ,SQQQ,2491.9375,2451.2875,1.65831,40.65,524.71,1307551204.0175
11/11/2020,ProShares UltraPro Short QQQ,SQQQ,2451.2875,2633.9375,-6.93448,-182.65,522.71,1281319058.5755
11/10/2020,ProShares UltraPro Short QQQ,SQQQ,2633.9375,2503.4125,5.21388,130.525,529.11,1393649729.5775
11/09/2020,ProShares UltraPro Short QQQ,SQQQ,2503.4125,2351.4875,6.46080,151.925,587.91,1471787952.0205
11/06/2020,ProShares UltraPro Short QQQ,SQQQ,2351.4875,2360.675,-0.38919,-9.1875,653.11,1535786303.1115
11/05/2020,ProShares UltraPro Short QQQ,SQQQ,2360.675,2558.225,-7.72215,-197.55,655.51,1547452395.859
11/04/2020,ProShares UltraPro Short QQQ,SQQQ,2558.225,2948.425,-13.23418,-390.2,623.51,1595085725.793
11/03/2020,ProShares UltraPro Short QQQ,SQQQ,2948.425,3112.9625,-5.28556,-164.5375,500.71,1476313783.529
11/02/2020,ProShares UltraPro Short QQQ,SQQQ,3112.9625,3140.775,-0.88553,-27.8125,495.51,1542512391.1145
10/30/2020,ProShares UltraPro Short QQQ,SQQQ,3140.775,2911.7625,7.86508,229.0125,491.11,1542474427.527
10/29/2020,ProShares UltraPro Short QQQ,SQQQ,2911.7625,3085.4375,-5.62886,-173.675,496.71,1446309354.8985
10/28/2020,ProShares UltraPro Short QQQ,SQQQ,3085.4375,2759.9,11.79526,325.5375,493.11,1521468354.5975
10/27/2020,ProShares UltraPro Short QQQ,SQQQ,2759.9,2829.6875,-2.46626,-69.7875,514.71,1420555525.532
10/26/2020,ProShares UltraPro Short QQQ,SQQQ,2829.6875,2699.5,4.82265,130.1875,510.71,1445157286.6875
10/23/2020,ProShares UltraPro Short QQQ,SQQQ,2699.5,2720.1125,-0.75778,-20.6125,541.11,1460733679.66
10/22/2020,ProShares UltraPro Short QQQ,SQQQ,2720.1125,2718.4125,0.06254,1.7,543.91,1479503679.7765
10/21/2020,ProShares UltraPro Short QQQ,SQQQ,2718.4125,2709.7625,0.31922,8.65,543.11,1476404298.2205
10/20/2020,ProShares UltraPro Short QQQ,SQQQ,2709.7625,2740.2,-1.11078,-30.4375,545.51,1478209803.5385
10/19/2020,ProShares UltraPro Short QQQ,SQQQ,2740.2,2597.8375,5.48004,142.3625,547.11,1499198165.736
10/16/2020,ProShares UltraPro Short QQQ,SQQQ,2597.8375,2567.4125,1.18505,30.425,569.91,1480540531.8295
10/15/2020,ProShares UltraPro Short QQQ,SQQQ,2567.4125,2512.75,2.17541,54.6625,595.91,1529953663.5405
10/14/2020,ProShares UltraPro Short QQQ,SQQQ,2512.75,2453.2375,2.42588,59.5125,605.51,1521501986.67
10/13/2020,ProShares UltraPro Short QQQ,SQQQ,2453.2375,2450.3875,0.11631,2.85,628.31,1541400228.3015
10/12/2020,ProShares UltraPro Short QQQ,SQQQ,2450.3875,2700.95,-9.27683,-250.5625,608.31,1490601787.1635
10/09/2020,ProShares UltraPro Short QQQ,SQQQ,2700.95,2829.4625,-4.54194,-128.5125,510.71,1379409413.046
10/08/2020,ProShares UltraPro Short QQQ,SQQQ,2829.4625,2865.475,-1.25677,-36.0125,499.11,1412220611.3345
10/07/2020,ProShares UltraPro Short QQQ,SQQQ,2865.475,3036.1625,-5.62182,-170.6875,489.91,1403832536.723
10/06/2020,ProShares UltraPro Short QQQ,SQQQ,3036.1625,2874.025,5.64148,162.1375,466.71,1417015537.2905
10/05/2020,ProShares UltraPro Short QQQ,SQQQ,2874.025,3082.3,-6.75713,-208.275,480.71,1381580260.137
10/02/2020,ProShares UltraPro Short QQQ,SQQQ,3082.3,2841.3875,8.47869,240.9125,493.91,1522387053.564
10/01/2020,ProShares UltraPro Short QQQ,SQQQ,2841.3875,2971.7375,-4.38632,-130.35,532.31,1512506595.0435
09/30/2020,ProShares UltraPro Short QQQ,SQQQ,2971.7375,3048.6125,-2.52164,-76.875,502.31,1492741427.8815
09/29/2020,ProShares UltraPro Short QQQ,SQQQ,3048.6125,3015.975,1.08215,32.6375,511.51,1559403950.1565
09/28/2020,ProShares UltraPro Short QQQ,SQQQ,3015.975,3200.1625,-5.75557,-184.1875,516.31,1557186135.063
09/25/2020,ProShares UltraPro Short QQQ,SQQQ,3200.1625,3441.4625,-7.01155,-241.3,513.91,1644604086.8105
09/24/2020,ProShares UltraPro Short QQQ,SQQQ,3441.4625,3502.7,-1.74829,-61.2375,499.11,1717677571.4945
09/23/2020,ProShares UltraPro Short QQQ,SQQQ,3502.7,3200.1375,9.45467,302.5625,501.11,1755247384.236
09/22/2020,ProShares UltraPro Short QQQ,SQQQ,3200.1375,3391.2125,-5.63442,-191.075,500.71,1602349423.9935
09/21/2020,ProShares UltraPro Short QQQ,SQQQ,3391.2125,3433.3875,-1.22838,-42.175,504.31,1710231464.3245
09/18/2020,ProShares UltraPro Short QQQ,SQQQ,3433.3875,3304.6,3.89722,128.7875,500.31,1717767301.6035
09/17/2020,ProShares UltraPro Short QQQ,SQQQ,3304.6,3163.8875,4.44746,140.7125,491.91,1625574642.328
09/16/2020,ProShares UltraPro Short QQQ,SQQQ,3163.8875,3012.825,5.01398,151.0625,483.11,1528514169.3435
09/15/2020,ProShares UltraPro Short QQQ,SQQQ,3012.825,3147.9,-4.29096,-135.075,495.11,1491687860.121
09/14/2020,ProShares UltraPro Short QQQ,SQQQ,3147.9,3320.25,-5.19087,-172.35,502.71,1582489245.372
09/11/2020,ProShares UltraPro Short QQQ,SQQQ,3320.25,3261.8875,1.78922,58.3625,509.91,1693037575.77
09/10/2020,ProShares UltraPro Short QQQ,SQQQ,3261.8875,3067.3,6.34393,194.5875,509.91,1663277796.9835
09/09/2020,ProShares UltraPro Short QQQ,SQQQ,3067.3,3366.3375,-8.88317,-299.0375,494.71,1517432203.364
09/08/2020,ProShares UltraPro Short QQQ,SQQQ,3366.3375,2945.475,14.28844,420.8625,496.71,1672102521.4095
09/04/2020,ProShares UltraPro Short QQQ,SQQQ,2945.475,2838.0375,3.78563,107.4375,513.91,1513716951.123
09/03/2020,ProShares UltraPro Short QQQ,SQQQ,2838.0375,2454.275,15.63649,383.7625,553.91,1572024957.5655
09/02/2020,ProShares UltraPro Short QQQ,SQQQ,2454.275,2533.475,-3.12614,-79.2,548.71,1346691812.707
09/01/2020,ProShares UltraPro Short QQQ,SQQQ,2533.475,2653.9375,-4.53901,-120.4625,523.91,1327319676.963
08/31/2020,ProShares UltraPro Short QQQ,SQQQ,2653.9375,2732.45,-2.87334,-78.5125,510.31,1354337958.1775
08/28/2020,ProShares UltraPro Short QQQ,SQQQ,2732.45,2781.3,-1.75637,-48.85,495.11,1352870642.466
08/27/2020,ProShares UltraPro Short QQQ,SQQQ,2781.3,2750.375,1.12439,30.925,488.31,1358144056.884
08/26/2020,ProShares UltraPro Short QQQ,SQQQ,2750.375,2938.7875,-6.41123,-188.4125,467.11,1284735037.255
08/25/2020,ProShares UltraPro Short QQQ,SQQQ,2938.7875,3013.0875,-2.46591,-74.3,456.75,1342302856.43586
08/24/2020,ProShares UltraPro Short QQQ,SQQQ,3013.0875,3069.9625,-1.85263,-56.875,447.55,1348519271.37714
08/21/2020,ProShares UltraPro Short QQQ,SQQQ,3069.9625,3134.1125,-2.04683,-64.15,444.75,1365378008.39814
08/20/2020,ProShares UltraPro Short QQQ,SQQQ,3134.1125,3271.575,-4.20172,-137.4625,444.75,1393908975.54798
08/19/2020,ProShares UltraPro Short QQQ,SQQQ,3271.575,3206.475,2.03027,65.1,435.55,1424947478.09412
08/18/2020,ProShares UltraPro Short QQQ,SQQQ,3206.475,3303.8125,-2.94622,-97.3375,426.75,1368375934.67316
08/17/2020,ProShares UltraPro Short QQQ,SQQQ,3303.8125,3418.0625,-3.34254,-114.25,417.55,1379520024.1891
08/14/2020,ProShares UltraPro Short QQQ,SQQQ,3418.0625,3406.4375,0.34127,11.625,409.47,1399607620.2159
08/13/2020,ProShares UltraPro Short QQQ,SQQQ,3406.4375,3426,-0.57100,-19.5625,417.39,1421826470.3193
08/12/2020,ProShares UltraPro Short QQQ,SQQQ,3426,3714.6875,-7.77152,-288.6875,397.15,1360649499.8496
08/11/2020,ProShares UltraPro Short QQQ,SQQQ,3714.6875,3515.875,5.65471,198.8125,385.87,1433401211.4485
08/10/2020,ProShares UltraPro Short QQQ,SQQQ,3515.875,3465.8125,1.44447,50.0625,389.55,1369623062.8674
08/07/2020,ProShares UltraPro Short QQQ,SQQQ,3465.8125,3354.25,3.32600,111.5625,400.11,1386719997.2643
08/06/2020,ProShares UltraPro Short QQQ,SQQQ,3354.25,3489.3125,-3.87075,-135.0625,400.91,1344765682.5308
08/05/2020,ProShares UltraPro Short QQQ,SQQQ,3489.3125,3516.875,-0.78372,-27.5625,395.39,1379653120.5499
08/04/2020,ProShares UltraPro Short QQQ,SQQQ,3516.875,3557,-1.12806,-40.125,384.99,1353975666.837
08/03/2020,ProShares UltraPro Short QQQ,SQQQ,3557,3709.4375,-4.10945,-152.4375,377.47,1342674909.8672
07/31/2020,ProShares UltraPro Short QQQ,SQQQ,3709.4375,3918.6875,-5.33980,-209.25,348.03,1291010258.1081
07/30/2020,ProShares UltraPro Short QQQ,SQQQ,3918.6875,3978.9375,-1.51422,-60.25,338.99,1328411431.2469
07/29/2020,ProShares UltraPro Short QQQ,SQQQ,3978.9375,4132.25,-3.71015,-153.3125,337.79,1344061092.9153
07/28/2020,ProShares UltraPro Short QQQ,SQQQ,4132.25,3974.1875,3.97723,158.0625,339.31,1402130150.8796
07/27/2020,ProShares UltraPro Short QQQ,SQQQ,3974.1875,4204.8125,-5.48479,-230.625,339.31,1348497336.5597
07/24/2020,ProShares UltraPro Short QQQ,SQQQ,4204.8125,4091.625,2.76632,113.1875,339.87,1429106315.7987
07/23/2020,ProShares UltraPro Short QQQ,SQQQ,4091.625,3788.3125,8.00653,303.3125,337.63,1381471590.8646
07/22/2020,ProShares UltraPro Short QQQ,SQQQ,3788.3125,3828.3125,-1.04485,-40,343.87,1302702057.4603
07/21/2020,ProShares UltraPro Short QQQ,SQQQ,3828.3125,3707.8125,3.24989,120.5,344.03,1317069546.2443
07/20/2020,ProShares UltraPro Short QQQ,SQQQ,3707.8125,4059,-8.65207,-351.1875,339.95,1260485577.9075
07/17/2020,ProShares UltraPro Short QQQ,SQQQ,4059,4080.5,-0.52690,-21.5,315.55,1280833562.6064
07/16/2020,ProShares UltraPro Short QQQ,SQQQ,4080.5,3996.125,2.11142,84.375,310.67,1267705132.9528
07/15/2020,ProShares UltraPro Short QQQ,SQQQ,3996.125,4010,-0.34601,-13.875,318.91,1274420086.7678
07/14/2020,ProShares UltraPro Short QQQ,SQQQ,4010,4111.375,-2.46572,-101.375,323.63,1297772218.096
07/13/2020,ProShares UltraPro Short QQQ,SQQQ,4111.375,3861.8125,6.46232,249.5625,330.19,1357551231.7642
07/10/2020,ProShares UltraPro Short QQQ,SQQQ,3861.8125,3951.875,-2.27898,-90.0625,309.07,1193585719.2259
07/09/2020,ProShares UltraPro Short QQQ,SQQQ,3951.875,4052.1875,-2.47551,-100.3125,305.47,1207194943.613
07/08/2020,ProShares UltraPro Short QQQ,SQQQ,4052.1875,4223.9375,-4.06611,-171.75,301.07,1220008176.1885
07/07/2020,ProShares UltraPro Short QQQ,SQQQ,4223.9375,4130.5625,2.26059,93.375,300.11,1267662650.4673
07/06/2020,ProShares UltraPro Short QQQ,SQQQ,4130.5625,4470.6875,-7.60789,-340.125,284.19,1173880953.5559
07/02/2020,ProShares UltraPro Short QQQ,SQQQ,4470.6875,4556.375,-1.88061,-85.6875,260.75,1165749512.4661
07/01/2020,ProShares UltraPro Short QQQ,SQQQ,4556.375,4727.5,-3.61978,-171.125,242.11,1103162038.2362
06/30/2020,ProShares UltraPro Short QQQ,SQQQ,4727.5,5025,-5.92040,-297.5,232.99,1101478991.284
06/29/2020,ProShares UltraPro Short QQQ,SQQQ,5025,5202.5625,-3.41298,-177.5625,222.03,1115720697.24
06/26/2020,ProShares UltraPro Short QQQ,SQQQ,5202.5625,4840.0625,7.48957,362.5,224.35,1167215548.9671
06/25/2020,ProShares UltraPro Short QQQ,SQQQ,4840.0625,4988.1875,-2.96952,-148.125,237.23,1148227239.9871
06/24/2020,ProShares UltraPro Short QQQ,SQQQ,4988.1875,4702.1875,6.08228,286,243.71,1215690976.7341
06/23/2020,ProShares UltraPro Short QQQ,SQQQ,4702.1875,4815.625,-2.35561,-113.4375,243.79,1146364956.4285
06/22/2020,ProShares UltraPro Short QQQ,SQQQ,4815.625,4998.6875,-3.66221,-183.0625,225.23,1084642334.855
06/19/2020,ProShares UltraPro Short QQQ,SQQQ,4998.6875,4995.5625,0.06256,3.125,213.55,1067489558.4149
06/18/2020,ProShares UltraPro Short QQQ,SQQQ,4995.5625,5040.1875,-0.88538,-44.625,211.95,1058829302.2599
06/17/2020,ProShares UltraPro Short QQQ,SQQQ,5040.1875,5090.9375,-0.99687,-50.75,211.95,1068287748.1533
06/16/2020,ProShares UltraPro Short QQQ,SQQQ,5090.9375,5375.6875,-5.29700,-284.75,202.43,1030578687.1105
06/15/2020,ProShares UltraPro Short QQQ,SQQQ,5375.6875,5572.5625,-3.53293,-196.875,199.31,1071449614.9541
06/12/2020,ProShares UltraPro Short QQQ,SQQQ,5572.5625,5707.75,-2.36849,-135.1875,199.79,1113364382.7191
06/11/2020,ProShares UltraPro Short QQQ,SQQQ,5707.75,4963.9375,14.98432,743.8125,216.51,1235807609.9844
06/10/2020,ProShares UltraPro Short QQQ,SQQQ,4963.9375,5161.1875,-3.82179,-197.25,221.55,1099780057.9713
06/09/2020,ProShares UltraPro Short QQQ,SQQQ,5161.1875,5266.25,-1.99502,-105.0625,208.99,1078657063.4749
06/08/2020,ProShares UltraPro Short QQQ,SQQQ,5266.25,5394,-2.36837,-127.75,208.99,1100614492.406
06/05/2020,ProShares UltraPro Short QQQ,SQQQ,5394,5742.375,-6.06674,-348.375,209.55,1130334112.0224
06/04/2020,ProShares UltraPro Short QQQ,SQQQ,5742.375,5615,2.26848,127.375,204.83,1176233466.1818
06/03/2020,ProShares UltraPro Short QQQ,SQQQ,5615,5700.4375,-1.49879,-85.4375,205.31,1152837939.304
06/02/2020,ProShares UltraPro Short QQQ,SQQQ,5700.4375,5806.5,-1.82662,-106.0625,200.03,1140281141.5817
06/01/2020,ProShares UltraPro Short QQQ,SQQQ,5806.5,5887.3125,-1.37266,-80.8125,196.83,1142916444.4824
05/29/2020,ProShares UltraPro Short QQQ,SQQQ,5887.3125,6159.6875,-4.42190,-272.375,189.15,1113608529.6507
05/28/2020,ProShares UltraPro Short QQQ,SQQQ,6159.6875,6112.75,0.76786,46.9375,189.55,1167593217.1205
05/27/2020,ProShares UltraPro Short QQQ,SQQQ,6112.75,6216.8125,-1.67389,-104.0625,183.95,1124464627.6724
05/26/2020,ProShares UltraPro Short QQQ,SQQQ,6216.8125,6170.625,0.74851,46.1875,188.99,1174940072.6339
05/22/2020,ProShares UltraPro Short QQQ,SQQQ,6170.625,6242.125,-1.14544,-71.5,190.99,1178552163.663
05/21/2020,ProShares UltraPro Short QQQ,SQQQ,6242.125,6038.1875,3.37746,203.9375,193.79,1209686182.4894
05/20/2020,ProShares UltraPro Short QQQ,SQQQ,6038.1875,6432.125,-6.12453,-393.9375,194.27,1173062654.8141
05/19/2020,ProShares UltraPro Short QQQ,SQQQ,6432.125,6365.5,1.04666,66.625,187.55,1206370576.7134
05/18/2020,ProShares UltraPro Short QQQ,SQQQ,6365.5,6763.125,-5.87931,-397.625,179.31,1141423073.4888
05/15/2020,ProShares UltraPro Short QQQ,SQQQ,6763.125,6898.1875,-1.95794,-135.0625,175.31,1185670290.651
05/14/2020,ProShares UltraPro Short QQQ,SQQQ,6898.1875,7123.75,-3.16634,-225.5625,175.07,1207693068.6701
05/13/2020,ProShares UltraPro Short QQQ,SQQQ,7123.75,6869.8125,3.69643,253.9375,183.71,1308732390.938
05/12/2020,ProShares UltraPro Short QQQ,SQQQ,6869.8125,6480.3125,6.01051,389.5,192.19,1320336534.7827
05/11/2020,ProShares UltraPro Short QQQ,SQQQ,6480.3125,6651.3125,-2.57092,-171,188.75,1223184708.6235
05/08/2020,ProShares UltraPro Short QQQ,SQQQ,6651.3125,6928.4375,-3.99982,-277.125,182.19,1211829027.4251
05/07/2020,ProShares UltraPro Short QQQ,SQQQ,6928.4375,7212,-3.93182,-283.5625,180.67,1251788306.2505
05/06/2020,ProShares UltraPro Short QQQ,SQQQ,7212,7349.4375,-1.87004,-137.4375,174.43,1258017788.7552
05/05/2020,ProShares UltraPro Short QQQ,SQQQ,7349.4375,7598.75,-3.28097,-249.3125,161.07,1183803072.4521
05/04/2020,ProShares UltraPro Short QQQ,SQQQ,7598.75,7914.6875,-3.99179,-315.9375,161.07,1223960826.498
05/01/2020,ProShares UltraPro Short QQQ,SQQQ,7914.6875,7235.25,9.39066,679.4375,162.83,1288779983.7685
04/30/2020,ProShares UltraPro Short QQQ,SQQQ,7235.25,7278.375,-0.59251,-43.125,166.43,1204191378.5484
04/29/2020,ProShares UltraPro Short QQQ,SQQQ,7278.375,8136.0625,-10.54180,-857.6875,164.67,1198558903.4874
04/28/2020,ProShares UltraPro Short QQQ,SQQQ,8136.0625,7716.9375,5.43123,419.125,152.91,1244117613.7887
04/27/2020,ProShares UltraPro Short QQQ,SQQQ,7716.9375,7855.3125,-1.76155,-138.375,148.19,1143603601.2801
04/24/2020,ProShares UltraPro Short QQQ,SQQQ,7855.3125,8272,-5.03732,-416.6875,148.19,1164109941.8235
04/23/2020,ProShares UltraPro Short QQQ,SQQQ,8272,8206.6875,0.79584,65.3125,149.07,1233139876.5312
04/22/2020,ProShares UltraPro Short QQQ,SQQQ,8206.6875,9051.125,-9.32964,-844.4375,145.63,1195172477.8917
04/21/2020,ProShares UltraPro Short QQQ,SQQQ,9051.125,8145.5,11.11810,905.625,141.39,1279774493.0958
04/20/2020,ProShares UltraPro Short QQQ,SQQQ,8145.5,7862.875,3.59442,282.625,149.55,1218191859.3768
04/17/2020,ProShares UltraPro Short QQQ,SQQQ,7862.875,8068.9375,-2.55377,-206.0625,149.55,1175924168.7186
04/16/2020,ProShares UltraPro Short QQQ,SQQQ,8068.9375,8563.625,-5.77661,-494.6875,150.99,1218360903.5793
04/15/2020,ProShares UltraPro Short QQQ,SQQQ,8563.625,8277.25,3.45978,286.375,150.67,1290315372.9158
04/14/2020,ProShares UltraPro Short QQQ,SQQQ,8277.25,9508.6875,-12.95066,-1231.4375,156.75,1297491794.8716
04/13/2020,ProShares UltraPro Short QQQ,SQQQ,9508.6875,9847,-3.43569,-338.3125,141.31,1343710376.3109
04/09/2020,ProShares UltraPro Short QQQ,SQQQ,9847,9881.5625,-0.34977,-34.5625,141.95,1397820738.6512
04/08/2020,ProShares UltraPro Short QQQ,SQQQ,9881.5625,10593.5625,-6.72106,-712,134.59,1329998722.7255
04/07/2020,ProShares UltraPro Short QQQ,SQQQ,10593.5625,10472.125,1.15963,121.4375,134.75,1427524599.0807
04/06/2020,ProShares UltraPro Short QQQ,SQQQ,10472.125,13435.6875,-22.05739,-2963.5625,122.67,1284657143.8974
04/03/2020,ProShares UltraPro Short QQQ,SQQQ,13435.6875,12892.0625,4.21674,543.625,105.71,1420339859.9301
04/02/2020,ProShares UltraPro Short QQQ,SQQQ,12892.0625,13722.4375,-6.05122,-830.375,106.51,1373184753.2063
04/01/2020,ProShares UltraPro Short QQQ,SQQQ,13722.4375,12190,12.57127,1532.4375,108.27,1485782780.7129
03/31/2020,ProShares UltraPro Short QQQ,SQQQ,12190,11855,2.82581,335,116.51,1420305289.424
03/30/2020,ProShares UltraPro Short QQQ,SQQQ,11855,13456.1875,-11.89927,-1601.1875,115.39,1367995509.608
03/27/2020,ProShares UltraPro Short QQQ,SQQQ,13456.1875,12047.1875,11.69568,1409,103.23,1389135651.3069
03/26/2020,ProShares UltraPro Short QQQ,SQQQ,12047.1875,14534.1875,-17.11138,-2487,101.95,1228258588.1405
03/25/2020,ProShares UltraPro Short QQQ,SQQQ,14534.1875,14107,3.02820,427.1875,86.27,1253922050.5357
03/24/2020,ProShares UltraPro Short QQQ,SQQQ,14107,18419.5,-23.41269,-4312.5,72.27,1019568889.1472
03/23/2020,ProShares UltraPro Short QQQ,SQQQ,18419.5,18521.1875,-0.54903,-101.6875,61.39,1130846223.0472
03/20/2020,ProShares UltraPro Short QQQ,SQQQ,18521.1875,16532.6875,12.02769,1988.5,75.31,1394904152.3309
03/19/2020,ProShares UltraPro Short QQQ,SQQQ,16532.6875,17362.6875,-4.78037,-830,76.99,1272917238.7813
03/18/2020,ProShares UltraPro Short QQQ,SQQQ,17362.6875,15513.4375,11.92031,1849.25,77.31,1342378293.5493
03/17/2020,ProShares UltraPro Short QQQ,SQQQ,15513.4375,19269.1875,-19.49096,-3755.75,82.75,1283798535.2665
03/16/2020,ProShares UltraPro Short QQQ,SQQQ,19269.1875,14094.4375,36.71484,5174.75,82.43,1588435616.5917
03/13/2020,ProShares UltraPro Short QQQ,SQQQ,14094.4375,20215.6875,-30.27970,-6121.25,86.03,1212600407.4041
03/12/2020,ProShares UltraPro Short QQQ,SQQQ,20215.6875,15822.375,27.76645,4393.3125,87.63,1771580943.8181
03/11/2020,ProShares UltraPro Short QQQ,SQQQ,15822.375,13986.3125,13.12757,1836.0625,93.23,1475182829.7498
03/10/2020,ProShares UltraPro Short QQQ,SQQQ,13986.3125,16657.75,-16.03720,-2671.4375,90.19,1261481044.4411
03/09/2020,ProShares UltraPro Short QQQ,SQQQ,16657.75,13824,20.49877,2833.75,95.95,1598377237.1044
03/06/2020,ProShares UltraPro Short QQQ,SQQQ,13824,13175.4375,4.92251,648.5625,98.83,1366280795.7504
03/05/2020,ProShares UltraPro Short QQQ,SQQQ,13175.4375,12052.6875,9.31535,1122.75,103.63,1365422889.3417
03/04/2020,ProShares UltraPro Short QQQ,SQQQ,12052.6875,13755.625,-12.37994,-1702.9375,100.51,1211463464.9733
03/03/2020,ProShares UltraPro Short QQQ,SQQQ,13755.625,12549.5625,9.61039,1206.0625,98.59,1356221673.079
03/02/2020,ProShares UltraPro Short QQQ,SQQQ,12549.5625,14721,-14.75061,-2171.4375,99.23,1245342903.6183
02/28/2020,ProShares UltraPro Short QQQ,SQQQ,14721,14849.875,-0.86785,-128.875,101.79,1498509026.4816
02/27/2020,ProShares UltraPro Short QQQ,SQQQ,14849.875,12934.5625,14.80771,1915.3125,97.71,1451040234.3138
02/26/2020,ProShares UltraPro Short QQQ,SQQQ,12934.5625,13106.875,-1.31467,-172.3125,98.27,1271130801.9143
02/25/2020,ProShares UltraPro Short QQQ,SQQQ,13106.875,12125.0625,8.09738,981.8125,100.83,1321618235.301
02/24/2020,ProShares UltraPro Short QQQ,SQQQ,12125.0625,10858.1875,11.66746,1266.875,98.03,1188668008.5231
02/21/2020,ProShares UltraPro Short QQQ,SQQQ,10858.1875,10275.375,5.67193,582.8125,101.55,1102692043.2861
02/20/2020,ProShares UltraPro Short QQQ,SQQQ,10275.375,9991.8125,2.83795,283.5625,100.67,1034462790.3786
02/19/2020,ProShares UltraPro Short QQQ,SQQQ,9991.8125,10285.9375,-2.85949,-294.125,101.55,1014708222.8739
02/18/2020,ProShares UltraPro Short QQQ,SQQQ,10285.9375,10306.375,-0.19830,-20.4375,101.63,1045400659.1825
02/14/2020,ProShares UltraPro Short QQQ,SQQQ,10306.375,10393.875,-0.84184,-87.5,100.59,1036759173.4362
02/13/2020,ProShares UltraPro Short QQQ,SQQQ,10393.875,10335.75,0.56237,58.125,100.59,1045561145.7762
02/12/2020,ProShares UltraPro Short QQQ,SQQQ,10335.75,10654.25,-2.98942,-318.5,97.39,1006639721.2932
02/11/2020,ProShares UltraPro Short QQQ,SQQQ,10654.25,10656.1875,-0.01818,-1.9375,97.63,1040216720.6108
02/10/2020,ProShares UltraPro Short QQQ,SQQQ,10656.1875,11063.9375,-3.68540,-407.75,98.59,1050635826.4269
02/07/2020,ProShares UltraPro Short QQQ,SQQQ,11063.9375,10915.0625,1.36394,148.875,99.23,1097918437.5313
02/06/2020,ProShares UltraPro Short QQQ,SQQQ,10915.0625,11197.875,-2.52559,-282.8125,98.99,1080525365.3071
02/05/2020,ProShares UltraPro Short QQQ,SQQQ,11197.875,11319.75,-1.07666,-121.875,98.99,1108522097.3346
02/04/2020,ProShares UltraPro Short QQQ,SQQQ,11319.75,12148.0625,-6.81847,-828.3125,101.71,1151376707.3796
02/03/2020,ProShares UltraPro Short QQQ,SQQQ,12148.0625,12718.625,-4.48604,-570.5625,101.23,1229796589.8239
01/31/2020,ProShares UltraPro Short QQQ,SQQQ,12718.625,12139.5,4.77058,579.125,93.23,1185807896.6038
01/30/2020,ProShares UltraPro Short QQQ,SQQQ,12139.5,12277.8125,-1.12652,-138.3125,91.23,1107534773.9592
01/29/2020,ProShares UltraPro Short QQQ,SQQQ,12277.8125,12319.625,-0.33940,-41.8125,86.99,1068095647.3795
01/28/2020,ProShares UltraPro Short QQQ,SQQQ,12319.625,12918.6875,-4.63718,-599.0625,87.15,1073704222.7334
01/27/2020,ProShares UltraPro Short QQQ,SQQQ,12918.6875,12161.625,6.22501,757.0625,86.67,1119713927.6469
01/24/2020,ProShares UltraPro Short QQQ,SQQQ,12161.625,11866.5,2.48704,295.125,86.11,1047285805.5366
01/23/2020,ProShares UltraPro Short QQQ,SQQQ,11866.5,11972.5,-0.88536,-106,87.71,1040857820.2584
01/22/2020,ProShares UltraPro Short QQQ,SQQQ,11972.5,12057,-0.70084,-84.5,86.75,1038661901.036
01/21/2020,ProShares UltraPro Short QQQ,SQQQ,12057,12027.625,0.24423,29.375,85.55,1031524211.4672
01/17/2020,ProShares UltraPro Short QQQ,SQQQ,12027.625,12219.625,-1.57124,-192,85.55,1029011063.6102
01/16/2020,ProShares UltraPro Short QQQ,SQQQ,12219.625,12585.25,-2.90519,-365.625,85.55,1045437425.7734
01/15/2020,ProShares UltraPro Short QQQ,SQQQ,12585.25,12592.75,-0.05956,-7.5,85.39,1074704455.9084
01/14/2020,ProShares UltraPro Short QQQ,SQQQ,12592.75,12437.8125,1.24570,154.9375,83.47,1051166830.6804
01/13/2020,ProShares UltraPro Short QQQ,SQQQ,12437.8125,12884.5625,-3.46733,-446.75,82.67,1028283332.5155
01/10/2020,ProShares UltraPro Short QQQ,SQQQ,12884.5625,12783.375,0.79156,101.1875,79.87,1029141153.4343
01/09/2020,ProShares UltraPro Short QQQ,SQQQ,12783.375,13119.5625,-2.56249,-336.1875,77.95,996514826.1354
01/08/2020,ProShares UltraPro Short QQQ,SQQQ,13119.5625,13417.4375,-2.22006,-297.875,77.95,1022721976.2903
01/07/2020,ProShares UltraPro Short QQQ,SQQQ,13417.4375,13410,0.05546,7.4375,78.03,1047015909.9849
01/06/2020,ProShares UltraPro Short QQQ,SQQQ,13410,13663,-1.85172,-253,77.07,1033561932.336
01/03/2020,ProShares UltraPro Short QQQ,SQQQ,13663,13306.875,2.67625,356.125,75.87,1036666046.6448
01/02/2020,ProShares UltraPro Short QQQ,SQQQ,13306.875,13977.125,-4.79534,-670.25,75.87,1009645429.221
12/31/2019,ProShares UltraPro Short QQQ,SQQQ,13977.125,14086.625,-0.77733,-109.5,75.87,1060499957.3454
12/30/2019,ProShares UltraPro Short QQQ,SQQQ,14086.625,13796.0625,2.10613,290.5625,77.07,1085712107.0166
12/27/2019,ProShares UltraPro Short QQQ,SQQQ,13796.0625,13757.5625,0.27985,38.5,77.07,1063317301.7247
12/26/2019,ProShares UltraPro Short QQQ,SQQQ,13757.5625,14135.5625,-2.67411,-378,77.07,1060349953.8951
12/24/2019,ProShares UltraPro Short QQQ,SQQQ,14135.5625,14218.0625,-0.58025,-82.5,75.95,1073652084.4039
12/23/2019,ProShares UltraPro Short QQQ,SQQQ,14218.0625,14301.0625,-0.58038,-83,75.95,1079918286.8959
12/20/2019,ProShares UltraPro Short QQQ,SQQQ,14301.0625,14490.125,-1.30477,-189.0625,75.95,1086222466.3727
12/19/2019,ProShares UltraPro Short QQQ,SQQQ,14490.125,14797.125,-2.07473,-307,75.39,1092468043.7502
12/18/2019,ProShares UltraPro Short QQQ,SQQQ,14797.125,14818.75,-0.14593,-21.625,74.11,1096673672.4174
12/17/2019,ProShares UltraPro Short QQQ,SQQQ,14818.75,14843.75,-0.16842,-25,73.79,1093534387.01
12/16/2019,ProShares UltraPro Short QQQ,SQQQ,14843.75,15287.5,-2.90270,-443.75,73.15,1085879236.25
12/13/2019,ProShares UltraPro Short QQQ,SQQQ,15287.5,15400,-0.73052,-112.5,72.75,1112226310.26
12/12/2019,ProShares UltraPro Short QQQ,SQQQ,15400,15762.5,-2.29976,-362.5,72.99,1124107131.84
12/11/2019,ProShares UltraPro Short QQQ,SQQQ,15762.5,16037.5,-1.71473,-275,72.83,1148045445.82
12/10/2019,ProShares UltraPro Short QQQ,SQQQ,16037.5,15987.5,0.31274,50,72.91,1169357787.46
12/09/2019,ProShares UltraPro Short QQQ,SQQQ,15987.5,15793.75,1.22675,193.75,72.91,1165712088.98
12/06/2019,ProShares UltraPro Short QQQ,SQQQ,15793.75,16312.5,-3.18008,-518.75,74.03,1169274007.37
12/05/2019,ProShares UltraPro Short QQQ,SQQQ,16312.5,16387.5,-0.45767,-75,73.47,1198544129.1
12/04/2019,ProShares UltraPro Short QQQ,SQQQ,16387.5,16637.5,-1.50263,-250,73.47,1204054676.82
12/03/2019,ProShares UltraPro Short QQQ,SQQQ,16637.5,16312.5,1.99234,325,73.31,1219761169.22
12/02/2019,ProShares UltraPro Short QQQ,SQQQ,16312.5,15781.25,3.36634,531.25,74.43,1214204129.1
11/29/2019,ProShares UltraPro Short QQQ,SQQQ,15781.25,15550,1.48714,231.25,76.99,1215061082.75
11/27/2019,ProShares UltraPro Short QQQ,SQQQ,15550,15881.25,-2.08579,-331.25,77.47,1204720227.28
11/26/2019,ProShares UltraPro Short QQQ,SQQQ,15881.25,15956.25,-0.47004,-75,77.31,1227842479.71
11/25/2019,ProShares UltraPro Short QQQ,SQQQ,15956.25,16550,-3.58761,-593.75,77.15,1231088027.43
11/22/2019,ProShares UltraPro Short QQQ,SQQQ,16550,16587.5,-0.22607,-37.5,77.47,1282194196.88
11/21/2019,ProShares UltraPro Short QQQ,SQQQ,16587.5,16468.75,0.72106,118.75,76.83,1274483470.74
11/20/2019,ProShares UltraPro Short QQQ,SQQQ,16468.75,16168.75,1.85543,300,75.47,1242961936.85
11/19/2019,ProShares UltraPro Short QQQ,SQQQ,16168.75,16225,-0.34669,-56.25,74.99,1212558745.97
11/18/2019,ProShares UltraPro Short QQQ,SQQQ,16225,16300,-0.46012,-75,74.75,1212883156.76
11/15/2019,ProShares UltraPro Short QQQ,SQQQ,16300,16650,-2.10210,-350,75.15,1225009704.48
11/14/2019,ProShares UltraPro Short QQQ,SQQQ,16650,16637.5,0.07513,12.5,74.91,1247317593.84
11/13/2019,ProShares UltraPro Short QQQ,SQQQ,16637.5,16612.5,0.15049,25,74.43,1238395169.22
11/12/2019,ProShares UltraPro Short QQQ,SQQQ,16612.5,16743.75,-0.78387,-131.25,73.07,1213941319.98
11/11/2019,ProShares UltraPro Short QQQ,SQQQ,16743.75,16662.5,0.48762,81.25,72.59,1215495278.49
11/08/2019,ProShares UltraPro Short QQQ,SQQQ,16662.5,16881.25,-1.29582,-218.75,72.59,1209597018.46
11/07/2019,ProShares UltraPro Short QQQ,SQQQ,16881.25,17037.5,-0.91709,-156.25,72.75,1228177949.31
11/06/2019,ProShares UltraPro Short QQQ,SQQQ,17037.5,16956.25,0.47917,81.25,72.27,1231367757.06
11/05/2019,ProShares UltraPro Short QQQ,SQQQ,16956.25,16950,0.03687,6.25,72.03,1221425997.03
11/04/2019,ProShares UltraPro Short QQQ,SQQQ,16950,17262.5,-1.81028,-312.5,72.03,1220975784.72
11/01/2019,ProShares UltraPro Short QQQ,SQQQ,17262.5,17768.75,-2.84910,-506.25,72.03,1243486400.22
10/31/2019,ProShares UltraPro Short QQQ,SQQQ,17768.75,17768.75,0.00000,0,71.07,1262895597.33
10/30/2019,ProShares UltraPro Short QQQ,SQQQ,17768.75,18006.25,-1.31899,-237.5,69.95,1242994597.33
10/29/2019,ProShares UltraPro Short QQQ,SQQQ,18006.25,17593.75,2.34458,412.5,70.19,1263930165.11
10/28/2019,ProShares UltraPro Short QQQ,SQQQ,17593.75,18137.5,-2.99793,-543.75,69.55,1223715152.65
10/25/2019,ProShares UltraPro Short QQQ,SQQQ,18137.5,18575,-2.35532,-437.5,68.19,1236868123.62
10/24/2019,ProShares UltraPro Short QQQ,SQQQ,18575,19125,-2.87582,-550,65.23,1211720985.32
10/23/2019,ProShares UltraPro Short QQQ,SQQQ,19125,19231.25,-0.55249,-106.25,62.19,1189459668.6
10/22/2019,ProShares UltraPro Short QQQ,SQQQ,19231.25,18762.5,2.49833,468.75,63.47,1220683777.87
10/21/2019,ProShares UltraPro Short QQQ,SQQQ,18762.5,19287.5,-2.72197,-525,63.31,1187928354.62
10/18/2019,ProShares UltraPro Short QQQ,SQQQ,19287.5,18762.5,2.79813,525,63.31,1221168188.66
10/17/2019,ProShares UltraPro Short QQQ,SQQQ,18762.5,18906.25,-0.76033,-143.75,64.83,1216447354.62
10/16/2019,ProShares UltraPro Short QQQ,SQQQ,18906.25,18743.75,0.86696,162.5,63.55,1201567237.75
10/15/2019,ProShares UltraPro Short QQQ,SQQQ,18743.75,19493.75,-3.84739,-750,62.19,1165748217.69
10/14/2019,ProShares UltraPro Short QQQ,SQQQ,19493.75,19481.25,0.06416,12.5,60.91,1187441694.89
10/11/2019,ProShares UltraPro Short QQQ,SQQQ,19481.25,20287.5,-3.97412,-806.25,60.99,1188238770.27
10/10/2019,ProShares UltraPro Short QQQ,SQQQ,20287.5,20681.25,-1.90390,-393.75,57.55,1167626158.26
10/09/2019,ProShares UltraPro Short QQQ,SQQQ,20681.25,21400,-3.35864,-718.75,56.51,1168779533.79
10/08/2019,ProShares UltraPro Short QQQ,SQQQ,21400,20437.5,4.70948,962.5,54.83,1173446949.44
10/07/2019,ProShares UltraPro Short QQQ,SQQQ,20437.5,20212.5,1.11317,225,56.51,1155004253.7
10/04/2019,ProShares UltraPro Short QQQ,SQQQ,20212.5,21162.5,-4.48907,-950,55.23,1116416610.54
10/03/2019,ProShares UltraPro Short QQQ,SQQQ,21162.5,21931.25,-3.50527,-768.75,52.91,1119791881.66
10/02/2019,ProShares UltraPro Short QQQ,SQQQ,21931.25,20837.5,5.24895,1093.75,52.91,1160469495.79
10/01/2019,ProShares UltraPro Short QQQ,SQQQ,20837.5,20325,2.52153,512.5,55.71,1160939841.54
09/30/2019,ProShares UltraPro Short QQQ,SQQQ,20325,20881.25,-2.66387,-556.25,55.47,1127508432.12
09/27/2019,ProShares UltraPro Short QQQ,SQQQ,20881.25,20168.75,3.53269,712.5,55.55,1160036327.71
09/26/2019,ProShares UltraPro Short QQQ,SQQQ,20168.75,19918.75,1.25510,250,56.11,1131748624.37
09/25/2019,ProShares UltraPro Short QQQ,SQQQ,19918.75,20781.25,-4.15038,-862.5,55.55,1106565631.97
09/24/2019,ProShares UltraPro Short QQQ,SQQQ,20781.25,19943.75,4.19931,837.5,55.07,1144505930.75
09/23/2019,ProShares UltraPro Short QQQ,SQQQ,19943.75,19906.25,0.18838,37.5,56.51,1127100481.21
09/20/2019,ProShares UltraPro Short QQQ,SQQQ,19906.25,19331.25,2.97446,575,56.59,1126573707.35
09/19/2019,ProShares UltraPro Short QQQ,SQQQ,19331.25,19418.75,-0.45060,-87.5,56.59,1094032174.83
09/18/2019,ProShares UltraPro Short QQQ,SQQQ,19418.75,19412.5,0.03220,6.25,56.83,1103644647.17
09/17/2019,ProShares UltraPro Short QQQ,SQQQ,19412.5,19681.25,-1.36551,-268.75,58.11,1128137434.86
09/16/2019,ProShares UltraPro Short QQQ,SQQQ,19681.25,19381.25,1.54789,300,58.51,1151628064.19
09/13/2019,ProShares UltraPro Short QQQ,SQQQ,19381.25,19200,0.94401,181.25,60.03,1163533373.31
09/12/2019,ProShares UltraPro Short QQQ,SQQQ,19200,19418.75,-1.12649,-218.75,60.11,1154188216.32
09/11/2019,ProShares UltraPro Short QQQ,SQQQ,19418.75,19975,-2.78473,-556.25,57.79,1122286647.17
09/10/2019,ProShares UltraPro Short QQQ,SQQQ,19975,19837.5,0.69313,137.5,57.07,1140052542.76
09/09/2019,ProShares UltraPro Short QQQ,SQQQ,19837.5,19681.25,0.79390,156.25,58.75,1165531871.94
09/06/2019,ProShares UltraPro Short QQQ,SQQQ,19681.25,19600,0.41454,81.25,59.47,1170522064.19
09/05/2019,ProShares UltraPro Short QQQ,SQQQ,19600,20756.25,-5.57061,-1156.25,58.67,1150009804.16
09/04/2019,ProShares UltraPro Short QQQ,SQQQ,20756.25,21693.75,-4.32152,-937.5,54.91,1139808081.51
09/03/2019,ProShares UltraPro Short QQQ,SQQQ,21693.75,21018.75,3.21142,675,54.03,1172199428.01
08/30/2019,ProShares UltraPro Short QQQ,SQQQ,21018.75,20918.75,0.47804,100,55.15,1159267498.53
08/29/2019,ProShares UltraPro Short QQQ,SQQQ,20918.75,21900,-4.48059,-981.25,55.63,1163793101.57
08/28/2019,ProShares UltraPro Short QQQ,SQQQ,21900,22093.75,-0.87694,-193.75,53.55,1172831934.24
08/27/2019,ProShares UltraPro Short QQQ,SQQQ,22093.75,22006.25,0.39761,87.5,52.51,1160230515.85
08/26/2019,ProShares UltraPro Short QQQ,SQQQ,22006.25,23025,-4.42454,-1018.75,50.75,1116904543.51
08/23/2019,ProShares UltraPro Short QQQ,SQQQ,23025,21031.25,9.47994,1993.75,50.99,1174136150.04
08/22/2019,ProShares UltraPro Short QQQ,SQQQ,21031.25,20818.75,1.02071,212.5,53.55,1126306923.15
08/21/2019,ProShares UltraPro Short QQQ,SQQQ,20818.75,21393.75,-2.68770,-575,53.47,1113261204.61
08/20/2019,ProShares UltraPro Short QQQ,SQQQ,21393.75,20943.75,2.14861,450,52.27,1118336237.13
08/19/2019,ProShares UltraPro Short QQQ,SQQQ,20943.75,21943.75,-4.55711,-1000,52.03,1089786450.81
08/16/2019,ProShares UltraPro Short QQQ,SQQQ,21943.75,23037.5,-4.74769,-1093.75,51.63,1133042920.41
08/15/2019,ProShares UltraPro Short QQQ,SQQQ,23037.5,22975,0.27203,62.5,48.99,1128698574.66
08/14/2019,ProShares UltraPro Short QQQ,SQQQ,22975,21056.25,9.11250,1918.75,49.15,1129312451.56
08/13/2019,ProShares UltraPro Short QQQ,SQQQ,21056.25,22537.5,-6.57238,-1481.25,50.99,1073741772.39
08/12/2019,ProShares UltraPro Short QQQ,SQQQ,22537.5,21812.5,3.32378,725,49.63,1118625589.86
08/09/2019,ProShares UltraPro Short QQQ,SQQQ,21812.5,21181.25,2.98023,631.25,46.03,1004115961.9
08/08/2019,ProShares UltraPro Short QQQ,SQQQ,21181.25,22731.25,-6.81881,-1550,45.23,958112018.59
08/07/2019,ProShares UltraPro Short QQQ,SQQQ,22731.25,23012.5,-1.22216,-281.25,44.43,1010039671.47
08/06/2019,ProShares UltraPro Short QQQ,SQQQ,23012.5,24050,-4.31393,-1037.5,45.07,1037264725.42
08/05/2019,ProShares UltraPro Short QQQ,SQQQ,24050,21693.75,10.86142,2356.25,45.55,1095572968.88
08/02/2019,ProShares UltraPro Short QQQ,SQQQ,21693.75,20818.75,4.20294,875,45.87,995178428.01
08/01/2019,ProShares UltraPro Short QQQ,SQQQ,20818.75,20437.5,1.86544,381.25,49.55,1031651704.61
07/31/2019,ProShares UltraPro Short QQQ,SQQQ,20437.5,19662.5,3.94151,775,49.87,1019299253.7
07/30/2019,ProShares UltraPro Short QQQ,SQQQ,19662.5,19393.75,1.38576,268.75,51.71,1016825927.26
07/29/2019,ProShares UltraPro Short QQQ,SQQQ,19393.75,19193.75,1.04201,200,52.27,1013788297.93
07/26/2019,ProShares UltraPro Short QQQ,SQQQ,19193.75,19837.5,-3.24512,-643.75,53.79,1032508004.01
07/25/2019,ProShares UltraPro Short QQQ,SQQQ,19837.5,19243.75,3.08542,593.75,53.15,1054441871.94
07/24/2019,ProShares UltraPro Short QQQ,SQQQ,19243.75,19656.25,-2.09857,-412.5,51.79,996710202.49
07/23/2019,ProShares UltraPro Short QQQ,SQQQ,19656.25,20031.25,-1.87207,-375,50.19,986625214.95
07/22/2019,ProShares UltraPro Short QQQ,SQQQ,20031.25,20581.25,-2.67234,-550,49.87,999037953.55
07/19/2019,ProShares UltraPro Short QQQ,SQQQ,20581.25,20050,2.64963,531.25,49.87,1026468636.83
07/18/2019,ProShares UltraPro Short QQQ,SQQQ,20050,20150,-0.49628,-100,50.35,1009597090.48
07/17/2019,ProShares UltraPro Short QQQ,SQQQ,20150,19856.25,1.47938,293.75,52.43,1056544487.44
07/16/2019,ProShares UltraPro Short QQQ,SQQQ,19856.25,19556.25,1.53404,300,52.27,1037965008.87
07/15/2019,ProShares UltraPro Short QQQ,SQQQ,19556.25,19731.25,-0.88692,-175,51.79,1012895817.99
07/12/2019,ProShares UltraPro Short QQQ,SQQQ,19731.25,20075,-1.71233,-343.75,51.31,1012488762.67
07/11/2019,ProShares UltraPro Short QQQ,SQQQ,20075,20012.5,0.31230,62.5,50.83,1020491939.72
07/10/2019,ProShares UltraPro Short QQQ,SQQQ,20012.5,20612.5,-2.91086,-600,49.71,994900816.62
07/09/2019,ProShares UltraPro Short QQQ,SQQQ,20612.5,20937.5,-1.55224,-325,48.03,990100198.38
07/08/2019,ProShares UltraPro Short QQQ,SQQQ,20937.5,20500,2.13415,437.5,48.03,1005711238.5
07/05/2019,ProShares UltraPro Short QQQ,SQQQ,20500,20368.75,0.64437,131.25,48.35,991256376.8
07/03/2019,ProShares UltraPro Short QQQ,SQQQ,20368.75,20831.25,-2.22022,-462.5,47.63,970244418.29
07/02/2019,ProShares UltraPro Short QQQ,SQQQ,20831.25,21087.5,-1.21517,-256.25,46.19,962278129.23
07/01/2019,ProShares UltraPro Short QQQ,SQQQ,21087.5,21918.75,-3.79242,-831.25,46.19,974115333.94
06/28/2019,ProShares UltraPro Short QQQ,SQQQ,21918.75,22025,-0.48241,-106.25,45.47,996732571.17
06/27/2019,ProShares UltraPro Short QQQ,SQQQ,22025,22281.25,-1.15007,-256.25,45.47,1001564180.44
06/26/2019,ProShares UltraPro Short QQQ,SQQQ,22281.25,22593.75,-1.38313,-312.5,44.83,998956885.15
06/25/2019,ProShares UltraPro Short QQQ,SQQQ,22593.75,21643.75,4.38926,950,46.03,1040080000.65
06/24/2019,ProShares UltraPro Short QQQ,SQQQ,21643.75,21593.75,0.23155,50,46.35,1003273729.53
06/21/2019,ProShares UltraPro Short QQQ,SQQQ,21593.75,21512.5,0.37769,81.25,46.35,1000956031.05
06/20/2019,ProShares UltraPro Short QQQ,SQQQ,21512.5,22106.25,-2.68589,-593.75,45.79,985142771.02
06/19/2019,ProShares UltraPro Short QQQ,SQQQ,22106.25,22381.25,-1.22871,-275,44.91,992879440.47
06/18/2019,ProShares UltraPro Short QQQ,SQQQ,22381.25,23393.75,-4.32808,-1012.5,42.91,960468282.11
06/17/2019,ProShares UltraPro Short QQQ,SQQQ,23393.75,23843.75,-1.88729,-450,42.43,992689676.33
06/14/2019,ProShares UltraPro Short QQQ,SQQQ,23843.75,23537.5,1.30112,306.25,42.35,1009877462.65
06/13/2019,ProShares UltraPro Short QQQ,SQQQ,23537.5,23900,-1.51674,-362.5,42.35,996906559.46
06/12/2019,ProShares UltraPro Short QQQ,SQQQ,23900,23506.25,1.67509,393.75,42.27,1010347873.44
06/11/2019,ProShares UltraPro Short QQQ,SQQQ,23506.25,23612.5,-0.44997,-106.25,42.27,993702497.91
06/10/2019,ProShares UltraPro Short QQQ,SQQQ,23612.5,24450,-3.42536,-837.5,41.23,973637107.18
06/07/2019,ProShares UltraPro Short QQQ,SQQQ,24450,25950,-5.78035,-1500,40.03,978830556.72
06/06/2019,ProShares UltraPro Short QQQ,SQQQ,25950,26550,-2.25989,-600,39.71,1030581341.34
06/05/2019,ProShares UltraPro Short QQQ,SQQQ,26550,27168.75,-2.27743,-618.75,38.27,1016177811.66
06/04/2019,ProShares UltraPro Short QQQ,SQQQ,27168.75,29562.5,-8.09725,-2393.75,37.79,1026818921.6775
06/03/2019,ProShares UltraPro Short QQQ,SQQQ,29562.5,27800,6.33993,1762.5,38.19,1129113589.725
05/31/2019,ProShares UltraPro Short QQQ,SQQQ,27800,26493.75,4.93041,1306.25,40.67,1130740458.16
05/30/2019,ProShares UltraPro Short QQQ,SQQQ,26493.75,26812.5,-1.18881,-318.75,40.27,1067012392.5675
05/29/2019,ProShares UltraPro Short QQQ,SQQQ,26812.5,26143.75,2.55797,668.75,39.55,1060544767.425
05/28/2019,ProShares UltraPro Short QQQ,SQQQ,26143.75,25893.75,0.96548,250,39.07,1021543951.5475
05/24/2019,ProShares UltraPro Short QQQ,SQQQ,25893.75,25800,0.36337,93.75,39.23,1015918422.2475
05/23/2019,ProShares UltraPro Short QQQ,SQQQ,25800,24675,4.55927,1125,39.71,1024624223.76
05/22/2019,ProShares UltraPro Short QQQ,SQQQ,24675,24350,1.33470,325,39.67,978958841.91
05/21/2019,ProShares UltraPro Short QQQ,SQQQ,24350,25125,-3.08458,-775,39.93,972395753.82
05/20/2019,ProShares UltraPro Short QQQ,SQQQ,25125,23900,5.12552,1225,39.41,990279694.65
05/17/2019,ProShares UltraPro Short QQQ,SQQQ,23900,23200,3.01724,700,40.85,976413401.08
05/16/2019,ProShares UltraPro Short QQQ,SQQQ,23200,23925,-3.03030,-725,41.19,955703519.04
05/15/2019,ProShares UltraPro Short QQQ,SQQQ,23925,24975,-4.20420,-1050,40.73,974563754.01
05/14/2019,ProShares UltraPro Short QQQ,SQQQ,24975,25800,-3.19767,-825,40.17,1003348577.07
05/13/2019,ProShares UltraPro Short QQQ,SQQQ,25800,23350,10.49251,2450,39.47,1018432223.76
05/10/2019,ProShares UltraPro Short QQQ,SQQQ,23350,23425,-0.32017,-75,41.87,977760636.62
05/09/2019,ProShares UltraPro Short QQQ,SQQQ,23425,23075,1.51679,350,43.43,1017444195.41
05/08/2019,ProShares UltraPro Short QQQ,SQQQ,23075,22875,0.87432,200,43.59,1005934254.39
05/07/2019,ProShares UltraPro Short QQQ,SQQQ,22875,21600,5.90278,1275,44.05,1007737930.95
05/06/2019,ProShares UltraPro Short QQQ,SQQQ,21600,21175,2.00708,425,45.73,987856931.52
05/03/2019,ProShares UltraPro Short QQQ,SQQQ,21175,22225,-4.72441,-1050,46.07,975619431.71
05/02/2019,ProShares UltraPro Short QQQ,SQQQ,22225,21975,1.13766,250,45.83,1018663254.77
05/01/2019,ProShares UltraPro Short QQQ,SQQQ,21975,21725,1.15075,250,44.93,987427225.47
04/30/2019,ProShares UltraPro Short QQQ,SQQQ,21725,21250,2.23529,475,44.67,970545196.17
04/29/2019,ProShares UltraPro Short QQQ,SQQQ,21250,21350,-0.46838,-100,45.03,956974990.5
04/26/2019,ProShares UltraPro Short QQQ,SQQQ,21350,21425,-0.35006,-75,45.03,961478402.22
04/25/2019,ProShares UltraPro Short QQQ,SQQQ,21425,21675,-1.15340,-250,45.71,979424961.01
04/24/2019,ProShares UltraPro Short QQQ,SQQQ,21675,21450,1.04895,225,45.73,991286990.31
04/23/2019,ProShares UltraPro Short QQQ,SQQQ,21450,22300,-3.81166,-850,45.65,979280813.94
04/22/2019,ProShares UltraPro Short QQQ,SQQQ,22300,22500,-0.88889,-200,45.75,1020316813.56
04/18/2019,ProShares UltraPro Short QQQ,SQQQ,22500,22575,-0.33223,-75,45.39,1021367637
04/17/2019,ProShares UltraPro Short QQQ,SQQQ,22575,22775,-0.87816,-200,44.87,1013033195.79
04/16/2019,ProShares UltraPro Short QQQ,SQQQ,22775,23000,-0.97826,-225,45.01,1025196519.23
04/15/2019,ProShares UltraPro Short QQQ,SQQQ,23000,23000,0.00000,0,45.09,1037164695.6
04/12/2019,ProShares UltraPro Short QQQ,SQQQ,23000,23300,-1.28755,-300,45.37,1043604695.6
04/11/2019,ProShares UltraPro Short QQQ,SQQQ,23300,23150,0.64795,150,44.75,1042770930.76
04/10/2019,ProShares UltraPro Short QQQ,SQQQ,23150,23525,-1.59405,-375,44.75,1036057813.18
04/09/2019,ProShares UltraPro Short QQQ,SQQQ,23525,23250,1.18280,275,44.69,1051429107.13
04/08/2019,ProShares UltraPro Short QQQ,SQQQ,23250,23425,-0.74707,-175,44.83,1042393224.9
04/05/2019,ProShares UltraPro Short QQQ,SQQQ,23425,23775,-1.47213,-350,44.83,1050239195.41
04/04/2019,ProShares UltraPro Short QQQ,SQQQ,23775,23750,0.10526,25,44.83,1065931136.43
04/03/2019,ProShares UltraPro Short QQQ,SQQQ,23750,24175,-1.75801,-425,44.07,1046760283.5
04/02/2019,ProShares UltraPro Short QQQ,SQQQ,24175,24375,-0.82051,-200,44.51,1076128783.31
04/01/2019,ProShares UltraPro Short QQQ,SQQQ,24375,25400,-4.03543,-1025,43.83,1068456606.75
03/29/2019,ProShares UltraPro Short QQQ,SQQQ,25400,26025,-2.40154,-625,43.13,1095606576.88
03/28/2019,ProShares UltraPro Short QQQ,SQQQ,26025,26150,-0.47801,-125,43.61,1135057400.13
03/27/2019,ProShares UltraPro Short QQQ,SQQQ,26150,25675,1.85005,475,43.61,1140509164.78
03/26/2019,ProShares UltraPro Short QQQ,SQQQ,25675,26050,-1.43954,-375,44.93,1153683459.11
03/25/2019,ProShares UltraPro Short QQQ,SQQQ,26050,25950,0.38536,100,44.51,1159592753.06
03/22/2019,ProShares UltraPro Short QQQ,SQQQ,25950,24300,6.79012,1650,45.45,1179534341.34
03/21/2019,ProShares UltraPro Short QQQ,SQQQ,24300,25450,-4.51866,-1150,45.59,1107937047.96
03/20/2019,ProShares UltraPro Short QQQ,SQQQ,25450,25850,-1.54739,-400,44.65,1136447282.74
03/19/2019,ProShares UltraPro Short QQQ,SQQQ,25850,26100,-0.95785,-250,44.77,1157410929.62
03/18/2019,ProShares UltraPro Short QQQ,SQQQ,26100,26300,-0.76046,-200,44.57,1163384458.92
03/15/2019,ProShares UltraPro Short QQQ,SQQQ,26300,27000,-2.59259,-700,43.37,1140739282.36
03/14/2019,ProShares UltraPro Short QQQ,SQQQ,27000,26850,0.55866,150,42.25,1140861164.4
03/13/2019,ProShares UltraPro Short QQQ,SQQQ,26850,27475,-2.27480,-625,41.37,1110895046.82
03/12/2019,ProShares UltraPro Short QQQ,SQQQ,27475,27900,-1.52330,-425,39.93,1097189870.07
03/11/2019,ProShares UltraPro Short QQQ,SQQQ,27900,29800,-6.37584,-1900,38.73,1080681869.88
03/08/2019,ProShares UltraPro Short QQQ,SQQQ,29800,29625,0.59072,175,37.91,1129840692.56
03/07/2019,ProShares UltraPro Short QQQ,SQQQ,29625,28600,3.58392,1025,38.41,1138018222.05
03/06/2019,ProShares UltraPro Short QQQ,SQQQ,28600,28075,1.86999,525,38.91,1112943751.92
03/05/2019,ProShares UltraPro Short QQQ,SQQQ,28075,28150,-0.26643,-75,38.39,1077914840.39
03/04/2019,ProShares UltraPro Short QQQ,SQQQ,28150,28125,0.08889,25,37.31,1050392399.18
03/01/2019,ProShares UltraPro Short QQQ,SQQQ,28125,28775,-2.25891,-650,37.81,1063522046.25
02/28/2019,ProShares UltraPro Short QQQ,SQQQ,28775,28525,0.87642,250,37.61,1082346222.43
02/27/2019,ProShares UltraPro Short QQQ,SQQQ,28525,28450,0.26362,75,37.17,1060391693.13
02/26/2019,ProShares UltraPro Short QQQ,SQQQ,28450,28550,-0.35026,-100,37.17,1057603634.34
02/25/2019,ProShares UltraPro Short QQQ,SQQQ,28550,28850,-1.03986,-300,36.37,1038481046.06
02/22/2019,ProShares UltraPro Short QQQ,SQQQ,28850,29525,-2.28620,-675,36.55,1054586281.22
02/21/2019,ProShares UltraPro Short QQQ,SQQQ,29525,29175,1.19966,350,36.79,1086346310.33
02/20/2019,ProShares UltraPro Short QQQ,SQQQ,29175,29150,0.08576,25,36.79,1073468369.31
02/19/2019,ProShares UltraPro Short QQQ,SQQQ,29150,29275,-0.42699,-125,35.87,1045730516.38
02/15/2019,ProShares UltraPro Short QQQ,SQQQ,29275,29700,-1.43098,-425,35.79,1047872781.03
02/14/2019,ProShares UltraPro Short QQQ,SQQQ,29700,29775,-0.25189,-75,35.41,1051799280.84
02/13/2019,ProShares UltraPro Short QQQ,SQQQ,29775,29775,0.00000,0,33.67,1002646839.63
02/12/2019,ProShares UltraPro Short QQQ,SQQQ,29775,31200,-4.56731,-1425,32.71,974062839.63
02/11/2019,ProShares UltraPro Short QQQ,SQQQ,31200,31150,0.16051,50,32.45,1012568456.64
02/08/2019,ProShares UltraPro Short QQQ,SQQQ,31150,31275,-0.39968,-125,32.45,1010945750.78
02/07/2019,ProShares UltraPro Short QQQ,SQQQ,31275,30075,3.99002,1200,32.51,1016879015.43
02/06/2019,ProShares UltraPro Short QQQ,SQQQ,30075,29750,1.09244,325,32.03,963426074.79
02/05/2019,ProShares UltraPro Short QQQ,SQQQ,29750,30575,-2.69828,-825,30.65,911959986.7
02/04/2019,ProShares UltraPro Short QQQ,SQQQ,30575,31750,-3.70079,-1175,29.59,904840133.39
02/01/2019,ProShares UltraPro Short QQQ,SQQQ,31750,31300,1.43770,450,29.17,926278221.1
01/31/2019,ProShares UltraPro Short QQQ,SQQQ,31300,32725,-4.35447,-1425,29.37,919409868.36
01/30/2019,ProShares UltraPro Short QQQ,SQQQ,32725,35525,-7.88177,-2800,28.41,929851985.37
01/29/2019,ProShares UltraPro Short QQQ,SQQQ,35525,34525,2.89645,1000,27.99,994491013.53
01/28/2019,ProShares UltraPro Short QQQ,SQQQ,34525,33200,3.99096,1325,28.31,977544896.33
01/25/2019,ProShares UltraPro Short QQQ,SQQQ,33200,34500,-3.76812,-1300,28.73,953972691.04
01/24/2019,ProShares UltraPro Short QQQ,SQQQ,34500,35175,-1.91898,-675,28.69,989947043.4
01/23/2019,ProShares UltraPro Short QQQ,SQQQ,35175,35350,-0.49505,-175,28.35,997356072.51
01/22/2019,ProShares UltraPro Short QQQ,SQQQ,35350,33325,6.07652,2025,28.29,1000197043.02
01/18/2019,ProShares UltraPro Short QQQ,SQQQ,33325,34325,-2.91333,-1000,28.11,936902955.69
01/17/2019,ProShares UltraPro Short QQQ,SQQQ,34325,35075,-2.13828,-750,27.61,947854572.89
01/16/2019,ProShares UltraPro Short QQQ,SQQQ,35075,35050,0.07133,25,27.01,947520160.79
01/15/2019,ProShares UltraPro Short QQQ,SQQQ,35050,37225,-5.84285,-2175,26.05,913196807.86
01/14/2019,ProShares UltraPro Short QQQ,SQQQ,37225,36225,2.76052,1000,25.31,942318012.77
01/11/2019,ProShares UltraPro Short QQQ,SQQQ,36225,35900,0.90529,325,25.09,909034395.57
01/10/2019,ProShares UltraPro Short QQQ,SQQQ,35900,36200,-0.82873,-300,24.99,897288807.48
01/09/2019,ProShares UltraPro Short QQQ,SQQQ,36200,37025,-2.22822,-825,23.41,847591042.64
01/08/2019,ProShares UltraPro Short QQQ,SQQQ,37025,38150,-2.94889,-1125,22.01,815072689.33
01/07/2019,ProShares UltraPro Short QQQ,SQQQ,38150,39325,-2.98792,-1175,20.87,796347571.18
01/04/2019,ProShares UltraPro Short QQQ,SQQQ,39325,45425,-13.42873,-6100,21.05,827953158.89
01/03/2019,ProShares UltraPro Short QQQ,SQQQ,45425,41275,10.05451,4150,17.83,810114773.81
01/02/2019,ProShares UltraPro Short QQQ,SQQQ,41275,41875,-1.43284,-600,17.81,735277687.43
12/31/2018,ProShares UltraPro Short QQQ,SQQQ,41875,42800,-2.16121,-925,16.67,698228657.75
12/28/2018,ProShares UltraPro Short QQQ,SQQQ,42800,42725,0.17554,75,16.07,687972216.16
12/27/2018,ProShares UltraPro Short QQQ,SQQQ,42725,43225,-1.15674,-500,15.99,683348657.37
12/26/2018,ProShares UltraPro Short QQQ,SQQQ,43225,53300,-18.90244,-10075,15.07,651578715.97
12/24/2018,ProShares UltraPro Short QQQ,SQQQ,53300,49650,7.35146,3650,13.97,744820446.76
12/21/2018,ProShares UltraPro Short QQQ,SQQQ,49650,45350,9.48181,4300,15.23,756373918.98
12/20/2018,ProShares UltraPro Short QQQ,SQQQ,45350,43275,4.79492,2075,16.07,728961215.02
12/19/2018,ProShares UltraPro Short QQQ,SQQQ,43275,40475,6.91785,2800,16.07,695607421.83
12/18/2018,ProShares UltraPro Short QQQ,SQQQ,40475,41325,-2.05687,-850,16.93,685408393.67
12/17/2018,ProShares UltraPro Short QQQ,SQQQ,41325,38725,6.71401,2600,17.01,703108393.29
12/14/2018,ProShares UltraPro Short QQQ,SQQQ,38725,35950,7.71905,2775,18.21,705341688.57
12/13/2018,ProShares UltraPro Short QQQ,SQQQ,35950,36025,-0.20819,-75,18.93,680681513.34
12/12/2018,ProShares UltraPro Short QQQ,SQQQ,36025,37000,-2.63514,-975,18.95,682822072.13
12/11/2018,ProShares UltraPro Short QQQ,SQQQ,37000,37350,-0.93708,-350,17.93,663562336.4
12/10/2018,ProShares UltraPro Short QQQ,SQQQ,37350,38550,-3.11284,-1200,17.15,640706277.42
12/07/2018,ProShares UltraPro Short QQQ,SQQQ,38550,35075,9.90734,3475,17.69,682108218.06
12/06/2018,ProShares UltraPro Short QQQ,SQQQ,35075,35775,-1.95667,-700,18.59,652188660.79
12/04/2018,ProShares UltraPro Short QQQ,SQQQ,35775,32125,11.36187,3650,18.95,678083542.83
12/03/2018,ProShares UltraPro Short QQQ,SQQQ,32125,33750,-4.81481,-1625,17.81,572278515.05
11/30/2018,ProShares UltraPro Short QQQ,SQQQ,33750,34600,-2.45665,-850,17.23,581651455.5
11/29/2018,ProShares UltraPro Short QQQ,SQQQ,34600,34275,0.94821,325,17.23,596300455.12
11/28/2018,ProShares UltraPro Short QQQ,SQQQ,34275,37875,-9.50495,-3600,16.09,551625867.03
11/27/2018,ProShares UltraPro Short QQQ,SQQQ,37875,38250,-0.98039,-375,16.19,613352188.95
11/26/2018,ProShares UltraPro Short QQQ,SQQQ,38250,41100,-6.93431,-2850,16.19,619424982.9
11/23/2018,ProShares UltraPro Short QQQ,SQQQ,41100,40200,2.23881,900,15.91,654070216.92
11/21/2018,ProShares UltraPro Short QQQ,SQQQ,40200,41100,-2.18978,-900,15.99,642963511.44
11/20/2018,ProShares UltraPro Short QQQ,SQQQ,41100,39025,5.31710,2075,15.99,657358216.92
11/19/2018,ProShares UltraPro Short QQQ,SQQQ,39025,35550,9.77496,3475,16.93,660853923.73
11/16/2018,ProShares UltraPro Short QQQ,SQQQ,35550,35175,1.06610,375,18.09,643245866.46
11/15/2018,ProShares UltraPro Short QQQ,SQQQ,35175,37150,-5.31629,-1975,18.09,636460572.51
11/14/2018,ProShares UltraPro Short QQQ,SQQQ,37150,36225,2.55349,925,18.05,670710453.98
11/13/2018,ProShares UltraPro Short QQQ,SQQQ,36225,36250,-0.06897,-25,18.11,656183895.57
11/12/2018,ProShares UltraPro Short QQQ,SQQQ,36250,33275,8.94065,2975,18.55,672586748.5
11/09/2018,ProShares UltraPro Short QQQ,SQQQ,33275,31675,5.05130,1600,18.85,627370749.83
11/08/2018,ProShares UltraPro Short QQQ,SQQQ,31675,31125,1.76707,550,20.27,642182662.31
11/07/2018,ProShares UltraPro Short QQQ,SQQQ,31125,34275,-9.19037,-3150,20.15,627296897.85
11/06/2018,ProShares UltraPro Short QQQ,SQQQ,34275,35075,-2.28083,-800,19.25,659934867.03
11/05/2018,ProShares UltraPro Short QQQ,SQQQ,35075,34650,1.22655,425,19.97,700592160.79
11/02/2018,ProShares UltraPro Short QQQ,SQQQ,34650,33175,4.44612,1475,20.01,693489160.98
11/01/2018,ProShares UltraPro Short QQQ,SQQQ,33175,34675,-4.32588,-1500,21.19,703114838.11
10/31/2018,ProShares UltraPro Short QQQ,SQQQ,34675,37250,-6.91275,-2575,21.45,743921513.91
10/30/2018,ProShares UltraPro Short QQQ,SQQQ,37250,38925,-4.30315,-1675,18.71,697100865.7
10/29/2018,ProShares UltraPro Short QQQ,SQQQ,38925,36700,6.06267,2225,17.61,685629512.01
10/26/2018,ProShares UltraPro Short QQQ,SQQQ,36700,34275,7.07513,2425,17.85,655246101.24
10/25/2018,ProShares UltraPro Short QQQ,SQQQ,34275,38100,-10.03937,-3825,18.37,629772867.03
10/24/2018,ProShares UltraPro Short QQQ,SQQQ,38100,33425,13.98654,4675,17.37,661953865.32
10/23/2018,ProShares UltraPro Short QQQ,SQQQ,33425,33125,0.90566,300,18.37,614154867.41
10/22/2018,ProShares UltraPro Short QQQ,SQQQ,33125,33600,-1.41369,-475,19.13,633817632.25
10/19/2018,ProShares UltraPro Short QQQ,SQQQ,33600,33450,0.44843,150,19.31,648954337.92
10/18/2018,ProShares UltraPro Short QQQ,SQQQ,33450,31325,6.78372,2125,19.87,664789220.34
10/17/2018,ProShares UltraPro Short QQQ,SQQQ,31325,31375,-0.15936,-50,19.81,620677221.29
10/16/2018,ProShares UltraPro Short QQQ,SQQQ,31375,34375,-8.72727,-3000,19.89,624177927.15
10/15/2018,ProShares UltraPro Short QQQ,SQQQ,34375,33150,3.69532,1225,18.39,632297778.75
10/12/2018,ProShares UltraPro Short QQQ,SQQQ,33150,36150,-8.29876,-3000,19.47,645566985.18
10/11/2018,ProShares UltraPro Short QQQ,SQQQ,36150,34925,3.50752,1225,20.21,730740336.78
10/10/2018,ProShares UltraPro Short QQQ,SQQQ,34925,30825,13.30089,4100,19.73,689214043.21
10/09/2018,ProShares UltraPro Short QQQ,SQQQ,30825,31050,-0.72464,-225,20.73,639129162.69
10/08/2018,ProShares UltraPro Short QQQ,SQQQ,31050,30475,1.88679,575,20.45,635100339.06
10/05/2018,ProShares UltraPro Short QQQ,SQQQ,30475,29400,3.65646,1075,21.01,640405221.67
10/04/2018,ProShares UltraPro Short QQQ,SQQQ,29400,27775,5.85059,1625,21.31,626635045.68
10/03/2018,ProShares UltraPro Short QQQ,SQQQ,27775,27875,-0.35874,-100,22.91,636439605.23
10/02/2018,ProShares UltraPro Short QQQ,SQQQ,27875,27675,0.72267,200,23.11,644306016.95
10/01/2018,ProShares UltraPro Short QQQ,SQQQ,27675,27875,-0.71749,-200,22.97,635808693.51
09/28/2018,ProShares UltraPro Short QQQ,SQQQ,27875,27850,0.08977,25,22.49,627023516.95
09/27/2018,ProShares UltraPro Short QQQ,SQQQ,27850,28575,-2.53718,-725,22.53,627575164.02
09/26/2018,ProShares UltraPro Short QQQ,SQQQ,28575,28750,-0.60870,-175,21.65,618766398.99
09/25/2018,ProShares UltraPro Short QQQ,SQQQ,28750,28900,-0.51903,-150,20.79,597830869.5
09/24/2018,ProShares UltraPro Short QQQ,SQQQ,28900,29100,-0.68729,-200,20.81,601527987.08
09/21/2018,ProShares UltraPro Short QQQ,SQQQ,29100,28675,1.48213,425,20.41,594050810.52
09/20/2018,ProShares UltraPro Short QQQ,SQQQ,28675,29575,-3.04311,-900,20.93,600285810.71
09/19/2018,ProShares UltraPro Short QQQ,SQQQ,29575,29525,0.16935,50,20.03,592509016.19
09/18/2018,ProShares UltraPro Short QQQ,SQQQ,29525,30250,-2.39669,-725,20.43,603317310.33
09/17/2018,ProShares UltraPro Short QQQ,SQQQ,30250,28975,4.40035,1275,19.97,604217045.3
09/14/2018,ProShares UltraPro Short QQQ,SQQQ,28975,28775,0.69505,200,19.69,570637045.87
09/13/2018,ProShares UltraPro Short QQQ,SQQQ,28775,29650,-2.95110,-875,19.53,562094222.43
09/12/2018,ProShares UltraPro Short QQQ,SQQQ,29650,29425,0.76466,225,19.65,582744574.98
09/11/2018,ProShares UltraPro Short QQQ,SQQQ,29425,30150,-2.40464,-725,19.97,587738398.61
09/10/2018,ProShares UltraPro Short QQQ,SQQQ,30150,30350,-0.65898,-200,19.97,602219633.58
09/07/2018,ProShares UltraPro Short QQQ,SQQQ,30350,30075,0.91438,275,20.39,618961457.02
09/06/2018,ProShares UltraPro Short QQQ,SQQQ,30075,29250,2.82051,825,21.25,639217574.79
09/05/2018,ProShares UltraPro Short QQQ,SQQQ,29250,28150,3.90764,1100,21.93,641572928.1
09/04/2018,ProShares UltraPro Short QQQ,SQQQ,28150,27800,1.25899,350,21.93,617445399.18
08/31/2018,ProShares UltraPro Short QQQ,SQQQ,27800,27900,-0.35842,-100,22.19,616996458.16
08/30/2018,ProShares UltraPro Short QQQ,SQQQ,27900,27700,0.72202,200,21.75,606939869.88
08/29/2018,ProShares UltraPro Short QQQ,SQQQ,27700,28725,-3.56832,-1025,21.43,593725046.44
08/28/2018,ProShares UltraPro Short QQQ,SQQQ,28725,28850,-0.43328,-125,21.29,611673516.57
08/27/2018,ProShares UltraPro Short QQQ,SQQQ,28850,29725,-2.94365,-875,20.77,599333281.22
08/24/2018,ProShares UltraPro Short QQQ,SQQQ,29725,30600,-2.85948,-875,20.05,596108633.77
08/23/2018,ProShares UltraPro Short QQQ,SQQQ,30600,30450,0.49261,150,19.35,592235986.32
08/22/2018,ProShares UltraPro Short QQQ,SQQQ,30450,30800,-1.13636,-350,19.03,579588868.74
08/21/2018,ProShares UltraPro Short QQQ,SQQQ,30800,31125,-1.04418,-325,18.53,570850809.76
08/20/2018,ProShares UltraPro Short QQQ,SQQQ,31125,31025,0.32232,100,18.49,575629397.85
08/17/2018,ProShares UltraPro Short QQQ,SQQQ,31025,31075,-0.16090,-50,18.65,578743986.13
08/16/2018,ProShares UltraPro Short QQQ,SQQQ,31075,31325,-0.79808,-250,19.03,591485191.99
08/15/2018,ProShares UltraPro Short QQQ,SQQQ,31325,30225,3.63937,1100,19.09,598123221.29
08/14/2018,ProShares UltraPro Short QQQ,SQQQ,30225,30800,-1.86688,-575,19.37,585582692.37
08/13/2018,ProShares UltraPro Short QQQ,SQQQ,30800,30700,0.32573,100,19.57,602882809.76
08/10/2018,ProShares UltraPro Short QQQ,SQQQ,30700,30025,2.24813,675,19.65,603381398.04
08/09/2018,ProShares UltraPro Short QQQ,SQQQ,30025,29975,0.16681,50,20.07,602725368.93
08/08/2018,ProShares UltraPro Short QQQ,SQQQ,29975,30050,-0.24958,-75,19.43,582537663.07
08/07/2018,ProShares UltraPro Short QQQ,SQQQ,30050,30325,-0.90684,-275,18.85,566566221.86
08/06/2018,ProShares UltraPro Short QQQ,SQQQ,30325,30900,-1.86084,-575,19.03,577209604.09
08/03/2018,ProShares UltraPro Short QQQ,SQQQ,30900,31175,-0.88212,-275,18.93,585064221.48
08/02/2018,ProShares UltraPro Short QQQ,SQQQ,31175,32500,-4.07692,-1325,18.55,578424603.71
08/01/2018,ProShares UltraPro Short QQQ,SQQQ,32500,33050,-1.66415,-550,18.49,601058809
07/31/2018,ProShares UltraPro Short QQQ,SQQQ,33050,33575,-1.56366,-525,18.43,609247573.46
07/30/2018,ProShares UltraPro Short QQQ,SQQQ,33575,32225,4.18929,1350,18.81,631683984.99
07/27/2018,ProShares UltraPro Short QQQ,SQQQ,32225,30900,4.28803,1325,19.09,615307926.77
07/26/2018,ProShares UltraPro Short QQQ,SQQQ,30900,29600,4.39189,1300,19.55,604222221.48
07/25/2018,ProShares UltraPro Short QQQ,SQQQ,29600,30875,-4.12955,-1275,20.03,593009869.12
07/24/2018,ProShares UltraPro Short QQQ,SQQQ,30875,31325,-1.43655,-450,20.03,618553368.55
07/23/2018,ProShares UltraPro Short QQQ,SQQQ,31325,31600,-0.87025,-275,19.61,614412221.29
07/20/2018,ProShares UltraPro Short QQQ,SQQQ,31600,31550,0.15848,50,19.61,619806103.52
07/19/2018,ProShares UltraPro Short QQQ,SQQQ,31550,31050,1.61031,500,19.71,621980397.66
07/18/2018,ProShares UltraPro Short QQQ,SQQQ,31050,30875,0.56680,175,19.47,604671339.06
07/17/2018,ProShares UltraPro Short QQQ,SQQQ,30875,31450,-1.82830,-575,19.49,601880868.55
07/16/2018,ProShares UltraPro Short QQQ,SQQQ,31450,31225,0.72058,225,20.15,633846985.94
07/13/2018,ProShares UltraPro Short QQQ,SQQQ,31225,31350,-0.39872,-125,19.81,618695809.57
07/12/2018,ProShares UltraPro Short QQQ,SQQQ,31350,33000,-5.00000,-1650,19.49,611140574.22
07/11/2018,ProShares UltraPro Short QQQ,SQQQ,33000,32475,1.61663,525,18.35,605685867.6
07/10/2018,ProShares UltraPro Short QQQ,SQQQ,32475,32550,-0.23041,-75,18.35,596049956.07
07/09/2018,ProShares UltraPro Short QQQ,SQQQ,32550,33500,-2.83582,-950,17.67,575292514.86
07/06/2018,ProShares UltraPro Short QQQ,SQQQ,33500,35075,-4.49038,-1575,17.65,591412926.2
07/05/2018,ProShares UltraPro Short QQQ,SQQQ,35075,36425,-3.70625,-1350,16.87,591859660.79
07/03/2018,ProShares UltraPro Short QQQ,SQQQ,36425,35175,3.55366,1250,15.97,581857219.01
07/02/2018,ProShares UltraPro Short QQQ,SQQQ,35175,36050,-2.42718,-875,15.81,556261572.51
06/29/2018,ProShares UltraPro Short QQQ,SQQQ,36050,36175,-0.34554,-125,15.71,566493925.06
06/28/2018,ProShares UltraPro Short QQQ,SQQQ,36175,37150,-2.62450,-975,15.93,576416689.71
06/27/2018,ProShares UltraPro Short QQQ,SQQQ,37150,35650,4.20757,1500,16.13,599382453.98
06/26/2018,ProShares UltraPro Short QQQ,SQQQ,35650,36100,-1.24654,-450,16.13,575181278.18
06/25/2018,ProShares UltraPro Short QQQ,SQQQ,36100,33850,6.64697,2250,16.61,599769630.92
06/22/2018,ProShares UltraPro Short QQQ,SQQQ,33850,33550,0.89419,300,17.43,590144867.22
06/21/2018,ProShares UltraPro Short QQQ,SQQQ,33550,32700,2.59939,850,17.85,599005632.06
06/20/2018,ProShares UltraPro Short QQQ,SQQQ,32700,33525,-2.46085,-825,18.23,596255632.44
06/19/2018,ProShares UltraPro Short QQQ,SQQQ,33525,33200,0.97892,325,17.77,595877279.13
06/18/2018,ProShares UltraPro Short QQQ,SQQQ,33200,33125,0.22642,75,18.07,600060691.04
06/15/2018,ProShares UltraPro Short QQQ,SQQQ,33125,32800,0.99085,325,17.79,589430132.25
06/14/2018,ProShares UltraPro Short QQQ,SQQQ,32800,33850,-3.10192,-1050,18.15,595455044.16
06/13/2018,ProShares UltraPro Short QQQ,SQQQ,33850,33775,0.22206,75,17.43,590144867.22
06/12/2018,ProShares UltraPro Short QQQ,SQQQ,33775,34350,-1.67394,-575,17.61,594916808.43
06/11/2018,ProShares UltraPro Short QQQ,SQQQ,34350,34575,-0.65076,-225,16.91,580999925.82
06/08/2018,ProShares UltraPro Short QQQ,SQQQ,34575,34575,0.00000,0,16.73,578582102.19
06/07/2018,ProShares UltraPro Short QQQ,SQQQ,34575,33750,2.44444,825,17.19,594486602.19
06/06/2018,ProShares UltraPro Short QQQ,SQQQ,33750,34375,-1.81818,-625,18.07,610001455.5
06/05/2018,ProShares UltraPro Short QQQ,SQQQ,34375,34700,-0.93660,-325,17.03,585547778.75
06/04/2018,ProShares UltraPro Short QQQ,SQQQ,34700,35600,-2.52809,-900,16.67,578591866.84
06/01/2018,ProShares UltraPro Short QQQ,SQQQ,35600,37450,-4.93992,-1850,16.11,573662572.32
05/31/2018,ProShares UltraPro Short QQQ,SQQQ,37450,37300,0.40214,150,15.61,584748689.14
05/30/2018,ProShares UltraPro Short QQQ,SQQQ,37300,38125,-2.16393,-825,15.29,570470571.56
05/29/2018,ProShares UltraPro Short QQQ,SQQQ,38125,37575,1.46374,550,15.25,581563218.25
05/25/2018,ProShares UltraPro Short QQQ,SQQQ,37575,37750,-0.46358,-175,15.55,584445953.79
05/24/2018,ProShares UltraPro Short QQQ,SQQQ,37750,37650,0.26560,100,15.51,585657924.3
05/23/2018,ProShares UltraPro Short QQQ,SQQQ,37650,38650,-2.58732,-1000,15.79,594648512.58
05/22/2018,ProShares UltraPro Short QQQ,SQQQ,38650,38450,0.52016,200,15.67,605804629.78
05/21/2018,ProShares UltraPro Short QQQ,SQQQ,38450,39125,-1.72524,-675,15.57,598824806.34
05/18/2018,ProShares UltraPro Short QQQ,SQQQ,39125,38525,1.55743,600,15.19,594469835.45
05/17/2018,ProShares UltraPro Short QQQ,SQQQ,38525,38050,1.24836,475,15.37,592287865.13
05/16/2018,ProShares UltraPro Short QQQ,SQQQ,38050,38800,-1.93299,-750,14.77,562155159.46
05/15/2018,ProShares UltraPro Short QQQ,SQQQ,38800,37575,3.26015,1225,14.85,576339747.36
05/14/2018,ProShares UltraPro Short QQQ,SQQQ,37575,37750,-0.46358,-175,15.51,582942953.79
05/11/2018,ProShares UltraPro Short QQQ,SQQQ,37750,37625,0.33223,125,15.27,576597924.3
05/10/2018,ProShares UltraPro Short QQQ,SQQQ,37625,38800,-3.02835,-1175,14.27,537063659.65
05/09/2018,ProShares UltraPro Short QQQ,SQQQ,38800,40175,-3.42253,-1375,13.69,531331747.36
05/08/2018,ProShares UltraPro Short QQQ,SQQQ,40175,40050,0.31211,125,13.47,541322658.51
05/07/2018,ProShares UltraPro Short QQQ,SQQQ,40050,41000,-2.31707,-950,13.19,528424393.86
05/04/2018,ProShares UltraPro Short QQQ,SQQQ,41000,43500,-5.74713,-2500,12.87,527838805.2
05/03/2018,ProShares UltraPro Short QQQ,SQQQ,43500,43450,0.11507,50,11.61,505214098.2
05/02/2018,ProShares UltraPro Short QQQ,SQQQ,43450,42725,1.69690,725,11.91,517668392.34
05/01/2018,ProShares UltraPro Short QQQ,SQQQ,42725,44250,-3.44633,-1525,11.45,489377157.37
04/30/2018,ProShares UltraPro Short QQQ,SQQQ,44250,43250,2.31214,1000,11.57,512154686.1
04/27/2018,ProShares UltraPro Short QQQ,SQQQ,43250,43375,-0.28818,-125,11.47,496255568.9
04/26/2018,ProShares UltraPro Short QQQ,SQQQ,43375,46250,-6.21622,-2875,10.81,469062333.55
04/25/2018,ProShares UltraPro Short QQQ,SQQQ,46250,46350,-0.21575,-100,10.51,486277920.5
04/24/2018,ProShares UltraPro Short QQQ,SQQQ,46350,43575,6.36833,2775,10.79,500307332.22
04/23/2018,ProShares UltraPro Short QQQ,SQQQ,43575,43200,0.86806,375,11.11,484297656.99
04/20/2018,ProShares UltraPro Short QQQ,SQQQ,43200,41250,4.72727,1950,11.19,483585863.04
04/19/2018,ProShares UltraPro Short QQQ,SQQQ,41250,40200,2.61194,1050,11.57,477432334.5
04/18/2018,ProShares UltraPro Short QQQ,SQQQ,40200,40475,-0.67943,-275,11.55,464475511.44
04/17/2018,ProShares UltraPro Short QQQ,SQQQ,40475,43225,-6.36206,-2750,11.55,467652893.67
04/16/2018,ProShares UltraPro Short QQQ,SQQQ,43225,44150,-2.09513,-925,11.01,476085215.97
04/13/2018,ProShares UltraPro Short QQQ,SQQQ,44150,43600,1.26147,550,10.81,477443274.38
04/12/2018,ProShares UltraPro Short QQQ,SQQQ,43600,45075,-3.27232,-1475,10.41,454055509.92
04/11/2018,ProShares UltraPro Short QQQ,SQQQ,45075,44400,1.52027,675,10.37,467613332.79
04/10/2018,ProShares UltraPro Short QQQ,SQQQ,44400,47550,-6.62461,-3150,9.75,433082803.68
04/09/2018,ProShares UltraPro Short QQQ,SQQQ,47550,48450,-1.85759,-900,9.79,465710272.86
04/06/2018,ProShares UltraPro Short QQQ,SQQQ,48450,45100,7.42794,3350,9.63,466772978.34
04/05/2018,ProShares UltraPro Short QQQ,SQQQ,45100,45825,-1.58211,-725,9.91,447126685.72
04/04/2018,ProShares UltraPro Short QQQ,SQQQ,45825,48100,-4.72973,-2275,9.71,445149420.69
04/03/2018,ProShares UltraPro Short QQQ,SQQQ,48100,49700,-3.21932,-1600,9.45,454743037.32
04/02/2018,ProShares UltraPro Short QQQ,SQQQ,49700,45725,8.69328,3975,9.59,476827624.84
03/29/2018,ProShares UltraPro Short QQQ,SQQQ,45725,48400,-5.52686,-2675,9.81,448750508.97
03/28/2018,ProShares UltraPro Short QQQ,SQQQ,48400,46900,3.19829,1500,10.01,484683272.48
03/27/2018,ProShares UltraPro Short QQQ,SQQQ,46900,42650,9.96483,4250,10.11,474352096.68
03/26/2018,ProShares UltraPro Short QQQ,SQQQ,42650,48100,-11.33056,-5450,9.95,424543098.58
03/23/2018,ProShares UltraPro Short QQQ,SQQQ,48100,44600,7.84753,3500,10.37,498995037.32
03/22/2018,ProShares UltraPro Short QQQ,SQQQ,44600,41475,7.53466,3125,10.57,471605627.12
03/21/2018,ProShares UltraPro Short QQQ,SQQQ,41475,40975,1.22026,500,10.47,434414010.87
03/20/2018,ProShares UltraPro Short QQQ,SQQQ,40975,41350,-0.90689,-375,10.67,437371952.27
03/19/2018,ProShares UltraPro Short QQQ,SQQQ,41350,38775,6.64088,2575,10.81,447163746.22
03/16/2018,ProShares UltraPro Short QQQ,SQQQ,38775,38600,0.45337,175,11.37,441031394.43
03/15/2018,ProShares UltraPro Short QQQ,SQQQ,38600,38425,0.45543,175,11.61,448304923.92
03/14/2018,ProShares UltraPro Short QQQ,SQQQ,38425,38325,0.26093,100,11.67,448577953.41
03/13/2018,ProShares UltraPro Short QQQ,SQQQ,38325,37000,3.58108,1325,11.67,447410541.69
03/12/2018,ProShares UltraPro Short QQQ,SQQQ,37000,37475,-1.26751,-475,11.67,431942336.4
03/09/2018,ProShares UltraPro Short QQQ,SQQQ,37475,39775,-5.78253,-2300,11.15,418000542.07
03/08/2018,ProShares UltraPro Short QQQ,SQQQ,39775,40425,-1.60792,-650,10.79,429336011.63
03/07/2018,ProShares UltraPro Short QQQ,SQQQ,40425,40700,-0.67568,-275,10.67,431501187.81
03/06/2018,ProShares UltraPro Short QQQ,SQQQ,40700,41275,-1.39310,-575,10.33,420598570.04
03/05/2018,ProShares UltraPro Short QQQ,SQQQ,41275,42600,-3.11033,-1325,10.25,423238687.43
03/02/2018,ProShares UltraPro Short QQQ,SQQQ,42600,43750,-2.62857,-1150,10.35,441085392.72
03/01/2018,ProShares UltraPro Short QQQ,SQQQ,43750,41825,4.60251,1925,10.47,458242627.5
02/28/2018,ProShares UltraPro Short QQQ,SQQQ,41825,41025,1.95003,800,10.93,457319451.89
02/27/2018,ProShares UltraPro Short QQQ,SQQQ,41025,39525,3.79507,1500,10.77,442008158.13
02/26/2018,ProShares UltraPro Short QQQ,SQQQ,39525,41175,-4.00729,-1650,10.67,421894482.33
02/23/2018,ProShares UltraPro Short QQQ,SQQQ,41175,43775,-5.93946,-2600,10.27,423036775.71
02/22/2018,ProShares UltraPro Short QQQ,SQQQ,43775,43825,-0.11409,-50,10.27,449749480.43
02/21/2018,ProShares UltraPro Short QQQ,SQQQ,43825,43425,0.92113,400,10.17,445880686.29
02/20/2018,ProShares UltraPro Short QQQ,SQQQ,43425,43600,-0.40138,-175,9.69,420967039.41
02/16/2018,ProShares UltraPro Short QQQ,SQQQ,43600,43125,1.10145,475,9.33,406967509.92
02/15/2018,ProShares UltraPro Short QQQ,SQQQ,43125,45550,-5.32382,-2425,8.87,382696304.25
02/14/2018,ProShares UltraPro Short QQQ,SQQQ,45550,48325,-5.74237,-2775,8.85,403305038.46
02/13/2018,ProShares UltraPro Short QQQ,SQQQ,48325,49000,-1.37755,-675,8.79,424975713.69
02/12/2018,ProShares UltraPro Short QQQ,SQQQ,49000,51675,-5.17658,-2675,8.79,430911742.8
02/09/2018,ProShares UltraPro Short QQQ,SQQQ,51675,54500,-5.18349,-2825,8.71,450302006.31
02/08/2018,ProShares UltraPro Short QQQ,SQQQ,54500,48400,12.60331,6100,8.73,476009387.4
02/07/2018,ProShares UltraPro Short QQQ,SQQQ,48400,46625,3.80697,1775,8.87,429507272.48
02/06/2018,ProShares UltraPro Short QQQ,SQQQ,46625,50625,-7.90123,-4000,9.41,438933214.45
02/05/2018,ProShares UltraPro Short QQQ,SQQQ,50625,45325,11.69333,5300,9.69,490764683.25
02/02/2018,ProShares UltraPro Short QQQ,SQQQ,45325,42675,6.20972,2650,9.73,441198862.09
02/01/2018,ProShares UltraPro Short QQQ,SQQQ,42675,41800,2.09330,875,9.99,426498951.51
01/31/2018,ProShares UltraPro Short QQQ,SQQQ,41800,42150,-0.83037,-350,9.83,411066098.96
01/30/2018,ProShares UltraPro Short QQQ,SQQQ,42150,41125,2.49240,1025,9.73,410293039.98
01/29/2018,ProShares UltraPro Short QQQ,SQQQ,41125,40525,1.48057,600,9.73,400315569.85
01/26/2018,ProShares UltraPro Short QQQ,SQQQ,40525,42475,-4.59094,-1950,9.73,394475099.53
01/25/2018,ProShares UltraPro Short QQQ,SQQQ,42475,42400,0.17689,75,9.77,415155628.07
01/24/2018,ProShares UltraPro Short QQQ,SQQQ,42400,41600,1.92308,800,9.83,416966569.28
01/23/2018,ProShares UltraPro Short QQQ,SQQQ,41600,42675,-2.51904,-1075,9.77,406603275.52
01/22/2018,ProShares UltraPro Short QQQ,SQQQ,42675,44050,-3.12145,-1375,9.85,420524451.51
01/19/2018,ProShares UltraPro Short QQQ,SQQQ,44050,44500,-1.01124,-450,9.91,436716862.66
01/18/2018,ProShares UltraPro Short QQQ,SQQQ,44500,44500,0.00000,0,9.99,444738215.4
01/17/2018,ProShares UltraPro Short QQQ,SQQQ,44500,45975,-3.20827,-1475,9.99,444738215.4
01/16/2018,ProShares UltraPro Short QQQ,SQQQ,45975,45550,0.93304,425,9.83,452123538.27
01/12/2018,ProShares UltraPro Short QQQ,SQQQ,45550,46575,-2.20075,-1025,9.81,447033038.46
01/11/2018,ProShares UltraPro Short QQQ,SQQQ,46575,47525,-1.99895,-950,9.81,457092508.59
01/10/2018,ProShares UltraPro Short QQQ,SQQQ,47525,47200,0.68856,325,9.89,470217919.93
01/09/2018,ProShares UltraPro Short QQQ,SQQQ,47200,47225,-0.05294,-25,9.81,463226331.84
01/08/2018,ProShares UltraPro Short QQQ,SQQQ,47225,47725,-1.04767,-500,9.71,458749184.77
01/05/2018,ProShares UltraPro Short QQQ,SQQQ,47725,49250,-3.09645,-1525,9.41,449288743.37
01/04/2018,ProShares UltraPro Short QQQ,SQQQ,49250,49450,-0.40445,-200,9.17,451825272.1
01/03/2018,ProShares UltraPro Short QQQ,SQQQ,49450,50975,-2.99166,-1525,9.17,453660095.54
01/02/2018,ProShares UltraPro Short QQQ,SQQQ,50975,53875,-5.38283,-2900,9.09,463572624.27
12/29/2017,ProShares UltraPro Short QQQ,SQQQ,53875,52775,2.08432,1100,9.03,486713064.15
12/28/2017,ProShares UltraPro Short QQQ,SQQQ,52775,52900,-0.23629,-125,9.05,477831035.23
12/27/2017,ProShares UltraPro Short QQQ,SQQQ,52900,52950,-0.09443,-50,9.05,478962799.88
12/26/2017,ProShares UltraPro Short QQQ,SQQQ,52950,52250,1.33971,700,9.09,481533505.74
12/22/2017,ProShares UltraPro Short QQQ,SQQQ,52250,52050,0.38425,200,9.33,487707623.7
12/21/2017,ProShares UltraPro Short QQQ,SQQQ,52050,52025,0.04805,25,9.49,494168800.26
12/20/2017,ProShares UltraPro Short QQQ,SQQQ,52025,51825,0.38591,200,9.55,497052947.33
12/19/2017,ProShares UltraPro Short QQQ,SQQQ,51825,51050,1.51812,775,9.69,502397623.89
12/18/2017,ProShares UltraPro Short QQQ,SQQQ,51050,52200,-2.20307,-1150,9.99,510199683.06
12/15/2017,ProShares UltraPro Short QQQ,SQQQ,52200,54125,-3.55658,-1925,9.97,520648917.84
12/14/2017,ProShares UltraPro Short QQQ,SQQQ,54125,54000,0.23148,125,9.97,539849093.45
12/13/2017,ProShares UltraPro Short QQQ,SQQQ,54000,54275,-0.50668,-275,9.43,509442328.8
12/12/2017,ProShares UltraPro Short QQQ,SQQQ,54275,54000,0.50926,275,9.35,507694711.03
12/11/2017,ProShares UltraPro Short QQQ,SQQQ,54000,55300,-2.35081,-1300,9.35,505122328.8
12/08/2017,ProShares UltraPro Short QQQ,SQQQ,55300,56025,-1.29407,-725,9.13,505116681.16
12/07/2017,ProShares UltraPro Short QQQ,SQQQ,56025,56650,-1.10327,-625,9.13,511738916.13
12/06/2017,ProShares UltraPro Short QQQ,SQQQ,56650,57400,-1.30662,-750,9.01,510649739.38
12/05/2017,ProShares UltraPro Short QQQ,SQQQ,57400,57450,-0.08703,-50,8.99,516262327.28
12/04/2017,ProShares UltraPro Short QQQ,SQQQ,57450,55500,3.51351,1950,9.11,523606033.14
12/01/2017,ProShares UltraPro Short QQQ,SQQQ,55500,54775,1.32360,725,9.25,513603504.6
11/30/2017,ProShares UltraPro Short QQQ,SQQQ,54775,56200,-2.53559,-1425,9.25,506894269.63
11/29/2017,ProShares UltraPro Short QQQ,SQQQ,56200,53425,5.19420,2775,9.29,522329386.64
11/28/2017,ProShares UltraPro Short QQQ,SQQQ,53425,53850,-0.78923,-425,9.73,520045211.41
11/27/2017,ProShares UltraPro Short QQQ,SQQQ,53850,53775,0.13947,75,9.73,524182211.22
11/24/2017,ProShares UltraPro Short QQQ,SQQQ,53775,54350,-1.05796,-575,9.73,523452152.43
11/22/2017,ProShares UltraPro Short QQQ,SQQQ,54350,54525,-0.32095,-175,9.77,531223269.82
11/21/2017,ProShares UltraPro Short QQQ,SQQQ,54525,56400,-3.32447,-1875,9.77,532933740.33
11/20/2017,ProShares UltraPro Short QQQ,SQQQ,56400,56250,0.26667,150,9.73,549004210.08
11/17/2017,ProShares UltraPro Short QQQ,SQQQ,56250,55600,1.16906,650,9.97,561044092.5
11/16/2017,ProShares UltraPro Short QQQ,SQQQ,55600,57850,-3.88937,-2250,9.95,553448916.32
11/15/2017,ProShares UltraPro Short QQQ,SQQQ,57850,56975,1.53576,875,9.93,574688680.02
11/14/2017,ProShares UltraPro Short QQQ,SQQQ,56975,56375,1.06430,600,10.07,573972827.47
11/13/2017,ProShares UltraPro Short QQQ,SQQQ,56375,56575,-0.35351,-200,10.07,567928357.15
11/10/2017,ProShares UltraPro Short QQQ,SQQQ,56575,56550,0.04421,25,10.07,569943180.59
11/09/2017,ProShares UltraPro Short QQQ,SQQQ,56550,55650,1.61725,900,10.29,582132327.66
11/08/2017,ProShares UltraPro Short QQQ,SQQQ,55650,56325,-1.19840,-675,10.29,572867622.18
11/07/2017,ProShares UltraPro Short QQQ,SQQQ,56325,56525,-0.35383,-200,10.05,566298151.29
11/06/2017,ProShares UltraPro Short QQQ,SQQQ,56525,57025,-0.87681,-500,10.05,568308974.73
11/03/2017,ProShares UltraPro Short QQQ,SQQQ,57025,58700,-2.85349,-1675,10.03,572195533.33
11/02/2017,ProShares UltraPro Short QQQ,SQQQ,58700,58325,0.64295,375,9.97,585480679.64
11/01/2017,ProShares UltraPro Short QQQ,SQQQ,58325,58325,0.00000,0,10.07,587572885.69
10/31/2017,ProShares UltraPro Short QQQ,SQQQ,58325,58925,-1.01824,-600,10.37,605070385.69
10/30/2017,ProShares UltraPro Short QQQ,SQQQ,58925,59350,-0.71609,-425,10.37,611294856.01
10/27/2017,ProShares UltraPro Short QQQ,SQQQ,59350,65000,-8.69231,-5650,10.17,603833855.82
10/26/2017,ProShares UltraPro Short QQQ,SQQQ,65000,64425,0.89251,575,10.01,650917618
10/25/2017,ProShares UltraPro Short QQQ,SQQQ,64425,63625,1.25737,800,10.13,652890500.61
10/24/2017,ProShares UltraPro Short QQQ,SQQQ,63625,64025,-0.62476,-400,10.01,637148206.85
10/23/2017,ProShares UltraPro Short QQQ,SQQQ,64025,62750,2.03187,1275,10.01,641153853.73
10/20/2017,ProShares UltraPro Short QQQ,SQQQ,62750,63250,-0.79051,-500,9.79,614580854.3
10/19/2017,ProShares UltraPro Short QQQ,SQQQ,63250,62550,1.11910,700,9.79,619477912.9
10/18/2017,ProShares UltraPro Short QQQ,SQQQ,62550,62300,0.40128,250,9.69,606367030.86
10/17/2017,ProShares UltraPro Short QQQ,SQQQ,62300,62550,-0.39968,-250,9.69,603943501.56
10/16/2017,ProShares UltraPro Short QQQ,SQQQ,62550,63225,-1.06762,-675,9.69,606367030.86
10/13/2017,ProShares UltraPro Short QQQ,SQQQ,63225,63925,-1.09503,-700,9.69,612910559.97
10/12/2017,ProShares UltraPro Short QQQ,SQQQ,63925,63550,0.59009,375,9.49,606911442.01
10/11/2017,ProShares UltraPro Short QQQ,SQQQ,63550,64100,-0.85803,-550,9.49,603351148.06
10/10/2017,ProShares UltraPro Short QQQ,SQQQ,64100,64250,-0.23346,-150,9.49,608572912.52
10/09/2017,ProShares UltraPro Short QQQ,SQQQ,64250,64075,0.27312,175,9.49,609997030.1
10/06/2017,ProShares UltraPro Short QQQ,SQQQ,64075,64300,-0.34992,-225,9.49,608335559.59
10/05/2017,ProShares UltraPro Short QQQ,SQQQ,64300,66200,-2.87009,-1900,9.49,610471735.96
10/04/2017,ProShares UltraPro Short QQQ,SQQQ,66200,66350,-0.22607,-150,9.37,620566558.64
10/03/2017,ProShares UltraPro Short QQQ,SQQQ,66350,66825,-0.71081,-475,9.37,621972676.22
10/02/2017,ProShares UltraPro Short QQQ,SQQQ,66825,66900,-0.11211,-75,9.17,613060381.89
09/29/2017,ProShares UltraPro Short QQQ,SQQQ,66900,68475,-2.30011,-1575,9.07,607058440.68
09/28/2017,ProShares UltraPro Short QQQ,SQQQ,68475,68325,0.21954,150,9.01,617241675.27
09/27/2017,ProShares UltraPro Short QQQ,SQQQ,68325,70325,-2.84394,-2000,8.95,611790057.69
09/26/2017,ProShares UltraPro Short QQQ,SQQQ,70325,70825,-0.70597,-500,8.95,629698292.09
09/25/2017,ProShares UltraPro Short QQQ,SQQQ,70825,68575,3.28108,2250,9.39,665338350.69
09/22/2017,ProShares UltraPro Short QQQ,SQQQ,68575,68475,0.14604,100,9.51,652430586.99
09/21/2017,ProShares UltraPro Short QQQ,SQQQ,68475,67150,1.97319,1325,9.51,651479175.27
09/20/2017,ProShares UltraPro Short QQQ,SQQQ,67150,66550,0.90158,600,9.81,659017969.98
09/19/2017,ProShares UltraPro Short QQQ,SQQQ,66550,66900,-0.52317,-350,9.81,653129499.66
09/18/2017,ProShares UltraPro Short QQQ,SQQQ,66900,66675,0.33746,225,9.69,648536440.68
09/15/2017,ProShares UltraPro Short QQQ,SQQQ,66675,67300,-0.92868,-625,9.63,642354764.31
09/14/2017,ProShares UltraPro Short QQQ,SQQQ,67300,66125,1.77694,1175,9.63,648376087.56
09/13/2017,ProShares UltraPro Short QQQ,SQQQ,66125,66425,-0.45164,-300,9.59,634410999.85
09/12/2017,ProShares UltraPro Short QQQ,SQQQ,66425,66925,-0.74710,-500,9.59,637289235.01
09/11/2017,ProShares UltraPro Short QQQ,SQQQ,66925,69275,-3.39228,-2350,9.45,632716793.61
09/08/2017,ProShares UltraPro Short QQQ,SQQQ,69275,67550,2.55366,1725,9.45,654933969.03
09/07/2017,ProShares UltraPro Short QQQ,SQQQ,67550,67975,-0.62523,-425,9.39,634572616.86
09/06/2017,ProShares UltraPro Short QQQ,SQQQ,67975,68625,-0.94718,-650,9.39,638565116.67
09/05/2017,ProShares UltraPro Short QQQ,SQQQ,68625,66775,2.77050,1850,9.47,650161292.85
09/01/2017,ProShares UltraPro Short QQQ,SQQQ,66775,66725,0.07493,50,9.49,633969676.03
08/31/2017,ProShares UltraPro Short QQQ,SQQQ,66725,68650,-2.80408,-1925,9.09,606804970.17
08/30/2017,ProShares UltraPro Short QQQ,SQQQ,68650,71200,-3.58146,-2550,8.83,606462145.78
08/29/2017,ProShares UltraPro Short QQQ,SQQQ,71200,72100,-1.24827,-900,8.57,610477144.64
08/28/2017,ProShares UltraPro Short QQQ,SQQQ,72100,72700,-0.82531,-600,8.45,609541850.12
08/25/2017,ProShares UltraPro Short QQQ,SQQQ,72700,72250,0.62284,450,8.45,614614320.44
08/24/2017,ProShares UltraPro Short QQQ,SQQQ,72250,71600,0.90782,650,8.41,607919967.7
08/23/2017,ProShares UltraPro Short QQQ,SQQQ,71600,70800,1.12994,800,8.41,602450791.52
08/22/2017,ProShares UltraPro Short QQQ,SQQQ,70800,74150,-4.51787,-3350,8.35,591471497.76
08/21/2017,ProShares UltraPro Short QQQ,SQQQ,74150,73975,0.23657,175,8.25,612042790.38
08/18/2017,ProShares UltraPro Short QQQ,SQQQ,73975,73775,0.27109,200,8.51,629831819.87
08/17/2017,ProShares UltraPro Short QQQ,SQQQ,73775,69500,6.15108,4275,8.51,628128996.43
08/16/2017,ProShares UltraPro Short QQQ,SQQQ,69500,69850,-0.50107,-350,8.51,591731145.4
08/15/2017,ProShares UltraPro Short QQQ,SQQQ,69850,69950,-0.14296,-100,8.51,594711086.42
08/14/2017,ProShares UltraPro Short QQQ,SQQQ,69950,72825,-3.94782,-2875,8.51,595562498.14
08/11/2017,ProShares UltraPro Short QQQ,SQQQ,72825,74500,-2.24832,-1675,8.33,606932085.09
08/10/2017,ProShares UltraPro Short QQQ,SQQQ,74500,69925,6.54272,4575,8.51,634301731.4
08/09/2017,ProShares UltraPro Short QQQ,SQQQ,69925,69675,0.35881,250,8.65,605139145.21
08/08/2017,ProShares UltraPro Short QQQ,SQQQ,69675,69375,0.43243,300,8.65,602975615.91
08/07/2017,ProShares UltraPro Short QQQ,SQQQ,69375,70625,-1.76991,-1250,8.65,600379380.75
08/04/2017,ProShares UltraPro Short QQQ,SQQQ,70625,70925,-0.42298,-300,8.65,611197027.25
08/03/2017,ProShares UltraPro Short QQQ,SQQQ,70925,70150,1.10478,775,8.65,613793262.41
08/02/2017,ProShares UltraPro Short QQQ,SQQQ,70150,70800,-0.91808,-650,8.33,584638321.58
08/01/2017,ProShares UltraPro Short QQQ,SQQQ,70800,71350,-0.77085,-550,8.03,568815497.76
07/31/2017,ProShares UltraPro Short QQQ,SQQQ,71350,70300,1.49360,1050,7.91,564672262.22
07/28/2017,ProShares UltraPro Short QQQ,SQQQ,70300,70025,0.39272,275,7.91,556362439.16
07/27/2017,ProShares UltraPro Short QQQ,SQQQ,70025,68850,1.70661,1175,7.91,554186056.93
07/26/2017,ProShares UltraPro Short QQQ,SQQQ,68850,69550,-1.00647,-700,7.91,544886969.22
07/25/2017,ProShares UltraPro Short QQQ,SQQQ,69550,69150,0.57845,400,7.95,553208851.26
07/24/2017,ProShares UltraPro Short QQQ,SQQQ,69150,69850,-1.00215,-700,7.87,544495204.38
07/21/2017,ProShares UltraPro Short QQQ,SQQQ,69850,69850,0.00000,0,7.87,550007086.42
07/20/2017,ProShares UltraPro Short QQQ,SQQQ,69850,70025,-0.24991,-175,7.57,529052086.42
07/19/2017,ProShares UltraPro Short QQQ,SQQQ,70025,71325,-1.82264,-1300,7.57,530377556.93
07/18/2017,ProShares UltraPro Short QQQ,SQQQ,71325,72825,-2.05973,-1500,7.39,527385409.29
07/17/2017,ProShares UltraPro Short QQQ,SQQQ,72825,72875,-0.06861,-50,7.41,539933085.09
07/14/2017,ProShares UltraPro Short QQQ,SQQQ,72875,74600,-2.31233,-1725,7.03,512611290.95
07/13/2017,ProShares UltraPro Short QQQ,SQQQ,74600,75150,-0.73187,-550,6.97,520269143.12
07/12/2017,ProShares UltraPro Short QQQ,SQQQ,75150,77975,-3.62296,-2825,6.97,524104907.58
07/11/2017,ProShares UltraPro Short QQQ,SQQQ,77975,78600,-0.79517,-625,6.91,539128288.67
07/10/2017,ProShares UltraPro Short QQQ,SQQQ,78600,80200,-1.99501,-1600,6.91,543449611.92
07/07/2017,ProShares UltraPro Short QQQ,SQQQ,80200,82800,-3.14010,-2600,6.77,543284199.44
07/06/2017,ProShares UltraPro Short QQQ,SQQQ,82800,80600,2.72953,2200,6.77,560896904.16
07/05/2017,ProShares UltraPro Short QQQ,SQQQ,80600,82950,-2.83303,-2350,6.71,541157846.32
07/03/2017,ProShares UltraPro Short QQQ,SQQQ,82950,80800,2.66089,2150,6.71,556936021.74
06/30/2017,ProShares UltraPro Short QQQ,SQQQ,80800,80550,0.31037,250,6.71,542500669.76
06/29/2017,ProShares UltraPro Short QQQ,SQQQ,80550,76550,5.22534,4000,6.71,540822140.46
06/28/2017,ProShares UltraPro Short QQQ,SQQQ,76550,79975,-4.28259,-3425,6.71,513965671.66
06/27/2017,ProShares UltraPro Short QQQ,SQQQ,79975,75800,5.50792,4175,6.73,538561023.07
06/26/2017,ProShares UltraPro Short QQQ,SQQQ,75800,74800,1.33690,1000,6.51,493770083.76
06/23/2017,ProShares UltraPro Short QQQ,SQQQ,74800,75725,-1.22153,-925,6.51,487255966.56
06/22/2017,ProShares UltraPro Short QQQ,SQQQ,75725,75600,0.16534,125,6.51,493281524.97
06/21/2017,ProShares UltraPro Short QQQ,SQQQ,75600,77875,-2.92135,-2275,6.47,489443260.32
06/20/2017,ProShares UltraPro Short QQQ,SQQQ,77875,76050,2.39974,1825,6.47,504171876.95
06/19/2017,ProShares UltraPro Short QQQ,SQQQ,76050,79875,-4.78873,-3825,6.27,477146613.06
06/16/2017,ProShares UltraPro Short QQQ,SQQQ,79875,79050,1.04364,825,6.27,501145111.35
06/15/2017,ProShares UltraPro Short QQQ,SQQQ,79050,78000,1.34615,1050,6.21,491225964.66
06/14/2017,ProShares UltraPro Short QQQ,SQQQ,78000,77000,1.29870,1000,6.19,483141141.6
06/13/2017,ProShares UltraPro Short QQQ,SQQQ,77000,78800,-2.28426,-1800,6.19,476947024.4
06/12/2017,ProShares UltraPro Short QQQ,SQQQ,78800,77450,1.74306,1350,6.55,516464435.36
06/09/2017,ProShares UltraPro Short QQQ,SQQQ,77450,72150,7.34581,5300,6.93,537047377.14
06/08/2017,ProShares UltraPro Short QQQ,SQQQ,72150,72425,-0.37970,-275,6.93,500296555.98
06/07/2017,ProShares UltraPro Short QQQ,SQQQ,72425,73225,-1.09252,-800,6.93,502203438.21
06/06/2017,ProShares UltraPro Short QQQ,SQQQ,73225,72425,1.10459,800,6.81,498963731.97
06/05/2017,ProShares UltraPro Short QQQ,SQQQ,72425,72300,0.17289,125,6.59,477578938.21
06/02/2017,ProShares UltraPro Short QQQ,SQQQ,72300,74800,-3.34225,-2500,6.53,472416673.56
06/01/2017,ProShares UltraPro Short QQQ,SQQQ,74800,75900,-1.44928,-1100,6.53,488751966.56
05/31/2017,ProShares UltraPro Short QQQ,SQQQ,75900,75650,0.33047,250,6.53,495939495.48
05/30/2017,ProShares UltraPro Short QQQ,SQQQ,75650,75900,-0.32938,-250,6.53,494305966.18
05/26/2017,ProShares UltraPro Short QQQ,SQQQ,75900,76325,-0.55683,-425,6.35,482277495.48
05/25/2017,ProShares UltraPro Short QQQ,SQQQ,76325,78275,-2.49122,-1950,6.35,484977995.29
05/24/2017,ProShares UltraPro Short QQQ,SQQQ,78275,79375,-1.38583,-1100,6.29,492672023.83
05/23/2017,ProShares UltraPro Short QQQ,SQQQ,79375,79550,-0.21999,-175,6.21,493245552.75
05/22/2017,ProShares UltraPro Short QQQ,SQQQ,79550,81625,-2.54211,-2075,6.21,494333023.26
05/19/2017,ProShares UltraPro Short QQQ,SQQQ,81625,82725,-1.32971,-1100,6.19,505594816.45
05/18/2017,ProShares UltraPro Short QQQ,SQQQ,82725,84800,-2.44693,-2075,6.19,512408345.37
05/17/2017,ProShares UltraPro Short QQQ,SQQQ,84800,78875,7.51189,5925,6.39,542221138.56
05/16/2017,ProShares UltraPro Short QQQ,SQQQ,78875,79850,-1.22104,-975,6.39,504335994.15
05/15/2017,ProShares UltraPro Short QQQ,SQQQ,79850,80625,-0.96124,-775,6.39,510570258.42
05/12/2017,ProShares UltraPro Short QQQ,SQQQ,80625,81150,-0.64695,-525,6.35,512300699.25
05/11/2017,ProShares UltraPro Short QQQ,SQQQ,81150,80950,0.24707,200,6.35,515636610.78
05/10/2017,ProShares UltraPro Short QQQ,SQQQ,80950,81075,-0.15418,-125,6.35,514365787.34
05/09/2017,ProShares UltraPro Short QQQ,SQQQ,81075,81925,-1.03753,-850,6.35,515160051.99
05/08/2017,ProShares UltraPro Short QQQ,SQQQ,81925,82500,-0.69697,-575,6.35,520561051.61
05/05/2017,ProShares UltraPro Short QQQ,SQQQ,82500,83375,-1.04948,-875,6.35,524214669
05/04/2017,ProShares UltraPro Short QQQ,SQQQ,83375,83425,-0.05993,-50,6.35,529774521.55
05/03/2017,ProShares UltraPro Short QQQ,SQQQ,83425,82625,0.96823,800,6.35,530092227.41
05/02/2017,ProShares UltraPro Short QQQ,SQQQ,82625,83250,-0.75075,-625,6.35,525008933.65
05/01/2017,ProShares UltraPro Short QQQ,SQQQ,83250,85375,-2.48902,-2125,6.29,523985256.9
04/28/2017,ProShares UltraPro Short QQQ,SQQQ,85375,85925,-0.64009,-550,6.07,518577755.95
04/27/2017,ProShares UltraPro Short QQQ,SQQQ,85925,87350,-1.63137,-1425,6.07,521918520.41
04/26/2017,ProShares UltraPro Short QQQ,SQQQ,87350,87000,0.40230,350,6.07,530574137.42
04/25/2017,ProShares UltraPro Short QQQ,SQQQ,87000,88950,-2.19224,-1950,6.07,528448196.4
04/24/2017,ProShares UltraPro Short QQQ,SQQQ,88950,92300,-3.62947,-3350,5.91,526060724.94
04/21/2017,ProShares UltraPro Short QQQ,SQQQ,92300,92225,0.08132,75,5.91,545873017.56
04/20/2017,ProShares UltraPro Short QQQ,SQQQ,92225,94500,-2.40741,-2275,5.91,545429458.77
04/19/2017,ProShares UltraPro Short QQQ,SQQQ,94500,94900,-0.42150,-400,5.91,558884075.4
04/18/2017,ProShares UltraPro Short QQQ,SQQQ,94900,94500,0.42328,400,5.91,561249722.28
04/17/2017,ProShares UltraPro Short QQQ,SQQQ,94500,96975,-2.55220,-2475,5.91,558884075.4
04/13/2017,ProShares UltraPro Short QQQ,SQQQ,96975,95700,1.33229,1275,6.07,589037515.47
04/12/2017,ProShares UltraPro Short QQQ,SQQQ,95700,94575,1.18953,1125,6.07,581293016.04
04/11/2017,ProShares UltraPro Short QQQ,SQQQ,94575,93350,1.31227,1225,6.01,568785134.19
04/10/2017,ProShares UltraPro Short QQQ,SQQQ,93350,93500,-0.16043,-150,6.01,561417840.62
04/07/2017,ProShares UltraPro Short QQQ,SQQQ,93500,93375,0.13387,125,6.07,567929958.2
04/06/2017,ProShares UltraPro Short QQQ,SQQQ,93375,93500,-0.13369,-125,6.07,567170693.55
04/05/2017,ProShares UltraPro Short QQQ,SQQQ,93500,92350,1.24526,1150,6.07,567929958.2
04/04/2017,ProShares UltraPro Short QQQ,SQQQ,92350,92825,-0.51172,-475,5.95,549862723.42
04/03/2017,ProShares UltraPro Short QQQ,SQQQ,92825,92650,0.18888,175,5.95,552690929.09
03/31/2017,ProShares UltraPro Short QQQ,SQQQ,92650,92475,0.18924,175,5.73,531265958.58
03/30/2017,ProShares UltraPro Short QQQ,SQQQ,92475,92950,-0.51103,-475,5.73,530262488.07
03/29/2017,ProShares UltraPro Short QQQ,SQQQ,92950,94150,-1.27456,-1200,5.73,532986193.74
03/28/2017,ProShares UltraPro Short QQQ,SQQQ,94150,95925,-1.85040,-1775,5.73,539867134.38
03/27/2017,ProShares UltraPro Short QQQ,SQQQ,95925,96450,-0.54432,-525,5.73,550045192.41
03/24/2017,ProShares UltraPro Short QQQ,SQQQ,96450,96925,-0.49007,-475,5.73,553055603.94
03/23/2017,ProShares UltraPro Short QQQ,SQQQ,96925,96250,0.70130,675,5.73,555779309.61
03/22/2017,ProShares UltraPro Short QQQ,SQQQ,96250,98175,-1.96078,-1925,5.73,551908780.5
03/21/2017,ProShares UltraPro Short QQQ,SQQQ,98175,93950,4.49707,4225,5.69,559019956.11
03/20/2017,ProShares UltraPro Short QQQ,SQQQ,93950,94200,-0.26539,-250,5.73,538720310.94
03/17/2017,ProShares UltraPro Short QQQ,SQQQ,94200,94025,0.18612,175,5.73,540153840.24
03/16/2017,ProShares UltraPro Short QQQ,SQQQ,94025,93825,0.21316,200,5.73,539150369.73
03/15/2017,ProShares UltraPro Short QQQ,SQQQ,93825,95600,-1.85669,-1775,5.73,538003546.29
03/14/2017,ProShares UltraPro Short QQQ,SQQQ,95600,94975,0.65807,625,5.73,548181604.32
03/13/2017,ProShares UltraPro Short QQQ,SQQQ,94975,95450,-0.49764,-475,5.75,546497281.07
03/10/2017,ProShares UltraPro Short QQQ,SQQQ,95450,96625,-1.21604,-1175,5.75,549230486.74
03/09/2017,ProShares UltraPro Short QQQ,SQQQ,96625,96850,-0.23232,-225,5.75,555991574.45
03/08/2017,ProShares UltraPro Short QQQ,SQQQ,96850,97300,-0.46249,-450,5.75,557286250.82
03/07/2017,ProShares UltraPro Short QQQ,SQQQ,97300,96825,0.49058,475,5.75,559875603.56
03/06/2017,ProShares UltraPro Short QQQ,SQQQ,96825,96125,0.72822,700,5.73,555205897.89
03/03/2017,ProShares UltraPro Short QQQ,SQQQ,96125,96675,-0.56892,-550,5.59,537734515.85
03/02/2017,ProShares UltraPro Short QQQ,SQQQ,96675,95200,1.54937,1475,5.59,540811280.31
03/01/2017,ProShares UltraPro Short QQQ,SQQQ,95200,98575,-3.42379,-3375,5.59,532559957.44
02/28/2017,ProShares UltraPro Short QQQ,SQQQ,98575,97625,0.97311,950,5.59,551440102.99
02/27/2017,ProShares UltraPro Short QQQ,SQQQ,97625,97900,-0.28090,-275,5.59,546125691.65
02/24/2017,ProShares UltraPro Short QQQ,SQQQ,97900,98500,-0.60914,-600,5.59,547664073.88
02/23/2017,ProShares UltraPro Short QQQ,SQQQ,98500,97425,1.10341,1075,5.59,551020544.2
02/22/2017,ProShares UltraPro Short QQQ,SQQQ,97425,97500,-0.07692,-75,5.61,546955368.21
02/21/2017,ProShares UltraPro Short QQQ,SQQQ,97500,98950,-1.46539,-1450,5.61,547376427
02/17/2017,ProShares UltraPro Short QQQ,SQQQ,98950,100300,-1.34596,-1350,5.35,529789896.94
02/16/2017,ProShares UltraPro Short QQQ,SQQQ,100300,100200,0.09980,100,5.35,537017955.16
02/15/2017,ProShares UltraPro Short QQQ,SQQQ,100200,102000,-1.76471,-1800,5.35,536482543.44
02/14/2017,ProShares UltraPro Short QQQ,SQQQ,102000,103000,-0.97087,-1000,5.45,556319954.4
02/13/2017,ProShares UltraPro Short QQQ,SQQQ,103000,104875,-1.78784,-1875,5.45,561774071.6
02/10/2017,ProShares UltraPro Short QQQ,SQQQ,104875,105775,-0.85086,-900,5.09,534245541.35
02/09/2017,ProShares UltraPro Short QQQ,SQQQ,105775,106875,-1.02924,-1100,5.09,538830246.83
02/08/2017,ProShares UltraPro Short QQQ,SQQQ,106875,107550,-0.62762,-675,5.09,544433775.75
02/07/2017,ProShares UltraPro Short QQQ,SQQQ,107550,108675,-1.03520,-1125,5.09,547872304.86
02/06/2017,ProShares UltraPro Short QQQ,SQQQ,108675,109100,-0.38955,-425,5.09,553603186.71
02/03/2017,ProShares UltraPro Short QQQ,SQQQ,109100,110050,-0.86324,-950,5.09,555768186.52
02/02/2017,ProShares UltraPro Short QQQ,SQQQ,110050,109725,0.29620,325,5.09,560607597.86
02/01/2017,ProShares UltraPro Short QQQ,SQQQ,109725,112050,-2.07497,-2325,5.09,558952009.77
01/31/2017,ProShares UltraPro Short QQQ,SQQQ,112050,111225,0.74174,825,5.09,570795832.26
01/30/2017,ProShares UltraPro Short QQQ,SQQQ,111225,108800,2.22886,2425,5.21,579940185.57
01/27/2017,ProShares UltraPro Short QQQ,SQQQ,108800,109525,-0.66195,-725,5.21,567295951.36
01/26/2017,ProShares UltraPro Short QQQ,SQQQ,109525,109875,-0.31854,-350,5.21,571076186.33
01/25/2017,ProShares UltraPro Short QQQ,SQQQ,109875,113200,-2.93728,-3325,5.21,572901127.35
01/24/2017,ProShares UltraPro Short QQQ,SQQQ,113200,115625,-2.09730,-2425,5.21,590238067.04
01/23/2017,ProShares UltraPro Short QQQ,SQQQ,115625,115800,-0.15112,-175,5.13,593632301.25
01/20/2017,ProShares UltraPro Short QQQ,SQQQ,115800,116600,-0.68611,-800,5.13,594530806.5
01/19/2017,ProShares UltraPro Short QQQ,SQQQ,116600,116275,0.27951,325,5.13,598729654.82
01/18/2017,ProShares UltraPro Short QQQ,SQQQ,116275,117025,-0.64089,-750,5.09,592409811.4425
01/17/2017,ProShares UltraPro Short QQQ,SQQQ,117025,116025,0.86188,1000,4.99,584528488.4675
01/13/2017,ProShares UltraPro Short QQQ,SQQQ,116025,117275,-1.06587,-1250,4.93,572572085.7675
01/12/2017,ProShares UltraPro Short QQQ,SQQQ,117275,116700,0.49272,575,4.93,578740714.1425
01/11/2017,ProShares UltraPro Short QQQ,SQQQ,116700,117700,-0.84962,-1000,4.93,575903145.09
01/10/2017,ProShares UltraPro Short QQQ,SQQQ,117700,118400,-0.59122,-700,4.84,570245047.79
01/09/2017,ProShares UltraPro Short QQQ,SQQQ,118400,119700,-1.08605,-1300,4.73,560020479.68
01/06/2017,ProShares UltraPro Short QQQ,SQQQ,119700,122800,-2.52443,-3100,4.58,548214353.19
01/05/2017,ProShares UltraPro Short QQQ,SQQQ,122800,124900,-1.68135,-2100,4.38,537852051.56
01/04/2017,ProShares UltraPro Short QQQ,SQQQ,124900,127000,-1.65354,-2100,4.38,547049847.23
01/03/2017,ProShares UltraPro Short QQQ,SQQQ,127000,130800,-2.90520,-3800,4.38,556247642.9
12/30/2016,ProShares UltraPro Short QQQ,SQQQ,130800,126600,3.31754,4200,4.57,598397273.16
12/29/2016,ProShares UltraPro Short QQQ,SQQQ,126600,126000,0.47619,600,4.73,598805681.82
12/28/2016,ProShares UltraPro Short QQQ,SQQQ,126000,123100,2.35581,2900,4.73,595967740.2
12/27/2016,ProShares UltraPro Short QQQ,SQQQ,123100,125000,-1.52000,-1900,4.73,582251022.37
12/23/2016,ProShares UltraPro Short QQQ,SQQQ,125000,125400,-0.31898,-400,4.71,588737837.5
12/22/2016,ProShares UltraPro Short QQQ,SQQQ,125400,124300,0.88496,1100,4.71,590621798.58
12/21/2016,ProShares UltraPro Short QQQ,SQQQ,124300,123900,0.32284,400,4.73,588548405.61
12/20/2016,ProShares UltraPro Short QQQ,SQQQ,123900,125400,-1.19617,-1500,4.73,586654444.53
12/19/2016,ProShares UltraPro Short QQQ,SQQQ,125400,126900,-1.18203,-1500,4.78,599399798.58
12/16/2016,ProShares UltraPro Short QQQ,SQQQ,126900,125500,1.11554,1400,4.78,606569652.63
12/15/2016,ProShares UltraPro Short QQQ,SQQQ,125500,126400,-0.71203,-900,4.78,599877788.85
12/14/2016,ProShares UltraPro Short QQQ,SQQQ,126400,125300,0.87789,1100,4.77,602915701.28
12/13/2016,ProShares UltraPro Short QQQ,SQQQ,125300,130300,-3.83730,-5000,4.77,597668808.31
12/12/2016,ProShares UltraPro Short QQQ,SQQQ,130300,128600,1.32193,1700,4.34,566140821.81
12/09/2016,ProShares UltraPro Short QQQ,SQQQ,128600,131600,-2.27964,-3000,4.29,551681487.22
12/08/2016,ProShares UltraPro Short QQQ,SQQQ,131600,132200,-0.45386,-600,4.17,549417195.32
12/07/2016,ProShares UltraPro Short QQQ,SQQQ,132200,137600,-3.92442,-5400,4.05,536058136.94
12/06/2016,ProShares UltraPro Short QQQ,SQQQ,137600,138500,-0.64982,-900,4.08,561394611.52
12/05/2016,ProShares UltraPro Short QQQ,SQQQ,138500,142000,-2.46479,-3500,4.15,574761523.95
12/02/2016,ProShares UltraPro Short QQQ,SQQQ,142000,142500,-0.35088,-500,4.15,589286183.4
12/01/2016,ProShares UltraPro Short QQQ,SQQQ,142500,136000,4.77941,6500,4.32,616298634.75
11/30/2016,ProShares UltraPro Short QQQ,SQQQ,136000,131000,3.81679,5000,4.32,588186767.2
11/29/2016,ProShares UltraPro Short QQQ,SQQQ,131000,132300,-0.98262,-1300,4.32,566562253.7
11/28/2016,ProShares UltraPro Short QQQ,SQQQ,132300,131300,0.76161,1000,4.24,561600627.21
11/25/2016,ProShares UltraPro Short QQQ,SQQQ,131300,132700,-1.05501,-1400,4.24,557355724.51
11/23/2016,ProShares UltraPro Short QQQ,SQQQ,132700,131000,1.29771,1700,4.24,563298588.29
11/22/2016,ProShares UltraPro Short QQQ,SQQQ,131000,132300,-0.98262,-1300,4.24,556082253.7
11/21/2016,ProShares UltraPro Short QQQ,SQQQ,132300,136600,-3.14788,-4300,4.22,558293127.21
11/18/2016,ProShares UltraPro Short QQQ,SQQQ,136600,135100,1.11029,1500,4.22,576438708.82
11/17/2016,ProShares UltraPro Short QQQ,SQQQ,135100,138000,-2.10145,-2900,4.22,570108854.77
11/16/2016,ProShares UltraPro Short QQQ,SQQQ,138000,140500,-1.77936,-2500,4.18,577516572.6
11/15/2016,ProShares UltraPro Short QQQ,SQQQ,140500,146600,-4.16098,-6100,4.18,587978829.35
11/14/2016,ProShares UltraPro Short QQQ,SQQQ,146600,142200,3.09423,4400,4.34,636229735.82
11/11/2016,ProShares UltraPro Short QQQ,SQQQ,142200,142700,-0.35039,-500,4.37,622111163.94
11/10/2016,ProShares UltraPro Short QQQ,SQQQ,142700,136100,4.84938,6600,4.37,624298615.29
11/09/2016,ProShares UltraPro Short QQQ,SQQQ,136100,137800,-1.23367,-1700,4.43,603590257.47
11/08/2016,ProShares UltraPro Short QQQ,SQQQ,137800,140500,-1.92171,-2700,4.43,611129592.06
11/07/2016,ProShares UltraPro Short QQQ,SQQQ,140500,151600,-7.32190,-11100,4.43,623103829.35
11/04/2016,ProShares UltraPro Short QQQ,SQQQ,151600,149800,1.20160,1800,4.59,695829249.32
11/03/2016,ProShares UltraPro Short QQQ,SQQQ,149800,145800,2.74348,4000,4.7,704045424.46
11/02/2016,ProShares UltraPro Short QQQ,SQQQ,145800,142200,2.53165,3600,4.7,685245813.66
11/01/2016,ProShares UltraPro Short QQQ,SQQQ,142200,139200,2.15517,3000,4.86,691789163.94
10/31/2016,ProShares UltraPro Short QQQ,SQQQ,139200,138800,0.28818,400,4.84,674410455.84
10/28/2016,ProShares UltraPro Short QQQ,SQQQ,138800,136200,1.90896,2600,4.84,672472494.76
10/27/2016,ProShares UltraPro Short QQQ,SQQQ,136200,134200,1.49031,2000,4.84,659875747.74
10/26/2016,ProShares UltraPro Short QQQ,SQQQ,134200,131700,1.89825,2500,4.84,650185942.34
10/25/2016,ProShares UltraPro Short QQQ,SQQQ,131700,130200,1.15207,1500,4.84,638073685.59
10/24/2016,ProShares UltraPro Short QQQ,SQQQ,130200,135100,-3.62694,-4900,4.77,621692331.54
10/21/2016,ProShares UltraPro Short QQQ,SQQQ,135100,136700,-1.17045,-1600,4.77,645089354.77
10/20/2016,ProShares UltraPro Short QQQ,SQQQ,136700,136400,0.21994,300,4.77,652729199.09
10/19/2016,ProShares UltraPro Short QQQ,SQQQ,136400,136100,0.22043,300,4.83,659480728.28
10/18/2016,ProShares UltraPro Short QQQ,SQQQ,136100,139900,-2.71623,-3800,4.83,658030257.47
10/17/2016,ProShares UltraPro Short QQQ,SQQQ,139900,138800,0.79251,1100,4.77,667309387.73
10/14/2016,ProShares UltraPro Short QQQ,SQQQ,138800,139300,-0.35894,-500,4.77,662062494.76
10/13/2016,ProShares UltraPro Short QQQ,SQQQ,139300,137900,1.01523,1400,4.77,664447446.11
10/12/2016,ProShares UltraPro Short QQQ,SQQQ,137900,137700,0.14524,200,4.77,657769582.33
10/11/2016,ProShares UltraPro Short QQQ,SQQQ,137700,131800,4.47648,5900,4.79,660258101.79
10/10/2016,ProShares UltraPro Short QQQ,SQQQ,131800,134300,-1.86150,-2500,4.82,635263175.86
10/07/2016,ProShares UltraPro Short QQQ,SQQQ,134300,133500,0.59925,800,4.82,647312932.61
10/06/2016,ProShares UltraPro Short QQQ,SQQQ,133500,133200,0.22523,300,4.82,643457010.45
10/05/2016,ProShares UltraPro Short QQQ,SQQQ,133200,134700,-1.11359,-1500,4.82,642011039.64
10/04/2016,ProShares UltraPro Short QQQ,SQQQ,134700,134100,0.44743,600,4.82,649240893.69
10/03/2016,ProShares UltraPro Short QQQ,SQQQ,134100,133500,0.44944,600,4.82,646348952.07
09/30/2016,ProShares UltraPro Short QQQ,SQQQ,133500,136700,-2.34089,-3200,4.74,632777010.45
09/29/2016,ProShares UltraPro Short QQQ,SQQQ,136700,133600,2.32036,3100,4.74,647944699.09
09/28/2016,ProShares UltraPro Short QQQ,SQQQ,133600,134400,-0.59524,-800,4.74,633251000.72
09/27/2016,ProShares UltraPro Short QQQ,SQQQ,134400,138700,-3.10022,-4300,4.74,637042922.88
09/26/2016,ProShares UltraPro Short QQQ,SQQQ,138700,135200,2.58876,3500,4.75,659505004.49
09/23/2016,ProShares UltraPro Short QQQ,SQQQ,135200,132500,2.03774,2700,4.75,642862845.04
09/22/2016,ProShares UltraPro Short QQQ,SQQQ,132500,135700,-2.35814,-3200,4.75,630024607.75
09/21/2016,ProShares UltraPro Short QQQ,SQQQ,135700,139900,-3.00214,-4200,4.79,650668296.39
09/20/2016,ProShares UltraPro Short QQQ,SQQQ,139900,140700,-0.56859,-800,4.79,670806887.73
09/19/2016,ProShares UltraPro Short QQQ,SQQQ,140700,138800,1.36888,1900,4.75,669014809.89
09/16/2016,ProShares UltraPro Short QQQ,SQQQ,138800,138700,0.07210,100,4.75,659980494.76
09/15/2016,ProShares UltraPro Short QQQ,SQQQ,138700,145400,-4.60798,-6700,4.65,645635004.49
09/14/2016,ProShares UltraPro Short QQQ,SQQQ,145400,147700,-1.55721,-2300,4.62,672460852.58
09/13/2016,ProShares UltraPro Short QQQ,SQQQ,147700,143900,2.64072,3800,4.66,689006128.79
09/12/2016,ProShares UltraPro Short QQQ,SQQQ,143900,152000,-5.32895,-8100,4.74,682071998.53
09/09/2016,ProShares UltraPro Short QQQ,SQQQ,152000,141200,7.64873,10800,4.77,725785210.4
09/08/2016,ProShares UltraPro Short QQQ,SQQQ,141200,138800,1.72911,2400,4.77,674216261.24
09/07/2016,ProShares UltraPro Short QQQ,SQQQ,138800,139000,-0.14388,-200,4.77,662756494.76
09/06/2016,ProShares UltraPro Short QQQ,SQQQ,139000,141700,-1.90543,-2700,4.75,660931475.3
09/02/2016,ProShares UltraPro Short QQQ,SQQQ,141700,143100,-0.97834,-1400,4.63,656057212.59
09/01/2016,ProShares UltraPro Short QQQ,SQQQ,143100,144200,-0.76283,-1100,4.63,662539076.37
08/31/2016,ProShares UltraPro Short QQQ,SQQQ,144200,143800,0.27816,400,4.63,667631969.34
08/30/2016,ProShares UltraPro Short QQQ,SQQQ,143800,142400,0.98315,1400,4.63,665780008.26
08/29/2016,ProShares UltraPro Short QQQ,SQQQ,142400,143100,-0.48917,-700,4.56,649330144.48
08/26/2016,ProShares UltraPro Short QQQ,SQQQ,143100,143900,-0.55594,-800,4.42,632488076.37
08/25/2016,ProShares UltraPro Short QQQ,SQQQ,143900,143200,0.48883,700,4.35,625950998.53
08/24/2016,ProShares UltraPro Short QQQ,SQQQ,143200,140200,2.13980,3000,4.32,619326066.64
08/23/2016,ProShares UltraPro Short QQQ,SQQQ,140200,141100,-0.63785,-900,4.32,606351358.54
08/22/2016,ProShares UltraPro Short QQQ,SQQQ,141100,141300,-0.14154,-200,4.23,597544770.97
08/19/2016,ProShares UltraPro Short QQQ,SQQQ,141300,141100,0.14174,200,4.19,592739751.51
08/18/2016,ProShares UltraPro Short QQQ,SQQQ,141100,141400,-0.21216,-300,4.14,584845770.97
08/17/2016,ProShares UltraPro Short QQQ,SQQQ,141400,142100,-0.49261,-700,4.14,586089241.78
08/16/2016,ProShares UltraPro Short QQQ,SQQQ,142100,139700,1.71797,2400,4.1,582596173.67
08/15/2016,ProShares UltraPro Short QQQ,SQQQ,139700,141500,-1.27208,-1800,4.1,572756407.19
08/12/2016,ProShares UltraPro Short QQQ,SQQQ,141500,141900,-0.28189,-400,4.1,580136232.05
08/11/2016,ProShares UltraPro Short QQQ,SQQQ,141900,143700,-1.25261,-1800,4.1,581776193.13
08/10/2016,ProShares UltraPro Short QQQ,SQQQ,143700,142600,0.77139,1100,4.1,589156017.99
08/09/2016,ProShares UltraPro Short QQQ,SQQQ,142600,143600,-0.69638,-1000,4.1,584646125.02
08/08/2016,ProShares UltraPro Short QQQ,SQQQ,143600,143000,0.41958,600,3.99,573668027.72
08/05/2016,ProShares UltraPro Short QQQ,SQQQ,143000,147400,-2.98507,-4400,3.97,568411086.1
08/04/2016,ProShares UltraPro Short QQQ,SQQQ,147400,148600,-0.80754,-1200,3.93,579267657.98
08/03/2016,ProShares UltraPro Short QQQ,SQQQ,148600,150100,-0.99933,-1500,3.93,583983541.22
08/02/2016,ProShares UltraPro Short QQQ,SQQQ,150100,146700,2.31766,3400,3.93,589878395.27
08/01/2016,ProShares UltraPro Short QQQ,SQQQ,146700,149100,-1.60966,-2400,3.8,558179226.09
07/29/2016,ProShares UltraPro Short QQQ,SQQQ,149100,150000,-0.60000,-900,3.69,550164492.57
07/28/2016,ProShares UltraPro Short QQQ,SQQQ,150000,151800,-1.18577,-1800,3.59,539235405
07/27/2016,ProShares UltraPro Short QQQ,SQQQ,151800,154900,-2.00129,-3100,3.59,545706229.86
07/26/2016,ProShares UltraPro Short QQQ,SQQQ,154900,155500,-0.38585,-600,3.57,552977928.23
07/25/2016,ProShares UltraPro Short QQQ,SQQQ,155500,155500,0.00000,0,3.57,555119869.85
07/22/2016,ProShares UltraPro Short QQQ,SQQQ,155500,157400,-1.20712,-1900,3.53,548899869.85
07/21/2016,ProShares UltraPro Short QQQ,SQQQ,157400,156400,0.63939,1000,3.53,555606684.98
07/20/2016,ProShares UltraPro Short QQQ,SQQQ,156400,162100,-3.51635,-5700,3.46,541128782.28
07/19/2016,ProShares UltraPro Short QQQ,SQQQ,162100,160400,1.05985,1700,3.44,558418727.67
07/18/2016,ProShares UltraPro Short QQQ,SQQQ,160400,163600,-1.95599,-3200,3.37,540532393.08
07/15/2016,ProShares UltraPro Short QQQ,SQQQ,163600,162800,0.49140,800,3.37,551316081.72
07/14/2016,ProShares UltraPro Short QQQ,SQQQ,162800,166200,-2.04573,-3400,3.32,541294159.56
07/13/2016,ProShares UltraPro Short QQQ,SQQQ,166200,164900,0.78836,1300,3.2,532654828.74
07/12/2016,ProShares UltraPro Short QQQ,SQQQ,164900,167400,-1.49343,-2500,3.2,528488455.23
07/11/2016,ProShares UltraPro Short QQQ,SQQQ,167400,170400,-1.76056,-3000,3.12,523108711.98
07/08/2016,ProShares UltraPro Short QQQ,SQQQ,170400,178700,-4.64466,-8300,2.97,506923420.08
07/07/2016,ProShares UltraPro Short QQQ,SQQQ,178700,180500,-0.99723,-1800,2.85,510171112.49
07/06/2016,ProShares UltraPro Short QQQ,SQQQ,180500,184700,-2.27396,-4200,2.75,497259937.35
07/05/2016,ProShares UltraPro Short QQQ,SQQQ,184700,181600,1.70705,3100,2.75,508830528.69
07/01/2016,ProShares UltraPro Short QQQ,SQQQ,181600,184100,-1.35796,-2500,2.45,444902330.32
06/30/2016,ProShares UltraPro Short QQQ,SQQQ,184100,191100,-3.66300,-7000,2.45,451027087.07
06/29/2016,ProShares UltraPro Short QQQ,SQQQ,191100,201600,-5.20833,-10500,2.28,436644905.97
06/28/2016,ProShares UltraPro Short QQQ,SQQQ,201600,215300,-6.36321,-13700,2.25,453580384.32
06/27/2016,ProShares UltraPro Short QQQ,SQQQ,215300,203300,5.90261,12000,2.44,526387551.31
06/24/2016,ProShares UltraPro Short QQQ,SQQQ,203300,181200,12.19647,22100,2.54,517378718.91
06/23/2016,ProShares UltraPro Short QQQ,SQQQ,181200,189300,-4.27892,-8100,2.93,530898369.24
06/22/2016,ProShares UltraPro Short QQQ,SQQQ,189300,188100,0.63796,1200,2.93,554630581.11
06/21/2016,ProShares UltraPro Short QQQ,SQQQ,188100,189800,-0.89568,-1700,3.07,578389197.87
06/20/2016,ProShares UltraPro Short QQQ,SQQQ,189800,193300,-1.81066,-3500,3.07,583616532.46
06/17/2016,ProShares UltraPro Short QQQ,SQQQ,193300,186900,3.42429,6400,3.16,611775691.91
06/16/2016,ProShares UltraPro Short QQQ,SQQQ,186900,188800,-1.00636,-1900,3.18,595258314.63
06/15/2016,ProShares UltraPro Short QQQ,SQQQ,188800,186900,1.01659,1900,3.28,620189629.76
06/14/2016,ProShares UltraPro Short QQQ,SQQQ,186900,187200,-0.16026,-300,3.28,613948314.63
06/13/2016,ProShares UltraPro Short QQQ,SQQQ,187200,182500,2.57534,4700,3.28,614933785.44
06/10/2016,ProShares UltraPro Short QQQ,SQQQ,182500,176500,3.39943,6000,3.28,599494742.75
06/09/2016,ProShares UltraPro Short QQQ,SQQQ,176500,175600,0.51253,900,3.28,579785326.55
06/08/2016,ProShares UltraPro Short QQQ,SQQQ,175600,176500,-0.50992,-900,3.25,570682914.12
06/07/2016,ProShares UltraPro Short QQQ,SQQQ,176500,175200,0.74201,1300,3.25,573607826.55
06/06/2016,ProShares UltraPro Short QQQ,SQQQ,175200,176900,-0.96099,-1700,3.24,567630953.04
06/03/2016,ProShares UltraPro Short QQQ,SQQQ,176900,174400,1.43349,2500,3.24,573138787.63
06/02/2016,ProShares UltraPro Short QQQ,SQQQ,174400,175700,-0.73990,-1300,3.24,565039030.88
06/01/2016,ProShares UltraPro Short QQQ,SQQQ,175700,175300,0.22818,400,3.15,553437904.39
05/31/2016,ProShares UltraPro Short QQQ,SQQQ,175300,176600,-0.73613,-1300,3.12,546918943.31
05/27/2016,ProShares UltraPro Short QQQ,SQQQ,176600,179600,-1.67038,-3000,3.03,535963816.82
05/26/2016,ProShares UltraPro Short QQQ,SQQQ,179600,181000,-0.77348,-1400,3.03,545068524.92
05/25/2016,ProShares UltraPro Short QQQ,SQQQ,181000,185100,-2.21502,-4100,2.94,533027388.7
05/24/2016,ProShares UltraPro Short QQQ,SQQQ,185100,197300,-6.18348,-12200,2.92,540473989.77
05/23/2016,ProShares UltraPro Short QQQ,SQQQ,197300,196200,0.56065,1100,2.84,561299302.71
05/20/2016,ProShares UltraPro Short QQQ,SQQQ,196200,202900,-3.30212,-6700,2.7,530701909.74
05/19/2016,ProShares UltraPro Short QQQ,SQQQ,202900,199800,1.55155,3100,2.65,537665257.83
05/18/2016,ProShares UltraPro Short QQQ,SQQQ,199800,202000,-1.08911,-2200,2.65,529450559.46
05/17/2016,ProShares UltraPro Short QQQ,SQQQ,202000,194600,3.80267,7400,2.65,535280345.4
05/16/2016,ProShares UltraPro Short QQQ,SQQQ,194600,202200,-3.75865,-7600,2.58,503022065.42
05/13/2016,ProShares UltraPro Short QQQ,SQQQ,202200,200100,1.04948,2100,2.56,518623325.94
05/12/2016,ProShares UltraPro Short QQQ,SQQQ,200100,197600,1.26518,2500,2.56,513237030.27
05/11/2016,ProShares UltraPro Short QQQ,SQQQ,197600,192200,2.80957,5400,2.56,506824773.52
05/10/2016,ProShares UltraPro Short QQQ,SQQQ,192200,200700,-4.23518,-8500,2.56,492974298.94
05/09/2016,ProShares UltraPro Short QQQ,SQQQ,200700,202200,-0.74184,-1500,2.56,514775971.89
05/06/2016,ProShares UltraPro Short QQQ,SQQQ,202200,205200,-1.46199,-3000,2.56,518623325.94
05/05/2016,ProShares UltraPro Short QQQ,SQQQ,205200,205200,0.00000,0,2.56,526318034.04
05/04/2016,ProShares UltraPro Short QQQ,SQQQ,205200,201300,1.93741,3900,2.56,526318034.04
05/03/2016,ProShares UltraPro Short QQQ,SQQQ,201300,196000,2.70408,5300,2.56,516314913.51
05/02/2016,ProShares UltraPro Short QQQ,SQQQ,196000,201500,-2.72953,-5500,2.56,501740929.2
04/29/2016,ProShares UltraPro Short QQQ,SQQQ,201500,198400,1.56250,3100,2.58,520857894.05
04/28/2016,ProShares UltraPro Short QQQ,SQQQ,198400,191600,3.54906,6800,2.74,543596695.68
04/27/2016,ProShares UltraPro Short QQQ,SQQQ,191600,187000,2.45989,4600,2.74,524965357.32
04/26/2016,ProShares UltraPro Short QQQ,SQQQ,187000,184400,1.40998,2600,2.74,512361804.9
04/25/2016,ProShares UltraPro Short QQQ,SQQQ,184400,184400,0.00000,0,2.74,505238057.88
04/22/2016,ProShares UltraPro Short QQQ,SQQQ,184400,176600,4.41676,7800,2.74,505238057.88
04/21/2016,ProShares UltraPro Short QQQ,SQQQ,176600,176700,-0.05659,-100,2.74,483866816.82
04/20/2016,ProShares UltraPro Short QQQ,SQQQ,176700,177100,-0.22586,-400,2.72,480606807.09
04/19/2016,ProShares UltraPro Short QQQ,SQQQ,177100,173400,2.13379,3700,2.76,488778768.17
04/18/2016,ProShares UltraPro Short QQQ,SQQQ,173400,176400,-1.70068,-3000,2.67,462961128.18
04/15/2016,ProShares UltraPro Short QQQ,SQQQ,176400,175100,0.74243,1300,2.67,470970836.28
04/14/2016,ProShares UltraPro Short QQQ,SQQQ,175100,175100,0.00000,0,2.67,467499962.77
04/13/2016,ProShares UltraPro Short QQQ,SQQQ,175100,182200,-3.89682,-7100,2.57,449989962.77
04/12/2016,ProShares UltraPro Short QQQ,SQQQ,182200,186900,-2.51471,-4700,2.54,462770271.94
04/11/2016,ProShares UltraPro Short QQQ,SQQQ,186900,184900,1.08167,2000,2.5,468166314.63
04/08/2016,ProShares UltraPro Short QQQ,SQQQ,184900,184900,0.00000,0,2.43,450213509.23
04/07/2016,ProShares UltraPro Short QQQ,SQQQ,184900,176900,4.52233,8000,2.43,450213509.23
04/06/2016,ProShares UltraPro Short QQQ,SQQQ,176900,186000,-4.89247,-9100,2.43,430734287.63
04/05/2016,ProShares UltraPro Short QQQ,SQQQ,186000,181100,2.70569,4900,2.42,450101902.2
04/04/2016,ProShares UltraPro Short QQQ,SQQQ,181100,178800,1.28635,2300,2.42,438244378.97
04/01/2016,ProShares UltraPro Short QQQ,SQQQ,178800,184800,-3.24675,-6000,2.38,426420602.76
03/31/2016,ProShares UltraPro Short QQQ,SQQQ,184800,183900,0.48940,900,2.35,434262018.96
03/30/2016,ProShares UltraPro Short QQQ,SQQQ,183900,186800,-1.55246,-2900,2.35,432147106.53
03/29/2016,ProShares UltraPro Short QQQ,SQQQ,186800,196200,-4.79103,-9400,2.38,445499824.36
03/28/2016,ProShares UltraPro Short QQQ,SQQQ,196200,195200,0.51230,1000,2.23,437506909.74
03/24/2016,ProShares UltraPro Short QQQ,SQQQ,195200,195600,-0.20450,-400,2.23,435277007.04
03/23/2016,ProShares UltraPro Short QQQ,SQQQ,195600,191100,2.35479,4500,2.26,442036968.12
03/22/2016,ProShares UltraPro Short QQQ,SQQQ,191100,192400,-0.67568,-1300,2.17,414668405.97
03/21/2016,ProShares UltraPro Short QQQ,SQQQ,192400,194600,-1.13052,-2200,2.11,405945279.48
03/18/2016,ProShares UltraPro Short QQQ,SQQQ,194600,196000,-0.71429,-1400,2.05,398911065.42
03/17/2016,ProShares UltraPro Short QQQ,SQQQ,196000,195400,0.30706,600,2.05,401780929.2
03/16/2016,ProShares UltraPro Short QQQ,SQQQ,195400,200600,-2.59222,-5200,2.05,400550987.58
03/15/2016,ProShares UltraPro Short QQQ,SQQQ,200600,200600,0.00000,0,2.05,411210481.62
03/14/2016,ProShares UltraPro Short QQQ,SQQQ,200600,201400,-0.39722,-800,2.05,411210481.62
03/11/2016,ProShares UltraPro Short QQQ,SQQQ,201400,212600,-5.26811,-11200,1.97,397745403.78
03/10/2016,ProShares UltraPro Short QQQ,SQQQ,212600,211700,0.42513,900,1.95,415612314.02
03/09/2016,ProShares UltraPro Short QQQ,SQQQ,211700,215900,-1.94535,-4200,2.01,426554901.59
03/08/2016,ProShares UltraPro Short QQQ,SQQQ,215900,210300,2.66286,5600,2.01,435017492.93
03/07/2016,ProShares UltraPro Short QQQ,SQQQ,210300,206700,1.74165,3600,1.99,418476537.81
03/04/2016,ProShares UltraPro Short QQQ,SQQQ,206700,207200,-0.24131,-500,1.97,408212388.09
03/03/2016,ProShares UltraPro Short QQQ,SQQQ,207200,205900,0.63137,1300,1.97,409199839.44
03/02/2016,ProShares UltraPro Short QQQ,SQQQ,205900,206000,-0.04854,-100,1.97,406632465.93
03/01/2016,ProShares UltraPro Short QQQ,SQQQ,206000,227600,-9.49033,-21600,1.97,406829956.2
02/29/2016,ProShares UltraPro Short QQQ,SQQQ,227600,222200,2.43024,5400,1.81,411933854.52
02/26/2016,ProShares UltraPro Short QQQ,SQQQ,222200,221400,0.36134,800,1.69,375496379.94
02/25/2016,ProShares UltraPro Short QQQ,SQQQ,221400,228000,-2.89474,-6600,1.69,374144457.78
02/24/2016,ProShares UltraPro Short QQQ,SQQQ,228000,234400,-2.73038,-6400,1.69,385297815.6
02/23/2016,ProShares UltraPro Short QQQ,SQQQ,234400,223600,4.83005,10800,1.69,396113192.88
02/22/2016,ProShares UltraPro Short QQQ,SQQQ,223600,234900,-4.81056,-11300,1.63,364446243.72
02/19/2016,ProShares UltraPro Short QQQ,SQQQ,234900,237100,-0.92788,-2200,1.61,378166144.23
02/18/2016,ProShares UltraPro Short QQQ,SQQQ,237100,229300,3.40166,7800,1.61,381707930.17
02/17/2016,ProShares UltraPro Short QQQ,SQQQ,229300,246300,-6.90215,-17000,1.49,342781189.11
02/16/2016,ProShares UltraPro Short QQQ,SQQQ,246300,263700,-6.59841,-17400,1.4,346027535.01
02/12/2016,ProShares UltraPro Short QQQ,SQQQ,263700,275600,-4.31785,-11900,1.39,366517341.99
02/11/2016,ProShares UltraPro Short QQQ,SQQQ,275600,274900,0.25464,700,1.39,383057184.12
02/10/2016,ProShares UltraPro Short QQQ,SQQQ,274900,278800,-1.39885,-3900,1.43,394454752.23
02/09/2016,ProShares UltraPro Short QQQ,SQQQ,278800,276100,0.97791,2700,1.43,400050872.76
02/08/2016,ProShares UltraPro Short QQQ,SQQQ,276100,263600,4.74203,12500,1.43,396176635.47
02/05/2016,ProShares UltraPro Short QQQ,SQQQ,263600,239000,10.29289,24600,1.43,378240351.72
02/04/2016,ProShares UltraPro Short QQQ,SQQQ,239000,238700,0.12568,300,1.43,342941745.3
02/03/2016,ProShares UltraPro Short QQQ,SQQQ,238700,235300,1.44496,3400,1.43,342511274.49
02/02/2016,ProShares UltraPro Short QQQ,SQQQ,235300,220900,6.51879,14400,1.43,337632605.31
02/01/2016,ProShares UltraPro Short QQQ,SQQQ,220900,222000,-0.49550,-1100,1.43,316970006.43
01/29/2016,ProShares UltraPro Short QQQ,SQQQ,222000,237900,-6.68348,-15900,1.37,304118399.4
01/28/2016,ProShares UltraPro Short QQQ,SQQQ,237900,248300,-4.18848,-10400,1.37,325899852.33
01/27/2016,ProShares UltraPro Short QQQ,SQQQ,248300,231000,7.48918,17300,1.37,340146840.41
01/26/2016,ProShares UltraPro Short QQQ,SQQQ,231000,237400,-2.69587,-6400,1.37,316447523.7
01/25/2016,ProShares UltraPro Short QQQ,SQQQ,237400,227300,4.44347,10100,1.37,325214900.98
01/22/2016,ProShares UltraPro Short QQQ,SQQQ,227300,248400,-8.49436,-21100,1.37,311378883.71
01/21/2016,ProShares UltraPro Short QQQ,SQQQ,248400,249500,-0.44088,-1100,1.44,358913830.68
01/20/2016,ProShares UltraPro Short QQQ,SQQQ,249500,247500,0.80808,2000,1.48,370483223.65
01/19/2016,ProShares UltraPro Short QQQ,SQQQ,247500,248700,-0.48251,-1200,1.54,382363418.25
01/15/2016,ProShares UltraPro Short QQQ,SQQQ,248700,227600,9.27065,21100,1.47,366808301.49
01/14/2016,ProShares UltraPro Short QQQ,SQQQ,227600,243300,-6.45294,-15700,1.58,359585854.52
01/13/2016,ProShares UltraPro Short QQQ,SQQQ,243300,220300,10.44031,23000,1.58,384390326.91
01/12/2016,ProShares UltraPro Short QQQ,SQQQ,220300,228300,-3.50416,-8000,1.58,348052564.81
01/11/2016,ProShares UltraPro Short QQQ,SQQQ,228300,230400,-0.91146,-2100,1.68,383521786.41
01/08/2016,ProShares UltraPro Short QQQ,SQQQ,230400,224900,2.44553,5500,1.68,387049582.08
01/07/2016,ProShares UltraPro Short QQQ,SQQQ,224900,205700,9.33398,19200,1.81,407047117.23
01/06/2016,ProShares UltraPro Short QQQ,SQQQ,205700,200300,2.69596,5400,1.84,378467985.39
01/05/2016,ProShares UltraPro Short QQQ,SQQQ,200300,198500,0.90680,1800,1.88,376544510.81
01/04/2016,ProShares UltraPro Short QQQ,SQQQ,198500,187000,6.14973,11500,1.96,389040685.95
12/31/2015,ProShares UltraPro Short QQQ,SQQQ,187000,180200,3.77358,6800,1.96,366501804.9
12/30/2015,ProShares UltraPro Short QQQ,SQQQ,180200,175800,2.50284,4400,2,360382466.54
12/29/2015,ProShares UltraPro Short QQQ,SQQQ,175800,184100,-4.50842,-8300,1.92,337518894.66
12/28/2015,ProShares UltraPro Short QQQ,SQQQ,184100,184000,0.05435,100,1.92,353454087.07
12/24/2015,ProShares UltraPro Short QQQ,SQQQ,184000,183800,0.10881,200,1.92,353262096.8
12/23/2015,ProShares UltraPro Short QQQ,SQQQ,183800,188100,-2.28602,-4300,1.9,349202116.26
12/22/2015,ProShares UltraPro Short QQQ,SQQQ,188100,191700,-1.87793,-3600,1.93,363955197.87
12/21/2015,ProShares UltraPro Short QQQ,SQQQ,191700,197800,-3.08392,-6100,1.93,370920847.59
12/18/2015,ProShares UltraPro Short QQQ,SQQQ,197800,187500,5.49333,10300,1.98,391624754.06
12/17/2015,ProShares UltraPro Short QQQ,SQQQ,187500,179800,4.28254,7700,1.98,371231756.25
12/16/2015,ProShares UltraPro Short QQQ,SQQQ,179800,188100,-4.41255,-8300,1.98,355986505.46
12/15/2015,ProShares UltraPro Short QQQ,SQQQ,188100,191500,-1.77546,-3400,2.11,396872697.87
12/14/2015,ProShares UltraPro Short QQQ,SQQQ,191500,195800,-2.19612,-4300,1.99,381066367.05
12/11/2015,ProShares UltraPro Short QQQ,SQQQ,195800,183300,6.81942,12500,1.99,389622948.66
12/10/2015,ProShares UltraPro Short QQQ,SQQQ,183300,185800,-1.34553,-2500,2.11,386745164.91
12/09/2015,ProShares UltraPro Short QQQ,SQQQ,185800,177600,4.61712,8200,2.23,414315921.66
12/08/2015,ProShares UltraPro Short QQQ,SQQQ,177600,177700,-0.05627,-100,2.27,404022719.52
12/07/2015,ProShares UltraPro Short QQQ,SQQQ,177700,175300,1.36908,2400,2.37,422020209.79
12/04/2015,ProShares UltraPro Short QQQ,SQQQ,175300,188700,-7.10122,-13400,2.32,407555443.31
12/03/2015,ProShares UltraPro Short QQQ,SQQQ,188700,179600,5.06682,9100,2.32,438709139.49
12/02/2015,ProShares UltraPro Short QQQ,SQQQ,179600,176200,1.92963,3400,2.32,417552524.92
12/01/2015,ProShares UltraPro Short QQQ,SQQQ,176200,182300,-3.34613,-6100,2.32,409647855.74
11/30/2015,ProShares UltraPro Short QQQ,SQQQ,182300,180400,1.05322,1900,2.32,423829762.21
11/27/2015,ProShares UltraPro Short QQQ,SQQQ,180400,181400,-0.55127,-1000,2.29,413098447.08
11/25/2015,ProShares UltraPro Short QQQ,SQQQ,181400,181800,-0.22002,-400,2.29,415388349.78
11/24/2015,ProShares UltraPro Short QQQ,SQQQ,181800,181200,0.33113,600,2.29,416304310.86
11/23/2015,ProShares UltraPro Short QQQ,SQQQ,181200,179900,0.72262,1300,2.29,414930369.24
11/20/2015,ProShares UltraPro Short QQQ,SQQQ,179900,183500,-1.96185,-3600,2.14,384968495.73
11/19/2015,ProShares UltraPro Short QQQ,SQQQ,183500,183800,-0.16322,-300,2.14,392672145.45
11/18/2015,ProShares UltraPro Short QQQ,SQQQ,183800,195000,-5.74359,-11200,2.14,393314116.26
11/17/2015,ProShares UltraPro Short QQQ,SQQQ,195000,195500,-0.25575,-500,2.12,414356026.5
11/16/2015,ProShares UltraPro Short QQQ,SQQQ,195500,204100,-4.21362,-8600,2.19,428125977.85
11/13/2015,ProShares UltraPro Short QQQ,SQQQ,204100,193100,5.69653,11000,2.26,462266641.07
11/12/2015,ProShares UltraPro Short QQQ,SQQQ,193100,187500,2.98667,5600,2.33,450869711.37
11/11/2015,ProShares UltraPro Short QQQ,SQQQ,187500,186900,0.32103,600,2.32,435919256.25
11/10/2015,ProShares UltraPro Short QQQ,SQQQ,186900,185300,0.86346,1600,2.32,434524314.63
11/09/2015,ProShares UltraPro Short QQQ,SQQQ,185300,179400,3.28874,5900,2.32,430804470.31
11/06/2015,ProShares UltraPro Short QQQ,SQQQ,179400,179900,-0.27793,-500,2.32,417087544.38
11/05/2015,ProShares UltraPro Short QQQ,SQQQ,179900,178500,0.78431,1400,2.38,429043995.73
11/04/2015,ProShares UltraPro Short QQQ,SQQQ,178500,178500,0.00000,0,2.38,425705131.95
11/03/2015,ProShares UltraPro Short QQQ,SQQQ,178500,180300,-0.99834,-1800,2.38,425705131.95
11/02/2015,ProShares UltraPro Short QQQ,SQQQ,180300,186900,-3.53130,-6600,2.23,402051456.81
10/30/2015,ProShares UltraPro Short QQQ,SQQQ,186900,184300,1.41074,2600,2.23,416768814.63
10/29/2015,ProShares UltraPro Short QQQ,SQQQ,184300,183400,0.49073,900,2.2,405442067.61
10/28/2015,ProShares UltraPro Short QQQ,SQQQ,183400,188200,-2.55048,-4800,2.2,403462155.18
10/27/2015,ProShares UltraPro Short QQQ,SQQQ,188200,189300,-0.58109,-1100,2.2,414021688.14
10/26/2015,ProShares UltraPro Short QQQ,SQQQ,189300,190100,-0.42083,-800,2.02,382367581.11
10/23/2015,ProShares UltraPro Short QQQ,SQQQ,190100,206800,-8.07544,-16700,2.01,382082503.27
10/22/2015,ProShares UltraPro Short QQQ,SQQQ,206800,220200,-6.08538,-13400,1.99,412545878.36
10/21/2015,ProShares UltraPro Short QQQ,SQQQ,220200,216600,1.66205,3600,2.01,442580574.54
10/20/2015,ProShares UltraPro Short QQQ,SQQQ,216600,213200,1.59475,3400,2.01,435344924.82
10/19/2015,ProShares UltraPro Short QQQ,SQQQ,213200,216600,-1.56971,-3400,1.91,407191255.64
10/16/2015,ProShares UltraPro Short QQQ,SQQQ,216600,219700,-1.41102,-3100,1.91,413684924.82
10/15/2015,ProShares UltraPro Short QQQ,SQQQ,219700,231100,-4.93293,-11400,1.85,406423623.19
10/14/2015,ProShares UltraPro Short QQQ,SQQQ,231100,230100,0.43459,1000,1.83,422890513.97
10/13/2015,ProShares UltraPro Short QQQ,SQQQ,230100,225500,2.03991,4600,1.83,421060611.27
10/12/2015,ProShares UltraPro Short QQQ,SQQQ,225500,227500,-0.87912,-2000,1.74,393475558.85
10/09/2015,ProShares UltraPro Short QQQ,SQQQ,227500,230700,-1.38708,-3200,1.6,365115364.25
10/08/2015,ProShares UltraPro Short QQQ,SQQQ,230700,233400,-1.15681,-2700,1.58,364483552.89
10/07/2015,ProShares UltraPro Short QQQ,SQQQ,233400,237800,-1.85029,-4400,1.58,368749290.18
10/06/2015,ProShares UltraPro Short QQQ,SQQQ,237800,233800,1.71086,4000,1.58,375700862.06
10/05/2015,ProShares UltraPro Short QQQ,SQQQ,233800,244900,-4.53246,-11100,1.41,329635251.26
10/02/2015,ProShares UltraPro Short QQQ,SQQQ,244900,258700,-5.33436,-13800,1.41,345285171.23
10/01/2015,ProShares UltraPro Short QQQ,SQQQ,258700,261200,-0.95712,-2500,1.47,381557328.49
09/30/2015,ProShares UltraPro Short QQQ,SQQQ,261200,281400,-7.17839,-20200,1.47,385244585.24
09/29/2015,ProShares UltraPro Short QQQ,SQQQ,281400,277300,1.47854,4100,1.47,415037619.78
09/28/2015,ProShares UltraPro Short QQQ,SQQQ,277300,255300,8.61731,22000,1.53,424242018.71
09/25/2015,ProShares UltraPro Short QQQ,SQQQ,255300,249000,2.53012,6300,1.58,404625659.31
09/24/2015,ProShares UltraPro Short QQQ,SQQQ,249000,246800,0.89141,2200,1.65,412070772.3
09/23/2015,ProShares UltraPro Short QQQ,SQQQ,246800,246700,0.04054,100,1.65,408429986.36
09/22/2015,ProShares UltraPro Short QQQ,SQQQ,246700,236500,4.31290,10200,1.65,408264496.09
09/21/2015,ProShares UltraPro Short QQQ,SQQQ,236500,238600,-0.88013,-2100,1.63,385471988.55
09/18/2015,ProShares UltraPro Short QQQ,SQQQ,238600,229000,4.19214,9600,1.63,388894784.22
09/17/2015,ProShares UltraPro Short QQQ,SQQQ,229000,229200,-0.08726,-200,1.63,373247718.3
09/16/2015,ProShares UltraPro Short QQQ,SQQQ,229200,233000,-1.63090,-3800,1.63,373573698.84
09/15/2015,ProShares UltraPro Short QQQ,SQQQ,233000,241600,-3.55960,-8600,1.67,390252329.1
09/14/2015,ProShares UltraPro Short QQQ,SQQQ,241600,239300,0.96114,2300,1.58,381704492.32
09/11/2015,ProShares UltraPro Short QQQ,SQQQ,239300,244000,-1.92623,-4700,1.58,378070716.11
09/10/2015,ProShares UltraPro Short QQQ,SQQQ,244000,251600,-3.02067,-7600,1.58,385496258.8
09/09/2015,ProShares UltraPro Short QQQ,SQQQ,251600,243100,3.49650,8500,1.53,384923519.32
09/08/2015,ProShares UltraPro Short QQQ,SQQQ,243100,265800,-8.54026,-22700,1.52,369488346.37
09/04/2015,ProShares UltraPro Short QQQ,SQQQ,265800,256700,3.54499,9100,1.39,369436137.66
09/03/2015,ProShares UltraPro Short QQQ,SQQQ,256700,252900,1.50257,3800,1.36,350370523.09
09/02/2015,ProShares UltraPro Short QQQ,SQQQ,252900,275600,-8.23657,-22700,1.31,332538892.83
09/01/2015,ProShares UltraPro Short QQQ,SQQQ,275600,252200,9.27835,23400,1.31,362387184.12
08/31/2015,ProShares UltraPro Short QQQ,SQQQ,252200,243200,3.70066,9000,1.23,310181460.94
08/28/2015,ProShares UltraPro Short QQQ,SQQQ,243200,243900,-0.28700,-700,1.15,279656336.64
08/27/2015,ProShares UltraPro Short QQQ,SQQQ,243900,263700,-7.50853,-19800,1.15,280461268.53
08/26/2015,ProShares UltraPro Short QQQ,SQQQ,263700,310900,-15.18173,-47200,1.15,303229341.99
08/25/2015,ProShares UltraPro Short QQQ,SQQQ,310900,305900,1.63452,5000,1.15,357504749.43
08/24/2015,ProShares UltraPro Short QQQ,SQQQ,305900,274700,11.35784,31200,1.15,351755235.93
08/21/2015,ProShares UltraPro Short QQQ,SQQQ,274700,243400,12.85949,31300,1.15,315878271.69
08/20/2015,ProShares UltraPro Short QQQ,SQQQ,243400,224600,8.37044,18800,1.16,283537317.18
08/19/2015,ProShares UltraPro Short QQQ,SQQQ,224600,220100,2.04453,4500,1.16,261637146.42
08/18/2015,ProShares UltraPro Short QQQ,SQQQ,220100,217000,1.42857,3100,1.25,276204084.27
08/17/2015,ProShares UltraPro Short QQQ,SQQQ,217000,222300,-2.38417,-5300,1.22,265803885.9
08/14/2015,ProShares UltraPro Short QQQ,SQQQ,222300,224000,-0.75893,-1700,1.22,272295870.21
08/13/2015,ProShares UltraPro Short QQQ,SQQQ,224000,222700,0.58374,1300,1.22,274378204.8
08/12/2015,ProShares UltraPro Short QQQ,SQQQ,222700,224900,-0.97821,-2200,1.22,272785831.29
08/11/2015,ProShares UltraPro Short QQQ,SQQQ,224900,216500,3.87991,8400,1.25,282227617.23
08/10/2015,ProShares UltraPro Short QQQ,SQQQ,216500,224400,-3.52050,-7900,1.25,271686434.55
08/07/2015,ProShares UltraPro Short QQQ,SQQQ,224400,223200,0.53763,1200,1.25,281600165.88
08/06/2015,ProShares UltraPro Short QQQ,SQQQ,223200,213300,4.64135,9900,1.38,307994282.64
08/05/2015,ProShares UltraPro Short QQQ,SQQQ,213300,218400,-2.33516,-5100,1.38,295399745.91
08/04/2015,ProShares UltraPro Short QQQ,SQQQ,218400,216700,0.78449,1700,1.37,300278749.68
08/03/2015,ProShares UltraPro Short QQQ,SQQQ,216700,215500,0.55684,1200,1.38,300108415.09
07/31/2015,ProShares UltraPro Short QQQ,SQQQ,215500,214100,0.65390,1400,1.35,291981531.85
07/30/2015,ProShares UltraPro Short QQQ,SQQQ,214100,216600,-1.15420,-2500,1.35,290084668.07
07/29/2015,ProShares UltraPro Short QQQ,SQQQ,216600,219700,-1.41102,-3100,1.34,291305924.82
07/28/2015,ProShares UltraPro Short QQQ,SQQQ,219700,225900,-2.74458,-6200,1.47,322937623.19
07/27/2015,ProShares UltraPro Short QQQ,SQQQ,225900,220300,2.54199,5600,1.62,365936019.93
07/24/2015,ProShares UltraPro Short QQQ,SQQQ,220300,214000,2.94393,6300,1.69,373387064.81
07/23/2015,ProShares UltraPro Short QQQ,SQQQ,214000,211300,1.27780,2700,1.76,376619177.8
07/22/2015,ProShares UltraPro Short QQQ,SQQQ,211300,204600,3.27468,6700,1.88,398279940.51
07/21/2015,ProShares UltraPro Short QQQ,SQQQ,204600,203900,0.34331,700,1.88,385651092.42
07/20/2015,ProShares UltraPro Short QQQ,SQQQ,203900,206300,-1.16335,-2400,1.64,335395660.53
07/17/2015,ProShares UltraPro Short QQQ,SQQQ,206300,215700,-4.35790,-9400,1.44,298083427.01
07/16/2015,ProShares UltraPro Short QQQ,SQQQ,215700,225600,-4.38830,-9900,1.39,299802012.39
07/15/2015,ProShares UltraPro Short QQQ,SQQQ,225600,226400,-0.35336,-800,1.26,284234049.12
07/14/2015,ProShares UltraPro Short QQQ,SQQQ,226400,230900,-1.94890,-4500,1.24,280713971.28
07/13/2015,ProShares UltraPro Short QQQ,SQQQ,230900,243200,-5.05757,-12300,1.05,243577033.43
07/10/2015,ProShares UltraPro Short QQQ,SQQQ,243200,255200,-4.70219,-12000,1.02,249256336.64
07/09/2015,ProShares UltraPro Short QQQ,SQQQ,255200,255200,0.00000,0,1.09,278143169.04
07/08/2015,ProShares UltraPro Short QQQ,SQQQ,255200,242500,5.23711,12700,1.09,278143169.04
07/07/2015,ProShares UltraPro Short QQQ,SQQQ,242500,244200,-0.69615,-1700,1.09,264301404.75
07/06/2015,ProShares UltraPro Short QQQ,SQQQ,244200,241900,0.95081,2300,1.12,273480239.34
07/02/2015,ProShares UltraPro Short QQQ,SQQQ,241900,242500,-0.24742,-600,1.12,270904463.13
07/01/2015,ProShares UltraPro Short QQQ,SQQQ,242500,248200,-2.29654,-5700,1.12,271576404.75
06/30/2015,ProShares UltraPro Short QQQ,SQQQ,248200,251100,-1.15492,-2900,1.21,300297850.14
06/29/2015,ProShares UltraPro Short QQQ,SQQQ,251100,234800,6.94208,16300,1.21,303806567.97
06/26/2015,ProShares UltraPro Short QQQ,SQQQ,234800,230200,1.99826,4600,1.37,322827153.96
06/25/2015,ProShares UltraPro Short QQQ,SQQQ,230200,228600,0.69991,1600,1.52,351032601.54
06/24/2015,ProShares UltraPro Short QQQ,SQQQ,228600,225000,1.60000,3600,1.52,348592757.22
06/23/2015,ProShares UltraPro Short QQQ,SQQQ,225000,225700,-0.31015,-700,1.52,343103107.5
06/22/2015,ProShares UltraPro Short QQQ,SQQQ,225700,230500,-2.08243,-4800,1.43,323857539.39
06/19/2015,ProShares UltraPro Short QQQ,SQQQ,230500,227700,1.22969,2800,1.37,316915072.35
06/18/2015,ProShares UltraPro Short QQQ,SQQQ,227700,237700,-4.20698,-10000,1.35,308511344.79
06/17/2015,ProShares UltraPro Short QQQ,SQQQ,237700,239800,-0.87573,-2100,1.19,282839871.79
06/16/2015,ProShares UltraPro Short QQQ,SQQQ,239800,243600,-1.55993,-3800,1.19,285338667.46
06/15/2015,ProShares UltraPro Short QQQ,SQQQ,243600,240200,1.41549,3400,1.2,293514297.72
06/12/2015,ProShares UltraPro Short QQQ,SQQQ,240200,234900,2.25628,5300,1.2,289417628.54
06/11/2015,ProShares UltraPro Short QQQ,SQQQ,234900,235400,-0.21240,-500,1.24,291253144.23
06/10/2015,ProShares UltraPro Short QQQ,SQQQ,235400,245100,-3.95757,-9700,1.24,291873095.58
06/09/2015,ProShares UltraPro Short QQQ,SQQQ,245100,244400,0.28642,700,1.28,313704151.77
06/08/2015,ProShares UltraPro Short QQQ,SQQQ,244400,237200,3.03541,7200,1.28,312808219.88
06/05/2015,ProShares UltraPro Short QQQ,SQQQ,237200,235700,0.63640,1500,1.28,303592920.44
06/04/2015,ProShares UltraPro Short QQQ,SQQQ,235700,230600,2.21162,5100,1.36,320529066.39
06/03/2015,ProShares UltraPro Short QQQ,SQQQ,230600,232300,-0.73181,-1700,1.43,329735562.62
06/02/2015,ProShares UltraPro Short QQQ,SQQQ,232300,230300,0.86843,2000,1.45,336812397.21
06/01/2015,ProShares UltraPro Short QQQ,SQQQ,230300,232600,-0.98882,-2300,1.48,341973091.81
05/29/2015,ProShares UltraPro Short QQQ,SQQQ,232600,228400,1.83888,4200,1.48,345388368.02
05/28/2015,ProShares UltraPro Short QQQ,SQQQ,228400,226900,0.66108,1500,1.59,363133776.68
05/27/2015,ProShares UltraPro Short QQQ,SQQQ,226900,238600,-4.90360,-11700,1.54,349403922.63
05/26/2015,ProShares UltraPro Short QQQ,SQQQ,238600,230300,3.60399,8300,1.28,305384784.22
05/22/2015,ProShares UltraPro Short QQQ,SQQQ,230300,230000,0.13043,300,1.33,306276591.81
05/21/2015,ProShares UltraPro Short QQQ,SQQQ,230000,233700,-1.58323,-3700,1.33,305877621
05/20/2015,ProShares UltraPro Short QQQ,SQQQ,233700,234000,-0.12821,-300,1.33,310798260.99
05/19/2015,ProShares UltraPro Short QQQ,SQQQ,234000,233000,0.42918,1000,1.29,301837231.8
05/18/2015,ProShares UltraPro Short QQQ,SQQQ,233000,236000,-1.27119,-3000,1.28,298217329.1
05/15/2015,ProShares UltraPro Short QQQ,SQQQ,236000,235900,0.04239,100,1.11,263117037.2
05/14/2015,ProShares UltraPro Short QQQ,SQQQ,235900,247300,-4.60979,-11400,1.11,263005546.93
05/13/2015,ProShares UltraPro Short QQQ,SQQQ,247300,248300,-0.40274,-1000,1.11,275715437.71
05/12/2015,ProShares UltraPro Short QQQ,SQQQ,248300,245400,1.18174,2900,1.11,276830340.41
05/11/2015,ProShares UltraPro Short QQQ,SQQQ,245400,242200,1.32122,3200,1.11,273597122.58
05/08/2015,ProShares UltraPro Short QQQ,SQQQ,242200,252000,-3.88889,-9800,1.13,273662433.94
05/07/2015,ProShares UltraPro Short QQQ,SQQQ,252000,256300,-1.67772,-4300,1.16,292295480.4
05/06/2015,ProShares UltraPro Short QQQ,SQQQ,256300,251200,2.03025,5100,1.16,297283062.01
05/05/2015,ProShares UltraPro Short QQQ,SQQQ,251200,239700,4.79766,11500,1.16,291367558.24
05/04/2015,ProShares UltraPro Short QQQ,SQQQ,239700,240300,-0.24969,-600,1.2,287616677.19
05/01/2015,ProShares UltraPro Short QQQ,SQQQ,240300,251300,-4.37724,-11000,1.16,278724618.81
04/30/2015,ProShares UltraPro Short QQQ,SQQQ,251300,239500,4.92693,11800,1.16,291483548.51
04/29/2015,ProShares UltraPro Short QQQ,SQQQ,239500,235300,1.78496,4200,1.16,277796696.65
04/28/2015,ProShares UltraPro Short QQQ,SQQQ,235300,233800,0.64157,1500,1.31,308220105.31
04/27/2015,ProShares UltraPro Short QQQ,SQQQ,233800,232000,0.77586,1800,1.33,310931251.26
04/24/2015,ProShares UltraPro Short QQQ,SQQQ,232000,241700,-4.01324,-9700,1.23,286497426.4
04/23/2015,ProShares UltraPro Short QQQ,SQQQ,241700,244400,-1.10475,-2700,1.13,273097482.59
04/22/2015,ProShares UltraPro Short QQQ,SQQQ,244400,248500,-1.64990,-4100,1.09,267594219.88
04/21/2015,ProShares UltraPro Short QQQ,SQQQ,248500,251700,-1.27135,-3200,1.05,262143320.95
04/20/2015,ProShares UltraPro Short QQQ,SQQQ,251700,263700,-4.55063,-12000,1,252934009.59
04/17/2015,ProShares UltraPro Short QQQ,SQQQ,263700,252200,4.55987,11500,0.99,261037341.99
04/16/2015,ProShares UltraPro Short QQQ,SQQQ,252200,251200,0.39809,1000,0.99,249653460.94
04/15/2015,ProShares UltraPro Short QQQ,SQQQ,251200,255900,-1.83665,-4700,0.99,248663558.24
04/14/2015,ProShares UltraPro Short QQQ,SQQQ,255900,253900,0.78771,2000,0.99,253316100.93
04/13/2015,ProShares UltraPro Short QQQ,SQQQ,253900,251700,0.87406,2200,0.95,241180295.53
04/10/2015,ProShares UltraPro Short QQQ,SQQQ,251700,254800,-1.21664,-3100,0.95,239090509.59
04/09/2015,ProShares UltraPro Short QQQ,SQQQ,254800,259800,-1.92456,-5000,0.95,242035207.96
04/08/2015,ProShares UltraPro Short QQQ,SQQQ,259800,265700,-2.22055,-5900,0.95,246784721.46
04/07/2015,ProShares UltraPro Short QQQ,SQQQ,265700,264500,0.45369,1200,0.95,252389147.39
04/06/2015,ProShares UltraPro Short QQQ,SQQQ,264500,271100,-2.43453,-6600,0.91,241991764.15
04/02/2015,ProShares UltraPro Short QQQ,SQQQ,271100,272000,-0.33088,-900,0.91,248030121.97
04/01/2015,ProShares UltraPro Short QQQ,SQQQ,272000,267800,1.56833,4200,0.91,248853534.4
03/31/2015,ProShares UltraPro Short QQQ,SQQQ,267800,259300,3.27806,8500,0.93,250366943.06
03/30/2015,ProShares UltraPro Short QQQ,SQQQ,259300,268700,-3.49833,-9400,0.93,242420270.11
03/27/2015,ProShares UltraPro Short QQQ,SQQQ,268700,272000,-1.21324,-3300,0.93,251208355.49
03/26/2015,ProShares UltraPro Short QQQ,SQQQ,272000,269400,0.96511,2600,0.96,262453534.4
03/25/2015,ProShares UltraPro Short QQQ,SQQQ,269400,252100,6.86236,17300,0.96,259944787.38
03/24/2015,ProShares UltraPro Short QQQ,SQQQ,252100,249600,1.00160,2500,0.96,243251970.67
03/23/2015,ProShares UltraPro Short QQQ,SQQQ,249600,247500,0.84848,2100,0.94,234599713.92
03/20/2015,ProShares UltraPro Short QQQ,SQQQ,247500,252900,-2.13523,-5400,0.94,232625918.25
03/19/2015,ProShares UltraPro Short QQQ,SQQQ,252900,253700,-0.31533,-800,0.94,237701392.83
03/18/2015,ProShares UltraPro Short QQQ,SQQQ,253700,262100,-3.20488,-8400,0.97,246064314.99
03/17/2015,ProShares UltraPro Short QQQ,SQQQ,262100,263000,-0.34221,-900,0.97,254211497.67
03/16/2015,ProShares UltraPro Short QQQ,SQQQ,263000,273600,-3.87427,-10600,0.97,255084410.1
03/13/2015,ProShares UltraPro Short QQQ,SQQQ,273600,269600,1.48368,4000,0.97,265365378.72
03/12/2015,ProShares UltraPro Short QQQ,SQQQ,269600,275600,-2.17707,-6000,0.99,266877767.92
03/11/2015,ProShares UltraPro Short QQQ,SQQQ,275600,271100,1.65990,4500,1.02,281085184.12
03/10/2015,ProShares UltraPro Short QQQ,SQQQ,271100,256500,5.69201,14600,1.02,276495621.97
03/09/2015,ProShares UltraPro Short QQQ,SQQQ,256500,259000,-0.96525,-2500,1.07,274430042.55
03/06/2015,ProShares UltraPro Short QQQ,SQQQ,259000,250100,3.55858,8900,1.07,277104799.3
03/05/2015,ProShares UltraPro Short QQQ,SQQQ,250100,251300,-0.47752,-1200,1.07,267582665.27
03/04/2015,ProShares UltraPro Short QQQ,SQQQ,251300,249000,0.92369,2300,1.07,268866548.51
03/03/2015,ProShares UltraPro Short QQQ,SQQQ,249000,245000,1.63265,4000,1.07,266405772.3
03/02/2015,ProShares UltraPro Short QQQ,SQQQ,245000,252400,-2.93185,-7400,1.07,262126161.5
02/27/2015,ProShares UltraPro Short QQQ,SQQQ,252400,248800,1.44695,3600,1.01,254899441.48
02/26/2015,ProShares UltraPro Short QQQ,SQQQ,248800,252500,-1.46535,-3700,1.01,251263791.76
02/25/2015,ProShares UltraPro Short QQQ,SQQQ,252500,250700,0.71799,1800,1.01,255000431.75
02/24/2015,ProShares UltraPro Short QQQ,SQQQ,250700,251000,-0.11952,-300,1.01,253182606.89
02/23/2015,ProShares UltraPro Short QQQ,SQQQ,251000,252100,-0.43633,-1100,1.01,253485577.7
02/20/2015,ProShares UltraPro Short QQQ,SQQQ,252100,257600,-2.13509,-5500,0.96,241991470.67
02/19/2015,ProShares UltraPro Short QQQ,SQQQ,257600,261300,-1.41600,-3700,0.96,247270935.52
02/18/2015,ProShares UltraPro Short QQQ,SQQQ,261300,262300,-0.38124,-1000,0.96,250822575.51
02/17/2015,ProShares UltraPro Short QQQ,SQQQ,262300,263000,-0.26616,-700,0.92,241290478.21
02/13/2015,ProShares UltraPro Short QQQ,SQQQ,263000,269700,-2.48424,-6700,0.92,241934410.1
02/12/2015,ProShares UltraPro Short QQQ,SQQQ,269700,279600,-3.54077,-9900,0.91,245400758.19
02/11/2015,ProShares UltraPro Short QQQ,SQQQ,279600,282900,-1.16649,-3300,0.86,240428794.92
02/10/2015,ProShares UltraPro Short QQQ,SQQQ,282900,296700,-4.65116,-13800,0.78,220634473.83
02/09/2015,ProShares UltraPro Short QQQ,SQQQ,296700,294100,0.88405,2600,0.78,231397131.09
02/06/2015,ProShares UltraPro Short QQQ,SQQQ,294100,288600,1.90575,5500,0.75,220546384.07
02/05/2015,ProShares UltraPro Short QQQ,SQQQ,288600,296500,-2.66442,-7900,0.73,212092919.22
02/04/2015,ProShares UltraPro Short QQQ,SQQQ,296500,295000,0.50847,1500,0.73,217898650.55
02/03/2015,ProShares UltraPro Short QQQ,SQQQ,295000,303900,-2.92859,-8900,0.73,216796296.5
02/02/2015,ProShares UltraPro Short QQQ,SQQQ,303900,312900,-2.87632,-9000,0.73,223336930.53
01/30/2015,ProShares UltraPro Short QQQ,SQQQ,312900,305700,2.35525,7200,0.73,229951054.83
01/29/2015,ProShares UltraPro Short QQQ,SQQQ,305700,315100,-2.98318,-9400,0.76,232302255.39
01/28/2015,ProShares UltraPro Short QQQ,SQQQ,315100,309600,1.77649,5500,0.76,239445340.77
01/27/2015,ProShares UltraPro Short QQQ,SQQQ,309600,287300,7.76192,22300,0.75,232169875.92
01/26/2015,ProShares UltraPro Short QQQ,SQQQ,287300,286900,0.13942,400,0.75,215447045.71
01/23/2015,ProShares UltraPro Short QQQ,SQQQ,286900,288400,-0.52011,-1500,0.73,209409084.63
01/22/2015,ProShares UltraPro Short QQQ,SQQQ,288400,305600,-5.62827,-17200,0.68,196083938.68
01/21/2015,ProShares UltraPro Short QQQ,SQQQ,305600,310200,-1.48291,-4600,0.68,207778265.12
01/20/2015,ProShares UltraPro Short QQQ,SQQQ,310200,316900,-2.11423,-6700,0.73,227966817.54
01/16/2015,ProShares UltraPro Short QQQ,SQQQ,316900,329600,-3.85316,-12700,0.73,232890665.63
01/15/2015,ProShares UltraPro Short QQQ,SQQQ,329600,316700,4.07326,12900,0.73,242223929.92
01/14/2015,ProShares UltraPro Short QQQ,SQQQ,316700,312100,1.47389,4600,0.73,232743685.09
01/13/2015,ProShares UltraPro Short QQQ,SQQQ,312100,311300,0.25699,800,0.73,229363132.67
01/12/2015,ProShares UltraPro Short QQQ,SQQQ,311300,302000,3.07947,9300,0.76,236557710.51
01/09/2015,ProShares UltraPro Short QQQ,SQQQ,302000,296200,1.95814,5800,0.71,215900615.4
01/08/2015,ProShares UltraPro Short QQQ,SQQQ,296200,314500,-5.81876,-18300,0.71,211754179.74
01/07/2015,ProShares UltraPro Short QQQ,SQQQ,314500,326200,-3.58676,-11700,0.71,224836899.15
01/06/2015,ProShares UltraPro Short QQQ,SQQQ,326200,314800,3.62135,11400,0.73,239725260.74
01/05/2015,ProShares UltraPro Short QQQ,SQQQ,314800,300200,4.86342,14600,0.76,240791369.96
01/02/2015,ProShares UltraPro Short QQQ,SQQQ,300200,299100,0.36777,1100,0.76,228122790.54
12/31/2014,ProShares UltraPro Short QQQ,SQQQ,299100,289700,3.24474,9400,0.76,227286897.57
12/30/2014,ProShares UltraPro Short QQQ,SQQQ,289700,283800,2.07893,5900,0.76,220143812.19
12/29/2014,ProShares UltraPro Short QQQ,SQQQ,283800,283500,0.10582,300,0.77,219917386.26
12/26/2014,ProShares UltraPro Short QQQ,SQQQ,283500,289800,-2.17391,-6300,0.77,219684915.45
12/24/2014,ProShares UltraPro Short QQQ,SQQQ,289800,290600,-0.27529,-800,0.77,224566802.46
12/23/2014,ProShares UltraPro Short QQQ,SQQQ,290600,287700,1.00799,2900,0.78,228092724.62
12/22/2014,ProShares UltraPro Short QQQ,SQQQ,287700,290100,-0.82730,-2400,0.76,220062506.79
12/19/2014,ProShares UltraPro Short QQQ,SQQQ,290100,293100,-1.02354,-3000,0.76,221898273.27
12/18/2014,ProShares UltraPro Short QQQ,SQQQ,293100,316500,-7.39336,-23400,0.84,247640981.37
12/17/2014,ProShares UltraPro Short QQQ,SQQQ,316500,335000,-5.52239,-18500,0.81,256334204.55
12/16/2014,ProShares UltraPro Short QQQ,SQQQ,335000,319400,4.88416,15600,0.85,284717404.5
12/15/2014,ProShares UltraPro Short QQQ,SQQQ,319400,310100,2.99903,9300,0.87,277846922.38
12/12/2014,ProShares UltraPro Short QQQ,SQQQ,310100,300100,3.33222,10000,0.87,269756827.27
12/11/2014,ProShares UltraPro Short QQQ,SQQQ,300100,304900,-1.57429,-4800,0.87,261057800.27
12/10/2014,ProShares UltraPro Short QQQ,SQQQ,304900,290700,4.88476,14200,0.87,265233333.23
12/09/2014,ProShares UltraPro Short QQQ,SQQQ,290700,294100,-1.15607,-3400,0.89,260148214.89
12/08/2014,ProShares UltraPro Short QQQ,SQQQ,294100,287500,2.29565,6600,0.92,272013884.07
12/05/2014,ProShares UltraPro Short QQQ,SQQQ,287500,287400,0.03479,100,0.92,265909526.25
12/04/2014,ProShares UltraPro Short QQQ,SQQQ,287400,287200,0.06964,200,0.95,273002035.98
12/03/2014,ProShares UltraPro Short QQQ,SQQQ,287200,288600,-0.48510,-1400,0.95,272812055.44
12/02/2014,ProShares UltraPro Short QQQ,SQQQ,288600,292400,-1.29959,-3800,0.95,274141919.22
12/01/2014,ProShares UltraPro Short QQQ,SQQQ,292400,282600,3.46780,9800,0.95,277751549.48
11/28/2014,ProShares UltraPro Short QQQ,SQQQ,282600,286600,-1.39567,-4000,0.92,261377503.02
11/26/2014,ProShares UltraPro Short QQQ,SQQQ,286600,292800,-2.11749,-6200,0.92,265077113.82
11/25/2014,ProShares UltraPro Short QQQ,SQQQ,292800,293600,-0.27248,-800,0.92,270811510.56
11/24/2014,ProShares UltraPro Short QQQ,SQQQ,293600,300600,-2.32868,-7000,0.88,259807432.72
11/21/2014,ProShares UltraPro Short QQQ,SQQQ,300600,302600,-0.66094,-2000,0.88,266001751.62
11/20/2014,ProShares UltraPro Short QQQ,SQQQ,302600,306900,-1.40111,-4300,0.88,267771557.02
11/19/2014,ProShares UltraPro Short QQQ,SQQQ,306900,302800,1.35403,4100,0.88,271576638.63
11/18/2014,ProShares UltraPro Short QQQ,SQQQ,302800,309600,-2.19638,-6800,0.88,267948537.56
11/17/2014,ProShares UltraPro Short QQQ,SQQQ,309600,307200,0.78125,2400,0.86,266225875.92
11/14/2014,ProShares UltraPro Short QQQ,SQQQ,307200,309700,-0.80723,-2500,0.86,264162109.44
11/13/2014,ProShares UltraPro Short QQQ,SQQQ,309700,313800,-1.30656,-4100,0.86,266311866.19
11/12/2014,ProShares UltraPro Short QQQ,SQQQ,313800,315700,-0.60184,-1900,0.86,269837467.26
11/11/2014,ProShares UltraPro Short QQQ,SQQQ,315700,318300,-0.81684,-2600,0.86,271471282.39
11/10/2014,ProShares UltraPro Short QQQ,SQQQ,318300,322000,-1.14907,-3700,0.86,273707029.41
11/07/2014,ProShares UltraPro Short QQQ,SQQQ,322000,321200,0.24907,800,0.86,276888669.4
11/06/2014,ProShares UltraPro Short QQQ,SQQQ,321200,324400,-0.98644,-3200,0.88,284230747.24
11/05/2014,ProShares UltraPro Short QQQ,SQQQ,324400,323900,0.15437,500,0.88,287062435.88
11/04/2014,ProShares UltraPro Short QQQ,SQQQ,323900,320900,0.93487,3000,0.88,286619984.53
11/03/2014,ProShares UltraPro Short QQQ,SQQQ,320900,323600,-0.83436,-2700,0.88,283965276.43
10/31/2014,ProShares UltraPro Short QQQ,SQQQ,323600,337800,-4.20367,-14200,0.88,286354513.72
10/30/2014,ProShares UltraPro Short QQQ,SQQQ,337800,340300,-0.73465,-2500,0.86,292164132.06
10/29/2014,ProShares UltraPro Short QQQ,SQQQ,340300,336500,1.12927,3800,0.84,287520388.81
10/28/2014,ProShares UltraPro Short QQQ,SQQQ,336500,352300,-4.48481,-15800,0.84,284309758.55
10/27/2014,ProShares UltraPro Short QQQ,SQQQ,352300,353400,-0.31126,-1100,0.84,297659221.21
10/24/2014,ProShares UltraPro Short QQQ,SQQQ,353400,361400,-2.21361,-8000,0.81,287986614.18
10/23/2014,ProShares UltraPro Short QQQ,SQQQ,361400,379500,-4.76943,-18100,0.79,285470835.78
10/22/2014,ProShares UltraPro Short QQQ,SQQQ,379500,373400,1.63364,6100,0.72,273203074.65
10/21/2014,ProShares UltraPro Short QQQ,SQQQ,373400,405200,-7.84798,-31800,0.72,268811668.18
10/20/2014,ProShares UltraPro Short QQQ,SQQQ,405200,423500,-4.32113,-18300,0.68,277522574.04
10/17/2014,ProShares UltraPro Short QQQ,SQQQ,423500,441100,-3.99002,-17600,0.67,283703793.45
10/16/2014,ProShares UltraPro Short QQQ,SQQQ,441100,434000,1.63594,7100,0.7,310932580.97
10/15/2014,ProShares UltraPro Short QQQ,SQQQ,434000,425800,1.92579,8200,0.7,305927771.8
10/14/2014,ProShares UltraPro Short QQQ,SQQQ,425800,426600,-0.18753,-800,0.7,300147569.66
10/13/2014,ProShares UltraPro Short QQQ,SQQQ,426600,406900,4.84148,19700,0.72,309243491.82
10/10/2014,ProShares UltraPro Short QQQ,SQQQ,406900,378700,7.44653,28200,0.7,286824908.63
10/09/2014,ProShares UltraPro Short QQQ,SQQQ,378700,359600,5.31146,19100,0.81,308603652.49
10/08/2014,ProShares UltraPro Short QQQ,SQQQ,359600,383500,-6.23207,-23900,0.81,293039010.92
10/07/2014,ProShares UltraPro Short QQQ,SQQQ,383500,367700,4.29698,15800,0.81,312515185.45
10/06/2014,ProShares UltraPro Short QQQ,SQQQ,367700,364800,0.79496,2900,0.83,306993722.79
10/03/2014,ProShares UltraPro Short QQQ,SQQQ,364800,376500,-3.10757,-11700,0.81,297276504.96
10/02/2014,ProShares UltraPro Short QQQ,SQQQ,376500,376800,-0.07962,-300,0.88,333165866.55
10/01/2014,ProShares UltraPro Short QQQ,SQQQ,376800,359500,4.81224,17300,0.88,333431337.36
09/30/2014,ProShares UltraPro Short QQQ,SQQQ,359500,360400,-0.24972,-900,0.91,328907520.65
09/29/2014,ProShares UltraPro Short QQQ,SQQQ,360400,358800,0.44593,1600,0.91,329730933.08
09/26/2014,ProShares UltraPro Short QQQ,SQQQ,358800,371600,-3.44456,-12800,0.91,328267088.76
09/25/2014,ProShares UltraPro Short QQQ,SQQQ,371600,349500,6.32332,22100,0.91,339977843.32
09/24/2014,ProShares UltraPro Short QQQ,SQQQ,349500,360900,-3.15877,-11400,0.97,340728493.65
09/23/2014,ProShares UltraPro Short QQQ,SQQQ,360900,358400,0.69754,2500,0.95,342819884.43
09/22/2014,ProShares UltraPro Short QQQ,SQQQ,358400,348500,2.84075,9900,0.93,335069127.68
09/19/2014,ProShares UltraPro Short QQQ,SQQQ,348500,347700,0.23008,800,0.95,331041090.95
09/18/2014,ProShares UltraPro Short QQQ,SQQQ,347700,355400,-2.16657,-7700,0.93,325065668.79
09/17/2014,ProShares UltraPro Short QQQ,SQQQ,355400,357100,-0.47606,-1700,0.93,332264419.58
09/16/2014,ProShares UltraPro Short QQQ,SQQQ,357100,367300,-2.77702,-10200,0.9,321355254.17
09/15/2014,ProShares UltraPro Short QQQ,SQQQ,367300,357000,2.88515,10300,0.9,330534261.71
09/12/2014,ProShares UltraPro Short QQQ,SQQQ,357000,351000,1.70940,6000,0.92,330190263.9
09/11/2014,ProShares UltraPro Short QQQ,SQQQ,351000,350400,0.17123,600,0.96,338680847.7
09/10/2014,ProShares UltraPro Short QQQ,SQQQ,350400,359300,-2.47704,-8900,0.96,338101906.08
09/09/2014,ProShares UltraPro Short QQQ,SQQQ,359300,350600,2.48146,8700,0.96,346689540.11
09/08/2014,ProShares UltraPro Short QQQ,SQQQ,350600,352100,-0.42602,-1500,0.96,338294886.62
09/05/2014,ProShares UltraPro Short QQQ,SQQQ,352100,358400,-1.75781,-6300,0.96,339742240.67
09/04/2014,ProShares UltraPro Short QQQ,SQQQ,358400,357200,0.33595,1200,0.99,354781127.68
09/03/2014,ProShares UltraPro Short QQQ,SQQQ,357200,350800,1.82440,6400,0.98,350021244.44
09/02/2014,ProShares UltraPro Short QQQ,SQQQ,350800,354300,-0.98786,-3500,0.95,334979867.16
08/29/2014,ProShares UltraPro Short QQQ,SQQQ,354300,358800,-1.25418,-4500,0.95,338322026.61
08/28/2014,ProShares UltraPro Short QQQ,SQQQ,358800,356900,0.53236,1900,0.95,342619088.76
08/27/2014,ProShares UltraPro Short QQQ,SQQQ,356900,357300,-0.11195,-400,0.95,340804773.63
08/26/2014,ProShares UltraPro Short QQQ,SQQQ,357300,358400,-0.30692,-1100,0.95,341186734.71
08/25/2014,ProShares UltraPro Short QQQ,SQQQ,358400,362500,-1.13103,-4100,0.95,342237127.68
08/22/2014,ProShares UltraPro Short QQQ,SQQQ,362500,364000,-0.41209,-1500,0.89,324402228.75
08/21/2014,ProShares UltraPro Short QQQ,SQQQ,364000,365700,-0.46486,-1700,0.89,325744582.8
08/20/2014,ProShares UltraPro Short QQQ,SQQQ,365700,365900,-0.05466,-200,0.89,327265917.39
08/19/2014,ProShares UltraPro Short QQQ,SQQQ,365900,372000,-1.63978,-6100,0.89,327444897.93
08/18/2014,ProShares UltraPro Short QQQ,SQQQ,372000,381500,-2.49017,-9500,0.88,327323804.4
08/15/2014,ProShares UltraPro Short QQQ,SQQQ,381500,386900,-1.39571,-5400,0.82,312792880.05
08/14/2014,ProShares UltraPro Short QQQ,SQQQ,386900,392900,-1.52711,-6000,0.82,317220354.63
08/13/2014,ProShares UltraPro Short QQQ,SQQQ,392900,406600,-3.36940,-13700,0.82,322139770.83
08/12/2014,ProShares UltraPro Short QQQ,SQQQ,406600,405100,0.37028,1500,0.73,298811437.82
08/11/2014,ProShares UltraPro Short QQQ,SQQQ,405100,412200,-1.72246,-7100,0.73,297709083.77
08/08/2014,ProShares UltraPro Short QQQ,SQQQ,412200,422200,-2.36855,-10000,0.72,296743892.94
08/07/2014,ProShares UltraPro Short QQQ,SQQQ,422200,417700,1.07733,4500,0.72,303942919.94
08/06/2014,ProShares UltraPro Short QQQ,SQQQ,417700,417500,0.04790,200,0.76,317411357.79
08/05/2014,ProShares UltraPro Short QQQ,SQQQ,417500,407300,2.50430,10200,0.75,313084377.25
08/04/2014,ProShares UltraPro Short QQQ,SQQQ,407300,416800,-2.27927,-9500,0.75,305435369.71
08/01/2014,ProShares UltraPro Short QQQ,SQQQ,416800,412700,0.99346,4100,0.72,302139445.36
07/31/2014,ProShares UltraPro Short QQQ,SQQQ,412700,388200,6.31118,24500,0.8,332183344.29
07/30/2014,ProShares UltraPro Short QQQ,SQQQ,388200,393300,-1.29672,-5100,0.89,345460228.14
07/29/2014,ProShares UltraPro Short QQQ,SQQQ,393300,391000,0.58824,2300,0.89,349998731.91
07/28/2014,ProShares UltraPro Short QQQ,SQQQ,391000,391600,-0.15322,-600,0.89,347951955.7
07/25/2014,ProShares UltraPro Short QQQ,SQQQ,391600,386400,1.34576,5200,0.9,354359897.32
07/24/2014,ProShares UltraPro Short QQQ,SQQQ,386400,385500,0.23346,900,0.9,349654403.28
07/23/2014,ProShares UltraPro Short QQQ,SQQQ,385500,392800,-1.85845,-7300,0.9,348839990.85
07/22/2014,ProShares UltraPro Short QQQ,SQQQ,392800,401200,-2.09372,-8400,0.91,359373780.56
07/21/2014,ProShares UltraPro Short QQQ,SQQQ,401200,399500,0.42553,1700,0.91,367058963.24
07/18/2014,ProShares UltraPro Short QQQ,SQQQ,399500,419600,-4.79028,-20100,0.82,327551128.65
07/17/2014,ProShares UltraPro Short QQQ,SQQQ,419600,402900,4.14495,16700,0.82,344031172.92
07/16/2014,ProShares UltraPro Short QQQ,SQQQ,402900,408500,-1.37087,-5600,0.82,330338797.83
07/15/2014,ProShares UltraPro Short QQQ,SQQQ,408500,403900,1.13890,4600,0.82,334930252.95
07/14/2014,ProShares UltraPro Short QQQ,SQQQ,403900,411700,-1.89458,-7800,0.82,331158700.53
07/11/2014,ProShares UltraPro Short QQQ,SQQQ,411700,419700,-1.90612,-8000,0.79,325202941.59
07/10/2014,ProShares UltraPro Short QQQ,SQQQ,419700,415600,0.98653,4100,0.79,331522163.19
07/09/2014,ProShares UltraPro Short QQQ,SQQQ,415600,425200,-2.25776,-9600,0.77,322049562.12
07/08/2014,ProShares UltraPro Short QQQ,SQQQ,425200,410600,3.55577,14600,0.77,329488628.04
07/07/2014,ProShares UltraPro Short QQQ,SQQQ,410600,406800,0.93412,3800,0.76,314069048.62
07/03/2014,ProShares UltraPro Short QQQ,SQQQ,406800,414400,-1.83398,-7600,0.76,311162418.36
07/02/2014,ProShares UltraPro Short QQQ,SQQQ,414400,416200,-0.43248,-1800,0.79,327335678.88
07/01/2014,ProShares UltraPro Short QQQ,SQQQ,416200,431300,-3.50104,-15100,0.78,324595503.74
06/30/2014,ProShares UltraPro Short QQQ,SQQQ,431300,433200,-0.43860,-1900,0.78,336372034.51
06/27/2014,ProShares UltraPro Short QQQ,SQQQ,433200,439200,-1.36612,-6000,0.78,337853849.64
06/26/2014,ProShares UltraPro Short QQQ,SQQQ,439200,439100,0.02277,100,0.79,346925265.84
06/25/2014,ProShares UltraPro Short QQQ,SQQQ,439100,449000,-2.20490,-9900,0.79,346846275.57
06/24/2014,ProShares UltraPro Short QQQ,SQQQ,449000,447000,0.44743,2000,0.74,334461312.3
06/23/2014,ProShares UltraPro Short QQQ,SQQQ,447000,448000,-0.22321,-1000,0.77,344146506.9
06/20/2014,ProShares UltraPro Short QQQ,SQQQ,448000,448600,-0.13375,-600,0.76,340436409.6
06/19/2014,ProShares UltraPro Short QQQ,SQQQ,448600,447300,0.29063,1300,0.76,340892351.22
06/18/2014,ProShares UltraPro Short QQQ,SQQQ,447300,455700,-1.84332,-8400,0.76,339904477.71
06/17/2014,ProShares UltraPro Short QQQ,SQQQ,455700,456200,-0.10960,-500,0.76,346287660.39
06/16/2014,ProShares UltraPro Short QQQ,SQQQ,456200,457800,-0.34950,-1600,0.75,344386611.74
06/13/2014,ProShares UltraPro Short QQQ,SQQQ,457800,462100,-0.93053,-4300,0.75,345594456.06
06/12/2014,ProShares UltraPro Short QQQ,SQQQ,462100,450100,2.66607,12000,0.78,360393037.67
06/11/2014,ProShares UltraPro Short QQQ,SQQQ,450100,449300,0.17805,800,0.78,351034205.27
06/10/2014,ProShares UltraPro Short QQQ,SQQQ,449300,451200,-0.42110,-1900,0.78,350410283.11
06/09/2014,ProShares UltraPro Short QQQ,SQQQ,451200,451500,-0.06645,-300,0.78,351892098.24
06/06/2014,ProShares UltraPro Short QQQ,SQQQ,451500,458100,-1.44073,-6600,0.78,352126069.05
06/05/2014,ProShares UltraPro Short QQQ,SQQQ,458100,470600,-2.65618,-12500,0.8,366435426.87
06/04/2014,ProShares UltraPro Short QQQ,SQQQ,470600,475800,-1.09290,-5200,0.76,357610210.62
06/03/2014,ProShares UltraPro Short QQQ,SQQQ,475800,474700,0.23173,1100,0.76,361561704.66
06/02/2014,ProShares UltraPro Short QQQ,SQQQ,474700,473500,0.25343,1200,0.76,360725811.69
05/30/2014,ProShares UltraPro Short QQQ,SQQQ,473500,473900,-0.08441,-400,0.76,359813928.45
05/29/2014,ProShares UltraPro Short QQQ,SQQQ,473900,483100,-1.90437,-9200,0.76,360117889.53
05/28/2014,ProShares UltraPro Short QQQ,SQQQ,483100,478900,0.87701,4200,0.75,364693494.37
05/27/2014,ProShares UltraPro Short QQQ,SQQQ,478900,497600,-3.75804,-18700,0.71,339972403.03
05/23/2014,ProShares UltraPro Short QQQ,SQQQ,497600,508700,-2.18203,-11100,0.65,323391583.52
05/22/2014,ProShares UltraPro Short QQQ,SQQQ,508700,515200,-1.26165,-6500,0.64,325518503.49
05/21/2014,ProShares UltraPro Short QQQ,SQQQ,515200,530800,-2.93896,-15600,0.6,311645871.04
05/20/2014,ProShares UltraPro Short QQQ,SQQQ,530800,524300,1.23975,6500,0.54,289234353.16
05/19/2014,ProShares UltraPro Short QQQ,SQQQ,524300,537000,-2.36499,-12700,0.54,283070985.61
05/16/2014,ProShares UltraPro Short QQQ,SQQQ,537000,547200,-1.86404,-10200,0.52,281872749.9
05/15/2014,ProShares UltraPro Short QQQ,SQQQ,547200,534700,2.33776,12500,0.54,298170757.44
05/14/2014,ProShares UltraPro Short QQQ,SQQQ,534700,526900,1.48036,7800,0.54,291359473.69
05/13/2014,ProShares UltraPro Short QQQ,SQQQ,526900,527400,-0.09480,-500,0.54,287109232.63
05/12/2014,ProShares UltraPro Short QQQ,SQQQ,527400,554200,-4.83580,-26800,0.54,287381683.98
05/09/2014,ProShares UltraPro Short QQQ,SQQQ,554200,561500,-1.30009,-7300,0.49,271504076.34
05/08/2014,ProShares UltraPro Short QQQ,SQQQ,561500,559900,0.28577,1600,0.49,275080366.05
05/07/2014,ProShares UltraPro Short QQQ,SQQQ,559900,555200,0.84654,4700,0.49,274296521.73
05/06/2014,ProShares UltraPro Short QQQ,SQQQ,555200,533700,4.02848,21500,0.54,299753979.04
05/05/2014,ProShares UltraPro Short QQQ,SQQQ,533700,542100,-1.54953,-8400,0.55,296151570.99
05/02/2014,ProShares UltraPro Short QQQ,SQQQ,542100,539100,0.55648,3000,0.54,292681253.67
05/01/2014,ProShares UltraPro Short QQQ,SQQQ,539100,544700,-1.02809,-5600,0.54,291061545.57
04/30/2014,ProShares UltraPro Short QQQ,SQQQ,544700,548400,-0.67469,-3700,0.5,275020500.69
04/29/2014,ProShares UltraPro Short QQQ,SQQQ,548400,562200,-2.45464,-13800,0.5,276888640.68
04/28/2014,ProShares UltraPro Short QQQ,SQQQ,562200,568100,-1.03855,-5900,0.47,264179297.94
04/25/2014,ProShares UltraPro Short QQQ,SQQQ,568100,541900,4.83484,26200,0.47,266951723.87
04/24/2014,ProShares UltraPro Short QQQ,SQQQ,541900,557900,-2.86790,-16000,0.47,254640273.13
04/23/2014,ProShares UltraPro Short QQQ,SQQQ,557900,543500,2.64949,14400,0.47,262158716.33
04/22/2014,ProShares UltraPro Short QQQ,SQQQ,543500,557000,-2.42370,-13500,0.48,260827117.45
04/21/2014,ProShares UltraPro Short QQQ,SQQQ,557000,569400,-2.17773,-12400,0.44,245025803.9
04/17/2014,ProShares UltraPro Short QQQ,SQQQ,569400,570100,-0.12279,-700,0.42,241939597.38
04/16/2014,ProShares UltraPro Short QQQ,SQQQ,570100,593200,-3.89413,-23100,0.42,242237029.27
04/15/2014,ProShares UltraPro Short QQQ,SQQQ,593200,599900,-1.11685,-6700,0.42,252052281.64
04/14/2014,ProShares UltraPro Short QQQ,SQQQ,599900,614800,-2.42355,-14900,0.42,254899129.73
04/11/2014,ProShares UltraPro Short QQQ,SQQQ,614800,593900,3.51911,20900,0.4,248934179.96
04/10/2014,ProShares UltraPro Short QQQ,SQQQ,593900,543000,9.37385,50900,0.4,240471713.53
04/09/2014,ProShares UltraPro Short QQQ,SQQQ,543000,573300,-5.28519,-30300,0.4,219862166.1
04/08/2014,ProShares UltraPro Short QQQ,SQQQ,573300,588700,-2.61593,-15400,0.39,223531217.91
04/07/2014,ProShares UltraPro Short QQQ,SQQQ,588700,573400,2.66829,15300,0.39,229535719.49
04/04/2014,ProShares UltraPro Short QQQ,SQQQ,573400,530400,8.10709,43000,0.39,223570208.18
04/03/2014,ProShares UltraPro Short QQQ,SQQQ,530400,518300,2.33456,12100,0.39,209456392.08
04/02/2014,ProShares UltraPro Short QQQ,SQQQ,518300,521600,-0.63267,-3300,0.39,204678069.41
04/01/2014,ProShares UltraPro Short QQQ,SQQQ,521600,550800,-5.30138,-29200,0.39,205981248.32
03/31/2014,ProShares UltraPro Short QQQ,SQQQ,550800,562500,-2.08000,-11700,0.39,217512407.16
03/28/2014,ProShares UltraPro Short QQQ,SQQQ,562500,566500,-0.70609,-4000,0.39,222132768.75
03/27/2014,ProShares UltraPro Short QQQ,SQQQ,566500,557300,1.65082,9200,0.39,223712379.55
03/26/2014,ProShares UltraPro Short QQQ,SQQQ,557300,536600,3.85762,20700,0.39,220079274.71
03/25/2014,ProShares UltraPro Short QQQ,SQQQ,536600,542100,-1.01457,-5500,0.38,206538788.82
03/24/2014,ProShares UltraPro Short QQQ,SQQQ,542100,526800,2.90433,15300,0.41,224918753.67
03/21/2014,ProShares UltraPro Short QQQ,SQQQ,526800,509800,3.33464,17000,0.41,218570742.36
03/20/2014,ProShares UltraPro Short QQQ,SQQQ,509800,514500,-0.91351,-4700,0.41,211517396.46
03/19/2014,ProShares UltraPro Short QQQ,SQQQ,514500,504700,1.94175,9800,0.41,213467439.15
03/18/2014,ProShares UltraPro Short QQQ,SQQQ,504700,523700,-3.62803,-19000,0.41,209401392.69
03/17/2014,ProShares UltraPro Short QQQ,SQQQ,523700,539200,-2.87463,-15500,0.39,206810543.99
03/14/2014,ProShares UltraPro Short QQQ,SQQQ,539200,528900,1.94744,10300,0.39,212931535.84
03/13/2014,ProShares UltraPro Short QQQ,SQQQ,528900,506200,4.48439,22700,0.42,222086538.03
03/12/2014,ProShares UltraPro Short QQQ,SQQQ,506200,512800,-1.28705,-6600,0.42,212554746.74
03/11/2014,ProShares UltraPro Short QQQ,SQQQ,512800,506700,1.20387,6100,0.42,215326104.56
03/10/2014,ProShares UltraPro Short QQQ,SQQQ,506700,508000,-0.25591,-1300,0.42,212764698.09
03/07/2014,ProShares UltraPro Short QQQ,SQQQ,508000,500900,1.41745,7100,0.42,213310571.6
03/06/2014,ProShares UltraPro Short QQQ,SQQQ,500900,498600,0.46129,2300,0.42,210329262.43
03/05/2014,ProShares UltraPro Short QQQ,SQQQ,498600,501700,-0.61790,-3100,0.42,209363486.22
03/04/2014,ProShares UltraPro Short QQQ,SQQQ,501700,523400,-4.14597,-21700,0.42,210665184.59
03/03/2014,ProShares UltraPro Short QQQ,SQQQ,523400,512100,2.20660,11300,0.4,211926073.18
02/28/2014,ProShares UltraPro Short QQQ,SQQQ,512100,510600,0.29377,1500,0.4,207350672.67
02/27/2014,ProShares UltraPro Short QQQ,SQQQ,510600,520500,-1.90202,-9900,0.41,211849318.62
02/26/2014,ProShares UltraPro Short QQQ,SQQQ,520500,519400,0.21178,1100,0.41,215956855.35
02/25/2014,ProShares UltraPro Short QQQ,SQQQ,519400,516800,0.50310,2600,0.41,215500462.38
02/24/2014,ProShares UltraPro Short QQQ,SQQQ,516800,526400,-1.82371,-9600,0.41,214421715.36
02/21/2014,ProShares UltraPro Short QQQ,SQQQ,526400,523200,0.61162,3200,0.41,218404781.28
02/20/2014,ProShares UltraPro Short QQQ,SQQQ,523200,531100,-1.48748,-7900,0.42,222309092.64
02/19/2014,ProShares UltraPro Short QQQ,SQQQ,531100,520200,2.09535,10900,0.4,212388323.97
02/18/2014,ProShares UltraPro Short QQQ,SQQQ,520200,528000,-1.47727,-7800,0.4,208029384.54
02/14/2014,ProShares UltraPro Short QQQ,SQQQ,528000,530600,-0.49001,-2600,0.39,205868625.6
02/13/2014,ProShares UltraPro Short QQQ,SQQQ,530600,543700,-2.40942,-13100,0.35,188311372.62
02/12/2014,ProShares UltraPro Short QQQ,SQQQ,543700,546800,-0.56693,-3100,0.35,192960597.99
02/11/2014,ProShares UltraPro Short QQQ,SQQQ,546800,565800,-3.35808,-19000,0.35,194060796.36
02/10/2014,ProShares UltraPro Short QQQ,SQQQ,565800,575700,-1.71965,-9900,0.32,183829947.66
02/07/2014,ProShares UltraPro Short QQQ,SQQQ,575700,608700,-5.42139,-33000,0.32,187046527.68264
02/06/2014,ProShares UltraPro Short QQQ,SQQQ,608700,633100,-3.85405,-24400,0.31,188637819.26424
02/05/2014,ProShares UltraPro Short QQQ,SQQQ,633100,627400,0.90851,5700,0.31,196199446.97912
02/04/2014,ProShares UltraPro Short QQQ,SQQQ,627400,642400,-2.33499,-15000,0.3,188159001.16048
02/03/2014,ProShares UltraPro Short QQQ,SQQQ,642400,601000,6.88852,41400,0.3,192714395.18848
01/31/2014,ProShares UltraPro Short QQQ,SQQQ,601000,596200,0.80510,4800,0.29,177289756.3952
01/30/2014,ProShares UltraPro Short QQQ,SQQQ,596200,631200,-5.54499,-35000,0.29,175873798.27424
01/29/2014,ProShares UltraPro Short QQQ,SQQQ,631200,611600,3.20471,19600,0.29,186198492.90624
01/28/2014,ProShares UltraPro Short QQQ,SQQQ,611600,610200,0.22943,1400,0.29,180416663.91232
01/27/2014,ProShares UltraPro Short QQQ,SQQQ,610200,593700,2.77918,16500,0.29,180003676.12704
01/24/2014,ProShares UltraPro Short QQQ,SQQQ,593700,560400,5.94218,33300,0.3,181073320.08624
01/23/2014,ProShares UltraPro Short QQQ,SQQQ,560400,554000,1.15523,6400,0.3,170917110.62208
01/22/2014,ProShares UltraPro Short QQQ,SQQQ,554000,558800,-0.85898,-4800,0.3,168965166.4608
01/21/2014,ProShares UltraPro Short QQQ,SQQQ,558800,572000,-2.30769,-13200,0.3,170429124.58176
01/17/2014,ProShares UltraPro Short QQQ,SQQQ,572000,562000,1.77936,10000,0.3,174455009.4144
01/16/2014,ProShares UltraPro Short QQQ,SQQQ,562000,562400,-0.07112,-400,0.3,171405096.6624
01/15/2014,ProShares UltraPro Short QQQ,SQQQ,562400,576800,-2.49653,-14400,0.31,172230093.17248
01/14/2014,ProShares UltraPro Short QQQ,SQQQ,576800,612400,-5.81319,-35600,0.3,173034967.53536
01/13/2014,ProShares UltraPro Short QQQ,SQQQ,612400,586000,4.50512,26400,0.3,182949156.93248
01/10/2014,ProShares UltraPro Short QQQ,SQQQ,586000,592000,-1.01351,-6000,0.3,175062387.2672
01/09/2014,ProShares UltraPro Short QQQ,SQQQ,592000,585600,1.09290,6400,0.3,176854834.9184
01/08/2014,ProShares UltraPro Short QQQ,SQQQ,585600,590400,-0.81301,-4800,0.29,169086890.75712
01/07/2014,ProShares UltraPro Short QQQ,SQQQ,590400,606400,-2.63852,-16000,0.29,170472848.87808
01/06/2014,ProShares UltraPro Short QQQ,SQQQ,606400,600000,1.06667,6400,0.29,175092709.28128
01/03/2014,ProShares UltraPro Short QQQ,SQQQ,600000,587200,2.17984,12800,0.3,179994765.12
01/02/2014,ProShares UltraPro Short QQQ,SQQQ,587200,574000,2.29965,13200,0.32,185696876.79744
12/31/2013,ProShares UltraPro Short QQQ,SQQQ,574000,585200,-1.91388,-11200,0.32,181522491.9648
12/30/2013,ProShares UltraPro Short QQQ,SQQQ,585200,582800,0.41181,2400,0.32,185064394.24704
12/27/2013,ProShares UltraPro Short QQQ,SQQQ,582800,578400,0.76072,4400,0.32,184305415.18656
12/26/2013,ProShares UltraPro Short QQQ,SQQQ,578400,584000,-0.95890,-5600,0.32,182913953.57568
12/24/2013,ProShares UltraPro Short QQQ,SQQQ,584000,585200,-0.20506,-1200,0.32,184684904.7168
12/23/2013,ProShares UltraPro Short QQQ,SQQQ,585200,604800,-3.24074,-19600,0.31,182138394.24704
12/20/2013,ProShares UltraPro Short QQQ,SQQQ,604800,623200,-2.95250,-18400,0.29,176898723.24096
12/19/2013,ProShares UltraPro Short QQQ,SQQQ,623200,617600,0.90674,5600,0.29,183838562.70464
12/18/2013,ProShares UltraPro Short QQQ,SQQQ,617600,640000,-3.50000,-22400,0.29,182186611.56352
12/17/2013,ProShares UltraPro Short QQQ,SQQQ,640000,636400,0.56568,3600,0.3,194394416.128
12/16/2013,ProShares UltraPro Short QQQ,SQQQ,636400,647200,-1.66873,-10800,0.3,193300947.53728
12/13/2013,ProShares UltraPro Short QQQ,SQQQ,647200,644800,0.37221,2400,0.3,196581353.30944
12/12/2013,ProShares UltraPro Short QQQ,SQQQ,644800,640000,0.75000,4800,0.3,195852374.24896
12/11/2013,ProShares UltraPro Short QQQ,SQQQ,640000,616400,3.82868,23600,0.31,200794416.128
12/10/2013,ProShares UltraPro Short QQQ,SQQQ,616400,615200,0.19506,1200,0.31,193390122.03328
12/09/2013,ProShares UltraPro Short QQQ,SQQQ,615200,622400,-1.15681,-7200,0.31,193013632.50304
12/06/2013,ProShares UltraPro Short QQQ,SQQQ,622400,636400,-2.19987,-14000,0.3,185936569.68448
12/05/2013,ProShares UltraPro Short QQQ,SQQQ,636400,634000,0.37855,2400,0.3,190118947.53728
12/04/2013,ProShares UltraPro Short QQQ,SQQQ,634000,635600,-0.25173,-1600,0.3,189401968.4768
12/03/2013,ProShares UltraPro Short QQQ,SQQQ,635600,634400,0.18916,1200,0.3,189879954.51712
12/02/2013,ProShares UltraPro Short QQQ,SQQQ,634400,629200,0.82645,5200,0.3,189521464.98688
11/29/2013,ProShares UltraPro Short QQQ,SQQQ,629200,640400,-1.74891,-11200,0.3,187968010.35584
11/27/2013,ProShares UltraPro Short QQQ,SQQQ,640400,653200,-1.95958,-12800,0.3,191313912.63808
11/26/2013,ProShares UltraPro Short QQQ,SQQQ,653200,664800,-1.74489,-11600,0.3,195137800.96064
11/25/2013,ProShares UltraPro Short QQQ,SQQQ,664800,668800,-0.59809,-4000,0.3,198603199.75296
11/22/2013,ProShares UltraPro Short QQQ,SQQQ,668800,680000,-1.64706,-11200,0.3,199798164.85376
11/21/2013,ProShares UltraPro Short QQQ,SQQQ,680000,702000,-3.13390,-22000,0.3,203144067.136
11/20/2013,ProShares UltraPro Short QQQ,SQQQ,702000,696400,0.80414,5600,0.29,204451375.1904
11/19/2013,ProShares UltraPro Short QQQ,SQQQ,696400,690400,0.86906,6000,0.29,202820424.04928
11/18/2013,ProShares UltraPro Short QQQ,SQQQ,690400,671200,2.86055,19200,0.29,201072976.39808
11/15/2013,ProShares UltraPro Short QQQ,SQQQ,671200,676400,-0.76878,-5200,0.29,195481143.91424
11/14/2013,ProShares UltraPro Short QQQ,SQQQ,676400,681200,-0.70464,-4800,0.29,196995598.54528
11/13/2013,ProShares UltraPro Short QQQ,SQQQ,681200,707200,-3.67647,-26000,0.28,191581556.66624
11/12/2013,ProShares UltraPro Short QQQ,SQQQ,707200,710000,-0.39437,-2800,0.28,197125829.82144
11/11/2013,ProShares UltraPro Short QQQ,SQQQ,710000,706800,0.45274,3200,0.28,197906305.392
11/08/2013,ProShares UltraPro Short QQQ,SQQQ,706800,737200,-4.12371,-30400,0.28,197014333.31136
11/07/2013,ProShares UltraPro Short QQQ,SQQQ,737200,698000,5.61605,39200,0.28,205488068.07744
11/06/2013,ProShares UltraPro Short QQQ,SQQQ,698000,696800,0.17222,1200,0.28,194561410.0896
11/05/2013,ProShares UltraPro Short QQQ,SQQQ,696800,700000,-0.45714,-3200,0.28,194226920.55936
11/04/2013,ProShares UltraPro Short QQQ,SQQQ,700000,703200,-0.45506,-3200,0.28,195118892.64
11/01/2013,ProShares UltraPro Short QQQ,SQQQ,703200,703600,-0.05685,-400,0.28,194252864.72064
10/31/2013,ProShares UltraPro Short QQQ,SQQQ,703600,699200,0.62929,4400,0.28,194363361.23072
10/30/2013,ProShares UltraPro Short QQQ,SQQQ,699200,696400,0.40207,2800,0.27,186155899.61984
10/29/2013,ProShares UltraPro Short QQQ,SQQQ,696400,700000,-0.51429,-3600,0.27,185410424.04928
10/28/2013,ProShares UltraPro Short QQQ,SQQQ,700000,701200,-0.17114,-1200,0.26,185493892.64
10/25/2013,ProShares UltraPro Short QQQ,SQQQ,701200,715600,-2.01230,-14400,0.25,178799882.17024
10/24/2013,ProShares UltraPro Short QQQ,SQQQ,715600,725600,-1.37817,-10000,0.25,182471756.53312
10/23/2013,ProShares UltraPro Short QQQ,SQQQ,725600,713200,1.73864,12400,0.25,185021669.28512
10/22/2013,ProShares UltraPro Short QQQ,SQQQ,713200,716400,-0.44668,-3200,0.25,181859777.47264
10/21/2013,ProShares UltraPro Short QQQ,SQQQ,716400,720800,-0.61043,-4400,0.25,182675749.55328
10/18/2013,ProShares UltraPro Short QQQ,SQQQ,720800,758000,-4.90765,-37200,0.25,183797711.16416
10/17/2013,ProShares UltraPro Short QQQ,SQQQ,758000,770800,-1.66061,-12800,0.25,193283386.6016
10/16/2013,ProShares UltraPro Short QQQ,SQQQ,770800,798000,-3.40852,-27200,0.25,196547274.92416
10/15/2013,ProShares UltraPro Short QQQ,SQQQ,798000,788800,1.16633,9200,0.25,203483037.6096
10/14/2013,ProShares UltraPro Short QQQ,SQQQ,788800,806000,-2.13400,-17200,0.25,201137117.87776
10/11/2013,ProShares UltraPro Short QQQ,SQQQ,806000,825200,-2.32671,-19200,0.25,205522967.8112
10/10/2013,ProShares UltraPro Short QQQ,SQQQ,825200,882000,-6.43991,-56800,0.25,204229800.29504
10/09/2013,ProShares UltraPro Short QQQ,SQQQ,882000,873200,1.00779,8800,0.25,218287304.7264
10/08/2013,ProShares UltraPro Short QQQ,SQQQ,873200,825200,5.81677,48000,0.25,221566881.50464
10/07/2013,ProShares UltraPro Short QQQ,SQQQ,825200,805200,2.48385,20000,0.26,216607800.29504
10/04/2013,ProShares UltraPro Short QQQ,SQQQ,805200,827200,-2.65957,-22000,0.26,211357974.79104
10/03/2013,ProShares UltraPro Short QQQ,SQQQ,827200,798800,3.55533,28400,0.26,217132782.84544
10/02/2013,ProShares UltraPro Short QQQ,SQQQ,798800,798400,0.05010,400,0.27,215669030.62976
10/01/2013,ProShares UltraPro Short QQQ,SQQQ,798400,824800,-3.20078,-26400,0.27,215561034.11968
09/30/2013,ProShares UltraPro Short QQQ,SQQQ,824800,817200,0.93000,7600,0.27,219595803.78496
09/27/2013,ProShares UltraPro Short QQQ,SQQQ,817200,814400,0.34381,2800,0.26,215529370.09344
09/26/2013,ProShares UltraPro Short QQQ,SQQQ,814400,833200,-2.25636,-18800,0.26,214790894.52288
09/25/2013,ProShares UltraPro Short QQQ,SQQQ,833200,825600,0.92054,7600,0.26,219749230.49664
09/24/2013,ProShares UltraPro Short QQQ,SQQQ,825600,825200,0.04847,400,0.27,220840796.80512
09/23/2013,ProShares UltraPro Short QQQ,SQQQ,825200,821200,0.48709,4000,0.27,219702300.29504
09/20/2013,ProShares UltraPro Short QQQ,SQQQ,821200,812000,1.13300,9200,0.26,216584335.19424
09/19/2013,ProShares UltraPro Short QQQ,SQQQ,812000,817200,-0.63632,-5200,0.26,214157915.4624
09/18/2013,ProShares UltraPro Short QQQ,SQQQ,817200,848400,-3.67751,-31200,0.26,215529370.09344
09/17/2013,ProShares UltraPro Short QQQ,SQQQ,848400,866400,-2.07756,-18000,0.26,223758097.87968
09/16/2013,ProShares UltraPro Short QQQ,SQQQ,866400,859200,0.83799,7200,0.26,228505440.83328
09/13/2013,ProShares UltraPro Short QQQ,SQQQ,859200,861200,-0.23223,-2000,0.26,226606503.65184
09/12/2013,ProShares UltraPro Short QQQ,SQQQ,861200,858800,0.27946,2400,0.26,227133986.20224
09/11/2013,ProShares UltraPro Short QQQ,SQQQ,858800,854800,0.46795,4000,0.26,220060007.14176
09/10/2013,ProShares UltraPro Short QQQ,SQQQ,854800,867200,-1.42989,-12400,0.25,216898042.04096
09/09/2013,ProShares UltraPro Short QQQ,SQQQ,867200,898400,-3.47284,-31200,0.25,220044433.85344
09/06/2013,ProShares UltraPro Short QQQ,SQQQ,898400,901600,-0.35492,-3200,0.24,217854161.63968
09/05/2013,ProShares UltraPro Short QQQ,SQQQ,901600,906400,-0.52957,-4800,0.24,218630133.72032
09/04/2013,ProShares UltraPro Short QQQ,SQQQ,906400,936400,-3.20376,-30000,0.24,219794091.84128
09/03/2013,ProShares UltraPro Short QQQ,SQQQ,936400,953200,-1.76248,-16800,0.24,227068830.09728
08/30/2013,ProShares UltraPro Short QQQ,SQQQ,953200,935200,1.92472,18000,0.24,231142683.52064
08/29/2013,ProShares UltraPro Short QQQ,SQQQ,935200,955200,-2.09380,-20000,0.24,229115840.56704
08/28/2013,ProShares UltraPro Short QQQ,SQQQ,955200,968400,-1.36307,-13200,0.24,230433666.07104
08/27/2013,ProShares UltraPro Short QQQ,SQQQ,968400,911200,6.27744,57200,0.24,237249550.90368
08/26/2013,ProShares UltraPro Short QQQ,SQQQ,911200,911600,-0.04388,-400,0.24,223236049.96224
08/23/2013,ProShares UltraPro Short QQQ,SQQQ,911600,930800,-2.06274,-19200,0.23,210799546.47232
08/22/2013,ProShares UltraPro Short QQQ,SQQQ,930800,959200,-2.96080,-28400,0.23,212912378.95616
08/21/2013,ProShares UltraPro Short QQQ,SQQQ,959200,948800,1.09612,10400,0.23,219408631.17184
08/20/2013,ProShares UltraPro Short QQQ,SQQQ,948800,962000,-1.37214,-13200,0.23,217029721.90976
08/19/2013,ProShares UltraPro Short QQQ,SQQQ,962000,958000,0.41754,4000,0.23,218846606.7424
08/16/2013,ProShares UltraPro Short QQQ,SQQQ,958000,956000,0.20921,2000,0.23,217936641.6416
08/15/2013,ProShares UltraPro Short QQQ,SQQQ,956000,909600,5.10114,46400,0.23,217481659.0912
08/14/2013,ProShares UltraPro Short QQQ,SQQQ,909600,899200,1.15658,10400,0.23,206926063.92192
08/13/2013,ProShares UltraPro Short QQQ,SQQQ,899200,914800,-1.70529,-15600,0.22,198940154.65984
08/12/2013,ProShares UltraPro Short QQQ,SQQQ,914800,921200,-0.69475,-6400,0.22,202391518.55296
08/09/2013,ProShares UltraPro Short QQQ,SQQQ,921200,910800,1.14185,10400,0.22,203807462.71424
08/08/2013,ProShares UltraPro Short QQQ,SQQQ,910800,924400,-1.47122,-13600,0.22,201506553.45216
08/07/2013,ProShares UltraPro Short QQQ,SQQQ,924400,919600,0.52197,4800,0.22,204515434.79488
08/06/2013,ProShares UltraPro Short QQQ,SQQQ,919600,903200,1.81577,16400,0.22,203453476.67392
08/05/2013,ProShares UltraPro Short QQQ,SQQQ,903200,904800,-0.17683,-1600,0.22,197567119.76064
08/02/2013,ProShares UltraPro Short QQQ,SQQQ,904800,920000,-1.65217,-15200,0.21,194524105.80096
08/01/2013,ProShares UltraPro Short QQQ,SQQQ,920000,950400,-3.19865,-30400,0.21,197791973.184
07/31/2013,ProShares UltraPro Short QQQ,SQQQ,950400,955600,-0.54416,-5200,0.21,204327707.95008
07/30/2013,ProShares UltraPro Short QQQ,SQQQ,955600,971200,-1.60626,-15600,0.21,201862162.58112
07/29/2013,ProShares UltraPro Short QQQ,SQQQ,971200,965200,0.62163,6000,0.21,205157526.47424
07/26/2013,ProShares UltraPro Short QQQ,SQQQ,965200,980400,-1.55039,-15200,0.21,199064078.82304
07/25/2013,ProShares UltraPro Short QQQ,SQQQ,980400,1000000,-1.96000,-19600,0.2,197296946.20608
07/24/2013,ProShares UltraPro Short QQQ,SQQQ,1000000,1009600,-0.95087,-9600,0.2,201241275.2
07/23/2013,ProShares UltraPro Short QQQ,SQQQ,1009600,987600,2.22762,22000,0.2,203173191.44192
07/22/2013,ProShares UltraPro Short QQQ,SQQQ,987600,996800,-0.92295,-9200,0.2,196276883.38752
07/19/2013,ProShares UltraPro Short QQQ,SQQQ,996800,966400,3.14570,30400,0.2,203089303.11936
07/18/2013,ProShares UltraPro Short QQQ,SQQQ,966400,959200,0.75063,7200,0.2,196895568.35328
07/17/2013,ProShares UltraPro Short QQQ,SQQQ,959200,966800,-0.78610,-7600,0.2,195428631.17184
07/16/2013,ProShares UltraPro Short QQQ,SQQQ,966800,963200,0.37375,3600,0.2,196977064.86336
07/15/2013,ProShares UltraPro Short QQQ,SQQQ,963200,968800,-0.57803,-5600,0.2,196243596.27264
07/12/2013,ProShares UltraPro Short QQQ,SQQQ,968800,981200,-1.26376,-12400,0.2,190118547.41376
07/11/2013,ProShares UltraPro Short QQQ,SQQQ,981200,1045200,-6.12323,-64000,0.2,192551939.22624
07/10/2013,ProShares UltraPro Short QQQ,SQQQ,1045200,1063600,-1.72997,-18400,0.19,198578880.83904
07/09/2013,ProShares UltraPro Short QQQ,SQQQ,1063600,1083200,-1.80945,-19600,0.19,202074720.30272
07/08/2013,ProShares UltraPro Short QQQ,SQQQ,1083200,1087200,-0.36792,-4000,0.19,203090549.29664
07/05/2013,ProShares UltraPro Short QQQ,SQQQ,1087200,1111600,-2.19503,-24400,0.19,203840514.39744
07/03/2013,ProShares UltraPro Short QQQ,SQQQ,1111600,1125600,-1.24378,-14000,0.18,200078301.51232
07/02/2013,ProShares UltraPro Short QQQ,SQQQ,1125600,1126400,-0.07102,-800,0.18,202598179.36512
07/01/2013,ProShares UltraPro Short QQQ,SQQQ,1126400,1150800,-2.12026,-24400,0.18,198518172.38528
06/28/2013,ProShares UltraPro Short QQQ,SQQQ,1150800,1153200,-0.20812,-2400,0.17,201379959.50016
06/27/2013,ProShares UltraPro Short QQQ,SQQQ,1153200,1168400,-1.30092,-15200,0.17,201799938.56064
06/26/2013,ProShares UltraPro Short QQQ,SQQQ,1168400,1202000,-2.79534,-33600,0.17,204459805.94368
06/25/2013,ProShares UltraPro Short QQQ,SQQQ,1202000,1227600,-2.08537,-25600,0.17,208837012.7904
06/24/2013,ProShares UltraPro Short QQQ,SQQQ,1227600,1194800,2.74523,32800,0.17,210215789.43552
06/21/2013,ProShares UltraPro Short QQQ,SQQQ,1194800,1177200,1.49507,17600,0.18,213560075.60896
06/20/2013,ProShares UltraPro Short QQQ,SQQQ,1177200,1096400,7.36957,80800,0.19,219243229.16544
06/19/2013,ProShares UltraPro Short QQQ,SQQQ,1096400,1060400,3.39495,36000,0.2,222011434.12928
06/18/2013,ProShares UltraPro Short QQQ,SQQQ,1060400,1086800,-2.42915,-26400,0.2,214721748.22208
06/17/2013,ProShares UltraPro Short QQQ,SQQQ,1086800,1119200,-2.89492,-32400,0.19,210558017.88736
06/14/2013,ProShares UltraPro Short QQQ,SQQQ,1119200,1098800,1.85657,20400,0.19,216835235.20384
06/13/2013,ProShares UltraPro Short QQQ,SQQQ,1098800,1141200,-3.71539,-42400,0.19,206015413.18976
06/12/2013,ProShares UltraPro Short QQQ,SQQQ,1141200,1102800,3.48205,38400,0.19,213965043.25824
06/11/2013,ProShares UltraPro Short QQQ,SQQQ,1102800,1071200,2.94996,31600,0.19,206765378.29056
06/10/2013,ProShares UltraPro Short QQQ,SQQQ,1071200,1071600,-0.03733,-400,0.19,200840653.99424
06/07/2013,ProShares UltraPro Short QQQ,SQQQ,1071600,1120000,-4.32143,-48400,0.19,200915650.50432
06/06/2013,ProShares UltraPro Short QQQ,SQQQ,1120000,1134800,-1.30419,-14800,0.19,212790228.224
06/05/2013,ProShares UltraPro Short QQQ,SQQQ,1134800,1092400,3.88136,42400,0.19,221276099.09696
06/04/2013,ProShares UltraPro Short QQQ,SQQQ,1092400,1075600,1.56192,16800,0.2,214373969.02848
06/03/2013,ProShares UltraPro Short QQQ,SQQQ,1075600,1084800,-0.84808,-9200,0.2,211077115.60512
05/31/2013,ProShares UltraPro Short QQQ,SQQQ,1084800,1052800,3.03951,32000,0.2,212882535.33696
05/30/2013,ProShares UltraPro Short QQQ,SQQQ,1052800,1070000,-1.60748,-17200,0.2,206602814.53056
05/29/2013,ProShares UltraPro Short QQQ,SQQQ,1070000,1054000,1.51803,16000,0.2,209978164.464
05/28/2013,ProShares UltraPro Short QQQ,SQQQ,1054000,1075200,-1.97173,-21200,0.2,206838304.0608
05/24/2013,ProShares UltraPro Short QQQ,SQQQ,1075200,1074400,0.07446,800,0.2,210998619.09504
05/23/2013,ProShares UltraPro Short QQQ,SQQQ,1074400,1066000,0.78799,8400,0.2,210841626.07488
05/22/2013,ProShares UltraPro Short QQQ,SQQQ,1066000,1039600,2.53944,26400,0.2,209193199.3632
05/21/2013,ProShares UltraPro Short QQQ,SQQQ,1039600,1043600,-0.38329,-4000,0.2,204012429.69792
05/20/2013,ProShares UltraPro Short QQQ,SQQQ,1043600,1038000,0.53950,5600,0.19,202188394.79872
05/17/2013,ProShares UltraPro Short QQQ,SQQQ,1038000,1068800,-2.88174,-30800,0.19,201103443.6576
05/16/2013,ProShares UltraPro Short QQQ,SQQQ,1068800,1065600,0.30030,3200,0.19,207070674.93376
05/15/2013,ProShares UltraPro Short QQQ,SQQQ,1065600,1072400,-0.63409,-6800,0.19,206450702.85312
05/14/2013,ProShares UltraPro Short QQQ,SQQQ,1072400,1089600,-1.57856,-17200,0.19,207768143.52448
05/13/2013,ProShares UltraPro Short QQQ,SQQQ,1089600,1093200,-0.32931,-3600,0.19,211100493.45792
05/10/2013,ProShares UltraPro Short QQQ,SQQQ,1093200,1112800,-1.76132,-19600,0.19,211797962.04864
05/09/2013,ProShares UltraPro Short QQQ,SQQQ,1112800,1109200,0.32456,3600,0.19,215595291.04256
05/08/2013,ProShares UltraPro Short QQQ,SQQQ,1109200,1126800,-1.56195,-17600,0.19,214897822.45184
05/07/2013,ProShares UltraPro Short QQQ,SQQQ,1126800,1124000,0.24911,2800,0.19,218307668.89536
05/06/2013,ProShares UltraPro Short QQQ,SQQQ,1124000,1136800,-1.12597,-12800,0.18,207930193.3248
05/03/2013,ProShares UltraPro Short QQQ,SQQQ,1136800,1178800,-3.56295,-42000,0.18,210298081.64736
05/02/2013,ProShares UltraPro Short QQQ,SQQQ,1178800,1225600,-3.81854,-46800,0.18,215120715.20576
05/01/2013,ProShares UltraPro Short QQQ,SQQQ,1225600,1208400,1.42337,17200,0.18,220597306.88512
04/30/2013,ProShares UltraPro Short QQQ,SQQQ,1208400,1235600,-2.20136,-27200,0.18,217501456.95168
04/29/2013,ProShares UltraPro Short QQQ,SQQQ,1235600,1270800,-2.76991,-35200,0.17,208496719.63712
04/26/2013,ProShares UltraPro Short QQQ,SQQQ,1270800,1259200,0.92122,11600,0.17,214436412.52416
04/25/2013,ProShares UltraPro Short QQQ,SQQQ,1259200,1279200,-1.56348,-20000,0.17,212479013.73184
04/24/2013,ProShares UltraPro Short QQQ,SQQQ,1279200,1278400,0.06258,800,0.17,212655839.23584
04/23/2013,ProShares UltraPro Short QQQ,SQQQ,1278400,1315200,-2.79805,-36800,0.17,212522846.21568
04/22/2013,ProShares UltraPro Short QQQ,SQQQ,1315200,1357600,-3.12316,-42400,0.15,193980525.14304
04/19/2013,ProShares UltraPro Short QQQ,SQQQ,1357600,1417600,-4.23251,-60000,0.15,200234155.21152
04/18/2013,ProShares UltraPro Short QQQ,SQQQ,1417600,1359600,4.26596,58000,0.15,209083631.72352
04/17/2013,ProShares UltraPro Short QQQ,SQQQ,1359600,1283600,5.92085,76000,0.15,209026637.76192
04/16/2013,ProShares UltraPro Short QQQ,SQQQ,1283600,1339200,-4.15173,-55600,0.16,203760300.84672
04/15/2013,ProShares UltraPro Short QQQ,SQQQ,1339200,1263200,6.01647,76000,0.17,224304315.74784
04/12/2013,ProShares UltraPro Short QQQ,SQQQ,1263200,1260800,0.19036,2400,0.17,214732978.83264
04/11/2013,ProShares UltraPro Short QQQ,SQQQ,1260800,1258800,0.15888,2000,0.17,214324999.77216
04/10/2013,ProShares UltraPro Short QQQ,SQQQ,1258800,1337200,-5.86300,-78400,0.17,213985017.22176
04/09/2013,ProShares UltraPro Short QQQ,SQQQ,1337200,1364400,-1.99355,-27200,0.15,200568333.19744
04/08/2013,ProShares UltraPro Short QQQ,SQQQ,1364400,1387200,-1.64360,-22800,0.15,204648095.88288
04/05/2013,ProShares UltraPro Short QQQ,SQQQ,1387200,1352800,2.54287,34400,0.15,208067896.95744
04/04/2013,ProShares UltraPro Short QQQ,SQQQ,1352800,1354000,-0.08863,-1200,0.15,199526197.09056
04/03/2013,ProShares UltraPro Short QQQ,SQQQ,1354000,1318000,2.73141,36000,0.15,199703186.6208
04/02/2013,ProShares UltraPro Short QQQ,SQQQ,1318000,1350800,-2.42819,-32800,0.15,194393500.7136
04/01/2013,ProShares UltraPro Short QQQ,SQQQ,1350800,1322800,2.11672,28000,0.15,199231214.54016
03/28/2013,ProShares UltraPro Short QQQ,SQQQ,1322800,1332400,-0.72050,-9600,0.15,195101458.83456
03/27/2013,ProShares UltraPro Short QQQ,SQQQ,1332400,1338800,-0.47804,-6400,0.15,196517375.07648
03/26/2013,ProShares UltraPro Short QQQ,SQQQ,1338800,1362800,-1.76108,-24000,0.15,197461319.23776
03/25/2013,ProShares UltraPro Short QQQ,SQQQ,1362800,1347200,1.15796,15600,0.14,195890609.84256
03/22/2013,ProShares UltraPro Short QQQ,SQQQ,1347200,1387200,-2.88351,-40000,0.14,193648245.94944
03/21/2013,ProShares UltraPro Short QQQ,SQQQ,1387200,1342800,3.30652,44400,0.15,204599896.95744
03/20/2013,ProShares UltraPro Short QQQ,SQQQ,1342800,1369600,-1.95678,-26800,0.15,198051284.33856
03/19/2013,ProShares UltraPro Short QQQ,SQQQ,1369600,1362400,0.52848,7200,0.15,202004050.51392
03/18/2013,ProShares UltraPro Short QQQ,SQQQ,1362400,1353600,0.65012,8800,0.15,202645113.33248
03/15/2013,ProShares UltraPro Short QQQ,SQQQ,1353600,1342000,0.86438,11600,0.14,196260190.11072
03/14/2013,ProShares UltraPro Short QQQ,SQQQ,1342000,1355600,-1.00325,-13600,0.14,192900791.3184
03/13/2013,ProShares UltraPro Short QQQ,SQQQ,1355600,1351200,0.32564,4400,0.14,194855672.66112
03/12/2013,ProShares UltraPro Short QQQ,SQQQ,1351200,1336400,1.10745,14800,0.15,197601211.05024
03/11/2013,ProShares UltraPro Short QQQ,SQQQ,1336400,1348800,-0.91934,-12400,0.15,195436840.17728
03/08/2013,ProShares UltraPro Short QQQ,SQQQ,1348800,1353200,-0.32516,-4400,0.15,197250231.98976
03/07/2013,ProShares UltraPro Short QQQ,SQQQ,1353200,1364400,-0.82087,-11200,0.15,197893693.60064
03/06/2013,ProShares UltraPro Short QQQ,SQQQ,1364400,1354000,0.76809,10400,0.15,199531595.88288
03/05/2013,ProShares UltraPro Short QQQ,SQQQ,1354000,1416800,-4.43252,-62800,0.15,198010686.6208
03/04/2013,ProShares UltraPro Short QQQ,SQQQ,1416800,1435600,-1.30956,-18800,0.14,201881638.70336
03/01/2013,ProShares UltraPro Short QQQ,SQQQ,1435600,1452800,-1.18392,-17200,0.14,202765974.67712
02/28/2013,ProShares UltraPro Short QQQ,SQQQ,1452800,1445600,0.49806,7200,0.14,205195324.61056
02/27/2013,ProShares UltraPro Short QQQ,SQQQ,1445600,1491200,-3.05794,-45600,0.12,180687387.42912
02/26/2013,ProShares UltraPro Short QQQ,SQQQ,1491200,1509200,-1.19268,-18000,0.12,178930989.57824
02/25/2013,ProShares UltraPro Short QQQ,SQQQ,1509200,1454000,3.79642,55200,0.12,181090832.53184
02/22/2013,ProShares UltraPro Short QQQ,SQQQ,1454000,1499200,-3.01494,-45200,0.12,174467314.1408
02/21/2013,ProShares UltraPro Short QQQ,SQQQ,1499200,1452800,3.19383,46400,0.12,179890919.77984
02/20/2013,ProShares UltraPro Short QQQ,SQQQ,1452800,1389200,4.57817,63600,0.12,174323324.61056
02/19/2013,ProShares UltraPro Short QQQ,SQQQ,1389200,1419600,-2.14145,-30400,0.12,164955379.50784
02/15/2013,ProShares UltraPro Short QQQ,SQQQ,1419600,1408000,0.82386,11600,0.11,152594614.27392
02/14/2013,ProShares UltraPro Short QQQ,SQQQ,1408000,1406000,0.14225,2000,0.11,151347715.4816
02/13/2013,ProShares UltraPro Short QQQ,SQQQ,1406000,1421600,-1.09736,-15600,0.11,151132732.9312
02/12/2013,ProShares UltraPro Short QQQ,SQQQ,1421600,1404400,1.22472,17200,0.11,152809596.82432
02/11/2013,ProShares UltraPro Short QQQ,SQQQ,1404400,1405200,-0.05693,-800,0.11,150960746.89088
02/08/2013,ProShares UltraPro Short QQQ,SQQQ,1405200,1450000,-3.08966,-44800,0.11,151046739.91104
02/07/2013,ProShares UltraPro Short QQQ,SQQQ,1450000,1454000,-0.27510,-4000,0.11,155862349.04
02/06/2013,ProShares UltraPro Short QQQ,SQQQ,1454000,1439200,1.02835,14800,0.11,154474814.1408
02/05/2013,ProShares UltraPro Short QQQ,SQQQ,1439200,1507200,-4.51168,-68000,0.11,152902443.26784
02/04/2013,ProShares UltraPro Short QQQ,SQQQ,1507200,1432400,5.22201,74800,0.11,160126849.98144
02/01/2013,ProShares UltraPro Short QQQ,SQQQ,1432400,1484000,-3.47709,-51600,0.1,141437002.59648
01/31/2013,ProShares UltraPro Short QQQ,SQQQ,1484000,1474400,0.65111,9600,0.09,140967052.3968
01/30/2013,ProShares UltraPro Short QQQ,SQQQ,1474400,1465600,0.60044,8800,0.09,140055136.15488
01/29/2013,ProShares UltraPro Short QQQ,SQQQ,1465600,1466800,-0.08181,-1200,0.09,139219212.93312
01/28/2013,ProShares UltraPro Short QQQ,SQQQ,1466800,1476800,-0.67714,-10000,0.09,139333202.46336
01/25/2013,ProShares UltraPro Short QQQ,SQQQ,1476800,1499200,-1.49413,-22400,0.09,140283115.21536
01/24/2013,ProShares UltraPro Short QQQ,SQQQ,1499200,1439600,4.14004,59600,0.09,142410919.77984
01/23/2013,ProShares UltraPro Short QQQ,SQQQ,1439600,1466400,-1.82761,-26800,0.09,136749439.77792
01/22/2013,ProShares UltraPro Short QQQ,SQQQ,1466400,1472800,-0.43455,-6400,0.09,139295205.95328
01/18/2013,ProShares UltraPro Short QQQ,SQQQ,1472800,1464000,0.60109,8800,0.09,130698150.11456
01/17/2013,ProShares UltraPro Short QQQ,SQQQ,1464000,1485200,-1.42742,-21200,0.09,129917226.8928
01/16/2013,ProShares UltraPro Short QQQ,SQQQ,1485200,1504000,-1.25000,-18800,0.09,128085541.92704
01/15/2013,ProShares UltraPro Short QQQ,SQQQ,1504000,1482400,1.45710,21600,0.09,129706877.9008
01/14/2013,ProShares UltraPro Short QQQ,SQQQ,1482400,1462800,1.33990,19600,0.09,127844066.35648
01/11/2013,ProShares UltraPro Short QQQ,SQQQ,1462800,1468800,-0.40850,-6000,0.09,126153737.36256
01/10/2013,ProShares UltraPro Short QQQ,SQQQ,1468800,1496000,-1.81818,-27200,0.09,126671185.01376
01/09/2013,ProShares UltraPro Short QQQ,SQQQ,1496000,1510400,-0.95339,-14400,0.09,129016947.6992
01/08/2013,ProShares UltraPro Short QQQ,SQQQ,1510400,1502000,0.55925,8400,0.09,130258822.06208
01/07/2013,ProShares UltraPro Short QQQ,SQQQ,1502000,1504400,-0.15953,-2400,0.09,129534395.3504
01/04/2013,ProShares UltraPro Short QQQ,SQQQ,1504400,1489600,0.99356,14800,0.09,129741374.41088
01/03/2013,ProShares UltraPro Short QQQ,SQQQ,1489600,1467600,1.49905,22000,0.08,124741003.53792
01/02/2013,ProShares UltraPro Short QQQ,SQQQ,1467600,1624000,-9.63054,-156400,0.08,122898695.48352
12/31/2012,ProShares UltraPro Short QQQ,SQQQ,1624000,1732800,-6.27886,-108800,0.08,133965830.9248
12/28/2012,ProShares UltraPro Short QQQ,SQQQ,1732800,1684000,2.89786,48800,0.08,142940881.66656
12/27/2012,ProShares UltraPro Short QQQ,SQQQ,1684000,1676000,0.47733,8000,0.08,138915307.4368
12/26/2012,ProShares UltraPro Short QQQ,SQQQ,1676000,1637600,2.34489,38400,0.08,138255377.2352
12/24/2012,ProShares UltraPro Short QQQ,SQQQ,1637600,1625600,0.73819,12000,0.08,135087712.26752
12/21/2012,ProShares UltraPro Short QQQ,SQQQ,1625600,1574800,3.22581,50800,0.08,134097816.96512
12/20/2012,ProShares UltraPro Short QQQ,SQQQ,1574800,1579200,-0.27862,-4400,0.09,135812760.18496
12/19/2012,ProShares UltraPro Short QQQ,SQQQ,1579200,1554400,1.59547,24800,0.09,136192221.79584
12/18/2012,ProShares UltraPro Short QQQ,SQQQ,1554400,1630000,-4.63804,-75600,0.09,134053438.17088
12/17/2012,ProShares UltraPro Short QQQ,SQQQ,1630000,1700400,-4.14020,-70400,0.09,140573278.576
12/14/2012,ProShares UltraPro Short QQQ,SQQQ,1700400,1652000,2.92978,48400,0.09,146644664.35008
12/13/2012,ProShares UltraPro Short QQQ,SQQQ,1652000,1615200,2.27836,36800,0.09,142470586.6304
12/12/2012,ProShares UltraPro Short QQQ,SQQQ,1615200,1604000,0.69825,11200,0.09,139296907.70304
12/11/2012,ProShares UltraPro Short QQQ,SQQQ,1604000,1669600,-3.92908,-65600,0.09,146351005.4208
12/10/2012,ProShares UltraPro Short QQQ,SQQQ,1669600,1683200,-0.80798,-13600,0.09,152336433.07392
12/07/2012,ProShares UltraPro Short QQQ,SQQQ,1683200,1653600,1.79003,29600,0.09,153577314.41664
12/06/2012,ProShares UltraPro Short QQQ,SQQQ,1653600,1688800,-2.08432,-35200,0.09,157077572.67072
12/05/2012,ProShares UltraPro Short QQQ,SQQQ,1688800,1634800,3.30316,54000,0.09,151977265.55776
12/04/2012,ProShares UltraPro Short QQQ,SQQQ,1634800,1627600,0.44237,7200,0.09,147117736.69696
12/03/2012,ProShares UltraPro Short QQQ,SQQQ,1627600,1616800,0.66799,10800,0.09,140366299.51552
11/30/2012,ProShares UltraPro Short QQQ,SQQQ,1616800,1612800,0.24802,4000,0.09,139434893.74336
11/29/2012,ProShares UltraPro Short QQQ,SQQQ,1612800,1640400,-1.68252,-27600,0.09,139089928.64256
11/28/2012,ProShares UltraPro Short QQQ,SQQQ,1640400,1686000,-2.70463,-45600,0.09,149672187.83808
11/27/2012,ProShares UltraPro Short QQQ,SQQQ,1686000,1668000,1.07914,18000,0.08,143295289.9872
11/26/2012,ProShares UltraPro Short QQQ,SQQQ,1668000,1691600,-1.39513,-23600,0.08,141765447.0336
11/23/2012,ProShares UltraPro Short QQQ,SQQQ,1691600,1771600,-4.51569,-80000,0.08,143771241.12832
11/21/2012,ProShares UltraPro Short QQQ,SQQQ,1771600,1783600,-0.67280,-12000,0.08,150570543.14432
11/20/2012,ProShares UltraPro Short QQQ,SQQQ,1783600,1782400,0.06732,1200,0.09,153819938.44672
11/19/2012,ProShares UltraPro Short QQQ,SQQQ,1782400,1923600,-7.34040,-141200,0.09,153716448.91648
11/16/2012,ProShares UltraPro Short QQQ,SQQQ,1923600,1946800,-1.19170,-23200,0.09,165893716.97472
11/15/2012,ProShares UltraPro Short QQQ,SQQQ,1946800,1929600,0.89138,17200,0.09,177628514.55936
11/14/2012,ProShares UltraPro Short QQQ,SQQQ,1929600,1864400,3.49710,65200,0.09,176059164.62592
11/13/2012,ProShares UltraPro Short QQQ,SQQQ,1864400,1824800,2.17010,39600,0.08,151466233.48288
11/12/2012,ProShares UltraPro Short QQQ,SQQQ,1824800,1822400,0.13169,2400,0.08,152811078.98496
11/09/2012,ProShares UltraPro Short QQQ,SQQQ,1822400,1847200,-1.34257,-24800,0.08,152610099.92448
11/08/2012,ProShares UltraPro Short QQQ,SQQQ,1847200,1765600,4.62166,81600,0.09,163922883.54944
11/07/2012,ProShares UltraPro Short QQQ,SQQQ,1765600,1644400,7.37047,121200,0.09,167716595.49312
11/06/2012,ProShares UltraPro Short QQQ,SQQQ,1644400,1659200,-0.89200,-14800,0.09,156203652.93888
11/05/2012,ProShares UltraPro Short QQQ,SQQQ,1659200,1693600,-2.03118,-34400,0.1,163831523.81184
11/02/2012,ProShares UltraPro Short QQQ,SQQQ,1693600,1636800,3.47019,56800,0.1,167228223.67872
11/01/2012,ProShares UltraPro Short QQQ,SQQQ,1636800,1713600,-4.48179,-76800,0.1,161619719.24736
10/31/2012,ProShares UltraPro Short QQQ,SQQQ,1713600,1680800,1.95145,32800,0.1,179913049.18272
10/26/2012,ProShares UltraPro Short QQQ,SQQQ,1680800,1696400,-0.91959,-15600,0.1,172267335.35616
10/25/2012,ProShares UltraPro Short QQQ,SQQQ,1696400,1700400,-0.23524,-4000,0.1,173866199.24928
10/24/2012,ProShares UltraPro Short QQQ,SQQQ,1700400,1680800,1.16611,19600,0.1,174276164.35008
10/23/2012,ProShares UltraPro Short QQQ,SQQQ,1680800,1629200,3.16720,51600,0.11,182772335.35616
10/22/2012,ProShares UltraPro Short QQQ,SQQQ,1629200,1659600,-1.83177,-30400,0.11,187343785.55584
10/19/2012,ProShares UltraPro Short QQQ,SQQQ,1659600,1548000,7.20930,111600,0.12,203286520.32192
10/18/2012,ProShares UltraPro Short QQQ,SQQQ,1548000,1497200,3.39300,50800,0.12,183811494.0096
10/17/2012,ProShares UltraPro Short QQQ,SQQQ,1497200,1492800,0.29475,4400,0.12,177779437.22944
10/16/2012,ProShares UltraPro Short QQQ,SQQQ,1492800,1558800,-4.23403,-66000,0.12,177256975.61856
10/15/2012,ProShares UltraPro Short QQQ,SQQQ,1558800,1593600,-2.18373,-34800,0.12,185093899.78176
10/12/2012,ProShares UltraPro Short QQQ,SQQQ,1593600,1595200,-0.10030,-1600,0.12,189226096.15872
10/11/2012,ProShares UltraPro Short QQQ,SQQQ,1595200,1579200,1.01317,16000,0.12,193404082.19904
10/10/2012,ProShares UltraPro Short QQQ,SQQQ,1579200,1556800,1.43885,22400,0.12,191464221.79584
10/09/2012,ProShares UltraPro Short QQQ,SQQQ,1556800,1484800,4.84914,72000,0.12,190694417.23136
10/08/2012,ProShares UltraPro Short QQQ,SQQQ,1484800,1446400,2.65487,38400,0.12,183731045.41696
10/05/2012,ProShares UltraPro Short QQQ,SQQQ,1446400,1421600,1.74451,24800,0.12,178979380.44928
10/04/2012,ProShares UltraPro Short QQQ,SQQQ,1421600,1436400,-1.03035,-14800,0.12,175910596.82432
10/03/2012,ProShares UltraPro Short QQQ,SQQQ,1436400,1467200,-2.09924,-30800,0.12,177741967.69728
10/02/2012,ProShares UltraPro Short QQQ,SQQQ,1467200,1476400,-0.62314,-9200,0.12,181553198.97344
10/01/2012,ProShares UltraPro Short QQQ,SQQQ,1476400,1469200,0.49006,7200,0.12,182691618.70528
09/28/2012,ProShares UltraPro Short QQQ,SQQQ,1469200,1434800,2.39755,34400,0.12,181800681.52384
09/27/2012,ProShares UltraPro Short QQQ,SQQQ,1434800,1499600,-4.32115,-64800,0.13,190098481.65696
09/26/2012,ProShares UltraPro Short QQQ,SQQQ,1499600,1464000,2.43169,35600,0.13,198683916.28992
09/25/2012,ProShares UltraPro Short QQQ,SQQQ,1464000,1405600,4.15481,58400,0.13,192137226.8928
09/24/2012,ProShares UltraPro Short QQQ,SQQQ,1405600,1380000,1.85507,25600,0.13,179201736.42112
09/21/2012,ProShares UltraPro Short QQQ,SQQQ,1380000,1380000,0.00000,0,0.13,175937959.776
09/20/2012,ProShares UltraPro Short QQQ,SQQQ,1380000,1376800,0.23242,3200,0.13,175937959.776
09/19/2012,ProShares UltraPro Short QQQ,SQQQ,1376800,1386800,-0.72108,-10000,0.13,180692987.69536
09/18/2012,ProShares UltraPro Short QQQ,SQQQ,1386800,1388000,-0.08646,-1200,0.13,182005400.44736
09/17/2012,ProShares UltraPro Short QQQ,SQQQ,1388000,1390800,-0.20132,-2800,0.13,182162889.9776
09/14/2012,ProShares UltraPro Short QQQ,SQQQ,1390800,1426800,-2.52313,-36000,0.12,173837865.54816
09/13/2012,ProShares UltraPro Short QQQ,SQQQ,1426800,1490400,-4.26731,-63600,0.13,185471551.45536
09/12/2012,ProShares UltraPro Short QQQ,SQQQ,1490400,1502000,-0.77230,-11600,0.13,193738996.55808
09/11/2012,ProShares UltraPro Short QQQ,SQQQ,1502000,1496400,0.37423,5600,0.13,195246895.3504
09/10/2012,ProShares UltraPro Short QQQ,SQQQ,1496400,1440800,3.85897,55600,0.13,194518944.20928
09/07/2012,ProShares UltraPro Short QQQ,SQQQ,1440800,1434000,0.47420,6800,0.12,176485429.30816
09/06/2012,ProShares UltraPro Short QQQ,SQQQ,1434000,1538400,-6.78627,-104400,0.13,184614988.6368
09/05/2012,ProShares UltraPro Short QQQ,SQQQ,1538400,1530800,0.49647,7600,0.13,198055577.76768
09/04/2012,ProShares UltraPro Short QQQ,SQQQ,1530800,1530800,0.00000,0,0.12,191336644.07616
08/31/2012,ProShares UltraPro Short QQQ,SQQQ,1530800,1562000,-1.99744,-31200,0.12,185596144.07616
08/30/2012,ProShares UltraPro Short QQQ,SQQQ,1562000,1512800,3.25225,49200,0.12,189378871.8624
08/29/2012,ProShares UltraPro Short QQQ,SQQQ,1512800,1515200,-0.15839,-2400,0.12,183413801.12256
08/28/2012,ProShares UltraPro Short QQQ,SQQQ,1515200,1515600,-0.02639,-400,0.12,183704780.18304
08/27/2012,ProShares UltraPro Short QQQ,SQQQ,1515600,1523200,-0.49895,-7600,0.12,183753276.69312
08/24/2012,ProShares UltraPro Short QQQ,SQQQ,1523200,1550400,-1.75439,-27200,0.12,184674710.38464
08/23/2012,ProShares UltraPro Short QQQ,SQQQ,1550400,1515600,2.29612,34800,0.12,187972473.07008
08/22/2012,ProShares UltraPro Short QQQ,SQQQ,1515600,1534000,-1.19948,-18400,0.12,189436776.69312
08/21/2012,ProShares UltraPro Short QQQ,SQQQ,1534000,1514800,1.26749,19200,0.12,185984116.1568
08/20/2012,ProShares UltraPro Short QQQ,SQQQ,1514800,1521600,-0.44690,-6800,0.11,162827783.67296
08/17/2012,ProShares UltraPro Short QQQ,SQQQ,1521600,1542000,-1.32296,-20400,0.11,163558724.34432
08/16/2012,ProShares UltraPro Short QQQ,SQQQ,1542000,1599600,-3.60090,-57600,0.1,156114046.3584
08/15/2012,ProShares UltraPro Short QQQ,SQQQ,1599600,1613200,-0.84304,-13600,0.1,161945543.80992
08/14/2012,ProShares UltraPro Short QQQ,SQQQ,1613200,1614800,-0.09908,-1600,0.1,163322425.15264
08/13/2012,ProShares UltraPro Short QQQ,SQQQ,1614800,1625200,-0.63992,-10400,0.1,163484411.19296
08/10/2012,ProShares UltraPro Short QQQ,SQQQ,1625200,1631600,-0.39225,-6400,0.1,164537320.45504
08/09/2012,ProShares UltraPro Short QQQ,SQQQ,1631600,1646000,-0.87485,-14400,0.1,165185264.61632
08/08/2012,ProShares UltraPro Short QQQ,SQQQ,1646000,1640800,0.31692,5200,0.1,158413138.9792
08/07/2012,ProShares UltraPro Short QQQ,SQQQ,1640800,1684000,-2.56532,-43200,0.1,157912684.34816
08/06/2012,ProShares UltraPro Short QQQ,SQQQ,1684000,1719600,-2.07025,-35600,0.09,153650307.4368
08/03/2012,ProShares UltraPro Short QQQ,SQQQ,1719600,1827200,-5.88879,-107600,0.08,146150996.83392
08/02/2012,ProShares UltraPro Short QQQ,SQQQ,1827200,1807600,1.08431,19600,0.08,146160058.04544
08/01/2012,ProShares UltraPro Short QQQ,SQQQ,1807600,1792400,0.84802,15200,0.07,124256729.05152
07/31/2012,ProShares UltraPro Short QQQ,SQQQ,1792400,1793200,-0.04461,-800,0.07,123211861.66848
07/30/2012,ProShares UltraPro Short QQQ,SQQQ,1793200,1783600,0.53824,9600,0.06,116542354.68864
07/27/2012,ProShares UltraPro Short QQQ,SQQQ,1783600,1923600,-7.27802,-140000,0.06,115918438.44672
07/26/2012,ProShares UltraPro Short QQQ,SQQQ,1923600,2007600,-4.18410,-84000,0.06,125017216.97472
07/25/2012,ProShares UltraPro Short QQQ,SQQQ,2007600,1966000,2.11597,41600,0.07,132985984.09152
07/24/2012,ProShares UltraPro Short QQQ,SQQQ,1966000,1916400,2.58819,49600,0.07,130230347.0432
07/23/2012,ProShares UltraPro Short QQQ,SQQQ,1916400,1856400,3.23206,60000,0.07,126944779.79328
07/20/2012,ProShares UltraPro Short QQQ,SQQQ,1856400,1780800,4.24528,75600,0.07,122970303.28128
07/19/2012,ProShares UltraPro Short QQQ,SQQQ,1780800,1843600,-3.40638,-62800,0.07,117962462.87616
07/18/2012,ProShares UltraPro Short QQQ,SQQQ,1843600,1920000,-3.97917,-76400,0.07,122122414.95872
07/17/2012,ProShares UltraPro Short QQQ,SQQQ,1920000,1953200,-1.69977,-33200,0.07,127183248.384
07/16/2012,ProShares UltraPro Short QQQ,SQQQ,1953200,1935600,0.90928,17600,0.07,139148458.72064
07/13/2012,ProShares UltraPro Short QQQ,SQQQ,1935600,2030400,-4.66903,-94800,0.07,137894612.27712
07/12/2012,ProShares UltraPro Short QQQ,SQQQ,2030400,1971600,2.98235,58800,0.07,144648285.16608
07/11/2012,ProShares UltraPro Short QQQ,SQQQ,1971600,1939600,1.64982,32000,0.07,142923798.18432
07/10/2012,ProShares UltraPro Short QQQ,SQQQ,1939600,1886000,2.84199,53600,0.07,140604077.37792
07/09/2012,ProShares UltraPro Short QQQ,SQQQ,1886000,1881600,0.23384,4400,0.07,136718545.0272
07/06/2012,ProShares UltraPro Short QQQ,SQQQ,1881600,1809600,3.97878,72000,0.07,136399583.41632
07/05/2012,ProShares UltraPro Short QQQ,SQQQ,1809600,1813200,-0.19854,-3600,0.07,131180211.60192
07/03/2012,ProShares UltraPro Short QQQ,SQQQ,1813200,1857600,-2.39018,-44400,0.07,126908180.19264
07/02/2012,ProShares UltraPro Short QQQ,SQQQ,1857600,1878400,-1.10733,-20800,0.06,118405792.81152
06/29/2012,ProShares UltraPro Short QQQ,SQQQ,1878400,2073600,-9.41358,-195200,0.06,119731611.33568
06/28/2012,ProShares UltraPro Short QQQ,SQQQ,2073600,2005600,3.39051,68000,0.06,132173908.25472
06/27/2012,ProShares UltraPro Short QQQ,SQQQ,2005600,2043600,-1.85946,-38000,0.06,127839501.54112
06/26/2012,ProShares UltraPro Short QQQ,SQQQ,2043600,2084000,-1.93858,-40400,0.06,130261669.99872
06/25/2012,ProShares UltraPro Short QQQ,SQQQ,2084000,1965600,6.02361,118400,0.06,132836817.5168
06/22/2012,ProShares UltraPro Short QQQ,SQQQ,1965600,2034000,-3.36283,-68400,0.06,125289850.53312
06/21/2012,ProShares UltraPro Short QQQ,SQQQ,2034000,1890400,7.59628,143600,0.06,129649753.7568
06/20/2012,ProShares UltraPro Short QQQ,SQQQ,1890400,1896400,-0.31639,-6000,0.06,115770506.63808
06/19/2012,ProShares UltraPro Short QQQ,SQQQ,1896400,1960400,-3.26464,-64000,0.06,116137954.28928
06/18/2012,ProShares UltraPro Short QQQ,SQQQ,1960400,2010800,-2.50647,-50400,0.06,110255395.90208
06/15/2012,ProShares UltraPro Short QQQ,SQQQ,2010800,2088000,-3.69732,-77200,0.06,113089956.17216
06/14/2012,ProShares UltraPro Short QQQ,SQQQ,2088000,2119600,-1.49085,-31600,0.06,133091782.6176
06/13/2012,ProShares UltraPro Short QQQ,SQQQ,2119600,2074400,2.17894,45200,0.06,135106006.91392
06/12/2012,ProShares UltraPro Short QQQ,SQQQ,2074400,2148800,-3.46240,-74400,0.06,129631901.27488
06/11/2012,ProShares UltraPro Short QQQ,SQQQ,2148800,2048000,4.92188,100800,0.06,126223252.14976
06/08/2012,ProShares UltraPro Short QQQ,SQQQ,2048000,2107600,-2.82786,-59600,0.05,110062131.6096
06/07/2012,ProShares UltraPro Short QQQ,SQQQ,2107600,2081200,1.26850,26400,0.05,113265111.61152
06/06/2012,ProShares UltraPro Short QQQ,SQQQ,2081200,2242800,-7.20528,-161600,0.05,111846341.94624
06/05/2012,ProShares UltraPro Short QQQ,SQQQ,2242800,2269200,-1.16341,-26400,0.05,120530932.01856
06/04/2012,ProShares UltraPro Short QQQ,SQQQ,2269200,2323600,-2.34119,-54400,0.05,121949701.68384
06/01/2012,ProShares UltraPro Short QQQ,SQQQ,2323600,2154400,7.85369,169200,0.05,124873227.05472
05/31/2012,ProShares UltraPro Short QQQ,SQQQ,2154400,2123200,1.46948,31200,0.06,131938203.29088
05/30/2012,ProShares UltraPro Short QQQ,SQQQ,2123200,2072800,2.43149,50400,0.06,127373475.50464
05/29/2012,ProShares UltraPro Short QQQ,SQQQ,2072800,2154400,-3.78760,-81600,0.06,116576915.23456
05/25/2012,ProShares UltraPro Short QQQ,SQQQ,2154400,2143600,0.50383,10800,0.06,121166203.29088
05/24/2012,ProShares UltraPro Short QQQ,SQQQ,2143600,2104800,1.84341,38800,0.06,120558797.51872
05/23/2012,ProShares UltraPro Short QQQ,SQQQ,2104800,2124800,-0.94127,-20000,0.06,118376636.04096
05/22/2012,ProShares UltraPro Short QQQ,SQQQ,2124800,2110400,0.68234,14400,0.06,119501461.54496
05/21/2012,ProShares UltraPro Short QQQ,SQQQ,2110400,2296800,-8.11564,-186400,0.06,129243587.18208
05/18/2012,ProShares UltraPro Short QQQ,SQQQ,2296800,2216000,3.64621,80800,0.06,140658960.87936
05/17/2012,ProShares UltraPro Short QQQ,SQQQ,2216000,2088000,6.13027,128000,0.06,135730000
05/16/2012,ProShares UltraPro Short QQQ,SQQQ,2088000,2042800,2.21265,45200,0.07,140940000
05/15/2012,ProShares UltraPro Short QQQ,SQQQ,2042800,2024400,0.90891,18400,0.07,142996000
05/14/2012,ProShares UltraPro Short QQQ,SQQQ,2024400,1967600,2.88677,56800,0.07,141708000
05/11/2012,ProShares UltraPro Short QQQ,SQQQ,1967600,1966400,0.06103,1200,0.07,137732000
05/10/2012,ProShares UltraPro Short QQQ,SQQQ,1966400,1955200,0.57283,11200,0.07,137648000
05/09/2012,ProShares UltraPro Short QQQ,SQQQ,1955200,1937600,0.90834,17600,0.07,136864000
05/08/2012,ProShares UltraPro Short QQQ,SQQQ,1937600,1916800,1.08514,20800,0.07,141081500
05/07/2012,ProShares UltraPro Short QQQ,SQQQ,1916800,1920000,-0.16667,-3200,0.07,134176000
05/04/2012,ProShares UltraPro Short QQQ,SQQQ,1920000,1787200,7.43062,132800,0.07,134400000
05/03/2012,ProShares UltraPro Short QQQ,SQQQ,1787200,1732800,3.13943,54400,0.08,139066500
05/02/2012,ProShares UltraPro Short QQQ,SQQQ,1732800,1747200,-0.82418,-14400,0.08,134833500
05/01/2012,ProShares UltraPro Short QQQ,SQQQ,1747200,1753600,-0.36496,-6400,0.08,135954000
04/30/2012,ProShares UltraPro Short QQQ,SQQQ,1753600,1721600,1.85874,32000,0.08,131520000
04/27/2012,ProShares UltraPro Short QQQ,SQQQ,1721600,1752000,-1.73516,-30400,0.07,126430000
04/26/2012,ProShares UltraPro Short QQQ,SQQQ,1752000,1784000,-1.79372,-32000,0.07,128662500
04/25/2012,ProShares UltraPro Short QQQ,SQQQ,1784000,1939200,-8.00330,-155200,0.07,130455000
04/24/2012,ProShares UltraPro Short QQQ,SQQQ,1939200,1907200,1.67785,32000,0.07,133926000
04/23/2012,ProShares UltraPro Short QQQ,SQQQ,1907200,1860800,2.49355,46400,0.07,134696000
04/20/2012,ProShares UltraPro Short QQQ,SQQQ,1860800,1838400,1.21845,22400,0.07,138397000
04/19/2012,ProShares UltraPro Short QQQ,SQQQ,1838400,1780800,3.23450,57600,0.08,146497500
04/18/2012,ProShares UltraPro Short QQQ,SQQQ,1780800,1768000,0.72398,12800,0.08,141907500
04/17/2012,ProShares UltraPro Short QQQ,SQQQ,1768000,1880000,-5.95745,-112000,0.08,140887500
04/16/2012,ProShares UltraPro Short QQQ,SQQQ,1880000,1822400,3.16067,57600,0.08,149812500
04/13/2012,ProShares UltraPro Short QQQ,SQQQ,1822400,1742400,4.59137,80000,0.08,145222500
04/12/2012,ProShares UltraPro Short QQQ,SQQQ,1742400,1808000,-3.62832,-65600,0.08,138847500
04/11/2012,ProShares UltraPro Short QQQ,SQQQ,1808000,1833600,-1.39616,-25600,0.08,144075000
04/10/2012,ProShares UltraPro Short QQQ,SQQQ,1833600,1748800,4.84904,84800,0.08,146115000
04/09/2012,ProShares UltraPro Short QQQ,SQQQ,1748800,1707200,2.43674,41600,0.08,139357500
04/05/2012,ProShares UltraPro Short QQQ,SQQQ,1707200,1740800,-1.93015,-33600,0.08,136042500
04/04/2012,ProShares UltraPro Short QQQ,SQQQ,1740800,1672000,4.11483,68800,0.08,138720000
04/03/2012,ProShares UltraPro Short QQQ,SQQQ,1672000,1670400,0.09579,1600,0.08,132192500
04/02/2012,ProShares UltraPro Short QQQ,SQQQ,1670400,1726400,-3.24374,-56000,0.08,132066000
03/30/2012,ProShares UltraPro Short QQQ,SQQQ,1726400,1713600,0.74697,12800,0.08,136493500
03/29/2012,ProShares UltraPro Short QQQ,SQQQ,1713600,1697600,0.94251,16000,0.08,135481500
03/28/2012,ProShares UltraPro Short QQQ,SQQQ,1697600,1676800,1.24046,20800,0.08,134216500
03/27/2012,ProShares UltraPro Short QQQ,SQQQ,1676800,1684800,-0.47483,-8000,0.08,132572000
03/26/2012,ProShares UltraPro Short QQQ,SQQQ,1684800,1780800,-5.39084,-96000,0.08,133204500
03/23/2012,ProShares UltraPro Short QQQ,SQQQ,1780800,1776000,0.27027,4800,0.08,140794500
03/22/2012,ProShares UltraPro Short QQQ,SQQQ,1776000,1766400,0.54348,9600,0.08,140415000
03/21/2012,ProShares UltraPro Short QQQ,SQQQ,1766400,1764800,0.09066,1600,0.08,138552000
03/20/2012,ProShares UltraPro Short QQQ,SQQQ,1764800,1772800,-0.45126,-8000,0.07,129602500
03/19/2012,ProShares UltraPro Short QQQ,SQQQ,1772800,1814400,-2.29277,-41600,0.07,130190000
03/16/2012,ProShares UltraPro Short QQQ,SQQQ,1814400,1811200,0.17668,3200,0.07,133245000
03/15/2012,ProShares UltraPro Short QQQ,SQQQ,1811200,1824000,-0.70175,-12800,0.07,133010000
03/14/2012,ProShares UltraPro Short QQQ,SQQQ,1824000,1846400,-1.21317,-22400,0.07,132240000
03/13/2012,ProShares UltraPro Short QQQ,SQQQ,1846400,1958400,-5.71895,-112000,0.07,131556000
03/12/2012,ProShares UltraPro Short QQQ,SQQQ,1958400,1960000,-0.08163,-1600,0.07,139536000
03/09/2012,ProShares UltraPro Short QQQ,SQQQ,1960000,1980800,-1.05008,-20800,0.07,139650000
03/08/2012,ProShares UltraPro Short QQQ,SQQQ,1980800,2049600,-3.35675,-68800,0.07,141132000
03/07/2012,ProShares UltraPro Short QQQ,SQQQ,2049600,2097600,-2.28833,-48000,0.07,146034000
03/06/2012,ProShares UltraPro Short QQQ,SQQQ,2097600,2036800,2.98507,60800,0.07,149454000
03/05/2012,ProShares UltraPro Short QQQ,SQQQ,2036800,1977600,2.99353,59200,0.07,145122000
03/02/2012,ProShares UltraPro Short QQQ,SQQQ,1977600,1972800,0.24331,4800,0.07,140904000
03/01/2012,ProShares UltraPro Short QQQ,SQQQ,1972800,2019200,-2.29794,-46400,0.07,128848500
02/29/2012,ProShares UltraPro Short QQQ,SQQQ,2019200,1996800,1.12179,22400,0.07,131879000
02/28/2012,ProShares UltraPro Short QQQ,SQQQ,1996800,2060800,-3.10559,-64000,0.06,122928000
02/27/2012,ProShares UltraPro Short QQQ,SQQQ,2060800,2067200,-0.30960,-6400,0.06,126868000
02/24/2012,ProShares UltraPro Short QQQ,SQQQ,2067200,2089600,-1.07198,-22400,0.06,127262000
02/23/2012,ProShares UltraPro Short QQQ,SQQQ,2089600,2128000,-1.80451,-38400,0.06,128641000
02/22/2012,ProShares UltraPro Short QQQ,SQQQ,2128000,2102400,1.21766,25600,0.06,131005000
02/21/2012,ProShares UltraPro Short QQQ,SQQQ,2102400,2118400,-0.75529,-16000,0.06,129429000
02/17/2012,ProShares UltraPro Short QQQ,SQQQ,2118400,2099200,0.91463,19200,0.06,123794000
02/16/2012,ProShares UltraPro Short QQQ,SQQQ,2099200,2192000,-4.23358,-92800,0.06,122672000
02/15/2012,ProShares UltraPro Short QQQ,SQQQ,2192000,2144000,2.23881,48000,0.06,128095000
02/14/2012,ProShares UltraPro Short QQQ,SQQQ,2144000,2163200,-0.88757,-19200,0.06,121940000
02/13/2012,ProShares UltraPro Short QQQ,SQQQ,2163200,2222400,-2.66379,-59200,0.06,119652000
02/10/2012,ProShares UltraPro Short QQQ,SQQQ,2222400,2180800,1.90756,41600,0.06,122926500
02/09/2012,ProShares UltraPro Short QQQ,SQQQ,2180800,2228800,-2.15363,-48000,0.05,116536500
02/08/2012,ProShares UltraPro Short QQQ,SQQQ,2228800,2265600,-1.62429,-36800,0.05,119101500
02/07/2012,ProShares UltraPro Short QQQ,SQQQ,2265600,2276800,-0.49192,-11200,0.05,121068000
02/06/2012,ProShares UltraPro Short QQQ,SQQQ,2276800,2273600,0.14075,3200,0.05,121666500
02/03/2012,ProShares UltraPro Short QQQ,SQQQ,2273600,2372800,-4.18071,-99200,0.05,117943000
02/02/2012,ProShares UltraPro Short QQQ,SQQQ,2372800,2393600,-0.86898,-20800,0.05,123089000
02/01/2012,ProShares UltraPro Short QQQ,SQQQ,2393600,2454400,-2.47718,-60800,0.05,124168000
01/31/2012,ProShares UltraPro Short QQQ,SQQQ,2454400,2462400,-0.32489,-8000,0.05,127322000
01/30/2012,ProShares UltraPro Short QQQ,SQQQ,2462400,2473600,-0.45278,-11200,0.05,127737000
01/27/2012,ProShares UltraPro Short QQQ,SQQQ,2473600,2496000,-0.89744,-22400,0.05,128318000
01/26/2012,ProShares UltraPro Short QQQ,SQQQ,2496000,2464000,1.29870,32000,0.05,129480015.6
01/25/2012,ProShares UltraPro Short QQQ,SQQQ,2464000,2563200,-3.87016,-99200,0.05,127820015.4
01/24/2012,ProShares UltraPro Short QQQ,SQQQ,2563200,2553600,0.37594,9600,0.05,132966016.02
01/23/2012,ProShares UltraPro Short QQQ,SQQQ,2553600,2553600,0.00000,0,0.05,132468015.96
01/20/2012,ProShares UltraPro Short QQQ,SQQQ,2553600,2539200,0.56711,14400,0.05,132468015.96
01/19/2012,ProShares UltraPro Short QQQ,SQQQ,2539200,2590400,-1.97653,-51200,0.05,131721015.87
01/18/2012,ProShares UltraPro Short QQQ,SQQQ,2590400,2700800,-4.08768,-110400,0.04,114949016.19
01/17/2012,ProShares UltraPro Short QQQ,SQQQ,2700800,2776000,-2.70893,-75200,0.04,108876016.88
01/13/2012,ProShares UltraPro Short QQQ,SQQQ,2776000,2742400,1.22520,33600,0.04,111907517.35
01/12/2012,ProShares UltraPro Short QQQ,SQQQ,2742400,2776000,-1.21037,-33600,0.04,110553017.14
01/11/2012,ProShares UltraPro Short QQQ,SQQQ,2776000,2793600,-0.63001,-17600,0.04,103232517.35
01/10/2012,ProShares UltraPro Short QQQ,SQQQ,2793600,2854400,-2.13004,-60800,0.03,95157017.46
01/09/2012,ProShares UltraPro Short QQQ,SQQQ,2854400,2835200,0.67720,19200,0.03,96336017.84
01/06/2012,ProShares UltraPro Short QQQ,SQQQ,2835200,2862400,-0.95025,-27200,0.03,85056017.72
01/05/2012,ProShares UltraPro Short QQQ,SQQQ,2862400,2936000,-2.50681,-73600,0.03,85872017.89
01/04/2012,ProShares UltraPro Short QQQ,SQQQ,2936000,2966400,-1.02481,-30400,0.03,88080018.35
01/03/2012,ProShares UltraPro Short QQQ,SQQQ,2966400,3150400,-5.84053,-184000,0.03,88992018.54
12/30/2011,ProShares UltraPro Short QQQ,SQQQ,3150400,3121600,0.92260,28800,0.03,94512019.69
12/29/2011,ProShares UltraPro Short QQQ,SQQQ,3121600,3198400,-2.40120,-76800,0.03,93648019.51
12/28/2011,ProShares UltraPro Short QQQ,SQQQ,3198400,3092800,3.41438,105600,0.03,95952019.99
12/27/2011,ProShares UltraPro Short QQQ,SQQQ,3092800,3116800,-0.77002,-24000,0.03,92784019.33
12/23/2011,ProShares UltraPro Short QQQ,SQQQ,3116800,3204800,-2.74588,-88000,0.03,93504019.48
12/22/2011,ProShares UltraPro Short QQQ,SQQQ,3204800,3281600,-2.34032,-76800,0.03,94141020.03
12/21/2011,ProShares UltraPro Short QQQ,SQQQ,3281600,3147200,4.27046,134400,0.03,96397020.51
12/20/2011,ProShares UltraPro Short QQQ,SQQQ,3147200,3459200,-9.01943,-312000,0.03,92449019.67
12/19/2011,ProShares UltraPro Short QQQ,SQQQ,3459200,3356800,3.05052,102400,0.03,101614021.62
12/16/2011,ProShares UltraPro Short QQQ,SQQQ,3356800,3409600,-1.54857,-52800,0.03,98606020.98
12/15/2011,ProShares UltraPro Short QQQ,SQQQ,3409600,3382400,0.80416,27200,0.03,100157021.31
12/14/2011,ProShares UltraPro Short QQQ,SQQQ,3382400,3230400,4.70530,152000,0.03,99358021.14
12/13/2011,ProShares UltraPro Short QQQ,SQQQ,3230400,3132800,3.11542,97600,0.03,93883520.19
12/12/2011,ProShares UltraPro Short QQQ,SQQQ,3132800,3030400,3.37909,102400,0.03,91047019.58
12/09/2011,ProShares UltraPro Short QQQ,SQQQ,3030400,3180800,-4.72837,-150400,0.03,88071018.94
12/08/2011,ProShares UltraPro Short QQQ,SQQQ,3180800,3032000,4.90765,148800,0.03,92442019.88
12/07/2011,ProShares UltraPro Short QQQ,SQQQ,3032000,3028800,0.10565,3200,0.03,88117518.95
12/06/2011,ProShares UltraPro Short QQQ,SQQQ,3028800,3008000,0.69149,20800,0.03,88024518.93
12/05/2011,ProShares UltraPro Short QQQ,SQQQ,3008000,3110400,-3.29218,-102400,0.03,87420018.8
12/02/2011,ProShares UltraPro Short QQQ,SQQQ,3110400,3081600,0.93458,28800,0.03,90396019.44
12/01/2011,ProShares UltraPro Short QQQ,SQQQ,3081600,3139200,-1.83486,-57600,0.03,89559019.26
11/30/2011,ProShares UltraPro Short QQQ,SQQQ,3139200,3542400,-11.38211,-403200,0.03,91233019.62
11/29/2011,ProShares UltraPro Short QQQ,SQQQ,3542400,3481600,1.74632,60800,0.03,102951022.14
11/28/2011,ProShares UltraPro Short QQQ,SQQQ,3481600,3880000,-10.26804,-398400,0.03,104448021.76
11/25/2011,ProShares UltraPro Short QQQ,SQQQ,3880000,3798400,2.14827,81600,0.03,128525024.25
11/23/2011,ProShares UltraPro Short QQQ,SQQQ,3798400,3558400,6.74460,240000,0.03,125822023.74
11/22/2011,ProShares UltraPro Short QQQ,SQQQ,3558400,3585600,-0.75859,-27200,0.03,117872022.24
11/21/2011,ProShares UltraPro Short QQQ,SQQQ,3585600,3396800,5.55817,188800,0.04,125496022.41
11/18/2011,ProShares UltraPro Short QQQ,SQQQ,3396800,3316800,2.41196,80000,0.04,118888021.23
11/17/2011,ProShares UltraPro Short QQQ,SQQQ,3316800,3107200,6.74562,209600,0.04,116088020.73
11/16/2011,ProShares UltraPro Short QQQ,SQQQ,3107200,2953600,5.20043,153600,0.04,108752019.42
11/15/2011,ProShares UltraPro Short QQQ,SQQQ,2953600,3057600,-3.40136,-104000,0.04,103376018.46
11/14/2011,ProShares UltraPro Short QQQ,SQQQ,3057600,3003200,1.81140,54400,0.04,107016019.11
11/11/2011,ProShares UltraPro Short QQQ,SQQQ,3003200,3184000,-5.67839,-180800,0.04,105112018.77
11/10/2011,ProShares UltraPro Short QQQ,SQQQ,3184000,3176000,0.25189,8000,0.04,111440019.9
11/09/2011,ProShares UltraPro Short QQQ,SQQQ,3176000,2868800,10.70831,307200,0.04,111160019.85
11/08/2011,ProShares UltraPro Short QQQ,SQQQ,2868800,2979200,-3.70569,-110400,0.04,100408017.93
11/07/2011,ProShares UltraPro Short QQQ,SQQQ,2979200,3035200,-1.84502,-56000,0.04,104272018.62
11/04/2011,ProShares UltraPro Short QQQ,SQQQ,3035200,2993600,1.38963,41600,0.04,106232018.97
11/03/2011,ProShares UltraPro Short QQQ,SQQQ,2993600,3201600,-6.49675,-208000,0.04,104776018.71
11/02/2011,ProShares UltraPro Short QQQ,SQQQ,3201600,3288000,-2.62774,-86400,0.04,112056020.01
11/01/2011,ProShares UltraPro Short QQQ,SQQQ,3288000,3049600,7.81742,238400,0.04,115080020.55
10/31/2011,ProShares UltraPro Short QQQ,SQQQ,3049600,2900800,5.12962,148800,0.04,112454019.06
10/28/2011,ProShares UltraPro Short QQQ,SQQQ,2900800,2905600,-0.16520,-4800,0.04,106967018.13
10/27/2011,ProShares UltraPro Short QQQ,SQQQ,2905600,3171200,-8.37538,-265600,0.04,107144018.16
10/26/2011,ProShares UltraPro Short QQQ,SQQQ,3171200,3166400,0.15159,4800,0.04,116938019.82
10/25/2011,ProShares UltraPro Short QQQ,SQQQ,3166400,2985600,6.05573,180800,0.04,116761019.79
10/24/2011,ProShares UltraPro Short QQQ,SQQQ,2985600,3184000,-6.23116,-198400,0.04,110094018.66
10/21/2011,ProShares UltraPro Short QQQ,SQQQ,3184000,3312000,-3.86473,-128000,0.04,117410019.9
10/20/2011,ProShares UltraPro Short QQQ,SQQQ,3312000,3267200,1.37120,44800,0.04,122130020.7
10/19/2011,ProShares UltraPro Short QQQ,SQQQ,3267200,3080000,6.07792,187200,0.04,120478020.42
10/18/2011,ProShares UltraPro Short QQQ,SQQQ,3080000,3204800,-3.89416,-124800,0.04,113575019.25
10/17/2011,ProShares UltraPro Short QQQ,SQQQ,3204800,3060800,4.70465,144000,0.04,115172520.03
10/14/2011,ProShares UltraPro Short QQQ,SQQQ,3060800,3249600,-5.80995,-188800,0.04,109997519.13
10/13/2011,ProShares UltraPro Short QQQ,SQQQ,3249600,3334400,-2.54319,-84800,0.03,107643020.31
10/12/2011,ProShares UltraPro Short QQQ,SQQQ,3334400,3388800,-1.60529,-54400,0.03,110452020.84
10/11/2011,ProShares UltraPro Short QQQ,SQQQ,3388800,3464000,-2.17090,-75200,0.03,99546021.18
10/10/2011,ProShares UltraPro Short QQQ,SQQQ,3464000,3864000,-10.35197,-400000,0.03,88765021.65
10/07/2011,ProShares UltraPro Short QQQ,SQQQ,3864000,3787200,2.02788,76800,0.03,99015024.15
10/06/2011,ProShares UltraPro Short QQQ,SQQQ,3787200,3980800,-4.86334,-193600,0.03,97047023.67
10/05/2011,ProShares UltraPro Short QQQ,SQQQ,3980800,4305600,-7.54366,-324800,0.03,102008024.88
10/04/2011,ProShares UltraPro Short QQQ,SQQQ,4305600,4600000,-6.40000,-294400,0.03,111676526.91
10/03/2011,ProShares UltraPro Short QQQ,SQQQ,4600000,4276800,7.55705,323200,0.03,127937528.75
09/30/2011,ProShares UltraPro Short QQQ,SQQQ,4276800,3961600,7.95638,315200,0.03,118948526.73
09/29/2011,ProShares UltraPro Short QQQ,SQQQ,3961600,3841600,3.12370,120000,0.03,110182024.76
09/28/2011,ProShares UltraPro Short QQQ,SQQQ,3841600,3681600,4.34594,160000,0.03,106844524.01
09/27/2011,ProShares UltraPro Short QQQ,SQQQ,3681600,3780800,-2.62378,-99200,0.03,100093523.01
09/26/2011,ProShares UltraPro Short QQQ,SQQQ,3780800,3926400,-3.70823,-145600,0.03,102790523.63
09/23/2011,ProShares UltraPro Short QQQ,SQQQ,3926400,4051200,-3.08057,-124800,0.03,106749024.54
09/22/2011,ProShares UltraPro Short QQQ,SQQQ,4051200,3689600,9.80052,361600,0.03,116472025.32
09/21/2011,ProShares UltraPro Short QQQ,SQQQ,3689600,3516800,4.91356,172800,0.03,103770023.06
09/20/2011,ProShares UltraPro Short QQQ,SQQQ,3516800,3459200,1.66512,57600,0.03,98910021.98
09/19/2011,ProShares UltraPro Short QQQ,SQQQ,3459200,3472000,-0.36866,-12800,0.03,97290021.62
09/16/2011,ProShares UltraPro Short QQQ,SQQQ,3472000,3563200,-2.55950,-91200,0.03,97650021.7
09/15/2011,ProShares UltraPro Short QQQ,SQQQ,3563200,3731200,-4.50257,-168000,0.02,86853022.27
09/14/2011,ProShares UltraPro Short QQQ,SQQQ,3731200,3900800,-4.34783,-169600,0.02,90948023.32
09/13/2011,ProShares UltraPro Short QQQ,SQQQ,3900800,4060800,-3.94011,-160000,0.02,95082024.38
09/12/2011,ProShares UltraPro Short QQQ,SQQQ,4060800,4227200,-3.93641,-166400,0.02,98982025.38
09/09/2011,ProShares UltraPro Short QQQ,SQQQ,4227200,3956800,6.83381,270400,0.02,100396026.42
09/08/2011,ProShares UltraPro Short QQQ,SQQQ,3956800,3907200,1.26945,49600,0.02,93974024.73
09/07/2011,ProShares UltraPro Short QQQ,SQQQ,3907200,4236800,-7.77946,-329600,0.02,92796024.42
09/06/2011,ProShares UltraPro Short QQQ,SQQQ,4236800,4236800,0.00000,0,0.02,100624026.48
09/02/2011,ProShares UltraPro Short QQQ,SQQQ,4236800,3961600,6.94669,275200,0.02,100624026.48
09/01/2011,ProShares UltraPro Short QQQ,SQQQ,3961600,3848000,2.95218,113600,0.02,94088024.76
08/31/2011,ProShares UltraPro Short QQQ,SQQQ,3848000,3868800,-0.53763,-20800,0.02,91390024.05
08/30/2011,ProShares UltraPro Short QQQ,SQQQ,3868800,3942400,-1.86688,-73600,0.02,87048024.18
08/29/2011,ProShares UltraPro Short QQQ,SQQQ,3942400,4315200,-8.63923,-372800,0.02,78848024.64
08/26/2011,ProShares UltraPro Short QQQ,SQQQ,4315200,4670400,-7.60534,-355200,0.02,86304026.97
08/25/2011,ProShares UltraPro Short QQQ,SQQQ,4670400,4443200,5.11343,227200,0.02,93408029.19
08/24/2011,ProShares UltraPro Short QQQ,SQQQ,4443200,4548800,-2.32149,-105600,0.02,88864027.77
08/23/2011,ProShares UltraPro Short QQQ,SQQQ,4548800,5192000,-12.38829,-643200,0.02,90976028.43
08/22/2011,ProShares UltraPro Short QQQ,SQQQ,5192000,5243200,-0.97650,-51200,0.02,103840032.45
08/19/2011,ProShares UltraPro Short QQQ,SQQQ,5243200,4990400,5.06573,252800,0.02,104864032.77
08/18/2011,ProShares UltraPro Short QQQ,SQQQ,4990400,4344000,14.88029,646400,0.02,99808031.19
08/17/2011,ProShares UltraPro Short QQQ,SQQQ,4344000,4270400,1.72349,73600,0.02,86880027.15
08/16/2011,ProShares UltraPro Short QQQ,SQQQ,4270400,4166400,2.49616,104000,0.02,85408026.69
08/15/2011,ProShares UltraPro Short QQQ,SQQQ,4166400,4360000,-4.44037,-193600,0.02,88536026.04
08/12/2011,ProShares UltraPro Short QQQ,SQQQ,4360000,4456000,-2.15440,-96000,0.02,91287527.25
08/11/2011,ProShares UltraPro Short QQQ,SQQQ,4456000,5155200,-13.56300,-699200,0.02,94690027.85
08/10/2011,ProShares UltraPro Short QQQ,SQQQ,5155200,4595200,12.18663,560000,0.02,107937032.22
08/09/2011,ProShares UltraPro Short QQQ,SQQQ,4595200,5382400,-14.62545,-787200,0.02,93340028.72
08/08/2011,ProShares UltraPro Short QQQ,SQQQ,5382400,4550400,18.28411,832000,0.02,114376033.64
08/05/2011,ProShares UltraPro Short QQQ,SQQQ,4550400,4473600,1.71674,76800,0.02,96696028.44
08/04/2011,ProShares UltraPro Short QQQ,SQQQ,4473600,3934400,13.70476,539200,0.02,103452027.96
08/03/2011,ProShares UltraPro Short QQQ,SQQQ,3934400,4046400,-2.76789,-112000,0.02,90983024.59
08/02/2011,ProShares UltraPro Short QQQ,SQQQ,4046400,3753600,7.80051,292800,0.02,99895525.29
08/01/2011,ProShares UltraPro Short QQQ,SQQQ,3753600,3713600,1.07712,40000,0.02,91494023.46
07/29/2011,ProShares UltraPro Short QQQ,SQQQ,3713600,3672000,1.13290,41600,0.02,90519023.21
07/28/2011,ProShares UltraPro Short QQQ,SQQQ,3672000,3694400,-0.60632,-22400,0.02,89505022.95
07/27/2011,ProShares UltraPro Short QQQ,SQQQ,3694400,3430400,7.69590,264000,0.02,90051023.09
07/26/2011,ProShares UltraPro Short QQQ,SQQQ,3430400,3452800,-0.64875,-22400,0.02,83616021.44
07/25/2011,ProShares UltraPro Short QQQ,SQQQ,3452800,3430400,0.65299,22400,0.02,84162021.58
07/22/2011,ProShares UltraPro Short QQQ,SQQQ,3430400,3542400,-3.16170,-112000,0.02,83616021.44
07/21/2011,ProShares UltraPro Short QQQ,SQQQ,3542400,3617600,-2.07873,-75200,0.02,86346022.14
07/20/2011,ProShares UltraPro Short QQQ,SQQQ,3617600,3571200,1.29928,46400,0.02,88179022.61
07/19/2011,ProShares UltraPro Short QQQ,SQQQ,3571200,3838400,-6.96123,-267200,0.02,87048022.32
07/18/2011,ProShares UltraPro Short QQQ,SQQQ,3838400,3777600,1.60949,60800,0.02,93561023.99
07/15/2011,ProShares UltraPro Short QQQ,SQQQ,3777600,3937600,-4.06339,-160000,0.02,92079023.61
07/14/2011,ProShares UltraPro Short QQQ,SQQQ,3937600,3804800,3.49033,132800,0.02,95979024.61
07/13/2011,ProShares UltraPro Short QQQ,SQQQ,3804800,3849600,-1.16376,-44800,0.02,92742023.78
07/12/2011,ProShares UltraPro Short QQQ,SQQQ,3849600,3761600,2.33943,88000,0.02,93834024.06
07/11/2011,ProShares UltraPro Short QQQ,SQQQ,3761600,3568000,5.42601,193600,0.02,91689023.51
07/08/2011,ProShares UltraPro Short QQQ,SQQQ,3568000,3537600,0.85934,30400,0.02,86970022.3
07/07/2011,ProShares UltraPro Short QQQ,SQQQ,3537600,3697600,-4.32713,-160000,0.02,86229022.11
07/06/2011,ProShares UltraPro Short QQQ,SQQQ,3697600,3732800,-0.94299,-35200,0.02,90129023.11
07/05/2011,ProShares UltraPro Short QQQ,SQQQ,3732800,3782400,-1.31134,-49600,0.02,90987023.33
07/01/2011,ProShares UltraPro Short QQQ,SQQQ,3782400,3969600,-4.71584,-187200,0.02,92196023.64
06/30/2011,ProShares UltraPro Short QQQ,SQQQ,3969600,4134400,-3.98607,-164800,0.02,96759024.81
06/29/2011,ProShares UltraPro Short QQQ,SQQQ,4134400,4184000,-1.18547,-49600,0.02,100776025.84
06/28/2011,ProShares UltraPro Short QQQ,SQQQ,4184000,4379200,-4.45744,-195200,0.02,101985026.15
06/27/2011,ProShares UltraPro Short QQQ,SQQQ,4379200,4600000,-4.80000,-220800,0.03,109480027.37
06/24/2011,ProShares UltraPro Short QQQ,SQQQ,4600000,4377600,5.08041,222400,0.03,115000028.75
06/23/2011,ProShares UltraPro Short QQQ,SQQQ,4377600,4494400,-2.59879,-116800,0.03,109440027.36
06/22/2011,ProShares UltraPro Short QQQ,SQQQ,4494400,4401600,2.10832,92800,0.03,112360028.09
06/21/2011,ProShares UltraPro Short QQQ,SQQQ,4401600,4705600,-6.46039,-304000,0.03,110040027.51
06/20/2011,ProShares UltraPro Short QQQ,SQQQ,4705600,4780800,-1.57296,-75200,0.03,117640029.41
06/17/2011,ProShares UltraPro Short QQQ,SQQQ,4780800,4736000,0.94595,44800,0.03,119520029.88
06/16/2011,ProShares UltraPro Short QQQ,SQQQ,4736000,4678400,1.23119,57600,0.03,118400029.6
06/15/2011,ProShares UltraPro Short QQQ,SQQQ,4678400,4433600,5.52147,244800,0.03,116960029.24
06/14/2011,ProShares UltraPro Short QQQ,SQQQ,4433600,4609600,-3.81812,-176000,0.03,110840027.71
06/13/2011,ProShares UltraPro Short QQQ,SQQQ,4609600,4617600,-0.17325,-8000,0.03,115240028.81
06/10/2011,ProShares UltraPro Short QQQ,SQQQ,4617600,4409600,4.71698,208000,0.03,115440028.86
06/09/2011,ProShares UltraPro Short QQQ,SQQQ,4409600,4432000,-0.50542,-22400,0.03,110240027.56
06/08/2011,ProShares UltraPro Short QQQ,SQQQ,4432000,4340800,2.10100,91200,0.03,110800027.7
06/07/2011,ProShares UltraPro Short QQQ,SQQQ,4340800,4310400,0.70527,30400,0.03,108520027.13
06/06/2011,ProShares UltraPro Short QQQ,SQQQ,4310400,4212800,2.31675,97600,0.03,107760026.94
06/03/2011,ProShares UltraPro Short QQQ,SQQQ,4212800,4033600,4.44268,179200,0.03,105320026.33
06/02/2011,ProShares UltraPro Short QQQ,SQQQ,4033600,4056000,-0.55227,-22400,0.03,100840025.21
06/01/2011,ProShares UltraPro Short QQQ,SQQQ,4056000,3819200,6.20025,236800,0.03,101400025.35
05/31/2011,ProShares UltraPro Short QQQ,SQQQ,3819200,4006400,-4.67252,-187200,0.02,89512523.87
05/27/2011,ProShares UltraPro Short QQQ,SQQQ,4006400,4060800,-1.33964,-54400,0.02,93900025.04
05/26/2011,ProShares UltraPro Short QQQ,SQQQ,4060800,4140800,-1.93199,-80000,0.02,95175025.38
05/25/2011,ProShares UltraPro Short QQQ,SQQQ,4140800,4184000,-1.03250,-43200,0.02,97050025.88
05/24/2011,ProShares UltraPro Short QQQ,SQQQ,4184000,4113600,1.71140,70400,0.02,90217526.15
05/23/2011,ProShares UltraPro Short QQQ,SQQQ,4113600,3940800,4.38490,172800,0.02,88699525.71
05/20/2011,ProShares UltraPro Short QQQ,SQQQ,3940800,3851200,2.32655,89600,0.02,84973524.63
05/19/2011,ProShares UltraPro Short QQQ,SQQQ,3851200,3886400,-0.90572,-35200,0.02,83041524.07
05/18/2011,ProShares UltraPro Short QQQ,SQQQ,3886400,3987200,-2.52809,-100800,0.02,83800524.29
05/17/2011,ProShares UltraPro Short QQQ,SQQQ,3987200,4022400,-0.87510,-35200,0.02,85974024.92
05/16/2011,ProShares UltraPro Short QQQ,SQQQ,4022400,3824000,5.18828,198400,0.02,86733025.14
05/13/2011,ProShares UltraPro Short QQQ,SQQQ,3824000,3691200,3.59775,132800,0.02,82455023.9
05/12/2011,ProShares UltraPro Short QQQ,SQQQ,3691200,3761600,-1.87154,-70400,0.02,79591523.07
05/11/2011,ProShares UltraPro Short QQQ,SQQQ,3761600,3678400,2.26185,83200,0.02,81109523.51
05/10/2011,ProShares UltraPro Short QQQ,SQQQ,3678400,3776000,-2.58475,-97600,0.02,74717522.99
05/09/2011,ProShares UltraPro Short QQQ,SQQQ,3776000,3814400,-1.00671,-38400,0.02,76700023.6
05/06/2011,ProShares UltraPro Short QQQ,SQQQ,3814400,3852800,-0.99668,-38400,0.02,77480023.84
05/05/2011,ProShares UltraPro Short QQQ,SQQQ,3852800,3795200,1.51771,57600,0.02,78260024.08
05/04/2011,ProShares UltraPro Short QQQ,SQQQ,3795200,3774400,0.55108,20800,0.02,77090023.72
05/03/2011,ProShares UltraPro Short QQQ,SQQQ,3774400,3721600,1.41874,52800,0.02,76667523.59
05/02/2011,ProShares UltraPro Short QQQ,SQQQ,3721600,3720000,0.04301,1600,0.02,75595023.26
04/29/2011,ProShares UltraPro Short QQQ,SQQQ,3720000,3696000,0.64935,24000,0.02,75562523.25
04/28/2011,ProShares UltraPro Short QQQ,SQQQ,3696000,3680000,0.43478,16000,0.02,75075023.1
04/27/2011,ProShares UltraPro Short QQQ,SQQQ,3680000,3761600,-2.16929,-81600,0.02,72450023
04/26/2011,ProShares UltraPro Short QQQ,SQQQ,3761600,3822400,-1.59062,-60800,0.02,74056523.51
04/25/2011,ProShares UltraPro Short QQQ,SQQQ,3822400,3854400,-0.83022,-32000,0.02,75253523.89
04/21/2011,ProShares UltraPro Short QQQ,SQQQ,3854400,3952000,-2.46964,-97600,0.02,68656524.09
04/20/2011,ProShares UltraPro Short QQQ,SQQQ,3952000,4233600,-6.65155,-281600,0.02,70395024.7
04/19/2011,ProShares UltraPro Short QQQ,SQQQ,4233600,4315200,-1.89099,-81600,0.02,72765026.46
04/18/2011,ProShares UltraPro Short QQQ,SQQQ,4315200,4232000,1.96597,83200,0.02,74167526.97
04/15/2011,ProShares UltraPro Short QQQ,SQQQ,4232000,4211200,0.49392,20800,0.02,72737526.45
04/14/2011,ProShares UltraPro Short QQQ,SQQQ,4211200,4184000,0.65010,27200,0.02,72380026.32
04/13/2011,ProShares UltraPro Short QQQ,SQQQ,4184000,4286400,-2.38895,-102400,0.02,71912526.15
04/12/2011,ProShares UltraPro Short QQQ,SQQQ,4286400,4198400,2.09604,88000,0.02,73672526.79
04/11/2011,ProShares UltraPro Short QQQ,SQQQ,4198400,4163200,0.84550,35200,0.02,72160026.24
04/08/2011,ProShares UltraPro Short QQQ,SQQQ,4163200,4102400,1.48206,60800,0.02,71555026.02
04/07/2011,ProShares UltraPro Short QQQ,SQQQ,4102400,4104000,-0.03899,-1600,0.02,70510025.64
04/06/2011,ProShares UltraPro Short QQQ,SQQQ,4104000,4129600,-0.61991,-25600,0.02,70537525.65
04/05/2011,ProShares UltraPro Short QQQ,SQQQ,4129600,4092800,0.89914,36800,0.02,70977525.81
04/04/2011,ProShares UltraPro Short QQQ,SQQQ,4092800,4051200,1.02686,41600,0.02,70345025.58
04/01/2011,ProShares UltraPro Short QQQ,SQQQ,4051200,4070400,-0.47170,-19200,0.02,69630025.32
03/31/2011,ProShares UltraPro Short QQQ,SQQQ,4070400,4084800,-0.35253,-14400,0.02,69960025.44
03/30/2011,ProShares UltraPro Short QQQ,SQQQ,4084800,4144000,-1.42857,-59200,0.02,70207525.53
03/29/2011,ProShares UltraPro Short QQQ,SQQQ,4144000,4268800,-2.92354,-124800,0.02,71225025.9
03/28/2011,ProShares UltraPro Short QQQ,SQQQ,4268800,4198400,1.67683,70400,0.02,73370026.68
03/25/2011,ProShares UltraPro Short QQQ,SQQQ,4198400,4222400,-0.56840,-24000,0.02,69536026.24
03/24/2011,ProShares UltraPro Short QQQ,SQQQ,4222400,4467200,-5.47994,-244800,0.02,69933526.39
03/23/2011,ProShares UltraPro Short QQQ,SQQQ,4467200,4542400,-1.65551,-75200,0.02,69800027.92
03/22/2011,ProShares UltraPro Short QQQ,SQQQ,4542400,4515200,0.60241,27200,0.02,70975028.39
03/21/2011,ProShares UltraPro Short QQQ,SQQQ,4515200,4785600,-5.65028,-270400,0.02,70550028.22
03/18/2011,ProShares UltraPro Short QQQ,SQQQ,4785600,4758400,0.57162,27200,0.02,74775029.91
03/17/2011,ProShares UltraPro Short QQQ,SQQQ,4758400,4905600,-3.00065,-147200,0.02,72863029.74
03/16/2011,ProShares UltraPro Short QQQ,SQQQ,4905600,4564800,7.46583,340800,0.02,75117030.66
03/15/2011,ProShares UltraPro Short QQQ,SQQQ,4564800,4385600,4.08610,179200,0.02,71325028.53
03/14/2011,ProShares UltraPro Short QQQ,SQQQ,4385600,4339200,1.06932,46400,0.02,69895527.41
03/11/2011,ProShares UltraPro Short QQQ,SQQQ,4339200,4425600,-1.95228,-86400,0.02,67800027.12
03/10/2011,ProShares UltraPro Short QQQ,SQQQ,4425600,4219200,4.89192,206400,0.02,66384027.66
03/09/2011,ProShares UltraPro Short QQQ,SQQQ,4219200,4140800,1.89335,78400,0.02,63288026.37
03/08/2011,ProShares UltraPro Short QQQ,SQQQ,4140800,4192000,-1.22137,-51200,0.02,62112025.88
03/07/2011,ProShares UltraPro Short QQQ,SQQQ,4192000,4028800,4.05083,163200,0.02,62880026.2
03/04/2011,ProShares UltraPro Short QQQ,SQQQ,4028800,3969600,1.49133,59200,0.02,60432025.18
03/03/2011,ProShares UltraPro Short QQQ,SQQQ,3969600,4214400,-5.80866,-244800,0.02,59544024.81
03/02/2011,ProShares UltraPro Short QQQ,SQQQ,4214400,4278400,-1.49589,-64000,0.02,63216026.34
03/01/2011,ProShares UltraPro Short QQQ,SQQQ,4278400,4091200,4.57567,187200,0.02,64176026.74
02/28/2011,ProShares UltraPro Short QQQ,SQQQ,4091200,4116800,-0.62184,-25600,0.02,61368025.57
02/25/2011,ProShares UltraPro Short QQQ,SQQQ,4116800,4300800,-4.27827,-184000,0.02,61752025.73
02/24/2011,ProShares UltraPro Short QQQ,SQQQ,4300800,4371200,-1.61054,-70400,0.02,67200026.88
02/23/2011,ProShares UltraPro Short QQQ,SQQQ,4371200,4256000,2.70677,115200,0.02,69666027.32
02/22/2011,ProShares UltraPro Short QQQ,SQQQ,4256000,3913600,8.74898,342400,0.02,67830026.6
02/18/2011,ProShares UltraPro Short QQQ,SQQQ,3913600,3889600,0.61703,24000,0.02,62373024.46
02/17/2011,ProShares UltraPro Short QQQ,SQQQ,3889600,3888000,0.04115,1600,0.02,61990524.31
02/16/2011,ProShares UltraPro Short QQQ,SQQQ,3888000,3969600,-2.05562,-81600,0.02,61965024.3
02/15/2011,ProShares UltraPro Short QQQ,SQQQ,3969600,3953600,0.40469,16000,0.02,63265524.81
02/14/2011,ProShares UltraPro Short QQQ,SQQQ,3953600,3987200,-0.84270,-33600,0.02,61775024.71
02/11/2011,ProShares UltraPro Short QQQ,SQQQ,3987200,4064000,-1.88976,-76800,0.02,62300024.92
02/10/2011,ProShares UltraPro Short QQQ,SQQQ,4064000,4083200,-0.47022,-19200,0.02,63500025.4
02/09/2011,ProShares UltraPro Short QQQ,SQQQ,4083200,4068800,0.35391,14400,0.02,63800025.52
02/08/2011,ProShares UltraPro Short QQQ,SQQQ,4068800,4145600,-1.85257,-76800,0.02,63575025.43
02/07/2011,ProShares UltraPro Short QQQ,SQQQ,4145600,4206400,-1.44542,-60800,0.02,64775025.91
02/04/2011,ProShares UltraPro Short QQQ,SQQQ,4206400,4291200,-1.97614,-84800,0.02,65725026.29
02/03/2011,ProShares UltraPro Short QQQ,SQQQ,4291200,4304000,-0.29740,-12800,0.02,67050026.82
02/02/2011,ProShares UltraPro Short QQQ,SQQQ,4304000,4283200,0.48562,20800,0.02,67250026.9
02/01/2011,ProShares UltraPro Short QQQ,SQQQ,4283200,4539200,-5.63976,-256000,0.01,61571026.77
01/31/2011,ProShares UltraPro Short QQQ,SQQQ,4539200,4609600,-1.52725,-70400,0.01,63832528.37
01/28/2011,ProShares UltraPro Short QQQ,SQQQ,4609600,4281600,7.66069,328000,0.01,60501028.81
01/27/2011,ProShares UltraPro Short QQQ,SQQQ,4281600,4371200,-2.04978,-89600,0.01,56196026.76
01/26/2011,ProShares UltraPro Short QQQ,SQQQ,4371200,4432000,-1.37184,-60800,0.01,53274027.32
01/25/2011,ProShares UltraPro Short QQQ,SQQQ,4432000,4452800,-0.46712,-20800,0.01,54015027.7
01/24/2011,ProShares UltraPro Short QQQ,SQQQ,4452800,4649600,-4.23262,-196800,0.01,51485527.83
01/21/2011,ProShares UltraPro Short QQQ,SQQQ,4649600,4544000,2.32394,105600,0.01,53761029.06
01/20/2011,ProShares UltraPro Short QQQ,SQQQ,4544000,4444800,2.23182,99200,0.01,52540028.4
01/19/2011,ProShares UltraPro Short QQQ,SQQQ,4444800,4304000,3.27138,140800,0.01,51393027.78
01/18/2011,ProShares UltraPro Short QQQ,SQQQ,4304000,4334400,-0.70137,-30400,0.01,49765026.9
01/14/2011,ProShares UltraPro Short QQQ,SQQQ,4334400,4438400,-2.34319,-104000,0.01,48762027.09
01/13/2011,ProShares UltraPro Short QQQ,SQQQ,4438400,4441600,-0.07205,-3200,0.01,49932027.74
01/12/2011,ProShares UltraPro Short QQQ,SQQQ,4441600,4537600,-2.11566,-96000,0.01,49968027.76
01/11/2011,ProShares UltraPro Short QQQ,SQQQ,4537600,4564800,-0.59586,-27200,0.01,49630028.36
01/10/2011,ProShares UltraPro Short QQQ,SQQQ,4564800,4611200,-1.00625,-46400,0.01,48501028.53
01/07/2011,ProShares UltraPro Short QQQ,SQQQ,4611200,4606400,0.10420,4800,0.01,48994028.82
01/06/2011,ProShares UltraPro Short QQQ,SQQQ,4606400,4649600,-0.92911,-43200,0.01,48943028.79
01/05/2011,ProShares UltraPro Short QQQ,SQQQ,4649600,4771200,-2.54863,-121600,0.01,49402029.06
01/04/2011,ProShares UltraPro Short QQQ,SQQQ,4771200,4753600,0.37025,17600,0.01,50694029.82
01/03/2011,ProShares UltraPro Short QQQ,SQQQ,4753600,5000000,-4.92800,-246400,0.01,50507029.71
12/31/2010,ProShares UltraPro Short QQQ,SQQQ,5000000,4948800,1.03459,51200,0.01,53125031.25
12/30/2010,ProShares UltraPro Short QQQ,SQQQ,4948800,4910400,0.78201,38400,0.01,52581030.93
12/29/2010,ProShares UltraPro Short QQQ,SQQQ,4910400,4937600,-0.55087,-27200,0.01,52173030.69
12/28/2010,ProShares UltraPro Short QQQ,SQQQ,4937600,4921600,0.32510,16000,0.01,52462030.86
12/27/2010,ProShares UltraPro Short QQQ,SQQQ,4921600,4920000,0.03252,1600,0.01,52292030.76
12/23/2010,ProShares UltraPro Short QQQ,SQQQ,4920000,4883200,0.75360,36800,0.01,52275030.75
12/22/2010,ProShares UltraPro Short QQQ,SQQQ,4883200,4891200,-0.16356,-8000,0.01,51884030.52
12/21/2010,ProShares UltraPro Short QQQ,SQQQ,4891200,4969600,-1.57759,-78400,0.01,51969030.57
12/20/2010,ProShares UltraPro Short QQQ,SQQQ,4969600,5001600,-0.63980,-32000,0.01,52802031.06
12/17/2010,ProShares UltraPro Short QQQ,SQQQ,5001600,5004800,-0.06394,-3200,0.01,54705031.26
12/16/2010,ProShares UltraPro Short QQQ,SQQQ,5004800,5113600,-2.12766,-108800,0.01,54740031.28
12/15/2010,ProShares UltraPro Short QQQ,SQQQ,5113600,5044800,1.36378,68800,0.01,55930031.96
12/14/2010,ProShares UltraPro Short QQQ,SQQQ,5044800,5080000,-0.69291,-35200,0.01,55177531.53
12/13/2010,ProShares UltraPro Short QQQ,SQQQ,5080000,5027200,1.05029,52800,0.01,55562531.75
12/10/2010,ProShares UltraPro Short QQQ,SQQQ,5027200,5123200,-1.87383,-96000,0.01,54985031.42
12/09/2010,ProShares UltraPro Short QQQ,SQQQ,5123200,5131200,-0.15591,-8000,0.01,56035032.02
12/08/2010,ProShares UltraPro Short QQQ,SQQQ,5131200,5212800,-1.56538,-81600,0.01,54519032.07
12/07/2010,ProShares UltraPro Short QQQ,SQQQ,5212800,5209600,0.06143,3200,0.01,55386032.58
12/06/2010,ProShares UltraPro Short QQQ,SQQQ,5209600,5200000,0.18462,9600,0.01,55352032.56
12/03/2010,ProShares UltraPro Short QQQ,SQQQ,5200000,5243200,-0.82392,-43200,0.01,55250032.5
12/02/2010,ProShares UltraPro Short QQQ,SQQQ,5243200,5412800,-3.13331,-169600,0.01,55709032.77
12/01/2010,ProShares UltraPro Short QQQ,SQQQ,5412800,5788800,-6.49530,-376000,0.01,54128033.83
11/30/2010,ProShares UltraPro Short QQQ,SQQQ,5788800,5576000,3.81636,212800,0.01,57888036.18
11/29/2010,ProShares UltraPro Short QQQ,SQQQ,5576000,5505600,1.27870,70400,0.01,55760034.85
11/26/2010,ProShares UltraPro Short QQQ,SQQQ,5505600,5456000,0.90909,49600,0.01,55056034.41
11/24/2010,ProShares UltraPro Short QQQ,SQQQ,5456000,5817600,-6.21562,-361600,0.01,54560034.1
11/23/2010,ProShares UltraPro Short QQQ,SQQQ,5817600,5553600,4.75367,264000,0.01,58176036.36
11/22/2010,ProShares UltraPro Short QQQ,SQQQ,5553600,5683200,-2.28041,-129600,0.01,55536034.71
11/19/2010,ProShares UltraPro Short QQQ,SQQQ,5683200,5697600,-0.25274,-14400,0.01,56832035.52
11/18/2010,ProShares UltraPro Short QQQ,SQQQ,5697600,5995200,-4.96397,-297600,0.01,56976035.61
11/17/2010,ProShares UltraPro Short QQQ,SQQQ,5995200,6052800,-0.95163,-57600,0.01,61825537.47
11/16/2010,ProShares UltraPro Short QQQ,SQQQ,6052800,5753600,5.20022,299200,0.01,62419537.83
11/15/2010,ProShares UltraPro Short QQQ,SQQQ,5753600,5702400,0.89787,51200,0.01,59334035.96
11/12/2010,ProShares UltraPro Short QQQ,SQQQ,5702400,5438400,4.85437,264000,0.01,58806035.64
11/11/2010,ProShares UltraPro Short QQQ,SQQQ,5438400,5331200,2.01080,107200,0.01,56083533.99
11/10/2010,ProShares UltraPro Short QQQ,SQQQ,5331200,5412800,-1.50754,-81600,0.01,58310033.32
11/09/2010,ProShares UltraPro Short QQQ,SQQQ,5412800,5326400,1.62211,86400,0.01,59202533.83
11/08/2010,ProShares UltraPro Short QQQ,SQQQ,5326400,5345600,-0.35917,-19200,0.01,58257533.29
11/05/2010,ProShares UltraPro Short QQQ,SQQQ,5345600,5337600,0.14988,8000,0.01,61808533.41
11/04/2010,ProShares UltraPro Short QQQ,SQQQ,5337600,5564800,-4.08281,-227200,0.01,60048033.36
11/03/2010,ProShares UltraPro Short QQQ,SQQQ,5564800,5620800,-0.99630,-56000,0.01,62604034.78
11/02/2010,ProShares UltraPro Short QQQ,SQQQ,5620800,5811200,-3.27643,-190400,0.01,63234035.13
11/01/2010,ProShares UltraPro Short QQQ,SQQQ,5811200,5843200,-0.54765,-32000,0.01,65376036.32
10/29/2010,ProShares UltraPro Short QQQ,SQQQ,5843200,5801600,0.71704,41600,0.01,65736036.52
10/28/2010,ProShares UltraPro Short QQQ,SQQQ,5801600,5833600,-0.54855,-32000,0.01,65268036.26
10/27/2010,ProShares UltraPro Short QQQ,SQQQ,5833600,5891200,-0.97773,-57600,0.01,65628036.46
10/26/2010,ProShares UltraPro Short QQQ,SQQQ,5891200,5937600,-0.78146,-46400,0.01,66276036.82
10/25/2010,ProShares UltraPro Short QQQ,SQQQ,5937600,6019200,-1.35566,-81600,0.01,66798037.11
10/22/2010,ProShares UltraPro Short QQQ,SQQQ,6019200,6144000,-2.03125,-124800,0.01,69597037.62
10/21/2010,ProShares UltraPro Short QQQ,SQQQ,6144000,6182400,-0.62112,-38400,0.01,71040038.4
10/20/2010,ProShares UltraPro Short QQQ,SQQQ,6182400,6329600,-2.32558,-147200,0.01,67620038.64
10/19/2010,ProShares UltraPro Short QQQ,SQQQ,6329600,6033600,4.90586,296000,0.01,69230039.56
10/18/2010,ProShares UltraPro Short QQQ,SQQQ,6033600,6091200,-0.94563,-57600,0.01,65992537.71
10/15/2010,ProShares UltraPro Short QQQ,SQQQ,6091200,6502400,-6.32382,-411200,0.01,66622538.07
10/14/2010,ProShares UltraPro Short QQQ,SQQQ,6502400,6475200,0.42006,27200,0.01,73152040.64
10/13/2010,ProShares UltraPro Short QQQ,SQQQ,6475200,6628800,-2.31716,-153600,0.01,72846040.47
10/12/2010,ProShares UltraPro Short QQQ,SQQQ,6628800,6774400,-2.14927,-145600,0.01,74574041.43
10/11/2010,ProShares UltraPro Short QQQ,SQQQ,6774400,6776000,-0.02361,-1600,0.01,76212042.34
10/08/2010,ProShares UltraPro Short QQQ,SQQQ,6776000,6934400,-2.28426,-158400,0.01,76230042.35
10/07/2010,ProShares UltraPro Short QQQ,SQQQ,6934400,6988800,-0.77839,-54400,0.01,78012043.34
10/06/2010,ProShares UltraPro Short QQQ,SQQQ,6988800,6808000,2.65570,180800,0.01,78624043.68
10/05/2010,ProShares UltraPro Short QQQ,SQQQ,6808000,7358400,-7.47989,-550400,0.01,74462542.55
10/04/2010,ProShares UltraPro Short QQQ,SQQQ,7358400,7132800,3.16285,225600,0.01,73584045.99
10/01/2010,ProShares UltraPro Short QQQ,SQQQ,7132800,7116800,0.22482,16000,0.01,71328044.58
09/30/2010,ProShares UltraPro Short QQQ,SQQQ,7116800,7003200,1.62212,113600,0.01,68944044.48
09/29/2010,ProShares UltraPro Short QQQ,SQQQ,7003200,6968000,0.50517,35200,0.01,67843543.77
09/28/2010,ProShares UltraPro Short QQQ,SQQQ,6968000,6982400,-0.20623,-14400,0.01,67502543.55
09/27/2010,ProShares UltraPro Short QQQ,SQQQ,6982400,6854400,1.86741,128000,0.01,67642043.64
09/24/2010,ProShares UltraPro Short QQQ,SQQQ,6854400,7315200,-6.29921,-460800,0.01,59976042.84
09/23/2010,ProShares UltraPro Short QQQ,SQQQ,7315200,7308800,0.08757,6400,0.01,64008045.72
09/22/2010,ProShares UltraPro Short QQQ,SQQQ,7308800,7241600,0.92797,67200,0.01,63952045.68
09/21/2010,ProShares UltraPro Short QQQ,SQQQ,7241600,7238400,0.04421,3200,0.01,58838045.26
09/20/2010,ProShares UltraPro Short QQQ,SQQQ,7238400,7632000,-5.15723,-393600,0.01,58812045.24
09/17/2010,ProShares UltraPro Short QQQ,SQQQ,7632000,7723200,-1.18086,-91200,0.01,62010047.7
09/16/2010,ProShares UltraPro Short QQQ,SQQQ,7723200,7825600,-1.30853,-102400,0.01,62751048.27
09/15/2010,ProShares UltraPro Short QQQ,SQQQ,7825600,7963200,-1.72795,-137600,0.01,58692048.91
09/14/2010,ProShares UltraPro Short QQQ,SQQQ,7963200,8051200,-1.09300,-88000,0.01,59724049.77
09/13/2010,ProShares UltraPro Short QQQ,SQQQ,8051200,8444800,-4.66086,-393600,0.01,52836050.32
09/10/2010,ProShares UltraPro Short QQQ,SQQQ,8444800,8529600,-0.99418,-84800,0.01,55419052.78
09/09/2010,ProShares UltraPro Short QQQ,SQQQ,8529600,8616000,-1.00279,-86400,0.01,53310053.31
09/08/2010,ProShares UltraPro Short QQQ,SQQQ,8616000,8958400,-3.82211,-342400,0.01,48465053.85
09/07/2010,ProShares UltraPro Short QQQ,SQQQ,8958400,8764800,2.20884,193600,0.01,50391055.99
09/03/2010,ProShares UltraPro Short QQQ,SQQQ,8764800,9212800,-4.86280,-448000,0.01,46563054.78
09/02/2010,ProShares UltraPro Short QQQ,SQQQ,9212800,9537600,-3.40547,-324800,0.01,48943057.58
09/01/2010,ProShares UltraPro Short QQQ,SQQQ,9537600,10473600,-8.93676,-936000,0.01,50668559.61
08/31/2010,ProShares UltraPro Short QQQ,SQQQ,10473600,10392000,0.78522,81600,0.01,55641065.46
08/30/2010,ProShares UltraPro Short QQQ,SQQQ,10392000,10065600,3.24273,326400,0.01,55207564.95
08/27/2010,ProShares UltraPro Short QQQ,SQQQ,10065600,10465600,-3.82205,-400000,0,47182562.91
08/26/2010,ProShares UltraPro Short QQQ,SQQQ,10465600,10097600,3.64443,368000,0,49057565.41
08/25/2010,ProShares UltraPro Short QQQ,SQQQ,10097600,10380800,-2.72811,-283200,0,47332563.11
08/24/2010,ProShares UltraPro Short QQQ,SQQQ,10380800,9843200,5.46164,537600,0,48660064.88
08/23/2010,ProShares UltraPro Short QQQ,SQQQ,9843200,9568000,2.87625,275200,0,46140061.52
08/20/2010,ProShares UltraPro Short QQQ,SQQQ,9568000,9611200,-0.44948,-43200,0,44850059.8
08/19/2010,ProShares UltraPro Short QQQ,SQQQ,9611200,9196800,4.50592,414400,0,45052560.07
08/18/2010,ProShares UltraPro Short QQQ,SQQQ,9196800,9283200,-0.93071,-86400,0,43110057.48
08/17/2010,ProShares UltraPro Short QQQ,SQQQ,9283200,9670400,-4.00397,-387200,0,43515058.02
08/16/2010,ProShares UltraPro Short QQQ,SQQQ,9670400,9715200,-0.46113,-44800,0,45330060.44
08/13/2010,ProShares UltraPro Short QQQ,SQQQ,9715200,9508800,2.17062,206400,0,45540060.72
08/12/2010,ProShares UltraPro Short QQQ,SQQQ,9508800,9308800,2.14850,200000,0,41601059.43
08/11/2010,ProShares UltraPro Short QQQ,SQQQ,9308800,8580800,8.48406,728000,0,40726058.18
08/10/2010,ProShares UltraPro Short QQQ,SQQQ,8580800,8374400,2.46465,206400,0,37541053.63
08/09/2010,ProShares UltraPro Short QQQ,SQQQ,8374400,8540800,-1.94830,-166400,0,36638052.34
08/06/2010,ProShares UltraPro Short QQQ,SQQQ,8540800,8513600,0.31949,27200,0,37366053.38
08/05/2010,ProShares UltraPro Short QQQ,SQQQ,8513600,8457600,0.66213,56000,0,37247053.21
08/04/2010,ProShares UltraPro Short QQQ,SQQQ,8457600,8704000,-2.83088,-246400,0,37002052.86
08/03/2010,ProShares UltraPro Short QQQ,SQQQ,8704000,8606400,1.13404,97600,0,32640054.4
08/02/2010,ProShares UltraPro Short QQQ,SQQQ,8606400,9123200,-5.66468,-516800,0,32274053.79
07/30/2010,ProShares UltraPro Short QQQ,SQQQ,9123200,9180800,-0.62740,-57600,0,34212057.02
07/29/2010,ProShares UltraPro Short QQQ,SQQQ,9180800,9001600,1.99076,179200,0,34428057.38
07/28/2010,ProShares UltraPro Short QQQ,SQQQ,9001600,8779200,2.53326,222400,0,33756056.26
07/27/2010,ProShares UltraPro Short QQQ,SQQQ,8779200,8758400,0.23749,20800,0,32922054.87
07/26/2010,ProShares UltraPro Short QQQ,SQQQ,8758400,8972800,-2.38944,-214400,0,32844054.74
07/23/2010,ProShares UltraPro Short QQQ,SQQQ,8972800,9155200,-1.99231,-182400,0,30844056.08
07/22/2010,ProShares UltraPro Short QQQ,SQQQ,9155200,9904000,-7.56058,-748800,0,31471057.22
07/21/2010,ProShares UltraPro Short QQQ,SQQQ,9904000,9539200,3.82422,364800,0,34045061.9
07/20/2010,ProShares UltraPro Short QQQ,SQQQ,9539200,9889600,-3.54312,-350400,0,32791059.62
07/19/2010,ProShares UltraPro Short QQQ,SQQQ,9889600,10156800,-2.63075,-267200,0,33995561.81
07/16/2010,ProShares UltraPro Short QQQ,SQQQ,10156800,9361600,8.49427,795200,0,34914063.48
07/15/2010,ProShares UltraPro Short QQQ,SQQQ,9361600,9403200,-0.44240,-41600,0,32180558.51
07/14/2010,ProShares UltraPro Short QQQ,SQQQ,9403200,9534400,-1.37607,-131200,0,32323558.77
07/13/2010,ProShares UltraPro Short QQQ,SQQQ,9534400,9926400,-3.94907,-392000,0,32774559.59
07/12/2010,ProShares UltraPro Short QQQ,SQQQ,9926400,10032000,-1.05263,-105600,0,34122062.04
07/09/2010,ProShares UltraPro Short QQQ,SQQQ,10032000,10318400,-2.77562,-286400,0,34485062.7
07/08/2010,ProShares UltraPro Short QQQ,SQQQ,10318400,10470400,-1.45171,-152000,0,35469564.49
07/07/2010,ProShares UltraPro Short QQQ,SQQQ,10470400,11572800,-9.52578,-1102400,0,35992065.44
07/06/2010,ProShares UltraPro Short QQQ,SQQQ,11572800,11700800,-1.09394,-128000,0,39781572.33
07/02/2010,ProShares UltraPro Short QQQ,SQQQ,11700800,11585600,0.99434,115200,0,40221573.13
07/01/2010,ProShares UltraPro Short QQQ,SQQQ,11585600,11489600,0.83554,96000,0,36205072.41
06/30/2010,ProShares UltraPro Short QQQ,SQQQ,11489600,11022400,4.23864,467200,0,35905071.81
06/29/2010,ProShares UltraPro Short QQQ,SQQQ,11022400,9864000,11.74371,1158400,0,31000568.89
06/28/2010,ProShares UltraPro Short QQQ,SQQQ,9864000,9819200,0.45625,44800,0,27742561.65
06/25/2010,ProShares UltraPro Short QQQ,SQQQ,9819200,9726400,0.95410,92800,0,27616561.37
06/24/2010,ProShares UltraPro Short QQQ,SQQQ,9726400,9284800,4.75616,441600,0,27355560.79
06/23/2010,ProShares UltraPro Short QQQ,SQQQ,9284800,9195200,0.97442,89600,0,26113558.03
06/22/2010,ProShares UltraPro Short QQQ,SQQQ,9195200,8977600,2.42381,217600,0,28735057.47
06/21/2010,ProShares UltraPro Short QQQ,SQQQ,8977600,8737600,2.74675,240000,0,25249556.11
06/18/2010,ProShares UltraPro Short QQQ,SQQQ,8737600,8776000,-0.43756,-38400,0,24574554.61
06/17/2010,ProShares UltraPro Short QQQ,SQQQ,8776000,8851200,-0.84960,-75200,0,21940054.85
06/16/2010,ProShares UltraPro Short QQQ,SQQQ,8851200,8963200,-1.24955,-112000,0,19362055.32
06/15/2010,ProShares UltraPro Short QQQ,SQQQ,8963200,9788800,-8.43413,-825600,0,16806056.02
06/14/2010,ProShares UltraPro Short QQQ,SQQQ,9788800,9764800,0.24578,24000,0,27531061.18
06/11/2010,ProShares UltraPro Short QQQ,SQQQ,9764800,10044800,-2.78751,-280000,0,27463561.03
06/10/2010,ProShares UltraPro Short QQQ,SQQQ,10044800,10996800,-8.65706,-952000,0,28251062.78
06/09/2010,ProShares UltraPro Short QQQ,SQQQ,10996800,10700800,2.76615,296000,0,30928568.73
06/08/2010,ProShares UltraPro Short QQQ,SQQQ,10700800,10656000,0.42042,44800,0,30096066.88
06/07/2010,ProShares UltraPro Short QQQ,SQQQ,10656000,10096000,5.54675,560000,0,29970066.6
06/04/2010,ProShares UltraPro Short QQQ,SQQQ,10096000,9176000,10.02616,920000,0,28395063.1
06/03/2010,ProShares UltraPro Short QQQ,SQQQ,9176000,9417600,-2.56541,-241600,0,25807557.35
06/02/2010,ProShares UltraPro Short QQQ,SQQQ,9417600,10169600,-7.39459,-752000,0,26487058.86
06/01/2010,ProShares UltraPro Short QQQ,SQQQ,10169600,9892800,2.79799,276800,0,28602063.56
05/28/2010,ProShares UltraPro Short QQQ,SQQQ,9892800,9731200,1.66064,161600,0,27823561.83
05/27/2010,ProShares UltraPro Short QQQ,SQQQ,9731200,10944000,-11.08187,-1212800,0,27369060.82
05/26/2010,ProShares UltraPro Short QQQ,SQQQ,10944000,10617600,3.07414,326400,0,27360068.4
05/25/2010,ProShares UltraPro Short QQQ,SQQQ,10617600,10628800,-0.10537,-11200,0,26544066.36
05/24/2010,ProShares UltraPro Short QQQ,SQQQ,10628800,10500800,1.21895,128000,0,26572066.43
05/21/2010,ProShares UltraPro Short QQQ,SQQQ,10500800,10910400,-3.75422,-409600,0,26252065.63
05/20/2010,ProShares UltraPro Short QQQ,SQQQ,10910400,9768000,11.69533,1142400,0,27276068.19
05/19/2010,ProShares UltraPro Short QQQ,SQQQ,9768000,9560000,2.17573,208000,0,24420061.05
05/18/2010,ProShares UltraPro Short QQQ,SQQQ,9560000,9160000,4.36681,400000,0,23900059.75
05/17/2010,ProShares UltraPro Short QQQ,SQQQ,9160000,9283200,-1.32713,-123200,0,22900057.25
05/14/2010,ProShares UltraPro Short QQQ,SQQQ,9283200,8766400,5.89524,516800,0,23208058.02
05/13/2010,ProShares UltraPro Short QQQ,SQQQ,8766400,8382400,4.58103,384000,0,21916054.79
05/12/2010,ProShares UltraPro Short QQQ,SQQQ,8382400,8867200,-5.46734,-484800,0,20956052.39
05/11/2010,ProShares UltraPro Short QQQ,SQQQ,8867200,8840000,0.30769,27200,0,22168055.42
05/10/2010,ProShares UltraPro Short QQQ,SQQQ,8840000,10419200,-15.15663,-1579200,0,16575055.25
05/07/2010,ProShares UltraPro Short QQQ,SQQQ,10419200,9736000,7.01726,683200,0,19536065.12
05/06/2010,ProShares UltraPro Short QQQ,SQQQ,9736000,8859200,9.89706,876800,0,15212560.85
05/05/2010,ProShares UltraPro Short QQQ,SQQQ,8859200,8723200,1.55906,136000,0,13842555.37
05/04/2010,ProShares UltraPro Short QQQ,SQQQ,8723200,7987200,9.21474,736000,0,13630054.52
05/03/2010,ProShares UltraPro Short QQQ,SQQQ,7987200,8372800,-4.60539,-385600,0,12480049.92
04/30/2010,ProShares UltraPro Short QQQ,SQQQ,8372800,7886400,6.16758,486400,0,13082552.33
04/29/2010,ProShares UltraPro Short QQQ,SQQQ,7886400,8326400,-5.28440,-440000,0,12322549.29
04/28/2010,ProShares UltraPro Short QQQ,SQQQ,8326400,8342400,-0.19179,-16000,0,13010052.04
04/27/2010,ProShares UltraPro Short QQQ,SQQQ,8342400,7851200,6.25637,491200,0,13035052.14
04/26/2010,ProShares UltraPro Short QQQ,SQQQ,7851200,7782400,0.88405,68800,0,12267549.07
04/23/2010,ProShares UltraPro Short QQQ,SQQQ,7782400,7899200,-1.47863,-116800,0,12160048.64
04/22/2010,ProShares UltraPro Short QQQ,SQQQ,7899200,8025600,-1.57496,-126400,0,12342549.37
04/21/2010,ProShares UltraPro Short QQQ,SQQQ,8025600,8160000,-1.64706,-134400,0,12540050.16
04/20/2010,ProShares UltraPro Short QQQ,SQQQ,8160000,8283200,-1.48735,-123200,0,12750051
04/19/2010,ProShares UltraPro Short QQQ,SQQQ,8283200,8291200,-0.09649,-8000,0,12942551.77
04/16/2010,ProShares UltraPro Short QQQ,SQQQ,8291200,7988800,3.78530,302400,0,12955051.82
04/15/2010,ProShares UltraPro Short QQQ,SQQQ,7988800,8105600,-1.44098,-116800,0,12482549.93
04/14/2010,ProShares UltraPro Short QQQ,SQQQ,8105600,8422400,-3.76140,-316800,0,12665050.66
04/13/2010,ProShares UltraPro Short QQQ,SQQQ,8422400,8531200,-1.27532,-108800,0,13160052.64
04/12/2010,ProShares UltraPro Short QQQ,SQQQ,8531200,8550400,-0.22455,-19200,0,13330053.32
04/09/2010,ProShares UltraPro Short QQQ,SQQQ,8550400,8731200,-2.07073,-180800,0,13360053.44
04/08/2010,ProShares UltraPro Short QQQ,SQQQ,8731200,8776000,-0.51048,-44800,0,13642554.57
04/07/2010,ProShares UltraPro Short QQQ,SQQQ,8776000,8716800,0.67915,59200,0,10970054.85
04/06/2010,ProShares UltraPro Short QQQ,SQQQ,8716800,8771200,-0.62021,-54400,0,10896054.48
04/05/2010,ProShares UltraPro Short QQQ,SQQQ,8771200,9028800,-2.85309,-257600,0,10964054.82
04/01/2010,ProShares UltraPro Short QQQ,SQQQ,9028800,9044800,-0.17690,-16000,0,11286056.43
03/31/2010,ProShares UltraPro Short QQQ,SQQQ,9044800,8915200,1.45370,129600,0,11306056.53
03/30/2010,ProShares UltraPro Short QQQ,SQQQ,8915200,9008000,-1.03020,-92800,0,11144055.72
03/29/2010,ProShares UltraPro Short QQQ,SQQQ,9008000,9129600,-1.33193,-121600,0,11260056.3
03/26/2010,ProShares UltraPro Short QQQ,SQQQ,9129600,9179200,-0.54035,-49600,0,11412057.06
03/25/2010,ProShares UltraPro Short QQQ,SQQQ,9179200,9140800,0.42009,38400,0,11474057.37
03/24/2010,ProShares UltraPro Short QQQ,SQQQ,9140800,8987200,1.70910,153600,0,11426057.13
03/23/2010,ProShares UltraPro Short QQQ,SQQQ,8987200,9180800,-2.10875,-193600,0,11234056.17
03/22/2010,ProShares UltraPro Short QQQ,SQQQ,9180800,9433600,-2.67978,-252800,0,11476057.38
03/19/2010,ProShares UltraPro Short QQQ,SQQQ,9433600,9268800,1.77801,164800,0,11792058.96
03/18/2010,ProShares UltraPro Short QQQ,SQQQ,9268800,9380800,-1.19393,-112000,0,11586057.93
03/17/2010,ProShares UltraPro Short QQQ,SQQQ,9380800,9438400,-0.61027,-57600,0,11726058.63
03/16/2010,ProShares UltraPro Short QQQ,SQQQ,9438400,9622400,-1.91220,-184000,0,11798058.99
03/15/2010,ProShares UltraPro Short QQQ,SQQQ,9622400,9558400,0.66957,64000,0,12028060.14
03/12/2010,ProShares UltraPro Short QQQ,SQQQ,9558400,9569600,-0.11704,-11200,0,11948059.74
03/11/2010,ProShares UltraPro Short QQQ,SQQQ,9569600,9668800,-1.02598,-99200,0,8971559.81
03/10/2010,ProShares UltraPro Short QQQ,SQQQ,9668800,9918400,-2.51653,-249600,0,9064560.43
03/09/2010,ProShares UltraPro Short QQQ,SQQQ,9918400,10089600,-1.69680,-171200,0,6199061.99
03/08/2010,ProShares UltraPro Short QQQ,SQQQ,10089600,10089600,0.00000,0,0,6306063.06
03/05/2010,ProShares UltraPro Short QQQ,SQQQ,10132800,10627200,-4.65221,-494400,0,6333063.33
03/04/2010,ProShares UltraPro Short QQQ,SQQQ,10627200,10768000,-1.30758,-140800,0,6642066.42
03/03/2010,ProShares UltraPro Short QQQ,SQQQ,10768000,10777600,-0.08907,-9600,0,6730067.3
03/02/2010,ProShares UltraPro Short QQQ,SQQQ,10777600,10862400,-0.78067,-84800,0,6736067.36
03/01/2010,ProShares UltraPro Short QQQ,SQQQ,10862400,10862400,0.00000,0,0,6789067.89
02/26/2010,ProShares UltraPro Short QQQ,SQQQ,11382400,11492800,-0.96060,-110400,0,7114071.14
02/25/2010,ProShares UltraPro Short QQQ,SQQQ,11492800,11502400,-0.08346,-9600,0,7183071.83
02/24/2010,ProShares UltraPro Short QQQ,SQQQ,11502400,11880000,-3.17845,-377600,0,7189071.89
02/23/2010,ProShares UltraPro Short QQQ,SQQQ,11880000,11432000,3.91882,448000,0,7425074.25
02/22/2010,ProShares UltraPro Short QQQ,SQQQ,11432000,11432000,0.00000,0,0,7145071.45
02/19/2010,ProShares UltraPro Short QQQ,SQQQ,11328000,11329600,-0.01412,-1600,0,7080070.8
02/18/2010,ProShares UltraPro Short QQQ,SQQQ,11329600,11574400,-2.11501,-244800,0,7081070.81
02/17/2010,ProShares UltraPro Short QQQ,SQQQ,11574400,11750400,-1.49782,-176000,0,7234072.34
02/16/2010,ProShares UltraPro Short QQQ,SQQQ,11750400,11750400,0.00000,0,0,7344073.44
02/12/2010,ProShares UltraPro Short QQQ,SQQQ,12235200,12305600,-0.57210,-70400,0,7647076.47
02/11/2010,ProShares UltraPro Short QQQ,SQQQ,12305600,12883200,-4.48336,-577600,0,7691076.91
02/10/2010,ProShares UltraPro Short QQQ,SQQQ,12883200,12800000,0.65000,83200,0,8052080.52
02/09/2010,ProShares UltraPro Short QQQ,SQQQ,12800000,12800000,0.00000,0,0,8000081.92
