Date,ProShares Name,Ticker,NAV,Prior NAV,NAV Change (%),NAV Change ($),Shares Outstanding (000),Assets Under Management
10/01/2026,ProShares Ultra S&P500,SSO,69.5527,69.299,0.36609,0.2537,121950,8481951765
09/30/2026,ProShares Ultra S&P500,SSO,69.299,69.6343,-0.48152,-0.3353,121750,8437153250
09/29/2026,ProShares Ultra S&P500,SSO,69.6343,69.8861,-0.36030,-0.2518,121700,8474494310
09/28/2026,ProShares Ultra S&P500,SSO,69.8861,70.9809,-1.54239,-1.0948,121500,8491161150
09/25/2026,ProShares Ultra S&P500,SSO,70.9809,70.2866,0.98781,0.6943,121400,8617081260
09/24/2026,ProShares Ultra S&P500,SSO,70.2866,70.347,-0.08586,-0.0604,121400,8532793240
09/23/2026,ProShares Ultra S&P500,SSO,70.347,71.5452,-1.67475,-1.1982,121500,8547160500
09/22/2026,ProShares Ultra S&P500,SSO,71.5452,71.5619,-0.02334,-0.0167,121500,8692741800
09/21/2026,ProShares Ultra S&P500,SSO,71.5619,69.4716,3.00886,2.0903,121550,8698348945
09/18/2026,ProShares Ultra S&P500,SSO,69.4716,69.2844,0.27019,0.1872,127250,8840261100
09/17/2026,ProShares Ultra S&P500,SSO,69.2844,67.7508,2.26359,1.5336,127250,8816439900
09/16/2026,ProShares Ultra S&P500,SSO,67.7508,68.3659,-0.89972,-0.6151,126950,8600964060
09/15/2026,ProShares Ultra S&P500,SSO,68.3659,68.9841,-0.89615,-0.6182,127100,8689305890
09/14/2026,ProShares Ultra S&P500,SSO,68.9841,69.6547,-0.96275,-0.6706,127300,8781675930
09/11/2026,ProShares Ultra S&P500,SSO,69.6547,68.5038,1.68005,1.1509,128100,8922767070
09/10/2026,ProShares Ultra S&P500,SSO,68.5038,69.3177,-1.17416,-0.8139,128050,8771911590
09/09/2026,ProShares Ultra S&P500,SSO,69.3177,69.9942,-0.96651,-0.6765,128050,8876131485
09/08/2026,ProShares Ultra S&P500,SSO,69.9942,70.8207,-1.16703,-0.8265,128500,8994254700
09/04/2026,ProShares Ultra S&P500,SSO,70.8207,71.3805,-0.78425,-0.5598,128550,9104000985
09/03/2026,ProShares Ultra S&P500,SSO,71.3805,69.909,2.10488,1.4715,128700,9186670350
09/02/2026,ProShares Ultra S&P500,SSO,69.909,69.2849,0.90077,0.6241,128700,8997288300
09/01/2026,ProShares Ultra S&P500,SSO,69.2849,70.2815,-1.41801,-0.9966,128650,8913502385
08/31/2026,ProShares Ultra S&P500,SSO,70.2815,70.7499,-0.66205,-0.4684,125200,8799243800
08/28/2026,ProShares Ultra S&P500,SSO,70.7499,71.1213,-0.52221,-0.3714,125400,8872037460
08/27/2026,ProShares Ultra S&P500,SSO,71.1213,70.1405,1.39834,0.9808,125400,8918611020
08/26/2026,ProShares Ultra S&P500,SSO,70.1405,70.1683,-0.03962,-0.0278,121450,8518563725
08/25/2026,ProShares Ultra S&P500,SSO,70.1683,69.7297,0.62900,0.4386,121600,8532465280
08/24/2026,ProShares Ultra S&P500,SSO,69.7297,70.1356,-0.57874,-0.4059,119750,8350131575
08/21/2026,ProShares Ultra S&P500,SSO,70.1356,69.5648,0.82053,0.5708,119750,8398738100
08/20/2026,ProShares Ultra S&P500,SSO,69.5648,70.7809,-1.71812,-1.2161,119950,8344297760
08/19/2026,ProShares Ultra S&P500,SSO,70.7809,70.4872,0.41667,0.2937,120100,8500786090
08/18/2026,ProShares Ultra S&P500,SSO,70.4872,71.4766,-1.38423,-0.9894,119900,8451415280
08/17/2026,ProShares Ultra S&P500,SSO,71.4766,72.2114,-1.01757,-0.7348,119600,8548601360
08/14/2026,ProShares Ultra S&P500,SSO,72.2114,72.4827,-0.37430,-0.2713,119450,8625651730
08/13/2026,ProShares Ultra S&P500,SSO,72.4827,71.5453,1.31022,0.9374,118550,8592824085
08/12/2026,ProShares Ultra S&P500,SSO,71.5453,71.1788,0.51490,0.3665,118350,8467386255
08/11/2026,ProShares Ultra S&P500,SSO,71.1788,71.6497,-0.65723,-0.4709,118000,8399098400
08/10/2026,ProShares Ultra S&P500,SSO,71.6497,71.7268,-0.10749,-0.0771,118100,8461829570
08/07/2026,ProShares Ultra S&P500,SSO,71.7268,70.8788,1.19641,0.848,117950,8460176060
08/06/2026,ProShares Ultra S&P500,SSO,70.8788,71.1327,-0.35694,-0.2539,117300,8314083240
08/05/2026,ProShares Ultra S&P500,SSO,71.1327,71.3934,-0.36516,-0.2607,117300,8343865710
08/04/2026,ProShares Ultra S&P500,SSO,71.3934,68.9313,3.57182,2.4621,117250,8370876150
08/03/2026,ProShares Ultra S&P500,SSO,68.9313,66.9704,2.92801,1.9609,116350,8020156755
07/31/2026,ProShares Ultra S&P500,SSO,66.9704,66.0679,1.36602,0.9025,116500,7802051600
07/30/2026,ProShares Ultra S&P500,SSO,66.0679,63.9515,3.30938,2.1164,116600,7703517140
07/29/2026,ProShares Ultra S&P500,SSO,63.9515,65.9653,-3.05282,-2.0138,117150,7491918225
07/28/2026,ProShares Ultra S&P500,SSO,65.9653,65.6876,0.42276,0.2777,117400,7744326220
07/27/2026,ProShares Ultra S&P500,SSO,65.6876,65.678,0.01462,0.0096,117400,7711724240
07/24/2026,ProShares Ultra S&P500,SSO,65.678,65.6189,0.09007,0.0591,117400,7710597200
07/23/2026,ProShares Ultra S&P500,SSO,65.6189,67.2634,-2.44487,-1.6445,117450,7706939805
07/22/2026,ProShares Ultra S&P500,SSO,67.2634,67.445,-0.26926,-0.1816,117450,7900086330
07/21/2026,ProShares Ultra S&P500,SSO,67.445,66.2955,1.73390,1.1495,117850,7948393250
07/20/2026,ProShares Ultra S&P500,SSO,66.2955,66.5553,-0.39035,-0.2598,118700,7869275850
07/17/2026,ProShares Ultra S&P500,SSO,66.5553,67.9503,-2.05297,-1.395,119000,7920080700
07/16/2026,ProShares Ultra S&P500,SSO,67.9503,68.6651,-1.04099,-0.7148,119150,8096278245
07/15/2026,ProShares Ultra S&P500,SSO,68.6651,68.1491,0.75716,0.516,118700,8150547370
07/14/2026,ProShares Ultra S&P500,SSO,68.1491,67.6554,0.72973,0.4937,118250,8058631075
07/13/2026,ProShares Ultra S&P500,SSO,67.6554,68.7473,-1.58828,-1.0919,118250,8000251050
07/10/2026,ProShares Ultra S&P500,SSO,68.7473,68.185,0.82467,0.5623,117750,8094994575
07/09/2026,ProShares Ultra S&P500,SSO,68.185,67.0925,1.62835,1.0925,118300,8066285500
07/08/2026,ProShares Ultra S&P500,SSO,67.0925,67.4892,-0.58780,-0.3967,119050,7987362125
07/07/2026,ProShares Ultra S&P500,SSO,67.4892,68.1195,-0.92529,-0.6303,119200,8044712640
07/06/2026,ProShares Ultra S&P500,SSO,68.1195,67.1106,1.50334,1.0089,119150,8116438425
07/02/2026,ProShares Ultra S&P500,SSO,67.1106,67.1849,-0.11059,-0.0743,119800,8039849880
07/01/2026,ProShares Ultra S&P500,SSO,67.1849,67.4472,-0.38890,-0.2623,119550,8031954795
06/30/2026,ProShares Ultra S&P500,SSO,67.4472,66.4113,1.55982,1.0359,118850,8016099720
06/29/2026,ProShares Ultra S&P500,SSO,66.4113,64.7904,2.50176,1.6209,118150,7846495095
06/26/2026,ProShares Ultra S&P500,SSO,64.7904,65.0367,-0.37871,-0.2463,118000,7645267200
06/25/2026,ProShares Ultra S&P500,SSO,65.0367,65.0264,0.01584,0.0103,117950,7671078765
06/24/2026,ProShares Ultra S&P500,SSO,65.0264,65.2829,-0.39291,-0.2565,117750,7656858600
06/23/2026,ProShares Ultra S&P500,SSO,65.2829,67.2188,-2.88000,-1.9359,117700,7683797330
06/22/2026,ProShares Ultra S&P500,SSO,67.2188,67.7174,-0.73630,-0.4986,117650,7908291820
06/18/2026,ProShares Ultra S&P500,SSO,67.7174,66.3245,2.10013,1.3929,118400,8017740160
06/17/2026,ProShares Ultra S&P500,SSO,66.3245,67.9957,-2.45780,-1.6712,118500,7859453250
06/16/2026,ProShares Ultra S&P500,SSO,67.9957,68.7835,-1.14533,-0.7878,118000,8023492600
06/15/2026,ProShares Ultra S&P500,SSO,68.7835,66.5416,3.36917,2.2419,112500,7738143750
06/12/2026,ProShares Ultra S&P500,SSO,66.5416,65.8877,0.99245,0.6539,112150,7462640440
06/11/2026,ProShares Ultra S&P500,SSO,65.8877,63.6884,3.45322,2.1993,112850,7435426945
06/10/2026,ProShares Ultra S&P500,SSO,63.6884,65.8108,-3.22500,-2.1224,118700,7559813080
06/09/2026,ProShares Ultra S&P500,SSO,65.8108,66.1696,-0.54224,-0.3588,119400,7857809520
06/08/2026,ProShares Ultra S&P500,SSO,66.1696,65.8112,0.54459,0.3584,120400,7966819840
06/05/2026,ProShares Ultra S&P500,SSO,65.8112,69.4796,-5.27982,-3.6684,121750,8012513600
06/04/2026,ProShares Ultra S&P500,SSO,69.4796,68.9197,0.81239,0.5599,123200,8559886720
06/03/2026,ProShares Ultra S&P500,SSO,68.9197,69.9446,-1.46530,-1.0249,122200,8421987340
06/02/2026,ProShares Ultra S&P500,SSO,69.9446,69.7704,0.24968,0.1742,122200,8547230120
06/01/2026,ProShares Ultra S&P500,SSO,69.7704,69.4085,0.52141,0.3619,120550,8410821720
05/29/2026,ProShares Ultra S&P500,SSO,69.4085,69.1246,0.41071,0.2839,120700,8377605950
05/28/2026,ProShares Ultra S&P500,SSO,69.1246,68.3573,1.12248,0.7673,120700,8343339220
05/27/2026,ProShares Ultra S&P500,SSO,68.3573,68.3456,0.01712,0.0117,121150,8281486895
05/26/2026,ProShares Ultra S&P500,SSO,68.3456,67.5162,1.22845,0.8294,121150,8280069440
05/22/2026,ProShares Ultra S&P500,SSO,67.5162,67.0413,0.70837,0.4749,120900,8162708580
05/21/2026,ProShares Ultra S&P500,SSO,67.0413,66.7997,0.36168,0.2416,121650,8155574145
05/20/2026,ProShares Ultra S&P500,SSO,66.7997,65.4154,2.11617,1.3843,121550,8119503535
05/19/2026,ProShares Ultra S&P500,SSO,65.4154,66.3007,-1.33528,-0.8853,121550,7951241870
05/18/2026,ProShares Ultra S&P500,SSO,66.3007,66.4025,-0.15331,-0.1018,121550,8058850085
05/15/2026,ProShares Ultra S&P500,SSO,66.4025,68.0839,-2.46960,-1.6814,120750,8018101875
05/14/2026,ProShares Ultra S&P500,SSO,68.0839,67.061,1.52533,1.0229,121450,8268789655
05/13/2026,ProShares Ultra S&P500,SSO,67.061,66.2968,1.15270,0.7642,121450,8144558450
05/12/2026,ProShares Ultra S&P500,SSO,66.2968,66.5113,-0.32250,-0.2145,121450,8051746360
05/11/2026,ProShares Ultra S&P500,SSO,66.5113,66.2503,0.39396,0.261,119600,7954751480
05/08/2026,ProShares Ultra S&P500,SSO,66.2503,65.1728,1.65330,1.0775,119700,7930160910
05/07/2026,ProShares Ultra S&P500,SSO,65.1728,65.6618,-0.74473,-0.489,119650,7797925520
05/06/2026,ProShares Ultra S&P500,SSO,65.6618,63.8255,2.87706,1.8363,119050,7817037290
05/05/2026,ProShares Ultra S&P500,SSO,63.8255,62.8159,1.60724,1.0096,116100,7410140550
05/04/2026,ProShares Ultra S&P500,SSO,62.8159,63.3255,-0.80473,-0.5096,116800,7336897120
05/01/2026,ProShares Ultra S&P500,SSO,63.3255,62.9889,0.53438,0.3366,116250,7361589375
04/30/2026,ProShares Ultra S&P500,SSO,62.9889,61.734,2.03275,1.2549,116350,7328758515
04/29/2026,ProShares Ultra S&P500,SSO,61.734,61.7864,-0.08481,-0.0524,115550,7133363700
04/28/2026,ProShares Ultra S&P500,SSO,61.7864,62.4043,-0.99016,-0.6179,115900,7161043760
04/27/2026,ProShares Ultra S&P500,SSO,62.4043,62.2488,0.24980,0.1555,116850,7291942455
04/24/2026,ProShares Ultra S&P500,SSO,62.2488,61.3004,1.54714,0.9484,116900,7276884720
04/23/2026,ProShares Ultra S&P500,SSO,61.3004,61.8118,-0.82735,-0.5114,117550,7205862020
04/22/2026,ProShares Ultra S&P500,SSO,61.8118,60.5626,2.06266,1.2492,117050,7235071190
04/21/2026,ProShares Ultra S&P500,SSO,60.5626,61.356,-1.29311,-0.7934,117050,7088852330
04/20/2026,ProShares Ultra S&P500,SSO,61.356,61.6462,-0.47075,-0.2902,117650,7218533400
04/17/2026,ProShares Ultra S&P500,SSO,61.6462,60.2141,2.37835,1.4321,116500,7181782300
04/16/2026,ProShares Ultra S&P500,SSO,60.2141,59.9142,0.50055,0.2999,114650,6903546565
04/15/2026,ProShares Ultra S&P500,SSO,59.9142,58.9792,1.58530,0.935,114100,6836210220
04/14/2026,ProShares Ultra S&P500,SSO,58.9792,57.6171,2.36406,1.3621,114150,6732475680
04/13/2026,ProShares Ultra S&P500,SSO,57.6171,56.4889,1.99721,1.1282,105400,6072842340
04/10/2026,ProShares Ultra S&P500,SSO,56.4889,56.621,-0.23331,-0.1321,105400,5953930060
04/09/2026,ProShares Ultra S&P500,SSO,56.621,55.944,1.21014,0.677,105400,5967853400
04/08/2026,ProShares Ultra S&P500,SSO,55.944,53.2719,5.01597,2.6721,105300,5890903200
04/07/2026,ProShares Ultra S&P500,SSO,53.2719,53.2011,0.13308,0.0708,105500,5620185450
04/06/2026,ProShares Ultra S&P500,SSO,53.2011,52.7307,0.89208,0.4704,105500,5612716050
04/02/2026,ProShares Ultra S&P500,SSO,52.7307,52.6407,0.17097,0.09,105400,5557815780
04/01/2026,ProShares Ultra S&P500,SSO,52.6407,51.8954,1.43616,0.7453,105450,5550961815
03/31/2026,ProShares Ultra S&P500,SSO,51.8954,49.0443,5.81332,2.8511,104850,5441232690
03/30/2026,ProShares Ultra S&P500,SSO,49.0443,49.4318,-0.78391,-0.3875,104300,5115320490
03/27/2026,ProShares Ultra S&P500,SSO,49.4318,51.1695,-3.39597,-1.7377,102800,5081589040
03/26/2026,ProShares Ultra S&P500,SSO,51.1695,53.0292,-3.50694,-1.8597,103550,5298601725
03/25/2026,ProShares Ultra S&P500,SSO,53.0292,52.5785,0.85719,0.4507,103800,5504430960
03/24/2026,ProShares Ultra S&P500,SSO,52.5785,52.9807,-0.75914,-0.4022,103800,5457648300
03/23/2026,ProShares Ultra S&P500,SSO,52.9807,51.811,2.25763,1.1697,104100,5515290870
03/20/2026,ProShares Ultra S&P500,SSO,51.811,53.4342,-3.03775,-1.6232,117750,6100745250
03/19/2026,ProShares Ultra S&P500,SSO,53.4342,53.7255,-0.54220,-0.2913,115350,6163634970
03/18/2026,ProShares Ultra S&P500,SSO,53.7255,55.2476,-2.75505,-1.5221,113850,6116648175
03/17/2026,ProShares Ultra S&P500,SSO,55.2476,54.9734,0.49879,0.2742,113850,6289939260
03/16/2026,ProShares Ultra S&P500,SSO,54.9734,53.8816,2.02629,1.0918,113850,6258721590
03/13/2026,ProShares Ultra S&P500,SSO,53.8816,54.5456,-1.21733,-0.664,113850,6134420160
03/12/2026,ProShares Ultra S&P500,SSO,54.5456,56.2608,-3.04866,-1.7152,115000,6272744000
03/11/2026,ProShares Ultra S&P500,SSO,56.2608,56.3704,-0.19443,-0.1096,114900,6464365920
03/10/2026,ProShares Ultra S&P500,SSO,56.3704,56.5998,-0.40530,-0.2294,114900,6476958960
03/09/2026,ProShares Ultra S&P500,SSO,56.5998,55.6682,1.67349,0.9316,116400,6588216720
03/06/2026,ProShares Ultra S&P500,SSO,55.6682,57.1929,-2.66589,-1.5247,116000,6457511200
03/05/2026,ProShares Ultra S&P500,SSO,57.1929,57.8504,-1.13655,-0.6575,116150,6642955335
03/04/2026,ProShares Ultra S&P500,SSO,57.8504,56.989,1.51152,0.8614,116150,6719323960
03/03/2026,ProShares Ultra S&P500,SSO,56.989,58.0754,-1.87067,-1.0864,116300,6627820700
03/02/2026,ProShares Ultra S&P500,SSO,58.0754,58.0319,0.07496,0.0435,116300,6754169020
02/27/2026,ProShares Ultra S&P500,SSO,58.0319,58.5632,-0.90723,-0.5313,116450,6757814755
02/26/2026,ProShares Ultra S&P500,SSO,58.5632,59.2137,-1.09856,-0.6505,116650,6831397280
02/25/2026,ProShares Ultra S&P500,SSO,59.2137,58.2654,1.62755,0.9483,118150,6996098655
02/24/2026,ProShares Ultra S&P500,SSO,58.2654,57.3966,1.51368,0.8688,119300,6951062220
02/23/2026,ProShares Ultra S&P500,SSO,57.3966,58.619,-2.08533,-1.2224,120500,6916290300
02/20/2026,ProShares Ultra S&P500,SSO,58.619,57.8328,1.35944,0.7862,121750,7136863250
02/19/2026,ProShares Ultra S&P500,SSO,57.8328,58.1508,-0.54685,-0.318,122500,7084518000
02/18/2026,ProShares Ultra S&P500,SSO,58.1508,57.5288,1.08120,0.622,122850,7143825780
02/17/2026,ProShares Ultra S&P500,SSO,57.5288,57.397,0.22963,0.1318,123300,7093301040
02/13/2026,ProShares Ultra S&P500,SSO,57.397,57.3564,0.07079,0.0406,128650,7384124050
02/12/2026,ProShares Ultra S&P500,SSO,57.3564,59.2086,-3.12826,-1.8522,125950,7224038580
02/11/2026,ProShares Ultra S&P500,SSO,59.2086,59.223,-0.02431,-0.0144,127150,7528373490
02/10/2026,ProShares Ultra S&P500,SSO,59.223,59.6087,-0.64705,-0.3857,128250,7595349750
02/09/2026,ProShares Ultra S&P500,SSO,59.6087,59.0563,0.93538,0.5524,129100,7695483170
02/06/2026,ProShares Ultra S&P500,SSO,59.0563,56.8441,3.89170,2.2122,129050,7621215515
02/05/2026,ProShares Ultra S&P500,SSO,56.8441,58.2821,-2.46731,-1.438,129650,7369837565
02/04/2026,ProShares Ultra S&P500,SSO,58.2821,58.8841,-1.02235,-0.602,130150,7585415315
02/03/2026,ProShares Ultra S&P500,SSO,58.8841,59.9007,-1.69714,-1.0166,131100,7719705510
02/02/2026,ProShares Ultra S&P500,SSO,59.9007,59.2741,1.05712,0.6266,131950,7903897365
01/30/2026,ProShares Ultra S&P500,SSO,59.2741,59.7837,-0.85241,-0.5096,131650,7803435265
01/29/2026,ProShares Ultra S&P500,SSO,59.7837,59.9602,-0.29436,-0.1765,137050,8193356085
01/28/2026,ProShares Ultra S&P500,SSO,59.9602,59.9784,-0.03034,-0.0182,137500,8244527500
01/27/2026,ProShares Ultra S&P500,SSO,59.9784,59.5029,0.79912,0.4755,137900,8271021360
01/26/2026,ProShares Ultra S&P500,SSO,59.5029,58.9215,0.98674,0.5814,137900,8205449910
01/23/2026,ProShares Ultra S&P500,SSO,58.9215,58.8973,0.04109,0.0242,137650,8110544475
01/22/2026,ProShares Ultra S&P500,SSO,58.8973,58.2707,1.07533,0.6266,137650,8107213345
01/21/2026,ProShares Ultra S&P500,SSO,58.2707,56.9571,2.30630,1.3136,137650,8020961855
01/20/2026,ProShares Ultra S&P500,SSO,56.9571,59.4162,-4.13877,-2.4591,138200,7871471220
01/16/2026,ProShares Ultra S&P500,SSO,59.4162,59.518,-0.17104,-0.1018,139200,8270735040
01/15/2026,ProShares Ultra S&P500,SSO,59.518,59.2185,0.50575,0.2995,139250,8287881500
01/14/2026,ProShares Ultra S&P500,SSO,59.2185,59.856,-1.06506,-0.6375,139000,8231371500
01/13/2026,ProShares Ultra S&P500,SSO,59.856,60.0975,-0.40185,-0.2415,139150,8328962400
01/12/2026,ProShares Ultra S&P500,SSO,60.0975,59.9106,0.31196,0.1869,138850,8344537875
01/09/2026,ProShares Ultra S&P500,SSO,59.9106,59.1621,1.26517,0.7485,135550,8120881830
01/08/2026,ProShares Ultra S&P500,SSO,59.1621,59.1652,-0.00524,-0.0031,135200,7998715920
01/07/2026,ProShares Ultra S&P500,SSO,59.1652,59.5789,-0.69437,-0.4137,135200,7999135040
01/06/2026,ProShares Ultra S&P500,SSO,59.5789,58.8534,1.23272,0.7255,135250,8058046225
01/05/2026,ProShares Ultra S&P500,SSO,58.8534,58.1213,1.25961,0.7321,130350,7671540690
01/02/2026,ProShares Ultra S&P500,SSO,58.1213,57.9078,0.36869,0.2135,130400,7579017520
12/31/2025,ProShares Ultra S&P500,SSO,57.9078,58.7817,-1.48669,-0.8739,130550,7559863290
12/30/2025,ProShares Ultra S&P500,SSO,58.7817,58.9506,-0.28651,-0.1689,130450,7668072765
12/29/2025,ProShares Ultra S&P500,SSO,58.9506,59.3741,-0.71327,-0.4235,130450,7690105770
12/26/2025,ProShares Ultra S&P500,SSO,59.3741,59.4222,-0.08095,-0.0481,130100,7724570410
12/24/2025,ProShares Ultra S&P500,SSO,59.4222,59.1692,0.42759,0.253,130100,7730828220
12/23/2025,ProShares Ultra S&P500,SSO,59.1692,58.6441,0.89540,0.5251,130100,7697912920
12/22/2025,ProShares Ultra S&P500,SSO,58.6441,57.9074,1.27220,0.7367,130050,7626665205
12/19/2025,ProShares Ultra S&P500,SSO,57.9074,56.9227,1.72989,0.9847,127250,7368716650
12/18/2025,ProShares Ultra S&P500,SSO,56.9227,56.0469,1.56262,0.8758,127150,7237721305
12/17/2025,ProShares Ultra S&P500,SSO,56.0469,57.3731,-2.31154,-1.3262,127300,7134770370
12/16/2025,ProShares Ultra S&P500,SSO,57.3731,57.6664,-0.50862,-0.2933,127350,7306464285
12/15/2025,ProShares Ultra S&P500,SSO,57.6664,57.8415,-0.30272,-0.1751,126750,7309216200
12/12/2025,ProShares Ultra S&P500,SSO,57.8415,59.1229,-2.16735,-1.2814,127000,7345870500
12/11/2025,ProShares Ultra S&P500,SSO,59.1229,58.8806,0.41151,0.2423,127000,7508608300
12/10/2025,ProShares Ultra S&P500,SSO,58.8806,58.1057,1.33360,0.7749,127000,7477836200
12/09/2025,ProShares Ultra S&P500,SSO,58.1057,58.2165,-0.19032,-0.1108,127000,7379423900
12/08/2025,ProShares Ultra S&P500,SSO,58.2165,58.6185,-0.68579,-0.402,126700,7376030550
12/05/2025,ProShares Ultra S&P500,SSO,58.6185,58.4035,0.36813,0.215,126750,7429894875
12/04/2025,ProShares Ultra S&P500,SSO,58.4035,58.2858,0.20194,0.1177,126800,7405563800
12/03/2025,ProShares Ultra S&P500,SSO,58.2858,57.9368,0.60238,0.349,126550,7376067990
12/02/2025,ProShares Ultra S&P500,SSO,57.9368,57.6711,0.46072,0.2657,126550,7331902040
12/01/2025,ProShares Ultra S&P500,SSO,57.6711,58.2751,-1.03646,-0.604,125500,7237723050
11/28/2025,ProShares Ultra S&P500,SSO,58.2751,57.6804,1.03103,0.5947,124900,7278559990
11/26/2025,ProShares Ultra S&P500,SSO,57.6804,56.9089,1.35568,0.7715,124450,7178325780
11/25/2025,ProShares Ultra S&P500,SSO,56.9089,55.8938,1.81612,1.0151,123650,7036785485
11/24/2025,ProShares Ultra S&P500,SSO,55.8938,54.2375,3.05379,1.6563,123050,6877732090
11/21/2025,ProShares Ultra S&P500,SSO,54.2375,53.2063,1.93812,1.0312,123100,6676636250
11/20/2025,ProShares Ultra S&P500,SSO,53.2063,54.9068,-3.09707,-1.7005,123800,6586939940
11/19/2025,ProShares Ultra S&P500,SSO,54.9068,54.5045,0.73810,0.4023,123500,6780989800
11/18/2025,ProShares Ultra S&P500,SSO,54.5045,55.42105,-1.65379,-0.91655,123600,6736756200
11/17/2025,ProShares Ultra S&P500,SSO,55.42105,56.46055,-1.84111,-1.0395,126100,6988594405
11/14/2025,ProShares Ultra S&P500,SSO,56.46055,56.51745,-0.10068,-0.0569,128300,7243888565
11/13/2025,ProShares Ultra S&P500,SSO,56.51745,58.46155,-3.32543,-1.9441,130400,7369875480
11/12/2025,ProShares Ultra S&P500,SSO,58.46155,58.39425,0.11525,0.0673,130400,7623386120
11/11/2025,ProShares Ultra S&P500,SSO,58.39425,58.1493,0.42124,0.24495,130400,7614610200
11/10/2025,ProShares Ultra S&P500,SSO,58.1493,56.4149,3.07437,1.7344,128900,7495444770
11/07/2025,ProShares Ultra S&P500,SSO,56.4149,56.2943,0.21423,0.1206,128900,7271880610
11/06/2025,ProShares Ultra S&P500,SSO,56.2943,57.5802,-2.23323,-1.2859,129400,7284482420
11/05/2025,ProShares Ultra S&P500,SSO,57.5802,57.17495,0.70879,0.40525,129800,7473909960
11/04/2025,ProShares Ultra S&P500,SSO,57.17495,58.55905,-2.36360,-1.3841,129800,7421308510
11/03/2025,ProShares Ultra S&P500,SSO,58.55905,58.36355,0.33497,0.1955,129500,7583396975
10/31/2025,ProShares Ultra S&P500,SSO,58.36355,58.06195,0.51945,0.3016,127800,7458861690
10/30/2025,ProShares Ultra S&P500,SSO,58.06195,59.26435,-2.02888,-1.2024,127200,7385480040
10/29/2025,ProShares Ultra S&P500,SSO,59.26435,59.27055,-0.01046,-0.0062,127000,7526572450
10/28/2025,ProShares Ultra S&P500,SSO,59.27055,59.00065,0.45745,0.2699,127100,7533286905
10/27/2025,ProShares Ultra S&P500,SSO,59.00065,57.6059,2.42119,1.39475,127100,7498982615
10/24/2025,ProShares Ultra S&P500,SSO,57.6059,56.7244,1.55400,0.8815,126500,7287146350
10/23/2025,ProShares Ultra S&P500,SSO,56.7244,56.07705,1.15439,0.64735,125800,7135929520
10/22/2025,ProShares Ultra S&P500,SSO,56.07705,56.6866,-1.07530,-0.60955,125900,7060100595
10/21/2025,ProShares Ultra S&P500,SSO,56.6866,56.69235,-0.01014,-0.00575,125400,7108499640
10/20/2025,ProShares Ultra S&P500,SSO,56.69235,55.5213,2.10919,1.17105,125500,7114889925
10/17/2025,ProShares Ultra S&P500,SSO,55.5213,54.95625,1.02818,0.56505,130400,7239977520
10/16/2025,ProShares Ultra S&P500,SSO,54.95625,55.6776,-1.29558,-0.72135,130800,7188277500
10/15/2025,ProShares Ultra S&P500,SSO,55.6776,55.2262,0.81737,0.4514,130900,7288197840
10/14/2025,ProShares Ultra S&P500,SSO,55.2262,55.3988,-0.31156,-0.1726,137500,7593602500
10/13/2025,ProShares Ultra S&P500,SSO,55.3988,53.7335,3.09918,1.6653,137600,7622874880
10/10/2025,ProShares Ultra S&P500,SSO,53.7335,56.83125,-5.45079,-3.09775,137600,7393729600
10/09/2025,ProShares Ultra S&P500,SSO,56.83125,57.1573,-0.57044,-0.32605,138000,7842712500
10/08/2025,ProShares Ultra S&P500,SSO,57.1573,56.50425,1.15575,0.65305,138100,7893423130
10/07/2025,ProShares Ultra S&P500,SSO,56.50425,56.9457,-0.77521,-0.44145,138200,7808887350
10/06/2025,ProShares Ultra S&P500,SSO,56.9457,56.53595,0.72476,0.40975,138000,7858506600
10/03/2025,ProShares Ultra S&P500,SSO,56.53595,56.54585,-0.01751,-0.0099,137800,7790653910
10/02/2025,ProShares Ultra S&P500,SSO,56.54585,56.4737,0.12776,0.07215,137900,7797672715
10/01/2025,ProShares Ultra S&P500,SSO,56.4737,56.09575,0.67376,0.37795,137500,7765133750
09/30/2025,ProShares Ultra S&P500,SSO,56.09575,55.64675,0.80688,0.449,137500,7713165625
09/29/2025,ProShares Ultra S&P500,SSO,55.64675,55.36275,0.51298,0.284,137300,7640298775
09/26/2025,ProShares Ultra S&P500,SSO,55.36275,54.74045,1.13682,0.6223,137300,7601305575
09/25/2025,ProShares Ultra S&P500,SSO,54.74045,55.2945,-1.00200,-0.55405,136500,7472071425
09/24/2025,ProShares Ultra S&P500,SSO,55.2945,55.7214,-0.76613,-0.4269,136500,7547699250
09/23/2025,ProShares Ultra S&P500,SSO,55.7214,56.3492,-1.11412,-0.6278,136500,7605971100
09/22/2025,ProShares Ultra S&P500,SSO,56.3492,55.8547,0.88533,0.4945,136500,7691665800
09/19/2025,ProShares Ultra S&P500,SSO,55.8547,55.3377,0.93426,0.517,136500,7624166550
09/18/2025,ProShares Ultra S&P500,SSO,55.3377,54.8175,0.94897,0.5202,136500,7553596050
09/17/2025,ProShares Ultra S&P500,SSO,54.8175,54.93705,-0.21761,-0.11955,136700,7493552250
09/16/2025,ProShares Ultra S&P500,SSO,54.93705,55.08875,-0.27537,-0.1517,136700,7509894735
09/15/2025,ProShares Ultra S&P500,SSO,55.08875,54.55465,0.97902,0.5341,136700,7530632125
09/12/2025,ProShares Ultra S&P500,SSO,54.55465,54.62505,-0.12888,-0.0704,136900,7468531585
09/11/2025,ProShares Ultra S&P500,SSO,54.62505,53.7254,1.67453,0.89965,135200,7385306760
09/10/2025,ProShares Ultra S&P500,SSO,53.7254,53.41535,0.58045,0.31005,135500,7279791700
09/09/2025,ProShares Ultra S&P500,SSO,53.41535,53.1424,0.51362,0.27295,135500,7237779925
09/08/2025,ProShares Ultra S&P500,SSO,53.1424,52.9171,0.42576,0.2253,135800,7216737920
09/05/2025,ProShares Ultra S&P500,SSO,52.9171,53.26025,-0.64429,-0.34315,135800,7186142180
09/04/2025,ProShares Ultra S&P500,SSO,53.26025,52.3841,1.67255,0.87615,136100,7248720025
09/03/2025,ProShares Ultra S&P500,SSO,52.3841,51.85785,1.01479,0.52625,135600,7103283960
09/02/2025,ProShares Ultra S&P500,SSO,51.85785,52.5905,-1.39312,-0.73265,135600,7031924460
08/29/2025,ProShares Ultra S&P500,SSO,52.5905,53.2906,-1.31374,-0.7001,136000,7152308000
08/28/2025,ProShares Ultra S&P500,SSO,53.2906,52.95565,0.63251,0.33495,136100,7252850660
08/27/2025,ProShares Ultra S&P500,SSO,52.95565,52.7153,0.45594,0.24035,136100,7207263965
08/26/2025,ProShares Ultra S&P500,SSO,52.7153,52.2844,0.82415,0.4309,136100,7174552330
08/25/2025,ProShares Ultra S&P500,SSO,52.2844,52.745,-0.87326,-0.4606,136100,7115906840
08/22/2025,ProShares Ultra S&P500,SSO,52.745,51.20685,3.00380,1.53815,136400,7194418000
08/21/2025,ProShares Ultra S&P500,SSO,51.20685,51.6164,-0.79345,-0.40955,136400,6984614340
08/20/2025,ProShares Ultra S&P500,SSO,51.6164,51.8814,-0.51078,-0.265,136500,7045638600
08/19/2025,ProShares Ultra S&P500,SSO,51.8814,52.49005,-1.15955,-0.60865,134100,6957295740
08/18/2025,ProShares Ultra S&P500,SSO,52.49005,52.5079,-0.03399,-0.01785,134100,7038915705
08/15/2025,ProShares Ultra S&P500,SSO,52.5079,52.8088,-0.56979,-0.3009,133600,7015055440
08/14/2025,ProShares Ultra S&P500,SSO,52.8088,52.78485,0.04537,0.02395,133600,7055255680
08/13/2025,ProShares Ultra S&P500,SSO,52.78485,52.448,0.64226,0.33685,131100,6920093835
08/12/2025,ProShares Ultra S&P500,SSO,52.448,51.3019,2.23403,1.1461,130900,6865443200
08/11/2025,ProShares Ultra S&P500,SSO,51.3019,51.55285,-0.48678,-0.25095,131100,6725679090
08/08/2025,ProShares Ultra S&P500,SSO,51.55285,50.7773,1.52736,0.77555,131500,6779199775
08/07/2025,ProShares Ultra S&P500,SSO,50.7773,50.8649,-0.17222,-0.0876,131500,6677214950
08/06/2025,ProShares Ultra S&P500,SSO,50.8649,50.13585,1.45415,0.72905,138300,7034615670
08/05/2025,ProShares Ultra S&P500,SSO,50.13585,50.6371,-0.98989,-0.50125,138300,6933788055
08/04/2025,ProShares Ultra S&P500,SSO,50.6371,49.18845,2.94510,1.44865,139000,7038556900
08/01/2025,ProShares Ultra S&P500,SSO,49.18845,50.8445,-3.25709,-1.65605,139500,6861788775
07/31/2025,ProShares Ultra S&P500,SSO,50.8445,51.2236,-0.74009,-0.3791,140900,7163990050
07/30/2025,ProShares Ultra S&P500,SSO,51.2236,51.36095,-0.26742,-0.13735,137000,7017633200
07/29/2025,ProShares Ultra S&P500,SSO,51.36095,51.668,-0.59427,-0.30705,136500,7010769675
07/28/2025,ProShares Ultra S&P500,SSO,51.668,51.6689,-0.00174,-0.0009,136500,7052682000
07/25/2025,ProShares Ultra S&P500,SSO,51.6689,51.2766,0.76507,0.3923,135900,7021803510
07/24/2025,ProShares Ultra S&P500,SSO,51.2766,51.2162,0.11793,0.0604,132000,6768511200
07/23/2025,ProShares Ultra S&P500,SSO,51.2162,50.42685,1.56534,0.78935,132100,6765660020
07/22/2025,ProShares Ultra S&P500,SSO,50.42685,50.3763,0.10034,0.05055,132100,6661386885
07/21/2025,ProShares Ultra S&P500,SSO,50.3763,50.23645,0.27838,0.13985,129900,6543881370
07/18/2025,ProShares Ultra S&P500,SSO,50.23645,50.27365,-0.07400,-0.0372,129900,6525714855
07/17/2025,ProShares Ultra S&P500,SSO,50.27365,49.73405,1.08497,0.5396,129900,6530547135
07/16/2025,ProShares Ultra S&P500,SSO,49.73405,49.42485,0.62560,0.3092,130000,6465426500
07/15/2025,ProShares Ultra S&P500,SSO,49.42485,49.82455,-0.80221,-0.3997,130500,6449942925
07/14/2025,ProShares Ultra S&P500,SSO,49.82455,49.6864,0.27804,0.13815,131300,6541963415
07/11/2025,ProShares Ultra S&P500,SSO,49.6864,50.0428,-0.71219,-0.3564,130800,6498981120
07/10/2025,ProShares Ultra S&P500,SSO,50.0428,49.7648,0.55863,0.278,130800,6545598240
07/09/2025,ProShares Ultra S&P500,SSO,49.7648,49.1781,1.19301,0.5867,130800,6509235840
07/08/2025,ProShares Ultra S&P500,SSO,49.1781,49.25325,-0.15258,-0.07515,130800,6432495480
07/07/2025,ProShares Ultra S&P500,SSO,49.25325,50.0411,-1.57441,-0.78785,130800,6442325100
07/03/2025,ProShares Ultra S&P500,SSO,50.0411,49.2424,1.62198,0.7987,130800,6545375880
07/02/2025,ProShares Ultra S&P500,SSO,49.2424,48.78985,0.92755,0.45255,130900,6445830160
07/01/2025,ProShares Ultra S&P500,SSO,48.78985,48.8945,-0.21403,-0.10465,130700,6376833395
06/30/2025,ProShares Ultra S&P500,SSO,48.8945,48.40325,1.01491,0.49125,128600,6287832700
06/27/2025,ProShares Ultra S&P500,SSO,48.40325,47.92325,1.00160,0.48,128600,6224657950
06/26/2025,ProShares Ultra S&P500,SSO,47.92325,47.17605,1.58385,0.7472,128700,6167722275
06/25/2025,ProShares Ultra S&P500,SSO,47.17605,47.27925,-0.21828,-0.1032,128100,6043252005
06/24/2025,ProShares Ultra S&P500,SSO,47.27925,46.2551,2.21413,1.02415,127500,6028104375
06/23/2025,ProShares Ultra S&P500,SSO,46.2551,45.3868,1.91311,0.8683,127500,5897525250
06/20/2025,ProShares Ultra S&P500,SSO,45.3868,45.6059,-0.48042,-0.2191,127700,5795894360
06/18/2025,ProShares Ultra S&P500,SSO,45.6059,45.6452,-0.08610,-0.0393,128000,5837555200
06/17/2025,ProShares Ultra S&P500,SSO,45.6452,46.4272,-1.68436,-0.782,125500,5728472600
06/16/2025,ProShares Ultra S&P500,SSO,46.4272,45.5664,1.88911,0.8608,125500,5826613600
06/13/2025,ProShares Ultra S&P500,SSO,45.5664,46.62685,-2.27433,-1.06045,125500,5718583200
06/12/2025,ProShares Ultra S&P500,SSO,46.62685,46.27995,0.74957,0.3469,125600,5856332360
06/11/2025,ProShares Ultra S&P500,SSO,46.27995,46.54205,-0.56315,-0.2621,125000,5784993750
06/10/2025,ProShares Ultra S&P500,SSO,46.54205,46.03835,1.09409,0.5037,125000,5817756250
06/09/2025,ProShares Ultra S&P500,SSO,46.03835,45.95855,0.17363,0.0798,125000,5754793750
06/06/2025,ProShares Ultra S&P500,SSO,45.95855,45.0429,2.03284,0.91565,125000,5744818750
06/05/2025,ProShares Ultra S&P500,SSO,45.0429,45.52085,-1.04996,-0.47795,125200,5639371080
06/04/2025,ProShares Ultra S&P500,SSO,45.52085,45.52205,-0.00264,-0.0012,125200,5699210420
06/03/2025,ProShares Ultra S&P500,SSO,45.52205,45.00695,1.14449,0.5151,125200,5699360660
06/02/2025,ProShares Ultra S&P500,SSO,45.00695,44.6208,0.86540,0.38615,125700,5657373615
05/30/2025,ProShares Ultra S&P500,SSO,44.6208,44.65445,-0.07536,-0.03365,126000,5622220800
05/29/2025,ProShares Ultra S&P500,SSO,44.65445,44.3084,0.78100,0.34605,125100,5586271695
05/28/2025,ProShares Ultra S&P500,SSO,44.3084,44.81435,-1.12899,-0.50595,125200,5547411680
05/27/2025,ProShares Ultra S&P500,SSO,44.81435,43.05465,4.08713,1.7597,125100,5606275185
05/23/2025,ProShares Ultra S&P500,SSO,43.05465,43.66155,-1.39001,-0.6069,125100,5386136715
05/22/2025,ProShares Ultra S&P500,SSO,43.66155,43.69975,-0.08741,-0.0382,125100,5462059905
05/21/2025,ProShares Ultra S&P500,SSO,43.69975,45.17055,-3.25610,-1.4708,125500,5484318625
05/20/2025,ProShares Ultra S&P500,SSO,45.17055,45.52395,-0.77629,-0.3534,125600,5673421080
05/19/2025,ProShares Ultra S&P500,SSO,45.52395,45.4387,0.18762,0.08525,125600,5717808120
05/16/2025,ProShares Ultra S&P500,SSO,45.4387,44.8254,1.36820,0.6133,125600,5707100720
05/15/2025,ProShares Ultra S&P500,SSO,44.8254,44.43915,0.86917,0.38625,125700,5634552780
05/14/2025,ProShares Ultra S&P500,SSO,44.43915,44.3513,0.19808,0.08785,125200,5563781580
05/13/2025,ProShares Ultra S&P500,SSO,44.3513,43.731,1.41844,0.6203,125200,5552782760
05/12/2025,ProShares Ultra S&P500,SSO,43.731,41.0516,6.52691,2.6794,125900,5505732900
05/09/2025,ProShares Ultra S&P500,SSO,41.0516,41.1233,-0.17435,-0.0717,125900,5168396440
05/08/2025,ProShares Ultra S&P500,SSO,41.1233,40.64815,1.16893,0.47515,125900,5177423470
05/07/2025,ProShares Ultra S&P500,SSO,40.64815,40.30345,0.85526,0.3447,120600,4902166890
05/06/2025,ProShares Ultra S&P500,SSO,40.30345,40.9454,-1.56782,-0.64195,120600,4860596070
05/05/2025,ProShares Ultra S&P500,SSO,40.9454,41.4745,-1.27572,-0.5291,120600,4938015240
05/02/2025,ProShares Ultra S&P500,SSO,41.4745,40.2991,2.91669,1.1754,120600,5001824700
05/01/2025,ProShares Ultra S&P500,SSO,40.2991,39.7965,1.26293,0.5026,120600,4860071460
04/30/2025,ProShares Ultra S&P500,SSO,39.7965,39.69215,0.26290,0.10435,122600,4879050900
04/29/2025,ProShares Ultra S&P500,SSO,39.69215,39.24065,1.15059,0.4515,122600,4866257590
04/28/2025,ProShares Ultra S&P500,SSO,39.24065,39.19905,0.10613,0.0416,122600,4810903690
04/25/2025,ProShares Ultra S&P500,SSO,39.19905,38.64825,1.42516,0.5508,122000,4782284100
04/24/2025,ProShares Ultra S&P500,SSO,38.64825,37.1443,4.04894,1.50395,122000,4715086500
04/23/2025,ProShares Ultra S&P500,SSO,37.1443,35.95855,3.29755,1.18575,120500,4475888150
04/22/2025,ProShares Ultra S&P500,SSO,35.95855,34.238,5.02526,1.72055,120400,4329409420
04/21/2025,ProShares Ultra S&P500,SSO,34.238,35.93945,-4.73421,-1.70145,120500,4125679000
04/17/2025,ProShares Ultra S&P500,SSO,35.93945,35.86295,0.21331,0.0765,120600,4334297670
04/16/2025,ProShares Ultra S&P500,SSO,35.86295,37.5495,-4.49154,-1.68655,120600,4325071770
04/15/2025,ProShares Ultra S&P500,SSO,37.5495,37.68975,-0.37212,-0.14025,120100,4509694950
04/14/2025,ProShares Ultra S&P500,SSO,37.68975,37.0899,1.61729,0.59985,120200,4530307950
04/11/2025,ProShares Ultra S&P500,SSO,37.0899,35.81595,3.55693,1.27395,120600,4473041940
04/10/2025,ProShares Ultra S&P500,SSO,35.81595,38.5437,-7.07703,-2.72775,120900,4330148355
04/09/2025,ProShares Ultra S&P500,SSO,38.5437,32.35645,19.12215,6.18725,121200,4671496440
04/08/2025,ProShares Ultra S&P500,SSO,32.35645,33.40795,-3.14745,-1.0515,111700,3614215465
04/07/2025,ProShares Ultra S&P500,SSO,33.40795,33.56845,-0.47813,-0.1605,112400,3755053580
04/04/2025,ProShares Ultra S&P500,SSO,33.56845,38.11915,-11.93809,-4.5507,111500,3742882175
04/03/2025,ProShares Ultra S&P500,SSO,38.11915,42.2203,-9.71369,-4.10115,111500,4250285225
04/02/2025,ProShares Ultra S&P500,SSO,42.2203,41.6687,1.32378,0.5516,110200,4652677060
04/01/2025,ProShares Ultra S&P500,SSO,41.6687,41.3713,0.71886,0.2974,110700,4612725090
03/31/2025,ProShares Ultra S&P500,SSO,41.3713,40.9087,1.13081,0.4626,111000,4592214300
03/28/2025,ProShares Ultra S&P500,SSO,40.9087,42.6132,-3.99993,-1.7045,115100,4708591370
03/27/2025,ProShares Ultra S&P500,SSO,42.6132,42.8981,-0.66413,-0.2849,115500,4921824600
03/26/2025,ProShares Ultra S&P500,SSO,42.8981,43.97705,-2.45344,-1.07895,116000,4976179600
03/25/2025,ProShares Ultra S&P500,SSO,43.97705,43.8333,0.32795,0.14375,116000,5101337800
03/24/2025,ProShares Ultra S&P500,SSO,43.8333,42.3474,3.50883,1.4859,116000,5084662800
03/21/2025,ProShares Ultra S&P500,SSO,42.3474,42.29795,0.11691,0.04945,116000,4912298400
03/20/2025,ProShares Ultra S&P500,SSO,42.29795,42.49285,-0.45867,-0.1949,116000,4906562200
03/19/2025,ProShares Ultra S&P500,SSO,42.49285,41.5998,2.14677,0.89305,113000,4801692050
03/18/2025,ProShares Ultra S&P500,SSO,41.5998,42.5135,-2.14920,-0.9137,110000,4575978000
03/17/2025,ProShares Ultra S&P500,SSO,42.5135,41.96215,1.31392,0.55135,109900,4672233650
03/14/2025,ProShares Ultra S&P500,SSO,41.96215,40.2634,4.21909,1.69875,108400,4548697060
03/13/2025,ProShares Ultra S&P500,SSO,40.2634,41.40905,-2.76667,-1.14565,108800,4380657920
03/12/2025,ProShares Ultra S&P500,SSO,41.40905,41.0083,0.97724,0.40075,108600,4497022830
03/11/2025,ProShares Ultra S&P500,SSO,41.0083,41.6541,-1.55039,-0.6458,109000,4469904700
03/10/2025,ProShares Ultra S&P500,SSO,41.6541,44.0204,-5.37546,-2.3663,109000,4540296900
03/07/2025,ProShares Ultra S&P500,SSO,44.0204,43.5495,1.08130,0.4709,109900,4837841960
03/06/2025,ProShares Ultra S&P500,SSO,43.5495,45.16265,-3.57187,-1.61315,110600,4816574700
03/05/2025,ProShares Ultra S&P500,SSO,45.16265,44.1897,2.20176,0.97295,110500,4990472825
03/04/2025,ProShares Ultra S&P500,SSO,44.1897,45.2984,-2.44755,-1.1087,124600,5506036620
03/03/2025,ProShares Ultra S&P500,SSO,45.2984,46.9491,-3.51594,-1.6507,128000,5798195200
02/28/2025,ProShares Ultra S&P500,SSO,46.9491,45.52445,3.12942,1.42465,127900,6004789890
02/27/2025,ProShares Ultra S&P500,SSO,45.52445,47.0239,-3.18870,-1.49945,127900,5822577155
02/26/2025,ProShares Ultra S&P500,SSO,47.0239,47.01195,0.02542,0.01195,127900,6014356810
02/25/2025,ProShares Ultra S&P500,SSO,47.01195,47.46845,-0.96169,-0.4565,127300,5984621235
02/24/2025,ProShares Ultra S&P500,SSO,47.46845,47.94395,-0.99178,-0.4755,127300,6042733685
02/21/2025,ProShares Ultra S&P500,SSO,47.94395,49.6599,-3.45540,-1.71595,124300,5959432985
02/20/2025,ProShares Ultra S&P500,SSO,49.6599,50.0886,-0.85588,-0.4287,123100,6113133690
02/19/2025,ProShares Ultra S&P500,SSO,50.0886,49.85645,0.46564,0.23215,122900,6155888940
02/18/2025,ProShares Ultra S&P500,SSO,49.85645,49.60585,0.50518,0.2506,117500,5858132875
02/14/2025,ProShares Ultra S&P500,SSO,49.60585,49.6237,-0.03597,-0.01785,117500,5828687375
02/13/2025,ProShares Ultra S&P500,SSO,49.6237,48.6155,2.07382,1.0082,116100,5761311570
02/12/2025,ProShares Ultra S&P500,SSO,48.6155,48.89065,-0.56279,-0.27515,116100,5644259550
02/11/2025,ProShares Ultra S&P500,SSO,48.89065,48.8557,0.07154,0.03495,116300,5685982595
02/10/2025,ProShares Ultra S&P500,SSO,48.8557,48.20715,1.34534,0.64855,116400,5686803480
02/07/2025,ProShares Ultra S&P500,SSO,48.20715,49.14805,-1.91442,-0.9409,116400,5611312260
02/06/2025,ProShares Ultra S&P500,SSO,49.14805,48.8033,0.70641,0.34475,116200,5711003410
02/05/2025,ProShares Ultra S&P500,SSO,48.8033,48.42955,0.77174,0.37375,116000,5661182800
02/04/2025,ProShares Ultra S&P500,SSO,48.42955,47.75605,1.41029,0.6735,116000,5617827800
02/03/2025,ProShares Ultra S&P500,SSO,47.75605,48.4855,-1.50447,-0.72945,116000,5539701800
01/31/2025,ProShares Ultra S&P500,SSO,48.4855,49.0004,-1.05081,-0.5149,116000,5624318000
01/30/2025,ProShares Ultra S&P500,SSO,49.0004,48.4936,1.04509,0.5068,116200,5693846480
01/29/2025,ProShares Ultra S&P500,SSO,48.4936,48.9569,-0.94634,-0.4633,116300,5639805680
01/28/2025,ProShares Ultra S&P500,SSO,48.9569,48.09235,1.79769,0.86455,117000,5727957300
01/27/2025,ProShares Ultra S&P500,SSO,48.09235,49.5358,-2.91395,-1.44345,115800,5569094130
01/24/2025,ProShares Ultra S&P500,SSO,49.5358,49.83605,-0.60248,-0.30025,116500,5770920700
01/23/2025,ProShares Ultra S&P500,SSO,49.83605,49.31685,1.05278,0.5192,116500,5805899825
01/22/2025,ProShares Ultra S&P500,SSO,49.31685,48.73435,1.19526,0.5825,115300,5686232805
01/21/2025,ProShares Ultra S&P500,SSO,48.73435,47.8983,1.74547,0.83605,115400,5623943990
01/17/2025,ProShares Ultra S&P500,SSO,47.8983,46.98455,1.94479,0.91375,112900,5407718070
01/16/2025,ProShares Ultra S&P500,SSO,46.98455,47.18795,-0.43104,-0.2034,112900,5304555695
01/15/2025,ProShares Ultra S&P500,SSO,47.18795,45.52325,3.65681,1.6647,112800,5322800760
01/14/2025,ProShares Ultra S&P500,SSO,45.52325,45.4214,0.22423,0.10185,112800,5135022600
01/13/2025,ProShares Ultra S&P500,SSO,45.4214,45.28935,0.29157,0.13205,112800,5123533920
01/10/2025,ProShares Ultra S&P500,SSO,45.28935,46.73425,-3.09174,-1.4449,113200,5126754420
01/08/2025,ProShares Ultra S&P500,SSO,46.73425,46.60655,0.27400,0.1277,116800,5458560400
01/07/2025,ProShares Ultra S&P500,SSO,46.60655,47.67345,-2.23793,-1.0669,116600,5434323730
01/06/2025,ProShares Ultra S&P500,SSO,47.67345,47.1533,1.10310,0.52015,116800,5568258960
01/03/2025,ProShares Ultra S&P500,SSO,47.1533,46.0102,2.48445,1.1431,116800,5507505440
01/02/2025,ProShares Ultra S&P500,SSO,46.0102,46.2306,-0.47674,-0.2204,116800,5373991360
12/31/2024,ProShares Ultra S&P500,SSO,46.2306,46.62445,-0.84473,-0.39385,117800,5445964680
12/30/2024,ProShares Ultra S&P500,SSO,46.62445,47.6685,-2.19023,-1.04405,117800,5492360210
12/27/2024,ProShares Ultra S&P500,SSO,47.6685,48.7519,-2.22227,-1.0834,118300,5639183550
12/26/2024,ProShares Ultra S&P500,SSO,48.7519,48.78625,-0.07041,-0.03435,117500,5728348250
12/24/2024,ProShares Ultra S&P500,SSO,48.78625,47.7479,2.17465,1.03835,117400,5727505750
12/23/2024,ProShares Ultra S&P500,SSO,47.7479,47.2171,1.12417,0.5308,117000,5586504300
12/20/2024,ProShares Ultra S&P500,SSO,47.2171,46.20795,2.18393,1.00915,118100,5576339510
12/19/2024,ProShares Ultra S&P500,SSO,46.20795,46.28695,-0.17067,-0.079,118500,5475642075
12/18/2024,ProShares Ultra S&P500,SSO,46.28695,49.2065,-5.93326,-2.91955,119200,5517404440
12/17/2024,ProShares Ultra S&P500,SSO,49.2065,49.6024,-0.79815,-0.3959,119400,5875256100
12/16/2024,ProShares Ultra S&P500,SSO,49.6024,49.2181,0.78081,0.3843,119500,5927486800
12/13/2024,ProShares Ultra S&P500,SSO,49.2181,49.2404,-0.04529,-0.0223,119500,5881562950
12/12/2024,ProShares Ultra S&P500,SSO,49.2404,49.78155,-1.08705,-0.54115,119600,5889151840
12/11/2024,ProShares Ultra S&P500,SSO,49.78155,48.99845,1.59821,0.7831,119600,5953873380
12/10/2024,ProShares Ultra S&P500,SSO,48.99845,49.30135,-0.61438,-0.3029,119600,5860214620
12/09/2024,ProShares Ultra S&P500,SSO,49.30135,49.891,-1.18188,-0.58965,118700,5852070245
12/06/2024,ProShares Ultra S&P500,SSO,49.891,49.6719,0.44109,0.2191,119400,5956985400
12/05/2024,ProShares Ultra S&P500,SSO,49.6719,49.8544,-0.36607,-0.1825,119900,5955660810
12/04/2024,ProShares Ultra S&P500,SSO,49.8544,49.26285,1.20080,0.59155,120100,5987513440
12/03/2024,ProShares Ultra S&P500,SSO,49.26285,49.2253,0.07628,0.03755,120100,5916468285
12/02/2024,ProShares Ultra S&P500,SSO,49.2253,49.00225,0.45518,0.22305,120100,5911958530
11/29/2024,ProShares Ultra S&P500,SSO,49.00225,48.46005,1.11886,0.5422,120200,5890070450
11/27/2024,ProShares Ultra S&P500,SSO,48.46005,48.82855,-0.75468,-0.3685,120200,5824898010
11/26/2024,ProShares Ultra S&P500,SSO,48.82855,48.29005,1.11514,0.5385,120000,5859426000
11/25/2024,ProShares Ultra S&P500,SSO,48.29005,48.00115,0.60186,0.2889,118000,5698225900
11/22/2024,ProShares Ultra S&P500,SSO,48.00115,47.69855,0.63440,0.3026,118000,5664135700
11/21/2024,ProShares Ultra S&P500,SSO,47.69855,47.1896,1.07852,0.50895,118000,5628428900
11/20/2024,ProShares Ultra S&P500,SSO,47.1896,47.18855,0.00223,0.00105,118100,5573091760
11/19/2024,ProShares Ultra S&P500,SSO,47.18855,46.83365,0.75779,0.3549,118100,5572967755
11/18/2024,ProShares Ultra S&P500,SSO,46.83365,46.46455,0.79437,0.3691,118100,5531054065
11/15/2024,ProShares Ultra S&P500,SSO,46.46455,47.732,-2.65535,-1.26745,116800,5427059440
11/14/2024,ProShares Ultra S&P500,SSO,47.732,48.32375,-1.22455,-0.59175,118100,5637149200
11/13/2024,ProShares Ultra S&P500,SSO,48.32375,48.29955,0.05010,0.0242,117000,5653878750
11/12/2024,ProShares Ultra S&P500,SSO,48.29955,48.589,-0.59571,-0.28945,117500,5675197125
11/11/2024,ProShares Ultra S&P500,SSO,48.589,48.4972,0.18929,0.0918,118400,5752937600
11/08/2024,ProShares Ultra S&P500,SSO,48.4972,48.14015,0.74169,0.35705,117100,5679022120
11/07/2024,ProShares Ultra S&P500,SSO,48.14015,47.43525,1.48603,0.7049,117100,5637211565
11/06/2024,ProShares Ultra S&P500,SSO,47.43525,45.1644,5.02796,2.27085,117100,5554667775
11/05/2024,ProShares Ultra S&P500,SSO,45.1644,44.09335,2.42905,1.07105,116800,5275201920
11/04/2024,ProShares Ultra S&P500,SSO,44.09335,44.33625,-0.54786,-0.2429,117000,5158921950
11/01/2024,ProShares Ultra S&P500,SSO,44.33625,43.99415,0.77760,0.3421,117800,5222810250
10/31/2024,ProShares Ultra S&P500,SSO,43.99415,45.7192,-3.77314,-1.72505,118000,5191309700
10/30/2024,ProShares Ultra S&P500,SSO,45.7192,46.0249,-0.66421,-0.3057,118000,5394865600
10/29/2024,ProShares Ultra S&P500,SSO,46.0249,45.8841,0.30686,0.1408,118000,5430938200
10/28/2024,ProShares Ultra S&P500,SSO,45.8841,45.6428,0.52867,0.2413,118000,5414323800
10/25/2024,ProShares Ultra S&P500,SSO,45.6428,45.69265,-0.10910,-0.04985,118300,5399543240
10/24/2024,ProShares Ultra S&P500,SSO,45.69265,45.50565,0.41094,0.187,118300,5405440495
10/23/2024,ProShares Ultra S&P500,SSO,45.50565,46.364,-1.85133,-0.85835,117900,5365116135
10/22/2024,ProShares Ultra S&P500,SSO,46.364,46.4176,-0.11547,-0.0536,118200,5480224800
10/21/2024,ProShares Ultra S&P500,SSO,46.4176,46.5903,-0.37068,-0.1727,118400,5495843840
10/18/2024,ProShares Ultra S&P500,SSO,46.5903,46.24515,0.74635,0.34515,118400,5516291520
10/17/2024,ProShares Ultra S&P500,SSO,46.24515,46.2624,-0.03729,-0.01725,116200,5373686430
10/16/2024,ProShares Ultra S&P500,SSO,46.2624,45.84855,0.90265,0.41385,116200,5375690880
10/15/2024,ProShares Ultra S&P500,SSO,45.84855,46.56215,-1.53258,-0.7136,115100,5277168105
10/14/2024,ProShares Ultra S&P500,SSO,46.56215,45.84705,1.55975,0.7151,115200,5363959680
10/11/2024,ProShares Ultra S&P500,SSO,45.84705,45.329,1.14287,0.51805,114900,5267826045
10/10/2024,ProShares Ultra S&P500,SSO,45.329,45.50905,-0.39564,-0.18005,114900,5208302100
10/09/2024,ProShares Ultra S&P500,SSO,45.50905,44.87945,1.40287,0.6296,114900,5228989845
10/08/2024,ProShares Ultra S&P500,SSO,44.87945,44.03665,1.91386,0.8428,114900,5156648805
10/07/2024,ProShares Ultra S&P500,SSO,44.03665,44.89635,-1.91485,-0.8597,115200,5073022080
10/04/2024,ProShares Ultra S&P500,SSO,44.89635,44.1076,1.78824,0.78875,115600,5190018060
10/03/2024,ProShares Ultra S&P500,SSO,44.1076,44.26675,-0.35952,-0.15915,115700,5103249320
10/02/2024,ProShares Ultra S&P500,SSO,44.26675,44.25295,0.03118,0.0138,115800,5126089650
10/01/2024,ProShares Ultra S&P500,SSO,44.25295,45.093,-1.86293,-0.84005,115500,5111215725
09/30/2024,ProShares Ultra S&P500,SSO,45.093,44.72265,0.82810,0.37035,115900,5226278700
09/27/2024,ProShares Ultra S&P500,SSO,44.72265,44.86105,-0.30851,-0.1384,117000,5232550050
09/26/2024,ProShares Ultra S&P500,SSO,44.86105,44.5039,0.80251,0.35715,116000,5203881800
09/25/2024,ProShares Ultra S&P500,SSO,44.5039,44.77185,-0.59848,-0.26795,115300,5131299670
09/24/2024,ProShares Ultra S&P500,SSO,44.77185,44.54825,0.50193,0.2236,115400,5166671490
09/23/2024,ProShares Ultra S&P500,SSO,44.54825,44.31345,0.52986,0.2348,115400,5140868050
09/20/2024,ProShares Ultra S&P500,SSO,44.31345,44.506,-0.43264,-0.19255,114900,5091615405
09/19/2024,ProShares Ultra S&P500,SSO,44.506,43.04495,3.39424,1.46105,114800,5109288800
09/18/2024,ProShares Ultra S&P500,SSO,43.04495,43.3055,-0.60166,-0.26055,114500,4928646775
09/17/2024,ProShares Ultra S&P500,SSO,43.3055,43.28615,0.04470,0.01935,114500,4958479750
09/16/2024,ProShares Ultra S&P500,SSO,43.28615,43.16875,0.27196,0.1174,113200,4899992180
09/13/2024,ProShares Ultra S&P500,SSO,43.16875,42.72075,1.04867,0.448,113200,4886702500
09/12/2024,ProShares Ultra S&P500,SSO,42.72075,42.08345,1.51437,0.6373,113200,4835988900
09/11/2024,ProShares Ultra S&P500,SSO,42.08345,41.218,2.09969,0.86545,112800,4747013160
09/10/2024,ProShares Ultra S&P500,SSO,41.218,40.85915,0.87826,0.35885,109200,4501005600
09/09/2024,ProShares Ultra S&P500,SSO,40.85915,39.9438,2.29159,0.91535,109100,4457733265
09/06/2024,ProShares Ultra S&P500,SSO,39.9438,41.37515,-3.45944,-1.43135,109900,4389823620
09/05/2024,ProShares Ultra S&P500,SSO,41.37515,41.62215,-0.59343,-0.247,109900,4547128985
09/04/2024,ProShares Ultra S&P500,SSO,41.62215,41.76945,-0.35265,-0.1473,110300,4590923145
09/03/2024,ProShares Ultra S&P500,SSO,41.76945,43.60845,-4.21707,-1.839,116100,4849433145
08/30/2024,ProShares Ultra S&P500,SSO,43.60845,42.7756,1.94702,0.83285,116500,5080384425
08/29/2024,ProShares Ultra S&P500,SSO,42.7756,42.7811,-0.01286,-0.0055,116800,4996190080
08/28/2024,ProShares Ultra S&P500,SSO,42.7811,43.3037,-1.20683,-0.5226,117100,5009666810
08/27/2024,ProShares Ultra S&P500,SSO,43.3037,43.17255,0.30378,0.13115,117300,5079524010
08/26/2024,ProShares Ultra S&P500,SSO,43.17255,43.44075,-0.61739,-0.2682,120100,5185023255
08/23/2024,ProShares Ultra S&P500,SSO,43.44075,42.5014,2.21016,0.93935,120100,5217234075
08/22/2024,ProShares Ultra S&P500,SSO,42.5014,43.2619,-1.75790,-0.7605,120500,5121418700
08/21/2024,ProShares Ultra S&P500,SSO,43.2619,42.91595,0.80611,0.34595,120100,5195754190
08/20/2024,ProShares Ultra S&P500,SSO,42.91595,43.0863,-0.39537,-0.17035,117700,5051207315
08/19/2024,ProShares Ultra S&P500,SSO,43.0863,42.2703,1.93043,0.816,115700,4985084910
08/16/2024,ProShares Ultra S&P500,SSO,42.2703,42.11065,0.37912,0.15965,117700,4975214310
08/15/2024,ProShares Ultra S&P500,SSO,42.11065,40.7686,3.29187,1.34205,117800,4960634570
08/14/2024,ProShares Ultra S&P500,SSO,40.7686,40.47525,0.72476,0.29335,116700,4757695620
08/13/2024,ProShares Ultra S&P500,SSO,40.47525,39.1673,3.33939,1.30795,116700,4723461675
08/12/2024,ProShares Ultra S&P500,SSO,39.1673,39.15865,0.02209,0.00865,116200,4551240260
08/09/2024,ProShares Ultra S&P500,SSO,39.15865,38.8125,0.89185,0.34615,116500,4561982725
08/08/2024,ProShares Ultra S&P500,SSO,38.8125,37.1075,4.59476,1.705,116500,4521656250
08/07/2024,ProShares Ultra S&P500,SSO,37.1075,37.68155,-1.52342,-0.57405,116600,4326734500
08/06/2024,ProShares Ultra S&P500,SSO,37.68155,36.93965,2.00841,0.7419,116700,4397436885
08/05/2024,ProShares Ultra S&P500,SSO,36.93965,39.2876,-5.97631,-2.34795,114700,4236977855
08/02/2024,ProShares Ultra S&P500,SSO,39.2876,40.8115,-3.73400,-1.5239,114300,4490572680
08/01/2024,ProShares Ultra S&P500,SSO,40.8115,41.9736,-2.76865,-1.1621,115600,4717809400
07/31/2024,ProShares Ultra S&P500,SSO,41.9736,40.68575,3.16536,1.28785,115700,4856345520
07/30/2024,ProShares Ultra S&P500,SSO,40.68575,41.1042,-1.01802,-0.41845,115700,4707341275
07/29/2024,ProShares Ultra S&P500,SSO,41.1042,41.04895,0.13460,0.05525,118400,4866737280
07/26/2024,ProShares Ultra S&P500,SSO,41.04895,40.17335,2.17955,0.8756,118800,4876615260
07/25/2024,ProShares Ultra S&P500,SSO,40.17335,40.60015,-1.05123,-0.4268,128100,5146206135
07/24/2024,ProShares Ultra S&P500,SSO,40.60015,42.5692,-4.62553,-1.96905,128700,5225239305
07/23/2024,ProShares Ultra S&P500,SSO,42.5692,42.7119,-0.33410,-0.1427,128700,5478656040
07/22/2024,ProShares Ultra S&P500,SSO,42.7119,41.8239,2.12319,0.888,128600,5492750340
07/19/2024,ProShares Ultra S&P500,SSO,41.8239,42.4401,-1.45193,-0.6162,128700,5382735930
07/18/2024,ProShares Ultra S&P500,SSO,42.4401,43.12005,-1.57688,-0.67995,129500,5495992950
07/17/2024,ProShares Ultra S&P500,SSO,43.12005,44.36305,-2.80188,-1.243,129600,5588358480
07/16/2024,ProShares Ultra S&P500,SSO,44.36305,43.819,1.24158,0.54405,129200,5731706060
07/15/2024,ProShares Ultra S&P500,SSO,43.819,43.57475,0.56053,0.24425,128800,5643887200
07/12/2024,ProShares Ultra S&P500,SSO,43.57475,43.11275,1.07161,0.462,130900,5703934775
07/11/2024,ProShares Ultra S&P500,SSO,43.11275,43.88345,-1.75624,-0.7707,130900,5643458975
07/10/2024,ProShares Ultra S&P500,SSO,43.88345,43.00935,2.03235,0.8741,130700,5735566915
07/09/2024,ProShares Ultra S&P500,SSO,43.00935,42.9474,0.14425,0.06195,130800,5625622980
07/08/2024,ProShares Ultra S&P500,SSO,42.9474,42.8667,0.18826,0.0807,130500,5604635700
07/05/2024,ProShares Ultra S&P500,SSO,42.8667,42.4094,1.07830,0.4573,132400,5675551080
07/03/2024,ProShares Ultra S&P500,SSO,42.4094,42.00575,0.96094,0.40365,132200,5606522680
07/02/2024,ProShares Ultra S&P500,SSO,42.00575,41.4912,1.24014,0.51455,132400,5561561300
07/01/2024,ProShares Ultra S&P500,SSO,41.4912,41.2867,0.49532,0.2045,132300,5489285760
06/28/2024,ProShares Ultra S&P500,SSO,41.2867,41.63815,-0.84406,-0.35145,132400,5466359080
06/27/2024,ProShares Ultra S&P500,SSO,41.63815,41.56185,0.18358,0.0763,132900,5533710135
06/26/2024,ProShares Ultra S&P500,SSO,41.56185,41.5398,0.05308,0.02205,132900,5523569865
06/25/2024,ProShares Ultra S&P500,SSO,41.5398,41.225,0.76361,0.3148,132500,5504023500
06/24/2024,ProShares Ultra S&P500,SSO,41.225,41.48645,-0.63021,-0.26145,132900,5478802500
06/21/2024,ProShares Ultra S&P500,SSO,41.48645,41.63175,-0.34901,-0.1453,132900,5513549205
06/20/2024,ProShares Ultra S&P500,SSO,41.63175,41.8543,-0.53173,-0.22255,133500,5557838625
06/18/2024,ProShares Ultra S&P500,SSO,41.8543,41.6561,0.47580,0.1982,133500,5587549050
06/17/2024,ProShares Ultra S&P500,SSO,41.6561,41.0229,1.54353,0.6332,133500,5561089350
06/14/2024,ProShares Ultra S&P500,SSO,41.0229,41.0456,-0.05530,-0.0227,133800,5488864020
06/13/2024,ProShares Ultra S&P500,SSO,41.0456,40.8656,0.44047,0.18,132700,5446751120
06/12/2024,ProShares Ultra S&P500,SSO,40.8656,40.1928,1.67393,0.6728,132700,5422865120
06/11/2024,ProShares Ultra S&P500,SSO,40.1928,39.9873,0.51391,0.2055,132300,5317507440
06/10/2024,ProShares Ultra S&P500,SSO,39.9873,39.77805,0.52604,0.20925,132400,5294318520
06/07/2024,ProShares Ultra S&P500,SSO,39.77805,39.87725,-0.24876,-0.0992,132300,5262636015
06/06/2024,ProShares Ultra S&P500,SSO,39.87725,39.89715,-0.04988,-0.0199,132300,5275760175
06/05/2024,ProShares Ultra S&P500,SSO,39.89715,38.97935,2.35458,0.9178,131900,5262434085
06/04/2024,ProShares Ultra S&P500,SSO,38.97935,38.87135,0.27784,0.108,132100,5149172135
06/03/2024,ProShares Ultra S&P500,SSO,38.87135,38.7928,0.20249,0.07855,132400,5146566740
05/31/2024,ProShares Ultra S&P500,SSO,38.7928,38.18025,1.60436,0.61255,131700,5109011760
05/30/2024,ProShares Ultra S&P500,SSO,38.18025,38.65005,-1.21552,-0.4698,131400,5016884850
05/29/2024,ProShares Ultra S&P500,SSO,38.65005,39.23095,-1.48072,-0.5809,130700,5051561535
05/28/2024,ProShares Ultra S&P500,SSO,39.23095,39.2135,0.04450,0.01745,126500,4962715175
05/24/2024,ProShares Ultra S&P500,SSO,39.2135,38.68035,1.37835,0.53315,124500,4882080750
05/23/2024,ProShares Ultra S&P500,SSO,38.68035,39.2866,-1.54315,-0.60625,124600,4819571610
05/22/2024,ProShares Ultra S&P500,SSO,39.2866,39.51045,-0.56656,-0.22385,124500,4891181700
05/21/2024,ProShares Ultra S&P500,SSO,39.51045,39.3198,0.48487,0.19065,124500,4919051025
05/20/2024,ProShares Ultra S&P500,SSO,39.3198,39.2488,0.18090,0.071,124200,4883519160
05/17/2024,ProShares Ultra S&P500,SSO,39.2488,39.15645,0.23585,0.09235,124200,4874700960
05/16/2024,ProShares Ultra S&P500,SSO,39.15645,39.32835,-0.43709,-0.1719,116700,4569557715
05/15/2024,ProShares Ultra S&P500,SSO,39.32835,38.41445,2.37905,0.9139,115500,4542424425
05/14/2024,ProShares Ultra S&P500,SSO,38.41445,38.0476,0.96419,0.36685,115400,4433027530
05/13/2024,ProShares Ultra S&P500,SSO,38.0476,38.0687,-0.05543,-0.0211,115300,4386888280
05/10/2024,ProShares Ultra S&P500,SSO,38.0687,37.94395,0.32877,0.12475,115300,4389321110
05/09/2024,ProShares Ultra S&P500,SSO,37.94395,37.562,1.01685,0.38195,115300,4374937435
05/08/2024,ProShares Ultra S&P500,SSO,37.562,37.56825,-0.01664,-0.00625,114300,4293336600
05/07/2024,ProShares Ultra S&P500,SSO,37.56825,37.4737,0.25231,0.09455,113900,4279023675
05/06/2024,ProShares Ultra S&P500,SSO,37.4737,36.7217,2.04784,0.752,113800,4264507060
05/03/2024,ProShares Ultra S&P500,SSO,36.7217,35.8261,2.49985,0.8956,113800,4178929460
05/02/2024,ProShares Ultra S&P500,SSO,35.8261,35.1993,1.78072,0.6268,114800,4112836280
05/01/2024,ProShares Ultra S&P500,SSO,35.1993,35.4483,-0.70243,-0.249,115100,4051439430
04/30/2024,ProShares Ultra S&P500,SSO,35.4483,36.60505,-3.16008,-1.15675,113800,4034016540
04/29/2024,ProShares Ultra S&P500,SSO,36.60505,36.37505,0.63230,0.23,113700,4161994185
04/26/2024,ProShares Ultra S&P500,SSO,36.37505,35.65975,2.00590,0.7153,114500,4164943225
04/25/2024,ProShares Ultra S&P500,SSO,35.65975,35.99995,-0.94500,-0.3402,120300,4289867925
04/24/2024,ProShares Ultra S&P500,SSO,35.99995,35.9988,0.00319,0.00115,119500,4301994025
04/23/2024,ProShares Ultra S&P500,SSO,35.9988,35.16415,2.37358,0.83465,119500,4301856600
04/22/2024,ProShares Ultra S&P500,SSO,35.16415,34.56265,1.74032,0.6015,114400,4022778760
04/19/2024,ProShares Ultra S&P500,SSO,34.56265,35.18105,-1.75776,-0.6184,115000,3974704750
04/18/2024,ProShares Ultra S&P500,SSO,35.18105,35.35215,-0.48399,-0.1711,115200,4052856960
04/17/2024,ProShares Ultra S&P500,SSO,35.35215,35.77445,-1.18045,-0.4223,114400,4044285960
04/16/2024,ProShares Ultra S&P500,SSO,35.77445,35.9269,-0.42433,-0.15245,114400,4092597080
04/15/2024,ProShares Ultra S&P500,SSO,35.9269,36.82635,-2.44241,-0.89945,123400,4433379460
04/12/2024,ProShares Ultra S&P500,SSO,36.82635,37.9187,-2.88077,-1.09235,124900,4599611115
04/11/2024,ProShares Ultra S&P500,SSO,37.9187,37.38105,1.43830,0.53765,126600,4800507420
04/10/2024,ProShares Ultra S&P500,SSO,37.38105,38.11635,-1.92909,-0.7353,129400,4837107870
04/09/2024,ProShares Ultra S&P500,SSO,38.11635,38.0079,0.28534,0.10845,130100,4958937135
04/08/2024,ProShares Ultra S&P500,SSO,38.0079,38.03145,-0.06192,-0.02355,130100,4944827790
04/05/2024,ProShares Ultra S&P500,SSO,38.03145,37.219,2.18289,0.81245,130100,4947891645
04/04/2024,ProShares Ultra S&P500,SSO,37.219,38.17305,-2.49928,-0.95405,132300,4924073700
04/03/2024,ProShares Ultra S&P500,SSO,38.17305,38.0937,0.20830,0.07935,132000,5038842600
04/02/2024,ProShares Ultra S&P500,SSO,38.0937,38.64555,-1.42798,-0.55185,132100,5032177770
04/01/2024,ProShares Ultra S&P500,SSO,38.64555,38.809,-0.42117,-0.16345,124000,4792048200
03/28/2024,ProShares Ultra S&P500,SSO,38.809,38.74465,0.16609,0.06435,123900,4808435100
03/27/2024,ProShares Ultra S&P500,SSO,38.74465,38.11045,1.66411,0.6342,123500,4784964275
03/26/2024,ProShares Ultra S&P500,SSO,38.11045,38.31875,-0.54360,-0.2083,119800,4565631910
03/25/2024,ProShares Ultra S&P500,SSO,38.31875,38.5586,-0.62204,-0.23985,119600,4582922500
03/22/2024,ProShares Ultra S&P500,SSO,38.5586,38.67675,-0.30548,-0.11815,119300,4600040980
03/21/2024,ProShares Ultra S&P500,SSO,38.67675,38.44705,0.59745,0.2297,118700,4590930225
03/20/2024,ProShares Ultra S&P500,SSO,38.44705,37.85845,1.55474,0.5886,117900,4532907195
03/19/2024,ProShares Ultra S&P500,SSO,37.85845,37.4446,1.10523,0.41385,118000,4467297100
03/18/2024,ProShares Ultra S&P500,SSO,37.4446,36.98925,1.23103,0.45535,118000,4418462800
03/15/2024,ProShares Ultra S&P500,SSO,36.98925,37.4845,-1.32121,-0.49525,118000,4364731500
03/14/2024,ProShares Ultra S&P500,SSO,37.4845,37.69475,-0.55777,-0.21025,118000,4423171000
03/13/2024,ProShares Ultra S&P500,SSO,37.69475,37.83955,-0.38267,-0.1448,118000,4447980500
03/12/2024,ProShares Ultra S&P500,SSO,37.83955,37.02185,2.20870,0.8177,118500,4483986675
03/11/2024,ProShares Ultra S&P500,SSO,37.02185,37.11025,-0.23821,-0.0884,118600,4390791410
03/08/2024,ProShares Ultra S&P500,SSO,37.11025,37.5955,-1.29071,-0.48525,119200,4423541800
03/07/2024,ProShares Ultra S&P500,SSO,37.5955,36.8543,2.01116,0.7412,118900,4470104950
03/06/2024,ProShares Ultra S&P500,SSO,36.8543,36.4816,1.02161,0.3727,118900,4381976270
03/05/2024,ProShares Ultra S&P500,SSO,36.4816,37.2439,-2.04678,-0.7623,118900,4337662240
03/04/2024,ProShares Ultra S&P500,SSO,37.2439,37.33865,-0.25376,-0.09475,118200,4402228980
03/01/2024,ProShares Ultra S&P500,SSO,37.33865,36.7346,1.64436,0.60405,117300,4379823645
02/29/2024,ProShares Ultra S&P500,SSO,36.7346,36.38405,0.96347,0.35055,118000,4334682800
02/28/2024,ProShares Ultra S&P500,SSO,36.38405,36.50245,-0.32436,-0.1184,118000,4293317900
02/27/2024,ProShares Ultra S&P500,SSO,36.50245,36.3817,0.33190,0.12075,117800,4299988610
02/26/2024,ProShares Ultra S&P500,SSO,36.3817,36.66535,-0.77362,-0.28365,118200,4300316940
02/23/2024,ProShares Ultra S&P500,SSO,36.66535,36.6385,0.07328,0.02685,122700,4498838445
02/22/2024,ProShares Ultra S&P500,SSO,36.6385,35.17595,4.15781,1.46255,123100,4510199350
02/21/2024,ProShares Ultra S&P500,SSO,35.17595,35.0961,0.22752,0.07985,124700,4386440965
02/20/2024,ProShares Ultra S&P500,SSO,35.0961,35.523,-1.20176,-0.4269,124600,4372974060
02/16/2024,ProShares Ultra S&P500,SSO,35.523,35.8668,-0.95855,-0.3438,124300,4415508900
02/15/2024,ProShares Ultra S&P500,SSO,35.8668,35.4554,1.16033,0.4114,125400,4497696720
02/14/2024,ProShares Ultra S&P500,SSO,35.4554,34.79055,1.91101,0.66485,124600,4417742840
02/13/2024,ProShares Ultra S&P500,SSO,34.79055,35.77055,-2.73968,-0.98,124000,4314028200
02/12/2024,ProShares Ultra S&P500,SSO,35.77055,35.83865,-0.19002,-0.0681,123300,4410508815
02/09/2024,ProShares Ultra S&P500,SSO,35.83865,35.43265,1.14584,0.406,123600,4429657140
02/08/2024,ProShares Ultra S&P500,SSO,35.43265,35.40615,0.07485,0.0265,125000,4429081250
02/07/2024,ProShares Ultra S&P500,SSO,35.40615,34.83645,1.63536,0.5697,124200,4397443830
02/06/2024,ProShares Ultra S&P500,SSO,34.83645,34.6729,0.47169,0.16355,124600,4340621670
02/05/2024,ProShares Ultra S&P500,SSO,34.6729,34.90895,-0.67619,-0.23605,127900,4434663910
02/02/2024,ProShares Ultra S&P500,SSO,34.90895,34.18305,2.12357,0.7259,133400,4656853930
02/01/2024,ProShares Ultra S&P500,SSO,34.18305,33.3605,2.46564,0.82255,135200,4621548360
01/31/2024,ProShares Ultra S&P500,SSO,33.3605,34.4788,-3.24344,-1.1183,133200,4443618600
01/30/2024,ProShares Ultra S&P500,SSO,34.4788,34.52545,-0.13512,-0.04665,133400,4599471920
01/29/2024,ProShares Ultra S&P500,SSO,34.52545,34.01245,1.50827,0.513,128500,4436520325
01/26/2024,ProShares Ultra S&P500,SSO,34.01245,34.07185,-0.17434,-0.0594,129000,4387606050
01/25/2024,ProShares Ultra S&P500,SSO,34.07185,33.7304,1.01229,0.34145,129900,4425933315
01/24/2024,ProShares Ultra S&P500,SSO,33.7304,33.67865,0.15366,0.05175,127000,4283760800
01/23/2024,ProShares Ultra S&P500,SSO,33.67865,33.4883,0.56841,0.19035,131700,4435478205
01/22/2024,ProShares Ultra S&P500,SSO,33.4883,33.3496,0.41590,0.1387,130200,4360176660
01/19/2024,ProShares Ultra S&P500,SSO,33.3496,32.5482,2.46219,0.8014,132000,4402147200
01/18/2024,ProShares Ultra S&P500,SSO,32.5482,31.9986,1.71758,0.5496,129000,4198717800
01/17/2024,ProShares Ultra S&P500,SSO,31.9986,32.3666,-1.13697,-0.368,128000,4095820800
01/16/2024,ProShares Ultra S&P500,SSO,32.3666,32.6165,-0.76618,-0.2499,130000,4207658000
01/12/2024,ProShares Ultra S&P500,SSO,32.6165,32.5694,0.14461,0.0471,133500,4354302750
01/11/2024,ProShares Ultra S&P500,SSO,32.5694,32.6332,-0.19551,-0.0638,133200,4338244080
01/10/2024,ProShares Ultra S&P500,SSO,32.6332,32.2724,1.11798,0.3608,129300,4219472760
01/09/2024,ProShares Ultra S&P500,SSO,32.2724,32.3681,-0.29566,-0.0957,129300,4172821320
01/08/2024,ProShares Ultra S&P500,SSO,32.3681,31.48375,2.80891,0.88435,129400,4188432140
01/05/2024,ProShares Ultra S&P500,SSO,31.48375,31.3796,0.33190,0.10415,130900,4121222875
01/04/2024,ProShares Ultra S&P500,SSO,31.3796,31.60565,-0.71522,-0.22605,133800,4198590480
01/03/2024,ProShares Ultra S&P500,SSO,31.60565,32.1271,-1.62308,-0.52145,133100,4206712015
01/02/2024,ProShares Ultra S&P500,SSO,32.1271,32.504,-1.15955,-0.3769,135000,4337158500
12/29/2023,ProShares Ultra S&P500,SSO,32.504,32.68985,-0.56853,-0.18585,135900,4417293600
12/28/2023,ProShares Ultra S&P500,SSO,32.68985,32.6855,0.01331,0.00435,137000,4478509450
12/27/2023,ProShares Ultra S&P500,SSO,32.6855,32.58915,0.29565,0.09635,135100,4415811050
12/26/2023,ProShares Ultra S&P500,SSO,32.58915,32.3236,0.82154,0.26555,135300,4409311995
12/22/2023,ProShares Ultra S&P500,SSO,32.3236,32.21635,0.33291,0.10725,134400,4344291840
12/21/2023,ProShares Ultra S&P500,SSO,32.21635,31.59945,1.95225,0.6169,135500,4365315425
12/20/2023,ProShares Ultra S&P500,SSO,31.59945,32.60465,-3.08300,-1.0052,135400,4278565530
12/19/2023,ProShares Ultra S&P500,SSO,32.60465,32.2263,1.17404,0.37835,135800,4427711470
12/18/2023,ProShares Ultra S&P500,SSO,32.2263,31.9293,0.93018,0.297,136200,4389222060
12/15/2023,ProShares Ultra S&P500,SSO,31.9293,31.95655,-0.08527,-0.02725,136600,4361542380
12/14/2023,ProShares Ultra S&P500,SSO,31.95655,31.78785,0.53071,0.1687,137200,4384438660
12/13/2023,ProShares Ultra S&P500,SSO,31.78785,30.94635,2.71922,0.8415,134600,4278644610
12/12/2023,ProShares Ultra S&P500,SSO,30.94635,30.66955,0.90252,0.2768,134900,4174662615
12/11/2023,ProShares Ultra S&P500,SSO,30.66955,30.43645,0.76586,0.2331,135100,4143456205
12/08/2023,ProShares Ultra S&P500,SSO,30.43645,30.19095,0.81316,0.2455,135100,4111964395
12/07/2023,ProShares Ultra S&P500,SSO,30.19095,29.73095,1.54721,0.46,136200,4112007390
12/06/2023,ProShares Ultra S&P500,SSO,29.73095,29.97135,-0.80210,-0.2404,135600,4031516820
12/05/2023,ProShares Ultra S&P500,SSO,29.97135,30.00425,-0.10965,-0.0329,135900,4073106465
12/04/2023,ProShares Ultra S&P500,SSO,30.00425,30.33755,-1.09864,-0.3333,135000,4050573750
12/01/2023,ProShares Ultra S&P500,SSO,30.33755,29.98705,1.16884,0.3505,135200,4101636760
11/30/2023,ProShares Ultra S&P500,SSO,29.98705,29.7619,0.75650,0.22515,130800,3922306140
11/29/2023,ProShares Ultra S&P500,SSO,29.7619,29.81275,-0.17056,-0.05085,121600,3619047040
11/28/2023,ProShares Ultra S&P500,SSO,29.81275,29.76095,0.17405,0.0518,118100,3520885775
11/27/2023,ProShares Ultra S&P500,SSO,29.76095,29.8812,-0.40243,-0.12025,118100,3514768195
11/24/2023,ProShares Ultra S&P500,SSO,29.8812,29.8507,0.10218,0.0305,117300,3505064760
11/22/2023,ProShares Ultra S&P500,SSO,29.8507,29.62645,0.75692,0.22425,118700,3543278090
11/21/2023,ProShares Ultra S&P500,SSO,29.62645,29.7589,-0.44508,-0.13245,117100,3469257295
11/20/2023,ProShares Ultra S&P500,SSO,29.7589,29.3238,1.48378,0.4351,117300,3490718970
11/17/2023,ProShares Ultra S&P500,SSO,29.3238,29.25335,0.24083,0.07045,117400,3442614120
11/16/2023,ProShares Ultra S&P500,SSO,29.25335,29.1893,0.21943,0.06405,119100,3484073985
11/15/2023,ProShares Ultra S&P500,SSO,29.1893,29.08785,0.34877,0.10145,117300,3423904890
11/14/2023,ProShares Ultra S&P500,SSO,29.08785,28.011,3.84438,1.07685,116600,3391643310
11/13/2023,ProShares Ultra S&P500,SSO,28.011,28.06345,-0.18690,-0.05245,116800,3271684800
11/10/2023,ProShares Ultra S&P500,SSO,28.06345,27.2107,3.13388,0.85275,117300,3291842685
11/09/2023,ProShares Ultra S&P500,SSO,27.2107,27.6633,-1.63610,-0.4526,117200,3189094040
11/08/2023,ProShares Ultra S&P500,SSO,27.6633,27.61335,0.18089,0.04995,115100,3184045830
11/07/2023,ProShares Ultra S&P500,SSO,27.61335,27.462,0.55113,0.15135,115100,3178296585
11/06/2023,ProShares Ultra S&P500,SSO,27.462,27.36535,0.35318,0.09665,115100,3160876200
11/03/2023,ProShares Ultra S&P500,SSO,27.36535,26.86475,1.86341,0.5006,115100,3149751785
11/02/2023,ProShares Ultra S&P500,SSO,26.86475,25.89745,3.73512,0.9673,116400,3127056900
11/01/2023,ProShares Ultra S&P500,SSO,25.89745,25.36745,2.08929,0.53,112100,2903104145
10/31/2023,ProShares Ultra S&P500,SSO,25.36745,25.0468,1.28020,0.32065,112000,2841154400
10/30/2023,ProShares Ultra S&P500,SSO,25.0468,24.4626,2.38814,0.5842,112900,2827783720
10/27/2023,ProShares Ultra S&P500,SSO,24.4626,24.6999,-0.96073,-0.2373,113400,2774058840
10/26/2023,ProShares Ultra S&P500,SSO,24.6999,25.3152,-2.43056,-0.6153,116400,2875068360
10/25/2023,ProShares Ultra S&P500,SSO,25.3152,26.06755,-2.88616,-0.75235,111300,2817581760
10/24/2023,ProShares Ultra S&P500,SSO,26.06755,25.6969,1.44239,0.37065,111300,2901318315
10/23/2023,ProShares Ultra S&P500,SSO,25.6969,25.78985,-0.36041,-0.09295,111800,2872913420
10/20/2023,ProShares Ultra S&P500,SSO,25.78985,26.45645,-2.51961,-0.6666,121100,3123150835
10/19/2023,ProShares Ultra S&P500,SSO,26.45645,26.92785,-1.75060,-0.4714,121700,3219749965
10/18/2023,ProShares Ultra S&P500,SSO,26.92785,27.67395,-2.69604,-0.7461,122300,3293276055
10/17/2023,ProShares Ultra S&P500,SSO,27.67395,27.6837,-0.03522,-0.00975,122400,3387291480
10/16/2023,ProShares Ultra S&P500,SSO,27.6837,27.1152,2.09661,0.5685,122400,3388484880
10/13/2023,ProShares Ultra S&P500,SSO,27.1152,27.39395,-1.01756,-0.27875,122400,3318900480
10/12/2023,ProShares Ultra S&P500,SSO,27.39395,27.75125,-1.28751,-0.3573,123000,3369455850
10/11/2023,ProShares Ultra S&P500,SSO,27.75125,27.51975,0.84121,0.2315,123300,3421729125
10/10/2023,ProShares Ultra S&P500,SSO,27.51975,27.2407,1.02439,0.27905,123600,3401441100
10/09/2023,ProShares Ultra S&P500,SSO,27.2407,26.9025,1.25713,0.3382,129600,3530394720
10/06/2023,ProShares Ultra S&P500,SSO,26.9025,26.2781,2.37612,0.6244,122000,3282105000
10/05/2023,ProShares Ultra S&P500,SSO,26.2781,26.3526,-0.28270,-0.0745,122200,3211183820
10/04/2023,ProShares Ultra S&P500,SSO,26.3526,25.94185,1.58335,0.41075,122800,3236099280
10/03/2023,ProShares Ultra S&P500,SSO,25.94185,26.67475,-2.74754,-0.7329,141800,3678554330
10/02/2023,ProShares Ultra S&P500,SSO,26.67475,26.6797,-0.01855,-0.00495,141800,3782479550
09/29/2023,ProShares Ultra S&P500,SSO,26.6797,26.8266,-0.54759,-0.1469,141800,3783181460
09/28/2023,ProShares Ultra S&P500,SSO,26.8266,26.5236,1.14238,0.303,141900,3806694540
09/27/2023,ProShares Ultra S&P500,SSO,26.5236,26.51535,0.03111,0.00825,140500,3726565800
09/26/2023,ProShares Ultra S&P500,SSO,26.51535,27.32225,-2.95327,-0.8069,140100,3714800535
09/25/2023,ProShares Ultra S&P500,SSO,27.32225,27.10895,0.78683,0.2133,140000,3825115000
09/22/2023,ProShares Ultra S&P500,SSO,27.10895,27.2378,-0.47306,-0.12885,141000,3822361950
09/21/2023,ProShares Ultra S&P500,SSO,27.2378,28.17745,-3.33476,-0.93965,141300,3848701140
09/20/2023,ProShares Ultra S&P500,SSO,28.17745,28.7179,-1.88193,-0.54045,141700,3992744665
09/19/2023,ProShares Ultra S&P500,SSO,28.7179,28.8475,-0.44926,-0.1296,141700,4069326430
09/18/2023,ProShares Ultra S&P500,SSO,28.8475,28.81255,0.12130,0.03495,141800,4090575500
09/15/2023,ProShares Ultra S&P500,SSO,28.81255,29.5331,-2.43980,-0.72055,141300,4071213315
09/14/2023,ProShares Ultra S&P500,SSO,29.5331,29.0439,1.68435,0.4892,141700,4184840270
09/13/2023,ProShares Ultra S&P500,SSO,29.0439,28.97795,0.22759,0.06595,141700,4115520630
09/12/2023,ProShares Ultra S&P500,SSO,28.97795,29.314,-1.14638,-0.33605,142100,4117766695
09/11/2023,ProShares Ultra S&P500,SSO,29.314,28.9327,1.31789,0.3813,142100,4165519400
09/08/2023,ProShares Ultra S&P500,SSO,28.9327,28.8511,0.28283,0.0816,141900,4105550130
09/07/2023,ProShares Ultra S&P500,SSO,28.8511,29.0461,-0.67135,-0.195,142000,4096856200
09/06/2023,ProShares Ultra S&P500,SSO,29.0461,29.4583,-1.39927,-0.4122,141800,4118736980
09/05/2023,ProShares Ultra S&P500,SSO,29.4583,29.7135,-0.85887,-0.2552,140300,4132999490
09/01/2023,ProShares Ultra S&P500,SSO,29.7135,29.6086,0.35429,0.1049,140400,4171775400
08/31/2023,ProShares Ultra S&P500,SSO,29.6086,29.71255,-0.34985,-0.10395,140400,4157047440
08/30/2023,ProShares Ultra S&P500,SSO,29.71255,29.4815,0.78371,0.23105,143900,4275635945
08/29/2023,ProShares Ultra S&P500,SSO,29.4815,28.65405,2.88772,0.82745,143700,4236491550
08/28/2023,ProShares Ultra S&P500,SSO,28.65405,28.30445,1.23514,0.3496,143900,4123317795
08/25/2023,ProShares Ultra S&P500,SSO,28.30445,27.9266,1.35301,0.37785,144100,4078671245
08/24/2023,ProShares Ultra S&P500,SSO,27.9266,28.7166,-2.75102,-0.79,147700,4124758820
08/23/2023,ProShares Ultra S&P500,SSO,28.7166,28.0996,2.19576,0.617,147900,4247185140
08/22/2023,ProShares Ultra S&P500,SSO,28.0996,28.26105,-0.57128,-0.16145,147100,4133451160
08/21/2023,ProShares Ultra S&P500,SSO,28.26105,27.885,1.34857,0.37605,147500,4168504875
08/18/2023,ProShares Ultra S&P500,SSO,27.885,27.89155,-0.02348,-0.00655,147700,4118614500
08/17/2023,ProShares Ultra S&P500,SSO,27.89155,28.3343,-1.56259,-0.44275,149900,4180943345
08/16/2023,ProShares Ultra S&P500,SSO,28.3343,28.76525,-1.49816,-0.43095,148400,4204810120
08/15/2023,ProShares Ultra S&P500,SSO,28.76525,29.4437,-2.30423,-0.67845,148600,4274516150
08/14/2023,ProShares Ultra S&P500,SSO,29.4437,29.11415,1.13192,0.32955,149000,4387111300
08/11/2023,ProShares Ultra S&P500,SSO,29.11415,29.17105,-0.19506,-0.0569,149200,4343831180
08/10/2023,ProShares Ultra S&P500,SSO,29.17105,29.16515,0.02023,0.0059,150800,4398994340
08/09/2023,ProShares Ultra S&P500,SSO,29.16515,29.5808,-1.40513,-0.41565,150700,4395188105
08/08/2023,ProShares Ultra S&P500,SSO,29.5808,29.83845,-0.86348,-0.25765,150600,4454868480
08/07/2023,ProShares Ultra S&P500,SSO,29.83845,29.31695,1.77883,0.5215,151400,4517541330
08/04/2023,ProShares Ultra S&P500,SSO,29.31695,29.626,-1.04317,-0.30905,151800,4450313010
08/03/2023,ProShares Ultra S&P500,SSO,29.626,29.7952,-0.56788,-0.1692,152000,4503152000
08/02/2023,ProShares Ultra S&P500,SSO,29.7952,30.6492,-2.78637,-0.854,151400,4510993280
08/01/2023,ProShares Ultra S&P500,SSO,30.6492,30.8197,-0.55322,-0.1705,151800,4652548560
07/31/2023,ProShares Ultra S&P500,SSO,30.8197,30.7308,0.28929,0.0889,152100,4687676370
07/28/2023,ProShares Ultra S&P500,SSO,30.7308,30.13745,1.96881,0.59335,151800,4664935440
07/27/2023,ProShares Ultra S&P500,SSO,30.13745,30.5439,-1.33071,-0.40645,152000,4580892400
07/26/2023,ProShares Ultra S&P500,SSO,30.5439,30.5558,-0.03895,-0.0119,152000,4642672800
07/25/2023,ProShares Ultra S&P500,SSO,30.5558,30.3899,0.54591,0.1659,151800,4638370440
07/24/2023,ProShares Ultra S&P500,SSO,30.3899,30.14925,0.79820,0.24065,151800,4613186820
07/21/2023,ProShares Ultra S&P500,SSO,30.14925,30.1375,0.03899,0.01175,152500,4597760625
07/20/2023,ProShares Ultra S&P500,SSO,30.1375,30.56015,-1.38301,-0.42265,153400,4623092500
07/19/2023,ProShares Ultra S&P500,SSO,30.56015,30.42285,0.45131,0.1373,148900,4550406335
07/18/2023,ProShares Ultra S&P500,SSO,30.42285,29.9983,1.41525,0.42455,149800,4557342930
07/17/2023,ProShares Ultra S&P500,SSO,29.9983,29.77775,0.74065,0.22055,149900,4496745170
07/14/2023,ProShares Ultra S&P500,SSO,29.77775,29.8402,-0.20928,-0.06245,150000,4466662500
07/13/2023,ProShares Ultra S&P500,SSO,29.8402,29.35705,1.64577,0.48315,150400,4487966080
07/12/2023,ProShares Ultra S&P500,SSO,29.35705,28.9278,1.48387,0.42925,148600,4362457630
07/11/2023,ProShares Ultra S&P500,SSO,28.9278,28.5496,1.32471,0.3782,147800,4275528840
07/10/2023,ProShares Ultra S&P500,SSO,28.5496,28.41815,0.46256,0.13145,147800,4219630880
07/07/2023,ProShares Ultra S&P500,SSO,28.41815,28.5764,-0.55378,-0.15825,149300,4242829795
07/06/2023,ProShares Ultra S&P500,SSO,28.5764,29.0473,-1.62115,-0.4709,148800,4252168320
07/05/2023,ProShares Ultra S&P500,SSO,29.0473,29.1582,-0.38034,-0.1109,148100,4301905130
07/03/2023,ProShares Ultra S&P500,SSO,29.1582,29.0942,0.21998,0.064,147300,4295002860
06/30/2023,ProShares Ultra S&P500,SSO,29.0942,28.40785,2.41606,0.68635,143600,4177927120
06/29/2023,ProShares Ultra S&P500,SSO,28.40785,28.1687,0.84899,0.23915,141500,4019710775
06/28/2023,ProShares Ultra S&P500,SSO,28.1687,28.1885,-0.07024,-0.0198,140300,3952068610
06/27/2023,ProShares Ultra S&P500,SSO,28.1885,27.56525,2.26100,0.62325,140300,3954846550
06/26/2023,ProShares Ultra S&P500,SSO,27.56525,27.81755,-0.90698,-0.2523,140600,3875674150
06/23/2023,ProShares Ultra S&P500,SSO,27.81755,28.254,-1.54474,-0.43645,142700,3969564385
06/22/2023,ProShares Ultra S&P500,SSO,28.254,28.0571,0.70178,0.1969,143000,4040322000
06/21/2023,ProShares Ultra S&P500,SSO,28.0571,28.3555,-1.05235,-0.2984,142600,4000942460
06/20/2023,ProShares Ultra S&P500,SSO,28.3555,28.63595,-0.97936,-0.28045,142500,4040658750
06/16/2023,ProShares Ultra S&P500,SSO,28.63595,28.84975,-0.74108,-0.2138,142500,4080622875
06/15/2023,ProShares Ultra S&P500,SSO,28.84975,28.17355,2.40012,0.6762,144900,4180328775
06/14/2023,ProShares Ultra S&P500,SSO,28.17355,28.11875,0.19489,0.0548,143200,4034452360
06/13/2023,ProShares Ultra S&P500,SSO,28.11875,27.7391,1.36865,0.37965,143200,4026605000
06/12/2023,ProShares Ultra S&P500,SSO,27.7391,27.23835,1.83840,0.50075,142200,3944500020
06/09/2023,ProShares Ultra S&P500,SSO,27.23835,27.17545,0.23146,0.0629,141900,3865121865
06/08/2023,ProShares Ultra S&P500,SSO,27.17545,26.85295,1.20099,0.3225,138200,3755647190
06/07/2023,ProShares Ultra S&P500,SSO,26.85295,27.0608,-0.76809,-0.20785,136800,3673483560
06/06/2023,ProShares Ultra S&P500,SSO,27.0608,26.9378,0.45661,0.123,137000,3707329600
06/05/2023,ProShares Ultra S&P500,SSO,26.9378,27.0505,-0.41663,-0.1127,137000,3690478600
06/02/2023,ProShares Ultra S&P500,SSO,27.0505,26.2887,2.89782,0.7618,136800,3700508400
06/01/2023,ProShares Ultra S&P500,SSO,26.2887,25.7881,1.94121,0.5006,136900,3598923030
05/31/2023,ProShares Ultra S&P500,SSO,25.7881,26.0987,-1.19010,-0.3106,136200,3512339220
05/30/2023,ProShares Ultra S&P500,SSO,26.0987,26.0985,0.00077,0.0002,135900,3546813330
05/26/2023,ProShares Ultra S&P500,SSO,26.0985,25.4358,2.60538,0.6627,135700,3541566450
05/25/2023,ProShares Ultra S&P500,SSO,25.4358,25.0149,1.68260,0.4209,137700,3502509660
05/24/2023,ProShares Ultra S&P500,SSO,25.0149,25.39125,-1.48220,-0.37635,136200,3407029380
05/23/2023,ProShares Ultra S&P500,SSO,25.39125,25.97725,-2.25582,-0.586,138900,3526844625
05/22/2023,ProShares Ultra S&P500,SSO,25.97725,25.96855,0.03350,0.0087,137400,3569274150
05/19/2023,ProShares Ultra S&P500,SSO,25.96855,26.04775,-0.30406,-0.0792,137600,3573272480
05/18/2023,ProShares Ultra S&P500,SSO,26.04775,25.56905,1.87219,0.4787,138300,3602403825
05/17/2023,ProShares Ultra S&P500,SSO,25.56905,24.9702,2.39826,0.59885,138100,3531085805
05/16/2023,ProShares Ultra S&P500,SSO,24.9702,25.296,-1.28795,-0.3258,136000,3395947200
05/15/2023,ProShares Ultra S&P500,SSO,25.296,25.1447,0.60172,0.1513,136100,3442785600
05/12/2023,ProShares Ultra S&P500,SSO,25.1447,25.2166,-0.28513,-0.0719,136300,3427222610
05/11/2023,ProShares Ultra S&P500,SSO,25.2166,25.30685,-0.35662,-0.09025,137200,3459717520
05/10/2023,ProShares Ultra S&P500,SSO,25.30685,25.08355,0.89022,0.2233,137300,3474630505
05/09/2023,ProShares Ultra S&P500,SSO,25.08355,25.31585,-0.91761,-0.2323,137600,3451496480
05/08/2023,ProShares Ultra S&P500,SSO,25.31585,25.2978,0.07135,0.01805,137700,3485992545
05/05/2023,ProShares Ultra S&P500,SSO,25.2978,24.39765,3.68949,0.90015,137400,3475917720
05/04/2023,ProShares Ultra S&P500,SSO,24.39765,24.76275,-1.47439,-0.3651,136800,3337598520
05/03/2023,ProShares Ultra S&P500,SSO,24.76275,25.11755,-1.41256,-0.3548,136800,3387544200
05/02/2023,ProShares Ultra S&P500,SSO,25.11755,25.7162,-2.32791,-0.59865,136800,3436080840
05/01/2023,ProShares Ultra S&P500,SSO,25.7162,25.7458,-0.11497,-0.0296,140400,3610554480
04/28/2023,ProShares Ultra S&P500,SSO,25.7458,25.3248,1.66240,0.421,146300,3766610540
04/27/2023,ProShares Ultra S&P500,SSO,25.3248,24.3818,3.86764,0.943,152500,3862032000
04/26/2023,ProShares Ultra S&P500,SSO,24.3818,24.577,-0.79424,-0.1952,156300,3810875340
04/25/2023,ProShares Ultra S&P500,SSO,24.577,25.38215,-3.17211,-0.80515,156200,3838927400
04/24/2023,ProShares Ultra S&P500,SSO,25.38215,25.3438,0.15132,0.03835,144700,3672797105
04/21/2023,ProShares Ultra S&P500,SSO,25.3438,25.3009,0.16956,0.0429,140900,3570941420
04/20/2023,ProShares Ultra S&P500,SSO,25.3009,25.6117,-1.21351,-0.3108,142000,3592727800
04/19/2023,ProShares Ultra S&P500,SSO,25.6117,25.6213,-0.03747,-0.0096,141200,3616372040
04/18/2023,ProShares Ultra S&P500,SSO,25.6213,25.5828,0.15049,0.0385,140700,3604916910
04/17/2023,ProShares Ultra S&P500,SSO,25.5828,25.41875,0.64539,0.16405,139800,3576475440
04/14/2023,ProShares Ultra S&P500,SSO,25.41875,25.53,-0.43576,-0.11125,140400,3568792500
04/13/2023,ProShares Ultra S&P500,SSO,25.53,24.87615,2.62842,0.65385,140200,3579306000
04/12/2023,ProShares Ultra S&P500,SSO,24.87615,25.0868,-0.83968,-0.21065,138700,3450322005
04/11/2023,ProShares Ultra S&P500,SSO,25.0868,25.09135,-0.01813,-0.00455,139600,3502117280
04/10/2023,ProShares Ultra S&P500,SSO,25.09135,25.0451,0.18467,0.04625,139100,3490206785
04/06/2023,ProShares Ultra S&P500,SSO,25.0451,24.86095,0.74072,0.18415,138700,3473755370
04/05/2023,ProShares Ultra S&P500,SSO,24.86095,24.99855,-0.55043,-0.1376,139100,3458158145
04/04/2023,ProShares Ultra S&P500,SSO,24.99855,25.2906,-1.15478,-0.29205,136400,3409802220
04/03/2023,ProShares Ultra S&P500,SSO,25.2906,25.1086,0.72485,0.182,136700,3457225020
03/31/2023,ProShares Ultra S&P500,SSO,25.1086,24.4073,2.87332,0.7013,136500,3427323900
03/30/2023,ProShares Ultra S&P500,SSO,24.4073,24.13905,1.11127,0.26825,135200,3299866960
03/29/2023,ProShares Ultra S&P500,SSO,24.13905,23.4744,2.83138,0.66465,134800,3253943940
03/28/2023,ProShares Ultra S&P500,SSO,23.4744,23.5537,-0.33668,-0.0793,134500,3157306800
03/27/2023,ProShares Ultra S&P500,SSO,23.5537,23.47975,0.31495,0.07395,133700,3149129690
03/24/2023,ProShares Ultra S&P500,SSO,23.47975,23.2175,1.12954,0.26225,133100,3125154725
03/23/2023,ProShares Ultra S&P500,SSO,23.2175,23.0907,0.54914,0.1268,134800,3129719000
03/22/2023,ProShares Ultra S&P500,SSO,23.0907,23.8801,-3.30568,-0.7894,136400,3149571480
03/21/2023,ProShares Ultra S&P500,SSO,23.8801,23.27555,2.59736,0.60455,117000,2793971700
03/20/2023,ProShares Ultra S&P500,SSO,23.27555,22.8684,1.78040,0.40715,116700,2716256685
03/17/2023,ProShares Ultra S&P500,SSO,22.8684,23.39005,-2.23022,-0.52165,115900,2650447560
03/16/2023,ProShares Ultra S&P500,SSO,23.39005,22.6031,3.48160,0.78695,116500,2724940825
03/15/2023,ProShares Ultra S&P500,SSO,22.6031,22.9217,-1.38995,-0.3186,116000,2621959600
03/14/2023,ProShares Ultra S&P500,SSO,22.9217,22.1783,3.35193,0.7434,118400,2713929280
03/13/2023,ProShares Ultra S&P500,SSO,22.1783,22.2517,-0.32986,-0.0734,118300,2623692890
03/10/2023,ProShares Ultra S&P500,SSO,22.2517,22.91855,-2.90965,-0.66685,119700,2663528490
03/09/2023,ProShares Ultra S&P500,SSO,22.91855,23.80315,-3.71631,-0.8846,136100,3119214655
03/08/2023,ProShares Ultra S&P500,SSO,23.80315,23.73565,0.28438,0.0675,135400,3222946510
03/07/2023,ProShares Ultra S&P500,SSO,23.73565,24.48975,-3.07925,-0.7541,135800,3223301270
03/06/2023,ProShares Ultra S&P500,SSO,24.48975,24.45875,0.12674,0.031,136800,3350197800
03/03/2023,ProShares Ultra S&P500,SSO,24.45875,23.69255,3.23393,0.7662,136700,3343511125
03/02/2023,ProShares Ultra S&P500,SSO,23.69255,23.3448,1.48963,0.34775,136600,3236402330
03/01/2023,ProShares Ultra S&P500,SSO,23.3448,23.56635,-0.94011,-0.22155,135700,3167889360
02/28/2023,ProShares Ultra S&P500,SSO,23.56635,23.7128,-0.61760,-0.14645,135900,3202666965
02/27/2023,ProShares Ultra S&P500,SSO,23.7128,23.5657,0.62421,0.1471,135700,3217826960
02/24/2023,ProShares Ultra S&P500,SSO,23.5657,24.0747,-2.11425,-0.509,135800,3200222060
02/23/2023,ProShares Ultra S&P500,SSO,24.0747,23.83085,1.02325,0.24385,136600,3288604020
02/22/2023,ProShares Ultra S&P500,SSO,23.83085,23.9086,-0.32520,-0.07775,135200,3221930920
02/21/2023,ProShares Ultra S&P500,SSO,23.9086,24.91175,-4.02681,-1.00315,135900,3249178740
02/17/2023,ProShares Ultra S&P500,SSO,24.91175,25.04365,-0.52668,-0.1319,135800,3383015650
02/16/2023,ProShares Ultra S&P500,SSO,25.04365,25.7687,-2.81368,-0.72505,137700,3448510605
02/15/2023,ProShares Ultra S&P500,SSO,25.7687,25.61695,0.59238,0.15175,137200,3535465640
02/14/2023,ProShares Ultra S&P500,SSO,25.61695,25.63115,-0.05540,-0.0142,137000,3509522150
02/13/2023,ProShares Ultra S&P500,SSO,25.63115,25.054,2.30362,0.57715,136900,3508904435
02/10/2023,ProShares Ultra S&P500,SSO,25.054,24.9378,0.46596,0.1162,136000,3407344000
02/09/2023,ProShares Ultra S&P500,SSO,24.9378,25.39365,-1.79513,-0.45585,136500,3404009700
02/08/2023,ProShares Ultra S&P500,SSO,25.39365,25.9716,-2.22532,-0.57795,136300,3461154495
02/07/2023,ProShares Ultra S&P500,SSO,25.9716,25.3226,2.56293,0.649,135800,3526943280
02/06/2023,ProShares Ultra S&P500,SSO,25.3226,25.63825,-1.23117,-0.31565,135600,3433744560
02/03/2023,ProShares Ultra S&P500,SSO,25.63825,26.1829,-2.08017,-0.54465,134300,3443216975
02/02/2023,ProShares Ultra S&P500,SSO,26.1829,25.4464,2.89432,0.7365,135800,3555637820
02/01/2023,ProShares Ultra S&P500,SSO,25.4464,24.92885,2.07611,0.51755,132200,3364014080
01/31/2023,ProShares Ultra S&P500,SSO,24.92885,24.22265,2.91545,0.7062,132000,3290608200
01/30/2023,ProShares Ultra S&P500,SSO,24.22265,24.86545,-2.58511,-0.6428,128700,3117455055
01/27/2023,ProShares Ultra S&P500,SSO,24.86545,24.74525,0.48575,0.1202,128800,3202669960
01/26/2023,ProShares Ultra S&P500,SSO,24.74525,24.22235,2.15875,0.5229,128200,3172341050
01/25/2023,ProShares Ultra S&P500,SSO,24.22235,24.2329,-0.04354,-0.01055,127700,3093194095
01/24/2023,ProShares Ultra S&P500,SSO,24.2329,24.27275,-0.16418,-0.03985,123600,2995186440
01/23/2023,ProShares Ultra S&P500,SSO,24.27275,23.7127,2.36181,0.56005,120600,2927293650
01/20/2023,ProShares Ultra S&P500,SSO,23.7127,22.85075,3.77209,0.86195,119700,2838410190
01/19/2023,ProShares Ultra S&P500,SSO,22.85075,23.21145,-1.55397,-0.3607,120200,2746660150
01/18/2023,ProShares Ultra S&P500,SSO,23.21145,23.96315,-3.13690,-0.7517,116900,2713418505
01/17/2023,ProShares Ultra S&P500,SSO,23.96315,24.0648,-0.42240,-0.10165,116700,2796499605
01/13/2023,ProShares Ultra S&P500,SSO,24.0648,23.87445,0.79730,0.19035,116400,2801142720
01/12/2023,ProShares Ultra S&P500,SSO,23.87445,23.723,0.63841,0.15145,116400,2778985980
01/11/2023,ProShares Ultra S&P500,SSO,23.723,23.1331,2.55003,0.5899,115300,2735261900
01/10/2023,ProShares Ultra S&P500,SSO,23.1331,22.8188,1.37737,0.3143,115100,2662619810
01/09/2023,ProShares Ultra S&P500,SSO,22.8188,22.8501,-0.13698,-0.0313,115400,2633289520
01/06/2023,ProShares Ultra S&P500,SSO,22.8501,21.85265,4.56443,0.99745,115200,2632331520
01/05/2023,ProShares Ultra S&P500,SSO,21.85265,22.38045,-2.35831,-0.5278,115200,2517425280
01/04/2023,ProShares Ultra S&P500,SSO,22.38045,22.0497,1.50002,0.33075,115400,2582703930
01/03/2023,ProShares Ultra S&P500,SSO,22.0497,22.23265,-0.82289,-0.18295,115700,2551150290
12/30/2022,ProShares Ultra S&P500,SSO,22.23265,22.3458,-0.50636,-0.11315,116400,2587880460
12/29/2022,ProShares Ultra S&P500,SSO,22.3458,21.6017,3.44464,0.7441,118200,2641273560
12/28/2022,ProShares Ultra S&P500,SSO,21.6017,22.13905,-2.42716,-0.53735,119000,2570602300
12/27/2022,ProShares Ultra S&P500,SSO,22.13905,22.3206,-0.81337,-0.18155,117800,2607980090
12/23/2022,ProShares Ultra S&P500,SSO,22.3206,22.0623,1.17078,0.2583,117800,2629366680
12/22/2022,ProShares Ultra S&P500,SSO,22.0623,22.82675,-3.34892,-0.76445,119700,2640857310
12/21/2022,ProShares Ultra S&P500,SSO,22.82675,22.16545,2.98347,0.6613,118400,2702687200
12/20/2022,ProShares Ultra S&P500,SSO,22.16545,22.1201,0.20502,0.04535,118000,2615523100
12/19/2022,ProShares Ultra S&P500,SSO,22.1201,22.526,-1.80192,-0.4059,117600,2601323760
12/16/2022,ProShares Ultra S&P500,SSO,22.526,23.0416,-2.23769,-0.5156,116800,2631036800
12/15/2022,ProShares Ultra S&P500,SSO,23.0416,24.257,-5.01051,-1.2154,126500,2914762400
12/14/2022,ProShares Ultra S&P500,SSO,24.257,24.55145,-1.19932,-0.29445,126900,3078213300
12/13/2022,ProShares Ultra S&P500,SSO,24.55145,24.1988,1.45730,0.35265,127400,3127854730
12/12/2022,ProShares Ultra S&P500,SSO,24.1988,23.53035,2.84080,0.66845,127700,3090186760
12/09/2022,ProShares Ultra S&P500,SSO,23.53035,23.8831,-1.47699,-0.35275,127700,3004825695
12/08/2022,ProShares Ultra S&P500,SSO,23.8831,23.5327,1.48899,0.3504,127900,3054648490
12/07/2022,ProShares Ultra S&P500,SSO,23.5327,23.62205,-0.37825,-0.08935,128000,3012185600
12/06/2022,ProShares Ultra S&P500,SSO,23.62205,24.32445,-2.88763,-0.7024,129800,3066142090
12/05/2022,ProShares Ultra S&P500,SSO,24.32445,25.2314,-3.59453,-0.90695,130400,3171908280
12/02/2022,ProShares Ultra S&P500,SSO,25.2314,25.2915,-0.23763,-0.0601,130500,3292697700
12/01/2022,ProShares Ultra S&P500,SSO,25.2915,25.3371,-0.17997,-0.0456,130000,3287895000
11/30/2022,ProShares Ultra S&P500,SSO,25.3371,23.8514,6.22898,1.4857,128400,3253283640
11/29/2022,ProShares Ultra S&P500,SSO,23.8514,23.92895,-0.32408,-0.07755,129500,3088756300
11/28/2022,ProShares Ultra S&P500,SSO,23.92895,24.6984,-3.11538,-0.76945,129700,3103584815
11/25/2022,ProShares Ultra S&P500,SSO,24.6984,24.7128,-0.05827,-0.0144,129800,3205852320
11/23/2022,ProShares Ultra S&P500,SSO,24.7128,24.43035,1.15614,0.28245,130000,3212664000
11/22/2022,ProShares Ultra S&P500,SSO,24.43035,23.7918,2.68391,0.63855,129800,3171059430
11/21/2022,ProShares Ultra S&P500,SSO,23.7918,23.9769,-0.77199,-0.1851,129500,3081038100
11/18/2022,ProShares Ultra S&P500,SSO,23.9769,23.75295,0.94283,0.22395,129600,3107406240
11/17/2022,ProShares Ultra S&P500,SSO,23.75295,23.9042,-0.63273,-0.15125,129600,3078382320
11/16/2022,ProShares Ultra S&P500,SSO,23.9042,24.2954,-1.61018,-0.3912,126400,3021490880
11/15/2022,ProShares Ultra S&P500,SSO,24.2954,23.8812,1.73442,0.4142,127000,3085515800
11/14/2022,ProShares Ultra S&P500,SSO,23.8812,24.3077,-1.75459,-0.4265,127500,3044853000
11/11/2022,ProShares Ultra S&P500,SSO,24.3077,23.86345,1.86163,0.44425,121700,2958247090
11/10/2022,ProShares Ultra S&P500,SSO,23.86345,21.48395,11.07571,2.3795,120500,2875545725
11/09/2022,ProShares Ultra S&P500,SSO,21.48395,22.4216,-4.18190,-0.93765,119300,2563035235
11/08/2022,ProShares Ultra S&P500,SSO,22.4216,22.17785,1.09907,0.24375,119600,2681623360
11/07/2022,ProShares Ultra S&P500,SSO,22.17785,21.7631,1.90575,0.41475,120500,2672430925
11/04/2022,ProShares Ultra S&P500,SSO,21.7631,21.17575,2.77369,0.58735,120400,2620277240
11/03/2022,ProShares Ultra S&P500,SSO,21.17575,21.63725,-2.13290,-0.4615,120300,2547442725
11/02/2022,ProShares Ultra S&P500,SSO,21.63725,22.7797,-5.01521,-1.14245,124500,2693837625
11/01/2022,ProShares Ultra S&P500,SSO,22.7797,22.9731,-0.84185,-0.1934,125000,2847462500
10/31/2022,ProShares Ultra S&P500,SSO,22.9731,23.32225,-1.49707,-0.34915,124900,2869340190
10/28/2022,ProShares Ultra S&P500,SSO,23.32225,22.23005,4.91317,1.0922,120000,2798670000
10/27/2022,ProShares Ultra S&P500,SSO,22.23005,22.50805,-1.23511,-0.278,120300,2674275015
10/26/2022,ProShares Ultra S&P500,SSO,22.50805,22.8491,-1.49262,-0.34105,120700,2716721635
10/25/2022,ProShares Ultra S&P500,SSO,22.8491,22.1333,3.23404,0.7158,119200,2723612720
10/24/2022,ProShares Ultra S&P500,SSO,22.1333,21.62145,2.36733,0.51185,118400,2620582720
10/21/2022,ProShares Ultra S&P500,SSO,21.62145,20.6395,4.75762,0.98195,114300,2471331735
10/20/2022,ProShares Ultra S&P500,SSO,20.6395,20.98075,-1.62649,-0.34125,114000,2352903000
10/19/2022,ProShares Ultra S&P500,SSO,20.98075,21.2703,-1.36129,-0.28955,114000,2391805500
10/18/2022,ProShares Ultra S&P500,SSO,21.2703,20.79705,2.27556,0.47325,114000,2424814200
10/17/2022,ProShares Ultra S&P500,SSO,20.79705,19.75885,5.25435,1.0382,114000,2370863700
10/14/2022,ProShares Ultra S&P500,SSO,19.75885,20.73685,-4.71624,-0.978,113500,2242629475
10/13/2022,ProShares Ultra S&P500,SSO,20.73685,19.7169,5.17297,1.01995,115300,2390958805
10/12/2022,ProShares Ultra S&P500,SSO,19.7169,19.84895,-0.66527,-0.13205,115300,2273358570
10/11/2022,ProShares Ultra S&P500,SSO,19.84895,20.11425,-1.31897,-0.2653,115100,2284614145
10/10/2022,ProShares Ultra S&P500,SSO,20.11425,20.4219,-1.50647,-0.30765,114900,2311127325
10/07/2022,ProShares Ultra S&P500,SSO,20.4219,21.6323,-5.59534,-1.2104,116100,2370982590
10/06/2022,ProShares Ultra S&P500,SSO,21.6323,22.08735,-2.06023,-0.45505,114700,2481224810
10/05/2022,ProShares Ultra S&P500,SSO,22.08735,22.17835,-0.41031,-0.091,114700,2533419045
10/04/2022,ProShares Ultra S&P500,SSO,22.17835,20.8982,6.12565,1.28015,114700,2543856745
10/03/2022,ProShares Ultra S&P500,SSO,20.8982,19.8726,5.16087,1.0256,114500,2392843900
09/30/2022,ProShares Ultra S&P500,SSO,19.8726,20.4906,-3.01602,-0.618,113800,2261501880
09/29/2022,ProShares Ultra S&P500,SSO,20.4906,21.3972,-4.23700,-0.9066,114400,2344124640
09/28/2022,ProShares Ultra S&P500,SSO,21.3972,20.5872,3.93448,0.81,114100,2441420520
09/27/2022,ProShares Ultra S&P500,SSO,20.5872,20.67725,-0.43550,-0.09005,112600,2318118720
09/26/2022,ProShares Ultra S&P500,SSO,20.67725,21.11585,-2.07711,-0.4386,113500,2346867875
09/23/2022,ProShares Ultra S&P500,SSO,21.11585,21.8674,-3.43685,-0.75155,111800,2360752030
09/22/2022,ProShares Ultra S&P500,SSO,21.8674,22.2481,-1.71116,-0.3807,112500,2460082500
09/21/2022,ProShares Ultra S&P500,SSO,22.2481,23.0386,-3.43120,-0.7905,114200,2540733020
09/20/2022,ProShares Ultra S&P500,SSO,23.0386,23.57345,-2.26887,-0.53485,115100,2651742860
09/19/2022,ProShares Ultra S&P500,SSO,23.57345,23.2538,1.37461,0.31965,119000,2805240550
09/16/2022,ProShares Ultra S&P500,SSO,23.2538,23.5956,-1.44858,-0.3418,118700,2760226060
09/15/2022,ProShares Ultra S&P500,SSO,23.5956,24.1459,-2.27906,-0.5503,125600,2963607360
09/14/2022,ProShares Ultra S&P500,SSO,24.1459,23.97265,0.72270,0.17325,125500,3030310450
09/13/2022,ProShares Ultra S&P500,SSO,23.97265,26.2471,-8.66553,-2.27445,125900,3018156635
09/12/2022,ProShares Ultra S&P500,SSO,26.2471,25.7063,2.10376,0.5408,128100,3362253510
09/09/2022,ProShares Ultra S&P500,SSO,25.7063,24.9416,3.06596,0.7647,127400,3274982620
09/08/2022,ProShares Ultra S&P500,SSO,24.9416,24.6196,1.30790,0.322,126800,3162594880
09/07/2022,ProShares Ultra S&P500,SSO,24.6196,23.75165,3.65427,0.86795,126800,3121765280
09/06/2022,ProShares Ultra S&P500,SSO,23.75165,23.9478,-0.81907,-0.19615,126300,2999833395
09/02/2022,ProShares Ultra S&P500,SSO,23.9478,24.47065,-2.13664,-0.52285,126500,3029396700
09/01/2022,ProShares Ultra S&P500,SSO,24.47065,24.3273,0.58926,0.14335,127200,3112666680
08/31/2022,ProShares Ultra S&P500,SSO,24.3273,24.7065,-1.53482,-0.3792,127600,3104163480
08/30/2022,ProShares Ultra S&P500,SSO,24.7065,25.2623,-2.20012,-0.5558,127900,3159961350
08/29/2022,ProShares Ultra S&P500,SSO,25.2623,25.60635,-1.34361,-0.34405,128800,3253784240
08/26/2022,ProShares Ultra S&P500,SSO,25.60635,27.45845,-6.74510,-1.8521,129900,3326264865
08/25/2022,ProShares Ultra S&P500,SSO,27.45845,26.7127,2.79174,0.74575,129300,3550377585
08/24/2022,ProShares Ultra S&P500,SSO,26.7127,26.55845,0.58079,0.15425,129100,3448609570
08/23/2022,ProShares Ultra S&P500,SSO,26.55845,26.6815,-0.46118,-0.12305,129100,3428695895
08/22/2022,ProShares Ultra S&P500,SSO,26.6815,27.87095,-4.26771,-1.18945,129300,3449917950
08/19/2022,ProShares Ultra S&P500,SSO,27.87095,28.61225,-2.59085,-0.7413,129600,3612075120
08/18/2022,ProShares Ultra S&P500,SSO,28.61225,28.48085,0.46136,0.1314,130500,3733898625
08/17/2022,ProShares Ultra S&P500,SSO,28.48085,28.8923,-1.42408,-0.41145,130600,3719599010
08/16/2022,ProShares Ultra S&P500,SSO,28.8923,28.7837,0.37730,0.1086,128900,3724217470
08/15/2022,ProShares Ultra S&P500,SSO,28.7837,28.5586,0.78820,0.2251,129000,3713097300
08/12/2022,ProShares Ultra S&P500,SSO,28.5586,27.60075,3.47038,0.95785,129000,3684059400
08/11/2022,ProShares Ultra S&P500,SSO,27.60075,27.63085,-0.10894,-0.0301,129100,3563256825
08/10/2022,ProShares Ultra S&P500,SSO,27.63085,26.50525,4.24671,1.1256,128400,3547801140
08/09/2022,ProShares Ultra S&P500,SSO,26.50525,26.73105,-0.84471,-0.2258,128700,3411225675
08/08/2022,ProShares Ultra S&P500,SSO,26.73105,26.79995,-0.25709,-0.0689,128900,3445632345
08/05/2022,ProShares Ultra S&P500,SSO,26.79995,26.8833,-0.31004,-0.08335,127900,3427713605
08/04/2022,ProShares Ultra S&P500,SSO,26.8833,26.92895,-0.16952,-0.04565,127000,3414179100
08/03/2022,ProShares Ultra S&P500,SSO,26.92895,26.1147,3.11798,0.81425,127000,3419976650
08/02/2022,ProShares Ultra S&P500,SSO,26.1147,26.4696,-1.34078,-0.3549,127000,3316566900
08/01/2022,ProShares Ultra S&P500,SSO,26.4696,26.62485,-0.58310,-0.15525,126500,3348404400
07/29/2022,ProShares Ultra S&P500,SSO,26.62485,25.8844,2.86060,0.74045,126300,3362718555
07/28/2022,ProShares Ultra S&P500,SSO,25.8844,25.26975,2.43235,0.61465,126600,3276965040
07/27/2022,ProShares Ultra S&P500,SSO,25.26975,24.01595,5.22070,1.2538,122800,3103125300
07/26/2022,ProShares Ultra S&P500,SSO,24.01595,24.5868,-2.32177,-0.57085,122700,2946757065
07/25/2022,ProShares Ultra S&P500,SSO,24.5868,24.5259,0.24831,0.0609,122900,3021717720
07/22/2022,ProShares Ultra S&P500,SSO,24.5259,24.99275,-1.86794,-0.46685,121000,2967633900
07/21/2022,ProShares Ultra S&P500,SSO,24.99275,24.5103,1.96836,0.48245,121300,3031620575
07/20/2022,ProShares Ultra S&P500,SSO,24.5103,24.22395,1.18209,0.28635,120500,2953491150
07/19/2022,ProShares Ultra S&P500,SSO,24.22395,22.958,5.51420,1.26595,119700,2899606815
07/18/2022,ProShares Ultra S&P500,SSO,22.958,23.35135,-1.68449,-0.39335,119300,2738889400
07/15/2022,ProShares Ultra S&P500,SSO,23.35135,22.48975,3.83108,0.8616,119100,2781145785
07/14/2022,ProShares Ultra S&P500,SSO,22.48975,22.6245,-0.59559,-0.13475,119100,2678529225
07/13/2022,ProShares Ultra S&P500,SSO,22.6245,22.83325,-0.91424,-0.20875,119500,2703627750
07/12/2022,ProShares Ultra S&P500,SSO,22.83325,23.26275,-1.84630,-0.4295,119900,2737706675
07/11/2022,ProShares Ultra S&P500,SSO,23.26275,23.8139,-2.31440,-0.55115,119700,2784551175
07/08/2022,ProShares Ultra S&P500,SSO,23.8139,23.8522,-0.16057,-0.0383,119700,2850523830
07/07/2022,ProShares Ultra S&P500,SSO,23.8522,23.1606,2.98611,0.6916,119700,2855108340
07/06/2022,ProShares Ultra S&P500,SSO,23.1606,22.99785,0.70767,0.16275,120000,2779272000
07/05/2022,ProShares Ultra S&P500,SSO,22.99785,22.9202,0.33878,0.07765,119600,2750542860
07/01/2022,ProShares Ultra S&P500,SSO,22.9202,22.44765,2.10512,0.47255,119500,2738963900
06/30/2022,ProShares Ultra S&P500,SSO,22.44765,22.84615,-1.74428,-0.3985,119600,2684738940
06/29/2022,ProShares Ultra S&P500,SSO,22.84615,22.87655,-0.13289,-0.0304,120200,2746107230
06/28/2022,ProShares Ultra S&P500,SSO,22.87655,23.83955,-4.03951,-0.963,120700,2761199585
06/27/2022,ProShares Ultra S&P500,SSO,23.83955,23.98665,-0.61326,-0.1471,120000,2860746000
06/24/2022,ProShares Ultra S&P500,SSO,23.98665,22.6041,6.11637,1.38255,119000,2854411350
06/23/2022,ProShares Ultra S&P500,SSO,22.6041,22.1843,1.89233,0.4198,118500,2678585850
06/22/2022,ProShares Ultra S&P500,SSO,22.1843,22.24435,-0.26996,-0.06005,118300,2624402690
06/21/2022,ProShares Ultra S&P500,SSO,22.24435,21.20485,4.90218,1.0395,117900,2622608865
06/17/2022,ProShares Ultra S&P500,SSO,21.20485,21.11445,0.42814,0.0904,117500,2491569875
06/16/2022,ProShares Ultra S&P500,SSO,21.11445,22.58435,-6.50849,-1.4699,119500,2523176775
06/15/2022,ProShares Ultra S&P500,SSO,22.58435,21.94455,2.91553,0.6398,121900,2753032265
06/14/2022,ProShares Ultra S&P500,SSO,21.94455,22.09725,-0.69104,-0.1527,122300,2683818465
06/13/2022,ProShares Ultra S&P500,SSO,22.09725,23.95625,-7.75998,-1.859,123200,2722381200
06/10/2022,ProShares Ultra S&P500,SSO,23.95625,25.43785,-5.82439,-1.4816,125800,3013696250
06/09/2022,ProShares Ultra S&P500,SSO,25.43785,26.7087,-4.75819,-1.27085,127000,3230606950
06/08/2022,ProShares Ultra S&P500,SSO,26.7087,27.29835,-2.16002,-0.58965,127500,3405359250
06/07/2022,ProShares Ultra S&P500,SSO,27.29835,26.7886,1.90286,0.50975,127200,3472350120
06/06/2022,ProShares Ultra S&P500,SSO,26.7886,26.6248,0.61522,0.1638,127200,3407509920
06/03/2022,ProShares Ultra S&P500,SSO,26.6248,27.523,-3.26345,-0.8982,127000,3381349600
06/02/2022,ProShares Ultra S&P500,SSO,27.523,26.5385,3.70970,0.9845,127100,3498173300
06/01/2022,ProShares Ultra S&P500,SSO,26.5385,26.9413,-1.49510,-0.4028,127300,3378351050
05/31/2022,ProShares Ultra S&P500,SSO,26.9413,27.28025,-1.24247,-0.33895,127100,3424239230
05/27/2022,ProShares Ultra S&P500,SSO,27.28025,25.9885,4.97047,1.29175,126800,3459135700
05/26/2022,ProShares Ultra S&P500,SSO,25.9885,24.9978,3.96315,0.9907,126100,3277149850
05/25/2022,ProShares Ultra S&P500,SSO,24.9978,24.5361,1.88172,0.4617,125400,3134724120
05/24/2022,ProShares Ultra S&P500,SSO,24.5361,24.94035,-1.62087,-0.40425,125200,3071919720
05/23/2022,ProShares Ultra S&P500,SSO,24.94035,24.0456,3.72105,0.89475,125100,3120037785
05/20/2022,ProShares Ultra S&P500,SSO,24.0456,24.0381,0.03120,0.0075,124800,3000890880
05/19/2022,ProShares Ultra S&P500,SSO,24.0381,24.3243,-1.17660,-0.2862,124800,2999954880
05/18/2022,ProShares Ultra S&P500,SSO,24.3243,26.4492,-8.03389,-2.1249,125600,3055132080
05/17/2022,ProShares Ultra S&P500,SSO,26.4492,25.42245,4.03875,1.02675,126500,3345823800
05/16/2022,ProShares Ultra S&P500,SSO,25.42245,25.6249,-0.79005,-0.20245,126000,3203228700
05/13/2022,ProShares Ultra S&P500,SSO,25.6249,24.45495,4.78410,1.16995,125600,3218487440
05/12/2022,ProShares Ultra S&P500,SSO,24.45495,24.50465,-0.20282,-0.0497,124600,3047086770
05/11/2022,ProShares Ultra S&P500,SSO,24.50465,25.33755,-3.28722,-0.8329,125600,3077784040
05/10/2022,ProShares Ultra S&P500,SSO,25.33755,25.2158,0.48283,0.12175,125500,3179862525
05/09/2022,ProShares Ultra S&P500,SSO,25.2158,26.9412,-6.40432,-1.7254,127000,3202406600
05/06/2022,ProShares Ultra S&P500,SSO,26.9412,27.2457,-1.11761,-0.3045,127100,3424226520
05/05/2022,ProShares Ultra S&P500,SSO,27.2457,29.3338,-7.11841,-2.0881,127300,3468377610
05/04/2022,ProShares Ultra S&P500,SSO,29.3338,27.67925,5.97758,1.65455,126600,3713659080
05/03/2022,ProShares Ultra S&P500,SSO,27.67925,27.41695,0.95671,0.2623,126500,3501425125
05/02/2022,ProShares Ultra S&P500,SSO,27.41695,27.1111,1.12814,0.30585,126500,3468244175
04/29/2022,ProShares Ultra S&P500,SSO,27.1111,29.23145,-7.25366,-2.12035,129500,3510887450
04/28/2022,ProShares Ultra S&P500,SSO,29.23145,27.85175,4.95373,1.3797,129800,3794242210
04/27/2022,ProShares Ultra S&P500,SSO,27.85175,27.73485,0.42149,0.1169,130200,3626297850
04/26/2022,ProShares Ultra S&P500,SSO,27.73485,29.39265,-5.64019,-1.6578,130500,3619397925
04/25/2022,ProShares Ultra S&P500,SSO,29.39265,29.06305,1.13409,0.3296,130900,3847497885
04/22/2022,ProShares Ultra S&P500,SSO,29.06305,30.7712,-5.55113,-1.70815,131200,3813072160
04/21/2022,ProShares Ultra S&P500,SSO,30.7712,31.7051,-2.94558,-0.9339,131300,4040258560
04/20/2022,ProShares Ultra S&P500,SSO,31.7051,31.746,-0.12884,-0.0409,131300,4162879630
04/19/2022,ProShares Ultra S&P500,SSO,31.746,30.75885,3.20932,0.98715,131500,4174599000
04/18/2022,ProShares Ultra S&P500,SSO,30.75885,30.77375,-0.04842,-0.0149,131900,4057092315
04/14/2022,ProShares Ultra S&P500,SSO,30.77375,31.54275,-2.43796,-0.769,132100,4065212375
04/13/2022,ProShares Ultra S&P500,SSO,31.54275,30.8457,2.25980,0.69705,132100,4166797275
04/12/2022,ProShares Ultra S&P500,SSO,30.8457,31.0588,-0.68612,-0.2131,132300,4080886110
04/11/2022,ProShares Ultra S&P500,SSO,31.0588,32.14695,-3.38492,-1.08815,132200,4105973360
04/08/2022,ProShares Ultra S&P500,SSO,32.14695,32.31945,-0.53373,-0.1725,132400,4256256180
04/07/2022,ProShares Ultra S&P500,SSO,32.31945,32.03975,0.87298,0.2797,132500,4282327125
04/06/2022,ProShares Ultra S&P500,SSO,32.03975,32.67775,-1.95240,-0.638,133400,4274102650
04/05/2022,ProShares Ultra S&P500,SSO,32.67775,33.51125,-2.48722,-0.8335,134000,4378818500
04/04/2022,ProShares Ultra S&P500,SSO,33.51125,32.9786,1.61514,0.53265,133000,4456996250
04/01/2022,ProShares Ultra S&P500,SSO,32.9786,32.7621,0.66082,0.2165,132700,4376260220
03/31/2022,ProShares Ultra S&P500,SSO,32.7621,33.8147,-3.11285,-1.0526,131500,4308216150
03/30/2022,ProShares Ultra S&P500,SSO,33.8147,34.2407,-1.24413,-0.426,131200,4436488640
03/29/2022,ProShares Ultra S&P500,SSO,34.2407,33.42195,2.44974,0.81875,130200,4458139140
03/28/2022,ProShares Ultra S&P500,SSO,33.42195,32.9544,1.41878,0.46755,130500,4361564475
03/25/2022,ProShares Ultra S&P500,SSO,32.9544,32.6253,1.00873,0.3291,129100,4254413040
03/24/2022,ProShares Ultra S&P500,SSO,32.6253,31.7119,2.88031,0.9134,129300,4218451290
03/23/2022,ProShares Ultra S&P500,SSO,31.7119,32.52995,-2.51476,-0.81805,129800,4116204620
03/22/2022,ProShares Ultra S&P500,SSO,32.52995,31.81125,2.25926,0.7187,129900,4225640505
03/21/2022,ProShares Ultra S&P500,SSO,31.81125,31.8391,-0.08747,-0.02785,130000,4135462500
03/18/2022,ProShares Ultra S&P500,SSO,31.8391,31.1155,2.32553,0.7236,129000,4107243900
03/17/2022,ProShares Ultra S&P500,SSO,31.1155,30.36445,2.47345,0.75105,128500,3998341750
03/16/2022,ProShares Ultra S&P500,SSO,30.36445,29.0637,4.47551,1.30075,128800,3910941160
03/15/2022,ProShares Ultra S&P500,SSO,29.0637,27.86965,4.28441,1.19405,128400,3731779080
03/14/2022,ProShares Ultra S&P500,SSO,27.86965,28.2801,-1.45137,-0.41045,128900,3592397885
03/11/2022,ProShares Ultra S&P500,SSO,28.2801,29.0303,-2.58420,-0.7502,128500,3633992850
03/10/2022,ProShares Ultra S&P500,SSO,29.0303,29.2798,-0.85212,-0.2495,128500,3730393550
03/09/2022,ProShares Ultra S&P500,SSO,29.2798,27.8404,5.17018,1.4394,128200,3753670360
03/08/2022,ProShares Ultra S&P500,SSO,27.8404,28.2505,-1.45166,-0.4101,128900,3588627560
03/07/2022,ProShares Ultra S&P500,SSO,28.2505,30.0253,-5.91102,-1.7748,129200,3649964600
03/04/2022,ProShares Ultra S&P500,SSO,30.0253,30.50675,-1.57818,-0.48145,129000,3873263700
03/03/2022,ProShares Ultra S&P500,SSO,30.50675,30.82555,-1.03421,-0.3188,129600,3953674800
03/02/2022,ProShares Ultra S&P500,SSO,30.82555,29.7195,3.72163,1.10605,129300,3985743615
03/01/2022,ProShares Ultra S&P500,SSO,29.7195,30.66655,-3.08822,-0.94705,128900,3830843550
02/28/2022,ProShares Ultra S&P500,SSO,30.66655,30.81375,-0.47771,-0.1472,130100,3989718155
02/25/2022,ProShares Ultra S&P500,SSO,30.81375,29.49035,4.48757,1.3234,130500,4021194375
02/24/2022,ProShares Ultra S&P500,SSO,29.49035,28.6314,3.00003,0.85895,130400,3845541640
02/23/2022,ProShares Ultra S&P500,SSO,28.6314,29.72565,-3.68116,-1.09425,131400,3762165960
02/22/2022,ProShares Ultra S&P500,SSO,29.72565,30.3463,-2.04522,-0.62065,132100,3926758365
02/18/2022,ProShares Ultra S&P500,SSO,30.3463,30.77795,-1.40247,-0.43165,132500,4020884750
02/17/2022,ProShares Ultra S&P500,SSO,30.77795,32.1353,-4.22386,-1.35735,132500,4078078375
02/16/2022,ProShares Ultra S&P500,SSO,32.1353,32.07155,0.19877,0.06375,132300,4251500190
02/15/2022,ProShares Ultra S&P500,SSO,32.07155,31.08455,3.17521,0.987,132200,4239858910
02/14/2022,ProShares Ultra S&P500,SSO,31.08455,31.32205,-0.75825,-0.2375,132000,4103160600
02/11/2022,ProShares Ultra S&P500,SSO,31.32205,32.5601,-3.80235,-1.23805,132700,4156436035
02/10/2022,ProShares Ultra S&P500,SSO,32.5601,33.7782,-3.60617,-1.2181,133200,4337005320
02/09/2022,ProShares Ultra S&P500,SSO,33.7782,32.8188,2.92332,0.9594,129800,4384410360
02/08/2022,ProShares Ultra S&P500,SSO,32.8188,32.27875,1.67308,0.54005,129300,4243470840
02/07/2022,ProShares Ultra S&P500,SSO,32.27875,32.5199,-0.74155,-0.24115,129300,4173642375
02/04/2022,ProShares Ultra S&P500,SSO,32.5199,32.18075,1.05389,0.33915,128500,4178807150
02/03/2022,ProShares Ultra S&P500,SSO,32.18075,33.8233,-4.85627,-1.64255,129300,4160970975
02/02/2022,ProShares Ultra S&P500,SSO,33.8233,33.1978,1.88416,0.6255,129200,4369970360
02/01/2022,ProShares Ultra S&P500,SSO,33.1978,32.7502,1.36671,0.4476,129900,4312394220
01/31/2022,ProShares Ultra S&P500,SSO,32.7502,31.56405,3.75791,1.18615,128700,4214950740
01/28/2022,ProShares Ultra S&P500,SSO,31.56405,30.09195,4.89201,1.4721,128000,4040198400
01/27/2022,ProShares Ultra S&P500,SSO,30.09195,30.41675,-1.06783,-0.3248,128200,3857787990
01/26/2022,ProShares Ultra S&P500,SSO,30.41675,30.51275,-0.31462,-0.096,129200,3929844100
01/25/2022,ProShares Ultra S&P500,SSO,30.51275,31.27555,-2.43897,-0.7628,131000,3997170250
01/24/2022,ProShares Ultra S&P500,SSO,31.27555,31.10005,0.56431,0.1755,136800,4278495240
01/21/2022,ProShares Ultra S&P500,SSO,31.10005,32.32725,-3.79618,-1.2272,137200,4266926860
01/20/2022,ProShares Ultra S&P500,SSO,32.32725,33.055,-2.20163,-0.72775,138700,4483789575
01/19/2022,ProShares Ultra S&P500,SSO,33.055,33.7133,-1.95264,-0.6583,140300,4637616500
01/18/2022,ProShares Ultra S&P500,SSO,33.7133,34.99925,-3.67422,-1.28595,140500,4736718650
01/14/2022,ProShares Ultra S&P500,SSO,34.99925,34.9448,0.15582,0.05445,140900,4931394325
01/13/2022,ProShares Ultra S&P500,SSO,34.9448,35.9621,-2.82881,-1.0173,141700,4951678160
01/12/2022,ProShares Ultra S&P500,SSO,35.9621,35.762925,0.55693,0.199175,141200,5077848520
01/11/2022,ProShares Ultra S&P500,SSO,35.762925,35.1214,1.82659,0.641525,139200,4978199160
01/10/2022,ProShares Ultra S&P500,SSO,35.1214,35.2245,-0.29269,-0.1031,139400,4895923160
01/07/2022,ProShares Ultra S&P500,SSO,35.2245,35.501975,-0.78158,-0.277475,138400,4875070800
01/06/2022,ProShares Ultra S&P500,SSO,35.501975,35.56905,-0.18858,-0.067075,138800,4927674130
01/05/2022,ProShares Ultra S&P500,SSO,35.56905,36.999175,-3.86529,-1.430125,138800,4936984140
01/04/2022,ProShares Ultra S&P500,SSO,36.999175,37.0407,-0.11211,-0.041525,138200,5113285985
01/03/2022,ProShares Ultra S&P500,SSO,37.0407,36.581875,1.25424,0.458825,138400,5126432880
12/31/2021,ProShares Ultra S&P500,SSO,36.581875,36.77355,-0.52123,-0.191675,139000,5084880625
12/30/2021,ProShares Ultra S&P500,SSO,36.77355,36.989325,-0.58334,-0.215775,139000,5111523450
12/29/2021,ProShares Ultra S&P500,SSO,36.989325,36.88835,0.27373,0.100975,139200,5148914040
12/28/2021,ProShares Ultra S&P500,SSO,36.88835,36.9631,-0.20223,-0.07475,139800,5156991330
12/27/2021,ProShares Ultra S&P500,SSO,36.9631,35.967,2.76948,0.9961,137600,5086122560
12/23/2021,ProShares Ultra S&P500,SSO,35.967,35.55115,1.16972,0.41585,137400,4941865800
12/22/2021,ProShares Ultra S&P500,SSO,35.55115,34.840525,2.03965,0.710625,136800,4863397320
12/21/2021,ProShares Ultra S&P500,SSO,34.840525,33.641075,3.56543,1.19945,137000,4773151925
12/20/2021,ProShares Ultra S&P500,SSO,33.641075,34.42325,-2.27223,-0.782175,136200,4581914415
12/17/2021,ProShares Ultra S&P500,SSO,34.42325,35.14695,-2.05907,-0.7237,137600,4736639200
12/16/2021,ProShares Ultra S&P500,SSO,35.14695,35.773375,-1.75109,-0.626425,139000,4885426050
12/15/2021,ProShares Ultra S&P500,SSO,35.773375,34.645625,3.25510,1.12775,138600,4958189775
12/14/2021,ProShares Ultra S&P500,SSO,34.645625,35.15935,-1.46113,-0.513725,139200,4822671000
12/13/2021,ProShares Ultra S&P500,SSO,35.15935,35.8143,-1.82874,-0.65495,139600,4908245260
12/10/2021,ProShares Ultra S&P500,SSO,35.8143,35.145225,1.90374,0.669075,139800,5006839140
12/09/2021,ProShares Ultra S&P500,SSO,35.145225,35.648925,-1.41295,-0.5037,139800,4913302455
12/08/2021,ProShares Ultra S&P500,SSO,35.648925,35.433675,0.60747,0.21525,139800,4983719715
12/07/2021,ProShares Ultra S&P500,SSO,35.433675,34.0259,4.13736,1.407775,137600,4875673680
12/06/2021,ProShares Ultra S&P500,SSO,34.0259,33.24715,2.34231,0.77875,137400,4675158660
12/03/2021,ProShares Ultra S&P500,SSO,33.24715,33.819025,-1.69099,-0.571875,136800,4548210120
12/02/2021,ProShares Ultra S&P500,SSO,33.819025,32.87045,2.88580,0.948575,138400,4680553060
12/01/2021,ProShares Ultra S&P500,SSO,32.87045,33.660025,-2.34574,-0.789575,141800,4661029810
11/30/2021,ProShares Ultra S&P500,SSO,33.660025,34.9826,-3.78067,-1.322575,142800,4806651570
11/29/2021,ProShares Ultra S&P500,SSO,34.9826,34.09165,2.61340,0.89095,143800,5030497880
11/26/2021,ProShares Ultra S&P500,SSO,34.09165,35.71025,-4.53259,-1.6186,145000,4943289250
11/24/2021,ProShares Ultra S&P500,SSO,35.71025,35.5446,0.46603,0.16565,145400,5192270350
11/23/2021,ProShares Ultra S&P500,SSO,35.5446,35.43105,0.32048,0.11355,145600,5175293760
11/22/2021,ProShares Ultra S&P500,SSO,35.43105,35.653525,-0.62399,-0.222475,145400,5151674670
11/19/2021,ProShares Ultra S&P500,SSO,35.653525,35.75725,-0.29008,-0.103725,146000,5205414650
11/18/2021,ProShares Ultra S&P500,SSO,35.75725,35.514525,0.68345,0.242725,146000,5220558500
11/17/2021,ProShares Ultra S&P500,SSO,35.514525,35.6868,-0.48274,-0.172275,146400,5199326460
11/16/2021,ProShares Ultra S&P500,SSO,35.6868,35.4111,0.77857,0.2757,145800,5203135440
11/15/2021,ProShares Ultra S&P500,SSO,35.4111,35.4094,0.00480,0.0017,146200,5177102820
11/12/2021,ProShares Ultra S&P500,SSO,35.4094,34.898,1.46541,0.5114,144400,5113117360
11/11/2021,ProShares Ultra S&P500,SSO,34.898,34.863625,0.09860,0.034375,144600,5046250800
11/10/2021,ProShares Ultra S&P500,SSO,34.863625,35.433625,-1.60864,-0.57,144400,5034307450
11/09/2021,ProShares Ultra S&P500,SSO,35.433625,35.678925,-0.68752,-0.2453,145000,5137875625
11/08/2021,ProShares Ultra S&P500,SSO,35.678925,35.61885,0.16866,0.060075,145000,5173444125
11/05/2021,ProShares Ultra S&P500,SSO,35.61885,35.35375,0.74985,0.2651,145200,5171857020
11/04/2021,ProShares Ultra S&P500,SSO,35.35375,35.0495,0.86806,0.30425,145800,5154576750
11/03/2021,ProShares Ultra S&P500,SSO,35.0495,34.60785,1.27616,0.44165,142800,5005068600
11/02/2021,ProShares Ultra S&P500,SSO,34.60785,34.352575,0.74310,0.255275,141000,4879706850
11/01/2021,ProShares Ultra S&P500,SSO,34.352575,34.23215,0.35179,0.120425,139600,4795619470
10/29/2021,ProShares Ultra S&P500,SSO,34.23215,34.0933,0.40726,0.13885,140200,4799347430
10/28/2021,ProShares Ultra S&P500,SSO,34.0933,33.437975,1.95982,0.655325,140400,4786699320
10/27/2021,ProShares Ultra S&P500,SSO,33.437975,33.7728,-0.99140,-0.334825,140400,4694691690
10/26/2021,ProShares Ultra S&P500,SSO,33.7728,33.660125,0.33474,0.112675,140200,4734946560
10/25/2021,ProShares Ultra S&P500,SSO,33.660125,33.3412,0.95655,0.318925,140400,4725881550
10/22/2021,ProShares Ultra S&P500,SSO,33.3412,33.413275,-0.21571,-0.072075,140000,4667768000
10/21/2021,ProShares Ultra S&P500,SSO,33.413275,33.216125,0.59354,0.19715,140600,4697906465
10/20/2021,ProShares Ultra S&P500,SSO,33.216125,32.97325,0.73658,0.242875,141000,4683473625
10/19/2021,ProShares Ultra S&P500,SSO,32.97325,32.49175,1.48191,0.4815,163400,5387829050
10/18/2021,ProShares Ultra S&P500,SSO,32.49175,32.2804,0.65473,0.21135,163600,5315650300
10/15/2021,ProShares Ultra S&P500,SSO,32.2804,31.805625,1.49274,0.474775,137000,4422414800
10/14/2021,ProShares Ultra S&P500,SSO,31.805625,30.75455,3.41762,1.051075,137200,4363731750
10/13/2021,ProShares Ultra S&P500,SSO,30.75455,30.564825,0.62073,0.189725,136800,4207222440
10/12/2021,ProShares Ultra S&P500,SSO,30.564825,30.71485,-0.48844,-0.150025,136800,4181268060
10/11/2021,ProShares Ultra S&P500,SSO,30.71485,31.148125,-1.39101,-0.433275,137400,4220220390
10/08/2021,ProShares Ultra S&P500,SSO,31.148125,31.267275,-0.38107,-0.11915,137000,4267293125
10/07/2021,ProShares Ultra S&P500,SSO,31.267275,30.745025,1.69865,0.52225,137000,4283616675
10/06/2021,ProShares Ultra S&P500,SSO,30.745025,30.494675,0.82096,0.25035,137600,4230515440
10/05/2021,ProShares Ultra S&P500,SSO,30.494675,29.863725,2.11276,0.63095,137000,4177770475
10/04/2021,ProShares Ultra S&P500,SSO,29.863725,30.65795,-2.59060,-0.794225,138600,4139112285
10/01/2021,ProShares Ultra S&P500,SSO,30.65795,29.968025,2.30220,0.689925,139400,4273718230
09/30/2021,ProShares Ultra S&P500,SSO,29.968025,30.70055,-2.38603,-0.732525,140400,4207510710
09/29/2021,ProShares Ultra S&P500,SSO,30.70055,30.60005,0.32843,0.1005,141800,4353337990
09/28/2021,ProShares Ultra S&P500,SSO,30.60005,31.89555,-4.06170,-1.2955,141400,4326847070
09/27/2021,ProShares Ultra S&P500,SSO,31.89555,32.076175,-0.56311,-0.180625,140800,4490893440
09/24/2021,ProShares Ultra S&P500,SSO,32.076175,31.98135,0.29650,0.094825,140400,4503494970
09/23/2021,ProShares Ultra S&P500,SSO,31.98135,31.223375,2.42759,0.757975,140200,4483785270
09/22/2021,ProShares Ultra S&P500,SSO,31.223375,30.6495,1.87238,0.573875,139200,4346293800
09/21/2021,ProShares Ultra S&P500,SSO,30.6495,30.7002,-0.16515,-0.0507,148600,4554515700
09/20/2021,ProShares Ultra S&P500,SSO,30.7002,31.7788,-3.39409,-1.0786,150800,4629590160
09/17/2021,ProShares Ultra S&P500,SSO,31.7788,32.37535,-1.84261,-0.59655,142800,4538012640
09/16/2021,ProShares Ultra S&P500,SSO,32.37535,32.4772,-0.31360,-0.10185,142400,4610249840
09/15/2021,ProShares Ultra S&P500,SSO,32.4772,31.936875,1.69185,0.540325,142200,4618257840
09/14/2021,ProShares Ultra S&P500,SSO,31.936875,32.29315,-1.10325,-0.356275,141800,4528648875
09/13/2021,ProShares Ultra S&P500,SSO,32.29315,32.146975,0.45471,0.146175,142200,4592085930
09/10/2021,ProShares Ultra S&P500,SSO,32.146975,32.65115,-1.54413,-0.504175,142000,4564870450
09/09/2021,ProShares Ultra S&P500,SSO,32.65115,32.94985,-0.90653,-0.2987,142200,4642993530
09/08/2021,ProShares Ultra S&P500,SSO,32.94985,33.03595,-0.26063,-0.0861,142200,4685468670
09/07/2021,ProShares Ultra S&P500,SSO,33.03595,33.26525,-0.68931,-0.2293,142400,4704319280
09/03/2021,ProShares Ultra S&P500,SSO,33.26525,33.286425,-0.06361,-0.021175,142400,4736971600
09/02/2021,ProShares Ultra S&P500,SSO,33.286425,33.090025,0.59353,0.1964,142400,4739986920
09/01/2021,ProShares Ultra S&P500,SSO,33.090025,33.065325,0.07470,0.0247,142800,4725255570
08/31/2021,ProShares Ultra S&P500,SSO,33.065325,33.15015,-0.25588,-0.084825,141800,4688663085
08/30/2021,ProShares Ultra S&P500,SSO,33.15015,32.8657,0.86549,0.28445,141200,4680801180
08/27/2021,ProShares Ultra S&P500,SSO,32.8657,32.295325,1.76612,0.570375,141600,4653783120
08/26/2021,ProShares Ultra S&P500,SSO,32.295325,32.67695,-1.16787,-0.381625,140200,4527804565
08/25/2021,ProShares Ultra S&P500,SSO,32.67695,32.533875,0.43977,0.143075,140200,4581308390
08/24/2021,ProShares Ultra S&P500,SSO,32.533875,32.437025,0.29858,0.09685,140200,4561249275
08/23/2021,ProShares Ultra S&P500,SSO,32.437025,31.888825,1.71910,0.5482,140200,4547670905
08/20/2021,ProShares Ultra S&P500,SSO,31.888825,31.378125,1.62757,0.5107,139800,4458057735
08/19/2021,ProShares Ultra S&P500,SSO,31.378125,31.2953,0.26466,0.082825,140000,4392937500
08/18/2021,ProShares Ultra S&P500,SSO,31.2953,31.976225,-2.12947,-0.680925,142200,4450191660
08/17/2021,ProShares Ultra S&P500,SSO,31.976225,32.427325,-1.39111,-0.4511,141600,4527833460
08/16/2021,ProShares Ultra S&P500,SSO,32.427325,32.261825,0.51299,0.1655,141800,4598194685
08/13/2021,ProShares Ultra S&P500,SSO,32.261825,32.155425,0.33089,0.1064,139200,4490846040
08/12/2021,ProShares Ultra S&P500,SSO,32.155425,31.9542,0.62973,0.201225,138200,4443879735
08/11/2021,ProShares Ultra S&P500,SSO,31.9542,31.796325,0.49652,0.157875,138200,4416070440
08/10/2021,ProShares Ultra S&P500,SSO,31.796325,31.7327,0.20050,0.063625,136200,4330659465
08/09/2021,ProShares Ultra S&P500,SSO,31.7327,31.789925,-0.18001,-0.057225,136200,4321993740
08/06/2021,ProShares Ultra S&P500,SSO,31.789925,31.678725,0.35102,0.1112,136400,4336145770
08/05/2021,ProShares Ultra S&P500,SSO,31.678725,31.298525,1.21475,0.3802,136600,4327313835
08/04/2021,ProShares Ultra S&P500,SSO,31.298525,31.594025,-0.93530,-0.2955,136600,4275378515
08/03/2021,ProShares Ultra S&P500,SSO,31.594025,31.085875,1.63467,0.50815,136000,4296787400
08/02/2021,ProShares Ultra S&P500,SSO,31.085875,31.2061,-0.38526,-0.120225,136600,4246330525
07/30/2021,ProShares Ultra S&P500,SSO,31.2061,31.539275,-1.05638,-0.333175,137400,4287718140
07/29/2021,ProShares Ultra S&P500,SSO,31.539275,31.27305,0.85129,0.266225,137600,4339804240
07/28/2021,ProShares Ultra S&P500,SSO,31.27305,31.287225,-0.04531,-0.014175,138000,4315680900
07/27/2021,ProShares Ultra S&P500,SSO,31.287225,31.584125,-0.94003,-0.2969,135800,4248805155
07/26/2021,ProShares Ultra S&P500,SSO,31.584125,31.43555,0.47263,0.148575,136000,4295441000
07/23/2021,ProShares Ultra S&P500,SSO,31.43555,30.80865,2.03482,0.6269,136000,4275234800
07/22/2021,ProShares Ultra S&P500,SSO,30.80865,30.6825,0.41115,0.12615,136400,4202299860
07/21/2021,ProShares Ultra S&P500,SSO,30.6825,30.187575,1.63950,0.494925,137000,4203502500
07/20/2021,ProShares Ultra S&P500,SSO,30.187575,29.304475,3.01353,0.8831,140000,4226260500
07/19/2021,ProShares Ultra S&P500,SSO,29.304475,30.258625,-3.15332,-0.95415,143400,4202261715
07/16/2021,ProShares Ultra S&P500,SSO,30.258625,30.725375,-1.51910,-0.46675,144400,4369345450
07/15/2021,ProShares Ultra S&P500,SSO,30.725375,30.93,-0.66157,-0.204625,144400,4436744150
07/14/2021,ProShares Ultra S&P500,SSO,30.93,30.8499,0.25964,0.0801,144600,4472478000
07/13/2021,ProShares Ultra S&P500,SSO,30.8499,31.06875,-0.70441,-0.21885,144000,4442385600
07/12/2021,ProShares Ultra S&P500,SSO,31.06875,30.8567,0.68721,0.21205,143400,4455258750
07/09/2021,ProShares Ultra S&P500,SSO,30.8567,30.1814,2.23747,0.6753,143200,4418679440
07/08/2021,ProShares Ultra S&P500,SSO,30.1814,30.6958,-1.67580,-0.5144,143200,4321976480
07/07/2021,ProShares Ultra S&P500,SSO,30.6958,30.49035,0.67382,0.20545,143400,4401777720
07/06/2021,ProShares Ultra S&P500,SSO,30.49035,30.613875,-0.40349,-0.123525,143600,4378414260
07/02/2021,ProShares Ultra S&P500,SSO,30.613875,30.155275,1.52080,0.4586,140800,4310433600
07/01/2021,ProShares Ultra S&P500,SSO,30.155275,29.840775,1.05393,0.3145,140600,4239831665
06/30/2021,ProShares Ultra S&P500,SSO,29.840775,29.76405,0.25778,0.076725,140400,4189644810
06/29/2021,ProShares Ultra S&P500,SSO,29.76405,29.742425,0.07271,0.021625,140400,4178872620
06/28/2021,ProShares Ultra S&P500,SSO,29.742425,29.610075,0.44698,0.13235,140400,4175836470
06/25/2021,ProShares Ultra S&P500,SSO,29.610075,29.4128,0.67071,0.197275,140400,4157254530
06/24/2021,ProShares Ultra S&P500,SSO,29.4128,29.07185,1.17278,0.34095,140400,4129557120
06/23/2021,ProShares Ultra S&P500,SSO,29.07185,29.136725,-0.22266,-0.064875,139200,4046801520
06/22/2021,ProShares Ultra S&P500,SSO,29.136725,28.851825,0.98746,0.2849,138800,4044177430
06/21/2021,ProShares Ultra S&P500,SSO,28.851825,28.0641,2.80688,0.787725,138800,4004633310
06/18/2021,ProShares Ultra S&P500,SSO,28.0641,28.821875,-2.62917,-0.757775,142000,3985102200
06/17/2021,ProShares Ultra S&P500,SSO,28.821875,28.8467,-0.08606,-0.024825,142400,4104235000
06/16/2021,ProShares Ultra S&P500,SSO,28.8467,29.162925,-1.08434,-0.316225,142200,4102000740
06/15/2021,ProShares Ultra S&P500,SSO,29.162925,29.27955,-0.39832,-0.116625,140400,4094474670
06/14/2021,ProShares Ultra S&P500,SSO,29.27955,29.160825,0.40714,0.118725,135800,3976162890
06/11/2021,ProShares Ultra S&P500,SSO,29.160825,29.0496,0.38288,0.111225,135600,3954207870
06/10/2021,ProShares Ultra S&P500,SSO,29.0496,28.781375,0.93194,0.268225,135600,3939125760
06/09/2021,ProShares Ultra S&P500,SSO,28.781375,28.883675,-0.35418,-0.1023,135600,3902754450
06/08/2021,ProShares Ultra S&P500,SSO,28.883675,28.873575,0.03498,0.0101,135000,3899296125
06/07/2021,ProShares Ultra S&P500,SSO,28.873575,28.92185,-0.16692,-0.048275,135000,3897932625
06/04/2021,ProShares Ultra S&P500,SSO,28.92185,28.4186,1.77085,0.50325,134600,3892881010
06/03/2021,ProShares Ultra S&P500,SSO,28.4186,28.6205,-0.70544,-0.2019,134800,3830827280
06/02/2021,ProShares Ultra S&P500,SSO,28.6205,28.53245,0.30860,0.08805,134800,3858043400
06/01/2021,ProShares Ultra S&P500,SSO,28.53245,28.5652,-0.11465,-0.03275,135000,3851880750
05/28/2021,ProShares Ultra S&P500,SSO,28.5652,28.5105,0.19186,0.0547,134000,3827736800
05/27/2021,ProShares Ultra S&P500,SSO,28.5105,28.4454,0.22886,0.0651,134400,3831811200
05/26/2021,ProShares Ultra S&P500,SSO,28.4454,28.339,0.37545,0.1064,133800,3805994520
05/25/2021,ProShares Ultra S&P500,SSO,28.339,28.460825,-0.42804,-0.121825,132400,3752083600
05/24/2021,ProShares Ultra S&P500,SSO,28.460825,27.903375,1.99779,0.55745,131800,3751136735
05/21/2021,ProShares Ultra S&P500,SSO,27.903375,27.9463,-0.15360,-0.042925,131400,3666503475
05/20/2021,ProShares Ultra S&P500,SSO,27.9463,27.365425,2.12266,0.580875,131400,3672143820
05/19/2021,ProShares Ultra S&P500,SSO,27.365425,27.519725,-0.56069,-0.1543,131400,3595816845
05/18/2021,ProShares Ultra S&P500,SSO,27.519725,27.9919,-1.68683,-0.472175,132000,3632603700
05/17/2021,ProShares Ultra S&P500,SSO,27.9919,28.137,-0.51569,-0.1451,131400,3678135660
05/14/2021,ProShares Ultra S&P500,SSO,28.137,27.31705,3.00161,0.81995,131400,3697201800
05/13/2021,ProShares Ultra S&P500,SSO,27.31705,26.6632,2.45226,0.65385,133800,3655021290
05/12/2021,ProShares Ultra S&P500,SSO,26.6632,27.850725,-4.26389,-1.187525,137800,3674188960
05/11/2021,ProShares Ultra S&P500,SSO,27.850725,28.344775,-1.74300,-0.49405,139600,3887961210
05/10/2021,ProShares Ultra S&P500,SSO,28.344775,28.94615,-2.07756,-0.601375,139800,3962599545
05/07/2021,ProShares Ultra S&P500,SSO,28.94615,28.51905,1.49760,0.4271,140400,4064039460
05/06/2021,ProShares Ultra S&P500,SSO,28.51905,28.05605,1.65027,0.463,140000,3992667000
05/05/2021,ProShares Ultra S&P500,SSO,28.05605,28.020375,0.12732,0.035675,139000,3899790950
05/04/2021,ProShares Ultra S&P500,SSO,28.020375,28.397775,-1.32898,-0.3774,138600,3883623975
05/03/2021,ProShares Ultra S&P500,SSO,28.397775,28.2482,0.52950,0.149575,139400,3958649835
04/30/2021,ProShares Ultra S&P500,SSO,28.2482,28.653775,-1.41543,-0.405575,137400,3881302680
04/29/2021,ProShares Ultra S&P500,SSO,28.653775,28.27335,1.34553,0.380425,137400,3937028685
04/28/2021,ProShares Ultra S&P500,SSO,28.27335,28.318525,-0.15952,-0.045175,134000,3788628900
04/27/2021,ProShares Ultra S&P500,SSO,28.318525,28.331425,-0.04553,-0.0129,134200,3800346055
04/26/2021,ProShares Ultra S&P500,SSO,28.331425,28.2317,0.35324,0.099725,134200,3802077235
04/23/2021,ProShares Ultra S&P500,SSO,28.2317,27.62835,2.18381,0.60335,134400,3794340480
04/22/2021,ProShares Ultra S&P500,SSO,27.62835,28.14395,-1.83201,-0.5156,135400,3740878590
04/21/2021,ProShares Ultra S&P500,SSO,28.14395,27.63015,1.85956,0.5138,135000,3799433250
04/20/2021,ProShares Ultra S&P500,SSO,27.63015,28.01405,-1.37038,-0.3839,134000,3702440100
04/19/2021,ProShares Ultra S&P500,SSO,28.01405,28.314175,-1.05998,-0.300125,133800,3748279890
04/16/2021,ProShares Ultra S&P500,SSO,28.314175,28.114525,0.71013,0.19965,134600,3811087955
04/15/2021,ProShares Ultra S&P500,SSO,28.114525,27.507375,2.20723,0.60715,134800,3789837970
04/14/2021,ProShares Ultra S&P500,SSO,27.507375,27.724475,-0.78306,-0.2171,134800,3707994150
04/13/2021,ProShares Ultra S&P500,SSO,27.724475,27.54655,0.64591,0.177925,135200,3748349020
04/12/2021,ProShares Ultra S&P500,SSO,27.54655,27.554875,-0.03021,-0.008325,134200,3696747010
04/09/2021,ProShares Ultra S&P500,SSO,27.554875,27.13965,1.52996,0.415225,134400,3703375200
04/08/2021,ProShares Ultra S&P500,SSO,27.13965,26.89995,0.89108,0.2397,135000,3663852750
04/07/2021,ProShares Ultra S&P500,SSO,26.89995,26.823225,0.28604,0.076725,135000,3631493250
04/06/2021,ProShares Ultra S&P500,SSO,26.823225,26.872325,-0.18272,-0.0491,134000,3594312150
04/05/2021,ProShares Ultra S&P500,SSO,26.872325,26.115775,2.89691,0.75655,133200,3579393690
04/01/2021,ProShares Ultra S&P500,SSO,26.115775,25.5193,2.33735,0.596475,133000,3473398075
03/31/2021,ProShares Ultra S&P500,SSO,25.5193,25.33025,0.74634,0.18905,131200,3348132160
03/30/2021,ProShares Ultra S&P500,SSO,25.33025,25.484825,-0.60654,-0.154575,131200,3323328800
03/29/2021,ProShares Ultra S&P500,SSO,25.484825,25.53055,-0.17910,-0.045725,129800,3307930285
03/26/2021,ProShares Ultra S&P500,SSO,25.53055,24.7115,3.31445,0.81905,128400,3278122620
03/25/2021,ProShares Ultra S&P500,SSO,24.7115,24.45415,1.05238,0.25735,128400,3172956600
03/24/2021,ProShares Ultra S&P500,SSO,24.45415,24.72055,-1.07765,-0.2664,129800,3174148670
03/23/2021,ProShares Ultra S&P500,SSO,24.72055,25.123125,-1.60241,-0.402575,129600,3203783280
03/22/2021,ProShares Ultra S&P500,SSO,25.123125,24.7724,1.41579,0.350725,129600,3255957000
03/19/2021,ProShares Ultra S&P500,SSO,24.7724,24.804975,-0.13132,-0.032575,129600,3210503040
03/18/2021,ProShares Ultra S&P500,SSO,24.804975,25.558075,-2.94662,-0.7531,131000,3249451725
03/17/2021,ProShares Ultra S&P500,SSO,25.558075,25.4103,0.58156,0.147775,131000,3348107825
03/16/2021,ProShares Ultra S&P500,SSO,25.4103,25.488775,-0.30788,-0.078475,130600,3318585180
03/15/2021,ProShares Ultra S&P500,SSO,25.488775,25.164475,1.28872,0.3243,130600,3328834015
03/12/2021,ProShares Ultra S&P500,SSO,25.164475,25.102,0.24888,0.062475,129400,3256283065
03/11/2021,ProShares Ultra S&P500,SSO,25.102,24.590675,2.07935,0.511325,129600,3253219200
03/10/2021,ProShares Ultra S&P500,SSO,24.590675,24.2956,1.21452,0.295075,127000,3123015725
03/09/2021,ProShares Ultra S&P500,SSO,24.2956,23.623175,2.84646,0.672425,127200,3090400320
03/08/2021,ProShares Ultra S&P500,SSO,23.623175,23.879275,-1.07248,-0.2561,127200,3004867860
03/05/2021,ProShares Ultra S&P500,SSO,23.879275,22.986625,3.88335,0.89265,126200,3013564505
03/04/2021,ProShares Ultra S&P500,SSO,22.986625,23.610075,-2.64061,-0.62345,125600,2887120100
03/03/2021,ProShares Ultra S&P500,SSO,23.610075,24.24305,-2.61095,-0.632975,126400,2984313480
03/02/2021,ProShares Ultra S&P500,SSO,24.24305,24.6408,-1.61419,-0.39775,126600,3069170130
03/01/2021,ProShares Ultra S&P500,SSO,24.6408,23.521475,4.75874,1.119325,126200,3109668960
02/26/2021,ProShares Ultra S&P500,SSO,23.521475,23.7449,-0.94094,-0.223425,126400,2973114440
02/25/2021,ProShares Ultra S&P500,SSO,23.7449,24.9602,-4.86895,-1.2153,128000,3039347200
02/24/2021,ProShares Ultra S&P500,SSO,24.9602,24.407925,2.26269,0.552275,128600,3209881720
02/23/2021,ProShares Ultra S&P500,SSO,24.407925,24.34725,0.24921,0.060675,126200,3080280135
02/22/2021,ProShares Ultra S&P500,SSO,24.34725,24.727775,-1.53886,-0.380525,126400,3077492400
02/19/2021,ProShares Ultra S&P500,SSO,24.727775,24.817425,-0.36124,-0.08965,127000,3140427425
02/18/2021,ProShares Ultra S&P500,SSO,24.817425,25.03855,-0.88314,-0.221125,127000,3151812975
02/17/2021,ProShares Ultra S&P500,SSO,25.03855,25.045125,-0.02625,-0.006575,126600,3169880430
02/16/2021,ProShares Ultra S&P500,SSO,25.045125,25.0732,-0.11197,-0.028075,126800,3175721850
02/12/2021,ProShares Ultra S&P500,SSO,25.0732,24.83645,0.95324,0.23675,126800,3179281760
02/11/2021,ProShares Ultra S&P500,SSO,24.83645,24.74665,0.36288,0.0898,127000,3154229150
02/10/2021,ProShares Ultra S&P500,SSO,24.74665,24.76465,-0.07268,-0.018,127000,3142824550
02/09/2021,ProShares Ultra S&P500,SSO,24.76465,24.81065,-0.18540,-0.046,126400,3130251760
02/08/2021,ProShares Ultra S&P500,SSO,24.81065,24.451325,1.46955,0.359325,126400,3136066160
02/05/2021,ProShares Ultra S&P500,SSO,24.451325,24.2585,0.79488,0.192825,126200,3085757215
02/04/2021,ProShares Ultra S&P500,SSO,24.2585,23.738325,2.19129,0.520175,124800,3027460800
02/03/2021,ProShares Ultra S&P500,SSO,23.738325,23.692225,0.19458,0.0461,124800,2962542960
02/02/2021,ProShares Ultra S&P500,SSO,23.692225,23.051075,2.78143,0.64115,125000,2961528125
02/01/2021,ProShares Ultra S&P500,SSO,23.051075,22.33255,3.21739,0.718525,124800,2876774160
01/29/2021,ProShares Ultra S&P500,SSO,22.33255,23.2298,-3.86250,-0.89725,126600,2827300830
01/28/2021,ProShares Ultra S&P500,SSO,23.2298,22.789975,1.92991,0.439825,128000,2973414400
01/27/2021,ProShares Ultra S&P500,SSO,22.789975,24.01735,-5.11037,-1.227375,131200,2990044720
01/26/2021,ProShares Ultra S&P500,SSO,24.01735,24.090375,-0.30313,-0.073025,131800,3165486730
01/25/2021,ProShares Ultra S&P500,SSO,24.090375,23.91785,0.72132,0.172525,132000,3179929500
01/22/2021,ProShares Ultra S&P500,SSO,23.91785,24.066275,-0.61673,-0.148425,132400,3166723340
01/21/2021,ProShares Ultra S&P500,SSO,24.066275,24.046825,0.08088,0.01945,132800,3196001320
01/20/2021,ProShares Ultra S&P500,SSO,24.046825,23.39565,2.78332,0.651175,132600,3188608995
01/19/2021,ProShares Ultra S&P500,SSO,23.39565,23.024475,1.61209,0.371175,132600,3102263190
01/15/2021,ProShares Ultra S&P500,SSO,23.024475,23.361975,-1.44466,-0.3375,132600,3053045385
01/14/2021,ProShares Ultra S&P500,SSO,23.361975,23.53455,-0.73328,-0.172575,133000,3107142675
01/13/2021,ProShares Ultra S&P500,SSO,23.53455,23.42585,0.46402,0.1087,133000,3130095150
01/12/2021,ProShares Ultra S&P500,SSO,23.42585,23.407975,0.07636,0.017875,134600,3153119410
01/11/2021,ProShares Ultra S&P500,SSO,23.407975,23.72255,-1.32606,-0.314575,135600,3174121410
01/08/2021,ProShares Ultra S&P500,SSO,23.72255,23.4594,1.12173,0.26315,137000,3249989350
01/07/2021,ProShares Ultra S&P500,SSO,23.4594,22.77685,2.99668,0.68255,137400,3223321560
01/06/2021,ProShares Ultra S&P500,SSO,22.77685,22.5182,1.14863,0.25865,136600,3111317710
01/05/2021,ProShares Ultra S&P500,SSO,22.5182,22.20115,1.42808,0.31705,139200,3134533440
01/04/2021,ProShares Ultra S&P500,SSO,22.20115,22.87185,-2.93243,-0.6707,139200,3090400080
12/31/2020,ProShares Ultra S&P500,SSO,22.87185,22.5855,1.26785,0.28635,140200,3206633370
12/30/2020,ProShares Ultra S&P500,SSO,22.5855,22.523125,0.27694,0.062375,140200,3166487100
12/29/2020,ProShares Ultra S&P500,SSO,22.523125,22.62305,-0.44170,-0.099925,140200,3157742125
12/28/2020,ProShares Ultra S&P500,SSO,22.62305,22.23835,1.72989,0.3847,139200,3149128560
12/24/2020,ProShares Ultra S&P500,SSO,22.23835,22.077325,0.72937,0.161025,139400,3100025990
12/23/2020,ProShares Ultra S&P500,SSO,22.077325,22.066025,0.05121,0.0113,139400,3077579105
12/22/2020,ProShares Ultra S&P500,SSO,22.066025,22.15445,-0.39913,-0.088425,139400,3076003885
12/21/2020,ProShares Ultra S&P500,SSO,22.15445,22.330025,-0.78627,-0.175575,138400,3066175880
12/18/2020,ProShares Ultra S&P500,SSO,22.330025,22.487125,-0.69862,-0.1571,138600,3094941465
12/17/2020,ProShares Ultra S&P500,SSO,22.487125,22.232075,1.14722,0.25505,137600,3094228400
12/16/2020,ProShares Ultra S&P500,SSO,22.232075,22.1551,0.34744,0.076975,137400,3054687105
12/15/2020,ProShares Ultra S&P500,SSO,22.1551,21.59455,2.59579,0.56055,136400,3021955640
12/14/2020,ProShares Ultra S&P500,SSO,21.59455,21.77985,-0.85079,-0.1853,136000,2936858800
12/11/2020,ProShares Ultra S&P500,SSO,21.77985,21.834575,-0.25063,-0.054725,136200,2966415570
12/10/2020,ProShares Ultra S&P500,SSO,21.834575,21.885625,-0.23326,-0.05105,136400,2978236030
12/09/2020,ProShares Ultra S&P500,SSO,21.885625,22.244275,-1.61232,-0.35865,136600,2989576375
12/08/2020,ProShares Ultra S&P500,SSO,22.244275,22.119975,0.56194,0.1243,137200,3051914530
12/07/2020,ProShares Ultra S&P500,SSO,22.119975,22.208325,-0.39782,-0.08835,137200,3034860570
12/04/2020,ProShares Ultra S&P500,SSO,22.208325,21.82235,1.76871,0.385975,137000,3042540525
12/03/2020,ProShares Ultra S&P500,SSO,21.82235,21.842425,-0.09191,-0.020075,137200,2994026420
12/02/2020,ProShares Ultra S&P500,SSO,21.842425,21.760975,0.37429,0.08145,137000,2992412225
12/01/2020,ProShares Ultra S&P500,SSO,21.760975,21.2839,2.24148,0.477075,136400,2968196990
11/30/2020,ProShares Ultra S&P500,SSO,21.2839,21.47505,-0.89010,-0.19115,136400,2903123960
11/27/2020,ProShares Ultra S&P500,SSO,21.47505,21.36795,0.50122,0.1071,136600,2933491830
11/25/2020,ProShares Ultra S&P500,SSO,21.36795,21.4358,-0.31653,-0.06785,136600,2918861970
11/24/2020,ProShares Ultra S&P500,SSO,21.4358,20.76655,3.22273,0.66925,136600,2928130280
11/23/2020,ProShares Ultra S&P500,SSO,20.76655,20.5315,1.14483,0.23505,136000,2824250800
11/20/2020,ProShares Ultra S&P500,SSO,20.5315,20.81555,-1.36460,-0.28405,136000,2792284000
11/19/2020,ProShares Ultra S&P500,SSO,20.81555,20.65,0.80169,0.16555,137000,2851730350
11/18/2020,ProShares Ultra S&P500,SSO,20.65,21.13565,-2.29778,-0.48565,136600,2820790000
11/17/2020,ProShares Ultra S&P500,SSO,21.13565,21.33885,-0.95225,-0.2032,135600,2865994140
11/16/2020,ProShares Ultra S&P500,SSO,21.33885,20.850825,2.34055,0.488025,133600,2850870360
11/13/2020,ProShares Ultra S&P500,SSO,20.850825,20.2944,2.74177,0.556425,132800,2768989560
11/12/2020,ProShares Ultra S&P500,SSO,20.2944,20.700225,-1.96049,-0.405825,133000,2699155200
11/11/2020,ProShares Ultra S&P500,SSO,20.700225,20.38985,1.52220,0.310375,133600,2765550060
11/10/2020,ProShares Ultra S&P500,SSO,20.38985,20.442025,-0.25523,-0.052175,131800,2687382230
11/09/2020,ProShares Ultra S&P500,SSO,20.442025,19.965975,2.38431,0.47605,129000,2637021225
11/06/2020,ProShares Ultra S&P500,SSO,19.965975,19.9789,-0.06469,-0.012925,131000,2615542725
11/05/2020,ProShares Ultra S&P500,SSO,19.9789,19.22445,3.92443,0.75445,130400,2605248560
11/04/2020,ProShares Ultra S&P500,SSO,19.22445,18.41255,4.40949,0.8119,130400,2506868280
11/03/2020,ProShares Ultra S&P500,SSO,18.41255,17.780225,3.55634,0.632325,130200,2397314010
11/02/2020,ProShares Ultra S&P500,SSO,17.780225,17.3612,2.41357,0.419025,131000,2329209475
10/30/2020,ProShares Ultra S&P500,SSO,17.3612,17.781575,-2.36410,-0.420375,131000,2274317200
10/29/2020,ProShares Ultra S&P500,SSO,17.781575,17.374025,2.34574,0.40755,131600,2340055270
10/28/2020,ProShares Ultra S&P500,SSO,17.374025,18.687275,-7.02751,-1.31325,133200,2314220130
10/27/2020,ProShares Ultra S&P500,SSO,18.687275,18.8031,-0.61599,-0.115825,133600,2496619940
10/26/2020,ProShares Ultra S&P500,SSO,18.8031,19.52955,-3.71975,-0.72645,134000,2519615400
10/23/2020,ProShares Ultra S&P500,SSO,19.52955,19.396425,0.68634,0.133125,134000,2616959700
10/22/2020,ProShares Ultra S&P500,SSO,19.396425,19.1927,1.06147,0.203725,133600,2591362380
10/21/2020,ProShares Ultra S&P500,SSO,19.1927,19.27515,-0.42775,-0.08245,133600,2564144720
10/20/2020,ProShares Ultra S&P500,SSO,19.27515,19.09925,0.92098,0.1759,133600,2575160040
10/19/2020,ProShares Ultra S&P500,SSO,19.09925,19.739275,-3.24239,-0.640025,133800,2555479650
10/16/2020,ProShares Ultra S&P500,SSO,19.739275,19.738125,0.00583,0.00115,134200,2649010705
10/15/2020,ProShares Ultra S&P500,SSO,19.738125,19.797075,-0.29777,-0.05895,134200,2648856375
10/14/2020,ProShares Ultra S&P500,SSO,19.797075,20.05825,-1.30208,-0.261175,134200,2656767465
10/13/2020,ProShares Ultra S&P500,SSO,20.05825,20.3164,-1.27065,-0.25815,134600,2699840450
10/12/2020,ProShares Ultra S&P500,SSO,20.3164,19.67425,3.26391,0.64215,135000,2742714000
10/09/2020,ProShares Ultra S&P500,SSO,19.67425,19.33305,1.76485,0.3412,134400,2644219200
10/08/2020,ProShares Ultra S&P500,SSO,19.33305,19.015425,1.67035,0.317625,134600,2602228530
10/07/2020,ProShares Ultra S&P500,SSO,19.015425,18.376175,3.47869,0.63925,135200,2570885460
10/06/2020,ProShares Ultra S&P500,SSO,18.376175,18.90615,-2.80319,-0.529975,134600,2473433155
10/05/2020,ProShares Ultra S&P500,SSO,18.90615,18.2497,3.59705,0.65645,135000,2552330250
10/02/2020,ProShares Ultra S&P500,SSO,18.2497,18.606175,-1.91590,-0.356475,134200,2449109740
10/01/2020,ProShares Ultra S&P500,SSO,18.606175,18.402975,1.10417,0.2032,135000,2511833625
09/30/2020,ProShares Ultra S&P500,SSO,18.402975,18.108175,1.62799,0.2948,134400,2473359840
09/29/2020,ProShares Ultra S&P500,SSO,18.108175,18.284775,-0.96583,-0.1766,134000,2426495450
09/28/2020,ProShares Ultra S&P500,SSO,18.284775,17.7126,3.23033,0.572175,132800,2428218120
09/25/2020,ProShares Ultra S&P500,SSO,17.7126,17.16265,3.20434,0.54995,132400,2345148240
09/24/2020,ProShares Ultra S&P500,SSO,17.16265,17.0631,0.58342,0.09955,132400,2272334860
09/23/2020,ProShares Ultra S&P500,SSO,17.0631,17.908225,-4.71920,-0.845125,132400,2259154440
09/22/2020,ProShares Ultra S&P500,SSO,17.908225,17.541575,2.09018,0.36665,132800,2378212280
09/21/2020,ProShares Ultra S&P500,SSO,17.541575,17.954975,-2.30243,-0.4134,132800,2329521160
09/18/2020,ProShares Ultra S&P500,SSO,17.954975,18.3682,-2.24968,-0.413225,133000,2388011675
09/17/2020,ProShares Ultra S&P500,SSO,18.3682,18.684925,-1.69508,-0.316725,133800,2457665160
09/16/2020,ProShares Ultra S&P500,SSO,18.684925,18.85575,-0.90596,-0.170825,133800,2500042965
09/15/2020,ProShares Ultra S&P500,SSO,18.85575,18.661675,1.03997,0.194075,134400,2534212800
09/14/2020,ProShares Ultra S&P500,SSO,18.661675,18.18765,2.60630,0.474025,134400,2508129120
09/11/2020,ProShares Ultra S&P500,SSO,18.18765,18.167625,0.11022,0.020025,136800,2488070520
09/10/2020,ProShares Ultra S&P500,SSO,18.167625,18.828525,-3.51010,-0.6609,138200,2510765775
09/09/2020,ProShares Ultra S&P500,SSO,18.828525,18.09995,4.02529,0.728575,136800,2575742220
09/08/2020,ProShares Ultra S&P500,SSO,18.09995,19.161525,-5.54014,-1.061575,138000,2497793100
09/04/2020,ProShares Ultra S&P500,SSO,19.161525,19.479725,-1.63349,-0.3182,147400,2824408785
09/03/2020,ProShares Ultra S&P500,SSO,19.479725,20.94165,-6.98094,-1.461925,151400,2949230365
09/02/2020,ProShares Ultra S&P500,SSO,20.94165,20.320125,3.05867,0.621525,154200,3229202430
09/01/2020,ProShares Ultra S&P500,SSO,20.320125,20.0071,1.56457,0.313025,153600,3121171200
08/31/2020,ProShares Ultra S&P500,SSO,20.0071,20.102575,-0.47494,-0.095475,153800,3077091980
08/28/2020,ProShares Ultra S&P500,SSO,20.102575,19.8343,1.35258,0.268275,152800,3071673460
08/27/2020,ProShares Ultra S&P500,SSO,19.8343,19.76405,0.35544,0.07025,152800,3030681040
08/26/2020,ProShares Ultra S&P500,SSO,19.76405,19.3706,2.03117,0.39345,152200,3008088410
08/25/2020,ProShares Ultra S&P500,SSO,19.3706,19.2332,0.71439,0.1374,152400,2952079440
08/24/2020,ProShares Ultra S&P500,SSO,19.2332,18.851875,2.02274,0.381325,150200,2888826640
08/21/2020,ProShares Ultra S&P500,SSO,18.851875,18.721175,0.69814,0.1307,148800,2805159000
08/20/2020,ProShares Ultra S&P500,SSO,18.721175,18.603925,0.63024,0.11725,149200,2793199310
08/19/2020,ProShares Ultra S&P500,SSO,18.603925,18.76325,-0.84913,-0.159325,150000,2790588750
08/18/2020,ProShares Ultra S&P500,SSO,18.76325,18.67375,0.47928,0.0895,150400,2821992800
08/17/2020,ProShares Ultra S&P500,SSO,18.67375,18.5706625,0.55511,0.1030875,150400,2808532000
08/14/2020,ProShares Ultra S&P500,SSO,18.5706625,18.574175,-0.01891,-0.0035125,150400,2793027640
08/13/2020,ProShares Ultra S&P500,SSO,18.574175,18.642275,-0.36530,-0.0681,150400,2793555920
08/12/2020,ProShares Ultra S&P500,SSO,18.642275,18.1317375,2.81571,0.5105375,150400,2803798160
08/11/2020,ProShares Ultra S&P500,SSO,18.1317375,18.427675,-1.60594,-0.2959375,148800,2698002540
08/10/2020,ProShares Ultra S&P500,SSO,18.427675,18.326475,0.55221,0.1012,149200,2749409110
08/07/2020,ProShares Ultra S&P500,SSO,18.326475,18.29745,0.15863,0.029025,149200,2734310070
08/06/2020,ProShares Ultra S&P500,SSO,18.29745,18.0609875,1.30924,0.2364625,149600,2737298520
08/05/2020,ProShares Ultra S&P500,SSO,18.0609875,17.834075,1.27235,0.2269125,150800,2723596915
08/04/2020,ProShares Ultra S&P500,SSO,17.834075,17.7050875,0.72853,0.1289875,151200,2696512140
08/03/2020,ProShares Ultra S&P500,SSO,17.7050875,17.456775,1.42244,0.2483125,151200,2677009230
07/31/2020,ProShares Ultra S&P500,SSO,17.456775,17.1889,1.55842,0.267875,151200,2639464380
07/30/2020,ProShares Ultra S&P500,SSO,17.1889,17.313525,-0.71981,-0.124625,152000,2612712800
07/29/2020,ProShares Ultra S&P500,SSO,17.313525,16.895175,2.47615,0.41835,152000,2631655800
07/28/2020,ProShares Ultra S&P500,SSO,16.895175,17.1157125,-1.28851,-0.2205375,152400,2574824670
07/27/2020,ProShares Ultra S&P500,SSO,17.1157125,16.868275,1.46688,0.2474375,152400,2608434585
07/24/2020,ProShares Ultra S&P500,SSO,16.868275,17.0813125,-1.24720,-0.2130375,152400,2570725110
07/23/2020,ProShares Ultra S&P500,SSO,17.0813125,17.5090125,-2.44274,-0.4277,151600,2589526975
07/22/2020,ProShares Ultra S&P500,SSO,17.5090125,17.3101,1.14911,0.1989125,152000,2661369900
07/21/2020,ProShares Ultra S&P500,SSO,17.3101,17.2496,0.35073,0.0605,151600,2624211160
07/20/2020,ProShares Ultra S&P500,SSO,17.2496,16.9675875,1.66207,0.2820125,149600,2580540160
07/17/2020,ProShares Ultra S&P500,SSO,16.9675875,16.8702875,0.57675,0.0973,149600,2538351090
07/16/2020,ProShares Ultra S&P500,SSO,16.8702875,16.985475,-0.67815,-0.1151875,150000,2530543125
07/15/2020,ProShares Ultra S&P500,SSO,16.985475,16.68145,1.82253,0.304025,149200,2534232870
07/14/2020,ProShares Ultra S&P500,SSO,16.68145,16.2463125,2.67838,0.4351375,148800,2482199760
07/13/2020,ProShares Ultra S&P500,SSO,16.2463125,16.553325,-1.85469,-0.3070125,148800,2417451300
07/10/2020,ProShares Ultra S&P500,SSO,16.553325,16.2162125,2.07886,0.3371125,149200,2469756090
07/09/2020,ProShares Ultra S&P500,SSO,16.2162125,16.3943375,-1.08650,-0.178125,151200,2451891330
07/08/2020,ProShares Ultra S&P500,SSO,16.3943375,16.1430125,1.55687,0.251325,151200,2478823830
07/07/2020,ProShares Ultra S&P500,SSO,16.1430125,16.4972,-2.14696,-0.3541875,151200,2440823490
07/06/2020,ProShares Ultra S&P500,SSO,16.4972,15.993825,3.14731,0.503375,148800,2454783360
07/02/2020,ProShares Ultra S&P500,SSO,15.993825,15.8392625,0.97582,0.1545625,148000,2367086100
07/01/2020,ProShares Ultra S&P500,SSO,15.8392625,15.6703875,1.07767,0.168875,148400,2350546555
06/30/2020,ProShares Ultra S&P500,SSO,15.6703875,15.21625,2.98456,0.4541375,147200,2306681040
06/29/2020,ProShares Ultra S&P500,SSO,15.21625,14.7805625,2.94771,0.4356875,146000,2221572500
06/26/2020,ProShares Ultra S&P500,SSO,14.7805625,15.5299,-4.82513,-0.7493375,146000,2157962125
06/25/2020,ProShares Ultra S&P500,SSO,15.5299,15.1980875,2.18325,0.3318125,147600,2292213240
06/24/2020,ProShares Ultra S&P500,SSO,15.1980875,16.0249125,-5.15962,-0.826825,148000,2249316950
06/23/2020,ProShares Ultra S&P500,SSO,16.0249125,15.8870375,0.86785,0.137875,148800,2384506980
06/22/2020,ProShares Ultra S&P500,SSO,15.8870375,15.68465,1.29035,0.2023875,148800,2363991180
06/19/2020,ProShares Ultra S&P500,SSO,15.68465,15.860075,-1.10608,-0.175425,148800,2333875920
06/18/2020,ProShares Ultra S&P500,SSO,15.860075,15.8424125,0.11149,0.0176625,148400,2353635130
06/17/2020,ProShares Ultra S&P500,SSO,15.8424125,15.960925,-0.74252,-0.1185125,149600,2370024910
06/16/2020,ProShares Ultra S&P500,SSO,15.960925,15.3762625,3.80237,0.5846625,150000,2394138750
06/15/2020,ProShares Ultra S&P500,SSO,15.3762625,15.120475,1.69166,0.2557875,149600,2300288870
06/12/2020,ProShares Ultra S&P500,SSO,15.120475,14.7338375,2.62415,0.3866375,151200,2286215820
06/11/2020,ProShares Ultra S&P500,SSO,14.7338375,16.6928875,-11.73584,-1.95905,154400,2274904510
06/10/2020,ProShares Ultra S&P500,SSO,16.6928875,16.8736125,-1.07105,-0.180725,149200,2490578815
06/09/2020,ProShares Ultra S&P500,SSO,16.8736125,17.1374375,-1.53947,-0.263825,148400,2504044095
06/08/2020,ProShares Ultra S&P500,SSO,17.1374375,16.7346875,2.40668,0.40275,148000,2536340750
06/05/2020,ProShares Ultra S&P500,SSO,16.7346875,15.9048125,5.21776,0.829875,148400,2483427625
06/04/2020,ProShares Ultra S&P500,SSO,15.9048125,16.0040625,-0.62016,-0.09925,146800,2334826475
06/03/2020,ProShares Ultra S&P500,SSO,16.0040625,15.5790625,2.72802,0.425,146400,2342994750
06/02/2020,ProShares Ultra S&P500,SSO,15.5790625,15.3267875,1.64597,0.252275,145200,2262079875
06/01/2020,ProShares Ultra S&P500,SSO,15.3267875,15.21045,0.76485,0.1163375,145200,2225449545
05/29/2020,ProShares Ultra S&P500,SSO,15.21045,15.0655625,0.96171,0.1448875,142400,2165968080
05/28/2020,ProShares Ultra S&P500,SSO,15.0655625,15.12565,-0.39726,-0.0600875,141600,2133283650
05/27/2020,ProShares Ultra S&P500,SSO,15.12565,14.69035,2.96317,0.4353,139200,2105490480
05/26/2020,ProShares Ultra S&P500,SSO,14.69035,14.338925,2.45085,0.351425,139200,2044896720
05/22/2020,ProShares Ultra S&P500,SSO,14.338925,14.2708375,0.47711,0.0680875,139200,1995978360
05/21/2020,ProShares Ultra S&P500,SSO,14.2708375,14.4912875,-1.52126,-0.22045,138000,1969375575
05/20/2020,ProShares Ultra S&P500,SSO,14.4912875,14.0188375,3.37011,0.47245,138800,2011390705
05/19/2020,ProShares Ultra S&P500,SSO,14.0188375,14.316275,-2.07762,-0.2974375,138000,1934599575
05/18/2020,ProShares Ultra S&P500,SSO,14.316275,13.4719,6.26768,0.844375,135600,1941286890
05/15/2020,ProShares Ultra S&P500,SSO,13.4719,13.361925,0.82305,0.109975,138000,1859122200
05/14/2020,ProShares Ultra S&P500,SSO,13.361925,13.0554875,2.34719,0.3064375,138400,1849290420
05/13/2020,ProShares Ultra S&P500,SSO,13.0554875,13.5281875,-3.49419,-0.4727,138400,1806879470
05/12/2020,ProShares Ultra S&P500,SSO,13.5281875,14.10185,-4.06799,-0.5736625,140400,1899357525
05/11/2020,ProShares Ultra S&P500,SSO,14.10185,14.0977875,0.02882,0.0040625,140400,1979899740
05/08/2020,ProShares Ultra S&P500,SSO,14.0977875,13.636075,3.38596,0.4617125,140000,1973690250
05/07/2020,ProShares Ultra S&P500,SSO,13.636075,13.320325,2.37044,0.31575,141200,1925413790
05/06/2020,ProShares Ultra S&P500,SSO,13.320325,13.5065125,-1.37850,-0.1861875,143600,1912798670
05/05/2020,ProShares Ultra S&P500,SSO,13.5065125,13.266375,1.81012,0.2401375,146000,1971950825
05/04/2020,ProShares Ultra S&P500,SSO,13.266375,13.1634875,0.78161,0.1028875,145600,1931584200
05/01/2020,ProShares Ultra S&P500,SSO,13.1634875,13.93555,-5.54024,-0.7720625,145600,1916603780
04/30/2020,ProShares Ultra S&P500,SSO,13.93555,14.1987125,-1.85343,-0.2631625,142400,1984422320
04/29/2020,ProShares Ultra S&P500,SSO,14.1987125,13.4841125,5.29957,0.7146,143200,2033255630
04/28/2020,ProShares Ultra S&P500,SSO,13.4841125,13.624375,-1.02950,-0.1402625,141600,1909350330
04/27/2020,ProShares Ultra S&P500,SSO,13.624375,13.2371125,2.92558,0.3872625,142400,1940111000
04/24/2020,ProShares Ultra S&P500,SSO,13.2371125,12.878475,2.78478,0.3586375,142400,1884964820
04/23/2020,ProShares Ultra S&P500,SSO,12.878475,12.88995,-0.08902,-0.011475,144800,1864803180
04/22/2020,ProShares Ultra S&P500,SSO,12.88995,12.327475,4.56278,0.562475,145600,1876776720
04/21/2020,ProShares Ultra S&P500,SSO,12.327475,13.131775,-6.12484,-0.8043,147200,1814604320
04/20/2020,ProShares Ultra S&P500,SSO,13.131775,13.619025,-3.57772,-0.48725,144400,1896228310
04/17/2020,ProShares Ultra S&P500,SSO,13.619025,12.9248125,5.37116,0.6942125,144000,1961139600
04/16/2020,ProShares Ultra S&P500,SSO,12.9248125,12.7822625,1.11522,0.14255,145200,1876682775
04/15/2020,ProShares Ultra S&P500,SSO,12.7822625,13.366975,-4.37431,-0.5847125,144000,1840645800
04/14/2020,ProShares Ultra S&P500,SSO,13.366975,12.598825,6.09700,0.76815,143600,1919497610
04/13/2020,ProShares Ultra S&P500,SSO,12.598825,12.8554125,-1.99595,-0.2565875,140400,1768875030
04/09/2020,ProShares Ultra S&P500,SSO,12.8554125,12.4882875,2.93975,0.367125,142000,1825468575
04/08/2020,ProShares Ultra S&P500,SSO,12.4882875,11.6921625,6.80905,0.796125,142000,1773336825
04/07/2020,ProShares Ultra S&P500,SSO,11.6921625,11.717425,-0.21560,-0.0252625,144400,1688348265
04/06/2020,ProShares Ultra S&P500,SSO,11.717425,10.28695,13.90573,1.430475,140000,1640439500
04/03/2020,ProShares Ultra S&P500,SSO,10.28695,10.6031625,-2.98225,-0.3162125,140000,1440173000
04/02/2020,ProShares Ultra S&P500,SSO,10.6031625,10.1361375,4.60752,0.467025,142400,1509890340
04/01/2020,ProShares Ultra S&P500,SSO,10.1361375,11.1223,-8.86653,-0.9861625,141600,1435277070
03/31/2020,ProShares Ultra S&P500,SSO,11.1223,11.485425,-3.16162,-0.363125,142800,1588264440
03/30/2020,ProShares Ultra S&P500,SSO,11.485425,10.7672375,6.67012,0.7181875,143200,1644712860
03/27/2020,ProShares Ultra S&P500,SSO,10.7672375,11.52675,-6.58913,-0.7595125,144000,1550482200
03/26/2020,ProShares Ultra S&P500,SSO,11.52675,10.2616875,12.32802,1.2650625,147200,1696737600
03/25/2020,ProShares Ultra S&P500,SSO,10.2616875,10.0448125,2.15907,0.216875,148000,1518729750
03/24/2020,ProShares Ultra S&P500,SSO,10.0448125,8.4606625,18.72371,1.58415,148400,1490650175
03/23/2020,ProShares Ultra S&P500,SSO,8.4606625,8.985275,-5.83858,-0.5246125,146400,1238640990
03/20/2020,ProShares Ultra S&P500,SSO,8.985275,9.842575,-8.71012,-0.8573,145600,1308256040
03/19/2020,ProShares Ultra S&P500,SSO,9.842575,9.7564125,0.88314,0.0861625,140000,1377960500
03/18/2020,ProShares Ultra S&P500,SSO,9.7564125,10.88265,-10.34893,-1.1262375,139200,1358092620
03/17/2020,ProShares Ultra S&P500,SSO,10.88265,9.7238125,11.91752,1.1588375,140400,1527924060
03/16/2020,ProShares Ultra S&P500,SSO,9.7238125,12.75785,-23.78173,-3.0340375,138800,1349665175
03/13/2020,ProShares Ultra S&P500,SSO,12.75785,10.762925,18.53516,1.994925,140000,1786099000
03/12/2020,ProShares Ultra S&P500,SSO,10.762925,13.2886625,-19.00671,-2.5257375,140800,1515419840
03/11/2020,ProShares Ultra S&P500,SSO,13.2886625,14.72635,-9.76269,-1.4376875,140000,1860412750
03/10/2020,ProShares Ultra S&P500,SSO,14.72635,13.3985625,9.90993,1.3277875,142000,2091141700
03/09/2020,ProShares Ultra S&P500,SSO,13.3985625,15.8065,-15.23384,-2.4079375,139200,1865079900
03/06/2020,ProShares Ultra S&P500,SSO,15.8065,16.363725,-3.40525,-0.557225,139200,2200264800
03/05/2020,ProShares Ultra S&P500,SSO,16.363725,17.5486875,-6.75243,-1.1849625,139600,2284376010
03/04/2020,ProShares Ultra S&P500,SSO,17.5486875,16.1836875,8.43442,1.365,139600,2449796775
03/03/2020,ProShares Ultra S&P500,SSO,16.1836875,17.1495375,-5.63193,-0.96585,139600,2259242775
03/02/2020,ProShares Ultra S&P500,SSO,17.1495375,15.7112875,9.15425,1.43825,139600,2394075435
02/28/2020,ProShares Ultra S&P500,SSO,15.7112875,15.9605125,-1.56151,-0.249225,143600,2256140885
02/27/2020,ProShares Ultra S&P500,SSO,15.9605125,17.5066625,-8.83178,-1.54615,140400,2240855955
02/26/2020,ProShares Ultra S&P500,SSO,17.5066625,17.6411,-0.76207,-0.1344375,140400,2457935415
02/25/2020,ProShares Ultra S&P500,SSO,17.6411,18.779175,-6.06030,-1.138075,146800,2589713480
02/24/2020,ProShares Ultra S&P500,SSO,18.779175,20.1248875,-6.68681,-1.3457125,151200,2839411260
02/21/2020,ProShares Ultra S&P500,SSO,20.1248875,20.556725,-2.10071,-0.4318375,150800,3034833035
02/20/2020,ProShares Ultra S&P500,SSO,20.556725,20.7184625,-0.78064,-0.1617375,150800,3099954130
02/19/2020,ProShares Ultra S&P500,SSO,20.7184625,20.5203875,0.96526,0.198075,151600,3140918915
02/18/2020,ProShares Ultra S&P500,SSO,20.5203875,20.6406,-0.58241,-0.1202125,150800,3094474435
02/14/2020,ProShares Ultra S&P500,SSO,20.6406,20.5617625,0.38342,0.0788375,151200,3120858720
02/13/2020,ProShares Ultra S&P500,SSO,20.5617625,20.6197,-0.28098,-0.0579375,150400,3092489080
02/12/2020,ProShares Ultra S&P500,SSO,20.6197,20.357175,1.28959,0.262525,149600,3084707120
02/11/2020,ProShares Ultra S&P500,SSO,20.357175,20.2889375,0.33633,0.0682375,149200,3037290510
02/10/2020,ProShares Ultra S&P500,SSO,20.2889375,19.99255,1.48249,0.2963875,149200,3027109475
02/07/2020,ProShares Ultra S&P500,SSO,19.99255,20.2049,-1.05098,-0.21235,148400,2966894420
02/06/2020,ProShares Ultra S&P500,SSO,20.2049,20.069125,0.67654,0.135775,148400,2998407160
02/05/2020,ProShares Ultra S&P500,SSO,20.069125,19.627575,2.24964,0.44155,148400,2978258150
02/04/2020,ProShares Ultra S&P500,SSO,19.627575,19.05725,2.99269,0.570325,148800,2920583160
02/03/2020,ProShares Ultra S&P500,SSO,19.05725,18.78595,1.44416,0.2713,148400,2828095900
01/31/2020,ProShares Ultra S&P500,SSO,18.78595,19.4758125,-3.54215,-0.6898625,150800,2832921260
01/30/2020,ProShares Ultra S&P500,SSO,19.4758125,19.3526375,0.63648,0.123175,151600,2952533175
01/29/2020,ProShares Ultra S&P500,SSO,19.3526375,19.3871625,-0.17808,-0.034525,151600,2933859845
01/28/2020,ProShares Ultra S&P500,SSO,19.3871625,19.0043625,2.01427,0.3828,151600,2939093835
01/27/2020,ProShares Ultra S&P500,SSO,19.0043625,19.6255625,-3.16526,-0.6212,151600,2881061355
01/24/2020,ProShares Ultra S&P500,SSO,19.6255625,19.9875125,-1.81088,-0.36195,154000,3022336625
01/23/2020,ProShares Ultra S&P500,SSO,19.9875125,19.94315,0.22244,0.0443625,154400,3086071930
01/22/2020,ProShares Ultra S&P500,SSO,19.94315,19.9325125,0.05337,0.0106375,154400,3079222360
01/21/2020,ProShares Ultra S&P500,SSO,19.9325125,20.0389625,-0.53122,-0.10645,154000,3069606925
01/17/2020,ProShares Ultra S&P500,SSO,20.0389625,19.8885375,0.75634,0.150425,154000,3086000225
01/16/2020,ProShares Ultra S&P500,SSO,19.8885375,19.5652375,1.65242,0.3233,154400,3070790190
01/15/2020,ProShares Ultra S&P500,SSO,19.5652375,19.492025,0.37560,0.0732125,154800,3028698765
01/14/2020,ProShares Ultra S&P500,SSO,19.492025,19.549475,-0.29387,-0.05745,154400,3009568660
01/13/2020,ProShares Ultra S&P500,SSO,19.549475,19.282975,1.38205,0.2665,154400,3018438940
01/10/2020,ProShares Ultra S&P500,SSO,19.282975,19.395375,-0.57952,-0.1124,154400,2977291340
01/09/2020,ProShares Ultra S&P500,SSO,19.395375,19.134725,1.36218,0.26065,154400,2994645900
01/08/2020,ProShares Ultra S&P500,SSO,19.134725,18.9483625,0.98353,0.1863625,154400,2954401540
01/07/2020,ProShares Ultra S&P500,SSO,18.9483625,19.05325,-0.55050,-0.1048875,154400,2925627170
01/06/2020,ProShares Ultra S&P500,SSO,19.05325,18.9211625,0.69809,0.1320875,154400,2941821800
01/03/2020,ProShares Ultra S&P500,SSO,18.9211625,19.1912125,-1.40715,-0.27005,154400,2921427490
01/02/2020,ProShares Ultra S&P500,SSO,19.1912125,18.8727,1.68769,0.3185125,154400,2963123210
12/31/2019,ProShares Ultra S&P500,SSO,18.8727,18.7627875,0.58580,0.1099125,154400,2913944880
12/30/2019,ProShares Ultra S&P500,SSO,18.7627875,18.9807,-1.14807,-0.2179125,154400,2896974390
12/27/2019,ProShares Ultra S&P500,SSO,18.9807,18.981125,-0.00224,-0.000425,154800,2938212360
12/26/2019,ProShares Ultra S&P500,SSO,18.981125,18.789075,1.02214,0.19205,154800,2938278150
12/24/2019,ProShares Ultra S&P500,SSO,18.789075,18.8285125,-0.20946,-0.0394375,154400,2901033180
12/23/2019,ProShares Ultra S&P500,SSO,18.8285125,18.7984125,0.16012,0.0301,154400,2907122330
12/20/2019,ProShares Ultra S&P500,SSO,18.7984125,18.6153875,0.98319,0.183025,154800,2909994255
12/19/2019,ProShares Ultra S&P500,SSO,18.6153875,18.4531,0.87946,0.1622875,155200,2889108140
12/18/2019,ProShares Ultra S&P500,SSO,18.4531,18.46625,-0.07121,-0.01315,154800,2856539880
12/17/2019,ProShares Ultra S&P500,SSO,18.46625,18.45625,0.05418,0.01,152000,2806870000
12/16/2019,ProShares Ultra S&P500,SSO,18.45625,18.1975,1.42190,0.25875,151600,2797967500
12/13/2019,ProShares Ultra S&P500,SSO,18.1975,18.19,0.04123,0.0075,151600,2758741000
12/12/2019,ProShares Ultra S&P500,SSO,18.19,17.8825,1.71956,0.3075,151600,2757604000
12/11/2019,ProShares Ultra S&P500,SSO,17.8825,17.78,0.57649,0.1025,151200,2703834000
12/10/2019,ProShares Ultra S&P500,SSO,17.78,17.82,-0.22447,-0.04,151200,2688336000
12/09/2019,ProShares Ultra S&P500,SSO,17.82,17.9325,-0.62735,-0.1125,151200,2694384000
12/06/2019,ProShares Ultra S&P500,SSO,17.9325,17.61,1.83135,0.3225,151200,2711394000
12/05/2019,ProShares Ultra S&P500,SSO,17.61,17.5525,0.32759,0.0575,152000,2676720000
12/04/2019,ProShares Ultra S&P500,SSO,17.5525,17.33125,1.27660,0.22125,152000,2667980000
12/03/2019,ProShares Ultra S&P500,SSO,17.33125,17.565,-1.33077,-0.23375,150000,2599687500
12/02/2019,ProShares Ultra S&P500,SSO,17.565,17.87375,-1.72739,-0.30875,150400,2641776000
11/29/2019,ProShares Ultra S&P500,SSO,17.87375,18.0125,-0.77030,-0.13875,150400,2688212000
11/27/2019,ProShares Ultra S&P500,SSO,18.0125,17.86125,0.84681,0.15125,150400,2709080000
11/26/2019,ProShares Ultra S&P500,SSO,17.86125,17.785,0.42873,0.07625,150400,2686332000
11/25/2019,ProShares Ultra S&P500,SSO,17.785,17.52,1.51256,0.265,150000,2667750000
11/22/2019,ProShares Ultra S&P500,SSO,17.52,17.445,0.42992,0.075,149600,2620992000
11/21/2019,ProShares Ultra S&P500,SSO,17.445,17.5025,-0.32852,-0.0575,150800,2630706000
11/20/2019,ProShares Ultra S&P500,SSO,17.5025,17.63,-0.72320,-0.1275,150800,2639377000
11/19/2019,ProShares Ultra S&P500,SSO,17.63,17.65,-0.11331,-0.02,151600,2672708000
11/18/2019,ProShares Ultra S&P500,SSO,17.65,17.6325,0.09925,0.0175,151200,2668680000
11/15/2019,ProShares Ultra S&P500,SSO,17.6325,17.36375,1.54776,0.26875,151200,2666034000
11/14/2019,ProShares Ultra S&P500,SSO,17.36375,17.3275,0.20921,0.03625,151600,2632344500
11/13/2019,ProShares Ultra S&P500,SSO,17.3275,17.305,0.13002,0.0225,151200,2619918000
11/12/2019,ProShares Ultra S&P500,SSO,17.305,17.24875,0.32611,0.05625,152000,2630360000
11/11/2019,ProShares Ultra S&P500,SSO,17.24875,17.3175,-0.39700,-0.06875,151600,2614910500
11/08/2019,ProShares Ultra S&P500,SSO,17.3175,17.22625,0.52971,0.09125,151600,2625333000
11/07/2019,ProShares Ultra S&P500,SSO,17.22625,17.12,0.62062,0.10625,151600,2611499500
11/06/2019,ProShares Ultra S&P500,SSO,17.12,17.0975,0.13160,0.0225,150400,2574848000
11/05/2019,ProShares Ultra S&P500,SSO,17.0975,17.13875,-0.24068,-0.04125,149200,2550947000
11/04/2019,ProShares Ultra S&P500,SSO,17.13875,17.01375,0.73470,0.125,146400,2509113000
11/01/2019,ProShares Ultra S&P500,SSO,17.01375,16.69125,1.93215,0.3225,146400,2490813000
10/31/2019,ProShares Ultra S&P500,SSO,16.69125,16.79375,-0.61035,-0.1025,146400,2443599000
10/30/2019,ProShares Ultra S&P500,SSO,16.79375,16.69,0.62163,0.10375,147200,2472040000
10/29/2019,ProShares Ultra S&P500,SSO,16.69,16.71125,-0.12716,-0.02125,144800,2416712000
10/28/2019,ProShares Ultra S&P500,SSO,16.71125,16.52875,1.10414,0.1825,144000,2406420000
10/25/2019,ProShares Ultra S&P500,SSO,16.52875,16.39625,0.80811,0.1325,143600,2373528500
10/24/2019,ProShares Ultra S&P500,SSO,16.39625,16.33875,0.35192,0.0575,143600,2354501500
10/23/2019,ProShares Ultra S&P500,SSO,16.33875,16.245,0.57710,0.09375,143600,2346244500
10/22/2019,ProShares Ultra S&P500,SSO,16.245,16.3625,-0.71811,-0.1175,142800,2319786000
10/21/2019,ProShares Ultra S&P500,SSO,16.3625,16.14125,1.37071,0.22125,142000,2323475000
10/18/2019,ProShares Ultra S&P500,SSO,16.14125,16.27125,-0.79896,-0.13,140800,2272688000
10/17/2019,ProShares Ultra S&P500,SSO,16.27125,16.1825,0.54843,0.08875,141200,2297500500
10/16/2019,ProShares Ultra S&P500,SSO,16.1825,16.24625,-0.39240,-0.06375,141200,2284969000
10/15/2019,ProShares Ultra S&P500,SSO,16.24625,15.93,1.98525,0.31625,141200,2293970500
10/14/2019,ProShares Ultra S&P500,SSO,15.93,15.97375,-0.27389,-0.04375,141200,2249316000
10/11/2019,ProShares Ultra S&P500,SSO,15.97375,15.63375,2.17478,0.34,142800,2281051500
10/10/2019,ProShares Ultra S&P500,SSO,15.63375,15.4375,1.27126,0.19625,142800,2232499500
10/09/2019,ProShares Ultra S&P500,SSO,15.4375,15.15375,1.87247,0.28375,142800,2204475000
10/08/2019,ProShares Ultra S&P500,SSO,15.15375,15.64125,-3.11676,-0.4875,144000,2182140000
10/07/2019,ProShares Ultra S&P500,SSO,15.64125,15.78375,-0.90283,-0.1425,144000,2252340000
10/04/2019,ProShares Ultra S&P500,SSO,15.78375,15.35125,2.81736,0.4325,145600,2298114000
10/03/2019,ProShares Ultra S&P500,SSO,15.35125,15.1075,1.61344,0.24375,148400,2278125500
10/02/2019,ProShares Ultra S&P500,SSO,15.1075,15.66875,-3.58197,-0.56125,148400,2241953000
10/01/2019,ProShares Ultra S&P500,SSO,15.66875,16.06125,-2.44377,-0.3925,146400,2293905000
09/30/2019,ProShares Ultra S&P500,SSO,16.06125,15.9025,0.99827,0.15875,146400,2351367000
09/27/2019,ProShares Ultra S&P500,SSO,15.9025,16.07125,-1.05001,-0.16875,146000,2321765000
09/26/2019,ProShares Ultra S&P500,SSO,16.07125,16.15125,-0.49532,-0.08,146000,2346402500
09/25/2019,ProShares Ultra S&P500,SSO,16.15125,15.9575,1.21416,0.19375,145200,2345161500
09/24/2019,ProShares Ultra S&P500,SSO,15.9575,16.22625,-1.65627,-0.26875,146400,2336178000
09/23/2019,ProShares Ultra S&P500,SSO,16.22625,16.2325,-0.03850,-0.00625,147200,2388504000
09/20/2019,ProShares Ultra S&P500,SSO,16.2325,16.3925,-0.97606,-0.16,147200,2389424000
09/19/2019,ProShares Ultra S&P500,SSO,16.3925,16.395,-0.01525,-0.0025,147200,2412976000
09/18/2019,ProShares Ultra S&P500,SSO,16.395,16.38375,0.06867,0.01125,147200,2413344000
09/17/2019,ProShares Ultra S&P500,SSO,16.38375,16.30125,0.50610,0.0825,147200,2411688000
09/16/2019,ProShares Ultra S&P500,SSO,16.30125,16.405,-0.63243,-0.10375,147200,2399544000
09/13/2019,ProShares Ultra S&P500,SSO,16.405,16.4225,-0.10656,-0.0175,147200,2414816000
09/12/2019,ProShares Ultra S&P500,SSO,16.4225,16.325,0.59724,0.0975,147600,2423961000
09/11/2019,ProShares Ultra S&P500,SSO,16.325,16.09375,1.43689,0.23125,147200,2403040000
09/10/2019,ProShares Ultra S&P500,SSO,16.09375,16.08625,0.04662,0.0075,145200,2336812500
09/09/2019,ProShares Ultra S&P500,SSO,16.08625,16.08625,0.00000,0,144800,2329289000
09/06/2019,ProShares Ultra S&P500,SSO,16.08625,16.0575,0.17904,0.02875,143600,2309985500
09/05/2019,ProShares Ultra S&P500,SSO,16.0575,15.65,2.60383,0.4075,143600,2305857000
09/04/2019,ProShares Ultra S&P500,SSO,15.65,15.315,2.18740,0.335,143600,2247340000
09/03/2019,ProShares Ultra S&P500,SSO,15.315,15.5225,-1.33677,-0.2075,142800,2186982000
08/30/2019,ProShares Ultra S&P500,SSO,15.5225,15.5075,0.09673,0.015,145600,2260076000
08/29/2019,ProShares Ultra S&P500,SSO,15.5075,15.12375,2.53740,0.38375,146400,2270298000
08/28/2019,ProShares Ultra S&P500,SSO,15.12375,14.92625,1.32317,0.1975,146400,2214117000
08/27/2019,ProShares Ultra S&P500,SSO,14.92625,15.02875,-0.68203,-0.1025,148800,2221026000
08/26/2019,ProShares Ultra S&P500,SSO,15.02875,14.70375,2.21032,0.325,150000,2254312500
08/23/2019,ProShares Ultra S&P500,SSO,14.70375,15.50875,-5.19062,-0.805,149600,2199681000
08/22/2019,ProShares Ultra S&P500,SSO,15.50875,15.52625,-0.11271,-0.0175,149600,2320109000
08/21/2019,ProShares Ultra S&P500,SSO,15.52625,15.27625,1.63653,0.25,149600,2322727000
08/20/2019,ProShares Ultra S&P500,SSO,15.27625,15.52,-1.57055,-0.24375,149200,2279216500
08/19/2019,ProShares Ultra S&P500,SSO,15.52,15.15375,2.41689,0.36625,148400,2303168000
08/16/2019,ProShares Ultra S&P500,SSO,15.15375,14.725,2.91171,0.42875,148400,2248816500
08/15/2019,ProShares Ultra S&P500,SSO,14.725,14.65125,0.50337,0.07375,148400,2185190000
08/14/2019,ProShares Ultra S&P500,SSO,14.65125,15.55875,-5.83273,-0.9075,147600,2162524500
08/13/2019,ProShares Ultra S&P500,SSO,15.55875,15.10625,2.99545,0.4525,146800,2284024500
08/12/2019,ProShares Ultra S&P500,SSO,15.10625,15.47875,-2.40653,-0.3725,149200,2253852500
08/09/2019,ProShares Ultra S&P500,SSO,15.47875,15.685,-1.31495,-0.20625,149200,2309429500
08/08/2019,ProShares Ultra S&P500,SSO,15.685,15.11125,3.79684,0.57375,150000,2352750000
08/07/2019,ProShares Ultra S&P500,SSO,15.11125,15.09,0.14082,0.02125,150400,2272732000
08/06/2019,ProShares Ultra S&P500,SSO,15.09,14.70125,2.64433,0.38875,154400,2329896000
08/05/2019,ProShares Ultra S&P500,SSO,14.70125,15.635,-5.97218,-0.93375,156400,2299275500
08/02/2019,ProShares Ultra S&P500,SSO,15.635,15.86625,-1.45750,-0.23125,156400,2445314000
08/01/2019,ProShares Ultra S&P500,SSO,15.86625,16.1575,-1.80257,-0.29125,158800,2519560500
07/31/2019,ProShares Ultra S&P500,SSO,16.1575,16.51875,-2.18691,-0.36125,158800,2565811000
07/30/2019,ProShares Ultra S&P500,SSO,16.51875,16.6025,-0.50444,-0.08375,157600,2603355000
07/29/2019,ProShares Ultra S&P500,SSO,16.6025,16.66,-0.34514,-0.0575,157600,2616554000
07/26/2019,ProShares Ultra S&P500,SSO,16.66,16.425,1.43075,0.235,158000,2632280000
07/25/2019,ProShares Ultra S&P500,SSO,16.425,16.6,-1.05422,-0.175,158800,2608290000
07/24/2019,ProShares Ultra S&P500,SSO,16.6,16.44625,0.93486,0.15375,158800,2636080000
07/23/2019,ProShares Ultra S&P500,SSO,16.44625,16.2225,1.37926,0.22375,158000,2598507500
07/22/2019,ProShares Ultra S&P500,SSO,16.2225,16.13625,0.53451,0.08625,158000,2563155000
07/19/2019,ProShares Ultra S&P500,SSO,16.13625,16.33375,-1.20915,-0.1975,158000,2549527500
07/18/2019,ProShares Ultra S&P500,SSO,16.33375,16.21875,0.70906,0.115,158000,2580732500
07/17/2019,ProShares Ultra S&P500,SSO,16.21875,16.435,-1.31579,-0.21625,158000,2562562500
07/16/2019,ProShares Ultra S&P500,SSO,16.435,16.55,-0.69486,-0.115,158400,2603304000
07/15/2019,ProShares Ultra S&P500,SSO,16.55,16.54375,0.03778,0.00625,158400,2621520000
07/12/2019,ProShares Ultra S&P500,SSO,16.54375,16.39375,0.91498,0.15,158400,2620530000
07/11/2019,ProShares Ultra S&P500,SSO,16.39375,16.3225,0.43651,0.07125,158000,2590212500
07/10/2019,ProShares Ultra S&P500,SSO,16.3225,16.17625,0.90410,0.14625,158000,2578955000
07/09/2019,ProShares Ultra S&P500,SSO,16.17625,16.13125,0.27896,0.045,157600,2549377000
07/08/2019,ProShares Ultra S&P500,SSO,16.13125,16.29625,-1.01250,-0.165,156800,2529380000
07/05/2019,ProShares Ultra S&P500,SSO,16.29625,16.34875,-0.32113,-0.0525,154000,2509622500
07/03/2019,ProShares Ultra S&P500,SSO,16.34875,16.0975,1.56080,0.25125,154000,2517707500
07/02/2019,ProShares Ultra S&P500,SSO,16.0975,16.00875,0.55438,0.08875,152800,2459698000
07/01/2019,ProShares Ultra S&P500,SSO,16.00875,15.75875,1.58642,0.25,152800,2446137000
06/28/2019,ProShares Ultra S&P500,SSO,15.75875,15.585,1.11485,0.17375,152800,2407937000
06/27/2019,ProShares Ultra S&P500,SSO,15.585,15.47,0.74337,0.115,152400,2375154000
06/26/2019,ProShares Ultra S&P500,SSO,15.47,15.5075,-0.24182,-0.0375,152400,2357628000
06/25/2019,ProShares Ultra S&P500,SSO,15.5075,15.84625,-2.13773,-0.33875,151600,2350937000
06/24/2019,ProShares Ultra S&P500,SSO,15.84625,15.89875,-0.33021,-0.0525,151600,2402291500
06/21/2019,ProShares Ultra S&P500,SSO,15.89875,15.94125,-0.26660,-0.0425,151600,2410250500
06/20/2019,ProShares Ultra S&P500,SSO,15.94125,15.64625,1.88544,0.295,153200,2442199500
06/19/2019,ProShares Ultra S&P500,SSO,15.64625,15.56125,0.54623,0.085,153200,2397005500
06/18/2019,ProShares Ultra S&P500,SSO,15.56125,15.26125,1.96576,0.3,152800,2377759000
06/17/2019,ProShares Ultra S&P500,SSO,15.26125,15.2375,0.15587,0.02375,152400,2325814500
06/14/2019,ProShares Ultra S&P500,SSO,15.2375,15.2825,-0.29445,-0.045,152000,2316100000
06/13/2019,ProShares Ultra S&P500,SSO,15.2825,15.155,0.84131,0.1275,153200,2341279000
06/12/2019,ProShares Ultra S&P500,SSO,15.155,15.2175,-0.41071,-0.0625,152800,2315684000
06/11/2019,ProShares Ultra S&P500,SSO,15.2175,15.2275,-0.06567,-0.01,151600,2306973000
06/10/2019,ProShares Ultra S&P500,SSO,15.2275,15.08875,0.91956,0.13875,150800,2296307000
06/07/2019,ProShares Ultra S&P500,SSO,15.08875,14.78125,2.08034,0.3075,150400,2269348000
06/06/2019,ProShares Ultra S&P500,SSO,14.78125,14.59875,1.25011,0.1825,150000,2217187500
06/05/2019,ProShares Ultra S&P500,SSO,14.59875,14.36,1.66260,0.23875,152400,2224849500
06/04/2019,ProShares Ultra S&P500,SSO,14.36,13.7675,4.30361,0.5925,155600,2234416000
06/03/2019,ProShares Ultra S&P500,SSO,13.7675,13.845,-0.55977,-0.0775,156400,2153237000
05/31/2019,ProShares Ultra S&P500,SSO,13.845,14.21875,-2.62857,-0.37375,160000,2215200000
05/30/2019,ProShares Ultra S&P500,SSO,14.21875,14.1575,0.43263,0.06125,159600,2269312500
05/29/2019,ProShares Ultra S&P500,SSO,14.1575,14.355,-1.37583,-0.1975,159600,2259537000
05/28/2019,ProShares Ultra S&P500,SSO,14.355,14.60875,-1.73697,-0.25375,164000,2354220000
05/24/2019,ProShares Ultra S&P500,SSO,14.60875,14.5625,0.31760,0.04625,164000,2395835000
05/23/2019,ProShares Ultra S&P500,SSO,14.5625,14.9225,-2.41246,-0.36,164000,2388250000
05/22/2019,ProShares Ultra S&P500,SSO,14.9225,15.01,-0.58294,-0.0875,164800,2459228000
05/21/2019,ProShares Ultra S&P500,SSO,15.01,14.7575,1.71099,0.2525,164800,2473648000
05/20/2019,ProShares Ultra S&P500,SSO,14.7575,14.96,-1.35361,-0.2025,164800,2432036000
05/17/2019,ProShares Ultra S&P500,SSO,14.96,15.14,-1.18890,-0.18,164800,2465408000
05/16/2019,ProShares Ultra S&P500,SSO,15.14,14.87125,1.80718,0.26875,164800,2495072000
05/15/2019,ProShares Ultra S&P500,SSO,14.87125,14.695,1.19939,0.17625,164800,2450782000
05/14/2019,ProShares Ultra S&P500,SSO,14.695,14.4575,1.64275,0.2375,166800,2451126000
05/13/2019,ProShares Ultra S&P500,SSO,14.4575,15.19875,-4.87705,-0.74125,166800,2411511000
05/10/2019,ProShares Ultra S&P500,SSO,15.19875,15.0725,0.83762,0.12625,166800,2535151500
05/09/2019,ProShares Ultra S&P500,SSO,15.0725,15.16,-0.57718,-0.0875,167600,2526151000
05/08/2019,ProShares Ultra S&P500,SSO,15.16,15.20875,-0.32054,-0.04875,167600,2540816000
05/07/2019,ProShares Ultra S&P500,SSO,15.20875,15.73125,-3.32141,-0.5225,167600,2548986500
05/06/2019,ProShares Ultra S&P500,SSO,15.73125,15.87,-0.87429,-0.13875,167600,2636557500
05/03/2019,ProShares Ultra S&P500,SSO,15.87,15.56875,1.93497,0.30125,167200,2653464000
05/02/2019,ProShares Ultra S&P500,SSO,15.56875,15.63875,-0.44761,-0.07,166400,2590640000
05/01/2019,ProShares Ultra S&P500,SSO,15.63875,15.87875,-1.51145,-0.24,168000,2627310000
04/30/2019,ProShares Ultra S&P500,SSO,15.87875,15.8525,0.16559,0.02625,168000,2667630000
04/29/2019,ProShares Ultra S&P500,SSO,15.8525,15.8175,0.22127,0.035,168000,2663220000
04/26/2019,ProShares Ultra S&P500,SSO,15.8175,15.67125,0.93324,0.14625,168000,2657340000
04/25/2019,ProShares Ultra S&P500,SSO,15.67125,15.68875,-0.11154,-0.0175,168800,2645307000
04/24/2019,ProShares Ultra S&P500,SSO,15.68875,15.76,-0.45209,-0.07125,168800,2648261000
04/23/2019,ProShares Ultra S&P500,SSO,15.76,15.48625,1.76770,0.27375,168800,2660288000
04/22/2019,ProShares Ultra S&P500,SSO,15.48625,15.4575,0.18599,0.02875,168400,2607884500
04/18/2019,ProShares Ultra S&P500,SSO,15.4575,15.4075,0.32452,0.05,168400,2603043000
04/17/2019,ProShares Ultra S&P500,SSO,15.4075,15.4825,-0.48442,-0.075,167200,2576134000
04/16/2019,ProShares Ultra S&P500,SSO,15.4825,15.4675,0.09698,0.015,166800,2582481000
04/15/2019,ProShares Ultra S&P500,SSO,15.4675,15.48875,-0.13720,-0.02125,166800,2579979000
04/12/2019,ProShares Ultra S&P500,SSO,15.48875,15.285,1.33301,0.20375,166800,2583523500
04/11/2019,ProShares Ultra S&P500,SSO,15.285,15.29,-0.03270,-0.005,166400,2543424000
04/10/2019,ProShares Ultra S&P500,SSO,15.29,15.185,0.69147,0.105,166400,2544256000
04/09/2019,ProShares Ultra S&P500,SSO,15.185,15.35875,-1.13128,-0.17375,167200,2538932000
04/08/2019,ProShares Ultra S&P500,SSO,15.35875,15.33,0.18754,0.02875,165200,2537265500
04/05/2019,ProShares Ultra S&P500,SSO,15.33,15.19,0.92166,0.14,165200,2532516000
04/04/2019,ProShares Ultra S&P500,SSO,15.19,15.1225,0.44635,0.0675,165600,2515464000
04/03/2019,ProShares Ultra S&P500,SSO,15.1225,15.0625,0.39834,0.06,165600,2504286000
04/02/2019,ProShares Ultra S&P500,SSO,15.0625,15.06125,0.00830,0.00125,166400,2506400000
04/01/2019,ProShares Ultra S&P500,SSO,15.06125,14.72,2.31827,0.34125,166400,2506192000
03/29/2019,ProShares Ultra S&P500,SSO,14.72,14.5275,1.32507,0.1925,166400,2449408000
03/28/2019,ProShares Ultra S&P500,SSO,14.5275,14.42375,0.71930,0.10375,166400,2417376000
03/27/2019,ProShares Ultra S&P500,SSO,14.42375,14.5625,-0.95279,-0.13875,165200,2382803500
03/26/2019,ProShares Ultra S&P500,SSO,14.5625,14.35625,1.43666,0.20625,166400,2423200000
03/25/2019,ProShares Ultra S&P500,SSO,14.35625,14.38125,-0.17384,-0.025,168000,2411850000
03/22/2019,ProShares Ultra S&P500,SSO,14.38125,14.94875,-3.79630,-0.5675,168000,2416050000
03/21/2019,ProShares Ultra S&P500,SSO,14.94875,14.6325,2.16128,0.31625,168000,2511390000
03/20/2019,ProShares Ultra S&P500,SSO,14.6325,14.74875,-0.78820,-0.11625,168000,2458260000
03/19/2019,ProShares Ultra S&P500,SSO,14.74875,14.75125,-0.01695,-0.0025,168000,2477790000
03/18/2019,ProShares Ultra S&P500,SSO,14.75125,14.645,0.72550,0.10625,168000,2478210000
03/15/2019,ProShares Ultra S&P500,SSO,14.645,14.50125,0.99129,0.14375,167600,2454502000
03/14/2019,ProShares Ultra S&P500,SSO,14.50125,14.52125,-0.13773,-0.02,167600,2430409500
03/13/2019,ProShares Ultra S&P500,SSO,14.52125,14.32375,1.37883,0.1975,168000,2439570000
03/12/2019,ProShares Ultra S&P500,SSO,14.32375,14.23625,0.61463,0.0875,166800,2389201500
03/11/2019,ProShares Ultra S&P500,SSO,14.23625,13.8325,2.91885,0.40375,166400,2368912000
03/08/2019,ProShares Ultra S&P500,SSO,13.8325,13.89125,-0.42293,-0.05875,166400,2301728000
03/07/2019,ProShares Ultra S&P500,SSO,13.89125,14.12125,-1.62875,-0.23,168800,2344843000
03/06/2019,ProShares Ultra S&P500,SSO,14.12125,14.30625,-1.29314,-0.185,168800,2383667000
03/05/2019,ProShares Ultra S&P500,SSO,14.30625,14.34,-0.23536,-0.03375,169600,2426340000
03/04/2019,ProShares Ultra S&P500,SSO,14.34,14.4525,-0.77841,-0.1125,169600,2432064000
03/01/2019,ProShares Ultra S&P500,SSO,14.4525,14.25875,1.35881,0.19375,169200,2445363000
02/28/2019,ProShares Ultra S&P500,SSO,14.25875,14.33375,-0.52324,-0.075,168800,2406877000
02/27/2019,ProShares Ultra S&P500,SSO,14.33375,14.34625,-0.08713,-0.0125,168800,2419537000
02/26/2019,ProShares Ultra S&P500,SSO,14.34625,14.37,-0.16527,-0.02375,169200,2427385500
02/25/2019,ProShares Ultra S&P500,SSO,14.37,14.3325,0.26164,0.0375,166800,2396916000
02/22/2019,ProShares Ultra S&P500,SSO,14.3325,14.15375,1.26292,0.17875,165600,2373462000
02/21/2019,ProShares Ultra S&P500,SSO,14.15375,14.25625,-0.71898,-0.1025,165600,2343861000
02/20/2019,ProShares Ultra S&P500,SSO,14.25625,14.2025,0.37845,0.05375,166000,2366537500
02/19/2019,ProShares Ultra S&P500,SSO,14.2025,14.15875,0.30900,0.04375,166000,2357615000
02/15/2019,ProShares Ultra S&P500,SSO,14.15875,13.8575,2.17391,0.30125,164800,2333362000
02/14/2019,ProShares Ultra S&P500,SSO,13.8575,13.92625,-0.49367,-0.06875,165600,2294802000
02/13/2019,ProShares Ultra S&P500,SSO,13.92625,13.84125,0.61411,0.085,164400,2289475500
02/12/2019,ProShares Ultra S&P500,SSO,13.84125,13.49375,2.57527,0.3475,161200,2231209500
02/11/2019,ProShares Ultra S&P500,SSO,13.49375,13.4775,0.12057,0.01625,162800,2196782500
02/08/2019,ProShares Ultra S&P500,SSO,13.4775,13.45,0.20446,0.0275,163200,2199528000
02/07/2019,ProShares Ultra S&P500,SSO,13.45,13.70875,-1.88748,-0.25875,164800,2216560000
02/06/2019,ProShares Ultra S&P500,SSO,13.70875,13.765,-0.40865,-0.05625,164800,2259202000
02/05/2019,ProShares Ultra S&P500,SSO,13.765,13.64,0.91642,0.125,164800,2268472000
02/04/2019,ProShares Ultra S&P500,SSO,13.64,13.4575,1.35612,0.1825,164800,2247872000
02/01/2019,ProShares Ultra S&P500,SSO,13.4575,13.43375,0.17679,0.02375,164400,2212413000
01/31/2019,ProShares Ultra S&P500,SSO,13.43375,13.20625,1.72267,0.2275,164000,2203135000
01/30/2019,ProShares Ultra S&P500,SSO,13.20625,12.805,3.13354,0.40125,163600,2160542500
01/29/2019,ProShares Ultra S&P500,SSO,12.805,12.84375,-0.30170,-0.03875,163600,2094898000
01/28/2019,ProShares Ultra S&P500,SSO,12.84375,13.04875,-1.57103,-0.205,163600,2101237500
01/25/2019,ProShares Ultra S&P500,SSO,13.04875,12.8325,1.68517,0.21625,163600,2134775500
01/24/2019,ProShares Ultra S&P500,SSO,12.8325,12.80375,0.22454,0.02875,165200,2119929000
01/23/2019,ProShares Ultra S&P500,SSO,12.80375,12.75125,0.41172,0.0525,165200,2115179500
01/22/2019,ProShares Ultra S&P500,SSO,12.75125,13.11875,-2.80133,-0.3675,165200,2106506500
01/18/2019,ProShares Ultra S&P500,SSO,13.11875,12.7825,2.63055,0.33625,166000,2177712500
01/17/2019,ProShares Ultra S&P500,SSO,12.7825,12.595,1.48869,0.1875,167600,2142347000
01/16/2019,ProShares Ultra S&P500,SSO,12.595,12.53875,0.44861,0.05625,168400,2120998000
01/15/2019,ProShares Ultra S&P500,SSO,12.53875,12.27375,2.15908,0.265,168400,2111525500
01/14/2019,ProShares Ultra S&P500,SSO,12.27375,12.40625,-1.06801,-0.1325,166400,2042352000
01/11/2019,ProShares Ultra S&P500,SSO,12.40625,12.41,-0.03022,-0.00375,168400,2089212500
01/10/2019,ProShares Ultra S&P500,SSO,12.41,12.30625,0.84307,0.10375,168400,2089844000
01/09/2019,ProShares Ultra S&P500,SSO,12.30625,12.19875,0.88124,0.1075,168800,2077295000
01/08/2019,ProShares Ultra S&P500,SSO,12.19875,11.96875,1.92167,0.23,168800,2059149000
01/07/2019,ProShares Ultra S&P500,SSO,11.96875,11.8025,1.40860,0.16625,170000,2034687500
01/04/2019,ProShares Ultra S&P500,SSO,11.8025,11.0475,6.83413,0.755,170000,2006425000
01/03/2019,ProShares Ultra S&P500,SSO,11.0475,11.61875,-4.91662,-0.57125,173600,1917846000
01/02/2019,ProShares Ultra S&P500,SSO,11.61875,11.5925,0.22644,0.02625,176800,2054195000
12/31/2018,ProShares Ultra S&P500,SSO,11.5925,11.39625,1.72206,0.19625,175600,2035643000
12/28/2018,ProShares Ultra S&P500,SSO,11.39625,11.42375,-0.24073,-0.0275,175600,2001181500
12/27/2018,ProShares Ultra S&P500,SSO,11.42375,11.23625,1.66871,0.1875,179200,2047136000
12/26/2018,ProShares Ultra S&P500,SSO,11.23625,10.24875,9.63532,0.9875,179200,2013536000
12/24/2018,ProShares Ultra S&P500,SSO,10.24875,10.835,-5.41071,-0.58625,178400,1828377000
12/21/2018,ProShares Ultra S&P500,SSO,10.835,11.3025,-4.13625,-0.4675,177200,1919962000
12/20/2018,ProShares Ultra S&P500,SSO,11.3025,11.67625,-3.20094,-0.37375,177600,2007324000
12/19/2018,ProShares Ultra S&P500,SSO,11.67625,12.045,-3.06144,-0.36875,176400,2059690500
12/18/2018,ProShares Ultra S&P500,SSO,12.045,12.04875,-0.03112,-0.00375,176000,2119920000
12/17/2018,ProShares Ultra S&P500,SSO,12.04875,12.56625,-4.11817,-0.5175,176000,2120580000
12/14/2018,ProShares Ultra S&P500,SSO,12.56625,13.06,-3.78063,-0.49375,176000,2211660000
12/13/2018,ProShares Ultra S&P500,SSO,13.06,13.0675,-0.05739,-0.0075,174800,2282888000
12/12/2018,ProShares Ultra S&P500,SSO,13.0675,12.93,1.06342,0.1375,171600,2242383000
12/11/2018,ProShares Ultra S&P500,SSO,12.93,12.93625,-0.04831,-0.00625,171200,2213616000
12/10/2018,ProShares Ultra S&P500,SSO,12.93625,12.89125,0.34907,0.045,171600,2219860500
12/07/2018,ProShares Ultra S&P500,SSO,12.89125,13.52,-4.65052,-0.62875,174000,2243077500
12/06/2018,ProShares Ultra S&P500,SSO,13.52,13.56,-0.29499,-0.04,174000,2352480000
12/04/2018,ProShares Ultra S&P500,SSO,13.56,14.49875,-6.47470,-0.93875,176800,2397408000
12/03/2018,ProShares Ultra S&P500,SSO,14.49875,14.17625,2.27493,0.3225,177200,2569178500
11/30/2018,ProShares Ultra S&P500,SSO,14.17625,13.95875,1.55816,0.2175,176800,2506361000
11/29/2018,ProShares Ultra S&P500,SSO,13.95875,14.01875,-0.42800,-0.06,174400,2434406000
11/28/2018,ProShares Ultra S&P500,SSO,14.01875,13.4025,4.59802,0.61625,171600,2405617500
11/27/2018,ProShares Ultra S&P500,SSO,13.4025,13.31625,0.64770,0.08625,170800,2289147000
11/26/2018,ProShares Ultra S&P500,SSO,13.31625,12.91125,3.13680,0.405,170800,2274415500
11/23/2018,ProShares Ultra S&P500,SSO,12.91125,13.08375,-1.31843,-0.1725,171600,2215570500
11/21/2018,ProShares Ultra S&P500,SSO,13.08375,13.005,0.60554,0.07875,171600,2245171500
11/20/2018,ProShares Ultra S&P500,SSO,13.005,13.49875,-3.65775,-0.49375,172800,2247264000
11/19/2018,ProShares Ultra S&P500,SSO,13.49875,13.9675,-3.35601,-0.46875,174400,2354182000
11/16/2018,ProShares Ultra S&P500,SSO,13.9675,13.9025,0.46754,0.065,174000,2430345000
11/15/2018,ProShares Ultra S&P500,SSO,13.9025,13.6125,2.13039,0.29,174000,2419035000
11/14/2018,ProShares Ultra S&P500,SSO,13.6125,13.8125,-1.44796,-0.2,173200,2357685000
11/13/2018,ProShares Ultra S&P500,SSO,13.8125,13.8575,-0.32473,-0.045,174400,2408900000
11/12/2018,ProShares Ultra S&P500,SSO,13.8575,14.42,-3.90083,-0.5625,174400,2416748000
11/09/2018,ProShares Ultra S&P500,SSO,14.42,14.69125,-1.84634,-0.27125,174400,2514848000
11/08/2018,ProShares Ultra S&P500,SSO,14.69125,14.755,-0.43206,-0.06375,174800,2568030500
11/07/2018,ProShares Ultra S&P500,SSO,14.755,14.155,4.23878,0.6,174800,2579174000
11/06/2018,ProShares Ultra S&P500,SSO,14.155,13.97875,1.26084,0.17625,174800,2474294000
11/05/2018,ProShares Ultra S&P500,SSO,13.97875,13.825,1.11212,0.15375,174800,2443485500
11/02/2018,ProShares Ultra S&P500,SSO,13.825,14,-1.25000,-0.175,174400,2411080000
11/01/2018,ProShares Ultra S&P500,SSO,14,13.71375,2.08732,0.28625,176000,2464000000
10/31/2018,ProShares Ultra S&P500,SSO,13.71375,13.42375,2.16035,0.29,176400,2419105500
10/30/2018,ProShares Ultra S&P500,SSO,13.42375,13.02125,3.09110,0.4025,176800,2373319000
10/29/2018,ProShares Ultra S&P500,SSO,13.02125,13.19,-1.27938,-0.16875,176800,2302157000
10/26/2018,ProShares Ultra S&P500,SSO,13.19,13.66625,-3.48486,-0.47625,177600,2342544000
10/25/2018,ProShares Ultra S&P500,SSO,13.66625,13.1825,3.66964,0.48375,177600,2427126000
10/24/2018,ProShares Ultra S&P500,SSO,13.1825,14.04875,-6.16603,-0.86625,175600,2314847000
10/23/2018,ProShares Ultra S&P500,SSO,14.04875,14.2025,-1.08256,-0.15375,173200,2433243500
10/22/2018,ProShares Ultra S&P500,SSO,14.2025,14.32875,-0.88110,-0.12625,172400,2448511000
10/19/2018,ProShares Ultra S&P500,SSO,14.32875,14.34125,-0.08716,-0.0125,171600,2458813500
10/18/2018,ProShares Ultra S&P500,SSO,14.34125,14.76875,-2.89463,-0.4275,171600,2460958500
10/17/2018,ProShares Ultra S&P500,SSO,14.76875,14.77375,-0.03384,-0.005,170800,2522502500
10/16/2018,ProShares Ultra S&P500,SSO,14.77375,14.16375,4.30677,0.61,170400,2517447000
10/15/2018,ProShares Ultra S&P500,SSO,14.16375,14.3325,-1.17739,-0.16875,170000,2407837500
10/12/2018,ProShares Ultra S&P500,SSO,14.3325,13.9375,2.83408,0.395,169200,2425059000
10/11/2018,ProShares Ultra S&P500,SSO,13.9375,14.55,-4.20962,-0.6125,170000,2369375000
10/10/2018,ProShares Ultra S&P500,SSO,14.55,15.5675,-6.53605,-1.0175,166800,2426940000
10/09/2018,ProShares Ultra S&P500,SSO,15.5675,15.60625,-0.24830,-0.03875,166800,2596659000
10/08/2018,ProShares Ultra S&P500,SSO,15.60625,15.61625,-0.06404,-0.01,166400,2596880000
10/05/2018,ProShares Ultra S&P500,SSO,15.61625,15.79375,-1.12386,-0.1775,168400,2629776500
10/04/2018,ProShares Ultra S&P500,SSO,15.79375,16.05375,-1.61956,-0.26,168800,2665985000
10/03/2018,ProShares Ultra S&P500,SSO,16.05375,16.0325,0.13254,0.02125,168800,2709873000
10/02/2018,ProShares Ultra S&P500,SSO,16.0325,16.0475,-0.09347,-0.015,170000,2725525000
10/01/2018,ProShares Ultra S&P500,SSO,16.0475,15.935,0.70599,0.1125,169600,2721656000
09/28/2018,ProShares Ultra S&P500,SSO,15.935,15.935,0.00000,0,166800,2657958000
09/27/2018,ProShares Ultra S&P500,SSO,15.935,15.8475,0.55214,0.0875,166800,2657958000
09/26/2018,ProShares Ultra S&P500,SSO,15.8475,15.96625,-0.74376,-0.11875,167200,2649702000
09/25/2018,ProShares Ultra S&P500,SSO,15.96625,16.00625,-0.24990,-0.04,167200,2669557000
09/24/2018,ProShares Ultra S&P500,SSO,16.00625,16.12,-0.70565,-0.11375,168800,2701855000
09/21/2018,ProShares Ultra S&P500,SSO,16.12,16.13625,-0.10070,-0.01625,168000,2708160000
09/20/2018,ProShares Ultra S&P500,SSO,16.13625,15.88875,1.55771,0.2475,168400,2717344500
09/19/2018,ProShares Ultra S&P500,SSO,15.88875,15.8525,0.22867,0.03625,166800,2650243500
09/18/2018,ProShares Ultra S&P500,SSO,15.8525,15.68375,1.07595,0.16875,182000,2885155000
09/17/2018,ProShares Ultra S&P500,SSO,15.68375,15.86125,-1.11908,-0.1775,190400,2986186000
09/14/2018,ProShares Ultra S&P500,SSO,15.86125,15.85125,0.06309,0.01,175200,2778891000
09/13/2018,ProShares Ultra S&P500,SSO,15.85125,15.67875,1.10022,0.1725,167600,2656669500
09/12/2018,ProShares Ultra S&P500,SSO,15.67875,15.67,0.05584,0.00875,167600,2627758500
09/11/2018,ProShares Ultra S&P500,SSO,15.67,15.55625,0.73122,0.11375,182800,2864476000
09/10/2018,ProShares Ultra S&P500,SSO,15.55625,15.5,0.36290,0.05625,182400,2837460000
09/07/2018,ProShares Ultra S&P500,SSO,15.5,15.5675,-0.43360,-0.0675,166800,2585400000
09/06/2018,ProShares Ultra S&P500,SSO,15.5675,15.675,-0.68581,-0.1075,166800,2596659000
09/05/2018,ProShares Ultra S&P500,SSO,15.675,15.76375,-0.56300,-0.08875,178800,2802690000
09/04/2018,ProShares Ultra S&P500,SSO,15.76375,15.81625,-0.33194,-0.0525,179200,2824864000
08/31/2018,ProShares Ultra S&P500,SSO,15.81625,15.81125,0.03162,0.005,167200,2644477000
08/30/2018,ProShares Ultra S&P500,SSO,15.81125,15.9525,-0.88544,-0.14125,167200,2643641000
08/29/2018,ProShares Ultra S&P500,SSO,15.9525,15.7725,1.14123,0.18,168000,2680020000
08/28/2018,ProShares Ultra S&P500,SSO,15.7725,15.765,0.04757,0.0075,184400,2908449000
08/27/2018,ProShares Ultra S&P500,SSO,15.765,15.525,1.54589,0.24,184800,2913372000
08/24/2018,ProShares Ultra S&P500,SSO,15.525,15.3375,1.22249,0.1875,168800,2620620000
08/23/2018,ProShares Ultra S&P500,SSO,15.3375,15.39,-0.34113,-0.0525,169600,2601240000
08/22/2018,ProShares Ultra S&P500,SSO,15.39,15.40375,-0.08926,-0.01375,179600,2764044000
08/21/2018,ProShares Ultra S&P500,SSO,15.40375,15.34,0.41558,0.06375,179200,2760352000
08/20/2018,ProShares Ultra S&P500,SSO,15.34,15.26875,0.46664,0.07125,169200,2595528000
08/17/2018,ProShares Ultra S&P500,SSO,15.26875,15.16625,0.67584,0.1025,168400,2571257500
08/16/2018,ProShares Ultra S&P500,SSO,15.16625,14.925,1.61642,0.24125,185200,2808789500
08/15/2018,ProShares Ultra S&P500,SSO,14.925,15.15125,-1.49328,-0.22625,185200,2764110000
08/14/2018,ProShares Ultra S&P500,SSO,15.15125,14.96,1.27841,0.19125,168400,2551470500
08/13/2018,ProShares Ultra S&P500,SSO,14.96,15.08125,-0.80398,-0.12125,168400,2519264000
08/10/2018,ProShares Ultra S&P500,SSO,15.08125,15.29,-1.36527,-0.20875,168400,2539682500
08/09/2018,ProShares Ultra S&P500,SSO,15.29,15.33125,-0.26906,-0.04125,168800,2580952000
08/08/2018,ProShares Ultra S&P500,SSO,15.33125,15.34125,-0.06518,-0.01,168400,2581782500
08/07/2018,ProShares Ultra S&P500,SSO,15.34125,15.255,0.56539,0.08625,186000,2853472500
08/06/2018,ProShares Ultra S&P500,SSO,15.255,15.14625,0.71800,0.10875,186000,2837430000
08/03/2018,ProShares Ultra S&P500,SSO,15.14625,15.00625,0.93294,0.14,168000,2544570000
08/02/2018,ProShares Ultra S&P500,SSO,15.00625,14.86,0.98419,0.14625,168000,2521050000
08/01/2018,ProShares Ultra S&P500,SSO,14.86,14.895,-0.23498,-0.035,168000,2496480000
07/31/2018,ProShares Ultra S&P500,SSO,14.895,14.75125,0.97449,0.14375,181200,2698974000
07/30/2018,ProShares Ultra S&P500,SSO,14.75125,14.92125,-1.13931,-0.17,181200,2672926500
07/27/2018,ProShares Ultra S&P500,SSO,14.92125,15.12125,-1.32264,-0.2,170000,2536612500
07/26/2018,ProShares Ultra S&P500,SSO,15.12125,15.215,-0.61617,-0.09375,170400,2576661000
07/25/2018,ProShares Ultra S&P500,SSO,15.215,14.94625,1.79811,0.26875,170400,2592636000
07/24/2018,ProShares Ultra S&P500,SSO,14.94625,14.80375,0.96259,0.1425,170400,2546841000
07/23/2018,ProShares Ultra S&P500,SSO,14.80375,14.75125,0.35590,0.0525,170400,2522559000
07/20/2018,ProShares Ultra S&P500,SSO,14.75125,14.78125,-0.20296,-0.03,170400,2513613000
07/19/2018,ProShares Ultra S&P500,SSO,14.78125,14.89875,-0.78866,-0.1175,171200,2530550000
07/18/2018,ProShares Ultra S&P500,SSO,14.89875,14.8375,0.41281,0.06125,171200,2550666000
07/17/2018,ProShares Ultra S&P500,SSO,14.8375,14.72125,0.78967,0.11625,170800,2534245000
07/16/2018,ProShares Ultra S&P500,SSO,14.72125,14.75125,-0.20337,-0.03,170400,2508501000
07/13/2018,ProShares Ultra S&P500,SSO,14.75125,14.72125,0.20379,0.03,170400,2513613000
07/12/2018,ProShares Ultra S&P500,SSO,14.72125,14.46875,1.74514,0.2525,171200,2520278000
07/11/2018,ProShares Ultra S&P500,SSO,14.46875,14.67875,-1.43064,-0.21,170400,2465475000
07/10/2018,ProShares Ultra S&P500,SSO,14.67875,14.57875,0.68593,0.1,171200,2513002000
07/09/2018,ProShares Ultra S&P500,SSO,14.57875,14.32,1.80691,0.25875,171600,2501713500
07/06/2018,ProShares Ultra S&P500,SSO,14.32,14.08125,1.69552,0.23875,170400,2440128000
07/05/2018,ProShares Ultra S&P500,SSO,14.08125,13.8425,1.72476,0.23875,170000,2393812500
07/03/2018,ProShares Ultra S&P500,SSO,13.8425,13.97625,-0.95698,-0.13375,170000,2353225000
07/02/2018,ProShares Ultra S&P500,SSO,13.97625,13.89625,0.57569,0.08,169200,2364781500
06/29/2018,ProShares Ultra S&P500,SSO,13.89625,13.8725,0.17120,0.02375,168800,2345687000
06/28/2018,ProShares Ultra S&P500,SSO,13.8725,13.705,1.22218,0.1675,169200,2347227000
06/27/2018,ProShares Ultra S&P500,SSO,13.705,13.94625,-1.72986,-0.24125,169600,2324368000
06/26/2018,ProShares Ultra S&P500,SSO,13.94625,13.88625,0.43208,0.06,169600,2365284000
06/25/2018,ProShares Ultra S&P500,SSO,13.88625,14.27875,-2.74884,-0.3925,167200,2321781000
06/22/2018,ProShares Ultra S&P500,SSO,14.27875,14.2275,0.36022,0.05125,167200,2387407000
06/21/2018,ProShares Ultra S&P500,SSO,14.2275,14.41125,-1.27505,-0.18375,167200,2378838000
06/20/2018,ProShares Ultra S&P500,SSO,14.41125,14.3875,0.16507,0.02375,167600,2415325500
06/19/2018,ProShares Ultra S&P500,SSO,14.3875,14.50375,-0.80152,-0.11625,166800,2399835000
06/18/2018,ProShares Ultra S&P500,SSO,14.50375,14.5675,-0.43762,-0.06375,166400,2413424000
06/15/2018,ProShares Ultra S&P500,SSO,14.5675,14.59625,-0.19697,-0.02875,166400,2424032000
06/14/2018,ProShares Ultra S&P500,SSO,14.59625,14.52,0.52514,0.07625,166800,2434654500
06/13/2018,ProShares Ultra S&P500,SSO,14.52,14.63625,-0.79426,-0.11625,168800,2450976000
06/12/2018,ProShares Ultra S&P500,SSO,14.63625,14.58625,0.34279,0.05,168000,2458890000
06/11/2018,ProShares Ultra S&P500,SSO,14.58625,14.55625,0.20610,0.03,168000,2450490000
06/08/2018,ProShares Ultra S&P500,SSO,14.55625,14.4675,0.61344,0.08875,168000,2445450000
06/07/2018,ProShares Ultra S&P500,SSO,14.4675,14.485,-0.12081,-0.0175,168400,2436327000
06/06/2018,ProShares Ultra S&P500,SSO,14.485,14.2425,1.70265,0.2425,180000,2607300000
06/05/2018,ProShares Ultra S&P500,SSO,14.2425,14.2225,0.14062,0.02,180000,2563650000
06/04/2018,ProShares Ultra S&P500,SSO,14.2225,14.09625,0.89563,0.12625,169200,2406447000
06/01/2018,ProShares Ultra S&P500,SSO,14.09625,13.79875,2.15599,0.2975,169600,2390724000
05/31/2018,ProShares Ultra S&P500,SSO,13.79875,13.9875,-1.34942,-0.18875,169600,2340268000
05/30/2018,ProShares Ultra S&P500,SSO,13.9875,13.635,2.58526,0.3525,168800,2361090000
05/29/2018,ProShares Ultra S&P500,SSO,13.635,13.95875,-2.31933,-0.32375,169200,2307042000
05/25/2018,ProShares Ultra S&P500,SSO,13.95875,14.02375,-0.46350,-0.065,168400,2350653500
05/24/2018,ProShares Ultra S&P500,SSO,14.02375,14.085,-0.43486,-0.06125,168000,2355990000
05/23/2018,ProShares Ultra S&P500,SSO,14.085,13.99625,0.63410,0.08875,168000,2366280000
05/22/2018,ProShares Ultra S&P500,SSO,13.99625,14.08375,-0.62128,-0.0875,165600,2317779000
05/21/2018,ProShares Ultra S&P500,SSO,14.08375,13.88,1.46794,0.20375,165600,2332269000
05/18/2018,ProShares Ultra S&P500,SSO,13.88,13.9525,-0.51962,-0.0725,165200,2292976000
05/17/2018,ProShares Ultra S&P500,SSO,13.9525,13.9725,-0.14314,-0.02,165200,2304953000
05/16/2018,ProShares Ultra S&P500,SSO,13.9725,13.85375,0.85717,0.11875,165600,2313846000
05/15/2018,ProShares Ultra S&P500,SSO,13.85375,14.04625,-1.37047,-0.1925,165600,2294181000
05/14/2018,ProShares Ultra S&P500,SSO,14.04625,14.02375,0.16044,0.0225,165600,2326059000
05/11/2018,ProShares Ultra S&P500,SSO,14.02375,13.965,0.42069,0.05875,165600,2322333000
05/10/2018,ProShares Ultra S&P500,SSO,13.965,13.705,1.89712,0.26,166000,2318190000
05/09/2018,ProShares Ultra S&P500,SSO,13.705,13.44375,1.94328,0.26125,166000,2275030000
05/08/2018,ProShares Ultra S&P500,SSO,13.44375,13.45125,-0.05576,-0.0075,165200,2220907500
05/07/2018,ProShares Ultra S&P500,SSO,13.45125,13.36,0.68301,0.09125,166400,2238288000
05/04/2018,ProShares Ultra S&P500,SSO,13.36,13.02375,2.58182,0.33625,166000,2217760000
05/03/2018,ProShares Ultra S&P500,SSO,13.02375,13.0825,-0.44907,-0.05875,166000,2161942500
05/02/2018,ProShares Ultra S&P500,SSO,13.0825,13.27375,-1.44081,-0.19125,167200,2187394000
05/01/2018,ProShares Ultra S&P500,SSO,13.27375,13.21,0.48259,0.06375,168800,2240609000
04/30/2018,ProShares Ultra S&P500,SSO,13.21,13.43,-1.63812,-0.22,168800,2229848000
04/27/2018,ProShares Ultra S&P500,SSO,13.43,13.4,0.22388,0.03,167600,2250868000
04/26/2018,ProShares Ultra S&P500,SSO,13.4,13.13,2.05636,0.27,168800,2261920000
04/25/2018,ProShares Ultra S&P500,SSO,13.13,13.08125,0.37267,0.04875,168800,2216344000
04/24/2018,ProShares Ultra S&P500,SSO,13.08125,13.4425,-2.68737,-0.36125,168800,2208115000
04/23/2018,ProShares Ultra S&P500,SSO,13.4425,13.4425,0.00000,0,170000,2285225000
04/20/2018,ProShares Ultra S&P500,SSO,13.4425,13.67625,-1.70917,-0.23375,170000,2285225000
04/19/2018,ProShares Ultra S&P500,SSO,13.67625,13.835,-1.14745,-0.15875,170000,2324962500
04/18/2018,ProShares Ultra S&P500,SSO,13.835,13.81375,0.15383,0.02125,170000,2351950000
04/17/2018,ProShares Ultra S&P500,SSO,13.81375,13.52625,2.12550,0.2875,170000,2348337500
04/16/2018,ProShares Ultra S&P500,SSO,13.52625,13.31125,1.61518,0.215,170000,2299462500
04/13/2018,ProShares Ultra S&P500,SSO,13.31125,13.38875,-0.57884,-0.0775,170000,2262912500
04/12/2018,ProShares Ultra S&P500,SSO,13.38875,13.1725,1.64168,0.21625,170000,2276087500
04/11/2018,ProShares Ultra S&P500,SSO,13.1725,13.31875,-1.09808,-0.14625,170000,2239325000
04/10/2018,ProShares Ultra S&P500,SSO,13.31875,12.89,3.32622,0.42875,170000,2264187500
04/09/2018,ProShares Ultra S&P500,SSO,12.89,12.795,0.74248,0.095,170000,2191300000
04/06/2018,ProShares Ultra S&P500,SSO,12.795,13.38375,-4.39899,-0.58875,170000,2175150000
04/05/2018,ProShares Ultra S&P500,SSO,13.38375,13.19875,1.40165,0.185,170000,2275237500
04/04/2018,ProShares Ultra S&P500,SSO,13.19875,12.90375,2.28616,0.295,170000,2243787500
04/03/2018,ProShares Ultra S&P500,SSO,12.90375,12.585,2.53278,0.31875,170000,2193637500
04/02/2018,ProShares Ultra S&P500,SSO,12.585,13.17375,-4.46911,-0.58875,170000,2139450000
03/29/2018,ProShares Ultra S&P500,SSO,13.17375,12.82375,2.72931,0.35,172000,2265885000
03/28/2018,ProShares Ultra S&P500,SSO,12.82375,12.89875,-0.58145,-0.075,172400,2210814500
03/27/2018,ProShares Ultra S&P500,SSO,12.89875,13.36125,-3.46150,-0.4625,177200,2285658500
03/26/2018,ProShares Ultra S&P500,SSO,13.36125,12.67375,5.42460,0.6875,179600,2399680500
03/23/2018,ProShares Ultra S&P500,SSO,12.67375,13.23125,-4.21351,-0.5575,175200,2220441000
03/22/2018,ProShares Ultra S&P500,SSO,13.23125,13.93375,-5.04172,-0.7025,175200,2318115000
03/21/2018,ProShares Ultra S&P500,SSO,13.93375,14.005,-0.50875,-0.07125,175200,2441193000
03/20/2018,ProShares Ultra S&P500,SSO,14.005,13.9625,0.30439,0.0425,175200,2453676000
03/19/2018,ProShares Ultra S&P500,SSO,13.9625,14.37,-2.83577,-0.4075,174400,2435060000
03/16/2018,ProShares Ultra S&P500,SSO,14.37,14.325,0.31414,0.045,172800,2483136000
03/15/2018,ProShares Ultra S&P500,SSO,14.325,14.35,-0.17422,-0.025,172800,2475360000
03/14/2018,ProShares Ultra S&P500,SSO,14.35,14.5075,-1.08565,-0.1575,172400,2473940000
03/13/2018,ProShares Ultra S&P500,SSO,14.5075,14.695,-1.27594,-0.1875,171200,2483684000
03/12/2018,ProShares Ultra S&P500,SSO,14.695,14.73375,-0.26300,-0.03875,171200,2515784000
03/09/2018,ProShares Ultra S&P500,SSO,14.73375,14.24,3.46735,0.49375,172000,2534205000
03/08/2018,ProShares Ultra S&P500,SSO,14.24,14.10875,0.93027,0.13125,172400,2454976000
03/07/2018,ProShares Ultra S&P500,SSO,14.10875,14.12125,-0.08852,-0.0125,174000,2454922500
03/06/2018,ProShares Ultra S&P500,SSO,14.12125,14.0475,0.52500,0.07375,173600,2451449000
03/05/2018,ProShares Ultra S&P500,SSO,14.0475,13.74375,2.21010,0.30375,174400,2449884000
03/02/2018,ProShares Ultra S&P500,SSO,13.74375,13.60375,1.02913,0.14,174400,2396910000
03/01/2018,ProShares Ultra S&P500,SSO,13.60375,13.98125,-2.70004,-0.3775,175200,2383377000
02/28/2018,ProShares Ultra S&P500,SSO,13.98125,14.2925,-2.17772,-0.31125,174000,2432737500
02/27/2018,ProShares Ultra S&P500,SSO,14.2925,14.6625,-2.52344,-0.37,174400,2492612000
02/26/2018,ProShares Ultra S&P500,SSO,14.6625,14.325,2.35602,0.3375,174400,2557140000
02/23/2018,ProShares Ultra S&P500,SSO,14.325,13.88,3.20605,0.445,175200,2509740000
02/22/2018,ProShares Ultra S&P500,SSO,13.88,13.8525,0.19852,0.0275,175200,2431776000
02/21/2018,ProShares Ultra S&P500,SSO,13.8525,14.005,-1.08890,-0.1525,175200,2426958000
02/20/2018,ProShares Ultra S&P500,SSO,14.005,14.17375,-1.19058,-0.16875,175200,2453676000
02/16/2018,ProShares Ultra S&P500,SSO,14.17375,14.1625,0.07944,0.01125,175200,2483241000
02/15/2018,ProShares Ultra S&P500,SSO,14.1625,13.82375,2.45049,0.33875,174800,2475605000
02/14/2018,ProShares Ultra S&P500,SSO,13.82375,13.45625,2.73107,0.3675,175200,2421921000
02/13/2018,ProShares Ultra S&P500,SSO,13.45625,13.38625,0.52292,0.07,175200,2357535000
02/12/2018,ProShares Ultra S&P500,SSO,13.38625,13.0225,2.79324,0.36375,175600,2350625500
02/09/2018,ProShares Ultra S&P500,SSO,13.0225,12.6375,3.04649,0.385,174000,2265915000
02/08/2018,ProShares Ultra S&P500,SSO,12.6375,13.6625,-7.50229,-1.025,172400,2178705000
02/07/2018,ProShares Ultra S&P500,SSO,13.6625,13.80375,-1.02327,-0.14125,173200,2366345000
02/06/2018,ProShares Ultra S&P500,SSO,13.80375,13.32875,3.56373,0.475,174000,2401852500
02/05/2018,ProShares Ultra S&P500,SSO,13.32875,14.525,-8.23580,-1.19625,173200,2308539500
02/02/2018,ProShares Ultra S&P500,SSO,14.525,15.17125,-4.25970,-0.64625,173200,2515730000
02/01/2018,ProShares Ultra S&P500,SSO,15.17125,15.19125,-0.13165,-0.02,173600,2633729000
01/31/2018,ProShares Ultra S&P500,SSO,15.19125,15.17625,0.09884,0.015,173600,2637201000
01/30/2018,ProShares Ultra S&P500,SSO,15.17625,15.51125,-2.15972,-0.335,173600,2634597000
01/29/2018,ProShares Ultra S&P500,SSO,15.51125,15.7225,-1.34362,-0.21125,174400,2705162000
01/26/2018,ProShares Ultra S&P500,SSO,15.7225,15.36125,2.35170,0.36125,174800,2748293000
01/25/2018,ProShares Ultra S&P500,SSO,15.36125,15.34625,0.09774,0.015,175200,2691291000
01/24/2018,ProShares Ultra S&P500,SSO,15.34625,15.36375,-0.11390,-0.0175,175200,2688663000
01/23/2018,ProShares Ultra S&P500,SSO,15.36375,15.29875,0.42487,0.065,174400,2679438000
01/22/2018,ProShares Ultra S&P500,SSO,15.29875,15.05625,1.61063,0.2425,174000,2661982500
01/19/2018,ProShares Ultra S&P500,SSO,15.05625,14.92625,0.87095,0.13,174000,2619787500
01/18/2018,ProShares Ultra S&P500,SSO,14.92625,14.975,-0.32554,-0.04875,174400,2603138000
01/17/2018,ProShares Ultra S&P500,SSO,14.975,14.69875,1.87941,0.27625,174400,2611640000
01/16/2018,ProShares Ultra S&P500,SSO,14.69875,14.80375,-0.70928,-0.105,174000,2557582500
01/12/2018,ProShares Ultra S&P500,SSO,14.80375,14.60875,1.33482,0.195,172800,2558088000
01/11/2018,ProShares Ultra S&P500,SSO,14.60875,14.40625,1.40564,0.2025,173600,2536079000
01/10/2018,ProShares Ultra S&P500,SSO,14.40625,14.4425,-0.25100,-0.03625,172800,2489400000
01/09/2018,ProShares Ultra S&P500,SSO,14.4425,14.39375,0.33869,0.04875,173200,2501441000
01/08/2018,ProShares Ultra S&P500,SSO,14.39375,14.34625,0.33110,0.0475,172000,2475725000
01/05/2018,ProShares Ultra S&P500,SSO,14.34625,14.15,1.38693,0.19625,170000,2438862500
01/04/2018,ProShares Ultra S&P500,SSO,14.15,14.03375,0.82836,0.11625,168400,2382860000
01/03/2018,ProShares Ultra S&P500,SSO,14.03375,13.8575,1.27187,0.17625,168000,2357670000
01/02/2018,ProShares Ultra S&P500,SSO,13.8575,13.6375,1.61320,0.22,167600,2322517000
12/29/2017,ProShares Ultra S&P500,SSO,13.6375,13.77375,-0.98920,-0.13625,165200,2252915000
12/28/2017,ProShares Ultra S&P500,SSO,13.77375,13.7225,0.37347,0.05125,165200,2275423500
12/27/2017,ProShares Ultra S&P500,SSO,13.7225,13.70125,0.15510,0.02125,168000,2305380000
12/26/2017,ProShares Ultra S&P500,SSO,13.70125,13.75125,-0.36360,-0.05,167600,2296329500
12/22/2017,ProShares Ultra S&P500,SSO,13.75125,13.765,-0.09989,-0.01375,167600,2304709500
12/21/2017,ProShares Ultra S&P500,SSO,13.765,13.71375,0.37371,0.05125,167600,2307014000
12/20/2017,ProShares Ultra S&P500,SSO,13.71375,13.7325,-0.13654,-0.01875,167200,2292939000
12/19/2017,ProShares Ultra S&P500,SSO,13.7325,13.825,-0.66908,-0.0925,167200,2296074000
12/18/2017,ProShares Ultra S&P500,SSO,13.825,13.675,1.09689,0.15,168800,2333660000
12/15/2017,ProShares Ultra S&P500,SSO,13.675,13.43625,1.77691,0.23875,168400,2302870000
12/14/2017,ProShares Ultra S&P500,SSO,13.43625,13.54625,-0.81203,-0.11,168800,2268039000
12/13/2017,ProShares Ultra S&P500,SSO,13.54625,13.5575,-0.08298,-0.01125,166800,2259514500
12/12/2017,ProShares Ultra S&P500,SSO,13.5575,13.515,0.31447,0.0425,165600,2245122000
12/11/2017,ProShares Ultra S&P500,SSO,13.515,13.43125,0.62355,0.08375,166000,2243490000
12/08/2017,ProShares Ultra S&P500,SSO,13.43125,13.28375,1.11038,0.1475,166000,2229587500
12/07/2017,ProShares Ultra S&P500,SSO,13.28375,13.20375,0.60589,0.08,166000,2205102500
12/06/2017,ProShares Ultra S&P500,SSO,13.20375,13.20625,-0.01893,-0.0025,165600,2186541000
12/05/2017,ProShares Ultra S&P500,SSO,13.20625,13.305,-0.74220,-0.09875,165600,2186955000
12/04/2017,ProShares Ultra S&P500,SSO,13.305,13.335,-0.22497,-0.03,164400,2187342000
12/01/2017,ProShares Ultra S&P500,SSO,13.335,13.39,-0.41075,-0.055,164000,2186940000
11/30/2017,ProShares Ultra S&P500,SSO,13.39,13.16625,1.69942,0.22375,163600,2190604000
11/29/2017,ProShares Ultra S&P500,SSO,13.16625,13.175,-0.06641,-0.00875,163600,2153998500
11/28/2017,ProShares Ultra S&P500,SSO,13.175,12.91875,1.98355,0.25625,162800,2144890000
11/27/2017,ProShares Ultra S&P500,SSO,12.91875,12.92875,-0.07735,-0.01,161200,2082502500
11/24/2017,ProShares Ultra S&P500,SSO,12.92875,12.875,0.41748,0.05375,161200,2084114500
11/22/2017,ProShares Ultra S&P500,SSO,12.875,12.895,-0.15510,-0.02,161200,2075450000
11/21/2017,ProShares Ultra S&P500,SSO,12.895,12.73,1.29615,0.165,161200,2078674000
11/20/2017,ProShares Ultra S&P500,SSO,12.73,12.69625,0.26583,0.03375,161600,2057168000
11/17/2017,ProShares Ultra S&P500,SSO,12.69625,12.765,-0.53858,-0.06875,160000,2031400000
11/16/2017,ProShares Ultra S&P500,SSO,12.765,12.55375,1.68276,0.21125,160400,2047506000
11/15/2017,ProShares Ultra S&P500,SSO,12.55375,12.68875,-1.06393,-0.135,160800,2018643000
11/14/2017,ProShares Ultra S&P500,SSO,12.68875,12.745,-0.44135,-0.05625,160800,2040351000
11/13/2017,ProShares Ultra S&P500,SSO,12.745,12.72125,0.18670,0.02375,161600,2059592000
11/10/2017,ProShares Ultra S&P500,SSO,12.72125,12.735,-0.10797,-0.01375,160800,2045577000
11/09/2017,ProShares Ultra S&P500,SSO,12.735,12.8275,-0.72111,-0.0925,160800,2047788000
11/08/2017,ProShares Ultra S&P500,SSO,12.8275,12.79,0.29320,0.0375,160800,2062662000
11/07/2017,ProShares Ultra S&P500,SSO,12.79,12.79875,-0.06837,-0.00875,160800,2056632000
11/06/2017,ProShares Ultra S&P500,SSO,12.79875,12.765,0.26439,0.03375,160000,2047800000
11/03/2017,ProShares Ultra S&P500,SSO,12.765,12.68375,0.64058,0.08125,160000,2042400000
11/02/2017,ProShares Ultra S&P500,SSO,12.68375,12.6775,0.04930,0.00625,160000,2029400000
11/01/2017,ProShares Ultra S&P500,SSO,12.6775,12.64,0.29668,0.0375,160000,2028400000
10/31/2017,ProShares Ultra S&P500,SSO,12.64,12.61375,0.20811,0.02625,160000,2022400000
10/30/2017,ProShares Ultra S&P500,SSO,12.61375,12.69625,-0.64980,-0.0825,164000,2068655000
10/27/2017,ProShares Ultra S&P500,SSO,12.69625,12.495,1.61064,0.20125,164000,2082185000
10/26/2017,ProShares Ultra S&P500,SSO,12.495,12.465,0.24067,0.03,160400,2004198000
10/25/2017,ProShares Ultra S&P500,SSO,12.465,12.585,-0.95352,-0.12,160400,1999386000
10/24/2017,ProShares Ultra S&P500,SSO,12.585,12.54375,0.32885,0.04125,160400,2018634000
10/23/2017,ProShares Ultra S&P500,SSO,12.54375,12.645,-0.80071,-0.10125,160400,2012017500
10/20/2017,ProShares Ultra S&P500,SSO,12.645,12.51625,1.02866,0.12875,160400,2028258000
10/19/2017,ProShares Ultra S&P500,SSO,12.51625,12.50875,0.05996,0.0075,161200,2017619500
10/18/2017,ProShares Ultra S&P500,SSO,12.50875,12.49,0.15012,0.01875,160800,2011407000
10/17/2017,ProShares Ultra S&P500,SSO,12.49,12.47375,0.13027,0.01625,160800,2008392000
10/16/2017,ProShares Ultra S&P500,SSO,12.47375,12.43375,0.32171,0.04,160800,2005779000
10/13/2017,ProShares Ultra S&P500,SSO,12.43375,12.41,0.19138,0.02375,159600,1984426500
10/12/2017,ProShares Ultra S&P500,SSO,12.41,12.45125,-0.33129,-0.04125,159600,1980636000
10/11/2017,ProShares Ultra S&P500,SSO,12.45125,12.40875,0.34250,0.0425,159600,1987219500
10/10/2017,ProShares Ultra S&P500,SSO,12.40875,12.35,0.47571,0.05875,158400,1965546000
10/09/2017,ProShares Ultra S&P500,SSO,12.35,12.395,-0.36305,-0.045,158400,1956240000
10/06/2017,ProShares Ultra S&P500,SSO,12.395,12.41625,-0.17115,-0.02125,158400,1963368000
10/05/2017,ProShares Ultra S&P500,SSO,12.41625,12.275,1.15071,0.14125,158400,1966734000
10/04/2017,ProShares Ultra S&P500,SSO,12.275,12.245,0.24500,0.03,157600,1934540000
10/03/2017,ProShares Ultra S&P500,SSO,12.245,12.1925,0.43059,0.0525,157600,1929812000
10/02/2017,ProShares Ultra S&P500,SSO,12.1925,12.0975,0.78529,0.095,157600,1921538000
09/29/2017,ProShares Ultra S&P500,SSO,12.0975,12.01,0.72856,0.0875,156400,1892049000
09/28/2017,ProShares Ultra S&P500,SSO,12.01,11.97875,0.26088,0.03125,180800,2171408000
09/27/2017,ProShares Ultra S&P500,SSO,11.97875,11.895,0.70408,0.08375,180400,2160966500
09/26/2017,ProShares Ultra S&P500,SSO,11.895,11.89,0.04205,0.005,156400,1860378000
09/25/2017,ProShares Ultra S&P500,SSO,11.89,11.94375,-0.45003,-0.05375,156400,1859596000
09/22/2017,ProShares Ultra S&P500,SSO,11.94375,11.93125,0.10477,0.0125,155600,1858447500
09/21/2017,ProShares Ultra S&P500,SSO,11.93125,12.00375,-0.60398,-0.0725,156000,1861275000
09/20/2017,ProShares Ultra S&P500,SSO,12.00375,11.99,0.11468,0.01375,156800,1882188000
09/19/2017,ProShares Ultra S&P500,SSO,11.99,11.965,0.20894,0.025,156800,1880032000
09/18/2017,ProShares Ultra S&P500,SSO,11.965,11.9275,0.31440,0.0375,156800,1876112000
09/15/2017,ProShares Ultra S&P500,SSO,11.9275,11.885,0.35759,0.0425,158800,1894087000
09/14/2017,ProShares Ultra S&P500,SSO,11.885,11.9025,-0.14703,-0.0175,159600,1896846000
09/13/2017,ProShares Ultra S&P500,SSO,11.9025,11.88625,0.13671,0.01625,159600,1899639000
09/12/2017,ProShares Ultra S&P500,SSO,11.88625,11.80625,0.67761,0.08,163600,1944590500
09/11/2017,ProShares Ultra S&P500,SSO,11.80625,11.5575,2.15228,0.24875,164400,1940947500
09/08/2017,ProShares Ultra S&P500,SSO,11.5575,11.59125,-0.29117,-0.03375,165200,1909299000
09/07/2017,ProShares Ultra S&P500,SSO,11.59125,11.5925,-0.01078,-0.00125,165600,1919511000
09/06/2017,ProShares Ultra S&P500,SSO,11.5925,11.52,0.62934,0.0725,165600,1919718000
09/05/2017,ProShares Ultra S&P500,SSO,11.52,11.69625,-1.50689,-0.17625,164000,1889280000
09/01/2017,ProShares Ultra S&P500,SSO,11.69625,11.6525,0.37546,0.04375,164000,1918185000
08/31/2017,ProShares Ultra S&P500,SSO,11.6525,11.52,1.15017,0.1325,163600,1906349000
08/30/2017,ProShares Ultra S&P500,SSO,11.52,11.41125,0.95301,0.10875,163600,1884672000
08/29/2017,ProShares Ultra S&P500,SSO,11.41125,11.38875,0.19756,0.0225,163600,1866880500
08/28/2017,ProShares Ultra S&P500,SSO,11.38875,11.38,0.07689,0.00875,163600,1863199500
08/25/2017,ProShares Ultra S&P500,SSO,11.38,11.33875,0.36380,0.04125,163600,1861768000
08/24/2017,ProShares Ultra S&P500,SSO,11.33875,11.38625,-0.41717,-0.0475,164800,1868626000
08/23/2017,ProShares Ultra S&P500,SSO,11.38625,11.46625,-0.69770,-0.08,164800,1876454000
08/22/2017,ProShares Ultra S&P500,SSO,11.46625,11.24125,2.00156,0.225,164800,1889638000
08/21/2017,ProShares Ultra S&P500,SSO,11.24125,11.2175,0.21172,0.02375,165600,1861551000
08/18/2017,ProShares Ultra S&P500,SSO,11.2175,11.2575,-0.35532,-0.04,165600,1857618000
08/17/2017,ProShares Ultra S&P500,SSO,11.2575,11.6175,-3.09877,-0.36,165600,1864242000
08/16/2017,ProShares Ultra S&P500,SSO,11.6175,11.58,0.32383,0.0375,165600,1923858000
08/15/2017,ProShares Ultra S&P500,SSO,11.58,11.58625,-0.05394,-0.00625,167600,1940808000
08/14/2017,ProShares Ultra S&P500,SSO,11.58625,11.35875,2.00286,0.2275,169200,1960393500
08/11/2017,ProShares Ultra S&P500,SSO,11.35875,11.32875,0.26481,0.03,169200,1921900500
08/10/2017,ProShares Ultra S&P500,SSO,11.32875,11.65875,-2.83049,-0.33,169200,1916824500
08/09/2017,ProShares Ultra S&P500,SSO,11.65875,11.665,-0.05358,-0.00625,169200,1972660500
08/08/2017,ProShares Ultra S&P500,SSO,11.665,11.72,-0.46928,-0.055,169200,1973718000
08/07/2017,ProShares Ultra S&P500,SSO,11.72,11.6825,0.32099,0.0375,169600,1987712000
08/04/2017,ProShares Ultra S&P500,SSO,11.6825,11.63875,0.37590,0.04375,169600,1981352000
08/03/2017,ProShares Ultra S&P500,SSO,11.63875,11.685,-0.39581,-0.04625,169600,1973932000
08/02/2017,ProShares Ultra S&P500,SSO,11.685,11.6725,0.10709,0.0125,169600,1981776000
08/01/2017,ProShares Ultra S&P500,SSO,11.6725,11.6175,0.47342,0.055,169600,1979656000
07/31/2017,ProShares Ultra S&P500,SSO,11.6175,11.635,-0.15041,-0.0175,170000,1974975000
07/28/2017,ProShares Ultra S&P500,SSO,11.635,11.665,-0.25718,-0.03,170000,1977950000
07/27/2017,ProShares Ultra S&P500,SSO,11.665,11.68625,-0.18184,-0.02125,170000,1983050000
07/26/2017,ProShares Ultra S&P500,SSO,11.68625,11.6825,0.03210,0.00375,170800,1996011500
07/25/2017,ProShares Ultra S&P500,SSO,11.6825,11.6175,0.55950,0.065,171600,2004717000
07/24/2017,ProShares Ultra S&P500,SSO,11.6175,11.64,-0.19330,-0.0225,170000,1974975000
07/21/2017,ProShares Ultra S&P500,SSO,11.64,11.65125,-0.09656,-0.01125,169200,1969488000
07/20/2017,ProShares Ultra S&P500,SSO,11.65125,11.6525,-0.01073,-0.00125,169200,1971391500
07/19/2017,ProShares Ultra S&P500,SSO,11.6525,11.52875,1.07340,0.12375,169200,1971603000
07/18/2017,ProShares Ultra S&P500,SSO,11.52875,11.515,0.11941,0.01375,169200,1950664500
07/17/2017,ProShares Ultra S&P500,SSO,11.515,11.5175,-0.02171,-0.0025,168800,1943732000
07/14/2017,ProShares Ultra S&P500,SSO,11.5175,11.41125,0.93110,0.10625,168800,1944154000
07/13/2017,ProShares Ultra S&P500,SSO,11.41125,11.37,0.36280,0.04125,170000,1939912500
07/12/2017,ProShares Ultra S&P500,SSO,11.37,11.205,1.47256,0.165,170000,1932900000
07/11/2017,ProShares Ultra S&P500,SSO,11.205,11.22375,-0.16706,-0.01875,170000,1904850000
07/10/2017,ProShares Ultra S&P500,SSO,11.22375,11.2025,0.18969,0.02125,170000,1908037500
07/07/2017,ProShares Ultra S&P500,SSO,11.2025,11.06125,1.27698,0.14125,170000,1904425000
07/06/2017,ProShares Ultra S&P500,SSO,11.06125,11.26625,-1.81959,-0.205,170000,1880412500
07/05/2017,ProShares Ultra S&P500,SSO,11.26625,11.22875,0.33396,0.0375,170000,1915262500
07/03/2017,ProShares Ultra S&P500,SSO,11.22875,11.17875,0.44728,0.05,170400,1913379000
06/30/2017,ProShares Ultra S&P500,SSO,11.17875,11.1425,0.32533,0.03625,170400,1904859000
06/29/2017,ProShares Ultra S&P500,SSO,11.1425,11.33875,-1.73079,-0.19625,169600,1889768000
06/28/2017,ProShares Ultra S&P500,SSO,11.33875,11.14,1.78411,0.19875,169600,1923052000
06/27/2017,ProShares Ultra S&P500,SSO,11.14,11.32375,-1.62270,-0.18375,169200,1884888000
06/26/2017,ProShares Ultra S&P500,SSO,11.32375,11.31625,0.06628,0.0075,166800,1888801500
06/23/2017,ProShares Ultra S&P500,SSO,11.31625,11.28375,0.28802,0.0325,166800,1887550500
06/22/2017,ProShares Ultra S&P500,SSO,11.28375,11.29375,-0.08854,-0.01,165600,1868589000
06/21/2017,ProShares Ultra S&P500,SSO,11.29375,11.31625,-0.19883,-0.0225,165600,1870245000
06/20/2017,ProShares Ultra S&P500,SSO,11.31625,11.47125,-1.35120,-0.155,165600,1873971000
06/19/2017,ProShares Ultra S&P500,SSO,11.47125,11.28375,1.66168,0.1875,163600,1876696500
06/16/2017,ProShares Ultra S&P500,SSO,11.28375,11.2775,0.05542,0.00625,165200,1864075500
06/15/2017,ProShares Ultra S&P500,SSO,11.2775,11.325,-0.41943,-0.0475,166000,1872065000
06/14/2017,ProShares Ultra S&P500,SSO,11.325,11.34875,-0.20927,-0.02375,165600,1875420000
06/13/2017,ProShares Ultra S&P500,SSO,11.34875,11.24125,0.95630,0.1075,165600,1879353000
06/12/2017,ProShares Ultra S&P500,SSO,11.24125,11.26125,-0.17760,-0.02,166400,1870544000
06/09/2017,ProShares Ultra S&P500,SSO,11.26125,11.2825,-0.18834,-0.02125,166000,1869367500
06/08/2017,ProShares Ultra S&P500,SSO,11.2825,11.27625,0.05543,0.00625,167200,1886434000
06/07/2017,ProShares Ultra S&P500,SSO,11.27625,11.2375,0.34483,0.03875,166800,1880878500
06/06/2017,ProShares Ultra S&P500,SSO,11.2375,11.3025,-0.57509,-0.065,166800,1874415000
06/05/2017,ProShares Ultra S&P500,SSO,11.3025,11.32875,-0.23171,-0.02625,166800,1885257000
06/02/2017,ProShares Ultra S&P500,SSO,11.32875,11.2475,0.72238,0.08125,166800,1889635500
06/01/2017,ProShares Ultra S&P500,SSO,11.2475,11.07625,1.54610,0.17125,167200,1880582000
05/31/2017,ProShares Ultra S&P500,SSO,11.07625,11.085,-0.07894,-0.00875,168000,1860810000
05/30/2017,ProShares Ultra S&P500,SSO,11.085,11.10875,-0.21380,-0.02375,168000,1862280000
05/26/2017,ProShares Ultra S&P500,SSO,11.10875,11.1025,0.05629,0.00625,168000,1866270000
05/25/2017,ProShares Ultra S&P500,SSO,11.1025,11.00125,0.92035,0.10125,169200,1878543000
05/24/2017,ProShares Ultra S&P500,SSO,11.00125,10.94875,0.47951,0.0525,169200,1861411500
05/23/2017,ProShares Ultra S&P500,SSO,10.94875,10.9075,0.37818,0.04125,171200,1874426000
05/22/2017,ProShares Ultra S&P500,SSO,10.9075,10.7975,1.01875,0.11,171600,1871727000
05/19/2017,ProShares Ultra S&P500,SSO,10.7975,10.65375,1.34929,0.14375,171600,1852851000
05/18/2017,ProShares Ultra S&P500,SSO,10.65375,10.575,0.74468,0.07875,172000,1832445000
05/17/2017,ProShares Ultra S&P500,SSO,10.575,10.96875,-3.58974,-0.39375,172000,1818900000
05/16/2017,ProShares Ultra S&P500,SSO,10.96875,10.98125,-0.11383,-0.0125,171600,1882237500
05/15/2017,ProShares Ultra S&P500,SSO,10.98125,10.87375,0.98862,0.1075,172400,1893167500
05/12/2017,ProShares Ultra S&P500,SSO,10.87375,10.9075,-0.30942,-0.03375,172800,1878984000
05/11/2017,ProShares Ultra S&P500,SSO,10.9075,10.94875,-0.37676,-0.04125,173600,1893542000
05/10/2017,ProShares Ultra S&P500,SSO,10.94875,10.91625,0.29772,0.0325,173600,1900703000
05/09/2017,ProShares Ultra S&P500,SSO,10.91625,10.93875,-0.20569,-0.0225,172800,1886328000
05/08/2017,ProShares Ultra S&P500,SSO,10.93875,10.9375,0.01143,0.00125,172800,1890216000
05/05/2017,ProShares Ultra S&P500,SSO,10.9375,10.85,0.80645,0.0875,172800,1890000000
05/04/2017,ProShares Ultra S&P500,SSO,10.85,10.835,0.13844,0.015,174000,1887900000
05/03/2017,ProShares Ultra S&P500,SSO,10.835,10.86,-0.23020,-0.025,174000,1885290000
05/02/2017,ProShares Ultra S&P500,SSO,10.86,10.8375,0.20761,0.0225,173200,1880952000
05/01/2017,ProShares Ultra S&P500,SSO,10.8375,10.7975,0.37046,0.04,174800,1894395000
04/28/2017,ProShares Ultra S&P500,SSO,10.7975,10.84125,-0.40355,-0.04375,174400,1883084000
04/27/2017,ProShares Ultra S&P500,SSO,10.84125,10.82625,0.13855,0.015,174800,1895050500
04/26/2017,ProShares Ultra S&P500,SSO,10.82625,10.83875,-0.11533,-0.0125,174800,1892428500
04/25/2017,ProShares Ultra S&P500,SSO,10.83875,10.71,1.20215,0.12875,174800,1894613500
04/24/2017,ProShares Ultra S&P500,SSO,10.71,10.4825,2.17028,0.2275,177600,1902096000
04/21/2017,ProShares Ultra S&P500,SSO,10.4825,10.54875,-0.62804,-0.06625,177600,1861692000
04/20/2017,ProShares Ultra S&P500,SSO,10.54875,10.38875,1.54013,0.16,178800,1886116500
04/19/2017,ProShares Ultra S&P500,SSO,10.38875,10.425,-0.34772,-0.03625,178400,1853353000
04/18/2017,ProShares Ultra S&P500,SSO,10.425,10.48625,-0.58410,-0.06125,178400,1859820000
04/17/2017,ProShares Ultra S&P500,SSO,10.48625,10.30875,1.72184,0.1775,178000,1866552500
04/13/2017,ProShares Ultra S&P500,SSO,10.30875,10.45125,-1.36347,-0.1425,178000,1834957500
04/12/2017,ProShares Ultra S&P500,SSO,10.45125,10.5325,-0.77142,-0.08125,177600,1856142000
04/11/2017,ProShares Ultra S&P500,SSO,10.5325,10.56125,-0.27222,-0.02875,177600,1870572000
04/10/2017,ProShares Ultra S&P500,SSO,10.56125,10.5475,0.13036,0.01375,176000,1858780000
04/07/2017,ProShares Ultra S&P500,SSO,10.5475,10.56625,-0.17745,-0.01875,176000,1856360000
04/06/2017,ProShares Ultra S&P500,SSO,10.56625,10.5175,0.46351,0.04875,176000,1859660000
04/05/2017,ProShares Ultra S&P500,SSO,10.5175,10.58125,-0.60248,-0.06375,176000,1851080000
04/04/2017,ProShares Ultra S&P500,SSO,10.58125,10.5675,0.13012,0.01375,173600,1836905000
04/03/2017,ProShares Ultra S&P500,SSO,10.5675,10.6025,-0.33011,-0.035,173200,1830291000
03/31/2017,ProShares Ultra S&P500,SSO,10.6025,10.65125,-0.45769,-0.04875,173200,1836353000
03/30/2017,ProShares Ultra S&P500,SSO,10.65125,10.58875,0.59025,0.0625,175600,1870359500
03/29/2017,ProShares Ultra S&P500,SSO,10.58875,10.56375,0.23666,0.025,175600,1859384500
03/28/2017,ProShares Ultra S&P500,SSO,10.56375,10.41375,1.44040,0.15,175600,1854994500
03/27/2017,ProShares Ultra S&P500,SSO,10.41375,10.43625,-0.21559,-0.0225,175200,1824489000
03/24/2017,ProShares Ultra S&P500,SSO,10.43625,10.45375,-0.16740,-0.0175,172400,1799209500
03/23/2017,ProShares Ultra S&P500,SSO,10.45375,10.47625,-0.21477,-0.0225,172400,1802226500
03/22/2017,ProShares Ultra S&P500,SSO,10.47625,10.4475,0.27519,0.02875,172400,1806105500
03/21/2017,ProShares Ultra S&P500,SSO,10.4475,10.71375,-2.48512,-0.26625,171600,1792791000
03/20/2017,ProShares Ultra S&P500,SSO,10.71375,10.75375,-0.37196,-0.04,171600,1838479500
03/17/2017,ProShares Ultra S&P500,SSO,10.75375,10.785,-0.28975,-0.03125,171600,1845343500
03/16/2017,ProShares Ultra S&P500,SSO,10.785,10.82125,-0.33499,-0.03625,172000,1855020000
03/15/2017,ProShares Ultra S&P500,SSO,10.82125,10.6425,1.67959,0.17875,170400,1843941000
03/14/2017,ProShares Ultra S&P500,SSO,10.6425,10.71625,-0.68821,-0.07375,172000,1830510000
03/13/2017,ProShares Ultra S&P500,SSO,10.71625,10.70375,0.11678,0.0125,172000,1843195000
03/10/2017,ProShares Ultra S&P500,SSO,10.70375,10.63375,0.65828,0.07,172400,1845326500
03/09/2017,ProShares Ultra S&P500,SSO,10.63375,10.615,0.17664,0.01875,172400,1833258500
03/08/2017,ProShares Ultra S&P500,SSO,10.615,10.65875,-0.41046,-0.04375,170400,1808796000
03/07/2017,ProShares Ultra S&P500,SSO,10.65875,10.72125,-0.58295,-0.0625,169600,1807724000
03/06/2017,ProShares Ultra S&P500,SSO,10.72125,10.79125,-0.64867,-0.07,164400,1762573500
03/03/2017,ProShares Ultra S&P500,SSO,10.79125,10.78,0.10436,0.01125,164800,1778398000
03/02/2017,ProShares Ultra S&P500,SSO,10.78,10.90875,-1.18025,-0.12875,165600,1785168000
03/01/2017,ProShares Ultra S&P500,SSO,10.90875,10.615,2.76731,0.29375,165600,1806489000
02/28/2017,ProShares Ultra S&P500,SSO,10.615,10.67125,-0.52712,-0.05625,165200,1753598000
02/27/2017,ProShares Ultra S&P500,SSO,10.67125,10.645,0.24659,0.02625,163600,1745816500
02/24/2017,ProShares Ultra S&P500,SSO,10.645,10.61125,0.31806,0.03375,163600,1741522000
02/23/2017,ProShares Ultra S&P500,SSO,10.61125,10.6,0.10613,0.01125,163600,1736000500
02/22/2017,ProShares Ultra S&P500,SSO,10.6,10.62125,-0.20007,-0.02125,163200,1729920000
02/21/2017,ProShares Ultra S&P500,SSO,10.62125,10.49625,1.19090,0.125,162800,1729139500
02/17/2017,ProShares Ultra S&P500,SSO,10.49625,10.4625,0.32258,0.03375,164800,1729782000
02/16/2017,ProShares Ultra S&P500,SSO,10.4625,10.47875,-0.15508,-0.01625,165200,1728405000
02/15/2017,ProShares Ultra S&P500,SSO,10.47875,10.37375,1.01217,0.105,165200,1731089500
02/14/2017,ProShares Ultra S&P500,SSO,10.37375,10.2875,0.83840,0.08625,165200,1713743500
02/13/2017,ProShares Ultra S&P500,SSO,10.2875,10.17625,1.09323,0.11125,165200,1699495000
02/10/2017,ProShares Ultra S&P500,SSO,10.17625,10.1025,0.73002,0.07375,162800,1656693500
02/09/2017,ProShares Ultra S&P500,SSO,10.1025,9.98375,1.18943,0.11875,166400,1681056000
02/08/2017,ProShares Ultra S&P500,SSO,9.98375,9.96375,0.20073,0.02,166400,1661296000
02/07/2017,ProShares Ultra S&P500,SSO,9.96375,9.96,0.03765,0.00375,166400,1657968000
02/06/2017,ProShares Ultra S&P500,SSO,9.96,10.0025,-0.42489,-0.0425,166400,1657344000
02/03/2017,ProShares Ultra S&P500,SSO,10.0025,9.86,1.44523,0.1425,164400,1644411000
02/02/2017,ProShares Ultra S&P500,SSO,9.86,9.8475,0.12694,0.0125,169200,1668312000
02/01/2017,ProShares Ultra S&P500,SSO,9.8475,9.84,0.07622,0.0075,169200,1666197000
01/31/2017,ProShares Ultra S&P500,SSO,9.84,9.85375,-0.13954,-0.01375,168000,1653120000
01/30/2017,ProShares Ultra S&P500,SSO,9.85375,9.975,-1.21554,-0.12125,168000,1655430000
01/27/2017,ProShares Ultra S&P500,SSO,9.975,9.995,-0.20010,-0.02,167600,1671810000
01/26/2017,ProShares Ultra S&P500,SSO,9.995,10.01125,-0.16232,-0.01625,168800,1687156000
01/25/2017,ProShares Ultra S&P500,SSO,10.01125,9.85,1.63706,0.16125,168400,1685894500
01/24/2017,ProShares Ultra S&P500,SSO,9.85,9.72375,1.29837,0.12625,172400,1698140000
01/23/2017,ProShares Ultra S&P500,SSO,9.72375,9.77625,-0.53702,-0.0525,173600,1688043000
01/20/2017,ProShares Ultra S&P500,SSO,9.77625,9.71,0.68229,0.06625,173600,1697157000
01/19/2017,ProShares Ultra S&P500,SSO,9.71,9.78125,-0.72843,-0.07125,176400,1712844000
01/18/2017,ProShares Ultra S&P500,SSO,9.78125,9.74375,0.38486,0.0375,177200,1733237500
01/17/2017,ProShares Ultra S&P500,SSO,9.74375,9.805,-0.62468,-0.06125,177200,1726592500
01/13/2017,ProShares Ultra S&P500,SSO,9.805,9.7675,0.38393,0.0375,177200,1737446000
01/12/2017,ProShares Ultra S&P500,SSO,9.7675,9.81125,-0.44592,-0.04375,178800,1746429000
01/11/2017,ProShares Ultra S&P500,SSO,9.81125,9.75625,0.56374,0.055,178800,1754251500
01/10/2017,ProShares Ultra S&P500,SSO,9.75625,9.7575,-0.01281,-0.00125,177200,1728807500
01/09/2017,ProShares Ultra S&P500,SSO,9.7575,9.82625,-0.69966,-0.06875,177200,1729029000
01/06/2017,ProShares Ultra S&P500,SSO,9.82625,9.75375,0.74330,0.0725,177200,1741211500
01/05/2017,ProShares Ultra S&P500,SSO,9.75375,9.76875,-0.15355,-0.015,178400,1740069000
01/04/2017,ProShares Ultra S&P500,SSO,9.76875,9.655,1.17815,0.11375,178400,1742745000
01/03/2017,ProShares Ultra S&P500,SSO,9.655,9.49875,1.64495,0.15625,180800,1745624000
12/30/2016,ProShares Ultra S&P500,SSO,9.49875,9.58375,-0.88692,-0.085,179600,1705975500
12/29/2016,ProShares Ultra S&P500,SSO,9.58375,9.58875,-0.05214,-0.005,181200,1736575500
12/28/2016,ProShares Ultra S&P500,SSO,9.58875,9.75,-1.65385,-0.16125,181200,1737481500
12/27/2016,ProShares Ultra S&P500,SSO,9.75,9.70625,0.45074,0.04375,181200,1766700000
12/23/2016,ProShares Ultra S&P500,SSO,9.70625,9.68,0.27118,0.02625,181200,1758772500
12/22/2016,ProShares Ultra S&P500,SSO,9.68,9.715,-0.36027,-0.035,181600,1757888000
12/21/2016,ProShares Ultra S&P500,SSO,9.715,9.77625,-0.62652,-0.06125,180800,1756472000
12/20/2016,ProShares Ultra S&P500,SSO,9.77625,9.70375,0.74713,0.0725,180800,1767546000
12/19/2016,ProShares Ultra S&P500,SSO,9.70375,9.665,0.40093,0.03875,181200,1758319500
12/16/2016,ProShares Ultra S&P500,SSO,9.665,9.7,-0.36082,-0.035,180800,1747432000
12/15/2016,ProShares Ultra S&P500,SSO,9.7,9.62375,0.79231,0.07625,182800,1773160000
12/14/2016,ProShares Ultra S&P500,SSO,9.62375,9.78375,-1.63536,-0.16,182400,1755372000
12/13/2016,ProShares Ultra S&P500,SSO,9.78375,9.655,1.33351,0.12875,181200,1772815500
12/12/2016,ProShares Ultra S&P500,SSO,9.655,9.6775,-0.23250,-0.0225,182400,1761072000
12/09/2016,ProShares Ultra S&P500,SSO,9.6775,9.5625,1.20261,0.115,182000,1761305000
12/08/2016,ProShares Ultra S&P500,SSO,9.5625,9.52,0.44643,0.0425,182000,1740375000
12/07/2016,ProShares Ultra S&P500,SSO,9.52,9.27375,2.65534,0.24625,179600,1709792000
12/06/2016,ProShares Ultra S&P500,SSO,9.27375,9.2125,0.66486,0.06125,179600,1665565500
12/05/2016,ProShares Ultra S&P500,SSO,9.2125,9.105,1.18067,0.1075,177600,1636140000
12/02/2016,ProShares Ultra S&P500,SSO,9.105,9.0975,0.08244,0.0075,178400,1624332000
12/01/2016,ProShares Ultra S&P500,SSO,9.0975,9.1625,-0.70941,-0.065,179200,1630272000
11/30/2016,ProShares Ultra S&P500,SSO,9.1625,9.20875,-0.50224,-0.04625,175600,1608935000
11/29/2016,ProShares Ultra S&P500,SSO,9.20875,9.17875,0.32684,0.03,175200,1613373000
11/28/2016,ProShares Ultra S&P500,SSO,9.17875,9.2725,-1.01105,-0.09375,175200,1608117000
11/25/2016,ProShares Ultra S&P500,SSO,9.2725,9.20125,0.77435,0.07125,171200,1587452000
11/23/2016,ProShares Ultra S&P500,SSO,9.20125,9.1875,0.14966,0.01375,171200,1575254000
11/22/2016,ProShares Ultra S&P500,SSO,9.1875,9.14875,0.42356,0.03875,175200,1609650000
11/21/2016,ProShares Ultra S&P500,SSO,9.14875,9.015,1.48364,0.13375,176400,1613839500
11/18/2016,ProShares Ultra S&P500,SSO,9.015,9.05625,-0.45549,-0.04125,176000,1586640000
11/17/2016,ProShares Ultra S&P500,SSO,9.05625,8.97,0.96154,0.08625,176000,1593900000
11/16/2016,ProShares Ultra S&P500,SSO,8.97,8.99625,-0.29179,-0.02625,176000,1578720000
11/15/2016,ProShares Ultra S&P500,SSO,8.99625,8.86,1.53781,0.13625,176000,1583340000
11/14/2016,ProShares Ultra S&P500,SSO,8.86,8.8575,0.02822,0.0025,173200,1534552000
11/11/2016,ProShares Ultra S&P500,SSO,8.8575,8.88625,-0.32353,-0.02875,172800,1530576000
11/10/2016,ProShares Ultra S&P500,SSO,8.88625,8.85,0.40960,0.03625,174000,1546207500
11/09/2016,ProShares Ultra S&P500,SSO,8.85,8.6575,2.22351,0.1925,173200,1532820000
11/08/2016,ProShares Ultra S&P500,SSO,8.6575,8.585,0.84450,0.0725,174400,1509868000
11/07/2016,ProShares Ultra S&P500,SSO,8.585,8.22125,4.42451,0.36375,177600,1524696000
11/04/2016,ProShares Ultra S&P500,SSO,8.22125,8.24625,-0.30317,-0.025,183200,1506133000
11/03/2016,ProShares Ultra S&P500,SSO,8.24625,8.31625,-0.84173,-0.07,182800,1507414500
11/02/2016,ProShares Ultra S&P500,SSO,8.31625,8.42375,-1.27615,-0.1075,180000,1496925000
11/01/2016,ProShares Ultra S&P500,SSO,8.42375,8.54125,-1.37568,-0.1175,173600,1462363000
10/31/2016,ProShares Ultra S&P500,SSO,8.54125,8.54375,-0.02926,-0.0025,171600,1465678500
10/28/2016,ProShares Ultra S&P500,SSO,8.54375,8.59625,-0.61073,-0.0525,171200,1462690000
10/27/2016,ProShares Ultra S&P500,SSO,8.59625,8.64625,-0.57829,-0.05,171200,1471678000
10/26/2016,ProShares Ultra S&P500,SSO,8.64625,8.67875,-0.37448,-0.0325,171600,1483696500
10/25/2016,ProShares Ultra S&P500,SSO,8.67875,8.7425,-0.72920,-0.06375,171600,1489273500
10/24/2016,ProShares Ultra S&P500,SSO,8.7425,8.66375,0.90896,0.07875,171600,1500213000
10/21/2016,ProShares Ultra S&P500,SSO,8.66375,8.6625,0.01443,0.00125,171600,1486699500
10/20/2016,ProShares Ultra S&P500,SSO,8.6625,8.68875,-0.30211,-0.02625,172400,1493415000
10/19/2016,ProShares Ultra S&P500,SSO,8.68875,8.6475,0.47702,0.04125,172400,1497940500
10/18/2016,ProShares Ultra S&P500,SSO,8.6475,8.5425,1.22915,0.105,172400,1490829000
10/17/2016,ProShares Ultra S&P500,SSO,8.5425,8.59625,-0.62527,-0.05375,171600,1465893000
10/14/2016,ProShares Ultra S&P500,SSO,8.59625,8.5925,0.04364,0.00375,171600,1475116500
10/13/2016,ProShares Ultra S&P500,SSO,8.5925,8.64625,-0.62166,-0.05375,170000,1460725000
10/12/2016,ProShares Ultra S&P500,SSO,8.64625,8.62625,0.23185,0.02,169200,1462945500
10/11/2016,ProShares Ultra S&P500,SSO,8.62625,8.8475,-2.50071,-0.22125,169200,1459561500
10/10/2016,ProShares Ultra S&P500,SSO,8.8475,8.765,0.94124,0.0825,165200,1461607000
10/07/2016,ProShares Ultra S&P500,SSO,8.765,8.8225,-0.65174,-0.0575,165200,1447978000
10/06/2016,ProShares Ultra S&P500,SSO,8.8225,8.81375,0.09928,0.00875,165200,1457477000
10/05/2016,ProShares Ultra S&P500,SSO,8.81375,8.73375,0.91599,0.08,166400,1466608000
10/04/2016,ProShares Ultra S&P500,SSO,8.73375,8.82,-0.97789,-0.08625,184400,1610503500
10/03/2016,ProShares Ultra S&P500,SSO,8.82,8.875,-0.61972,-0.055,185200,1633464000
09/30/2016,ProShares Ultra S&P500,SSO,8.875,8.7375,1.57368,0.1375,166400,1476800000
09/29/2016,ProShares Ultra S&P500,SSO,8.7375,8.9025,-1.85341,-0.165,167200,1460910000
09/28/2016,ProShares Ultra S&P500,SSO,8.9025,8.8075,1.07863,0.095,169200,1506303000
09/27/2016,ProShares Ultra S&P500,SSO,8.8075,8.69625,1.27929,0.11125,168800,1486706000
09/26/2016,ProShares Ultra S&P500,SSO,8.69625,8.84625,-1.69563,-0.15,168000,1460970000
09/23/2016,ProShares Ultra S&P500,SSO,8.84625,8.94875,-1.14541,-0.1025,168000,1486170000
09/22/2016,ProShares Ultra S&P500,SSO,8.94875,8.835,1.28749,0.11375,168400,1506969500
09/21/2016,ProShares Ultra S&P500,SSO,8.835,8.6525,2.10922,0.1825,170400,1505484000
09/20/2016,ProShares Ultra S&P500,SSO,8.6525,8.64875,0.04336,0.00375,170400,1474386000
09/19/2016,ProShares Ultra S&P500,SSO,8.64875,8.64875,0.00000,0,168800,1459909000
09/16/2016,ProShares Ultra S&P500,SSO,8.64875,8.715,-0.76018,-0.06625,169200,1463368500
09/15/2016,ProShares Ultra S&P500,SSO,8.715,8.54125,2.03425,0.17375,171600,1495494000
09/14/2016,ProShares Ultra S&P500,SSO,8.54125,8.55,-0.10234,-0.00875,171600,1465678500
09/13/2016,ProShares Ultra S&P500,SSO,8.55,8.8075,-2.92364,-0.2575,171600,1467180000
09/12/2016,ProShares Ultra S&P500,SSO,8.8075,8.55625,2.93645,0.25125,163200,1437384000
09/09/2016,ProShares Ultra S&P500,SSO,8.55625,8.995,-4.87771,-0.43875,163200,1396380000
09/08/2016,ProShares Ultra S&P500,SSO,8.995,9.03625,-0.45649,-0.04125,163200,1467984000
09/07/2016,ProShares Ultra S&P500,SSO,9.03625,9.03625,0.00000,0,163200,1474716000
09/06/2016,ProShares Ultra S&P500,SSO,9.03625,8.9825,0.59839,0.05375,163200,1474716000
09/02/2016,ProShares Ultra S&P500,SSO,8.9825,8.90625,0.85614,0.07625,163200,1465944000
09/01/2016,ProShares Ultra S&P500,SSO,8.90625,8.9075,-0.01403,-0.00125,163200,1453500000
08/31/2016,ProShares Ultra S&P500,SSO,8.9075,8.94875,-0.46096,-0.04125,163200,1453704000
08/30/2016,ProShares Ultra S&P500,SSO,8.94875,8.98125,-0.36186,-0.0325,163200,1460436000
08/29/2016,ProShares Ultra S&P500,SSO,8.98125,8.8875,1.05485,0.09375,162800,1462147500
08/26/2016,ProShares Ultra S&P500,SSO,8.8875,8.91625,-0.32244,-0.02875,162800,1446885000
08/25/2016,ProShares Ultra S&P500,SSO,8.91625,8.94,-0.26566,-0.02375,162800,1451565500
08/24/2016,ProShares Ultra S&P500,SSO,8.94,9.03375,-1.03778,-0.09375,162800,1455432000
08/23/2016,ProShares Ultra S&P500,SSO,9.03375,8.99875,0.38894,0.035,162800,1470694500
08/22/2016,ProShares Ultra S&P500,SSO,8.99875,9.0075,-0.09714,-0.00875,162800,1464996500
08/19/2016,ProShares Ultra S&P500,SSO,9.0075,9.0325,-0.27678,-0.025,162800,1466421000
08/18/2016,ProShares Ultra S&P500,SSO,9.0325,8.9925,0.44482,0.04,165200,1492169000
08/17/2016,ProShares Ultra S&P500,SSO,8.9925,8.95625,0.40475,0.03625,165200,1485561000
08/16/2016,ProShares Ultra S&P500,SSO,8.95625,9.05125,-1.04958,-0.095,165200,1479572500
08/15/2016,ProShares Ultra S&P500,SSO,9.05125,9,0.56944,0.05125,165200,1495266500
08/12/2016,ProShares Ultra S&P500,SSO,9,9.015,-0.16639,-0.015,165200,1486800000
08/11/2016,ProShares Ultra S&P500,SSO,9.015,8.92875,0.96598,0.08625,165200,1489278000
08/10/2016,ProShares Ultra S&P500,SSO,8.92875,8.975,-0.51532,-0.04625,170000,1517887500
08/09/2016,ProShares Ultra S&P500,SSO,8.975,8.96625,0.09759,0.00875,170000,1525750000
08/08/2016,ProShares Ultra S&P500,SSO,8.96625,8.98,-0.15312,-0.01375,170000,1524262500
08/05/2016,ProShares Ultra S&P500,SSO,8.98,8.83125,1.68436,0.14875,170000,1526600000
08/04/2016,ProShares Ultra S&P500,SSO,8.83125,8.82125,0.11336,0.01,170000,1501312500
08/03/2016,ProShares Ultra S&P500,SSO,8.82125,8.7625,0.67047,0.05875,170000,1499612500
08/02/2016,ProShares Ultra S&P500,SSO,8.7625,8.875,-1.26761,-0.1125,170000,1489625000
08/01/2016,ProShares Ultra S&P500,SSO,8.875,8.89875,-0.26689,-0.02375,170000,1508750000
07/29/2016,ProShares Ultra S&P500,SSO,8.89875,8.87,0.32413,0.02875,170000,1512787500
07/28/2016,ProShares Ultra S&P500,SSO,8.87,8.84125,0.32518,0.02875,170000,1507900000
07/27/2016,ProShares Ultra S&P500,SSO,8.84125,8.8625,-0.23977,-0.02125,170000,1503012500
07/26/2016,ProShares Ultra S&P500,SSO,8.8625,8.85625,0.07057,0.00625,168000,1488900000
07/25/2016,ProShares Ultra S&P500,SSO,8.85625,8.90875,-0.58931,-0.0525,168000,1487850000
07/22/2016,ProShares Ultra S&P500,SSO,8.90875,8.82875,0.90613,0.08,168000,1496670000
07/21/2016,ProShares Ultra S&P500,SSO,8.82875,8.895,-0.74480,-0.06625,168000,1483230000
07/20/2016,ProShares Ultra S&P500,SSO,8.895,8.8175,0.87893,0.0775,168000,1494360000
07/19/2016,ProShares Ultra S&P500,SSO,8.8175,8.8425,-0.28273,-0.025,168000,1481340000
07/18/2016,ProShares Ultra S&P500,SSO,8.8425,8.8,0.48295,0.0425,167200,1478466000
07/15/2016,ProShares Ultra S&P500,SSO,8.8,8.8175,-0.19847,-0.0175,167200,1471360000
07/14/2016,ProShares Ultra S&P500,SSO,8.8175,8.72375,1.07465,0.09375,172400,1520137000
07/13/2016,ProShares Ultra S&P500,SSO,8.72375,8.7225,0.01433,0.00125,172400,1503974500
07/12/2016,ProShares Ultra S&P500,SSO,8.7225,8.60125,1.40968,0.12125,172400,1503759000
07/11/2016,ProShares Ultra S&P500,SSO,8.60125,8.5425,0.68774,0.05875,172400,1482855500
07/08/2016,ProShares Ultra S&P500,SSO,8.5425,8.29125,3.03030,0.25125,172400,1472727000
07/07/2016,ProShares Ultra S&P500,SSO,8.29125,8.305,-0.16556,-0.01375,172400,1429411500
07/06/2016,ProShares Ultra S&P500,SSO,8.305,8.21,1.15713,0.095,172400,1431782000
07/05/2016,ProShares Ultra S&P500,SSO,8.21,8.3225,-1.35176,-0.1125,172400,1415404000
07/01/2016,ProShares Ultra S&P500,SSO,8.3225,8.29,0.39204,0.0325,172400,1434799000
06/30/2016,ProShares Ultra S&P500,SSO,8.29,8.07125,2.71024,0.21875,181600,1505464000
06/29/2016,ProShares Ultra S&P500,SSO,8.07125,7.80375,3.42784,0.2675,180000,1452825000
06/28/2016,ProShares Ultra S&P500,SSO,7.80375,7.5325,3.60106,0.27125,180000,1404675000
06/27/2016,ProShares Ultra S&P500,SSO,7.5325,7.815,-3.61484,-0.2825,180000,1355850000
06/24/2016,ProShares Ultra S&P500,SSO,7.815,8.4225,-7.21282,-0.6075,177200,1384818000
06/23/2016,ProShares Ultra S&P500,SSO,8.4225,8.2025,2.68211,0.22,177200,1492467000
06/22/2016,ProShares Ultra S&P500,SSO,8.2025,8.2425,-0.48529,-0.04,177200,1453483000
06/21/2016,ProShares Ultra S&P500,SSO,8.2425,8.1975,0.54895,0.045,176400,1453977000
06/20/2016,ProShares Ultra S&P500,SSO,8.1975,8.10125,1.18809,0.09625,178000,1459155000
06/17/2016,ProShares Ultra S&P500,SSO,8.10125,8.15625,-0.67433,-0.055,178000,1442022500
06/16/2016,ProShares Ultra S&P500,SSO,8.15625,8.10375,0.64785,0.0525,180800,1474650000
06/15/2016,ProShares Ultra S&P500,SSO,8.10375,8.1325,-0.35352,-0.02875,180800,1465158000
06/14/2016,ProShares Ultra S&P500,SSO,8.1325,8.16125,-0.35227,-0.02875,180800,1470356000
06/13/2016,ProShares Ultra S&P500,SSO,8.16125,8.29125,-1.56792,-0.13,180800,1475554000
06/10/2016,ProShares Ultra S&P500,SSO,8.29125,8.4475,-1.84966,-0.15625,180800,1499058000
06/09/2016,ProShares Ultra S&P500,SSO,8.4475,8.475,-0.32448,-0.0275,180800,1527308000
06/08/2016,ProShares Ultra S&P500,SSO,8.475,8.4175,0.68310,0.0575,180800,1532280000
06/07/2016,ProShares Ultra S&P500,SSO,8.4175,8.39625,0.25309,0.02125,180800,1521884000
06/06/2016,ProShares Ultra S&P500,SSO,8.39625,8.31375,0.99233,0.0825,180800,1518042000
06/03/2016,ProShares Ultra S&P500,SSO,8.31375,8.3625,-0.58296,-0.04875,180800,1503126000
06/02/2016,ProShares Ultra S&P500,SSO,8.3625,8.31375,0.58638,0.04875,180800,1511940000
06/01/2016,ProShares Ultra S&P500,SSO,8.31375,8.29375,0.24115,0.02,180800,1503126000
05/31/2016,ProShares Ultra S&P500,SSO,8.29375,8.31,-0.19555,-0.01625,180800,1499510000
05/27/2016,ProShares Ultra S&P500,SSO,8.31,8.2375,0.88012,0.0725,180800,1502448000
05/26/2016,ProShares Ultra S&P500,SSO,8.2375,8.2375,0.00000,0,185600,1528880000
05/25/2016,ProShares Ultra S&P500,SSO,8.2375,8.125,1.38462,0.1125,185600,1528880000
05/24/2016,ProShares Ultra S&P500,SSO,8.125,7.91,2.71808,0.215,185600,1508000000
05/23/2016,ProShares Ultra S&P500,SSO,7.91,7.9425,-0.40919,-0.0325,185600,1468096000
05/20/2016,ProShares Ultra S&P500,SSO,7.9425,7.845,1.24283,0.0975,185600,1474128000
05/19/2016,ProShares Ultra S&P500,SSO,7.845,7.90375,-0.74332,-0.05875,185600,1456032000
05/18/2016,ProShares Ultra S&P500,SSO,7.90375,7.89875,0.06330,0.005,185600,1466936000
05/17/2016,ProShares Ultra S&P500,SSO,7.89875,8.04625,-1.83315,-0.1475,185600,1466008000
05/16/2016,ProShares Ultra S&P500,SSO,8.04625,7.89,1.98035,0.15625,185600,1493384000
05/13/2016,ProShares Ultra S&P500,SSO,7.89,8.02625,-1.69755,-0.13625,185600,1464384000
05/12/2016,ProShares Ultra S&P500,SSO,8.02625,8.0275,-0.01557,-0.00125,185600,1489672000
05/11/2016,ProShares Ultra S&P500,SSO,8.0275,8.17625,-1.81929,-0.14875,185600,1489904000
05/10/2016,ProShares Ultra S&P500,SSO,8.17625,7.9775,2.49138,0.19875,185600,1517512000
05/09/2016,ProShares Ultra S&P500,SSO,7.9775,7.96625,0.14122,0.01125,185600,1480624000
05/06/2016,ProShares Ultra S&P500,SSO,7.96625,7.9125,0.67930,0.05375,185600,1478536000
05/05/2016,ProShares Ultra S&P500,SSO,7.9125,7.91375,-0.01580,-0.00125,185600,1468560000
05/04/2016,ProShares Ultra S&P500,SSO,7.91375,8.005,-1.13991,-0.09125,185600,1468792000
05/03/2016,ProShares Ultra S&P500,SSO,8.005,8.1475,-1.74900,-0.1425,185600,1485728000
05/02/2016,ProShares Ultra S&P500,SSO,8.1475,8.02125,1.57394,0.12625,185600,1512176000
04/29/2016,ProShares Ultra S&P500,SSO,8.02125,8.105,-1.03331,-0.08375,185600,1488744000
04/28/2016,ProShares Ultra S&P500,SSO,8.105,8.2575,-1.84681,-0.1525,185600,1504288000
04/27/2016,ProShares Ultra S&P500,SSO,8.2575,8.22875,0.34938,0.02875,185600,1532592000
04/26/2016,ProShares Ultra S&P500,SSO,8.22875,8.19875,0.36591,0.03,185600,1527256000
04/25/2016,ProShares Ultra S&P500,SSO,8.19875,8.22875,-0.36458,-0.03,185600,1521688000
04/22/2016,ProShares Ultra S&P500,SSO,8.22875,8.2275,0.01519,0.00125,185600,1527256000
04/21/2016,ProShares Ultra S&P500,SSO,8.2275,8.315,-1.05232,-0.0875,185600,1527024000
04/20/2016,ProShares Ultra S&P500,SSO,8.315,8.3025,0.15056,0.0125,184000,1529960000
04/19/2016,ProShares Ultra S&P500,SSO,8.3025,8.25125,0.62112,0.05125,184000,1527660000
04/18/2016,ProShares Ultra S&P500,SSO,8.25125,8.14375,1.32003,0.1075,184000,1518230000
04/15/2016,ProShares Ultra S&P500,SSO,8.14375,8.16125,-0.21443,-0.0175,184000,1498450000
04/14/2016,ProShares Ultra S&P500,SSO,8.16125,8.1575,0.04597,0.00375,194000,1583282500
04/13/2016,ProShares Ultra S&P500,SSO,8.1575,7.99625,2.01657,0.16125,194000,1582555000
04/12/2016,ProShares Ultra S&P500,SSO,7.99625,7.84375,1.94422,0.1525,194000,1551272500
04/11/2016,ProShares Ultra S&P500,SSO,7.84375,7.8875,-0.55468,-0.04375,194000,1521687500
04/08/2016,ProShares Ultra S&P500,SSO,7.8875,7.84375,0.55777,0.04375,194000,1530175000
04/07/2016,ProShares Ultra S&P500,SSO,7.84375,8.03625,-2.39540,-0.1925,194000,1521687500
04/06/2016,ProShares Ultra S&P500,SSO,8.03625,7.865,2.17737,0.17125,194000,1559032500
04/05/2016,ProShares Ultra S&P500,SSO,7.865,8.02875,-2.03955,-0.16375,199200,1566708000
04/04/2016,ProShares Ultra S&P500,SSO,8.02875,8.07875,-0.61891,-0.05,199200,1599327000
04/01/2016,ProShares Ultra S&P500,SSO,8.07875,7.9775,1.26919,0.10125,199200,1609287000
03/31/2016,ProShares Ultra S&P500,SSO,7.9775,8.01125,-0.42128,-0.03375,199200,1589118000
03/30/2016,ProShares Ultra S&P500,SSO,8.01125,7.94125,0.88147,0.07,202800,1624681500
03/29/2016,ProShares Ultra S&P500,SSO,7.94125,7.8,1.81090,0.14125,202800,1610485500
03/28/2016,ProShares Ultra S&P500,SSO,7.8,7.79125,0.11231,0.00875,202800,1581840000
03/24/2016,ProShares Ultra S&P500,SSO,7.79125,7.7975,-0.08015,-0.00625,202800,1580065500
03/23/2016,ProShares Ultra S&P500,SSO,7.7975,7.9175,-1.51563,-0.12,202800,1581333000
03/22/2016,ProShares Ultra S&P500,SSO,7.9175,7.93,-0.15763,-0.0125,202800,1605669000
03/21/2016,ProShares Ultra S&P500,SSO,7.93,7.915,0.18951,0.015,202800,1608204000
03/18/2016,ProShares Ultra S&P500,SSO,7.915,7.8475,0.86015,0.0675,202800,1605162000
03/17/2016,ProShares Ultra S&P500,SSO,7.8475,7.745,1.32343,0.1025,208800,1638558000
03/16/2016,ProShares Ultra S&P500,SSO,7.745,7.6575,1.14267,0.0875,208800,1617156000
03/15/2016,ProShares Ultra S&P500,SSO,7.6575,7.68625,-0.37404,-0.02875,208800,1598886000
03/14/2016,ProShares Ultra S&P500,SSO,7.68625,7.705,-0.24335,-0.01875,208800,1604889000
03/11/2016,ProShares Ultra S&P500,SSO,7.705,7.4575,3.31881,0.2475,208800,1608804000
03/10/2016,ProShares Ultra S&P500,SSO,7.4575,7.45375,0.05031,0.00375,216000,1610820000
03/09/2016,ProShares Ultra S&P500,SSO,7.45375,7.3775,1.03355,0.07625,216000,1610010000
03/08/2016,ProShares Ultra S&P500,SSO,7.3775,7.545,-2.22001,-0.1675,219600,1620099000
03/07/2016,ProShares Ultra S&P500,SSO,7.545,7.53,0.19920,0.015,219600,1656882000
03/04/2016,ProShares Ultra S&P500,SSO,7.53,7.48125,0.65163,0.04875,219600,1653588000
03/03/2016,ProShares Ultra S&P500,SSO,7.48125,7.4275,0.72366,0.05375,224000,1675800000
03/02/2016,ProShares Ultra S&P500,SSO,7.4275,7.36625,0.83149,0.06125,224000,1663760000
03/01/2016,ProShares Ultra S&P500,SSO,7.36625,7.03,4.78307,0.33625,227600,1676558500
02/29/2016,ProShares Ultra S&P500,SSO,7.03,7.145,-1.60952,-0.115,227600,1600028000
02/26/2016,ProShares Ultra S&P500,SSO,7.145,7.1725,-0.38341,-0.0275,227600,1626202000
02/25/2016,ProShares Ultra S&P500,SSO,7.1725,7.00875,2.33637,0.16375,232400,1666889000
02/24/2016,ProShares Ultra S&P500,SSO,7.00875,6.94625,0.89977,0.0625,232400,1628833500
02/23/2016,ProShares Ultra S&P500,SSO,6.94625,7.125,-2.50877,-0.17875,232400,1614308500
02/22/2016,ProShares Ultra S&P500,SSO,7.125,6.925,2.88809,0.2,232400,1655850000
02/19/2016,ProShares Ultra S&P500,SSO,6.925,6.92375,0.01805,0.00125,232400,1609370000
02/18/2016,ProShares Ultra S&P500,SSO,6.92375,6.9875,-0.91234,-0.06375,237200,1642313500
02/17/2016,ProShares Ultra S&P500,SSO,6.9875,6.765,3.28899,0.2225,244400,1707745000
02/16/2016,ProShares Ultra S&P500,SSO,6.765,6.545,3.36134,0.22,243600,1647954000
02/12/2016,ProShares Ultra S&P500,SSO,6.545,6.2975,3.93013,0.2475,243600,1594362000
02/11/2016,ProShares Ultra S&P500,SSO,6.2975,6.455,-2.43997,-0.1575,243600,1534071000
02/10/2016,ProShares Ultra S&P500,SSO,6.455,6.45375,0.01937,0.00125,243600,1572438000
02/09/2016,ProShares Ultra S&P500,SSO,6.45375,6.46,-0.09675,-0.00625,243600,1572133500
02/08/2016,ProShares Ultra S&P500,SSO,6.46,6.6475,-2.82061,-0.1875,238800,1542648000
02/05/2016,ProShares Ultra S&P500,SSO,6.6475,6.9025,-3.69431,-0.255,238800,1587423000
02/04/2016,ProShares Ultra S&P500,SSO,6.9025,6.87875,0.34527,0.02375,246800,1703537000
02/03/2016,ProShares Ultra S&P500,SSO,6.87875,6.80625,1.06520,0.0725,246800,1697675500
02/02/2016,ProShares Ultra S&P500,SSO,6.80625,7.07,-3.73055,-0.26375,246800,1679782500
02/01/2016,ProShares Ultra S&P500,SSO,7.07,7.0775,-0.10597,-0.0075,246800,1744876000
01/29/2016,ProShares Ultra S&P500,SSO,7.0775,6.74375,4.94903,0.33375,254800,1803347000
01/28/2016,ProShares Ultra S&P500,SSO,6.74375,6.66875,1.12465,0.075,254800,1718307500
01/27/2016,ProShares Ultra S&P500,SSO,6.66875,6.8175,-2.18188,-0.14875,254800,1699197500
01/26/2016,ProShares Ultra S&P500,SSO,6.8175,6.63,2.82805,0.1875,254800,1737099000
01/25/2016,ProShares Ultra S&P500,SSO,6.63,6.845,-3.14098,-0.215,254800,1689324000
01/22/2016,ProShares Ultra S&P500,SSO,6.845,6.5775,4.06689,0.2675,254800,1744106000
01/21/2016,ProShares Ultra S&P500,SSO,6.5775,6.51,1.03687,0.0675,254800,1675947000
01/20/2016,ProShares Ultra S&P500,SSO,6.51,6.66625,-2.34390,-0.15625,250400,1630104000
01/19/2016,ProShares Ultra S&P500,SSO,6.66625,6.6575,0.13143,0.00875,247600,1650563500
01/15/2016,ProShares Ultra S&P500,SSO,6.6575,6.9575,-4.31189,-0.3,243600,1621767000
01/14/2016,ProShares Ultra S&P500,SSO,6.9575,6.73375,3.32281,0.22375,243600,1694847000
01/13/2016,ProShares Ultra S&P500,SSO,6.73375,7.0875,-4.99118,-0.35375,243600,1640341500
01/12/2016,ProShares Ultra S&P500,SSO,7.0875,6.9775,1.57650,0.11,243600,1726515000
01/11/2016,ProShares Ultra S&P500,SSO,6.9775,6.96625,0.16149,0.01125,243600,1699719000
01/08/2016,ProShares Ultra S&P500,SSO,6.96625,7.12125,-2.17658,-0.155,243600,1696978500
01/07/2016,ProShares Ultra S&P500,SSO,7.12125,7.47625,-4.74837,-0.355,243600,1734736500
01/06/2016,ProShares Ultra S&P500,SSO,7.47625,7.6725,-2.55784,-0.19625,243600,1821214500
01/05/2016,ProShares Ultra S&P500,SSO,7.6725,7.6425,0.39254,0.03,243600,1869021000
01/04/2016,ProShares Ultra S&P500,SSO,7.6425,7.87875,-2.99857,-0.23625,243600,1861713000
12/31/2015,ProShares Ultra S&P500,SSO,7.87875,8.0325,-1.91410,-0.15375,243600,1919263500
12/30/2015,ProShares Ultra S&P500,SSO,8.0325,8.14875,-1.42660,-0.11625,248400,1995273000
12/29/2015,ProShares Ultra S&P500,SSO,8.14875,7.97625,2.16267,0.1725,254400,2073042000
12/28/2015,ProShares Ultra S&P500,SSO,7.97625,8.0125,-0.45242,-0.03625,254400,2029158000
12/24/2015,ProShares Ultra S&P500,SSO,8.0125,8.04,-0.34204,-0.0275,254400,2038380000
12/23/2015,ProShares Ultra S&P500,SSO,8.04,7.84375,2.50199,0.19625,254400,2045376000
12/22/2015,ProShares Ultra S&P500,SSO,7.84375,7.73125,1.45513,0.1125,254400,1995450000
12/21/2015,ProShares Ultra S&P500,SSO,7.73125,7.61,1.59330,0.12125,254400,1966830000
12/18/2015,ProShares Ultra S&P500,SSO,7.61,7.89125,-3.56407,-0.28125,252400,1920764000
12/17/2015,ProShares Ultra S&P500,SSO,7.89125,8.135,-2.99631,-0.24375,252400,1991751500
12/16/2015,ProShares Ultra S&P500,SSO,8.135,7.905,2.90955,0.23,253200,2059782000
12/15/2015,ProShares Ultra S&P500,SSO,7.905,7.74125,2.11529,0.16375,253200,2001546000
12/14/2015,ProShares Ultra S&P500,SSO,7.74125,7.66625,0.97831,0.075,244400,1891961500
12/11/2015,ProShares Ultra S&P500,SSO,7.66625,7.975,-3.87147,-0.30875,237600,1821501000
12/10/2015,ProShares Ultra S&P500,SSO,7.975,7.9375,0.47244,0.0375,237600,1894860000
12/09/2015,ProShares Ultra S&P500,SSO,7.9375,8.0625,-1.55039,-0.125,237600,1885950000
12/08/2015,ProShares Ultra S&P500,SSO,8.0625,8.16625,-1.27047,-0.10375,237600,1915650000
12/07/2015,ProShares Ultra S&P500,SSO,8.16625,8.28125,-1.38868,-0.115,232000,1894570000
12/04/2015,ProShares Ultra S&P500,SSO,8.28125,7.95625,4.08484,0.325,232000,1921250000
12/03/2015,ProShares Ultra S&P500,SSO,7.95625,8.19125,-2.86892,-0.235,232000,1845850000
12/02/2015,ProShares Ultra S&P500,SSO,8.19125,8.37125,-2.15022,-0.18,232000,1900370000
12/01/2015,ProShares Ultra S&P500,SSO,8.37125,8.1975,2.11955,0.17375,232000,1942130000
11/30/2015,ProShares Ultra S&P500,SSO,8.1975,8.2725,-0.90662,-0.075,232000,1901820000
11/27/2015,ProShares Ultra S&P500,SSO,8.2725,8.25875,0.16649,0.01375,232000,1919220000
11/25/2015,ProShares Ultra S&P500,SSO,8.25875,8.26,-0.01513,-0.00125,232000,1916030000
11/24/2015,ProShares Ultra S&P500,SSO,8.26,8.24,0.24272,0.02,232000,1916320000
11/23/2015,ProShares Ultra S&P500,SSO,8.24,8.26125,-0.25722,-0.02125,232000,1911680000
11/20/2015,ProShares Ultra S&P500,SSO,8.26125,8.19625,0.79305,0.065,232000,1916610000
11/19/2015,ProShares Ultra S&P500,SSO,8.19625,8.21375,-0.21306,-0.0175,234800,1924479500
11/18/2015,ProShares Ultra S&P500,SSO,8.21375,7.955,3.25267,0.25875,234800,1928588500
11/17/2015,ProShares Ultra S&P500,SSO,7.955,7.97375,-0.23515,-0.01875,234800,1867834000
11/16/2015,ProShares Ultra S&P500,SSO,7.97375,7.74125,3.00339,0.2325,234800,1872236500
11/13/2015,ProShares Ultra S&P500,SSO,7.74125,7.91875,-2.24152,-0.1775,224000,1734040000
11/12/2015,ProShares Ultra S&P500,SSO,7.91875,8.14375,-2.76285,-0.225,224000,1773800000
11/11/2015,ProShares Ultra S&P500,SSO,8.14375,8.19875,-0.67083,-0.055,224000,1824200000
11/10/2015,ProShares Ultra S&P500,SSO,8.19875,8.16875,0.36725,0.03,224000,1836520000
11/09/2015,ProShares Ultra S&P500,SSO,8.16875,8.33,-1.93577,-0.16125,224000,1829800000
11/06/2015,ProShares Ultra S&P500,SSO,8.33,8.335,-0.05999,-0.005,224000,1865920000
11/05/2015,ProShares Ultra S&P500,SSO,8.335,8.35,-0.17964,-0.015,224000,1867040000
11/04/2015,ProShares Ultra S&P500,SSO,8.35,8.40375,-0.63960,-0.05375,224000,1870400000
11/03/2015,ProShares Ultra S&P500,SSO,8.40375,8.35875,0.53836,0.045,224000,1882440000
11/02/2015,ProShares Ultra S&P500,SSO,8.35875,8.165,2.37293,0.19375,224000,1872360000
10/30/2015,ProShares Ultra S&P500,SSO,8.165,8.24375,-0.95527,-0.07875,224000,1828960000
10/29/2015,ProShares Ultra S&P500,SSO,8.24375,8.25,-0.07576,-0.00625,224000,1846600000
10/28/2015,ProShares Ultra S&P500,SSO,8.25,8.06,2.35732,0.19,224000,1848000000
10/27/2015,ProShares Ultra S&P500,SSO,8.06,8.1,-0.49383,-0.04,224000,1805440000
10/26/2015,ProShares Ultra S&P500,SSO,8.1,8.13375,-0.41494,-0.03375,224000,1814400000
10/23/2015,ProShares Ultra S&P500,SSO,8.13375,7.9575,2.21489,0.17625,224000,1821960000
10/22/2015,ProShares Ultra S&P500,SSO,7.9575,7.7,3.34416,0.2575,224000,1782480000
10/21/2015,ProShares Ultra S&P500,SSO,7.7,7.79125,-1.17119,-0.09125,230800,1777160000
10/20/2015,ProShares Ultra S&P500,SSO,7.79125,7.8125,-0.27200,-0.02125,230800,1798220500
10/19/2015,ProShares Ultra S&P500,SSO,7.8125,7.8075,0.06404,0.005,230800,1803125000
10/16/2015,ProShares Ultra S&P500,SSO,7.8075,7.73875,0.88839,0.06875,230800,1801971000
10/15/2015,ProShares Ultra S&P500,SSO,7.73875,7.51375,2.99451,0.225,230800,1786103500
10/14/2015,ProShares Ultra S&P500,SSO,7.51375,7.585,-0.93935,-0.07125,230800,1734173500
10/13/2015,ProShares Ultra S&P500,SSO,7.585,7.6875,-1.33333,-0.1025,230800,1750618000
10/12/2015,ProShares Ultra S&P500,SSO,7.6875,7.67,0.22816,0.0175,230800,1774275000
10/09/2015,ProShares Ultra S&P500,SSO,7.67,7.65875,0.14689,0.01125,230800,1770236000
10/08/2015,ProShares Ultra S&P500,SSO,7.65875,7.525,1.77741,0.13375,230800,1767639500
10/07/2015,ProShares Ultra S&P500,SSO,7.525,7.40125,1.67201,0.12375,230800,1736770000
10/06/2015,ProShares Ultra S&P500,SSO,7.40125,7.455,-0.72099,-0.05375,230800,1708208500
10/05/2015,ProShares Ultra S&P500,SSO,7.455,7.1925,3.64964,0.2625,243200,1813056000
10/02/2015,ProShares Ultra S&P500,SSO,7.1925,6.99,2.89700,0.2025,243200,1749216000
10/01/2015,ProShares Ultra S&P500,SSO,6.99,6.96125,0.41300,0.02875,248000,1733520000
09/30/2015,ProShares Ultra S&P500,SSO,6.96125,6.705,3.82177,0.25625,248000,1726390000
09/29/2015,ProShares Ultra S&P500,SSO,6.705,6.69,0.22422,0.015,248000,1662840000
09/28/2015,ProShares Ultra S&P500,SSO,6.69,7.0475,-5.07272,-0.3575,241200,1613628000
09/25/2015,ProShares Ultra S&P500,SSO,7.0475,7.05375,-0.08861,-0.00625,237200,1671667000
09/24/2015,ProShares Ultra S&P500,SSO,7.05375,7.1025,-0.68638,-0.04875,237200,1673149500
09/23/2015,ProShares Ultra S&P500,SSO,7.1025,7.13125,-0.40316,-0.02875,237200,1684713000
09/22/2015,ProShares Ultra S&P500,SSO,7.13125,7.3125,-2.47863,-0.18125,237200,1691532500
09/21/2015,ProShares Ultra S&P500,SSO,7.3125,7.24625,0.91427,0.06625,237200,1734525000
09/18/2015,ProShares Ultra S&P500,SSO,7.24625,7.48875,-3.23819,-0.2425,233600,1692724000
09/17/2015,ProShares Ultra S&P500,SSO,7.48875,7.525,-0.48173,-0.03625,238000,1782322500
09/16/2015,ProShares Ultra S&P500,SSO,7.525,7.39625,1.74075,0.12875,238000,1790950000
09/15/2015,ProShares Ultra S&P500,SSO,7.39625,7.21125,2.56544,0.185,238000,1760307500
09/14/2015,ProShares Ultra S&P500,SSO,7.21125,7.27,-0.80812,-0.05875,238000,1716277500
09/11/2015,ProShares Ultra S&P500,SSO,7.27,7.20125,0.95470,0.06875,238000,1730260000
09/10/2015,ProShares Ultra S&P500,SSO,7.20125,7.125,1.07018,0.07625,238000,1713897500
09/09/2015,ProShares Ultra S&P500,SSO,7.125,7.3275,-2.76356,-0.2025,238000,1695750000
09/08/2015,ProShares Ultra S&P500,SSO,7.3275,6.97625,5.03494,0.35125,238000,1743945000
09/04/2015,ProShares Ultra S&P500,SSO,6.97625,7.19625,-3.05715,-0.22,238000,1660347500
09/03/2015,ProShares Ultra S&P500,SSO,7.19625,7.18,0.22632,0.01625,245200,1764520500
09/02/2015,ProShares Ultra S&P500,SSO,7.18,6.9225,3.71975,0.2575,245200,1760536000
09/01/2015,ProShares Ultra S&P500,SSO,6.9225,7.35875,-5.92832,-0.43625,245200,1697397000
08/31/2015,ProShares Ultra S&P500,SSO,7.35875,7.48375,-1.67029,-0.125,245200,1804365500
08/28/2015,ProShares Ultra S&P500,SSO,7.48375,7.475,0.11706,0.00875,245200,1835015500
08/27/2015,ProShares Ultra S&P500,SSO,7.475,7.12625,4.89388,0.34875,245200,1832870000
08/26/2015,ProShares Ultra S&P500,SSO,7.12625,6.61125,7.78975,0.515,245200,1747356500
08/25/2015,ProShares Ultra S&P500,SSO,6.61125,6.79125,-2.65047,-0.18,245200,1621078500
08/24/2015,ProShares Ultra S&P500,SSO,6.79125,7.37875,-7.96205,-0.5875,245200,1665214500
08/21/2015,ProShares Ultra S&P500,SSO,7.37875,7.875,-6.30159,-0.49625,222400,1641034000
08/20/2015,ProShares Ultra S&P500,SSO,7.875,8.2225,-4.22621,-0.3475,219200,1726200000
08/19/2015,ProShares Ultra S&P500,SSO,8.2225,8.35875,-1.63003,-0.13625,219200,1802372000
08/18/2015,ProShares Ultra S&P500,SSO,8.35875,8.40125,-0.50588,-0.0425,219200,1832238000
08/17/2015,ProShares Ultra S&P500,SSO,8.40125,8.31125,1.08287,0.09,219200,1841554000
08/14/2015,ProShares Ultra S&P500,SSO,8.31125,8.2475,0.77296,0.06375,219200,1821826000
08/13/2015,ProShares Ultra S&P500,SSO,8.2475,8.2675,-0.24191,-0.02,219200,1807852000
08/12/2015,ProShares Ultra S&P500,SSO,8.2675,8.24875,0.22731,0.01875,219200,1812236000
08/11/2015,ProShares Ultra S&P500,SSO,8.24875,8.405,-1.85901,-0.15625,219200,1808126000
08/10/2015,ProShares Ultra S&P500,SSO,8.405,8.19625,2.54690,0.20875,219200,1842376000
08/07/2015,ProShares Ultra S&P500,SSO,8.19625,8.24125,-0.54603,-0.045,219200,1796618000
08/06/2015,ProShares Ultra S&P500,SSO,8.24125,8.36875,-1.52353,-0.1275,219200,1806482000
08/05/2015,ProShares Ultra S&P500,SSO,8.36875,8.31125,0.69183,0.0575,215200,1800955000
08/04/2015,ProShares Ultra S&P500,SSO,8.31125,8.3475,-0.43426,-0.03625,215200,1788581000
08/03/2015,ProShares Ultra S&P500,SSO,8.3475,8.39625,-0.58062,-0.04875,215200,1796382000
07/31/2015,ProShares Ultra S&P500,SSO,8.39625,8.43375,-0.44464,-0.0375,215200,1806873000
07/30/2015,ProShares Ultra S&P500,SSO,8.43375,8.43125,0.02965,0.0025,215200,1814943000
07/29/2015,ProShares Ultra S&P500,SSO,8.43125,8.31,1.45909,0.12125,215200,1814405000
07/28/2015,ProShares Ultra S&P500,SSO,8.31,8.10875,2.48189,0.20125,215200,1788312000
07/27/2015,ProShares Ultra S&P500,SSO,8.10875,8.205,-1.17307,-0.09625,214400,1738516000
07/24/2015,ProShares Ultra S&P500,SSO,8.205,8.38375,-2.13210,-0.17875,214400,1759152000
07/23/2015,ProShares Ultra S&P500,SSO,8.38375,8.47875,-1.12045,-0.095,214400,1797476000
07/22/2015,ProShares Ultra S&P500,SSO,8.47875,8.5175,-0.45495,-0.03875,214400,1817844000
07/21/2015,ProShares Ultra S&P500,SSO,8.5175,8.59,-0.84400,-0.0725,214400,1826152000
07/20/2015,ProShares Ultra S&P500,SSO,8.59,8.5775,0.14573,0.0125,214400,1841696000
07/17/2015,ProShares Ultra S&P500,SSO,8.5775,8.56,0.20444,0.0175,216400,1856171000
07/16/2015,ProShares Ultra S&P500,SSO,8.56,8.425,1.60237,0.135,216400,1852384000
07/15/2015,ProShares Ultra S&P500,SSO,8.425,8.43625,-0.13335,-0.01125,216400,1823170000
07/14/2015,ProShares Ultra S&P500,SSO,8.43625,8.3625,0.88191,0.07375,216400,1825604500
07/13/2015,ProShares Ultra S&P500,SSO,8.3625,8.18125,2.21543,0.18125,216400,1809645000
07/10/2015,ProShares Ultra S&P500,SSO,8.18125,7.9825,2.48982,0.19875,216400,1770422500
07/09/2015,ProShares Ultra S&P500,SSO,7.9825,7.9475,0.44039,0.035,220400,1759343000
07/08/2015,ProShares Ultra S&P500,SSO,7.9475,8.2175,-3.28567,-0.27,220400,1751629000
07/07/2015,ProShares Ultra S&P500,SSO,8.2175,8.11875,1.21632,0.09875,220400,1811137000
07/06/2015,ProShares Ultra S&P500,SSO,8.11875,8.18,-0.74878,-0.06125,220400,1789372500
07/02/2015,ProShares Ultra S&P500,SSO,8.18,8.1875,-0.09160,-0.0075,220400,1802872000
07/01/2015,ProShares Ultra S&P500,SSO,8.1875,8.07,1.45601,0.1175,220400,1804525000
06/30/2015,ProShares Ultra S&P500,SSO,8.07,8.0275,0.52943,0.0425,213200,1720524000
06/29/2015,ProShares Ultra S&P500,SSO,8.0275,8.3775,-4.17786,-0.35,213200,1711463000
06/26/2015,ProShares Ultra S&P500,SSO,8.3775,8.38125,-0.04474,-0.00375,210400,1762626000
06/25/2015,ProShares Ultra S&P500,SSO,8.38125,8.43125,-0.59303,-0.05,210400,1763415000
06/24/2015,ProShares Ultra S&P500,SSO,8.43125,8.56625,-1.57595,-0.135,210400,1773935000
06/23/2015,ProShares Ultra S&P500,SSO,8.56625,8.555,0.13150,0.01125,210400,1802339000
06/22/2015,ProShares Ultra S&P500,SSO,8.555,8.45375,1.19769,0.10125,210400,1799972000
06/19/2015,ProShares Ultra S&P500,SSO,8.45375,8.54375,-1.05340,-0.09,212800,1798958000
06/18/2015,ProShares Ultra S&P500,SSO,8.54375,8.375,2.01493,0.16875,216400,1848867500
06/17/2015,ProShares Ultra S&P500,SSO,8.375,8.34375,0.37453,0.03125,227600,1906150000
06/16/2015,ProShares Ultra S&P500,SSO,8.34375,8.25,1.13636,0.09375,227600,1899037500
06/15/2015,ProShares Ultra S&P500,SSO,8.25,8.32625,-0.91578,-0.07625,229200,1890900000
06/12/2015,ProShares Ultra S&P500,SSO,8.32625,8.44625,-1.42075,-0.12,229200,1908376500
06/11/2015,ProShares Ultra S&P500,SSO,8.44625,8.41,0.43103,0.03625,229200,1935880500
06/10/2015,ProShares Ultra S&P500,SSO,8.41,8.21125,2.42046,0.19875,229200,1927572000
06/09/2015,ProShares Ultra S&P500,SSO,8.21125,8.20625,0.06093,0.005,226000,1855742500
06/08/2015,ProShares Ultra S&P500,SSO,8.20625,8.31125,-1.26335,-0.105,226000,1854612500
06/05/2015,ProShares Ultra S&P500,SSO,8.31125,8.3375,-0.31484,-0.02625,226000,1878342500
06/04/2015,ProShares Ultra S&P500,SSO,8.3375,8.48125,-1.69492,-0.14375,226000,1884275000
06/03/2015,ProShares Ultra S&P500,SSO,8.48125,8.4425,0.45899,0.03875,226000,1916762500
06/02/2015,ProShares Ultra S&P500,SSO,8.4425,8.45875,-0.19211,-0.01625,226000,1908005000
06/01/2015,ProShares Ultra S&P500,SSO,8.45875,8.42375,0.41549,0.035,226000,1911677500
05/29/2015,ProShares Ultra S&P500,SSO,8.42375,8.53125,-1.26007,-0.1075,228400,1923984500
05/28/2015,ProShares Ultra S&P500,SSO,8.53125,8.55,-0.21930,-0.01875,228400,1948537500
05/27/2015,ProShares Ultra S&P500,SSO,8.55,8.39375,1.86150,0.15625,228400,1952820000
05/26/2015,ProShares Ultra S&P500,SSO,8.39375,8.57125,-2.07088,-0.1775,228400,1917132500
05/22/2015,ProShares Ultra S&P500,SSO,8.57125,8.61125,-0.46451,-0.04,228400,1957673500
05/21/2015,ProShares Ultra S&P500,SSO,8.61125,8.5675,0.51065,0.04375,228400,1966809500
05/20/2015,ProShares Ultra S&P500,SSO,8.5675,8.581875,-0.16750,-0.014375,228400,1956817000
05/19/2015,ProShares Ultra S&P500,SSO,8.581875,8.59,-0.09459,-0.008125,228400,1960100250
05/18/2015,ProShares Ultra S&P500,SSO,8.59,8.5375,0.61493,0.0525,228400,1961956000
05/15/2015,ProShares Ultra S&P500,SSO,8.5375,8.5225,0.17600,0.015,226800,1936305000
05/14/2015,ProShares Ultra S&P500,SSO,8.5225,8.3425,2.15763,0.18,226800,1932903000
05/13/2015,ProShares Ultra S&P500,SSO,8.3425,8.34375,-0.01498,-0.00125,226800,1892079000
05/12/2015,ProShares Ultra S&P500,SSO,8.34375,8.3925,-0.58088,-0.04875,221200,1845637500
05/11/2015,ProShares Ultra S&P500,SSO,8.3925,8.47625,-0.98805,-0.08375,221200,1856421000
05/08/2015,ProShares Ultra S&P500,SSO,8.47625,8.254375,2.68797,0.221875,221200,1874946500
05/07/2015,ProShares Ultra S&P500,SSO,8.254375,8.18875,0.80140,0.065625,231600,1911713250
05/06/2015,ProShares Ultra S&P500,SSO,8.18875,8.256875,-0.82507,-0.068125,231600,1896514500
05/05/2015,ProShares Ultra S&P500,SSO,8.256875,8.455625,-2.35051,-0.19875,231600,1912292250
05/04/2015,ProShares Ultra S&P500,SSO,8.455625,8.40625,0.58736,0.049375,231600,1958322750
05/01/2015,ProShares Ultra S&P500,SSO,8.40625,8.2275,2.17259,0.17875,231600,1946887500
04/30/2015,ProShares Ultra S&P500,SSO,8.2275,8.39625,-2.00983,-0.16875,234000,1925235000
04/29/2015,ProShares Ultra S&P500,SSO,8.39625,8.460625,-0.76088,-0.064375,234000,1964722500
04/28/2015,ProShares Ultra S&P500,SSO,8.460625,8.411875,0.57954,0.04875,234000,1979786250
04/27/2015,ProShares Ultra S&P500,SSO,8.411875,8.483125,-0.83990,-0.07125,234000,1968378750
04/24/2015,ProShares Ultra S&P500,SSO,8.483125,8.445625,0.44402,0.0375,234000,1985051250
04/23/2015,ProShares Ultra S&P500,SSO,8.445625,8.40375,0.49829,0.041875,239600,2023571750
04/22/2015,ProShares Ultra S&P500,SSO,8.40375,8.319375,1.01420,0.084375,245200,2060599500
04/21/2015,ProShares Ultra S&P500,SSO,8.319375,8.34375,-0.29213,-0.024375,245200,2039910750
04/20/2015,ProShares Ultra S&P500,SSO,8.34375,8.193125,1.83843,0.150625,245200,2045887500
04/17/2015,ProShares Ultra S&P500,SSO,8.193125,8.38375,-2.27374,-0.190625,245200,2008954250
04/16/2015,ProShares Ultra S&P500,SSO,8.38375,8.395625,-0.14144,-0.011875,245200,2055695500
04/15/2015,ProShares Ultra S&P500,SSO,8.395625,8.31125,1.01519,0.084375,245200,2058607250
04/14/2015,ProShares Ultra S&P500,SSO,8.31125,8.28375,0.33198,0.0275,245200,2037918500
04/13/2015,ProShares Ultra S&P500,SSO,8.28375,8.36,-0.91208,-0.07625,252400,2090818500
04/10/2015,ProShares Ultra S&P500,SSO,8.36,8.27375,1.04245,0.08625,252400,2110064000
04/09/2015,ProShares Ultra S&P500,SSO,8.27375,8.20125,0.88401,0.0725,252400,2088294500
04/08/2015,ProShares Ultra S&P500,SSO,8.20125,8.150625,0.62112,0.050625,252400,2069995500
04/07/2015,ProShares Ultra S&P500,SSO,8.150625,8.18625,-0.43518,-0.035625,252400,2057217750
04/06/2015,ProShares Ultra S&P500,SSO,8.18625,8.07875,1.33065,0.1075,258000,2112052500
04/02/2015,ProShares Ultra S&P500,SSO,8.07875,8.023125,0.69331,0.055625,258000,2084317500
04/01/2015,ProShares Ultra S&P500,SSO,8.023125,8.084375,-0.75763,-0.06125,258000,2069966250
03/31/2015,ProShares Ultra S&P500,SSO,8.084375,8.228125,-1.74706,-0.14375,258000,2085768750
03/30/2015,ProShares Ultra S&P500,SSO,8.228125,8.03125,2.45136,0.196875,258000,2122856250
03/27/2015,ProShares Ultra S&P500,SSO,8.03125,7.99125,0.50055,0.04,254800,2046362500
03/26/2015,ProShares Ultra S&P500,SSO,7.99125,8.029375,-0.47482,-0.038125,254800,2036170500
03/25/2015,ProShares Ultra S&P500,SSO,8.029375,8.28625,-3.10002,-0.256875,254800,2045884750
03/24/2015,ProShares Ultra S&P500,SSO,8.28625,8.3875,-1.20715,-0.10125,254800,2111336500
03/23/2015,ProShares Ultra S&P500,SSO,8.3875,8.418125,-0.36380,-0.030625,254800,2137135000
03/20/2015,ProShares Ultra S&P500,SSO,8.418125,8.26875,1.80650,0.149375,259600,2185345250
03/19/2015,ProShares Ultra S&P500,SSO,8.26875,8.35,-0.97305,-0.08125,266000,2199487500
03/18/2015,ProShares Ultra S&P500,SSO,8.35,8.1525,2.42257,0.1975,266000,2221100000
03/17/2015,ProShares Ultra S&P500,SSO,8.1525,8.206875,-0.66255,-0.054375,271600,2214219000
03/16/2015,ProShares Ultra S&P500,SSO,8.206875,7.990625,2.70630,0.21625,266800,2189594250
03/13/2015,ProShares Ultra S&P500,SSO,7.990625,8.089375,-1.22074,-0.09875,266800,2131898750
03/12/2015,ProShares Ultra S&P500,SSO,8.089375,7.886875,2.56756,0.2025,266800,2158245250
03/11/2015,ProShares Ultra S&P500,SSO,7.886875,7.916875,-0.37894,-0.03,262000,2066361250
03/10/2015,ProShares Ultra S&P500,SSO,7.916875,8.1925,-3.36436,-0.275625,262000,2074221250
03/09/2015,ProShares Ultra S&P500,SSO,8.1925,8.126875,0.80751,0.065625,262000,2146435000
03/06/2015,ProShares Ultra S&P500,SSO,8.126875,8.363125,-2.82490,-0.23625,262000,2129241250
03/05/2015,ProShares Ultra S&P500,SSO,8.363125,8.3425,0.24723,0.020625,262000,2191138750
03/04/2015,ProShares Ultra S&P500,SSO,8.3425,8.41375,-0.84683,-0.07125,262000,2185735000
03/03/2015,ProShares Ultra S&P500,SSO,8.41375,8.49,-0.89812,-0.07625,258000,2170747500
03/02/2015,ProShares Ultra S&P500,SSO,8.49,8.386875,1.22960,0.103125,258000,2190420000
02/27/2015,ProShares Ultra S&P500,SSO,8.386875,8.4375,-0.60000,-0.050625,253200,2123556750
02/26/2015,ProShares Ultra S&P500,SSO,8.4375,8.46,-0.26596,-0.0225,253200,2136375000
02/25/2015,ProShares Ultra S&P500,SSO,8.46,8.47125,-0.13280,-0.01125,258000,2182680000
02/24/2015,ProShares Ultra S&P500,SSO,8.47125,8.42375,0.56388,0.0475,258000,2185582500
02/23/2015,ProShares Ultra S&P500,SSO,8.42375,8.43,-0.07414,-0.00625,258000,2173327500
02/20/2015,ProShares Ultra S&P500,SSO,8.43,8.32625,1.24606,0.10375,258000,2174940000
02/19/2015,ProShares Ultra S&P500,SSO,8.32625,8.34125,-0.17983,-0.015,263600,2194799500
02/18/2015,ProShares Ultra S&P500,SSO,8.34125,8.345625,-0.05242,-0.004375,263600,2198753500
02/17/2015,ProShares Ultra S&P500,SSO,8.345625,8.3175,0.33814,0.028125,263600,2199906750
02/13/2015,ProShares Ultra S&P500,SSO,8.3175,8.249375,0.82582,0.068125,263600,2192493000
02/12/2015,ProShares Ultra S&P500,SSO,8.249375,8.09,1.97002,0.159375,271600,2240530250
02/11/2015,ProShares Ultra S&P500,SSO,8.09,8.084375,0.06958,0.005625,271600,2197244000
02/10/2015,ProShares Ultra S&P500,SSO,8.084375,7.915625,2.13186,0.16875,271600,2195716250
02/09/2015,ProShares Ultra S&P500,SSO,7.915625,7.98375,-0.85330,-0.068125,271600,2149883750
02/06/2015,ProShares Ultra S&P500,SSO,7.98375,8.035,-0.63783,-0.05125,271600,2168386500
02/05/2015,ProShares Ultra S&P500,SSO,8.035,7.87,2.09657,0.165,275600,2214446000
02/04/2015,ProShares Ultra S&P500,SSO,7.87,7.931875,-0.78008,-0.061875,275600,2168972000
02/03/2015,ProShares Ultra S&P500,SSO,7.931875,7.70875,2.89444,0.223125,281200,2230443250
02/02/2015,ProShares Ultra S&P500,SSO,7.70875,7.515625,2.56965,0.193125,281200,2167700500
01/30/2015,ProShares Ultra S&P500,SSO,7.515625,7.715625,-2.59214,-0.2,281200,2113393750
01/29/2015,ProShares Ultra S&P500,SSO,7.715625,7.570625,1.91530,0.145,281200,2169633750
01/28/2015,ProShares Ultra S&P500,SSO,7.570625,7.779375,-2.68338,-0.20875,282000,2134916250
01/27/2015,ProShares Ultra S&P500,SSO,7.779375,7.993125,-2.67417,-0.21375,282000,2193783750
01/26/2015,ProShares Ultra S&P500,SSO,7.993125,7.953125,0.50295,0.04,282000,2254061250
01/23/2015,ProShares Ultra S&P500,SSO,7.953125,8.04125,-1.09591,-0.088125,282000,2242781250
01/22/2015,ProShares Ultra S&P500,SSO,8.04125,7.804375,3.03516,0.236875,282000,2267632500
01/21/2015,ProShares Ultra S&P500,SSO,7.804375,7.73,0.96216,0.074375,282000,2200833750
01/20/2015,ProShares Ultra S&P500,SSO,7.73,7.705,0.32446,0.025,282000,2179860000
01/16/2015,ProShares Ultra S&P500,SSO,7.705,7.50375,2.68199,0.20125,282000,2172810000
01/15/2015,ProShares Ultra S&P500,SSO,7.50375,7.64625,-1.86366,-0.1425,282000,2116057500
01/14/2015,ProShares Ultra S&P500,SSO,7.64625,7.73625,-1.16335,-0.09,282000,2156242500
01/13/2015,ProShares Ultra S&P500,SSO,7.73625,7.775625,-0.50639,-0.039375,286000,2212567500
01/12/2015,ProShares Ultra S&P500,SSO,7.775625,7.903125,-1.61329,-0.1275,286000,2223828750
01/09/2015,ProShares Ultra S&P500,SSO,7.903125,8.038125,-1.67950,-0.135,286000,2260293750
01/08/2015,ProShares Ultra S&P500,SSO,8.038125,7.760625,3.57574,0.2775,286000,2298903750
01/07/2015,ProShares Ultra S&P500,SSO,7.760625,7.579375,2.39136,0.18125,283600,2200913250
01/06/2015,ProShares Ultra S&P500,SSO,7.579375,7.71875,-1.80567,-0.139375,283600,2149510750
01/05/2015,ProShares Ultra S&P500,SSO,7.71875,8.010625,-3.64360,-0.291875,281200,2170512500
01/02/2015,ProShares Ultra S&P500,SSO,8.010625,8.015,-0.05459,-0.004375,286800,2297447250
12/31/2014,ProShares Ultra S&P500,SSO,8.015,8.18375,-2.06201,-0.16875,291600,2337174000
12/30/2014,ProShares Ultra S&P500,SSO,8.18375,8.265,-0.98306,-0.08125,295600,2419116500
12/29/2014,ProShares Ultra S&P500,SSO,8.265,8.248125,0.20459,0.016875,295600,2443134000
12/26/2014,ProShares Ultra S&P500,SSO,8.248125,8.195625,0.64059,0.0525,295600,2438145750
12/24/2014,ProShares Ultra S&P500,SSO,8.195625,8.19625,-0.00763,-0.000625,294000,2409513750
12/23/2014,ProShares Ultra S&P500,SSO,8.19625,8.16875,0.33665,0.0275,294000,2409697500
12/22/2014,ProShares Ultra S&P500,SSO,8.16875,8.118125,0.62360,0.050625,288400,2355867500
12/19/2014,ProShares Ultra S&P500,SSO,8.118125,8.046875,0.88544,0.07125,285200,2315289250
12/18/2014,ProShares Ultra S&P500,SSO,8.046875,7.674375,4.85382,0.3725,286000,2301406250
12/17/2014,ProShares Ultra S&P500,SSO,7.674375,7.375,4.05932,0.299375,286000,2194871250
12/16/2014,ProShares Ultra S&P500,SSO,7.375,7.500625,-1.67486,-0.125625,286000,2109250000
12/15/2014,ProShares Ultra S&P500,SSO,7.500625,7.599375,-1.29945,-0.09875,294000,2205183750
12/12/2014,ProShares Ultra S&P500,SSO,7.599375,7.854375,-3.24660,-0.255,294000,2234216250
12/11/2014,ProShares Ultra S&P500,SSO,7.854375,7.77875,0.97220,0.075625,298800,2346887250
12/10/2014,ProShares Ultra S&P500,SSO,7.77875,8.040625,-3.25690,-0.261875,298800,2324290500
12/09/2014,ProShares Ultra S&P500,SSO,8.040625,8.04625,-0.06991,-0.005625,298800,2402538750
12/08/2014,ProShares Ultra S&P500,SSO,8.04625,8.161875,-1.41665,-0.115625,298800,2404219500
12/05/2014,ProShares Ultra S&P500,SSO,8.161875,8.134375,0.33807,0.0275,297200,2425709250
12/04/2014,ProShares Ultra S&P500,SSO,8.134375,8.15375,-0.23762,-0.019375,297200,2417536250
12/03/2014,ProShares Ultra S&P500,SSO,8.15375,8.089375,0.79580,0.064375,297200,2423294500
12/02/2014,ProShares Ultra S&P500,SSO,8.089375,7.9875,1.27543,0.101875,297200,2404162250
12/01/2014,ProShares Ultra S&P500,SSO,7.9875,8.098125,-1.36606,-0.110625,302000,2412225000
11/28/2014,ProShares Ultra S&P500,SSO,8.098125,8.1375,-0.48387,-0.039375,302000,2445633750
11/26/2014,ProShares Ultra S&P500,SSO,8.1375,8.0925,0.55607,0.045,302000,2457525000
11/25/2014,ProShares Ultra S&P500,SSO,8.0925,8.106875,-0.17732,-0.014375,302000,2443935000
11/24/2014,ProShares Ultra S&P500,SSO,8.106875,8.061875,0.55818,0.045,302000,2448276250
11/21/2014,ProShares Ultra S&P500,SSO,8.061875,7.97625,1.07350,0.085625,302000,2434686250
11/20/2014,ProShares Ultra S&P500,SSO,7.97625,7.945,0.39333,0.03125,302000,2408827500
11/19/2014,ProShares Ultra S&P500,SSO,7.945,7.969375,-0.30586,-0.024375,302000,2399390000
11/18/2014,ProShares Ultra S&P500,SSO,7.969375,7.88375,1.08609,0.085625,302000,2406751250
11/17/2014,ProShares Ultra S&P500,SSO,7.88375,7.8725,0.14290,0.01125,296400,2336743500
11/14/2014,ProShares Ultra S&P500,SSO,7.8725,7.8675,0.06355,0.005,296400,2333409000
11/13/2014,ProShares Ultra S&P500,SSO,7.8675,7.856875,0.13523,0.010625,301200,2369691000
11/12/2014,ProShares Ultra S&P500,SSO,7.856875,7.865,-0.10331,-0.008125,301200,2366490750
11/11/2014,ProShares Ultra S&P500,SSO,7.865,7.85375,0.14324,0.01125,301200,2368938000
11/10/2014,ProShares Ultra S&P500,SSO,7.85375,7.805,0.62460,0.04875,297200,2334134500
11/07/2014,ProShares Ultra S&P500,SSO,7.805,7.795625,0.12026,0.009375,297200,2319646000
11/06/2014,ProShares Ultra S&P500,SSO,7.795625,7.733125,0.80821,0.0625,297200,2316859750
11/05/2014,ProShares Ultra S&P500,SSO,7.733125,7.64,1.21891,0.093125,297200,2298284750
11/04/2014,ProShares Ultra S&P500,SSO,7.64,7.685625,-0.59364,-0.045625,299600,2288944000
11/03/2014,ProShares Ultra S&P500,SSO,7.685625,7.68625,-0.00813,-0.000625,299600,2302613250
10/31/2014,ProShares Ultra S&P500,SSO,7.68625,7.51125,2.32984,0.175,299600,2302800500
10/30/2014,ProShares Ultra S&P500,SSO,7.51125,7.4175,1.26390,0.09375,299600,2250370500
10/29/2014,ProShares Ultra S&P500,SSO,7.4175,7.436875,-0.26053,-0.019375,300400,2228217000
10/28/2014,ProShares Ultra S&P500,SSO,7.436875,7.265,2.36579,0.171875,300400,2234037250
10/27/2014,ProShares Ultra S&P500,SSO,7.265,7.286875,-0.30020,-0.021875,299600,2176594000
10/24/2014,ProShares Ultra S&P500,SSO,7.286875,7.184375,1.42671,0.1025,299600,2183147750
10/23/2014,ProShares Ultra S&P500,SSO,7.184375,7.01375,2.43272,0.170625,300400,2158186250
10/22/2014,ProShares Ultra S&P500,SSO,7.01375,7.11625,-1.44037,-0.1025,293200,2056431500
10/21/2014,ProShares Ultra S&P500,SSO,7.11625,6.8475,3.92479,0.26875,293200,2086484500
10/20/2014,ProShares Ultra S&P500,SSO,6.8475,6.724375,1.83103,0.123125,292400,2002209000
10/17/2014,ProShares Ultra S&P500,SSO,6.724375,6.556875,2.55457,0.1675,292400,1966207250
10/16/2014,ProShares Ultra S&P500,SSO,6.556875,6.556875,0.00000,0,292400,1917230250
10/15/2014,ProShares Ultra S&P500,SSO,6.556875,6.663125,-1.59460,-0.10625,310000,2032631250
10/14/2014,ProShares Ultra S&P500,SSO,6.663125,6.64125,0.32938,0.021875,310000,2065568750
10/13/2014,ProShares Ultra S&P500,SSO,6.64125,6.868125,-3.30330,-0.226875,307600,2042848500
10/10/2014,ProShares Ultra S&P500,SSO,6.868125,7.026875,-2.25918,-0.15875,307600,2112635250
10/09/2014,ProShares Ultra S&P500,SSO,7.026875,7.328125,-4.11087,-0.30125,307600,2161466750
10/08/2014,ProShares Ultra S&P500,SSO,7.328125,7.078125,3.53201,0.25,303600,2224818750
10/07/2014,ProShares Ultra S&P500,SSO,7.078125,7.299375,-3.03108,-0.22125,303600,2148918750
10/06/2014,ProShares Ultra S&P500,SSO,7.299375,7.321875,-0.30730,-0.0225,310000,2262806250
10/03/2014,ProShares Ultra S&P500,SSO,7.321875,7.1625,2.22513,0.159375,303600,2222921250
10/02/2014,ProShares Ultra S&P500,SSO,7.1625,7.16125,0.01746,0.00125,303600,2174535000
10/01/2014,ProShares Ultra S&P500,SSO,7.16125,7.35625,-2.65081,-0.195,299600,2145510500
09/30/2014,ProShares Ultra S&P500,SSO,7.35625,7.39625,-0.54081,-0.04,289200,2127427500
09/29/2014,ProShares Ultra S&P500,SSO,7.39625,7.4325,-0.48772,-0.03625,289200,2138995500
09/26/2014,ProShares Ultra S&P500,SSO,7.4325,7.30625,1.72797,0.12625,289200,2149479000
09/25/2014,ProShares Ultra S&P500,SSO,7.30625,7.55125,-3.24450,-0.245,289200,2112967500
09/24/2014,ProShares Ultra S&P500,SSO,7.55125,7.438125,1.52088,0.113125,284400,2147575500
09/23/2014,ProShares Ultra S&P500,SSO,7.438125,7.52375,-1.13806,-0.085625,284400,2115402750
09/22/2014,ProShares Ultra S&P500,SSO,7.52375,7.64625,-1.60209,-0.1225,283200,2130726000
09/19/2014,ProShares Ultra S&P500,SSO,7.64625,7.655,-0.11430,-0.00875,279600,2137891500
09/18/2014,ProShares Ultra S&P500,SSO,7.655,7.578125,1.01443,0.076875,285600,2186268000
09/17/2014,ProShares Ultra S&P500,SSO,7.578125,7.55875,0.25633,0.019375,288000,2182500000
09/16/2014,ProShares Ultra S&P500,SSO,7.55875,7.4475,1.49379,0.11125,276000,2086215000
09/15/2014,ProShares Ultra S&P500,SSO,7.4475,7.458125,-0.14246,-0.010625,262800,1957203000
09/12/2014,ProShares Ultra S&P500,SSO,7.458125,7.548125,-1.19235,-0.09,262800,1959995250
09/11/2014,ProShares Ultra S&P500,SSO,7.548125,7.53125,0.22407,0.016875,262800,1983647250
09/10/2014,ProShares Ultra S&P500,SSO,7.53125,7.475,0.75251,0.05625,262800,1979212500
09/09/2014,ProShares Ultra S&P500,SSO,7.475,7.57375,-1.30385,-0.09875,270000,2018250000
09/08/2014,ProShares Ultra S&P500,SSO,7.57375,7.618125,-0.58249,-0.044375,270000,2044912500
09/05/2014,ProShares Ultra S&P500,SSO,7.618125,7.543125,0.99428,0.075,270000,2056893750
09/04/2014,ProShares Ultra S&P500,SSO,7.543125,7.56625,-0.30563,-0.023125,276000,2081902500
09/03/2014,ProShares Ultra S&P500,SSO,7.56625,7.575625,-0.12375,-0.009375,276000,2088285000
09/02/2014,ProShares Ultra S&P500,SSO,7.575625,7.58375,-0.10714,-0.008125,276000,2090872500
08/29/2014,ProShares Ultra S&P500,SSO,7.58375,7.534375,0.65533,0.049375,328800,2493537000
08/28/2014,ProShares Ultra S&P500,SSO,7.534375,7.555625,-0.28125,-0.02125,328800,2477302500
08/27/2014,ProShares Ultra S&P500,SSO,7.555625,7.55375,0.02482,0.001875,328800,2484289500
08/26/2014,ProShares Ultra S&P500,SSO,7.55375,7.539375,0.19067,0.014375,328800,2483673000
08/25/2014,ProShares Ultra S&P500,SSO,7.539375,7.4675,0.96250,0.071875,328800,2478946500
08/22/2014,ProShares Ultra S&P500,SSO,7.4675,7.494375,-0.35860,-0.026875,328800,2455314000
08/21/2014,ProShares Ultra S&P500,SSO,7.494375,7.450625,0.58720,0.04375,328800,2464150500
08/20/2014,ProShares Ultra S&P500,SSO,7.450625,7.413125,0.50586,0.0375,334800,2494469250
08/19/2014,ProShares Ultra S&P500,SSO,7.413125,7.336875,1.03927,0.07625,334800,2481914250
08/18/2014,ProShares Ultra S&P500,SSO,7.336875,7.214375,1.69800,0.1225,342000,2509211250
08/15/2014,ProShares Ultra S&P500,SSO,7.214375,7.214375,0.00000,0,396000,2856892500
08/14/2014,ProShares Ultra S&P500,SSO,7.214375,7.151875,0.87390,0.0625,396000,2856892500
08/13/2014,ProShares Ultra S&P500,SSO,7.151875,7.05375,1.39110,0.098125,396000,2832142500
08/12/2014,ProShares Ultra S&P500,SSO,7.05375,7.075625,-0.30916,-0.021875,396000,2793285000
08/11/2014,ProShares Ultra S&P500,SSO,7.075625,7.035,0.57747,0.040625,400800,2835910500
08/08/2014,ProShares Ultra S&P500,SSO,7.035,6.875625,2.31797,0.159375,400800,2819628000
08/07/2014,ProShares Ultra S&P500,SSO,6.875625,6.950625,-1.07904,-0.075,400800,2755750500
08/06/2014,ProShares Ultra S&P500,SSO,6.950625,6.94625,0.06298,0.004375,400800,2785810500
08/05/2014,ProShares Ultra S&P500,SSO,6.94625,7.083125,-1.93241,-0.136875,400800,2784057000
08/04/2014,ProShares Ultra S&P500,SSO,7.083125,6.983125,1.43202,0.1,400800,2838916500
08/01/2014,ProShares Ultra S&P500,SSO,6.983125,7.02375,-0.57839,-0.040625,346800,2421747750
07/31/2014,ProShares Ultra S&P500,SSO,7.02375,7.31625,-3.99795,-0.2925,316800,2225124000
07/30/2014,ProShares Ultra S&P500,SSO,7.31625,7.313125,0.04273,0.003125,316800,2317788000
07/29/2014,ProShares Ultra S&P500,SSO,7.313125,7.379375,-0.89777,-0.06625,316800,2316798000
07/28/2014,ProShares Ultra S&P500,SSO,7.379375,7.375625,0.05084,0.00375,316800,2337786000
07/25/2014,ProShares Ultra S&P500,SSO,7.375625,7.446875,-0.95678,-0.07125,316800,2336598000
07/24/2014,ProShares Ultra S&P500,SSO,7.446875,7.44125,0.07559,0.005625,316800,2359170000
07/23/2014,ProShares Ultra S&P500,SSO,7.44125,7.41375,0.37093,0.0275,316800,2357388000
07/22/2014,ProShares Ultra S&P500,SSO,7.41375,7.3425,0.97038,0.07125,316800,2348676000
07/21/2014,ProShares Ultra S&P500,SSO,7.3425,7.37625,-0.45755,-0.03375,316800,2326104000
07/18/2014,ProShares Ultra S&P500,SSO,7.37625,7.228125,2.04929,0.148125,302400,2230578000
07/17/2014,ProShares Ultra S&P500,SSO,7.228125,7.40125,-2.33913,-0.173125,302400,2185785000
07/16/2014,ProShares Ultra S&P500,SSO,7.40125,7.340625,0.82588,0.060625,294000,2175967500
07/15/2014,ProShares Ultra S&P500,SSO,7.340625,7.36875,-0.38168,-0.028125,246000,1805793750
07/14/2014,ProShares Ultra S&P500,SSO,7.36875,7.298125,0.96771,0.070625,246000,1812712500
07/11/2014,ProShares Ultra S&P500,SSO,7.298125,7.275625,0.30925,0.0225,246000,1795338750
07/10/2014,ProShares Ultra S&P500,SSO,7.275625,7.33625,-0.82638,-0.060625,246000,1789803750
07/09/2014,ProShares Ultra S&P500,SSO,7.33625,7.269375,0.91996,0.066875,246000,1804717500
07/08/2014,ProShares Ultra S&P500,SSO,7.269375,7.368125,-1.34023,-0.09875,246000,1788266250
07/07/2014,ProShares Ultra S&P500,SSO,7.368125,7.42625,-0.78270,-0.058125,253200,1865609250
07/03/2014,ProShares Ultra S&P500,SSO,7.42625,7.346875,1.08039,0.079375,253200,1880326500
07/02/2014,ProShares Ultra S&P500,SSO,7.346875,7.33625,0.14483,0.010625,258000,1895493750
07/01/2014,ProShares Ultra S&P500,SSO,7.33625,7.2375,1.36442,0.09875,272400,1998394500
06/30/2014,ProShares Ultra S&P500,SSO,7.2375,7.243125,-0.07766,-0.005625,342000,2475225000
06/27/2014,ProShares Ultra S&P500,SSO,7.243125,7.215625,0.38112,0.0275,338400,2451073500
06/26/2014,ProShares Ultra S&P500,SSO,7.215625,7.229375,-0.19020,-0.01375,338400,2441767500
06/25/2014,ProShares Ultra S&P500,SSO,7.229375,7.16625,0.88087,0.063125,338400,2446420500
06/24/2014,ProShares Ultra S&P500,SSO,7.16625,7.2575,-1.25732,-0.09125,334800,2399260500
06/23/2014,ProShares Ultra S&P500,SSO,7.2575,7.260625,-0.04304,-0.003125,334800,2429811000
06/20/2014,ProShares Ultra S&P500,SSO,7.260625,7.235,0.35418,0.025625,334800,2430857250
06/19/2014,ProShares Ultra S&P500,SSO,7.235,7.215625,0.26851,0.019375,343200,2483052000
06/18/2014,ProShares Ultra S&P500,SSO,7.215625,7.1075,1.52128,0.108125,343200,2476402500
06/17/2014,ProShares Ultra S&P500,SSO,7.1075,7.075,0.45936,0.0325,343200,2439294000
06/16/2014,ProShares Ultra S&P500,SSO,7.075,7.064375,0.15040,0.010625,343200,2428140000
06/13/2014,ProShares Ultra S&P500,SSO,7.064375,7.020625,0.62316,0.04375,343200,2424493500
06/12/2014,ProShares Ultra S&P500,SSO,7.020625,7.11875,-1.37840,-0.098125,343200,2409478500
06/11/2014,ProShares Ultra S&P500,SSO,7.11875,7.168125,-0.68881,-0.049375,343200,2443155000
06/10/2014,ProShares Ultra S&P500,SSO,7.168125,7.170625,-0.03486,-0.0025,343200,2460100500
06/09/2014,ProShares Ultra S&P500,SSO,7.170625,7.1575,0.18337,0.013125,343200,2460958500
06/06/2014,ProShares Ultra S&P500,SSO,7.1575,7.09,0.95205,0.0675,343200,2456454000
06/05/2014,ProShares Ultra S&P500,SSO,7.09,6.998125,1.31285,0.091875,343200,2433288000
06/04/2014,ProShares Ultra S&P500,SSO,6.998125,6.97,0.40352,0.028125,343200,2401756500
06/03/2014,ProShares Ultra S&P500,SSO,6.97,6.975,-0.07168,-0.005,343200,2392104000
06/02/2014,ProShares Ultra S&P500,SSO,6.975,6.9625,0.17953,0.0125,343200,2393820000
05/30/2014,ProShares Ultra S&P500,SSO,6.9625,6.939375,0.33324,0.023125,343200,2389530000
05/29/2014,ProShares Ultra S&P500,SSO,6.939375,6.864375,1.09260,0.075,343200,2381593500
05/28/2014,ProShares Ultra S&P500,SSO,6.864375,6.878125,-0.19991,-0.01375,343200,2355853500
05/27/2014,ProShares Ultra S&P500,SSO,6.878125,6.796875,1.19540,0.08125,343200,2360572500
05/23/2014,ProShares Ultra S&P500,SSO,6.796875,6.74,0.84384,0.056875,343200,2332687500
05/22/2014,ProShares Ultra S&P500,SSO,6.74,6.706875,0.49390,0.033125,343200,2313168000
05/21/2014,ProShares Ultra S&P500,SSO,6.706875,6.5975,1.65782,0.109375,348000,2333992500
05/20/2014,ProShares Ultra S&P500,SSO,6.5975,6.68375,-1.29044,-0.08625,351600,2319681000
05/19/2014,ProShares Ultra S&P500,SSO,6.68375,6.63375,0.75372,0.05,482400,3224241000
05/16/2014,ProShares Ultra S&P500,SSO,6.63375,6.585,0.74032,0.04875,476400,3160318500
05/15/2014,ProShares Ultra S&P500,SSO,6.585,6.706875,-1.81717,-0.121875,476400,3137094000
05/14/2014,ProShares Ultra S&P500,SSO,6.706875,6.769375,-0.92328,-0.0625,480000,3219300000
05/13/2014,ProShares Ultra S&P500,SSO,6.769375,6.76,0.13868,0.009375,480000,3249300000
05/12/2014,ProShares Ultra S&P500,SSO,6.76,6.6325,1.92235,0.1275,480000,3244800000
05/09/2014,ProShares Ultra S&P500,SSO,6.6325,6.61,0.34039,0.0225,480000,3183600000
05/08/2014,ProShares Ultra S&P500,SSO,6.61,6.625,-0.22642,-0.015,480000,3172800000
05/07/2014,ProShares Ultra S&P500,SSO,6.625,6.546875,1.19332,0.078125,488400,3235650000
05/06/2014,ProShares Ultra S&P500,SSO,6.546875,6.665625,-1.78153,-0.11875,488400,3197493750
05/05/2014,ProShares Ultra S&P500,SSO,6.665625,6.640625,0.37647,0.025,488400,3255491250
05/02/2014,ProShares Ultra S&P500,SSO,6.640625,6.65875,-0.27220,-0.018125,488400,3243281250
05/01/2014,ProShares Ultra S&P500,SSO,6.65875,6.66125,-0.03753,-0.0025,492000,3276105000
04/30/2014,ProShares Ultra S&P500,SSO,6.66125,6.62,0.62311,0.04125,492000,3277335000
04/29/2014,ProShares Ultra S&P500,SSO,6.62,6.55875,0.93387,0.06125,495600,3280872000
04/28/2014,ProShares Ultra S&P500,SSO,6.55875,6.51625,0.65222,0.0425,495600,3250516500
04/25/2014,ProShares Ultra S&P500,SSO,6.51625,6.62375,-1.62295,-0.1075,495600,3229453500
04/24/2014,ProShares Ultra S&P500,SSO,6.62375,6.600625,0.35035,0.023125,495600,3282730500
04/23/2014,ProShares Ultra S&P500,SSO,6.600625,6.629375,-0.43368,-0.02875,495600,3271269750
04/22/2014,ProShares Ultra S&P500,SSO,6.629375,6.574375,0.83658,0.055,495600,3285518250
04/21/2014,ProShares Ultra S&P500,SSO,6.574375,6.52625,0.73741,0.048125,496800,3266149500
04/17/2014,ProShares Ultra S&P500,SSO,6.52625,6.50875,0.26887,0.0175,496800,3242241000
04/16/2014,ProShares Ultra S&P500,SSO,6.50875,6.375,2.09804,0.13375,504000,3280410000
04/15/2014,ProShares Ultra S&P500,SSO,6.375,6.29,1.35135,0.085,504000,3213000000
04/14/2014,ProShares Ultra S&P500,SSO,6.29,6.18875,1.63603,0.10125,504000,3170160000
04/11/2014,ProShares Ultra S&P500,SSO,6.18875,6.306875,-1.87296,-0.118125,504000,3119130000
04/10/2014,ProShares Ultra S&P500,SSO,6.306875,6.58375,-4.20543,-0.276875,504000,3178665000
04/09/2014,ProShares Ultra S&P500,SSO,6.58375,6.4425,2.19247,0.14125,504000,3318210000
04/08/2014,ProShares Ultra S&P500,SSO,6.4425,6.39,0.82160,0.0525,504000,3247020000
04/07/2014,ProShares Ultra S&P500,SSO,6.39,6.531875,-2.17204,-0.141875,504000,3220560000
04/04/2014,ProShares Ultra S&P500,SSO,6.531875,6.6975,-2.47294,-0.165625,499200,3260712000
04/03/2014,ProShares Ultra S&P500,SSO,6.6975,6.71375,-0.24204,-0.01625,499200,3343392000
04/02/2014,ProShares Ultra S&P500,SSO,6.71375,6.673125,0.60879,0.040625,499200,3351504000
04/01/2014,ProShares Ultra S&P500,SSO,6.673125,6.58125,1.39601,0.091875,499200,3331224000
03/31/2014,ProShares Ultra S&P500,SSO,6.58125,6.4775,1.60170,0.10375,490800,3230077500
03/28/2014,ProShares Ultra S&P500,SSO,6.4775,6.416875,0.94477,0.060625,489600,3171384000
03/27/2014,ProShares Ultra S&P500,SSO,6.416875,6.440625,-0.36875,-0.02375,489600,3141702000
03/26/2014,ProShares Ultra S&P500,SSO,6.440625,6.535,-1.44415,-0.094375,489600,3153330000
03/25/2014,ProShares Ultra S&P500,SSO,6.535,6.475625,0.91690,0.059375,489600,3199536000
03/24/2014,ProShares Ultra S&P500,SSO,6.475625,6.538125,-0.95593,-0.0625,489600,3170466000
03/21/2014,ProShares Ultra S&P500,SSO,6.538125,6.579375,-0.62696,-0.04125,489600,3201066000
03/20/2014,ProShares Ultra S&P500,SSO,6.579375,6.501875,1.19196,0.0775,494400,3252843000
03/19/2014,ProShares Ultra S&P500,SSO,6.501875,6.58125,-1.20608,-0.079375,492000,3198922500
03/18/2014,ProShares Ultra S&P500,SSO,6.58125,6.4875,1.44509,0.09375,492000,3237975000
03/17/2014,ProShares Ultra S&P500,SSO,6.4875,6.366875,1.89457,0.120625,492000,3191850000
03/14/2014,ProShares Ultra S&P500,SSO,6.366875,6.403125,-0.56613,-0.03625,492000,3132502500
03/13/2014,ProShares Ultra S&P500,SSO,6.403125,6.55375,-2.29830,-0.150625,492000,3150337500
03/12/2014,ProShares Ultra S&P500,SSO,6.55375,6.5475,0.09546,0.00625,486000,3185122500
03/11/2014,ProShares Ultra S&P500,SSO,6.5475,6.615,-1.02041,-0.0675,486000,3182085000
03/10/2014,ProShares Ultra S&P500,SSO,6.615,6.620625,-0.08496,-0.005625,484800,3206952000
03/07/2014,ProShares Ultra S&P500,SSO,6.620625,6.61375,0.10395,0.006875,464400,3074618250
03/06/2014,ProShares Ultra S&P500,SSO,6.61375,6.58625,0.41754,0.0275,462000,3055552500
03/05/2014,ProShares Ultra S&P500,SSO,6.58625,6.585,0.01898,0.00125,446400,2940102000
03/04/2014,ProShares Ultra S&P500,SSO,6.585,6.393125,3.00127,0.191875,408000,2686680000
03/03/2014,ProShares Ultra S&P500,SSO,6.393125,6.488125,-1.46421,-0.095,242400,1549693500
02/28/2014,ProShares Ultra S&P500,SSO,6.488125,6.45375,0.53264,0.034375,242400,1572721500
02/27/2014,ProShares Ultra S&P500,SSO,6.45375,6.3875,1.03718,0.06625,249600,1610856000
02/26/2014,ProShares Ultra S&P500,SSO,6.3875,6.385625,0.02936,0.001875,249600,1594320000
02/25/2014,ProShares Ultra S&P500,SSO,6.385625,6.400625,-0.23435,-0.015,249600,1593852000
02/24/2014,ProShares Ultra S&P500,SSO,6.400625,6.325,1.19565,0.075625,249600,1597596000
02/21/2014,ProShares Ultra S&P500,SSO,6.325,6.345625,-0.32503,-0.020625,249600,1578720000
02/20/2014,ProShares Ultra S&P500,SSO,6.345625,6.26875,1.22632,0.076875,252000,1599097500
02/19/2014,ProShares Ultra S&P500,SSO,6.26875,6.351875,-1.30867,-0.083125,252000,1579725000
02/18/2014,ProShares Ultra S&P500,SSO,6.351875,6.33625,0.24660,0.015625,252000,1600672500
02/14/2014,ProShares Ultra S&P500,SSO,6.33625,6.273125,1.00628,0.063125,259200,1642356000
02/13/2014,ProShares Ultra S&P500,SSO,6.273125,6.203125,1.12846,0.07,261600,1641049500
02/12/2014,ProShares Ultra S&P500,SSO,6.203125,6.199375,0.06049,0.00375,261600,1622737500
02/11/2014,ProShares Ultra S&P500,SSO,6.199375,6.065,2.21558,0.134375,261600,1621756500
02/10/2014,ProShares Ultra S&P500,SSO,6.065,6.04625,0.31011,0.01875,265200,1608438000
02/07/2014,ProShares Ultra S&P500,SSO,6.04625,5.89125,2.63102,0.155,265200,1603465500
02/06/2014,ProShares Ultra S&P500,SSO,5.89125,5.7425,2.59034,0.14875,280800,1654263000
02/05/2014,ProShares Ultra S&P500,SSO,5.7425,5.76125,-0.32545,-0.01875,283200,1626276000
02/04/2014,ProShares Ultra S&P500,SSO,5.76125,5.6775,1.47512,0.08375,290400,1673067000
02/03/2014,ProShares Ultra S&P500,SSO,5.6775,5.94875,-4.55978,-0.27125,357600,2030274000
01/31/2014,ProShares Ultra S&P500,SSO,5.94875,6.025625,-1.27580,-0.076875,536400,3190909500
01/30/2014,ProShares Ultra S&P500,SSO,6.025625,5.893125,2.24838,0.1325,531600,3203222250
01/29/2014,ProShares Ultra S&P500,SSO,5.893125,6.015,-2.02618,-0.121875,531600,3132785250
01/28/2014,ProShares Ultra S&P500,SSO,6.015,5.9425,1.22003,0.0725,531600,3197574000
01/27/2014,ProShares Ultra S&P500,SSO,5.9425,6.000625,-0.96865,-0.058125,531600,3159033000
01/24/2014,ProShares Ultra S&P500,SSO,6.000625,6.265,-4.21987,-0.264375,531600,3189932250
01/23/2014,ProShares Ultra S&P500,SSO,6.265,6.37625,-1.74476,-0.11125,531600,3330474000
01/22/2014,ProShares Ultra S&P500,SSO,6.37625,6.368125,0.12759,0.008125,531600,3389614500
01/21/2014,ProShares Ultra S&P500,SSO,6.368125,6.3325,0.56257,0.035625,526800,3354728250
01/17/2014,ProShares Ultra S&P500,SSO,6.3325,6.383125,-0.79311,-0.050625,535200,3389154000
01/16/2014,ProShares Ultra S&P500,SSO,6.383125,6.40125,-0.28315,-0.018125,535200,3416248500
01/15/2014,ProShares Ultra S&P500,SSO,6.40125,6.335625,1.03581,0.065625,535200,3425949000
01/14/2014,ProShares Ultra S&P500,SSO,6.335625,6.2,2.18750,0.135625,535200,3390826500
01/13/2014,ProShares Ultra S&P500,SSO,6.2,6.3625,-2.55403,-0.1625,543600,3370320000
01/10/2014,ProShares Ultra S&P500,SSO,6.3625,6.3325,0.47375,0.03,555600,3535005000
01/09/2014,ProShares Ultra S&P500,SSO,6.3325,6.326875,0.08891,0.005625,558000,3533535000
01/08/2014,ProShares Ultra S&P500,SSO,6.326875,6.325,0.02964,0.001875,558000,3530396250
01/07/2014,ProShares Ultra S&P500,SSO,6.325,6.25,1.20000,0.075,558000,3529350000
01/06/2014,ProShares Ultra S&P500,SSO,6.25,6.283125,-0.52721,-0.033125,554400,3465000000
01/03/2014,ProShares Ultra S&P500,SSO,6.283125,6.286875,-0.05965,-0.00375,554400,3483364500
01/02/2014,ProShares Ultra S&P500,SSO,6.286875,6.40125,-1.78676,-0.114375,554400,3485443500
12/31/2013,ProShares Ultra S&P500,SSO,6.40125,6.349375,0.81701,0.051875,554400,3548853000
12/30/2013,ProShares Ultra S&P500,SSO,6.349375,6.35125,-0.02952,-0.001875,558000,3542951250
12/27/2013,ProShares Ultra S&P500,SSO,6.35125,6.353125,-0.02951,-0.001875,558000,3543997500
12/26/2013,ProShares Ultra S&P500,SSO,6.353125,6.293125,0.95342,0.06,561600,3567915000
12/24/2013,ProShares Ultra S&P500,SSO,6.293125,6.264375,0.45894,0.02875,561600,3534219000
12/23/2013,ProShares Ultra S&P500,SSO,6.264375,6.1975,1.07906,0.066875,542400,3397797000
12/20/2013,ProShares Ultra S&P500,SSO,6.1975,6.135,1.01874,0.0625,542400,3361524000
12/19/2013,ProShares Ultra S&P500,SSO,6.135,6.143125,-0.13226,-0.008125,542400,3327624000
12/18/2013,ProShares Ultra S&P500,SSO,6.143125,5.941875,3.38698,0.20125,542400,3332031000
12/17/2013,ProShares Ultra S&P500,SSO,5.941875,5.98125,-0.65831,-0.039375,542400,3222873000
12/16/2013,ProShares Ultra S&P500,SSO,5.98125,5.9075,1.24841,0.07375,535200,3201165000
12/13/2013,ProShares Ultra S&P500,SSO,5.9075,5.909375,-0.03173,-0.001875,526800,3112071000
12/12/2013,ProShares Ultra S&P500,SSO,5.909375,5.95,-0.68277,-0.040625,526800,3113058750
12/11/2013,ProShares Ultra S&P500,SSO,5.95,6.0875,-2.25873,-0.1375,526800,3134460000
12/10/2013,ProShares Ultra S&P500,SSO,6.0875,6.128125,-0.66293,-0.040625,526800,3206895000
12/09/2013,ProShares Ultra S&P500,SSO,6.128125,6.10375,0.39934,0.024375,526800,3228296250
12/06/2013,ProShares Ultra S&P500,SSO,6.10375,5.97,2.24037,0.13375,526800,3215455500
12/05/2013,ProShares Ultra S&P500,SSO,5.97,6.02,-0.83056,-0.05,526800,3144996000
12/04/2013,ProShares Ultra S&P500,SSO,6.02,6.033125,-0.21755,-0.013125,514800,3099096000
12/03/2013,ProShares Ultra S&P500,SSO,6.033125,6.07375,-0.66886,-0.040625,510000,3076893750
12/02/2013,ProShares Ultra S&P500,SSO,6.07375,6.10625,-0.53224,-0.0325,510000,3097612500
11/29/2013,ProShares Ultra S&P500,SSO,6.10625,6.115625,-0.15330,-0.009375,506400,3092205000
11/27/2013,ProShares Ultra S&P500,SSO,6.115625,6.083125,0.53426,0.0325,518400,3170340000
11/26/2013,ProShares Ultra S&P500,SSO,6.083125,6.0825,0.01028,0.000625,522000,3175391250
11/25/2013,ProShares Ultra S&P500,SSO,6.0825,6.095625,-0.21532,-0.013125,522000,3175065000
11/22/2013,ProShares Ultra S&P500,SSO,6.095625,6.035625,0.99410,0.06,516000,3145342500
11/21/2013,ProShares Ultra S&P500,SSO,6.035625,5.93875,1.63124,0.096875,516000,3114382500
11/20/2013,ProShares Ultra S&P500,SSO,5.93875,5.98,-0.68980,-0.04125,516000,3064395000
11/19/2013,ProShares Ultra S&P500,SSO,5.98,6.005,-0.41632,-0.025,516000,3085680000
11/18/2013,ProShares Ultra S&P500,SSO,6.005,6.04875,-0.72329,-0.04375,516000,3098580000
11/15/2013,ProShares Ultra S&P500,SSO,6.04875,5.998125,0.84401,0.050625,516000,3121155000
11/14/2013,ProShares Ultra S&P500,SSO,5.998125,5.936875,1.03169,0.06125,516000,3095032500
11/13/2013,ProShares Ultra S&P500,SSO,5.936875,5.84125,1.63706,0.095625,516000,3063427500
11/12/2013,ProShares Ultra S&P500,SSO,5.84125,5.866875,-0.43677,-0.025625,516000,3014085000
11/11/2013,ProShares Ultra S&P500,SSO,5.866875,5.86125,0.09597,0.005625,516000,3027307500
11/08/2013,ProShares Ultra S&P500,SSO,5.86125,5.708125,2.68258,0.153125,501600,2940003000
11/07/2013,ProShares Ultra S&P500,SSO,5.708125,5.85875,-2.57094,-0.150625,501600,2863195500
11/06/2013,ProShares Ultra S&P500,SSO,5.85875,5.8025,0.96941,0.05625,501600,2938749000
11/05/2013,ProShares Ultra S&P500,SSO,5.8025,5.83625,-0.57828,-0.03375,501600,2910534000
11/04/2013,ProShares Ultra S&P500,SSO,5.83625,5.794375,0.72268,0.041875,477600,2787393000
11/01/2013,ProShares Ultra S&P500,SSO,5.794375,5.763125,0.54224,0.03125,427200,2475357000
10/31/2013,ProShares Ultra S&P500,SSO,5.763125,5.805625,-0.73205,-0.0425,267600,1542212250
10/30/2013,ProShares Ultra S&P500,SSO,5.805625,5.863125,-0.98071,-0.0575,267600,1553585250
10/29/2013,ProShares Ultra S&P500,SSO,5.863125,5.798125,1.12105,0.065,267600,1568972250
10/28/2013,ProShares Ultra S&P500,SSO,5.798125,5.781875,0.28105,0.01625,267600,1551578250
10/25/2013,ProShares Ultra S&P500,SSO,5.781875,5.733125,0.85032,0.04875,267600,1547229750
10/24/2013,ProShares Ultra S&P500,SSO,5.733125,5.695,0.66945,0.038125,267600,1534184250
10/23/2013,ProShares Ultra S&P500,SSO,5.695,5.748125,-0.92421,-0.053125,267600,1523982000
10/22/2013,ProShares Ultra S&P500,SSO,5.748125,5.684375,1.12150,0.06375,267600,1538198250
10/21/2013,ProShares Ultra S&P500,SSO,5.684375,5.6825,0.03300,0.001875,267600,1521138750
10/18/2013,ProShares Ultra S&P500,SSO,5.6825,5.61,1.29234,0.0725,267600,1520637000
10/17/2013,ProShares Ultra S&P500,SSO,5.61,5.534375,1.36646,0.075625,267600,1501236000
10/16/2013,ProShares Ultra S&P500,SSO,5.534375,5.385,2.77391,0.149375,267600,1480998750
10/15/2013,ProShares Ultra S&P500,SSO,5.385,5.464375,-1.45259,-0.079375,267600,1441026000
10/14/2013,ProShares Ultra S&P500,SSO,5.464375,5.419375,0.83035,0.045,267600,1462266750
10/11/2013,ProShares Ultra S&P500,SSO,5.419375,5.3525,1.24942,0.066875,267600,1450224750
10/10/2013,ProShares Ultra S&P500,SSO,5.3525,5.126875,4.40083,0.225625,267600,1432329000
10/09/2013,ProShares Ultra S&P500,SSO,5.126875,5.120625,0.12206,0.00625,267600,1371951750
10/08/2013,ProShares Ultra S&P500,SSO,5.120625,5.24625,-2.39457,-0.125625,264000,1351845000
10/07/2013,ProShares Ultra S&P500,SSO,5.24625,5.338125,-1.72111,-0.091875,264000,1385010000
10/04/2013,ProShares Ultra S&P500,SSO,5.338125,5.2625,1.43705,0.075625,264000,1409265000
10/03/2013,ProShares Ultra S&P500,SSO,5.2625,5.358125,-1.78467,-0.095625,264000,1389300000
10/02/2013,ProShares Ultra S&P500,SSO,5.358125,5.366875,-0.16304,-0.00875,264000,1414545000
10/01/2013,ProShares Ultra S&P500,SSO,5.366875,5.283125,1.58524,0.08375,264000,1416855000
09/30/2013,ProShares Ultra S&P500,SSO,5.283125,5.344375,-1.14606,-0.06125,264000,1394745000
09/27/2013,ProShares Ultra S&P500,SSO,5.344375,5.389375,-0.83498,-0.045,264000,1410915000
09/26/2013,ProShares Ultra S&P500,SSO,5.389375,5.350625,0.72421,0.03875,264000,1422795000
09/25/2013,ProShares Ultra S&P500,SSO,5.350625,5.385625,-0.64988,-0.035,264000,1412565000
09/24/2013,ProShares Ultra S&P500,SSO,5.385625,5.411875,-0.48504,-0.02625,264000,1421805000
09/23/2013,ProShares Ultra S&P500,SSO,5.411875,5.461875,-0.91544,-0.05,264000,1428735000
09/20/2013,ProShares Ultra S&P500,SSO,5.461875,5.54375,-1.47689,-0.081875,271200,1481260500
09/19/2013,ProShares Ultra S&P500,SSO,5.54375,5.56375,-0.35947,-0.02,271200,1503465000
09/18/2013,ProShares Ultra S&P500,SSO,5.56375,5.431875,2.42780,0.131875,271200,1508889000
09/17/2013,ProShares Ultra S&P500,SSO,5.431875,5.386875,0.83536,0.045,271200,1473124500
09/16/2013,ProShares Ultra S&P500,SSO,5.386875,5.325,1.16197,0.061875,279600,1506170250
09/13/2013,ProShares Ultra S&P500,SSO,5.325,5.299375,0.48355,0.025625,279600,1488870000
09/12/2013,ProShares Ultra S&P500,SSO,5.299375,5.329375,-0.56292,-0.03,277200,1468986750
09/11/2013,ProShares Ultra S&P500,SSO,5.329375,5.29625,0.62544,0.033125,277200,1477302750
09/10/2013,ProShares Ultra S&P500,SSO,5.29625,5.220625,1.44858,0.075625,277200,1468120500
09/09/2013,ProShares Ultra S&P500,SSO,5.220625,5.11875,1.99023,0.101875,277200,1447157250
09/06/2013,ProShares Ultra S&P500,SSO,5.11875,5.114375,0.08554,0.004375,277200,1418917500
09/05/2013,ProShares Ultra S&P500,SSO,5.114375,5.105,0.18364,0.009375,284400,1454528250
09/04/2013,ProShares Ultra S&P500,SSO,5.105,5.02,1.69323,0.085,284400,1451862000
09/03/2013,ProShares Ultra S&P500,SSO,5.02,4.978125,0.84118,0.041875,284400,1427688000
08/30/2013,ProShares Ultra S&P500,SSO,4.978125,5.01,-0.63623,-0.031875,284400,1415778750
08/29/2013,ProShares Ultra S&P500,SSO,5.01,4.99,0.40080,0.02,284400,1424844000
08/28/2013,ProShares Ultra S&P500,SSO,4.99,4.959375,0.61752,0.030625,286800,1431132000
08/27/2013,ProShares Ultra S&P500,SSO,4.959375,5.1225,-3.18448,-0.163125,286800,1422348750
08/26/2013,ProShares Ultra S&P500,SSO,5.1225,5.165,-0.82285,-0.0425,286800,1469133000
08/23/2013,ProShares Ultra S&P500,SSO,5.165,5.124375,0.79278,0.040625,286800,1481322000
08/22/2013,ProShares Ultra S&P500,SSO,5.124375,5.036875,1.73719,0.0875,286800,1469670750
08/21/2013,ProShares Ultra S&P500,SSO,5.036875,5.096875,-1.17719,-0.06,286800,1444575750
08/20/2013,ProShares Ultra S&P500,SSO,5.096875,5.054375,0.84086,0.0425,286800,1461783750
08/19/2013,ProShares Ultra S&P500,SSO,5.054375,5.1175,-1.23351,-0.063125,286800,1449594750
08/16/2013,ProShares Ultra S&P500,SSO,5.1175,5.14875,-0.60694,-0.03125,286800,1467699000
08/15/2013,ProShares Ultra S&P500,SSO,5.14875,5.3,-2.85377,-0.15125,286800,1476661500
08/14/2013,ProShares Ultra S&P500,SSO,5.3,5.355625,-1.03863,-0.055625,286800,1520040000
08/13/2013,ProShares Ultra S&P500,SSO,5.355625,5.3225,0.62236,0.033125,286800,1535993250
08/12/2013,ProShares Ultra S&P500,SSO,5.3225,5.335625,-0.24599,-0.013125,289200,1539267000
08/09/2013,ProShares Ultra S&P500,SSO,5.335625,5.370625,-0.65169,-0.035,289200,1543062750
08/08/2013,ProShares Ultra S&P500,SSO,5.370625,5.328125,0.79765,0.0425,289200,1553184750
08/07/2013,ProShares Ultra S&P500,SSO,5.328125,5.365625,-0.69889,-0.0375,289200,1540893750
08/06/2013,ProShares Ultra S&P500,SSO,5.365625,5.42875,-1.16279,-0.063125,289200,1551738750
08/05/2013,ProShares Ultra S&P500,SSO,5.42875,5.4425,-0.25264,-0.01375,289200,1569994500
08/02/2013,ProShares Ultra S&P500,SSO,5.4425,5.424375,0.33414,0.018125,289200,1573971000
08/01/2013,ProShares Ultra S&P500,SSO,5.424375,5.29375,2.46753,0.130625,289200,1568729250
07/31/2013,ProShares Ultra S&P500,SSO,5.29375,5.2925,0.02362,0.00125,289200,1530952500
07/30/2013,ProShares Ultra S&P500,SSO,5.2925,5.28875,0.07091,0.00375,290400,1536942000
07/29/2013,ProShares Ultra S&P500,SSO,5.28875,5.3275,-0.72736,-0.03875,290400,1535853000
07/26/2013,ProShares Ultra S&P500,SSO,5.3275,5.318125,0.17628,0.009375,290400,1547106000
07/25/2013,ProShares Ultra S&P500,SSO,5.318125,5.291875,0.49604,0.02625,290400,1544383500
07/24/2013,ProShares Ultra S&P500,SSO,5.291875,5.3325,-0.76184,-0.040625,290400,1536760500
07/23/2013,ProShares Ultra S&P500,SSO,5.3325,5.353125,-0.38529,-0.020625,290400,1548558000
07/22/2013,ProShares Ultra S&P500,SSO,5.353125,5.333125,0.37501,0.02,290400,1554547500
07/19/2013,ProShares Ultra S&P500,SSO,5.333125,5.314375,0.35282,0.01875,290400,1548739500
07/18/2013,ProShares Ultra S&P500,SSO,5.314375,5.259375,1.04575,0.055,298800,1587935250
07/17/2013,ProShares Ultra S&P500,SSO,5.259375,5.23,0.56166,0.029375,298800,1571501250
07/16/2013,ProShares Ultra S&P500,SSO,5.23,5.270625,-0.77078,-0.040625,298800,1562724000
07/15/2013,ProShares Ultra S&P500,SSO,5.270625,5.24875,0.41677,0.021875,298800,1574862750
07/12/2013,ProShares Ultra S&P500,SSO,5.24875,5.225,0.45455,0.02375,298800,1568326500
07/11/2013,ProShares Ultra S&P500,SSO,5.225,5.085625,2.74057,0.139375,302400,1580040000
07/10/2013,ProShares Ultra S&P500,SSO,5.085625,5.0825,0.06149,0.003125,302400,1537893000
07/09/2013,ProShares Ultra S&P500,SSO,5.0825,5.010625,1.43445,0.071875,302400,1536948000
07/08/2013,ProShares Ultra S&P500,SSO,5.010625,4.95625,1.09710,0.054375,302400,1515213000
07/05/2013,ProShares Ultra S&P500,SSO,4.95625,4.855625,2.07234,0.100625,302400,1498770000
07/03/2013,ProShares Ultra S&P500,SSO,4.855625,4.8475,0.16761,0.008125,302400,1468341000
07/02/2013,ProShares Ultra S&P500,SSO,4.8475,4.854375,-0.14162,-0.006875,302400,1465884000
07/01/2013,ProShares Ultra S&P500,SSO,4.854375,4.79375,1.26467,0.060625,355200,1724274000
06/28/2013,ProShares Ultra S&P500,SSO,4.79375,4.8425,-1.00671,-0.04875,518400,2485080000
06/27/2013,ProShares Ultra S&P500,SSO,4.8425,4.783125,1.24134,0.059375,529200,2562651000
06/26/2013,ProShares Ultra S&P500,SSO,4.783125,4.695625,1.86344,0.0875,536400,2565668250
06/25/2013,ProShares Ultra S&P500,SSO,4.695625,4.605,1.96797,0.090625,536400,2518733250
06/24/2013,ProShares Ultra S&P500,SSO,4.605,4.7225,-2.48809,-0.1175,523200,2409336000
06/21/2013,ProShares Ultra S&P500,SSO,4.7225,4.694375,0.59912,0.028125,523200,2470812000
06/20/2013,ProShares Ultra S&P500,SSO,4.694375,4.94375,-5.04425,-0.249375,523200,2456097000
06/19/2013,ProShares Ultra S&P500,SSO,4.94375,5.083125,-2.74192,-0.139375,523200,2586570000
06/18/2013,ProShares Ultra S&P500,SSO,5.083125,5.00625,1.53558,0.076875,523200,2659491000
06/17/2013,ProShares Ultra S&P500,SSO,5.00625,4.930625,1.53378,0.075625,523200,2619270000
06/14/2013,ProShares Ultra S&P500,SSO,4.930625,4.99125,-1.21463,-0.060625,523200,2579703000
06/13/2013,ProShares Ultra S&P500,SSO,4.99125,4.845,3.01858,0.14625,523200,2611422000
06/12/2013,ProShares Ultra S&P500,SSO,4.845,4.926875,-1.66180,-0.081875,516000,2500020000
06/11/2013,ProShares Ultra S&P500,SSO,4.926875,5.02875,-2.02585,-0.101875,516000,2542267500
06/10/2013,ProShares Ultra S&P500,SSO,5.02875,5.031875,-0.06210,-0.003125,516000,2594835000
06/07/2013,ProShares Ultra S&P500,SSO,5.031875,4.904375,2.59972,0.1275,516000,2596447500
06/06/2013,ProShares Ultra S&P500,SSO,4.904375,4.82,1.75052,0.084375,518400,2542428000
06/05/2013,ProShares Ultra S&P500,SSO,4.82,4.9575,-2.77358,-0.1375,506400,2440848000
06/04/2013,ProShares Ultra S&P500,SSO,4.9575,5.010625,-1.06025,-0.053125,506400,2510478000
06/03/2013,ProShares Ultra S&P500,SSO,5.010625,4.949375,1.23753,0.06125,502800,2519342250
05/31/2013,ProShares Ultra S&P500,SSO,4.949375,5.1,-2.95343,-0.150625,490800,2429153250
05/30/2013,ProShares Ultra S&P500,SSO,5.1,5.06125,0.76562,0.03875,490800,2503080000
05/29/2013,ProShares Ultra S&P500,SSO,5.06125,5.130625,-1.35217,-0.069375,490800,2484061500
05/28/2013,ProShares Ultra S&P500,SSO,5.130625,5.068125,1.23320,0.0625,490800,2518110750
05/24/2013,ProShares Ultra S&P500,SSO,5.068125,5.075,-0.13547,-0.006875,490800,2487435750
05/23/2013,ProShares Ultra S&P500,SSO,5.075,5.103125,-0.55113,-0.028125,490800,2490810000
05/22/2013,ProShares Ultra S&P500,SSO,5.103125,5.185625,-1.59094,-0.0825,490800,2504613750
05/21/2013,ProShares Ultra S&P500,SSO,5.185625,5.17,0.30222,0.015625,490800,2545104750
05/20/2013,ProShares Ultra S&P500,SSO,5.17,5.175,-0.09662,-0.005,490800,2537436000
05/17/2013,ProShares Ultra S&P500,SSO,5.175,5.0725,2.02070,0.1025,481200,2490210000
05/16/2013,ProShares Ultra S&P500,SSO,5.0725,5.123125,-0.98817,-0.050625,481200,2440887000
05/15/2013,ProShares Ultra S&P500,SSO,5.123125,5.069375,1.06029,0.05375,481200,2465247750
05/14/2013,ProShares Ultra S&P500,SSO,5.069375,4.965625,2.08936,0.10375,481200,2439383250
05/13/2013,ProShares Ultra S&P500,SSO,4.965625,4.9625,0.06297,0.003125,481200,2389458750
05/10/2013,ProShares Ultra S&P500,SSO,4.9625,4.925,0.76142,0.0375,481200,2387955000
05/09/2013,ProShares Ultra S&P500,SSO,4.925,4.954375,-0.59291,-0.029375,481200,2369910000
05/08/2013,ProShares Ultra S&P500,SSO,4.954375,4.91,0.90377,0.044375,481200,2384045250
05/07/2013,ProShares Ultra S&P500,SSO,4.91,4.859375,1.04180,0.050625,481200,2362692000
05/06/2013,ProShares Ultra S&P500,SSO,4.859375,4.838125,0.43922,0.02125,481200,2338331250
05/03/2013,ProShares Ultra S&P500,SSO,4.838125,4.739375,2.08361,0.09875,481200,2328105750
05/02/2013,ProShares Ultra S&P500,SSO,4.739375,4.653125,1.85359,0.08625,492000,2331772500
05/01/2013,ProShares Ultra S&P500,SSO,4.653125,4.739375,-1.81986,-0.08625,492000,2289337500
04/30/2013,ProShares Ultra S&P500,SSO,4.739375,4.71625,0.49033,0.023125,519600,2462579250
04/29/2013,ProShares Ultra S&P500,SSO,4.71625,4.651875,1.38385,0.064375,514800,2427925500
04/26/2013,ProShares Ultra S&P500,SSO,4.651875,4.67,-0.38812,-0.018125,514800,2394785250
04/25/2013,ProShares Ultra S&P500,SSO,4.67,4.63125,0.83671,0.03875,518400,2420928000
04/24/2013,ProShares Ultra S&P500,SSO,4.63125,4.62875,0.05401,0.0025,518400,2400840000
04/23/2013,ProShares Ultra S&P500,SSO,4.62875,4.534375,2.08132,0.094375,518400,2399544000
04/22/2013,ProShares Ultra S&P500,SSO,4.534375,4.4925,0.93211,0.041875,524400,2377826250
04/19/2013,ProShares Ultra S&P500,SSO,4.4925,4.415,1.75538,0.0775,524400,2355867000
04/18/2013,ProShares Ultra S&P500,SSO,4.415,4.4725,-1.28563,-0.0575,524400,2315226000
04/17/2013,ProShares Ultra S&P500,SSO,4.4725,4.6075,-2.93001,-0.135,524400,2345379000
04/16/2013,ProShares Ultra S&P500,SSO,4.6075,4.478125,2.88904,0.129375,524400,2416173000
04/15/2013,ProShares Ultra S&P500,SSO,4.478125,4.694375,-4.60658,-0.21625,524400,2348328750
04/12/2013,ProShares Ultra S&P500,SSO,4.694375,4.720625,-0.55607,-0.02625,524400,2461730250
04/11/2013,ProShares Ultra S&P500,SSO,4.720625,4.688125,0.69324,0.0325,524400,2475495750
04/10/2013,ProShares Ultra S&P500,SSO,4.688125,4.575625,2.45868,0.1125,524400,2458452750
04/09/2013,ProShares Ultra S&P500,SSO,4.575625,4.54375,0.70151,0.031875,524400,2399457750
04/08/2013,ProShares Ultra S&P500,SSO,4.54375,4.484375,1.32404,0.059375,524400,2382742500
04/05/2013,ProShares Ultra S&P500,SSO,4.484375,4.52375,-0.87041,-0.039375,524400,2351606250
04/04/2013,ProShares Ultra S&P500,SSO,4.52375,4.48625,0.83589,0.0375,532800,2410254000
04/03/2013,ProShares Ultra S&P500,SSO,4.48625,4.58125,-2.07367,-0.095,532800,2390274000
04/02/2013,ProShares Ultra S&P500,SSO,4.58125,4.535625,1.00593,0.045625,532800,2440890000
04/01/2013,ProShares Ultra S&P500,SSO,4.535625,4.5725,-0.80645,-0.036875,532800,2416581000
03/28/2013,ProShares Ultra S&P500,SSO,4.5725,4.540625,0.70200,0.031875,532800,2436228000
03/27/2013,ProShares Ultra S&P500,SSO,4.540625,4.54375,-0.06878,-0.003125,532800,2419245000
03/26/2013,ProShares Ultra S&P500,SSO,4.54375,4.474375,1.55050,0.069375,532800,2420910000
03/25/2013,ProShares Ultra S&P500,SSO,4.474375,4.505,-0.67980,-0.030625,530400,2373208500
03/22/2013,ProShares Ultra S&P500,SSO,4.505,4.43875,1.49254,0.06625,530400,2389452000
03/21/2013,ProShares Ultra S&P500,SSO,4.43875,4.51375,-1.66159,-0.075,530400,2354313000
03/20/2013,ProShares Ultra S&P500,SSO,4.51375,4.456875,1.27612,0.056875,528000,2383260000
03/19/2013,ProShares Ultra S&P500,SSO,4.456875,4.478125,-0.47453,-0.02125,528000,2353230000
03/18/2013,ProShares Ultra S&P500,SSO,4.478125,4.529375,-1.13150,-0.05125,528000,2364450000
03/15/2013,ProShares Ultra S&P500,SSO,4.529375,4.5425,-0.28894,-0.013125,524400,2375204250
03/14/2013,ProShares Ultra S&P500,SSO,4.5425,4.491875,1.12703,0.050625,524400,2382087000
03/13/2013,ProShares Ultra S&P500,SSO,4.491875,4.47875,0.29305,0.013125,524400,2355539250
03/12/2013,ProShares Ultra S&P500,SSO,4.47875,4.500625,-0.48604,-0.021875,524400,2348656500
03/11/2013,ProShares Ultra S&P500,SSO,4.500625,4.47,0.68512,0.030625,524400,2360127750
03/08/2013,ProShares Ultra S&P500,SSO,4.47,4.43125,0.87447,0.03875,493200,2204604000
03/07/2013,ProShares Ultra S&P500,SSO,4.43125,4.414375,0.38227,0.016875,483600,2142952500
03/06/2013,ProShares Ultra S&P500,SSO,4.414375,4.4025,0.26973,0.011875,481200,2124197250
03/05/2013,ProShares Ultra S&P500,SSO,4.4025,4.320625,1.89498,0.081875,481200,2118483000
03/04/2013,ProShares Ultra S&P500,SSO,4.320625,4.28,0.94918,0.040625,452400,1954650750
03/01/2013,ProShares Ultra S&P500,SSO,4.28,4.256875,0.54324,0.023125,415200,1777056000
02/28/2013,ProShares Ultra S&P500,SSO,4.256875,4.268125,-0.26358,-0.01125,304800,1297495500
02/27/2013,ProShares Ultra S&P500,SSO,4.268125,4.16125,2.56834,0.106875,312000,1331655000
02/26/2013,ProShares Ultra S&P500,SSO,4.16125,4.10875,1.27776,0.0525,312000,1298310000
02/25/2013,ProShares Ultra S&P500,SSO,4.10875,4.266875,-3.70587,-0.158125,312000,1281930000
02/22/2013,ProShares Ultra S&P500,SSO,4.266875,4.19,1.83473,0.076875,312000,1331265000
02/21/2013,ProShares Ultra S&P500,SSO,4.19,4.240625,-1.19381,-0.050625,312000,1307280000
02/20/2013,ProShares Ultra S&P500,SSO,4.240625,4.349375,-2.50036,-0.10875,318000,1348518750
02/19/2013,ProShares Ultra S&P500,SSO,4.349375,4.2875,1.44315,0.061875,318000,1383101250
02/15/2013,ProShares Ultra S&P500,SSO,4.2875,4.295625,-0.18915,-0.008125,318000,1363425000
02/14/2013,ProShares Ultra S&P500,SSO,4.295625,4.288125,0.17490,0.0075,326400,1402092000
02/13/2013,ProShares Ultra S&P500,SSO,4.288125,4.279375,0.20447,0.00875,326400,1399644000
02/12/2013,ProShares Ultra S&P500,SSO,4.279375,4.26625,0.30765,0.013125,326400,1396788000
02/11/2013,ProShares Ultra S&P500,SSO,4.26625,4.27,-0.08782,-0.00375,326400,1392504000
02/08/2013,ProShares Ultra S&P500,SSO,4.27,4.2225,1.12493,0.0475,326400,1393728000
02/07/2013,ProShares Ultra S&P500,SSO,4.2225,4.235,-0.29516,-0.0125,326400,1378224000
02/06/2013,ProShares Ultra S&P500,SSO,4.235,4.229375,0.13300,0.005625,326400,1382304000
02/05/2013,ProShares Ultra S&P500,SSO,4.229375,4.1425,2.09716,0.086875,326400,1380468000
02/04/2013,ProShares Ultra S&P500,SSO,4.1425,4.240625,-2.31393,-0.098125,324000,1342170000
02/01/2013,ProShares Ultra S&P500,SSO,4.240625,4.15625,2.03008,0.084375,318000,1348518750
01/31/2013,ProShares Ultra S&P500,SSO,4.15625,4.176875,-0.49379,-0.020625,318000,1321687500
01/30/2013,ProShares Ultra S&P500,SSO,4.176875,4.20875,-0.75735,-0.031875,318000,1328246250
01/29/2013,ProShares Ultra S&P500,SSO,4.20875,4.16875,0.95952,0.04,318000,1338382500
01/28/2013,ProShares Ultra S&P500,SSO,4.16875,4.1825,-0.32875,-0.01375,318000,1325662500
01/25/2013,ProShares Ultra S&P500,SSO,4.1825,4.1375,1.08761,0.045,318000,1330035000
01/24/2013,ProShares Ultra S&P500,SSO,4.1375,4.136875,0.01511,0.000625,327600,1355445000
01/23/2013,ProShares Ultra S&P500,SSO,4.136875,4.12375,0.31828,0.013125,327600,1355240250
01/22/2013,ProShares Ultra S&P500,SSO,4.12375,4.085625,0.93315,0.038125,327600,1350940500
01/18/2013,ProShares Ultra S&P500,SSO,4.085625,4.060625,0.61567,0.025,327600,1338450750
01/17/2013,ProShares Ultra S&P500,SSO,4.060625,4.01375,1.16786,0.046875,327600,1330260750
01/16/2013,ProShares Ultra S&P500,SSO,4.01375,4.0125,0.03115,0.00125,327600,1314904500
01/15/2013,ProShares Ultra S&P500,SSO,4.0125,4.004375,0.20290,0.008125,327600,1314495000
01/14/2013,ProShares Ultra S&P500,SSO,4.004375,4.011875,-0.18695,-0.0075,327600,1311833250
01/11/2013,ProShares Ultra S&P500,SSO,4.011875,4.011875,0.00000,0,327600,1314290250
01/10/2013,ProShares Ultra S&P500,SSO,4.011875,3.951875,1.51827,0.06,336000,1347990000
01/09/2013,ProShares Ultra S&P500,SSO,3.951875,3.93,0.55662,0.021875,336000,1327830000
01/08/2013,ProShares Ultra S&P500,SSO,3.93,3.953125,-0.58498,-0.023125,336000,1320480000
01/07/2013,ProShares Ultra S&P500,SSO,3.953125,3.979375,-0.65965,-0.02625,336000,1328250000
01/04/2013,ProShares Ultra S&P500,SSO,3.979375,3.94125,0.96733,0.038125,336000,1337070000
01/03/2013,ProShares Ultra S&P500,SSO,3.94125,3.959375,-0.45777,-0.018125,348000,1371555000
01/02/2013,ProShares Ultra S&P500,SSO,3.959375,3.766875,5.11034,0.1925,348000,1377862500
12/31/2012,ProShares Ultra S&P500,SSO,3.766875,3.64,3.48558,0.126875,339600,1279230750
12/28/2012,ProShares Ultra S&P500,SSO,3.64,3.72375,-2.24908,-0.08375,339600,1236144000
12/27/2012,ProShares Ultra S&P500,SSO,3.72375,3.73125,-0.20101,-0.0075,333600,1242243000
12/26/2012,ProShares Ultra S&P500,SSO,3.73125,3.774375,-1.14257,-0.043125,333600,1244745000
12/24/2012,ProShares Ultra S&P500,SSO,3.774375,3.7925,-0.47792,-0.018125,333600,1259131500
12/21/2012,ProShares Ultra S&P500,SSO,3.7925,3.865,-1.87581,-0.0725,333600,1265178000
12/20/2012,ProShares Ultra S&P500,SSO,3.865,3.821875,1.12837,0.043125,340800,1317192000
12/19/2012,ProShares Ultra S&P500,SSO,3.821875,3.880625,-1.51393,-0.05875,340800,1302495000
12/18/2012,ProShares Ultra S&P500,SSO,3.880625,3.793125,2.30681,0.0875,336000,1303890000
12/17/2012,ProShares Ultra S&P500,SSO,3.793125,3.705,2.37854,0.088125,331200,1256283000
12/14/2012,ProShares Ultra S&P500,SSO,3.705,3.73625,-0.83640,-0.03125,331200,1227096000
12/13/2012,ProShares Ultra S&P500,SSO,3.73625,3.781875,-1.20641,-0.045625,331200,1237446000
12/12/2012,ProShares Ultra S&P500,SSO,3.781875,3.776875,0.13238,0.005,325200,1229865750
12/11/2012,ProShares Ultra S&P500,SSO,3.776875,3.728125,1.30763,0.04875,325200,1228239750
12/10/2012,ProShares Ultra S&P500,SSO,3.728125,3.725625,0.06710,0.0025,325200,1212386250
12/07/2012,ProShares Ultra S&P500,SSO,3.725625,3.703125,0.60759,0.0225,325200,1211573250
12/06/2012,ProShares Ultra S&P500,SSO,3.703125,3.6775,0.69680,0.025625,325200,1204256250
12/05/2012,ProShares Ultra S&P500,SSO,3.6775,3.66375,0.37530,0.01375,325200,1195923000
12/04/2012,ProShares Ultra S&P500,SSO,3.66375,3.67625,-0.34002,-0.0125,325200,1191451500
12/03/2012,ProShares Ultra S&P500,SSO,3.67625,3.71125,-0.94308,-0.035,325200,1195516500
11/30/2012,ProShares Ultra S&P500,SSO,3.71125,3.710625,0.01684,0.000625,325200,1206898500
11/29/2012,ProShares Ultra S&P500,SSO,3.710625,3.678125,0.88360,0.0325,325200,1206695250
11/28/2012,ProShares Ultra S&P500,SSO,3.678125,3.619375,1.62321,0.05875,325200,1196126250
11/27/2012,ProShares Ultra S&P500,SSO,3.619375,3.656875,-1.02547,-0.0375,325200,1177020750
11/26/2012,ProShares Ultra S&P500,SSO,3.656875,3.671875,-0.40851,-0.015,325200,1189215750
11/23/2012,ProShares Ultra S&P500,SSO,3.671875,3.578125,2.62009,0.09375,325200,1194093750
11/21/2012,ProShares Ultra S&P500,SSO,3.578125,3.56125,0.47385,0.016875,325200,1163606250
11/20/2012,ProShares Ultra S&P500,SSO,3.56125,3.55625,0.14060,0.005,325200,1158118500
11/19/2012,ProShares Ultra S&P500,SSO,3.55625,3.42,3.98392,0.13625,318000,1130887500
11/16/2012,ProShares Ultra S&P500,SSO,3.42,3.386875,0.97804,0.033125,313200,1071144000
11/15/2012,ProShares Ultra S&P500,SSO,3.386875,3.3975,-0.31273,-0.010625,313200,1060769250
11/14/2012,ProShares Ultra S&P500,SSO,3.3975,3.491875,-2.70270,-0.094375,313200,1064097000
11/13/2012,ProShares Ultra S&P500,SSO,3.491875,3.5175,-0.72850,-0.025625,313200,1093655250
11/12/2012,ProShares Ultra S&P500,SSO,3.5175,3.516875,0.01777,0.000625,313200,1101681000
11/09/2012,ProShares Ultra S&P500,SSO,3.516875,3.505,0.33880,0.011875,313200,1101485250
11/08/2012,ProShares Ultra S&P500,SSO,3.505,3.5925,-2.43563,-0.0875,313200,1097766000
11/07/2012,ProShares Ultra S&P500,SSO,3.5925,3.765,-4.58167,-0.1725,313200,1125171000
11/06/2012,ProShares Ultra S&P500,SSO,3.765,3.706875,1.56803,0.058125,314400,1183716000
11/05/2012,ProShares Ultra S&P500,SSO,3.706875,3.690625,0.44030,0.01625,314400,1165441500
11/02/2012,ProShares Ultra S&P500,SSO,3.690625,3.760625,-1.86139,-0.07,319200,1178047500
11/01/2012,ProShares Ultra S&P500,SSO,3.760625,3.679375,2.20826,0.08125,352800,1326748500
10/31/2012,ProShares Ultra S&P500,SSO,3.679375,3.67875,0.01699,0.000625,447600,1646888250
10/26/2012,ProShares Ultra S&P500,SSO,3.67875,3.684375,-0.15267,-0.005625,447600,1646608500
10/25/2012,ProShares Ultra S&P500,SSO,3.684375,3.6625,0.59727,0.021875,442800,1631441250
10/24/2012,ProShares Ultra S&P500,SSO,3.6625,3.685,-0.61058,-0.0225,426000,1560225000
10/23/2012,ProShares Ultra S&P500,SSO,3.685,3.794375,-2.88256,-0.109375,426000,1569810000
10/22/2012,ProShares Ultra S&P500,SSO,3.794375,3.79125,0.08243,0.003125,416400,1579977750
10/19/2012,ProShares Ultra S&P500,SSO,3.79125,3.921875,-3.33068,-0.130625,416400,1578676500
10/18/2012,ProShares Ultra S&P500,SSO,3.921875,3.940625,-0.47581,-0.01875,423600,1661306250
10/17/2012,ProShares Ultra S&P500,SSO,3.940625,3.908125,0.83160,0.0325,423600,1669248750
10/16/2012,ProShares Ultra S&P500,SSO,3.908125,3.829375,2.05647,0.07875,423600,1655481750
10/15/2012,ProShares Ultra S&P500,SSO,3.829375,3.76875,1.60862,0.060625,423600,1622123250
10/12/2012,ProShares Ultra S&P500,SSO,3.76875,3.79125,-0.59347,-0.0225,427200,1610010000
10/11/2012,ProShares Ultra S&P500,SSO,3.79125,3.78875,0.06598,0.0025,427200,1619622000
10/10/2012,ProShares Ultra S&P500,SSO,3.78875,3.835625,-1.22210,-0.046875,414000,1568542500
10/09/2012,ProShares Ultra S&P500,SSO,3.835625,3.913125,-1.98051,-0.0775,414000,1587948750
10/08/2012,ProShares Ultra S&P500,SSO,3.913125,3.940625,-0.69786,-0.0275,402000,1573076250
10/05/2012,ProShares Ultra S&P500,SSO,3.940625,3.940625,0.00000,0,405600,1598317500
10/04/2012,ProShares Ultra S&P500,SSO,3.940625,3.885,1.43179,0.055625,398400,1569945000
10/03/2012,ProShares Ultra S&P500,SSO,3.885,3.855625,0.76187,0.029375,398400,1547784000
10/02/2012,ProShares Ultra S&P500,SSO,3.855625,3.848125,0.19490,0.0075,380400,1466679750
10/01/2012,ProShares Ultra S&P500,SSO,3.848125,3.828125,0.52245,0.02,380400,1463826750
09/28/2012,ProShares Ultra S&P500,SSO,3.828125,3.863125,-0.90600,-0.035,284400,1088718750
09/27/2012,ProShares Ultra S&P500,SSO,3.863125,3.789375,1.94623,0.07375,284400,1098672750
09/26/2012,ProShares Ultra S&P500,SSO,3.789375,3.831875,-1.10912,-0.0425,284400,1077698250
09/25/2012,ProShares Ultra S&P500,SSO,3.831875,3.920625,-2.26367,-0.08875,276000,1057597500
09/24/2012,ProShares Ultra S&P500,SSO,3.920625,3.93875,-0.46017,-0.018125,276000,1082092500
09/21/2012,ProShares Ultra S&P500,SSO,3.93875,3.939375,-0.01587,-0.000625,276000,1087095000
09/20/2012,ProShares Ultra S&P500,SSO,3.939375,3.9425,-0.07926,-0.003125,288000,1134540000
09/19/2012,ProShares Ultra S&P500,SSO,3.9425,3.93375,0.22243,0.00875,288000,1135440000
09/18/2012,ProShares Ultra S&P500,SSO,3.93375,3.94375,-0.25357,-0.01,294000,1156522500
09/17/2012,ProShares Ultra S&P500,SSO,3.94375,3.968125,-0.61427,-0.024375,294000,1159462500
09/14/2012,ProShares Ultra S&P500,SSO,3.968125,3.9375,0.77778,0.030625,294000,1166628750
09/13/2012,ProShares Ultra S&P500,SSO,3.9375,3.811875,3.29562,0.125625,300000,1181250000
09/12/2012,ProShares Ultra S&P500,SSO,3.811875,3.794375,0.46121,0.0175,300000,1143562500
09/11/2012,ProShares Ultra S&P500,SSO,3.794375,3.770625,0.62987,0.02375,300000,1138312500
09/10/2012,ProShares Ultra S&P500,SSO,3.770625,3.8175,-1.22790,-0.046875,300000,1131187500
09/07/2012,ProShares Ultra S&P500,SSO,3.8175,3.78625,0.82535,0.03125,300000,1145250000
09/06/2012,ProShares Ultra S&P500,SSO,3.78625,3.636875,4.10723,0.149375,315600,1194940500
09/05/2012,ProShares Ultra S&P500,SSO,3.636875,3.643125,-0.17156,-0.00625,322800,1173983250
09/04/2012,ProShares Ultra S&P500,SSO,3.643125,3.651875,-0.23960,-0.00875,408000,1486395000
08/31/2012,ProShares Ultra S&P500,SSO,3.651875,3.615625,1.00259,0.03625,415200,1516258500
08/30/2012,ProShares Ultra S&P500,SSO,3.615625,3.671875,-1.53191,-0.05625,415200,1501207500
08/29/2012,ProShares Ultra S&P500,SSO,3.671875,3.664375,0.20467,0.0075,415200,1524562500
08/28/2012,ProShares Ultra S&P500,SSO,3.664375,3.67,-0.15327,-0.005625,415200,1521448500
08/27/2012,ProShares Ultra S&P500,SSO,3.67,3.67375,-0.10208,-0.00375,415200,1523784000
08/24/2012,ProShares Ultra S&P500,SSO,3.67375,3.62625,1.30989,0.0475,415200,1525341000
08/23/2012,ProShares Ultra S&P500,SSO,3.62625,3.685625,-1.61099,-0.059375,426000,1544782500
08/22/2012,ProShares Ultra S&P500,SSO,3.685625,3.68375,0.05090,0.001875,426000,1570076250
08/21/2012,ProShares Ultra S&P500,SSO,3.68375,3.709375,-0.69082,-0.025625,426000,1569277500
08/20/2012,ProShares Ultra S&P500,SSO,3.709375,3.709375,0.00000,0,426000,1580193750
08/17/2012,ProShares Ultra S&P500,SSO,3.709375,3.69625,0.35509,0.013125,426000,1580193750
08/16/2012,ProShares Ultra S&P500,SSO,3.69625,3.64375,1.44082,0.0525,432000,1596780000
08/15/2012,ProShares Ultra S&P500,SSO,3.64375,3.633125,0.29245,0.010625,432000,1574100000
08/14/2012,ProShares Ultra S&P500,SSO,3.633125,3.633125,0.00000,0,432000,1569510000
08/13/2012,ProShares Ultra S&P500,SSO,3.633125,3.64125,-0.22314,-0.008125,432000,1569510000
08/10/2012,ProShares Ultra S&P500,SSO,3.64125,3.625,0.44828,0.01625,432000,1573020000
08/09/2012,ProShares Ultra S&P500,SSO,3.625,3.619375,0.15541,0.005625,432000,1566000000
08/08/2012,ProShares Ultra S&P500,SSO,3.619375,3.6125,0.19031,0.006875,432000,1563570000
08/07/2012,ProShares Ultra S&P500,SSO,3.6125,3.57625,1.01363,0.03625,435600,1573605000
08/06/2012,ProShares Ultra S&P500,SSO,3.57625,3.559375,0.47410,0.016875,435600,1557814500
08/03/2012,ProShares Ultra S&P500,SSO,3.559375,3.428125,3.82862,0.13125,435600,1550463750
08/02/2012,ProShares Ultra S&P500,SSO,3.428125,3.479375,-1.47297,-0.05125,435600,1493291250
08/01/2012,ProShares Ultra S&P500,SSO,3.479375,3.499375,-0.57153,-0.02,435600,1515615750
07/31/2012,ProShares Ultra S&P500,SSO,3.499375,3.53,-0.86756,-0.030625,439200,1536925500
07/30/2012,ProShares Ultra S&P500,SSO,3.53,3.53375,-0.10612,-0.00375,439200,1550376000
07/27/2012,ProShares Ultra S&P500,SSO,3.53375,3.403125,3.83838,0.130625,439200,1552023000
07/26/2012,ProShares Ultra S&P500,SSO,3.403125,3.294375,3.30108,0.10875,457200,1555908750
07/25/2012,ProShares Ultra S&P500,SSO,3.294375,3.29625,-0.05688,-0.001875,457200,1506188250
07/24/2012,ProShares Ultra S&P500,SSO,3.29625,3.356875,-1.80600,-0.060625,457200,1507045500
07/23/2012,ProShares Ultra S&P500,SSO,3.356875,3.41875,-1.80987,-0.061875,459600,1542819750
07/20/2012,ProShares Ultra S&P500,SSO,3.41875,3.48875,-2.00645,-0.07,459600,1571257500
07/19/2012,ProShares Ultra S&P500,SSO,3.48875,3.469375,0.55846,0.019375,465600,1624362000
07/18/2012,ProShares Ultra S&P500,SSO,3.469375,3.4225,1.36961,0.046875,465600,1615341000
07/17/2012,ProShares Ultra S&P500,SSO,3.4225,3.3725,1.48258,0.05,465600,1593516000
07/16/2012,ProShares Ultra S&P500,SSO,3.3725,3.38875,-0.47953,-0.01625,465600,1570236000
07/13/2012,ProShares Ultra S&P500,SSO,3.38875,3.280625,3.29587,0.108125,465600,1577802000
07/12/2012,ProShares Ultra S&P500,SSO,3.280625,3.31375,-0.99962,-0.033125,465600,1527459000
07/11/2012,ProShares Ultra S&P500,SSO,3.31375,3.313125,0.01886,0.000625,459600,1522999500
07/10/2012,ProShares Ultra S&P500,SSO,3.313125,3.368125,-1.63296,-0.055,454800,1506809250
07/09/2012,ProShares Ultra S&P500,SSO,3.368125,3.379375,-0.33290,-0.01125,454800,1531823250
07/06/2012,ProShares Ultra S&P500,SSO,3.379375,3.441875,-1.81587,-0.0625,447600,1512608250
07/05/2012,ProShares Ultra S&P500,SSO,3.441875,3.474375,-0.93542,-0.0325,447600,1540583250
07/03/2012,ProShares Ultra S&P500,SSO,3.474375,3.43,1.29373,0.044375,447600,1555130250
07/02/2012,ProShares Ultra S&P500,SSO,3.43,3.41375,0.47602,0.01625,447600,1535268000
06/29/2012,ProShares Ultra S&P500,SSO,3.41375,3.25125,4.99808,0.1625,366000,1249432500
06/28/2012,ProShares Ultra S&P500,SSO,3.25125,3.265,-0.42113,-0.01375,374400,1217268000
06/27/2012,ProShares Ultra S&P500,SSO,3.265,3.205625,1.85221,0.059375,378000,1234170000
06/26/2012,ProShares Ultra S&P500,SSO,3.205625,3.175625,0.94470,0.03,378000,1211726250
06/25/2012,ProShares Ultra S&P500,SSO,3.175625,3.28,-3.18216,-0.104375,372000,1181332500
06/22/2012,ProShares Ultra S&P500,SSO,3.28,3.23375,1.43023,0.04625,372000,1220160000
06/21/2012,ProShares Ultra S&P500,SSO,3.23375,3.38375,-4.43295,-0.15,375600,1214596500
06/20/2012,ProShares Ultra S&P500,SSO,3.38375,3.398125,-0.42303,-0.014375,375600,1270936500
06/19/2012,ProShares Ultra S&P500,SSO,3.398125,3.333125,1.95012,0.065,382800,1300802250
06/18/2012,ProShares Ultra S&P500,SSO,3.333125,3.323125,0.30092,0.01,372000,1239922500
06/15/2012,ProShares Ultra S&P500,SSO,3.323125,3.25625,2.05374,0.066875,372000,1236202500
06/14/2012,ProShares Ultra S&P500,SSO,3.25625,3.1875,2.15686,0.06875,384000,1250400000
06/13/2012,ProShares Ultra S&P500,SSO,3.1875,3.230625,-1.33488,-0.043125,384000,1224000000
06/12/2012,ProShares Ultra S&P500,SSO,3.230625,3.156875,2.33617,0.07375,384000,1240560000
06/11/2012,ProShares Ultra S&P500,SSO,3.156875,3.23875,-2.52798,-0.081875,384000,1212240000
06/08/2012,ProShares Ultra S&P500,SSO,3.23875,3.186875,1.62777,0.051875,384000,1243680000
06/07/2012,ProShares Ultra S&P500,SSO,3.186875,3.1875,-0.01961,-0.000625,388800,1239057000
06/06/2012,ProShares Ultra S&P500,SSO,3.1875,3.045625,4.65832,0.141875,409200,1304325000
06/05/2012,ProShares Ultra S&P500,SSO,3.045625,3.010625,1.16255,0.035,409200,1246269750
06/04/2012,ProShares Ultra S&P500,SSO,3.010625,3.01,0.02076,0.000625,409200,1231947750
06/01/2012,ProShares Ultra S&P500,SSO,3.01,3.16625,-4.93486,-0.15625,409200,1231692000
05/31/2012,ProShares Ultra S&P500,SSO,3.16625,3.18,-0.43239,-0.01375,403200,1276632000
05/30/2012,ProShares Ultra S&P500,SSO,3.18,3.271875,-2.80802,-0.091875,403200,1282176000
05/29/2012,ProShares Ultra S&P500,SSO,3.271875,3.200625,2.22613,0.07125,403200,1319220000
05/25/2012,ProShares Ultra S&P500,SSO,3.200625,3.214375,-0.42777,-0.01375,403200,1290492000
05/24/2012,ProShares Ultra S&P500,SSO,3.214375,3.205,0.29251,0.009375,410400,1319179500
05/23/2012,ProShares Ultra S&P500,SSO,3.205,3.19375,0.35225,0.01125,410400,1315332000
05/22/2012,ProShares Ultra S&P500,SSO,3.19375,3.190625,0.09794,0.003125,410400,1310715000
05/21/2012,ProShares Ultra S&P500,SSO,3.190625,3.091875,3.19385,0.09875,403200,1286460000
05/18/2012,ProShares Ultra S&P500,SSO,3.091875,3.138125,-1.47381,-0.04625,403200,1246644000
05/17/2012,ProShares Ultra S&P500,SSO,3.138125,3.235,-2.99459,-0.096875,398400,1250229000
05/16/2012,ProShares Ultra S&P500,SSO,3.235,3.261875,-0.82391,-0.026875,382800,1238358000
05/15/2012,ProShares Ultra S&P500,SSO,3.261875,3.29875,-1.11785,-0.036875,375600,1225160250
05/14/2012,ProShares Ultra S&P500,SSO,3.29875,3.373125,-2.20493,-0.074375,370800,1223176500
05/11/2012,ProShares Ultra S&P500,SSO,3.373125,3.395625,-0.66262,-0.0225,370800,1250754750
05/10/2012,ProShares Ultra S&P500,SSO,3.395625,3.376875,0.55525,0.01875,373200,1267247250
05/09/2012,ProShares Ultra S&P500,SSO,3.376875,3.420625,-1.27901,-0.04375,366000,1235936250
05/08/2012,ProShares Ultra S&P500,SSO,3.420625,3.449375,-0.83348,-0.02875,366000,1251948750
05/07/2012,ProShares Ultra S&P500,SSO,3.449375,3.446875,0.07253,0.0025,360000,1241775000
05/04/2012,ProShares Ultra S&P500,SSO,3.446875,3.5625,-3.24561,-0.115625,360000,1240875000
05/03/2012,ProShares Ultra S&P500,SSO,3.5625,3.616875,-1.50337,-0.054375,360000,1282500000
05/02/2012,ProShares Ultra S&P500,SSO,3.616875,3.634375,-0.48151,-0.0175,369600,1336797000
05/01/2012,ProShares Ultra S&P500,SSO,3.634375,3.59375,1.13043,0.040625,399600,1452296250
04/30/2012,ProShares Ultra S&P500,SSO,3.59375,3.621875,-0.77653,-0.028125,429600,1543875000
04/27/2012,ProShares Ultra S&P500,SSO,3.621875,3.605,0.46810,0.016875,429600,1555957500
04/26/2012,ProShares Ultra S&P500,SSO,3.605,3.556875,1.35301,0.048125,432000,1557360000
04/25/2012,ProShares Ultra S&P500,SSO,3.556875,3.461875,2.74418,0.095,432000,1536570000
04/24/2012,ProShares Ultra S&P500,SSO,3.461875,3.43625,0.74573,0.025625,446400,1545381000
04/23/2012,ProShares Ultra S&P500,SSO,3.43625,3.495625,-1.69855,-0.059375,450000,1546312500
04/20/2012,ProShares Ultra S&P500,SSO,3.495625,3.486875,0.25094,0.00875,450000,1573031250
04/19/2012,ProShares Ultra S&P500,SSO,3.486875,3.52875,-1.18668,-0.041875,457200,1594199250
04/18/2012,ProShares Ultra S&P500,SSO,3.52875,3.5575,-0.80815,-0.02875,459600,1621813500
04/17/2012,ProShares Ultra S&P500,SSO,3.5575,3.45125,3.07859,0.10625,464400,1652103000
04/16/2012,ProShares Ultra S&P500,SSO,3.45125,3.455,-0.10854,-0.00375,464400,1602760500
04/13/2012,ProShares Ultra S&P500,SSO,3.455,3.543125,-2.48721,-0.088125,464400,1604502000
04/12/2012,ProShares Ultra S&P500,SSO,3.543125,3.448125,2.75512,0.095,464400,1645427250
04/11/2012,ProShares Ultra S&P500,SSO,3.448125,3.396875,1.50874,0.05125,464400,1601309250
04/10/2012,ProShares Ultra S&P500,SSO,3.396875,3.516875,-3.41212,-0.12,464400,1577508750
04/09/2012,ProShares Ultra S&P500,SSO,3.516875,3.59875,-2.27510,-0.081875,464400,1633236750
04/05/2012,ProShares Ultra S&P500,SSO,3.59875,3.60125,-0.06942,-0.0025,464400,1671259500
04/04/2012,ProShares Ultra S&P500,SSO,3.60125,3.67625,-2.04012,-0.075,464400,1672420500
04/03/2012,ProShares Ultra S&P500,SSO,3.67625,3.70375,-0.74249,-0.0275,464400,1707250500
04/02/2012,ProShares Ultra S&P500,SSO,3.70375,3.649375,1.48998,0.054375,472800,1751133000
03/30/2012,ProShares Ultra S&P500,SSO,3.649375,3.6225,0.74189,0.026875,472800,1725424500
03/29/2012,ProShares Ultra S&P500,SSO,3.6225,3.634375,-0.32674,-0.011875,477600,1730106000
03/28/2012,ProShares Ultra S&P500,SSO,3.634375,3.66875,-0.93697,-0.034375,477600,1735777500
03/27/2012,ProShares Ultra S&P500,SSO,3.66875,3.689375,-0.55904,-0.020625,477600,1752195000
03/26/2012,ProShares Ultra S&P500,SSO,3.689375,3.59,2.76811,0.099375,477600,1762045500
03/23/2012,ProShares Ultra S&P500,SSO,3.59,3.5675,0.63069,0.0225,477600,1714584000
03/22/2012,ProShares Ultra S&P500,SSO,3.5675,3.619375,-1.43326,-0.051875,477600,1703838000
03/21/2012,ProShares Ultra S&P500,SSO,3.619375,3.641875,-0.61781,-0.0225,475200,1719927000
03/20/2012,ProShares Ultra S&P500,SSO,3.641875,3.66375,-0.59707,-0.021875,475200,1730619000
03/19/2012,ProShares Ultra S&P500,SSO,3.66375,3.635,0.79092,0.02875,468000,1714635000
03/16/2012,ProShares Ultra S&P500,SSO,3.635,3.626875,0.22402,0.008125,468000,1701180000
03/15/2012,ProShares Ultra S&P500,SSO,3.626875,3.584375,1.18570,0.0425,475200,1723491000
03/14/2012,ProShares Ultra S&P500,SSO,3.584375,3.593125,-0.24352,-0.00875,475200,1703295000
03/13/2012,ProShares Ultra S&P500,SSO,3.593125,3.465,3.69769,0.128125,475200,1707453000
03/12/2012,ProShares Ultra S&P500,SSO,3.465,3.46375,0.03609,0.00125,475200,1646568000
03/09/2012,ProShares Ultra S&P500,SSO,3.46375,3.43875,0.72701,0.025,475200,1645974000
03/08/2012,ProShares Ultra S&P500,SSO,3.43875,3.371875,1.98332,0.066875,475200,1634094000
03/07/2012,ProShares Ultra S&P500,SSO,3.371875,3.324375,1.42884,0.0475,475200,1602315000
03/06/2012,ProShares Ultra S&P500,SSO,3.324375,3.429375,-3.06178,-0.105,475200,1579743000
03/05/2012,ProShares Ultra S&P500,SSO,3.429375,3.45625,-0.77758,-0.026875,475200,1629639000
03/02/2012,ProShares Ultra S&P500,SSO,3.45625,3.47875,-0.64678,-0.0225,463200,1600935000
03/01/2012,ProShares Ultra S&P500,SSO,3.47875,3.43625,1.23681,0.0425,447600,1557088500
02/29/2012,ProShares Ultra S&P500,SSO,3.43625,3.468125,-0.91908,-0.031875,427200,1467966000
02/28/2012,ProShares Ultra S&P500,SSO,3.468125,3.444375,0.68953,0.02375,427200,1481583000
02/27/2012,ProShares Ultra S&P500,SSO,3.444375,3.434375,0.29117,0.01,428400,1475570250
02/24/2012,ProShares Ultra S&P500,SSO,3.434375,3.4225,0.34697,0.011875,428400,1471286250
02/23/2012,ProShares Ultra S&P500,SSO,3.4225,3.391875,0.90289,0.030625,434400,1486734000
02/22/2012,ProShares Ultra S&P500,SSO,3.391875,3.415,-0.67716,-0.023125,434400,1473430500
02/21/2012,ProShares Ultra S&P500,SSO,3.415,3.41,0.14663,0.005,428400,1462986000
02/17/2012,ProShares Ultra S&P500,SSO,3.41,3.394375,0.46032,0.015625,428400,1460844000
02/16/2012,ProShares Ultra S&P500,SSO,3.394375,3.32,2.24021,0.074375,434400,1474516500
02/15/2012,ProShares Ultra S&P500,SSO,3.32,3.35375,-1.00634,-0.03375,439200,1458144000
02/14/2012,ProShares Ultra S&P500,SSO,3.35375,3.359375,-0.16744,-0.005625,439200,1472967000
02/13/2012,ProShares Ultra S&P500,SSO,3.359375,3.313125,1.39596,0.04625,439200,1475437500
02/10/2012,ProShares Ultra S&P500,SSO,3.313125,3.359375,-1.37674,-0.04625,444000,1471027500
02/09/2012,ProShares Ultra S&P500,SSO,3.359375,3.35,0.27985,0.009375,448800,1507687500
02/08/2012,ProShares Ultra S&P500,SSO,3.35,3.333125,0.50628,0.016875,448800,1503480000
02/07/2012,ProShares Ultra S&P500,SSO,3.333125,3.319375,0.41423,0.01375,454800,1515905250
02/06/2012,ProShares Ultra S&P500,SSO,3.319375,3.3225,-0.09406,-0.003125,460800,1529568000
02/03/2012,ProShares Ultra S&P500,SSO,3.3225,3.2275,2.94345,0.095,470400,1562904000
02/02/2012,ProShares Ultra S&P500,SSO,3.2275,3.22,0.23292,0.0075,488400,1576311000
02/01/2012,ProShares Ultra S&P500,SSO,3.22,3.1625,1.81818,0.0575,504000,1622880000
01/31/2012,ProShares Ultra S&P500,SSO,3.1625,3.165625,-0.09872,-0.003125,528000,1669800000
01/30/2012,ProShares Ultra S&P500,SSO,3.165625,3.181875,-0.51071,-0.01625,523200,1656255000
01/27/2012,ProShares Ultra S&P500,SSO,3.181875,3.191875,-0.31330,-0.01,523200,1664757000
01/26/2012,ProShares Ultra S&P500,SSO,3.191875,3.22875,-1.14208,-0.036875,522000,1666158750
01/25/2012,ProShares Ultra S&P500,SSO,3.22875,3.17375,1.73297,0.055,522000,1685407500
01/24/2012,ProShares Ultra S&P500,SSO,3.17375,3.18,-0.19654,-0.00625,522000,1656697500
01/23/2012,ProShares Ultra S&P500,SSO,3.18,3.1775,0.07868,0.0025,523200,1663776000
01/20/2012,ProShares Ultra S&P500,SSO,3.1775,3.173125,0.13788,0.004375,528000,1677720000
01/19/2012,ProShares Ultra S&P500,SSO,3.173125,3.141875,0.99463,0.03125,544800,1728718500
01/18/2012,ProShares Ultra S&P500,SSO,3.141875,3.0725,2.25793,0.069375,544800,1711693500
01/17/2012,ProShares Ultra S&P500,SSO,3.0725,3.051875,0.67581,0.020625,559200,1718142000
01/13/2012,ProShares Ultra S&P500,SSO,3.051875,3.081875,-0.97343,-0.03,559200,1706608500
01/12/2012,ProShares Ultra S&P500,SSO,3.081875,3.068125,0.44816,0.01375,579600,1786254750
01/11/2012,ProShares Ultra S&P500,SSO,3.068125,3.065,0.10196,0.003125,579600,1778285250
01/10/2012,ProShares Ultra S&P500,SSO,3.065,3.011875,1.76385,0.053125,579600,1776474000
01/09/2012,ProShares Ultra S&P500,SSO,3.011875,2.99875,0.43768,0.013125,579600,1745682750
01/06/2012,ProShares Ultra S&P500,SSO,2.99875,3.011875,-0.43578,-0.013125,579600,1738075500
01/05/2012,ProShares Ultra S&P500,SSO,3.011875,2.994375,0.58443,0.0175,566400,1705926000
01/04/2012,ProShares Ultra S&P500,SSO,2.994375,2.991875,0.08356,0.0025,566400,1696014000
01/03/2012,ProShares Ultra S&P500,SSO,2.991875,2.901875,3.10144,0.09,561600,1680237000
12/30/2011,ProShares Ultra S&P500,SSO,2.901875,2.926875,-0.85415,-0.025,561600,1629693000
12/29/2011,ProShares Ultra S&P500,SSO,2.926875,2.86625,2.11513,0.060625,570000,1668318750
12/28/2011,ProShares Ultra S&P500,SSO,2.86625,2.938125,-2.44629,-0.071875,580800,1664718000
12/27/2011,ProShares Ultra S&P500,SSO,2.938125,2.9375,0.02128,0.000625,580800,1706463000
12/23/2011,ProShares Ultra S&P500,SSO,2.9375,2.88625,1.77566,0.05125,580800,1706100000
12/22/2011,ProShares Ultra S&P500,SSO,2.88625,2.8375,1.71806,0.04875,574800,1659016500
12/21/2011,ProShares Ultra S&P500,SSO,2.8375,2.826875,0.37586,0.010625,574800,1630995000
12/20/2011,ProShares Ultra S&P500,SSO,2.826875,2.666875,5.99953,0.16,566400,1601142000
12/19/2011,ProShares Ultra S&P500,SSO,2.666875,2.730625,-2.33463,-0.06375,559200,1491316500
12/16/2011,ProShares Ultra S&P500,SSO,2.730625,2.71375,0.62183,0.016875,554400,1513858500
12/15/2011,ProShares Ultra S&P500,SSO,2.71375,2.69625,0.64905,0.0175,554400,1504503000
12/14/2011,ProShares Ultra S&P500,SSO,2.69625,2.758125,-2.24337,-0.061875,536400,1446268500
12/13/2011,ProShares Ultra S&P500,SSO,2.758125,2.80625,-1.71492,-0.048125,536400,1479458250
12/12/2011,ProShares Ultra S&P500,SSO,2.80625,2.8925,-2.98185,-0.08625,536400,1505272500
12/09/2011,ProShares Ultra S&P500,SSO,2.8925,2.798125,3.37279,0.094375,536400,1551537000
12/08/2011,ProShares Ultra S&P500,SSO,2.798125,2.921875,-4.23529,-0.12375,536400,1500914250
12/07/2011,ProShares Ultra S&P500,SSO,2.921875,2.908125,0.47281,0.01375,536400,1567293750
12/06/2011,ProShares Ultra S&P500,SSO,2.908125,2.901875,0.21538,0.00625,536400,1559918250
12/05/2011,ProShares Ultra S&P500,SSO,2.901875,2.843125,2.06639,0.05875,536400,1556565750
12/02/2011,ProShares Ultra S&P500,SSO,2.843125,2.845,-0.06591,-0.001875,549600,1562581500
12/01/2011,ProShares Ultra S&P500,SSO,2.845,2.855625,-0.37207,-0.010625,555600,1580682000
11/30/2011,ProShares Ultra S&P500,SSO,2.855625,2.6275,8.68221,0.228125,555600,1586585250
11/29/2011,ProShares Ultra S&P500,SSO,2.6275,2.614375,0.50203,0.013125,574800,1510287000
11/28/2011,ProShares Ultra S&P500,SSO,2.614375,2.469375,5.87193,0.145,564000,1474507500
11/25/2011,ProShares Ultra S&P500,SSO,2.469375,2.481875,-0.50365,-0.0125,564000,1392727500
11/23/2011,ProShares Ultra S&P500,SSO,2.481875,2.59625,-4.40539,-0.114375,564000,1399777500
11/22/2011,ProShares Ultra S&P500,SSO,2.59625,2.618125,-0.83552,-0.021875,553200,1436245500
11/21/2011,ProShares Ultra S&P500,SSO,2.618125,2.719375,-3.72328,-0.10125,553200,1448346750
11/18/2011,ProShares Ultra S&P500,SSO,2.719375,2.721875,-0.09185,-0.0025,532800,1448883000
11/17/2011,ProShares Ultra S&P500,SSO,2.721875,2.81625,-3.35109,-0.094375,532800,1450215000
11/16/2011,ProShares Ultra S&P500,SSO,2.81625,2.91125,-3.26320,-0.095,523200,1473462000
11/15/2011,ProShares Ultra S&P500,SSO,2.91125,2.8825,0.99740,0.02875,523200,1523166000
11/14/2011,ProShares Ultra S&P500,SSO,2.8825,2.93875,-1.91408,-0.05625,523200,1508124000
11/11/2011,ProShares Ultra S&P500,SSO,2.93875,2.828125,3.91160,0.110625,523200,1537554000
11/10/2011,ProShares Ultra S&P500,SSO,2.828125,2.779375,1.75399,0.04875,530400,1500037500
11/09/2011,ProShares Ultra S&P500,SSO,2.779375,2.999375,-7.33486,-0.22,530400,1474180500
11/08/2011,ProShares Ultra S&P500,SSO,2.999375,2.9275,2.45517,0.071875,524400,1572872250
11/07/2011,ProShares Ultra S&P500,SSO,2.9275,2.890625,1.27568,0.036875,524400,1535181000
11/04/2011,ProShares Ultra S&P500,SSO,2.890625,2.9275,-1.25961,-0.036875,529200,1529718750
11/03/2011,ProShares Ultra S&P500,SSO,2.9275,2.820625,3.78905,0.106875,529200,1549233000
11/02/2011,ProShares Ultra S&P500,SSO,2.820625,2.731875,3.24868,0.08875,528000,1489290000
11/01/2011,ProShares Ultra S&P500,SSO,2.731875,2.89375,-5.59395,-0.161875,528000,1442430000
10/31/2011,ProShares Ultra S&P500,SSO,2.89375,3.045,-4.96716,-0.15125,530400,1534845000
10/28/2011,ProShares Ultra S&P500,SSO,3.045,3.0425,0.08217,0.0025,541200,1647954000
10/27/2011,ProShares Ultra S&P500,SSO,3.0425,2.846875,6.87157,0.195625,550800,1675809000
10/26/2011,ProShares Ultra S&P500,SSO,2.846875,2.78875,2.08427,0.058125,546000,1554393750
10/25/2011,ProShares Ultra S&P500,SSO,2.78875,2.904375,-3.98106,-0.115625,535200,1492539000
10/24/2011,ProShares Ultra S&P500,SSO,2.904375,2.831875,2.56014,0.0725,535200,1554421500
10/21/2011,ProShares Ultra S&P500,SSO,2.831875,2.729375,3.75544,0.1025,534000,1512221250
10/20/2011,ProShares Ultra S&P500,SSO,2.729375,2.704375,0.92443,0.025,542400,1480413000
10/19/2011,ProShares Ultra S&P500,SSO,2.704375,2.77375,-2.50113,-0.069375,542400,1466853000
10/18/2011,ProShares Ultra S&P500,SSO,2.77375,2.665625,4.05627,0.108125,542400,1504482000
10/17/2011,ProShares Ultra S&P500,SSO,2.665625,2.773125,-3.87649,-0.1075,547200,1458630000
10/14/2011,ProShares Ultra S&P500,SSO,2.773125,2.68,3.47481,0.093125,548400,1520781750
10/13/2011,ProShares Ultra S&P500,SSO,2.68,2.695,-0.55659,-0.015,546000,1463280000
10/12/2011,ProShares Ultra S&P500,SSO,2.695,2.643125,1.96264,0.051875,552000,1487640000
10/11/2011,ProShares Ultra S&P500,SSO,2.643125,2.64,0.11837,0.003125,560400,1481207250
10/10/2011,ProShares Ultra S&P500,SSO,2.64,2.471875,6.80152,0.168125,570000,1504800000
10/07/2011,ProShares Ultra S&P500,SSO,2.471875,2.511875,-1.59244,-0.04,577200,1426766250
10/06/2011,ProShares Ultra S&P500,SSO,2.511875,2.423125,3.66263,0.08875,594000,1492053750
10/05/2011,ProShares Ultra S&P500,SSO,2.423125,2.3375,3.66310,0.085625,607200,1471321500
10/04/2011,ProShares Ultra S&P500,SSO,2.3375,2.23625,4.52767,0.10125,614400,1436160000
10/03/2011,ProShares Ultra S&P500,SSO,2.23625,2.37125,-5.69320,-0.135,596400,1333699500
09/30/2011,ProShares Ultra S&P500,SSO,2.37125,2.49625,-5.00751,-0.125,582000,1380067500
09/29/2011,ProShares Ultra S&P500,SSO,2.49625,2.45625,1.62850,0.04,578400,1443831000
09/28/2011,ProShares Ultra S&P500,SSO,2.45625,2.56125,-4.09956,-0.105,578400,1420695000
09/27/2011,ProShares Ultra S&P500,SSO,2.56125,2.5075,2.14357,0.05375,585600,1499868000
09/26/2011,ProShares Ultra S&P500,SSO,2.5075,2.395625,4.66997,0.111875,610800,1531581000
09/23/2011,ProShares Ultra S&P500,SSO,2.395625,2.36625,1.24142,0.029375,610800,1463247750
09/22/2011,ProShares Ultra S&P500,SSO,2.36625,2.5275,-6.37982,-0.16125,591600,1399873500
09/21/2011,ProShares Ultra S&P500,SSO,2.5275,2.69125,-6.08453,-0.16375,585600,1480104000
09/20/2011,ProShares Ultra S&P500,SSO,2.69125,2.7,-0.32407,-0.00875,585600,1575996000
09/19/2011,ProShares Ultra S&P500,SSO,2.7,2.754375,-1.97413,-0.054375,585600,1581120000
09/16/2011,ProShares Ultra S&P500,SSO,2.754375,2.723125,1.14758,0.03125,585600,1612962000
09/15/2011,ProShares Ultra S&P500,SSO,2.723125,2.631875,3.46711,0.09125,592800,1614268500
09/14/2011,ProShares Ultra S&P500,SSO,2.631875,2.5625,2.70732,0.069375,592800,1560175500
09/13/2011,ProShares Ultra S&P500,SSO,2.5625,2.515,1.88867,0.0475,603600,1546725000
09/12/2011,ProShares Ultra S&P500,SSO,2.515,2.480625,1.38574,0.034375,598800,1505982000
09/09/2011,ProShares Ultra S&P500,SSO,2.480625,2.620625,-5.34224,-0.14,594000,1473491250
09/08/2011,ProShares Ultra S&P500,SSO,2.620625,2.6775,-2.12418,-0.056875,594000,1556651250
09/07/2011,ProShares Ultra S&P500,SSO,2.6775,2.53125,5.77778,0.14625,600000,1606500000
09/06/2011,ProShares Ultra S&P500,SSO,2.53125,2.569375,-1.48382,-0.038125,600000,1518750000
09/02/2011,ProShares Ultra S&P500,SSO,2.569375,2.70625,-5.05774,-0.136875,600000,1541625000
09/01/2011,ProShares Ultra S&P500,SSO,2.70625,2.771875,-2.36753,-0.065625,603600,1633492500
08/31/2011,ProShares Ultra S&P500,SSO,2.771875,2.744375,1.00205,0.0275,615600,1706366250
08/30/2011,ProShares Ultra S&P500,SSO,2.744375,2.73,0.52656,0.014375,622800,1709196750
08/29/2011,ProShares Ultra S&P500,SSO,2.73,2.58375,5.66038,0.14625,621600,1696968000
08/26/2011,ProShares Ultra S&P500,SSO,2.58375,2.5075,3.04088,0.07625,628800,1624662000
08/25/2011,ProShares Ultra S&P500,SSO,2.5075,2.5875,-3.09179,-0.08,646800,1621851000
08/24/2011,ProShares Ultra S&P500,SSO,2.5875,2.520625,2.65311,0.066875,668400,1729485000
08/23/2011,ProShares Ultra S&P500,SSO,2.520625,2.359375,6.83444,0.16125,668400,1684785750
08/22/2011,ProShares Ultra S&P500,SSO,2.359375,2.358125,0.05301,0.00125,654000,1543031250
08/19/2011,ProShares Ultra S&P500,SSO,2.358125,2.43125,-3.00771,-0.073125,654000,1542213750
08/18/2011,ProShares Ultra S&P500,SSO,2.43125,2.66875,-8.89930,-0.2375,652800,1587120000
08/17/2011,ProShares Ultra S&P500,SSO,2.66875,2.6625,0.23474,0.00625,651600,1738957500
08/16/2011,ProShares Ultra S&P500,SSO,2.6625,2.714375,-1.91112,-0.051875,655200,1744470000
08/15/2011,ProShares Ultra S&P500,SSO,2.714375,2.60125,4.34887,0.113125,661200,1794744750
08/12/2011,ProShares Ultra S&P500,SSO,2.60125,2.57375,1.06848,0.0275,679200,1766769000
08/11/2011,ProShares Ultra S&P500,SSO,2.57375,2.355,9.28875,0.21875,704400,1812949500
08/10/2011,ProShares Ultra S&P500,SSO,2.355,2.58125,-8.76513,-0.22625,704400,1658862000
08/09/2011,ProShares Ultra S&P500,SSO,2.58125,2.358125,9.46197,0.223125,693600,1790355000
08/08/2011,ProShares Ultra S&P500,SSO,2.358125,2.719375,-13.28430,-0.36125,674400,1590319500
08/05/2011,ProShares Ultra S&P500,SSO,2.719375,2.723125,-0.13771,-0.00375,626400,1703416500
08/04/2011,ProShares Ultra S&P500,SSO,2.723125,3.010625,-9.54951,-0.2875,606000,1650213750
08/03/2011,ProShares Ultra S&P500,SSO,3.010625,2.97875,1.07008,0.031875,572400,1723281750
08/02/2011,ProShares Ultra S&P500,SSO,2.97875,3.139375,-5.11646,-0.160625,562800,1676440500
08/01/2011,ProShares Ultra S&P500,SSO,3.139375,3.16625,-0.84880,-0.026875,562800,1766840250
07/29/2011,ProShares Ultra S&P500,SSO,3.16625,3.208125,-1.30528,-0.041875,524400,1660381500
07/28/2011,ProShares Ultra S&P500,SSO,3.208125,3.228125,-0.61955,-0.02,524400,1682340750
07/27/2011,ProShares Ultra S&P500,SSO,3.228125,3.365,-4.06761,-0.136875,507600,1638596250
07/26/2011,ProShares Ultra S&P500,SSO,3.365,3.3925,-0.81061,-0.0275,496800,1671732000
07/25/2011,ProShares Ultra S&P500,SSO,3.3925,3.43125,-1.12933,-0.03875,496800,1685394000
07/22/2011,ProShares Ultra S&P500,SSO,3.43125,3.425625,0.16420,0.005625,496800,1704645000
07/21/2011,ProShares Ultra S&P500,SSO,3.425625,3.334375,2.73664,0.09125,496800,1701850500
07/20/2011,ProShares Ultra S&P500,SSO,3.334375,3.338125,-0.11234,-0.00375,496800,1656517500
07/19/2011,ProShares Ultra S&P500,SSO,3.338125,3.2325,3.26759,0.105625,496800,1658380500
07/18/2011,ProShares Ultra S&P500,SSO,3.2325,3.28625,-1.63560,-0.05375,501600,1621422000
07/15/2011,ProShares Ultra S&P500,SSO,3.28625,3.250625,1.09594,0.035625,492000,1616835000
07/14/2011,ProShares Ultra S&P500,SSO,3.250625,3.294375,-1.32802,-0.04375,484800,1575903000
07/13/2011,ProShares Ultra S&P500,SSO,3.294375,3.27375,0.63001,0.020625,484800,1597113000
07/12/2011,ProShares Ultra S&P500,SSO,3.27375,3.303125,-0.88931,-0.029375,484800,1587114000
07/11/2011,ProShares Ultra S&P500,SSO,3.303125,3.4275,-3.62874,-0.124375,480000,1585500000
07/08/2011,ProShares Ultra S&P500,SSO,3.4275,3.47625,-1.40237,-0.04875,472800,1620522000
07/07/2011,ProShares Ultra S&P500,SSO,3.47625,3.404375,2.11125,0.071875,472800,1643571000
07/06/2011,ProShares Ultra S&P500,SSO,3.404375,3.395625,0.25768,0.00875,476400,1621844250
07/05/2011,ProShares Ultra S&P500,SSO,3.395625,3.404375,-0.25702,-0.00875,476400,1617675750
07/01/2011,ProShares Ultra S&P500,SSO,3.404375,3.308125,2.90950,0.09625,481200,1638185250
06/30/2011,ProShares Ultra S&P500,SSO,3.308125,3.243125,2.00424,0.065,494400,1635537000
06/29/2011,ProShares Ultra S&P500,SSO,3.243125,3.189375,1.68528,0.05375,508800,1650102000
06/28/2011,ProShares Ultra S&P500,SSO,3.189375,3.1075,2.63475,0.081875,518400,1653372000
06/27/2011,ProShares Ultra S&P500,SSO,3.1075,3.051875,1.82265,0.055625,526800,1637031000
06/24/2011,ProShares Ultra S&P500,SSO,3.051875,3.125625,-2.35953,-0.07375,512400,1563780750
06/23/2011,ProShares Ultra S&P500,SSO,3.125625,3.143125,-0.55677,-0.0175,498000,1556561250
06/22/2011,ProShares Ultra S&P500,SSO,3.143125,3.186875,-1.37282,-0.04375,492000,1546417500
06/21/2011,ProShares Ultra S&P500,SSO,3.186875,3.103125,2.69889,0.08375,492000,1567942500
06/20/2011,ProShares Ultra S&P500,SSO,3.103125,3.07,1.07899,0.033125,492000,1526737500
06/17/2011,ProShares Ultra S&P500,SSO,3.07,3.05125,0.61450,0.01875,492000,1510440000
06/16/2011,ProShares Ultra S&P500,SSO,3.05125,3.04,0.37007,0.01125,492000,1501215000
06/15/2011,ProShares Ultra S&P500,SSO,3.04,3.15,-3.49206,-0.11,487200,1481088000
06/14/2011,ProShares Ultra S&P500,SSO,3.15,3.071875,2.54323,0.078125,477600,1504440000
06/13/2011,ProShares Ultra S&P500,SSO,3.071875,3.06625,0.18345,0.005625,477600,1467127500
06/10/2011,ProShares Ultra S&P500,SSO,3.06625,3.154375,-2.79374,-0.088125,477600,1464441000
06/09/2011,ProShares Ultra S&P500,SSO,3.154375,3.10875,1.46763,0.045625,482400,1521670500
06/08/2011,ProShares Ultra S&P500,SSO,3.10875,3.13375,-0.79777,-0.025,482400,1499661000
06/07/2011,ProShares Ultra S&P500,SSO,3.13375,3.139375,-0.17918,-0.005625,482400,1511721000
06/06/2011,ProShares Ultra S&P500,SSO,3.139375,3.20875,-2.16206,-0.069375,476400,1495598250
06/03/2011,ProShares Ultra S&P500,SSO,3.20875,3.2725,-1.94805,-0.06375,476400,1528648500
06/02/2011,ProShares Ultra S&P500,SSO,3.2725,3.28,-0.22866,-0.0075,476400,1559019000
06/01/2011,ProShares Ultra S&P500,SSO,3.28,3.43625,-4.54711,-0.15625,483600,1586208000
05/31/2011,ProShares Ultra S&P500,SSO,3.43625,3.365,2.11738,0.07125,483600,1661770500
05/27/2011,ProShares Ultra S&P500,SSO,3.365,3.336875,0.84285,0.028125,488400,1643466000
05/26/2011,ProShares Ultra S&P500,SSO,3.336875,3.30875,0.85002,0.028125,498000,1661763750
05/25/2011,ProShares Ultra S&P500,SSO,3.30875,3.288125,0.62726,0.020625,498000,1647757500
05/24/2011,ProShares Ultra S&P500,SSO,3.288125,3.293125,-0.15183,-0.005,492000,1617757500
05/23/2011,ProShares Ultra S&P500,SSO,3.293125,3.374375,-2.40785,-0.08125,486000,1600458750
05/20/2011,ProShares Ultra S&P500,SSO,3.374375,3.426875,-1.53201,-0.0525,486000,1639946250
05/19/2011,ProShares Ultra S&P500,SSO,3.426875,3.411875,0.43964,0.015,486000,1665461250
05/18/2011,ProShares Ultra S&P500,SSO,3.411875,3.351875,1.79004,0.06,486000,1658171250
05/17/2011,ProShares Ultra S&P500,SSO,3.351875,3.3525,-0.01864,-0.000625,486000,1629011250
05/16/2011,ProShares Ultra S&P500,SSO,3.3525,3.394375,-1.23366,-0.041875,486000,1629315000
05/13/2011,ProShares Ultra S&P500,SSO,3.394375,3.45,-1.61232,-0.055625,486000,1649666250
05/12/2011,ProShares Ultra S&P500,SSO,3.45,3.415625,1.00640,0.034375,486000,1676700000
05/11/2011,ProShares Ultra S&P500,SSO,3.415625,3.49,-2.13109,-0.074375,480000,1639500000
05/10/2011,ProShares Ultra S&P500,SSO,3.49,3.434375,1.61965,0.055625,480000,1675200000
05/09/2011,ProShares Ultra S&P500,SSO,3.434375,3.40375,0.89974,0.030625,480000,1648500000
05/06/2011,ProShares Ultra S&P500,SSO,3.40375,3.376875,0.79585,0.026875,480000,1633800000
05/05/2011,ProShares Ultra S&P500,SSO,3.376875,3.439375,-1.81719,-0.0625,484800,1637109000
05/04/2011,ProShares Ultra S&P500,SSO,3.439375,3.48625,-1.34457,-0.046875,504000,1733445000
05/03/2011,ProShares Ultra S&P500,SSO,3.48625,3.51,-0.67664,-0.02375,513600,1790538000
05/02/2011,ProShares Ultra S&P500,SSO,3.51,3.5225,-0.35486,-0.0125,513600,1802736000
04/29/2011,ProShares Ultra S&P500,SSO,3.5225,3.50625,0.46346,0.01625,513600,1809156000
04/28/2011,ProShares Ultra S&P500,SSO,3.50625,3.48125,0.71813,0.025,517200,1813432500
04/27/2011,ProShares Ultra S&P500,SSO,3.48125,3.4375,1.27273,0.04375,517200,1800502500
04/26/2011,ProShares Ultra S&P500,SSO,3.4375,3.376875,1.79530,0.060625,517200,1777875000
04/25/2011,ProShares Ultra S&P500,SSO,3.376875,3.388125,-0.33204,-0.01125,517200,1746519750
04/21/2011,ProShares Ultra S&P500,SSO,3.388125,3.3525,1.06264,0.035625,517200,1752338250
04/20/2011,ProShares Ultra S&P500,SSO,3.3525,3.264375,2.69960,0.088125,524400,1758051000
04/19/2011,ProShares Ultra S&P500,SSO,3.264375,3.2275,1.14253,0.036875,532800,1739259000
04/18/2011,ProShares Ultra S&P500,SSO,3.2275,3.300625,-2.21549,-0.073125,532800,1719612000
04/15/2011,ProShares Ultra S&P500,SSO,3.300625,3.275,0.78244,0.025625,532800,1758573000
04/14/2011,ProShares Ultra S&P500,SSO,3.275,3.274375,0.01909,0.000625,532800,1744920000
04/13/2011,ProShares Ultra S&P500,SSO,3.274375,3.2725,0.05730,0.001875,538800,1764233250
04/12/2011,ProShares Ultra S&P500,SSO,3.2725,3.324375,-1.56044,-0.051875,538800,1763223000
04/11/2011,ProShares Ultra S&P500,SSO,3.324375,3.343125,-0.56085,-0.01875,538800,1791173250
04/08/2011,ProShares Ultra S&P500,SSO,3.343125,3.37,-0.79748,-0.026875,538800,1801275750
04/07/2011,ProShares Ultra S&P500,SSO,3.37,3.380625,-0.31429,-0.010625,538800,1815756000
04/06/2011,ProShares Ultra S&P500,SSO,3.380625,3.363125,0.52035,0.0175,538800,1821480750
04/05/2011,ProShares Ultra S&P500,SSO,3.363125,3.364375,-0.03715,-0.00125,538800,1812051750
04/04/2011,ProShares Ultra S&P500,SSO,3.364375,3.36125,0.09297,0.003125,538800,1812725250
04/01/2011,ProShares Ultra S&P500,SSO,3.36125,3.32875,0.97634,0.0325,538800,1811041500
03/31/2011,ProShares Ultra S&P500,SSO,3.32875,3.340625,-0.35547,-0.011875,538800,1793530500
03/30/2011,ProShares Ultra S&P500,SSO,3.340625,3.29625,1.34623,0.044375,534000,1783893750
03/29/2011,ProShares Ultra S&P500,SSO,3.29625,3.249375,1.44259,0.046875,534000,1760197500
03/28/2011,ProShares Ultra S&P500,SSO,3.249375,3.2675,-0.55471,-0.018125,534000,1735166250
03/25/2011,ProShares Ultra S&P500,SSO,3.2675,3.246875,0.63523,0.020625,526800,1721319000
03/24/2011,ProShares Ultra S&P500,SSO,3.246875,3.1875,1.86275,0.059375,526800,1710453750
03/23/2011,ProShares Ultra S&P500,SSO,3.1875,3.176875,0.33445,0.010625,526800,1679175000
03/22/2011,ProShares Ultra S&P500,SSO,3.176875,3.19875,-0.68386,-0.021875,526800,1673577750
03/21/2011,ProShares Ultra S&P500,SSO,3.19875,3.10625,2.97787,0.0925,541200,1731163500
03/18/2011,ProShares Ultra S&P500,SSO,3.10625,3.08,0.85227,0.02625,546000,1696012500
03/17/2011,ProShares Ultra S&P500,SSO,3.08,2.999375,2.68806,0.080625,546000,1681680000
03/16/2011,ProShares Ultra S&P500,SSO,2.999375,3.12125,-3.90469,-0.121875,554400,1662853500
03/15/2011,ProShares Ultra S&P500,SSO,3.12125,3.1925,-2.23179,-0.07125,536400,1674238500
03/14/2011,ProShares Ultra S&P500,SSO,3.1925,3.231875,-1.21833,-0.039375,536400,1712457000
03/11/2011,ProShares Ultra S&P500,SSO,3.231875,3.185,1.47174,0.046875,536400,1733577750
03/10/2011,ProShares Ultra S&P500,SSO,3.185,3.31,-3.77644,-0.125,536400,1708434000
03/09/2011,ProShares Ultra S&P500,SSO,3.31,3.318125,-0.24487,-0.008125,536400,1775484000
03/08/2011,ProShares Ultra S&P500,SSO,3.318125,3.25875,1.82202,0.059375,536400,1779842250
03/07/2011,ProShares Ultra S&P500,SSO,3.25875,3.314375,-1.67830,-0.055625,536400,1747993500
03/04/2011,ProShares Ultra S&P500,SSO,3.314375,3.36375,-1.46786,-0.049375,536400,1777830750
03/03/2011,ProShares Ultra S&P500,SSO,3.36375,3.251875,3.44032,0.111875,536400,1804315500
03/02/2011,ProShares Ultra S&P500,SSO,3.251875,3.240625,0.34716,0.01125,536400,1744305750
03/01/2011,ProShares Ultra S&P500,SSO,3.240625,3.34625,-3.15652,-0.105625,536400,1738271250
02/28/2011,ProShares Ultra S&P500,SSO,3.34625,3.309375,1.11426,0.036875,514800,1722649500
02/25/2011,ProShares Ultra S&P500,SSO,3.309375,3.239375,2.16091,0.07,514800,1703666250
02/24/2011,ProShares Ultra S&P500,SSO,3.239375,3.244375,-0.15411,-0.005,514800,1667630250
02/23/2011,ProShares Ultra S&P500,SSO,3.244375,3.284375,-1.21789,-0.04,514800,1670204250
02/22/2011,ProShares Ultra S&P500,SSO,3.284375,3.425,-4.10584,-0.140625,514800,1690796250
02/18/2011,ProShares Ultra S&P500,SSO,3.425,3.411875,0.38469,0.013125,514800,1763190000
02/17/2011,ProShares Ultra S&P500,SSO,3.411875,3.390625,0.62673,0.02125,514800,1756433250
02/16/2011,ProShares Ultra S&P500,SSO,3.390625,3.348125,1.26937,0.0425,514800,1745493750
02/15/2011,ProShares Ultra S&P500,SSO,3.348125,3.36875,-0.61224,-0.020625,512400,1715579250
02/14/2011,ProShares Ultra S&P500,SSO,3.36875,3.351875,0.50345,0.016875,512400,1726147500
02/11/2011,ProShares Ultra S&P500,SSO,3.351875,3.314375,1.13144,0.0375,512400,1717500750
02/10/2011,ProShares Ultra S&P500,SSO,3.314375,3.309375,0.15109,0.005,512400,1698285750
02/09/2011,ProShares Ultra S&P500,SSO,3.309375,3.326875,-0.52602,-0.0175,512400,1695723750
02/08/2011,ProShares Ultra S&P500,SSO,3.326875,3.2975,0.89083,0.029375,512400,1704690750
02/07/2011,ProShares Ultra S&P500,SSO,3.2975,3.256875,1.24736,0.040625,512400,1689639000
02/04/2011,ProShares Ultra S&P500,SSO,3.256875,3.238125,0.57904,0.01875,512400,1668822750
02/03/2011,ProShares Ultra S&P500,SSO,3.238125,3.2225,0.48487,0.015625,512400,1659215250
02/02/2011,ProShares Ultra S&P500,SSO,3.2225,3.23875,-0.50174,-0.01625,512400,1651209000
02/01/2011,ProShares Ultra S&P500,SSO,3.23875,3.134375,3.33001,0.104375,508800,1647876000
01/31/2011,ProShares Ultra S&P500,SSO,3.134375,3.0875,1.51822,0.046875,508800,1594770000
01/28/2011,ProShares Ultra S&P500,SSO,3.0875,3.201875,-3.57213,-0.114375,508800,1570920000
01/27/2011,ProShares Ultra S&P500,SSO,3.201875,3.1875,0.45098,0.014375,508800,1629114000
01/26/2011,ProShares Ultra S&P500,SSO,3.1875,3.160625,0.85031,0.026875,517200,1648575000
01/25/2011,ProShares Ultra S&P500,SSO,3.160625,3.15875,0.05936,0.001875,517200,1634675250
01/24/2011,ProShares Ultra S&P500,SSO,3.15875,3.1225,1.16093,0.03625,517200,1633705500
01/21/2011,ProShares Ultra S&P500,SSO,3.1225,3.1075,0.48270,0.015,517200,1614957000
01/20/2011,ProShares Ultra S&P500,SSO,3.1075,3.115625,-0.26078,-0.008125,523200,1625844000
01/19/2011,ProShares Ultra S&P500,SSO,3.115625,3.179375,-2.00511,-0.06375,530400,1652527500
01/18/2011,ProShares Ultra S&P500,SSO,3.179375,3.170625,0.27597,0.00875,530400,1686340500
01/14/2011,ProShares Ultra S&P500,SSO,3.170625,3.124375,1.48030,0.04625,530400,1681699500
01/13/2011,ProShares Ultra S&P500,SSO,3.124375,3.135625,-0.35878,-0.01125,530400,1657168500
01/12/2011,ProShares Ultra S&P500,SSO,3.135625,3.079375,1.82667,0.05625,530400,1663135500
01/11/2011,ProShares Ultra S&P500,SSO,3.079375,3.056875,0.73605,0.0225,530400,1633300500
01/10/2011,ProShares Ultra S&P500,SSO,3.056875,3.065625,-0.28542,-0.00875,530400,1621366500
01/07/2011,ProShares Ultra S&P500,SSO,3.065625,3.076875,-0.36563,-0.01125,530400,1626007500
01/06/2011,ProShares Ultra S&P500,SSO,3.076875,3.088125,-0.36430,-0.01125,530400,1631974500
01/05/2011,ProShares Ultra S&P500,SSO,3.088125,3.056875,1.02229,0.03125,540000,1667587500
01/04/2011,ProShares Ultra S&P500,SSO,3.056875,3.064375,-0.24475,-0.0075,540000,1650712500
01/03/2011,ProShares Ultra S&P500,SSO,3.064375,2.996875,2.25235,0.0675,523200,1603281000
12/31/2010,ProShares Ultra S&P500,SSO,2.996875,2.998125,-0.04169,-0.00125,523200,1567965000
12/30/2010,ProShares Ultra S&P500,SSO,2.998125,3.0075,-0.31172,-0.009375,530400,1590205500
12/29/2010,ProShares Ultra S&P500,SSO,3.0075,3.000625,0.22912,0.006875,530400,1595178000
12/28/2010,ProShares Ultra S&P500,SSO,3.000625,2.995625,0.16691,0.005,530400,1591531500
12/27/2010,ProShares Ultra S&P500,SSO,2.995625,2.9925,0.10443,0.003125,530400,1588879500
12/23/2010,ProShares Ultra S&P500,SSO,2.9925,3.0025,-0.33306,-0.01,530400,1587222000
12/22/2010,ProShares Ultra S&P500,SSO,3.0025,2.981875,0.69168,0.020625,530400,1592526000
12/21/2010,ProShares Ultra S&P500,SSO,2.981875,2.945625,1.23064,0.03625,542400,1617369000
12/20/2010,ProShares Ultra S&P500,SSO,2.945625,2.930625,0.51184,0.015,542400,1597707000
12/17/2010,ProShares Ultra S&P500,SSO,2.930625,2.925625,0.17090,0.005,538800,1579020750
12/16/2010,ProShares Ultra S&P500,SSO,2.925625,2.89,1.23270,0.035625,538800,1576326750
12/15/2010,ProShares Ultra S&P500,SSO,2.89,2.92,-1.02740,-0.03,544800,1574472000
12/14/2010,ProShares Ultra S&P500,SSO,2.92,2.914375,0.19301,0.005625,540000,1576800000
12/13/2010,ProShares Ultra S&P500,SSO,2.914375,2.91375,0.02145,0.000625,540000,1573762500
12/10/2010,ProShares Ultra S&P500,SSO,2.91375,2.879375,1.19384,0.034375,540000,1573425000
12/09/2010,ProShares Ultra S&P500,SSO,2.879375,2.856875,0.78757,0.0225,543600,1565228250
12/08/2010,ProShares Ultra S&P500,SSO,2.856875,2.834375,0.79383,0.0225,543600,1552997250
12/07/2010,ProShares Ultra S&P500,SSO,2.834375,2.831875,0.08828,0.0025,543600,1540766250
12/06/2010,ProShares Ultra S&P500,SSO,2.831875,2.839375,-0.26414,-0.0075,543600,1539407250
12/03/2010,ProShares Ultra S&P500,SSO,2.839375,2.824375,0.53109,0.015,543600,1543484250
12/02/2010,ProShares Ultra S&P500,SSO,2.824375,2.75375,2.56468,0.070625,543600,1535330250
12/01/2010,ProShares Ultra S&P500,SSO,2.75375,2.63875,4.35812,0.115,543600,1496938500
11/30/2010,ProShares Ultra S&P500,SSO,2.63875,2.67125,-1.21666,-0.0325,552000,1456590000
11/29/2010,ProShares Ultra S&P500,SSO,2.67125,2.6775,-0.23343,-0.00625,546000,1458502500
11/26/2010,ProShares Ultra S&P500,SSO,2.6775,2.716875,-1.44928,-0.039375,537600,1439424000
11/24/2010,ProShares Ultra S&P500,SSO,2.716875,2.638125,2.98507,0.07875,537600,1460592000
11/23/2010,ProShares Ultra S&P500,SSO,2.638125,2.715625,-2.85386,-0.0775,537600,1418256000
11/22/2010,ProShares Ultra S&P500,SSO,2.715625,2.72375,-0.29830,-0.008125,526800,1430591250
11/19/2010,ProShares Ultra S&P500,SSO,2.72375,2.71,0.50738,0.01375,526800,1434871500
11/18/2010,ProShares Ultra S&P500,SSO,2.71,2.629375,3.06632,0.080625,526800,1427628000
11/17/2010,ProShares Ultra S&P500,SSO,2.629375,2.6275,0.07136,0.001875,542400,1426173000
11/16/2010,ProShares Ultra S&P500,SSO,2.6275,2.714375,-3.20055,-0.086875,542400,1425156000
11/15/2010,ProShares Ultra S&P500,SSO,2.714375,2.720625,-0.22973,-0.00625,532800,1446219000
11/12/2010,ProShares Ultra S&P500,SSO,2.720625,2.78625,-2.35532,-0.065625,532800,1449549000
11/11/2010,ProShares Ultra S&P500,SSO,2.78625,2.81,-0.84520,-0.02375,525600,1464453000
11/10/2010,ProShares Ultra S&P500,SSO,2.81,2.785,0.89767,0.025,525600,1476936000
11/09/2010,ProShares Ultra S&P500,SSO,2.785,2.82875,-1.54662,-0.04375,525600,1463796000
11/08/2010,ProShares Ultra S&P500,SSO,2.82875,2.84,-0.39613,-0.01125,525600,1486791000
11/05/2010,ProShares Ultra S&P500,SSO,2.84,2.818125,0.77623,0.021875,525600,1492704000
11/04/2010,ProShares Ultra S&P500,SSO,2.818125,2.7125,3.89401,0.105625,525600,1481206500
11/03/2010,ProShares Ultra S&P500,SSO,2.7125,2.691875,0.76619,0.020625,525600,1425690000
11/02/2010,ProShares Ultra S&P500,SSO,2.691875,2.650625,1.55624,0.04125,535200,1440691500
11/01/2010,ProShares Ultra S&P500,SSO,2.650625,2.64625,0.16533,0.004375,535200,1418614500
10/29/2010,ProShares Ultra S&P500,SSO,2.64625,2.648125,-0.07080,-0.001875,535200,1416273000
10/28/2010,ProShares Ultra S&P500,SSO,2.648125,2.641875,0.23657,0.00625,535200,1417276500
10/27/2010,ProShares Ultra S&P500,SSO,2.641875,2.655625,-0.51777,-0.01375,535200,1413931500
10/26/2010,ProShares Ultra S&P500,SSO,2.655625,2.655625,0.00000,0,536400,1424477250
10/25/2010,ProShares Ultra S&P500,SSO,2.655625,2.645,0.40170,0.010625,536400,1424477250
10/22/2010,ProShares Ultra S&P500,SSO,2.645,2.6325,0.47483,0.0125,536400,1418778000
10/21/2010,ProShares Ultra S&P500,SSO,2.6325,2.6225,0.38132,0.01,536400,1412073000
10/20/2010,ProShares Ultra S&P500,SSO,2.6225,2.568125,2.11730,0.054375,547200,1435032000
10/19/2010,ProShares Ultra S&P500,SSO,2.568125,2.6525,-3.18096,-0.084375,547200,1405278000
10/18/2010,ProShares Ultra S&P500,SSO,2.6525,2.615,1.43403,0.0375,547200,1451448000
10/15/2010,ProShares Ultra S&P500,SSO,2.615,2.604375,0.40797,0.010625,547200,1430928000
10/14/2010,ProShares Ultra S&P500,SSO,2.604375,2.623125,-0.71480,-0.01875,564000,1468867500
10/13/2010,ProShares Ultra S&P500,SSO,2.623125,2.58625,1.42581,0.036875,564000,1479442500
10/12/2010,ProShares Ultra S&P500,SSO,2.58625,2.566875,0.75481,0.019375,564000,1458645000
10/11/2010,ProShares Ultra S&P500,SSO,2.566875,2.56625,0.02435,0.000625,564000,1447717500
10/08/2010,ProShares Ultra S&P500,SSO,2.56625,2.535,1.23274,0.03125,564000,1447365000
10/07/2010,ProShares Ultra S&P500,SSO,2.535,2.54375,-0.34398,-0.00875,564000,1429740000
10/06/2010,ProShares Ultra S&P500,SSO,2.54375,2.544375,-0.02456,-0.000625,564000,1434675000
10/05/2010,ProShares Ultra S&P500,SSO,2.544375,2.4425,4.17093,0.101875,564000,1435027500
10/04/2010,ProShares Ultra S&P500,SSO,2.4425,2.4825,-1.61128,-0.04,564000,1377570000
10/01/2010,ProShares Ultra S&P500,SSO,2.4825,2.460625,0.88900,0.021875,564000,1400130000
09/30/2010,ProShares Ultra S&P500,SSO,2.460625,2.47625,-0.63099,-0.015625,564000,1387792500
09/29/2010,ProShares Ultra S&P500,SSO,2.47625,2.48875,-0.50226,-0.0125,564000,1396605000
09/28/2010,ProShares Ultra S&P500,SSO,2.48875,2.46375,1.01471,0.025,564000,1403655000
09/27/2010,ProShares Ultra S&P500,SSO,2.46375,2.4925,-1.15346,-0.02875,564000,1389555000
09/24/2010,ProShares Ultra S&P500,SSO,2.4925,2.39125,4.23419,0.10125,564000,1405770000
09/23/2010,ProShares Ultra S&P500,SSO,2.39125,2.431875,-1.67052,-0.040625,576000,1377360000
09/22/2010,ProShares Ultra S&P500,SSO,2.431875,2.455,-0.94196,-0.023125,576000,1400760000
09/21/2010,ProShares Ultra S&P500,SSO,2.455,2.475,-0.80808,-0.02,576000,1414080000
09/20/2010,ProShares Ultra S&P500,SSO,2.475,2.401875,3.04450,0.073125,576000,1425600000
09/17/2010,ProShares Ultra S&P500,SSO,2.401875,2.398125,0.15637,0.00375,600000,1441125000
09/16/2010,ProShares Ultra S&P500,SSO,2.398125,2.399375,-0.05210,-0.00125,600000,1438875000
09/15/2010,ProShares Ultra S&P500,SSO,2.399375,2.381875,0.73472,0.0175,609600,1462659000
09/14/2010,ProShares Ultra S&P500,SSO,2.381875,2.385625,-0.15719,-0.00375,609600,1451991000
09/13/2010,ProShares Ultra S&P500,SSO,2.385625,2.3325,2.27760,0.053125,624000,1488630000
09/10/2010,ProShares Ultra S&P500,SSO,2.3325,2.31,0.97403,0.0225,628800,1466676000
09/09/2010,ProShares Ultra S&P500,SSO,2.31,2.2875,0.98361,0.0225,628800,1452528000
09/08/2010,ProShares Ultra S&P500,SSO,2.2875,2.2575,1.32890,0.03,628800,1438380000
09/07/2010,ProShares Ultra S&P500,SSO,2.2575,2.310625,-2.29916,-0.053125,628800,1419516000
09/03/2010,ProShares Ultra S&P500,SSO,2.310625,2.25125,2.63742,0.059375,628800,1452921000
09/02/2010,ProShares Ultra S&P500,SSO,2.25125,2.210625,1.83772,0.040625,628800,1415586000
09/01/2010,ProShares Ultra S&P500,SSO,2.210625,2.0875,5.89820,0.123125,628800,1390041000
08/31/2010,ProShares Ultra S&P500,SSO,2.0875,2.085625,0.08990,0.001875,628800,1312620000
08/30/2010,ProShares Ultra S&P500,SSO,2.085625,2.148125,-2.90951,-0.0625,628800,1311441000
08/27/2010,ProShares Ultra S&P500,SSO,2.148125,2.078125,3.36842,0.07,628800,1350741000
08/26/2010,ProShares Ultra S&P500,SSO,2.078125,2.110625,-1.53983,-0.0325,628800,1306725000
08/25/2010,ProShares Ultra S&P500,SSO,2.110625,2.09625,0.68575,0.014375,628800,1327161000
08/24/2010,ProShares Ultra S&P500,SSO,2.09625,2.159375,-2.92330,-0.063125,628800,1318122000
08/23/2010,ProShares Ultra S&P500,SSO,2.159375,2.176875,-0.80390,-0.0175,628800,1357815000
08/20/2010,ProShares Ultra S&P500,SSO,2.176875,2.193125,-0.74095,-0.01625,628800,1368819000
08/19/2010,ProShares Ultra S&P500,SSO,2.193125,2.27,-3.38656,-0.076875,633600,1389564000
08/18/2010,ProShares Ultra S&P500,SSO,2.27,2.2625,0.33149,0.0075,633600,1438272000
08/17/2010,ProShares Ultra S&P500,SSO,2.2625,2.2075,2.49151,0.055,640800,1449810000
08/16/2010,ProShares Ultra S&P500,SSO,2.2075,2.2075,0.00000,0,640800,1414566000
08/13/2010,ProShares Ultra S&P500,SSO,2.2075,2.225,-0.78652,-0.0175,640800,1414566000
08/12/2010,ProShares Ultra S&P500,SSO,2.225,2.24875,-1.05614,-0.02375,640800,1425780000
08/11/2010,ProShares Ultra S&P500,SSO,2.24875,2.38125,-5.56430,-0.1325,638400,1435602000
08/10/2010,ProShares Ultra S&P500,SSO,2.38125,2.409375,-1.16732,-0.028125,638400,1520190000
08/09/2010,ProShares Ultra S&P500,SSO,2.409375,2.383125,1.10149,0.02625,638400,1538145000
08/06/2010,ProShares Ultra S&P500,SSO,2.383125,2.400625,-0.72898,-0.0175,638400,1521387000
08/05/2010,ProShares Ultra S&P500,SSO,2.400625,2.406875,-0.25967,-0.00625,638400,1532559000
08/04/2010,ProShares Ultra S&P500,SSO,2.406875,2.37625,1.28880,0.030625,638400,1536549000
08/03/2010,ProShares Ultra S&P500,SSO,2.37625,2.399375,-0.96379,-0.023125,638400,1516998000
08/02/2010,ProShares Ultra S&P500,SSO,2.399375,2.298125,4.40577,0.10125,638400,1531761000
07/30/2010,ProShares Ultra S&P500,SSO,2.298125,2.298125,0.00000,0,638400,1467123000
07/29/2010,ProShares Ultra S&P500,SSO,2.298125,2.316875,-0.80928,-0.01875,638400,1467123000
07/28/2010,ProShares Ultra S&P500,SSO,2.316875,2.349375,-1.38335,-0.0325,638400,1479093000
07/27/2010,ProShares Ultra S&P500,SSO,2.349375,2.35375,-0.18587,-0.004375,638400,1499841000
07/26/2010,ProShares Ultra S&P500,SSO,2.35375,2.3025,2.22584,0.05125,638400,1502634000
07/23/2010,ProShares Ultra S&P500,SSO,2.3025,2.265,1.65563,0.0375,638400,1469916000
07/22/2010,ProShares Ultra S&P500,SSO,2.265,2.1675,4.49827,0.0975,638400,1445976000
07/21/2010,ProShares Ultra S&P500,SSO,2.1675,2.224375,-2.55690,-0.056875,657600,1425348000
07/20/2010,ProShares Ultra S&P500,SSO,2.224375,2.175,2.27011,0.049375,657600,1462749000
07/19/2010,ProShares Ultra S&P500,SSO,2.175,2.149375,1.19221,0.025625,657600,1430280000
07/16/2010,ProShares Ultra S&P500,SSO,2.149375,2.28,-5.72917,-0.130625,657600,1413429000
07/15/2010,ProShares Ultra S&P500,SSO,2.28,2.275625,0.19225,0.004375,667200,1521216000
07/14/2010,ProShares Ultra S&P500,SSO,2.275625,2.27625,-0.02746,-0.000625,679200,1545604500
07/13/2010,ProShares Ultra S&P500,SSO,2.27625,2.208125,3.08520,0.068125,686400,1562418000
07/12/2010,ProShares Ultra S&P500,SSO,2.208125,2.205,0.14172,0.003125,710400,1568652000
07/09/2010,ProShares Ultra S&P500,SSO,2.205,2.173125,1.46678,0.031875,710400,1566432000
07/08/2010,ProShares Ultra S&P500,SSO,2.173125,2.133125,1.87518,0.04,723600,1572473250
07/07/2010,ProShares Ultra S&P500,SSO,2.133125,2.005625,6.35712,0.1275,723600,1543529250
07/06/2010,ProShares Ultra S&P500,SSO,2.005625,1.984375,1.07087,0.02125,723600,1451270250
07/02/2010,ProShares Ultra S&P500,SSO,1.984375,2.003125,-0.93604,-0.01875,723600,1435893750
07/01/2010,ProShares Ultra S&P500,SSO,2.003125,2.01625,-0.65096,-0.013125,723600,1449461250
06/30/2010,ProShares Ultra S&P500,SSO,2.01625,2.0575,-2.00486,-0.04125,732000,1475895000
06/29/2010,ProShares Ultra S&P500,SSO,2.0575,2.19375,-6.21083,-0.13625,732000,1506090000
06/28/2010,ProShares Ultra S&P500,SSO,2.19375,2.2025,-0.39728,-0.00875,704400,1545277500
06/25/2010,ProShares Ultra S&P500,SSO,2.2025,2.189375,0.59949,0.013125,704400,1551441000
06/24/2010,ProShares Ultra S&P500,SSO,2.189375,2.265625,-3.36552,-0.07625,704400,1542195750
06/23/2010,ProShares Ultra S&P500,SSO,2.265625,2.279375,-0.60324,-0.01375,704400,1595906250
06/22/2010,ProShares Ultra S&P500,SSO,2.279375,2.359375,-3.39073,-0.08,704400,1605591750
06/21/2010,ProShares Ultra S&P500,SSO,2.359375,2.3775,-0.76236,-0.018125,704400,1661943750
06/18/2010,ProShares Ultra S&P500,SSO,2.3775,2.371875,0.23715,0.005625,704400,1674711000
06/17/2010,ProShares Ultra S&P500,SSO,2.371875,2.365,0.29070,0.006875,704400,1670748750
06/16/2010,ProShares Ultra S&P500,SSO,2.365,2.3675,-0.10560,-0.0025,704400,1665906000
06/15/2010,ProShares Ultra S&P500,SSO,2.3675,2.261875,4.66980,0.105625,704400,1667667000
06/14/2010,ProShares Ultra S&P500,SSO,2.261875,2.27,-0.35793,-0.008125,709200,1604121750
06/11/2010,ProShares Ultra S&P500,SSO,2.27,2.24875,0.94497,0.02125,709200,1609884000
06/10/2010,ProShares Ultra S&P500,SSO,2.24875,2.123125,5.91699,0.125625,724800,1629894000
06/09/2010,ProShares Ultra S&P500,SSO,2.123125,2.14875,-1.19255,-0.025625,724800,1538841000
06/08/2010,ProShares Ultra S&P500,SSO,2.14875,2.1025,2.19976,0.04625,724800,1557414000
06/07/2010,ProShares Ultra S&P500,SSO,2.1025,2.160625,-2.69019,-0.058125,708000,1488570000
06/04/2010,ProShares Ultra S&P500,SSO,2.160625,2.320625,-6.89469,-0.16,708000,1529722500
06/03/2010,ProShares Ultra S&P500,SSO,2.320625,2.301875,0.81455,0.01875,704400,1634648250
06/02/2010,ProShares Ultra S&P500,SSO,2.301875,2.188125,5.19851,0.11375,704400,1621440750
06/01/2010,ProShares Ultra S&P500,SSO,2.188125,2.265625,-3.42069,-0.0775,724800,1585953000
05/28/2010,ProShares Ultra S&P500,SSO,2.265625,2.323125,-2.47511,-0.0575,724800,1642125000
05/27/2010,ProShares Ultra S&P500,SSO,2.323125,2.178125,6.65710,0.145,724800,1683801000
05/26/2010,ProShares Ultra S&P500,SSO,2.178125,2.203125,-1.13475,-0.025,724800,1578705000
05/25/2010,ProShares Ultra S&P500,SSO,2.203125,2.20125,0.08518,0.001875,724800,1596825000
05/24/2010,ProShares Ultra S&P500,SSO,2.20125,2.259375,-2.57261,-0.058125,685200,1508296500
05/21/2010,ProShares Ultra S&P500,SSO,2.259375,2.19375,2.99145,0.065625,669600,1512877500
05/20/2010,ProShares Ultra S&P500,SSO,2.19375,2.37875,-7.77719,-0.185,669600,1468935000
05/19/2010,ProShares Ultra S&P500,SSO,2.37875,2.403125,-1.01430,-0.024375,624000,1484340000
05/18/2010,ProShares Ultra S&P500,SSO,2.403125,2.4725,-2.80586,-0.069375,597600,1436107500
05/17/2010,ProShares Ultra S&P500,SSO,2.4725,2.466875,0.22802,0.005625,584400,1444929000
05/14/2010,ProShares Ultra S&P500,SSO,2.466875,2.563125,-3.75518,-0.09625,584400,1441641750
05/13/2010,ProShares Ultra S&P500,SSO,2.563125,2.626875,-2.42684,-0.06375,584400,1497890250
05/12/2010,ProShares Ultra S&P500,SSO,2.626875,2.555,2.81311,0.071875,584400,1535145750
05/11/2010,ProShares Ultra S&P500,SSO,2.555,2.57125,-0.63199,-0.01625,591600,1511538000
05/10/2010,ProShares Ultra S&P500,SSO,2.57125,2.36375,8.77842,0.2075,591600,1521151500
05/07/2010,ProShares Ultra S&P500,SSO,2.36375,2.4375,-3.02564,-0.07375,614400,1452288000
05/06/2010,ProShares Ultra S&P500,SSO,2.4375,2.606875,-6.49724,-0.169375,614400,1497600000
05/05/2010,ProShares Ultra S&P500,SSO,2.606875,2.639375,-1.23135,-0.0325,579600,1510944750
05/04/2010,ProShares Ultra S&P500,SSO,2.639375,2.771875,-4.78016,-0.1325,579600,1529781750
05/03/2010,ProShares Ultra S&P500,SSO,2.771875,2.70125,2.61453,0.070625,579600,1606578750
04/30/2010,ProShares Ultra S&P500,SSO,2.70125,2.794375,-3.33259,-0.093125,579600,1565644500
04/29/2010,ProShares Ultra S&P500,SSO,2.794375,2.72375,2.59293,0.070625,579600,1619619750
04/28/2010,ProShares Ultra S&P500,SSO,2.72375,2.6875,1.34884,0.03625,579600,1578685500
04/27/2010,ProShares Ultra S&P500,SSO,2.6875,2.82,-4.69858,-0.1325,579600,1557675000
04/26/2010,ProShares Ultra S&P500,SSO,2.82,2.844375,-0.85695,-0.024375,579600,1634472000
04/23/2010,ProShares Ultra S&P500,SSO,2.844375,2.804375,1.42634,0.04,579600,1648599750
04/22/2010,ProShares Ultra S&P500,SSO,2.804375,2.79125,0.47022,0.013125,579600,1625415750
04/21/2010,ProShares Ultra S&P500,SSO,2.79125,2.7975,-0.22341,-0.00625,579600,1617808500
04/20/2010,ProShares Ultra S&P500,SSO,2.7975,2.753125,1.61180,0.044375,579600,1621431000
04/19/2010,ProShares Ultra S&P500,SSO,2.753125,2.72875,0.89327,0.024375,579600,1595711250
04/16/2010,ProShares Ultra S&P500,SSO,2.72875,2.819375,-3.21436,-0.090625,579600,1581583500
04/15/2010,ProShares Ultra S&P500,SSO,2.819375,2.815,0.15542,0.004375,578400,1630726500
04/14/2010,ProShares Ultra S&P500,SSO,2.815,2.75375,2.22424,0.06125,578400,1628196000
04/13/2010,ProShares Ultra S&P500,SSO,2.75375,2.749375,0.15913,0.004375,578400,1592769000
04/12/2010,ProShares Ultra S&P500,SSO,2.749375,2.74,0.34215,0.009375,571200,1570443000
04/09/2010,ProShares Ultra S&P500,SSO,2.74,2.70375,1.34073,0.03625,571200,1565088000
04/08/2010,ProShares Ultra S&P500,SSO,2.70375,2.685625,0.67489,0.018125,571200,1544382000
04/07/2010,ProShares Ultra S&P500,SSO,2.685625,2.715,-1.08195,-0.029375,571200,1534029000
04/06/2010,ProShares Ultra S&P500,SSO,2.715,2.70625,0.32333,0.00875,571200,1550808000
04/05/2010,ProShares Ultra S&P500,SSO,2.70625,2.66375,1.59550,0.0425,571200,1545810000
04/01/2010,ProShares Ultra S&P500,SSO,2.66375,2.625,1.47619,0.03875,571200,1521534000
03/31/2010,ProShares Ultra S&P500,SSO,2.625,2.6425,-0.66225,-0.0175,571200,1499400000
03/30/2010,ProShares Ultra S&P500,SSO,2.6425,2.641875,0.02366,0.000625,571200,1509396000
03/29/2010,ProShares Ultra S&P500,SSO,2.641875,2.61125,1.17281,0.030625,579600,1531230750
03/26/2010,ProShares Ultra S&P500,SSO,2.61125,2.6075,0.14382,0.00375,579600,1513480500
03/25/2010,ProShares Ultra S&P500,SSO,2.6075,2.616875,-0.35825,-0.009375,579600,1511307000
03/24/2010,ProShares Ultra S&P500,SSO,2.616875,2.65625,-1.48235,-0.039375,579600,1516740750
03/23/2010,ProShares Ultra S&P500,SSO,2.65625,2.6175,1.48042,0.03875,566400,1504500000
03/22/2010,ProShares Ultra S&P500,SSO,2.6175,2.59125,1.01302,0.02625,566400,1482552000
03/19/2010,ProShares Ultra S&P500,SSO,2.59125,2.618125,-1.02650,-0.026875,566400,1467684000
03/18/2010,ProShares Ultra S&P500,SSO,2.618125,2.62,-0.07156,-0.001875,566400,1482906000
03/17/2010,ProShares Ultra S&P500,SSO,2.62,2.59,1.15830,0.03,566400,1483968000
03/16/2010,ProShares Ultra S&P500,SSO,2.59,2.55,1.56863,0.04,566400,1466976000
03/15/2010,ProShares Ultra S&P500,SSO,2.55,2.5475,0.09814,0.0025,576000,1468800000
03/12/2010,ProShares Ultra S&P500,SSO,2.5475,2.54875,-0.04904,-0.00125,576000,1467360000
03/11/2010,ProShares Ultra S&P500,SSO,2.54875,2.526875,0.86569,0.021875,576000,1468080000
03/10/2010,ProShares Ultra S&P500,SSO,2.526875,2.50375,0.92361,0.023125,597600,1510060500
03/09/2010,ProShares Ultra S&P500,SSO,2.50375,2.495,0.35070,0.00875,597600,1496241000
03/08/2010,ProShares Ultra S&P500,SSO,2.495,2.495625,-0.02504,-0.000625,614400,1532928000
03/05/2010,ProShares Ultra S&P500,SSO,2.495625,2.4275,2.80639,0.068125,614400,1533312000
03/04/2010,ProShares Ultra S&P500,SSO,2.4275,2.409375,0.75227,0.018125,614400,1491456000
03/03/2010,ProShares Ultra S&P500,SSO,2.409375,2.40625,0.12987,0.003125,614400,1480320000
03/02/2010,ProShares Ultra S&P500,SSO,2.40625,2.395625,0.44352,0.010625,626400,1507275000
03/01/2010,ProShares Ultra S&P500,SSO,2.395625,2.3475,2.05005,0.048125,626400,1500619500
02/26/2010,ProShares Ultra S&P500,SSO,2.3475,2.34125,0.26695,0.00625,626400,1470474000
02/25/2010,ProShares Ultra S&P500,SSO,2.34125,2.35,-0.37234,-0.00875,626400,1466559000
02/24/2010,ProShares Ultra S&P500,SSO,2.35,2.304375,1.97993,0.045625,637200,1497420000
02/23/2010,ProShares Ultra S&P500,SSO,2.304375,2.361875,-2.43451,-0.0575,637200,1468347750
02/22/2010,ProShares Ultra S&P500,SSO,2.361875,2.366875,-0.21125,-0.005,630000,1487981250
02/19/2010,ProShares Ultra S&P500,SSO,2.366875,2.355625,0.47758,0.01125,630000,1491131250
02/18/2010,ProShares Ultra S&P500,SSO,2.355625,2.325,1.31720,0.030625,633600,1492524000
02/17/2010,ProShares Ultra S&P500,SSO,2.325,2.305,0.86768,0.02,642000,1492650000
02/16/2010,ProShares Ultra S&P500,SSO,2.305,2.224375,3.62461,0.080625,655200,1510236000
02/12/2010,ProShares Ultra S&P500,SSO,2.224375,2.235625,-0.50321,-0.01125,655200,1457410500
02/11/2010,ProShares Ultra S&P500,SSO,2.235625,2.1925,1.96693,0.043125,655200,1464781500
02/10/2010,ProShares Ultra S&P500,SSO,2.1925,2.20125,-0.39750,-0.00875,672000,1473360000
02/09/2010,ProShares Ultra S&P500,SSO,2.20125,2.145625,2.59248,0.055625,672000,1479240000
02/08/2010,ProShares Ultra S&P500,SSO,2.145625,2.1825,-1.68958,-0.036875,688800,1477906500
02/05/2010,ProShares Ultra S&P500,SSO,2.1825,2.17,0.57604,0.0125,688800,1503306000
02/04/2010,ProShares Ultra S&P500,SSO,2.17,2.314375,-6.23819,-0.144375,668400,1450428000
02/03/2010,ProShares Ultra S&P500,SSO,2.314375,2.33875,-1.04222,-0.024375,668400,1546928250
02/02/2010,ProShares Ultra S&P500,SSO,2.33875,2.279375,2.60488,0.059375,668400,1563220500
02/01/2010,ProShares Ultra S&P500,SSO,2.279375,2.21625,2.84828,0.063125,668400,1523534250
01/29/2010,ProShares Ultra S&P500,SSO,2.21625,2.260625,-1.96295,-0.044375,668400,1481341500
01/28/2010,ProShares Ultra S&P500,SSO,2.260625,2.315,-2.34881,-0.054375,668400,1511001750
01/27/2010,ProShares Ultra S&P500,SSO,2.315,2.293125,0.95394,0.021875,668400,1547346000
01/26/2010,ProShares Ultra S&P500,SSO,2.293125,2.3125,-0.83784,-0.019375,668400,1532724750
01/25/2010,ProShares Ultra S&P500,SSO,2.3125,2.29125,0.92744,0.02125,681600,1576200000
01/22/2010,ProShares Ultra S&P500,SSO,2.29125,2.3975,-4.43170,-0.10625,681600,1561716000
01/21/2010,ProShares Ultra S&P500,SSO,2.3975,2.4925,-3.81143,-0.095,681600,1634136000
01/20/2010,ProShares Ultra S&P500,SSO,2.4925,2.545625,-2.08691,-0.053125,681600,1698888000
01/19/2010,ProShares Ultra S&P500,SSO,2.545625,2.48375,2.49119,0.061875,681600,1735098000
01/15/2010,ProShares Ultra S&P500,SSO,2.48375,2.53875,-2.16642,-0.055,681600,1692924000
01/14/2010,ProShares Ultra S&P500,SSO,2.53875,2.52625,0.49480,0.0125,694800,1763923500
01/13/2010,ProShares Ultra S&P500,SSO,2.52625,2.484375,1.68553,0.041875,694800,1755238500
01/12/2010,ProShares Ultra S&P500,SSO,2.484375,2.531875,-1.87608,-0.0475,710400,1764900000
01/11/2010,ProShares Ultra S&P500,SSO,2.531875,2.52375,0.32194,0.008125,710400,1798644000
01/08/2010,ProShares Ultra S&P500,SSO,2.52375,2.509375,0.57285,0.014375,710400,1792872000
01/07/2010,ProShares Ultra S&P500,SSO,2.509375,2.48875,0.82873,0.020625,710400,1782660000
01/06/2010,ProShares Ultra S&P500,SSO,2.48875,2.484375,0.17610,0.004375,715200,1779954000
01/05/2010,ProShares Ultra S&P500,SSO,2.484375,2.46875,0.63291,0.015625,715200,1776825000
01/04/2010,ProShares Ultra S&P500,SSO,2.46875,2.391875,3.21401,0.076875,715200,1765650000
12/31/2009,ProShares Ultra S&P500,SSO,2.391875,2.440625,-1.99744,-0.04875,715200,1710669000
12/30/2009,ProShares Ultra S&P500,SSO,2.440625,2.44,0.02561,0.000625,721200,1760178750
12/29/2009,ProShares Ultra S&P500,SSO,2.44,2.44625,-0.25549,-0.00625,721200,1759728000
12/28/2009,ProShares Ultra S&P500,SSO,2.44625,2.44,0.25615,0.00625,721200,1764235500
12/24/2009,ProShares Ultra S&P500,SSO,2.44,2.415,1.03520,0.025,715200,1745088000
12/23/2009,ProShares Ultra S&P500,SSO,2.415,2.40375,0.46802,0.01125,715200,1727208000
12/22/2009,ProShares Ultra S&P500,SSO,2.40375,2.38625,0.73337,0.0175,715200,1719162000
12/21/2009,ProShares Ultra S&P500,SSO,2.38625,2.3375,2.08556,0.04875,715200,1706646000
12/18/2009,ProShares Ultra S&P500,SSO,2.3375,2.310625,1.16311,0.026875,715200,1671780000
12/17/2009,ProShares Ultra S&P500,SSO,2.310625,2.36625,-2.35077,-0.055625,715200,1652559000
12/16/2009,ProShares Ultra S&P500,SSO,2.36625,2.36125,0.21175,0.005,715200,1692342000
12/15/2009,ProShares Ultra S&P500,SSO,2.36125,2.3875,-1.09948,-0.02625,715200,1688766000
12/14/2009,ProShares Ultra S&P500,SSO,2.3875,2.355,1.38004,0.0325,715200,1707540000
12/11/2009,ProShares Ultra S&P500,SSO,2.355,2.336875,0.77561,0.018125,726000,1709730000
12/10/2009,ProShares Ultra S&P500,SSO,2.336875,2.309375,1.19080,0.0275,726000,1696571250
12/09/2009,ProShares Ultra S&P500,SSO,2.309375,2.2925,0.73610,0.016875,726000,1676606250
12/08/2009,ProShares Ultra S&P500,SSO,2.2925,2.34,-2.02991,-0.0475,726000,1664355000
12/07/2009,ProShares Ultra S&P500,SSO,2.34,2.35125,-0.47847,-0.01125,722400,1690416000
12/04/2009,ProShares Ultra S&P500,SSO,2.35125,2.325625,1.10185,0.025625,722400,1698543000
12/03/2009,ProShares Ultra S&P500,SSO,2.325625,2.365625,-1.69089,-0.04,715200,1663287000
12/02/2009,ProShares Ultra S&P500,SSO,2.365625,2.363125,0.10579,0.0025,715200,1691895000
12/01/2009,ProShares Ultra S&P500,SSO,2.363125,2.3075,2.41062,0.055625,700800,1656078000
11/30/2009,ProShares Ultra S&P500,SSO,2.3075,2.29,0.76419,0.0175,722400,1666938000
11/27/2009,ProShares Ultra S&P500,SSO,2.29,2.370625,-3.40100,-0.080625,722400,1654296000
11/25/2009,ProShares Ultra S&P500,SSO,2.370625,2.34875,0.93135,0.021875,722400,1712539500
11/24/2009,ProShares Ultra S&P500,SSO,2.34875,2.35125,-0.10633,-0.0025,722400,1696737000
11/23/2009,ProShares Ultra S&P500,SSO,2.35125,2.28875,2.73075,0.0625,722400,1698543000
11/20/2009,ProShares Ultra S&P500,SSO,2.28875,2.303125,-0.62415,-0.014375,739200,1691844000
11/19/2009,ProShares Ultra S&P500,SSO,2.303125,2.36625,-2.66772,-0.063125,739200,1702470000
11/18/2009,ProShares Ultra S&P500,SSO,2.36625,2.368125,-0.07918,-0.001875,729600,1726416000
11/17/2009,ProShares Ultra S&P500,SSO,2.368125,2.363125,0.21158,0.005,729600,1727784000
11/16/2009,ProShares Ultra S&P500,SSO,2.363125,2.29625,2.91236,0.066875,729600,1724136000
11/13/2009,ProShares Ultra S&P500,SSO,2.29625,2.27,1.15639,0.02625,741600,1702899000
11/12/2009,ProShares Ultra S&P500,SSO,2.27,2.316875,-2.02320,-0.046875,741600,1683432000
11/11/2009,ProShares Ultra S&P500,SSO,2.316875,2.294375,0.98066,0.0225,756000,1751557500
11/10/2009,ProShares Ultra S&P500,SSO,2.294375,2.29375,0.02725,0.000625,747600,1715274750
11/09/2009,ProShares Ultra S&P500,SSO,2.29375,2.195,4.49886,0.09875,747600,1714807500
11/06/2009,ProShares Ultra S&P500,SSO,2.195,2.183125,0.54395,0.011875,747600,1640982000
11/05/2009,ProShares Ultra S&P500,SSO,2.183125,2.1025,3.83472,0.080625,762000,1663541250
11/04/2009,ProShares Ultra S&P500,SSO,2.1025,2.09625,0.29815,0.00625,762000,1602105000
11/03/2009,ProShares Ultra S&P500,SSO,2.09625,2.08625,0.47933,0.01,762000,1597342500
11/02/2009,ProShares Ultra S&P500,SSO,2.08625,2.06,1.27427,0.02625,780000,1627275000
10/30/2009,ProShares Ultra S&P500,SSO,2.06,2.1825,-5.61283,-0.1225,780000,1606800000
10/29/2009,ProShares Ultra S&P500,SSO,2.1825,2.088125,4.51960,0.094375,780000,1702350000
10/28/2009,ProShares Ultra S&P500,SSO,2.088125,2.1725,-3.88377,-0.084375,780000,1628737500
10/27/2009,ProShares Ultra S&P500,SSO,2.1725,2.186875,-0.65733,-0.014375,760800,1652838000
10/26/2009,ProShares Ultra S&P500,SSO,2.186875,2.24,-2.37165,-0.053125,760800,1663774500
10/23/2009,ProShares Ultra S&P500,SSO,2.24,2.295625,-2.42309,-0.055625,760800,1704192000
10/22/2009,ProShares Ultra S&P500,SSO,2.295625,2.2475,2.14127,0.048125,760800,1746511500
10/21/2009,ProShares Ultra S&P500,SSO,2.2475,2.2875,-1.74863,-0.04,760800,1709898000
10/20/2009,ProShares Ultra S&P500,SSO,2.2875,2.316875,-1.26787,-0.029375,760800,1740330000
10/19/2009,ProShares Ultra S&P500,SSO,2.316875,2.274375,1.86865,0.0425,774000,1793261250
10/16/2009,ProShares Ultra S&P500,SSO,2.274375,2.31125,-1.59546,-0.036875,786000,1787658750
10/15/2009,ProShares Ultra S&P500,SSO,2.31125,2.2925,0.81788,0.01875,820800,1897074000
10/14/2009,ProShares Ultra S&P500,SSO,2.2925,2.215,3.49887,0.0775,820800,1881684000
10/13/2009,ProShares Ultra S&P500,SSO,2.215,2.226875,-0.53326,-0.011875,820800,1818072000
10/12/2009,ProShares Ultra S&P500,SSO,2.226875,2.2075,0.87769,0.019375,820800,1827819000
10/09/2009,ProShares Ultra S&P500,SSO,2.2075,2.183125,1.11652,0.024375,820800,1811916000
10/08/2009,ProShares Ultra S&P500,SSO,2.183125,2.15125,1.48170,0.031875,820800,1791909000
10/07/2009,ProShares Ultra S&P500,SSO,2.15125,2.1375,0.64327,0.01375,820800,1765746000
10/06/2009,ProShares Ultra S&P500,SSO,2.1375,2.08,2.76442,0.0575,820800,1754460000
10/05/2009,ProShares Ultra S&P500,SSO,2.08,2.020625,2.93845,0.059375,820800,1707264000
10/02/2009,ProShares Ultra S&P500,SSO,2.020625,2.03875,-0.88903,-0.018125,820800,1658529000
10/01/2009,ProShares Ultra S&P500,SSO,2.03875,2.149375,-5.14685,-0.110625,820800,1673406000
09/30/2009,ProShares Ultra S&P500,SSO,2.149375,2.163125,-0.63565,-0.01375,820800,1764207000
09/29/2009,ProShares Ultra S&P500,SSO,2.163125,2.173125,-0.46017,-0.01,820800,1775493000
09/28/2009,ProShares Ultra S&P500,SSO,2.173125,2.098125,3.57462,0.075,822000,1786308750
09/25/2009,ProShares Ultra S&P500,SSO,2.098125,2.12375,-1.20659,-0.025625,822000,1724658750
09/24/2009,ProShares Ultra S&P500,SSO,2.12375,2.17,-2.13134,-0.04625,847200,1799241000
09/23/2009,ProShares Ultra S&P500,SSO,2.17,2.214375,-2.00395,-0.044375,847200,1838424000
09/22/2009,ProShares Ultra S&P500,SSO,2.214375,2.18625,1.28645,0.028125,847200,1876018500
09/21/2009,ProShares Ultra S&P500,SSO,2.18625,2.20125,-0.68143,-0.015,852000,1862685000
09/18/2009,ProShares Ultra S&P500,SSO,2.20125,2.19,0.51370,0.01125,852000,1875465000
09/17/2009,ProShares Ultra S&P500,SSO,2.19,2.2025,-0.56754,-0.0125,866400,1897416000
09/16/2009,ProShares Ultra S&P500,SSO,2.2025,2.136875,3.07107,0.065625,866400,1908246000
09/15/2009,ProShares Ultra S&P500,SSO,2.136875,2.12375,0.61801,0.013125,866400,1851388500
09/14/2009,ProShares Ultra S&P500,SSO,2.12375,2.0975,1.25149,0.02625,907200,1926666000
09/11/2009,ProShares Ultra S&P500,SSO,2.0975,2.101875,-0.20815,-0.004375,907200,1902852000
09/10/2009,ProShares Ultra S&P500,SSO,2.101875,2.059375,2.06373,0.0425,907200,1906821000
09/09/2009,ProShares Ultra S&P500,SSO,2.059375,2.0275,1.57213,0.031875,912000,1878150000
09/08/2009,ProShares Ultra S&P500,SSO,2.0275,1.991875,1.78852,0.035625,912000,1849080000
09/04/2009,ProShares Ultra S&P500,SSO,1.991875,1.940625,2.64090,0.05125,912000,1816590000
09/03/2009,ProShares Ultra S&P500,SSO,1.940625,1.908125,1.70324,0.0325,926400,1797795000
09/02/2009,ProShares Ultra S&P500,SSO,1.908125,1.92,-0.61849,-0.011875,930000,1774556250
09/01/2009,ProShares Ultra S&P500,SSO,1.92,2.009375,-4.44790,-0.089375,930000,1785600000
08/31/2009,ProShares Ultra S&P500,SSO,2.009375,2.0425,-1.62179,-0.033125,930000,1868718750
08/28/2009,ProShares Ultra S&P500,SSO,2.0425,2.049375,-0.33547,-0.006875,930000,1899525000
08/27/2009,ProShares Ultra S&P500,SSO,2.049375,2.0375,0.58282,0.011875,930000,1905918750
08/26/2009,ProShares Ultra S&P500,SSO,2.0375,2.036875,0.03068,0.000625,930000,1894875000
08/25/2009,ProShares Ultra S&P500,SSO,2.036875,2.0275,0.46239,0.009375,933600,1901626500
08/24/2009,ProShares Ultra S&P500,SSO,2.0275,2.029375,-0.09239,-0.001875,991200,2009658000
08/21/2009,ProShares Ultra S&P500,SSO,2.029375,1.95625,3.73802,0.073125,991200,2011516500
08/20/2009,ProShares Ultra S&P500,SSO,1.95625,1.914375,2.18740,0.041875,1022400,2000070000
08/19/2009,ProShares Ultra S&P500,SSO,1.914375,1.8875,1.42384,0.026875,1035600,1982526750
08/18/2009,ProShares Ultra S&P500,SSO,1.8875,1.849375,2.06151,0.038125,1035600,1954695000
08/17/2009,ProShares Ultra S&P500,SSO,1.849375,1.94375,-4.85531,-0.094375,1086000,2008421250
08/14/2009,ProShares Ultra S&P500,SSO,1.94375,1.9775,-1.70670,-0.03375,1086000,2110912500
08/13/2009,ProShares Ultra S&P500,SSO,1.9775,1.95,1.41026,0.0275,1099200,2173668000
08/12/2009,ProShares Ultra S&P500,SSO,1.95,1.905,2.36220,0.045,1102800,2150460000
08/11/2009,ProShares Ultra S&P500,SSO,1.905,1.95375,-2.49520,-0.04875,1102800,2100834000
08/10/2009,ProShares Ultra S&P500,SSO,1.95375,1.96625,-0.63573,-0.0125,1153200,2253064500
08/07/2009,ProShares Ultra S&P500,SSO,1.96625,1.915,2.67624,0.05125,1153200,2267479500
08/06/2009,ProShares Ultra S&P500,SSO,1.915,1.93625,-1.09748,-0.02125,1156800,2215272000
08/05/2009,ProShares Ultra S&P500,SSO,1.93625,1.94625,-0.51381,-0.01,1196400,2316529500
08/04/2009,ProShares Ultra S&P500,SSO,1.94625,1.935,0.58140,0.01125,1196400,2328493500
08/03/2009,ProShares Ultra S&P500,SSO,1.935,1.876875,3.09690,0.058125,1196400,2315034000
07/31/2009,ProShares Ultra S&P500,SSO,1.876875,1.874375,0.13338,0.0025,1203600,2259006750
07/30/2009,ProShares Ultra S&P500,SSO,1.874375,1.830625,2.38989,0.04375,1203600,2255997750
07/29/2009,ProShares Ultra S&P500,SSO,1.830625,1.8475,-0.91340,-0.016875,1233600,2258259000
07/28/2009,ProShares Ultra S&P500,SSO,1.8475,1.856875,-0.50488,-0.009375,1233600,2279076000
07/27/2009,ProShares Ultra S&P500,SSO,1.856875,1.84625,0.57549,0.010625,1291200,2397597000
07/24/2009,ProShares Ultra S&P500,SSO,1.84625,1.834375,0.64736,0.011875,1291200,2383878000
07/23/2009,ProShares Ultra S&P500,SSO,1.834375,1.753125,4.63458,0.08125,1291200,2368545000
07/22/2009,ProShares Ultra S&P500,SSO,1.753125,1.755,-0.10684,-0.001875,1291200,2263635000
07/21/2009,ProShares Ultra S&P500,SSO,1.755,1.741875,0.75350,0.013125,1305600,2291328000
07/20/2009,ProShares Ultra S&P500,SSO,1.741875,1.703125,2.27523,0.03875,1366800,2380794750
07/17/2009,ProShares Ultra S&P500,SSO,1.703125,1.704375,-0.07334,-0.00125,1366800,2327831250
07/16/2009,ProShares Ultra S&P500,SSO,1.704375,1.675625,1.71578,0.02875,1366800,2329539750
07/15/2009,ProShares Ultra S&P500,SSO,1.675625,1.581875,5.92651,0.09375,1390800,2330459250
07/14/2009,ProShares Ultra S&P500,SSO,1.581875,1.565,1.07827,0.016875,1390800,2200071750
07/13/2009,ProShares Ultra S&P500,SSO,1.565,1.49,5.03356,0.075,1406400,2201016000
07/10/2009,ProShares Ultra S&P500,SSO,1.49,1.5025,-0.83195,-0.0125,1406400,2095536000
07/09/2009,ProShares Ultra S&P500,SSO,1.5025,1.491875,0.71219,0.010625,1406400,2113116000
07/08/2009,ProShares Ultra S&P500,SSO,1.491875,1.495,-0.20903,-0.003125,1406400,2098173000
07/07/2009,ProShares Ultra S&P500,SSO,1.495,1.556875,-3.97431,-0.061875,1399200,2091804000
07/06/2009,ProShares Ultra S&P500,SSO,1.556875,1.549375,0.48407,0.0075,1399200,2178379500
07/02/2009,ProShares Ultra S&P500,SSO,1.549375,1.645,-5.81307,-0.095625,1399200,2167885500
07/01/2009,ProShares Ultra S&P500,SSO,1.645,1.630625,0.88156,0.014375,1399200,2301684000
06/30/2009,ProShares Ultra S&P500,SSO,1.630625,1.658125,-1.65850,-0.0275,1418400,2312878500
06/29/2009,ProShares Ultra S&P500,SSO,1.658125,1.62875,1.80353,0.029375,1418400,2351884500
06/26/2009,ProShares Ultra S&P500,SSO,1.62875,1.633125,-0.26789,-0.004375,1418400,2310219000
06/25/2009,ProShares Ultra S&P500,SSO,1.633125,1.56625,4.26975,0.066875,1418400,2316424500
06/24/2009,ProShares Ultra S&P500,SSO,1.56625,1.55125,0.96696,0.015,1434000,2246002500
06/23/2009,ProShares Ultra S&P500,SSO,1.55125,1.54375,0.48583,0.0075,1431600,2220769500
06/22/2009,ProShares Ultra S&P500,SSO,1.54375,1.644375,-6.11935,-0.100625,1430400,2208180000
06/19/2009,ProShares Ultra S&P500,SSO,1.644375,1.63375,0.65034,0.010625,1448400,2381712750
06/18/2009,ProShares Ultra S&P500,SSO,1.63375,1.606875,1.67250,0.026875,1448400,2366323500
06/17/2009,ProShares Ultra S&P500,SSO,1.606875,1.61125,-0.27153,-0.004375,1448400,2327397750
06/16/2009,ProShares Ultra S&P500,SSO,1.61125,1.65375,-2.56992,-0.0425,1429200,2302798500
06/15/2009,ProShares Ultra S&P500,SSO,1.65375,1.73625,-4.75162,-0.0825,1412400,2335756500
06/12/2009,ProShares Ultra S&P500,SSO,1.73625,1.73125,0.28881,0.005,1408800,2446029000
06/11/2009,ProShares Ultra S&P500,SSO,1.73125,1.709375,1.27971,0.021875,1408800,2438985000
06/10/2009,ProShares Ultra S&P500,SSO,1.709375,1.72125,-0.68991,-0.011875,1408800,2408167500
06/09/2009,ProShares Ultra S&P500,SSO,1.72125,1.709375,0.69470,0.011875,1408800,2424897000
06/08/2009,ProShares Ultra S&P500,SSO,1.709375,1.7125,-0.18248,-0.003125,1414800,2418423750
06/05/2009,ProShares Ultra S&P500,SSO,1.7125,1.720625,-0.47221,-0.008125,1414800,2422845000
06/04/2009,ProShares Ultra S&P500,SSO,1.720625,1.681875,2.30398,0.03875,1414800,2434340250
06/03/2009,ProShares Ultra S&P500,SSO,1.681875,1.72875,-2.71150,-0.046875,1414800,2379516750
06/02/2009,ProShares Ultra S&P500,SSO,1.72875,1.721875,0.39927,0.006875,1414800,2445835500
06/01/2009,ProShares Ultra S&P500,SSO,1.721875,1.638125,5.11255,0.08375,1430400,2462970000
05/29/2009,ProShares Ultra S&P500,SSO,1.638125,1.59375,2.78431,0.044375,1464000,2398215000
05/28/2009,ProShares Ultra S&P500,SSO,1.59375,1.54625,3.07195,0.0475,1468800,2340900000
05/27/2009,ProShares Ultra S&P500,SSO,1.54625,1.60625,-3.73541,-0.06,1489200,2302675500
05/26/2009,ProShares Ultra S&P500,SSO,1.60625,1.52625,5.24161,0.08,1492800,2397810000
05/22/2009,ProShares Ultra S&P500,SSO,1.52625,1.53125,-0.32653,-0.005,1516800,2315016000
05/21/2009,ProShares Ultra S&P500,SSO,1.53125,1.583125,-3.27675,-0.051875,1526400,2337300000
05/20/2009,ProShares Ultra S&P500,SSO,1.583125,1.599375,-1.01602,-0.01625,1526400,2416482000
05/19/2009,ProShares Ultra S&P500,SSO,1.599375,1.604375,-0.31165,-0.005,1537200,2458559250
05/18/2009,ProShares Ultra S&P500,SSO,1.604375,1.5125,6.07438,0.091875,1568400,2516301750
05/15/2009,ProShares Ultra S&P500,SSO,1.5125,1.546875,-2.22222,-0.034375,1605600,2428470000
05/14/2009,ProShares Ultra S&P500,SSO,1.546875,1.515625,2.06186,0.03125,1587600,2455818750
05/13/2009,ProShares Ultra S&P500,SSO,1.515625,1.600625,-5.31043,-0.085,1602000,2428031250
05/12/2009,ProShares Ultra S&P500,SSO,1.600625,1.60375,-0.19486,-0.003125,1602000,2564201250
05/11/2009,ProShares Ultra S&P500,SSO,1.60375,1.674375,-4.21799,-0.070625,1645200,2638489500
05/08/2009,ProShares Ultra S&P500,SSO,1.674375,1.5975,4.81221,0.076875,1657200,2774774250
05/07/2009,ProShares Ultra S&P500,SSO,1.5975,1.64125,-2.66565,-0.04375,1688400,2697219000
05/06/2009,ProShares Ultra S&P500,SSO,1.64125,1.585,3.54890,0.05625,1701600,2792751000
05/05/2009,ProShares Ultra S&P500,SSO,1.585,1.596875,-0.74364,-0.011875,1711200,2712252000
05/04/2009,ProShares Ultra S&P500,SSO,1.596875,1.495625,6.76975,0.10125,1720800,2747902500
05/01/2009,ProShares Ultra S&P500,SSO,1.495625,1.48,1.05574,0.015625,1762800,2636487750
04/30/2009,ProShares Ultra S&P500,SSO,1.48,1.4825,-0.16863,-0.0025,1766400,2614272000
04/29/2009,ProShares Ultra S&P500,SSO,1.4825,1.420625,4.35548,0.061875,1777200,2634699000
04/28/2009,ProShares Ultra S&P500,SSO,1.420625,1.42875,-0.56868,-0.008125,1801200,2558829750
04/27/2009,ProShares Ultra S&P500,SSO,1.42875,1.458125,-2.01457,-0.029375,1813200,2590609500
04/24/2009,ProShares Ultra S&P500,SSO,1.458125,1.41125,3.32152,0.046875,1827600,2664869250
04/23/2009,ProShares Ultra S&P500,SSO,1.41125,1.38375,1.98735,0.0275,1860000,2624925000
04/22/2009,ProShares Ultra S&P500,SSO,1.38375,1.404375,-1.46862,-0.020625,1881600,2603664000
04/21/2009,ProShares Ultra S&P500,SSO,1.404375,1.3475,4.22078,0.056875,1944000,2730105000
04/20/2009,ProShares Ultra S&P500,SSO,1.3475,1.47375,-8.56658,-0.12625,1993200,2685837000
04/17/2009,ProShares Ultra S&P500,SSO,1.47375,1.45875,1.02828,0.015,1996800,2942784000
04/16/2009,ProShares Ultra S&P500,SSO,1.45875,1.415,3.09187,0.04375,2095200,3056373000
04/15/2009,ProShares Ultra S&P500,SSO,1.415,1.380625,2.48981,0.034375,2180400,3085266000
04/14/2009,ProShares Ultra S&P500,SSO,1.380625,1.438125,-3.99826,-0.0575,2194800,3030195750
04/13/2009,ProShares Ultra S&P500,SSO,1.438125,1.43125,0.48035,0.006875,2218800,3190911750
04/09/2009,ProShares Ultra S&P500,SSO,1.43125,1.329375,7.66338,0.101875,2277600,3259815000
04/08/2009,ProShares Ultra S&P500,SSO,1.329375,1.29875,2.35804,0.030625,2295600,3051713250
04/07/2009,ProShares Ultra S&P500,SSO,1.29875,1.3625,-4.67890,-0.06375,2300400,2987644500
04/06/2009,ProShares Ultra S&P500,SSO,1.3625,1.385625,-1.66892,-0.023125,2316000,3155550000
04/03/2009,ProShares Ultra S&P500,SSO,1.385625,1.359375,1.93103,0.02625,2352000,3258990000
04/02/2009,ProShares Ultra S&P500,SSO,1.359375,1.285,5.78794,0.074375,2450400.02,3331012521.75
04/01/2009,ProShares Ultra S&P500,SSO,1.285,1.243125,3.36853,0.041875,2481600.02,3188856020.56
03/31/2009,ProShares Ultra S&P500,SSO,1.243125,1.2125,2.52577,0.030625,2496000.02,3102840019.89
03/30/2009,ProShares Ultra S&P500,SSO,1.2125,1.303125,-6.95444,-0.090625,2547600.02,3088965019.4
03/27/2009,ProShares Ultra S&P500,SSO,1.303125,1.3575,-4.00552,-0.054375,2587200.02,3371445020.85
03/26/2009,ProShares Ultra S&P500,SSO,1.3575,1.2975,4.62428,0.06,2616000.02,3551220021.72
03/25/2009,ProShares Ultra S&P500,SSO,1.2975,1.2725,1.96464,0.025,2658000.02,3448755020.76
03/24/2009,ProShares Ultra S&P500,SSO,1.2725,1.33375,-4.59231,-0.06125,2634000.02,3351765020.36
03/23/2009,ProShares Ultra S&P500,SSO,1.33375,1.1675,14.23983,0.16625,2664000.02,3553110021.34
03/20/2009,ProShares Ultra S&P500,SSO,1.1675,1.215625,-3.95887,-0.048125,2710800.02,3164859018.68
03/19/2009,ProShares Ultra S&P500,SSO,1.215625,1.24875,-2.65265,-0.033125,2799600.02,3403263769.45
03/18/2009,ProShares Ultra S&P500,SSO,1.24875,1.19875,4.17101,0.05,2914800.02,3639856519.98
03/17/2009,ProShares Ultra S&P500,SSO,1.19875,1.12625,6.43729,0.0725,2962800.02,3551656519.18
03/16/2009,ProShares Ultra S&P500,SSO,1.12625,1.134375,-0.71625,-0.008125,2996400.02,3374695518.02
03/13/2009,ProShares Ultra S&P500,SSO,1.134375,1.116875,1.56687,0.0175,3081600.02,3495690018.15
03/12/2009,ProShares Ultra S&P500,SSO,1.116875,1.0325,8.17191,0.084375,3134400.02,3500733017.87
03/11/2009,ProShares Ultra S&P500,SSO,1.0325,1.02625,0.60901,0.00625,3139200.02,3241224016.52
03/10/2009,ProShares Ultra S&P500,SSO,1.02625,0.910625,12.69732,0.115625,3133200.02,3215446516.42
03/09/2009,ProShares Ultra S&P500,SSO,0.910625,0.929375,-2.01748,-0.01875,3166800.02,2883767264.57
03/06/2009,ProShares Ultra S&P500,SSO,0.929375,0.926875,0.26972,0.0025,3132000.02,2910802514.87
03/05/2009,ProShares Ultra S&P500,SSO,0.926875,1.013125,-8.51326,-0.08625,3014400.02,2793972014.83
03/04/2009,ProShares Ultra S&P500,SSO,1.013125,0.966875,4.78345,0.04625,2994000.02,3033296266.21
03/03/2009,ProShares Ultra S&P500,SSO,0.966875,0.979375,-1.27632,-0.0125,2875200.02,2779959015.47
03/02/2009,ProShares Ultra S&P500,SSO,0.979375,1.08,-9.31713,-0.100625,2860800.02,2801796015.67
02/27/2009,ProShares Ultra S&P500,SSO,1.08,1.133125,-4.68836,-0.053125,2764800.02,2985984017.28
02/26/2009,ProShares Ultra S&P500,SSO,1.133125,1.17,-3.15171,-0.036875,2764800.02,3132864018.13
02/25/2009,ProShares Ultra S&P500,SSO,1.17,1.195,-2.09205,-0.025,2764800.02,3234816018.72
02/24/2009,ProShares Ultra S&P500,SSO,1.195,1.10625,8.02260,0.08875,2688000.02,3212160019.12
02/23/2009,ProShares Ultra S&P500,SSO,1.10625,1.18875,-6.94006,-0.0825,2668800.02,2952360017.7
02/20/2009,ProShares Ultra S&P500,SSO,1.18875,1.21625,-2.26105,-0.0275,2635200.02,3132594019.02
02/19/2009,ProShares Ultra S&P500,SSO,1.21625,1.244375,-2.26017,-0.028125,2562000.02,3116032519.46
02/18/2009,ProShares Ultra S&P500,SSO,1.244375,1.24625,-0.15045,-0.001875,2506800.02,3119399269.91
02/17/2009,ProShares Ultra S&P500,SSO,1.24625,1.370625,-9.07433,-0.124375,2478000.02,3088207519.94
02/13/2009,ProShares Ultra S&P500,SSO,1.370625,1.39875,-2.01072,-0.028125,2430000.02,3330618771.93
02/12/2009,ProShares Ultra S&P500,SSO,1.39875,1.39375,0.35874,0.005,2432400.02,3402319522.38
02/11/2009,ProShares Ultra S&P500,SSO,1.39375,1.370625,1.68719,0.023125,2350800.02,3276427522.3
02/10/2009,ProShares Ultra S&P500,SSO,1.370625,1.52,-9.82730,-0.149375,2342400.02,3210552021.93
02/09/2009,ProShares Ultra S&P500,SSO,1.52,1.515625,0.28866,0.004375,2172000.02,3301440024.32
02/06/2009,ProShares Ultra S&P500,SSO,1.515625,1.436875,5.48064,0.07875,2173200.02,3293756274.25
02/05/2009,ProShares Ultra S&P500,SSO,1.436875,1.39125,3.27942,0.045625,2185200.02,3139859272.99
02/04/2009,ProShares Ultra S&P500,SSO,1.39125,1.410625,-1.37350,-0.019375,2187600.02,3043498522.26
02/03/2009,ProShares Ultra S&P500,SSO,1.410625,1.3675,3.15356,0.043125,2188800.02,3087576022.57
02/02/2009,ProShares Ultra S&P500,SSO,1.3675,1.369375,-0.13692,-0.001875,2187600.02,2991543021.88
01/30/2009,ProShares Ultra S&P500,SSO,1.369375,1.434375,-4.53159,-0.065,2180400.02,2985785271.91
01/29/2009,ProShares Ultra S&P500,SSO,1.434375,1.53625,-6.63141,-0.101875,2173200.02,3117183772.95
01/28/2009,ProShares Ultra S&P500,SSO,1.53625,1.439375,6.73035,0.096875,2169600.02,3333048024.58
01/27/2009,ProShares Ultra S&P500,SSO,1.439375,1.40875,2.17391,0.030625,2272800.02,3271411523.03
01/26/2009,ProShares Ultra S&P500,SSO,1.40875,1.393125,1.12158,0.015625,2276400.02,3206878522.54
01/23/2009,ProShares Ultra S&P500,SSO,1.393125,1.37875,1.04261,0.014375,2280000.02,3176325022.29
01/22/2009,ProShares Ultra S&P500,SSO,1.37875,1.421875,-3.03297,-0.043125,2292000.02,3160095022.06
01/21/2009,ProShares Ultra S&P500,SSO,1.421875,1.3075,8.74761,0.114375,2300400.02,3270881272.75
01/20/2009,ProShares Ultra S&P500,SSO,1.3075,1.461875,-10.56007,-0.154375,2300400.02,3007773020.92
01/16/2009,ProShares Ultra S&P500,SSO,1.461875,1.440625,1.47505,0.02125,2259600.02,3303252773.39
01/15/2009,ProShares Ultra S&P500,SSO,1.440625,1.436875,0.26098,0.00375,2211600.02,3186086273.05
01/14/2009,ProShares Ultra S&P500,SSO,1.436875,1.539375,-6.65855,-0.1025,2146800.02,3084683272.99
01/13/2009,ProShares Ultra S&P500,SSO,1.539375,1.53375,0.36675,0.005625,2036400.02,3134783274.63
01/12/2009,ProShares Ultra S&P500,SSO,1.53375,1.606875,-4.55076,-0.073125,2017200.02,3093880524.54
01/09/2009,ProShares Ultra S&P500,SSO,1.606875,1.67875,-4.28146,-0.071875,1983600.02,3187397275.71
01/08/2009,ProShares Ultra S&P500,SSO,1.67875,1.6675,0.67466,0.01125,1927200.02,3235287026.86
01/07/2009,ProShares Ultra S&P500,SSO,1.6675,1.771875,-5.89065,-0.104375,1921200.02,3203601026.68
01/06/2009,ProShares Ultra S&P500,SSO,1.771875,1.745,1.54011,0.026875,1929600.02,3419010028.35
01/05/2009,ProShares Ultra S&P500,SSO,1.745,1.760625,-0.88747,-0.015625,1936800.02,3379716027.92
01/02/2009,ProShares Ultra S&P500,SSO,1.760625,1.65625,6.30189,0.104375,1959600.02,3450120778.17
12/31/2008,ProShares Ultra S&P500,SSO,1.65625,1.61,2.87267,0.04625,2053200.02,3400612526.5
12/30/2008,ProShares Ultra S&P500,SSO,1.61,1.535,4.88599,0.075,2140800.02,3446688025.76
12/29/2008,ProShares Ultra S&P500,SSO,1.535,1.54625,-0.72757,-0.01125,2174400.02,3337704024.56
12/26/2008,ProShares Ultra S&P500,SSO,1.54625,1.53,1.06209,0.01625,2173200.02,3360310524.74
12/24/2008,ProShares Ultra S&P500,SSO,1.53,1.51125,1.24069,0.01875,2173200.02,3324996024.48
12/23/2008,ProShares Ultra S&P500,SSO,1.51125,1.544375,-2.14488,-0.033125,2173200.02,3284248524.18
12/22/2008,ProShares Ultra S&P500,SSO,1.544375,1.603125,-3.66472,-0.05875,2206800.02,3408126774.71
12/19/2008,ProShares Ultra S&P500,SSO,1.603125,1.595,0.50940,0.008125,2196000.02,3520462525.65
12/18/2008,ProShares Ultra S&P500,SSO,1.595,1.665625,-4.24015,-0.070625,2203200.02,3514104025.52
12/17/2008,ProShares Ultra S&P500,SSO,1.665625,1.698125,-1.91388,-0.0325,2164800.02,3605745026.65
12/16/2008,ProShares Ultra S&P500,SSO,1.698125,1.540625,10.22312,0.1575,2155200.02,3659799027.17
12/15/2008,ProShares Ultra S&P500,SSO,1.540625,1.580625,-2.53064,-0.04,2155200.02,3320355024.65
12/12/2008,ProShares Ultra S&P500,SSO,1.580625,1.55875,1.40337,0.021875,2115600.02,3343970275.29
12/11/2008,ProShares Ultra S&P500,SSO,1.55875,1.651875,-5.63753,-0.093125,2079600.02,3241576524.94
12/10/2008,ProShares Ultra S&P500,SSO,1.651875,1.61375,2.36251,0.038125,2079600.02,3435239276.43
12/09/2008,ProShares Ultra S&P500,SSO,1.61375,1.691875,-4.61766,-0.078125,2079600.02,3355954525.82
12/08/2008,ProShares Ultra S&P500,SSO,1.691875,1.57125,7.67701,0.120625,2133600.02,3609784527.07
12/05/2008,ProShares Ultra S&P500,SSO,1.57125,1.46375,7.34415,0.1075,2107200.02,3310938025.14
12/04/2008,ProShares Ultra S&P500,SSO,1.46375,1.555625,-5.90599,-0.091875,2095200.02,3066849023.42
12/03/2008,ProShares Ultra S&P500,SSO,1.555625,1.478125,5.24313,0.0775,2097600.02,3263079024.89
12/02/2008,ProShares Ultra S&P500,SSO,1.478125,1.36875,7.99087,0.109375,2097600.02,3100515023.65
12/01/2008,ProShares Ultra S&P500,SSO,1.36875,1.665625,-17.82364,-0.296875,2109600.02,2887515021.9
11/28/2008,ProShares Ultra S&P500,SSO,1.665625,1.634375,1.91205,0.03125,2109600.02,3513802526.65
11/26/2008,ProShares Ultra S&P500,SSO,1.634375,1.525625,7.12823,0.10875,2187600.02,3575358776.15
11/25/2008,ProShares Ultra S&P500,SSO,1.525625,1.504375,1.41255,0.02125,2192400.02,3344780274.41
11/24/2008,ProShares Ultra S&P500,SSO,1.504375,1.333125,12.84576,0.17125,2360400.02,3550926774.07
11/21/2008,ProShares Ultra S&P500,SSO,1.333125,1.18375,12.61880,0.149375,2472000.02,3295485021.33
11/20/2008,ProShares Ultra S&P500,SSO,1.18375,1.366875,-13.39735,-0.183125,2346000.02,2777077518.94
11/19/2008,ProShares Ultra S&P500,SSO,1.366875,1.5575,-12.23917,-0.190625,2179200.02,2978694021.87
11/18/2008,ProShares Ultra S&P500,SSO,1.5575,1.526875,2.00573,0.030625,2086800.02,3250191024.92
11/17/2008,ProShares Ultra S&P500,SSO,1.526875,1.609375,-5.12621,-0.0825,2044800.02,3122154024.43
11/14/2008,ProShares Ultra S&P500,SSO,1.609375,1.75625,-8.36299,-0.146875,2002800.02,3223256275.75
11/13/2008,ProShares Ultra S&P500,SSO,1.75625,1.5425,13.85737,0.21375,2002800.02,3517417528.1
11/12/2008,ProShares Ultra S&P500,SSO,1.5425,1.719375,-10.28717,-0.176875,1786800.02,2756139024.68
11/11/2008,ProShares Ultra S&P500,SSO,1.719375,1.799375,-4.44599,-0.08,1633200.02,2808083277.51
11/10/2008,ProShares Ultra S&P500,SSO,1.799375,1.845625,-2.50593,-0.04625,1574400.02,2832936028.79
11/07/2008,ProShares Ultra S&P500,SSO,1.845625,1.74375,5.84229,0.101875,1574400.02,2905752029.53
11/06/2008,ProShares Ultra S&P500,SSO,1.74375,1.938125,-10.02902,-0.194375,1526400.02,2661660027.9
11/05/2008,ProShares Ultra S&P500,SSO,1.938125,2.16375,-10.42750,-0.225625,1434000.02,2779271281.01
11/04/2008,ProShares Ultra S&P500,SSO,2.16375,2.00125,8.11993,0.1625,1434000.02,3102817534.62
11/03/2008,ProShares Ultra S&P500,SSO,2.00125,2.0125,-0.55901,-0.01125,1464000.02,2929830032.02
10/31/2008,ProShares Ultra S&P500,SSO,2.0125,1.951875,3.10599,0.060625,1459200.02,2936640032.2
10/30/2008,ProShares Ultra S&P500,SSO,1.951875,1.8525,5.36437,0.099375,1459200.02,2848176031.23
10/29/2008,ProShares Ultra S&P500,SSO,1.8525,1.896875,-2.33937,-0.044375,1528800.02,2832102029.64
10/28/2008,ProShares Ultra S&P500,SSO,1.896875,1.56,21.59455,0.336875,1549200.02,2938638780.35
10/27/2008,ProShares Ultra S&P500,SSO,1.56,1.66625,-6.37659,-0.10625,1482000.02,2311920024.96
10/24/2008,ProShares Ultra S&P500,SSO,1.66625,1.79125,-6.97837,-0.125,1452000.02,2419395026.66
10/23/2008,ProShares Ultra S&P500,SSO,1.79125,1.7475,2.50358,0.04375,1437600.02,2575101028.66
10/22/2008,ProShares Ultra S&P500,SSO,1.7475,1.988125,-12.10311,-0.240625,1358400.02,2373804027.96
10/21/2008,ProShares Ultra S&P500,SSO,1.988125,2.12,-6.22052,-0.131875,1239600.02,2464479781.81
10/20/2008,ProShares Ultra S&P500,SSO,2.12,1.935625,9.52535,0.184375,1190400.02,2523648033.92
10/17/2008,ProShares Ultra S&P500,SSO,1.935625,1.96,-1.24362,-0.024375,1191600.02,2306490780.97
10/16/2008,ProShares Ultra S&P500,SSO,1.96,1.806875,8.47458,0.153125,1173600.02,2300256031.36
10/15/2008,ProShares Ultra S&P500,SSO,1.806875,2.20625,-18.10198,-0.399375,1069200.02,1931910778.91
10/14/2008,ProShares Ultra S&P500,SSO,2.20625,2.23125,-1.12045,-0.025,1058400.02,2335095035.3
10/13/2008,ProShares Ultra S&P500,SSO,2.23125,1.811875,23.14591,0.419375,1124400.02,2508817535.7
10/10/2008,ProShares Ultra S&P500,SSO,1.811875,1.855625,-2.35770,-0.04375,1074000.02,1945953778.99
10/09/2008,ProShares Ultra S&P500,SSO,1.855625,2.1875,-15.17143,-0.331875,889200.02,1650021779.69
10/08/2008,ProShares Ultra S&P500,SSO,2.1875,2.236875,-2.20732,-0.049375,813600.02,1779750035
10/07/2008,ProShares Ultra S&P500,SSO,2.236875,2.53,-11.58597,-0.293125,769200.02,1720604285.79
10/06/2008,ProShares Ultra S&P500,SSO,2.53,2.74,-7.66423,-0.21,718800.02,1818564040.48
10/03/2008,ProShares Ultra S&P500,SSO,2.74,2.815625,-2.68590,-0.075625,642000.02,1759080043.84
10/02/2008,ProShares Ultra S&P500,SSO,2.815625,3.061875,-8.04246,-0.24625,630000.02,1773843795.05
10/01/2008,ProShares Ultra S&P500,SSO,3.061875,3.090625,-0.93023,-0.02875,580800.02,1778337048.99
09/30/2008,ProShares Ultra S&P500,SSO,3.090625,2.790625,10.75028,0.3,559200.02,1728277549.45
09/29/2008,ProShares Ultra S&P500,SSO,2.790625,3.37875,-17.40659,-0.588125,532800.02,1486845044.65
09/26/2008,ProShares Ultra S&P500,SSO,3.37875,3.355625,0.68914,0.023125,513600.02,1735326054.06
09/25/2008,ProShares Ultra S&P500,SSO,3.355625,3.228125,3.94966,0.1275,504000.02,1691235053.69
09/24/2008,ProShares Ultra S&P500,SSO,3.228125,3.249375,-0.65397,-0.02125,510000.02,1646343801.65
09/23/2008,ProShares Ultra S&P500,SSO,3.249375,3.354375,-3.13024,-0.105,480000.02,1559700051.99
09/22/2008,ProShares Ultra S&P500,SSO,3.354375,3.630625,-7.60888,-0.27625,440400.02,1477266803.67
09/19/2008,ProShares Ultra S&P500,SSO,3.630625,3.36125,8.01413,0.269375,440400.02,1598927308.09
09/18/2008,ProShares Ultra S&P500,SSO,3.36125,3.0925,8.69038,0.26875,434400.02,1460127053.78
09/17/2008,ProShares Ultra S&P500,SSO,3.0925,3.415,-9.44363,-0.3225,416400.02,1287717049.48
09/16/2008,ProShares Ultra S&P500,SSO,3.415,3.30125,3.44566,0.11375,363600.02,1241694054.64
09/15/2008,ProShares Ultra S&P500,SSO,3.30125,3.643125,-9.38411,-0.341875,338400.02,1117143052.82
09/12/2008,ProShares Ultra S&P500,SSO,3.643125,3.628125,0.41344,0.015,337200.02,1228461808.29
09/11/2008,ProShares Ultra S&P500,SSO,3.628125,3.52875,2.81615,0.099375,336000.02,1219050058.05
09/10/2008,ProShares Ultra S&P500,SSO,3.52875,3.48625,1.21907,0.0425,334800.02,1181425556.46
09/09/2008,ProShares Ultra S&P500,SSO,3.48625,3.7425,-6.84703,-0.25625,334800.02,1167196555.78
09/08/2008,ProShares Ultra S&P500,SSO,3.7425,3.59375,4.13913,0.14875,340800.02,1275444059.88
09/05/2008,ProShares Ultra S&P500,SSO,3.59375,3.5625,0.87719,0.03125,339600.02,1220437557.5
09/04/2008,ProShares Ultra S&P500,SSO,3.5625,3.789375,-5.98714,-0.226875,339600.02,1209825057
09/03/2008,ProShares Ultra S&P500,SSO,3.789375,3.801875,-0.32879,-0.0125,312000.02,1182285060.63
09/02/2008,ProShares Ultra S&P500,SSO,3.801875,3.834375,-0.84760,-0.0325,304800.02,1158811560.83
08/29/2008,ProShares Ultra S&P500,SSO,3.834375,3.94125,-2.71170,-0.106875,304800.02,1168717561.35
08/28/2008,ProShares Ultra S&P500,SSO,3.94125,3.8275,2.97191,0.11375,309600.02,1220211063.06
08/27/2008,ProShares Ultra S&P500,SSO,3.8275,3.7675,1.59257,0.06,315600.02,1207959061.24
08/26/2008,ProShares Ultra S&P500,SSO,3.7675,3.740625,0.71846,0.026875,324000.02,1220670060.28
08/25/2008,ProShares Ultra S&P500,SSO,3.740625,3.893125,-3.91716,-0.1525,324000.02,1211962559.85
08/22/2008,ProShares Ultra S&P500,SSO,3.893125,3.80625,2.28243,0.086875,324000.02,1261372562.29
08/21/2008,ProShares Ultra S&P500,SSO,3.80625,3.7875,0.49505,0.01875,324000.02,1233225060.9
08/20/2008,ProShares Ultra S&P500,SSO,3.7875,3.741875,1.21931,0.045625,324000.02,1227150060.6
08/19/2008,ProShares Ultra S&P500,SSO,3.741875,3.8125,-1.85246,-0.070625,331200.02,1239309059.87
08/18/2008,ProShares Ultra S&P500,SSO,3.8125,3.93125,-3.02067,-0.11875,331200.02,1262700061
08/15/2008,ProShares Ultra S&P500,SSO,3.93125,3.89875,0.83360,0.0325,331200.02,1302030062.9
08/14/2008,ProShares Ultra S&P500,SSO,3.89875,3.85625,1.10211,0.0425,331200.02,1291266062.38
08/13/2008,ProShares Ultra S&P500,SSO,3.85625,3.8775,-0.54803,-0.02125,331200.02,1277190061.7
08/12/2008,ProShares Ultra S&P500,SSO,3.8775,3.9725,-2.39144,-0.095,331200.02,1284228062.04
08/11/2008,ProShares Ultra S&P500,SSO,3.9725,3.91625,1.43632,0.05625,331200.02,1315692063.56
08/08/2008,ProShares Ultra S&P500,SSO,3.91625,3.73875,4.74758,0.1775,331200.02,1297062062.66
08/07/2008,ProShares Ultra S&P500,SSO,3.73875,3.8775,-3.57834,-0.13875,331200.02,1238274059.82
08/06/2008,ProShares Ultra S&P500,SSO,3.8775,3.848125,0.76336,0.029375,331200.02,1284228062.04
08/05/2008,ProShares Ultra S&P500,SSO,3.848125,3.639375,5.73587,0.20875,331200.02,1274499061.57
08/04/2008,ProShares Ultra S&P500,SSO,3.639375,3.70625,-1.80438,-0.066875,331200.02,1205361058.23
08/01/2008,ProShares Ultra S&P500,SSO,3.70625,3.748125,-1.11723,-0.041875,325200.02,1205272559.3
07/31/2008,ProShares Ultra S&P500,SSO,3.748125,3.848125,-2.59867,-0.1,325200.02,1218890309.97
07/30/2008,ProShares Ultra S&P500,SSO,3.848125,3.724375,3.32271,0.12375,325200.02,1251410311.57
07/29/2008,ProShares Ultra S&P500,SSO,3.724375,3.55875,4.65402,0.165625,325200.02,1211166809.59
07/28/2008,ProShares Ultra S&P500,SSO,3.55875,3.695625,-3.70370,-0.136875,325200.02,1157305556.94
07/25/2008,ProShares Ultra S&P500,SSO,3.695625,3.66625,0.80123,0.029375,325200.02,1201817309.13
07/24/2008,ProShares Ultra S&P500,SSO,3.66625,3.84375,-4.61789,-0.1775,325200.02,1192264558.66
07/23/2008,ProShares Ultra S&P500,SSO,3.84375,3.81375,0.78663,0.03,325200.02,1249987561.5
07/22/2008,ProShares Ultra S&P500,SSO,3.81375,3.71375,2.69270,0.1,325200.02,1240231561.02
07/21/2008,ProShares Ultra S&P500,SSO,3.71375,3.7175,-0.10087,-0.00375,325200.02,1207711559.42
07/18/2008,ProShares Ultra S&P500,SSO,3.7175,3.715625,0.05046,0.001875,325200.02,1208931059.48
07/17/2008,ProShares Ultra S&P500,SSO,3.715625,3.62875,2.39408,0.086875,325200.02,1208321309.45
07/16/2008,ProShares Ultra S&P500,SSO,3.62875,3.455625,5.00995,0.173125,318000.02,1153942558.06
07/15/2008,ProShares Ultra S&P500,SSO,3.455625,3.533125,-2.19353,-0.0775,318000.02,1098888805.29
07/14/2008,ProShares Ultra S&P500,SSO,3.533125,3.59875,-1.82355,-0.065625,300000.02,1059937556.53
07/11/2008,ProShares Ultra S&P500,SSO,3.59875,3.68,-2.20788,-0.08125,300000.02,1079625057.58
07/10/2008,ProShares Ultra S&P500,SSO,3.68,3.629375,1.39487,0.050625,288000.02,1059840058.88
07/09/2008,ProShares Ultra S&P500,SSO,3.629375,3.803125,-4.56861,-0.17375,288000.02,1045260058.07
07/08/2008,ProShares Ultra S&P500,SSO,3.803125,3.674375,3.50400,0.12875,264000.02,1004025060.85
07/07/2008,ProShares Ultra S&P500,SSO,3.674375,3.738125,-1.70540,-0.06375,255600.02,939170308.79
07/03/2008,ProShares Ultra S&P500,SSO,3.738125,3.73,0.21783,0.008125,246000.02,919578809.81
07/02/2008,ProShares Ultra S&P500,SSO,3.73,3.870625,-3.63313,-0.140625,246000.02,917580059.68
07/01/2008,ProShares Ultra S&P500,SSO,3.870625,3.84125,0.76473,0.029375,235200.02,910371061.93
06/30/2008,ProShares Ultra S&P500,SSO,3.84125,3.8325,0.22831,0.00875,224400.02,861976561.46
06/27/2008,ProShares Ultra S&P500,SSO,3.8325,3.860625,-0.72851,-0.028125,224400.02,860013061.32
06/26/2008,ProShares Ultra S&P500,SSO,3.860625,4.099375,-5.82406,-0.23875,224400.02,866324311.77
06/25/2008,ProShares Ultra S&P500,SSO,4.099375,4.053125,1.14109,0.04625,208800.02,855949565.59
06/24/2008,ProShares Ultra S&P500,SSO,4.053125,4.09,-0.90159,-0.036875,204000.02,826837564.85
06/23/2008,ProShares Ultra S&P500,SSO,4.09,4.089375,0.01528,0.000625,204000.02,834360065.44
06/20/2008,ProShares Ultra S&P500,SSO,4.089375,4.2475,-3.72278,-0.158125,204000.02,834232565.43
06/19/2008,ProShares Ultra S&P500,SSO,4.2475,4.214375,0.78600,0.033125,204000.02,866490067.96
06/18/2008,ProShares Ultra S&P500,SSO,4.214375,4.29875,-1.96278,-0.084375,204000.02,859732567.43
06/17/2008,ProShares Ultra S&P500,SSO,4.29875,4.358125,-1.36240,-0.059375,204000.02,876945068.78
06/16/2008,ProShares Ultra S&P500,SSO,4.358125,4.3575,0.01434,0.000625,204000.02,889057569.73
06/13/2008,ProShares Ultra S&P500,SSO,4.3575,4.230625,2.99897,0.126875,204000.02,888930069.72
06/12/2008,ProShares Ultra S&P500,SSO,4.230625,4.2025,0.66924,0.028125,204000.02,863047567.69
06/11/2008,ProShares Ultra S&P500,SSO,4.2025,4.348125,-3.34914,-0.145625,204000.02,857310067.24
06/10/2008,ProShares Ultra S&P500,SSO,4.348125,4.370625,-0.51480,-0.0225,204000.02,887017569.57
06/09/2008,ProShares Ultra S&P500,SSO,4.370625,4.363125,0.17190,0.0075,195600.02,854894319.93
06/06/2008,ProShares Ultra S&P500,SSO,4.363125,4.65,-6.16935,-0.286875,195600.02,853427319.81
06/05/2008,ProShares Ultra S&P500,SSO,4.65,4.475625,3.89610,0.174375,195600.02,909540074.4
06/04/2008,ProShares Ultra S&P500,SSO,4.475625,4.475625,0.00000,0,195600.02,875432321.61
06/03/2008,ProShares Ultra S&P500,SSO,4.475625,4.5275,-1.14578,-0.051875,195600.02,875432321.61
06/02/2008,ProShares Ultra S&P500,SSO,4.5275,4.624375,-2.09488,-0.096875,195600.02,885579072.44
05/30/2008,ProShares Ultra S&P500,SSO,4.624375,4.61125,0.28463,0.013125,195600.02,904527823.99
05/29/2008,ProShares Ultra S&P500,SSO,4.61125,4.5625,1.06849,0.04875,202800.02,935161573.78
05/28/2008,ProShares Ultra S&P500,SSO,4.5625,4.525625,0.81480,0.036875,201600.02,919800073
05/27/2008,ProShares Ultra S&P500,SSO,4.525625,4.465625,1.34360,0.06,201600.02,912366072.41
05/23/2008,ProShares Ultra S&P500,SSO,4.465625,4.58625,-2.63014,-0.120625,201600.02,900270071.45
05/22/2008,ProShares Ultra S&P500,SSO,4.58625,4.561875,0.53432,0.024375,201600.02,924588073.38
05/21/2008,ProShares Ultra S&P500,SSO,4.561875,4.714375,-3.23479,-0.1525,201600.02,919674072.99
05/20/2008,ProShares Ultra S&P500,SSO,4.714375,4.80375,-1.86053,-0.089375,201600.02,950418075.43
05/19/2008,ProShares Ultra S&P500,SSO,4.80375,4.795,0.18248,0.00875,212400.02,1020316576.86
05/16/2008,ProShares Ultra S&P500,SSO,4.795,4.78375,0.23517,0.01125,222000.02,1064490076.72
05/15/2008,ProShares Ultra S&P500,SSO,4.78375,4.683125,2.14867,0.100625,222000.02,1061992576.54
05/14/2008,ProShares Ultra S&P500,SSO,4.683125,4.645625,0.80721,0.0375,222000.02,1039653824.93
05/13/2008,ProShares Ultra S&P500,SSO,4.645625,4.6475,-0.04034,-0.001875,222000.02,1031328824.33
05/12/2008,ProShares Ultra S&P500,SSO,4.6475,4.5475,2.19901,0.1,222000.02,1031745074.36
05/09/2008,ProShares Ultra S&P500,SSO,4.5475,4.608125,-1.31561,-0.060625,222000.02,1009545072.76
05/08/2008,ProShares Ultra S&P500,SSO,4.608125,4.574375,0.73781,0.03375,226800.02,1045122823.73
05/07/2008,ProShares Ultra S&P500,SSO,4.574375,4.744375,-3.58319,-0.17,226800.02,1037468323.19
05/06/2008,ProShares Ultra S&P500,SSO,4.744375,4.6725,1.53826,0.071875,226800.02,1076024325.91
05/05/2008,ProShares Ultra S&P500,SSO,4.6725,4.715,-0.90138,-0.0425,234000.02,1093365074.76
05/02/2008,ProShares Ultra S&P500,SSO,4.715,4.685625,0.62692,0.029375,234000.02,1103310075.44
05/01/2008,ProShares Ultra S&P500,SSO,4.685625,4.528125,3.47826,0.1575,234000.02,1096436324.97
04/30/2008,ProShares Ultra S&P500,SSO,4.528125,4.565,-0.80778,-0.036875,241200.02,1092183822.45
04/29/2008,ProShares Ultra S&P500,SSO,4.565,4.60125,-0.78783,-0.03625,247200.02,1128468073.04
04/28/2008,ProShares Ultra S&P500,SSO,4.60125,4.61125,-0.21686,-0.01,247200.02,1137429073.62
04/25/2008,ProShares Ultra S&P500,SSO,4.61125,4.5525,1.29050,0.05875,247200.02,1139901073.78
04/24/2008,ProShares Ultra S&P500,SSO,4.5525,4.495,1.27920,0.0575,247200.02,1125378072.84
04/23/2008,ProShares Ultra S&P500,SSO,4.495,4.470625,0.54523,0.024375,247200.02,1111164071.92
04/22/2008,ProShares Ultra S&P500,SSO,4.470625,4.550625,-1.75800,-0.08,247200.02,1105138571.53
04/21/2008,ProShares Ultra S&P500,SSO,4.550625,4.565625,-0.32854,-0.015,247200.02,1124914572.81
04/18/2008,ProShares Ultra S&P500,SSO,4.565625,4.405625,3.63172,0.16,247200.02,1128622573.05
04/17/2008,ProShares Ultra S&P500,SSO,4.405625,4.4,0.12784,0.005625,247200.02,1089070570.49
04/16/2008,ProShares Ultra S&P500,SSO,4.4,4.210625,4.49755,0.189375,247200.02,1087680070.4
04/15/2008,ProShares Ultra S&P500,SSO,4.210625,4.171875,0.92884,0.03875,247200.02,1040866567.37
04/14/2008,ProShares Ultra S&P500,SSO,4.171875,4.200625,-0.68442,-0.02875,247200.02,1031287566.75
04/11/2008,ProShares Ultra S&P500,SSO,4.200625,4.37875,-4.06794,-0.178125,241200.02,1013190817.21
04/10/2008,ProShares Ultra S&P500,SSO,4.37875,4.340625,0.87833,0.038125,241200.02,1056154570.06
04/09/2008,ProShares Ultra S&P500,SSO,4.340625,4.4125,-1.62890,-0.071875,241200.02,1046958819.45
04/08/2008,ProShares Ultra S&P500,SSO,4.4125,4.455,-0.95398,-0.0425,236400.02,1043115070.6
04/07/2008,ProShares Ultra S&P500,SSO,4.455,4.4425,0.28137,0.0125,236400.02,1053162071.28
04/04/2008,ProShares Ultra S&P500,SSO,4.4425,4.435,0.16911,0.0075,236400.02,1050207071.08
04/03/2008,ProShares Ultra S&P500,SSO,4.435,4.424375,0.24015,0.010625,236400.02,1048434070.96
04/02/2008,ProShares Ultra S&P500,SSO,4.424375,4.44125,-0.37996,-0.016875,236400.02,1045922320.79
04/01/2008,ProShares Ultra S&P500,SSO,4.44125,4.143125,7.19566,0.298125,236400.02,1049911571.06
03/31/2008,ProShares Ultra S&P500,SSO,4.143125,4.0975,1.11348,0.045625,236400.02,979434816.29
03/28/2008,ProShares Ultra S&P500,SSO,4.0975,4.16375,-1.59111,-0.06625,231600.02,948981065.56
03/27/2008,ProShares Ultra S&P500,SSO,4.16375,4.26,-2.25939,-0.09625,231600.02,964324566.62
03/26/2008,ProShares Ultra S&P500,SSO,4.26,4.336875,-1.77259,-0.076875,231600.02,986616068.16
03/25/2008,ProShares Ultra S&P500,SSO,4.336875,4.326875,0.23111,0.01,231600.02,1004420319.39
03/24/2008,ProShares Ultra S&P500,SSO,4.326875,4.199375,3.03617,0.1275,231600.02,1002104319.23
03/20/2008,ProShares Ultra S&P500,SSO,4.199375,4.0075,4.78790,0.191875,231600.02,972575317.19
03/19/2008,ProShares Ultra S&P500,SSO,4.0075,4.2125,-4.86647,-0.205,224400.02,899283064.12
03/18/2008,ProShares Ultra S&P500,SSO,4.2125,3.883125,8.48221,0.329375,224400.02,945285067.4
03/17/2008,ProShares Ultra S&P500,SSO,3.883125,3.954375,-1.80180,-0.07125,224400.02,871373312.13
03/14/2008,ProShares Ultra S&P500,SSO,3.954375,4.12625,-4.16540,-0.171875,224400.02,887361813.27
03/13/2008,ProShares Ultra S&P500,SSO,4.12625,4.084375,1.02525,0.041875,205200.02,846706566.02
03/12/2008,ProShares Ultra S&P500,SSO,4.084375,4.158125,-1.77364,-0.07375,205200.02,838113815.35
03/11/2008,ProShares Ultra S&P500,SSO,4.158125,3.87125,7.41040,0.286875,201600.02,838278066.53
03/10/2008,ProShares Ultra S&P500,SSO,3.87125,3.995,-3.09762,-0.12375,199200.02,771153061.94
03/07/2008,ProShares Ultra S&P500,SSO,3.995,4.06375,-1.69179,-0.06875,192000.02,767040063.92
03/06/2008,ProShares Ultra S&P500,SSO,4.06375,4.249375,-4.36829,-0.185625,192000.02,780240065.02
03/05/2008,ProShares Ultra S&P500,SSO,4.249375,4.2025,1.11541,0.046875,189600.02,805681567.99
03/04/2008,ProShares Ultra S&P500,SSO,4.2025,4.2325,-0.70880,-0.03,189600.02,796794067.24
03/03/2008,ProShares Ultra S&P500,SSO,4.2325,4.22875,0.08868,0.00375,189600.02,802482067.72
02/29/2008,ProShares Ultra S&P500,SSO,4.22875,4.470625,-5.41032,-0.241875,189600.02,801771067.66
02/28/2008,ProShares Ultra S&P500,SSO,4.470625,4.55125,-1.77149,-0.080625,189600.02,847630571.53
02/27/2008,ProShares Ultra S&P500,SSO,4.55125,4.559375,-0.17820,-0.008125,189600.02,862917072.82
02/26/2008,ProShares Ultra S&P500,SSO,4.559375,4.4975,1.37576,0.061875,189600.02,864457572.95
02/25/2008,ProShares Ultra S&P500,SSO,4.4975,4.378125,2.72662,0.119375,189600.02,852726071.96
02/22/2008,ProShares Ultra S&P500,SSO,4.378125,4.30875,1.61010,0.069375,189600.02,830092570.05
02/21/2008,ProShares Ultra S&P500,SSO,4.30875,4.42,-2.51697,-0.11125,189600.02,816939068.94
02/20/2008,ProShares Ultra S&P500,SSO,4.42,4.34875,1.63840,0.07125,189600.02,838032070.72
02/19/2008,ProShares Ultra S&P500,SSO,4.34875,4.35625,-0.17217,-0.0075,189600.02,824523069.58
02/15/2008,ProShares Ultra S&P500,SSO,4.35625,4.34875,0.17246,0.0075,189600.02,825945069.7
02/14/2008,ProShares Ultra S&P500,SSO,4.34875,4.46875,-2.68531,-0.12,189600.02,824523069.58
02/13/2008,ProShares Ultra S&P500,SSO,4.46875,4.349375,2.74465,0.119375,189600.02,847275071.5
02/12/2008,ProShares Ultra S&P500,SSO,4.349375,4.286875,1.45794,0.0625,189600.02,824641569.59
02/11/2008,ProShares Ultra S&P500,SSO,4.286875,4.2375,1.16519,0.049375,189600.02,812791568.59
02/08/2008,ProShares Ultra S&P500,SSO,4.2375,4.27375,-0.84820,-0.03625,189600.02,803430067.8
02/07/2008,ProShares Ultra S&P500,SSO,4.27375,4.20625,1.60475,0.0675,181200.02,774403568.38
02/06/2008,ProShares Ultra S&P500,SSO,4.20625,4.26875,-1.46413,-0.0625,181200.02,762172567.3
02/05/2008,ProShares Ultra S&P500,SSO,4.26875,4.559375,-6.37423,-0.290625,181200.02,773497568.3
02/04/2008,ProShares Ultra S&P500,SSO,4.559375,4.65875,-2.13308,-0.099375,177600.02,809745072.95
02/01/2008,ProShares Ultra S&P500,SSO,4.65875,4.54625,2.47457,0.1125,177600.02,827394074.54
01/31/2008,ProShares Ultra S&P500,SSO,4.54625,4.39875,3.35323,0.1475,194400.02,883791072.74
01/30/2008,ProShares Ultra S&P500,SSO,4.39875,4.441875,-0.97087,-0.043125,194400.02,855117070.38
01/29/2008,ProShares Ultra S&P500,SSO,4.441875,4.388125,1.22490,0.05375,198000.02,879491321.07
01/28/2008,ProShares Ultra S&P500,SSO,4.388125,4.240625,3.47826,0.1475,198000.02,868848820.21
01/25/2008,ProShares Ultra S&P500,SSO,4.240625,4.38,-3.18208,-0.139375,198000.02,839643817.85
01/24/2008,ProShares Ultra S&P500,SSO,4.38,4.294375,1.99389,0.085625,193200.02,846216070.08
01/23/2008,ProShares Ultra S&P500,SSO,4.294375,4.118125,4.27986,0.17625,183600.02,788447318.71
01/22/2008,ProShares Ultra S&P500,SSO,4.118125,4.215,-2.29834,-0.096875,178800.02,736320815.89
01/18/2008,ProShares Ultra S&P500,SSO,4.215,4.266875,-1.21576,-0.051875,148800.02,627192067.44
01/17/2008,ProShares Ultra S&P500,SSO,4.266875,4.530625,-5.82149,-0.26375,145200.02,619550318.27
01/16/2008,ProShares Ultra S&P500,SSO,4.530625,4.581875,-1.11854,-0.05125,127200.02,576295572.49
01/15/2008,ProShares Ultra S&P500,SSO,4.581875,4.823125,-5.00194,-0.24125,127200.02,582814573.31
01/14/2008,ProShares Ultra S&P500,SSO,4.823125,4.723125,2.11724,0.1,127200.02,613501577.17
01/11/2008,ProShares Ultra S&P500,SSO,4.723125,4.855,-2.71627,-0.131875,127200.02,600781575.57
01/10/2008,ProShares Ultra S&P500,SSO,4.855,4.779375,1.58232,0.075625,127200.02,617556077.68
01/09/2008,ProShares Ultra S&P500,SSO,4.779375,4.6525,2.72703,0.126875,127200.02,607936576.47
01/08/2008,ProShares Ultra S&P500,SSO,4.6525,4.828125,-3.63754,-0.175625,127200.02,591798074.44
01/07/2008,ProShares Ultra S&P500,SSO,4.828125,4.79875,0.61214,0.029375,123600.02,596756327.25
01/04/2008,ProShares Ultra S&P500,SSO,4.79875,5.0475,-4.92818,-0.24875,114000.02,547057576.78
01/03/2008,ProShares Ultra S&P500,SSO,5.0475,5.04875,-0.02476,-0.00125,109200.02,551187080.76
01/02/2008,ProShares Ultra S&P500,SSO,5.04875,5.1975,-2.86195,-0.14875,109200.02,551323580.78
12/31/2007,ProShares Ultra S&P500,SSO,5.1975,5.273125,-1.43416,-0.075625,109200.02,567567083.16
12/28/2007,ProShares Ultra S&P500,SSO,5.273125,5.25875,0.27335,0.014375,109200.02,575825334.37
12/27/2007,ProShares Ultra S&P500,SSO,5.25875,5.41125,-2.81820,-0.1525,112800.02,593187084.14
12/26/2007,ProShares Ultra S&P500,SSO,5.41125,5.405,0.11563,0.00625,112800.02,610389086.58
12/24/2007,ProShares Ultra S&P500,SSO,5.405,5.32125,1.57388,0.08375,118800.02,642114086.48
12/21/2007,ProShares Ultra S&P500,SSO,5.32125,5.14875,3.35033,0.1725,118800.02,632164585.14
12/20/2007,ProShares Ultra S&P500,SSO,5.14875,5.3225,-3.26444,-0.17375,118800.02,611671582.38
12/19/2007,ProShares Ultra S&P500,SSO,5.3225,5.3375,-0.28103,-0.015,118800.02,632313085.16
12/18/2007,ProShares Ultra S&P500,SSO,5.3375,5.2725,1.23281,0.065,110400.02,589260085.4
12/17/2007,ProShares Ultra S&P500,SSO,5.2725,5.438125,-3.04563,-0.165625,110400.02,582084084.36
12/14/2007,ProShares Ultra S&P500,SSO,5.438125,5.5925,-2.76039,-0.154375,110400.02,600369087.01
12/13/2007,ProShares Ultra S&P500,SSO,5.5925,5.579375,0.23524,0.013125,110400.02,617412089.48
12/12/2007,ProShares Ultra S&P500,SSO,5.579375,5.511875,1.22463,0.0675,110400.02,615963089.27
12/11/2007,ProShares Ultra S&P500,SSO,5.511875,5.806875,-5.08019,-0.295,110400.02,608511088.19
12/10/2007,ProShares Ultra S&P500,SSO,5.806875,5.7225,1.47444,0.084375,110400.02,641079092.91
12/07/2007,ProShares Ultra S&P500,SSO,5.7225,5.74375,-0.36997,-0.02125,110400.02,631764091.56
12/06/2007,ProShares Ultra S&P500,SSO,5.74375,5.57625,3.00381,0.1675,110400.02,634110091.9
12/05/2007,ProShares Ultra S&P500,SSO,5.57625,5.4075,3.12067,0.16875,110400.02,615618089.22
12/04/2007,ProShares Ultra S&P500,SSO,5.4075,5.48,-1.32299,-0.0725,110400.02,596988086.52
12/03/2007,ProShares Ultra S&P500,SSO,5.48,5.5475,-1.21676,-0.0675,110400.02,604992087.68
11/30/2007,ProShares Ultra S&P500,SSO,5.5475,5.463125,1.54445,0.084375,110400.02,612444088.76
11/29/2007,ProShares Ultra S&P500,SSO,5.463125,5.45875,0.08015,0.004375,110400.02,603129087.41
11/28/2007,ProShares Ultra S&P500,SSO,5.45875,5.16125,5.76411,0.2975,110400.02,602646087.34
11/27/2007,ProShares Ultra S&P500,SSO,5.16125,5.01125,2.99327,0.15,110400.02,569802082.58
11/26/2007,ProShares Ultra S&P500,SSO,5.01125,5.258125,-4.69511,-0.246875,102000.02,511147580.18
11/23/2007,ProShares Ultra S&P500,SSO,5.258125,5.086875,3.36651,0.17125,102000.02,536328834.13
11/21/2007,ProShares Ultra S&P500,SSO,5.086875,5.255,-3.19933,-0.168125,102000.02,518861331.39
11/20/2007,ProShares Ultra S&P500,SSO,5.255,5.20875,0.88793,0.04625,98400.02,517092084.08
11/19/2007,ProShares Ultra S&P500,SSO,5.20875,5.399375,-3.53050,-0.190625,98400.02,512541083.34
11/16/2007,ProShares Ultra S&P500,SSO,5.399375,5.344375,1.02912,0.055,94800.02,511860836.39
11/15/2007,ProShares Ultra S&P500,SSO,5.344375,5.48875,-2.63038,-0.144375,94800.02,506646835.51
11/14/2007,ProShares Ultra S&P500,SSO,5.48875,5.56625,-1.39232,-0.0775,94800.02,520333587.82
11/13/2007,ProShares Ultra S&P500,SSO,5.56625,5.2575,5.87256,0.30875,94800.02,527680589.06
11/12/2007,ProShares Ultra S&P500,SSO,5.2575,5.366875,-2.03796,-0.109375,87600.02,460557084.12
11/09/2007,ProShares Ultra S&P500,SSO,5.366875,5.52625,-2.88396,-0.159375,87600.02,470138335.87
11/08/2007,ProShares Ultra S&P500,SSO,5.52625,5.5325,-0.11297,-0.00625,87600.02,484099588.42
11/07/2007,ProShares Ultra S&P500,SSO,5.5325,5.87375,-5.80975,-0.34125,87600.02,484647088.52
11/06/2007,ProShares Ultra S&P500,SSO,5.87375,5.735625,2.40819,0.138125,87600.02,514540593.98
11/05/2007,ProShares Ultra S&P500,SSO,5.735625,5.795625,-1.03526,-0.06,87600.02,502440841.77
11/02/2007,ProShares Ultra S&P500,SSO,5.795625,5.785625,0.17284,0.01,82800.02,479877842.73
11/01/2007,ProShares Ultra S&P500,SSO,5.785625,6.106875,-5.26046,-0.32125,82800.02,479049842.57
10/31/2007,ProShares Ultra S&P500,SSO,6.106875,5.964375,2.38919,0.1425,82800.02,505649347.71
10/30/2007,ProShares Ultra S&P500,SSO,5.964375,6.043125,-1.30313,-0.07875,82800.02,493850345.43
10/29/2007,ProShares Ultra S&P500,SSO,6.043125,6,0.71875,0.043125,82800.02,500370846.69
10/26/2007,ProShares Ultra S&P500,SSO,6,5.84,2.73973,0.16,82800.02,496800096
10/25/2007,ProShares Ultra S&P500,SSO,5.84,5.8525,-0.21358,-0.0125,82800.02,483552093.44
10/24/2007,ProShares Ultra S&P500,SSO,5.8525,5.881875,-0.49942,-0.029375,82800.02,484587093.64
10/23/2007,ProShares Ultra S&P500,SSO,5.881875,5.78125,1.74054,0.100625,82800.02,487019344.11
10/22/2007,ProShares Ultra S&P500,SSO,5.78125,5.74,0.71864,0.04125,80400.02,464812592.5
10/19/2007,ProShares Ultra S&P500,SSO,5.74,6.05125,-5.14357,-0.31125,80400.02,461496091.84
10/18/2007,ProShares Ultra S&P500,SSO,6.05125,6.06125,-0.16498,-0.01,80400.02,486520596.82
10/17/2007,ProShares Ultra S&P500,SSO,6.06125,6.04,0.35182,0.02125,80400.02,487324596.98
10/16/2007,ProShares Ultra S&P500,SSO,6.04,6.121875,-1.33742,-0.081875,80400.02,485616096.64
10/15/2007,ProShares Ultra S&P500,SSO,6.121875,6.22875,-1.71583,-0.106875,80400.02,492198847.95
10/12/2007,ProShares Ultra S&P500,SSO,6.22875,6.17125,0.93174,0.0575,80400.02,500791599.66
10/11/2007,ProShares Ultra S&P500,SSO,6.17125,6.235,-1.02245,-0.06375,80400.02,496168598.74
10/10/2007,ProShares Ultra S&P500,SSO,6.235,6.2575,-0.35957,-0.0225,80400.02,501294099.76
10/09/2007,ProShares Ultra S&P500,SSO,6.2575,6.15875,1.60341,0.09875,80400.02,503103100.12
10/08/2007,ProShares Ultra S&P500,SSO,6.15875,6.20125,-0.68535,-0.0425,80400.02,495163598.54
10/05/2007,ProShares Ultra S&P500,SSO,6.20125,6.0825,1.95232,0.11875,80400.02,498580599.22
10/04/2007,ProShares Ultra S&P500,SSO,6.0825,6.0575,0.41271,0.025,80400.02,489033097.32
10/03/2007,ProShares Ultra S&P500,SSO,6.0575,6.111875,-0.88966,-0.054375,80400.02,487023096.92
10/02/2007,ProShares Ultra S&P500,SSO,6.111875,6.11625,-0.07153,-0.004375,80400.02,491394847.79
10/01/2007,ProShares Ultra S&P500,SSO,6.11625,5.960625,2.61088,0.155625,80400.02,491746597.86
09/28/2007,ProShares Ultra S&P500,SSO,5.960625,5.9975,-0.61484,-0.036875,80400.02,479234345.37
09/27/2007,ProShares Ultra S&P500,SSO,5.9975,5.951875,0.76657,0.045625,80400.02,482199095.96
09/26/2007,ProShares Ultra S&P500,SSO,5.951875,5.888125,1.08269,0.06375,80400.02,478530845.23
09/25/2007,ProShares Ultra S&P500,SSO,5.888125,5.9075,-0.32797,-0.019375,80400.02,473405344.21
09/24/2007,ProShares Ultra S&P500,SSO,5.9075,5.9725,-1.08832,-0.065,80400.02,474963094.52
09/21/2007,ProShares Ultra S&P500,SSO,5.9725,5.919375,0.89748,0.053125,80400.02,480189095.56
09/20/2007,ProShares Ultra S&P500,SSO,5.919375,5.99875,-1.32319,-0.079375,80400.02,475917844.71
09/19/2007,ProShares Ultra S&P500,SSO,5.99875,5.9275,1.20202,0.07125,80400.02,482299595.98
09/18/2007,ProShares Ultra S&P500,SSO,5.9275,5.60125,5.82459,0.32625,80400.02,476571094.84
09/17/2007,ProShares Ultra S&P500,SSO,5.60125,5.661875,-1.07076,-0.060625,80400.02,450340589.62
09/14/2007,ProShares Ultra S&P500,SSO,5.661875,5.660625,0.02208,0.00125,80400.02,455214840.59
09/13/2007,ProShares Ultra S&P500,SSO,5.660625,5.5675,1.67265,0.093125,82800.02,468699840.57
09/12/2007,ProShares Ultra S&P500,SSO,5.5675,5.565,0.04492,0.0025,82800.02,460989089.08
09/11/2007,ProShares Ultra S&P500,SSO,5.565,5.418125,2.71081,0.146875,82800.02,460782089.04
09/10/2007,ProShares Ultra S&P500,SSO,5.418125,5.435,-0.31049,-0.016875,82800.02,448620836.69
09/07/2007,ProShares Ultra S&P500,SSO,5.435,5.625625,-3.38851,-0.190625,82800.02,450018086.96
09/06/2007,ProShares Ultra S&P500,SSO,5.625625,5.5775,0.86284,0.048125,82800.02,465801840.01
09/05/2007,ProShares Ultra S&P500,SSO,5.5775,5.705,-2.23488,-0.1275,82800.02,461817089.24
09/04/2007,ProShares Ultra S&P500,SSO,5.705,5.59,2.05725,0.115,82800.02,472374091.28
08/31/2007,ProShares Ultra S&P500,SSO,5.59,5.469375,2.20546,0.120625,82800.02,462852089.44
08/30/2007,ProShares Ultra S&P500,SSO,5.469375,5.51625,-0.84976,-0.046875,82800.02,452864337.51
08/29/2007,ProShares Ultra S&P500,SSO,5.51625,5.283125,4.41263,0.233125,82800.02,456745588.26
08/28/2007,ProShares Ultra S&P500,SSO,5.283125,5.543125,-4.69049,-0.26,82800.02,437442834.53
08/27/2007,ProShares Ultra S&P500,SSO,5.543125,5.641875,-1.75030,-0.09875,82800.02,458970838.69
08/24/2007,ProShares Ultra S&P500,SSO,5.641875,5.515,2.30054,0.126875,82800.02,467147340.27
08/23/2007,ProShares Ultra S&P500,SSO,5.515,5.5275,-0.22614,-0.0125,85200.02,469878088.24
08/22/2007,ProShares Ultra S&P500,SSO,5.5275,5.40125,2.33742,0.12625,85200.02,470943088.44
08/21/2007,ProShares Ultra S&P500,SSO,5.40125,5.39,0.20872,0.01125,85200.02,460186586.42
08/20/2007,ProShares Ultra S&P500,SSO,5.39,5.39625,-0.11582,-0.00625,82800.02,446292086.24
08/17/2007,ProShares Ultra S&P500,SSO,5.39625,5.14625,4.85791,0.25,82800.02,446809586.34
08/16/2007,ProShares Ultra S&P500,SSO,5.14625,5.1125,0.66015,0.03375,82800.02,426109582.34
08/15/2007,ProShares Ultra S&P500,SSO,5.1125,5.256875,-2.74640,-0.144375,73200.02,374235081.8
08/14/2007,ProShares Ultra S&P500,SSO,5.256875,5.455,-3.63199,-0.198125,69600.02,365878584.11
08/13/2007,ProShares Ultra S&P500,SSO,5.455,5.46125,-0.11444,-0.00625,67200.02,366576087.28
08/10/2007,ProShares Ultra S&P500,SSO,5.46125,5.45875,0.04580,0.0025,67200.02,366996087.38
08/09/2007,ProShares Ultra S&P500,SSO,5.45875,5.80125,-5.90390,-0.3425,64800.02,353727087.34
08/08/2007,ProShares Ultra S&P500,SSO,5.80125,5.639375,2.87044,0.161875,64800.02,375921092.82
08/07/2007,ProShares Ultra S&P500,SSO,5.639375,5.57125,1.22280,0.068125,63600.02,358664340.23
08/06/2007,ProShares Ultra S&P500,SSO,5.57125,5.316875,4.78430,0.254375,63600.02,354331589.14
08/03/2007,ProShares Ultra S&P500,SSO,5.316875,5.61625,-5.33051,-0.299375,58800.02,312632335.07
08/02/2007,ProShares Ultra S&P500,SSO,5.61625,5.56625,0.89827,0.05,58800.02,330235589.86
08/01/2007,ProShares Ultra S&P500,SSO,5.56625,5.486875,1.44663,0.079375,58800.02,327295589.06
07/31/2007,ProShares Ultra S&P500,SSO,5.486875,5.630625,-2.55300,-0.14375,58800.02,322628337.79
07/30/2007,ProShares Ultra S&P500,SSO,5.630625,5.52,2.00408,0.110625,58800.02,331080840.09
07/27/2007,ProShares Ultra S&P500,SSO,5.52,5.7025,-3.20035,-0.1825,49200.02,271584088.32
07/26/2007,ProShares Ultra S&P500,SSO,5.7025,5.981875,-4.67036,-0.279375,49200.02,280563091.24
07/25/2007,ProShares Ultra S&P500,SSO,5.981875,5.9275,0.91733,0.054375,43200.02,258417095.71
07/24/2007,ProShares Ultra S&P500,SSO,5.9275,6.173125,-3.97894,-0.245625,43200.02,256068094.84
07/23/2007,ProShares Ultra S&P500,SSO,6.173125,6.11625,0.92990,0.056875,43200.02,266679098.77
07/20/2007,ProShares Ultra S&P500,SSO,6.11625,6.270625,-2.46188,-0.154375,43200.02,264222097.86
07/19/2007,ProShares Ultra S&P500,SSO,6.270625,6.21625,0.87472,0.054375,43200.02,270891100.33
07/18/2007,ProShares Ultra S&P500,SSO,6.21625,6.241875,-0.41053,-0.025625,43200.02,268542099.46
07/17/2007,ProShares Ultra S&P500,SSO,6.241875,6.244375,-0.04004,-0.0025,43200.02,269649099.87
07/16/2007,ProShares Ultra S&P500,SSO,6.244375,6.27125,-0.42854,-0.026875,43200.02,269757099.91
07/13/2007,ProShares Ultra S&P500,SSO,6.27125,6.23375,0.60156,0.0375,43200.02,270918100.34
07/12/2007,ProShares Ultra S&P500,SSO,6.23375,6.005625,3.79852,0.228125,43200.02,269298099.74
07/11/2007,ProShares Ultra S&P500,SSO,6.005625,5.9375,1.14737,0.068125,43200.02,259443096.09
07/10/2007,ProShares Ultra S&P500,SSO,5.9375,6.111875,-2.85305,-0.174375,43200.02,256500095
07/09/2007,ProShares Ultra S&P500,SSO,6.111875,6.10375,0.13311,0.008125,43200.02,264033097.79
07/06/2007,ProShares Ultra S&P500,SSO,6.10375,6.06125,0.70118,0.0425,43200.02,263682097.66
07/05/2007,ProShares Ultra S&P500,SSO,6.06125,6.059375,0.03094,0.001875,43200.02,261846096.98
07/03/2007,ProShares Ultra S&P500,SSO,6.059375,6.015,0.73774,0.044375,43200.02,261765096.95
07/02/2007,ProShares Ultra S&P500,SSO,6.015,5.891875,2.08974,0.123125,43200.02,259848096.24
06/29/2007,ProShares Ultra S&P500,SSO,5.891875,5.91125,-0.32776,-0.019375,43200.02,254529094.27
06/28/2007,ProShares Ultra S&P500,SSO,5.91125,5.916875,-0.09507,-0.005625,43200.02,255366094.58
06/27/2007,ProShares Ultra S&P500,SSO,5.916875,5.81125,1.81760,0.105625,43200.02,255609094.67
06/26/2007,ProShares Ultra S&P500,SSO,5.81125,5.866875,-0.94812,-0.055625,43200.02,251046092.98
06/25/2007,ProShares Ultra S&P500,SSO,5.866875,5.908125,-0.69819,-0.04125,43200.02,253449093.87
06/22/2007,ProShares Ultra S&P500,SSO,5.908125,6.065,-2.58656,-0.156875,43200.02,255231094.53
06/21/2007,ProShares Ultra S&P500,SSO,6.065,5.989375,1.26265,0.075625,43200.02,262008097.04
06/20/2007,ProShares Ultra S&P500,SSO,5.989375,6.158125,-2.74028,-0.16875,43200.02,258741095.83
06/19/2007,ProShares Ultra S&P500,SSO,6.158125,6.138125,0.32583,0.02,43200.02,266031098.53
06/18/2007,ProShares Ultra S&P500,SSO,6.138125,6.155625,-0.28429,-0.0175,43200.02,265167098.21
06/15/2007,ProShares Ultra S&P500,SSO,6.155625,6.0775,1.28548,0.078125,43200.02,265923098.49
06/14/2007,ProShares Ultra S&P500,SSO,6.0775,6.02,0.95515,0.0575,43200.02,262548097.24
06/13/2007,ProShares Ultra S&P500,SSO,6.02,5.840625,3.07116,0.179375,43200.02,260064096.32
06/12/2007,ProShares Ultra S&P500,SSO,5.840625,5.969375,-2.15684,-0.12875,43200.02,252315093.45
06/11/2007,ProShares Ultra S&P500,SSO,5.969375,5.960625,0.14680,0.00875,43200.02,257877095.51
06/08/2007,ProShares Ultra S&P500,SSO,5.960625,5.82875,2.26249,0.131875,43200.02,257499095.37
06/07/2007,ProShares Ultra S&P500,SSO,5.82875,6.041875,-3.52746,-0.213125,43200.02,251802093.26
06/06/2007,ProShares Ultra S&P500,SSO,6.041875,6.149375,-1.74815,-0.1075,43200.02,261009096.67
06/05/2007,ProShares Ultra S&P500,SSO,6.149375,6.21625,-1.07581,-0.066875,43200.02,265653098.39
06/04/2007,ProShares Ultra S&P500,SSO,6.21625,6.19625,0.32278,0.02,43200.02,268542099.46
06/01/2007,ProShares Ultra S&P500,SSO,6.19625,6.15125,0.73156,0.045,39600.02,245371599.14
05/31/2007,ProShares Ultra S&P500,SSO,6.15125,6.14875,0.04066,0.0025,39600.02,243589598.42
05/30/2007,ProShares Ultra S&P500,SSO,6.14875,6.04875,1.65323,0.1,39600.02,243490598.38
05/29/2007,ProShares Ultra S&P500,SSO,6.04875,6.0325,0.26937,0.01625,39600.02,239530596.78
05/25/2007,ProShares Ultra S&P500,SSO,6.0325,5.96875,1.06806,0.06375,39600.02,238887096.52
05/24/2007,ProShares Ultra S&P500,SSO,5.96875,6.08625,-1.93058,-0.1175,39600.02,236362595.5
05/23/2007,ProShares Ultra S&P500,SSO,6.08625,6.101875,-0.25607,-0.015625,39600.02,241015597.38
05/22/2007,ProShares Ultra S&P500,SSO,6.101875,6.11125,-0.15341,-0.009375,39600.02,241634347.63
05/21/2007,ProShares Ultra S&P500,SSO,6.11125,6.095625,0.25633,0.015625,37200.02,227338597.78
05/18/2007,ProShares Ultra S&P500,SSO,6.095625,6.016875,1.30882,0.07875,37200.02,226757347.53
05/17/2007,ProShares Ultra S&P500,SSO,6.016875,6.028125,-0.18663,-0.01125,37200.02,223827846.27
05/16/2007,ProShares Ultra S&P500,SSO,6.028125,5.92375,1.76198,0.104375,37200.02,224246346.45
05/15/2007,ProShares Ultra S&P500,SSO,5.92375,5.939375,-0.26307,-0.015625,37200.02,220363594.78
05/14/2007,ProShares Ultra S&P500,SSO,5.939375,5.963125,-0.39828,-0.02375,37200.02,220944845.03
05/11/2007,ProShares Ultra S&P500,SSO,5.963125,5.85,1.93376,0.113125,37200.02,221828345.41
05/10/2007,ProShares Ultra S&P500,SSO,5.85,6.016875,-2.77345,-0.166875,37200.02,217620093.6
05/09/2007,ProShares Ultra S&P500,SSO,6.016875,5.97625,0.67977,0.040625,37200.02,223827846.27
05/08/2007,ProShares Ultra S&P500,SSO,5.97625,5.99,-0.22955,-0.01375,37200.02,222316595.62
05/07/2007,ProShares Ultra S&P500,SSO,5.99,5.9625,0.46122,0.0275,36000.02,215640095.84
05/04/2007,ProShares Ultra S&P500,SSO,5.9625,5.9375,0.42105,0.025,36000.02,214650095.4
05/03/2007,ProShares Ultra S&P500,SSO,5.9375,5.884375,0.90281,0.053125,36000.02,213750095
05/02/2007,ProShares Ultra S&P500,SSO,5.884375,5.80875,1.30192,0.075625,36000.02,211837594.15
05/01/2007,ProShares Ultra S&P500,SSO,5.80875,5.779375,0.50827,0.029375,36000.02,209115092.94
04/30/2007,ProShares Ultra S&P500,SSO,5.779375,5.874375,-1.61719,-0.095,36000.02,208057592.47
04/27/2007,ProShares Ultra S&P500,SSO,5.874375,5.87625,-0.03191,-0.001875,36000.02,211477593.99
04/26/2007,ProShares Ultra S&P500,SSO,5.87625,5.885625,-0.15929,-0.009375,36000.02,211545094.02
04/25/2007,ProShares Ultra S&P500,SSO,5.885625,5.76875,2.02600,0.116875,36000.02,211882594.17
04/24/2007,ProShares Ultra S&P500,SSO,5.76875,5.77375,-0.08660,-0.005,36000.02,207675092.3
04/23/2007,ProShares Ultra S&P500,SSO,5.77375,5.803125,-0.50619,-0.029375,36000.02,207855092.38
04/20/2007,ProShares Ultra S&P500,SSO,5.803125,5.698125,1.84271,0.105,36000.02,208912592.85
04/19/2007,ProShares Ultra S&P500,SSO,5.698125,5.7125,-0.25164,-0.014375,36000.02,205132591.17
04/18/2007,ProShares Ultra S&P500,SSO,5.7125,5.70625,0.10953,0.00625,36000.02,205650091.4
04/17/2007,ProShares Ultra S&P500,SSO,5.70625,5.68375,0.39587,0.0225,36000.02,205425091.3
04/16/2007,ProShares Ultra S&P500,SSO,5.68375,5.566875,2.09947,0.116875,36000.02,204615090.94
04/13/2007,ProShares Ultra S&P500,SSO,5.566875,5.529375,0.67820,0.0375,36000.02,200407589.07
04/12/2007,ProShares Ultra S&P500,SSO,5.529375,5.4625,1.22426,0.066875,36000.02,199057588.47
04/11/2007,ProShares Ultra S&P500,SSO,5.4625,5.535,-1.30985,-0.0725,36000.02,196650087.4
04/10/2007,ProShares Ultra S&P500,SSO,5.535,5.506875,0.51073,0.028125,36000.02,199260088.56
04/09/2007,ProShares Ultra S&P500,SSO,5.506875,5.50375,0.05678,0.003125,34800.02,191639338.11
04/05/2007,ProShares Ultra S&P500,SSO,5.50375,5.468125,0.65150,0.035625,34800.02,191530588.06
04/04/2007,ProShares Ultra S&P500,SSO,5.468125,5.456875,0.20616,0.01125,34800.02,190290837.49
04/03/2007,ProShares Ultra S&P500,SSO,5.456875,5.356875,1.86676,0.1,34800.02,189899337.31
04/02/2007,ProShares Ultra S&P500,SSO,5.356875,5.331875,0.46888,0.025,34800.02,186419335.71
03/30/2007,ProShares Ultra S&P500,SSO,5.331875,5.345,-0.24556,-0.013125,34800.02,185549335.31
03/29/2007,ProShares Ultra S&P500,SSO,5.345,5.30625,0.73027,0.03875,34800.02,186006085.52
03/28/2007,ProShares Ultra S&P500,SSO,5.30625,5.390625,-1.56522,-0.084375,34800.02,184657584.9
03/27/2007,ProShares Ultra S&P500,SSO,5.390625,5.475,-1.54110,-0.084375,34800.02,187593836.25
03/26/2007,ProShares Ultra S&P500,SSO,5.475,5.4675,0.13717,0.0075,34800.02,190530087.6
03/23/2007,ProShares Ultra S&P500,SSO,5.4675,5.45625,0.20619,0.01125,34800.02,190269087.48
03/22/2007,ProShares Ultra S&P500,SSO,5.45625,5.460625,-0.08012,-0.004375,34800.02,189877587.3
03/21/2007,ProShares Ultra S&P500,SSO,5.460625,5.28125,3.39645,0.179375,34800.02,190029837.37
03/20/2007,ProShares Ultra S&P500,SSO,5.28125,5.21625,1.24611,0.065,34800.02,183787584.5
03/19/2007,ProShares Ultra S&P500,SSO,5.21625,5.1075,2.12922,0.10875,34800.02,181525583.46
03/16/2007,ProShares Ultra S&P500,SSO,5.1075,5.1475,-0.77708,-0.04,34800.02,177741081.72
03/15/2007,ProShares Ultra S&P500,SSO,5.1475,5.110625,0.72154,0.036875,34800.02,179133082.36
03/14/2007,ProShares Ultra S&P500,SSO,5.110625,5.043125,1.33846,0.0675,34800.02,177849831.77
03/13/2007,ProShares Ultra S&P500,SSO,5.043125,5.255625,-4.04329,-0.2125,33600.02,169449080.69
03/12/2007,ProShares Ultra S&P500,SSO,5.255625,5.23,0.48996,0.025625,33600.02,176589084.09
03/09/2007,ProShares Ultra S&P500,SSO,5.23,5.22375,0.11965,0.00625,33600.02,175728083.68
03/08/2007,ProShares Ultra S&P500,SSO,5.22375,5.150625,1.41973,0.073125,33600.02,175518083.58
03/07/2007,ProShares Ultra S&P500,SSO,5.150625,5.17375,-0.44697,-0.023125,33600.02,173061082.41
03/06/2007,ProShares Ultra S&P500,SSO,5.17375,5.01875,3.08842,0.155,33600.02,173838082.78
03/05/2007,ProShares Ultra S&P500,SSO,5.01875,5.1175,-1.92965,-0.09875,33600.02,168630080.3
03/02/2007,ProShares Ultra S&P500,SSO,5.1175,5.238125,-2.30283,-0.120625,33600.02,171948081.88
03/01/2007,ProShares Ultra S&P500,SSO,5.238125,5.265625,-0.52226,-0.0275,33600.02,176001083.81
02/28/2007,ProShares Ultra S&P500,SSO,5.265625,5.205625,1.15260,0.06,33600.02,176925084.25
02/27/2007,ProShares Ultra S&P500,SSO,5.205625,5.595,-6.95934,-0.389375,33600.02,174909083.29
02/26/2007,ProShares Ultra S&P500,SSO,5.595,5.610625,-0.27849,-0.015625,33600.02,187992089.52
02/23/2007,ProShares Ultra S&P500,SSO,5.610625,5.65,-0.69690,-0.039375,33600.02,188517089.77
02/22/2007,ProShares Ultra S&P500,SSO,5.65,5.658125,-0.14360,-0.008125,32400.02,183060090.4
02/21/2007,ProShares Ultra S&P500,SSO,5.658125,5.675,-0.29736,-0.016875,32400.02,183323340.53
02/20/2007,ProShares Ultra S&P500,SSO,5.675,5.64625,0.50919,0.02875,32400.02,183870090.8
02/16/2007,ProShares Ultra S&P500,SSO,5.64625,5.656875,-0.18782,-0.010625,32400.02,182938590.34
02/15/2007,ProShares Ultra S&P500,SSO,5.656875,5.645,0.21036,0.011875,32400.02,183282840.51
02/14/2007,ProShares Ultra S&P500,SSO,5.645,5.55875,1.55161,0.08625,32400.02,182898090.32
02/13/2007,ProShares Ultra S&P500,SSO,5.55875,5.474375,1.54127,0.084375,32400.02,180103588.94
02/12/2007,ProShares Ultra S&P500,SSO,5.474375,5.513125,-0.70287,-0.03875,32400.02,177369837.59
02/09/2007,ProShares Ultra S&P500,SSO,5.513125,5.5925,-1.41931,-0.079375,32400.02,178625338.21
02/08/2007,ProShares Ultra S&P500,SSO,5.5925,5.60625,-0.24526,-0.01375,32400.02,181197089.48
02/07/2007,ProShares Ultra S&P500,SSO,5.60625,5.5875,0.33557,0.01875,32400.02,181642589.7
02/06/2007,ProShares Ultra S&P500,SSO,5.5875,5.580625,0.12319,0.006875,32400.02,181035089.4
02/05/2007,ProShares Ultra S&P500,SSO,5.580625,5.593125,-0.22349,-0.0125,32400.02,180812339.29
02/02/2007,ProShares Ultra S&P500,SSO,5.593125,5.575,0.32511,0.018125,32400.02,181217339.49
02/01/2007,ProShares Ultra S&P500,SSO,5.575,5.514375,1.09940,0.060625,32400.02,180630089.2
01/31/2007,ProShares Ultra S&P500,SSO,5.514375,5.4425,1.32062,0.071875,32400.02,178665838.23
01/30/2007,ProShares Ultra S&P500,SSO,5.4425,5.38125,1.13821,0.06125,32400.02,176337087.08
01/29/2007,ProShares Ultra S&P500,SSO,5.38125,5.394375,-0.24331,-0.013125,32400.02,174352586.1
01/26/2007,ProShares Ultra S&P500,SSO,5.394375,5.40875,-0.26577,-0.014375,32400.02,174777836.31
01/25/2007,ProShares Ultra S&P500,SSO,5.40875,5.534375,-2.26990,-0.125625,32400.02,175243586.54
01/24/2007,ProShares Ultra S&P500,SSO,5.534375,5.4425,1.68810,0.091875,32400.02,179313838.55
01/23/2007,ProShares Ultra S&P500,SSO,5.4425,5.405,0.69380,0.0375,32400.02,176337087.08
01/22/2007,ProShares Ultra S&P500,SSO,5.405,5.465,-1.09790,-0.06,32400.02,175122086.48
01/19/2007,ProShares Ultra S&P500,SSO,5.465,5.434375,0.56354,0.030625,32400.02,177066087.44
01/18/2007,ProShares Ultra S&P500,SSO,5.434375,5.468125,-0.61721,-0.03375,32400.02,176073836.95
01/17/2007,ProShares Ultra S&P500,SSO,5.468125,5.4775,-0.17115,-0.009375,32400.02,177167337.49
01/16/2007,ProShares Ultra S&P500,SSO,5.4775,5.4725,0.09137,0.005,32400.02,177471087.64
01/12/2007,ProShares Ultra S&P500,SSO,5.4725,5.420625,0.95699,0.051875,28800.02,157608087.56
01/11/2007,ProShares Ultra S&P500,SSO,5.420625,5.35375,1.24912,0.066875,28800.02,156114086.73
01/10/2007,ProShares Ultra S&P500,SSO,5.35375,5.333125,0.38673,0.020625,28800.02,154188085.66
01/09/2007,ProShares Ultra S&P500,SSO,5.333125,5.339375,-0.11705,-0.00625,28800.02,153594085.33
01/08/2007,ProShares Ultra S&P500,SSO,5.339375,5.315,0.45861,0.024375,28800.02,153774085.43
01/05/2007,ProShares Ultra S&P500,SSO,5.315,5.381875,-1.24260,-0.066875,28800.02,153072085.04
01/04/2007,ProShares Ultra S&P500,SSO,5.381875,5.369375,0.23280,0.0125,28800.02,154998086.11
01/03/2007,ProShares Ultra S&P500,SSO,5.369375,5.384375,-0.27858,-0.015,28800.02,154638085.91
12/29/2006,ProShares Ultra S&P500,SSO,5.384375,5.435,-0.93146,-0.050625,28800.02,155070086.15
12/28/2006,ProShares Ultra S&P500,SSO,5.435,5.451875,-0.30953,-0.016875,28800.02,156528086.96
12/27/2006,ProShares Ultra S&P500,SSO,5.451875,5.375,1.43023,0.076875,28800.02,157014087.23
12/26/2006,ProShares Ultra S&P500,SSO,5.375,5.331875,0.80881,0.043125,28800.02,154800086
12/22/2006,ProShares Ultra S&P500,SSO,5.331875,5.38875,-1.05544,-0.056875,28800.02,153558085.31
12/21/2006,ProShares Ultra S&P500,SSO,5.38875,5.4275,-0.71396,-0.03875,28800.02,155196086.22
12/20/2006,ProShares Ultra S&P500,SSO,5.4275,5.68125,-4.46645,-0.25375,28800.02,156312086.84
12/19/2006,ProShares Ultra S&P500,SSO,5.68125,5.6575,0.41980,0.02375,28800.02,163620090.9
12/18/2006,ProShares Ultra S&P500,SSO,5.6575,5.696875,-0.69117,-0.039375,28800.02,162936090.52
12/15/2006,ProShares Ultra S&P500,SSO,5.696875,5.685,0.20888,0.011875,28800.02,164070091.15
12/14/2006,ProShares Ultra S&P500,SSO,5.685,5.58875,1.72221,0.09625,28800.02,163728090.96
12/13/2006,ProShares Ultra S&P500,SSO,5.58875,5.574375,0.25788,0.014375,28800.02,160956089.42
12/12/2006,ProShares Ultra S&P500,SSO,5.574375,5.586875,-0.22374,-0.0125,28800.02,160542089.19
12/11/2006,ProShares Ultra S&P500,SSO,5.586875,5.564375,0.40436,0.0225,28800.02,160902089.39
12/08/2006,ProShares Ultra S&P500,SSO,5.564375,5.545,0.34941,0.019375,28800.02,160254089.03
12/07/2006,ProShares Ultra S&P500,SSO,5.545,5.59,-0.80501,-0.045,28800.02,159696088.72
12/06/2006,ProShares Ultra S&P500,SSO,5.59,5.603125,-0.23424,-0.013125,28800.02,160992089.44
12/05/2006,ProShares Ultra S&P500,SSO,5.603125,5.559375,0.78696,0.04375,28800.02,161370089.65
12/04/2006,ProShares Ultra S&P500,SSO,5.559375,5.464375,1.73853,0.095,28800.02,160110088.95
12/01/2006,ProShares Ultra S&P500,SSO,5.464375,5.49625,-0.57994,-0.031875,28800.02,157374087.43
11/30/2006,ProShares Ultra S&P500,SSO,5.49625,5.488125,0.14805,0.008125,28800.02,158292087.94
11/29/2006,ProShares Ultra S&P500,SSO,5.488125,5.385625,1.90321,0.1025,28800.02,158058087.81
11/28/2006,ProShares Ultra S&P500,SSO,5.385625,5.346875,0.72472,0.03875,28800.02,155106086.17
11/27/2006,ProShares Ultra S&P500,SSO,5.346875,5.499375,-2.77304,-0.1525,28800.02,153990085.55
11/24/2006,ProShares Ultra S&P500,SSO,5.499375,5.540625,-0.74450,-0.04125,27600.02,151782837.99
11/22/2006,ProShares Ultra S&P500,SSO,5.540625,5.514375,0.47603,0.02625,27600.02,152921338.65
11/21/2006,ProShares Ultra S&P500,SSO,5.514375,5.4975,0.30696,0.016875,27600.02,152196838.23
11/20/2006,ProShares Ultra S&P500,SSO,5.4975,5.505,-0.13624,-0.0075,25200.02,138537087.96
11/17/2006,ProShares Ultra S&P500,SSO,5.505,5.494375,0.19338,0.010625,25200.02,138726088.08
11/16/2006,ProShares Ultra S&P500,SSO,5.494375,5.470625,0.43414,0.02375,25200.02,138458337.91
11/15/2006,ProShares Ultra S&P500,SSO,5.470625,5.4425,0.51677,0.028125,25200.02,137859837.53
11/14/2006,ProShares Ultra S&P500,SSO,5.4425,5.374375,1.26759,0.068125,25200.02,137151087.08
11/13/2006,ProShares Ultra S&P500,SSO,5.374375,5.346875,0.51432,0.0275,25200.02,135434335.99
11/10/2006,ProShares Ultra S&P500,SSO,5.346875,5.328125,0.35191,0.01875,22800.02,121908835.55
11/09/2006,ProShares Ultra S&P500,SSO,5.328125,5.384375,-1.04469,-0.05625,22800.02,121481335.25
11/08/2006,ProShares Ultra S&P500,SSO,5.384375,5.360625,0.44305,0.02375,22800.02,122763836.15
11/07/2006,ProShares Ultra S&P500,SSO,5.360625,5.3375,0.43326,0.023125,22800.02,122222335.77
11/06/2006,ProShares Ultra S&P500,SSO,5.3375,5.22125,2.22648,0.11625,22800.02,121695085.4
11/03/2006,ProShares Ultra S&P500,SSO,5.22125,5.245,-0.45281,-0.02375,22800.02,119044583.54
11/02/2006,ProShares Ultra S&P500,SSO,5.245,5.246875,-0.03574,-0.001875,22800.02,119586083.92
11/01/2006,ProShares Ultra S&P500,SSO,5.246875,5.324375,-1.45557,-0.0775,22800.02,119628833.95
10/31/2006,ProShares Ultra S&P500,SSO,5.324375,5.325625,-0.02347,-0.00125,22800.02,121395835.19
10/30/2006,ProShares Ultra S&P500,SSO,5.325625,5.32375,0.03522,0.001875,22800.02,121424335.21
10/27/2006,ProShares Ultra S&P500,SSO,5.32375,5.41375,-1.66243,-0.09,21600.02,114993085.18
10/26/2006,ProShares Ultra S&P500,SSO,5.41375,5.361875,0.96748,0.051875,21600.02,116937086.62
10/25/2006,ProShares Ultra S&P500,SSO,5.361875,5.325625,0.68067,0.03625,21600.02,115816585.79
10/24/2006,ProShares Ultra S&P500,SSO,5.325625,5.323125,0.04696,0.0025,21600.02,115033585.21
10/23/2006,ProShares Ultra S&P500,SSO,5.323125,5.26125,1.17605,0.061875,21600.02,114979585.17
10/20/2006,ProShares Ultra S&P500,SSO,5.26125,5.249375,0.22622,0.011875,21600.02,113643084.18
10/19/2006,ProShares Ultra S&P500,SSO,5.249375,5.241875,0.14308,0.0075,21600.02,113386583.99
10/18/2006,ProShares Ultra S&P500,SSO,5.241875,5.2275,0.27499,0.014375,21600.02,113224583.87
10/17/2006,ProShares Ultra S&P500,SSO,5.2275,5.266875,-0.74760,-0.039375,21600.02,112914083.64
10/16/2006,ProShares Ultra S&P500,SSO,5.266875,5.243125,0.45297,0.02375,18000.02,94803834.27
10/13/2006,ProShares Ultra S&P500,SSO,5.243125,5.2225,0.39493,0.020625,15600.02,81792833.89
10/12/2006,ProShares Ultra S&P500,SSO,5.2225,5.125625,1.89001,0.096875,15600.02,81471083.56
10/11/2006,ProShares Ultra S&P500,SSO,5.125625,5.151875,-0.50952,-0.02625,15600.02,79959832.01
10/10/2006,ProShares Ultra S&P500,SSO,5.151875,5.131875,0.38972,0.02,15600.02,80369332.43
10/09/2006,ProShares Ultra S&P500,SSO,5.131875,5.12625,0.10973,0.005625,15600.02,80057332.11
10/06/2006,ProShares Ultra S&P500,SSO,5.12625,5.155,-0.55771,-0.02875,15600.02,79969582.02
10/05/2006,ProShares Ultra S&P500,SSO,5.155,5.13,0.48733,0.025,15600.02,80418082.48
10/04/2006,ProShares Ultra S&P500,SSO,5.13,5.008125,2.43355,0.121875,15600.02,80028082.08
10/03/2006,ProShares Ultra S&P500,SSO,5.008125,4.9875,0.41353,0.020625,15600.02,78126830.13
10/02/2006,ProShares Ultra S&P500,SSO,4.9875,5.02375,-0.72157,-0.03625,15600.02,77805079.8
09/29/2006,ProShares Ultra S&P500,SSO,5.02375,5.049375,-0.50749,-0.025625,15600.02,78370580.38
09/28/2006,ProShares Ultra S&P500,SSO,5.049375,5.03125,0.36025,0.018125,15600.02,78770330.79
09/27/2006,ProShares Ultra S&P500,SSO,5.03125,5.028125,0.06215,0.003125,15600.02,78487580.5
09/26/2006,ProShares Ultra S&P500,SSO,5.028125,4.954375,1.48858,0.07375,15600.02,78438830.45
09/25/2006,ProShares Ultra S&P500,SSO,4.954375,4.87125,1.70644,0.083125,15600.02,77288329.27
09/22/2006,ProShares Ultra S&P500,SSO,4.87125,4.89625,-0.51059,-0.025,15600.02,75991577.94
09/21/2006,ProShares Ultra S&P500,SSO,4.89625,4.948125,-1.04838,-0.051875,15600.02,76381578.34
09/20/2006,ProShares Ultra S&P500,SSO,4.948125,4.898125,1.02080,0.05,15600.02,77190829.17
09/19/2006,ProShares Ultra S&P500,SSO,4.898125,4.92,-0.44461,-0.021875,15600.02,76410828.37
09/18/2006,ProShares Ultra S&P500,SSO,4.92,4.9125,0.15267,0.0075,15600.02,76752078.72
09/15/2006,ProShares Ultra S&P500,SSO,4.9125,4.886875,0.52436,0.025625,15600.02,76635078.6
09/14/2006,ProShares Ultra S&P500,SSO,4.886875,4.900625,-0.28058,-0.01375,15600.02,76235328.19
09/13/2006,ProShares Ultra S&P500,SSO,4.900625,4.861875,0.79702,0.03875,15600.02,76449828.41
09/12/2006,ProShares Ultra S&P500,SSO,4.861875,4.763125,2.07322,0.09875,15600.02,75845327.79
09/11/2006,ProShares Ultra S&P500,SSO,4.763125,4.760625,0.05251,0.0025,15600.02,74304826.21
09/08/2006,ProShares Ultra S&P500,SSO,4.760625,4.725625,0.74064,0.035,15600.02,74265826.17
09/07/2006,ProShares Ultra S&P500,SSO,4.725625,4.771875,-0.96922,-0.04625,15600.02,73719825.61
09/06/2006,ProShares Ultra S&P500,SSO,4.771875,4.8675,-1.96456,-0.095625,15600.02,74441326.35
09/05/2006,ProShares Ultra S&P500,SSO,4.8675,4.85375,0.28329,0.01375,15600.02,75933077.88
09/01/2006,ProShares Ultra S&P500,SSO,4.85375,4.80125,1.09347,0.0525,13200.02,64069577.66
08/31/2006,ProShares Ultra S&P500,SSO,4.80125,4.805625,-0.09104,-0.004375,13200.02,63376576.82
08/30/2006,ProShares Ultra S&P500,SSO,4.805625,4.8025,0.06507,0.003125,13200.02,63434326.89
08/29/2006,ProShares Ultra S&P500,SSO,4.8025,4.78375,0.39195,0.01875,13200.02,63393076.84
08/28/2006,ProShares Ultra S&P500,SSO,4.78375,4.736875,0.98958,0.046875,13200.02,63145576.54
08/25/2006,ProShares Ultra S&P500,SSO,4.736875,4.74375,-0.14493,-0.006875,13200.02,62526825.79
08/24/2006,ProShares Ultra S&P500,SSO,4.74375,4.721875,0.46327,0.021875,13200.02,62617575.9
08/23/2006,ProShares Ultra S&P500,SSO,4.721875,4.765,-0.90504,-0.043125,13200.02,62328825.55
08/22/2006,ProShares Ultra S&P500,SSO,4.765,4.75625,0.18397,0.00875,13200.02,62898076.24
08/21/2006,ProShares Ultra S&P500,SSO,4.75625,4.79375,-0.78227,-0.0375,12000.02,57075076.1
08/18/2006,ProShares Ultra S&P500,SSO,4.79375,4.759375,0.72226,0.034375,12000.02,57525076.7
08/17/2006,ProShares Ultra S&P500,SSO,4.759375,4.744375,0.31616,0.015,12000.02,57112576.15
08/16/2006,ProShares Ultra S&P500,SSO,4.744375,4.67125,1.56543,0.073125,12000.02,56932575.91
08/15/2006,ProShares Ultra S&P500,SSO,4.67125,4.546875,2.73540,0.124375,12000.02,56055074.74
08/14/2006,ProShares Ultra S&P500,SSO,4.546875,4.538125,0.19281,0.00875,9600.02,43650072.75
08/11/2006,ProShares Ultra S&P500,SSO,4.538125,4.57375,-0.77890,-0.035625,9600.02,43566072.61
08/10/2006,ProShares Ultra S&P500,SSO,4.57375,4.53125,0.93793,0.0425,9600.02,43908073.18
08/09/2006,ProShares Ultra S&P500,SSO,4.53125,4.569375,-0.83436,-0.038125,9600.02,43500072.5
08/08/2006,ProShares Ultra S&P500,SSO,4.569375,4.600625,-0.67926,-0.03125,9600.02,43866073.11
08/07/2006,ProShares Ultra S&P500,SSO,4.600625,4.62875,-0.60762,-0.028125,9600.02,44166073.61
08/04/2006,ProShares Ultra S&P500,SSO,4.62875,4.635625,-0.14831,-0.006875,9600.02,44436074.06
08/03/2006,ProShares Ultra S&P500,SSO,4.635625,4.62125,0.31106,0.014375,9600.02,44502074.17
08/02/2006,ProShares Ultra S&P500,SSO,4.62125,4.56625,1.20449,0.055,9600.02,44364073.94
08/01/2006,ProShares Ultra S&P500,SSO,4.56625,4.608125,-0.90872,-0.041875,9600.02,43836073.06
07/31/2006,ProShares Ultra S&P500,SSO,4.608125,4.62375,-0.33793,-0.015625,9600.02,44238073.73
07/28/2006,ProShares Ultra S&P500,SSO,4.62375,4.515,2.40864,0.10875,9600.02,44388073.98
07/27/2006,ProShares Ultra S&P500,SSO,4.515,4.55125,-0.79648,-0.03625,9600.02,43344072.24
07/26/2006,ProShares Ultra S&P500,SSO,4.55125,4.555625,-0.09604,-0.004375,9600.02,43692072.82
07/25/2006,ProShares Ultra S&P500,SSO,4.555625,4.5,1.23611,0.055625,9600.02,43734072.89
07/24/2006,ProShares Ultra S&P500,SSO,4.5,4.35625,3.29986,0.14375,7200.02,32400072
07/21/2006,ProShares Ultra S&P500,SSO,4.35625,4.419375,-1.42837,-0.063125,7200.02,31365069.7
07/20/2006,ProShares Ultra S&P500,SSO,4.419375,4.49625,-1.70976,-0.076875,7200.02,31819570.71
07/19/2006,ProShares Ultra S&P500,SSO,4.49625,4.335625,3.70477,0.160625,7200.02,32373071.94
07/18/2006,ProShares Ultra S&P500,SSO,4.335625,4.319375,0.37621,0.01625,4800.02,20811069.37
07/17/2006,ProShares Ultra S&P500,SSO,4.319375,4.33375,-0.33170,-0.014375,4800.02,20733069.11
07/14/2006,ProShares Ultra S&P500,SSO,4.33375,4.3775,-0.99943,-0.04375,4800.02,20802069.34
07/13/2006,ProShares Ultra S&P500,SSO,4.3775,4.495,-2.61402,-0.1175,4800.02,21012070.04
07/12/2006,ProShares Ultra S&P500,SSO,4.495,4.595625,-2.18958,-0.100625,4800,21576000
07/11/2006,ProShares Ultra S&P500,SSO,4.595625,4.558125,0.82271,0.0375,4800,22059000
07/10/2006,ProShares Ultra S&P500,SSO,4.558125,4.54625,0.26120,0.011875,4800,21879000
07/07/2006,ProShares Ultra S&P500,SSO,4.54625,4.609375,-1.36949,-0.063125,4800,21822000
07/06/2006,ProShares Ultra S&P500,SSO,4.609375,4.585,0.53162,0.024375,4800,22125000
07/05/2006,ProShares Ultra S&P500,SSO,4.585,4.653125,-1.46407,-0.068125,2400,11004000
07/03/2006,ProShares Ultra S&P500,SSO,4.653125,4.5825,1.54119,0.070625,2400,11167500
06/30/2006,ProShares Ultra S&P500,SSO,4.5825,4.6025,-0.43455,-0.02,2400,10998000
06/29/2006,ProShares Ultra S&P500,SSO,4.6025,4.413125,4.29118,0.189375,2400,11046000
06/28/2006,ProShares Ultra S&P500,SSO,4.413125,4.36375,1.13148,0.049375,2400,10591500
06/27/2006,ProShares Ultra S&P500,SSO,4.36375,4.44625,-1.85550,-0.0825,2400,10473000
06/26/2006,ProShares Ultra S&P500,SSO,4.44625,4.405,0.93644,0.04125,2400,10671000
06/23/2006,ProShares Ultra S&P500,SSO,4.405,4.413125,-0.18411,-0.008125,2400,10572000
06/22/2006,ProShares Ultra S&P500,SSO,4.413125,4.459375,-1.03714,-0.04625,2400,10591500
06/21/2006,ProShares Ultra S&P500,SSO,4.459375,4.37375,1.95770,0.085625,2400,10702500
06/20/2006,ProShares Ultra S&P500,SSO,4.37375,4.375,-0.02857,-0.00125,2400,10497000
06/19/2006,ProShares Ultra S&P500,SSO,4.375,4.375,0.00000,0,2400,10500000
