t,symbol,l,s
1790640000,XRPUSDT.6,0,7.476500000000001
1790640120,AVAXUSDT.6,0,433.2515
1790640120,AVAXUSDT_PERP.A,0,841.0340000000001
1790640120,LINKUSDT.6,0,301.55359999999996
1790640120,LINKUSDT_PERP.3,0,12823.607999999998
1790640120,LINKUSDT_PERP.A,0,5046.4735200000005
1790640180,AVAXUSDT.6,0,1267.8307
1790640180,DOGEUSDT_PERP.A,0,5.0754600000000005
1790640180,LINKUSDT_PERP.A,0,8702.984100000001
1790640240,ADAUSDT_PERP.A,0,41.7937
1790640240,AVAXUSDT.6,0,405.76500000000004
1790640240,AVAXUSDT_PERP.A,0,21.306
1790640300,LINKUSDT.6,0,76.07740000000001
1790640300,LINKUSDT_PERP.3,0,1038.6894
1790640300,LINKUSDT_PERP.A,0,10466.18256
1790640360,AVAXUSDT_PERP.A,0,160.39499999999998
1790640360,XRPUSDT_PERP.3,0,301.33919999999995
1790640420,XRPUSDT_PERP.A,99.79343999999999,0
1790640540,LINKUSDT_PERP.A,0,8986.16796
1790640600,LINKUSDT_PERP.3,0,158.84459999999999
1790640600,LINKUSDT_PERP.A,0,138.75543000000002
1790640660,ETHUSDT_PERP.A,499.9401,0
1790640720,AVAXUSDT.6,0,629.928
1790640720,AVAXUSDT_PERP.3,0,144.27779999999998
1790640720,AVAXUSDT_PERP.A,0,2961.75
1790640720,LINKUSDT.6,0,19809.77
1790640720,LINKUSDT_PERP.3,0,3361.4051999999997
1790640720,LINKUSDT_PERP.A,0,17836.88669
1790640720,SOLUSDT.6,0,154.388
1790640780,LINKUSDT_PERP.A,0,753.88864
1790641020,BTCUSDT_PERP.A,8921.9382,0
1790641020,ETHUSDT_PERP.A,83.21206000000001,0
1790641320,BTCUSDT_PERP.A,750.1149,0
1790641380,AVAXUSDT_PERP.3,23.430000000000003,0
1790641380,BTCUSDT_PERP.A,3416.6447999999996,0
1790641440,BTCUSDT_PERP.A,54008.078400000006,0
1790641440,ETHUSDT_PERP.A,2682.7,0
1790641680,LINKUSDT_PERP.A,0,39.01
1790641680,XRPUSDT_PERP.A,0,7.79792
1790641740,ETHUSDT_PERP.A,0,21.5036
1790641920,AVAXUSDT_PERP.A,0,700.115
1790641980,ADAUSDT.6,0,11855.2122
1790641980,AVAXUSDT_PERP.A,0,1484.3950000000002
1790641980,DOGEUSDT_PERP.3,0,220.779
1790641980,DOGEUSDT_PERP.A,0,37.46489
1790641980,LINKUSDT.6,0,642.6207999999999
1790641980,LINKUSDT_PERP.3,0,472.84090000000003
1790641980,LINKUSDT_PERP.A,0,93158.53114
1790641980,SOLUSDT_PERP.A,0,1302.6119999999999
1790641980,XRPUSDT_PERP.A,0,3025.81872
1790642040,DOGEUSDT_PERP.3,0,3938.4933
1790642040,ETHUSDT_PERP.A,0,608.27448
1790642040,LINKUSDT.6,0,4696.5176
1790642040,LINKUSDT_PERP.3,0,2182.3057999999996
1790642040,LINKUSDT_PERP.A,0,7007.9236
1790642040,XRPUSDT.6,0,437.90837999999997
1790642040,XRPUSDT_PERP.3,0,4730.1305999999995
1790642040,XRPUSDT_PERP.A,0,121.66622
1790642100,AVAXUSDT_PERP.A,0,1183.8490000000002
1790642100,BTCUSDT_PERP.A,0,1838.7996
1790642100,DOGEUSDT_PERP.A,0,20176.00823
1790642100,ETHUSDT.6,0,673.53
1790642100,ETHUSDT_PERP.3,0,7325.067570000001
1790642100,ETHUSDT_PERP.A,0,4663.43517
1790642100,LINKUSDT.6,0,1.5758
1790642100,LINKUSDT_PERP.3,0,519.882
1790642100,LINKUSDT_PERP.A,0,19645.697249999997
1790642100,SOLUSDT.6,0,4167.8
1790642100,SOLUSDT_PERP.A,0,1220.365
1790642100,XRPUSDT_PERP.A,0,485.12495999999993
1790642160,AVAXUSDT_PERP.A,0,3600.2870000000003
1790642160,LINKUSDT.6,0,252.8666
1790642160,LINKUSDT_PERP.3,0,758.5032
1790642160,LINKUSDT_PERP.A,0,2863.80675
1790642160,XRPUSDT_PERP.A,0,73.6225
1790642220,AVAXUSDT.6,0,3904.1538
1790642220,AVAXUSDT_PERP.A,0,575.951
1790642280,AVAXUSDT_PERP.A,0,380.13500000000005
1790642880,LINKUSDT_PERP.A,932.1039000000001,0
1790642880,XRPUSDT_PERP.A,979.66491,0
1790642940,BTCUSDT_PERP.A,5164.724,0
1790642940,ETHUSDT_PERP.A,1925.45342,0
1790642940,XRPUSDT.6,613.2049,0
1790642940,XRPUSDT_PERP.3,231.4925,0
1790643000,ADAUSDT_PERP.A,471.735,0
1790643000,BTCUSDT_PERP.A,2415.2012000000004,0
1790643000,SOLUSDT.6,414.12,0
1790643000,XRPUSDT_PERP.A,55.08062999999999,0
1790643060,BTCUSDT.6,333.0452,0
1790643060,BTCUSDT_PERP.A,7078.119999999999,0
1790643060,DOGEUSDT_PERP.A,18.740000000000002,0
1790643060,ETHUSDT.6,1687.9842,0
1790643060,ETHUSDT_PERP.A,6315.345799999999,0
1790643060,LINKUSDT_PERP.A,134.10095,0
1790643060,SOLUSDT_PERP.3,26159.5698,0
1790643060,SOLUSDT_PERP.A,7.095,0
1790643120,BNBUSDT_PERP.A,457.38599999999997,0
1790643120,BTCUSDT.6,10156.5,0
1790643120,BTCUSDT_PERP.A,249.78269999999998,0
1790643120,ETHUSDT_PERP.A,20168.34008,0
1790643120,LINKUSDT.6,175.05960000000002,0
1790643120,SOLUSDT_PERP.3,662.144,0
1790643120,SOLUSDT_PERP.A,410.3275,0
1790643120,XRPUSDT_PERP.A,341.61101,0
1790643180,BTCUSDT_PERP.A,1498.5359999999998,0
1790643180,ETHUSDT_PERP.A,466.2591,0
1790643180,LINKUSDT_PERP.3,1850.338,0
1790643180,LTCUSDT_PERP.A,393.69644,0
1790643180,SOLUSDT_PERP.A,224.713,0
1790643180,XRPUSDT_PERP.3,1.4906,0
1790643180,XRPUSDT_PERP.A,256.84761,0
1790643300,LINKUSDT_PERP.A,41.9823,0
1790643360,AVAXUSDT_PERP.3,106.89,0
1790643360,BTCUSDT.6,3244.8,0
1790643360,BTCUSDT_PERP.A,8154.139,0
1790643420,ADAUSDT_PERP.A,35.9014,0
1790643420,AVAXUSDT.6,213.5,0
1790643420,BNBUSDT_PERP.A,494.598,0
1790643420,BTCUSDT.6,83.1305,0
1790643420,BTCUSDT_PERP.A,83.138,0
1790643420,DOGEUSDT_PERP.A,1660.69,0
1790643420,ETHUSDT_PERP.3,5902.80705,0
1790643420,ETHUSDT_PERP.A,3174.70852,0
1790643420,LINKUSDT_PERP.3,27.7848,0
1790643420,LINKUSDT_PERP.A,15754.87286,0
1790643420,SOLUSDT.6,956.124,0
1790643420,SOLUSDT_PERP.3,1.1803000000000001,0
1790643420,SOLUSDT_PERP.A,190526.3866,0
1790643420,XRPUSDT.6,239.91395999999997,0
1790643420,XRPUSDT_PERP.3,68.471,0
1790643420,XRPUSDT_PERP.A,2225.90074,0
1790643480,LINKUSDT.6,12.356000000000002,0
1790643540,BTCUSDT.6,166.28,0
1790643540,ETHUSDT.6,5351.4,0
1790643540,ETHUSDT_PERP.3,294.36,0
1790643540,ETHUSDT_PERP.A,1677.57612,0
1790643600,ADAUSDT_PERP.A,50.696600000000004,0
1790643600,BTCUSDT.6,4236.6108,0
1790643600,BTCUSDT_PERP.3,13674.540040000002,0
1790643600,BTCUSDT_PERP.A,66212.05020000001,0
1790643600,ETHUSDT.6,53.5004,0
1790643600,ETHUSDT_PERP.3,4050.38906,0
1790643600,ETHUSDT_PERP.A,2514.6128,0
1790643600,LINKUSDT_PERP.3,1848.3600000000001,0
1790643600,LINKUSDT_PERP.A,208.87824,0
1790643600,LTCUSDT_PERP.A,46.60656,0
1790643600,XRPUSDT.6,1233.4691,0
1790643600,XRPUSDT_PERP.3,18821.935,0
1790643600,XRPUSDT_PERP.A,41.95596,0
1790643660,BTCUSDT.6,2576.0132,0
1790643660,BTCUSDT_PERP.3,108.02571,0
1790643660,BTCUSDT_PERP.A,42635.43,0
1790643660,ETHUSDT_PERP.3,1742.2843200000002,0
1790643660,SOLUSDT.6,5904,0
1790643720,LINKUSDT_PERP.A,0,37.439350000000005
1790643720,XRPUSDT_PERP.A,0,10029.30055
1790643900,ETHUSDT_PERP.A,505.6695,0
1790643960,ETHUSDT.6,24644.0458,0
1790643960,ETHUSDT_PERP.3,39070.217809999995,0
1790643960,ETHUSDT_PERP.A,9331.02408,0
1790643960,LINKUSDT_PERP.3,68.985,0
1790643960,LTCUSDT.6,116.348,0
1790643960,LTCUSDT_PERP.3,34.245,0
1790643960,LTCUSDT_PERP.A,9309.806939999999,0
1790643960,SOLUSDT_PERP.A,19109.969,0
1790643960,XRPUSDT_PERP.A,13.825380000000001,0
1790644020,ADAUSDT_PERP.A,1357.9176,0
1790644020,BTCUSDT.6,34872.810000000005,0
1790644020,BTCUSDT_PERP.3,9483.156579999999,0
1790644020,BTCUSDT_PERP.A,26323.0777,0
1790644020,ETHUSDT.6,4354.2842,0
1790644020,ETHUSDT_PERP.3,788.1338000000001,0
1790644020,ETHUSDT_PERP.A,50869.56048000001,0
1790644020,LINKUSDT_PERP.3,3.0634,0
1790644020,LINKUSDT_PERP.A,3125.3823800000005,0
1790644020,LTCUSDT.6,13.666,0
1790644020,LTCUSDT_PERP.3,116.21199999999999,0
1790644020,LTCUSDT_PERP.A,4554.844,0
1790644020,SOLUSDT_PERP.A,34083.1764,0
1790644020,XRPUSDT_PERP.3,2509.5162,0
1790644020,XRPUSDT_PERP.A,41.29412,0
1790644080,ADAUSDT_PERP.A,8542.8467,0
1790644080,BNBUSDT_PERP.A,463.28280000000007,0
1790644080,BTCUSDT.6,29212.480000000003,0
1790644080,BTCUSDT_PERP.3,1369.51815,0
1790644080,BTCUSDT_PERP.A,128821.58720000001,0
1790644080,DOGEUSDT.6,42.18064,0
1790644080,DOGEUSDT_PERP.A,422.97156,0
1790644080,ETHUSDT_PERP.3,1428.6426000000004,0
1790644080,ETHUSDT_PERP.A,216.29511,0
1790644080,LTCUSDT_PERP.A,20252.0428,0
1790644080,SOLUSDT_PERP.3,4061.7639,0
1790644080,SOLUSDT_PERP.A,43878.543600000005,0
1790644080,XRPUSDT.6,28.64506,0
1790644080,XRPUSDT_PERP.A,840.77774,0
1790644140,ADAUSDT_PERP.A,168.1089,0
1790644140,BNBUSDT_PERP.A,645.5835,0
1790644140,BTCUSDT.6,4813.6056,0
1790644140,BTCUSDT_PERP.3,937.8830500000001,0
1790644140,BTCUSDT_PERP.A,62417.278399999996,0
1790644140,DOGEUSDT_PERP.A,1755.7178,0
1790644140,ETHUSDT.6,1815.2804000000003,0
1790644140,ETHUSDT_PERP.3,1751.4675200000001,0
1790644140,ETHUSDT_PERP.A,30026.67825,640.74
1790644140,LTCUSDT.6,375.48499999999996,0
1790644140,LTCUSDT_PERP.3,68.3,0
1790644140,LTCUSDT_PERP.A,17231.75762,0
1790644140,XRPUSDT.6,140.36748,0
1790644140,XRPUSDT_PERP.A,4209.97269,0
1790644200,ADAUSDT_PERP.3,8788.758,0
1790644200,ADAUSDT_PERP.A,373.5347,0
1790644200,AVAXUSDT.6,49.93280000000001,0
1790644200,AVAXUSDT_PERP.A,1720.764,265.55
1790644200,BNBUSDT_PERP.A,2338.7672000000002,0
1790644200,BTCUSDT.6,4398.231500000001,0
1790644200,BTCUSDT_PERP.3,15651.914,0
1790644200,BTCUSDT_PERP.A,301689.733,0
1790644200,DOGEUSDT_PERP.3,536.6592,0
1790644200,DOGEUSDT_PERP.A,413.90988000000004,0
1790644200,ETHUSDT_PERP.3,53708.48823000001,0
1790644200,ETHUSDT_PERP.A,24582.86946,0
1790644200,LINKUSDT_PERP.A,1352.3839,69.1334
1790644200,LTCUSDT.6,204.66,0
1790644200,LTCUSDT_PERP.A,1218.5878,0
1790644200,SOLUSDT.6,246.792,0
1790644200,SOLUSDT_PERP.A,57417.73620000001,0
1790644200,XRPUSDT.6,42207.38648,0
1790644200,XRPUSDT_PERP.3,5597.4548,0
1790644200,XRPUSDT_PERP.A,2229.4974,0
1790644260,BNBUSDT_PERP.A,53.151,0
1790644260,BTCUSDT.6,580.7725,0
1790644260,ETHUSDT.6,68348.2674,0
1790644260,ETHUSDT_PERP.3,5336.2,0
1790644260,ETHUSDT_PERP.A,13414.854840000002,0
1790644260,LINKUSDT_PERP.A,23.2332,0
1790644260,SOLUSDT_PERP.A,222.075,0
1790644260,XRPUSDT.6,781.8944599999999,0
1790644260,XRPUSDT_PERP.A,2611.10117,0
1790644320,BTCUSDT_PERP.3,3039.1176,0
1790644320,BTCUSDT_PERP.A,2989.4939999999997,0
1790644380,BNBUSDT_PERP.3,879.8599999999999,0
1790644380,BNBUSDT_PERP.A,75.932,0
1790644380,BTCUSDT.6,2571.5151,0
1790644380,BTCUSDT_PERP.3,7266.66528,0
1790644380,BTCUSDT_PERP.A,25136.2134,0
1790644380,ETHUSDT_PERP.3,2488.6655400000004,285.40966000000003
1790644380,ETHUSDT_PERP.A,10519.2396,0
1790644380,SOLUSDT_PERP.A,848.4943999999999,0
1790644380,XRPUSDT_PERP.3,666,0
1790644380,XRPUSDT_PERP.A,51.208,0
1790644440,DOGEUSDT_PERP.A,11058.11178,0
1790644440,LTCUSDT_PERP.A,1459.21653,0
1790644440,XRPUSDT_PERP.A,72417.93517000001,0
1790644500,AVAXUSDT_PERP.3,13.803400000000002,0
1790644500,BNBUSDT_PERP.A,1625.2016,0
1790644500,BTCUSDT.6,746.6607,0
1790644500,BTCUSDT_PERP.3,3136.28868,0
1790644500,BTCUSDT_PERP.A,33104.7108,0
1790644500,ETHUSDT_PERP.3,3537.38346,0
1790644500,ETHUSDT_PERP.A,2939.5409200000004,0
1790644500,LINKUSDT_PERP.3,105.7425,0
1790644500,SOLUSDT_PERP.A,1747.3584,0
1790644500,XRPUSDT_PERP.A,74,0
1790644560,ADAUSDT_PERP.A,44.8776,0
1790644560,AVAXUSDT_PERP.3,635.8926,0
1790644560,AVAXUSDT_PERP.A,2112,0
1790644560,BNBUSDT_PERP.A,759.37,0
1790644560,BTCUSDT.6,9532.4765,0
1790644560,BTCUSDT_PERP.3,13527.484799999998,0
1790644560,BTCUSDT_PERP.A,101631.59939999999,0
1790644560,DOGEUSDT.6,0.74408,0
1790644560,DOGEUSDT_PERP.3,9690.0048,0
1790644560,DOGEUSDT_PERP.A,8376.88635,0
1790644560,ETHUSDT.6,5808.8498,0
1790644560,ETHUSDT_PERP.3,6527.148270000001,0
1790644560,ETHUSDT_PERP.A,106965.61832,0
1790644560,LINKUSDT_PERP.A,2390.74093,0
1790644560,LTCUSDT_PERP.3,19018.765000000003,0
1790644560,LTCUSDT_PERP.A,313.9974200000001,0
1790644560,SOLUSDT.6,35.196000000000005,0
1790644560,SOLUSDT_PERP.3,13611.466400000001,0
1790644560,SOLUSDT_PERP.A,47082.182400000005,0
1790644560,XRPUSDT.6,17183.169899999997,0
1790644560,XRPUSDT_PERP.A,24583.7547,0
1790644620,ADAUSDT_PERP.A,1416.2341999999999,0
1790644620,AVAXUSDT_PERP.A,1183.952,0
1790644620,BNBUSDT.6,106.19000000000001,0
1790644620,BTCUSDT.6,1906.0583000000001,0
1790644620,BTCUSDT_PERP.A,1408.9872000000003,0
1790644620,DOGEUSDT_PERP.A,116.275,0
1790644620,ETHUSDT.6,159.8328,0
1790644620,ETHUSDT_PERP.3,7220.0362000000005,0
1790644620,ETHUSDT_PERP.A,34012.18169,0
1790644620,LINKUSDT_PERP.A,1201.43853,0
1790644620,LTCUSDT_PERP.3,683.1999999999999,0
1790644620,LTCUSDT_PERP.A,230.10175999999996,0
1790644620,SOLUSDT_PERP.3,45720.846600000004,0
1790644620,SOLUSDT_PERP.A,235.67249999999999,0
1790644620,XRPUSDT.6,13493.70544,0
1790644620,XRPUSDT_PERP.3,5232.715999999999,0
1790644620,XRPUSDT_PERP.A,7159.75974,0
1790644680,BNBUSDT_PERP.3,34564.725,0
1790644680,BNBUSDT_PERP.A,4853.888,0
1790644680,BTCUSDT.6,911.4556,248.57880000000003
1790644680,BTCUSDT_PERP.3,1723.6876800000002,0
1790644680,BTCUSDT_PERP.A,126211.16229999998,0
1790644680,DOGEUSDT_PERP.3,418.365,0
1790644680,ETHUSDT.6,4183.0295,0
1790644680,ETHUSDT_PERP.A,426.32480000000004,0
1790644680,LTCUSDT_PERP.A,2122.36238,0
1790644680,SOLUSDT.6,32289.895000000004,0
1790644680,SOLUSDT_PERP.3,3711.1407999999997,0
1790644680,SOLUSDT_PERP.A,156662.59980000003,0
1790644680,XRPUSDT.6,1713.09852,0
1790644680,XRPUSDT_PERP.A,6494.831239999999,0
1790644740,ADAUSDT_PERP.3,150.474,0
1790644740,ADAUSDT_PERP.A,2260.2252,0
1790644740,AVAXUSDT.6,423.105,0
1790644740,AVAXUSDT_PERP.3,3439.1708999999996,0
1790644740,AVAXUSDT_PERP.A,163326.405,0
1790644740,BNBUSDT_PERP.3,1134,0
1790644740,BNBUSDT_PERP.A,72246.99179999999,0
1790644740,BTCUSDT.6,105721.42529999999,0
1790644740,BTCUSDT_PERP.3,119240.99669999997,0
1790644740,BTCUSDT_PERP.A,147032.55359999998,0
1790644740,DOGEUSDT_PERP.3,8719.3483,0
1790644740,DOGEUSDT_PERP.A,74490.87464,0
1790644740,ETHUSDT.6,257815.67039999997,239.30909999999997
1790644740,ETHUSDT_PERP.3,31111.03371,0
1790644740,ETHUSDT_PERP.A,355549.5678400001,0
1790644740,LINKUSDT_PERP.A,1187.06936,0
1790644740,LTCUSDT.6,13141.578000000001,0
1790644740,LTCUSDT_PERP.3,26570.059999999998,0
1790644740,LTCUSDT_PERP.A,51039.28832,0
1790644740,SOLUSDT.6,62148.075,0
1790644740,SOLUSDT_PERP.3,154065.36969999998,0
1790644740,SOLUSDT_PERP.A,360255.11279999994,218.2664
1790644740,XRPUSDT.6,71914.60955000001,0
1790644740,XRPUSDT_PERP.3,2590.413,0
1790644740,XRPUSDT_PERP.A,156081.6822,0
1790644800,BTCUSDT_PERP.A,2652.2144,0
1790644800,DOGEUSDT.6,1121.60004,0
1790644800,DOGEUSDT_PERP.A,5.94304,0
1790644800,LINKUSDT_PERP.3,7.647,0
1790644800,LINKUSDT_PERP.A,54.599579999999996,0
1790644800,LTCUSDT_PERP.A,2930.748,0
1790644800,SOLUSDT_PERP.A,674.3231999999999,0
1790644860,ETHUSDT_PERP.A,0,135.89664
1790644920,ETHUSDT_PERP.A,0,122.73535999999999
1790644920,LTCUSDT_PERP.3,2207.4,0
1790644920,LTCUSDT_PERP.A,9769.112500000001,0
1790644920,SOLUSDT.6,0,587.2
1790644920,XRPUSDT_PERP.3,0,9492.7126
1790644980,SOLUSDT_PERP.3,0,432.6525
1790644980,XRPUSDT.6,0,7431.723639999999
1790644980,XRPUSDT_PERP.3,0,479.74679999999995
1790645160,XRPUSDT.6,16677.074259999998,0
1790645220,BTCUSDT_PERP.A,248.66400000000002,0
1790645220,DOGEUSDT.6,1851.2,0
1790645220,DOGEUSDT_PERP.A,79643.7966,0
1790645220,ETHUSDT_PERP.3,54502.402519999996,0
1790645220,ETHUSDT_PERP.A,519.05295,0
1790645220,LTCUSDT_PERP.3,4741.1,0
1790645220,LTCUSDT_PERP.A,32567.765189999995,0
1790645220,SOLUSDT.6,70.128,0
1790645220,SOLUSDT_PERP.A,1443.3445,0
1790645280,ADAUSDT_PERP.3,4754.493,0
1790645280,BNBUSDT_PERP.A,30143.740800000003,0
1790645280,BTCUSDT_PERP.3,43836.9604,0
1790645280,BTCUSDT_PERP.A,5552.3503,0
1790645280,DOGEUSDT_PERP.3,29609.6,0
1790645280,DOGEUSDT_PERP.A,6570.83289,0
1790645280,ETHUSDT_PERP.A,4006.4118000000003,0
1790645280,LINKUSDT.6,291.5042,0
1790645280,LINKUSDT_PERP.A,1520.80532,0
1790645280,LTCUSDT.6,175.734,0
1790645280,LTCUSDT_PERP.3,5436.648000000001,0
1790645280,LTCUSDT_PERP.A,12292.2488,0
1790645280,SOLUSDT_PERP.3,2952.2941,0
1790645280,SOLUSDT_PERP.A,2641.3001999999997,0
1790645280,XRPUSDT.6,1379.2235600000001,0
1790645280,XRPUSDT_PERP.3,18733.8151,0
1790645280,XRPUSDT_PERP.A,94280.40832000002,0
1790645340,ADAUSDT_PERP.A,5164.1884,0
1790645340,AVAXUSDT.6,1619.6235000000001,0
1790645340,BNBUSDT.6,7448.244,0
1790645340,BNBUSDT_PERP.3,989.443,0
1790645340,BNBUSDT_PERP.A,15760.666799999999,0
1790645340,BTCUSDT.6,29633.879599999997,0
1790645340,BTCUSDT_PERP.3,14254.836539999998,0
1790645340,BTCUSDT_PERP.A,41144.2941,0
1790645340,DOGEUSDT.6,2308.25,0
1790645340,DOGEUSDT_PERP.3,217.0225,0
1790645340,DOGEUSDT_PERP.A,2136.2868,0
1790645340,ETHUSDT.6,66178.473,0
1790645340,ETHUSDT_PERP.3,3232.33472,0
1790645340,ETHUSDT_PERP.A,57125.95092000001,0
1790645340,LINKUSDT.6,50.2689,0
1790645340,LINKUSDT_PERP.3,56.3658,0
1790645340,LINKUSDT_PERP.A,1306.7917200000002,0
1790645340,LTCUSDT.6,9677.456,0
1790645340,LTCUSDT_PERP.A,5408,0
1790645340,SOLUSDT.6,11012.704,0
1790645340,SOLUSDT_PERP.A,18462.195499999998,0
1790645340,XRPUSDT.6,14821.3325,0
1790645340,XRPUSDT_PERP.3,1.4712,0
1790645340,XRPUSDT_PERP.A,15972.615359999998,0
1790645400,ADAUSDT_PERP.A,1868.5052,0
1790645400,AVAXUSDT_PERP.3,1635.9398999999999,0
1790645400,AVAXUSDT_PERP.A,42.032,0
1790645400,BNBUSDT_PERP.3,153185.18,0
1790645400,BNBUSDT_PERP.A,5840.1028,0
1790645400,BTCUSDT.6,82.863,0
1790645400,BTCUSDT_PERP.3,19299.30508,621.4889999999999
1790645400,BTCUSDT_PERP.A,14417.640000000001,0
1790645400,DOGEUSDT.6,43233.38272,0
1790645400,DOGEUSDT_PERP.3,5801.6,0
1790645400,DOGEUSDT_PERP.A,32108.97,0
1790645400,ETHUSDT.6,7636.5821,0
1790645400,ETHUSDT_PERP.3,2208.7379,0
1790645400,ETHUSDT_PERP.A,21512.244599999998,7133.497560000001
1790645400,LINKUSDT_PERP.A,6457.7864,0
1790645400,LTCUSDT_PERP.A,3955.23412,0
1790645400,SOLUSDT.6,631.206,0
1790645400,SOLUSDT_PERP.3,1821.8473999999999,0
1790645400,SOLUSDT_PERP.A,56573.2609,0
1790645400,XRPUSDT.6,50537.2928,0
1790645400,XRPUSDT_PERP.3,3120.852,0
1790645400,XRPUSDT_PERP.A,1037.024,0
1790645460,DOGEUSDT.6,1363.25244,0
1790645460,ETHUSDT.6,17070.8442,0
1790645460,ETHUSDT_PERP.A,21.27072,0
1790645460,XRPUSDT_PERP.A,150.93819,0
1790645520,ADAUSDT.6,13791.9285,0
1790645520,ADAUSDT_PERP.3,1228.852,0
1790645520,ADAUSDT_PERP.A,9726.315200000001,0
1790645520,AVAXUSDT_PERP.A,11064.84,0
1790645520,BNBUSDT.6,566.25,0
1790645520,BNBUSDT_PERP.3,94641.813,0
1790645520,BNBUSDT_PERP.A,31528.2212,0
1790645520,BTCUSDT.6,7454.367,0
1790645520,BTCUSDT_PERP.3,41887.88955,0
1790645520,BTCUSDT_PERP.A,73060.6464,0
1790645520,DOGEUSDT.6,14820.27819,0
1790645520,DOGEUSDT_PERP.3,8523.9056,0
1790645520,DOGEUSDT_PERP.A,85670.05244,0
1790645520,ETHUSDT.6,1330.68,0
1790645520,ETHUSDT_PERP.3,32662.541600000008,0
1790645520,ETHUSDT_PERP.A,66728.02855,0
1790645520,LINKUSDT.6,2117.9492,0
1790645520,LINKUSDT_PERP.3,60292.531,0
1790645520,LINKUSDT_PERP.A,6205.27392,0
1790645520,LTCUSDT.6,372.68,0
1790645520,LTCUSDT_PERP.3,169.47500000000002,0
1790645520,LTCUSDT_PERP.A,32337.336509999997,0
1790645520,SOLUSDT.6,167240.108,0
1790645520,SOLUSDT_PERP.3,38560.014,0
1790645520,SOLUSDT_PERP.A,267018.67960000003,0
1790645520,XRPUSDT.6,160393.35285000002,0
1790645520,XRPUSDT_PERP.3,320907.1284,0
1790645520,XRPUSDT_PERP.A,254937.92375999998,0
1790645760,ADAUSDT_PERP.A,14091.511,0
1790645760,AVAXUSDT_PERP.A,25353.496,0
1790645760,BNBUSDT.6,490.165,0
1790645760,BNBUSDT_PERP.3,22.619999999999997,0
1790645760,BNBUSDT_PERP.A,800.0562,0
1790645760,BTCUSDT.6,16798.6966,0
1790645760,BTCUSDT_PERP.3,1166.78205,0
1790645760,BTCUSDT_PERP.A,42619.5975,0
1790645760,DOGEUSDT.6,2651.36319,0
1790645760,DOGEUSDT_PERP.3,2264.9849,0
1790645760,DOGEUSDT_PERP.A,109521.9123,0
1790645760,ETHUSDT.6,13733.1744,0
1790645760,ETHUSDT_PERP.3,499.44079999999997,0
1790645760,ETHUSDT_PERP.A,51758.14814,0
1790645760,LTCUSDT.6,20227.506,0
1790645760,LTCUSDT_PERP.3,4691.945000000001,0
1790645760,LTCUSDT_PERP.A,36771.47152,0
1790645760,SOLUSDT.6,36946.412000000004,0
1790645760,SOLUSDT_PERP.3,3046.332,0
1790645760,SOLUSDT_PERP.A,198001.0995,0
1790645760,XRPUSDT.6,15451.44446,0
1790645760,XRPUSDT_PERP.3,645.3919999999999,0
1790645760,XRPUSDT_PERP.A,59407.01348,0
1790645820,AVAXUSDT.6,943.65,0
1790645820,ETHUSDT_PERP.3,63742.28916,0
1790645820,LTCUSDT.6,8960.210000000001,0
1790645820,LTCUSDT_PERP.3,411.079,0
1790645820,LTCUSDT_PERP.A,113.80481999999999,0
1790645820,XRPUSDT.6,146.82999999999998,0
1790645880,LTCUSDT_PERP.3,8563.998,0
1790645880,LTCUSDT_PERP.A,21340.116899999997,0
1790645940,XRPUSDT_PERP.A,75514.06368,0
1790646000,SOLUSDT_PERP.A,9.3176,0
1790646000,XRPUSDT.6,244.62888,0
1790646060,BNBUSDT_PERP.A,241.99360000000001,0
1790646120,BTCUSDT_PERP.A,0,82.94200000000001
1790646120,XRPUSDT_PERP.A,0,1601.8345199999999
1790646180,ETHUSDT_PERP.A,0,234.02367999999998
1790646180,SOLUSDT_PERP.A,0,299.8419
1790646180,XRPUSDT_PERP.3,0,260.2077
1790646180,XRPUSDT_PERP.A,0,110.2575
1790646300,BTCUSDT_PERP.A,0,2657.1552
1790646300,ETHUSDT.6,0,53.351400000000005
1790646300,ETHUSDT_PERP.A,0,50.68744
1790646300,SOLUSDT_PERP.3,0,4200.448
1790646300,SOLUSDT_PERP.A,0,1428.7898999999998
1790646300,XRPUSDT_PERP.A,0,233.72467999999998
1790646360,BTCUSDT_PERP.A,0,9460.369799999999
1790646360,DOGEUSDT.6,0,173.09016
1790646360,ETHUSDT_PERP.A,0,50907.77573
1790646360,SOLUSDT_PERP.A,0,4195.884
1790646360,XRPUSDT.6,0,58.983999999999995
1790646540,AVAXUSDT_PERP.A,105.15,0
1790646660,ADAUSDT_PERP.A,102.4808,0
1790646900,ADAUSDT_PERP.A,5.8176000000000005,0
1790647080,BTCUSDT_PERP.A,0,830.115
1790647200,XRPUSDT_PERP.A,0,27.3652
1790647380,LINKUSDT_PERP.A,592.28025,0
1790647560,ETHUSDT_PERP.A,71.81487,0
1790647560,LINKUSDT_PERP.3,904.728,0
1790647740,ADAUSDT_PERP.A,1043.9159,0
1790647740,LINKUSDT_PERP.A,1155.4109,0
1790647740,XRPUSDT_PERP.A,1858.3782,0
1790647800,ADAUSDT_PERP.A,205.0612,0
1790647800,BNBUSDT_PERP.A,30.2272,0
1790647800,BTCUSDT_PERP.A,580.2167000000001,0
1790647800,DOGEUSDT_PERP.A,2722.3918799999997,0
1790647800,ETHUSDT_PERP.A,1269.70662,0
1790647800,LINKUSDT.6,12.0904,0
1790647800,LINKUSDT_PERP.A,1648.4419000000003,0
1790647800,LTCUSDT_PERP.A,80.3925,0
1790647800,SOLUSDT.6,1876.1330000000003,0
1790647800,SOLUSDT_PERP.A,132.8328,0
1790647800,XRPUSDT.6,7374.9676,0
1790647800,XRPUSDT_PERP.A,329.57628,0
1790647860,ADAUSDT_PERP.A,7.6864,0
1790647860,AVAXUSDT_PERP.A,680.355,0
1790647860,ETHUSDT_PERP.A,2700.52146,0
1790647860,LINKUSDT_PERP.3,93613.8,0
1790647860,LINKUSDT_PERP.A,659.115,0
1790647860,LTCUSDT_PERP.A,69.60281,0
1790647860,SOLUSDT.6,454.54499999999996,0
1790647860,SOLUSDT_PERP.3,1017.3069,0
1790647860,SOLUSDT_PERP.A,30.303,0
1790647920,ADAUSDT_PERP.A,37.6584,0
1790647920,DOGEUSDT_PERP.3,1357.545,0
1790647920,DOGEUSDT_PERP.A,1641.71286,0
1790647920,ETHUSDT_PERP.3,24295.537350000002,0
1790647920,ETHUSDT_PERP.A,6539.980990000001,0
1790647920,LINKUSDT_PERP.A,1651.54932,0
1790647920,LTCUSDT_PERP.A,132.51744000000002,0
1790647920,XRPUSDT_PERP.A,1541.5092,0
1790647980,XRPUSDT.6,0,188.09336
1790648040,LTCUSDT_PERP.A,156.03871999999998,0
1790648160,XRPUSDT_PERP.3,0,23733.783
1790648400,BTCUSDT.6,0,7561.9271
1790648400,BTCUSDT_PERP.A,0,38559.792
1790648400,ETHUSDT_PERP.A,0,39.939
1790648400,XRPUSDT_PERP.A,0,18177.804
1790648520,ADAUSDT_PERP.A,2180.7984,0
1790648520,AVAXUSDT_PERP.A,28218.944,0
1790648520,BNBUSDT_PERP.3,181.176,0
1790648520,BNBUSDT_PERP.A,400.48920000000004,0
1790648520,BTCUSDT.6,82.9164,8789.1384
1790648520,BTCUSDT_PERP.3,2454.53264,0
1790648520,BTCUSDT_PERP.A,12353.9923,0
1790648520,DOGEUSDT_PERP.3,219.3884,0
1790648520,DOGEUSDT_PERP.A,10496.68828,0
1790648520,ETHUSDT.6,14835.9159,79.6203
1790648520,ETHUSDT_PERP.3,12540.905999999999,0
1790648520,ETHUSDT_PERP.A,1526276.0349000003,0
1790648520,LINKUSDT.6,240.704,0
1790648520,LINKUSDT_PERP.3,853.2783,0
1790648520,LINKUSDT_PERP.A,29653.506820000002,0
1790648520,LTCUSDT_PERP.3,202.41,0
1790648520,LTCUSDT_PERP.A,469.92415,0
1790648520,SOLUSDT_PERP.3,319.67580000000004,0
1790648520,SOLUSDT_PERP.A,6158.481400000001,0
1790648520,XRPUSDT_PERP.3,198.585,0
1790648520,XRPUSDT_PERP.A,95.01368000000002,0
1790648580,BTCUSDT_PERP.3,0,66.37928000000001
1790648760,ETHUSDT_PERP.3,17149.501800000002,0
1790648760,LINKUSDT_PERP.A,236.85703999999998,0
1790648880,ADAUSDT.6,11454,0
1790648880,ADAUSDT_PERP.A,10442.4,0
1790648880,AVAXUSDT.6,9986.7996,0
1790648880,AVAXUSDT_PERP.A,9978.394999999999,0
1790648880,BNBUSDT_PERP.A,37.753,0
1790648880,BTCUSDT.6,19980.2496,0
1790648880,BTCUSDT_PERP.A,20229.1128,0
1790648880,DOGEUSDT.6,10072.619999999999,0
1790648880,DOGEUSDT_PERP.3,11.9639,0
1790648880,DOGEUSDT_PERP.A,10077.48726,0
1790648880,ETHUSDT.6,20007.917800000003,0
1790648880,ETHUSDT_PERP.A,20245.687620000004,0
1790648880,LINKUSDT.6,2764.2009000000003,0
1790648880,LINKUSDT_PERP.A,2251.9428600000006,0
1790648880,LTCUSDT.6,9838.374,0
1790648880,LTCUSDT_PERP.A,9834.110249999998,0
1790648880,SOLUSDT.6,9975.824,0
1790648880,SOLUSDT_PERP.A,17903.2455,0
1790648880,XRPUSDT.6,10087.9168,0
1790648880,XRPUSDT_PERP.A,11171.036399999999,0
1790649000,DOGEUSDT_PERP.3,192136.91799999998,0
1790649000,ETHUSDT_PERP.3,0,6057.7972
1790649000,SOLUSDT_PERP.3,0,5060.8979
1790649000,SOLUSDT_PERP.A,41.9508,0
1790649060,ADAUSDT_PERP.A,1396.32,0
1790649060,AVAXUSDT_PERP.3,495.3732,0
1790649060,AVAXUSDT_PERP.A,3121.8,0
1790649060,DOGEUSDT.6,3884.82969,0
1790649060,DOGEUSDT_PERP.3,1104.24,0
1790649060,DOGEUSDT_PERP.A,964.9751,0
1790649060,LTCUSDT_PERP.A,22132.003679999998,0
1790649060,SOLUSDT.6,466.32,0
1790649060,SOLUSDT_PERP.A,288.002,0
1790649060,XRPUSDT_PERP.A,3961.2081599999997,0
1790649120,AVAXUSDT.6,10.394,0
1790649180,ADAUSDT_PERP.A,194.2345,0
1790649180,AVAXUSDT_PERP.3,756.0279999999999,0
1790649180,DOGEUSDT.6,95.41136999999999,0
1790649180,DOGEUSDT_PERP.3,2020.9199999999998,0
1790649180,DOGEUSDT_PERP.A,19194.37632,0
1790649180,ETHUSDT_PERP.A,21.22264,0
1790649180,LTCUSDT.6,269.28,0
1790649180,LTCUSDT_PERP.A,42.55256,0
1790649180,SOLUSDT_PERP.3,308.64549999999997,0
1790649180,XRPUSDT.6,2319.62034,0
1790649180,XRPUSDT_PERP.A,1495.80216,0
1790649240,ADAUSDT.6,17099.2675,0
1790649240,ADAUSDT_PERP.A,17529.216,0
1790649240,AVAXUSDT.6,10335.019900000001,0
1790649240,AVAXUSDT_PERP.3,53.898,0
1790649240,AVAXUSDT_PERP.A,23727.773999999998,0
1790649240,BNBUSDT.6,60.272,0
1790649240,BNBUSDT_PERP.A,1281.7150000000001,0
1790649240,BTCUSDT.6,129907.232,0
1790649240,BTCUSDT_PERP.A,82602.3473,82.8509
1790649240,DOGEUSDT.6,10056.35532,0
1790649240,DOGEUSDT_PERP.3,82.602,0
1790649240,DOGEUSDT_PERP.A,24043.69838,0
1790649240,ETHUSDT.6,106532.43679999998,0
1790649240,ETHUSDT_PERP.3,188.22171,0
1790649240,ETHUSDT_PERP.A,105117.84852,26.5101
1790649240,LINKUSDT_PERP.3,493.66450000000003,0
1790649240,LINKUSDT_PERP.A,976.4603199999999,0
1790649240,LTCUSDT.6,14618.175,0
1790649240,LTCUSDT_PERP.3,2097.264,0
1790649240,LTCUSDT_PERP.A,64768.300800000005,0
1790649240,SOLUSDT.6,10054.368,0
1790649240,SOLUSDT_PERP.3,126.8542,0
1790649240,SOLUSDT_PERP.A,102960.6849,0
1790649240,XRPUSDT.6,10080.04242,0
1790649240,XRPUSDT_PERP.3,1723.49,0
1790649240,XRPUSDT_PERP.A,32889.09164,0
1790649300,ETHUSDT_PERP.A,19731.99714,0
1790649300,LINKUSDT_PERP.3,676.6804,0
1790649300,LINKUSDT_PERP.A,172.08441000000002,0
1790649300,LTCUSDT_PERP.A,141.36366,0
1790649360,BNBUSDT_PERP.A,980.733,0
1790649480,LTCUSDT_PERP.3,302.84999999999997,0
1790649480,LTCUSDT_PERP.A,2301.6488,0
1790649540,ETHUSDT_PERP.A,0,45.14537000000001
1790649540,XRPUSDT_PERP.A,7.802129999999999,0
1790649720,SOLUSDT_PERP.A,0,15.1736
1790649900,DOGEUSDT_PERP.A,0,18.96865
1790649900,ETHUSDT_PERP.A,0,220.77252999999996
1790649900,XRPUSDT.6,0,11288.2002
1790649960,BTCUSDT_PERP.A,0,913.7787999999999
1790650200,LINKUSDT.6,708.0337,0
1790650200,LINKUSDT_PERP.3,380.36499999999995,0
1790650200,LINKUSDT_PERP.A,62121.1364,0
1790650260,AVAXUSDT.6,10.334,0
1790650260,AVAXUSDT_PERP.3,310.11,0
1790650260,DOGEUSDT.6,644.28,0
1790650260,ETHUSDT.6,663.405,0
1790650260,ETHUSDT_PERP.A,13499.67712,0
1790650260,LINKUSDT_PERP.3,598.28,0
1790650260,SOLUSDT.6,116.6,0
1790650320,AVAXUSDT_PERP.A,186.156,0
1790650320,BTCUSDT_PERP.A,745.8696,0
1790650320,ETHUSDT_PERP.A,199927.54824,0
1790650560,BNBUSDT_PERP.A,1511.74,0
1790650860,SOLUSDT_PERP.A,0,91.2912
1790650860,XRPUSDT_PERP.A,0,38.858250000000005
1790650920,BTCUSDT.6,0,1244.304
1790650920,ETHUSDT.6,0,265.92
1790650980,SOLUSDT.6,0,117.2
1790650980,SOLUSDT_PERP.3,0,643.428
1790650980,SOLUSDT_PERP.A,0,25.7818
1790650980,XRPUSDT.6,0,8.870999999999999
1790651340,BTCUSDT_PERP.A,8124.6606,0
1790651340,DOGEUSDT_PERP.3,294.1499,0
1790651340,ETHUSDT_PERP.A,2.65783,0
1790651340,SOLUSDT_PERP.3,295.0164,0
1790651520,LINKUSDT.6,41.8432,0
1790651520,LINKUSDT_PERP.A,1478.4077699999998,0
1790651580,LINKUSDT_PERP.A,746.95,0
1790651640,BTCUSDT_PERP.3,13881.160500000002,0
1790651640,LINKUSDT.6,6088.2262,0
1790651640,LINKUSDT_PERP.3,5661.873600000001,0
1790651640,LINKUSDT_PERP.A,20081.631899999997,0
1790651700,LINKUSDT.6,96.707,0
1790651700,LINKUSDT_PERP.3,16096.508200000002,0
1790651700,LINKUSDT_PERP.A,19139.48444,0
1790651880,BNBUSDT_PERP.A,0,22.6866
1790651940,DOGEUSDT_PERP.3,0,8125.002600000001
1790651940,SOLUSDT_PERP.A,0,131.4208
1790651940,XRPUSDT.6,0,22.3631
1790651940,XRPUSDT_PERP.A,0,5.9244
1790652000,ADAUSDT_PERP.3,0,31.473000000000003
1790652000,DOGEUSDT_PERP.3,0,909.0994
1790652000,DOGEUSDT_PERP.A,0,5.47697
1790652000,SOLUSDT.6,0,11.747
1790652000,SOLUSDT_PERP.A,0,1218.1638999999998
1790652000,XRPUSDT.6,0,5.78604
1790652000,XRPUSDT_PERP.3,0,3178.0854
1790652000,XRPUSDT_PERP.A,0,18.24828
1790652060,ADAUSDT_PERP.A,0,242.60000000000002
1790652060,BTCUSDT_PERP.3,0,157.8159
1790652060,BTCUSDT_PERP.A,0,11961
1790652060,DOGEUSDT.6,0,1207.66113
1790652060,DOGEUSDT_PERP.3,0,1202.49
1790652060,DOGEUSDT_PERP.A,0,219.71174
1790652060,ETHUSDT_PERP.3,0,183.71319
1790652060,ETHUSDT_PERP.A,0,17224.55347
1790652060,LINKUSDT_PERP.A,0,198.8016
1790652060,SOLUSDT.6,0,23.522000000000002
1790652060,SOLUSDT_PERP.3,0,262.2034
1790652060,SOLUSDT_PERP.A,0,3447.4456
1790652060,XRPUSDT_PERP.3,0,33592.817
1790652060,XRPUSDT_PERP.A,0,1119.3401700000002
1790652180,SOLUSDT_PERP.3,0,2367.3192
1790652240,BTCUSDT.6,83.10600000000001,0
1790652240,BTCUSDT_PERP.A,0,415.5235
1790652240,DOGEUSDT_PERP.3,0,2990.9817000000007
1790652240,ETHUSDT_PERP.A,0,21.319200000000002
1790652240,SOLUSDT.6,0,29016.064
1790652240,SOLUSDT_PERP.3,0,80.0768
1790652240,SOLUSDT_PERP.A,0,40.035000000000004
1790652240,XRPUSDT.6,74.465,0
1790652300,BTCUSDT_PERP.A,0,3325.052
1790652300,DOGEUSDT_PERP.3,0,242.216
1790652300,DOGEUSDT_PERP.A,0,5354.277840000001
1790652300,ETHUSDT_PERP.A,0,938.0412799999999
1790652300,LTCUSDT_PERP.3,0,33965
1790652300,LTCUSDT_PERP.A,0,524.9349000000001
1790652300,SOLUSDT_PERP.3,0,572.265
1790652360,ADAUSDT_PERP.A,0,388.8
1790652360,SOLUSDT_PERP.A,0,2018.9417999999998
1790652480,BTCUSDT.6,0,665.2392
1790652480,BTCUSDT_PERP.A,0,16715.16
1790652480,ETHUSDT_PERP.A,0,26.6708
1790652540,ADAUSDT_PERP.A,0,392.5264
1790652540,BNBUSDT_PERP.A,0,174.8069
1790652540,BTCUSDT_PERP.A,0,2495.2619999999997
1790652540,DOGEUSDT_PERP.A,0,375.611
1790652540,ETHUSDT_PERP.3,0,2.6665
1790652540,ETHUSDT_PERP.A,0,178.66086
1790652540,LTCUSDT_PERP.A,0,438.736
1790652540,SOLUSDT_PERP.A,0,7788.562999999999
1790652540,XRPUSDT_PERP.A,0,161.77821
1790652660,BNBUSDT_PERP.A,0,6350.924799999999
1790652660,BTCUSDT_PERP.A,0,6317.4696
1790652660,DOGEUSDT_PERP.A,0,6254.7373
1790652660,ETHUSDT_PERP.A,6445.7157799999995,0
1790652660,SOLUSDT_PERP.A,6281.976,0
1790652660,XRPUSDT_PERP.A,0,6374.287920000001
1790652720,SOLUSDT_PERP.3,0,149.5171
1790652780,XRPUSDT_PERP.A,0,25.3249
1790652840,ADAUSDT_PERP.A,0,42.0736
1790652840,ETHUSDT_PERP.3,0,186.7075
1790652840,ETHUSDT_PERP.A,0,8487.69862
1790652840,XRPUSDT_PERP.A,0,475.22477999999995
1790652960,ETHUSDT_PERP.A,0,117.40035999999999
1790652960,SOLUSDT_PERP.3,0,645.0771000000001
1790652960,SOLUSDT_PERP.A,0,3537.9
1790653020,DOGEUSDT_PERP.A,0,61.7315
1790653200,ETHUSDT_PERP.3,1175.3399700000002,0
1790653380,LINKUSDT_PERP.A,1512.22216,0
1790653680,SOLUSDT_PERP.A,0,87.26820000000001
1790653740,BNBUSDT_PERP.A,7.5952,75.952
1790653740,BTCUSDT_PERP.A,83.11460000000001,0
1790653740,SOLUSDT_PERP.A,5.897,0
1790654400,LINKUSDT_PERP.A,750.32136,0
1790654460,BTCUSDT_PERP.A,0,10132.1
1790654520,BTCUSDT_PERP.A,0,83.0573
1790654580,BTCUSDT_PERP.A,332.06440000000003,0
1790654580,DOGEUSDT_PERP.A,128.53207999999998,0
1790654580,ETHUSDT_PERP.A,303.51246,0
1790654580,LINKUSDT.6,9123.0576,0
1790654580,LINKUSDT_PERP.3,10805.1822,0
1790654580,LINKUSDT_PERP.A,132717.72096,0
1790654580,LTCUSDT.6,9495.504000000003,0
1790654580,LTCUSDT_PERP.A,129.45271,0
1790654580,SOLUSDT_PERP.A,198.5074,0
1790654640,LINKUSDT.6,1547.9044000000001,0
1790654640,LINKUSDT_PERP.A,671.8845,0
1790654700,BTCUSDT_PERP.A,61109.270399999994,0
1790654700,ETHUSDT_PERP.A,21403.90792,0
1790654700,LINKUSDT_PERP.3,938.752,0
1790654700,LINKUSDT_PERP.A,25696.43733,0
1790654700,SOLUSDT_PERP.A,2.3486000000000002,0
1790654700,XRPUSDT_PERP.3,35.601600000000005,0
1790654760,XRPUSDT_PERP.3,872.4156,0
1790654820,LINKUSDT_PERP.3,1315.0312,0
1790654820,LINKUSDT_PERP.A,4004.96815,0
1790654880,AVAXUSDT_PERP.3,162.4322,0
1790654880,BTCUSDT.6,0,1659.8400000000001
1790654880,LINKUSDT.6,3946.4405999999994,0
1790654880,LINKUSDT_PERP.3,701.3997,0
1790654880,LINKUSDT_PERP.A,68.40616,0
1790654880,SOLUSDT.6,5115.152,0
1790654880,SOLUSDT_PERP.3,7933.675300000002,0
1790654880,SOLUSDT_PERP.A,1499.2218000000003,0
1790654880,XRPUSDT.6,917.81348,0
1790654880,XRPUSDT_PERP.A,15.1062,0
1790655000,AVAXUSDT_PERP.A,0,5034.008000000001
1790655060,AVAXUSDT_PERP.A,0,73.038
1790655120,ETHUSDT_PERP.A,0,3825.66695
1790655120,LINKUSDT_PERP.A,0,26.81499
1790655240,LINKUSDT_PERP.A,210.99122,0
1790655300,ETHUSDT_PERP.A,0,149.38616000000002
1790655360,ADAUSDT_PERP.A,0,235.32080000000002
1790655360,ETHUSDT_PERP.3,277.42,0
1790655420,ADAUSDT_PERP.A,0,5031.6739
1790655420,BTCUSDT.6,0,166.3508
1790655420,BTCUSDT_PERP.A,0,3742.9604999999997
1790655420,ETHUSDT.6,0,2642.5872000000004
1790655420,ETHUSDT_PERP.3,0,277.61760000000004
1790655420,ETHUSDT_PERP.A,0,10266.43548
1790655420,XRPUSDT_PERP.A,0,261.65125
1790655540,LINKUSDT_PERP.A,0,295.01680999999996
1790655600,BTCUSDT.6,0,24707.2518
1790655600,BTCUSDT_PERP.A,0,36686.9223
1790655600,ETHUSDT_PERP.3,0,1337.169
1790655600,LINKUSDT_PERP.A,0,719.35226
1790655600,XRPUSDT_PERP.3,0,142.9056
1790655600,XRPUSDT_PERP.A,0,74.41499999999999
1790655660,AVAXUSDT_PERP.A,0,251.784
1790655720,ADAUSDT_PERP.3,0,134.255
1790655720,AVAXUSDT.6,0,22.041600000000003
1790655720,BTCUSDT.6,0,2330.8348000000005
1790655720,BTCUSDT_PERP.3,0,131484.30564
1790655720,BTCUSDT_PERP.A,0,2913.5505000000003
1790655720,DOGEUSDT_PERP.3,0,1802.62
1790655720,ETHUSDT_PERP.3,0,798.8891300000001
1790655720,ETHUSDT_PERP.A,0,30997.639979999996
1790655720,LINKUSDT_PERP.A,0,532.91199
1790655720,SOLUSDT_PERP.A,0,223.1145
1790655720,XRPUSDT.6,0,307.48544
1790655720,XRPUSDT_PERP.3,0,8.9484
1790655720,XRPUSDT_PERP.A,0,3025.6985700000005
1790655780,SOLUSDT.6,0,23.580000000000002
1790655900,LTCUSDT_PERP.A,0,139.84912
1790656020,AVAXUSDT_PERP.A,10.46,0
1790656020,LTCUSDT_PERP.A,24.397639999999996,0
1790656020,SOLUSDT_PERP.A,23.562,0
1790656440,XRPUSDT_PERP.A,48.18125,0
1790656500,ETHUSDT_PERP.A,101.19172,0
1790656500,XRPUSDT_PERP.3,10549.8186,0
1790656500,XRPUSDT_PERP.A,5.9256,0
1790656560,ETHUSDT_PERP.A,101.21755999999999,0
1790656980,XRPUSDT.6,917.6930699999999,0
1790657220,BNBUSDT_PERP.A,0,121.1456
1790657220,BTCUSDT.6,0,747.5759999999999
1790657220,BTCUSDT_PERP.A,166.1384,0
1790657220,ETHUSDT.6,0,133.0985
1790657220,ETHUSDT_PERP.3,0,535.08813
1790657220,ETHUSDT_PERP.A,6405.32538,0
1790657220,LINKUSDT_PERP.A,636.2006,0
1790657220,LTCUSDT_PERP.A,83.02472,0
1790657220,SOLUSDT_PERP.A,114.9834,0
1790657280,ADAUSDT.6,4817.1395999999995,0
1790657280,ADAUSDT_PERP.A,302.25,0
1790657280,AVAXUSDT_PERP.A,2905.5600000000004,0
1790657280,DOGEUSDT.6,107.92608,0
1790657280,ETHUSDT.6,1862.994,0
1790657280,ETHUSDT_PERP.A,314.08414,0
1790657280,LINKUSDT_PERP.A,796.4613800000001,0
1790657280,SOLUSDT_PERP.3,1293.819,0
1790657280,SOLUSDT_PERP.A,4105.85,0
1790657280,XRPUSDT.6,5.9208,0
1790657280,XRPUSDT_PERP.A,6.364859999999999,0
1790657340,XRPUSDT.6,821.7143,0
1790657400,SOLUSDT.6,23.456000000000003,0
1790657400,SOLUSDT_PERP.3,34.0141,0
1790657460,XRPUSDT_PERP.A,93.4605,0
1790657580,LINKUSDT_PERP.A,36.13015,0
1790658000,SOLUSDT_PERP.A,108.33,0
1790658060,DOGEUSDT_PERP.A,0,3028.93591
1790658120,LINKUSDT_PERP.A,0,104.14272
1790658180,SOLUSDT_PERP.A,0,5.8855
1790658600,LINKUSDT_PERP.A,0,66.86733
1790659080,BTCUSDT_PERP.A,0,74191.2534
1790659080,DOGEUSDT_PERP.A,0,5.2276
1790659080,ETHUSDT_PERP.A,0,1126.91302
1790659080,SOLUSDT.6,0,1804.1760000000002
1790659140,ADAUSDT.6,0,610.4941
1790659140,BTCUSDT.6,0,5495.3844
1790659140,BTCUSDT_PERP.3,0,1232.41524
1790659140,BTCUSDT_PERP.A,0,1165.7996
1790659140,DOGEUSDT_PERP.A,0,328.9548
1790659140,ETHUSDT_PERP.3,0,2924.1537
1790659140,ETHUSDT_PERP.A,0,328.48995
1790659140,SOLUSDT.6,0,8046.236000000001
1790659140,SOLUSDT_PERP.A,0,4530.432
1790659440,DOGEUSDT_PERP.A,0,3184.6619
1790659440,SOLUSDT.6,0,23.622
1790659440,SOLUSDT_PERP.A,0,112.214
1790659500,BTCUSDT.6,0,249.89130000000003
1790659500,ETHUSDT_PERP.3,0,994.1142000000001
1790659500,ETHUSDT_PERP.A,0,20075.66976
1790659500,LINKUSDT_PERP.A,0,3685.4903
1790659500,SOLUSDT_PERP.A,0,400.3251
1790659680,LINKUSDT_PERP.A,0,22.99735
1790659740,ADAUSDT_PERP.A,575.108,0
1790659740,BTCUSDT_PERP.A,0,666.2208
1790659920,AVAXUSDT_PERP.A,3155.684,0
1790659920,ETHUSDT_PERP.3,1732.25,0
1790659980,AVAXUSDT.6,3818.0442999999996,0
1790659980,BTCUSDT_PERP.A,913.88,0
1790659980,ETHUSDT.6,8226.7851,0
1790659980,ETHUSDT_PERP.A,4134.303419999999,12219.2226
1790659980,LINKUSDT_PERP.A,135.9565,0
1790659980,SOLUSDT.6,270.204,0
1790659980,XRPUSDT.6,88.83,0
1790659980,XRPUSDT_PERP.3,472.2476,0
1790659980,XRPUSDT_PERP.A,153.83434,0
1790660040,ADAUSDT_PERP.A,9.1732,0
1790660040,AVAXUSDT_PERP.3,50102.4,0
1790660040,BTCUSDT.6,83049.66669999999,0
1790660040,BTCUSDT_PERP.A,1742.4330000000002,0
1790660040,DOGEUSDT.6,25.9784,0
1790660040,DOGEUSDT_PERP.3,3087.7184,0
1790660040,DOGEUSDT_PERP.A,12309.79977,0
1790660040,ETHUSDT.6,53.159600000000005,0
1790660040,ETHUSDT_PERP.3,709.6886700000001,0
1790660040,ETHUSDT_PERP.A,9866.978560000001,0
1790660040,LINKUSDT.6,17.6208,0
1790660040,LTCUSDT_PERP.A,50.85776,0
1790660040,SOLUSDT.6,11.722000000000001,0
1790660040,SOLUSDT_PERP.3,20569.765600000002,0
1790660040,SOLUSDT_PERP.A,570.8127,0
1790660040,XRPUSDT.6,146.40043,0
1790660040,XRPUSDT_PERP.3,11451.9563,0
1790660040,XRPUSDT_PERP.A,2961.10012,0
1790660100,BTCUSDT.6,3570.1223,0
1790660100,BTCUSDT_PERP.A,97890.012,0
1790660100,DOGEUSDT_PERP.3,15.7998,0
1790660100,ETHUSDT_PERP.3,13959.24309,0
1790660100,ETHUSDT_PERP.A,131997.97084,0
1790660100,SOLUSDT_PERP.A,4947.567,0
1790660100,XRPUSDT.6,217.19060000000002,0
1790660100,XRPUSDT_PERP.3,1056.2202,0
1790660100,XRPUSDT_PERP.A,388.46418000000006,0
1790660160,DOGEUSDT_PERP.3,7652.6886,0
1790660160,ETHUSDT_PERP.3,1524.5612200000003,0
1790660160,ETHUSDT_PERP.A,21853.485719999997,0
1790660160,SOLUSDT_PERP.3,12390.8416,0
1790660160,SOLUSDT_PERP.A,5528.7804,0
1790660160,XRPUSDT_PERP.3,7018.9535000000005,0
1790660160,XRPUSDT_PERP.A,80.27808,0.73785
1790660220,ADAUSDT_PERP.A,324.0384,0
1790660220,BTCUSDT_PERP.A,24881.01,0
1790660220,ETHUSDT_PERP.3,119.4975,0
1790660220,ETHUSDT_PERP.A,12128.07953,0
1790660220,SOLUSDT.6,468.44,0
1790660220,SOLUSDT_PERP.3,468.48,0
1790660220,SOLUSDT_PERP.A,6190.9632,0
1790660220,XRPUSDT.6,654.29434,0
1790660220,XRPUSDT_PERP.A,86.9778,0
1790660400,ETHUSDT_PERP.A,0,53404.187490000004
1790660400,XRPUSDT_PERP.3,0,155.589
1790660460,LINKUSDT_PERP.A,0,1892.50845
1790660520,XRPUSDT.6,0,41.131730000000005
1790660580,AVAXUSDT_PERP.A,0,190.764
1790660580,BTCUSDT.6,0,915.7488999999999
1790660580,BTCUSDT_PERP.A,0,74097.84000000001
1790660580,ETHUSDT.6,0,26.6835
1790660580,ETHUSDT_PERP.A,0,31005.8784
1790660580,LINKUSDT_PERP.A,0,60.486
1790660580,SOLUSDT_PERP.A,0,25355.574
1790660580,XRPUSDT_PERP.3,0,2.977
1790660640,AVAXUSDT_PERP.3,0,53.114999999999995
1790660640,AVAXUSDT_PERP.A,0,5566.976000000001
1790660640,DOGEUSDT_PERP.3,0,8081.2416
1790660640,ETHUSDT_PERP.A,0,3738.19023
1790660640,SOLUSDT_PERP.A,0,1918.7608
1790660640,XRPUSDT_PERP.A,0,4777.1362
1790660940,AVAXUSDT_PERP.3,0,368.14400000000006
1790660940,AVAXUSDT_PERP.A,0,12734.883
1790660940,BTCUSDT_PERP.3,0,449.96904000000006
1790660940,BTCUSDT_PERP.A,0,249.9552
1790660940,DOGEUSDT_PERP.3,46.775,0
1790660940,DOGEUSDT_PERP.A,0,8.04702
1790660940,ETHUSDT_PERP.3,0,8.0112
1790660940,ETHUSDT_PERP.A,0,23738.963399999997
1790660940,XRPUSDT_PERP.A,0,7.445500000000001
1790661000,BTCUSDT_PERP.A,0,1582.8120999999999
1790661060,BTCUSDT_PERP.A,0,12579.4023
1790661060,DOGEUSDT.6,0,3497.64404
1790661060,DOGEUSDT_PERP.A,0,11254.606890000001
1790661060,ETHUSDT_PERP.3,0,3851.1926600000006
1790661120,BTCUSDT.6,0,583.0517000000001
1790661120,BTCUSDT_PERP.3,0,1557.74366
1790661120,BTCUSDT_PERP.A,0,5664.6584
1790661120,ETHUSDT_PERP.3,0,53.412000000000006
1790661120,SOLUSDT_PERP.A,0,289.0265
1790661180,ETHUSDT_PERP.3,0,326.20482
1790661180,ETHUSDT_PERP.A,0,1596.29442
1790661240,BTCUSDT.6,0,15926.0002
1790661240,BTCUSDT_PERP.3,0,9881.715000000002
1790661240,BTCUSDT_PERP.A,0,54115.8266
1790661240,DOGEUSDT_PERP.3,0,4743.8982
1790661240,DOGEUSDT_PERP.A,0,673.31841
1790661240,ETHUSDT.6,0,294.22580000000005
1790661240,ETHUSDT_PERP.3,0,19647.46468
1790661240,ETHUSDT_PERP.A,0,2016.69364
1790661240,LINKUSDT_PERP.3,0,53.4852
1790661240,SOLUSDT_PERP.A,0,11815
1790661240,XRPUSDT.6,0,12.985619999999999
1790661240,XRPUSDT_PERP.A,0,35639.407439999995
1790661300,ETHUSDT_PERP.3,0,5349.58
1790661300,ETHUSDT_PERP.A,0,25136.975000000002
1790661360,BTCUSDT.6,0,166.764
1790661360,BTCUSDT_PERP.3,0,316.87326
1790661360,BTCUSDT_PERP.A,0,17761.3671
1790661360,DOGEUSDT_PERP.3,0,445.645
1790661360,DOGEUSDT_PERP.A,0,1456.83696
1790661360,ETHUSDT.6,0,2674.9
1790661360,ETHUSDT_PERP.3,0,1498.0000000000002
1790661360,ETHUSDT_PERP.A,0,411.95462000000003
1790661420,ETHUSDT.6,0,107.00120000000001
1790661420,ETHUSDT_PERP.3,0,834206.7297599999
1790661420,ETHUSDT_PERP.A,0,21427.43878
1790661420,XRPUSDT_PERP.A,0,9.99774
1790661480,SOLUSDT_PERP.A,0,802.2385
1790661540,BTCUSDT_PERP.A,0,3586.1440999999995
1790661540,SOLUSDT_PERP.3,0,18.912000000000003
1790661600,BTCUSDT.6,0,5753.330400000001
1790661600,BTCUSDT_PERP.3,0,5086.802200000001
1790661600,BTCUSDT_PERP.A,0,91311.174
1790661600,DOGEUSDT_PERP.3,0,6.5667
1790661600,SOLUSDT_PERP.3,0,38013.12
1790661600,SOLUSDT_PERP.A,0,3115.752
1790661600,XRPUSDT_PERP.A,0,403.01270999999997
1790661660,BTCUSDT_PERP.A,0,166.8208
1790661660,DOGEUSDT_PERP.3,0,2.8164000000000002
1790661660,XRPUSDT.6,0,142.0915
1790661660,XRPUSDT_PERP.A,0,8886.40652
1790661780,BTCUSDT.6,0,9264.5151
1790661780,BTCUSDT_PERP.3,0,39087.78342
1790661780,BTCUSDT_PERP.A,0,152997.7605
1790661780,ETHUSDT.6,0,2249.7972
1790661780,ETHUSDT_PERP.3,0,192213.88887000005
1790661780,ETHUSDT_PERP.A,0,8717.96415
1790661780,SOLUSDT.6,0,35.504999999999995
1790661780,SOLUSDT_PERP.3,0,74.5668
1790661780,SOLUSDT_PERP.A,0,194.0776
1790661840,BTCUSDT_PERP.3,0,1001.8260000000001
1790661840,BTCUSDT_PERP.A,0,25210.4466
1790661840,DOGEUSDT_PERP.3,0,1998.3165000000001
1790661840,DOGEUSDT_PERP.A,397.26288,447.62544
1790661840,ETHUSDT_PERP.3,0,13360.542000000001
1790661840,ETHUSDT_PERP.A,0,187483.1
1790661840,SOLUSDT.6,0,82.85199999999999
1790661840,SOLUSDT_PERP.3,0,12792.4515
1790661840,SOLUSDT_PERP.A,0,473.4
1790661840,XRPUSDT.6,0,422.98396
1790661840,XRPUSDT_PERP.3,0,82.25800000000001
1790661840,XRPUSDT_PERP.A,0,4.486800000000001
1790661900,BTCUSDT.6,0,3172.0879999999997
1790661900,BTCUSDT_PERP.3,0,11738.37062
1790661900,BTCUSDT_PERP.A,0,3923.7292
1790661900,DOGEUSDT_PERP.A,0,1013.1611199999999
1790661900,ETHUSDT.6,0,937.5695
1790661900,ETHUSDT_PERP.3,0,8.03646
1790661900,SOLUSDT.6,0,189.45600000000002
1790661900,SOLUSDT_PERP.3,0,364.672
1790661900,SOLUSDT_PERP.A,0,37433.344
1790661900,XRPUSDT_PERP.3,0,1683.225
1790661960,BTCUSDT_PERP.3,0,91.87750000000001
1790661960,BTCUSDT_PERP.A,20129.5491,0
1790661960,ETHUSDT.6,0,160.7724
1790661960,ETHUSDT_PERP.3,0,96.4548
1790661960,ETHUSDT_PERP.A,0,1706.87335
1790661960,LINKUSDT_PERP.A,9903.3704,0
1790662020,ADAUSDT_PERP.3,0,880.986
1790662020,ADAUSDT_PERP.A,0,7.1194999999999995
1790662020,BTCUSDT.6,0,1922.4366
1790662020,BTCUSDT_PERP.3,0,49831.15833
1790662020,BTCUSDT_PERP.A,0,52997.26460000001
1790662020,DOGEUSDT_PERP.3,0,560.9552
1790662020,DOGEUSDT_PERP.A,0,5975.3724
1790662020,ETHUSDT.6,0,6840.145499999999
1790662020,ETHUSDT_PERP.3,0,14727.026730000003
1790662020,ETHUSDT_PERP.A,0,101895.99524999999
1790662020,LINKUSDT_PERP.3,0,1345.7848000000001
1790662020,LINKUSDT_PERP.A,0,93.7944
1790662020,SOLUSDT_PERP.3,0,930.2249999999999
1790662020,SOLUSDT_PERP.A,0,11223.3728
1790662020,XRPUSDT.6,0,32467.30536
1790662020,XRPUSDT_PERP.3,0,103337.4616
1790662020,XRPUSDT_PERP.A,0,623.7173199999999
1790662080,ADAUSDT_PERP.A,0,425.40700000000004
1790662080,BTCUSDT.6,0,334.5504
1790662080,BTCUSDT_PERP.3,0,4600.409000000001
1790662080,BTCUSDT_PERP.A,0,17565.282
1790662080,ETHUSDT.6,0,13044.726
1790662080,ETHUSDT_PERP.3,0,6237.77868
1790662080,ETHUSDT_PERP.A,0,5558.791810000001
1790662080,SOLUSDT.6,0,1306.1399999999999
1790662080,SOLUSDT_PERP.3,0,2141.8892
1790662080,SOLUSDT_PERP.A,0,2981.5613999999996
1790662080,XRPUSDT.6,0,46638.28356
1790662080,XRPUSDT_PERP.A,0,1212.7616799999998
1790662140,ADAUSDT_PERP.A,0,1111.4685
1790662140,AVAXUSDT_PERP.A,0,386.28000000000003
1790662140,BNBUSDT_PERP.A,0,822.1608
1790662140,BTCUSDT.6,0,23943.862800000003
1790662140,BTCUSDT_PERP.3,0,13874.607810000001
1790662140,BTCUSDT_PERP.A,0,60791.174399999996
1790662140,DOGEUSDT.6,0,127.89792
1790662140,DOGEUSDT_PERP.3,0,332.8084
1790662140,DOGEUSDT_PERP.A,75.62859999999999,25775.113299999997
1790662140,ETHUSDT.6,0,3063.5105999999996
1790662140,ETHUSDT_PERP.3,0,39335.77680000001
1790662140,ETHUSDT_PERP.A,0,69781.2096
1790662140,LINKUSDT_PERP.A,0,1577.1719600000001
1790662140,LTCUSDT_PERP.A,0,518.154
1790662140,SOLUSDT.6,0,476
1790662140,SOLUSDT_PERP.3,0,12204.9684
1790662140,SOLUSDT_PERP.A,0,73353.3329
1790662140,XRPUSDT.6,0,157.5735
1790662140,XRPUSDT_PERP.A,0,1843.4598799999997
1790662200,BTCUSDT_PERP.A,0,167.447
1790662200,DOGEUSDT_PERP.3,0,8414.8685
1790662200,ETHUSDT_PERP.3,0,5665.06983
1790662200,ETHUSDT_PERP.A,0,1035.23035
1790662260,ADAUSDT.6,0,148.26
1790662260,ADAUSDT_PERP.A,0,50.388
1790662260,BNBUSDT_PERP.A,0,53.3477
1790662260,BTCUSDT.6,0,6030.8208
1790662260,BTCUSDT_PERP.3,0,136325.83334
1790662260,BTCUSDT_PERP.A,0,24041.99
1790662260,DOGEUSDT_PERP.A,0,10814.26431
1790662260,ETHUSDT_PERP.3,56.490210000000005,28866.497310000006
1790662260,ETHUSDT_PERP.A,0,33453.83488
1790662260,LINKUSDT_PERP.A,0,12711.517389999999
1790662260,SOLUSDT_PERP.A,0,12579.62
1790662260,XRPUSDT.6,0,5428.234799999999
1790662260,XRPUSDT_PERP.3,0,15.027999999999999
1790662260,XRPUSDT_PERP.A,0,24510.96856
1790662320,BTCUSDT.6,0,26961.253200000006
1790662320,BTCUSDT_PERP.3,0,8541.663600000002
1790662320,BTCUSDT_PERP.A,0,853534.2989
1790662320,DOGEUSDT_PERP.A,0,1865.20515
1790662320,ETHUSDT_PERP.3,0,20507.8377
1790662320,ETHUSDT_PERP.A,0,87203.12273999999
1790662320,LINKUSDT_PERP.A,0,618.98745
1790662320,LTCUSDT.6,0,6.829000000000001
1790662320,XRPUSDT.6,0,27.021600000000003
1790662320,XRPUSDT_PERP.A,0,243.81112000000002
1790662380,ADAUSDT_PERP.3,0,1146.08
1790662380,BTCUSDT_PERP.A,0,3351.172
1790662380,ETHUSDT_PERP.A,0,1229.29801
1790662440,BNBUSDT_PERP.A,0,1449.833
1790662440,BTCUSDT.6,0,15931.481
1790662440,BTCUSDT_PERP.3,0,8545.06906
1790662440,BTCUSDT_PERP.A,0,127045.17300000001
1790662440,DOGEUSDT.6,0,24.88506
1790662440,DOGEUSDT_PERP.3,0,11408.5928
1790662440,DOGEUSDT_PERP.A,0,57.061890000000005
1790662440,ETHUSDT.6,0,8779.440799999998
1790662440,ETHUSDT_PERP.3,0,20765.87104
1790662440,ETHUSDT_PERP.A,0,127378.427
1790662440,LINKUSDT_PERP.3,0,383.38560000000007
1790662440,SOLUSDT_PERP.A,0,5985.2775
1790662440,XRPUSDT_PERP.3,0,28.5741
1790662440,XRPUSDT_PERP.A,0,85.8784
1790662500,BTCUSDT_PERP.3,0,661.9710200000001
1790662500,BTCUSDT_PERP.A,0,22458.373199999998
1790662500,ETHUSDT_PERP.A,0,10903.810439999997
1790662500,LINKUSDT_PERP.A,0,22.3965
1790662500,SOLUSDT_PERP.3,0,7677.6062999999995
1790662500,SOLUSDT_PERP.A,0,6455.388800000001
1790662500,XRPUSDT_PERP.3,0,205.5822
1790662500,XRPUSDT_PERP.A,6152.87,0
1790662740,ETHUSDT_PERP.A,0,72.62055000000001
1790662740,SOLUSDT_PERP.A,0,49.9002
1790662800,AVAXUSDT.6,0,208.128
1790662800,AVAXUSDT_PERP.3,0,216.82
1790662800,AVAXUSDT_PERP.A,0,3188.4300000000003
1790662860,ETHUSDT_PERP.3,0,4524.66
1790662860,ETHUSDT_PERP.A,0,1529.8682399999998
1790662920,ETHUSDT.6,0,302376.7578
1790662920,ETHUSDT_PERP.3,0,834.7587000000001
1790662920,ETHUSDT_PERP.A,0,8280.513749999998
1790663040,DOGEUSDT.6,1723.92675,0
1790663100,DOGEUSDT.6,113.12400000000001,0
1790663280,ETHUSDT_PERP.A,0,2.6916599999999997
1790663280,LINKUSDT_PERP.A,0,30.322560000000003
1790663400,BTCUSDT.6,0,4697.6104000000005
1790663400,BTCUSDT_PERP.3,0,838.7610000000001
1790663400,BTCUSDT_PERP.A,0,99487.13560000001
1790663400,ETHUSDT_PERP.3,0,13040.524320000002
1790663400,ETHUSDT_PERP.A,0,7659.4742000000015
1790663460,BNBUSDT_PERP.A,0,733.1808
1790663460,BTCUSDT.6,0,2097.5
1790663460,BTCUSDT_PERP.3,0,461.44120000000004
1790663460,BTCUSDT_PERP.A,0,41114.43
1790663460,ETHUSDT.6,0,8841.8632
1790663460,ETHUSDT_PERP.3,0,2380.08235
1790663460,ETHUSDT_PERP.A,0,20480.409000000003
1790663460,LINKUSDT.6,0,53.8956
1790663460,SOLUSDT.6,0,285.912
1790663460,SOLUSDT_PERP.A,0,41914.754400000005
1790663520,AVAXUSDT_PERP.A,0,21.74
1790663520,BNBUSDT_PERP.A,0,213.86960000000005
1790663520,BTCUSDT_PERP.3,0,1275.3468799999998
1790663520,BTCUSDT_PERP.A,0,83.91430000000001
1790663520,SOLUSDT.6,0,119.03
1790663580,BTCUSDT_PERP.3,0,2617.39608
1790663580,BTCUSDT_PERP.A,0,5033.982
1790663580,ETHUSDT_PERP.3,0,10152.78073
1790663640,ETHUSDT_PERP.A,0,420.61188
1790663640,LINKUSDT_PERP.A,0,147.21408
1790663700,AVAXUSDT_PERP.3,0,864.2304000000001
1790663700,AVAXUSDT_PERP.A,0,6437.49
1790663880,ETHUSDT_PERP.A,0,269.504
1790663880,SOLUSDT_PERP.A,118.84,0
1790663940,ETHUSDT_PERP.3,0,64.71288
1790663940,ETHUSDT_PERP.A,0,377.50859999999994
1790664000,ETHUSDT_PERP.3,0,9454.21175
1790664000,ETHUSDT_PERP.A,0,17908.63611
1790664060,ETHUSDT_PERP.A,0,126.78202999999999
1790664300,ETHUSDT_PERP.A,0,326.41443999999996
1790664420,ETHUSDT.6,0,12326.2497
1790664660,AVAXUSDT_PERP.A,0,1714.597
1790664660,BNBUSDT_PERP.A,0,810.1474
1790664660,BTCUSDT.6,0,1007.2668
1790664660,BTCUSDT_PERP.3,0,17851.911000000004
1790664660,BTCUSDT_PERP.A,0,461567.36340000003
1790664660,ETHUSDT.6,0,27257.529599999998
1790664660,ETHUSDT_PERP.3,0,561903.5505
1790664660,ETHUSDT_PERP.A,0,572959.1891199999
1790664660,LINKUSDT_PERP.A,0,42.730050000000006
1790664720,ETHUSDT.6,0,6486.120000000002
1790664720,ETHUSDT_PERP.3,0,6563.54664
1790664780,ADAUSDT_PERP.A,0,207.5826
1790664780,AVAXUSDT_PERP.A,0,10.949
1790664780,BTCUSDT_PERP.A,0,419.73900000000003
1790664780,DOGEUSDT_PERP.A,0,31.9139
1790664780,ETHUSDT_PERP.3,0,2.7058600000000004
1790664780,ETHUSDT_PERP.A,0,97.41528
1790664780,LINKUSDT_PERP.A,0,4606.57365
1790664780,LTCUSDT_PERP.A,0,42.27067
1790664780,SOLUSDT_PERP.A,0,60.7614
1790664780,XRPUSDT_PERP.A,0,232.9782
1790664840,AVAXUSDT.6,0,104.17699999999999
1790664840,BTCUSDT_PERP.3,0,6564.600660000001
1790664840,DOGEUSDT_PERP.3,0,25.5825
1790664840,ETHUSDT.6,0,278507.7965
1790664840,ETHUSDT_PERP.3,0,19013.79475
1790664840,ETHUSDT_PERP.A,0,120967.38947999998
1790664840,LINKUSDT_PERP.3,0,1614.0066
1790664840,SOLUSDT.6,0,4375.374000000001
1790664840,SOLUSDT_PERP.3,0,1320.7359999999999
1790664840,XRPUSDT_PERP.A,0,200.86977000000002
1790664900,ADAUSDT_PERP.3,0,510.655
1790664900,AVAXUSDT.6,0,30.645999999999997
1790664900,AVAXUSDT_PERP.A,0,864.7339999999999
1790664900,BNBUSDT_PERP.A,0,2173.8496
1790664900,BTCUSDT.6,0,251.91030000000003
1790664900,BTCUSDT_PERP.3,0,486.99699999999996
1790664900,BTCUSDT_PERP.A,0,8732.152
1790664900,DOGEUSDT_PERP.3,0,0.9478
1790664900,DOGEUSDT_PERP.A,0,676.13707
1790664900,ETHUSDT.6,0,406.27349999999996
1790664900,ETHUSDT_PERP.3,0,6201.0452000000005
1790664900,ETHUSDT_PERP.A,0,48676.63536000001
1790664900,LINKUSDT_PERP.A,0,9362.63768
1790664900,LTCUSDT_PERP.A,0,1491.9666300000001
1790664900,SOLUSDT_PERP.A,0,22529.7008
1790664960,ADAUSDT_PERP.A,0,28.6695
1790664960,DOGEUSDT_PERP.3,0,0.9479
1790664960,ETHUSDT.6,0,21677.142600000003
1790664960,ETHUSDT_PERP.3,0,589.83824
1790664960,SOLUSDT.6,0,20369.571
1790664960,XRPUSDT.6,0,12813.170699999999
1790664960,XRPUSDT_PERP.A,0,1391.07776
1790665080,AVAXUSDT.6,0,76.818
1790665080,BNBUSDT_PERP.A,0,99.5644
1790665080,BTCUSDT_PERP.A,0,15281.63
1790665140,BTCUSDT.6,0,587.79
1790665140,BTCUSDT_PERP.3,0,125.94765000000001
1790665140,BTCUSDT_PERP.A,0,335.8596
1790665320,ADAUSDT_PERP.A,0,73.7748
1790665320,AVAXUSDT.6,0,1634.8972
1790665320,AVAXUSDT_PERP.A,0,142.922
1790665320,SOLUSDT_PERP.A,0,103.5648
1790665380,AVAXUSDT.6,0,3685.6190000000006
1790665380,AVAXUSDT_PERP.3,0,826.125
1790665440,AVAXUSDT.6,0,36.5409
1790665440,AVAXUSDT_PERP.3,0,2590.5506
1790665440,AVAXUSDT_PERP.A,0,6329.752
1790665440,ETHUSDT_PERP.3,0,13208.011440000002
1790665500,AVAXUSDT.6,0,1465.2344
1790665500,AVAXUSDT_PERP.3,0,4.4532
1790665500,AVAXUSDT_PERP.A,0,2983.644
1790665500,BNBUSDT_PERP.A,0,291.5664
1790665500,ETHUSDT_PERP.A,0,557.333
1790665500,SOLUSDT.6,0,5204.532
1790665500,SOLUSDT_PERP.3,0,35195.6832
1790665500,SOLUSDT_PERP.A,0,485.83590000000004
1790665560,AVAXUSDT_PERP.3,0,50511.5424
1790665560,AVAXUSDT_PERP.A,0,7359.071999999999
1790665560,BNBUSDT_PERP.A,0,23.029799999999998
1790665560,BTCUSDT_PERP.A,167.89960000000002,0
1790665560,ETHUSDT_PERP.3,0,879.3525
1790665560,SOLUSDT.6,0,47.724000000000004
1790665560,SOLUSDT_PERP.A,0,5029.687999999999
1790665560,XRPUSDT_PERP.A,14.44032,0
1790665620,AVAXUSDT_PERP.3,0,264.8001
1790665620,BNBUSDT_PERP.A,0,168.9292
1790665620,BTCUSDT_PERP.3,0,285.52146
1790665620,BTCUSDT_PERP.A,0,32417.7082
1790665620,ETHUSDT_PERP.3,0,998.98263
1790665620,ETHUSDT_PERP.A,0,10023.09096
1790665620,LINKUSDT_PERP.A,0,5047.8516
1790665620,LTCUSDT_PERP.A,0,306.84154
1790665680,ADAUSDT_PERP.A,0,123.20360000000001
1790665680,ETHUSDT.6,0,302893.8871
1790665680,ETHUSDT_PERP.3,0,2757.7518200000004
1790665680,ETHUSDT_PERP.A,0,12990.56605
1790665740,BTCUSDT.6,0,49053.8392
1790665740,BTCUSDT_PERP.3,0,688.71718
1790665740,BTCUSDT_PERP.A,0,13859.587500000001
1790665740,DOGEUSDT_PERP.3,0,30.3744
1790665740,DOGEUSDT_PERP.A,0,89.14865999999999
1790665740,ETHUSDT.6,0,66016.81800000001
1790665740,ETHUSDT_PERP.3,0,385891.2252
1790665740,ETHUSDT_PERP.A,0,10484.79655
1790665740,LINKUSDT_PERP.A,0,687.49158
1790665740,SOLUSDT.6,0,2235.0240000000003
1790665740,SOLUSDT_PERP.3,0,1627.3175999999999
1790665740,SOLUSDT_PERP.A,0,7984.989999999999
1790665800,ETHUSDT_PERP.3,0,487.96920000000006
1790665800,LINKUSDT.6,0,297.2536
1790665800,LINKUSDT_PERP.3,0,2843.25
1790665800,LINKUSDT_PERP.A,0,5299.8431199999995
1790665860,BTCUSDT.6,0,419.947
1790665860,ETHUSDT.6,0,1111.5387
1790665860,ETHUSDT_PERP.3,0,1610.1320400000002
1790665860,ETHUSDT_PERP.A,0,42843.695759999995
1790665860,SOLUSDT.6,0,537.9300000000001
1790665860,SOLUSDT_PERP.A,0,17020.8432
1790665920,BTCUSDT_PERP.A,0,2183.3786
1790665920,ETHUSDT_PERP.A,0,2801.70572
1790665920,LTCUSDT_PERP.A,0,105.76007999999999
1790665920,SOLUSDT.6,0,23975.712
1790666040,ADAUSDT_PERP.A,0,12993.6389
1790666040,AVAXUSDT_PERP.3,0,895.4393000000001
1790666100,ADAUSDT_PERP.A,0,213.1647
1790666160,ADAUSDT.6,0,431.8452
1790666160,BTCUSDT_PERP.A,0,2015.9976
1790666160,ETHUSDT.6,0,25743.6179
1790666160,ETHUSDT_PERP.3,0,12572.808299999999
1790666160,ETHUSDT_PERP.A,0,66364.98225000002
1790666160,SOLUSDT_PERP.A,0,108.62670000000001
1790666220,ADAUSDT_PERP.A,0,1330.6256
1790666220,AVAXUSDT.6,0,4484.5383
1790666220,AVAXUSDT_PERP.A,0,2796.768
1790666220,BTCUSDT.6,0,11677.737500000001
1790666220,BTCUSDT_PERP.3,0,2184.3458
1790666220,BTCUSDT_PERP.A,0,3864.345
1790666220,DOGEUSDT_PERP.A,0,150.85966
1790666220,ETHUSDT.6,0,135.6825
1790666220,ETHUSDT_PERP.3,0,23536.378559999997
1790666220,ETHUSDT_PERP.A,0,145948.2624
1790666280,ETHUSDT.6,0,13641.058200000001
1790666280,ETHUSDT_PERP.3,0,92376.3759
1790666280,ETHUSDT_PERP.A,0,100832.8594
1790666340,AVAXUSDT_PERP.A,0,280.5
1790666340,BTCUSDT_PERP.A,335.79720000000003,0
1790666340,SOLUSDT_PERP.A,0,3018.2174999999997
1790666400,AVAXUSDT.6,0,505.75359999999995
1790666400,AVAXUSDT_PERP.3,0,608.472
1790666400,AVAXUSDT_PERP.A,0,11.269
1790666460,AVAXUSDT_PERP.3,0,526.306
1790666700,ADAUSDT_PERP.3,0,755.8109999999999
1790666700,ADAUSDT_PERP.A,0,688.242
1790666700,ETHUSDT_PERP.3,0,39297.66852
1790666700,ETHUSDT_PERP.A,0,126284.08634
1790666820,BTCUSDT_PERP.A,0,83.9937
1790666820,ETHUSDT_PERP.A,0,3948.0316600000006
1790667120,AVAXUSDT_PERP.A,0,78.855
1790667180,BTCUSDT_PERP.A,0,5627.7856
1790667240,AVAXUSDT_PERP.3,0,50.733
1790667240,AVAXUSDT_PERP.A,0,484.825
1790667240,LINKUSDT_PERP.A,0,119.79387
1790667300,BTCUSDT.6,0,4538.2086
1790667300,BTCUSDT_PERP.3,0,22420.618039999998
1790667300,BTCUSDT_PERP.A,0,22690.611
1790667300,SOLUSDT.6,0,765.3760000000001
1790667300,SOLUSDT_PERP.3,0,22098.9274
1790667300,SOLUSDT_PERP.A,0,224.8104
1790667360,ADAUSDT_PERP.3,0,482.88
1790667360,ADAUSDT_PERP.A,0,19.3655
1790667360,BTCUSDT.6,0,84.0327
1790667360,DOGEUSDT_PERP.3,0,49.425999999999995
1790667360,LINKUSDT_PERP.A,0,143.28607
1790667360,SOLUSDT_PERP.A,0,7.1754
1790667360,XRPUSDT_PERP.A,0,19.91352
1790667420,ADAUSDT_PERP.A,0,187.8428
1790667420,DOGEUSDT_PERP.3,0,91.2864
1790667420,DOGEUSDT_PERP.A,0,380.44
1790667420,ETHUSDT_PERP.3,0,9785.67432
1790667420,ETHUSDT_PERP.A,0,57096.69015
1790667420,SOLUSDT_PERP.3,0,15291.106600000001
1790667420,SOLUSDT_PERP.A,0,64912.518000000004
1790667420,XRPUSDT.6,0,1605.9222700000003
1790667420,XRPUSDT_PERP.3,0,538.5702
1790667420,XRPUSDT_PERP.A,0,9568.144639999999
1790667480,ADAUSDT_PERP.3,0,21053.914
1790667480,BTCUSDT.6,0,5465.3820000000005
1790667480,BTCUSDT_PERP.3,0,10434.203899999999
1790667480,BTCUSDT_PERP.A,0,1345.3103999999998
1790667480,LINKUSDT_PERP.A,0,25.891000000000002
1790667480,XRPUSDT.6,0,1592.8244000000002
1790667480,XRPUSDT_PERP.A,0,176.46055
1790667540,ADAUSDT_PERP.A,0,1540.728
1790667540,BNBUSDT_PERP.A,0,100.0376
1790667540,BTCUSDT.6,0,70307.3492
1790667540,BTCUSDT_PERP.3,0,7022.35
1790667540,BTCUSDT_PERP.A,0,433478.7162
1790667540,DOGEUSDT_PERP.3,0,1123.7214999999999
1790667540,DOGEUSDT_PERP.A,0,572.85342
1790667540,ETHUSDT.6,0,11841.541999999998
1790667540,ETHUSDT_PERP.3,0,6741.270509999999
1790667540,ETHUSDT_PERP.A,0,239639.80755
1790667540,LINKUSDT.6,0,3467.9411999999998
1790667540,LINKUSDT_PERP.3,0,777.087
1790667540,LINKUSDT_PERP.A,0,3131.4019
1790667540,SOLUSDT.6,0,8839.764000000001
1790667540,SOLUSDT_PERP.3,0,10205.9472
1790667540,SOLUSDT_PERP.A,0,82463.1432
1790667540,XRPUSDT.6,0,320.76648
1790667540,XRPUSDT_PERP.3,0,274.7472
1790667540,XRPUSDT_PERP.A,0,17590.443
1790667660,ETHUSDT_PERP.3,0,116.63836
1790667780,BNBUSDT_PERP.A,0,1898.8372000000002
1790667780,ETHUSDT_PERP.3,0,2161.1372300000003
1790667780,LINKUSDT_PERP.A,0,531.7900000000001
1790667900,AVAXUSDT_PERP.A,0,2071.377
1790667960,AVAXUSDT.6,0,960.2439
1790667960,AVAXUSDT_PERP.3,0,11339
1790667960,AVAXUSDT_PERP.A,0,35484.81
1790668020,AVAXUSDT.6,0,1069.4562999999998
1790668020,AVAXUSDT_PERP.A,0,669.1189999999999
1790668320,AVAXUSDT.6,0,1503.7919
1790668320,AVAXUSDT_PERP.A,0,13672.197
1790668380,AVAXUSDT.6,0,2047.1527
1790668380,AVAXUSDT_PERP.3,0,451.88
1790668380,AVAXUSDT_PERP.A,0,4587.44
1790668380,BTCUSDT.6,0,17557.0032
1790668380,BTCUSDT_PERP.A,0,839.9989999999999
1790668380,ETHUSDT.6,0,7022.500099999999
1790668380,ETHUSDT_PERP.A,1355.56,9488.92
1790668380,SOLUSDT_PERP.3,0,202.03949999999998
1790668380,SOLUSDT_PERP.A,0,1793.25
1790668440,AVAXUSDT.6,0,15105.885299999998
1790668440,AVAXUSDT_PERP.3,0,31.0797
1790668440,AVAXUSDT_PERP.A,0,39278.944
1790668440,BTCUSDT_PERP.A,419.96900000000005,2351.8264
1790668440,ETHUSDT_PERP.A,0,6484.6311
1790668440,LINKUSDT_PERP.A,247.72203000000005,0
1790668440,LTCUSDT_PERP.A,103.19116000000001,0
1790668440,SOLUSDT_PERP.A,0,139.94369999999998
1790668440,XRPUSDT_PERP.A,3.0176,319.71472
1790668500,ADAUSDT_PERP.A,11.0704,0
1790668500,BTCUSDT_PERP.A,0,1091.4475
1790668500,DOGEUSDT_PERP.A,1.23578,0
1790668500,ETHUSDT_PERP.A,0,1276.56072
1790668500,LINKUSDT_PERP.A,3.1898999999999997,0
1790668500,SOLUSDT_PERP.A,9.5608,1325.3659
1790668500,XRPUSDT_PERP.A,428.4315,0
1790668740,BTCUSDT_PERP.A,83.947,0
1790668860,ADAUSDT_PERP.A,0,1586.956
1790668920,ADAUSDT_PERP.3,0,4523.33
1790668920,ETHUSDT_PERP.A,0,138825.23062
1790669040,ETHUSDT_PERP.A,0,233.48999999999998
1790669100,DOGEUSDT_PERP.A,0.37948,0
1790669220,LINKUSDT.6,973.6949,0
1790669400,BTCUSDT_PERP.A,0,335971.6
1790669400,ETHUSDT_PERP.A,0,437161.69
1790669700,ETHUSDT_PERP.A,0,83778.03450000001
1790669760,ETHUSDT_PERP.3,0,4803.942899999999
1790669760,ETHUSDT_PERP.A,0,55171.066139999995
1790670000,AVAXUSDT_PERP.3,117.33760000000001,0
1790670000,AVAXUSDT_PERP.A,24793.344,0
1790670060,ADAUSDT_PERP.A,0,4618.3548
1790670060,AVAXUSDT_PERP.A,0,319.088
1790670060,BNBUSDT_PERP.A,0,391.6239
1790670060,BTCUSDT.6,0,80151.6114
1790670060,BTCUSDT_PERP.3,0,19449.1698
1790670060,BTCUSDT_PERP.A,0,433085.1137999999
1790670060,DOGEUSDT_PERP.3,0,398.0614
1790670060,DOGEUSDT_PERP.A,0,51453.8595
1790670060,ETHUSDT.6,0,138339.3072
1790670060,ETHUSDT_PERP.3,0,44085.996250000004
1790670060,ETHUSDT_PERP.A,0,943956.39385
1790670060,LINKUSDT_PERP.A,0,3204.06957
1790670060,SOLUSDT.6,0,5990
1790670060,SOLUSDT_PERP.A,0,793.0098
1790670060,XRPUSDT.6,0,4017.91086
1790670060,XRPUSDT_PERP.A,0,43937.40933
1790670120,ADAUSDT.6,0,2750.9523999999997
1790670120,ADAUSDT_PERP.3,0,13396.339999999998
1790670120,ADAUSDT_PERP.A,0,5799.572999999999
1790670120,AVAXUSDT_PERP.A,0,2168.09
1790670120,BNBUSDT_PERP.3,0,460.37999999999994
1790670120,BTCUSDT.6,0,249273.91380000004
1790670120,BTCUSDT_PERP.3,0,120761.74791
1790670120,BTCUSDT_PERP.A,0,73232.8894
1790670120,DOGEUSDT.6,0,10768.528
1790670120,DOGEUSDT_PERP.3,0,1580.7371999999998
1790670120,DOGEUSDT_PERP.A,0,4251.17975
1790670120,ETHUSDT.6,0,635228.6539
1790670120,ETHUSDT_PERP.3,0,40006.33664
1790670120,ETHUSDT_PERP.A,0,6331841.7304799985
1790670120,LINKUSDT_PERP.3,0,133.16219999999998
1790670120,LINKUSDT_PERP.A,0,31220.415450000004
1790670120,SOLUSDT.6,0,6063.397999999999
1790670120,SOLUSDT_PERP.3,0,65312.0253
1790670120,SOLUSDT_PERP.A,0,30448.658399999997
1790670120,XRPUSDT.6,0,8202.84856
1790670120,XRPUSDT_PERP.3,0,504.841
1790670120,XRPUSDT_PERP.A,0,3967.0430399999996
1790670180,SOLUSDT_PERP.A,0,93319.2
1790670240,AVAXUSDT_PERP.3,5072.9294,0
1790670540,BTCUSDT_PERP.A,0,4627.1885
1790670540,ETHUSDT.6,245.0232,0
1790670540,ETHUSDT_PERP.A,0,8167.02
1790670600,XRPUSDT_PERP.A,0,609.44898
1790670660,ETHUSDT.6,108.742,0
1790670720,BTCUSDT.6,3697.1264,0
1790670720,BTCUSDT_PERP.A,84.03280000000001,0
1790670720,ETHUSDT_PERP.3,654.61143,0
1790670780,AVAXUSDT.6,153.6256,0
1790670780,AVAXUSDT_PERP.3,12509.122899999998,0
1790670780,BTCUSDT.6,5121.2977,0
1790670780,BTCUSDT_PERP.A,167.912,0
1790670780,ETHUSDT.6,325.662,0
1790670780,ETHUSDT_PERP.3,2884.5355400000003,0
1790670780,ETHUSDT_PERP.A,21.7108,0
1790670780,LINKUSDT_PERP.A,66.34824,0
1790670780,SOLUSDT.6,23.848,0
1790670780,XRPUSDT_PERP.A,741.2255,0
1790670840,AVAXUSDT_PERP.A,1592.172,0
1790670840,SOLUSDT_PERP.A,855.3093,0
1790670840,XRPUSDT.6,357.47703,0
1790670840,XRPUSDT_PERP.A,99.54494000000001,0
1790670900,AVAXUSDT_PERP.3,1045.9488000000001,0
1790670960,AVAXUSDT_PERP.A,45.012,0
1790670960,BNBUSDT_PERP.A,1529.94,0
1790670960,BTCUSDT_PERP.A,167.811,0
1790670960,DOGEUSDT_PERP.A,1563.76245,0
1790670960,ETHUSDT.6,325.2312,0
1790670960,ETHUSDT_PERP.3,3116.4655000000002,0
1790670960,ETHUSDT_PERP.A,303.54015999999996,0
1790670960,LINKUSDT.6,9401.352,0
1790670960,SOLUSDT.6,2284.4160000000006,0
1790670960,SOLUSDT_PERP.3,5522.1232,0
1790670960,SOLUSDT_PERP.A,6278.0469,0
1790670960,XRPUSDT_PERP.3,302.93940000000003,0
1790670960,XRPUSDT_PERP.A,43972.8,0
1790671020,AVAXUSDT_PERP.A,33.756,0
1790671020,BTCUSDT_PERP.3,184.55162,0
1790671020,BTCUSDT_PERP.A,671.104,0
1790671020,SOLUSDT_PERP.3,238.08,0
1790671020,SOLUSDT_PERP.A,1330.8672000000001,0
1790671020,XRPUSDT_PERP.A,2460.6580900000004,0
1790671080,XRPUSDT_PERP.A,20.55548,0
1790671260,BTCUSDT_PERP.3,1233.06099,0
1790671260,BTCUSDT_PERP.A,6962.239199999999,0
1790671260,LTCUSDT.6,198.76600000000002,0
1790671500,BTCUSDT_PERP.A,2011.68,0
1790671500,LINKUSDT_PERP.A,227.325,0
1790671500,XRPUSDT_PERP.3,1011.7574999999999,0
1790671560,BTCUSDT.6,0,83.7782
1790671560,BTCUSDT_PERP.A,17677.305699999997,0
1790671560,DOGEUSDT_PERP.A,676.5135300000001,0
1790671560,ETHUSDT_PERP.A,276.29658,0
1790671560,LINKUSDT.6,9.102,0
1790671560,XRPUSDT.6,402.35844,0
1790671620,BTCUSDT_PERP.A,14742.499199999998,0
1790671620,ETHUSDT.6,1786.7322000000001,0
1790671620,ETHUSDT_PERP.3,4258.158190000001,0
1790671620,ETHUSDT_PERP.A,3383.675,0
1790671740,BNBUSDT_PERP.A,0,7.6488000000000005
1790671740,LINKUSDT.6,0,2231.464
1790671920,AVAXUSDT_PERP.A,158.718,0
1790671920,ETHUSDT_PERP.3,4094.162869999999,0
1790671920,ETHUSDT_PERP.A,922.7562300000002,0
1790671920,LTCUSDT_PERP.A,229.48908000000003,0
1790671980,XRPUSDT_PERP.A,5.84025,0
1790672040,ETHUSDT_PERP.3,979.6842200000001,0
1790672040,ETHUSDT_PERP.A,4955.65643,0
1790672040,XRPUSDT_PERP.A,1017.2918000000001,0
1790672220,AVAXUSDT.6,0,1776.4316000000001
1790672220,AVAXUSDT_PERP.A,0,11.404
1790672220,BTCUSDT.6,0,1257.5384999999999
1790672220,DOGEUSDT_PERP.A,227.07389999999998,0
1790672220,ETHUSDT.6,81.2403,0
1790672220,LINKUSDT.6,0,70.33399999999999
1790672220,SOLUSDT.6,0,1214.82
1790672400,ETHUSDT_PERP.3,2440.73984,0
1790672400,ETHUSDT_PERP.A,221.8797,0
1790672460,DOGEUSDT.6,0,494.38906
1790672460,LINKUSDT_PERP.3,0,238.96079999999998
1790672460,LINKUSDT_PERP.A,0,62.81609999999999
1790672580,BTCUSDT.6,753.6546000000001,0
1790672580,BTCUSDT_PERP.3,4965.7286300000005,0
1790672580,BTCUSDT_PERP.A,83.74080000000001,0
1790672580,ETHUSDT.6,54.0558,0
1790672580,ETHUSDT_PERP.3,33708.94744,0
1790672580,ETHUSDT_PERP.A,9579.0776,0
1790672640,SOLUSDT.6,11.906,0
1790672640,SOLUSDT_PERP.3,202.368,0
1790672640,SOLUSDT_PERP.A,4950.098999999999,0
1790672700,ETHUSDT_PERP.A,145038.44096,0
1790672820,BTCUSDT.6,167.46560000000002,0
1790673600,LINKUSDT_PERP.A,30.178430000000002,0
1790673660,DOGEUSDT_PERP.A,0,147.65728000000001
1790674260,LINKUSDT_PERP.A,0,21.795579999999998
1790674260,XRPUSDT.6,0,7.827560000000001
1790674320,ADAUSDT.6,0,2270.5812
1790674320,AVAXUSDT.6,0,28.607499999999998
1790674320,ETHUSDT_PERP.A,0,24754.37646
1790674320,LINKUSDT_PERP.A,0,157.563
1790674320,SOLUSDT.6,0,501.81600000000003
1790674320,XRPUSDT.6,0,67.59695
1790674320,XRPUSDT_PERP.A,0,1963.9649100000001
1790674380,BTCUSDT_PERP.A,0,19723.291499999996
1790674380,DOGEUSDT.6,0,50.8635
1790674380,ETHUSDT_PERP.A,0,16937.35572
1790674380,XRPUSDT_PERP.A,0,5.122439999999999
1790674440,BTCUSDT_PERP.A,0,923.241
1790674440,LINKUSDT_PERP.A,252.396,9290.943000000001
1790674500,AVAXUSDT.6,1958.4164,0
1790674560,DOGEUSDT.6,0,26.77649
1790674560,DOGEUSDT_PERP.A,0,348.05784
1790674560,ETHUSDT_PERP.A,70.41554,0
1790674620,BTCUSDT.6,0,1427.1109000000001
1790674620,BTCUSDT_PERP.A,0,18802.8736
1790674620,DOGEUSDT_PERP.A,20.12518,117.41278000000001
1790674620,ETHUSDT.6,0,1869.7205999999996
1790674620,ETHUSDT_PERP.A,0,21.676720000000003
1790674620,LINKUSDT.6,0,2958.1313999999998
1790674620,LINKUSDT_PERP.A,0,1092.2896999999998
1790674620,SOLUSDT.6,0,5543.872
1790674620,XRPUSDT.6,0,25327.290240000002
1790674680,BTCUSDT_PERP.A,0,1091.4760999999999
1790674680,ETHUSDT_PERP.A,0,6067.75717
1790674680,LINKUSDT_PERP.A,0,277.596
1790674740,SOLUSDT.6,0,47.844
1790674740,SOLUSDT_PERP.A,0,161.44650000000001
1790674740,XRPUSDT_PERP.A,0,55.931960000000004
1790674800,SOLUSDT_PERP.3,0,78.92280000000001
1790674800,SOLUSDT_PERP.A,0,10090.160399999999
1790674860,AVAXUSDT_PERP.3,0,624.7334999999999
1790674860,AVAXUSDT_PERP.A,0,2178.16
1790674860,BTCUSDT_PERP.3,0,58.737350000000006
1790674920,AVAXUSDT_PERP.3,0,10101.5352
1790674920,BTCUSDT_PERP.A,83.938,0
1790674980,ETHUSDT_PERP.A,0,70.48469999999999
1790674980,XRPUSDT_PERP.3,0,31.657500000000002
1790675040,BTCUSDT_PERP.A,0,36191.759600000005
1790675160,BTCUSDT_PERP.A,0,2183.8128
1790675160,ETHUSDT.6,0,81.3726
1790675160,ETHUSDT_PERP.A,0,1179.7635
1790675220,ADAUSDT_PERP.A,0,502.9759
1790675220,AVAXUSDT_PERP.A,0,23.05
1790675220,BTCUSDT.6,0,22286.844500000003
1790675220,BTCUSDT_PERP.3,0,11419.78866
1790675220,BTCUSDT_PERP.A,0,62903.284400000004
1790675220,DOGEUSDT.6,0,2160.19969
1790675220,DOGEUSDT_PERP.3,0,1875.789
1790675220,DOGEUSDT_PERP.A,0,10346.976639999999
1790675220,ETHUSDT.6,0,950.9255
1790675220,ETHUSDT_PERP.3,0,176180.83432
1790675220,ETHUSDT_PERP.A,0,61785.64218
1790675220,LINKUSDT.6,0,237.88379999999998
1790675220,LINKUSDT_PERP.3,0,67701.9
1790675220,LINKUSDT_PERP.A,0,1139.3426
1790675220,SOLUSDT.6,0,1137.72
1790675220,SOLUSDT_PERP.3,0,4776.8275
1790675220,SOLUSDT_PERP.A,0,7.184399999999999
1790675220,XRPUSDT_PERP.3,0,5507.4357
1790675220,XRPUSDT_PERP.A,0,11.47144
1790675280,AVAXUSDT_PERP.3,0,31.149900000000006
1790675280,BTCUSDT.6,0,7737.6416
1790675280,BTCUSDT_PERP.A,0,1682.0339999999999
1790675280,DOGEUSDT_PERP.A,0,365.8605
1790675280,LINKUSDT_PERP.A,0,154.46
1790675280,SOLUSDT_PERP.A,0,451.7591
1790675280,XRPUSDT.6,0,25.52407
1790675280,XRPUSDT_PERP.A,0,39.56986
1790675340,ADAUSDT_PERP.A,0,6.6091999999999995
1790675340,AVAXUSDT.6,0,42.772000000000006
1790675340,AVAXUSDT_PERP.3,0,193.052
1790675340,AVAXUSDT_PERP.A,0,1202.4479999999999
1790675340,BTCUSDT_PERP.A,0,9342.492600000001
1790675340,ETHUSDT_PERP.3,0,630.5040799999999
1790675340,ETHUSDT_PERP.A,0,2587.05048
1790675340,XRPUSDT_PERP.A,0,355.71294000000006
1790675400,BTCUSDT.6,0,15924.384
1790675400,BTCUSDT_PERP.3,0,255147.43560000003
1790675400,BTCUSDT_PERP.A,0,550170.1309999999
1790675400,DOGEUSDT.6,0,66.60185
1790675400,DOGEUSDT_PERP.3,0,11590.1357
1790675400,DOGEUSDT_PERP.A,0,3479.60748
1790675400,ETHUSDT.6,0,271.96700000000004
1790675400,ETHUSDT_PERP.3,0,15304.61436
1790675400,ETHUSDT_PERP.A,27.1931,103037.37521
1790675400,LINKUSDT_PERP.A,0,2183.9062400000003
1790675400,SOLUSDT.6,0,21118.554
1790675400,SOLUSDT_PERP.3,0,1836.306
1790675400,SOLUSDT_PERP.A,0,1962.327
1790675400,XRPUSDT.6,0,20259.23328
1790675400,XRPUSDT_PERP.3,0,4539.900000000001
1790675400,XRPUSDT_PERP.A,0,42.3752
1790675460,LINKUSDT_PERP.A,0,27.57853
1790675520,XRPUSDT.6,0,21.593
1790675640,ETHUSDT.6,0,951.3874999999999
1790675640,ETHUSDT_PERP.3,0,1391.63136
1790675640,ETHUSDT_PERP.A,0,3452.0378
1790675700,ADAUSDT_PERP.A,0,255.41760000000002
1790675700,BTCUSDT.6,2022.5544000000002,3792.2895000000003
1790675700,BTCUSDT_PERP.3,0,1777.9282
1790675700,BTCUSDT_PERP.A,0,5393.2032
1790675700,SOLUSDT_PERP.3,0,38865.23850000001
1790675700,SOLUSDT_PERP.A,0,2603.0168999999996
1790675760,ADAUSDT_PERP.A,0,18.542
1790675760,XRPUSDT.6,0,30.092779999999998
1790676060,AVAXUSDT_PERP.3,0,195.43159999999997
1790676060,AVAXUSDT_PERP.A,0,3781.428
1790676060,ETHUSDT_PERP.A,2989.8976199999997,0
1790676120,AVAXUSDT.6,0,137.8496
1790676180,AVAXUSDT_PERP.A,0,2972.416
1790676240,AVAXUSDT_PERP.3,0,16.2582
1790676420,ETHUSDT_PERP.A,0,157.62892
1790676420,LINKUSDT_PERP.A,0,5241.46896
1790676480,LINKUSDT_PERP.A,0,6832.38609
1790676540,LINKUSDT_PERP.3,0,4188.061000000001
1790676540,LINKUSDT_PERP.A,0,7154.407369999999
1790676660,BTCUSDT.6,0,1432.5373
1790676660,BTCUSDT_PERP.3,0,2005.3522999999998
1790676660,BTCUSDT_PERP.A,0,7499.6295
1790676660,ETHUSDT_PERP.A,0,1921.86638
1790676660,LINKUSDT_PERP.A,0,761.11952
1790676960,AVAXUSDT.6,0,762.8427
1790676960,AVAXUSDT_PERP.3,0,2.3232
1790677080,ADAUSDT.6,28075.9128,0
1790677080,AVAXUSDT_PERP.3,0,217.5745
1790677080,AVAXUSDT_PERP.A,0,2187.38
1790677080,LINKUSDT_PERP.A,35.35302,0
1790677140,BTCUSDT_PERP.A,1597.33,0
1790677200,AVAXUSDT.6,0,2017.0387
1790677200,AVAXUSDT_PERP.3,0,38.408699999999996
1790677200,AVAXUSDT_PERP.A,0,20015.64
1790677260,ADAUSDT_PERP.3,430.5780000000001,0
1790677260,ETHUSDT_PERP.A,862.32696,0
1790677860,ETHUSDT_PERP.A,0,170.87805
1790677920,LINKUSDT_PERP.3,47.7431,0
1790677980,XRPUSDT.6,48.43524,0
1790678040,BTCUSDT_PERP.A,252.0549,0
1790678040,SOLUSDT_PERP.A,2767.7264999999998,0
1790678100,ADAUSDT_PERP.A,11.7829,0
1790678100,SOLUSDT_PERP.3,2686.1183,0
1790678160,SOLUSDT_PERP.3,2016.339,0
1790678160,SOLUSDT_PERP.A,7.159199999999999,0
1790678220,ADAUSDT_PERP.A,28.2952,0
1790678220,LINKUSDT_PERP.A,182.35693,0
1790678220,SOLUSDT_PERP.3,1215.4632000000001,0
1790678220,XRPUSDT.6,64.06188,0
1790678220,XRPUSDT_PERP.A,637.6767600000001,0
1790678280,LINKUSDT_PERP.3,150.1458,0
1790678340,AVAXUSDT.6,5441.877600000001,0
1790678340,AVAXUSDT_PERP.3,231.56,0
1790678340,AVAXUSDT_PERP.A,4086.328,0
1790678340,SOLUSDT_PERP.3,1037.301,0
1790678460,AVAXUSDT_PERP.3,572.9988,0
1790678460,LINKUSDT.6,123.9057,0
1790678460,LINKUSDT_PERP.3,363.9972,0
1790678460,LINKUSDT_PERP.A,989.4982399999999,0
1790678580,AVAXUSDT.6,28.775,0
1790678580,BTCUSDT.6,28042.539800000002,0
1790678580,BTCUSDT_PERP.A,335.8408,0
1790678580,ETHUSDT_PERP.A,5291.69256,0
1790678580,LINKUSDT_PERP.A,629.4363000000001,0
1790678580,SOLUSDT.6,83.44,0
1790678820,BTCUSDT.6,1007.3832000000001,0
1790678820,BTCUSDT_PERP.A,11248.630000000001,0
1790679480,BNBUSDT_PERP.A,7.6464,0
1790679540,DOGEUSDT_PERP.A,0,3.9891599999999996
1790679660,ETHUSDT_PERP.A,0,67.89725
1790679780,BTCUSDT.6,0,1259.4824999999998
1790679840,BTCUSDT.6,2516.7599999999998,0
1790679840,BTCUSDT_PERP.A,755.0504999999999,0
1790679960,ETHUSDT_PERP.A,0,589.92101
1790680080,ETHUSDT_PERP.A,0,15270.924869999999
1790680380,LINKUSDT_PERP.A,0.30704000000000004,0
1790680620,AVAXUSDT_PERP.A,0,11.556
1790680620,DOGEUSDT_PERP.A,0,11.19702
1790680680,ADAUSDT_PERP.A,251.4,0
1790681100,DOGEUSDT_PERP.A,0,106.60122
1790681400,SOLUSDT_PERP.3,0,131.263
1790681520,BTCUSDT_PERP.3,0,210.47875
1790681520,BTCUSDT_PERP.A,0,46386.9819
1790681520,ETHUSDT.6,0,5258.7482
1790681520,ETHUSDT_PERP.3,0,9195.727499999999
1790681520,ETHUSDT_PERP.A,27.2456,201797.26095999996
1790681520,XRPUSDT_PERP.3,0,642.5575
1790681520,XRPUSDT_PERP.A,0,327.13188
1790681580,ADAUSDT_PERP.A,0,23.004800000000003
1790681580,AVAXUSDT_PERP.3,0,4430.7468
1790681580,AVAXUSDT_PERP.A,0,2030.232
1790681580,BTCUSDT_PERP.A,0,14649.042599999999
1790681580,DOGEUSDT.6,0,595.7952
1790681580,ETHUSDT_PERP.3,0,18601.00164
1790681580,ETHUSDT_PERP.A,0,324179.8656
1790681580,LINKUSDT.6,0,376.6384
1790681580,LINKUSDT_PERP.A,0,71.15074
1790681580,SOLUSDT_PERP.A,0,598.65
1790681640,ADAUSDT.6,0,211.5936
1790681640,ADAUSDT_PERP.A,0,335.9712
1790681640,BTCUSDT_PERP.A,0,1599.9881
1790681640,ETHUSDT.6,0,1991.513
1790681640,ETHUSDT_PERP.3,0,34146.350040000005
1790681640,ETHUSDT_PERP.A,27.276500000000002,102668.746
1790681640,LINKUSDT.6,0,330.30899999999997
1790681640,LINKUSDT_PERP.A,0,440.02333999999996
1790681640,LTCUSDT_PERP.A,0,43.63902
1790681640,SOLUSDT_PERP.A,0,502.04580000000004
1790681640,XRPUSDT_PERP.A,0,29980.069859999996
1790681700,AVAXUSDT.6,0,434.81199999999995
1790681700,AVAXUSDT_PERP.3,0,589.7171999999999
1790681700,AVAXUSDT_PERP.A,0,13749.905999999999
1790681700,BTCUSDT.6,0,3537.6432
1790681700,DOGEUSDT_PERP.A,0,106177.6716
1790681700,ETHUSDT.6,0,5132.2119999999995
1790681700,ETHUSDT_PERP.3,0,12878.771780000001
1790681700,ETHUSDT_PERP.A,0,380336.71849999996
1790681700,LINKUSDT_PERP.A,0,49.25998
1790681700,LTCUSDT_PERP.A,0,69.58224
1790681700,SOLUSDT.6,0,6777.175
1790681700,SOLUSDT_PERP.3,0,1413.3852
1790681700,SOLUSDT_PERP.A,0,69.52459999999999
1790681700,XRPUSDT_PERP.A,0,39.03282
1790681760,BTCUSDT_PERP.A,0,925.8688999999998
1790681760,DOGEUSDT.6,0,97.63512
1790681760,DOGEUSDT_PERP.A,0,321.85166000000004
1790681760,ETHUSDT.6,0,5618.6706
1790681760,ETHUSDT_PERP.3,0,4485.73405
1790681760,ETHUSDT_PERP.A,0,16097.244879999998
1790681760,SOLUSDT_PERP.3,0,877.5476
1790681760,SOLUSDT_PERP.A,0,997.101
1790681820,AVAXUSDT_PERP.3,0,237.5303
1790681820,AVAXUSDT_PERP.A,0,2117.8810000000003
1790681880,ADAUSDT_PERP.A,0,66.72309999999999
1790682240,AVAXUSDT_PERP.A,0,621.5310000000001
1790682240,BTCUSDT.6,0,336.8868
1790682240,ETHUSDT_PERP.3,0,5537.465069999999
1790682300,BTCUSDT_PERP.A,0,221246.46540000002
1790682300,ETHUSDT_PERP.A,0,1648.2741
1790682300,LTCUSDT_PERP.3,0,151.844
1790682300,XRPUSDT_PERP.A,0,344.25300000000004
1790682360,AVAXUSDT_PERP.3,0,2346.4512
1790682360,AVAXUSDT_PERP.A,0,9761.757
1790682360,BTCUSDT.6,0,589.8795
1790682360,BTCUSDT_PERP.3,0,429.76017
1790682360,BTCUSDT_PERP.A,0,2106.8650000000002
1790682360,ETHUSDT_PERP.3,0,32683.364
1790682360,ETHUSDT_PERP.A,0,18018.80861
1790682360,SOLUSDT_PERP.3,0,184.63060000000002
1790682360,XRPUSDT.6,0,9110.13018
1790682360,XRPUSDT_PERP.3,0,9471.875
1790682360,XRPUSDT_PERP.A,0,358.26419999999996
1790682420,ADAUSDT.6,0,200.81799999999998
1790682420,BTCUSDT.6,0,4214.240000000001
1790682420,BTCUSDT_PERP.3,0,396.15266
1790682420,BTCUSDT_PERP.A,0,6911.165
1790682420,ETHUSDT_PERP.A,0,3799.5328699999995
1790682420,SOLUSDT_PERP.3,0,2596.268
1790682420,XRPUSDT_PERP.3,0,1623.3147000000001
1790682420,XRPUSDT_PERP.A,0,985.7462400000002
1790682480,LTCUSDT.6,0,69.1
1790682540,AVAXUSDT_PERP.A,0,1196.46
1790682540,BTCUSDT.6,0,63132.022800000006
1790682540,BTCUSDT_PERP.3,0,49424.52287999999
1790682540,BTCUSDT_PERP.A,0,361824.0861000001
1790682540,DOGEUSDT_PERP.3,0,2283.6234
1790682540,DOGEUSDT_PERP.A,0,459.3131
1790682540,ETHUSDT.6,0,4727.778600000001
1790682540,ETHUSDT_PERP.3,0,13043.18862
1790682540,ETHUSDT_PERP.A,0,88914.63545999999
1790682540,LINKUSDT_PERP.A,0,1550.67336
1790682540,LTCUSDT_PERP.A,0,696.7178399999999
1790682540,SOLUSDT.6,0,4315.539000000001
1790682540,SOLUSDT_PERP.3,0,1694.3970000000002
1790682540,SOLUSDT_PERP.A,0,13531.292999999998
1790682540,XRPUSDT.6,0,13211.87249
1790682540,XRPUSDT_PERP.3,0,336.97380000000004
1790682540,XRPUSDT_PERP.A,0,1389.81808
1790682600,ADAUSDT_PERP.A,0,1624.5984
1790682600,AVAXUSDT_PERP.3,0,7689.632
1790682600,BTCUSDT.6,1604.0598,38497.4352
1790682600,BTCUSDT_PERP.3,0,323206.50396
1790682600,BTCUSDT_PERP.A,0,213680.94049999997
1790682600,DOGEUSDT.6,0,5570.660159999999
1790682600,DOGEUSDT_PERP.3,0,751.1319
1790682600,DOGEUSDT_PERP.A,0,30425.260319999998
1790682600,ETHUSDT.6,300.9226,85845.0108
1790682600,ETHUSDT_PERP.3,0,33982.497520000004
1790682600,ETHUSDT_PERP.A,0,3817275.2680000006
1790682600,LINKUSDT_PERP.A,0,284.81376
1790682600,SOLUSDT.6,0,6759.736000000001
1790682600,SOLUSDT_PERP.3,0,62440.19460000001
1790682600,SOLUSDT_PERP.A,0,7362.907499999999
1790682600,XRPUSDT.6,0,4739.06376
1790682600,XRPUSDT_PERP.3,0,2291.8584
1790682600,XRPUSDT_PERP.A,0,6592.480680000001
1790682720,DOGEUSDT_PERP.A,0,62.633579999999995
1790682780,ETHUSDT_PERP.A,0,349.5936
1790682900,ETHUSDT_PERP.A,0,5675.381729999999
1790682960,AVAXUSDT.6,0,12059.8288
1790682960,AVAXUSDT_PERP.3,0,6350.453199999999
1790682960,AVAXUSDT_PERP.A,0,11584.507
1790683020,AVAXUSDT.6,0,36.905499999999996
1790683020,AVAXUSDT_PERP.3,0,32206.053599999996
1790683020,AVAXUSDT_PERP.A,0,33360.612
1790683020,BTCUSDT_PERP.3,109.64954000000002,0
1790683020,ETHUSDT_PERP.A,0,10771.25082
1790683080,AVAXUSDT_PERP.A,0,5052.786
1790683080,ETHUSDT_PERP.3,0,513.71376
1790683200,SOLUSDT.6,120.08,0
1790683260,AVAXUSDT_PERP.3,0,1612.3428000000001
1790683260,AVAXUSDT_PERP.A,0,7510.88
1790683260,ETHUSDT_PERP.3,0,325.06039999999996
1790683260,XRPUSDT_PERP.A,9.706240000000001,0
1790683320,AVAXUSDT.6,0,896.4781
1790683320,AVAXUSDT_PERP.3,0,94.5472
1790683320,BTCUSDT_PERP.A,0,253.09890000000001
1790683320,LINKUSDT_PERP.A,4203.40025,0
1790683380,AVAXUSDT_PERP.3,0,1199.7397999999998
1790683380,AVAXUSDT_PERP.A,0,965.2769999999999
1790683680,BTCUSDT_PERP.A,84.2602,0
1790683980,AVAXUSDT_PERP.3,116.4534,0
1790683980,AVAXUSDT_PERP.A,59.42999999999999,0
1790684100,AVAXUSDT.6,0,2480.2866
1790684100,ETHUSDT_PERP.A,0,219731.04426
1790684160,ADAUSDT_PERP.3,0,37.995000000000005
1790684160,ADAUSDT_PERP.A,0,111.45200000000001
1790684160,AVAXUSDT_PERP.A,0,23.872
1790684160,BTCUSDT_PERP.A,0,84.363
1790684160,ETHUSDT.6,0,6931.010900000001
1790684160,ETHUSDT_PERP.3,0,98646.08933999999
1790684160,ETHUSDT_PERP.A,0,84966.519
1790684160,LINKUSDT_PERP.A,0,63.77669999999999
1790684160,LTCUSDT_PERP.A,0,124.26524
1790684160,SOLUSDT_PERP.A,0,2795.0335999999998
1790684220,BTCUSDT_PERP.3,0,4059.56304
1790684220,BTCUSDT_PERP.A,0,42706.0458
1790684220,DOGEUSDT.6,0,112.5331
1790684220,DOGEUSDT_PERP.3,0,11177.7445
1790684220,DOGEUSDT_PERP.A,0,1455.95568
1790684220,ETHUSDT.6,0,38607.3765
1790684220,ETHUSDT_PERP.3,0,128627.26114000002
1790684220,ETHUSDT_PERP.A,0,370084.29552000004
1790684220,SOLUSDT.6,0,529.936
1790684220,SOLUSDT_PERP.3,0,1200.3880000000001
1790684220,SOLUSDT_PERP.A,0,5694.920000000001
1790684220,XRPUSDT_PERP.A,0,37360.86579
1790684280,ADAUSDT.6,0,239.844
1790684280,AVAXUSDT_PERP.3,0,286.05600000000004
1790684280,BNBUSDT_PERP.A,0,997.5680000000001
1790684280,BTCUSDT_PERP.3,0,50.61941999999999
1790684280,BTCUSDT_PERP.A,0,252513.42400000003
1790684280,DOGEUSDT.6,0,230.376
1790684280,DOGEUSDT_PERP.3,0,44736.4155
1790684280,DOGEUSDT_PERP.A,0,5931.287600000001
1790684280,ETHUSDT.6,0,70341.5452
1790684280,ETHUSDT_PERP.3,0,6124.717059999999
1790684280,ETHUSDT_PERP.A,0,479119.27551
1790684280,LINKUSDT_PERP.3,0,218.63739999999999
1790684280,SOLUSDT.6,0,23580.482999999997
1790684280,SOLUSDT_PERP.3,0,42059.172900000005
1790684280,SOLUSDT_PERP.A,0,9374.910300000001
1790684280,XRPUSDT.6,0,395.66438999999997
1790684280,XRPUSDT_PERP.3,0,74.3575
1790684280,XRPUSDT_PERP.A,0,1017.11322
1790684340,ADAUSDT.6,72.6624,0
1790684340,BTCUSDT_PERP.A,842.319,0
1790684340,ETHUSDT_PERP.A,3326.20992,0
1790684400,AVAXUSDT.6,647.5168,0
1790684400,AVAXUSDT_PERP.3,25.993000000000002,0
1790684400,BTCUSDT_PERP.A,69627.6937,0
1790684400,ETHUSDT.6,56560.6668,0
1790684400,ETHUSDT_PERP.A,819.99,0
1790684460,AVAXUSDT_PERP.3,236.11999999999998,0
1790684520,AVAXUSDT_PERP.A,141.28799999999998,0
1790684580,AVAXUSDT_PERP.3,660.8019,0
1790684580,AVAXUSDT_PERP.A,235.62,0
1790684640,BTCUSDT.6,84.12689999999999,0
1790684640,BTCUSDT_PERP.A,2607.8905,0
1790684700,ADAUSDT.6,4588.92,0
1790684700,BTCUSDT.6,504.576,0
1790684700,BTCUSDT_PERP.A,20435.789699999998,168.1958
1790684700,XRPUSDT.6,12.559560000000001,0
1790684700,XRPUSDT_PERP.A,251.46059999999997,0
1790685000,ETHUSDT_PERP.3,0,1117.2427200000002
1790685000,ETHUSDT_PERP.A,0,2842.41768
1790685060,ETHUSDT_PERP.A,0,158.86896000000002
1790685120,ETHUSDT_PERP.A,0,684.505
1790685180,ETHUSDT_PERP.A,0,588.7904
1790685180,XRPUSDT_PERP.A,0,659.7232799999999
1790685240,BTCUSDT_PERP.3,0,1095.2968
1790685240,DOGEUSDT.6,0,1403.92096
1790685240,ETHUSDT_PERP.3,0,21133.699500000002
1790685240,ETHUSDT_PERP.A,0,7383.060299999999
1790685240,XRPUSDT.6,0,217824.25004
1790685240,XRPUSDT_PERP.3,0,43595.8198
1790685240,XRPUSDT_PERP.A,0,460536.32266
1790685300,BTCUSDT.6,0,4298.0199
1790685300,BTCUSDT_PERP.A,0,84.2772
1790685300,DOGEUSDT.6,0,13461.6147
1790685300,DOGEUSDT_PERP.3,0,7397.3936
1790685300,DOGEUSDT_PERP.A,0,236657.03502
1790685300,ETHUSDT.6,0,3395.616
1790685300,ETHUSDT_PERP.A,0,24549.762929999997
1790685300,SOLUSDT.6,48.136,3850.88
1790685300,XRPUSDT.6,0,76028.6775
1790685300,XRPUSDT_PERP.3,0,9417.7104
1790685300,XRPUSDT_PERP.A,0,378416.3029500001
1790685360,XRPUSDT_PERP.3,0,27470.5813
1790685360,XRPUSDT_PERP.A,0,5476.4702
1790685420,ADAUSDT_PERP.A,0,5044.0212
1790685420,BTCUSDT_PERP.A,0,8103.1392
1790685420,DOGEUSDT.6,0,11.5596
1790685420,DOGEUSDT_PERP.3,0,5667.468800000001
1790685420,DOGEUSDT_PERP.A,0,18086.39168
1790685420,ETHUSDT_PERP.A,0,2503.50991
1790685420,SOLUSDT.6,0,760.1579999999999
1790685420,SOLUSDT_PERP.3,0,518.537
1790685420,SOLUSDT_PERP.A,0,25912.794599999997
1790685420,XRPUSDT.6,0,66920.12191999999
1790685420,XRPUSDT_PERP.3,0,20912.3862
1790685420,XRPUSDT_PERP.A,0,19336.11004
1790685480,BTCUSDT_PERP.A,0,22203.9591
1790685480,ETHUSDT_PERP.A,0,4583.58642
1790685480,SOLUSDT.6,0,9081.842999999999
1790685480,SOLUSDT_PERP.3,0,15035.0193
1790685480,SOLUSDT_PERP.A,0,298807.4397
1790685540,XRPUSDT_PERP.A,2183.62716,0
1790685600,XRPUSDT_PERP.3,41729.9283,0
1790685660,XRPUSDT.6,0,7728.843870000001
1790685660,XRPUSDT_PERP.A,0,31078.055559999997
1790685780,AVAXUSDT_PERP.A,1372.293,0
1790685780,BTCUSDT_PERP.A,84.3161,0
1790685780,LINKUSDT_PERP.A,3976.42455,0
1790685840,DOGEUSDT_PERP.A,927.36576,0
1790685840,XRPUSDT_PERP.A,0,852.91703
1790685900,AVAXUSDT_PERP.A,3309.1189999999997,0
1790685900,BTCUSDT_PERP.A,0,926.4518999999999
1790685900,ETHUSDT_PERP.A,399.31000000000006,0
1790685900,LINKUSDT.6,76.335,0
1790685900,LTCUSDT_PERP.A,495.529,0
1790685900,SOLUSDT_PERP.A,120.4,0
1790685960,ETHUSDT_PERP.A,92.98320000000001,0
1790685960,LINKUSDT_PERP.A,367.20387,0
1790686200,ETHUSDT.6,902.154,0
1790686260,AVAXUSDT.6,101.62469999999999,0
1790686260,AVAXUSDT_PERP.3,266.3268,0
1790686260,AVAXUSDT_PERP.A,1086.3329999999999,0
1790686260,BTCUSDT_PERP.A,23762.278799999996,0
1790686260,ETHUSDT_PERP.A,164.03939999999997,0
1790686320,AVAXUSDT_PERP.3,9.3336,0
1790686320,XRPUSDT.6,0,3390.9535600000004
1790686320,XRPUSDT_PERP.A,0,37.75977
1790686500,LINKUSDT.6,86.9421,0
1790686560,XRPUSDT_PERP.3,105.4136,0
1790686680,ETHUSDT_PERP.A,0,951.5781599999999
1790686680,XRPUSDT_PERP.A,51.49511999999999,0
1790686800,AVAXUSDT.6,74.912,0
1790686800,XRPUSDT.6,236.8496,0
1790686800,XRPUSDT_PERP.3,162.0885,0
1790686800,XRPUSDT_PERP.A,13.738930000000002,0
1790686860,XRPUSDT_PERP.3,332.433,0
1790686920,SOLUSDT_PERP.A,0,1436.1732000000002
1790687040,XRPUSDT_PERP.A,2087.4273700000003,0
1790687100,ADAUSDT_PERP.A,0,12244.9336
1790687100,BNBUSDT_PERP.A,0,7.6568
1790687100,SOLUSDT.6,0,75872.384
1790687100,SOLUSDT_PERP.3,0,3660.2484
1790687100,SOLUSDT_PERP.A,0,1153.6722
1790687220,SOLUSDT_PERP.3,0,7487.5344000000005
1790687220,SOLUSDT_PERP.A,0,4824.6544
1790687280,SOLUSDT.6,0,1513.875
1790687280,SOLUSDT_PERP.3,0,284.51449999999994
1790687280,SOLUSDT_PERP.A,0,12833.269199999999
1790687340,ETHUSDT_PERP.A,0,2111.9694600000003
1790687340,SOLUSDT.6,0,50076.25
1790687340,SOLUSDT_PERP.3,0,5136.456
1790687340,SOLUSDT_PERP.A,0,5624.143999999999
1790687340,XRPUSDT_PERP.A,0,279.92236999999994
1790687400,BTCUSDT_PERP.A,0,1181.1002
1790687400,ETHUSDT_PERP.A,0,218.96560000000002
1790687400,SOLUSDT_PERP.3,0,667.261
1790687400,SOLUSDT_PERP.A,0,2273.2347
1790687700,ETHUSDT_PERP.A,76.5128,0
1790687820,BTCUSDT_PERP.A,0,84.3877
1790687880,BTCUSDT_PERP.A,0,168.7392
1790687880,DOGEUSDT_PERP.A,0,94.88031
1790687880,SOLUSDT.6,0,424.02500000000003
1790687880,SOLUSDT_PERP.3,0,145.332
1790687880,XRPUSDT_PERP.3,0,18563.5044
1790688000,SOLUSDT_PERP.A,0,299.1911
1790688240,BTCUSDT_PERP.A,0,506.66339999999997
1790688240,SOLUSDT.6,0,4850.400000000001
1790688300,BTCUSDT.6,0,3036.9564
1790688300,BTCUSDT_PERP.3,0,107233.09296000001
1790688300,BTCUSDT_PERP.A,0,304791.95739999996
1790688300,SOLUSDT_PERP.3,0,809.0147999999999
1790688300,SOLUSDT_PERP.A,0,13641.8304
1790688360,ETHUSDT_PERP.3,0,5466.82
1790688480,BTCUSDT_PERP.3,0,84.3209
1790688480,LTCUSDT_PERP.3,0,34.39
1790688540,BTCUSDT_PERP.A,1096.0416999999998,0
1790688600,BTCUSDT_PERP.A,1431.689,0
1790688600,ETHUSDT_PERP.A,15436.29024,0
1790688600,LINKUSDT.6,5095.35,0
1790688600,LINKUSDT_PERP.3,1862.3674999999998,0
1790688600,LINKUSDT_PERP.A,3526.87188,0
1790688600,XRPUSDT.6,202.17229999999998,0
1790688600,XRPUSDT_PERP.3,7830.1968,0
1790688660,ADAUSDT_PERP.A,297.0215,0
1790688660,BTCUSDT_PERP.A,84.1597,0
1790688660,ETHUSDT_PERP.A,147.31037999999998,0
1790688660,LINKUSDT_PERP.3,856.9354999999999,0
1790688660,LINKUSDT_PERP.A,4314.0635999999995,0
1790688720,BTCUSDT.6,40614.745500000005,0
1790688720,BTCUSDT_PERP.A,41711.616,0
1790688720,ETHUSDT.6,72825.89439999999,0
1790688720,ETHUSDT_PERP.3,81.7575,0
1790688720,ETHUSDT_PERP.A,774.0277999999998,0
1790688720,SOLUSDT.6,785.46,0
1790688720,XRPUSDT_PERP.A,68.57005,0
1790688780,ADAUSDT_PERP.3,14210.976,0
1790688780,BTCUSDT.6,13025.099500000002,0
1790688780,BTCUSDT_PERP.3,4285.7646,0
1790688780,BTCUSDT_PERP.A,31176.2059,0
1790688780,DOGEUSDT.6,78.6243,0
1790688780,DOGEUSDT_PERP.A,812.1533999999999,0
1790688780,ETHUSDT.6,599.2206,0
1790688780,ETHUSDT_PERP.3,36559.727040000005,0
1790688780,ETHUSDT_PERP.A,6035.143039999999,0
1790688780,LINKUSDT_PERP.A,13932.01126,0
1790688780,LTCUSDT_PERP.3,3284.268,0
1790688780,SOLUSDT_PERP.A,259.59099999999995,0
1790688780,XRPUSDT.6,18826.41943,0
1790688780,XRPUSDT_PERP.A,2863.61668,0
1790688840,BTCUSDT.6,22280.935,0
1790688840,BTCUSDT_PERP.A,2438.3084000000003,0
1790688840,ETHUSDT_PERP.A,1870.2761,0
1790688900,BNBUSDT_PERP.A,7.6370000000000005,0
1790688900,BTCUSDT.6,51222.31,0
1790688900,BTCUSDT_PERP.3,13378.332600000002,0
1790688900,BTCUSDT_PERP.A,22589.839900000003,0
1790688900,ETHUSDT.6,4189.0002,0
1790688900,ETHUSDT_PERP.3,27237.97986,0
1790688900,ETHUSDT_PERP.A,14448.639999999998,0
1790688900,SOLUSDT.6,60.305,0
1790688900,SOLUSDT_PERP.3,3.6177,0
1790688960,BTCUSDT_PERP.A,1176.7994,0
1790688960,ETHUSDT_PERP.3,125.3247,0
1790688960,SOLUSDT_PERP.3,757.2905999999999,0
1790688960,SOLUSDT_PERP.A,1784.216,0
1790689020,XRPUSDT_PERP.3,0,1633.984
1790689020,XRPUSDT_PERP.A,0,72.16476
1790689080,ETHUSDT_PERP.3,0,103.64462
1790689140,LTCUSDT_PERP.3,0,1469.5249999999999
1790689140,XRPUSDT_PERP.3,0,219.98639999999997
1790689140,XRPUSDT_PERP.A,0,14165.46495
1790689200,BNBUSDT_PERP.A,30.6024,0
1790689320,BTCUSDT_PERP.A,0,1178.5998
1790689380,BTCUSDT_PERP.A,0,27850.0752
1790689380,LTCUSDT_PERP.A,95.63042,0
1790689380,XRPUSDT_PERP.3,0,6535.372799999999
1790689380,XRPUSDT_PERP.A,0,11713.69648
1790689440,LTCUSDT_PERP.3,9042.67,0
1790689440,LTCUSDT_PERP.A,2931.13828,0
1790689500,AVAXUSDT_PERP.3,1702.9248,0
1790689500,AVAXUSDT_PERP.A,6515.599999999999,0
1790689560,AVAXUSDT_PERP.3,1408.5140999999999,0
1790689560,BTCUSDT.6,84.0631,0
1790689560,LINKUSDT_PERP.A,2659.7344799999996,0
1790689560,SOLUSDT_PERP.A,172.887,0
1790689620,BTCUSDT_PERP.A,1345.4208,0
1790689620,ETHUSDT.6,108.9004,0
1790689620,LINKUSDT_PERP.A,396.99105,0
1790689620,LTCUSDT_PERP.A,7018.527120000001,0
1790689740,LINKUSDT_PERP.3,48.460800000000006,0
1790689800,SOLUSDT.6,0,399.66299999999995
1790689920,SOLUSDT.6,0,1019.844
1790689920,SOLUSDT_PERP.3,0,11892.8124
1790689920,SOLUSDT_PERP.A,0,2035.5425999999998
1790689980,AVAXUSDT.6,226.4756,0
1790689980,AVAXUSDT_PERP.A,0,1424.594
1790689980,BTCUSDT_PERP.A,0,1855.0729999999999
1790689980,ETHUSDT.6,0,245.9313
1790689980,ETHUSDT_PERP.A,0,28038.10548
1790689980,SOLUSDT.6,0,2029.8849999999998
1790689980,SOLUSDT_PERP.3,0,2214.0944
1790689980,SOLUSDT_PERP.A,0,8691.825600000002
1790689980,XRPUSDT_PERP.A,0,9037.94857
1790690040,BTCUSDT_PERP.A,0,11472.7424
1790690040,ETHUSDT.6,0,1886.4324
1790690040,ETHUSDT_PERP.A,0,4141.44945
1790690040,SOLUSDT.6,0,7935.909
1790690040,SOLUSDT_PERP.3,0,68.0344
1790690040,SOLUSDT_PERP.A,0,5176.6889
1790690040,XRPUSDT.6,0,107.48836
1790690040,XRPUSDT_PERP.3,0,54.3585
1790690040,XRPUSDT_PERP.A,0,36037.65704
1790690100,BTCUSDT.6,0,3291.249
1790690100,BTCUSDT_PERP.A,0,13672.006200000002
1790690100,SOLUSDT_PERP.A,0,2466.4524
1790690160,DOGEUSDT_PERP.A,0,706.18212
1790690160,ETHUSDT_PERP.A,0,341.41
1790690160,SOLUSDT_PERP.A,0,2074.8968999999997
1790690280,ETHUSDT_PERP.A,79.07285,0
1790690280,SOLUSDT.6,1185.212,0
1790690280,XRPUSDT.6,534.98718,0
1790690280,XRPUSDT_PERP.A,665.2099999999999,0
1790690340,ETHUSDT_PERP.A,572.3886,0
1790690340,SOLUSDT.6,3168.89,0
1790690460,BTCUSDT_PERP.A,420.26,0
1790690520,ADAUSDT.6,66.9102,0
1790690520,AVAXUSDT.6,39.2734,0
1790690520,AVAXUSDT_PERP.A,41336.634000000005,0
1790690520,BTCUSDT.6,3946.12,0
1790690520,BTCUSDT_PERP.3,41.982400000000005,0
1790690520,BTCUSDT_PERP.A,149703.1762,0
1790690520,DOGEUSDT.6,48.18205,0
1790690520,DOGEUSDT_PERP.3,16.2163,0
1790690520,DOGEUSDT_PERP.A,9668.18153,0
1790690520,ETHUSDT_PERP.A,24437.722999999994,0
1790690520,LINKUSDT.6,3080.196,0
1790690520,LINKUSDT_PERP.3,889.2133,0
1790690520,LINKUSDT_PERP.A,877.4142199999999,0
1790690520,LTCUSDT.6,2703.967,0
1790690520,SOLUSDT_PERP.3,1381.2656,0
1790690520,SOLUSDT_PERP.A,115.9104,0
1790690640,DOGEUSDT.6,14143.12768,0
1790690640,DOGEUSDT_PERP.A,20.12307,0
1790690640,ETHUSDT.6,326.5824,0
1790690640,ETHUSDT_PERP.3,536.12565,0
1790690640,ETHUSDT_PERP.A,4473.80076,0
1790690760,ADAUSDT_PERP.A,18.2792,0
1790690760,BTCUSDT.6,54768.350699999995,0
1790690760,BTCUSDT_PERP.3,25969.248,0
1790690760,BTCUSDT_PERP.A,181762.7592,0
1790690760,DOGEUSDT.6,31.69494,0
1790690760,DOGEUSDT_PERP.3,12.3708,0
1790690760,DOGEUSDT_PERP.A,212.11164,0
1790690760,ETHUSDT.6,706.4694000000001,0
1790690760,ETHUSDT_PERP.3,14112.825160000002,0
1790690760,ETHUSDT_PERP.A,30927.05658,0
1790690760,LINKUSDT_PERP.A,354.8043,0
1790690760,SOLUSDT.6,3023.797,0
1790690760,SOLUSDT_PERP.3,14102.2182,0
1790690760,SOLUSDT_PERP.A,11278.6698,0
1790690760,XRPUSDT.6,299.32161,0
1790690760,XRPUSDT_PERP.3,2689.0736,0
1790690760,XRPUSDT_PERP.A,343.71180000000004,0
1790690820,ADAUSDT_PERP.A,277.833,0
1790690820,ETHUSDT_PERP.A,570.8073,0
1790690820,SOLUSDT.6,30655.200000000004,0
1790690820,SOLUSDT_PERP.3,452.9672,0
1790690820,SOLUSDT_PERP.A,18072,0
1790690820,XRPUSDT.6,668.4405200000001,0
1790690820,XRPUSDT_PERP.A,23293.537650000002,0
1790690940,BTCUSDT_PERP.A,1509.3018,0
1790690940,LINKUSDT_PERP.A,3407.3199999999997,0
1790691120,BTCUSDT.6,3018.8088,0
1790691120,BTCUSDT_PERP.3,92.25227,0
1790691120,BTCUSDT_PERP.A,4193,0
1790691120,ETHUSDT_PERP.3,3251.2554900000005,0
1790691120,ETHUSDT_PERP.A,3826.78764,0
1790691180,BTCUSDT_PERP.A,83.897,0
1790691300,BTCUSDT_PERP.A,21553.048,0
1790691360,AVAXUSDT_PERP.A,5376.7080000000005,0
1790691360,BNBUSDT_PERP.A,411.65280000000007,0
1790691360,BTCUSDT.6,13077.901200000002,0
1790691360,BTCUSDT_PERP.3,1467.2665,0
1790691360,BTCUSDT_PERP.A,19114.266,0
1790691360,DOGEUSDT_PERP.3,2845.2839999999997,0
1790691360,ETHUSDT.6,7701.710800000001,0
1790691360,ETHUSDT_PERP.3,1342.5192,0
1790691360,ETHUSDT_PERP.A,21414.820560000004,0
1790691360,LINKUSDT.6,1505.1042000000002,0
1790691360,LINKUSDT_PERP.3,1789.2393,0
1790691360,SOLUSDT.6,228.551,0
1790691360,SOLUSDT_PERP.3,816.7012,0
1790691360,SOLUSDT_PERP.A,1915.0168,0
1790691420,XRPUSDT.6,0,319.15464000000003
1790691420,XRPUSDT_PERP.3,0,879.1902
1790691420,XRPUSDT_PERP.A,0,19657.986719999997
1790691480,XRPUSDT.6,0,637.84368
1790691540,ETHUSDT_PERP.A,0,92.45858
1790691540,SOLUSDT_PERP.A,0,10090.774000000001
1790691540,XRPUSDT.6,0,1482.516
1790691540,XRPUSDT_PERP.3,0,838.998
1790691540,XRPUSDT_PERP.A,0,5718.1393800000005
1790691600,BTCUSDT_PERP.3,0,25.161869999999997
1790691600,BTCUSDT_PERP.A,0,1257.963
1790691600,SOLUSDT.6,0,72.402
1790691600,SOLUSDT_PERP.3,0,20266.787
1790691600,XRPUSDT.6,0,428.72101
1790691600,XRPUSDT_PERP.3,0,351.091
1790691600,XRPUSDT_PERP.A,0,113592.87144
1790691660,BTCUSDT_PERP.A,503.4612,0
1790691780,XRPUSDT.6,273.17685000000006,0
1790691780,XRPUSDT_PERP.A,276.22236,0
1790691840,ETHUSDT_PERP.A,135.6585,0
1790691840,XRPUSDT_PERP.A,6.658119999999999,0
1790691900,BNBUSDT_PERP.A,0,99.3395
1790691960,BTCUSDT_PERP.A,0,840266
1790691960,ETHUSDT_PERP.A,0,239.29575999999997
1790692080,ETHUSDT_PERP.A,0,543.384
1790692140,BTCUSDT_PERP.A,0,1258.44
1790692200,XRPUSDT_PERP.A,9.90272,0
1790692260,AVAXUSDT_PERP.3,0,183.3446
1790692260,SOLUSDT.6,0,36.201
1790692320,AVAXUSDT.6,0,58.464999999999996
1790692320,AVAXUSDT_PERP.A,0,11.693
1790692380,AVAXUSDT_PERP.A,0,11.675
1790692440,BTCUSDT.6,71295.45,0
1790692500,BTCUSDT_PERP.3,167.72639999999998,0
1790692500,BTCUSDT_PERP.A,15512.805,0
1790692560,BTCUSDT.6,2680.5664,0
1790692560,BTCUSDT_PERP.3,1893.2969200000005,0
1790692560,BTCUSDT_PERP.A,4942.4477,0
1790692560,ETHUSDT.6,11595.846800000001,0
1790692560,ETHUSDT_PERP.3,6426.95772,0
1790692560,ETHUSDT_PERP.A,37400.2299,0
1790692560,LINKUSDT.6,91.4634,0
1790692560,LINKUSDT_PERP.A,33.13232,0
1790692560,SOLUSDT_PERP.3,1473.9199999999998,0
1790692620,BTCUSDT.6,8880.3726,0
1790692620,BTCUSDT_PERP.3,12475.675840000002,0
1790692620,BTCUSDT_PERP.A,94168.15800000001,0
1790692620,ETHUSDT.6,25824.679900000003,0
1790692620,ETHUSDT_PERP.3,12582.112130000001,0
1790692620,ETHUSDT_PERP.A,25242.9048,0
1790692620,SOLUSDT_PERP.3,974.3596,0
1790692620,SOLUSDT_PERP.A,5931.67,0
1790692620,XRPUSDT_PERP.A,5147.2524,0
1790692740,BNBUSDT_PERP.A,0,30.6068
1790692800,ADAUSDT_PERP.A,0,233.22
1790692800,ETHUSDT_PERP.A,0,29952.970910000004
1790692860,LTCUSDT_PERP.A,0,70.62026999999999
1790692860,XRPUSDT.6,0,2136.9555299999997
1790692860,XRPUSDT_PERP.3,0,49.7792
1790692860,XRPUSDT_PERP.A,0,285.80046
1790692920,XRPUSDT.6,0,3061.83639
1790692920,XRPUSDT_PERP.3,0,26206.154
1790692920,XRPUSDT_PERP.A,0,9018.378
1790693160,DOGEUSDT_PERP.A,0,165.99349999999998
1790693160,LINKUSDT_PERP.A,0,753.1673599999999
1790693160,XRPUSDT.6,0,2830.6488700000004
1790693160,XRPUSDT_PERP.3,0,5330.1708
1790693160,XRPUSDT_PERP.A,0,4270.1586
1790693220,BTCUSDT_PERP.A,0,83.8593
1790693340,AVAXUSDT_PERP.3,1238.6712,0
1790693340,BTCUSDT_PERP.A,586.2822000000001,0
1790693340,XRPUSDT.6,296.1837,0
1790693340,XRPUSDT_PERP.3,155.04,0
1790693340,XRPUSDT_PERP.A,5.89114,0
1790693400,AVAXUSDT.6,1037.3212999999998,0
1790693400,AVAXUSDT_PERP.3,163.4846,0
1790693400,AVAXUSDT_PERP.A,22344.792,0
1790693400,BNBUSDT_PERP.3,15098.074,0
1790693400,BTCUSDT.6,220987.79999999996,0
1790693400,BTCUSDT_PERP.3,19170.964,0
1790693400,BTCUSDT_PERP.A,287610.0363999999,0
1790693400,ETHUSDT.6,1029.6632,0
1790693400,ETHUSDT_PERP.3,449.84506,35.22883
1790693400,ETHUSDT_PERP.A,14550.498300000001,0
1790693400,SOLUSDT_PERP.3,75219.7428,0
1790693400,SOLUSDT_PERP.A,4784.3405999999995,0
1790693640,BNBUSDT_PERP.A,527.6360999999999,0
1790693700,ETHUSDT_PERP.A,0,89.59434
1790693700,SOLUSDT.6,24.086000000000002,0
1790693760,SOLUSDT_PERP.A,3361.7595,0
1790693880,XRPUSDT_PERP.A,19.788800000000002,0
1790693940,ETHUSDT_PERP.A,693.68832,0
1790693940,XRPUSDT.6,74.63315999999999,0
1790693940,XRPUSDT_PERP.A,195.4425,0
1790694000,AVAXUSDT.6,530.6304,0
1790694000,AVAXUSDT_PERP.3,3033.9708,0
1790694000,AVAXUSDT_PERP.A,1486.68,0
1790694000,BTCUSDT.6,1087.5267,0
1790694000,BTCUSDT_PERP.A,23338.4616,0
1790694000,DOGEUSDT_PERP.A,29669.556,0
1790694000,ETHUSDT.6,69387.8427,0
1790694000,ETHUSDT_PERP.3,2220.3468,0
1790694000,ETHUSDT_PERP.A,72435.0528,0
1790694000,LINKUSDT.6,64.7666,0
1790694000,LINKUSDT_PERP.A,46.6829,0
1790694000,SOLUSDT.6,6538.365,0
1790694000,SOLUSDT_PERP.3,5630.9224,0
1790694000,SOLUSDT_PERP.A,56853.661799999994,0
1790694000,XRPUSDT.6,4601.636399999999,0
1790694000,XRPUSDT_PERP.3,9474.361,0
1790694000,XRPUSDT_PERP.A,3241.284,0
1790694060,ADAUSDT.6,159.766,0
1790694060,ADAUSDT_PERP.A,73.27380000000001,0
1790694060,AVAXUSDT_PERP.A,57.400000000000006,0
1790694060,BTCUSDT.6,154509.4921,0
1790694060,BTCUSDT_PERP.3,16689.292200000004,0
1790694060,BTCUSDT_PERP.A,41907.8985,0
1790694060,DOGEUSDT_PERP.A,3062.16525,0
1790694060,ETHUSDT.6,38162.2014,0
1790694060,ETHUSDT_PERP.3,929.12869,0
1790694060,ETHUSDT_PERP.A,2714.05728,0
1790694060,LINKUSDT_PERP.A,7518.8179199999995,0
1790694060,LTCUSDT_PERP.A,42.2964,0
1790694060,SOLUSDT.6,22600.215,0
1790694060,SOLUSDT_PERP.A,1936.9791999999995,0
1790694060,XRPUSDT_PERP.3,2854.6122,0
1790694060,XRPUSDT_PERP.A,395.85706999999996,0
1790694120,XRPUSDT.6,614.96,0
1790694120,XRPUSDT_PERP.A,7774.82488,0
1790694180,BTCUSDT_PERP.3,25.082099999999997,0
1790694180,DOGEUSDT.6,103.9593,0
1790694180,DOGEUSDT_PERP.3,1350.9962,0
1790694180,DOGEUSDT_PERP.A,4437.78042,0
1790694180,ETHUSDT_PERP.A,4631.35376,0
1790694180,LINKUSDT_PERP.A,93.67488,0
1790694180,SOLUSDT_PERP.3,2783.9196,0
1790694180,SOLUSDT_PERP.A,21869.4324,0
1790694180,XRPUSDT.6,26446.76496,0
1790694180,XRPUSDT_PERP.3,464.8626,0
1790694180,XRPUSDT_PERP.A,3447.4899200000004,0
1790694240,ADAUSDT.6,529.596,0
1790694240,AVAXUSDT.6,915.9972000000001,0
1790694240,AVAXUSDT_PERP.3,515.1444,0
1790694240,AVAXUSDT_PERP.A,69520.895,0
1790694240,BNBUSDT_PERP.A,22.8375,0
1790694240,BTCUSDT.6,87065.76879999999,0
1790694240,BTCUSDT_PERP.3,286004.57697,0
1790694240,BTCUSDT_PERP.A,117562.86989999998,0
1790694240,DOGEUSDT.6,36.79404,0
1790694240,DOGEUSDT_PERP.3,2621.3776,0
1790694240,DOGEUSDT_PERP.A,1956.4377299999999,0
1790694240,ETHUSDT.6,432.3696,0
1790694240,ETHUSDT_PERP.3,1572.8957400000004,0
1790694240,ETHUSDT_PERP.A,54649.62405,0
1790694240,LTCUSDT_PERP.A,1129.1838,0
1790694240,SOLUSDT.6,1327.8929999999998,0
1790694240,SOLUSDT_PERP.3,30290.4552,0
1790694240,SOLUSDT_PERP.A,81104.7525,0
1790694240,XRPUSDT.6,17.48988,0
1790694240,XRPUSDT_PERP.3,3881.02,0
1790694240,XRPUSDT_PERP.A,14755.280620000001,0
1790694300,ADAUSDT_PERP.3,309.87600000000003,0
1790694300,ADAUSDT_PERP.A,9921.806199999999,0
1790694300,AVAXUSDT_PERP.A,10492.275,0
1790694300,BNBUSDT_PERP.3,11079.939999999999,0
1790694300,BNBUSDT_PERP.A,1041.1041,0
1790694300,BTCUSDT.6,114577.1246,0
1790694300,BTCUSDT_PERP.3,460410.61248,0
1790694300,BTCUSDT_PERP.A,1788168.7428000006,0
1790694300,DOGEUSDT.6,78.65415,0
1790694300,DOGEUSDT_PERP.3,29184.1368,0
1790694300,DOGEUSDT_PERP.A,42840.938819999996,0
1790694300,ETHUSDT.6,38191.6925,0
1790694300,ETHUSDT_PERP.3,77648.77435,0
1790694300,ETHUSDT_PERP.A,2440860.748,0
1790694300,LINKUSDT.6,832.8323999999999,0
1790694300,LTCUSDT.6,501.57200000000006,0
1790694300,LTCUSDT_PERP.3,10956.48,0
1790694300,LTCUSDT_PERP.A,9864.66522,0
1790694300,SOLUSDT.6,8596.800000000001,0
1790694300,SOLUSDT_PERP.3,34109.723000000005,0
1790694300,SOLUSDT_PERP.A,17501.923700000003,0
1790694300,XRPUSDT.6,10334.688,0
1790694300,XRPUSDT_PERP.3,6742.6546,0
1790694300,XRPUSDT_PERP.A,294195.3924,0
1790694360,ADAUSDT.6,25045.1597,0
1790694360,ADAUSDT_PERP.A,1082.883,0
1790694360,BNBUSDT_PERP.A,10049.688,0
1790694360,BTCUSDT.6,10109.7073,0
1790694360,BTCUSDT_PERP.3,146183.84625,0
1790694360,BTCUSDT_PERP.A,12866.9002,0
1790694360,DOGEUSDT.6,5.40531,0
1790694360,DOGEUSDT_PERP.3,6132.9576,0
1790694360,DOGEUSDT_PERP.A,79205.80096000001,0
1790694360,ETHUSDT.6,30874.0432,0
1790694360,ETHUSDT_PERP.3,4394.03712,0
1790694360,ETHUSDT_PERP.A,147255.28659,0
1790694360,LINKUSDT.6,57833.55760000001,0
1790694360,LINKUSDT_PERP.A,59.952,0
1790694360,LTCUSDT_PERP.A,27.200000000000003,0
1790694360,SOLUSDT.6,26616.282,0
1790694360,SOLUSDT_PERP.3,163097.774,0
1790694360,SOLUSDT_PERP.A,7658.458499999999,0
1790694360,XRPUSDT.6,7.9747200000000005,0
1790694360,XRPUSDT_PERP.3,9883.407500000001,0
1790694360,XRPUSDT_PERP.A,3081.31968,102.42444
1790694420,AVAXUSDT_PERP.A,2370.06,0
1790694480,ADAUSDT_PERP.A,9919.3536,0
1790694480,LINKUSDT_PERP.3,1588.304,0
1790694480,LINKUSDT_PERP.A,635.94345,0
1790694480,SOLUSDT.6,406.13,0
1790694480,SOLUSDT_PERP.3,119.43,0
1790694480,SOLUSDT_PERP.A,152686.12399999998,0
1790694480,XRPUSDT_PERP.A,15874.33926,0
1790694600,XRPUSDT_PERP.3,0,89.11699999999999
1790694720,BNBUSDT_PERP.3,758.6,0
1790694720,BTCUSDT.6,16591.6847,0
1790694720,BTCUSDT_PERP.3,103141.13291999999,0
1790694720,BTCUSDT_PERP.A,42941.266500000005,0
1790694720,ETHUSDT_PERP.3,1459.46508,0
1790694720,ETHUSDT_PERP.A,13819.883880000001,0
1790694720,LINKUSDT.6,234.29110000000003,0
1790694720,LINKUSDT_PERP.3,1777.5675,0
1790694720,LINKUSDT_PERP.A,298.5492,0
1790694780,ADAUSDT_PERP.A,6706.4442,0
1790694780,AVAXUSDT_PERP.A,395.885,0
1790694780,BNBUSDT_PERP.A,4182.916499999999,0
1790694780,BTCUSDT.6,51089.5655,0
1790694780,BTCUSDT_PERP.3,20754.1749,0
1790694780,BTCUSDT_PERP.A,662940.4472,0
1790694780,DOGEUSDT_PERP.A,3966.39568,0
1790694780,ETHUSDT.6,101420.54,0
1790694780,ETHUSDT_PERP.3,19571.642620000002,0
1790694780,ETHUSDT_PERP.A,133719.95714,0
1790694780,LINKUSDT_PERP.A,274.30524,0
1790694780,LTCUSDT_PERP.A,988.4387999999999,0
1790694780,SOLUSDT.6,50000.867999999995,0
1790694780,SOLUSDT_PERP.3,7653.924,0
1790694780,SOLUSDT_PERP.A,15363.7848,0
1790694780,XRPUSDT.6,1345.0751200000002,0
1790694780,XRPUSDT_PERP.3,3944.005,0
1790694780,XRPUSDT_PERP.A,37041.37805,0
1790694840,ADAUSDT.6,49.7,0
1790694840,ADAUSDT_PERP.A,1805.8107,0
1790694840,AVAXUSDT.6,630.4126,0
1790694840,ETHUSDT_PERP.3,10.767520000000001,0
1790694840,ETHUSDT_PERP.A,24.22647,0
1790694840,LTCUSDT_PERP.A,21.24957,0
1790694900,ETHUSDT_PERP.A,0,2906.09396
1790694960,ETHUSDT_PERP.A,0,512.4908
1790695080,ADAUSDT_PERP.A,892.552,0
1790695080,AVAXUSDT_PERP.3,100.5522,0
1790695080,AVAXUSDT_PERP.A,338.88,0
1790695080,BTCUSDT.6,119389.821,0
1790695080,BTCUSDT_PERP.3,2631.1771600000006,0
1790695080,BTCUSDT_PERP.A,218801.4984,0
1790695080,ETHUSDT.6,312436.2204,0
1790695080,ETHUSDT_PERP.3,2413.41092,0
1790695080,ETHUSDT_PERP.A,43388.82288000001,0
1790695080,LTCUSDT_PERP.3,569.1,0
1790695080,SOLUSDT.6,1297.2089999999998,0
1790695080,SOLUSDT_PERP.3,4859.1431999999995,0
1790695080,SOLUSDT_PERP.A,15296.259999999998,0
1790695080,XRPUSDT.6,17296.3236,0
1790695080,XRPUSDT_PERP.3,9579.041,0
1790695080,XRPUSDT_PERP.A,88200.2806,0
1790695140,ADAUSDT_PERP.A,152.272,0
1790695140,AVAXUSDT.6,1778.3052,0
1790695140,AVAXUSDT_PERP.A,779.424,0
1790695140,BNBUSDT_PERP.A,1039.5971000000002,0
1790695140,BTCUSDT.6,44286.765600000006,0
1790695140,BTCUSDT_PERP.3,133.2096,0
1790695140,BTCUSDT_PERP.A,41043.531800000004,0
1790695140,DOGEUSDT.6,182.06104,0
1790695140,DOGEUSDT_PERP.3,5864.103,0
1790695140,DOGEUSDT_PERP.A,3857.21292,0
1790695140,ETHUSDT.6,32118.460399999996,0
1790695140,ETHUSDT_PERP.3,23907.72996,0
1790695140,ETHUSDT_PERP.A,68170.57409,0
1790695140,LINKUSDT_PERP.3,28.3024,0
1790695140,LINKUSDT_PERP.A,21139.194,0
1790695140,LTCUSDT_PERP.A,1125.64184,0
1790695140,SOLUSDT.6,30603.262000000002,0
1790695140,SOLUSDT_PERP.3,5659.64,0
1790695140,SOLUSDT_PERP.A,46705.4698,0
1790695140,XRPUSDT.6,33541.52835,0
1790695140,XRPUSDT_PERP.3,2178.462,0
1790695140,XRPUSDT_PERP.A,27024.04962,0
1790695200,BTCUSDT.6,57274.486399999994,0
1790695200,BTCUSDT_PERP.3,89977.78516000001,0
1790695200,BTCUSDT_PERP.A,1415.2823,0
1790695200,DOGEUSDT_PERP.3,199.916,0
1790695200,ETHUSDT_PERP.3,214984.06055,0
1790695200,ETHUSDT_PERP.A,284.67784,0
1790695200,LTCUSDT.6,67.66,0
1790695200,SOLUSDT.6,748.881,0
1790695200,SOLUSDT_PERP.3,1187.3115,0
1790695200,SOLUSDT_PERP.A,471.9139,0
1790695200,XRPUSDT.6,210.9492,0
1790695200,XRPUSDT_PERP.3,903.8898,0
1790695260,ADAUSDT.6,17171.0532,0
1790695260,ADAUSDT_PERP.3,1149.792,0
1790695260,ADAUSDT_PERP.A,8610.0628,0
1790695260,AVAXUSDT_PERP.3,94.7436,0
1790695260,AVAXUSDT_PERP.A,14072.448,0
1790695260,BTCUSDT.6,8158.4706,0
1790695260,BTCUSDT_PERP.3,17342.787210000002,0
1790695260,BTCUSDT_PERP.A,46540.7748,0
1790695260,DOGEUSDT.6,12119.80139,0
1790695260,DOGEUSDT_PERP.3,1183.7160000000001,0
1790695260,DOGEUSDT_PERP.A,18292.650530000003,0
1790695260,ETHUSDT.6,27620.612399999998,0
1790695260,ETHUSDT_PERP.3,234252.88488,0
1790695260,ETHUSDT_PERP.A,199828.25360000003,0
1790695260,LINKUSDT.6,47.6832,0
1790695260,LINKUSDT_PERP.3,86.42,0
1790695260,LINKUSDT_PERP.A,10871.94929,0
1790695260,LTCUSDT.6,2504.1600000000003,0
1790695260,LTCUSDT_PERP.3,291.11,0
1790695260,SOLUSDT.6,1106.142,0
1790695260,SOLUSDT_PERP.3,10209.282000000001,0
1790695260,SOLUSDT_PERP.A,5039.0641000000005,0
1790695260,XRPUSDT.6,10994.152960000001,0
1790695260,XRPUSDT_PERP.3,11009.0441,0
1790695260,XRPUSDT_PERP.A,32123.092859999997,0
1790695320,LTCUSDT_PERP.A,198.41487999999998,0
1790695380,ADAUSDT_PERP.A,48598.8688,0
1790695380,AVAXUSDT.6,24.7104,0
1790695380,AVAXUSDT_PERP.A,44171.523,0
1790695380,BNBUSDT_PERP.3,1376.8300000000002,0
1790695380,BNBUSDT_PERP.A,2295.4977000000003,0
1790695380,BTCUSDT.6,182937.21549999996,0
1790695380,BTCUSDT_PERP.3,58420.32028,0
1790695380,BTCUSDT_PERP.A,445944.1650000001,0
1790695380,DOGEUSDT.6,8513.50496,0
1790695380,DOGEUSDT_PERP.3,95970.3854,0
1790695380,DOGEUSDT_PERP.A,2263.7944599999996,0
1790695380,ETHUSDT.6,88020.91799999999,0
1790695380,ETHUSDT_PERP.3,51026.80468,0
1790695380,ETHUSDT_PERP.A,504698.83035,0
1790695380,LINKUSDT.6,8.9028,0
1790695380,LINKUSDT_PERP.A,353.26897,0
1790695380,LTCUSDT.6,985.2080000000001,0
1790695380,LTCUSDT_PERP.A,1360.53255,0
1790695380,SOLUSDT.6,10351.656,0
1790695380,SOLUSDT_PERP.3,9011.338699999998,0
1790695380,SOLUSDT_PERP.A,47742.93379999999,0
1790695380,XRPUSDT.6,7944.31698,0
1790695380,XRPUSDT_PERP.3,1693.53,0
1790695380,XRPUSDT_PERP.A,9395.90475,0
1790695440,ADAUSDT.6,28661.765600000002,0
1790695440,ADAUSDT_PERP.A,10340.5302,0
1790695440,AVAXUSDT.6,2425.9950000000003,0
1790695440,AVAXUSDT_PERP.3,511.785,0
1790695440,AVAXUSDT_PERP.A,391551.20399999997,0
1790695440,BNBUSDT.6,30.228,0
1790695440,BNBUSDT_PERP.3,4291.808,0
1790695440,BNBUSDT_PERP.A,4584.5112,0
1790695440,BTCUSDT.6,354160.99999999994,0
1790695440,BTCUSDT_PERP.3,592869.8305099998,166.0258
1790695440,BTCUSDT_PERP.A,3057415.505,0
1790695440,DOGEUSDT.6,922.945,0
1790695440,DOGEUSDT_PERP.3,6012.138,0
1790695440,DOGEUSDT_PERP.A,6596.80916,0
1790695440,ETHUSDT.6,165360.114,24589.9587
1790695440,ETHUSDT_PERP.3,304618.74240000005,0
1790695440,ETHUSDT_PERP.A,3334830.12369,0
1790695440,LINKUSDT.6,1037.47,0
1790695440,LINKUSDT_PERP.3,37635.39,0
1790695440,LINKUSDT_PERP.A,15167.394690000003,0
1790695440,LTCUSDT.6,26.92,0
1790695440,LTCUSDT_PERP.3,24577.96,0
1790695440,LTCUSDT_PERP.A,16962.79965,0
1790695440,SOLUSDT.6,54803.757000000005,0
1790695440,SOLUSDT_PERP.3,40205.5881,0
1790695440,SOLUSDT_PERP.A,75370.83929999999,0
1790695440,XRPUSDT.6,31734.224029999998,0
1790695440,XRPUSDT_PERP.3,11701.057499999999,0
1790695440,XRPUSDT_PERP.A,51672.02707999999,0
1790695500,ADAUSDT_PERP.A,1632.4008000000001,0
1790695500,AVAXUSDT.6,879.8484,0
1790695500,AVAXUSDT_PERP.A,77858.508,0
1790695500,BNBUSDT.6,9972.229000000001,0
1790695500,BNBUSDT_PERP.3,62573.661,0
1790695500,BNBUSDT_PERP.A,3016.0808999999995,0
1790695500,BTCUSDT.6,120650.15740000001,0
1790695500,BTCUSDT_PERP.3,14225.617240000001,0
1790695500,BTCUSDT_PERP.A,16431.604199999998,9958.547999999999
1790695500,DOGEUSDT_PERP.3,2042.006,0
1790695500,DOGEUSDT_PERP.A,2795.59856,0
1790695500,ETHUSDT.6,42219.7056,0
1790695500,ETHUSDT_PERP.3,10666.854879999999,0
1790695500,ETHUSDT_PERP.A,83664.89985,0
1790695500,LINKUSDT_PERP.3,198.36020000000002,0
1790695500,LINKUSDT_PERP.A,5290.9749,0
1790695500,LTCUSDT_PERP.3,3567.5759999999996,0
1790695500,LTCUSDT_PERP.A,12548.588140000002,0
1790695500,SOLUSDT.6,20070.418999999998,0
1790695500,SOLUSDT_PERP.3,2565.4932000000003,0
1790695500,SOLUSDT_PERP.A,3104.85,0
1790695500,XRPUSDT.6,4111.8675,0
1790695500,XRPUSDT_PERP.3,202.876,0
1790695500,XRPUSDT_PERP.A,30040.652460000005,0
1790695560,ADAUSDT_PERP.A,2450,0
1790695560,BNBUSDT.6,4156.744,0
1790695560,BNBUSDT_PERP.A,596.7028,0
1790695560,BTCUSDT_PERP.A,1244.6354999999999,0
1790695560,DOGEUSDT_PERP.3,1201.6035,0
1790695560,ETHUSDT_PERP.A,583.04318,0
1790695560,LINKUSDT.6,351.5022,0
1790695560,LINKUSDT_PERP.3,6078.266500000001,0
1790695560,LINKUSDT_PERP.A,15983.55408,0
1790695560,XRPUSDT.6,51469.2402,0
1790695560,XRPUSDT_PERP.A,645.31782,0
1790695620,ADAUSDT.6,1269.84,0
1790695620,ADAUSDT_PERP.3,298.046,0
1790695620,ADAUSDT_PERP.A,7517.744000000001,0
1790695620,AVAXUSDT_PERP.A,4745.125,0
1790695620,BNBUSDT_PERP.3,82.885,0
1790695620,BNBUSDT_PERP.A,7913.1315,0
1790695620,BTCUSDT.6,313380.89999999997,0
1790695620,BTCUSDT_PERP.3,29618.631079999996,0
1790695620,BTCUSDT_PERP.A,518134.5852000001,0
1790695620,DOGEUSDT.6,962.5220800000001,0
1790695620,DOGEUSDT_PERP.3,6640.919,0
1790695620,DOGEUSDT_PERP.A,52900.19064,0
1790695620,ETHUSDT.6,27338.242800000004,0
1790695620,ETHUSDT_PERP.3,95722.03420000001,0
1790695620,ETHUSDT_PERP.A,446764.1562999999,0
1790695620,LINKUSDT.6,243.6225,0
1790695620,LINKUSDT_PERP.A,1294.8905000000002,0
1790695620,LTCUSDT.6,181.38600000000002,0
1790695620,LTCUSDT_PERP.A,50330.18112,0
1790695620,SOLUSDT.6,4672.4039999999995,0
1790695620,SOLUSDT_PERP.3,7751.943,0
1790695620,SOLUSDT_PERP.A,69546.8333,0
1790695620,XRPUSDT.6,10401.12446,0
1790695620,XRPUSDT_PERP.3,16398.121600000002,0
1790695620,XRPUSDT_PERP.A,24631.568150000003,0
1790695680,ADAUSDT_PERP.A,213.9375,0
1790695680,BNBUSDT_PERP.3,30.144000000000002,0
1790695680,BNBUSDT_PERP.A,5523.306,0
1790695680,BTCUSDT.6,66108.99810000001,0
1790695680,BTCUSDT_PERP.3,4737.00458,0
1790695680,BTCUSDT_PERP.A,188150.78519999998,0
1790695680,DOGEUSDT_PERP.A,5643.84765,0
1790695680,ETHUSDT.6,856.2688,0
1790695680,ETHUSDT_PERP.3,16284.069360000001,0
1790695680,ETHUSDT_PERP.A,59759.989100000006,0
1790695680,SOLUSDT_PERP.A,592.182,0
1790695680,XRPUSDT.6,3871.08992,0
1790695680,XRPUSDT_PERP.3,2432.71,0
1790695680,XRPUSDT_PERP.A,35209.019799999995,0
1790695740,ETHUSDT_PERP.A,0,2595.4289999999996
1790695800,LINKUSDT_PERP.A,0,144.46368
1790695920,DOGEUSDT.6,0,10.048369999999998
1790695920,SOLUSDT_PERP.3,0,1411.34
1790695980,BTCUSDT_PERP.A,0,83.1085
1790695980,XRPUSDT.6,0,753.2286300000001
1790695980,XRPUSDT_PERP.A,0,192.0523
1790696340,ETHUSDT_PERP.3,0,2.68243
1790696400,AVAXUSDT.6,0,94.44120000000001
1790696400,ETHUSDT_PERP.A,504.31752,0
1790696400,LTCUSDT_PERP.A,0,78.64416
1790696460,AVAXUSDT.6,0,571.5052
1790696460,BTCUSDT.6,0,13051.724
1790696460,ETHUSDT.6,0,80.40780000000001
1790696460,ETHUSDT_PERP.A,0,804.15
1790696460,XRPUSDT_PERP.3,0,872.3652000000001
1790696460,XRPUSDT_PERP.A,0,436.45784
1790696700,AVAXUSDT_PERP.3,0,3594.1266000000005
1790696700,BTCUSDT.6,0,249.45569999999998
1790696820,ADAUSDT.6,315.7245,0
1790696820,BTCUSDT.6,0,832.2030000000001
1790696820,BTCUSDT_PERP.A,0,2246.8455
1790696820,ETHUSDT_PERP.A,0,211.93409
1790696820,XRPUSDT_PERP.3,742.0527999999999,0
1790696820,XRPUSDT_PERP.A,7.754039999999999,95.32908
1790696880,BTCUSDT.6,0,11824.695
1790696880,BTCUSDT_PERP.A,0,35972.89920000001
1790696880,ETHUSDT_PERP.A,0,17672.9991
1790696880,SOLUSDT.6,0,213.732
1790696940,BTCUSDT_PERP.A,1581.1154000000001,0
1790696940,DOGEUSDT_PERP.3,0,0.9410000000000001
1790697060,ETHUSDT_PERP.A,1972.3151800000003,0
1790697120,ADAUSDT_PERP.A,11557.201500000001,0
1790697120,AVAXUSDT.6,500.95290000000006,0
1790697120,BTCUSDT_PERP.A,8548.176000000001,0
1790697120,ETHUSDT.6,828.1556999999999,0
1790697120,ETHUSDT_PERP.A,170469.772,0
1790697120,LINKUSDT_PERP.3,47.116800000000005,0
1790697120,XRPUSDT_PERP.A,40273.97352,0
1790697180,ADAUSDT_PERP.3,18070.135,0
1790697180,ADAUSDT_PERP.A,1523.2308,0
1790697180,AVAXUSDT_PERP.A,22.38,0
1790697180,BTCUSDT_PERP.A,58219.24679999999,0
1790697180,DOGEUSDT_PERP.3,2340.75,0
1790697180,DOGEUSDT_PERP.A,671.0462100000001,0
1790697180,ETHUSDT.6,3283.6941,0
1790697180,ETHUSDT_PERP.A,2528.7741,0
1790697180,LINKUSDT_PERP.A,2046.0219,0
1790697180,LTCUSDT_PERP.3,674,0
1790697180,XRPUSDT_PERP.3,2268,0
1790697180,XRPUSDT_PERP.A,29.1816,0
1790697240,ADAUSDT_PERP.A,4380.5984,0
1790697240,AVAXUSDT_PERP.A,615.395,0
1790697240,BTCUSDT.6,2737.3335,0
1790697240,BTCUSDT_PERP.A,20905.164,0
1790697240,DOGEUSDT.6,498.74216,0
1790697240,ETHUSDT.6,14331.8319,0
1790697240,ETHUSDT_PERP.3,72345.15648,0
1790697240,ETHUSDT_PERP.A,219180.11855000004,0
1790697240,SOLUSDT.6,11.807,0
1790697240,SOLUSDT_PERP.3,870.2496,0
1790697240,SOLUSDT_PERP.A,4990.8189,0
1790697240,XRPUSDT.6,215.19126,0
1790697240,XRPUSDT_PERP.3,1847.7393000000002,0
1790697240,XRPUSDT_PERP.A,11068.60404,0
1790697300,ETHUSDT_PERP.A,0,11828.11788
1790697480,ADAUSDT_PERP.A,9602.130000000001,0
1790697480,SOLUSDT.6,2040.1890000000003,0
1790697480,SOLUSDT_PERP.3,350.25210000000004,0
1790697480,SOLUSDT_PERP.A,769.034,0
1790697540,ADAUSDT_PERP.3,195.2,0
1790697540,ADAUSDT_PERP.A,725.2211,0
1790697540,BNBUSDT_PERP.A,13073.1462,0
1790697540,BTCUSDT_PERP.3,332.1992,0
1790697540,DOGEUSDT_PERP.A,732.7494899999999,0
1790697540,ETHUSDT_PERP.3,213.83040000000005,0
1790697540,ETHUSDT_PERP.A,24.05538,0
1790697540,SOLUSDT.6,3497.2400000000002,0
1790697540,SOLUSDT_PERP.3,3350.734,0
1790697540,SOLUSDT_PERP.A,2789.7576,0
1790697540,XRPUSDT.6,9.40726,0
1790697660,BTCUSDT_PERP.A,0,41550
1790697720,BTCUSDT_PERP.A,581.7441,0
1790697720,ETHUSDT_PERP.A,0,2285.61165
1790697840,AVAXUSDT_PERP.A,89.208,0
1790697960,ETHUSDT_PERP.A,0,2.6710100000000003
1790698140,BTCUSDT_PERP.A,4729.8201,0
1790698200,DOGEUSDT_PERP.A,0,729.18616
1790698200,ETHUSDT_PERP.A,0,16053.060000000001
1790698380,AVAXUSDT_PERP.A,0,4419.892
1790698560,ETHUSDT_PERP.A,0,157.98784
1790698620,ADAUSDT.6,0,1613.2844
1790698620,ETHUSDT_PERP.A,0,54338.67165
1790698800,ETHUSDT.6,0,53.570600000000006
1790698860,BTCUSDT_PERP.A,0,7730.4855
1790698920,BTCUSDT_PERP.A,0,83.1457
1790699160,BTCUSDT_PERP.A,0,166.443
1790699160,ETHUSDT_PERP.A,0,2574.2304
1790699220,BTCUSDT.6,0,416.037
1790699220,BTCUSDT_PERP.A,0,2329.9668
1790699220,ETHUSDT.6,0,26.8152
1790699220,ETHUSDT_PERP.A,0,69.71874
1790699280,BTCUSDT.6,0,83.2117
1790699280,BTCUSDT_PERP.A,0,83.2153
1790699340,XRPUSDT_PERP.3,905.6709999999999,0
1790699400,AVAXUSDT_PERP.3,84.664,0
1790699400,AVAXUSDT_PERP.A,54769.156,0
1790699400,XRPUSDT.6,541.6011300000001,0
1790699400,XRPUSDT_PERP.3,41263.4825,0
1790699400,XRPUSDT_PERP.A,21899.53,0
1790699460,ADAUSDT_PERP.A,259.1594,0
1790699460,AVAXUSDT.6,2062.3746,0
1790699460,AVAXUSDT_PERP.3,6732.0425,0
1790699460,AVAXUSDT_PERP.A,446.15999999999997,0
1790699460,BTCUSDT_PERP.A,3907.0582999999997,0
1790699460,LINKUSDT.6,25.1107,0
1790699460,SOLUSDT_PERP.A,1368.4996,0
1790699460,XRPUSDT.6,7388.03095,0
1790699460,XRPUSDT_PERP.3,5488.8075,0
1790699460,XRPUSDT_PERP.A,110454.39840000003,0
1790699520,AVAXUSDT.6,359.86679999999996,0
1790699520,AVAXUSDT_PERP.3,2678.526,0
1790699520,AVAXUSDT_PERP.A,55.519999999999996,0
1790699520,XRPUSDT.6,3194.82155,0
1790699520,XRPUSDT_PERP.3,157619.82800000004,0
1790699520,XRPUSDT_PERP.A,9794.73456,0
1790699580,AVAXUSDT_PERP.3,1110.5,0
1790699580,AVAXUSDT_PERP.A,2220.6,0
1790699640,LINKUSDT_PERP.A,93.48777,0
1790699820,ETHUSDT_PERP.A,0,26817.600000000002
1790699940,XRPUSDT_PERP.A,1119.40584,0
1790700000,ADAUSDT_PERP.A,50.6272,0
1790700000,ETHUSDT_PERP.A,1497.7424,0
1790700000,LINKUSDT_PERP.3,559.3661,0
1790700000,XRPUSDT.6,20051.99577,0
1790700000,XRPUSDT_PERP.3,18327.6027,0
1790700000,XRPUSDT_PERP.A,48194.95761,0
1790700060,ADAUSDT_PERP.3,31.59,0
1790700060,ETHUSDT_PERP.3,807.3547200000002,0
1790700060,ETHUSDT_PERP.A,2448.5870800000002,0
1790700060,SOLUSDT_PERP.A,9889.8436,0
1790700060,XRPUSDT.6,20567.50355,0
1790700060,XRPUSDT_PERP.3,3672.7344,0
1790700060,XRPUSDT_PERP.A,217097.24244,0
1790700120,ADAUSDT.6,1780.9326,0
1790700120,ADAUSDT_PERP.A,7591.142,0
1790700120,AVAXUSDT_PERP.A,100.296,0
1790700120,BTCUSDT.6,15861.3849,0
1790700120,BTCUSDT_PERP.A,1328.7648000000002,0
1790700120,DOGEUSDT_PERP.A,1871.50642,0
1790700120,ETHUSDT_PERP.A,759.1632400000001,0
1790700120,LINKUSDT_PERP.A,83.18495000000001,0
1790700120,LTCUSDT_PERP.A,55.505799999999994,0
1790700120,SOLUSDT_PERP.3,19408.6005,0
1790700120,SOLUSDT_PERP.A,850.032,0
1790700120,XRPUSDT.6,385660.91673999996,0
1790700120,XRPUSDT_PERP.3,148086.5277,0
1790700120,XRPUSDT_PERP.A,268005.07438000006,0
1790700180,ADAUSDT_PERP.A,106.744,0
1790700180,BTCUSDT.6,11871.7313,0
1790700180,BTCUSDT_PERP.A,27646.5258,0
1790700180,DOGEUSDT.6,154.63815,0
1790700180,DOGEUSDT_PERP.A,4812.49265,0
1790700180,ETHUSDT.6,5878.73,0
1790700180,ETHUSDT_PERP.A,12183.51719,0
1790700180,LINKUSDT.6,633.7424000000001,0
1790700180,SOLUSDT.6,814.752,0
1790700180,SOLUSDT_PERP.A,1493.8385,0
1790700180,XRPUSDT.6,36736.58115,0
1790700180,XRPUSDT_PERP.3,4275.7803,0
1790700180,XRPUSDT_PERP.A,578054.62288,0
1790700240,ADAUSDT_PERP.3,443.226,0
1790700240,ADAUSDT_PERP.A,2421.3039,0
1790700240,AVAXUSDT_PERP.A,22.318,0
1790700240,BNBUSDT_PERP.A,120.61120000000001,0
1790700240,BTCUSDT_PERP.3,9039.778110000001,0
1790700240,BTCUSDT_PERP.A,2074.9900000000002,0
1790700240,DOGEUSDT.6,2315.9103999999998,0
1790700240,DOGEUSDT_PERP.A,2259.8464,0
1790700240,ETHUSDT.6,641.112,0
1790700240,ETHUSDT_PERP.3,2364.5784000000003,0
1790700240,ETHUSDT_PERP.A,20112.368280000002,0
1790700240,LINKUSDT.6,142.48329999999999,0
1790700240,LINKUSDT_PERP.3,171.9315,0
1790700240,LINKUSDT_PERP.A,8721.91173,0
1790700240,LTCUSDT_PERP.A,23.1021,0
1790700240,SOLUSDT_PERP.3,202.8912,0
1790700240,SOLUSDT_PERP.A,55.455299999999994,0
1790700240,XRPUSDT_PERP.A,4022.57724,0
1790700300,ADAUSDT.6,46564.1288,0
1790700300,ADAUSDT_PERP.A,18333.123,0
1790700300,AVAXUSDT.6,76.8936,0
1790700300,AVAXUSDT_PERP.A,22.292,0
1790700300,BNBUSDT.6,2781.2900000000004,0
1790700300,BNBUSDT_PERP.3,18238.668,0
1790700300,BNBUSDT_PERP.A,4041.9990000000003,0
1790700300,BTCUSDT.6,25786.285100000005,0
1790700300,BTCUSDT_PERP.3,2960.6367,0
1790700300,BTCUSDT_PERP.A,40797.820799999994,0
1790700300,DOGEUSDT.6,208.60398,0
1790700300,DOGEUSDT_PERP.3,8942.5674,0
1790700300,DOGEUSDT_PERP.A,1558.35874,0
1790700300,ETHUSDT.6,18518.279599999998,0
1790700300,ETHUSDT_PERP.3,11895.99468,0
1790700300,ETHUSDT_PERP.A,44317.46252000001,0
1790700300,LINKUSDT.6,507.8241999999999,0
1790700300,LINKUSDT_PERP.3,118.90799999999999,0
1790700300,LINKUSDT_PERP.A,530.6841599999999,0
1790700300,LTCUSDT_PERP.3,2225.85,0
1790700300,LTCUSDT_PERP.A,947.9423,0
1790700300,SOLUSDT.6,10257.767,0
1790700300,SOLUSDT_PERP.3,22887.774899999997,0
1790700300,SOLUSDT_PERP.A,93242.564,0
1790700300,XRPUSDT.6,48335.90372,0
1790700300,XRPUSDT_PERP.3,10484.3172,0
1790700300,XRPUSDT_PERP.A,186692.41374,0
1790700360,DOGEUSDT_PERP.3,1729.935,0
1790700360,DOGEUSDT_PERP.A,834.0113600000001,0
1790700480,LINKUSDT_PERP.A,2033.7172799999998,0
1790700540,ADAUSDT.6,228.5111,0
1790700540,ADAUSDT_PERP.A,962.2204,0
1790700540,AVAXUSDT.6,957.8437,0
1790700540,AVAXUSDT_PERP.3,1865.7419,0
1790700540,AVAXUSDT_PERP.A,99686.464,0
1790700540,DOGEUSDT.6,452.20254,0
1790700540,DOGEUSDT_PERP.3,714.7673,0
1790700540,DOGEUSDT_PERP.A,63690.14636,0
1790700540,ETHUSDT_PERP.A,296.53317,0
1790700540,SOLUSDT_PERP.A,566.7141999999999,0
1790700540,XRPUSDT.6,22058.853199999998,0
1790700540,XRPUSDT_PERP.3,23555.2293,0
1790700540,XRPUSDT_PERP.A,191827.53533999997,0
1790700600,ETHUSDT_PERP.A,0,1759.46568
1790700660,AVAXUSDT_PERP.A,724.165,0
1790700660,ETHUSDT_PERP.A,0,1400.5786400000002
1790700660,XRPUSDT_PERP.A,0,7565.544930000001
1790700720,DOGEUSDT.6,697.6164600000001,0
1790700720,DOGEUSDT_PERP.3,1408.4517,0
1790700720,XRPUSDT_PERP.A,247.49601,0
1790700780,ADAUSDT_PERP.3,433.08000000000004,0
1790700780,ADAUSDT_PERP.A,7236.045,0
1790700780,BNBUSDT_PERP.A,1964.2077,0
1790700780,DOGEUSDT.6,923.91006,0
1790700780,DOGEUSDT_PERP.3,1430.5005,0
1790700780,DOGEUSDT_PERP.A,58521.45402,0
1790700780,SOLUSDT_PERP.3,9708.487500000001,0
1790700780,XRPUSDT_PERP.A,4729.6427699999995,0
1790700840,ADAUSDT_PERP.A,2077.3404,0
1790700840,BNBUSDT_PERP.A,316.0416,0
1790700840,BTCUSDT.6,48168.21169999999,0
1790700840,BTCUSDT_PERP.3,870.6736500000001,0
1790700840,BTCUSDT_PERP.A,15753.318,0
1790700840,DOGEUSDT_PERP.A,122398.66058,0
1790700840,ETHUSDT_PERP.A,5340,0
1790700840,LINKUSDT_PERP.3,2378.5008,0
1790700840,LINKUSDT_PERP.A,2337.13557,0
1790700840,SOLUSDT.6,953.208,0
1790700840,SOLUSDT_PERP.3,1733.4263999999998,0
1790700840,SOLUSDT_PERP.A,7537.9402,0
1790700840,XRPUSDT.6,792.3885,0
1790700840,XRPUSDT_PERP.3,1024.852,0
1790700840,XRPUSDT_PERP.A,29519.063550000003,0
1790700900,ADAUSDT_PERP.A,19.729200000000002,0
1790700900,DOGEUSDT_PERP.A,4606.756530000001,0
1790700900,ETHUSDT_PERP.A,307.03734999999995,0
1790700900,SOLUSDT.6,82.292,0
1790700900,SOLUSDT_PERP.3,8123.880499999999,0
1790700900,SOLUSDT_PERP.A,20805.768799999998,0
1790700900,XRPUSDT.6,355.32,0
1790700900,XRPUSDT_PERP.3,1798.686,0
1790700900,XRPUSDT_PERP.A,5219.41112,0
1790700960,ADAUSDT_PERP.A,2135.159,0
1790700960,BTCUSDT.6,3066.8005000000003,0
1790700960,BTCUSDT_PERP.3,23136.161959999998,0
1790700960,BTCUSDT_PERP.A,41199.01379999999,0
1790700960,DOGEUSDT.6,1774.0795600000001,0
1790700960,DOGEUSDT_PERP.3,1030.7459999999999,0
1790700960,DOGEUSDT_PERP.A,3560.89035,0
1790700960,ETHUSDT_PERP.A,1126.2167200000001,0
1790700960,SOLUSDT.6,14208.168,0
1790700960,SOLUSDT_PERP.3,2289.4844000000003,0
1790700960,SOLUSDT_PERP.A,5697.648499999999,0
1790700960,XRPUSDT_PERP.A,150.4696,0
1790701140,ETHUSDT_PERP.A,0,534.8720000000001
1790701320,ETHUSDT_PERP.A,13364.05,0
1790701380,AVAXUSDT.6,10010.0604,0
1790701380,ETHUSDT_PERP.A,0,8970.347960000001
1790701440,BTCUSDT_PERP.A,0,83.05930000000001
1790701500,BTCUSDT_PERP.A,0,166.227
1790701500,ETHUSDT_PERP.A,0,3597.6460800000004
1790701500,SOLUSDT_PERP.A,0,178.5424
1790701560,BTCUSDT_PERP.A,0,83.1388
1790701560,ETHUSDT.6,0,168646.5844
1790701560,SOLUSDT_PERP.A,0,5.91
1790701560,XRPUSDT_PERP.3,0,544.7544
1790701560,XRPUSDT_PERP.A,0,370.9342
1790701740,ETHUSDT_PERP.A,0,479.31725
1790701860,XRPUSDT_PERP.A,0,22.15481
1790701920,LINKUSDT_PERP.3,0,488.8036000000001
1790702160,XRPUSDT.6,3140.27384,0
1790702160,XRPUSDT_PERP.A,4141.03283,0
1790702400,LINKUSDT_PERP.3,263.61,0
1790702400,LINKUSDT_PERP.A,5526.8539200000005,0
1790702400,LTCUSDT_PERP.A,673.1,0
1790702400,XRPUSDT.6,9467.068290000001,0
1790702400,XRPUSDT_PERP.3,118.36,0
1790702400,XRPUSDT_PERP.A,52608.66576,0
1790702460,ETHUSDT_PERP.A,21.374,0
1790702460,LINKUSDT.6,2387.4148,0
1790702460,LINKUSDT_PERP.3,988.1492000000001,0
1790702460,LINKUSDT_PERP.A,2142.2549200000003,0
1790702520,AVAXUSDT.6,70.9504,0
1790702520,AVAXUSDT_PERP.A,1551.76,0
1790702520,BNBUSDT_PERP.A,730.2062999999999,0
1790702520,LINKUSDT.6,663.481,0
1790702520,LINKUSDT_PERP.3,2899.1004,0
1790702520,LINKUSDT_PERP.A,74476.8318,0
1790702520,SOLUSDT_PERP.3,1176.8000000000002,0
1790702520,XRPUSDT.6,708.18,0
1790702700,AVAXUSDT_PERP.A,999.09,0
1790702700,BTCUSDT_PERP.A,5316.9984,0
1790702760,AVAXUSDT_PERP.A,77.742,0
1790702760,BTCUSDT_PERP.A,83.0739,0
1790702880,AVAXUSDT_PERP.A,22.144,0
1790702940,AVAXUSDT.6,1271.7514999999999,0
1790702940,BTCUSDT.6,748.3167,0
1790703000,XRPUSDT.6,0,14838
1790703360,BTCUSDT_PERP.A,498.5544,0
1790703360,LINKUSDT_PERP.A,44380.90758,0
1790703420,SOLUSDT_PERP.3,588.85,0
1790703540,BNBUSDT_PERP.A,143.0472,0
1790703600,ETHUSDT_PERP.A,0,7898.080260000001
1790703780,LTCUSDT_PERP.3,2022.9,0
1790704020,BNBUSDT_PERP.A,4515.42,0
1790704020,SOLUSDT_PERP.3,3828.331,0
1790704020,XRPUSDT.6,6799.150679999999,0
1790704020,XRPUSDT_PERP.A,4935.09743,0
1790704080,XRPUSDT_PERP.3,538.2103999999999,0
1790704140,ADAUSDT.6,3653.2809,0
1790704140,ADAUSDT_PERP.A,24042.015000000003,0
1790704140,AVAXUSDT.6,953.7875999999999,0
1790704140,AVAXUSDT_PERP.3,2210.2,0
1790704140,AVAXUSDT_PERP.A,983.6279999999999,3315.6
1790704140,BNBUSDT.6,150.18,0
1790704140,BNBUSDT_PERP.3,2095.29,0
1790704140,BNBUSDT_PERP.A,9150.0145,0
1790704140,BTCUSDT_PERP.3,4026.7561499999993,0
1790704140,DOGEUSDT_PERP.A,306.8487,0
1790704140,ETHUSDT_PERP.A,15050.6562,0
1790704140,LINKUSDT.6,8647.8624,0
1790704140,LINKUSDT_PERP.3,3657.8160000000003,0
1790704140,LINKUSDT_PERP.A,20946.165090000002,0
1790704140,LTCUSDT.6,140.343,0
1790704140,LTCUSDT_PERP.3,11620.268,0
1790704140,LTCUSDT_PERP.A,30454.618219999997,0
1790704140,SOLUSDT.6,117.52,0
1790704140,SOLUSDT_PERP.3,7051.2,0
1790704140,SOLUSDT_PERP.A,337.2824,0
1790704140,XRPUSDT.6,64685.233949999994,0
1790704140,XRPUSDT_PERP.3,3334.8192,0
1790704140,XRPUSDT_PERP.A,32917.2967,0
1790704200,ADAUSDT.6,632.1365,0
1790704200,ADAUSDT_PERP.A,1472.8799999999999,0
1790704200,AVAXUSDT_PERP.3,417.1986,0
1790704200,AVAXUSDT_PERP.A,22274.684,0
1790704200,BNBUSDT_PERP.A,5732.3427,0
1790704200,BTCUSDT_PERP.A,166,0
1790704200,DOGEUSDT.6,92.83,0
1790704200,DOGEUSDT_PERP.3,89.1264,0
1790704200,DOGEUSDT_PERP.A,132.28275,0
1790704200,ETHUSDT.6,22715.8281,0
1790704200,ETHUSDT_PERP.3,9880.33764,0
1790704200,ETHUSDT_PERP.A,9484.44926,560.5782
1790704200,LINKUSDT.6,21581.3248,0
1790704200,LINKUSDT_PERP.3,11205.9876,0
1790704200,LINKUSDT_PERP.A,17488.60826,0
1790704200,LTCUSDT.6,133.5,0
1790704200,LTCUSDT_PERP.A,215.19970999999998,0
1790704200,SOLUSDT.6,10965.160000000002,0
1790704200,SOLUSDT_PERP.3,9460.4601,0
1790704200,SOLUSDT_PERP.A,59279.956,0
1790704200,XRPUSDT.6,73.96263,0
1790704200,XRPUSDT_PERP.3,3083.5729,0
1790704200,XRPUSDT_PERP.A,18218.21442,17.85839
1790704260,ADAUSDT.6,757.7556000000001,0
1790704260,ADAUSDT_PERP.3,3604.7999999999993,0
1790704260,ADAUSDT_PERP.A,5355.1904,0
1790704260,AVAXUSDT_PERP.A,5358.28,0
1790704260,BNBUSDT_PERP.A,5779.650200000001,0
1790704260,BTCUSDT.6,53616.772600000004,0
1790704260,BTCUSDT_PERP.A,12865.403000000004,0
1790704260,DOGEUSDT.6,38.650560000000006,0
1790704260,DOGEUSDT_PERP.3,651.3692,0
1790704260,DOGEUSDT_PERP.A,1572.11348,0
1790704260,ETHUSDT.6,7265.8,0
1790704260,ETHUSDT_PERP.3,817.4422800000002,0
1790704260,ETHUSDT_PERP.A,14175.793050000002,0
1790704260,LINKUSDT.6,9996.8568,0
1790704260,LINKUSDT_PERP.A,15131.876929999999,0
1790704260,LTCUSDT.6,7767.6770000000015,0
1790704260,LTCUSDT_PERP.3,28469.579999999998,0
1790704260,LTCUSDT_PERP.A,3263.4680700000004,0
1790704260,SOLUSDT.6,2925.252,0
1790704260,SOLUSDT_PERP.3,7562.718599999999,0
1790704260,SOLUSDT_PERP.A,76671.4943,0
1790704260,XRPUSDT.6,4850.77824,0
1790704260,XRPUSDT_PERP.3,4638.9054,0
1790704260,XRPUSDT_PERP.A,6637.1179999999995,0
1790704560,XRPUSDT_PERP.A,366.61737,0
1790704680,BTCUSDT_PERP.A,82.9671,0
1790704680,LTCUSDT_PERP.A,0,29.261519999999997
1790704740,BTCUSDT_PERP.A,0,83.0427
1790704800,BTCUSDT_PERP.A,0,5660.449199999999
1790704800,DOGEUSDT.6,0,568.68075
1790704800,ETHUSDT.6,0,8229.6569
1790704800,ETHUSDT_PERP.A,0,67010.63871999997
1790704800,SOLUSDT.6,0,732.282
1790704800,SOLUSDT_PERP.3,0,4662.1964
1790704800,SOLUSDT_PERP.A,0,3541.5373999999997
1790704800,XRPUSDT.6,0,755.904
1790704800,XRPUSDT_PERP.3,0,25517.712
1790704800,XRPUSDT_PERP.A,0,5744.098239999999
1790704860,ADAUSDT.6,0,71.2362
1790704860,BTCUSDT.6,0,1580.7829000000002
1790704860,BTCUSDT_PERP.A,0,13145.4894
1790704860,DOGEUSDT_PERP.A,0,13241.87088
1790704860,ETHUSDT.6,0,187.55800000000002
1790704860,ETHUSDT_PERP.A,0,6644.663999999999
1790704860,SOLUSDT.6,0,247.758
1790704860,XRPUSDT.6,0,2379.1773599999997
1790704860,XRPUSDT_PERP.3,0,141.26500000000001
1790704860,XRPUSDT_PERP.A,0,133.54158
1790705040,SOLUSDT_PERP.A,0,228.1067
1790705100,BTCUSDT.6,0,15494.376600000001
1790705100,BTCUSDT_PERP.A,0,6997.435200000001
1790705100,SOLUSDT.6,0,11.829
1790705100,SOLUSDT_PERP.A,0,1584.952
1790705160,BTCUSDT.6,0,2001.0552
1790705160,BTCUSDT_PERP.3,0,15299.84465
1790705160,BTCUSDT_PERP.A,0,80205.21079999999
1790705160,ETHUSDT_PERP.A,0,23560.836650000005
1790705160,SOLUSDT.6,0,438.08000000000004
1790705160,SOLUSDT_PERP.A,0,20495.6768
1790705220,BTCUSDT_PERP.3,0,958.1247999999999
1790705220,SOLUSDT_PERP.A,0,49.6524
1790705220,XRPUSDT_PERP.3,0,7048.1823
1790705220,XRPUSDT_PERP.A,0,546.61772
1790705520,ETHUSDT_PERP.A,0,13787.54508
1790705580,SOLUSDT.6,0,23.684
1790705640,BTCUSDT_PERP.A,0,4503.2868
1790705640,SOLUSDT_PERP.A,0,4458.0816
1790705700,AVAXUSDT_PERP.3,0,21.297099999999997
1790705700,BTCUSDT.6,0,37209.6462
1790705700,BTCUSDT_PERP.3,0,7425.172100000001
1790705700,BTCUSDT_PERP.A,0,1167.9976
1790705700,ETHUSDT.6,0,35801.9806
1790705700,ETHUSDT_PERP.3,0,12323.505640000001
1790705700,ETHUSDT_PERP.A,0,6300.323759999999
1790705700,SOLUSDT_PERP.3,0,6197.4108
1790705700,SOLUSDT_PERP.A,0,739.6896
1790705760,BTCUSDT.6,0,13599.9376
1790705760,BTCUSDT_PERP.3,0,11773.398109999998
1790705760,BTCUSDT_PERP.A,0,25699.550800000005
1790705760,ETHUSDT.6,0,3948.42
1790705760,ETHUSDT_PERP.3,0,902.48256
1790705760,ETHUSDT_PERP.A,0,2897.95662
1790705760,SOLUSDT.6,0,59.295
1790705760,SOLUSDT_PERP.3,0,2066.5008
1790705760,SOLUSDT_PERP.A,0,336.7956
1790705760,XRPUSDT.6,0,15.202079999999999
1790705760,XRPUSDT_PERP.A,0,111.31794000000001
1790705940,BTCUSDT.6,83.38130000000001,0
1790706120,BTCUSDT_PERP.3,0,3047.19885
1790706120,BTCUSDT_PERP.A,0,2254.0788
1790706120,SOLUSDT.6,0,154.323
1790706120,SOLUSDT_PERP.3,0,9035.8697
1790706120,SOLUSDT_PERP.A,0,5332.004
1790706180,AVAXUSDT_PERP.A,0,663.514
1790706180,BTCUSDT_PERP.3,0,161314.00767
1790706180,BTCUSDT_PERP.A,0,2337.5660000000003
1790706180,DOGEUSDT_PERP.3,0,244.4
1790706180,DOGEUSDT_PERP.A,0,58.656
1790706180,ETHUSDT_PERP.3,0,12450.585210000001
1790706180,SOLUSDT.6,0,154.375
1790706180,SOLUSDT_PERP.A,0,217.3308
1790706180,XRPUSDT.6,0,16259.859
1790706360,ETHUSDT_PERP.A,0,26.8429
1790706360,XRPUSDT_PERP.A,0,34.14619
1790706600,ETHUSDT_PERP.3,0,2685.78
1790706660,BTCUSDT_PERP.A,2837.7318,0
1790706720,BTCUSDT.6,0,835.123
1790706720,BTCUSDT_PERP.3,0,15534.905999999999
1790706720,BTCUSDT_PERP.A,0,42180.226
1790706720,ETHUSDT_PERP.3,0,1118.5408000000002
1790706720,XRPUSDT.6,0,203.184
1790706780,BTCUSDT.6,0,8685.809599999999
1790706780,BTCUSDT_PERP.3,0,283.96664000000004
1790706780,BTCUSDT_PERP.A,0,10939.8755
1790706780,ETHUSDT.6,0,2688.35
1790706780,ETHUSDT_PERP.3,0,19045.404840000007
1790706780,ETHUSDT_PERP.A,0,1376.29184
1790706780,SOLUSDT_PERP.3,0,2135.9527
1790706780,SOLUSDT_PERP.A,0,1199.375
1790706780,XRPUSDT_PERP.3,0,2.988
1790706780,XRPUSDT_PERP.A,0,296.36992000000004
1790706840,BTCUSDT.6,0,1336.6896000000002
1790706840,BTCUSDT_PERP.3,0,25063.469999999998
1790706840,BTCUSDT_PERP.A,0,2172.0868
1790706840,ETHUSDT_PERP.3,0,23264.23468
1790706840,ETHUSDT_PERP.A,0,12466.47948
1790706840,SOLUSDT.6,0,95.072
1790706840,XRPUSDT.6,0,10.31619
1790706900,SOLUSDT_PERP.A,0,30.8932
1790706960,ETHUSDT_PERP.3,0,21128.487630000003
1790706960,ETHUSDT_PERP.A,0,15565.63846
1790706960,SOLUSDT_PERP.3,0,1843.8288
1790706960,SOLUSDT_PERP.A,0,45.182
1790707020,BTCUSDT_PERP.3,1971.0059199999998,3524.42584
1790707020,XRPUSDT.6,0,3181.42329
1790707020,XRPUSDT_PERP.A,0,2467.93041
1790707080,ADAUSDT_PERP.A,9.531600000000001,0
1790707080,AVAXUSDT_PERP.A,11.226,0
1790707080,BTCUSDT.6,0,1754.2056000000002
1790707080,BTCUSDT_PERP.3,0,84210.5376
1790707080,BTCUSDT_PERP.A,0,7434.615
1790707080,ETHUSDT_PERP.3,0,4539.90906
1790707080,ETHUSDT_PERP.A,0,129.24672
1790707080,SOLUSDT_PERP.A,9.5144,90.38680000000001
1790707080,XRPUSDT_PERP.3,0,965.3069999999999
1790707080,XRPUSDT_PERP.A,0,64.50346
1790707140,BTCUSDT.6,0,13196.634
1790707140,BTCUSDT_PERP.3,0,4577.68512
1790707140,BTCUSDT_PERP.A,0,5011.5960000000005
1790707140,DOGEUSDT_PERP.3,0,455.9
1790707140,ETHUSDT.6,0,26.906
1790707140,ETHUSDT_PERP.3,0,18834.83
1790707140,ETHUSDT_PERP.A,731.7833600000001,102.23444
1790707140,XRPUSDT_PERP.A,0,4184.8635
1790707200,BTCUSDT_PERP.3,0,1504.9674000000002
1790707200,BTCUSDT_PERP.A,0,810629.232
1790707200,ETHUSDT_PERP.3,0,131.96876
1790707200,ETHUSDT_PERP.A,0,1287.3209200000001
1790707200,SOLUSDT_PERP.A,0,1527.5398
1790707200,XRPUSDT_PERP.3,0,57567.0296
1790707200,XRPUSDT_PERP.A,1.04881,0
1790707260,ADAUSDT_PERP.A,0,5174.306100000001
1790707260,AVAXUSDT_PERP.A,0,7091.975
1790707260,BTCUSDT.6,0,4934.972400000001
1790707260,BTCUSDT_PERP.3,25.0917,22866.902599999998
1790707260,BTCUSDT_PERP.A,0,32203.863999999998
1790707260,DOGEUSDT_PERP.3,0,215.8325
1790707260,DOGEUSDT_PERP.A,0,2341.76107
1790707260,ETHUSDT.6,0,5389.62
1790707260,ETHUSDT_PERP.3,0,14096.08032
1790707260,ETHUSDT_PERP.A,21.556720000000002,20815.70775
1790707260,SOLUSDT.6,0,464.802
1790707260,SOLUSDT_PERP.3,0,2387.9664000000002
1790707260,SOLUSDT_PERP.A,0,11932.4921
1790707260,XRPUSDT_PERP.3,0,479.904
1790707260,XRPUSDT_PERP.A,0,683.51768
1790707320,ADAUSDT_PERP.A,0,262.8544
1790707320,BTCUSDT.6,0,49445.3058
1790707320,BTCUSDT_PERP.3,0,13478.189849999999
1790707320,BTCUSDT_PERP.A,0,128931.77160000001
1790707320,DOGEUSDT_PERP.A,0,265.15337999999997
1790707320,ETHUSDT.6,0,1293.672
1790707320,ETHUSDT_PERP.3,0,1417.6594200000002
1790707320,ETHUSDT_PERP.A,0,32369.524889999997
1790707320,LTCUSDT_PERP.A,0,169.80912
1790707320,SOLUSDT.6,0,310.05
1790707320,SOLUSDT_PERP.3,0,101.354
1790707320,SOLUSDT_PERP.A,0,14766.7732
1790707320,XRPUSDT_PERP.3,0,2329.3447
1790707380,AVAXUSDT_PERP.A,0,406.65599999999995
1790707380,BTCUSDT_PERP.A,0,334.5688
1790707380,DOGEUSDT_PERP.A,0,0.09426
1790707380,ETHUSDT_PERP.3,0,202.08750000000003
1790707380,ETHUSDT_PERP.A,43.10736,0
1790707440,AVAXUSDT.6,0,252.85119999999998
1790707620,AVAXUSDT_PERP.A,0,2182.6369999999997
1790707740,ETHUSDT_PERP.3,0,17872.10235
1790707920,ETHUSDT_PERP.3,0,28606.450040000007
1790707920,ETHUSDT_PERP.A,0,5663.917820000001
1790707980,BTCUSDT_PERP.3,0,1287.7310599999998
1790707980,ETHUSDT.6,0,9542.955
1790707980,ETHUSDT_PERP.3,0,3655.3014000000003
1790707980,ETHUSDT_PERP.A,0,6280.7713
1790707980,SOLUSDT_PERP.3,0,760.3684000000001
1790707980,SOLUSDT_PERP.A,0,1975.3097
1790708100,SOLUSDT_PERP.A,0,59.535
1790708400,AVAXUSDT.6,754.0384,0
1790708580,ADAUSDT_PERP.A,205.968,0
1790708580,DOGEUSDT_PERP.3,0,3045.5928
1790708580,DOGEUSDT_PERP.A,400.43084999999996,87.53824
1790708580,ETHUSDT_PERP.3,0,5391.36
1790708580,SOLUSDT_PERP.3,0,3576
1790708580,SOLUSDT_PERP.A,0,85.85279999999999
1790708640,ETHUSDT.6,0,161.868
1790708640,ETHUSDT_PERP.3,0,4243.623670000001
1790708640,ETHUSDT_PERP.A,0,30768.637100000004
1790708760,AVAXUSDT_PERP.3,0,566.65
1790708760,BTCUSDT.6,0,25764.507999999998
1790708760,ETHUSDT_PERP.A,0,348.04329
1790708760,SOLUSDT_PERP.3,0,7681.552600000001
1790708820,ETHUSDT.6,0,5667.039000000001
1790708820,ETHUSDT_PERP.3,0,26982.600000000002
1790708820,ETHUSDT_PERP.A,0,37316.86505
1790708820,SOLUSDT.6,0,48604.464
1790708820,SOLUSDT_PERP.A,0,169.67579999999998
1790708820,XRPUSDT_PERP.A,0,2353.5350799999997
1790708880,ETHUSDT_PERP.A,0,142435.91999999998
1790709480,BTCUSDT_PERP.3,0,24064.51212
1790709480,DOGEUSDT_PERP.3,0,16220.588800000001
1790709480,ETHUSDT_PERP.3,0,20036.235870000004
1790709840,AVAXUSDT_PERP.A,0,1938.285
1790709900,AVAXUSDT_PERP.A,0,11.347
1790710260,ADAUSDT_PERP.A,0,26.6614
1790710260,AVAXUSDT_PERP.A,0,56.730000000000004
1790710260,DOGEUSDT_PERP.A,0,26.5362
1790710380,BNBUSDT_PERP.A,52.95150000000001,0
1790710920,BTCUSDT_PERP.A,3756.1949999999997,0
1790710920,DOGEUSDT_PERP.A,410.93081,0
1790710920,ETHUSDT_PERP.A,5384.12,0
1790710980,XRPUSDT.6,844.3560299999999,0
1790710980,XRPUSDT_PERP.A,101.47655,0
1790711040,BTCUSDT_PERP.A,417.00050000000005,0
1790711040,ETHUSDT.6,967.7844,0
1790711040,ETHUSDT_PERP.A,9511.94838,0
1790711040,SOLUSDT_PERP.A,16820.0199,0
1790711040,XRPUSDT_PERP.3,8.9568,0
1790711100,DOGEUSDT_PERP.A,800.89739,0
1790711100,ETHUSDT_PERP.A,29741.245109999996,2.68641
1790711100,SOLUSDT.6,2905.455,0
1790711100,SOLUSDT_PERP.3,983.965,0
1790711100,XRPUSDT_PERP.3,202.8032,0
1790711160,BTCUSDT.6,250.30440000000002,0
1790711160,BTCUSDT_PERP.A,3838.125,0
1790711160,ETHUSDT_PERP.A,10052.067000000001,0
1790711160,XRPUSDT_PERP.3,4335.752,0
1790711160,XRPUSDT_PERP.A,7144.952040000001,0
1790711220,DOGEUSDT_PERP.A,18.84576,0
1790711220,SOLUSDT_PERP.3,10936.9953,0
1790711580,ETHUSDT_PERP.A,503.21512999999993,0
1790711640,SOLUSDT_PERP.A,1.1874,0
1790711700,ADAUSDT_PERP.A,162.81,0
1790711700,XRPUSDT_PERP.A,23392.84563,0
1790711940,SOLUSDT_PERP.3,440.5254,0
1790712060,XRPUSDT.6,5.06736,0
1790712060,XRPUSDT_PERP.A,6871.610240000001,0
1790712120,ADAUSDT_PERP.3,228.044,0
1790712120,ADAUSDT_PERP.A,2235.0243,0
1790712120,DOGEUSDT_PERP.3,144.9095,0
1790712120,ETHUSDT_PERP.A,7897.504459999998,0
1790712120,XRPUSDT.6,279.18938,0
1790712120,XRPUSDT_PERP.A,1159.0128,0
1790712360,AVAXUSDT_PERP.3,0,68.388
1790712360,AVAXUSDT_PERP.A,0,136.78799999999998
1790712420,AVAXUSDT.6,0,114.2
1790712420,AVAXUSDT_PERP.A,0,2421.252
1790712600,BTCUSDT_PERP.3,0,25.044089999999997
1790712600,DOGEUSDT_PERP.3,0,8.4222
1790712600,ETHUSDT_PERP.3,0,300.83200000000005
1790712600,SOLUSDT_PERP.3,0,9.491200000000001
1790712600,SOLUSDT_PERP.A,3139.2144000000003,0
1790712840,SOLUSDT_PERP.A,0,409.7565
1790712900,AVAXUSDT_PERP.3,0,311.08639999999997
1790712900,AVAXUSDT_PERP.A,0,308.853
1790713260,XRPUSDT_PERP.A,0,90.06586
1790713500,ADAUSDT_PERP.A,0,4989.67
1790713500,BTCUSDT_PERP.A,0,1002.8436
1790713500,LINKUSDT.6,17.6136,0
1790713500,XRPUSDT_PERP.A,16.787679999999998,0
1790713560,AVAXUSDT.6,268.981,0
1790713560,BTCUSDT.6,250.83509999999998,0
1790713560,ETHUSDT.6,484.77959999999996,0
1790713560,ETHUSDT_PERP.A,0,14736.697920000002
1790713560,SOLUSDT_PERP.A,0,121.55340000000001
1790713560,XRPUSDT.6,0,525.7948200000001
1790713620,ETHUSDT_PERP.A,0,285.38804
1790713620,SOLUSDT.6,0,33293.304
1790714100,BTCUSDT_PERP.A,0,83.5721
1790714520,AVAXUSDT_PERP.A,0,14320
1790715000,ETHUSDT.6,0,403.65450000000004
1790715000,SOLUSDT.6,0,250.047
1790715060,AVAXUSDT.6,0,880.512
1790715060,AVAXUSDT_PERP.A,0,5973.265
1790715060,XRPUSDT.6,1496.3999999999999,0
1790715240,AVAXUSDT_PERP.A,0,745.94
1790715420,LINKUSDT_PERP.A,0,22.382
1790715780,ETHUSDT_PERP.A,17235.35613,0
1790715840,ETHUSDT_PERP.A,553.36132,0
1790716140,AVAXUSDT_PERP.A,0,23.002
1790716440,AVAXUSDT_PERP.A,0,20200.25
1790716800,BTCUSDT_PERP.A,2252.3562,333.68240000000003
1790716800,ETHUSDT.6,3005.1728000000003,0
1790716800,ETHUSDT_PERP.A,8210.4696,0
1790716800,LINKUSDT_PERP.A,0,676.9238300000001
1790716800,LTCUSDT.6,0,1241.165
1790716800,SOLUSDT_PERP.A,0,121.1658
1790716860,ETHUSDT.6,617.0072,0
1790716920,AVAXUSDT.6,235.4786,0
1790716920,ETHUSDT_PERP.A,2681.44,0
1790716980,ETHUSDT.6,2413.188,0
1790716980,ETHUSDT_PERP.3,2059.3305600000003,0
1790716980,ETHUSDT_PERP.A,7062.754920000001,0
1790717040,BTCUSDT_PERP.A,83.4049,0
1790717040,DOGEUSDT_PERP.A,10.69662,0
1790717040,ETHUSDT_PERP.3,426.35691,0
1790717040,SOLUSDT_PERP.A,13.053700000000001,0
1790717100,BTCUSDT_PERP.A,2419.1307,0
1790717100,ETHUSDT_PERP.3,986.30256,0
1790717100,ETHUSDT_PERP.A,7965.911040000001,0
1790717100,XRPUSDT_PERP.3,19944.1836,0
1790717100,XRPUSDT_PERP.A,2677.00482,0
1790717160,AVAXUSDT.6,48.8394,0
1790717160,BTCUSDT_PERP.A,1500.1254,0
1790717160,ETHUSDT.6,1687.1022,0
1790717160,ETHUSDT_PERP.3,49279.63590000001,0
1790717160,ETHUSDT_PERP.A,5974.77417,0
1790717160,LINKUSDT.6,1488.2142,0
1790717160,SOLUSDT_PERP.3,168.3126,0
1790717220,AVAXUSDT_PERP.3,4536.2908,0
1790717220,BTCUSDT.6,833.551,0
1790717220,ETHUSDT.6,27011.0309,0
1790717220,ETHUSDT_PERP.3,1542.0787199999997,0
1790717220,ETHUSDT_PERP.A,3651.78264,0
1790717220,SOLUSDT_PERP.3,3352.9307999999996,0
1790717220,SOLUSDT_PERP.A,212.18660000000003,0
1790717220,XRPUSDT.6,43.227399999999996,0
1790717220,XRPUSDT_PERP.3,15538.4625,0
1790717220,XRPUSDT_PERP.A,1379.45775,0
1790718600,ETHUSDT.6,1338.34,0
1790718600,ETHUSDT_PERP.3,5559.96284,0
1790718660,ETHUSDT_PERP.A,21.41912,0
1790718960,ETHUSDT_PERP.A,495.1488,0
1790719020,LTCUSDT_PERP.A,34.59264,0
1790719080,LINKUSDT.6,984.7596,0
1790719260,AVAXUSDT_PERP.A,0,1145.8999999999999
1790719320,AVAXUSDT.6,0,662.5114
1790719380,AVAXUSDT_PERP.A,0,115.03
1790719380,DOGEUSDT_PERP.A,0,1179.72564
1790719440,ETHUSDT_PERP.A,0,14352.801959999999
1790719440,SOLUSDT.6,0,2634.32
1790719440,SOLUSDT_PERP.3,0,88.21539999999999
1790719440,SOLUSDT_PERP.A,0,139.48739999999998
1790719500,SOLUSDT.6,0,35.769
1790719800,SOLUSDT.6,0,155.194
1790719800,SOLUSDT_PERP.3,0,1005.0112
1790719920,BNBUSDT_PERP.A,0,7.6000000000000005
1790719920,BTCUSDT_PERP.A,0,334.4008
1790719980,BNBUSDT_PERP.A,0,68.4378
1790719980,BTCUSDT.6,0,920.4063
1790719980,BTCUSDT_PERP.3,0,2133.8043
1790719980,BTCUSDT_PERP.A,0,22341.251700000004
1790719980,DOGEUSDT_PERP.3,0,273.818
1790719980,DOGEUSDT_PERP.A,0,4182.99484
1790719980,SOLUSDT.6,0,71.7
1790719980,SOLUSDT_PERP.A,0,1276.26
1790720100,AVAXUSDT_PERP.A,68.742,0
1790720100,SOLUSDT.6,297.67499999999995,0
1790720100,SOLUSDT_PERP.A,100.0104,0
1790720100,XRPUSDT.6,746.95,0
1790720160,AVAXUSDT_PERP.A,68.69999999999999,0
1790720160,BTCUSDT_PERP.A,0,417.67699999999996
1790720160,LINKUSDT_PERP.A,0,73.455
1790720220,SOLUSDT_PERP.A,127.37280000000001,0
1790720580,BTCUSDT.6,0,836.1930000000001
1790720760,AVAXUSDT_PERP.A,0,57.38
1790721000,BNBUSDT_PERP.A,872.1829999999999,0
1790721000,DOGEUSDT_PERP.A,23.7567,0
1790721000,LTCUSDT_PERP.A,20.809009999999997,0
1790721060,ETHUSDT.6,5030.41,0
1790721060,ETHUSDT_PERP.3,31991.506120000002,0
1790721060,ETHUSDT_PERP.A,78744.9681,0
1790721180,LTCUSDT_PERP.A,113.22864,0
1790721900,ETHUSDT_PERP.3,0,8.0388
1790721960,SOLUSDT_PERP.A,0,1064.754
1790722920,ETHUSDT_PERP.3,0,804.6060000000001
1790723040,BTCUSDT.6,0,83.6972
1790723040,BTCUSDT_PERP.3,0,945.90605
1790723040,BTCUSDT_PERP.A,0,837.075
1790723100,BNBUSDT_PERP.A,0,593.2446000000001
1790723100,BTCUSDT.6,0,34263.27970000001
1790723100,BTCUSDT_PERP.3,0,38356.72614
1790723100,BTCUSDT_PERP.A,0,18846.719999999998
1790723100,ETHUSDT_PERP.A,0,1464.4477000000002
1790723160,ADAUSDT.6,0,1924.5454
1790723160,BTCUSDT.6,0,2429.5881
1790723160,BTCUSDT_PERP.3,0,134.04384
1790723160,BTCUSDT_PERP.A,0,30494.027200000004
1790723160,LINKUSDT_PERP.A,0,75.0775
1790723160,SOLUSDT.6,0,107.595
1790723160,SOLUSDT_PERP.A,0,3095.1495
1790723220,BTCUSDT.6,0,2262.1491
1790723220,BTCUSDT_PERP.3,0,1667.26976
1790723220,BTCUSDT_PERP.A,0,173929.1484
1790723220,ETHUSDT.6,107.4556,0
1790723220,ETHUSDT_PERP.A,74646.53091,21.49416
1790723220,SOLUSDT.6,274.942,0
1790723220,XRPUSDT.6,169.37856,0
1790723280,ADAUSDT_PERP.A,0,25.0614
1790723280,BNBUSDT_PERP.A,0,7.6091
1790723280,BTCUSDT.6,0,83.7205
1790723280,LINKUSDT_PERP.A,0,3752.15655
1790723280,SOLUSDT.6,0,2338.28
1790723280,SOLUSDT_PERP.3,0,6539.477800000001
1790723280,SOLUSDT_PERP.A,0,23860
1790723400,DOGEUSDT_PERP.A,65.84234,0
1790723460,ETHUSDT.6,0,26.8523
1790723580,ADAUSDT_PERP.3,0,1345.8899999999999
1790723580,BTCUSDT.6,0,1759.9365
1790723580,BTCUSDT_PERP.3,0,754.1946
1790723640,BTCUSDT_PERP.A,0,3017.3183999999997
1790723640,DOGEUSDT_PERP.A,0,1006.4105999999999
1790724480,BTCUSDT_PERP.A,7449.2377,0
1790724480,ETHUSDT.6,1045.2857999999999,0
1790724480,ETHUSDT_PERP.3,1659.0933200000004,0
1790724480,ETHUSDT_PERP.A,5036.678290000001,8.041530000000002
1790724540,BNBUSDT_PERP.3,3067.168,0
1790724540,BTCUSDT.6,837.2239999999999,0
1790724540,XRPUSDT_PERP.3,4551.5472,0
1790724600,BTCUSDT_PERP.3,0,836.972
1790724600,ETHUSDT.6,5357.66,0
1790724600,ETHUSDT_PERP.A,886.7721700000001,0
1790724600,LINKUSDT_PERP.A,3996.6210600000004,0
1790724600,LTCUSDT_PERP.3,937.16,0
1790724600,SOLUSDT_PERP.A,572.592,0
1790724600,XRPUSDT_PERP.A,294.47025,0
1790724660,ETHUSDT_PERP.A,498.16752,0
1790724840,ADAUSDT.6,863.7096,0
1790724840,BTCUSDT_PERP.A,10206.3004,0
1790724840,DOGEUSDT_PERP.A,2306.70336,0
1790724840,ETHUSDT_PERP.A,3898.3380799999995,0
1790724840,SOLUSDT_PERP.A,1852.005,0
1790724840,XRPUSDT.6,8353.93966,0
1790724840,XRPUSDT_PERP.3,813.3762,0
1790724840,XRPUSDT_PERP.A,1240.78872,0
1790724900,ETHUSDT_PERP.A,1547.98226,0
1790724960,BNBUSDT_PERP.A,7593,0
1790724960,BTCUSDT.6,4183.29,34386.6438
1790724960,BTCUSDT_PERP.3,376.4659500000001,334.63640000000004
1790724960,DOGEUSDT_PERP.A,154.836,0
1790724960,ETHUSDT.6,2677.43,0
1790724960,ETHUSDT_PERP.3,0,506.05317
1790725200,SOLUSDT_PERP.A,13.0966,0
1790725260,ADAUSDT.6,64.904,0
1790725260,ADAUSDT_PERP.A,371.61199999999997,0
1790725260,AVAXUSDT.6,2517.8868,0
1790725260,AVAXUSDT_PERP.A,649.059,0
1790725260,BTCUSDT.6,669.0752,0
1790725260,DOGEUSDT.6,65.04862,0
1790725260,DOGEUSDT_PERP.3,349.61289999999997,0
1790725260,ETHUSDT_PERP.3,291.67201,0
1790725260,ETHUSDT_PERP.A,1391.5668,0
1790725260,LINKUSDT_PERP.3,521.0416,0
1790725260,LTCUSDT.6,60.048,0
1790725260,LTCUSDT_PERP.A,96.22466,0
1790725260,SOLUSDT.6,83.216,0
1790725260,SOLUSDT_PERP.3,1991.24,0
1790725260,SOLUSDT_PERP.A,1276.986,0
1790725260,XRPUSDT.6,413.07634,0
1790725260,XRPUSDT_PERP.3,11.9112,0
1790725260,XRPUSDT_PERP.A,4960.7524,0
1790725320,ADAUSDT_PERP.A,49181.3995,0
1790725320,BTCUSDT.6,836.293,0
1790725320,DOGEUSDT_PERP.A,38.20512,0
1790725320,ETHUSDT.6,454.8027,0
1790725320,XRPUSDT.6,3542.60058,0
1790725320,XRPUSDT_PERP.3,2166.3824,0
1790725320,XRPUSDT_PERP.A,2237.7999800000002,0
1790725380,ADAUSDT_PERP.A,3625.1699999999996,0
1790725380,BTCUSDT_PERP.A,585.1601,0
1790725380,DOGEUSDT_PERP.A,17884.206690000003,0
1790725380,LTCUSDT_PERP.A,1684.7086,0
1790725380,SOLUSDT_PERP.A,3109.7811,0
1790725380,XRPUSDT.6,845.9630799999999,0
1790725380,XRPUSDT_PERP.A,3787.6842,0
1790725500,LINKUSDT.6,2225.28,0
1790726160,LINKUSDT_PERP.A,26.703360000000004,0
