t,oi,oi_usd,top_acct_ls,top_pos_ls,acct_ls,taker_ls
2021-12-01 00:00,9029662.5,45474292,2.8047,0.98389,3.4365,1.4518
2021-12-01 00:05,9113239.3,46890800,2.7176,0.98039,3.3274,1.3148
2021-12-01 00:10,9050663.5,45892750,2.9495,0.98633,3.6175,0.71063
2021-12-01 00:15,9034149.1,45640521,2.9521,0.98163,3.64,1.181
2021-12-01 00:20,9021820.2,45759424,2.9981,0.97947,3.7091,1.0505
2021-12-01 00:25,9000307.5,45590228,3.0385,0.97875,3.7702,0.7219
2021-12-01 00:30,8996764.1,45742131,3.0303,0.97875,3.7582,1.2132
2021-12-01 00:35,9008479.2,45743384,3.0246,0.97834,3.7479,1.0458
2021-12-01 00:40,9033136.7,46302824,3.0155,0.98038,3.7713,1.2247
2021-12-01 00:45,9055267.5,46417301,2.9967,0.97499,3.7318,1.1069
2021-12-01 00:50,9065660.1,46606559,2.9805,0.97394,3.7258,1.1317
2021-12-01 00:55,9073536.1,46547240,2.9931,0.97407,3.7422,0.90251
2021-12-01 01:00,9083164.3,46445898,2.9785,0.97697,3.7221,0.78505
2021-12-01 01:05,9102444.8,46506810,3.0672,0.97699,3.8016,0.71865
2021-12-01 01:10,9085962.3,46328454,3.0482,0.97715,3.7834,1.2812
2021-12-01 01:15,9117706.8,46599572,3.0121,0.97859,3.7342,0.76835
2021-12-01 01:20,9119456.2,46372435,3.0181,0.97851,3.7404,0.81716
2021-12-01 01:25,9125812,46353271,3.0322,0.97922,3.7645,0.63243
2021-12-01 01:30,9111259.3,45942086,3.113,0.97981,3.8235,0.49824
2021-12-01 01:35,9117713.7,46341082,3.0488,0.98017,3.7626,1.8417
2021-12-01 01:40,9101841.8,46051785,3.0597,0.98065,3.7844,0.84187
2021-12-01 01:45,9085154.5,46043563,3.091,0.98068,3.8253,0.5908
2021-12-01 01:50,9113998.2,46388277,3.0346,0.98155,3.7619,1.4657
2021-12-01 01:55,9127592.4,46561117,3.0214,0.98179,3.7514,1.356
2021-12-01 02:00,9186065.7,46619283,3.0205,0.98293,3.7555,0.70872
2021-12-01 02:05,9154476.4,46352574,3.0654,0.98147,3.7997,0.46643
2021-12-01 02:10,9139473.9,46088712,3.0916,0.97888,3.8244,0.41664
2021-12-01 02:15,9137991.3,46201684,3.0879,0.97907,3.8217,0.82141
2021-12-01 02:20,9157167.9,46207069,3.0725,0.9799,3.8041,0.62447
2021-12-01 02:25,9136549.5,46068980,3.099,0.97934,3.8207,0.32027
2021-12-01 02:30,9107875.9,46045280,3.083,0.97846,3.8029,1.1547
2021-12-01 02:35,9118283,46229695,3.0609,0.97817,3.7825,1.5312
2021-12-01 02:40,9125297.9,46283511,3.0419,0.97778,3.7724,1.7297
2021-12-01 02:45,9127628.4,46622919,3.0032,0.97785,3.7572,1.4454
2021-12-01 02:50,9147957.3,46654582,2.9908,0.97859,3.7416,1.1114
2021-12-01 02:55,9151296.7,46679545,2.9945,0.97796,3.7441,1.0804
2021-12-01 03:00,9199374.7,47443028,2.8851,0.97572,3.6319,1.5812
2021-12-01 03:05,9219906.1,47122940,2.9418,0.97535,3.6928,0.63268
2021-12-01 03:10,9222265.4,47125776,2.9472,0.97487,3.6968,0.74276
2021-12-01 03:15,9243782.5,47587012,2.9247,0.97467,3.6714,1.511
2021-12-01 03:20,9257770.1,47540401,2.9176,0.97317,3.6097,0.65785
2021-12-01 03:25,9235727.9,47062015,2.9244,0.97306,3.6258,0.55345
2021-12-01 03:30,9239060.8,47093991,2.9093,0.97289,3.6054,0.97612
2021-12-01 03:35,9216633.2,46662821,2.9834,0.97431,3.6794,0.34944
2021-12-01 03:40,9211604.3,46761432,2.9931,0.97492,3.6974,1.2744
2021-12-01 03:45,9216565.4,46766917,2.9958,0.97508,3.702,0.64187
2021-12-01 03:50,9209932.3,46792946,3.0102,0.97517,3.726,0.83937
2021-12-01 03:55,9223745.9,47284278,2.9806,0.97622,3.6957,2.2057
2021-12-01 04:00,9217041.1,47220639,2.9535,0.97466,3.6557,0.80024
2021-12-01 04:05,9224032.8,47328512,2.9225,0.97483,3.6234,0.81781
2021-12-01 04:10,9224678.3,47303698,2.9274,0.9753,3.6222,0.77016
2021-12-01 04:15,9216557.3,47056213,2.9211,0.97451,3.6098,0.73862
2021-12-01 04:20,9229298.4,46875607,2.9637,0.97452,3.6676,0.56267
2021-12-01 04:25,9231226.7,47117981,2.9765,0.97451,3.6873,1.0882
2021-12-01 04:30,9229874.6,47004817,2.9642,0.97447,3.6726,0.79053
2021-12-01 04:35,9224674.7,47235771,2.9632,0.97412,3.6776,1.242
2021-12-01 04:40,9236642.7,47040895,2.9623,0.97557,3.6723,0.38199
2021-12-01 04:45,9232144.9,46842739,2.9912,0.97456,3.7025,0.89247
2021-12-01 04:50,9218279.6,47169937,2.9862,0.97466,3.6911,1.6546
2021-12-01 04:55,9311252.7,48466477,2.8389,0.97639,3.5196,1.2323
2021-12-01 05:00,9381872,49163723,2.7787,0.98108,3.4407,1.2557
2021-12-01 05:05,9455717.3,49993112,2.6948,0.97377,3.3395,0.7352
2021-12-01 05:10,9399382.2,49172969,2.7917,0.9731,3.4576,0.78758
2021-12-01 05:15,9393736.9,49118866,2.7455,0.97264,3.4047,0.73294
2021-12-01 05:20,9330786.1,48548080,2.8402,0.97257,3.5006,0.63985
2021-12-01 05:25,9339193.3,48535788,2.8176,0.97229,3.4737,1.365
2021-12-01 05:30,9338671.2,48579640,2.8024,0.97253,3.4604,0.99085
2021-12-01 05:35,9400819.1,49448308,2.7507,0.97128,3.4025,1.1475
2021-12-01 05:40,9424455.4,49346448,2.767,0.97277,3.4159,0.60673
2021-12-01 05:45,9417626.6,48868064,2.8009,0.97161,3.4693,0.64838
2021-12-01 05:50,9421249.8,48753213,2.8447,0.97055,3.5234,0.66218
2021-12-01 05:55,9425892.9,48827529,2.8318,0.96964,3.5121,1.0837
2021-12-01 06:00,9415920.3,48548485,2.8684,0.97041,3.5497,0.6595
2021-12-01 06:05,9435900.3,48348670,2.8834,0.97259,3.5454,0.62622
2021-12-01 06:10,9394303.2,48573376,2.9041,0.97063,3.5868,1.1247
2021-12-01 06:15,9415628.3,48600124,2.8703,0.97122,3.5622,1.0829
2021-12-01 06:20,9421423.5,49010207,2.8473,0.97091,3.5518,1.3983
2021-12-01 06:25,9408982,49124295,2.8194,0.96999,3.5181,0.98434
2021-12-01 06:30,9388474,48820065,2.8311,0.97005,3.5215,0.6715
2021-12-01 06:35,9379110,48692333,2.8284,0.9696,3.5118,0.70748
2021-12-01 06:40,9396698.6,48901949,2.8172,0.97017,3.5098,1.454
2021-12-01 06:45,9427855.8,49335969,2.7791,0.97037,3.4623,1.3511
2021-12-01 06:50,9422664.7,49087811,2.8441,0.9696,3.5263,0.59682
2021-12-01 06:55,9423736.7,49365935,2.786,0.96917,3.4482,1.4158
2021-12-01 07:00,9496016.2,49843138,2.7644,0.97096,3.4217,1.2475
2021-12-01 07:05,9499510.6,49759126,2.802,0.97007,3.4612,0.92698
2021-12-01 07:10,9527689.8,50162798,2.758,0.96926,3.4132,1.4834
2021-12-01 07:15,9572381.3,50224685,2.7791,0.96932,3.4303,0.89399
2021-12-01 07:20,9639683.7,50894785,2.7249,0.97379,3.341,0.99838
2021-12-01 07:25,9672538.7,51216548,2.7287,0.97281,3.3391,0.79233
2021-12-01 07:30,9690890.8,51364967,2.7277,0.9696,3.3194,1.1464
2021-12-01 07:35,9711659.3,51636892,2.7121,0.96998,3.281,0.92678
2021-12-01 07:40,9804214.5,52389597,2.7349,0.97453,3.2874,1.2345
2021-12-01 07:45,9828326,52797767,2.6631,0.97644,3.2108,1.1704
2021-12-01 07:50,9837961.3,52509815,2.7131,0.97553,3.2552,0.87057
2021-12-01 07:55,9916564.6,53600257,2.6167,0.97194,3.147,1.1055
2021-12-01 08:00,9945360.1,53500030,2.6579,0.97145,3.1787,0.97285
2021-12-01 08:05,9928049.6,52839340,2.6682,0.97156,3.1704,0.77186
2021-12-01 08:10,9886496.1,52567393,2.6182,0.97232,3.1087,0.72827
2021-12-01 08:15,9827522.1,52012579,2.6531,0.97353,3.1167,0.74379
2021-12-01 08:20,9883332.8,52816742,2.6006,0.97386,3.0835,1.3756
2021-12-01 08:25,9886606.2,52547312,2.6287,0.97527,3.1133,0.78252
2021-12-01 08:30,9857834.7,52414107,2.6765,0.9747,3.1637,0.59712
2021-12-01 08:35,9830697.9,52033884,2.6984,0.97597,3.1837,0.83687
2021-12-01 08:40,9811251.7,51802744,2.7065,0.97767,3.1982,0.98287
2021-12-01 08:45,9788408.6,51734567,2.7067,0.97769,3.2071,0.78252
2021-12-01 08:50,9801872,51804397,2.6944,0.97785,3.1886,0.98001
2021-12-01 08:55,9811545,52004619,2.6475,0.97913,3.133,1.0433
2021-12-01 09:00,9865121,53177219,2.5398,0.98084,3.0188,1.2511
2021-12-01 09:05,9911842.7,53870434,2.4789,0.98091,2.8848,0.82796
2021-12-01 09:10,10058509,54959918,2.4382,0.98348,2.8542,1.1269
2021-12-01 09:15,10037862,54409984,2.45,0.98326,2.8511,0.74881
2021-12-01 09:20,9995997.1,53918408,2.4909,0.98241,2.8985,0.62729
2021-12-01 09:25,9976072,53584068,2.5098,0.98174,2.9411,0.79963
2021-12-01 09:30,9979857,54025992,2.5246,0.98197,2.9831,1.9591
2021-12-01 09:35,9954525,53535435,2.5329,0.97959,2.9857,0.72714
2021-12-01 09:40,9952763,53255832,2.5509,0.98175,3.0023,0.72533
2021-12-01 09:45,9939243.6,53105379,2.5799,0.98131,3.0317,0.96264
2021-12-01 09:50,9906507.2,52691016,2.6719,0.98153,3.149,0.76133
2021-12-01 09:55,9933141.2,52935900,2.6621,0.98163,3.158,1.3646
2021-12-01 10:00,9890282.2,52109638,2.7457,0.9836,3.248,0.51346
2021-12-01 10:05,9878843,52124504,2.7565,0.98439,3.232,1.2521
2021-12-01 10:10,9871180.5,51794084,2.7907,0.98447,3.2524,0.66913
2021-12-01 10:15,9881100.2,51806608,2.7811,0.98291,3.2464,0.8436
2021-12-01 10:20,9833357,51657154,2.805,0.98205,3.2596,0.69296
2021-12-01 10:25,9873964.2,51808690,2.7897,0.9826,3.2422,1.0409
2021-12-01 10:30,9870310.7,51585842,2.7915,0.98167,3.2292,1.5142
2021-12-01 10:35,9803751.2,50940185,3.4915,0.98013,3.8438,0.38439
2021-12-01 10:40,9782475.5,50800395,3.4848,0.98091,3.8118,0.71632
2021-12-01 10:45,9758788.2,50540764,3.5193,0.98173,3.8099,0.80305
2021-12-01 10:50,9738888.1,50651150,3.5139,0.97867,3.8397,2.1041
2021-12-01 10:55,9735686.3,50355804,3.5739,0.97629,3.9341,1.2383
2021-12-01 11:00,9709428.5,50063305,3.7153,0.97734,4.0378,0.6069
2021-12-01 11:05,9704954.1,50117457,3.6534,0.97816,3.9529,0.92867
2021-12-01 11:10,9731560.8,50444104,3.634,0.97616,3.9869,1.4867
2021-12-01 11:15,9723890.4,50263225,3.645,0.97667,3.9745,0.73267
2021-12-01 11:20,9698668.5,50018470,3.6478,0.97708,3.9696,0.97817
2021-12-01 11:25,9711314.4,50224932,3.6592,0.97739,3.981,1.2785
2021-12-01 11:30,9704442.2,50241751,3.6473,0.978,3.9605,0.79277
2021-12-01 11:35,9705747.6,50477165,3.6076,0.97764,3.9806,1.4537
2021-12-01 11:40,9712283.6,50647871,3.6287,0.97788,4.0252,0.90595
2021-12-01 11:45,9715356.3,50830896,3.643,0.97667,4.067,1.1019
2021-12-01 11:50,9708160.2,50957104,3.6057,0.97516,4.0709,1.0314
2021-12-01 11:55,9666996.1,50394051,3.639,0.9754,4.0586,0.84477
2021-12-01 12:00,9648506.9,50529231,3.591,0.97533,4.0114,1.1845
2021-12-01 12:05,9636500.7,50242772,3.6166,0.97434,4.0192,0.75808
2021-12-01 12:10,9624270.9,50135497,3.6292,0.97436,4.0147,0.55806
2021-12-01 12:15,9616581.8,49643308,3.7175,0.97734,4.0739,0.45261
2021-12-01 12:20,9612282.3,49600764,3.7212,0.97725,4.0472,0.92507
2021-12-01 12:25,9627312.6,50035268,3.6863,0.97652,4.0341,1.5709
2021-12-01 12:30,9601211.4,49887340,3.6878,0.97827,4.0346,0.98212
2021-12-01 12:35,9597255,49845404,3.6405,0.97969,3.9894,1.4696
2021-12-01 12:40,9591774.4,49858043,3.6379,0.98049,3.989,1.185
2021-12-01 12:45,9592446.4,49714579,3.6619,0.98221,4.0139,0.94833
2021-12-01 12:50,9574548.8,49699769,3.6357,0.98151,3.9821,0.92677
2021-12-01 12:55,9565030.4,49701671,3.6193,0.98114,3.9687,1.4689
2021-12-01 13:00,9564652.4,50051826,3.5425,0.98246,3.925,1.4671
2021-12-01 13:05,9557555.5,50338354,3.4924,0.98047,3.8909,1.4999
2021-12-01 13:10,9565328.9,50476241,3.4597,0.98021,3.871,0.96746
2021-12-01 13:15,9543476.2,50328023,3.4823,0.97895,3.8858,0.59339
2021-12-01 13:20,9545069,49892412,3.5298,0.97908,3.9171,0.73836
2021-12-01 13:25,9553007.6,49513238,3.6934,0.97926,4.0818,0.57669
2021-12-01 13:30,9552361.9,49510669,3.7067,0.97969,4.0991,1.2965
2021-12-01 13:35,9531255.7,49681490,3.6681,0.97687,4.0943,1.1055
2021-12-01 13:40,9516803.6,49756348,3.6301,0.97651,4.0713,1.021
2021-12-01 13:45,9521516.6,49882267,3.5976,0.97774,4.0407,1.2671
2021-12-01 13:50,9470494.6,49784000,3.5797,0.97801,4.0012,0.9843
2021-12-01 13:55,9448162.8,49476928,3.5861,0.97826,3.9859,0.69063
2021-12-01 14:00,9453222.1,49356557,3.6143,0.97795,4.0175,0.54466
2021-12-01 14:05,9451371.6,49289846,3.6607,0.97709,4.0805,1.0249
2021-12-01 14:10,9455322.1,49845241,3.5834,0.97798,4.0167,1.8976
2021-12-01 14:15,9448335.7,49659189,3.5439,0.97832,3.9489,0.81758
2021-12-01 14:20,9427408.1,49619298,3.5215,0.97859,3.9611,0.79406
2021-12-01 14:25,9461950.5,50098643,3.4655,0.97823,3.9175,1.0319
2021-12-01 14:30,9483879.8,50444757,3.3325,0.97741,3.7975,1.1421
2021-12-01 14:35,9469161.8,50135541,3.4016,0.97818,3.876,0.76706
2021-12-01 14:40,9453494.2,50404685,3.3663,0.97736,3.8274,1.3044
2021-12-01 14:45,9433758.3,50102690,3.3564,0.97709,3.8195,0.80584
2021-12-01 14:50,9443931.3,50336154,3.3599,0.97562,3.8283,1.039
2021-12-01 14:55,9443908,50428241,3.3203,0.97551,3.7839,0.80314
2021-12-01 15:00,9463277.4,50742737,3.194,0.97539,3.6541,1.2602
2021-12-01 15:05,9489529.4,51097934,2.8975,0.97464,3.4086,0.84689
2021-12-01 15:10,9511202.4,51122713,2.8993,0.97626,3.4058,0.95279
2021-12-01 15:15,9508169.7,50767264,2.9286,0.97575,3.4313,0.58907
2021-12-01 15:20,9480180.8,50526959,2.9642,0.97548,3.4519,1.0716
2021-12-01 15:25,9449227.4,50602352,2.9548,0.97562,3.4367,0.89334
2021-12-01 15:30,9486171.6,51145540,2.9184,0.97023,3.3924,1.9352
2021-12-01 15:35,9479858.2,50878221,2.8981,0.97031,3.3724,0.77807
2021-12-01 15:40,9485771.4,50675398,2.8925,0.97022,3.365,0.72555
2021-12-01 15:45,9468845,50651178,2.8693,0.96988,3.3554,0.81069
2021-12-01 15:50,9459343.5,50681798,2.8649,0.96922,3.3401,1.3208
2021-12-01 15:55,9457710.6,50655735,2.8745,0.96911,3.3474,0.95279
2021-12-01 16:00,9466109.6,50547883,2.8814,0.96867,3.354,0.75925
2021-12-01 16:05,9428769.7,49980602,2.9009,0.96938,3.3548,0.69044
2021-12-01 16:10,9435811.1,50046602,2.9425,0.96958,3.4072,1.0901
2021-12-01 16:15,9413315.4,49616332,2.9923,0.96863,3.4485,0.54348
2021-12-01 16:20,9380213.3,49165153,3.0355,0.96918,3.4584,0.65551
2021-12-01 16:25,9395394.8,49294185,3.0961,0.9694,3.5139,1.6136
2021-12-01 16:30,9415475.2,49233404,3.2719,0.96978,3.6725,0.88404
2021-12-01 16:35,9422320.5,48810940,3.358,0.97181,3.7569,0.47317
2021-12-01 16:40,9458287.2,49016971,3.3456,0.97136,3.7517,1.5874
2021-12-01 16:45,9475684.8,49035591,3.3404,0.97127,3.7659,1.3362
2021-12-01 16:50,9483935.5,49198702,3.3437,0.97117,3.7946,1.1711
2021-12-01 16:55,9493002.5,49212459,3.3891,0.96973,3.8621,1.0194
2021-12-01 17:00,9494019.3,49188868,3.4311,0.96943,3.9156,1.011
2021-12-01 17:05,9492824,49293277,3.4238,0.96909,3.9103,0.9144
2021-12-01 17:10,9499436.4,49373249,3.4045,0.96917,3.9089,0.86807
2021-12-01 17:15,9501407.5,49535522,3.4185,0.96925,3.9549,1.8619
2021-12-01 17:20,9503456.7,49631092,3.3435,0.96855,3.9013,0.90836
2021-12-01 17:25,9482780.9,49350003,3.3647,0.9683,3.9223,0.61045
2021-12-01 17:30,9471897,49353222,3.3713,0.96895,3.9354,0.67386
2021-12-01 17:35,9476066.2,49469444,3.365,0.96914,3.919,1.0766
2021-12-01 17:40,9475480.7,49300926,3.3685,0.96937,3.9249,0.61466
2021-12-01 17:45,9493133,49337953,3.3769,0.96983,3.915,0.36702
2021-12-01 17:50,9476045.7,49364559,3.3553,0.96878,3.8931,1.3185
2021-12-01 17:55,9469976,48864668,3.4004,0.96834,3.9445,0.47875
2021-12-01 18:00,9421396.6,48389745,3.4708,0.96967,3.9507,0.59208
2021-12-01 18:05,9390630.5,48039028,3.6944,0.97104,4.1087,0.50984
2021-12-01 18:10,9397545.9,47961349,3.7901,0.97116,4.1865,1.1523
2021-12-01 18:15,9386361.3,47869245,3.8123,0.97226,4.198,0.58337
2021-12-01 18:20,9421515.9,48069149,3.7784,0.97182,4.1905,1.095
2021-12-01 18:25,9432210.7,48175903,3.7746,0.97217,4.2057,1.0452
2021-12-01 18:30,9391333.2,47807115,3.7968,0.97279,4.2332,1.1319
2021-12-01 18:35,9303530.4,47104717,3.7456,0.97296,4.0999,0.45983
2021-12-01 18:40,9232944.5,46737165,3.865,0.97247,4.197,0.44655
2021-12-01 18:45,9230560.6,46712586,3.8642,0.97291,4.1872,0.93478
2021-12-01 18:50,9111689.2,45898935,3.9366,0.97103,4.2411,1.4795
2021-12-01 18:55,9102718.9,45854502,3.9331,0.97126,4.2466,0.97101
2021-12-01 19:00,9107167.1,45845479,3.9096,0.97018,4.2281,1.1804
2021-12-01 19:05,9104335.4,45336258,4.0756,0.97027,4.3208,0.40692
2021-12-01 19:10,9116877,45173515,4.1524,0.97374,4.344,0.84548
2021-12-01 19:15,9144742.7,45286469,4.2095,0.9762,4.3911,1.0534
2021-12-01 19:20,9169204.7,45460593,4.2369,0.97648,4.4326,1.0354
2021-12-01 19:25,9170916.3,45780516,4.2877,0.97461,4.538,1.5214
2021-12-01 19:30,9189267.8,45845257,4.2965,0.97252,4.532,0.80314
2021-12-01 19:35,9233301.1,46120339,4.3221,0.97316,4.5427,0.98501
2021-12-01 19:40,9271265,46218710,4.3404,0.97225,4.5425,1.5694
2021-12-01 19:45,9234651,46049949,4.3265,0.97256,4.5204,0.57836
2021-12-01 19:50,9221003.7,45975924,4.3464,0.97275,4.5326,0.86925
2021-12-01 19:55,9189120.7,45509194,4.3898,0.97153,4.6106,0.69765
2021-12-01 20:00,9177402.5,45519781,4.3881,0.97205,4.6166,0.883
2021-12-01 20:05,9157542.1,45268160,4.3751,0.97219,4.631,1.2192
2021-12-01 20:10,9156011.3,45227176,4.3479,0.97294,4.5933,0.98044
2021-12-01 20:15,9146585.2,45339623,4.3703,0.97143,4.6322,1.0897
2021-12-01 20:20,9154277.3,45098811,4.5218,0.97247,4.7466,0.89511
2021-12-01 20:25,9146674.7,44737894,4.5665,0.97769,4.7407,0.76004
2021-12-01 20:30,9195986.2,45012904,4.5909,0.97819,4.7802,0.79673
2021-12-01 20:35,9196036.9,44984619,3.5202,0.97824,3.8565,0.91377
2021-12-01 20:40,9156185.5,44905646,3.565,0.97743,3.9029,0.712
2021-12-01 20:45,9169896.6,45111359,3.5726,0.97746,3.9359,1.8833
2021-12-01 20:50,9137298.7,44739991,3.5625,0.97696,3.9092,0.72504
2021-12-01 20:55,9125329.7,44695865,3.5327,0.9758,3.8952,1.4413
2021-12-01 21:00,9108774,44423105,3.5646,0.97794,3.9411,0.73743
2021-12-01 21:05,9063790.3,43900445,3.6338,0.97889,3.9955,0.50583
2021-12-01 21:10,9071775.5,44267545,3.6053,0.97933,3.9595,1.3512
2021-12-01 21:15,9084974.7,44251105,3.6229,0.97964,3.9955,1.2198
2021-12-01 21:20,9078372,44133045,3.622,0.97896,4.0018,1.1784
2021-12-01 21:25,9075737.7,44083782,3.6439,0.97939,4.0326,1.0171
2021-12-01 21:30,9059002.8,43692281,3.637,0.97985,4.0232,0.72758
2021-12-01 21:35,9038906.2,43794751,3.6388,0.97955,4.0382,0.95687
2021-12-01 21:40,9046024.3,43665159,3.6479,0.97996,4.0506,0.84505
2021-12-01 21:45,9052207.5,43803632,3.6516,0.9818,4.0553,1.2304
2021-12-01 21:50,9047934,43691555,3.6618,0.98115,4.0631,1.492
2021-12-01 21:55,9074692.1,44053619,3.6823,0.98123,4.0998,1.2346
2021-12-01 22:00,9077542.9,44115446,3.6584,0.98042,4.0993,1.8838
2021-12-01 22:05,9108295.7,45295555,3.4877,0.97168,3.9668,2.23
2021-12-01 22:10,9096857.2,44881235,3.5035,0.96638,3.9773,0.85981
2021-12-01 22:15,9081898.1,44624073,3.5124,0.96579,3.9833,1.4349
2021-12-01 22:20,9067036.6,44213878,3.5477,0.966,4.0135,0.72589
2021-12-01 22:25,9050006.9,44535643,3.5633,0.96373,4.0615,1.2155
2021-12-01 22:30,9054078.6,44412306,3.5834,0.96395,4.0783,1.1141
2021-12-01 22:35,9046245.9,44211748,3.5897,0.9639,4.0854,0.55509
2021-12-01 22:40,9043264.4,44378943,3.5992,0.96386,4.1104,1.4994
2021-12-01 22:45,9061314.2,44418562,3.5545,0.96231,4.0753,1.2125
2021-12-01 22:50,9072836.6,44683807,3.5568,0.96313,4.081,0.68215
2021-12-01 22:55,9062442.3,44819751,3.5722,0.96274,4.101,1.0859
2021-12-01 23:00,9052505.2,44621117,3.5738,0.96245,4.1064,0.61214
2021-12-01 23:05,9061636.5,44966365,3.54,0.96406,4.0924,1.4155
2021-12-01 23:10,9037952,44811031,3.5543,0.9636,4.1115,1.1458
2021-12-01 23:15,9029921.4,44836759,3.5632,0.96499,4.1135,0.90685
2021-12-01 23:20,9028466.4,44907592,3.4979,0.96147,4.0424,1.351
2021-12-01 23:25,9018996.4,44935344,3.4759,0.96048,4.02,1.0071
2021-12-01 23:30,9023689.3,45061286,3.4616,0.96081,4.0093,0.80598
2021-12-01 23:35,9013612.9,44909061,3.486,0.96367,4.0279,0.47515
2021-12-01 23:40,9017211.4,44987029,3.4666,0.96449,4.0028,0.88387
2021-12-01 23:45,9013616,44894133,3.4829,0.96477,4.0018,0.53537
2021-12-01 23:50,9007407,44831128,3.4338,0.9648,3.9575,0.69168
2021-12-01 23:55,8996089.1,44748517,3.4361,0.9652,3.9629,1.0841
2021-12-02 00:00,8990755.7,44870680,3.4361,0.96477,3.9575,1.013
2021-12-02 00:05,8985613.2,44100685,3.5379,0.9643,4.0688,0.5212
2021-12-02 00:10,8929898.4,43810082,3.5928,0.9799,4.1092,1.1542
2021-12-02 00:15,8921145.8,43660846,3.5947,0.97993,4.1106,1.1136
2021-12-02 00:20,8894209.9,43377062,3.5501,0.98085,4.0616,0.81176
2021-12-02 00:25,8902549.2,43581027,3.5448,0.98221,4.0506,0.87807
2021-12-02 00:30,8891572.7,43462007,3.5435,0.98215,4.0445,0.98915
2021-12-02 00:35,8878154.4,43600616,3.5056,0.98211,4.028,1.7386
2021-12-02 00:40,8851305.6,43256330,3.5246,0.98155,4.0398,0.66426
2021-12-02 00:45,8822091,42947956,3.5344,0.98116,4.0419,0.64322
2021-12-02 00:50,8805722.9,42602087,3.5529,0.98103,4.0543,0.82197
2021-12-02 00:55,8811672.5,42868787,3.6254,0.98127,4.1195,1.0908
2021-12-02 01:00,8798207.3,43161787,3.6321,0.98116,4.1414,0.78476
2021-12-02 01:05,8783131.5,42770027,3.6667,0.98171,4.1663,0.82524
2021-12-02 01:10,8770599.6,42835608,3.6733,0.98216,4.1755,0.83552
2021-12-02 01:15,8783714.7,43128039,3.6464,0.98247,4.1535,1.3573
2021-12-02 01:20,8778193.3,43163323,3.6548,0.98229,4.1665,1.0835
2021-12-02 01:25,8765513.7,43031456,3.6444,0.98223,4.161,1.0265
2021-12-02 01:30,8764454,43462927,3.5689,0.98166,4.1122,1.4021
2021-12-02 01:35,8755008.9,43302274,3.5367,0.98159,4.074,0.69653
2021-12-02 01:40,8770985.9,43196558,3.5496,0.98275,4.0862,0.52749
2021-12-02 01:45,8771401.6,43212469,3.5737,0.98265,4.1101,0.77414
2021-12-02 01:50,8778523.7,43406741,3.5662,0.9828,4.1106,1.6053
2021-12-02 01:55,8771265.7,43344466,3.5681,0.98285,4.11,1.326
2021-12-02 02:00,8772192.5,43499428,3.5676,0.98214,4.1209,0.82851
2021-12-02 02:05,8767198.3,43191742,3.6158,0.98251,4.1621,0.45931
2021-12-02 02:10,8754678.9,42906681,3.6378,0.98134,4.1835,0.54709
2021-12-02 02:15,8754742.9,42735065,3.644,0.98133,4.1844,0.41475
2021-12-02 02:20,8760724.3,42678612,3.5745,0.98101,4.1162,1.0755
2021-12-02 02:25,8767420.9,42793395,3.5864,0.98189,4.1269,0.80049
2021-12-02 02:30,8777320.3,42690619,3.5895,0.98201,4.1239,0.94741
2021-12-02 02:35,8784853.1,43036995,3.5833,0.98212,4.1185,1.1883
2021-12-02 02:40,8797400.2,43274412,3.5852,0.98177,4.1261,1.5583
2021-12-02 02:45,8798146.4,43309609,3.5993,0.98187,4.1459,0.98622
2021-12-02 02:50,8786505.5,43156219,3.5586,0.98147,4.1092,0.71722
2021-12-02 02:55,8779336,42969511,3.5874,0.98097,4.1429,1.0305
2021-12-02 03:00,8779389.9,42983893,3.5553,0.98091,4.1062,0.77835
2021-12-02 03:05,8749186,42162137,3.7084,0.97922,4.2421,0.42583
2021-12-02 03:10,8680026.8,40832746,3.8198,0.9802,4.2636,0.50216
2021-12-02 03:15,8664773,40518211,3.7638,0.9807,4.1987,0.54392
2021-12-02 03:20,8686573.9,40740032,3.75,0.98096,4.2024,1.2054
2021-12-02 03:25,8783839.1,40812548,3.9185,0.99346,4.3416,0.63385
2021-12-02 03:30,8805958.4,41317557,3.9128,1.0015,4.361,1.5448
2021-12-02 03:35,8842423.9,41727188,3.8046,1.0024,4.2903,1.3491
2021-12-02 03:40,8829220.9,41863270,3.834,1.0003,4.3213,1.317
2021-12-02 03:45,8852615.6,41960007,3.8727,0.9951,4.368,0.92804
2021-12-02 03:50,8857374.1,42174815,3.9032,0.99466,4.4043,0.73593
2021-12-02 03:55,8852984.9,42395757,3.8539,0.99392,4.3628,1.1102
2021-12-02 04:00,8840737.3,42073069,3.8324,0.99387,4.3361,0.83213
2021-12-02 04:05,8922130.2,42880901,3.7609,0.99066,4.2605,1.6056
2021-12-02 04:10,8868389.1,42276070,3.8206,0.99284,4.3153,0.3562
2021-12-02 04:15,8882507.8,42467270,3.7998,0.99408,4.2956,1.4545
2021-12-02 04:20,8893943.2,42788761,3.7563,0.99453,4.2629,2.4227
2021-12-02 04:25,8886087.3,42665548,3.7728,0.99446,4.2788,0.5591
2021-12-02 04:30,8883446.8,42880398,3.7831,0.99486,4.2837,1.5967
2021-12-02 04:35,8875904.2,42866199,3.7895,0.99444,4.2912,1.1425
2021-12-02 04:40,8857239.6,42550179,3.795,0.99344,4.3004,0.64164
2021-12-02 04:45,8858196.8,42471965,3.7949,0.99348,4.2924,0.60408
2021-12-02 04:50,8846362.8,42643267,3.8369,0.99364,4.3227,1.1986
2021-12-02 04:55,8846776.4,42603519,3.8407,0.99338,4.3277,0.87261
2021-12-02 05:00,8832152.9,42807892,3.8298,0.99282,4.3193,1.3003
2021-12-02 05:05,8806064.6,42656261,3.8246,0.9923,4.3136,0.63028
2021-12-02 05:10,8842610,42621380,3.8312,0.99289,4.3239,0.69243
2021-12-02 05:15,8855946.1,42932680,3.8148,0.99239,4.3073,1.3153
2021-12-02 05:20,8860230,42862450,3.8409,0.99317,4.3263,0.9182
2021-12-02 05:25,8872826,42855750,3.7898,0.99291,4.2726,1.0355
2021-12-02 05:30,8874620.9,42873173,3.7977,0.99276,4.2754,0.83322
2021-12-02 05:35,8866717.3,42852446,3.8133,0.99257,4.2976,0.67353
2021-12-02 05:40,8881918,42974767,3.778,0.99305,4.2601,1.5699
2021-12-02 05:45,8869701.9,42867269,3.8145,0.99234,4.3,0.38093
2021-12-02 05:50,8883656.2,42975437,3.7846,0.99215,4.2743,1.2466
2021-12-02 05:55,8890608.6,42963491,3.7852,0.99288,4.2742,0.81887
2021-12-02 06:00,8898797.4,42847709,3.7635,0.99336,4.2457,0.81151
2021-12-02 06:05,8912101.8,42997579,3.7185,0.99379,4.2045,1.3364
2021-12-02 06:10,8907400.1,42755520,3.7434,0.99344,4.2012,0.5647
2021-12-02 06:15,8919913.7,42772341,3.7547,0.99424,4.2014,0.61866
2021-12-02 06:20,8905409.6,42616563,3.794,0.99289,4.2349,0.44973
2021-12-02 06:25,8914158.3,42647165,3.8078,0.99358,4.2432,0.70655
2021-12-02 06:30,8917483.2,42812087,3.7974,0.99466,4.2366,1.0432
2021-12-02 06:35,8928574.2,42758942,3.793,0.9947,4.2439,1.5631
2021-12-02 06:40,8925183.1,42682561,3.7607,0.99427,4.2192,0.551
2021-12-02 06:45,8941352.4,42864843,3.7547,0.99215,4.212,1.5983
2021-12-02 06:50,8957616,43004411,3.7214,0.99128,4.1824,1.3036
2021-12-02 06:55,8952689.2,42894008,3.7423,0.99218,4.2016,0.73442
2021-12-02 07:00,8955859,43140373,3.7235,0.99208,4.1928,1.6523
2021-12-02 07:05,8946207.4,43251341,3.7462,0.99202,4.2222,1.121
2021-12-02 07:10,8883265.6,42860133,3.6227,0.99038,4.1205,1.4434
2021-12-02 07:15,8837156.7,43274365,3.2377,0.98482,3.7318,1.5999
2021-12-02 07:20,8820576.8,43035594,2.6821,0.9817,3.1587,1.2535
2021-12-02 07:25,8822847.7,43032202,2.7249,0.98107,3.2056,1.3317
2021-12-02 07:30,8879660.8,43545857,2.6785,0.98192,3.1543,1.6696
2021-12-02 07:35,8871282.5,43152853,2.712,0.98099,3.1926,0.57515
2021-12-02 07:40,8845064.2,43048927,2.7577,0.98069,3.2414,0.64825
2021-12-02 07:45,8833424.9,42926132,2.7435,0.98028,3.2203,0.91195
2021-12-02 07:50,8828022.5,42930673,2.7321,0.9804,3.2116,0.89314
2021-12-02 07:55,8842766.8,43267658,2.6408,0.98079,3.1137,2.2136
2021-12-02 08:00,8828937.8,43140844,2.6627,0.97913,3.1394,1.1454
2021-12-02 08:05,8826014.1,43253448,2.6347,0.97816,3.1143,1.1989
2021-12-02 08:10,8821290.3,43331045,2.636,0.97748,3.1141,1.2433
2021-12-02 08:15,8814246.8,43180181,2.6373,0.9771,3.1112,0.71268
2021-12-02 08:20,8806009.8,43195108,2.6474,0.97726,3.1263,0.92924
2021-12-02 08:25,8817184.2,43435863,2.632,0.97683,3.1089,1.0492
2021-12-02 08:30,8832461.4,43729516,2.5495,0.97689,3.0359,1.5658
2021-12-02 08:35,8823392.3,43631675,2.545,0.97689,3.0312,0.8535
2021-12-02 08:40,8828910.4,43721685,2.5393,0.97678,3.018,0.75864
2021-12-02 08:45,8828986.5,43694654,2.5346,0.97659,3.013,0.66467
2021-12-02 08:50,8824655.1,43568112,2.5138,0.97668,2.9829,0.80467
2021-12-02 08:55,8819738.2,43698608,2.5322,0.97611,3.0034,0.76649
2021-12-02 09:00,8860434.2,43973386,2.5038,0.97506,2.9783,1.1301
2021-12-02 09:05,8844421.8,43924104,2.5083,0.97299,2.9726,0.87006
2021-12-02 09:10,8850226.5,44009228,2.5134,0.97394,2.9825,0.52946
2021-12-02 09:15,8839303.2,43962649,2.5034,0.97323,2.9749,1.1323
2021-12-02 09:20,8831588.6,43925082,3.1359,0.97293,3.6007,0.60265
2021-12-02 09:25,8833055.1,43961837,3.1201,0.97262,3.5786,0.66445
2021-12-02 09:30,8772539.5,43114928,3.1727,0.9718,3.6302,0.4963
2021-12-02 09:35,8769899,42949944,3.1616,0.97165,3.5958,0.55975
2021-12-02 09:40,8759374.6,42856578,3.1462,0.97186,3.5825,1.2167
2021-12-02 09:45,8748677.4,42909487,3.1474,0.97215,3.5808,1.1647
2021-12-02 09:50,8753654.6,42806200,3.1584,0.9725,3.5852,0.61782
2021-12-02 09:55,8746924.6,42670777,3.1642,0.97334,3.5944,1.2325
2021-12-02 10:00,8770104.2,43175223,3.1176,0.97441,3.5614,1.2137
2021-12-02 10:05,8774541.6,43179519,3.1264,0.9751,3.5699,0.66625
2021-12-02 10:10,8771452.4,43076603,3.1463,0.97481,3.5963,1.298
2021-12-02 10:15,8776444.7,43057286,3.1713,0.97479,3.6156,0.64326
2021-12-02 10:20,8769727.8,42608384,3.3129,0.97457,3.734,0.41604
2021-12-02 10:25,8741277.1,42441716,3.3173,0.97336,3.7467,0.627
2021-12-02 10:30,8761995.1,42649802,3.2495,0.97476,3.6747,1.9551
2021-12-02 10:35,8774773.3,42952515,3.1849,0.97448,3.6097,0.78462
2021-12-02 10:40,8786297.6,42938636,3.2445,0.97414,3.6597,0.61914
2021-12-02 10:45,8797335.3,43115740,3.1798,0.97578,3.5945,1.4182
2021-12-02 10:50,8804298.1,43167474,3.1564,0.97605,3.5766,0.57147
2021-12-02 10:55,8792471,42968806,3.1751,0.97547,3.5975,0.53473
2021-12-02 11:00,8801690.3,42985153,3.1906,0.97434,3.6229,1.0587
2021-12-02 11:05,8798863.3,42907309,3.1853,0.97489,3.6161,1.0009
2021-12-02 11:10,8793245.7,42673776,3.3051,0.97534,3.7325,0.71869
2021-12-02 11:15,8748761.1,42116598,3.3939,0.97533,3.8345,0.55384
2021-12-02 11:20,8747834.2,42435744,3.3437,0.97567,3.796,1.394
2021-12-02 11:25,8753611.5,42174900,3.3814,0.9769,3.8213,0.69269
2021-12-02 11:30,8757470.2,42526275,3.3346,0.97616,3.7654,1.655
2021-12-02 11:35,8778516.9,42584585,3.334,0.97564,3.7539,1.2171
2021-12-02 11:40,8768086.4,42691813,3.3344,0.97655,3.7537,0.82261
2021-12-02 11:45,8788496.8,42804320,3.3218,0.97673,3.7381,1.2104
2021-12-02 11:50,8770292.8,42544690,3.372,0.97632,3.7996,0.63372
2021-12-02 11:55,8783497.2,42728815,3.3364,0.97722,3.7508,1.6355
2021-12-02 12:00,8787956.3,42735831,3.3541,0.97769,3.7612,0.6511
2021-12-02 12:05,8782267.6,42567651,3.3774,0.97811,3.7802,0.95098
2021-12-02 12:10,8776940.7,42199531,3.3895,0.97724,3.8023,0.5368
2021-12-02 12:15,8765176.5,42055317,3.4301,0.97829,3.8431,0.94911
2021-12-02 12:20,8774235.8,42094833,3.4231,0.97705,3.8333,1.7473
2021-12-02 12:25,8783846.8,42299456,3.4211,0.97737,3.8391,1.3827
2021-12-02 12:30,8792734,42706309,3.4387,0.97704,3.8647,0.91373
2021-12-02 12:35,8825530.2,42812028,3.3859,0.9766,3.8087,0.80972
2021-12-02 12:40,8826493.5,42693186,3.4132,0.97812,3.8182,0.64393
2021-12-02 12:45,8834309.1,42643210,3.432,0.97848,3.8334,0.56926
2021-12-02 12:50,8828658.3,42377560,3.5192,0.97934,3.9313,0.60676
2021-12-02 12:55,8830477.8,42760197,3.512,0.979,3.9171,1.3362
2021-12-02 13:00,8842921,42811423,3.4975,0.9788,3.9031,1.4752
2021-12-02 13:05,8849394.9,42724879,3.5017,0.97874,3.8906,0.85213
2021-12-02 13:10,8849203,42736983,3.5172,0.97902,3.9112,0.89541
2021-12-02 13:15,8863312.7,42703441,3.5077,0.97333,3.9194,0.54717
2021-12-02 13:20,8898025,42950767,3.5028,0.97525,3.9169,1.0521
2021-12-02 13:25,8872650,42678886,3.5172,0.9771,3.9208,0.75306
2021-12-02 13:30,8860876.6,42452298,3.543,0.97718,3.9581,0.62869
2021-12-02 13:35,8848316.6,42515299,3.5701,0.97612,3.9783,0.77404
2021-12-02 13:40,8844642.4,42162410,3.6678,0.97718,4.074,0.59993
2021-12-02 13:45,8842061.3,42376486,3.6598,0.97651,4.0804,1.2477
2021-12-02 13:50,8850683.6,42385924,3.6461,0.97676,4.05,0.84051
2021-12-02 13:55,8841442.7,42341669,3.6711,0.97583,4.0658,1.1016
2021-12-02 14:00,8847804.9,42706823,3.6571,0.97597,4.0589,1.1205
2021-12-02 14:05,8874524.1,42739708,3.6196,0.97333,4.0425,0.72995
2021-12-02 14:10,8876492.2,42781902,3.6161,0.97244,4.0248,0.92448
2021-12-02 14:15,8880814.2,43080830,3.6007,0.97289,4.0116,0.98027
2021-12-02 14:20,8866407.2,42798293,3.6397,0.97135,4.0638,0.92041
2021-12-02 14:25,8870137.2,42953046,3.6298,0.97224,4.0562,0.56081
2021-12-02 14:30,8867438.5,42732864,3.6232,0.972,4.0527,0.74236
2021-12-02 14:35,8879439.1,42825535,3.602,0.97066,4.0238,0.95487
2021-12-02 14:40,8876109.5,43083411,3.6279,0.97088,4.0429,0.99379
2021-12-02 14:45,8866069.7,43195492,3.5878,0.97109,4.0053,1.0955
2021-12-02 14:50,8910269,43604988,3.4918,0.97102,3.9363,1.4093
2021-12-02 14:55,8897081.2,43631286,3.5193,0.97066,3.9689,0.63399
2021-12-02 15:00,8887621,43540455,3.5116,0.97042,3.9595,0.75276
2021-12-02 15:05,8877809.9,43625558,3.4805,0.97049,3.9425,1.1031
2021-12-02 15:10,8866381.7,43352171,3.5227,0.97246,3.9694,0.33886
2021-12-02 15:15,8887188.8,43080080,3.5766,0.97221,4.0325,0.41156
2021-12-02 15:20,8872346.4,42548120,3.7483,0.9671,4.2184,0.4899
2021-12-02 15:25,8867341.4,42415853,3.7067,0.965,4.1883,1.4242
2021-12-02 15:30,8873690.2,42532018,3.73,0.96409,4.239,0.98212
2021-12-02 15:35,8894215,42434978,3.6814,0.96441,4.1773,0.8289
2021-12-02 15:40,8890558.2,42047681,5.0962,0.96518,5.4776,0.80615
2021-12-02 15:45,8902092.8,41719264,5.4434,0.96391,5.8671,0.59568
2021-12-02 15:50,8958211.9,42435050,5.4628,0.96401,5.9134,1.1495
2021-12-02 15:55,8966173.6,42584080,5.4663,0.96321,5.9256,0.94573
2021-12-02 16:00,8961419.2,42723486,5.4608,0.96413,5.9242,0.85215
2021-12-02 16:05,8964733,42646975,5.5259,0.9643,5.95,0.61898
2021-12-02 16:10,8963604.6,42963196,5.4327,0.96514,5.9016,1.6969
2021-12-02 16:15,8982311.2,42795605,5.4219,0.96628,5.9028,0.65898
2021-12-02 16:20,8981562.8,42738996,5.4426,0.96708,5.9092,0.78111
2021-12-02 16:25,8991315.1,42822612,5.3995,0.96764,5.8541,1.1642
2021-12-02 16:30,8971487,42625590,5.4648,0.9675,5.95,1.0628
2021-12-02 16:35,8984847.1,42201320,5.6104,0.96853,6.093,0.42643
2021-12-02 16:40,9022532.9,42422304,5.5553,0.96753,6.0672,1.5212
2021-12-02 16:45,9048628.9,42447118,5.5702,0.96787,6.0737,0.88812
2021-12-02 16:50,9078149.5,42494818,5.5741,0.97024,6.0878,0.79687
2021-12-02 16:55,9083513.7,42715635,5.5827,0.96978,6.1057,1.6659
2021-12-02 17:00,9083452,42864810,5.5831,0.96986,6.103,0.93039
2021-12-02 17:05,9066409.4,42891689,5.4895,0.97009,6.0488,1.5364
2021-12-02 17:10,9060072.5,42998706,5.5214,0.97034,6.0815,1.063
2021-12-02 17:15,9056674.8,43026462,5.4919,0.97045,6.0322,1.1077
2021-12-02 17:20,9039470.3,42898875,5.5159,0.97062,6.0472,1.3108
2021-12-02 17:25,9007357,42947078,5.4505,0.97043,5.9844,1.3706
2021-12-02 17:30,9009602.1,42883592,5.445,0.97142,5.961,0.50142
2021-12-02 17:35,9001383.6,42931158,5.4135,0.97084,5.9264,1.0165
2021-12-02 17:40,8999667.1,42869264,5.4037,0.97073,5.9142,0.66039
2021-12-02 17:45,9003182.1,42819134,5.3864,0.97107,5.8901,0.79377
2021-12-02 17:50,9007849.3,42778276,5.4009,0.97136,5.8795,0.73177
2021-12-02 17:55,9005814.8,42741597,5.3875,0.97117,5.8514,1.0231
2021-12-02 18:00,9005730.4,42764718,5.3618,0.9718,5.8136,1.3062
2021-12-02 18:05,8996016.7,42431577,5.4444,0.97184,5.9142,0.45595
2021-12-02 18:10,8995051.9,42267749,5.4669,0.9727,5.9662,0.49583
2021-12-02 18:15,8983589.3,42279290,5.4973,0.97258,6.0144,1.8089
2021-12-02 18:20,8975452.1,42176419,5.4681,0.97205,5.9993,1.2816
2021-12-02 18:25,8967783.2,42067871,5.4915,0.97214,6.0216,1.2431
2021-12-02 18:30,8968770.5,42035347,5.5252,0.97258,6.0565,0.97461
2021-12-02 18:35,8965529.9,42335232,5.5039,0.97291,6.0387,1.2878
2021-12-02 18:40,8956013.9,42180823,5.49,0.97258,6.0315,1.1378
2021-12-02 18:45,8954892.2,42293956,5.4815,0.97203,6.0355,1.5791
2021-12-02 18:50,8956444.4,42230103,5.5132,0.97257,6.052,0.91202
2021-12-02 18:55,8954954,42401707,5.4903,0.97201,6.0335,1.2918
2021-12-02 19:00,8945168.6,42364318,5.5074,0.97207,6.0467,0.96651
2021-12-02 19:05,8942814.6,42554674,5.4192,0.9724,5.9526,1.1696
2021-12-02 19:10,8914395.2,42344484,5.4729,0.973,6,0.5734
2021-12-02 19:15,8912682.8,42306143,5.4189,0.97368,5.9745,0.91368
2021-12-02 19:20,8914990.6,42479930,5.3584,0.9734,5.8917,2.0355
2021-12-02 19:25,8923501.8,42484792,5.3625,0.9741,5.8816,0.88109
2021-12-02 19:30,8922977,42410910,5.2946,0.97375,5.8362,0.77661
2021-12-02 19:35,8919267,42340662,5.3361,0.97391,5.8657,0.78928
2021-12-02 19:40,8908247.2,42087066,5.3718,0.97418,5.8877,0.94478
2021-12-02 19:45,8903838.7,41981599,5.3954,0.97409,5.8941,0.84275
2021-12-02 19:50,8904477,42002418,5.3364,0.9749,5.8561,1.1168
2021-12-02 19:55,8904120.9,42098594,5.2901,0.97475,5.8088,1.5183
2021-12-02 20:00,8906034.2,42255586,5.3303,0.97501,5.853,1.3659
2021-12-02 20:05,8903733,42053193,5.2991,0.97472,5.8188,1.0615
2021-12-02 20:10,8883506.3,42152237,5.344,0.97439,5.8707,1.1204
2021-12-02 20:15,8873124.8,42127924,5.3473,0.97388,5.8789,1.2374
2021-12-02 20:20,8872562.2,42093645,5.3379,0.97353,5.858,1.2818
2021-12-02 20:25,8880365.2,42155094,5.3435,0.97445,5.8687,1.386
2021-12-02 20:30,8888002.9,42255053,5.3813,0.9748,5.8903,1.1941
2021-12-02 20:35,8887659.8,42465239,5.3026,0.9748,5.8561,1.6294
2021-12-02 20:40,8886355.5,42360827,5.3089,0.97439,5.8814,0.62174
2021-12-02 20:45,8869897.7,42457943,5.2444,0.97404,5.8386,1.5946
2021-12-02 20:50,8869600.9,42357127,5.2018,0.97399,5.7795,0.75694
2021-12-02 20:55,8863738.9,42147078,5.2703,0.97422,5.8466,0.42385
2021-12-02 21:00,8858807.5,42283088,5.2018,0.97437,5.7582,0.86979
2021-12-02 21:05,8844658.3,42127107,5.2241,0.97422,5.7882,0.75148
2021-12-02 21:10,8831998.4,42057976,5.2545,0.97381,5.8055,1.4173
2021-12-02 21:15,8825410.3,41889621,5.2414,0.9733,5.8064,0.59778
2021-12-02 21:20,8832520.4,41945639,5.1689,0.97346,5.7374,1.1606
2021-12-02 21:25,8830292.5,42025021,5.1395,0.9732,5.7095,1.1936
2021-12-02 21:30,8831350.9,41922423,5.1621,0.97321,5.7264,0.5607
2021-12-02 21:35,8828756.2,42016051,5.16,0.97369,5.7383,1.2007
2021-12-02 21:40,8827946,42073991,5.1555,0.97353,5.7335,1.1948
2021-12-02 21:45,8825434.8,42194404,5.17,0.97361,5.7467,1.0804
2021-12-02 21:50,8791670.4,42200018,5.1408,0.9744,5.7315,1.7493
2021-12-02 21:55,8762672.3,42182682,5.1027,0.97218,5.7051,1.8657
2021-12-02 22:00,8746729.7,41986445,5.154,0.97301,5.7581,0.42241
2021-12-02 22:05,8733430.4,41705718,5.1381,0.97285,5.7383,0.71259
2021-12-02 22:10,8731784,41734756,5.1403,0.97298,5.7552,0.99726
2021-12-02 22:15,8732154.3,41729719,5.1706,0.97312,5.7837,0.8743
2021-12-02 22:20,8724319.8,41598835,5.1799,0.97322,5.7953,0.77975
2021-12-02 22:25,8727884.8,41584849,5.1707,0.97337,5.7811,0.7992
2021-12-02 22:30,8724767.7,41634591,5.1562,0.97282,5.7689,0.92694
2021-12-02 22:35,8729479.4,41416122,5.1574,0.97279,5.7822,0.28494
2021-12-02 22:40,8733927.3,41495252,5.1941,0.97266,5.8107,1.7874
2021-12-02 22:45,8731350.2,41561227,5.1955,0.97261,5.8201,2.4223
2021-12-02 22:50,8729776.7,41594429,5.2294,0.97252,5.8395,0.73735
2021-12-02 22:55,8731660.1,41659993,5.2248,0.97277,5.8439,1.051
2021-12-02 23:00,8750821.7,41837679,5.1598,0.97362,5.7871,1.7353
2021-12-02 23:05,8743955.6,41529283,5.1918,0.97365,5.8231,0.64464
2021-12-02 23:10,8742339.3,41801643,5.1499,0.97282,5.7783,1.6206
2021-12-02 23:15,8737744.5,41709872,5.1334,0.97273,5.7697,1.4243
2021-12-02 23:20,8726151.2,41485538,5.1393,0.97281,5.7913,0.96276
2021-12-02 23:25,8718359.4,41333742,5.1385,0.97241,5.795,0.61203
2021-12-02 23:30,8711080.8,41578788,5.1146,0.97193,5.7627,2.4656
2021-12-02 23:35,8709417.9,41622308,5.141,0.97178,5.7806,1.1445
2021-12-02 23:40,8704316.3,41648864,5.1496,0.97169,5.8038,0.90145
2021-12-02 23:45,8699641.1,41386478,5.2141,0.9721,5.8591,0.63387
2021-12-02 23:50,8703080.5,41413557,5.1854,0.97189,5.8277,1.0616
2021-12-02 23:55,8706370.3,41147916,5.2551,0.97163,5.891,0.53694
2021-12-03 00:00,8719244.5,41345335,5.3068,0.97191,5.9251,0.65258
2021-12-03 00:05,8718992.2,41208736,5.3827,0.97266,5.9797,0.63427
2021-12-03 00:10,8695157.7,40981838,5.4254,0.98145,6.039,1.6089
2021-12-03 00:15,8700257.1,40995611,5.4927,0.98161,6.0961,0.60609
2021-12-03 00:20,8703070.2,41129120,5.4137,0.98141,6.0257,1.6625
2021-12-03 00:25,8698141.2,40948144,5.4543,0.98159,6.0745,0.97645
2021-12-03 00:30,8699967.6,40937508,5.4456,0.98112,6.0644,0.6313
2021-12-03 00:35,8707437,41342408,5.3992,0.98184,6.0284,1.7014
2021-12-03 00:40,8703651.4,41368455,5.437,0.98159,6.0558,0.75872
2021-12-03 00:45,8710807.7,41559264,5.3117,0.98164,5.9458,1.1007
2021-12-03 00:50,8706980.7,41445228,5.2578,0.98209,5.8817,0.76291
2021-12-03 00:55,8705943.4,41645568,5.173,0.98152,5.8029,1.0934
2021-12-03 01:00,8699533,41449936,5.1895,0.98178,5.8157,0.43196
2021-12-03 01:05,8705578.8,41681273,5.0774,0.98174,5.7124,1.3715
2021-12-03 01:10,8723718.6,41950384,5.0294,0.98236,5.6685,0.54202
2021-12-03 01:15,8735065.3,41875441,4.9886,0.98067,5.6399,0.90781
2021-12-03 01:20,8732680.3,41908133,4.9687,0.9807,5.6181,1.1085
2021-12-03 01:25,8728733,41731059,5.0208,0.98083,5.6644,0.54821
2021-12-03 01:30,8722790.2,41561744,5.0649,0.98111,5.6967,0.62116
2021-12-03 01:35,8733201,41885764,4.9723,0.98164,5.5975,2.0914
2021-12-03 01:40,8733159.7,41712113,4.9392,0.98199,5.5764,0.51142
2021-12-03 01:45,8715414.3,41372072,5.1485,0.98163,5.7755,0.37408
2021-12-03 01:50,8706669.8,41185561,5.2061,0.9816,5.8369,0.84884
2021-12-03 01:55,8717398.7,41207048,5.2793,0.98131,5.93,1.9714
2021-12-03 02:00,8724092.7,41306380,5.2426,0.98182,5.8874,1.0275
2021-12-03 02:05,8725626.5,41338821,5.2363,0.98254,5.8855,1.2209
2021-12-03 02:10,8712461.3,41018676,5.4506,0.98151,6.0887,0.32839
2021-12-03 02:15,8738324,41244555,5.4049,0.98182,6.0474,2.6098
2021-12-03 02:20,8738845.8,41417491,5.2399,0.982,5.891,1.1111
2021-12-03 02:25,8747321.1,41313598,5.2546,0.98235,5.8985,0.70337
2021-12-03 02:30,8734363.9,41095182,5.4279,0.98128,6.0785,0.54573
2021-12-03 02:35,8726191.7,40983194,5.4077,0.98159,6.0665,0.82678
2021-12-03 02:40,8709791.2,40750510,5.4067,0.98066,6.0765,0.59146
2021-12-03 02:45,8701911.6,40604837,5.442,0.98035,6.1032,0.81065
2021-12-03 02:50,8697774,40742659,5.4139,0.9812,6.0645,0.93337
2021-12-03 02:55,8659490.2,39922827,5.2827,0.97893,5.9705,0.28554
2021-12-03 03:00,8661530.2,40130722,5.2166,0.97923,5.8986,1.5706
2021-12-03 03:05,8693229.7,40293120,5.1383,0.98045,5.847,1.7353
2021-12-03 03:10,8708934.8,40331077,5.1708,0.98032,5.8904,1.0578
2021-12-03 03:15,8721239.6,40223272,5.2281,0.98202,5.9626,0.56264
2021-12-03 03:20,8700066.5,39842719,5.4295,0.98635,6.0765,0.4398
2021-12-03 03:25,8817470.1,39969592,5.5185,0.99047,6.14,0.84228
2021-12-03 03:30,8837014.2,40241528,5.4589,0.99151,6.1032,1.2679
2021-12-03 03:35,8856638.7,40432185,5.3408,0.99071,5.9953,1.4257
2021-12-03 03:40,8883521.2,40730270,5.1837,0.99103,5.8591,2.7092
2021-12-03 03:45,8899637.5,40782134,5.2267,0.99045,5.8893,1.3311
2021-12-03 03:50,8908479.7,40836471,5.2156,0.99063,5.8744,0.95693
2021-12-03 03:55,8914272.3,40920346,5.2622,0.99054,5.938,0.88399
2021-12-03 04:00,8928286,40893927,5.2233,0.98988,5.9085,0.63088
2021-12-03 04:05,8913773.7,40557201,5.3877,0.98911,6.0583,0.3301
2021-12-03 04:10,8941770.8,40978412,5.296,0.98976,5.9719,4.2566
2021-12-03 04:15,8926462.3,41032969,5.3716,0.98939,6.061,0.83484
2021-12-03 04:20,8934797.2,41243237,5.3221,0.98949,6.0242,1.2416
2021-12-03 04:25,8926811.3,41269614,5.3017,0.98864,6.0141,1.3314
2021-12-03 04:30,8912296,41210310,5.3098,0.98865,6.0337,0.78691
2021-12-03 04:35,8914412.3,41219220,5.2603,0.98699,5.9726,0.83061
2021-12-03 04:40,8913589.6,41346602,5.2626,0.987,5.978,1.5604
2021-12-03 04:45,8895712.8,41491546,5.1873,0.98726,5.8929,1.486
2021-12-03 04:50,8879654.4,41175272,5.1581,0.98693,5.8603,0.52095
2021-12-03 04:55,8888610.3,41234263,5.1688,0.98729,5.8668,0.80515
2021-12-03 05:00,8884047.8,41292240,5.1373,0.98721,5.8307,0.80924
2021-12-03 05:05,8885356.2,41379653,5.1674,0.98747,5.8668,0.57399
2021-12-03 05:10,8887612,41315712,5.1652,0.98715,5.8553,0.55252
2021-12-03 05:15,8868026.9,41209525,5.1583,0.98839,5.8539,1.0774
2021-12-03 05:20,8856589.4,41045136,5.1452,0.98895,5.8256,0.74504
2021-12-03 05:25,8852305,41056991,5.1452,0.9899,5.8115,1.3743
2021-12-03 05:30,8850511.9,40862797,5.2009,0.99072,5.862,0.72442
2021-12-03 05:35,8849062.1,40918362,5.1812,0.99067,5.842,1.2237
2021-12-03 05:40,8845833.2,41025387,5.1874,0.99123,5.8574,1.6905
2021-12-03 05:45,8839217.4,41180865,5.2221,0.99156,5.9003,1.2065
2021-12-03 05:50,8841277.3,41174843,5.1883,0.99168,5.8776,1.0349
2021-12-03 05:55,8846355.9,41232865,5.1626,0.99159,5.8537,1.4428
2021-12-03 06:00,8848143.2,41179258,5.172,0.99128,5.8672,0.84438
2021-12-03 06:05,8844443.4,41173481,5.2053,0.9913,5.896,1.0696
2021-12-03 06:10,8859155.1,41334360,5.2008,0.99183,5.9015,1.5151
2021-12-03 06:15,8865649.8,41473510,5.1441,0.99238,5.8453,2.335
2021-12-03 06:20,8883052.5,41463621,5.1013,0.99215,5.8125,0.95176
2021-12-03 06:25,8888993.5,41493901,5.0764,0.99227,5.7907,0.88104
2021-12-03 06:30,8893575,41583193,5.0883,0.99174,5.7974,0.85537
2021-12-03 06:35,8889759,41567230,5.0785,0.9917,5.7944,1.0291
2021-12-03 06:40,8896397.7,41595467,5.0852,0.99159,5.8217,1.37
2021-12-03 06:45,8891993.6,41605638,5.1344,0.99084,5.8688,0.38434
2021-12-03 06:50,8901682.2,41650971,5.1153,0.99002,5.849,1.022
2021-12-03 06:55,8907158.2,41821943,5.0347,0.99053,5.7668,1.7765
2021-12-03 07:00,8913592.4,41849316,5.0862,0.99026,5.813,0.74097
2021-12-03 07:05,8892229.9,41448434,5.1521,0.99018,5.8779,0.33802
2021-12-03 07:10,8905668.6,41613265,5.0931,0.99082,5.7867,1.9652
2021-12-03 07:15,8889433.7,41352298,5.1635,0.98889,5.8601,0.22194
2021-12-03 07:20,8897619.8,41177594,5.1756,0.98921,5.8363,0.7557
2021-12-03 07:25,8912336.7,41295997,5.1778,0.98976,5.8327,0.55152
2021-12-03 07:30,8921155.8,41450695,5.2109,0.99001,5.8673,1.0544
2021-12-03 07:35,8921343.3,41541371,5.2092,0.98985,5.887,1.0768
2021-12-03 07:40,8917732.6,41505738,5.2023,0.98965,5.8794,0.86952
2021-12-03 07:45,8933186.7,41527838,5.1558,0.98984,5.8324,1.1298
2021-12-03 07:50,8932980.8,41567086,5.1542,0.98975,5.8362,0.7427
2021-12-03 07:55,8931926,41504891,5.1503,0.98959,5.8225,0.45069
2021-12-03 08:00,8930989.2,41610775,5.1971,0.98965,5.8701,0.86617
2021-12-03 08:05,8928478.6,41512233,5.2177,0.98975,5.8752,1.4398
2021-12-03 08:10,8923975.8,41463451,5.1508,0.98973,5.8095,1.1334
2021-12-03 08:15,8925615.5,41325600,5.1655,0.98999,5.8261,0.38005
2021-12-03 08:20,8942072.1,41303431,5.163,0.98979,5.7982,0.61072
2021-12-03 08:25,8936116.6,41134358,5.247,0.98883,5.8744,0.36206
2021-12-03 08:30,8929182.1,40980240,5.246,0.9887,5.8658,0.36934
2021-12-03 08:35,8948367,41207726,5.1591,0.98904,5.794,1.8269
2021-12-03 08:40,8940997,41278060,5.1295,0.98935,5.768,1.4704
2021-12-03 08:45,8923308.5,41249975,5.1388,0.98897,5.7741,1.5081
2021-12-03 08:50,8919132.2,41277744,5.11,0.98876,5.7524,0.95988
2021-12-03 08:55,8914049.2,41218564,5.129,0.98861,5.7771,0.66652
2021-12-03 09:00,8920691.9,41293883,5.1123,0.98916,5.7624,1.4134
2021-12-03 09:05,8920993.4,41179409,5.1168,0.98914,5.7607,0.82949
2021-12-03 09:10,8913239.6,41205907,5.1376,0.98855,5.781,1.06
2021-12-03 09:15,8910176.4,41254117,5.1506,0.98846,5.7829,1.1232
2021-12-03 09:20,8908143.7,41226889,5.1128,0.98879,5.7486,1.9127
2021-12-03 09:25,8908124.5,41100847,5.0917,0.98877,5.7375,0.44036
2021-12-03 09:30,8908782.4,41274389,5.0782,0.98784,5.7139,1.2269
2021-12-03 09:35,8901465.2,41195981,5.0783,0.98729,5.7224,0.95323
2021-12-03 09:40,8897287.9,41238929,5.1024,0.98702,5.7467,1.6191
2021-12-03 09:45,8898594.2,41244984,5.088,0.98735,5.7221,1.4216
2021-12-03 09:50,8893549.6,41390580,5.0183,0.98688,5.6606,1.5978
2021-12-03 09:55,8892138.7,41464043,4.9942,0.98618,5.6575,0.81369
2021-12-03 10:00,8886967.6,41510729,5.0168,0.98586,5.683,1.4961
2021-12-03 10:05,8875514.9,41689196,4.9434,0.98391,5.5966,1.3199
2021-12-03 10:10,8867496.2,41732332,4.8007,0.98399,5.448,1.3983
2021-12-03 10:15,8860970.8,41616939,4.7435,0.98353,5.4066,0.67133
2021-12-03 10:20,8848458.2,41760747,4.7632,0.98308,5.4213,0.9896
2021-12-03 10:25,8842218.1,41546682,4.7859,0.9836,5.4343,0.5242
2021-12-03 10:30,8821412.3,41390067,4.7477,0.98315,5.3625,0.65831
2021-12-03 10:35,8815449.2,41115247,4.8433,0.9833,5.4474,0.5186
2021-12-03 10:40,8814907.5,41016176,4.8578,0.98417,5.4518,0.84635
2021-12-03 10:45,8815139.9,41157888,4.8981,0.98433,5.512,0.78653
2021-12-03 10:50,8808708.6,41147970,4.8279,0.98401,5.4442,0.82992
2021-12-03 10:55,8813863,41090229,4.8489,0.98409,5.4798,0.91645
2021-12-03 11:00,8811223.8,41324640,4.8519,0.98351,5.5264,1.3389
2021-12-03 11:05,8812591.6,41419181,4.7919,0.98377,5.4847,0.77546
2021-12-03 11:10,8818707.7,41533211,4.7481,0.98353,5.4392,1.5046
2021-12-03 11:15,8822373.5,41400386,4.8072,0.98355,5.4778,0.84517
2021-12-03 11:20,8826159.6,41385862,4.7928,0.98323,5.4657,0.88059
2021-12-03 11:25,8825886.4,41322800,4.8346,0.98267,5.5043,0.59867
2021-12-03 11:30,8818764.6,41386462,4.8744,0.98295,5.5473,0.54377
2021-12-03 11:35,8829413.8,41380055,4.8439,0.98302,5.5195,1.0073
2021-12-03 11:40,8826343.4,41139376,4.8661,0.98302,5.5386,0.57223
2021-12-03 11:45,8829998.3,41262582,4.8871,0.98266,5.5646,0.42769
2021-12-03 11:50,8836055,41423426,4.8627,0.98244,5.5254,1.6602
2021-12-03 11:55,8836084.8,41397057,4.8579,0.98282,5.5168,0.65464
2021-12-03 12:00,8840200.5,41451545,4.8524,0.98245,5.5268,0.97377
2021-12-03 12:05,8840687.7,41585186,4.7712,0.9807,5.4426,2.1961
2021-12-03 12:10,8844902.6,41491438,4.768,0.98011,5.4549,0.86809
2021-12-03 12:15,8864775.3,41433400,4.8432,0.97959,5.5237,1.151
2021-12-03 12:20,8868247.4,41394626,4.849,0.9794,5.5422,0.93114
2021-12-03 12:25,8880964.6,41562914,4.8037,0.9785,5.4943,1.4019
2021-12-03 12:30,8881483.7,41638022,4.814,0.97824,5.51,0.75651
2021-12-03 12:35,8868307.3,41385218,4.8613,0.97903,5.5619,0.59252
2021-12-03 12:40,8891562.9,41466452,4.7554,0.98008,5.468,0.50648
2021-12-03 12:45,8911591.9,41333216,4.9282,0.98263,5.6506,0.48962
2021-12-03 12:50,8884030.7,41077410,4.9071,0.98341,5.6525,0.7393
2021-12-03 12:55,8878358.9,40964748,4.954,0.98292,5.7129,0.90565
2021-12-03 13:00,8928583.4,41085112,4.9757,0.98273,5.7414,0.69082
2021-12-03 13:05,8924921.3,41286686,4.9044,0.98179,5.6882,1.9621
2021-12-03 13:10,8979645.1,41360245,4.9129,0.98191,5.7214,0.56703
2021-12-03 13:15,9010096.5,41545555,4.8711,0.98281,5.6788,1.6349
2021-12-03 13:20,9059403,41664194,4.7624,0.98115,5.5766,0.93121
2021-12-03 13:25,9059214.6,41790157,4.7677,0.9811,5.5753,1.6302
2021-12-03 13:30,9066303.2,41786591,4.8143,0.98158,5.6321,0.61441
2021-12-03 13:35,9016254.8,41671455,4.8007,0.98052,5.5844,1.1941
2021-12-03 13:40,9018582.3,41715473,4.84,0.98024,5.6271,0.89842
2021-12-03 13:45,9004209.7,41644470,4.8703,0.97982,5.6665,0.76277
2021-12-03 13:50,9023498.3,41589304,4.9186,0.98196,5.7174,0.6478
2021-12-03 13:55,9007118.3,41602764,4.8931,0.98134,5.6835,0.9488
2021-12-03 14:00,8998152.8,41515074,4.9047,0.98107,5.6953,0.42251
2021-12-03 14:05,9049779.6,41837131,4.7676,0.98293,5.5545,1.905
2021-12-03 14:10,9051138,41805618,4.7522,0.98223,5.5331,0.82886
2021-12-03 14:15,9042535.3,41586620,4.8041,0.98129,5.5918,0.50183
2021-12-03 14:20,9039129.5,41561917,4.7703,0.98062,5.5583,1.2447
2021-12-03 14:25,9039370.2,41508788,4.7495,0.9808,5.5257,0.87736
2021-12-03 14:30,9040815.3,41671859,4.752,0.98122,5.5126,1.4696
2021-12-03 14:35,9025869.4,41632002,4.7936,0.97995,5.5699,1.1901
2021-12-03 14:40,9041957.9,41604237,4.7643,0.97969,5.5487,0.85395
2021-12-03 14:45,9046675.9,41462592,4.8011,0.97978,5.5698,0.50799
2021-12-03 14:50,9018641.1,40943525,4.995,0.98245,5.724,0.40007
2021-12-03 14:55,8995015.3,40739156,5.0406,0.97897,5.7671,1.2678
2021-12-03 15:00,8904411.2,40123277,5.2548,0.97607,5.8912,0.48001
2021-12-03 15:05,8895460.5,40002886,5.255,0.97676,5.9119,1.4442
2021-12-03 15:10,8895703.8,40217383,5.2072,0.97857,5.8811,1.5074
2021-12-03 15:15,8879744.8,39989030,5.2566,0.97723,5.9243,0.46445
2021-12-03 15:20,8880145.3,40381179,5.1585,0.97791,5.8696,2.2709
2021-12-03 15:25,8885928.3,40340175,5.0907,0.97761,5.82,1.4493
2021-12-03 15:30,8887946.6,40353217,5.1445,0.97686,5.8758,0.83717
2021-12-03 15:35,8901376,40368656,5.1138,0.977,5.8605,1.3212
2021-12-03 15:40,8899267.1,40371697,5.1634,0.97753,5.9106,0.74768
2021-12-03 15:45,8898879.9,40149290,5.1641,0.97801,5.8892,0.71616
2021-12-03 15:50,8904173.6,39818962,5.2458,0.97869,5.9521,0.5955
2021-12-03 15:55,8924256.2,39851684,5.2603,0.97897,6.0006,0.75013
2021-12-03 16:00,8961355.6,39972782,5.2506,0.98066,5.9981,0.86308
2021-12-03 16:05,8992363.3,39872139,5.2242,0.9824,5.9505,0.70218
2021-12-03 16:10,8963496.2,38692053,5.1613,0.98107,5.7247,0.504
2021-12-03 16:15,8987065.1,39155318,5.2034,0.97989,5.8432,1.1164
2021-12-03 16:20,9008572.5,39347893,5.2007,0.98002,5.8455,0.82258
2021-12-03 16:25,9008900.7,39374915,5.2669,0.97955,5.9325,0.67574
2021-12-03 16:30,9008792,39561588,5.2886,0.9789,5.9345,1.2571
2021-12-03 16:35,8993526,39679437,5.3042,0.97734,5.9889,1.1845
2021-12-03 16:40,9012761.7,39589348,5.2317,0.97761,5.9437,0.96035
2021-12-03 16:45,9009436.8,39378291,5.2758,0.97745,5.9695,0.57686
2021-12-03 16:50,9012557.3,39389207,5.2474,0.97858,5.922,0.56866
2021-12-03 16:55,9009381.4,39325924,5.2901,0.9786,5.9766,1.5657
2021-12-03 17:00,8982678.6,39244615,5.416,0.98025,6.0975,1.1839
2021-12-03 17:05,8995830.7,39241527,5.4417,0.98022,6.1173,0.83004
2021-12-03 17:10,8998955.1,39393897,5.4249,0.98001,6.1177,1.16
2021-12-03 17:15,8985595.1,39333194,5.4305,0.97864,6.144,0.6197
2021-12-03 17:20,8998922.6,39475301,5.4865,0.97963,6.2266,0.64969
2021-12-03 17:25,9003660.4,39683954,5.4719,0.97935,6.2244,1.2687
2021-12-03 17:30,9016780.4,39649305,5.3426,0.98139,6.0959,1.337
2021-12-03 17:35,9020915.5,39511610,5.3525,0.97787,6.1019,1.4123
2021-12-03 17:40,9016030.8,39691110,5.38,0.97667,6.1346,0.61886
2021-12-03 17:45,9025316.8,39642260,5.431,0.97725,6.204,1.0529
2021-12-03 17:50,9025510,39730295,5.4314,0.97718,6.2023,1.1623
2021-12-03 17:55,9026563.8,39716843,5.4052,0.97727,6.1891,1.2061
2021-12-03 18:00,9037734.1,39672265,5.397,0.97756,6.1761,0.43826
2021-12-03 18:05,9033001.2,39689152,5.4111,0.97654,6.2166,0.74588
2021-12-03 18:10,9030459,39779172,5.4507,0.97771,6.2505,0.90347
2021-12-03 18:15,9031036.2,39696713,5.3841,0.97749,6.1899,1.4886
2021-12-03 18:20,9016421.9,39829706,5.4184,0.97672,6.2286,1.0351
2021-12-03 18:25,8962270.7,39593988,5.455,0.97544,6.3064,2.6491
2021-12-03 18:30,8961827.9,39498636,5.3421,0.97538,6.2058,0.90201
2021-12-03 18:35,8965769.5,39395226,5.4027,0.97533,6.262,0.32959
2021-12-03 18:40,8959130.3,39228566,5.4513,0.97617,6.2613,0.68466
2021-12-03 18:45,8955502.5,39173796,5.4719,0.97522,6.2848,0.93793
2021-12-03 18:50,9006062.9,39476731,5.4428,0.977,6.2412,0.83423
2021-12-03 18:55,9005120.6,39258886,5.4011,0.97722,6.2158,0.64297
2021-12-03 19:00,9039666.9,39217975,5.4068,0.97778,6.2044,0.73441
2021-12-03 19:05,9067855.1,39372627,5.416,0.97826,6.1991,1.0374
2021-12-03 19:10,9053906.2,39266791,5.4367,0.97787,6.2133,0.57523
2021-12-03 19:15,9075660.3,39265401,5.4323,0.97891,6.2172,0.79775
2021-12-03 19:20,9076112.3,39154348,5.4233,0.97916,6.2061,0.80898
2021-12-03 19:25,9068003.3,39210046,5.4628,0.97916,6.174,0.59041
2021-12-03 19:30,9095608.9,39017744,5.529,0.98027,6.237,0.45311
2021-12-03 19:35,9125997.3,39197375,5.4884,0.97969,6.2365,1.2334
2021-12-03 19:40,9098161.2,38620932,5.5318,0.97953,6.239,0.64717
2021-12-03 19:45,9059063,38695717,5.4312,0.9801,6.1775,0.77555
2021-12-03 19:50,9041601.2,38312780,5.4838,0.97879,6.2003,0.61322
2021-12-03 19:55,9032370.4,38475006,5.5537,0.98086,6.2701,1.3512
2021-12-03 20:00,9043215,38432366,5.4934,0.98093,6.2246,0.67899
2021-12-03 20:05,9057721.3,38151122,5.576,0.98176,6.2818,0.45836
2021-12-03 20:10,9138022.2,38219067,5.4079,0.98412,6.1402,0.91626
2021-12-03 20:15,9125659.2,37695638,5.4346,0.98437,6.1262,0.58491
2021-12-03 20:20,9044818,37572174,5.4625,0.98181,6.1211,0.44822
2021-12-03 20:25,9032031,37624900,5.2381,0.98619,5.8798,1.0919
2021-12-03 20:30,9043427.9,37779624,5.0735,0.98521,5.7221,0.98513
2021-12-03 20:35,9047486.5,37718971,5.1259,0.985,5.7677,1.1415
2021-12-03 20:40,9049768.9,37918755,5.2525,0.98433,5.8459,1.0835
2021-12-03 20:45,9011456.6,37712946,5.2597,0.9876,5.8783,1.4738
2021-12-03 20:50,8990195.1,37909459,5.2337,0.98545,5.8824,1.0239
2021-12-03 20:55,8944059.7,38100617,4.5696,0.98293,5.2359,1.7149
2021-12-03 21:00,8948267.3,38433215,3.6274,0.9802,4.2483,1.6415
2021-12-03 21:05,8898137.7,38550677,3.4397,0.97894,4.0459,1.6298
2021-12-03 21:10,8887245.4,38893218,3.2059,0.97923,3.8068,1.2826
2021-12-03 21:15,8800094,38342351,3.2521,0.9796,3.8299,0.88998
2021-12-03 21:20,8842142.8,38971447,3.1957,0.97919,3.7704,1.481
2021-12-03 21:25,8920379.4,39358415,3.1661,0.97921,3.7434,0.96885
2021-12-03 21:30,8919596.8,39442457,3.1559,0.97759,3.7332,0.98706
2021-12-03 21:35,8904125.4,39378233,3.1373,0.97708,3.7083,0.85855
2021-12-03 21:40,8899114.7,39295937,3.1249,0.97602,3.6956,1.1391
2021-12-03 21:45,8892548.7,39346488,3.1076,0.9751,3.6742,1.0951
2021-12-03 21:50,8877067.1,39026062,3.1296,0.9749,3.6958,0.74307
2021-12-03 21:55,8877974.9,38922513,3.173,0.97718,3.7218,0.42459
2021-12-03 22:00,8892424.7,38922143,3.1789,0.97786,3.7098,0.42028
2021-12-03 22:05,8894440.4,39134349,3.233,0.97864,3.7787,0.8773
2021-12-03 22:10,8960415.5,40116329,3.1132,0.97654,3.6703,2.4716
2021-12-03 22:15,8976738.1,39666519,3.0971,0.97743,3.6461,1.2746
2021-12-03 22:20,8979676.9,39640516,3.0986,0.9758,3.6544,0.84662
2021-12-03 22:25,8965182.6,39348186,3.1191,0.97599,3.6837,0.50166
2021-12-03 22:30,8956519.1,39122075,3.1332,0.97612,3.6974,0.44632
2021-12-03 22:35,8953473.2,39165555,3.0955,0.97576,3.6641,0.88513
2021-12-03 22:40,8968382.7,39380168,3.0949,0.97469,3.6739,2.0193
2021-12-03 22:45,8972266,39163941,3.1188,0.97435,3.6932,0.44054
2021-12-03 22:50,8927525.9,38745462,3.1561,0.97572,3.7267,0.33839
2021-12-03 22:55,8934765.8,38866231,3.1558,0.97523,3.7356,1.015
2021-12-03 23:00,8932062.8,38756220,3.158,0.97706,3.7289,0.35047
2021-12-03 23:05,8946164.9,38827254,3.135,0.97711,3.7039,0.72616
2021-12-03 23:10,8954890.8,38838238,3.1276,0.9772,3.6988,1.4825
2021-12-03 23:15,8937896.1,39160714,3.1664,0.97808,3.7426,1.044
2021-12-03 23:20,8933467,39101785,3.1758,0.97588,3.7589,0.65677
2021-12-03 23:25,8958318.7,39365996,3.1469,0.97236,3.7289,1.7729
2021-12-03 23:30,8936157.7,39113562,3.1922,0.97104,3.7746,0.50419
2021-12-03 23:35,8934413.3,39168468,3.2062,0.97039,3.7906,0.8976
2021-12-03 23:40,8939923.4,39416122,3.176,0.96997,3.7751,1.2448
2021-12-03 23:45,8931533.1,39173704,3.1974,0.97193,3.7994,0.58899
2021-12-03 23:50,8930260.1,39168121,3.1924,0.97146,3.7964,1.0744
2021-12-03 23:55,8929716,39050515,3.2066,0.97175,3.8156,0.70762
2021-12-04 00:00,8942914.9,39027855,3.2086,0.96933,3.8193,0.69782
2021-12-04 00:05,8942418.7,38774327,3.1926,0.96957,3.7944,0.56555
2021-12-04 00:10,8942177.4,38814264,3.0989,0.976,3.7831,0.75942
2021-12-04 00:15,8927692.6,39094366,3.0618,0.97727,3.7323,1.614
2021-12-04 00:20,8925620.5,39433607,3.0255,0.97653,3.6905,2.0789
2021-12-04 00:25,8937227.7,39234091,3.0049,0.97748,3.663,1.0232
2021-12-04 00:30,8947101,38749894,3.0863,0.97669,3.7469,0.27713
2021-12-04 00:35,8943010.2,38803721,3.0782,0.97622,3.743,0.75125
2021-12-04 00:40,8942534.4,38554535,3.0737,0.9766,3.7301,0.57529
2021-12-04 00:45,8903834.4,38019373,4.4104,0.98253,5.1175,0.36998
2021-12-04 00:50,8845824.5,37285150,5.0422,0.97845,5.7236,0.57186
2021-12-04 00:55,8838932.6,36893705,5.0052,0.97805,5.684,0.83193
2021-12-04 01:00,8845234.9,36944761,4.9831,0.97828,5.6609,0.90581
2021-12-04 01:05,8850199.1,37077167,4.8989,0.97426,5.5749,0.65974
2021-12-04 01:10,8813706.1,36505340,4.9668,0.9733,5.6366,0.73083
2021-12-04 01:15,8809527.9,36365763,4.937,0.9746,5.5603,0.70549
2021-12-04 01:20,8778621.5,36948022,4.9216,0.97239,5.5739,1.4535
2021-12-04 01:25,8795899.6,37048329,4.8222,0.97169,5.4791,1.2227
2021-12-04 01:30,8796557.8,37448792,4.7021,0.97281,5.3884,0.91109
2021-12-04 01:35,8844594.7,37580683,4.6618,0.9779,5.3038,1.4622
2021-12-04 01:40,8835379.7,37704504,4.6017,0.97725,5.2281,1.0656
2021-12-04 01:45,8819768.3,37836048,4.5898,0.97623,5.2333,0.71405
2021-12-04 01:50,8804938.4,37790796,4.5688,0.97709,5.2212,0.78383
2021-12-04 01:55,8760495.4,37416076,4.5975,0.97735,5.2226,0.59041
2021-12-04 02:00,8764543,37550170,4.5483,0.97772,5.175,0.87075
2021-12-04 02:05,8766663.1,37791323,3.32,0.97768,3.928,1.3696
2021-12-04 02:10,8722210.8,37289412,3.331,0.97779,3.9358,0.64152
2021-12-04 02:15,8677273.7,37122491,3.3477,0.97891,3.9524,0.83108
2021-12-04 02:20,8655058.9,36893513,3.3473,0.97846,3.9524,0.80663
2021-12-04 02:25,8633276.9,36551338,3.3654,0.97842,3.9553,0.50224
2021-12-04 02:30,8634798.1,36584308,3.3736,0.97851,3.9435,1.137
2021-12-04 02:35,8638181.6,36634528,3.3723,0.97887,3.9391,0.79057
2021-12-04 02:40,8631518.2,36562821,3.3963,0.97943,3.9637,0.40922
2021-12-04 02:45,8633594.1,36570129,3.4022,0.97961,3.9716,1.0956
2021-12-04 02:50,8652526.5,37213640,3.313,0.97995,3.8931,1.537
2021-12-04 02:55,8653549.4,37028538,3.3099,0.98043,3.8923,0.79381
2021-12-04 03:00,8650935.7,37127528,3.3162,0.98052,3.9048,0.91295
2021-12-04 03:05,8633169.6,36639172,3.3314,0.98043,3.9183,0.60284
2021-12-04 03:10,8625238.4,36396843,3.3979,0.98036,3.9751,0.77849
2021-12-04 03:15,8642596.6,36353719,3.3536,0.98084,3.9304,1.4406
2021-12-04 03:20,8644802.6,36366618,3.3698,0.98016,3.9397,0.84837
2021-12-04 03:25,8694077.6,36014225,3.6055,0.98302,4.1971,0.46904
2021-12-04 03:30,8664329.4,35936681,3.5888,0.98311,4.1932,1.6622
2021-12-04 03:35,8674066.2,36235013,3.5613,0.98117,4.1785,1.3115
2021-12-04 03:40,8676280.5,36077665,3.5769,0.98215,4.2042,0.67467
2021-12-04 03:45,8690409.8,36020040,3.5807,0.98309,4.2096,0.77092
2021-12-04 03:50,8692234,36107540,3.5636,0.98214,4.1872,1.3122
2021-12-04 03:55,8654252.4,35629557,3.729,0.98182,4.3487,0.6509
2021-12-04 04:00,8577691.4,34683843,5.0503,0.97203,5.7142,0.49514
2021-12-04 04:05,8573272,35287947,4.9954,0.9701,5.6703,1.2031
2021-12-04 04:10,8600208.9,35656466,4.9354,0.96784,5.619,0.98703
2021-12-04 04:15,8605151.8,35763011,4.9698,0.96669,5.6751,0.78606
2021-12-04 04:20,8658079.9,36443325,4.5165,0.96961,5.2417,1.7537
2021-12-04 04:25,8653609.7,36352522,4.5978,0.96903,5.3172,0.67046
2021-12-04 04:30,8652858.3,35736305,4.7172,0.97083,5.434,0.57478
2021-12-04 04:35,8641254.9,35543434,4.7628,0.97309,5.4588,1.2904
2021-12-04 04:40,8634005.8,35132588,4.9288,0.97316,5.6311,0.86389
2021-12-04 04:45,8619762.4,34925375,5.0078,0.97212,5.7108,0.90555
2021-12-04 04:50,8628326.4,35281227,4.9452,0.96956,5.6536,1.3859
2021-12-04 04:55,8463026.6,32413392,4.6643,0.92875,5.1394,0.47063
2021-12-04 05:05,8381066.8,29855857,4.329,0.91008,4.6657,0.59176
2021-12-04 05:10,8393269.8,30081479,4.3393,0.92912,4.72,0.92013
2021-12-04 05:15,8454094.8,30510307,4.1775,0.92273,4.5924,0.79641
2021-12-04 05:20,8444734.5,27971712,4.1983,0.89316,4.5199,1.034
2021-12-04 05:35,8203468.6,25069800,2.9126,0.95737,3.1799,0.88645
2021-12-04 05:40,8199234.1,26120796,2.9566,0.95903,3.2682,0.88661
2021-12-04 05:45,8091157.5,25689425,2.9624,0.95815,3.2809,0.94931
2021-12-04 05:50,8287843.3,26950977,3.0214,0.96016,3.3696,0.85516
2021-12-04 05:55,8342680.6,28007981,3.304,0.95908,3.7232,1.2516
2021-12-04 06:00,8390499.4,28603212,3.3254,0.95245,3.7423,1.1143
2021-12-04 06:05,8489970.8,28645161,3.3967,0.95333,3.8203,1.0129
2021-12-04 06:10,8582120,28515132,3.4551,0.95207,3.8751,1.0571
2021-12-04 06:15,8623151.6,29103137,3.5265,0.94999,3.9505,0.75951
2021-12-04 06:20,8619356.7,29547155,3.4381,0.95397,3.8989,0.97265
2021-12-04 06:25,8605743.9,29646788,3.4159,0.94728,3.904,1.1539
2021-12-04 06:30,8547660.1,29621105,3.454,0.93565,3.973,0.99637
2021-12-04 06:35,8508335.9,29660059,3.445,0.93323,3.9773,1.1751
2021-12-04 06:40,8479774.5,29441472,3.4642,0.93426,4.0155,1.2714
2021-12-04 06:45,8454715.1,29232500,3.5129,0.93379,4.0458,0.99872
2021-12-04 06:50,8386119.7,29426597,3.5044,0.93424,4.0631,1.165
2021-12-04 06:55,8369216.1,28908319,3.5881,0.93266,4.1493,0.78554
2021-12-04 07:00,8363361.1,28746150,3.6143,0.93564,4.1687,1.023
2021-12-04 07:05,8309298.7,28359399,3.6809,0.93682,4.1971,0.68572
2021-12-04 07:10,8294999.8,27867421,3.7281,0.93763,4.2406,0.75769
2021-12-04 07:15,8259924,27588146,3.7032,0.93384,4.1951,0.77262
2021-12-04 07:20,8284312.1,28186426,3.6685,0.92717,4.1848,1.1847
2021-12-04 07:25,8308573.9,28792968,3.6143,0.91719,4.154,1.2245
2021-12-04 07:30,8280965.8,28759794,3.6024,0.91653,4.1482,1.1252
2021-12-04 07:35,8254782.3,28503492,3.6133,0.91463,4.1513,0.96989
2021-12-04 07:40,8225585.9,28222578,3.5912,0.91646,4.114,0.94038
2021-12-04 07:45,8193149.1,28213132,3.5603,0.91464,4.087,1.0136
2021-12-04 07:50,8172044.3,27891187,3.6174,0.91135,4.1528,0.95492
2021-12-04 07:55,8185306.1,28108341,3.6859,0.90926,4.1857,0.85368
2021-12-04 08:00,8262897.9,28713570,3.6471,0.91028,4.2022,1.0337
2021-12-04 08:05,8305779.5,29092434,3.5765,0.9118,4.1436,0.97273
2021-12-04 08:10,8343774.9,29734916,3.4695,0.91166,4.0835,1.1673
2021-12-04 08:15,8327232.4,29764606,3.3998,0.91195,4.0288,1.0712
2021-12-04 08:20,8308405.8,29655878,3.4352,0.91162,4.0368,0.69044
2021-12-04 08:25,8290089.3,29490046,3.4225,0.91064,4.0159,1.1155
2021-12-04 08:30,8278819,29740556,3.4304,0.90891,4.071,1.5284
2021-12-04 08:35,8262701.2,29360838,3.5035,0.90979,4.1326,0.81581
2021-12-04 08:40,8243498.4,29338611,3.5396,0.90934,4.1987,1.3257
2021-12-04 08:45,8229551.2,29329410,3.5009,0.90888,4.1747,1.2328
2021-12-04 08:50,8296496.1,29106325,3.5805,0.91262,4.2623,0.43199
2021-12-04 08:55,8234300.8,28962658,3.613,0.90792,4.3103,0.69359
2021-12-04 09:00,8223114.3,28756231,3.6148,0.91003,4.3001,0.71485
2021-12-04 09:05,8236053.9,29056798,3.5755,0.91005,4.2616,1.3822
2021-12-04 09:10,8213196.7,29230767,3.563,0.91117,4.2596,1.0174
2021-12-04 09:15,8210372.6,28957984,3.5111,0.9097,4.1918,0.83496
2021-12-04 09:20,8224636.7,28901373,3.5239,0.90962,4.1981,0.94829
2021-12-04 09:25,8231584.4,28975177,3.5815,0.90937,4.2508,1.0058
2021-12-04 09:30,8242629.1,28854297,3.5996,0.91083,4.274,0.97672
2021-12-04 09:35,8238622.1,29287689,3.571,0.91012,4.2526,1.0722
2021-12-04 09:40,8246524.2,29580885,3.4952,0.91039,4.1595,1.1313
2021-12-04 09:45,8233345.5,29310934,3.4553,0.91144,4.1135,0.96327
2021-12-04 09:50,8229201.8,28991478,3.4696,0.91145,4.1408,1.1391
2021-12-04 09:55,8243760.1,29084184,3.5546,0.91023,4.2482,0.90592
2021-12-04 10:00,8255945,29295334,3.5586,0.9099,4.2599,1.4423
2021-12-04 10:05,8325233.9,29055066,3.649,0.90988,4.361,0.85734
2021-12-04 10:10,8380475.7,29494112,3.6196,0.90933,4.3285,1.1431
2021-12-04 10:15,8410925,29732620,3.6469,0.91145,4.346,0.86362
2021-12-04 10:20,8486904.2,29678704,3.7097,0.91306,4.4044,0.64301
2021-12-04 10:25,8537095.3,29623721,3.6933,0.91324,4.4026,1.1785
2021-12-04 10:30,8530073.4,29600945,3.6918,0.91249,4.4068,1.2977
2021-12-04 10:35,8513414.8,29080144,3.7442,0.91441,4.4274,0.57411
2021-12-04 10:40,8522245.2,29026767,3.8355,0.9164,4.4529,0.65586
2021-12-04 10:45,8569904,29369061,3.8338,0.91607,4.4967,1.8509
2021-12-04 10:50,8550509.3,29296780,3.8594,0.9167,4.5474,0.95476
2021-12-04 10:55,8537708.1,29391911,3.8418,0.91691,4.4992,1.0834
2021-12-04 11:00,8524409.7,29554128,3.8435,0.9169,4.4967,0.97386
2021-12-04 11:05,8512831.3,29224550,3.8336,0.91769,4.4954,0.94866
2021-12-04 11:10,8519418.2,28974541,3.8721,0.91887,4.5338,0.72381
2021-12-04 11:15,8579648,29153644,3.9122,0.9188,4.5717,0.97246
2021-12-04 11:20,8566673.7,29186657,3.9082,0.91831,4.5638,0.98742
2021-12-04 11:25,8550064.3,28833979,3.9696,0.91863,4.618,0.643
2021-12-04 11:30,8534713.6,28905081,3.964,0.91731,4.611,1.163
2021-12-04 11:35,8490516.7,28460212,4.0038,0.91959,4.6014,0.67746
2021-12-04 11:40,8489927.1,28233705,4.0058,0.92064,4.607,0.97443
2021-12-04 11:45,8472730.9,28075221,3.9904,0.92773,4.5557,0.85375
2021-12-04 11:50,8475488.8,28490285,3.8736,0.93025,4.4442,0.82186
2021-12-04 11:55,8451588.7,28715868,3.8482,0.93085,4.4138,1.3067
2021-12-04 12:00,8449959.4,28524909,3.8945,0.93103,4.4619,0.65964
2021-12-04 12:05,8420735.7,28697867,3.8401,0.93082,4.4221,1.292
2021-12-04 12:10,8418597.7,28732674,3.8394,0.93023,4.4263,1.0404
2021-12-04 12:15,8431608,29108299,3.7116,0.92884,4.319,1.3224
2021-12-04 12:20,8446326.6,29553697,3.5069,0.92689,4.1287,1.3249
2021-12-04 12:25,8464836.5,29847013,3.4901,0.93056,4.1162,1.4317
2021-12-04 12:30,8436095,29526332,3.5121,0.93184,4.1435,0.55361
2021-12-04 12:35,8422817.9,29673205,3.5397,0.92926,4.1435,0.86521
2021-12-04 12:40,8479891,30069693,3.4492,0.9298,4.068,1.3609
2021-12-04 12:45,8362658.2,29453282,3.4046,0.93299,4.0161,0.64798
2021-12-04 12:50,8386495.9,29595115,3.4208,0.93441,4.0207,0.90499
2021-12-04 12:55,8360803,29354779,3.4183,0.93418,4.0114,1.1267
2021-12-04 13:00,8321619,29249164,3.45,0.9337,4.0315,0.99014
2021-12-04 13:05,8300810.1,29172743,3.4496,0.93184,4.0145,0.83338
2021-12-04 13:10,8260010,28901775,3.5095,0.93136,4.0806,0.62403
2021-12-04 13:15,8262598.6,29092610,3.4618,0.93084,4.0207,1.637
2021-12-04 13:20,8266560.5,28744780,3.4639,0.9318,4.0423,0.77321
2021-12-04 13:25,8260753.3,28706118,3.5416,0.93054,4.1191,0.66657
2021-12-04 13:30,8265558.9,28843552,3.5568,0.93133,4.1506,0.84778
2021-12-04 13:35,8251569.1,29128039,3.4991,0.9313,4.0849,1.2527
2021-12-04 13:40,8242362.8,29169630,3.4857,0.93212,4.0747,1.0857
2021-12-04 13:45,8233583,29200077,3.497,0.93131,4.0753,0.90705
2021-12-04 13:50,8205258.9,29022001,3.475,0.93062,4.0284,0.96879
2021-12-04 13:55,8196798.8,28910109,3.4681,0.92996,4.0276,1.0953
2021-12-04 14:00,8187534.6,29050786,3.4562,0.92992,4.0423,1.2068
2021-12-04 14:05,8190861.3,29174165,3.4866,0.92911,4.0625,1.19
2021-12-04 14:10,8188520.4,28995551,3.4666,0.9291,4.0585,0.94914
2021-12-04 14:15,8193205.6,29258347,3.4944,0.92913,4.0733,1.1201
2021-12-04 14:20,8183451.7,29657603,3.3981,0.92557,4.0092,1.5468
2021-12-04 14:25,8164644.8,29515191,3.354,0.92629,3.954,0.89818
2021-12-04 14:30,8163314,29524634,3.3766,0.92451,3.9758,1.2123
2021-12-04 14:35,8156398.9,29534320,3.3294,0.92486,3.9571,0.91364
2021-12-04 14:40,8171211.2,29515174,3.2882,0.92559,3.9068,0.7651
2021-12-04 14:45,8151338.5,29630115,3.3197,0.92601,3.9683,1.1353
2021-12-04 14:50,8137054.5,29799862,3.3364,0.92143,3.9962,1.1862
2021-12-04 14:55,8148845.1,29957042,3.3222,0.92128,3.9729,1.0699
2021-12-04 15:00,8154579,29894687,3.3325,0.91966,3.9985,0.85815
2021-12-04 15:05,8155224.8,29851077,3.3069,0.91981,3.9746,0.59994
2021-12-04 15:10,8181786.8,30338065,3.2138,0.91468,3.9153,1.814
2021-12-04 15:15,8194369.7,30753469,3.2122,0.91518,3.9566,0.91505
2021-12-04 15:20,8180788.3,30563425,3.1958,0.91689,3.8984,0.50618
2021-12-04 15:25,8194089.5,30395688,3.2208,0.91747,3.9243,0.95512
2021-12-04 15:30,8194889.3,30312896,3.206,0.917,3.9067,0.83663
2021-12-04 15:35,8201811.2,30871617,3.1679,0.91644,3.8876,1.5856
2021-12-04 15:40,8215142.2,30830536,3.2225,0.9186,3.9402,0.85743
2021-12-04 15:45,8255332.1,30861801,3.2083,0.9202,3.9572,0.63649
2021-12-04 15:50,8257605.2,30757628,3.1663,0.91754,3.8933,0.67596
2021-12-04 15:55,8255911.5,30769782,3.153,0.91531,3.8817,1.1011
2021-12-04 16:00,8268236.7,30847920,3.1353,0.91532,3.8641,0.84504
2021-12-04 16:05,8283773.8,31039300,3.1285,0.91538,3.8623,0.95305
2021-12-04 16:10,8276587.6,30646839,3.1327,0.91564,3.8677,0.56015
2021-12-04 16:15,8287452.1,30771310,3.1531,0.91601,3.8642,0.77356
2021-12-04 16:20,8230888.8,30717814,3.1226,0.9168,3.8461,1.0164
2021-12-04 16:25,8229215.1,30628443,3.1086,0.91645,3.827,0.98902
2021-12-04 16:30,8246434.8,30704082,3.139,0.91687,3.8537,2.0475
2021-12-04 16:35,8257341.3,30841170,3.1315,0.9154,3.8617,1.6283
2021-12-04 16:40,8242672.8,30687471,3.1465,0.91535,3.8882,0.69775
2021-12-04 16:45,8239771.7,30380038,3.1555,0.91505,3.8853,0.58072
2021-12-04 16:50,8234791.7,30213451,3.2041,0.92002,3.9126,0.50329
2021-12-04 16:55,8263334.2,30590060,3.1363,0.91595,3.8354,0.81719
2021-12-04 17:00,8267108.8,30366798,3.1843,0.91662,3.8824,0.7901
2021-12-04 17:05,8280022.3,30644363,3.1522,0.91591,3.8404,0.85045
2021-12-04 17:10,8282468.4,30573637,3.1556,0.91629,3.8433,0.86819
2021-12-04 17:15,8312595.8,30498914,3.1715,0.91818,3.8549,0.6962
2021-12-04 17:20,8323358.5,30442616,3.1588,0.92023,3.8378,0.54061
2021-12-04 17:25,8337028,30383158,3.2074,0.92159,3.891,0.91098
2021-12-04 17:30,8367193.7,30382245,3.3183,0.92354,4.0191,0.53881
2021-12-04 17:35,8352743.5,30512572,3.3079,0.92399,4.0244,1.4384
2021-12-04 17:40,8354130.4,30567763,3.318,0.92181,4.0252,1.05
2021-12-04 17:45,8342769,30672298,3.2848,0.92243,3.9955,0.91732
2021-12-04 17:50,8357688,30985360,3.189,0.923,3.9007,2.2777
2021-12-04 17:55,8347107.6,30859257,3.1884,0.92312,3.8962,0.69332
2021-12-04 18:00,8346158.1,30793430,3.2104,0.92287,3.942,0.95651
2021-12-04 18:05,8360421.5,31159291,3.1588,0.9237,3.8812,1.5677
2021-12-04 18:10,8360854.8,31059485,3.18,0.92456,3.9062,0.99755
2021-12-04 18:15,8320481.3,30952190,3.2031,0.92412,3.9341,0.66765
2021-12-04 18:20,8297627.1,30759304,3.2156,0.92401,3.9368,1.0718
2021-12-04 18:25,8293892.7,30916598,3.2105,0.9234,3.9354,1.2041
2021-12-04 18:30,8288683.8,30818419,3.1777,0.92392,3.8922,1.035
2021-12-04 18:35,8281449.5,30939495,3.1982,0.92311,3.9126,0.98884
2021-12-04 18:40,8269708.3,30862551,3.1769,0.92243,3.901,1.1437
2021-12-04 18:45,8268953,30940505,3.1855,0.92207,3.9164,1.3147
2021-12-04 18:50,8277017.6,30949319,3.178,0.92258,3.9113,1.0202
2021-12-04 18:55,8274536.2,30930216,3.2059,0.92311,3.9364,1.0531
2021-12-04 19:00,8261758.9,30838324,3.2031,0.92242,3.9402,1.0794
2021-12-04 19:05,8257622.1,30712331,3.2835,0.92604,4.0212,0.75353
2021-12-04 19:10,8281550.7,30667628,3.3347,0.92636,4.0579,0.77803
2021-12-04 19:15,8291002.4,30784492,3.2825,0.92659,3.991,1.3471
2021-12-04 19:20,8279076.1,30927727,3.3328,0.92632,4.0508,1.218
2021-12-04 19:25,8235467.9,31151673,3.1961,0.92572,3.9308,1.4634
2021-12-04 19:30,8232462.2,31011685,3.1575,0.92664,3.8794,1.1613
2021-12-04 19:35,8226550,31114383,3.1442,0.92676,3.8802,1.1085
2021-12-04 19:40,8228369.5,31188266,3.1418,0.92539,3.8874,1.2432
2021-12-04 19:45,8223786.2,31163641,3.1353,0.92696,3.8854,0.89768
2021-12-04 19:50,8211973.5,31066268,3.2057,0.92742,3.9686,0.8166
2021-12-04 19:55,8217001.7,31194753,3.1373,0.92576,3.9061,1.0995
2021-12-04 20:00,8206768.4,31005171,3.1762,0.92612,3.9522,1.094
2021-12-04 20:05,8220105,30772383,3.192,0.92598,3.9499,0.85894
2021-12-04 20:10,8219893,31092279,3.1284,0.92504,3.874,1.3537
2021-12-04 20:15,8236908.8,30964937,3.1964,0.92767,3.9572,0.43013
2021-12-04 20:20,8211198.4,31076767,3.1956,0.92504,3.9714,0.75223
2021-12-04 20:25,8217752.8,31104194,3.1783,0.92506,3.9529,0.99535
2021-12-04 20:30,8196894,31119114,3.1589,0.92505,3.9367,1.2621
2021-12-04 20:35,8200257.5,31103577,3.1744,0.92575,3.9353,1.1467
2021-12-04 20:40,8187010.9,31313377,3.1011,0.92579,3.899,1.6566
2021-12-04 20:45,8163664.2,30949336,3.1099,0.92412,3.9094,1.023
2021-12-04 20:50,8153456.2,30942366,3.0862,0.92255,3.8735,1.0318
2021-12-04 20:55,8196414.9,31031627,3.0673,0.92382,3.8586,0.5969
2021-12-04 21:00,8215088.6,31044820,3.1377,0.92399,3.9387,0.77351
2021-12-04 21:05,8222051.6,30914914,3.1453,0.92364,3.9387,1.0595
2021-12-04 21:10,8241794.8,31007872,3.1284,0.9251,3.9144,0.90077
2021-12-04 21:15,8242402.7,30705454,3.1977,0.92596,3.9757,0.62902
2021-12-04 21:20,8234909.7,30797225,3.1939,0.92452,3.9451,1.0811
2021-12-04 21:25,8222252.1,30643995,3.2109,0.92452,3.9735,0.8202
2021-12-04 21:30,8232485.2,30723907,3.2313,0.92483,3.9818,1.1652
2021-12-04 21:35,8227404.7,30655920,3.2298,0.92685,3.9848,0.76574
2021-12-04 21:40,8215753.3,30496876,3.2153,0.92618,3.9644,1.143
2021-12-04 21:45,8194629.1,30182458,3.2733,0.93096,3.9946,0.46911
2021-12-04 21:50,8172033.6,29893299,3.289,0.93012,3.9985,0.96058
2021-12-04 21:55,8166721.4,30176036,3.1987,0.92553,3.8843,1.8868
2021-12-04 22:00,8164221,30135766,3.232,0.9254,3.9109,0.87097
2021-12-04 22:05,8175273.4,30248512,3.2042,0.92469,3.9042,1.7373
2021-12-04 22:10,8195306.1,30824108,3.0264,0.92608,3.7148,2.0867
2021-12-04 22:15,8215821.1,30974310,3.0088,0.9286,3.6968,0.96711
2021-12-04 22:20,8183679.3,30631512,3.0628,0.93082,3.7634,0.77514
2021-12-04 22:25,8171394.9,30556846,3.105,0.92903,3.8074,1.087
2021-12-04 22:30,8154234.7,30491281,3.0491,0.92776,3.7542,2.2074
2021-12-04 22:35,8165132.6,30991436,3.0072,0.92756,3.7321,1.7674
2021-12-04 22:40,8152857,30573223,3.0353,0.92823,3.7581,0.67575
2021-12-04 22:45,8155191.6,30720607,3.0704,0.92821,3.7951,0.97667
2021-12-04 22:50,8131938.1,30858077,3.0224,0.92907,3.7471,1.2729
2021-12-04 22:55,8115144.4,30626555,3.1017,0.92969,3.834,0.6171
2021-12-04 23:00,8114668.8,30738008,3.063,0.9286,3.7996,2.2144
2021-12-04 23:05,8096788.9,30775895,3.0646,0.92857,3.8038,0.87714
2021-12-04 23:10,8093566.3,30900089,3.068,0.92828,3.8083,1.0481
2021-12-04 23:15,8038149.6,30365079,3.1741,0.92588,3.9226,0.3623
2021-12-04 23:20,8035304.7,30437734,3.202,0.92662,3.9414,1.1748
2021-12-04 23:25,8017473.5,30301880,3.2007,0.92688,3.9421,1.1238
2021-12-04 23:30,8011207.2,30074072,3.2515,0.92672,3.9954,0.59706
2021-12-04 23:35,8017745.5,29884367,3.3143,0.93018,4.0457,0.56541
2021-12-04 23:40,8022615.2,29814962,3.2849,0.93029,4.0247,1.1046
2021-12-04 23:45,8017783.2,29962456,3.2624,0.93003,3.9916,1.4417
2021-12-04 23:50,8011150.7,29745403,3.2652,0.93046,3.9992,0.72749
2021-12-04 23:55,8012704.2,29873273,3.2517,0.92925,3.9862,0.45265
2021-12-05 00:00,8015616.9,30010470,3.2835,0.92891,4.0231,1.3116
2021-12-05 00:05,7998888,30753307,3.1575,0.92882,3.9026,1.3062
2021-12-05 00:10,8007018.2,30995344,3.3323,0.95891,3.9312,0.80413
2021-12-05 00:15,8030015.9,31048216,3.2206,0.95841,3.8015,0.9119
2021-12-05 00:20,8054398.1,31524914,3.1727,0.95786,3.7758,1.3198
2021-12-05 00:25,8089306,31968937,3.1359,0.95402,3.7121,0.91461
2021-12-05 00:30,8084437.7,31852685,3.0806,0.95409,3.636,1.0231
2021-12-05 00:35,8058730.4,31032878,3.1182,0.95339,3.6727,0.57425
2021-12-05 00:40,8031250.7,30679378,3.1308,0.95134,3.7009,0.80902
2021-12-05 00:45,8021406.2,30464453,3.2331,0.95086,3.7892,0.94651
2021-12-05 00:50,8042466.6,30979581,3.2498,0.94952,3.8114,1.0887
2021-12-05 00:55,8048342.4,30849296,3.2466,0.95008,3.815,0.84021
2021-12-05 01:00,8029742.3,30858010,3.2453,0.94921,3.8155,0.71817
2021-12-05 01:05,8041399.7,30798561,3.1587,0.94991,3.7075,1.0427
2021-12-05 01:10,8041251.9,30823074,3.1394,0.94926,3.687,0.99801
2021-12-05 01:15,8060777.5,31235513,3.1423,0.94926,3.7046,0.93712
2021-12-05 01:20,8067907.6,31439903,3.0938,0.94923,3.6688,1.1602
2021-12-05 01:25,8114049.9,31831418,3.041,0.94362,3.6208,1.3089
2021-12-05 01:30,8117053.2,31656488,3.0479,0.94393,3.6163,0.61123
2021-12-05 01:35,8143460.5,31689128,2.979,0.94458,3.5348,1.1477
2021-12-05 01:40,8135174.1,31702773,2.9925,0.94387,3.5671,1.0592
2021-12-05 01:45,8118666.6,31687156,3.037,0.94374,3.6171,0.9881
2021-12-05 01:50,8151681,31375820,3.0872,0.94379,3.6707,0.62125
2021-12-05 01:55,8139976.8,31332966,3.0982,0.94368,3.6858,0.9894
2021-12-05 02:00,8140187.2,31054814,3.1575,0.94227,3.7514,0.67015
2021-12-05 02:05,8140159,31080124,3.1454,0.94091,3.7367,0.8323
2021-12-05 02:10,8141311.4,30953266,3.1503,0.93942,3.7412,0.66536
2021-12-05 02:15,8149999.5,30903381,3.1636,0.93897,3.7428,1.024
2021-12-05 02:20,8178626.5,31152388,3.1154,0.93928,3.6823,1.3528
2021-12-05 02:25,8204069.9,31338879,3.1001,0.93933,3.6766,1.2242
2021-12-05 02:30,8229143.8,31534079,3.097,0.93985,3.6657,1.3935
2021-12-05 02:35,8246616.7,31506978,3.0884,0.94122,3.6612,1.0055
2021-12-05 02:40,8242659.9,31277639,3.099,0.94064,3.6667,0.81249
2021-12-05 02:45,8262516.9,31455402,3.0666,0.94126,3.6176,1.3971
2021-12-05 02:50,8264096.2,31446101,3.0961,0.9404,3.6474,0.85363
2021-12-05 02:55,8246345.1,31178912,3.0946,0.94176,3.6299,0.61351
2021-12-05 03:00,8239387.7,31277625,3.1128,0.94145,3.6523,1.147
2021-12-05 03:05,8252345.3,31251632,3.0683,0.94054,3.5954,0.89235
2021-12-05 03:10,8253090.9,31272078,3.1206,0.94161,3.6535,1.0639
2021-12-05 03:15,8224465.7,31072031,3.1828,0.94505,3.7073,0.53657
2021-12-05 03:20,8236708.5,31234499,3.169,0.94681,3.6859,1.4452
2021-12-05 03:25,8180977.5,31670865,2.9851,0.94632,3.5381,1.5781
2021-12-05 03:30,8174285.9,31540362,3.0271,0.9472,3.575,0.74946
2021-12-05 03:35,8199850.8,31975166,2.9726,0.94513,3.5179,1.3334
2021-12-05 03:40,8181704.6,31841697,3.0347,0.94482,3.587,0.77826
2021-12-05 03:45,8177878.4,31640212,3.024,0.94537,3.5712,0.73319
2021-12-05 03:50,8188554.4,31910796,3.027,0.94526,3.5794,1.0459
2021-12-05 03:55,8146403.4,31445117,3.0613,0.94559,3.6032,0.60596
2021-12-05 04:00,8148749.8,31478650,3.0699,0.94563,3.6159,0.92732
2021-12-05 04:05,8221761,31207619,3.2328,0.9517,3.7866,0.44873
2021-12-05 04:10,8224373.4,31201775,3.2019,0.95072,3.764,0.93163
2021-12-05 04:15,8218777.9,31116506,3.2092,0.94961,3.7712,0.83987
2021-12-05 04:20,8226226,31070456,3.2176,0.94839,3.7947,1.2636
2021-12-05 04:25,8275422,31032832,3.2124,0.95114,3.7838,0.55043
2021-12-05 04:30,8293751.4,31084980,3.2408,0.95205,3.8055,1.1253
2021-12-05 04:35,8302698.9,31055386,3.23,0.95197,3.7882,0.5757
2021-12-05 04:40,8312314.1,31182799,3.1819,0.95185,3.7408,1.9072
2021-12-05 04:45,8291265,31788710,3.074,0.95191,3.6296,2.5142
2021-12-05 04:50,8262192.1,31352037,3.0887,0.95391,3.6444,0.79791
2021-12-05 04:55,8288776,31157509,3.2241,0.95193,3.7919,0.53685
2021-12-05 05:00,8301802.7,31175149,3.2205,0.95295,3.7855,0.84914
2021-12-05 05:05,8309500,31202172,3.1384,0.95369,3.7065,1.481
2021-12-05 05:10,8297579.2,31334459,3.1301,0.95118,3.7012,1.772
2021-12-05 05:15,8280727.8,31259747,3.1471,0.94896,3.7179,0.65401
2021-12-05 05:20,8270471.4,31411250,3.152,0.94872,3.7354,1.4442
2021-12-05 05:25,8256731.3,31499430,3.1286,0.94856,3.7097,1.1788
2021-12-05 05:30,8167948.2,31596647,2.9911,0.95132,3.5378,1.5617
2021-12-05 05:35,8151143.3,31565197,2.9712,0.95018,3.5048,0.76971
2021-12-05 05:40,8129555.8,31542677,2.9617,0.94912,3.4807,0.99626
2021-12-05 05:45,8127538.2,31559231,2.9327,0.94813,3.4583,1.0578
2021-12-05 05:50,8121146.5,31544463,2.8937,0.94826,3.4036,0.85055
2021-12-05 05:55,8122916.3,31785271,2.8613,0.94626,3.3769,2.0644
2021-12-05 06:00,8107584.9,31725317,2.8726,0.94561,3.3911,1.5268
2021-12-05 06:05,8074951,31338885,2.9138,0.94664,3.4055,0.4925
2021-12-05 06:10,8047921.8,31217889,2.9146,0.94663,3.4033,0.62098
2021-12-05 06:15,8049939.8,31386916,2.9216,0.94437,3.4269,0.85515
2021-12-05 06:20,8049636.2,31321134,2.8719,0.94532,3.3532,1.1102
2021-12-05 06:25,8021886.6,31213161,2.9046,0.94347,3.3917,0.61543
2021-12-05 06:30,8010711.4,31295724,2.9109,0.94343,3.402,1.1358
2021-12-05 06:35,7991025.7,31090150,2.9387,0.94342,3.4263,0.72051
2021-12-05 06:40,7987401.4,31110928,2.9138,0.94245,3.4116,1.0102
2021-12-05 06:45,7985585.6,31062467,2.9032,0.94297,3.4021,0.93812
2021-12-05 06:50,7982204.2,31202436,2.9289,0.94283,3.4259,0.96606
2021-12-05 06:55,7974415.8,31139277,2.9318,0.94317,3.437,0.95381
2021-12-05 07:00,7981072.6,30988873,2.9455,0.94259,3.4485,0.57451
2021-12-05 07:05,7976471.1,31156096,2.9214,0.943,3.4161,1.4133
2021-12-05 07:10,7987144,31077977,2.8912,0.94394,3.39,0.555
2021-12-05 07:15,7984256.7,31066743,2.8933,0.94326,3.3957,1.2716
2021-12-05 07:20,7974763.4,30926132,2.9213,0.94337,3.4135,0.35602
2021-12-05 07:25,7974980,30966847,2.9158,0.94305,3.41,1.026
2021-12-05 07:30,7953638.6,30818440,2.9435,0.94337,3.441,0.60417
2021-12-05 07:35,7951678.7,30716086,2.9335,0.94343,3.4199,0.5189
2021-12-05 07:40,7957161.5,30961315,2.8981,0.94247,3.3886,1.1562
2021-12-05 07:45,7953529.8,30704386,2.9213,0.94303,3.4311,0.76508
2021-12-05 07:50,7939322.1,30558451,2.9345,0.94179,3.4225,0.37683
2021-12-05 07:55,7926399.6,30295253,2.9728,0.94607,3.4674,0.41738
2021-12-05 08:00,7932122.5,30506943,2.9423,0.94583,3.4411,1.0103
2021-12-05 08:05,7945527.1,30177112,3.0556,0.94789,3.5406,0.40044
2021-12-05 08:10,8015074.9,30433239,3.1623,0.94851,3.6832,0.57623
2021-12-05 08:15,7949571.7,30407112,3.1109,0.94794,3.6419,2.2368
2021-12-05 08:20,7912567,30431733,3.046,0.94797,3.5761,1.5071
2021-12-05 08:25,7902549.7,30124519,3.0877,0.94889,3.6115,0.41591
2021-12-05 08:30,7911005.6,30195990,3.0847,0.94871,3.5921,0.83397
2021-12-05 08:35,7915411.3,30269749,3.1177,0.94869,3.6409,1.6186
2021-12-05 08:40,7911709.4,30303389,3.119,0.94814,3.6544,1.7824
2021-12-05 08:45,7903945.9,30251789,3.1302,0.94854,3.6704,0.83864
2021-12-05 08:50,7890625.4,30350170,3.1042,0.9485,3.6367,1.3083
2021-12-05 08:55,7918682.2,30645300,3.0432,0.94324,3.5832,1.9079
2021-12-05 09:00,7903887.7,30495913,3.0487,0.94419,3.5811,0.48216
2021-12-05 09:05,7908924.5,30346030,3.0756,0.94306,3.6008,0.57759
2021-12-05 09:10,7894727.2,29844142,3.1664,0.94334,3.7033,0.59106
2021-12-05 09:15,7947075.1,29769980,3.324,0.94578,3.9026,0.47255
2021-12-05 09:20,7978642.1,29800294,3.3355,0.94581,3.8987,0.82828
2021-12-05 09:25,8012036.2,30061160,3.2648,0.94508,3.8489,0.96606
2021-12-05 09:30,8016524.7,30366596,3.2317,0.94324,3.8234,0.65373
2021-12-05 09:35,8023973.4,30158409,3.234,0.94297,3.8171,0.77028
2021-12-05 09:40,8015993.6,30289979,3.2014,0.94263,3.7781,1.5335
2021-12-05 09:45,7942383.3,30212826,3.1574,0.94249,3.7257,1.7618
2021-12-05 09:50,7937653.1,30151499,3.2005,0.94449,3.7713,0.64526
2021-12-05 09:55,7944069.7,29965031,3.2022,0.9456,3.7681,0.56731
2021-12-05 10:00,7947484.1,29866645,3.2362,0.94467,3.8087,1.1233
2021-12-05 10:05,7964858.9,29947506,3.1984,0.94529,3.7734,1.5712
2021-12-05 10:10,7975681.1,30251758,3.1467,0.94221,3.71,1.372
2021-12-05 10:15,7968992.3,30122771,3.183,0.94315,3.739,0.71623
2021-12-05 10:20,7963570.4,30301385,3.1458,0.94264,3.6903,0.90165
2021-12-05 10:25,7961084.1,30322012,3.1537,0.94303,3.7215,0.83548
2021-12-05 10:30,7966819.5,30361549,3.1552,0.94286,3.7226,0.65435
2021-12-05 10:35,7956215.5,30551579,3.13,0.94253,3.6965,1.3969
2021-12-05 10:40,7953013.5,30476928,3.1124,0.94352,3.6685,1.3575
2021-12-05 10:45,7953384.3,30660296,2.9993,0.94241,3.5391,1.2424
2021-12-05 10:50,7948075,30584193,3.0315,0.94297,3.5608,0.56694
2021-12-05 10:55,7926153.6,30167232,3.0262,0.94498,3.5456,0.56434
2021-12-05 11:00,7919142.1,30076469,2.9993,0.94381,3.534,1.2353
2021-12-05 11:05,7902677.6,30321765,2.9486,0.94379,3.4867,1.4617
2021-12-05 11:10,7910139.3,30517317,2.9602,0.94305,3.4791,1.4927
2021-12-05 11:15,7916755.3,30543335,2.9379,0.94406,3.4269,0.78774
2021-12-05 11:20,7930337.7,30595243,2.9251,0.94384,3.4116,0.85148
2021-12-05 11:25,7932396.2,30381077,2.986,0.94538,3.4801,0.41993
2021-12-05 11:30,7936420.9,30198082,3.0602,0.94456,3.5819,0.7813
2021-12-05 11:35,7935766.1,30251140,3.0133,0.94344,3.5506,1.039
2021-12-05 11:40,7938485.7,30047168,3.0328,0.94281,3.553,0.73345
2021-12-05 11:45,7949406.3,30122812,3.0647,0.94191,3.5835,0.88078
2021-12-05 11:50,7955972.1,30000185,3.0373,0.94197,3.5688,1.1239
2021-12-05 11:55,7954608.1,30195692,3.0434,0.94147,3.5708,1.3706
2021-12-05 12:00,7964475,30500125,3.0367,0.94105,3.5768,1.1197
2021-12-05 12:05,7963793.5,30298134,3.0231,0.94201,3.5352,0.99531
2021-12-05 12:10,7958082.6,30399876,3.0465,0.94152,3.5617,0.85523
2021-12-05 12:15,7951450.1,30599488,3.0291,0.94247,3.5322,0.94662
2021-12-05 12:20,7940974.5,30528388,3.0411,0.94293,3.5324,0.53793
2021-12-05 12:25,7946578,30779302,3.0007,0.9437,3.4781,1.344
2021-12-05 12:30,7960581.2,30896333,2.9633,0.94364,3.414,0.63789
2021-12-05 12:35,7959732.4,31013590,2.9437,0.94448,3.4026,0.94075
2021-12-05 12:40,7962595.7,31039310,2.9416,0.9451,3.3764,0.61667
2021-12-05 12:45,7970872.5,31453874,2.8692,0.94789,3.2867,1.5618
2021-12-05 12:50,7978368.6,31116574,2.895,0.94991,3.3068,0.93501
2021-12-05 12:55,7961493.2,30946324,2.9067,0.94921,3.3242,1.0845
2021-12-05 13:00,7928020.8,30705225,2.9503,0.94786,3.3809,1.0306
2021-12-05 13:05,7917386.1,30379010,2.9014,0.94739,3.334,0.6493
2021-12-05 13:10,7908814.1,30425208,2.9261,0.94663,3.4014,1.3104
2021-12-05 13:15,7943991.9,30418073,2.9362,0.94784,3.406,0.96491
2021-12-05 13:20,7921006,30051193,3.0478,0.95311,3.5264,0.5761
2021-12-05 13:25,7917475.7,29983480,3.0156,0.95275,3.507,1.7226
2021-12-05 13:30,7891075.5,29776856,3.0793,0.95614,3.5904,0.60516
2021-12-05 13:35,7909429.8,29992048,3.0691,0.95388,3.6277,0.86013
2021-12-05 13:40,7925058.7,30178624,3.0813,0.95313,3.6594,0.82974
2021-12-05 13:45,7932524.5,30262581,3.1096,0.9492,3.707,1.6944
2021-12-05 13:50,7936413.1,30317098,3.1025,0.94883,3.7019,0.74595
2021-12-05 13:55,7929064.4,30265239,3.0987,0.94849,3.6942,0.96144
2021-12-05 14:00,7934470,30071641,3.0824,0.94892,3.6607,0.81495
2021-12-05 14:05,7961493.5,29632679,3.2057,0.95101,3.7772,0.55747
2021-12-05 14:10,7971084.6,29524897,3.3206,0.94922,3.8757,0.80446
2021-12-05 14:15,7934716,29122439,3.3856,0.95306,3.8991,0.77506
2021-12-05 14:20,7940334.8,28974282,3.311,0.95437,3.798,0.96544
2021-12-05 14:25,7947424.9,29222681,3.3272,0.95115,3.8335,0.99948
2021-12-05 14:30,7959786.6,29291517,3.3328,0.95222,3.8276,1.1602
2021-12-05 14:35,7963036.4,29248233,3.3036,0.95254,3.8013,0.84532
2021-12-05 14:40,7985838.1,29292054,3.3171,0.95133,3.8043,0.8206
2021-12-05 14:45,7967430,29280305,3.3844,0.95173,3.8878,1.2347
2021-12-05 14:50,7959956.1,29268759,3.4052,0.9515,3.8931,0.93208
2021-12-05 14:55,7969425.7,29008710,3.4344,0.95115,3.9294,0.61039
2021-12-05 15:00,7961271.3,28851647,3.4072,0.95001,3.8993,0.95354
2021-12-05 15:05,7949812.1,28723232,3.3336,0.95012,3.8229,1.1248
2021-12-05 15:10,7913874.2,28331147,3.4267,0.95197,3.8543,0.7842
2021-12-05 15:15,7948492.4,28439706,3.3533,0.95259,3.7645,1.0144
2021-12-05 15:20,7975314.4,28599477,3.3274,0.95065,3.7303,1.329
2021-12-05 15:25,7985724.9,28716197,3.3467,0.94942,3.7396,1.1422
2021-12-05 15:30,8003678.2,28429065,3.4677,0.94957,3.8574,0.6359
2021-12-05 15:35,7899688.5,27686033,3.4645,0.94969,3.8242,0.66454
2021-12-05 15:40,7851168,27463386,3.5056,0.94992,3.8515,0.81703
2021-12-05 15:45,7850536,27374819,3.5091,0.94943,3.8637,0.98995
2021-12-05 15:50,7824946.7,27176040,3.4806,0.95077,3.8054,1.1596
2021-12-05 15:55,7810705.4,27301695,3.4987,0.95281,3.8121,1.029
2021-12-05 16:00,7814256.8,27409132,3.4862,0.95276,3.8033,1.5925
2021-12-05 16:05,7797789.5,27518399,3.5017,0.95352,3.862,1.3432
2021-12-05 16:10,7802008.6,27611308,3.5581,0.95478,3.9112,1.0799
2021-12-05 16:15,7797891.4,27708591,3.5708,0.95422,3.9369,1.1956
2021-12-05 16:20,7791804.5,27576918,3.5773,0.95421,3.9666,0.94036
2021-12-05 16:25,7814327.1,27529874,3.5688,0.95314,3.9651,0.73814
2021-12-05 16:30,7844844.1,27494642,3.5421,0.95225,3.9316,0.7974
2021-12-05 16:35,7835923.8,27250501,3.6195,0.95216,3.9909,0.91915
2021-12-05 16:40,7834959.6,27131843,3.6667,0.95268,4.0507,0.8159
2021-12-05 16:45,7872731.6,27372882,3.7319,0.95242,4.1119,0.72732
2021-12-05 16:50,7885416,27606841,3.7025,0.95431,4.116,0.92611
2021-12-05 16:55,7919345.4,27480129,3.7138,0.95439,4.126,0.56302
2021-12-05 17:00,8021731.1,27458386,4.0233,0.96311,4.3842,0.55748
2021-12-05 17:05,7949774.4,27394923,3.876,0.96889,4.2823,1.4864
2021-12-05 17:10,7970861.6,27220492,3.9157,0.96725,4.2976,0.64699
2021-12-05 17:15,7964115.9,27389803,3.9184,0.96657,4.3129,1.8051
2021-12-05 17:20,7934122.4,27349329,3.8759,0.96853,4.2858,2.1266
2021-12-05 17:25,7945480.6,27467160,3.8676,0.96923,4.3106,1.0472
2021-12-05 17:30,7943729.9,27573872,3.7518,0.96856,4.2374,1.1663
2021-12-05 17:35,7924537.8,27704184,3.6906,0.96736,4.2056,1.707
2021-12-05 17:40,7922726.9,27713699,3.7434,0.96703,4.2664,1.4701
2021-12-05 17:45,7933496,27774926,3.7476,0.96611,4.2769,1.7194
2021-12-05 17:50,7936570.5,27755040,3.8082,0.96482,4.3288,0.94328
2021-12-05 17:55,7940846,27782805,3.823,0.96496,4.3108,1.1147
2021-12-05 18:00,7939357.1,27813328,3.823,0.96585,4.3443,1.5914
2021-12-05 18:05,7945254.2,27879897,3.8208,0.96528,4.3429,1.3663
2021-12-05 18:10,7959782.2,27755761,3.8266,0.96604,4.3507,0.59748
2021-12-05 18:15,7942613.8,27640296,3.8691,0.96575,4.4013,0.51525
2021-12-05 18:20,7961039.9,27740765,3.8614,0.96609,4.3888,2.0045
2021-12-05 18:25,7958456.4,27647678,3.8932,0.96661,4.4091,1.0149
2021-12-05 18:30,7951536,27520266,3.9328,0.96719,4.4383,0.5509
2021-12-05 18:35,8002807.9,27880272,3.932,0.96629,4.453,2.307
2021-12-05 18:40,8007645.4,28050782,3.8987,0.96363,4.4252,1.7003
2021-12-05 18:45,8008115.5,28148526,3.8855,0.96168,4.4398,1.4792
2021-12-05 18:50,8016574.8,28114856,3.9367,0.96034,4.4828,0.86702
2021-12-05 18:55,8029477.3,28028971,3.8765,0.95891,4.3714,0.431
2021-12-05 19:00,8022338.3,28005800,3.8533,0.95917,4.3853,1.0584
2021-12-05 19:05,8034942.7,27700712,3.9066,0.96188,4.4412,0.41256
2021-12-05 19:10,8006313.6,27663160,3.9155,0.96064,4.4639,1.4007
2021-12-05 19:15,8020656.7,27515916,3.928,0.95641,4.4835,0.74258
2021-12-05 19:20,8003427.2,27471234,3.9144,0.95616,4.4458,1.1325
2021-12-05 19:25,8001515.6,27501209,3.9108,0.95617,4.4601,1.0215
2021-12-05 19:30,7985204.1,27621918,3.9418,0.9566,4.5045,1.3107
2021-12-05 19:35,7994629.8,27573478,3.8983,0.95628,4.4253,0.91759
2021-12-05 19:40,7993983.9,27683166,3.9573,0.95633,4.4905,0.79635
2021-12-05 19:45,7999165.1,27811484,3.9629,0.95712,4.5017,1.2442
2021-12-05 19:50,8000476.6,27649647,3.9002,0.95736,4.4453,1.228
2021-12-05 19:55,8002793.6,27849722,3.8741,0.95845,4.4142,1.6718
2021-12-05 20:00,7974024.8,27829347,3.8215,0.95791,4.3788,0.84035
2021-12-05 20:05,7943338,27825513,3.8407,0.95955,4.4055,0.96319
2021-12-05 20:10,7942625.2,27807131,3.8707,0.95977,4.4104,1.1098
2021-12-05 20:15,7940180.8,27774752,3.8416,0.95894,4.3858,0.93397
2021-12-05 20:20,7936035.7,27606880,3.8821,0.96026,4.4236,1.0071
2021-12-05 20:25,7920249.9,27217133,3.927,0.9595,4.4811,0.52529
2021-12-05 20:30,7940881,26892258,3.973,0.95753,4.5261,0.70114
2021-12-05 20:35,7949647.1,27162453,3.8939,0.95659,4.4781,1.224
2021-12-05 20:40,7952117.1,27445231,3.8877,0.95698,4.4781,1.217
2021-12-05 20:45,7949519.6,27401994,3.9175,0.958,4.5054,1.0763
2021-12-05 20:50,7943385.4,27502974,3.9201,0.95831,4.4988,1.1373
2021-12-05 20:55,7933458,27466823,3.8866,0.95964,4.4682,1.0164
2021-12-05 21:00,7939562.4,27304155,3.9019,0.959,4.4587,0.97766
2021-12-05 21:05,7931079.5,27430160,3.9111,0.96062,4.4769,1.1115
2021-12-05 21:10,7921344.2,27059312,4.0227,0.95842,4.611,0.59662
2021-12-05 21:15,7934524.7,26707884,3.9616,0.95806,4.5264,0.81434
2021-12-05 21:20,7909395.3,26496474,3.9553,0.95654,4.5209,0.73648
2021-12-05 21:25,7891289,26869839,3.9336,0.95553,4.5076,1.2969
2021-12-05 21:30,7890653.1,26978143,3.9373,0.95647,4.5097,0.92896
2021-12-05 21:35,7912359.1,27060268,3.9309,0.95602,4.4725,1.3091
2021-12-05 21:40,7894817.3,26790421,3.9061,0.95591,4.4592,1.447
2021-12-05 21:45,7904453.3,27167606,3.9208,0.95592,4.4608,1.4548
2021-12-05 21:50,7880370.3,27176348,3.9559,0.95615,4.5,0.89955
2021-12-05 21:55,7884127,27310616,3.9108,0.95006,4.4588,1.9739
2021-12-05 22:00,7884660.9,27249388,3.9063,0.94998,4.4428,0.88362
2021-12-05 22:05,7893049.9,27002124,3.9906,0.94982,4.5295,0.61682
2021-12-05 22:10,7914284.6,27038867,4.1249,0.94929,4.6639,1.5017
2021-12-05 22:15,7921361.2,27028632,4.1472,0.94916,4.6855,0.88376
2021-12-05 22:20,7919270.5,27543223,3.9244,0.94918,4.4878,1.3381
2021-12-05 22:25,7927286.4,27618666,3.9006,0.94911,4.4724,1.2662
2021-12-05 22:30,7939668.7,27598288,3.8699,0.94805,4.4398,1.0823
2021-12-05 22:35,7952162,27525857,3.9568,0.95061,4.5265,0.4688
2021-12-05 22:40,7950915.3,27524762,3.8708,0.95,4.4395,1.4493
2021-12-05 22:45,7952304.9,27467261,3.8151,0.9496,4.3867,1.2224
2021-12-05 22:50,7966961.7,27780795,3.8038,0.94851,4.3699,1.7567
2021-12-05 22:55,7952535.3,27706633,3.8382,0.94858,4.4086,0.76962
2021-12-05 23:00,7968039.3,27990525,3.6881,0.94693,4.2327,1.8957
2021-12-05 23:05,7963788.9,27803594,3.7139,0.94719,4.2464,0.88585
2021-12-05 23:10,7951971.3,28249200,3.4089,0.94739,3.9529,1.9339
2021-12-05 23:15,7887153.6,27904749,3.5468,0.94635,4.1114,0.3889
2021-12-05 23:20,7837506.9,27783962,3.5728,0.94136,4.1353,0.87547
2021-12-05 23:25,7817758.3,27409061,3.5846,0.94083,4.1511,0.5579
2021-12-05 23:30,7820381.3,27590305,3.5281,0.93979,4.093,0.87196
2021-12-05 23:35,7827092.8,27504404,3.5302,0.93959,4.0977,0.67196
2021-12-05 23:40,7831352.2,27636842,3.5177,0.93943,4.0778,0.73387
2021-12-05 23:45,7884430.4,28479733,3.0864,0.94593,3.6018,1.4104
2021-12-05 23:50,8022375.3,28608269,3.421,0.94193,3.9863,0.96537
2021-12-05 23:55,7994518.5,28548426,3.4159,0.94049,4.0008,1.0303
2021-12-06 00:00,8091444,29083914,3.3561,0.94015,3.9379,1.409
2021-12-06 00:05,8121137.8,28900735,2.8647,0.93764,3.3936,0.64387
2021-12-06 00:10,8090766.1,28592767,2.8213,0.96146,3.3677,0.76314
2021-12-06 00:15,8075429.8,28352834,2.855,0.96273,3.3907,0.70551
2021-12-06 00:20,8049541.3,28149246,2.8194,0.9594,3.3408,0.94383
2021-12-06 00:25,8053742.9,28754913,2.7645,0.95812,3.2755,1.048
2021-12-06 00:30,8052113.7,28544743,2.7655,0.96126,3.2735,0.81941
2021-12-06 00:35,8013094.6,28494641,2.7495,0.96487,3.2486,1.1158
2021-12-06 00:40,8001292.3,28604620,2.6785,0.96354,3.189,0.93797
2021-12-06 00:45,7977091.8,28151157,2.7687,0.96276,3.2874,0.86815
2021-12-06 00:50,8007852.5,27662952,2.9264,0.96353,3.4478,0.70083
2021-12-06 00:55,7994290.1,28299787,2.8062,0.96271,3.3069,1.4854
2021-12-06 01:00,8003424.2,28508197,2.7625,0.96359,3.2718,1.1836
2021-12-06 01:05,8009929.1,28859775,2.6923,0.96454,3.1851,1.143
2021-12-06 01:10,7992017.7,28966858,2.4437,0.96666,2.9026,0.9572
2021-12-06 01:15,7965725,29057420,2.4334,0.96832,2.8831,1.0114
2021-12-06 01:20,8011696.4,29442984,2.5088,0.96962,2.9941,0.97943
2021-12-06 01:25,8046720,29412356,2.5304,0.97205,3.0081,1.053
2021-12-06 01:30,8033767.7,29227781,2.5214,0.97338,3.0094,0.69191
2021-12-06 01:35,8004431,28905836,2.5673,0.97228,3.0624,0.70634
2021-12-06 01:40,8023840.6,28813612,2.5911,0.97049,3.0872,0.82829
2021-12-06 01:45,8024900.1,29306935,2.5499,0.97263,3.0493,1.2953
2021-12-06 01:50,7939128,29527089,2.481,0.97245,2.9635,1.2483
2021-12-06 01:55,7916686.4,29686166,2.245,0.97235,2.6653,1.2531
2021-12-06 02:00,7939900.1,30195440,2.2428,0.97271,2.6627,1.0249
2021-12-06 02:05,7976902.9,30265674,2.238,0.973,2.6521,1.0708
2021-12-06 02:10,7935455.3,29948408,2.2466,0.97296,2.6626,0.68396
2021-12-06 02:15,7914925.9,29881276,2.236,0.97293,2.6549,1.0761
2021-12-06 02:20,7900301.5,29720934,2.3137,0.97155,2.7314,0.79243
2021-12-06 02:25,7912022.5,29830754,2.3387,0.97331,2.7807,1.1532
2021-12-06 02:30,7915625.2,29604438,2.4222,0.9756,2.8673,0.47106
2021-12-06 02:35,7899227.6,29620099,2.3851,0.97853,2.8348,1.241
2021-12-06 02:40,7907134.1,29560650,2.4106,0.97879,2.8694,1.1538
2021-12-06 02:45,7878952.4,29622894,2.3968,0.97806,2.8614,1.1956
2021-12-06 02:50,7914686.1,29450547,2.4712,0.97762,2.9419,0.57825
2021-12-06 02:55,7929450.3,29411230,2.5003,0.97717,2.9779,0.69088
2021-12-06 03:00,7921015.4,29288911,2.4914,0.97724,2.9601,0.85981
2021-12-06 03:05,7899025.5,29226073,2.4847,0.97773,2.948,0.93152
2021-12-06 03:10,7890306.3,29328815,2.4825,0.97775,2.9471,1.3875
2021-12-06 03:15,7880818.8,29268827,2.458,0.97782,2.9263,0.93344
2021-12-06 03:20,7897849.7,29482160,2.4553,0.97853,2.9511,0.91541
2021-12-06 03:25,7926947.9,29654712,2.43,0.97698,2.9139,1.1889
2021-12-06 03:30,7902170.6,29761659,2.4091,0.97729,2.9098,1.1422
2021-12-06 03:35,7895465.6,29426400,2.4287,0.97578,2.9378,0.73447
2021-12-06 03:40,7898371.9,29476724,2.4416,0.97543,2.9511,0.78824
2021-12-06 03:45,7878688.9,29291710,2.424,0.97446,2.9236,1.1604
2021-12-06 03:50,7861174.1,29306457,2.4341,0.9753,2.9346,1.0843
2021-12-06 03:55,7841561.7,29383637,2.4375,0.97581,2.9473,0.84916
2021-12-06 04:00,7843985.8,29080037,2.4586,0.97637,2.9774,1.1727
2021-12-06 04:05,7835400.1,29139853,2.4705,0.97516,2.9932,0.63311
2021-12-06 04:10,7828658.9,29141726,2.4778,0.97485,2.9989,0.96199
2021-12-06 04:15,7816397.4,28978017,2.4907,0.97505,3.0119,1.0519
2021-12-06 04:20,7824347.1,29007487,2.5,0.97434,3.0194,0.99767
2021-12-06 04:25,7810526.8,29094212,2.4898,0.97364,3.0023,1.3161
2021-12-06 04:30,7825715.9,29100591,2.4938,0.97354,3.0062,1.3361
2021-12-06 04:35,7831157.2,29119931,2.4941,0.97297,3.0034,0.89204
2021-12-06 04:40,7843420.5,29031079,2.5046,0.97157,3.0192,0.88035
2021-12-06 04:45,7839757.6,28955318,2.5149,0.9719,3.0254,0.6965
2021-12-06 04:50,7826587.2,28864391,2.5164,0.97219,3.0181,0.45629
2021-12-06 04:55,7832324,28595815,2.6019,0.97335,3.0837,0.49859
2021-12-06 05:00,7824052,28615914,2.5874,0.97351,3.0701,0.96121
2021-12-06 05:05,7823641.5,28693295,2.5627,0.9727,3.0509,0.99079
2021-12-06 05:10,7834724,28541900,2.6387,0.97253,3.1214,0.63194
2021-12-06 05:15,7831378.5,28443226,2.668,0.97336,3.1406,0.77326
2021-12-06 05:20,7808275.5,28494802,2.6837,0.97354,3.1516,1.5194
2021-12-06 05:25,7808417.8,28422641,2.6751,0.97332,3.1496,0.98916
2021-12-06 05:30,7805747.5,28444144,2.6744,0.97222,3.1603,1.0852
2021-12-06 05:35,7785683.4,28276888,2.6462,0.97174,3.1385,1.1176
2021-12-06 05:40,7769312.4,28249220,2.6622,0.97016,3.145,0.87416
2021-12-06 05:45,7784195,28098646,2.6824,0.97233,3.1601,0.55903
2021-12-06 05:50,7785249.1,28104749,2.6723,0.97152,3.1432,0.88925
2021-12-06 05:55,7775080.4,28052490,2.6994,0.97333,3.1605,0.86698
2021-12-06 06:00,7748260.6,27801683,2.7597,0.97555,3.2051,0.70858
2021-12-06 06:05,7757516.1,27717605,2.7527,0.97458,3.1865,0.71055
2021-12-06 06:10,7761625.5,27977638,2.7602,0.97524,3.2096,1.369
2021-12-06 06:15,7774953.1,27880982,2.7727,0.97534,3.2243,0.75678
2021-12-06 06:20,7768157.5,28097426,2.7638,0.97483,3.2338,1.6583
2021-12-06 06:25,7748709.8,27960664,2.7648,0.9743,3.2456,1.2436
2021-12-06 06:30,7751124.7,28018258,2.7981,0.97463,3.2812,0.95907
2021-12-06 06:35,7749586.2,27960507,2.779,0.97421,3.2617,0.98524
2021-12-06 06:40,7737845.5,27858953,2.7626,0.97407,3.2402,1.326
2021-12-06 06:45,7780492.2,27667430,2.7754,0.97188,3.2412,0.84319
2021-12-06 06:50,7775790.7,27487372,2.8245,0.97121,3.2882,0.75282
2021-12-06 06:55,7738085.3,27207562,2.8166,0.97285,3.2594,0.9122
2021-12-06 07:00,7738750,27070148,2.816,0.97271,3.2548,0.86045
2021-12-06 07:05,7732388,26924175,2.8533,0.97369,3.2914,0.68051
2021-12-06 07:10,7721872.6,27122535,2.8447,0.97225,3.3237,1.5651
2021-12-06 07:15,7732156.1,27047082,2.8725,0.97205,3.3507,0.95326
2021-12-06 07:20,7749175.7,26925970,2.9216,0.97316,3.3978,0.56236
2021-12-06 07:25,7748932.4,26781956,2.891,0.97363,3.3375,0.89217
2021-12-06 07:30,7825009,26738056,2.9069,0.97434,3.3758,0.77447
2021-12-06 07:35,7762528.5,26772912,2.8636,0.97427,3.331,1.4201
2021-12-06 07:40,7781017,26797823,2.8611,0.97374,3.335,1.2978
2021-12-06 07:45,7776592.3,26728148,2.907,0.97331,3.3711,0.79025
2021-12-06 07:50,7750670.7,26574941,2.9421,0.97282,3.4129,0.74724
2021-12-06 07:55,7718775,26560305,2.9498,0.9727,3.4416,1.2459
2021-12-06 08:00,7695544.7,26542721,2.9275,0.97228,3.4323,1.2838
2021-12-06 08:05,7584680.9,27145573,2.8194,0.97164,3.3546,1.6072
2021-12-06 08:10,7577721.8,26715077,2.8184,0.97008,3.3361,0.87701
2021-12-06 08:15,7599419.5,26537173,2.8812,0.96729,3.4,0.99943
2021-12-06 08:20,7585828.3,26527642,2.9284,0.9659,3.458,0.98039
2021-12-06 08:25,7575792.9,26038000,2.9501,0.96631,3.4719,0.71788
2021-12-06 08:30,7569210.6,26179001,2.8833,0.96446,3.4084,1.1254
2021-12-06 08:35,7575198.8,25945056,2.9093,0.96275,3.4319,0.85246
2021-12-06 08:40,7580968.9,25995142,2.9099,0.96317,3.4349,0.95921
2021-12-06 08:45,7569798.6,26211279,2.8725,0.96224,3.4139,1.3422
2021-12-06 08:50,7582915.2,26507135,2.8535,0.96219,3.4,1.115
2021-12-06 08:55,7603509.1,26500064,2.8651,0.96211,3.4077,0.91556
2021-12-06 09:00,7640404.7,26649732,2.8503,0.96268,3.3964,1.0837
2021-12-06 09:05,7661844.9,26954370,2.8112,0.96297,3.3658,1.2123
2021-12-06 09:10,7679157.8,26615961,2.8156,0.96411,3.3471,0.84313
2021-12-06 09:15,7701051.1,26597840,2.8752,0.95461,3.4098,0.67722
2021-12-06 09:20,7695660.5,26840263,2.8518,0.95403,3.3798,1.1557
2021-12-06 09:25,7690114.9,26546277,2.8702,0.95351,3.409,0.8603
2021-12-06 09:30,7650922.7,26459978,2.9107,0.95688,3.454,1.3402
2021-12-06 09:35,7676553.2,26022561,3.0291,0.95733,3.5827,0.59978
2021-12-06 09:40,7611261.7,25657245,3.0285,0.95399,3.5819,0.87521
2021-12-06 09:45,7552552.6,25255736,3.064,0.95253,3.5745,0.67736
2021-12-06 09:50,7551340.4,25334747,3.0044,0.95256,3.5361,1.1162
2021-12-06 09:55,7577367.5,25535728,2.928,0.95375,3.4512,1.2833
2021-12-06 10:00,7567991.2,25182936,2.9755,0.95418,3.5,0.90912
2021-12-06 10:05,7568295.8,25498245,2.9371,0.95584,3.4545,1.8155
2021-12-06 10:10,7541755.6,25446723,2.9956,0.95644,3.5132,0.95156
2021-12-06 10:15,7538386.9,25331406,2.9906,0.95567,3.5049,0.70488
2021-12-06 10:20,7545891.8,25259654,2.9279,0.9553,3.4365,0.86024
2021-12-06 10:25,7538623.9,25088540,2.9411,0.95463,3.4577,0.78567
2021-12-06 10:30,7513065.3,24896780,2.9635,0.95437,3.4744,0.48858
2021-12-06 10:35,7453713.7,24567440,3.074,0.95129,3.5494,0.60775
2021-12-06 10:40,7434083,24346622,3.0536,0.95252,3.5208,0.94683
2021-12-06 10:45,7416335.1,24392326,3.0574,0.95273,3.5296,1.0326
2021-12-06 10:50,7434986.7,24410836,3.0436,0.95288,3.5238,1.0319
2021-12-06 10:55,7436074.3,24186058,3.1153,0.95364,3.5766,0.54809
2021-12-06 11:00,7457778.2,24304899,3.0407,0.95302,3.5097,1.6612
2021-12-06 11:05,7481773.3,24138531,3.0565,0.95374,3.5137,0.66533
2021-12-06 11:10,7538745,24259681,2.9825,0.95175,3.4436,1.0411
2021-12-06 11:15,7538121.7,24289604,3.0207,0.9516,3.4853,1.03
2021-12-06 11:20,7524700.8,24418698,3.0453,0.9508,3.5222,1.6478
2021-12-06 11:25,7502883.8,24313956,3.0794,0.9513,3.5624,1.3241
2021-12-06 11:30,7504260.1,24451252,3.091,0.95058,3.5673,1.2506
2021-12-06 11:35,7524847.5,24562138,3.0393,0.94966,3.5144,1.3347
2021-12-06 11:40,7533012.3,24580219,2.971,0.95013,3.434,0.76437
2021-12-06 11:45,7493156,25055033,2.9085,0.94844,3.3938,1.6635
2021-12-06 11:50,7504930.2,25032862,2.9746,0.95211,3.4683,0.85854
2021-12-06 11:55,7483179.7,25270698,2.8447,0.95145,3.34,1.1595
2021-12-06 12:00,7489178.1,25395803,2.8222,0.95316,3.3139,1.0217
2021-12-06 12:05,7463363.6,25231446,2.8641,0.95424,3.3521,0.86247
2021-12-06 12:10,7458183,25218140,2.8055,0.95381,3.2897,1.0704
2021-12-06 12:15,7485920.4,25205094,2.7811,0.95094,3.2586,0.9505
2021-12-06 12:20,7495964.9,25238914,2.8022,0.95001,3.2509,0.88525
2021-12-06 12:25,7528677.1,25194439,2.8581,0.95221,3.3064,0.65307
2021-12-06 12:30,7511221.1,25642419,2.8055,0.9525,3.2868,1.2688
2021-12-06 12:35,7464076.6,25508965,2.8193,0.95387,3.3016,1.5231
2021-12-06 12:40,7462265.8,25561990,2.8082,0.95349,3.3041,1.223
2021-12-06 12:45,7447647.5,25336897,2.8287,0.95323,3.3287,0.79615
2021-12-06 12:50,7428668.9,25284798,2.8188,0.95329,3.3129,1.0241
2021-12-06 12:55,7426979.1,25170032,2.8334,0.95276,3.3236,0.81486
2021-12-06 13:00,7429264.5,25067536,2.8353,0.95307,3.3159,0.74635
2021-12-06 13:05,7429353.1,25164498,2.8079,0.95204,3.2902,0.9757
2021-12-06 13:10,7442097.2,25310573,2.7993,0.9526,3.2956,1.1052
2021-12-06 13:15,7441485,25147051,2.8181,0.95094,3.3077,0.83277
2021-12-06 13:20,7425891.8,25115652,2.8058,0.94921,3.2978,1.1404
2021-12-06 13:25,7431410.6,25043100,2.7902,0.94894,3.279,0.68296
2021-12-06 13:30,7439146.7,25181512,2.7957,0.94823,3.2702,0.99813
2021-12-06 13:35,7430083,24942789,2.8724,0.94864,3.338,0.4991
2021-12-06 13:40,7446840,25058316,2.8694,0.9474,3.3245,0.8376
2021-12-06 13:45,7450175.1,25054939,2.8341,0.94752,3.2865,1.5185
2021-12-06 13:50,7457800,24770893,2.9427,0.94833,3.4079,0.6672
2021-12-06 13:55,7456315.9,24911551,2.9569,0.94682,3.4361,1.1875
2021-12-06 14:00,7455596.2,24902319,2.9721,0.94753,3.4705,1.0422
2021-12-06 14:05,7454301.1,24896026,2.949,0.94692,3.4394,1.331
2021-12-06 14:10,7449158.6,24928374,2.9642,0.94641,3.4436,1.1556
2021-12-06 14:15,7444243.2,24953103,2.9489,0.94608,3.438,0.73529
2021-12-06 14:20,7414309.2,24978808,2.9106,0.94738,3.3932,1.4713
2021-12-06 14:25,7430633.3,25204708,2.89,0.94618,3.3709,1.6204
2021-12-06 14:30,7415079.3,25035147,2.8912,0.94588,3.3751,0.73097
2021-12-06 14:35,7401734.4,24764174,2.922,0.9465,3.4314,0.80402
2021-12-06 14:40,7432725.4,24424780,3.0215,0.94141,3.5243,0.65173
2021-12-06 14:45,7430339.8,24789467,2.9859,0.93917,3.4967,1.0038
2021-12-06 14:50,7456083.7,24687093,2.9705,0.94849,3.4751,0.69554
2021-12-06 14:55,7452837.9,24844311,2.9594,0.94654,3.4633,1.1149
2021-12-06 15:00,7475308.7,25038753,2.9304,0.94549,3.4282,0.82782
2021-12-06 15:05,7471534.3,24992282,2.9066,0.9463,3.4065,1.1198
2021-12-06 15:10,7482447.9,24964972,2.9238,0.94535,3.4289,0.84458
2021-12-06 15:15,7459054.4,25163168,2.9354,0.94493,3.4323,1.2573
2021-12-06 15:20,7471408.6,25340252,2.8993,0.94486,3.385,1.2957
2021-12-06 15:25,7433493,25365527,2.887,0.95004,3.3825,1.229
2021-12-06 15:30,7443252.1,25500582,2.8459,0.94762,3.3484,1.4944
2021-12-06 15:35,7409793.5,25363356,2.7902,0.95119,3.2888,1.2126
2021-12-06 15:40,7398355.7,25306158,2.8125,0.95043,3.305,1.0502
2021-12-06 15:45,7375053,25180936,2.8358,0.95366,3.3471,0.79516
2021-12-06 15:50,7365459.4,25374008,2.8239,0.95294,3.356,1.5348
2021-12-06 15:55,7351946.6,25397788,2.81,0.95177,3.3443,1.4796
2021-12-06 16:00,7303054.6,25458448,2.7739,0.96397,3.3196,1.3181
2021-12-06 16:05,7325326.4,25580040,2.7795,0.95973,3.3387,1.0003
2021-12-06 16:10,7321046.9,25528491,2.7892,0.95887,3.3286,1.0597
2021-12-06 16:15,7311183.4,25331299,3.4087,0.95934,3.9877,0.75803
2021-12-06 16:20,7305673,25415906,3.4017,0.95785,3.9702,1.3252
2021-12-06 16:25,7331807.6,25485363,3.4441,0.95633,4.0131,0.69634
2021-12-06 16:30,7346939.8,25630218,3.4537,0.95681,4.0254,1.2051
2021-12-06 16:35,7348779.9,26033354,3.3007,0.9558,3.917,1.7348
2021-12-06 16:40,7339613.1,26062423,3.2942,0.95408,3.9172,0.96043
2021-12-06 16:45,7330799.4,26088280,3.2895,0.95212,3.928,0.9647
2021-12-06 16:50,7334228.9,25963170,3.2154,0.95283,3.8279,0.84071
2021-12-06 16:55,7334065.6,26021265,3.272,0.95205,3.8628,0.49993
2021-12-06 17:00,7330406.7,26015613,3.2604,0.95361,3.8575,1.049
2021-12-06 17:05,7372832.4,26059174,3.2134,0.95022,3.8208,0.84041
2021-12-06 17:10,7370435.8,26054491,3.2397,0.95141,3.8491,0.67246
2021-12-06 17:15,7366110.5,26059827,3.2534,0.95191,3.8757,1.3288
2021-12-06 17:20,7350332.4,26086434,3.2328,0.95414,3.8669,1.4247
2021-12-06 17:25,7342805.7,25883390,3.2684,0.95417,3.8926,0.48501
2021-12-06 17:30,7335726.9,25997816,3.2357,0.95331,3.8615,1.5437
2021-12-06 17:35,7340240,25947748,3.218,0.95373,3.8564,0.74282
2021-12-06 17:40,7356472.4,25915906,3.1988,0.95357,3.8201,0.73551
2021-12-06 17:45,7353381,25829934,3.2462,0.95631,3.8283,0.56079
2021-12-06 17:50,7352776.7,25906081,3.1211,0.95457,3.7049,0.94877
2021-12-06 17:55,7341991.1,25638233,3.1587,0.95499,3.7305,0.3769
2021-12-06 18:00,7350765.7,25757083,3.1544,0.9556,3.7172,1.1146
2021-12-06 18:05,7353387.3,25707391,3.0905,0.95629,3.6445,0.84284
2021-12-06 18:10,7340069,25624181,3.1532,0.95667,3.6927,0.69788
2021-12-06 18:15,7337024.7,25549149,3.16,0.95728,3.6968,0.79248
2021-12-06 18:20,7328885.4,25438561,3.1261,0.95663,3.6452,0.61305
2021-12-06 18:25,7334598.6,25632619,3.1311,0.95618,3.6683,1.5012
2021-12-06 18:30,7329243.2,25654723,3.1447,0.95475,3.6973,1.3421
2021-12-06 18:35,7313875.5,25852924,3.0683,0.95476,3.6428,1.3032
2021-12-06 18:40,7272252.9,25817774,2.9905,0.95637,3.5579,1.1534
2021-12-06 18:45,7270674.8,25796806,2.9858,0.9551,3.5593,1.3335
2021-12-06 18:50,7247974.6,25573130,3.0539,0.95427,3.6319,0.69067
2021-12-06 18:55,7255339.9,25708350,3.0127,0.95275,3.5946,1.3219
2021-12-06 19:00,7251095.8,25850157,3.0032,0.95202,3.5878,2.0694
2021-12-06 19:05,7252518.3,25880706,2.9145,0.94882,3.4979,0.6931
2021-12-06 19:10,7265539.1,25948657,2.9183,0.94991,3.5139,1.1161
2021-12-06 19:15,7276227.7,25888818,2.9252,0.95008,3.5122,0.86461
2021-12-06 19:20,7269719.4,25947244,2.9252,0.94989,3.5087,1.2816
2021-12-06 19:25,7272219.6,25930055,2.9168,0.94972,3.4993,0.95487
2021-12-06 19:30,7268714.1,25876622,2.9314,0.9498,3.5042,1.1863
2021-12-06 19:35,7274569.1,25890191,2.9169,0.94718,3.4852,1.1565
2021-12-06 19:40,7268854.1,26031919,2.9213,0.94772,3.4959,1.1369
2021-12-06 19:45,7255198.1,25712422,2.9842,0.94906,3.544,0.26737
2021-12-06 19:50,7244903.6,25726215,2.9475,0.94684,3.5139,1.0798
2021-12-06 19:55,7247852.3,25802354,2.9275,0.94597,3.4934,0.9415
2021-12-06 20:00,7240041.7,25663100,2.9631,0.94622,3.5271,0.53732
2021-12-06 20:05,7255836.2,25708179,2.8335,0.94394,3.4004,0.81062
2021-12-06 20:10,7261434.2,25744446,2.9025,0.94325,3.4818,0.6214
2021-12-06 20:15,7253872.6,25693217,2.8821,0.93992,3.4576,0.7884
2021-12-06 20:20,7258561.4,25736360,2.8754,0.93823,3.4498,0.82753
2021-12-06 20:25,7257193.9,25726752,2.8768,0.9381,3.4583,0.71469
2021-12-06 20:30,7260390.4,25970416,2.8094,0.93854,3.3632,1.7783
2021-12-06 20:35,7280679.3,25945302,2.8203,0.93831,3.3833,0.60635
2021-12-06 20:40,7314050.9,26346367,2.8137,0.94041,3.3621,1.6687
2021-12-06 20:45,7311779.9,26322408,2.7789,0.93915,3.3378,0.88701
2021-12-06 20:50,7304837.7,26259811,2.7849,0.93896,3.3417,0.75871
2021-12-06 20:55,7284233.1,26121260,2.7716,0.93644,3.3298,0.78543
2021-12-06 21:00,7275085.9,25862930,2.8157,0.93698,3.3933,0.63596
2021-12-06 21:05,7270685.4,25821713,2.8313,0.93857,3.4084,0.62632
2021-12-06 21:10,7257867.7,25978636,2.8554,0.93763,3.433,0.84125
2021-12-06 21:15,7281081.8,25898808,2.8474,0.93781,3.4231,0.57631
2021-12-06 21:20,7290356.9,26143220,2.7894,0.93651,3.3644,1.8934
2021-12-06 21:25,7287119.1,26187113,2.771,0.93533,3.3439,1.0781
2021-12-06 21:30,7271196.7,26459138,2.7059,0.93219,3.29,1.7875
2021-12-06 21:35,7292732.8,26465327,2.7436,0.93385,3.3158,0.94632
2021-12-06 21:40,7310505.2,26880728,2.7155,0.92903,3.2844,1.0829
2021-12-06 21:45,7314149.9,26769789,2.7179,0.9291,3.2866,0.97071
2021-12-06 21:50,7379631.6,27607202,2.6583,0.92996,3.2097,1.1445
2021-12-06 21:55,7354432.1,27393436,2.704,0.92821,3.2526,1.0525
2021-12-06 22:00,7357318.2,27393579,2.6908,0.92638,3.2223,1.1113
2021-12-06 22:05,7362933.4,27500556,2.6351,0.92582,3.163,1.0287
2021-12-06 22:10,7380375.1,27632124,2.6191,0.92603,3.1327,1.1879
2021-12-06 22:15,7371125.8,27641722,2.5913,0.92576,3.0986,1.0777
2021-12-06 22:20,7397612,27925536,2.6017,0.92389,3.1007,0.95397
2021-12-06 22:25,7473106.1,28031621,2.6293,0.92149,3.1271,0.62619
2021-12-06 22:30,7382449.2,27676802,2.6266,0.92194,3.1115,0.45352
2021-12-06 22:35,7399332.1,27709904,2.6001,0.92407,3.0916,0.60984
2021-12-06 22:40,7409402.6,27866763,2.5655,0.92479,3.0361,0.83547
2021-12-06 22:45,7398997.2,27947661,2.589,0.92439,3.0656,1.8818
2021-12-06 22:50,7423995.2,27868369,2.6087,0.92379,3.0773,0.51312
2021-12-06 22:55,7451861.4,28033903,2.5852,0.92282,3.0654,1.0754
2021-12-06 23:00,7458685.9,28029742,2.6188,0.92268,3.0977,0.80859
2021-12-06 23:05,7466031.2,27990151,2.5745,0.92258,3.0524,0.9994
2021-12-06 23:10,7456976.1,27971117,2.5789,0.92261,3.0555,1.118
2021-12-06 23:15,7441541.1,27749507,2.6169,0.92279,3.0769,0.5318
2021-12-06 23:20,7448293.3,27588478,2.6394,0.92374,3.0883,0.59828
2021-12-06 23:25,7446224,27670191,2.6403,0.92306,3.0914,0.94173
2021-12-06 23:30,7432973.6,27554033,2.6568,0.92295,3.0948,0.86514
2021-12-06 23:35,7432021.5,27659072,2.6201,0.9237,3.0705,1.2505
2021-12-06 23:40,7423891.3,27476457,2.6537,0.92298,3.1129,0.54385
2021-12-06 23:45,7405687.2,27497317,2.6589,0.92251,3.1179,1.5424
2021-12-06 23:50,7388891.5,27357174,2.641,0.92238,3.0901,1.1779
2021-12-06 23:55,7371907.6,27377037,2.6336,0.92148,3.0849,1.385
2021-12-07 00:00,7355329.9,27285184,2.6495,0.92097,3.1183,1.5144
2021-12-07 00:05,7345650.5,27379786,2.6731,0.92065,3.1555,1.3866
2021-12-07 00:10,7326545.9,27123142,2.7179,0.92982,3.1671,0.59881
2021-12-07 00:15,7281978.5,27365675,2.62,0.93431,3.0665,1.636
2021-12-07 00:20,7317828.2,27111588,2.7324,0.93452,3.176,0.43123
2021-12-07 00:25,7331520.1,27317244,2.7331,0.935,3.185,1.4737
2021-12-07 00:30,7299051.6,27283855,2.6821,0.93592,3.1372,1.1579
2021-12-07 00:35,7298174.6,27280577,2.6793,0.93521,3.1364,0.74483
2021-12-07 00:40,7295210.9,27245666,2.6765,0.93532,3.128,0.49954
2021-12-07 00:45,7295887.4,27286619,2.6856,0.93595,3.1493,0.81396
2021-12-07 00:50,7302696.2,27290176,2.7035,0.93575,3.1713,1.0407
2021-12-07 00:55,7311820.5,27300816,2.6929,0.93657,3.1628,1.2585
2021-12-07 01:00,7314343.5,27611454,2.6387,0.93615,3.1064,1.971
2021-12-07 01:05,7341272.6,27698055,2.6461,0.93573,3.1277,0.70916
2021-12-07 01:10,7331126.7,27590050,2.65,0.93603,3.1228,0.78356
2021-12-07 01:15,7336289.2,27609911,2.6632,0.93573,3.128,0.93276
2021-12-07 01:20,7329225.7,27468565,2.7052,0.93574,3.1697,0.7401
2021-12-07 01:25,7340676.6,27622966,2.6956,0.93633,3.1563,1.2088
2021-12-07 01:30,7354877.5,27382209,2.7184,0.93542,3.1767,0.53148
2021-12-07 01:35,7353633.9,27310476,2.6884,0.9357,3.1326,0.78096
2021-12-07 01:40,7348313,27134494,2.7085,0.93451,3.1538,0.71477
2021-12-07 01:45,7348385.3,27211071,2.7135,0.93455,3.1485,0.97188
2021-12-07 01:50,7348494.4,27275686,2.6853,0.93466,3.1225,1.3094
2021-12-07 01:55,7351286.4,27324732,2.6968,0.93523,3.1276,0.59837
2021-12-07 02:00,7354327.7,27222637,2.7148,0.93566,3.1512,0.88216
2021-12-07 02:05,7331892.7,27250437,2.7153,0.93546,3.1459,1.3033
2021-12-07 02:10,7349205.7,27383140,2.7186,0.93477,3.1592,1.3546
2021-12-07 02:15,7333206.5,27185278,2.7113,0.93431,3.152,0.84923
2021-12-07 02:20,7333217.1,27206235,2.6911,0.93479,3.1343,1.4895
2021-12-07 02:25,7327778.9,27134554,2.7008,0.93471,3.1425,1.0345
2021-12-07 02:30,7326923.2,27117829,2.7367,0.93501,3.174,0.67982
2021-12-07 02:35,7340185.9,27048585,2.7681,0.93503,3.1931,0.69022
2021-12-07 02:40,7339392,27015404,2.7695,0.93484,3.1889,1.9326
2021-12-07 02:45,7347254.3,26971771,2.7753,0.93431,3.1842,0.74049
2021-12-07 02:50,7355523.6,26968410,2.7702,0.9348,3.163,1.3941
2021-12-07 02:55,7368321.5,27122358,2.7472,0.93522,3.1355,1.6666
2021-12-07 03:00,7386385,27093260,2.755,0.93583,3.1472,0.89283
2021-12-07 03:05,7383000.7,27206358,2.7609,0.93524,3.1559,2.0661
2021-12-07 03:10,7363926.3,27206222,2.762,0.93623,3.1703,1.3709
2021-12-07 03:15,7360346.1,27189118,2.7733,0.93564,3.1861,1.0058
2021-12-07 03:20,7355144,27172851,2.7607,0.93579,3.1746,1.5314
2021-12-07 03:25,7345806.4,27249571,2.7681,0.93618,3.1891,1.313
2021-12-07 03:30,7343919.7,27187191,2.7776,0.93612,3.2074,0.75706
2021-12-07 03:35,7351509.6,27435834,2.7231,0.93512,3.1644,1.7209
2021-12-07 03:40,7336286.3,27525746,2.615,0.93659,3.0662,1.9296
2021-12-07 03:45,7308028.8,27558577,2.5504,0.93894,3.0189,1.4338
2021-12-07 03:50,7345923.3,27495791,2.5775,0.93886,3.028,1.3505
2021-12-07 03:55,7344361.7,27680899,2.5668,0.93642,3.0342,0.94808
2021-12-07 04:00,7340917.5,27609191,2.5675,0.9369,3.0329,0.69037
2021-12-07 04:05,7328770.2,27900628,2.4919,0.93621,2.9593,1.4022
2021-12-07 04:10,7347670.2,27994623,2.4883,0.93557,2.9624,1.3895
2021-12-07 04:15,7334942.4,27916791,2.52,0.93453,2.9916,0.82057
2021-12-07 04:20,7342888.8,27983807,2.523,0.93441,2.9976,1.2269
2021-12-07 04:25,7358854.9,28010380,2.5148,0.9336,2.988,0.96281
2021-12-07 04:30,7372040.7,28102528,2.5054,0.9331,2.9702,1.597
2021-12-07 04:35,7378923.6,27988257,2.5409,0.93197,2.9952,0.4517
2021-12-07 04:40,7376548.4,27816964,2.5316,0.93315,2.9547,0.47613
2021-12-07 04:45,7378621.5,27836229,2.5279,0.93315,2.9522,0.90775
2021-12-07 04:50,7376709.8,27765936,2.5272,0.93282,2.9481,0.8697
2021-12-07 04:55,7379755.1,27819683,2.5262,0.93272,2.9611,1.0219
2021-12-07 05:00,7368469.9,27791539,2.5297,0.93246,2.9706,0.84486
2021-12-07 05:05,7376108.7,27903819,2.5091,0.93237,2.9611,1.3354
2021-12-07 05:10,7369571.3,27989632,2.4906,0.93185,2.944,1.2208
2021-12-07 05:15,7350459.3,28269866,2.4363,0.93058,2.8818,1.4218
2021-12-07 05:20,7336132.4,28332143,2.3635,0.9322,2.7864,1.5053
2021-12-07 05:25,7326207.1,28074026,2.4292,0.93215,2.8749,0.63411
2021-12-07 05:30,7337700.3,28045939,2.4554,0.93162,2.9009,1.1118
2021-12-07 05:35,7324971.2,27922790,2.4879,0.9328,2.9372,0.85354
2021-12-07 05:40,7316135.1,27881791,2.4956,0.9323,2.9577,0.68421
2021-12-07 05:45,7316872.4,28177276,2.4776,0.93169,2.9689,1.6106
2021-12-07 05:50,7326161.3,28164908,2.4816,0.93258,2.9643,1.0148
2021-12-07 05:55,7303212.6,28321858,2.4499,0.93265,2.9552,2.2821
2021-12-07 06:00,7315913.2,28274969,2.4638,0.93138,2.9639,1.2177
2021-12-07 06:05,7313384.3,27937128,2.5054,0.93208,3.0071,0.49436
2021-12-07 06:10,7321295.1,28003954,2.4963,0.93126,3.017,1.6303
2021-12-07 06:15,7304623.4,27920125,2.5562,0.93121,3.0857,0.78135
2021-12-07 06:20,7293709.7,27840090,2.5272,0.93175,3.0477,1.4975
2021-12-07 06:25,7285036.9,27722520,2.5414,0.93227,3.0689,0.77684
2021-12-07 06:30,7308868.5,27861407,2.5695,0.93182,3.0977,0.58626
2021-12-07 06:35,7303860.3,27920444,2.5623,0.93143,3.1049,0.82044
2021-12-07 06:40,7303955.5,27893806,2.5551,0.93107,3.0982,0.66773
2021-12-07 06:45,7302477.9,27707310,2.5976,0.93147,3.1225,0.41081
2021-12-07 06:50,7338822.7,27748089,2.6611,0.93256,3.1841,0.63975
2021-12-07 06:55,7347830.9,27726264,2.6806,0.93205,3.2011,0.81128
2021-12-07 07:00,7334771.1,27762109,2.6919,0.93246,3.2312,1.3213
2021-12-07 07:05,7297416.8,27606355,2.7171,0.93136,3.2759,2.3322
2021-12-07 07:10,7294518.4,27644801,2.7163,0.93169,3.2755,1.2178
2021-12-07 07:15,7294076.6,27570178,2.7011,0.93192,3.2488,0.66889
2021-12-07 07:20,7291304.3,27517382,2.7054,0.9317,3.2586,0.88675
2021-12-07 07:25,7292723.4,27462196,2.7198,0.93257,3.2613,0.84224
2021-12-07 07:30,7278885.2,27441397,2.7376,0.93175,3.2999,1.1418
2021-12-07 07:35,7259991.7,27264985,2.7512,0.93195,3.319,0.75362
2021-12-07 07:40,7263797.6,27389538,2.7458,0.93167,3.3236,1.2611
2021-12-07 07:45,7257836.9,27318498,2.7298,0.93178,3.3098,1.3743
2021-12-07 07:50,7250739.6,27219276,2.7516,0.93233,3.3143,0.64963
2021-12-07 07:55,7238684.8,27494415,2.7004,0.93261,3.2679,1.6875
2021-12-07 08:00,7244157.3,27757232,2.5997,0.93607,3.1505,1.2724
2021-12-07 08:05,7266815.6,27817370,2.5993,0.93592,3.1275,1.0446
2021-12-07 08:10,7246331.3,27521223,2.624,0.93524,3.1557,0.90574
2021-12-07 08:15,7257832,27596500,2.6285,0.93561,3.1629,0.98636
2021-12-07 08:20,7265441,27724923,2.6338,0.93582,3.1764,1.1933
2021-12-07 08:25,7264797.7,27766057,2.6386,0.93515,3.1868,0.91781
2021-12-07 08:30,7268858.4,27797883,2.6466,0.93459,3.2009,0.99654
2021-12-07 08:35,7287319.8,28209215,2.5658,0.92926,3.1147,1.952
2021-12-07 08:40,7286331.8,28008659,2.5821,0.92942,3.1261,0.54943
2021-12-07 08:45,7308636.2,28414856,2.5523,0.93023,3.1108,1.3607
2021-12-07 08:50,7302237.1,28179333,2.5697,0.93034,3.1363,0.9518
2021-12-07 08:55,7313840.3,28589802,2.5613,0.92855,3.1482,1.3654
2021-12-07 09:00,7301403.2,28823665,2.5205,0.93141,3.1042,1.2963
2021-12-07 09:05,7286805.1,28556989,2.5347,0.93222,3.1121,0.82636
2021-12-07 09:10,7284557.6,28358783,2.5557,0.93299,3.1349,0.91465
2021-12-07 09:15,7296216.3,28580569,2.5508,0.93324,3.1215,1.1623
2021-12-07 09:20,7291777.2,28470163,2.5841,0.93229,3.1512,0.64784
2021-12-07 09:25,7271563.3,28424541,2.5505,0.93194,3.1141,0.72162
2021-12-07 09:30,7279603.1,28215742,2.6027,0.93205,3.1607,0.74014
2021-12-07 09:35,7284107.5,28413147,2.5893,0.93164,3.1475,1.2368
2021-12-07 09:40,7285967,28437129,2.583,0.93117,3.1367,0.87839
2021-12-07 09:45,7289637.1,28509771,2.5594,0.93074,3.118,1.0066
2021-12-07 09:50,7297818.2,28410406,2.5557,0.9311,3.1181,0.55913
2021-12-07 09:55,7301994.3,28419362,2.5594,0.93133,3.1129,0.68869
2021-12-07 10:00,7305032.3,28314305,2.5605,0.93183,3.1185,1.022
2021-12-07 10:05,7284274.5,28027093,2.6088,0.93246,3.153,0.48967
2021-12-07 10:10,7279724.3,28013046,2.5989,0.932,3.1479,1.4323
2021-12-07 10:15,7271304,27958164,2.5675,0.93291,3.1125,1.3774
2021-12-07 10:20,7279542.6,28084475,2.5717,0.93345,3.1137,1.0972
2021-12-07 10:25,7273442,27951838,2.5695,0.93364,3.1153,0.94783
2021-12-07 10:30,7277329.3,27949654,2.5935,0.93378,3.1478,1.0575
2021-12-07 10:35,7285765.7,28119053,2.588,0.93387,3.1551,1.7838
2021-12-07 10:40,7294659.7,28173276,2.6123,0.93386,3.1876,1.2481
2021-12-07 10:45,7309880.9,28277157,2.6375,0.93399,3.2273,0.91294
2021-12-07 10:50,7308804.6,28175442,2.635,0.93389,3.2272,0.67205
2021-12-07 10:55,7322142.3,28138510,2.6655,0.93352,3.2736,0.66358
2021-12-07 11:00,7320682.3,28169985,2.6651,0.93317,3.2736,0.7346
2021-12-07 11:05,7334889.3,28314088,2.6471,0.93165,3.2678,1.5452
2021-12-07 11:10,7346590.3,28409265,2.6227,0.932,3.2348,1.5643
2021-12-07 11:15,7338678.1,28341975,2.6286,0.93185,3.2333,0.93552
2021-12-07 11:20,7340497.1,28475717,2.6503,0.932,3.2546,1.6252
2021-12-07 11:25,7330680.2,28179135,2.6782,0.93358,3.2736,0.52461
2021-12-07 11:30,7326751.9,28392750,2.6653,0.93262,3.2653,1.9483
2021-12-07 11:35,7333279.8,28281768,2.6662,0.93284,3.2602,0.53255
2021-12-07 11:40,7328676.6,28237391,2.6764,0.93229,3.2638,1.4808
2021-12-07 11:45,7331316.8,28269558,2.6473,0.93322,3.2225,0.64569
2021-12-07 11:50,7339999.4,28332398,2.6618,0.93409,3.2355,1.5489
2021-12-07 11:55,7333557.3,28332903,2.6307,0.93372,3.2073,1.9797
2021-12-07 12:00,7333976.5,28414914,2.638,0.93394,3.2066,0.89629
2021-12-07 12:05,7330467.4,28380903,2.6348,0.93329,3.2118,1.1063
2021-12-07 12:10,7326340.4,28118494,2.6823,0.93236,3.2194,0.54472
2021-12-07 12:15,7333755.7,28030648,2.6781,0.93038,3.2176,0.53146
2021-12-07 12:20,7322838.5,27753558,2.7045,0.93164,3.2025,0.40821
2021-12-07 12:25,7254010.9,27164853,2.852,0.93202,3.3368,0.55193
2021-12-07 12:30,7230443.6,27179237,2.838,0.93024,3.3401,1.1752
2021-12-07 12:35,7238190.1,27058038,2.7744,0.93052,3.2821,0.76617
2021-12-07 12:40,7268626.3,27206468,2.8535,0.92773,3.3154,0.89006
2021-12-07 12:45,7252761.9,27560495,2.7696,0.92947,3.2453,1.7755
2021-12-07 12:50,7242226.1,27359618,2.7784,0.93068,3.2633,1.0471
2021-12-07 12:55,7242503.2,27391147,2.7626,0.92919,3.2404,0.80104
2021-12-07 13:00,7260925.9,27678693,2.7342,0.93006,3.221,1.4278
2021-12-07 13:05,7281383.5,27953231,2.7098,0.9307,3.1872,1.2754
2021-12-07 13:10,7273622.6,27785238,2.6946,0.93182,3.1551,0.80776
2021-12-07 13:15,7282409.5,28037277,2.711,0.93188,3.1667,1.2044
2021-12-07 13:20,7290521,27929986,2.6636,0.93267,3.1011,1.2324
2021-12-07 13:25,7283135.4,27712330,2.6841,0.93205,3.1171,0.83512
2021-12-07 13:30,7258821.4,27564533,2.6873,0.93105,3.0988,0.6348
2021-12-07 13:35,7251003.5,27590619,2.6755,0.93103,3.076,1.0428
2021-12-07 13:40,7265208.4,27753709,2.67,0.93178,3.071,1.2888
2021-12-07 13:45,7257850.5,27797567,2.6832,0.93285,3.0893,0.9553
2021-12-07 13:50,7256326.2,27832509,2.6617,0.93169,3.0647,1.3278
2021-12-07 13:55,7281280.6,27814492,2.651,0.93431,3.0639,0.59495
2021-12-07 14:00,7278699.5,27836917,2.6586,0.93364,3.0783,0.84885
2021-12-07 14:05,7273925.8,27677223,2.6955,0.93228,3.1073,0.88124
2021-12-07 14:10,7289185.7,27796178,2.6791,0.9328,3.0844,1.1708
2021-12-07 14:15,7289500.1,27873949,2.7101,0.93331,3.1123,0.84169
2021-12-07 14:20,7267056,27844142,2.6793,0.93549,3.0864,1.1281
2021-12-07 14:25,7264600.8,27874563,2.6562,0.93547,3.0669,1.0796
2021-12-07 14:30,7263926.2,27824027,2.655,0.93556,3.0662,0.77902
2021-12-07 14:35,7259674,27967999,2.6407,0.93581,3.0481,1.5652
2021-12-07 14:40,7253127.6,27928346,2.6631,0.93452,3.0824,0.99344
2021-12-07 14:45,7256515,27894044,2.6726,0.93513,3.0888,0.98669
2021-12-07 14:50,7245988.6,27675473,2.7072,0.93515,3.1182,0.5328
2021-12-07 14:55,7231972.7,27636449,2.7278,0.9342,3.1302,0.72413
2021-12-07 15:00,7232912.1,27737199,2.7371,0.9345,3.1504,1.2345
2021-12-07 15:05,7240318,28085194,2.6578,0.93466,3.1042,1.2502
2021-12-07 15:10,7221604,27962051,2.6381,0.93317,3.079,0.95052
2021-12-07 15:15,7226472,27980900,2.5862,0.93398,3.025,1.0405
2021-12-07 15:20,7238297.8,28236600,2.5511,0.93312,3.0344,1.1268
2021-12-07 15:25,7213320,28023748,2.5783,0.93232,3.0611,0.96009
2021-12-07 15:30,7195231.2,27766397,2.6128,0.93057,3.102,0.89669
2021-12-07 15:35,7187481.2,27901802,2.6,0.93015,3.0968,0.84868
2021-12-07 15:40,7200560.7,27923774,2.6288,0.93063,3.1257,0.79522
2021-12-07 15:45,7201196.6,27985020,2.6615,0.93093,3.1607,0.89174
2021-12-07 15:50,7215064.4,27951159,2.7142,0.93155,3.2069,0.46969
2021-12-07 15:55,7211075.9,27914075,2.7156,0.93183,3.2095,0.94845
2021-12-07 16:00,7201772.4,27966412,2.6716,0.93078,3.1558,0.80475
2021-12-07 16:05,7212355.2,27891272,2.692,0.93037,3.178,0.82127
2021-12-07 16:10,7209221.6,27870851,2.7199,0.93035,3.2057,0.63447
2021-12-07 16:15,7202426.4,27621305,2.7813,0.93127,3.2495,0.60916
2021-12-07 16:20,7190840.6,27426859,2.8053,0.93187,3.2514,0.48427
2021-12-07 16:25,7189591.9,27497756,2.8361,0.93099,3.2933,1.1841
2021-12-07 16:30,7193209.3,28127402,2.6417,0.93017,3.0892,1.2521
2021-12-07 16:35,7290579.8,29462026,2.3972,0.94403,2.7855,1.3098
2021-12-07 16:40,7324463.5,29645180,2.3685,0.94695,2.7121,1.1187
2021-12-07 16:45,7334594.5,29579348,2.4082,0.94456,2.7208,1.1097
2021-12-07 16:50,7257422.1,29253042,2.4615,0.93514,2.8587,0.82653
2021-12-07 16:55,7251178.4,29034172,2.4603,0.93061,2.8584,0.94428
2021-12-07 17:00,7262237.6,28975366,2.4876,0.92904,2.8952,0.82149
2021-12-07 17:05,7278568.2,29056229,2.4318,0.92897,2.8611,1.2186
2021-12-07 17:10,7285876.5,29457948,2.381,0.92715,2.8107,1.1329
2021-12-07 17:15,7304166.8,29555864,2.404,0.92676,2.837,0.91667
2021-12-07 17:20,7305735.8,29325224,2.4675,0.93058,2.8986,0.77982
2021-12-07 17:25,7273768.5,29211454,2.4907,0.92618,2.9393,0.70477
2021-12-07 17:30,7273500.8,28993703,2.5239,0.92752,2.9567,0.43035
2021-12-07 17:35,7274297.5,29082641,2.4979,0.9263,2.9305,1.4193
2021-12-07 17:40,7240469.8,28563653,2.6028,0.93311,3.0079,0.55385
2021-12-07 17:45,7241398.3,28717416,2.5443,0.92959,2.9646,1.0238
2021-12-07 17:50,7239317.6,28931133,2.4866,0.92672,2.9228,1.8855
2021-12-07 17:55,7228306.7,28732519,2.4921,0.92739,2.9184,0.50379
2021-12-07 18:00,7223423.1,28646004,2.5041,0.92533,2.922,0.93734
2021-12-07 18:05,7197802.3,28760645,2.4928,0.92421,2.9201,1.5115
2021-12-07 18:10,7235189.5,28586234,2.5303,0.92387,2.9683,0.40383
2021-12-07 18:15,7237123.2,28687956,2.4931,0.92271,2.9393,1.1808
2021-12-07 18:20,7230266.1,28561603,2.5017,0.92223,2.9475,0.87128
2021-12-07 18:25,7232329.3,28636656,2.4797,0.92257,2.9294,0.86276
2021-12-07 18:30,7232576.7,28712046,2.4732,0.9216,2.9224,1.2058
2021-12-07 18:35,7227753.9,28747663,2.5014,0.92177,2.9536,1.3997
2021-12-07 18:40,7243503.7,28836388,2.4388,0.9217,2.8929,1.3882
2021-12-07 18:45,7286019.7,29450277,2.3931,0.92422,2.862,1.2542
2021-12-07 18:50,7334623.6,29713601,2.3739,0.92372,2.8257,1.0146
2021-12-07 18:55,7337606.9,29893677,2.3866,0.92722,2.8042,1.0024
2021-12-07 19:00,7329426.8,29751970,2.4207,0.92336,2.8356,1.0667
2021-12-07 19:05,7314894.2,29509480,2.49,0.92904,2.8891,0.70441
2021-12-07 19:10,7300435.5,29522961,2.4457,0.92506,2.863,0.93564
2021-12-07 19:15,7333393.1,29758909,2.4283,0.92773,2.8461,0.68599
2021-12-07 19:20,7335478.5,29494500,2.5045,0.92978,2.9034,0.49369
2021-12-07 19:25,7360788.3,29847997,2.4705,0.92824,2.8634,2.016
2021-12-07 19:30,7356335,29837696,2.4394,0.92798,2.8245,1.5787
2021-12-07 19:35,7384547.6,30084647,2.4478,0.92806,2.8446,1.2068
2021-12-07 19:40,7413492.5,30275847,2.4423,0.93048,2.834,0.95645
2021-12-07 19:45,7386483,30033440,2.4551,0.92767,2.8627,0.82163
2021-12-07 19:50,7392720.1,30029229,2.4122,0.92582,2.8258,0.97266
2021-12-07 19:55,7373317.4,29938656,2.4666,0.9261,2.8726,0.76094
2021-12-07 20:00,7347679.2,29699319,2.464,0.92444,2.8751,0.61214
2021-12-07 20:05,7344397.2,29662519,2.4929,0.92293,2.8939,0.69358
2021-12-07 20:10,7340900.5,29715965,2.4753,0.92157,2.8861,0.77407
2021-12-07 20:15,7380308.9,29698363,2.4565,0.92487,2.87,0.95566
2021-12-07 20:20,7373677.4,29585601,2.4508,0.92463,2.8549,0.67707
2021-12-07 20:25,7356306.5,29278100,2.4611,0.92615,2.8306,0.4983
2021-12-07 20:30,7351821.2,29350550,2.4758,0.92735,2.823,0.89761
2021-12-07 20:35,7332625.7,28934541,2.5327,0.92879,2.8801,0.50866
2021-12-07 20:40,7343021.3,28838034,2.5272,0.92876,2.8646,0.84259
2021-12-07 20:45,7358107.2,28825794,2.5229,0.93017,2.8204,0.61613
2021-12-07 20:50,7317441.5,28538022,2.6181,0.93342,2.9306,0.59246
2021-12-07 20:55,7336167.7,28618390,2.593,0.93283,2.9106,1.3562
2021-12-07 21:00,7380988.7,28911333,2.6449,0.93378,2.9815,1.346
2021-12-07 21:05,7417284.7,29268605,2.5786,0.93268,2.9307,1.995
2021-12-07 21:10,7403213.8,29368549,2.5443,0.93285,2.9224,1.0284
2021-12-07 21:15,7410019.2,29295826,2.5299,0.93408,2.9089,0.67162
2021-12-07 21:20,7402515.7,29418860,2.5226,0.9329,2.9062,1.2158
2021-12-07 21:25,7392576.1,29217277,2.5557,0.93132,2.9343,0.39839
2021-12-07 21:30,7380066,29385483,2.5352,0.93067,2.9152,1.5402
2021-12-07 21:35,7366098.4,29564378,2.4677,0.92968,2.8205,1.1286
2021-12-07 21:40,7396053.6,29968809,2.4565,0.93024,2.834,1.1834
2021-12-07 21:45,7476221.6,30394476,2.4185,0.93252,2.8036,1.0189
2021-12-07 21:50,7495638.4,30571483,2.4513,0.93503,2.8136,1.1308
2021-12-07 21:55,7527554.5,30712422,2.3922,0.93533,2.7357,0.93307
2021-12-07 22:00,7530028.6,30492164,2.4038,0.9381,2.7418,0.45306
2021-12-07 22:05,7527249.7,30538052,2.3799,0.93662,2.7318,1.1434
2021-12-07 22:10,7549504.2,30207893,2.4672,0.93603,2.7909,0.37794
2021-12-07 22:15,7583379.1,30669409,2.4026,0.93212,2.7378,1.9486
2021-12-07 22:20,7596212.3,31353865,2.3228,0.92708,2.6867,1.6173
2021-12-07 22:25,7557523.7,30728891,2.3628,0.92845,2.7205,0.81473
2021-12-07 22:30,7537342.8,30714672,2.3941,0.9258,2.7672,1.1597
2021-12-07 22:35,7526390.1,30563572,2.3956,0.92481,2.7618,0.54021
2021-12-07 22:40,7516280.5,30502995,2.3987,0.92255,2.7742,0.53264
2021-12-07 22:45,7513435.9,30376608,2.3877,0.92133,2.7596,0.83224
2021-12-07 22:50,7523928.9,30352649,2.3242,0.9208,2.6687,0.87931
2021-12-07 22:55,7500423.9,29921907,2.3529,0.92579,2.6846,0.40601
2021-12-07 23:00,7504515.8,29945844,2.3516,0.92531,2.6921,1.2103
2021-12-07 23:05,7516349.9,29947762,2.3645,0.925,2.7021,0.7531
2021-12-07 23:10,7555685,30668525,2.2451,0.92521,2.5839,1.4593
2021-12-07 23:15,7551521.2,30870619,2.2421,0.92669,2.5617,1.1007
2021-12-07 23:20,7560711.7,30938424,2.2006,0.92688,2.4982,1.115
2021-12-07 23:25,7567053.1,31244017,2.1741,0.92882,2.462,1.1159
2021-12-07 23:30,7583236.6,31145746,2.1603,0.93175,2.4382,0.79045
2021-12-07 23:35,7650866.3,31842906,2.1589,0.92876,2.4644,1.4293
2021-12-07 23:40,7665283.2,31757268,2.1038,0.92915,2.4205,0.84169
2021-12-07 23:45,7630052.1,31636075,2.1078,0.92871,2.407,1.3034
2021-12-07 23:50,7635536.4,31740746,2.2241,0.92717,2.5205,0.69533
2021-12-07 23:55,7631698.7,31721140,2.2173,0.92731,2.5148,0.98525
2021-12-08 00:00,7642848.9,31717823,2.214,0.92594,2.5036,1.6372
2021-12-08 00:05,7633594.7,31470274,2.2322,0.92524,2.5104,0.46251
2021-12-08 00:10,7686396.7,32280247,2.1657,0.94369,2.4309,1.4402
2021-12-08 00:15,7669106.5,32010851,2.2342,0.94406,2.5293,0.93425
2021-12-08 00:20,7688216.5,31763149,2.2372,0.94485,2.5155,0.57202
2021-12-08 00:25,7663957.9,31538082,2.2665,0.94657,2.547,0.63524
2021-12-08 00:30,7646074,31540712,2.2666,0.94639,2.5644,0.91621
2021-12-08 00:35,7637491.1,31266900,2.2934,0.94608,2.5864,0.62339
2021-12-08 00:40,7639548.5,31287260,2.3247,0.94619,2.63,0.87224
2021-12-08 00:45,7646322.6,31413086,2.3369,0.94619,2.6647,0.99934
2021-12-08 00:50,7662066.2,31655077,2.3319,0.9459,2.6634,1.2774
2021-12-08 00:55,7660217.9,31627046,2.3402,0.94601,2.6721,0.75297
2021-12-08 01:00,7653568.3,31486780,2.3431,0.94932,2.6711,0.55454
2021-12-08 01:05,7663975.3,31724588,2.3281,0.94768,2.6718,1.0563
2021-12-08 01:10,7656269.5,31681643,2.3446,0.9481,2.6918,0.79727
2021-12-08 01:15,7643320.5,31154174,2.3599,0.94818,2.6955,0.43367
2021-12-08 01:20,7638057.6,30957047,2.3907,0.94796,2.7296,0.55865
2021-12-08 01:25,7638816.3,30898095,2.4304,0.94838,2.7648,1.1257
2021-12-08 01:30,7657643.3,30858320,2.4471,0.94886,2.767,0.96552
2021-12-08 01:35,7666116.8,31194250,2.41,0.94873,2.7503,1.5924
2021-12-08 01:40,7667377.1,31175555,2.3875,0.94963,2.7242,0.77431
2021-12-08 01:45,7669237.2,31313495,2.3975,0.94941,2.741,1.0952
2021-12-08 01:50,7660739.6,31263478,2.3929,0.94984,2.7276,0.83526
2021-12-08 01:55,7665083.4,31124240,2.4075,0.9486,2.7441,1.0676
2021-12-08 02:00,7660086.5,31108371,2.4288,0.94694,2.7541,1.2726
2021-12-08 02:05,7652346.5,31114441,2.4153,0.94981,2.7361,0.9317
2021-12-08 02:10,7648962.6,31184821,2.3941,0.9498,2.7259,1.0104
2021-12-08 02:15,7655682.2,31514866,2.3785,0.94937,2.7165,2.0789
2021-12-08 02:20,7657111.8,31408112,2.3615,0.94946,2.7042,1.0596
2021-12-08 02:25,7670312.8,31709073,2.3331,0.94842,2.669,1.2424
2021-12-08 02:30,7656241.8,31932155,2.2635,0.94861,2.5934,1.9678
2021-12-08 02:35,7650849.4,31781628,2.2624,0.94942,2.5846,1.484
2021-12-08 02:40,7649319.2,31606987,2.2804,0.94982,2.5902,0.58098
2021-12-08 02:45,7685297.6,31944351,2.2459,0.95122,2.5685,1.7215
2021-12-08 02:50,7693004.6,32087522,2.228,0.95066,2.5634,1.5546
2021-12-08 02:55,7700061.9,32093858,2.2305,0.95066,2.5578,0.83932
2021-12-08 03:00,7689140,31602283,2.2615,0.94727,2.5903,0.4874
2021-12-08 03:05,7708770.8,31349976,2.3212,0.95105,2.638,0.66359
2021-12-08 03:10,7698252.2,31104958,2.3177,0.95696,2.6399,0.55267
2021-12-08 03:15,7724873.6,31329749,2.3766,0.95714,2.7187,0.91183
2021-12-08 03:20,7736741.2,31377499,2.4164,0.95725,2.7514,0.55642
2021-12-08 03:25,7745168.3,31375677,2.3678,0.9547,2.7018,1.2824
2021-12-08 03:30,7737618.6,31530796,2.4033,0.95485,2.7356,0.79561
2021-12-08 03:35,7711673.9,31501567,2.3778,0.95254,2.7188,0.84699
2021-12-08 03:40,7705629.8,31447821,2.3612,0.95265,2.7005,0.8596
2021-12-08 03:45,7706761.4,31266331,2.3756,0.95079,2.7082,0.83575
2021-12-08 03:50,7709028.3,31018599,2.3717,0.95045,2.7051,0.59627
2021-12-08 03:55,7740253.9,31092600,2.3836,0.95012,2.714,0.79906
2021-12-08 04:00,7719792.5,31024778,2.3537,0.94966,2.6718,1.1211
2021-12-08 04:05,7709378.7,31199856,2.36,0.9501,2.6834,1.4429
2021-12-08 04:10,7691774.4,31188859,2.3852,0.95018,2.6923,0.77171
2021-12-08 04:15,7697250.1,31273927,2.3591,0.95029,2.6653,0.9911
2021-12-08 04:20,7707651.7,31317965,2.3911,0.95021,2.6953,1.0635
2021-12-08 04:25,7726026.8,31182244,2.3897,0.9519,2.688,0.77521
2021-12-08 04:30,7755854.9,31225072,2.4068,0.94932,2.715,1.0089
2021-12-08 04:35,7774731.5,31561714,2.3672,0.95003,2.6738,1.2193
2021-12-08 04:40,7782801,31629303,2.3528,0.94942,2.6522,1.1016
2021-12-08 04:45,7780551.8,31690187,2.37,0.95025,2.67,1.0352
2021-12-08 04:50,7759949.2,31469815,2.3575,0.95104,2.6572,0.86513
2021-12-08 04:55,7749526.1,31454662,2.3704,0.95056,2.6693,0.77668
2021-12-08 05:00,7750091.8,31512156,2.379,0.95199,2.6792,1.3142
2021-12-08 05:05,7785840.8,31610514,2.3728,0.95258,2.6778,0.92374
2021-12-08 05:10,7895747.4,31496511,2.5635,0.95118,2.8558,0.53305
2021-12-08 05:15,7998190.7,31672835,2.6257,0.94895,2.897,0.79712
2021-12-08 05:20,8018867.3,31762733,2.6908,0.95006,2.9752,1.3614
2021-12-08 05:25,8047743.7,32040888,2.6616,0.94994,2.9769,1.3498
2021-12-08 05:30,8048906.8,31954160,2.6783,0.95137,2.9994,0.6866
2021-12-08 05:35,8072802.9,32065173,2.6609,0.95144,2.9892,0.66983
2021-12-08 05:40,8079924,32041639,2.6772,0.95195,2.996,0.67776
2021-12-08 05:45,8092946.8,32146437,2.6662,0.95217,2.9881,0.85302
2021-12-08 05:50,8114345.4,32100559,2.6758,0.95125,2.9927,0.60455
2021-12-08 05:55,8111747.2,32111293,2.654,0.95132,2.9607,1.0265
2021-12-08 06:00,8109922.7,32096459,2.6543,0.95217,2.9635,1.1177
2021-12-08 06:05,8101147.7,32225478,2.6301,0.95178,2.9475,1.7308
2021-12-08 06:10,8103997.5,32367366,2.6059,0.95313,2.9309,1.7724
2021-12-08 06:15,8131256.7,32496350,2.5763,0.95003,2.8989,1.2722
2021-12-08 06:20,8135230.7,32601530,2.5605,0.94629,2.9097,0.93755
2021-12-08 06:25,8171438.1,32604038,2.5154,0.94459,2.8677,0.49216
2021-12-08 06:30,8165625.9,32564516,2.5533,0.94481,2.894,0.67464
2021-12-08 06:35,8159744.1,32436377,2.5415,0.94475,2.8604,0.78593
2021-12-08 06:40,8163304.2,32440971,2.5546,0.94487,2.8422,0.55648
2021-12-08 06:45,8150755,32317744,2.588,0.94846,2.8744,0.39889
2021-12-08 06:50,8164600.6,32488736,2.5756,0.9459,2.8317,1.9742
2021-12-08 06:55,8186749.6,32624197,2.5551,0.94621,2.8075,0.73432
2021-12-08 07:00,8188032.9,32710625,2.5259,0.94572,2.7588,2.0117
2021-12-08 07:05,8208993,32738692,2.5202,0.94574,2.7573,0.84768
2021-12-08 07:10,8209324.4,32793274,2.5211,0.94552,2.7443,0.67114
2021-12-08 07:15,8216746.1,32727300,2.4968,0.94551,2.7144,1.1427
2021-12-08 07:20,8205682.3,32406764,2.597,0.94591,2.7978,0.44064
2021-12-08 07:25,8204304.8,32349574,2.5771,0.94666,2.7798,1.15
2021-12-08 07:30,8184428.5,32303939,2.5921,0.94534,2.793,1.1206
2021-12-08 07:35,8188638.7,32369689,2.5673,0.94472,2.7824,2.0377
2021-12-08 07:40,8179718.1,32408043,2.5713,0.94493,2.7852,0.92136
2021-12-08 07:45,8174615,32374513,2.593,0.94542,2.803,1.3973
2021-12-08 07:50,8157828.2,32198948,2.5699,0.94572,2.7789,1.3357
2021-12-08 07:55,8151545.7,32339521,2.5662,0.94412,2.7699,1.5416
2021-12-08 08:00,8121379.1,32364309,2.5676,0.94578,2.782,1.8912
2021-12-08 08:05,8076969.4,32371011,2.5595,0.9485,2.7736,2.1972
2021-12-08 08:10,8061865.2,32424822,2.5395,0.95023,2.7596,1.0692
2021-12-08 08:15,8065712.8,32423987,2.544,0.95034,2.7697,0.99468
2021-12-08 08:20,8046030.3,32312858,2.5055,0.95087,2.7253,1.0182
2021-12-08 08:25,8026527.1,32147080,2.5151,0.95054,2.7318,0.78935
2021-12-08 08:30,8009540.1,31893989,2.5445,0.95051,2.7539,0.45513
2021-12-08 08:35,8013742.6,31969776,2.5501,0.94988,2.7691,0.95008
2021-12-08 08:40,8012811.8,32019196,2.553,0.95023,2.7797,1.2856
2021-12-08 08:45,8008046.7,31960114,2.5769,0.9491,2.7956,0.45042
2021-12-08 08:50,7996428.8,32073676,2.5799,0.94958,2.822,1.3133
2021-12-08 08:55,7991878.8,32031450,2.5652,0.94984,2.8102,0.73889
2021-12-08 09:00,7995111.6,32116363,2.5548,0.95012,2.8088,0.95059
2021-12-08 09:05,7999329.9,32125476,2.5427,0.94994,2.7961,1.0185
2021-12-08 09:10,8003942.1,32178361,2.5402,0.95008,2.7909,0.95447
2021-12-08 09:15,7995657.5,32046595,2.5504,0.95123,2.8074,0.58739
2021-12-08 09:20,7992689.9,32082657,2.5673,0.95124,2.8294,1.1976
2021-12-08 09:25,7993257,31917075,2.5706,0.95136,2.828,0.66067
2021-12-08 09:30,8015358.9,31636622,2.6436,0.9511,2.8848,0.46721
2021-12-08 09:35,8007374,31402755,2.6859,0.95427,2.9299,0.48594
2021-12-08 09:40,8010895.5,31258514,2.6919,0.95318,2.9476,0.68587
2021-12-08 09:45,8025027.7,31493775,2.7193,0.95363,2.9972,1.3673
2021-12-08 09:50,8038518,31442396,2.7534,0.95155,3.0204,0.85068
2021-12-08 09:55,8054764.3,31558567,2.7519,0.95114,3.0238,1.0657
2021-12-08 10:00,8058294.7,31554005,2.765,0.95252,3.0295,1.4264
2021-12-08 10:05,8080616.8,31890543,2.7507,0.94923,3.0245,1.5326
2021-12-08 10:10,8076279.6,31965245,2.7414,0.94865,3.0268,1.1315
2021-12-08 10:15,8049470.6,31831220,2.769,0.94947,3.0395,0.54525
2021-12-08 10:20,8043514.5,31836230,2.7545,0.95026,3.0188,1.09
2021-12-08 10:25,8038881.2,31751257,2.7251,0.95046,3.0034,1.0481
2021-12-08 10:30,8034426.2,31592180,2.7399,0.95055,3,0.57629
2021-12-08 10:35,8032289.4,31735575,2.7278,0.95231,2.9949,1.6315
2021-12-08 10:40,7934870.2,30450832,2.8975,0.95599,3.1371,0.5461
2021-12-08 10:45,7971047.1,30632734,2.7772,0.95137,2.9511,1.2091
2021-12-08 10:50,7978302.9,30570372,2.7879,0.95191,2.9689,0.79631
2021-12-08 10:55,7950830.7,30580358,2.8007,0.95109,2.9758,1.0301
2021-12-08 11:00,7924808.6,30414615,2.7881,0.95041,2.9547,0.953
2021-12-08 11:05,7898787.7,30135503,2.7853,0.95195,2.9346,0.8069
2021-12-08 11:10,7936548.2,30205525,2.8878,0.95377,3.0083,0.72952
2021-12-08 11:15,7948369.1,30404209,2.9273,0.95548,3.0721,0.83057
2021-12-08 11:20,7965519.9,30724390,2.885,0.95334,3.0608,1.4288
2021-12-08 11:25,7967238.6,30586229,2.8434,0.95305,3.028,0.65463
2021-12-08 11:30,7982799.7,30445284,2.8779,0.95384,3.0412,0.61604
2021-12-08 11:35,7970077.4,30593490,2.8448,0.95267,3.016,1.2174
2021-12-08 11:40,7957724,30368245,2.8478,0.9532,3.0173,0.87526
2021-12-08 11:45,7951686.6,30377558,2.9101,0.95309,3.0712,1.0156
2021-12-08 11:50,7958609.4,30499548,2.8542,0.95414,3.0131,1.273
2021-12-08 11:55,7960995.8,30479160,2.8979,0.95423,3.0484,1.2583
2021-12-08 12:00,7976818.3,30578226,2.9293,0.95496,3.0848,0.88637
2021-12-08 12:05,7985249.5,30833322,2.9091,0.95389,3.107,2.0164
2021-12-08 12:10,7982592.3,30685085,2.9034,0.95375,3.1094,0.5505
2021-12-08 12:15,7982820.8,30558238,2.9339,0.95415,3.1272,0.69313
2021-12-08 12:20,7981997.1,30626923,2.9237,0.95396,3.1329,1.0681
2021-12-08 12:25,7992978.3,30549163,2.95,0.95465,3.1517,0.77532
2021-12-08 12:30,7994423.9,30586666,2.9552,0.95422,3.1516,1.1175
2021-12-08 12:35,7991642.1,30778285,2.9339,0.95391,3.1329,1.2854
2021-12-08 12:40,8037324.6,30890554,2.8762,0.95545,3.1104,1.6654
2021-12-08 12:45,8031545.8,31054474,2.8639,0.95582,3.0978,1.975
2021-12-08 12:50,8036654.7,31105189,2.8614,0.95541,3.0993,1.2975
2021-12-08 12:55,8020440.1,31351900,2.8762,0.95349,3.1512,1.9883
2021-12-08 13:00,8023113.3,31297442,2.7857,0.9543,3.0777,1.3546
2021-12-08 13:05,8053427.4,31673048,2.7911,0.95196,3.0906,1.5495
2021-12-08 13:10,8069137.4,31763766,2.7525,0.95332,3.0363,1.1004
2021-12-08 13:15,8058823.1,31653488,2.7353,0.95284,3.0249,0.62206
2021-12-08 13:20,8054990.9,31474016,2.7586,0.95433,3.0466,0.49951
2021-12-08 13:25,8050101.8,31498883,2.7464,0.95241,3.0449,1.1382
2021-12-08 13:30,8049386.8,31392609,2.7402,0.95238,3.0113,0.7987
2021-12-08 13:35,8037434,31524265,2.7712,0.95128,3.0528,0.76793
2021-12-08 13:40,8025729.9,31371245,2.7994,0.9521,3.0795,0.81512
2021-12-08 13:45,8031618.6,31250662,2.819,0.95199,3.1018,0.34555
2021-12-08 13:50,8033977.1,31309054,2.7854,0.95379,3.062,0.83675
2021-12-08 13:55,8043235.8,31313049,2.7866,0.9518,3.0634,0.76833
2021-12-08 14:00,8008110.8,31099117,2.7795,0.95097,3.0423,0.60947
2021-12-08 14:05,7959789.2,30837182,2.8624,0.9503,3.1004,0.59376
2021-12-08 14:10,7962124.1,31003160,2.8503,0.94964,3.0898,1.1516
2021-12-08 14:15,7969733.9,31298784,2.7925,0.94951,3.0592,1.9379
2021-12-08 14:20,7984606.5,31627026,2.704,0.95062,2.9858,1.0854
2021-12-08 14:25,7951306.8,31474768,2.6713,0.95114,2.9328,0.92155
2021-12-08 14:30,7954478.4,31786596,2.5703,0.9499,2.878,1.395
2021-12-08 14:35,7948897.8,31767634,2.5948,0.95107,2.8766,0.97939
2021-12-08 14:40,7954643,31761015,2.6043,0.94933,2.8877,0.94449
2021-12-08 14:45,7953463.2,31750225,2.5941,0.94872,2.88,0.75234
2021-12-08 14:50,7954337.5,32003409,2.5075,0.9471,2.826,0.92327
2021-12-08 14:55,7911142.9,31969560,2.4801,0.94488,2.794,1.3364
2021-12-08 15:00,7889303,31920120,2.4983,0.94368,2.8099,0.67254
2021-12-08 15:05,7906478.7,32014850,2.5094,0.94479,2.8037,0.63567
2021-12-08 15:10,7917763.8,32051108,2.4893,0.94438,2.783,0.93835
2021-12-08 15:15,7911688.2,32050249,2.503,0.94448,2.7894,0.80242
2021-12-08 15:20,7922932.5,32132508,2.49,0.94306,2.7739,0.85699
2021-12-08 15:25,7878249.3,32233365,2.4067,0.94214,2.725,1.7869
2021-12-08 15:30,7869659.7,31872122,2.3692,0.94317,2.6796,0.74217
2021-12-08 15:35,7908594.4,31934144,2.4187,0.94272,2.7044,0.63505
2021-12-08 15:40,7902926.8,31771143,2.4296,0.94493,2.6886,0.57485
2021-12-08 15:45,7893546.2,31620075,2.3611,0.94538,2.6297,0.74443
2021-12-08 15:50,7896875.3,31525390,2.4104,0.94425,2.6659,0.5902
2021-12-08 15:55,7898935.5,31572045,2.4097,0.94454,2.6756,1.0289
2021-12-08 16:00,7910580.2,31737248,2.4131,0.94331,2.6936,1.2995
2021-12-08 16:05,7922401.3,31999345,2.3477,0.94263,2.6433,1.3763
2021-12-08 16:10,7954068.4,32046942,2.3596,0.94349,2.6457,0.57012
2021-12-08 16:15,7953458.6,31972904,2.3718,0.94348,2.6581,0.82294
2021-12-08 16:20,7937788.8,31830533,2.3761,0.94438,2.646,0.67663
2021-12-08 16:25,7941306,31939933,2.3855,0.94343,2.661,0.89011
2021-12-08 16:30,7953353,31877039,2.3718,0.94183,2.6547,1.852
2021-12-08 16:35,7958296.2,31802739,2.3833,0.94093,2.6656,0.56016
2021-12-08 16:40,7945763.4,31608247,2.3747,0.94005,2.6554,0.72228
2021-12-08 16:45,7973951.6,32002654,2.3299,0.93814,2.6221,1.4218
2021-12-08 16:50,7976566.4,31858406,2.3515,0.93874,2.6336,0.67594
2021-12-08 16:55,7972288.7,31874781,2.3915,0.93782,2.6742,0.70064
2021-12-08 17:00,7970058.4,31856323,2.3995,0.93765,2.6928,1.1079
2021-12-08 17:05,7960926.9,31890466,2.3615,0.93814,2.667,1.7282
2021-12-08 17:10,7954716.8,31889505,2.3865,0.9374,2.6867,0.83904
2021-12-08 17:15,7953446.4,31964901,2.3945,0.93703,2.6895,1.2401
2021-12-08 17:20,7952338.2,31833210,2.3966,0.93603,2.6916,0.87366
2021-12-08 17:25,7953165.4,31669505,2.4082,0.93705,2.7044,0.86965
2021-12-08 17:30,7951182.4,31697362,2.4152,0.93744,2.7104,1.0364
2021-12-08 17:35,7942379.9,31642442,2.4057,0.93751,2.7014,1.4308
2021-12-08 17:40,7942166.6,31808724,2.381,0.93631,2.6773,1.5436
2021-12-08 17:45,7944206,31792712,2.3999,0.93689,2.6938,0.72637
2021-12-08 17:50,7952402.5,31745991,2.4208,0.93696,2.7152,0.83131
2021-12-08 17:55,7963650.2,31886455,2.3696,0.93733,2.6658,1.6558
2021-12-08 18:00,7962511.4,31889858,2.3697,0.93643,2.6674,1.4506
2021-12-08 18:05,7937198.1,31724981,2.4028,0.93555,2.7052,0.51923
2021-12-08 18:10,7946382.5,31774114,2.41,0.93464,2.7177,0.92614
2021-12-08 18:15,7962141.2,31913358,2.376,0.93451,2.6875,1.4136
2021-12-08 18:20,7943006.9,31827629,2.4158,0.93666,2.729,0.63855
2021-12-08 18:25,7955928.9,31976814,2.3792,0.93714,2.6981,1.8783
2021-12-08 18:30,7971152.2,32115772,2.406,0.93507,2.7289,1.1959
2021-12-08 18:35,7968835,31978935,2.4211,0.9346,2.7429,0.90011
2021-12-08 18:40,7976060.1,32067581,2.4341,0.93391,2.7489,1.0237
2021-12-08 18:45,7972936.1,32168033,2.4088,0.93359,2.7362,1.1072
2021-12-08 18:50,7962943.6,32117256,2.4373,0.93353,2.7642,1.443
2021-12-08 18:55,7984561.3,32185767,2.4393,0.93405,2.7649,1.3554
2021-12-08 19:00,7984574.6,32182977,2.4295,0.93429,2.7639,1.0882
2021-12-08 19:05,7992199.1,32136633,2.4248,0.93328,2.7581,0.97684
2021-12-08 19:10,7987922.6,32178773,2.4037,0.93353,2.7354,2.3163
2021-12-08 19:15,7987661.1,32102410,2.4273,0.93327,2.7599,0.83606
2021-12-08 19:20,7975822.3,31991023,2.4454,0.93296,2.7744,0.85712
2021-12-08 19:25,7976190.1,31928689,2.4445,0.93349,2.7728,0.57901
2021-12-08 19:30,7981408.8,31969795,2.4417,0.93327,2.7687,1.2021
2021-12-08 19:35,7988541.4,32239707,2.4306,0.9349,2.7574,1.6728
2021-12-08 19:40,7967375.7,32208089,2.3919,0.93442,2.7105,1.4805
2021-12-08 19:45,7956166.1,32015612,2.388,0.9341,2.6991,0.84882
2021-12-08 19:50,7945169,31942223,2.3823,0.9332,2.7023,0.81667
2021-12-08 19:55,7938343.9,31969545,2.3739,0.93294,2.7039,1.3137
2021-12-08 20:00,7938918.5,31954147,2.3833,0.93307,2.7114,0.85429
2021-12-08 20:05,7897579,31616750,2.4205,0.93431,2.7574,0.47914
2021-12-08 20:10,7878056.3,31425567,2.429,0.93342,2.7633,0.73034
2021-12-08 20:15,7906016.9,31521289,2.4255,0.93459,2.7551,1.1745
2021-12-08 20:20,7900871.5,31500775,2.4281,0.93412,2.753,1.117
2021-12-08 20:25,7889153.1,31494490,2.4627,0.93291,2.7876,0.73654
2021-12-08 20:30,7891687.7,31550967,2.4637,0.93158,2.7916,1.3152
2021-12-08 20:35,7876743.9,31546359,2.4614,0.92974,2.797,0.50575
2021-12-08 20:40,7875721,31592139,2.4686,0.93025,2.8065,1.6283
2021-12-08 20:45,7867407.7,31674206,2.426,0.92961,2.765,1.291
2021-12-08 20:50,7831040.5,31678016,2.3791,0.92896,2.7184,1.9399
2021-12-08 20:55,7843061,31944787,2.3402,0.92617,2.6888,1.9347
2021-12-08 21:00,7965223.1,32470065,2.3011,0.92973,2.6567,1.35
2021-12-08 21:05,7955521.2,32398189,2.3089,0.92763,2.669,0.9892
2021-12-08 21:10,7946231.1,32333214,2.307,0.92756,2.6732,1.3138
2021-12-08 21:15,7944014.6,32236811,2.3595,0.92932,2.7186,0.65395
2021-12-08 21:20,7945190.1,32392540,2.3675,0.929,2.7205,1.3355
2021-12-08 21:25,7910883.3,32027681,2.4134,0.92744,2.7619,0.62008
2021-12-08 21:30,7893550.4,31787327,2.4339,0.92695,2.7869,0.59387
2021-12-08 21:35,7897272.1,31865493,2.4174,0.92668,2.774,1.5033
2021-12-08 21:40,7904936.9,31940130,2.4253,0.92739,2.7778,0.94031
2021-12-08 21:45,7897946.9,31955093,2.4494,0.9275,2.8083,1.0406
2021-12-08 21:50,7883922.1,32165222,2.3943,0.92644,2.7547,1.4946
2021-12-08 21:55,7895241.1,32230016,2.3791,0.92666,2.7379,1.1741
2021-12-08 22:00,7911166,32356669,2.3534,0.92589,2.7038,1.0955
2021-12-08 22:05,7915371,32415463,2.3748,0.92499,2.7314,0.9158
2021-12-08 22:10,7916627.9,32286667,2.3353,0.92429,2.69,1.0137
2021-12-08 22:15,7920187.2,32330204,2.3513,0.9241,2.6894,0.91029
2021-12-08 22:20,7937373.6,32648352,2.3196,0.92349,2.6617,1.7398
2021-12-08 22:25,7926681.8,32761318,2.3123,0.92462,2.6564,1.5073
2021-12-08 22:30,7921997.1,32544415,2.3416,0.9237,2.6971,0.7251
2021-12-08 22:35,7938247.9,32923077,2.2999,0.92252,2.6504,1.4204
2021-12-08 22:40,7953281.9,32823194,2.3176,0.92235,2.6674,0.57803
2021-12-08 22:45,7958752.9,32811640,2.3237,0.92175,2.6976,1.2661
2021-12-08 22:50,7961619.1,33223837,2.2803,0.92148,2.6468,2.8306
2021-12-08 22:55,7961391.3,32695432,2.3627,0.92136,2.7035,0.60376
2021-12-08 23:00,7916933.5,32237753,2.4035,0.92214,2.7541,0.64397
2021-12-08 23:05,7920858.3,32239522,2.3797,0.92078,2.737,0.92321
2021-12-08 23:10,7921544.8,32541706,2.391,0.92125,2.7517,0.97144
2021-12-08 23:15,7928178.7,32687881,2.3799,0.92068,2.7407,1.3418
2021-12-08 23:20,7930018.3,32988876,2.3473,0.9214,2.7213,1.8352
2021-12-08 23:25,7919810.9,32798040,2.3731,0.92336,2.7272,0.67906
2021-12-08 23:30,7911170.5,32942114,2.3405,0.92391,2.6959,0.85235
2021-12-08 23:35,7903179.4,32908839,2.3517,0.92398,2.7036,1.4492
2021-12-08 23:40,7910398,32940600,2.3223,0.92385,2.6685,1.5114
2021-12-08 23:45,7902571.1,32993234,2.3005,0.9236,2.6499,1.2558
2021-12-08 23:50,7887747.7,32965502,2.2997,0.92315,2.6453,0.94787
2021-12-08 23:55,7883394.5,32789252,2.3322,0.92366,2.6643,0.77925
2021-12-09 00:00,7913890.7,32969269,2.2854,0.92475,2.6193,2.719
2021-12-09 00:05,7888313.1,32766335,2.2794,0.92481,2.6083,0.63849
2021-12-09 00:10,7895607.7,32837832,2.2922,0.92638,2.6367,1.0307
2021-12-09 00:15,7905553.4,32974063,2.2744,0.92711,2.6155,1.3153
2021-12-09 00:20,7903498.1,32815324,2.2847,0.92772,2.6284,0.57734
2021-12-09 00:25,7907822.6,32582815,2.2965,0.9299,2.637,0.74635
2021-12-09 00:30,7907668.2,32669226,2.3229,0.93028,2.6654,0.87508
2021-12-09 00:35,7888973.2,33494334,2.1988,0.93323,2.5525,1.5743
2021-12-09 00:40,7822442,33050806,2.1655,0.93651,2.5234,1.2374
2021-12-09 00:45,7828468.6,33354552,2.1549,0.93677,2.5136,1.4098
2021-12-09 00:50,7824927.8,33122919,2.1592,0.93665,2.5096,0.85921
2021-12-09 00:55,7821995,33194100,2.1395,0.93627,2.496,1.1741
2021-12-09 01:00,7801482.8,32758426,2.2038,0.93556,2.5646,0.41886
2021-12-09 01:05,7840999,32602874,2.2468,0.937,2.6153,0.51144
2021-12-09 01:10,7851042.8,32487615,2.2077,0.93782,2.5708,0.64911
2021-12-09 01:15,7844950.2,32540853,2.2335,0.93755,2.6004,1.1976
2021-12-09 01:20,7818216.1,32496574,2.2085,0.93621,2.5879,1.8224
2021-12-09 01:25,7824580.1,32548204,2.234,0.93709,2.6142,0.7436
2021-12-09 01:30,7822204.6,32501613,2.228,0.93684,2.6002,0.79139
2021-12-09 01:35,7810828.2,32343414,2.2142,0.93738,2.5802,1.364
2021-12-09 01:40,7799569.1,32266817,2.2163,0.9381,2.5871,0.69881
2021-12-09 01:45,7797302.5,32242033,2.2201,0.93828,2.5885,0.53229
2021-12-09 01:50,7782182.2,32098101,2.2927,0.93802,2.6518,0.85973
2021-12-09 01:55,7772442.8,31929446,2.3032,0.9376,2.672,0.47293
2021-12-09 02:00,7747829.6,31673127,2.3195,0.93684,2.6748,0.69449
2021-12-09 02:05,7748565.8,31830413,2.3019,0.93609,2.662,1.717
2021-12-09 02:10,7748999.7,31724405,2.2931,0.93584,2.6576,0.77803
2021-12-09 02:15,7722843.1,31563824,2.34,0.93452,2.6906,0.34265
2021-12-09 02:20,7734819.6,31479633,2.3622,0.93464,2.7088,0.57021
2021-12-09 02:25,7670944.4,30959009,2.5702,0.93198,2.8967,0.6003
2021-12-09 02:30,7676263.2,30927664,2.5987,0.9318,2.9294,0.71006
2021-12-09 02:35,7670277.5,30880537,2.609,0.93113,2.9386,1.0612
2021-12-09 02:40,7675670.7,30963656,2.6089,0.93025,2.9351,1.9054
2021-12-09 02:45,7679129,30862419,2.6503,0.93101,2.9685,0.91111
2021-12-09 02:50,7685322,30964162,2.6441,0.93107,2.9667,1.0911
2021-12-09 02:55,7686317.5,30885025,2.63,0.93089,2.9477,1.106
2021-12-09 03:00,7683537.9,30810987,2.6369,0.931,2.9477,0.39259
2021-12-09 03:05,7674309.1,30814444,2.673,0.93063,2.9812,1.1764
2021-12-09 03:10,7675932.9,30788167,2.6721,0.93066,2.9842,1.5442
2021-12-09 03:15,7675104,30669716,2.7084,0.93117,2.9951,0.39409
2021-12-09 03:20,7674368,30613054,2.7193,0.93261,2.9969,0.94436
2021-12-09 03:25,7673160.4,30594531,2.7128,0.93337,2.989,1.485
2021-12-09 03:30,7677761.6,30649624,2.7133,0.93364,2.9908,1.2133
2021-12-09 03:35,7674547.6,30586762,2.7122,0.93457,3.0018,1.3007
2021-12-09 03:40,7671117.4,30515705,2.7073,0.93574,2.9945,0.43697
2021-12-09 03:45,7675121.7,30623736,2.6979,0.93616,2.9932,2.0775
2021-12-09 03:50,7674839.4,30361665,2.716,0.93611,3.0137,0.70074
2021-12-09 03:55,7694402.4,30649655,2.7208,0.93658,3.033,1.9236
2021-12-09 04:00,7685231.5,30617962,2.7389,0.93682,3.0595,1.035
2021-12-09 04:05,7690767,30802858,2.7647,0.93738,3.0959,2.0462
2021-12-09 04:10,7694577.1,30845770,2.7653,0.937,3.101,1.2241
2021-12-09 04:15,7725052.8,30923386,2.752,0.93756,3.102,0.9118
2021-12-09 04:20,7728102.6,30935595,2.7941,0.93794,3.146,1.1731
2021-12-09 04:25,7728737.2,31001027,2.8075,0.93772,3.159,0.81811
2021-12-09 04:30,7713677.1,31232679,2.7017,0.94005,3.0775,2.3161
2021-12-09 04:35,7712164.3,31055312,2.7114,0.94079,3.0928,0.79092
2021-12-09 04:40,7727397.4,31379343,2.6747,0.94019,3.0623,1.0337
2021-12-09 04:45,7727155.2,31349069,2.6542,0.94116,3.0328,0.58668
2021-12-09 04:50,7728780.6,31541154,2.6234,0.94078,3.0123,0.89922
2021-12-09 04:55,7731270.3,31595793,2.6575,0.94038,3.0446,1.0237
2021-12-09 05:00,7731941.2,31592712,2.6505,0.94074,3.0419,0.9836
2021-12-09 05:05,7711801.9,31348475,2.6752,0.94092,3.0451,0.47142
2021-12-09 05:10,7696265.8,31360136,2.6887,0.94101,3.0607,0.66925
2021-12-09 05:15,7691834.5,31461092,2.6778,0.94096,3.0462,1.5169
2021-12-09 05:20,7688749.6,31272993,2.6773,0.94132,3.0538,0.83892
2021-12-09 05:25,7689977.1,31346155,2.6542,0.9417,3.0264,1.091
2021-12-09 05:30,7688529.2,31347311,2.6638,0.94209,3.0332,0.95778
2021-12-09 05:35,7683795.4,31293772,2.6498,0.94213,3.0128,1.0091
2021-12-09 05:40,7681019,31246385,2.6664,0.94226,3.0251,1.0881
2021-12-09 05:45,7667521.9,31135875,2.6935,0.94237,3.0468,0.75031
2021-12-09 05:50,7663877,31119785,2.6794,0.94332,3.0362,1.2315
2021-12-09 05:55,7640739.4,30872332,2.7782,0.94219,3.1108,0.38406
2021-12-09 06:00,7625006.3,30831810,2.7493,0.94324,3.0796,1.257
2021-12-09 06:05,7596939.2,30881558,2.6818,0.94329,3.0239,1.1181
2021-12-09 06:10,7589800.7,30953088,2.6645,0.94336,3.0055,1.1422
2021-12-09 06:15,7595994.1,31098000,2.6728,0.94408,3.0184,1.1613
2021-12-09 06:20,7587876.5,30890245,2.6792,0.94417,3.0296,0.84266
2021-12-09 06:25,7581852.7,30860360,2.6955,0.94401,3.0539,0.79725
2021-12-09 06:30,7579916.2,30736560,2.6674,0.94403,3.0302,0.53155
2021-12-09 06:35,7553062.9,30484162,2.6924,0.94386,3.0421,0.50487
2021-12-09 06:40,7549682,30398383,2.7022,0.94426,3.0203,0.8649
2021-12-09 06:45,7561908.8,30595483,2.6799,0.94472,2.962,1.2888
2021-12-09 06:50,7566766.7,30790824,2.636,0.94476,2.9294,1.9355
2021-12-09 06:55,7558579.6,30619806,2.6488,0.9457,2.9318,0.6458
2021-12-09 07:00,7555266.4,30836093,2.649,0.94719,2.9334,1.0066
2021-12-09 07:05,7566738.3,30902559,2.6379,0.94659,2.9107,1.0903
2021-12-09 07:10,7561091.3,30398313,2.7361,0.94654,2.9819,0.79191
2021-12-09 07:15,7571069.2,30382701,2.7301,0.94527,2.9687,0.74671
2021-12-09 07:20,7571917.1,30521097,2.7182,0.94481,2.977,0.84704
2021-12-09 07:25,7565063.1,30668766,2.7079,0.94548,2.9514,1.4718
2021-12-09 07:30,7561601.3,30511061,2.7044,0.94567,2.9476,0.85761
2021-12-09 07:35,7560231.7,30807895,2.6568,0.94664,2.8531,1.1264
2021-12-09 07:40,7556924.7,30921916,2.6451,0.94649,2.8296,0.96479
2021-12-09 07:45,7552878.9,30861063,2.6151,0.94717,2.7917,0.94694
2021-12-09 07:50,7553174.1,30809397,2.6227,0.94642,2.7903,0.87934
2021-12-09 07:55,7552473.3,30814091,2.6394,0.94683,2.8047,1.071
2021-12-09 08:00,7553981.8,30665796,2.6773,0.94686,2.8323,0.48075
2021-12-09 08:05,7542665.3,30449740,2.7,0.9473,2.8606,1.0624
2021-12-09 08:10,7538660,30420592,2.7064,0.94692,2.8821,1.2215
2021-12-09 08:15,7540424.5,30410532,2.7234,0.94652,2.8908,0.98235
2021-12-09 08:20,7548841.2,30187816,2.7619,0.94541,2.9335,0.46492
2021-12-09 08:25,7532205,30106223,2.7579,0.94447,2.944,1.3366
2021-12-09 08:30,7551590.7,30251672,2.7791,0.94427,2.9763,1.3084
2021-12-09 08:35,7561761.4,30473268,2.7444,0.94451,2.9491,1.3863
2021-12-09 08:40,7545287.1,30173603,2.8036,0.94307,3.0048,0.60133
2021-12-09 08:45,7554423.9,30172369,2.7878,0.94302,2.9821,0.95416
2021-12-09 08:50,7553345.8,30105918,2.7592,0.94158,2.951,1.0508
2021-12-09 08:55,7561744.8,30280986,2.7561,0.94067,2.9463,2.2652
2021-12-09 09:00,7555188.2,30296305,2.7592,0.94084,2.9545,1.1167
2021-12-09 09:05,7555717.8,30290873,2.7718,0.93976,2.9627,0.86697
2021-12-09 09:10,7562578.9,30189815,2.772,0.93973,2.9627,0.99124
2021-12-09 09:15,7577502,30056578,2.7865,0.93993,2.9698,0.39176
2021-12-09 09:20,7577182.6,30268464,2.784,0.93889,2.9552,1.0738
2021-12-09 09:25,7589820.6,30146179,2.8004,0.94003,2.961,0.6778
2021-12-09 09:30,7606535.6,30129488,2.8091,0.9398,2.967,0.69349
2021-12-09 09:35,7614269.3,29808043,2.9321,0.93988,3.0875,0.56113
2021-12-09 09:40,7615080.8,29835887,2.9529,0.93907,3.1122,1.1223
2021-12-09 09:45,7636788.1,30065158,2.8426,0.93948,2.9657,0.93241
2021-12-09 09:50,7653429.3,30120616,2.8651,0.93944,2.9829,0.85088
2021-12-09 09:55,7631240.2,30087244,2.8405,0.94021,2.9758,1.9795
2021-12-09 10:00,7639241.3,30090971,2.8553,0.9398,2.9882,1.7148
2021-12-09 10:05,7671369,30156782,2.8814,0.94171,3.0131,1.6328
2021-12-09 10:10,7675171.7,29986896,2.9079,0.94075,3.0281,0.41704
2021-12-09 10:15,7682618.6,30131230,2.91,0.94084,3.0324,1.0637
2021-12-09 10:20,7678113.1,30182663,2.8453,0.94082,2.9893,1.5424
2021-12-09 10:25,7679493.2,30195767,2.8627,0.94091,3.0191,1.082
2021-12-09 10:30,7675278.4,29934275,2.9606,0.94126,3.092,0.7129
2021-12-09 10:35,7685550.4,30021495,2.8822,0.94099,3.0319,1.4037
2021-12-09 10:40,7693512.5,30212424,2.9104,0.94241,3.0465,1.6257
2021-12-09 10:45,7690006.1,30232926,2.9339,0.94262,3.0761,1.3765
2021-12-09 10:50,7699034.6,30387321,2.9466,0.94279,3.1015,1.7938
2021-12-09 10:55,7716655.7,30397839,2.9683,0.94217,3.134,0.80042
2021-12-09 11:00,7722672.4,30453850,2.9334,0.94271,3.1031,0.74019
2021-12-09 11:05,7718268.3,30471456,2.9586,0.94203,3.1332,0.81965
2021-12-09 11:10,7719509.4,30314513,2.941,0.94248,3.124,0.66219
2021-12-09 11:15,7719370.1,30190456,2.9528,0.94226,3.141,0.71361
2021-12-09 11:20,7714043.3,30126084,2.9581,0.94153,3.1535,0.79501
2021-12-09 11:25,7715280.7,30217112,2.9617,0.9402,3.1585,1.7769
2021-12-09 11:30,7716895.1,30227078,2.9076,0.94014,3.116,0.88139
2021-12-09 11:35,7717414.3,30169704,2.9389,0.94014,3.1368,0.83657
2021-12-09 11:40,7740246.5,30194702,2.9537,0.93876,3.147,0.40737
2021-12-09 11:45,7762099.4,30326522,2.9619,0.94094,3.1469,0.89796
2021-12-09 11:50,7762274.6,30490215,2.9671,0.9413,3.1655,1.848
2021-12-09 11:55,7775719.4,30480820,2.9627,0.94183,3.1668,1.4029
2021-12-09 12:00,7789903,30486378,2.9583,0.94233,3.1769,0.65709
2021-12-09 12:05,7751883.4,30092811,2.9545,0.94116,3.1793,0.61098
2021-12-09 12:10,7724762,30701943,2.8912,0.9423,3.1445,1.6222
2021-12-09 12:15,7745439.4,30673141,2.8768,0.94235,3.1307,1.0611
2021-12-09 12:20,7760782.3,30667833,2.8359,0.93866,3.1093,1.3949
2021-12-09 12:25,7754321.7,30802632,2.8485,0.93857,3.1205,0.99553
2021-12-09 12:30,7751200.7,30687004,2.8371,0.93767,3.106,0.78929
2021-12-09 12:35,7754326.9,30660609,2.8398,0.93737,3.1118,0.56816
2021-12-09 12:40,7778686.9,30803529,2.8708,0.93773,3.1376,0.935
2021-12-09 12:45,7780647.2,30889169,2.8622,0.93789,3.1397,0.706
2021-12-09 12:50,7780382.7,30871196,2.8803,0.93806,3.1538,0.61864
2021-12-09 12:55,7780061.9,30809045,2.8854,0.93794,3.1583,1.0606
2021-12-09 13:00,7788517.8,30796070,2.9005,0.93796,3.1757,0.85181
2021-12-09 13:05,7794114.5,30778958,2.8898,0.93796,3.1666,0.8907
2021-12-09 13:10,7803184.6,30604090,2.9187,0.93712,3.1945,0.35147
2021-12-09 13:15,7805090.2,30588148,2.883,0.93652,3.1636,1.5608
2021-12-09 13:20,7811377,30715148,2.888,0.9361,3.1667,0.79936
2021-12-09 13:25,7800655.9,30417681,2.8997,0.93589,3.1705,0.71091
2021-12-09 13:30,7806423.8,30606096,2.9113,0.93537,3.1744,0.95554
2021-12-09 13:35,7791910.6,30572332,2.8533,0.93601,3.1294,1.529
2021-12-09 13:40,7784823.4,30666192,2.8554,0.93577,3.128,0.85909
2021-12-09 13:45,7799992.4,30819554,2.8265,0.93241,3.1079,1.7439
2021-12-09 13:50,7808223.2,30751753,2.8205,0.93337,3.0848,0.95435
2021-12-09 13:55,7799241.1,30829714,2.8364,0.93379,3.0991,1.3785
2021-12-09 14:00,7797393.9,30784111,2.8158,0.93329,3.0728,0.49389
2021-12-09 14:05,7812662.5,30891268,2.8186,0.93323,3.0826,1.1658
2021-12-09 14:10,7807760.9,30775555,2.8234,0.93342,3.0833,0.5052
2021-12-09 14:15,7809989.8,30716690,2.8515,0.93257,3.1169,0.53313
2021-12-09 14:20,7807807.2,30461798,2.8503,0.93191,3.1194,0.85585
2021-12-09 14:25,7796949.9,30069943,2.9871,0.93255,3.259,0.64155
2021-12-09 14:30,7782739.8,30064724,3.0008,0.9321,3.3095,0.91965
2021-12-09 14:35,7771631.8,29703177,2.9954,0.92759,3.2916,0.68425
2021-12-09 14:40,7741479.5,29657608,3.0161,0.9276,3.3124,1.1044
2021-12-09 14:45,7723786.3,29628444,3.0084,0.9251,3.3086,1.0493
2021-12-09 14:50,7701052.3,29356590,3.041,0.92468,3.3469,0.60437
2021-12-09 14:55,7745916,29385114,3.0544,0.92335,3.3392,0.82628
2021-12-09 15:00,7748898.2,29399320,3.0504,0.92491,3.3379,0.57867
2021-12-09 15:05,7739313,29587394,3.0685,0.92478,3.3583,1.2057
2021-12-09 15:10,7743916.4,29790846,3.0031,0.92355,3.3268,1.4799
2021-12-09 15:15,7750083,29861070,2.9674,0.92201,3.2892,1.6601
2021-12-09 15:20,7753873.8,29581029,3.0061,0.92259,3.3327,0.88195
2021-12-09 15:25,7760975.9,29429621,3.0275,0.92115,3.3379,0.8592
2021-12-09 15:30,7774051.8,29484525,3.0391,0.92087,3.3463,0.82708
2021-12-09 15:35,7780182.2,29617731,3.043,0.92202,3.3548,0.95067
2021-12-09 15:40,7778180.4,29580420,3.0198,0.92221,3.3282,0.85309
2021-12-09 15:45,7764324.9,29504435,3.0743,0.92104,3.3738,0.76475
2021-12-09 15:50,7730974.2,29652407,3.0593,0.91969,3.3643,1.3387
2021-12-09 15:55,7731399,29487780,3.0429,0.91931,3.3517,0.76226
2021-12-09 16:00,7740504.6,29646133,3.0283,0.91766,3.3346,1.4231
2021-12-09 16:05,7706237.7,29276753,3.0328,0.91875,3.3396,1.4634
2021-12-09 16:10,7704713.7,29474861,3.0406,0.9198,3.334,1.3918
2021-12-09 16:15,7690084.2,29183870,3.0835,0.92127,3.3784,0.47069
2021-12-09 16:20,7688560.8,29347237,3.0637,0.92255,3.3625,1.3828
2021-12-09 16:25,7671013.4,29310942,3.0182,0.9226,3.3316,1.349
2021-12-09 16:30,7677197,29273152,3.0537,0.92308,3.373,0.84573
2021-12-09 16:35,7672140.6,29353610,3.0514,0.92566,3.3673,1.9706
2021-12-09 16:40,7658961.3,29431913,3.0483,0.92562,3.374,1.3599
2021-12-09 16:45,7651711.2,29254108,3.0693,0.92687,3.3975,0.7899
2021-12-09 16:50,7638338.4,29216644,3.0962,0.92569,3.4242,0.97036
2021-12-09 16:55,7633270.5,29235426,3.0866,0.92373,3.4067,1.3765
2021-12-09 17:00,7585066.2,28933028,3.0498,0.92282,3.3731,1.0113
2021-12-09 17:05,7566249.5,28963603,3.0779,0.922,3.3908,0.88539
2021-12-09 17:10,7563130.2,28926538,3.077,0.92257,3.3874,1.1339
2021-12-09 17:15,7547373.8,28861157,3.0817,0.92167,3.3916,1.1121
2021-12-09 17:20,7554174.4,28833009,3.0737,0.92244,3.3895,0.75524
2021-12-09 17:25,7555023,28837523,3.0761,0.92233,3.3926,0.77353
2021-12-09 17:30,7847308.1,29404765,3.2551,0.92236,3.5212,0.31719
2021-12-09 17:35,7880368.3,29756271,3.181,0.92311,3.4691,1.7873
2021-12-09 17:40,7891768.8,29694816,3.1381,0.9227,3.4161,1.0797
2021-12-09 17:45,7909185.8,29754357,3.1126,0.92338,3.3862,1.4461
2021-12-09 17:50,7908309.3,29795188,3.1383,0.92283,3.4094,0.6261
2021-12-09 17:55,7923391.2,29689918,3.1485,0.92249,3.418,0.40228
2021-12-09 18:00,7897803.3,29458806,3.1931,0.92488,3.4409,0.67427
2021-12-09 18:05,7876422.4,29422274,3.1875,0.9242,3.4528,0.87344
2021-12-09 18:10,7874874.9,29505784,3.1856,0.92426,3.4484,1.2764
2021-12-09 18:15,7866149.8,29379579,3.1839,0.9246,3.4288,1.2069
2021-12-09 18:20,8008311.1,29598241,3.3608,0.92423,3.5897,0.4643
2021-12-09 18:25,8179095.3,30140984,3.3344,0.92552,3.5414,0.58689
2021-12-09 18:30,8164290.8,30134397,3.3167,0.92788,3.5061,0.99379
2021-12-09 18:35,8180193,30176732,3.3162,0.93144,3.4983,1.3836
2021-12-09 18:40,8110773.8,30348205,3.1801,0.92933,3.4173,2.024
2021-12-09 18:45,8030805.1,29799859,3.1907,0.92854,3.4194,1.6081
2021-12-09 18:50,7938224,29412426,3.2459,0.92878,3.4894,1.8146
2021-12-09 18:55,7987338.1,29362605,3.3488,0.93084,3.595,0.62305
2021-12-09 19:00,7943173,29488740,3.2555,0.92913,3.513,1.8669
2021-12-09 19:05,7912633.3,29197617,3.2945,0.92871,3.5437,0.52896
2021-12-09 19:10,7930077.6,29563861,3.2859,0.92861,3.5462,1.8985
2021-12-09 19:15,7924074.2,29287378,3.3165,0.92798,3.5732,0.69854
2021-12-09 19:20,7916104.3,29484595,3.2492,0.92796,3.5216,1.4972
2021-12-09 19:25,7915793.4,29478809,3.2439,0.92901,3.512,0.97865
2021-12-09 19:30,7935352.4,29424287,3.2787,0.92934,3.5445,1.1599
2021-12-09 19:35,7910473.4,29426961,3.2223,0.92982,3.4963,1.993
2021-12-09 19:40,7885032.2,29363860,3.2293,0.92961,3.5048,1.1153
2021-12-09 19:45,7894305.8,28891430,3.4382,0.9307,3.7048,0.40176
2021-12-09 19:50,8042915.3,29420984,3.4222,0.93053,3.6886,0.59529
2021-12-09 19:55,8055338.5,29466428,3.3425,0.93144,3.6208,1.1582
2021-12-09 20:00,8105655.6,29386295,3.4562,0.93369,3.7229,0.52099
2021-12-09 20:05,8115488.5,29600432,3.3713,0.93503,3.6407,1.4391
2021-12-09 20:10,8098908.3,29514759,3.4488,0.94078,3.6839,0.58435
2021-12-09 20:15,8094850.4,29416686,3.4254,0.94212,3.6585,0.78608
2021-12-09 20:20,8072961.7,29587405,3.3752,0.94353,3.6208,1.4998
2021-12-09 20:25,8042577,29291065,3.4051,0.94274,3.6384,0.83147
2021-12-09 20:30,8039802.8,29259557,3.4113,0.94354,3.6561,1.1276
2021-12-09 20:35,8014195.4,28940353,3.4338,0.94394,3.6853,0.46185
2021-12-09 20:40,8009826.7,29035622,3.4203,0.94472,3.6737,0.70471
2021-12-09 20:45,8003958.5,28886286,3.4409,0.94527,3.6785,0.66984
2021-12-09 20:50,8002111.7,28957620,3.4155,0.94514,3.6645,0.93272
2021-12-09 20:55,7982428.6,28863212,3.4439,0.94551,3.6818,0.91758
2021-12-09 21:00,7963054.4,29049222,3.4354,0.94315,3.6885,1.4458
2021-12-09 21:05,7878602,28695383,3.3943,0.94526,3.6566,2.0982
2021-12-09 21:10,7848303.9,28724792,3.4494,0.94324,3.7214,1.0737
2021-12-09 21:15,7843232.3,28676091,3.4194,0.94315,3.6933,1.1478
2021-12-09 21:20,7886882.1,28849971,3.4626,0.94313,3.747,0.66389
2021-12-09 21:25,7888390.1,28849561,3.4701,0.94349,3.7655,1.1857
2021-12-09 21:30,7891576.7,28980090,3.446,0.9426,3.7486,1.1961
2021-12-09 21:35,7901308.2,28966196,3.4143,0.94227,3.7271,2.0649
2021-12-09 21:40,7922022.3,29168886,3.3992,0.9407,3.701,1.0763
2021-12-09 21:45,7926334.1,29271952,3.3433,0.94084,3.662,1.1209
2021-12-09 21:50,7927512.2,29300085,3.3411,0.94025,3.6463,2.0681
2021-12-09 21:55,7944406,29435070,3.3611,0.93926,3.665,1.2769
2021-12-09 22:00,7956486.1,29462868,3.3124,0.93888,3.6259,1.0033
2021-12-09 22:05,7964324,29656045,3.3419,0.93693,3.6702,1.3636
2021-12-09 22:10,7979543.3,29795615,3.2994,0.93607,3.6422,1.0923
2021-12-09 22:15,7988359,29668765,3.3681,0.93579,3.7028,0.56997
2021-12-09 22:20,8003409.1,29727905,3.3992,0.93516,3.72,0.51987
2021-12-09 22:25,7996345.6,29674439,3.3831,0.93496,3.7038,1.1883
2021-12-09 22:30,7997729.8,29687573,3.4029,0.93446,3.72,1.2693
2021-12-09 22:35,7990508.3,29628805,3.421,0.93408,3.742,0.39245
2021-12-09 22:40,7987404.1,29627650,3.4007,0.93341,3.721,0.79951
2021-12-09 22:45,7967065.7,29323500,3.4042,0.93411,3.7254,0.51967
2021-12-09 22:50,7961403.4,29353694,3.314,0.93386,3.6333,0.45554
2021-12-09 22:55,7960188.8,29405793,3.3184,0.93407,3.6405,0.92894
2021-12-09 23:00,7950029.7,29375360,3.3121,0.933,3.6319,1.4207
2021-12-09 23:05,7951942.3,29382427,3.291,0.93239,3.618,0.76447
2021-12-09 23:10,7951213.6,29582572,3.1786,0.93161,3.5167,2.318
2021-12-09 23:15,7953882.8,29590267,3.1914,0.93122,3.531,0.84089
2021-12-09 23:20,7946240.1,29528334,3.1852,0.93153,3.5238,0.99941
2021-12-09 23:25,7957344.4,29545620,3.1837,0.93019,3.5259,1.5361
2021-12-09 23:30,7948404.5,29464735,3.1728,0.92818,3.5204,1.4719
2021-12-09 23:35,7942410.1,29434572,3.1801,0.92827,3.5265,0.50987
2021-12-09 23:40,8004420.6,30254056,3.0274,0.92827,3.3932,1.5117
2021-12-09 23:45,8063398.5,29907145,3.1417,0.92742,3.5084,1.0262
2021-12-09 23:50,8083406.8,29940939,3.1908,0.92557,3.5617,0.75104
2021-12-09 23:55,8070508.1,29707540,3.191,0.92532,3.551,1.0383
2021-12-10 00:00,8055427,29450641,3.2702,0.92529,3.6351,0.65271
2021-12-10 00:05,8005210.8,29387129,3.2928,0.92493,3.6462,0.90618
2021-12-10 00:10,8012993.8,29931966,3.1168,0.91424,3.5607,1.5971
2021-12-10 00:15,8022047,29971446,3.0759,0.91477,3.5245,1.0972
2021-12-10 00:20,8021594.9,29776160,3.0532,0.91547,3.4997,1.3615
2021-12-10 00:25,8034044.5,29942884,3.0322,0.91516,3.4784,1.1411
2021-12-10 00:30,8029248.9,29916981,3.0438,0.91424,3.4892,0.62638
2021-12-10 00:35,8009197.2,30134570,3.0626,0.91362,3.5139,1.2548
2021-12-10 00:40,8020312.4,30082978,3.0485,0.91367,3.4949,0.98463
2021-12-10 00:45,8030747.6,30070631,3.0644,0.913,3.5184,0.6531
2021-12-10 00:50,8031274.2,30022400,3.0723,0.91321,3.5262,0.77143
2021-12-10 00:55,8025843.4,29807982,3.0881,0.9132,3.542,0.80005
2021-12-10 01:00,8029420,29957766,3.0261,0.91101,3.4771,1.9888
2021-12-10 01:05,7984504.6,29430395,3.0712,0.91394,3.5136,0.95472
2021-12-10 01:10,7976257.6,29538413,3.084,0.91477,3.542,1.4114
2021-12-10 01:15,7964257.8,29556161,3.2161,0.91355,3.6737,0.32154
2021-12-10 01:20,7957832.2,29673978,3.1307,0.91381,3.5932,0.99701
2021-12-10 01:25,7942278.4,29637438,3.1203,0.91409,3.5691,1.055
2021-12-10 01:30,7948745.9,29728622,3.139,0.91354,3.5954,1.5036
2021-12-10 01:35,7943095.6,29579779,3.1219,0.91421,3.5788,0.9076
2021-12-10 01:40,7943112.9,29639853,3.1331,0.91317,3.5871,1.004
2021-12-10 01:45,7943941.3,29732809,3.1257,0.91372,3.5768,1.3181
2021-12-10 01:50,7933674.2,29566693,3.146,0.91496,3.5971,0.5091
2021-12-10 01:55,7939055.9,29616204,3.1468,0.91446,3.6003,0.81283
2021-12-10 02:00,7947484.2,29604379,3.1127,0.91589,3.5708,1.4525
2021-12-10 02:05,7961932.4,29498960,3.1987,0.91601,3.6681,0.48355
2021-12-10 02:10,7954239.6,29231831,3.217,0.91655,3.6786,0.771
2021-12-10 02:15,7937013.7,29351077,3.1739,0.917,3.6366,1.2724
2021-12-10 02:20,7921891,29428793,3.1494,0.91781,3.6118,1.2793
2021-12-10 02:25,7917770.7,29389258,3.2069,0.91793,3.6718,1.0439
2021-12-10 02:30,7915643.7,29361106,3.2059,0.91822,3.676,0.76691
2021-12-10 02:35,7911898.6,29381491,3.1765,0.91751,3.6386,1.0308
2021-12-10 02:40,7902746.5,29445633,3.1528,0.91723,3.6127,1.408
2021-12-10 02:45,7902160.8,29451353,3.1794,0.91783,3.6381,0.65852
2021-12-10 02:50,7896609.2,29331626,3.1928,0.91828,3.652,0.74405
2021-12-10 02:55,7894563,29270544,3.1845,0.91805,3.6409,1.1135
2021-12-10 03:00,7896587.5,29375306,3.177,0.91811,3.6301,0.83125
2021-12-10 03:05,7894222.9,29288968,3.1512,0.91838,3.5777,1.0264
2021-12-10 03:10,7909562,29166540,3.1698,0.9188,3.593,0.47511
2021-12-10 03:15,7920777.7,29184685,3.137,0.91908,3.5544,2.5594
2021-12-10 03:20,7913965.7,29194955,3.137,0.91895,3.5444,1.4896
2021-12-10 03:25,7903292.9,29116029,3.191,0.91835,3.6025,0.46937
2021-12-10 03:30,7897898.4,29112680,3.2039,0.91904,3.6088,1.0793
2021-12-10 03:35,7902618.7,29065832,3.2032,0.92048,3.6099,1.0574
2021-12-10 03:40,7899407.7,29038223,3.205,0.91977,3.6063,0.81866
2021-12-10 03:45,7898608.5,29039869,3.1729,0.91937,3.5845,1.1178
2021-12-10 03:50,7893479.9,29113989,3.1208,0.92013,3.5358,1.2357
2021-12-10 03:55,7895693,29135575,3.1498,0.92037,3.5486,1.6999
2021-12-10 04:00,7884501.1,29081932,3.1747,0.92011,3.569,1.023
2021-12-10 04:05,7878280.7,29097977,3.1698,0.92023,3.5711,1.066
2021-12-10 04:10,7873451.5,28848326,3.2014,0.91922,3.607,0.78418
2021-12-10 04:15,7867467.8,29030956,3.1992,0.91815,3.5997,1.0696
2021-12-10 04:20,7869860.7,29071735,3.2076,0.91829,3.5892,0.72769
2021-12-10 04:25,7865058.3,29080463,3.2179,0.9188,3.5979,1.4648
2021-12-10 04:30,7865418.2,29102047,3.2324,0.91918,3.6066,1.1999
2021-12-10 04:35,7851852.8,29012848,3.2522,0.92108,3.6311,1.5471
2021-12-10 04:40,7846695.9,28899461,3.236,0.92069,3.6188,1.3142
2021-12-10 04:45,7849505.9,28760590,3.2266,0.91995,3.628,1.5158
2021-12-10 04:50,7822562.2,28914321,3.1839,0.92089,3.5772,1.2031
2021-12-10 04:55,7817217,28736090,3.1847,0.92049,3.5893,0.7465
2021-12-10 05:00,7812010,28739628,3.224,0.92085,3.6219,1.0128
2021-12-10 05:05,7810708,28719973,3.2286,0.92036,3.6388,1.4623
2021-12-10 05:10,7808852,28749071,3.249,0.92071,3.6609,0.72935
2021-12-10 05:15,7810976.3,28770444,3.28,0.92053,3.6867,1.5024
2021-12-10 05:20,7808016.2,28902439,3.2757,0.92035,3.6808,1.1327
2021-12-10 05:25,7805904.1,28631856,3.2829,0.9213,3.6927,0.44973
2021-12-10 05:30,7829056.2,28646517,3.2691,0.92105,3.6943,0.56799
2021-12-10 05:35,7830867.1,28660974,3.2618,0.92305,3.6727,1.1399
2021-12-10 05:40,7842222.2,28561373,3.2784,0.92228,3.6946,0.66798
2021-12-10 05:45,7847537.7,28679252,3.2959,0.9226,3.7023,0.86262
2021-12-10 05:50,7848174.8,28628917,3.2984,0.92257,3.6875,0.7944
2021-12-10 05:55,7846331.2,28577554,3.2882,0.92289,3.6699,1.0066
2021-12-10 06:00,7850431.5,28740693,3.3087,0.92357,3.6917,0.70008
2021-12-10 06:05,7837918.7,28658231,3.3185,0.92325,3.7027,1.3941
2021-12-10 06:10,7851209.9,28812213,3.3109,0.92382,3.6915,0.74557
2021-12-10 06:15,7844292.2,28679997,3.3317,0.9238,3.7128,1.3024
2021-12-10 06:20,7847439.4,28829274,3.3513,0.92383,3.7186,1.1041
2021-12-10 06:25,7842904.4,28608061,3.351,0.92367,3.7275,1.0514
2021-12-10 06:30,7845059.7,28454032,3.3496,0.92182,3.72,0.88339
2021-12-10 06:35,7845258.5,28729337,3.2581,0.9205,3.6359,1.0615
2021-12-10 06:40,7841767,28561026,3.2498,0.92123,3.6262,0.66174
2021-12-10 06:45,7850560.1,28718548,3.266,0.92056,3.6357,0.63949
2021-12-10 06:50,7851266.1,28646410,3.283,0.92161,3.6521,0.94652
2021-12-10 06:55,7853041.5,28514394,3.2881,0.92201,3.6646,0.8209
2021-12-10 07:00,7843116.5,28201589,3.3427,0.92202,3.7179,0.72437
2021-12-10 07:05,7828007.7,28010600,3.4671,0.9205,3.836,0.65754
2021-12-10 07:10,7821228.6,27791944,3.4743,0.92254,3.836,0.73683
2021-12-10 07:15,7835377,27925111,3.5069,0.9228,3.8567,0.77509
2021-12-10 07:20,7844808.8,27923662,3.4786,0.92357,3.8272,0.88403
2021-12-10 07:25,7863407.5,28101976,3.4722,0.92126,3.8127,0.84191
2021-12-10 07:30,7847959,28260500,3.4373,0.92153,3.776,1.9852
2021-12-10 07:35,7850041.1,28396774,3.3918,0.92178,3.7486,1.4374
2021-12-10 07:40,7841693.8,28200744,3.3946,0.92255,3.7471,0.80021
2021-12-10 07:45,7840149.6,28316260,3.4288,0.92251,3.779,1.7236
2021-12-10 07:50,7842873.1,28056291,3.4426,0.92268,3.7872,0.61257
2021-12-10 07:55,7832123.9,27806800,3.4624,0.923,3.8105,0.66259
2021-12-10 08:00,7816893,27890674,3.467,0.92355,3.807,0.73764
2021-12-10 08:05,7800305.9,27824353,3.4635,0.92548,3.7959,1.1351
2021-12-10 08:10,7814674.2,28094727,3.4609,0.92618,3.8029,1.035
2021-12-10 08:15,7788242.1,27819601,3.4517,0.92579,3.7838,1.4412
2021-12-10 08:20,7800088.5,27887409,3.4978,0.92636,3.8175,0.64702
2021-12-10 08:25,7810630.1,27952800,3.5061,0.9274,3.8415,0.89408
2021-12-10 08:30,7814803.4,27961367,3.5454,0.92758,3.8743,0.74151
2021-12-10 08:35,7818910.2,28075996,3.5052,0.92761,3.8285,1.573
2021-12-10 08:40,7810186.5,28159581,3.4739,0.92812,3.8077,1.2495
2021-12-10 08:45,7812027.6,28084239,3.4944,0.92808,3.8251,0.98069
2021-12-10 08:50,7797307.8,28163876,3.5073,0.92705,3.8392,1.433
2021-12-10 08:55,7795929.1,28139088,3.5009,0.92809,3.8371,0.94526
2021-12-10 09:00,7783626.4,28037395,3.4957,0.92808,3.8344,1.1884
2021-12-10 09:05,7780444.9,28068640,3.4773,0.9275,3.8303,0.99155
2021-12-10 09:10,7775969.7,27930699,3.4798,0.92752,3.8303,0.85735
2021-12-10 09:15,7772684.9,27906204,3.4944,0.92724,3.8621,0.83318
2021-12-10 09:20,7778605.1,27855185,3.5009,0.92722,3.8537,0.85101
2021-12-10 09:25,7773186.4,27924311,3.4755,0.92641,3.8277,1.0228
2021-12-10 09:30,7779432.3,27750313,3.5004,0.92694,3.8528,0.89668
2021-12-10 09:35,7779123,27858724,3.4871,0.92633,3.8268,0.76874
2021-12-10 09:40,7773777.3,27962123,3.5082,0.92549,3.8439,0.69855
2021-12-10 09:45,7806136.1,28219182,3.5199,0.92712,3.8453,0.96589
2021-12-10 09:50,7806616.1,28104466,3.4927,0.92678,3.7996,0.93639
2021-12-10 09:55,7797192.4,28310970,3.4581,0.92631,3.8029,1.2444
2021-12-10 10:00,7777775.8,28270765,3.4315,0.9257,3.7915,1.492
2021-12-10 10:05,7771500,28226088,3.4044,0.92341,3.7838,1.3597
2021-12-10 10:10,7777460.3,28434395,3.3361,0.92086,3.7132,2.05
2021-12-10 10:15,7770896.1,28363771,3.3099,0.91908,3.6842,1.1245
2021-12-10 10:20,7768143.8,28266997,3.2943,0.91868,3.6716,0.61706
2021-12-10 10:25,7771069.3,28341090,3.2935,0.91811,3.6711,1.1884
2021-12-10 10:30,7772831.4,28258953,3.3154,0.91827,3.6964,0.67601
2021-12-10 10:35,7777030.3,28339498,3.2968,0.91749,3.684,0.87297
2021-12-10 10:40,7782010.9,28250209,3.3069,0.91818,3.6924,1.6554
2021-12-10 10:45,7791116.3,28391736,3.3184,0.91818,3.711,0.74205
2021-12-10 10:50,7790426,28303834,3.3029,0.91902,3.6904,0.87524
2021-12-10 10:55,7804492.3,28348120,3.3347,0.91858,3.7051,0.87241
2021-12-10 11:00,7801122.2,28305129,3.2855,0.91987,3.6562,0.81933
2021-12-10 11:05,7808322.3,28422293,3.2581,0.91997,3.6285,1.2775
2021-12-10 11:10,7855289.1,28695371,3.2526,0.92074,3.6209,0.54651
2021-12-10 11:15,7830203.1,28674204,3.2723,0.92116,3.6284,1.1912
2021-12-10 11:20,7827401.1,28524185,3.2772,0.92173,3.6369,0.88188
2021-12-10 11:25,7825594.8,28463153,3.2801,0.92164,3.6391,1.4369
2021-12-10 11:30,7838027.2,28600961,3.2964,0.92331,3.663,0.83881
2021-12-10 11:35,7826020.6,28651061,3.2904,0.92306,3.6558,1.4416
2021-12-10 11:40,7840768.3,28760955,3.2494,0.92359,3.6268,1.114
2021-12-10 11:45,7850305.5,28813400,3.2579,0.92357,3.6465,0.7238
2021-12-10 11:50,7847710.5,28908993,3.2508,0.92409,3.6377,1.4937
2021-12-10 11:55,7850155.1,28841470,3.2451,0.92398,3.6402,1.2681
2021-12-10 12:00,7858167,28890856,3.2586,0.92339,3.6506,0.74283
2021-12-10 12:05,7876403.9,29150571,3.2142,0.92377,3.6343,0.91863
2021-12-10 12:10,7871738.9,29067442,3.2522,0.92521,3.6783,0.96813
2021-12-10 12:15,7876145.1,29244934,3.2212,0.9264,3.6586,1.6349
2021-12-10 12:20,7891945.1,29176521,3.2019,0.92734,3.6234,0.64644
2021-12-10 12:25,7888898.9,29133356,3.2175,0.92869,3.6521,1.3166
2021-12-10 12:30,7880918.4,29167279,3.1801,0.92744,3.6196,2.328
2021-12-10 12:35,7931205.1,29191637,3.2415,0.9257,3.6897,0.21696
2021-12-10 12:40,7937747.4,29274412,3.2364,0.92636,3.6843,0.93183
2021-12-10 12:45,7946504.6,29322681,3.259,0.9285,3.6974,0.61457
2021-12-10 12:50,7931208.8,29283235,3.2225,0.92786,3.6711,1.446
2021-12-10 12:55,7930448.3,29322341,3.2291,0.92758,3.6878,1.086
2021-12-10 13:00,7931720.2,29331501,3.2253,0.92819,3.6927,1.0871
2021-12-10 13:05,7934800.5,29310525,3.2235,0.92748,3.6866,1.9535
2021-12-10 13:10,7928953,29287965,3.2429,0.92694,3.7092,0.67024
2021-12-10 13:15,7925858.7,29277560,3.2308,0.92732,3.6919,1.0594
2021-12-10 13:20,7918128.2,29130794,3.2405,0.92657,3.6915,0.59364
2021-12-10 13:25,7907164.7,29027202,3.2433,0.92693,3.6987,0.61531
2021-12-10 13:30,7902262.1,28938084,3.2465,0.92702,3.6987,0.45356
2021-12-10 13:35,7908966.9,29263178,3.2105,0.92745,3.6522,1.1846
2021-12-10 13:40,7888314.3,29533849,2.8933,0.92698,3.3532,1.21
2021-12-10 13:45,7905771.8,29487225,2.9152,0.9271,3.3785,0.70088
2021-12-10 13:50,7956357.8,29701084,2.9064,0.92796,3.3643,0.79836
2021-12-10 13:55,7975450.5,29806044,2.9071,0.92952,3.3793,1.0383
2021-12-10 14:00,7976392.3,29703390,2.9329,0.92889,3.4021,0.96142
2021-12-10 14:05,7991796.7,29865344,2.91,0.92948,3.3915,1.2176
2021-12-10 14:10,7997860.6,29848016,2.9085,0.9287,3.3877,1.0221
2021-12-10 14:15,8002954.7,29801689,2.9204,0.92848,3.4085,0.61994
2021-12-10 14:20,7990492.6,29644055,2.8874,0.92754,3.3648,0.78001
2021-12-10 14:25,7981817.6,29660434,2.915,0.92736,3.3958,0.72809
2021-12-10 14:30,7984083.1,29593958,2.92,0.92712,3.3857,0.80846
2021-12-10 14:35,7983676.9,29647958,2.9105,0.92613,3.3743,0.71926
2021-12-10 14:40,7976261.3,29631811,2.9282,0.92655,3.3916,1.2556
2021-12-10 14:45,7978820.3,29537593,2.9282,0.92623,3.3929,0.87373
2021-12-10 14:50,8005012.5,28898095,3.1009,0.92503,3.533,0.57859
2021-12-10 14:55,7997315.9,28935140,3.0643,0.92571,3.481,0.92018
2021-12-10 15:00,8031802.2,28785979,3.0998,0.9246,3.4806,0.8001
2021-12-10 15:05,8032336.3,28604390,3.1583,0.92496,3.5274,0.87212
2021-12-10 15:10,8056952,28924458,3.143,0.92485,3.5256,1.1516
2021-12-10 15:15,7994879.3,28573699,3.1671,0.92211,3.5589,1.3011
2021-12-10 15:20,7992184.7,28712812,3.1565,0.92114,3.5727,1.3502
2021-12-10 15:25,7998651.6,28668928,3.1504,0.91915,3.582,0.71387
2021-12-10 15:30,7985083.1,28642493,3.1819,0.91831,3.6119,1.1026
2021-12-10 15:35,7991617.7,28477910,3.2186,0.9173,3.6365,0.63479
2021-12-10 15:40,7958585,28333901,3.2116,0.91628,3.6367,0.79782
2021-12-10 15:45,7942476.6,28346699,3.2203,0.91557,3.6493,1.4417
2021-12-10 15:50,7943859.3,28071876,3.3319,0.91825,3.7442,0.4204
2021-12-10 15:55,7968155.8,28087749,3.3209,0.91846,3.7182,0.69917
2021-12-10 16:00,7977473.4,28280143,3.3107,0.91836,3.7161,0.95899
2021-12-10 16:05,7983030.7,28030132,3.2869,0.91917,3.6734,0.62274
2021-12-10 16:10,7964878.6,27870106,3.3842,0.92006,3.7477,0.60906
2021-12-10 16:15,7954489.8,27819130,3.42,0.92003,3.7808,1.0502
2021-12-10 16:20,7942060.2,27590230,3.4492,0.91804,3.8122,0.6928
2021-12-10 16:25,7933834.8,27570076,3.4547,0.91861,3.8186,0.94193
2021-12-10 16:30,7942005.8,27817109,3.5728,0.92031,3.9226,1.0779
2021-12-10 16:35,7938042.1,27887540,3.5476,0.92036,3.8941,2.4768
2021-12-10 16:40,7936591.9,27714579,3.6063,0.91952,3.9684,1.0694
2021-12-10 16:45,7926099.4,27714184,3.6354,0.92159,4.0022,0.7154
2021-12-10 16:50,7982486.9,27774174,3.6239,0.92783,4.0141,0.66137
2021-12-10 16:55,7947346.4,27568969,3.6681,0.93337,4.06,2.2578
2021-12-10 17:00,7941962.2,27272698,3.7148,0.93851,4.0757,0.47249
2021-12-10 17:05,7955519,27390852,3.7753,0.94079,4.1525,0.9731
2021-12-10 17:10,7986095.8,27312448,3.8061,0.94233,4.1742,0.75551
2021-12-10 17:15,7998266.1,27439006,3.8274,0.94365,4.2161,1.5744
2021-12-10 17:20,7999233.9,27358376,3.8625,0.94416,4.242,1.0261
2021-12-10 17:25,8002726.5,27313306,3.8522,0.94423,4.2189,0.85062
2021-12-10 17:30,7984643.1,27063340,3.8691,0.94661,4.1793,0.57975
2021-12-10 17:35,7975131,27066640,3.8496,0.94775,4.1799,1.5771
2021-12-10 17:40,7968460.7,26893555,3.9201,0.94953,4.2519,0.93066
2021-12-10 17:45,7976481.1,26994795,3.9169,0.95092,4.2419,1.2593
2021-12-10 17:50,7970337.4,26971622,3.9225,0.95007,4.271,1.5308
2021-12-10 17:55,7962140.6,26983694,3.9431,0.94812,4.2867,1.6437
2021-12-10 18:00,7953664.2,27119697,3.9611,0.94698,4.3181,1.5019
2021-12-10 18:05,7947920.6,27110357,3.9946,0.94472,4.3931,2.3559
2021-12-10 18:10,7938910.1,27131768,4.0027,0.94439,4.4109,1.4016
2021-12-10 18:15,7932508.3,27311626,3.9269,0.94333,4.3939,1.6781
2021-12-10 18:20,7940888.9,27373047,3.9145,0.94084,4.4267,0.89069
2021-12-10 18:25,7917674.6,27149706,4.0084,0.94062,4.5143,0.63513
2021-12-10 18:30,7913854.5,27225514,3.9834,0.93904,4.5167,1.2049
2021-12-10 18:35,7907329.7,27264473,3.9433,0.94,4.4877,1.1888
2021-12-10 18:40,7906549.9,27309223,3.9697,0.93839,4.5214,1.2278
2021-12-10 18:45,7902622.3,27264047,3.9588,0.93925,4.5079,0.84826
2021-12-10 18:50,7897234.9,27190180,3.9715,0.9387,4.5178,0.79158
2021-12-10 18:55,7902302.9,27176020,3.9615,0.93934,4.5067,1.0905
2021-12-10 19:00,7899170.7,27109954,3.9706,0.93874,4.4937,0.68157
2021-12-10 19:05,7889892.7,26983433,3.9598,0.93884,4.471,0.81224
2021-12-10 19:10,7903239.7,26951362,4.0295,0.93964,4.5337,0.47706
2021-12-10 19:15,7893311.2,27028160,4.0416,0.93946,4.5488,1.4765
2021-12-10 19:20,7904683.3,27223729,4.0258,0.93982,4.5496,1.6149
2021-12-10 19:25,7918625.2,27287582,4.0101,0.93868,4.5304,0.87428
2021-12-10 19:30,7918238.8,27325842,4.0073,0.93885,4.5419,1.2959
2021-12-10 19:35,7927103.3,27435598,4.0443,0.93889,4.5949,1.3159
2021-12-10 19:40,7912131.3,27494656,4.011,0.93861,4.5779,1.9371
2021-12-10 19:45,7879436.6,27254428,4.0547,0.93705,4.601,0.38256
2021-12-10 19:50,7864867,27251764,4.0426,0.93647,4.5973,1.1244
2021-12-10 19:55,7858512.2,27143301,4.0491,0.93599,4.5939,1.0383
2021-12-10 20:00,7841263.5,27160140,4.0556,0.93531,4.6155,1.7796
2021-12-10 20:05,7839662.8,27179207,4.0546,0.93446,4.61,0.93649
2021-12-10 20:10,7829240.7,27218822,4.0341,0.93406,4.5894,1.1492
2021-12-10 20:15,7822441.6,27175639,3.9789,0.93375,4.5479,1.0205
2021-12-10 20:20,7823233.6,27206088,3.9954,0.93242,4.5612,0.56287
2021-12-10 20:25,7821109.4,27164586,4.0037,0.93239,4.5629,0.86876
2021-12-10 20:30,7815061.8,27196415,3.9588,0.93297,4.5185,1.282
2021-12-10 20:35,7817289.5,27230382,3.9487,0.93193,4.5245,0.88147
2021-12-10 20:40,7810905.2,27152440,3.987,0.93204,4.5671,0.73191
2021-12-10 20:45,7811006.8,27158183,3.9732,0.9317,4.5514,1.5772
2021-12-10 20:50,7807858.5,27249426,3.9815,0.93281,4.5558,1.0968
2021-12-10 20:55,7806934.4,27226061,4,0.93267,4.5774,0.8207
2021-12-10 21:00,7787378.3,27234912,3.9916,0.93104,4.5812,2.7086
2021-12-10 21:05,7788803.9,27198503,3.9907,0.93104,4.5841,0.56001
2021-12-10 21:10,7799030.5,27179621,3.9852,0.93124,4.5694,0.66531
2021-12-10 21:15,7812072,27328126,3.964,0.93186,4.5657,0.69916
2021-12-10 21:20,7806874.5,27300640,3.9963,0.93148,4.5894,1.1042
2021-12-10 21:25,7798335.2,27317568,3.9963,0.93078,4.5955,1.0172
2021-12-10 21:30,7799319.3,27227424,3.9575,0.92975,4.5488,0.64638
2021-12-10 21:35,7792248.4,27243130,3.975,0.92976,4.5588,1.5121
2021-12-10 21:40,7795546.2,27222047,3.9174,0.92993,4.5036,1.5895
2021-12-10 21:45,7799627.1,27207844,3.9138,0.92952,4.4937,0.90986
2021-12-10 21:50,7784875.3,26811111,3.9593,0.93012,4.5285,0.37673
2021-12-10 21:55,7811619.7,27004769,3.9347,0.93005,4.4905,0.70221
2021-12-10 22:00,7807544.1,26976591,3.9713,0.93059,4.5112,0.77498
2021-12-10 22:05,7805625.5,26827935,3.9851,0.93121,4.5284,0.63184
2021-12-10 22:10,7836184.3,27027038,4.0432,0.93144,4.5517,0.62444
2021-12-10 22:15,7817524.4,26974952,3.9972,0.93246,4.5096,1.6067
2021-12-10 22:20,7809534.4,26968862,3.9953,0.93304,4.5247,1.1395
2021-12-10 22:25,7801571.1,26823636,4.0414,0.9332,4.555,0.92678
2021-12-10 22:30,7813388.5,26893683,4.0047,0.93344,4.5159,1.1222
2021-12-10 22:35,7828943.2,26861104,3.9916,0.93393,4.498,0.93619
2021-12-10 22:40,7827182.1,26968915,3.9935,0.93382,4.5159,1.6337
2021-12-10 22:45,7820296.1,27089506,3.9861,0.93404,4.5284,2.9932
2021-12-10 22:50,7820840.3,27029049,3.9666,0.93384,4.4988,1.2213
2021-12-10 22:55,7807705.7,26717969,4.0056,0.93374,4.5237,0.36899
2021-12-10 23:00,7804767.7,26684501,4.0558,0.93442,4.5846,0.7241
2021-12-10 23:05,7798090.2,26739489,3.915,0.93523,4.4615,1.0263
2021-12-10 23:10,7801513.1,26782279,3.9621,0.93564,4.4908,1.2821
2021-12-10 23:15,7784744.6,26621556,3.9658,0.93756,4.4877,1.6139
2021-12-10 23:20,7782920.5,26710983,3.8869,0.93758,4.3747,1.1199
2021-12-10 23:25,7751526.5,26751575,3.8876,0.938,4.38,3.5258
2021-12-10 23:30,7750083.3,26666019,3.8348,0.93942,4.3305,1.5172
2021-12-10 23:35,7748443,26497816,3.8591,0.94047,4.3449,0.94586
2021-12-10 23:40,7727369.4,26222283,3.9656,0.93775,4.4558,0.59851
2021-12-10 23:45,7730139.3,26243823,3.9581,0.93796,4.4558,0.72185
2021-12-10 23:50,7731868.6,26064732,3.9869,0.93801,4.4912,0.67486
2021-12-10 23:55,7706429.2,25631584,4.067,0.93925,4.5237,0.57784
2021-12-11 00:00,7699476.4,25747049,4.0738,0.93812,4.548,1.0181
2021-12-11 00:05,7758475.4,26021926,3.9906,0.93819,4.498,0.79975
2021-12-11 00:10,7769303.8,25832935,3.9488,0.94181,4.5192,0.79443
2021-12-11 00:15,7706004,25559367,3.9414,0.94176,4.4963,0.67527
2021-12-11 00:20,7689692.8,25434126,3.9775,0.9406,4.5029,0.83627
2021-12-11 00:25,7700567.9,25773801,4.0038,0.93976,4.5756,0.9002
2021-12-11 00:30,7685359.4,26136309,4.0303,0.94054,4.6404,1.4606
2021-12-11 00:35,7727430.5,26195989,4.0806,0.94003,4.6862,0.52839
2021-12-11 00:40,7716420.6,26440904,3.9554,0.93974,4.5751,1.6319
2021-12-11 00:45,7712060.2,26226148,3.9326,0.93977,4.5278,0.95679
2021-12-11 00:50,7735632.8,26231531,4.0273,0.93861,4.6209,0.78111
2021-12-11 00:55,7725287.1,26119532,3.9281,0.93833,4.5257,1.5171
2021-12-11 01:00,7719784.9,25992830,3.9684,0.93699,4.5651,0.87482
2021-12-11 01:05,7732426,26190411,3.9777,0.93672,4.5766,0.92311
2021-12-11 01:10,7740431.9,26317468,3.9879,0.93665,4.6133,1.1284
2021-12-11 01:15,7721708.3,26357656,3.8929,0.93646,4.5175,2.3315
2021-12-11 01:20,7684045,26320957,3.8633,0.93637,4.4882,1.2688
2021-12-11 01:25,7632598.5,26240874,3.7507,0.9359,4.3923,2.1599
2021-12-11 01:30,7584670.7,26133044,3.5842,0.93547,4.2299,2.0497
2021-12-11 01:35,7594552.9,26284748,3.5214,0.93325,4.1592,1.124
2021-12-11 01:40,7608546.6,26466140,3.2378,0.93257,3.8678,1.1313
2021-12-11 01:45,7581143.8,26224270,3.2583,0.93196,3.8895,0.88434
2021-12-11 01:50,7571379.5,26079980,3.2383,0.93171,3.8662,0.85646
2021-12-11 01:55,7575174.5,26102004,3.2603,0.93086,3.8875,1.2061
2021-12-11 02:00,7555509,25863428,3.2993,0.92768,3.9149,0.9935
2021-12-11 02:05,7550662.1,25997903,3.2638,0.92639,3.88,1.204
2021-12-11 02:10,7554549.1,26116076,3.2341,0.92538,3.8509,1.1852
2021-12-11 02:15,7561871.8,26111143,3.2273,0.92447,3.8433,1.0836
2021-12-11 02:20,7562243.2,25915807,3.2632,0.92445,3.8743,0.49355
2021-12-11 02:25,7564300,25925175,3.2331,0.92434,3.8323,0.7605
2021-12-11 02:30,7562419.7,25984474,3.2154,0.9233,3.8169,0.65092
2021-12-11 02:35,7563717.1,25928422,3.1917,0.92231,3.7835,0.78784
2021-12-11 02:40,7582156.4,26152069,3.1843,0.92282,3.7821,1.3846
2021-12-11 02:45,7586835,26198173,3.1976,0.92197,3.795,1.251
2021-12-11 02:50,7581642.1,26324687,3.1634,0.92192,3.7537,1.0929
2021-12-11 02:55,7580576,26334921,3.1981,0.92052,3.7883,0.6212
2021-12-11 03:00,7594308.8,26443383,3.1397,0.91875,3.7368,1.846
2021-12-11 03:05,7587155.3,26312255,3.1109,0.91766,3.6989,0.82327
2021-12-11 03:10,7575318.2,26378369,3.0944,0.91669,3.6935,1.5009
2021-12-11 03:15,7576411.3,26388641,3.0864,0.9166,3.6862,0.81151
2021-12-11 03:20,7559612.6,26513311,3.1048,0.91704,3.7242,1.1845
2021-12-11 03:25,7559899.9,26421850,3.0888,0.91648,3.7035,1.1832
2021-12-11 03:30,7565324.1,26451373,3.103,0.9163,3.7134,0.97831
2021-12-11 03:35,7568646.3,26528105,3.0441,0.91546,3.6574,1.075
2021-12-11 03:40,7577621.8,26618782,3.0363,0.91668,3.6377,2.0652
2021-12-11 03:45,7595533.7,26637690,3.0177,0.91476,3.612,1.6619
2021-12-11 03:50,7602123,26605602,2.9908,0.91331,3.5792,0.6529
2021-12-11 03:55,7597507.4,26664612,3.0008,0.91217,3.5841,0.60402
2021-12-11 04:00,7609570.6,26623517,3.0239,0.91176,3.5949,1.2766
2021-12-11 04:05,7596794.7,26474830,2.9939,0.91099,3.5446,0.34659
2021-12-11 04:10,7584688.4,26516071,3.0008,0.91133,3.5566,0.71759
2021-12-11 04:15,7570698.4,26502047,2.9916,0.91041,3.5472,1.129
2021-12-11 04:20,7570246.1,26457041,2.9878,0.9098,3.5411,0.79635
2021-12-11 04:25,7569274.4,26363783,2.9901,0.90913,3.5397,0.66197
2021-12-11 04:30,7572743.9,26335488,3.0323,0.90918,3.5753,0.65829
2021-12-11 04:35,7571205.6,26340224,3.0331,0.90844,3.5643,0.72773
2021-12-11 04:40,7568753.1,26165179,3.1344,0.90841,3.678,0.36265
2021-12-11 04:45,7569546.6,26180397,3.1151,0.90884,3.6443,0.95007
2021-12-11 04:50,7562764.9,26243311,3.0902,0.90824,3.6154,1.5761
2021-12-11 04:55,7569660.5,26380267,3.0814,0.90819,3.6173,1.3916
2021-12-11 05:00,7564257.3,26429515,3.071,0.90814,3.6045,0.92507
2021-12-11 05:05,7561513.6,26329190,3.0877,0.90714,3.6243,0.89047
2021-12-11 05:10,7570983.5,26369736,3.0585,0.90734,3.5895,1.0047
2021-12-11 05:15,7567978.8,26346773,3.0391,0.90687,3.5715,1.2293
2021-12-11 05:20,7556045.1,26272369,3.0313,0.90644,3.5517,0.85837
2021-12-11 05:25,7555415,26285636,3.0491,0.90618,3.5657,1.1358
2021-12-11 05:30,7561832.2,26375671,3.0444,0.90634,3.5595,0.83916
2021-12-11 05:35,7552121.8,26352043,3.0616,0.90589,3.5811,1.2481
2021-12-11 05:40,7551539,26343057,3.0741,0.90538,3.5948,1.0712
2021-12-11 05:45,7552068.7,26364272,3.0686,0.90575,3.6029,0.96288
2021-12-11 05:50,7563932.2,26390559,3.0804,0.90616,3.6126,0.78531
2021-12-11 05:55,7541955.6,26235099,3.0313,0.90447,3.5559,1.3299
2021-12-11 06:00,7532372.1,26152396,3.053,0.90406,3.5668,0.83946
2021-12-11 06:05,7534292.4,26136460,3.0137,0.90424,3.5321,0.8223
2021-12-11 06:10,7530342.4,26213122,3.0544,0.90456,3.577,0.90843
2021-12-11 06:15,7573381.2,26639790,2.9872,0.90619,3.5197,1.3646
2021-12-11 06:20,7561455.1,26525140,2.9796,0.90749,3.517,1.1365
2021-12-11 06:25,7544776.2,26306931,2.9676,0.90699,3.512,0.98983
2021-12-11 06:30,7543543.9,26319425,2.9639,0.90591,3.5143,1.259
2021-12-11 06:35,7537414.4,26162365,2.9774,0.90581,3.515,0.90896
2021-12-11 06:40,7531626.3,26236541,2.9819,0.90528,3.5157,1.1674
2021-12-11 06:45,7540634.4,26249522,2.9954,0.90558,3.5322,1.1429
2021-12-11 06:50,7547878.8,26032465,2.9661,0.90512,3.4983,1.0087
2021-12-11 06:55,7538497.7,26060587,2.9781,0.90474,3.4963,0.77805
2021-12-11 07:00,7526006,25949669,3.0679,0.90395,3.5851,0.71338
2021-12-11 07:05,7532264.5,26116384,2.9331,0.90567,3.4385,2.1256
2021-12-11 07:10,7535123.9,26161950,2.9272,0.9056,3.4343,1.3218
2021-12-11 07:15,7532154.1,26114991,2.964,0.90556,3.4713,0.79639
2021-12-11 07:20,7524871.6,26187794,2.9316,0.90536,3.4528,1.8796
2021-12-11 07:25,7521425.5,26136954,2.9647,0.90515,3.4776,1.5331
2021-12-11 07:30,7521426.2,26068948,2.9879,0.90551,3.5086,0.4883
2021-12-11 07:35,7513604.4,25986547,3.0053,0.90495,3.5291,1.0083
2021-12-11 07:40,7523217.7,26110416,2.9947,0.90456,3.523,1.0049
2021-12-11 07:45,7523885.9,26122932,2.9506,0.90483,3.4674,1.3087
2021-12-11 07:50,7558001.4,26159321,3.049,0.90944,3.5649,0.47649
2021-12-11 07:55,7579520.8,26217562,3.0636,0.90961,3.5863,0.58201
2021-12-11 08:00,7565789,26155529,3.0731,0.90957,3.5957,0.99422
2021-12-11 08:05,7555694.3,26133892,3.0653,0.90973,3.594,1.0902
2021-12-11 08:10,7550907.2,26058181,3.0716,0.90843,3.6031,1.2323
2021-12-11 08:15,7559277.6,26212324,3.093,0.90869,3.617,0.72958
2021-12-11 08:20,7562789,26417558,3.0569,0.90885,3.5853,1.8176
2021-12-11 08:25,7546626,26513870,3.0099,0.90909,3.55,1.502
2021-12-11 08:30,7476784.2,26602398,2.9578,0.90392,3.5174,1.794
2021-12-11 08:35,7457505.2,26483222,2.9478,0.90392,3.5024,0.62033
2021-12-11 08:40,7444162.5,26443327,2.9062,0.90447,3.463,1.7062
2021-12-11 08:45,7428359.9,26431674,2.8823,0.90442,3.4375,1.6354
2021-12-11 08:50,7425746.9,26368827,2.8459,0.90445,3.3846,0.96252
2021-12-11 08:55,7363843.6,26694930,2.4847,0.90567,3.0082,1.7327
2021-12-11 09:00,7366942.6,26680737,2.4552,0.90471,2.931,1.6882
2021-12-11 09:05,7357845.1,26716085,2.4246,0.90363,2.9136,1.2326
2021-12-11 09:10,7329249,26643196,2.3777,0.90668,2.8306,1.2077
2021-12-11 09:15,7341751.2,26656148,2.3867,0.90449,2.8203,0.60427
2021-12-11 09:20,7319704.8,26636406,2.368,0.90198,2.7913,1.0454
2021-12-11 09:25,7334478.3,26745477,2.3448,0.90203,2.7625,0.76036
2021-12-11 09:30,7323935.5,26881168,2.28,0.902,2.6869,1.6602
2021-12-11 09:35,7360071.6,26978085,2.2753,0.90257,2.6573,0.96202
2021-12-11 09:40,7364238.9,26967424,2.2688,0.90086,2.6366,0.97739
2021-12-11 09:45,7366418.4,26953725,2.2651,0.90025,2.6322,0.77067
2021-12-11 09:50,7367248,26967208,2.2238,0.89974,2.5776,1.3166
2021-12-11 09:55,7360723.2,26940247,2.219,0.90005,2.566,1.4682
2021-12-11 10:00,7390791.2,27107828,2.1952,0.89982,2.5421,1.5879
2021-12-11 10:05,7434339.4,27296319,2.1818,0.89911,2.5247,1.2561
2021-12-11 10:10,7421022.6,27378943,2.1817,0.89754,2.541,1.0201
2021-12-11 10:15,7432915.5,27306694,2.1906,0.89814,2.5485,0.63117
2021-12-11 10:20,7448401.9,27367808,2.1957,0.8972,2.5426,0.98914
2021-12-11 10:25,7456952.9,27471661,2.1831,0.89721,2.5342,1.1662
2021-12-11 10:30,7465490,27441300,2.1667,0.89572,2.5158,0.87559
2021-12-11 10:35,7460971.1,27386273,2.1736,0.89366,2.5156,0.82022
2021-12-11 10:40,7455955.7,27328909,2.188,0.89515,2.5292,0.83043
2021-12-11 10:45,7446953.4,27285637,2.1929,0.89645,2.5284,0.99752
2021-12-11 10:50,7455290,27271451,2.0736,0.89488,2.4068,0.61673
2021-12-11 10:55,7447708.9,27204031,2.0848,0.89526,2.406,0.6227
2021-12-11 11:00,7458378.2,27259545,2.0905,0.89468,2.4154,1.1621
2021-12-11 11:05,7447803.5,27184483,2.0883,0.89519,2.4125,0.74261
2021-12-11 11:10,7432122.6,27082655,2.1184,0.89624,2.4465,1.1022
2021-12-11 11:15,7419105.3,27037898,2.1247,0.89787,2.4522,0.72484
2021-12-11 11:20,7424623.9,27025631,2.1146,0.89611,2.4468,0.75845
2021-12-11 11:25,7407763.4,26956851,2.1221,0.89476,2.4544,0.99143
2021-12-11 11:30,7396020.3,27003217,2.1428,0.89549,2.4783,0.88115
2021-12-11 11:35,7394990.4,27056545,2.1239,0.89581,2.4805,1.5764
2021-12-11 11:40,7402886.9,27109372,2.1274,0.89535,2.4879,1.4184
2021-12-11 11:45,7413347.2,27151297,2.1258,0.89535,2.4912,0.82669
2021-12-11 11:50,7391483.2,26919782,2.1254,0.89627,2.4765,0.61636
2021-12-11 11:55,7379768.4,26751660,2.1617,0.89655,2.5173,0.46763
2021-12-11 12:00,7374516.9,26674902,2.1992,0.89663,2.5541,0.68175
2021-12-11 12:05,7373742.4,26751937,2.1955,0.89749,2.551,1.3768
2021-12-11 12:10,7370692.8,26799859,2.2045,0.89793,2.5642,1.2493
2021-12-11 12:15,7376049.5,26826692,2.1933,0.89814,2.5543,0.8782
2021-12-11 12:20,7373353.1,26748704,2.194,0.89678,2.5551,0.63511
2021-12-11 12:25,7379178.8,26764822,2.1983,0.89612,2.5611,1.0649
2021-12-11 12:30,7375748.5,26633828,2.2301,0.89508,2.5953,0.87183
2021-12-11 12:35,7383385.7,26639256,2.2322,0.89522,2.6105,0.95851
2021-12-11 12:40,7371714.9,26530802,2.399,0.89669,2.7874,0.69494
2021-12-11 12:45,7404696.7,26580633,2.5684,0.89605,2.9577,0.50868
2021-12-11 12:50,7409682.3,26549020,2.5666,0.89678,2.9534,0.78639
2021-12-11 12:55,7402833.1,26515344,2.5878,0.89648,2.9755,0.96706
2021-12-11 13:00,7405738.3,26545068,2.5631,0.895,2.9601,1.8651
2021-12-11 13:05,7388821.4,26375040,2.6278,0.89403,3.0248,0.38644
2021-12-11 13:10,7378938.5,26339979,2.6425,0.89275,3.0482,1.0711
2021-12-11 13:15,7375609.1,26337009,2.6273,0.89232,3.0716,1.084
2021-12-11 13:20,7339911.8,26309883,2.6408,0.88978,3.0986,1.3671
2021-12-11 13:25,7341844.6,26442725,2.6344,0.89148,3.0961,1.1365
2021-12-11 13:30,7348185.8,26438773,2.5963,0.89047,3.0685,1.2499
2021-12-11 13:35,7347185.8,26457205,2.6137,0.89105,3.094,0.90687
2021-12-11 13:40,7461633.9,26772342,2.7136,0.8891,3.2025,0.41037
2021-12-11 13:45,7456621.8,26699718,2.6889,0.8902,3.1812,1.0379
2021-12-11 13:50,7456665.1,26635620,2.6703,0.88886,3.1582,1.1983
2021-12-11 13:55,7452611.6,26657992,2.6449,0.88887,3.1252,1.0979
2021-12-11 14:00,7451571.3,26775683,2.6385,0.88893,3.1251,0.93059
2021-12-11 14:05,7445512.3,26817084,2.7006,0.89092,3.1978,1.2379
2021-12-11 14:10,7445630.3,26868231,2.6905,0.88973,3.1938,1.3607
2021-12-11 14:15,7457993.9,26984259,2.7016,0.89111,3.2098,0.91183
2021-12-11 14:20,7457525.2,26873558,2.6906,0.89147,3.2073,1.189
2021-12-11 14:25,7473510.2,27009266,2.6682,0.89312,3.1962,1.2472
2021-12-11 14:30,7480201.8,27087642,2.6599,0.8931,3.1853,1.139
2021-12-11 14:35,7476586.8,26988653,2.671,0.89353,3.2074,1.0279
2021-12-11 14:40,7467932.1,26962260,2.7145,0.89208,3.2519,0.3546
2021-12-11 14:45,7473280.4,27038328,2.7121,0.89183,3.2513,1.2897
2021-12-11 14:50,7466965.4,27037882,2.6885,0.89149,3.2364,0.93136
2021-12-11 14:55,7467266.4,26971766,2.6826,0.8915,3.2352,1.1553
2021-12-11 15:00,7471788.7,27057094,2.7155,0.89164,3.2598,0.69998
2021-12-11 15:05,7467051.3,27046420,2.6934,0.89074,3.2518,1.1189
2021-12-11 15:10,7473177.6,27082056,2.6929,0.89046,3.2567,0.88917
2021-12-11 15:15,7475614.9,27020765,2.6837,0.88964,3.2426,1.4784
2021-12-11 15:20,7470697,27066335,2.6968,0.8887,3.2604,0.57014
2021-12-11 15:25,7482509.5,27057662,2.6787,0.88907,3.2432,0.79594
2021-12-11 15:30,7495359.8,27146559,2.6751,0.8893,3.2411,0.73913
2021-12-11 15:35,7504547.2,27264020,2.6692,0.88819,3.2388,1.2557
2021-12-11 15:40,7501010,27227172,2.6896,0.88803,3.2671,0.80083
2021-12-11 15:45,7506942.4,27198847,2.7085,0.88712,3.2879,0.80663
2021-12-11 15:50,7513920.1,27332779,2.6572,0.88724,3.2361,1.2101
2021-12-11 15:55,7518434.7,27409714,2.6197,0.88635,3.197,1.1874
2021-12-11 16:00,7544376.3,27674272,2.5658,0.88441,3.1453,1.1357
2021-12-11 16:05,7590094.3,27946727,2.5501,0.88227,3.1333,0.94902
2021-12-11 16:10,7618548,27929597,2.5445,0.88069,3.1454,1.0408
2021-12-11 16:15,7605312.5,28121060,2.4863,0.88042,3.0809,1.3129
2021-12-11 16:20,7599881.5,27955278,2.4958,0.87886,3.1025,0.69365
2021-12-11 16:25,7593467.7,27984815,2.483,0.87804,3.0804,0.9605
2021-12-11 16:30,7606719.4,28023154,2.4923,0.87822,3.0901,0.71139
2021-12-11 16:35,7602674,28015854,2.4742,0.87975,3.0534,0.93804
2021-12-11 16:40,7623190.3,28236297,2.4565,0.87973,3.0579,1.7251
2021-12-11 16:45,7614595.2,28067398,2.4542,0.87979,3.064,0.76784
2021-12-11 16:50,7595105.8,27927204,2.4961,0.88153,3.0984,0.71901
2021-12-11 16:55,7573429.8,27771767,2.4945,0.88046,3.0863,0.50724
2021-12-11 17:00,7586694.6,27714195,2.5065,0.88246,3.0761,0.57034
2021-12-11 17:05,7574736.9,27685663,2.4379,0.8821,3.0093,1.0997
2021-12-11 17:10,7578086.1,27806612,2.431,0.88272,3.0027,1.1735
2021-12-11 17:15,7590268.4,27818334,2.4299,0.88126,3.0087,1.4983
2021-12-11 17:20,7603097.2,28207491,2.4183,0.87792,2.9822,1.7063
2021-12-11 17:25,7621946,28216317,2.4031,0.87786,2.9536,0.69546
2021-12-11 17:30,7637480.6,28185776,2.4295,0.87742,2.969,0.74973
2021-12-11 17:35,7647353.6,28134157,2.4317,0.87693,2.9897,0.78835
2021-12-11 17:40,7635246.2,28107961,2.4305,0.87707,2.9973,1.3422
2021-12-11 17:45,7628574.4,28111297,2.4015,0.87617,2.9678,0.77317
2021-12-11 17:50,7629827,28017182,2.4284,0.87686,2.9775,0.415
2021-12-11 17:55,7634666.6,27973418,2.4051,0.87759,2.9534,0.55692
2021-12-11 18:00,7639761.7,28078038,2.3938,0.87689,2.9582,1.0561
2021-12-11 18:05,7641172.3,28074067,2.3749,0.87595,2.9326,0.57087
2021-12-11 18:10,7666310.1,28237497,2.3503,0.87727,2.9072,1.6025
2021-12-11 18:15,7682790.2,28340185,2.3501,0.87741,2.9075,1.3824
2021-12-11 18:20,7702768,28388239,2.3441,0.87699,2.9014,0.64494
2021-12-11 18:25,7731485.5,28652885,2.3427,0.87658,2.8914,1.0057
2021-12-11 18:30,7744773,28531907,2.336,0.87729,2.8934,0.66389
2021-12-11 18:35,7704669,28091223,2.3983,0.87749,2.9592,0.35075
2021-12-11 18:40,7703934.2,28154981,2.3635,0.87519,2.9387,0.90411
2021-12-11 18:45,7709780.3,28119887,2.3427,0.87574,2.8989,0.65171
2021-12-11 18:50,7701200.2,28283570,2.3214,0.87492,2.8903,1.8145
2021-12-11 18:55,7713822.7,28312763,2.3216,0.87438,2.879,0.69165
2021-12-11 19:00,7701318.7,28294645,2.3093,0.87445,2.853,0.9044
2021-12-11 19:05,7720233.4,28480977,2.2519,0.87255,2.7905,1.3377
2021-12-11 19:10,7756602,28691671,2.2007,0.87324,2.7172,1.4913
2021-12-11 19:15,7766196.8,28686941,2.2113,0.87317,2.7103,0.73334
2021-12-11 19:20,7768088.2,28602101,2.2285,0.87393,2.7377,0.73745
2021-12-11 19:25,7777458.4,28636602,2.208,0.8737,2.7261,1.4818
2021-12-11 19:30,7777000.1,28496904,2.2278,0.87392,2.7596,0.47097
2021-12-11 19:35,7759999.9,28370560,2.2546,0.87286,2.7957,0.65182
2021-12-11 19:40,7745808.2,28176229,2.2952,0.87372,2.8277,0.32312
2021-12-11 19:45,7750438.3,28144825,2.3183,0.87512,2.8459,0.92178
2021-12-11 19:50,7722025.3,28057550,2.3264,0.87247,2.8609,0.56233
2021-12-11 19:55,7709184.1,27929343,2.3272,0.8726,2.8578,0.83832
2021-12-11 20:00,7714126.7,27901996,2.3409,0.87353,2.8509,0.71189
2021-12-11 20:05,7711836.1,28028334,2.3244,0.87274,2.844,1.7097
2021-12-11 20:10,7716646.1,28042292,2.3256,0.87409,2.8478,1.0463
2021-12-11 20:15,7709891.9,27965771,2.3599,0.8735,2.8764,0.75432
2021-12-11 20:20,7748527,28030351,2.3685,0.8748,2.8875,0.97816
2021-12-11 20:25,7748813.3,28013374,2.3679,0.87479,2.8855,1.1965
2021-12-11 20:30,7765110,28049200,2.411,0.87483,2.9172,0.43489
2021-12-11 20:35,7751239,27974222,2.4104,0.87375,2.9262,0.80206
2021-12-11 20:40,7735153.6,28084725,2.3896,0.8729,2.9068,1.4523
2021-12-11 20:45,7711050.5,28068224,2.3791,0.87324,2.902,1.8909
2021-12-11 20:50,7711902.4,28071325,2.3584,0.87337,2.8855,1.2873
2021-12-11 20:55,7725087.9,28001991,2.4029,0.87387,2.9304,0.44626
2021-12-11 21:00,7755499.6,28012865,2.4167,0.87389,2.951,0.4284
2021-12-11 21:05,7743529.1,27856288,2.4115,0.87288,2.9266,0.52037
2021-12-11 21:10,7693513.6,27773584,2.3389,0.87237,2.8501,1.709
2021-12-11 21:15,7679088.6,27899533,2.3404,0.87235,2.8492,1.2918
2021-12-11 21:20,7670682.7,27806225,2.3404,0.87242,2.8425,0.55366
2021-12-11 21:25,7663966.3,27871145,2.3473,0.87133,2.8546,0.93397
2021-12-11 21:30,7667021.5,27854289,2.3518,0.87156,2.861,0.88492
2021-12-11 21:35,7667552.4,28139454,2.3116,0.87047,2.8123,1.335
2021-12-11 21:40,7699274.1,28117749,2.3039,0.86914,2.811,1.4697
2021-12-11 21:45,7704571.8,28183324,2.3239,0.86773,2.8387,0.68171
2021-12-11 21:50,7695294.6,28361794,2.2847,0.86935,2.7832,0.89164
2021-12-11 21:55,7722419.6,28611565,2.2591,0.86917,2.7349,1.5499
2021-12-11 22:00,7737531.2,28547446,2.2642,0.86997,2.7356,0.76848
2021-12-11 22:05,7721421.1,28369616,2.2698,0.86984,2.7415,0.59508
2021-12-11 22:10,7729915.5,28484739,2.2373,0.86784,2.7094,1.8754
2021-12-11 22:15,7723312.2,28367726,2.2437,0.86652,2.7166,0.64499
2021-12-11 22:20,7716826.3,28205000,2.2709,0.86655,2.7465,0.83309
2021-12-11 22:25,7721040.5,28170235,2.281,0.86668,2.7616,1.0521
2021-12-11 22:30,7733521.3,28320155,2.274,0.86686,2.7598,1.1753
2021-12-11 22:35,7739265.7,28356670,2.2653,0.86657,2.7535,1.1051
2021-12-11 22:40,7737898.8,28429040,2.2601,0.8658,2.7551,2.3466
2021-12-11 22:45,7727406.1,28417347,2.269,0.86497,2.7632,0.65422
2021-12-11 22:50,7729062.6,28311556,2.2829,0.86435,2.782,0.39757
2021-12-11 22:55,7736027.7,28310682,2.282,0.86459,2.775,1.1252
2021-12-11 23:00,7733548.4,28232022,2.2874,0.86455,2.781,0.71099
2021-12-11 23:05,7726620.6,28333518,2.2572,0.86507,2.7523,3.3673
2021-12-11 23:10,7728165.5,28372728,2.268,0.86495,2.7664,0.84667
2021-12-11 23:15,7736925.2,28407804,2.2725,0.86558,2.7673,0.98745
2021-12-11 23:20,7753532.4,28739711,2.2218,0.86484,2.7174,2.243
2021-12-11 23:25,7799262.4,29297067,2.1028,0.86538,2.6105,1.467
2021-12-11 23:30,7851439.8,29352985,2.104,0.86721,2.6086,1.1311
2021-12-11 23:35,7889426.4,29633908,2.0842,0.86651,2.5783,1.4553
2021-12-11 23:40,7871382,29313027,2.1337,0.86557,2.6459,0.58988
2021-12-11 23:45,7879336.4,29621027,2.0981,0.86432,2.607,1.4261
2021-12-11 23:50,7874325.8,29434230,2.0599,0.86428,2.5744,0.78183
2021-12-11 23:55,7879352.2,29500295,2.0459,0.86139,2.5695,1.4045
2021-12-12 00:00,7879669.9,29450606,2.0904,0.86111,2.6277,0.65229
2021-12-12 00:05,7835853.5,29034301,2.1477,0.85972,2.7012,0.62822
2021-12-12 00:10,7841213,28973309,2.256,0.89731,2.7209,0.62228
2021-12-12 00:15,7858719,29069411,2.2506,0.89814,2.7149,0.73078
2021-12-12 00:20,7841306.5,29011918,2.2367,0.89942,2.7055,1.403
2021-12-12 00:25,7852996.1,29213145,2.2286,0.90107,2.7003,1.372
2021-12-12 00:30,7834302.4,29034518,2.2622,0.90086,2.723,0.67292
2021-12-12 00:35,7821078.9,28835949,2.255,0.90099,2.7012,0.62632
2021-12-12 00:40,7831697.8,28885487,2.248,0.90212,2.6958,0.69489
2021-12-12 00:45,7825180.6,28938645,2.2511,0.90366,2.6968,0.6772
2021-12-12 00:50,7815223.8,28927292,2.2617,0.90461,2.7124,0.85345
2021-12-12 00:55,7823078.1,29198958,2.2322,0.90532,2.6856,1.3635
2021-12-12 01:00,7836722.1,29389188,2.2017,0.90682,2.6654,1.5609
2021-12-12 01:05,7854040.7,29680420,2.1867,0.90854,2.6646,1.2225
2021-12-12 01:10,7903279.8,29858591,2.1776,0.90683,2.6759,1.1859
2021-12-12 01:15,7905225.1,29763921,2.1694,0.90636,2.6562,0.8095
2021-12-12 01:20,7900542.1,29792944,2.1807,0.90541,2.6693,0.81556
2021-12-12 01:25,7913286,29722302,2.177,0.906,2.6577,0.72444
2021-12-12 01:30,7930536,29706912,2.1949,0.90742,2.6783,0.74973
2021-12-12 01:35,7941189.4,29842990,2.1632,0.90852,2.6622,1.3228
2021-12-12 01:40,7939033.7,29803776,2.1814,0.90885,2.677,0.99667
2021-12-12 01:45,7942111.7,29767013,2.1797,0.90919,2.6718,0.65725
2021-12-12 01:50,7955893.8,29823062,2.1743,0.90916,2.6694,0.96235
2021-12-12 01:55,7967770.9,29985351,2.1752,0.9095,2.6762,1.2323
2021-12-12 02:00,7974047.2,30008798,2.1705,0.91179,2.6596,0.70782
2021-12-12 02:05,7960567.1,29807542,2.1766,0.91143,2.6724,0.70134
2021-12-12 02:10,7965985.5,29840582,2.1814,0.91152,2.6771,0.99306
2021-12-12 02:15,7982288.7,29976308,2.1605,0.91166,2.6509,1.8011
2021-12-12 02:20,7991276.6,30016331,2.1569,0.91321,2.6486,1.146
2021-12-12 02:25,7986783.4,29902517,2.1587,0.91222,2.6506,0.48127
2021-12-12 02:30,7985064.6,29824718,2.1634,0.91213,2.6528,0.59418
2021-12-12 02:35,7976649.9,29808741,2.1647,0.91129,2.653,0.76937
2021-12-12 02:40,7955814.7,29643366,2.1728,0.91087,2.6611,0.68945
2021-12-12 02:45,7960962.6,29606820,2.2022,0.91129,2.6868,0.7478
2021-12-12 02:50,7967332.9,29598642,2.2051,0.91171,2.6839,0.45827
2021-12-12 02:55,7966381.3,29611039,2.2127,0.91226,2.6924,0.76032
2021-12-12 03:00,7967632.1,29456397,2.2316,0.91301,2.7054,0.55805
2021-12-12 03:05,7976866.4,29411958,2.2102,0.91384,2.6921,0.80316
2021-12-12 03:10,7984924.8,29416463,2.2049,0.91466,2.6901,1.1913
2021-12-12 03:15,7996538.1,29418049,2.2399,0.91497,2.7217,0.5214
2021-12-12 03:20,8003994.9,29452129,2.2433,0.91512,2.7251,0.90844
2021-12-12 03:25,8007642.2,29417570,2.2676,0.91572,2.7595,0.49324
2021-12-12 03:30,8022277.3,29417691,2.3075,0.91671,2.79,0.7657
2021-12-12 03:35,8030638.6,29417811,2.2928,0.91702,2.7766,0.64994
2021-12-12 03:40,8036617.9,29442409,2.3063,0.91736,2.7998,1.0067
2021-12-12 03:45,8037842.7,29432977,2.3272,0.91671,2.8261,1.1927
2021-12-12 03:50,8017937.3,29387361,2.3238,0.91719,2.8292,1.377
2021-12-12 03:55,8011842.2,29419485,2.331,0.91595,2.8483,1.9792
2021-12-12 04:00,7998193,29425352,2.3299,0.91633,2.8636,0.98098
2021-12-12 04:05,7988480,29277779,2.3268,0.91481,2.8701,0.62732
2021-12-12 04:10,7992915.6,29262064,2.3532,0.91458,2.8982,0.73292
2021-12-12 04:15,7992880.1,29322867,2.3426,0.91394,2.8947,1.4568
2021-12-12 04:20,7985592.6,29450866,2.3101,0.91411,2.8555,1.4886
2021-12-12 04:25,7972426.9,29360362,2.2968,0.91397,2.8497,0.60151
2021-12-12 04:30,7977690.7,29437679,2.2995,0.91404,2.8567,1.49
2021-12-12 04:35,7970734.3,29367970,2.3175,0.91362,2.8801,0.70208
2021-12-12 04:40,7972626.3,29323320,2.3253,0.91273,2.89,0.71733
2021-12-12 04:45,7984775.3,29312110,2.3167,0.91248,2.8856,1.0187
2021-12-12 04:50,8065458.8,29134975,2.4673,0.91645,2.9905,0.40056
2021-12-12 04:55,8074196.8,29010589,2.8007,0.91592,3.2968,0.56179
2021-12-12 05:00,8073167.8,29063404,2.7947,0.91481,3.2923,0.73549
2021-12-12 05:05,8067870.5,29069171,2.8134,0.91408,3.3058,0.62898
2021-12-12 05:10,8067087.8,29037906,2.8158,0.91483,3.3117,0.72151
2021-12-12 05:15,8071726.9,29066851,2.7995,0.9158,3.2932,1.1576
2021-12-12 05:20,8068719.7,29047391,2.7198,0.91588,3.199,2.2563
2021-12-12 05:25,8069694.5,29057217,2.7269,0.91623,3.2074,0.69562
2021-12-12 05:30,8060302,28992906,2.7584,0.91587,3.2436,0.5769
2021-12-12 05:35,8041694.8,28877726,2.7931,0.91633,3.2738,1.1698
2021-12-12 05:40,8035089.4,28839577,2.7981,0.91644,3.2695,0.5654
2021-12-12 05:45,8026308.3,28822473,2.7838,0.91623,3.2566,1.6225
2021-12-12 05:50,8021024.6,28827562,2.7826,0.91583,3.2613,1.6619
2021-12-12 05:55,8018811.2,28755447,2.7875,0.91608,3.2737,0.54468
2021-12-12 06:00,8010511.6,28765747,2.7663,0.91578,3.2486,1.092
2021-12-12 06:05,7895565.2,28529353,2.7196,0.91662,3.2179,2.5176
2021-12-12 06:10,7783516.9,28461735,2.5692,0.91612,3.0933,1.9709
2021-12-12 06:15,7822401.1,28450073,2.6004,0.91522,3.1251,1.1439
2021-12-12 06:20,7847278.3,28595482,2.6218,0.91245,3.1469,1.0896
2021-12-12 06:25,7837494,28599016,2.6405,0.91282,3.165,0.99128
2021-12-12 06:30,7836966.5,28589254,2.6455,0.91395,3.1661,0.86335
2021-12-12 06:35,7832586,28667265,2.6441,0.9144,3.1703,1.1528
2021-12-12 06:40,7824610.8,28653725,2.6651,0.91465,3.202,1.1821
2021-12-12 06:45,7806189.9,28731457,2.6045,0.91367,3.1669,0.85257
2021-12-12 06:50,7797669.6,28642800,2.5971,0.9135,3.1598,0.76446
2021-12-12 06:55,7782618.8,29075864,2.4017,0.91187,2.9701,1.8027
2021-12-12 07:00,7797508.5,29208818,2.2678,0.90549,2.7896,1.3314
2021-12-12 07:05,7785720.2,29284166,2.2246,0.90802,2.7008,1.2473
2021-12-12 07:10,7808189.1,29335366,2.2299,0.90997,2.6644,1.2714
2021-12-12 07:15,7786291.3,29042867,2.2403,0.91015,2.6443,0.65951
2021-12-12 07:20,7770006.3,28904399,2.2131,0.91045,2.6072,0.86365
2021-12-12 07:25,7752041.7,28814339,2.2356,0.91164,2.6583,1.9994
2021-12-12 07:30,7756094.4,28829403,2.2255,0.91089,2.6448,1.2445
2021-12-12 07:35,7746697.9,28818109,2.2199,0.91106,2.6442,1.1909
2021-12-12 07:40,7735453.3,28755038,2.2185,0.91021,2.6473,1.5469
2021-12-12 07:45,7732992,28597174,2.2681,0.91125,2.6977,0.50009
2021-12-12 07:50,7728297.5,28578775,2.2942,0.91162,2.7182,0.93866
2021-12-12 07:55,7701925.7,28412404,2.319,0.91133,2.7492,0.44601
2021-12-12 08:00,7735416.7,28567563,2.2584,0.9117,2.6864,1.2499
2021-12-12 08:05,7709538,28437171,2.252,0.91166,2.685,1.1044
2021-12-12 08:10,7677396.7,28252820,2.3277,0.91073,2.7736,0.63952
2021-12-12 08:15,7666107.6,28165279,2.3424,0.91069,2.7987,0.74476
2021-12-12 08:20,7676218.7,28215365,2.3298,0.91085,2.7897,1.1151
2021-12-12 08:25,7691276.8,28520212,2.2894,0.90922,2.7727,1.8523
2021-12-12 08:30,7698049.1,28344519,2.3235,0.90998,2.8156,0.58896
2021-12-12 08:35,7703118.1,28332068,2.3181,0.90958,2.8006,0.97563
2021-12-12 08:40,7740401.7,28515845,2.2861,0.90498,2.7698,3.3628
2021-12-12 08:45,7738772.1,28270292,2.3355,0.90424,2.8153,0.51791
2021-12-12 08:50,7708267.9,28096636,2.3714,0.90923,2.8309,0.50467
2021-12-12 08:55,7709739.7,28157771,2.3686,0.90925,2.8345,1.5104
2021-12-12 09:00,7705908.4,28092090,2.3716,0.90913,2.8387,0.96357
2021-12-12 09:05,7697375.4,27956867,2.4059,0.90879,2.8603,0.55611
2021-12-12 09:10,7702044.8,28027741,2.4028,0.90867,2.8719,0.86083
2021-12-12 09:15,7695495.2,27950039,2.3975,0.90751,2.8702,0.93565
2021-12-12 09:20,7702922.5,27943047,2.4019,0.90622,2.875,0.82665
2021-12-12 09:25,7718571.9,28127150,2.3976,0.90638,2.8945,1.7514
2021-12-12 09:30,7714321.3,28149558,2.4079,0.90641,2.9029,0.86075
2021-12-12 09:35,7720484.1,28114102,2.4015,0.90561,2.8953,1.8247
2021-12-12 09:40,7713976.8,28040306,2.4118,0.90603,2.9045,0.60117
2021-12-12 09:45,7702752.9,27914777,2.4199,0.90554,2.9156,0.38966
2021-12-12 09:50,7642644.5,27571371,2.4305,0.90371,2.9237,0.43965
2021-12-12 09:55,7637844.7,27568947,2.4196,0.90346,2.9236,0.80105
2021-12-12 10:00,7635287.6,27555753,2.4199,0.90259,2.9184,1.1548
2021-12-12 10:05,7641537.6,27556160,2.4396,0.90308,2.9467,0.8841
2021-12-12 10:10,7645156.2,27472692,2.4309,0.90228,2.9216,0.86999
2021-12-12 10:15,7651333,27491383,2.5871,0.90163,3.0817,0.71922
2021-12-12 10:20,7637907,27572439,2.5823,0.9011,3.0924,0.75723
2021-12-12 10:25,7614844.5,27520048,2.5884,0.90078,3.1031,0.90713
2021-12-12 10:30,7606181.9,27571632,2.6117,0.90098,3.1393,1.0784
2021-12-12 10:35,7601066.5,27565661,2.6217,0.90088,3.1561,1.563
2021-12-12 10:40,7592946,27445477,2.6298,0.89998,3.1509,1.3605
2021-12-12 10:45,7596304.9,27522274,2.6193,0.89947,3.1407,1.9465
2021-12-12 10:50,7566135,27460795,2.647,0.90005,3.18,1.2357
2021-12-12 10:55,7559459.9,27403042,2.6522,0.8997,3.1891,1.9499
2021-12-12 11:00,7557338.3,27516269,2.6297,0.90002,3.1725,1.8152
2021-12-12 11:05,7551193.5,27463691,2.6131,0.90023,3.1574,1.0146
2021-12-12 11:10,7543916.5,27407049,2.6531,0.89945,3.2001,1.0221
2021-12-12 11:15,7540053.6,27412301,2.6669,0.89982,3.2121,0.77433
2021-12-12 11:20,7537741,27424291,2.6638,0.90031,3.2188,0.89839
2021-12-12 11:25,7532634.9,27456454,2.6783,0.90052,3.2359,0.90582
2021-12-12 11:30,7529109.5,27375842,2.6909,0.90008,3.2545,0.53953
2021-12-12 11:35,7530497.9,27358299,2.7232,0.90009,3.2785,0.62999
2021-12-12 11:40,7537498.3,27323431,2.7252,0.89954,3.2764,0.56791
2021-12-12 11:45,7537472.4,27416083,2.7217,0.89947,3.2735,1.1388
2021-12-12 11:50,7529891.4,27411036,2.7375,0.89913,3.2922,1.2653
2021-12-12 11:55,7519347.8,27329215,2.7376,0.89894,3.2987,0.91309
2021-12-12 12:00,7515552.1,27326547,2.7192,0.89799,3.294,0.84918
2021-12-12 12:05,7515855.8,27350199,2.6634,0.89773,3.24,1.1546
2021-12-12 12:10,7500205.2,27255746,2.6767,0.89651,3.2517,0.99943
2021-12-12 12:15,7481078.8,27253071,2.6608,0.89681,3.2456,1.1567
2021-12-12 12:20,7478190.3,27304750,2.6621,0.8963,3.2566,0.75462
2021-12-12 12:25,7468896.9,27313756,2.6394,0.89649,3.2417,1.539
2021-12-12 12:30,7458556.5,27350527,2.6137,0.89585,3.219,1.1414
2021-12-12 12:35,7449993.7,27334422,2.6171,0.89621,3.2274,0.85206
2021-12-12 12:40,7441739.8,27301186,2.6017,0.8952,3.2174,0.99832
2021-12-12 12:45,7432186.6,27257307,2.6182,0.89358,3.2273,0.48845
2021-12-12 12:50,7426009.1,27226536,2.6221,0.89365,3.2356,0.5925
2021-12-12 12:55,7420641.4,27092762,2.6323,0.89382,3.2456,0.45058
2021-12-12 13:00,7403642,27048418,2.6219,0.89378,3.216,0.58233
2021-12-12 13:05,7403979.2,27024524,2.6171,0.89368,3.1926,1.4299
2021-12-12 13:10,7416331.4,27128879,2.6451,0.89287,3.2258,1.0657
2021-12-12 13:15,7422644.3,27174301,2.622,0.89242,3.2061,1.0651
2021-12-12 13:20,7424082.6,27157294,2.6263,0.89214,3.2122,1.2375
2021-12-12 13:25,7422246.6,27150488,2.6474,0.89241,3.2371,0.67471
2021-12-12 13:30,7427301.9,27165908,2.6353,0.89253,3.2257,1.0072
2021-12-12 13:35,7453493.7,27381744,2.5761,0.88839,3.1596,2.0447
2021-12-12 13:40,7452539.1,27342423,2.5816,0.88745,3.1699,0.90885
2021-12-12 13:45,7455767.3,27414856,2.5659,0.8869,3.1668,1.3988
2021-12-12 13:50,7458400.6,27350438,2.5806,0.88774,3.1806,0.48626
2021-12-12 13:55,7456762.1,27403601,2.5757,0.88731,3.1713,0.61104
2021-12-12 14:00,7462977.6,27453606,2.552,0.88716,3.1558,1.248
2021-12-12 14:05,7456147.2,27505727,2.5022,0.88899,3.1089,1.695
2021-12-12 14:10,7462868.7,27523060,2.5405,0.88819,3.1452,1.0047
2021-12-12 14:15,7479416.4,27578855,2.5335,0.88907,3.1424,0.5855
2021-12-12 14:20,7497571.8,27648908,2.5522,0.8896,3.1659,0.8091
2021-12-12 14:25,7499620.4,27654408,2.5512,0.88978,3.1608,0.44349
2021-12-12 14:30,7506360.5,27683458,2.5482,0.88987,3.1423,1.0187
2021-12-12 14:35,7497861,27554639,2.5386,0.89042,3.1247,0.34883
2021-12-12 14:40,7505734.8,27534686,2.5274,0.88972,3.1037,0.39698
2021-12-12 14:45,7505204.7,27682665,2.521,0.89027,3.0952,0.99973
2021-12-12 14:50,7507217.3,27731967,2.5111,0.88971,3.0906,1.5003
2021-12-12 14:55,7510253.3,27715241,2.4994,0.8899,3.0788,0.79689
2021-12-12 15:00,7530370.8,27877433,2.4578,0.8905,3.0347,2.4374
2021-12-12 15:05,7530853.4,27810797,2.4671,0.89082,3.0492,0.52034
2021-12-12 15:10,7527087.7,27767427,2.4787,0.89102,3.0593,0.63493
2021-12-12 15:15,7502112.4,27579761,2.5241,0.89557,3.1034,0.38878
2021-12-12 15:20,7475853,27369340,2.5908,0.89506,3.1509,0.41512
2021-12-12 15:25,7473709.7,27403476,2.5685,0.8954,3.1333,2.0805
2021-12-12 15:30,7473552.7,27398875,2.5866,0.89537,3.1432,1.2128
2021-12-12 15:35,7484462.1,27365797,2.5735,0.89573,3.1339,1.724
2021-12-12 15:40,7479587.8,27348846,2.5721,0.89484,3.127,2.1922
2021-12-12 15:45,7483211.8,27343656,2.5689,0.89634,3.1201,0.71975
2021-12-12 15:50,7480645.5,27251992,2.5794,0.89767,3.1204,0.69243
2021-12-12 15:55,7480489.8,27295510,2.5892,0.89675,3.1205,0.83343
2021-12-12 16:00,7467517.1,27275566,2.5741,0.89695,3.1071,0.57922
2021-12-12 16:05,7455213.8,27353179,2.5466,0.89754,3.081,2.3595
2021-12-12 16:10,7463543.3,27338959,2.5452,0.89887,3.082,0.83713
2021-12-12 16:15,7465919.2,27205810,2.5663,0.89872,3.1027,0.47233
2021-12-12 16:20,7465228.7,27234279,2.5544,0.89901,3.0876,1.2335
2021-12-12 16:25,7458719.8,27246703,2.5597,0.89914,3.0951,1.3374
2021-12-12 16:30,7454358.6,27290407,2.5725,0.89944,3.1095,0.86708
2021-12-12 16:35,7448208.5,27480514,2.4856,0.89826,3.0177,1.5638
2021-12-12 16:40,7454722.1,27502129,2.4895,0.898,3.016,1.2734
2021-12-12 16:45,7451016.5,27501702,2.4714,0.89786,2.9973,0.89991
2021-12-12 16:50,7516404.6,27500331,2.609,0.89964,3.1562,0.42202
2021-12-12 16:55,7650689.4,27787304,2.6441,0.90065,3.2149,0.55082
2021-12-12 17:00,7657908.4,27847346,2.6444,0.90152,3.2203,1.1488
2021-12-12 17:05,7640816.5,28064719,2.5743,0.90141,3.1545,1.5487
2021-12-12 17:10,7630953.5,28112433,2.5843,0.90216,3.1576,0.90118
2021-12-12 17:15,7638227.1,28190402,2.5795,0.90232,3.1482,1.175
2021-12-12 17:20,7646527.1,28330992,2.5822,0.90268,3.1569,0.87966
2021-12-12 17:25,7647202.6,28391202,2.5649,0.90398,3.1332,0.74992
2021-12-12 17:30,7646115.8,28350194,2.5384,0.90418,3.0855,0.73144
2021-12-12 17:35,7644046.6,28220921,2.5424,0.90378,3.0727,0.55703
2021-12-12 17:40,7640408.9,28200749,2.5428,0.90376,3.0863,0.45998
2021-12-12 17:45,7641558.8,28200252,2.575,0.90409,3.1276,0.97467
2021-12-12 17:50,7637795.9,28299172,2.5656,0.90352,3.1245,1.59
2021-12-12 17:55,7636646.4,28362505,2.5609,0.90358,3.1149,0.85711
2021-12-12 18:00,7629559.7,28280677,2.5616,0.90344,3.12,1.0927
2021-12-12 18:05,7625635.5,28298733,2.5531,0.90306,3.1098,0.89704
2021-12-12 18:10,7612912.2,28457066,2.5151,0.90293,3.0842,1.8467
2021-12-12 18:15,7616400,28517741,2.5391,0.90324,3.1131,0.74838
2021-12-12 18:20,7599838.6,28523216,2.4601,0.90219,3.0253,1.5541
2021-12-12 18:25,7591162.9,28452786,2.4415,0.90609,2.9934,0.7897
2021-12-12 18:30,7602524.5,28493172,2.4413,0.90642,2.9902,0.72569
2021-12-12 18:35,7593354.4,28453235,2.4382,0.90652,2.981,1.152
2021-12-12 18:40,7597642.7,28457134,2.422,0.90573,2.9729,1.3917
2021-12-12 18:45,7601720,28471726,2.4099,0.90687,2.9505,0.4418
2021-12-12 18:50,7553459.3,28189510,2.4413,0.91249,2.981,0.45493
2021-12-12 18:55,7549630.7,28228069,2.435,0.9114,2.9756,0.77891
2021-12-12 19:00,7549071.1,28293918,2.4246,0.91086,2.9713,1.377
2021-12-12 19:05,7554724.1,28375544,2.3574,0.91134,2.9182,1.5308
2021-12-12 19:10,7563239.4,28473134,2.318,0.91158,2.8738,1.3866
2021-12-12 19:15,7565376.7,28392859,2.3042,0.91101,2.859,1.0075
2021-12-12 19:20,7570090,28433258,2.3052,0.91054,2.863,1.0064
2021-12-12 19:25,7562465.7,28353970,2.3204,0.91024,2.8706,0.513
2021-12-12 19:30,7575221.1,28497982,2.3195,0.90981,2.8502,1.0019
2021-12-12 19:35,7573992.6,28440342,2.3187,0.91055,2.8528,0.63665
2021-12-12 19:40,7573395.2,28529136,2.2968,0.90974,2.8319,1.5986
2021-12-12 19:45,7576708.1,28543611,2.2972,0.91014,2.8237,0.92333
2021-12-12 19:50,7584101.1,28705823,2.3121,0.91171,2.8714,1.7631
2021-12-12 19:55,7582402.7,28614270,2.3005,0.91225,2.8515,1.2915
2021-12-12 20:00,7591226.3,28702427,2.3018,0.91303,2.8479,1.0578
2021-12-12 20:05,7492005.3,28611968,2.1573,0.91307,2.7006,2.0759
2021-12-12 20:10,7413918.2,28395307,2.1735,0.91134,2.7089,1.0945
2021-12-12 20:15,7404104,28532750,2.0947,0.91118,2.6094,1.7936
2021-12-12 20:20,7416680.9,28480055,2.0854,0.91099,2.5812,0.97606
2021-12-12 20:25,7409289.8,28562696,2.0811,0.91099,2.5882,1.5212
2021-12-12 20:30,7423253,28682382,2.0873,0.91221,2.5969,1.1598
2021-12-12 20:35,7443926.8,28711226,2.0932,0.91214,2.5942,1.2073
2021-12-12 20:40,7438704.7,28728278,2.1378,0.91123,2.6357,0.61796
2021-12-12 20:45,7442195.8,28689804,2.1417,0.90995,2.6234,1.3854
2021-12-12 20:50,7440488.7,28742608,2.1531,0.9089,2.639,0.59021
2021-12-12 20:55,7451467.5,28881888,2.11,0.90788,2.5887,1.0614
2021-12-12 21:00,7459832.1,28668135,2.1717,0.90912,2.6548,0.57385
2021-12-12 21:05,7452607.5,28536034,2.1554,0.90888,2.637,0.649
2021-12-12 21:10,7448316.6,28564294,2.1607,0.90987,2.6379,1.0307
2021-12-12 21:15,7440475.4,28549580,2.1662,0.90933,2.651,0.7552
2021-12-12 21:20,7431658.3,28575223,2.1394,0.90907,2.6256,0.88481
2021-12-12 21:25,7423764.3,28586818,2.144,0.90823,2.6286,1.0826
2021-12-12 21:30,7419660.3,28506335,2.1569,0.90858,2.6411,0.68625
2021-12-12 21:35,7411035.9,28207005,2.2333,0.90993,2.7023,0.4017
2021-12-12 21:40,7480175.8,28488408,2.2292,0.91252,2.6851,0.58059
2021-12-12 21:45,7515362.4,28641046,2.2365,0.9155,2.6838,0.84342
2021-12-12 21:50,7504977.7,28681639,2.232,0.91432,2.6777,1.7519
2021-12-12 21:55,7497981.7,28552314,2.2249,0.91568,2.6759,0.62592
2021-12-12 22:00,7483306.4,28444048,2.2332,0.91417,2.6835,2.3634
2021-12-12 22:05,7483333.5,28451634,2.2173,0.91476,2.6687,0.72745
2021-12-12 22:10,7494954.6,28494307,2.2293,0.91444,2.674,1.2954
2021-12-12 22:15,7504680.5,28578954,2.2165,0.91482,2.6672,1.394
2021-12-12 22:20,7503061.1,28729221,2.2056,0.91419,2.6573,1.872
2021-12-12 22:25,7527616.7,29057615,2.1345,0.91458,2.5828,1.7907
2021-12-12 22:30,7541692.4,28989434,2.1499,0.91274,2.6172,0.92
2021-12-12 22:35,7559907.2,29113203,2.1464,0.91398,2.6366,2.0031
2021-12-12 22:40,7576318.1,29365809,2.139,0.91508,2.6132,2.4655
2021-12-12 22:45,7566880.2,29185689,2.1511,0.91501,2.6246,0.78753
2021-12-12 22:50,7540399.9,29001047,2.1442,0.9142,2.6287,1.8826
2021-12-12 22:55,7547746.8,29132420,2.1442,0.91346,2.6224,1.4184
2021-12-12 23:00,7545178.3,29024863,2.1605,0.9123,2.6464,0.71569
2021-12-12 23:05,7543723.4,29005616,2.1651,0.91229,2.6508,0.58215
2021-12-12 23:10,7541154.1,28967874,2.1734,0.91227,2.6605,0.74743
2021-12-12 23:15,7526583.9,28804831,2.1832,0.91143,2.6569,0.60727
2021-12-12 23:20,7529855,28937233,2.1737,0.91137,2.6464,0.57512
2021-12-12 23:25,7531492.7,28910093,2.1831,0.91126,2.6599,0.68789
2021-12-12 23:30,7529586.3,28910647,2.1905,0.91118,2.6621,0.72641
2021-12-12 23:35,7533669.5,28936825,2.1854,0.91062,2.6509,0.9292
2021-12-12 23:40,7529003.2,28798437,2.1839,0.91157,2.6534,0.51267
2021-12-12 23:45,7527142.5,28753684,2.1823,0.91039,2.6421,0.9226
2021-12-12 23:50,7524829.6,28797523,2.1854,0.91067,2.6403,1.121
2021-12-12 23:55,7529087.8,28843935,2.1864,0.91145,2.6423,0.56341
2021-12-13 00:00,7547600.8,28999233,2.181,0.91111,2.6386,0.54667
2021-12-13 00:05,7556257,28967317,2.2225,0.91169,2.6812,1.1127
2021-12-13 00:10,7569400.9,28874906,2.2563,0.92258,2.7017,0.47574
2021-12-13 00:15,7561206.3,28847391,2.2465,0.92204,2.6877,0.79174
2021-12-13 00:20,7569189,28952148,2.2318,0.92317,2.6716,0.77303
2021-12-13 00:25,7568578.4,28868977,2.2419,0.92418,2.6794,0.67112
2021-12-13 00:30,7578492.2,28911948,2.2359,0.92517,2.6687,0.74263
2021-12-13 00:35,7586752.9,28964781,2.2453,0.92655,2.6719,0.99723
2021-12-13 00:40,7589263.3,28915093,2.2381,0.92684,2.6564,0.87287
2021-12-13 00:45,7630401.1,29087089,2.2513,0.92689,2.6721,0.40749
2021-12-13 00:50,7638630.5,29034435,2.2312,0.92783,2.6514,2.1087
2021-12-13 00:55,7609187.7,28739241,2.2998,0.92858,2.7189,0.30896
2021-12-13 01:00,7606182.8,28728552,2.2958,0.92942,2.7042,0.82814
2021-12-13 01:05,7588490.1,28669316,2.2805,0.92912,2.6903,1.157
2021-12-13 01:10,7591784.3,28563065,2.2919,0.9299,2.6981,1.0066
2021-12-13 01:15,7580998.6,28194704,2.3569,0.93076,2.7533,0.70218
2021-12-13 01:20,7604621.9,28273984,2.3815,0.93132,2.8008,0.66612
2021-12-13 01:25,7614501.8,28382100,2.3461,0.93146,2.758,0.89234
2021-12-13 01:30,7574554.8,28131897,2.3899,0.93195,2.787,1.2314
2021-12-13 01:35,7573165.5,28156838,2.3693,0.93369,2.7682,1.2014
2021-12-13 01:40,7578215.5,28137914,2.3873,0.93403,2.7874,0.82458
2021-12-13 01:45,7573478.1,28256290,2.4134,0.93551,2.8053,1.4706
2021-12-13 01:50,7548905.3,28217808,2.3458,0.93795,2.7488,1.7455
2021-12-13 01:55,7533725.4,28164834,2.355,0.93815,2.7496,1.1339
2021-12-13 02:00,7521030.5,27775166,2.4044,0.93973,2.8033,0.38592
2021-12-13 02:05,7514915.2,27963871,2.4664,0.94101,2.861,1.1513
2021-12-13 02:10,7514304.5,28043384,2.4598,0.94077,2.8615,1.1823
2021-12-13 02:15,7506543.5,27924342,2.4844,0.94055,2.8888,1.0219
2021-12-13 02:20,7502504.9,27939328,2.4895,0.94036,2.8965,0.87879
2021-12-13 02:25,7501037.9,27928961,2.4946,0.94101,2.9016,0.77115
2021-12-13 02:30,7506557.7,28021980,2.4627,0.94088,2.8772,1.7051
2021-12-13 02:35,7511094.5,28076471,2.4675,0.94182,2.8846,1.2561
2021-12-13 02:40,7518796.2,28086988,2.4502,0.94188,2.8667,0.89284
2021-12-13 02:45,7516923.5,28075709,2.4651,0.94197,2.8887,0.60236
2021-12-13 02:50,7526301.7,28184182,2.4577,0.94273,2.8713,1.0856
2021-12-13 02:55,7533921.8,28417953,2.3791,0.94242,2.7804,2.3038
2021-12-13 03:00,7555592.4,28506479,2.36,0.94385,2.7597,0.89023
2021-12-13 03:05,7559883.4,28522968,2.3636,0.94247,2.7563,0.88641
2021-12-13 03:10,7573364.5,28603750,2.3636,0.94239,2.7545,0.91367
2021-12-13 03:15,7587267.9,28710222,2.3429,0.94274,2.7315,0.92118
2021-12-13 03:20,7612425.5,28831760,2.3591,0.94282,2.7534,0.72293
2021-12-13 03:25,7625972.7,28971070,2.3715,0.94275,2.7616,1.056
2021-12-13 03:30,7642473.1,29026113,2.3582,0.94238,2.7427,0.63627
2021-12-13 03:35,7660185.2,29246587,2.2127,0.94397,2.5923,0.92172
2021-12-13 03:40,7694933.6,29426417,2.2067,0.94502,2.567,1.1108
2021-12-13 03:45,7731803.6,29574149,2.1579,0.94488,2.5115,1.3072
2021-12-13 03:50,7789531.3,29950748,2.1297,0.94651,2.4463,1.2741
2021-12-13 03:55,7875260.1,30323804,2.0806,0.94633,2.3755,1.0036
2021-12-13 04:00,7997435.7,31078035,1.9974,0.9474,2.2777,1.2757
2021-12-13 04:05,8006932.4,30906759,1.9802,0.94571,2.2062,0.85921
2021-12-13 04:10,8038812.6,30989623,1.9513,0.94635,2.1522,0.88717
2021-12-13 04:15,8073317.7,31380986,1.8946,0.9456,2.0805,1.4666
2021-12-13 04:20,8133924.7,31421351,1.8716,0.94698,2.0271,0.46439
2021-12-13 04:25,8192034.9,31834248,1.83,0.94761,1.9755,2.1106
2021-12-13 04:30,8205513,31751093,1.8288,0.94702,1.9792,0.85104
2021-12-13 04:35,8275578.5,31836637,1.8304,0.94738,1.9759,0.71915
2021-12-13 04:40,8260990.8,31749936,1.8439,0.94671,1.9888,0.8686
2021-12-13 04:45,8228053,31702446,1.8506,0.94667,1.9917,1.4794
2021-12-13 04:50,8254119.1,31845081,1.8288,0.94267,1.9681,1.7573
2021-12-13 04:55,8259790.2,31818016,1.8233,0.9422,1.9455,0.4848
2021-12-13 05:00,8299132.9,31984858,1.801,0.94118,1.9216,1.2125
2021-12-13 05:05,8281188.7,31731817,1.8434,0.94205,1.9613,0.4788
2021-12-13 05:10,8262985.2,31696811,1.8511,0.94137,1.9736,1.1837
2021-12-13 05:15,8229680,31396229,1.8683,0.94203,1.9801,1.1242
2021-12-13 05:20,8243035.5,31496639,1.8787,0.94228,1.9902,0.58574
2021-12-13 05:25,8231238.9,31418556,1.8722,0.94176,1.985,1.019
2021-12-13 05:30,8231373.6,31446589,1.8732,0.94181,1.9861,0.88469
2021-12-13 05:35,8219716.6,31300681,1.9024,0.94143,2.0042,0.77061
2021-12-13 05:40,8218412.4,31288756,1.8984,0.9421,1.9917,0.72011
2021-12-13 05:45,8209968.3,31222400,1.9142,0.94297,2.0019,1.2795
2021-12-13 05:50,8207540.4,31475917,1.9053,0.94254,2.0259,1.5333
2021-12-13 05:55,8239703.5,31838214,1.8968,0.94218,2.0347,1.8318
2021-12-13 06:00,8272529.3,32014688,1.8673,0.94193,2.0079,1.4111
2021-12-13 06:05,8309500,32232550,1.842,0.93983,1.9791,1.1564
2021-12-13 06:10,8320958.7,32202677,1.8227,0.93819,1.9556,0.97554
2021-12-13 06:15,8350377.2,32424515,1.7931,0.93675,1.9079,1.4375
2021-12-13 06:20,8385302,32417578,1.7734,0.93606,1.8836,0.76209
2021-12-13 06:25,8366581.7,32236439,1.7761,0.93595,1.8659,0.57769
2021-12-13 06:30,8347975.7,31997791,1.8025,0.9369,1.9026,0.43252
2021-12-13 06:35,8334134.2,31828059,1.8095,0.93643,1.9129,1.0238
2021-12-13 06:40,8337209,31952841,1.8035,0.93581,1.9315,1.1557
2021-12-13 06:45,8307375.3,31671221,1.825,0.93465,1.9587,0.78873
2021-12-13 06:50,8277465.2,31454368,1.8319,0.93367,1.9754,0.89703
2021-12-13 06:55,8254181.3,31241609,1.8741,0.934,2.0015,0.66655
2021-12-13 07:00,8208049.8,30859130,2.0183,0.93362,2.1315,0.86547
2021-12-13 07:05,8235415.3,31065990,1.9857,0.92236,2.1191,1.231
2021-12-13 07:10,8243801.8,30897769,1.9707,0.92394,2.0367,0.84576
2021-12-13 07:15,8251304.4,30983648,1.917,0.91626,1.9862,1.5973
2021-12-13 07:20,8284695.7,31100748,1.9205,0.91779,1.9903,1.362
2021-12-13 07:25,8276307.3,31078376,1.9159,0.91921,1.9814,1.7784
2021-12-13 07:30,8285076.1,31047402,1.9359,0.91718,1.9845,0.93398
2021-12-13 07:35,8248972,30887390,1.9311,0.91434,2.0022,0.74421
2021-12-13 07:40,8236052.8,30668932,1.955,0.9133,2.0203,0.56873
2021-12-13 07:45,8190694.5,30362905,1.949,0.91293,2.0121,0.82144
2021-12-13 07:50,8191151.5,30381260,1.9609,0.91206,2.0254,0.73604
2021-12-13 07:55,8209028,30534025,1.9677,0.911,2.0748,1.3273
2021-12-13 08:00,8231370.3,30678317,1.9677,0.91087,2.0791,1.8289
2021-12-13 08:05,8240928.6,30640395,2.0015,0.91053,2.1409,0.84588
2021-12-13 08:10,8233556.4,30661764,2.0176,0.90934,2.156,0.71712
2021-12-13 08:15,8230692.5,30815884,2.0599,0.90926,2.2086,1.0906
2021-12-13 08:20,8266547.2,31421146,2.0456,0.90956,2.2388,1.8658
2021-12-13 08:25,8255624.3,31358975,2.045,0.91447,2.2081,0.81889
2021-12-13 08:30,8234883.7,31160496,2.0343,0.91623,2.1886,1.2679
2021-12-13 08:35,8226606.5,31266154,2.0289,0.91644,2.1989,1.2964
2021-12-13 08:40,8212393.8,31009999,2.0348,0.91677,2.2087,0.6786
2021-12-13 08:45,8206288.2,31027976,2.05,0.91657,2.2326,1.0979
2021-12-13 08:50,8204970,30908122,2.0447,0.91629,2.2206,0.56618
2021-12-13 08:55,8206990.3,30818178,2.0936,0.91656,2.2732,0.65443
2021-12-13 09:00,8196137.5,30547004,2.1913,0.91588,2.3493,0.89034
2021-12-13 09:05,8216805.6,30642389,2.2093,0.91404,2.3719,0.59446
2021-12-13 09:10,8233171.5,30734429,2.2012,0.91361,2.3805,0.94177
2021-12-13 09:15,8229311.9,30931574,2.1376,0.91144,2.3247,1.3884
2021-12-13 09:20,8237360,30832438,2.1229,0.91309,2.303,0.72682
2021-12-13 09:25,8248875,31032268,2.1134,0.91333,2.306,1.6733
2021-12-13 09:30,8255768.8,31091123,2.1061,0.91541,2.2991,0.47222
2021-12-13 09:35,8265843.7,30958276,2.1129,0.91619,2.3031,1.3573
2021-12-13 09:40,8283489.1,31353006,2.0831,0.91265,2.2725,2.0036
2021-12-13 09:45,8335845.6,31717893,2.0471,0.91438,2.2513,1.2837
2021-12-13 09:50,8342344.7,31609144,2.053,0.91502,2.2413,0.64445
2021-12-13 09:55,8339598.1,31557039,2.0498,0.91368,2.2323,0.58747
2021-12-13 10:00,8317056.8,31380255,2.078,0.91537,2.259,0.56138
2021-12-13 10:05,8329702.6,31415602,2.0657,0.91505,2.249,1.2486
2021-12-13 10:10,8295469,31116304,2.1003,0.91753,2.2879,0.55163
2021-12-13 10:15,8295575.3,31116421,2.0818,0.91809,2.275,1.8802
2021-12-13 10:20,8303817.8,31175065,2.0666,0.91808,2.2635,1.6371
2021-12-13 10:25,8298113.4,30960261,2.0961,0.91836,2.2776,0.62311
2021-12-13 10:30,8276954.6,30791571,2.114,0.91723,2.3027,0.96292
2021-12-13 10:35,8267055.4,30661964,2.1616,0.91584,2.3575,0.66842
2021-12-13 10:40,8264622.8,30648995,2.213,0.9135,2.4112,0.91404
2021-12-13 10:45,8293190.8,30709686,2.2172,0.91161,2.4266,0.93727
2021-12-13 10:50,8296022.8,30786303,2.213,0.90984,2.4401,0.9905
2021-12-13 10:55,8292955.9,30683937,2.2219,0.90951,2.4414,1.1444
2021-12-13 11:00,8279247.6,30612308,2.2384,0.90804,2.4628,1.1032
2021-12-13 11:05,8281507.1,30641576,2.2808,0.90829,2.4954,0.81637
2021-12-13 11:10,8298098.4,30777647,2.2951,0.90827,2.5101,1.0587
2021-12-13 11:15,8295463.2,30784464,2.2725,0.90721,2.5169,1.1231
2021-12-13 11:20,8302940.9,30877450,2.2946,0.90722,2.5457,1.1303
2021-12-13 11:25,8302665.5,30884328,2.2964,0.90747,2.5533,1.0039
2021-12-13 11:30,8302885.9,30770495,2.2945,0.90632,2.5513,1.0051
2021-12-13 11:35,8295738.5,30876739,2.2785,0.90612,2.5459,1.0892
2021-12-13 11:40,8305582.1,30913377,2.2903,0.90645,2.5578,0.43794
2021-12-13 11:45,8312583.8,30947749,2.281,0.9061,2.5501,0.90258
2021-12-13 11:50,8304826.8,30823137,2.2761,0.90631,2.5451,0.84417
2021-12-13 11:55,8307446.6,30912525,2.2511,0.90649,2.5193,2.9555
2021-12-13 12:00,8299615.7,30916068,2.2634,0.90756,2.5226,0.52343
2021-12-13 12:05,8306951.7,30960315,2.2384,0.9087,2.5013,1.2916
2021-12-13 12:10,8295528.4,30962998,2.2467,0.90908,2.5149,1.1738
2021-12-13 12:15,8305392,31087082,2.2587,0.90856,2.5311,1.988
2021-12-13 12:20,8307816.8,31016364,2.2371,0.9083,2.5094,0.87905
2021-12-13 12:25,8308800.4,31092118,2.2608,0.90848,2.5314,1.1897
2021-12-13 12:30,8307164.9,30977418,2.2665,0.90849,2.5374,1.059
2021-12-13 12:35,8291791.2,30745962,2.2692,0.90913,2.5124,0.63944
2021-12-13 12:40,8309848.5,30620386,2.2883,0.91016,2.5333,0.58435
2021-12-13 12:45,8299083.6,30432740,2.4556,0.90921,2.6699,0.52252
2021-12-13 12:50,8300878.7,30372915,2.5647,0.90806,2.7447,0.69209
2021-12-13 12:55,8298367.5,30305638,2.6262,0.90657,2.8109,0.72422
2021-12-13 13:00,8293397.8,30328956,2.624,0.90589,2.8192,1.8603
2021-12-13 13:05,8256237.4,30288338,2.6391,0.90458,2.8337,1.1044
2021-12-13 13:10,8272692,30170508,2.6331,0.9053,2.8367,0.55208
2021-12-13 13:15,8249271.6,29940871,2.6812,0.90552,2.8546,0.51234
2021-12-13 13:20,8236378.7,29770128,2.7101,0.90672,2.872,0.72321
2021-12-13 13:25,8225371.2,29858097,2.683,0.90389,2.8628,1.0248
2021-12-13 13:30,8232871.7,29827608,2.7037,0.90458,2.8975,1.1042
2021-12-13 13:35,8241564.1,29990081,2.651,0.90447,2.8421,1.4857
2021-12-13 13:40,8265606.5,29979039,2.6721,0.90504,2.8597,0.6942
2021-12-13 13:45,8253534.2,30026966,2.6778,0.90403,2.8821,1.0938
2021-12-13 13:50,8259742.1,29933305,2.6797,0.90536,2.8728,0.42434
2021-12-13 13:55,8263176.8,29954126,2.7015,0.90702,2.8891,0.61461
2021-12-13 14:00,8260499,29970242,2.6855,0.90708,2.8736,0.80906
2021-12-13 14:05,8259304.6,29866449,2.7182,0.90647,2.8879,0.84145
2021-12-13 14:10,8172179.8,29280070,2.8334,0.91949,2.9812,0.46114
2021-12-13 14:15,8180243.8,29314137,2.7761,0.92082,2.9163,0.91728
2021-12-13 14:20,8256586.4,29129631,3.141,0.93655,3.2588,0.43357
2021-12-13 14:25,8227785,29044081,3.1293,0.93805,3.2698,1.1648
2021-12-13 14:30,8216293.4,29102111,3.1574,0.93662,3.3015,0.77968
2021-12-13 14:35,8222317.5,28950780,3.1712,0.93734,3.3133,0.55961
2021-12-13 14:40,8178069.8,28598710,3.2364,0.94109,3.3745,0.66125
2021-12-13 14:45,8199778,28890775,3.2224,0.94108,3.3692,1.418
2021-12-13 14:50,8210239.1,28950973,3.2047,0.94029,3.3749,1.4329
2021-12-13 14:55,8199695.2,28764531,3.237,0.9398,3.3963,1.2286
2021-12-13 15:00,8218152,28936113,3.2588,0.94148,3.424,0.84598
2021-12-13 15:05,8225356.2,28821648,3.2201,0.94159,3.3927,1.9625
2021-12-13 15:10,8227254.8,28803663,3.2303,0.94118,3.4195,0.73177
2021-12-13 15:15,8189715.8,28467452,3.2623,0.93603,3.4582,0.53248
2021-12-13 15:20,8177385,28252473,3.2974,0.93536,3.4809,0.68236
2021-12-13 15:25,8149741.2,28093641,3.2916,0.93463,3.496,0.87177
2021-12-13 15:30,8145972.4,28054838,3.2672,0.935,3.4481,0.92619
2021-12-13 15:35,8127059.5,27764172,3.3331,0.93513,3.5173,0.84576
2021-12-13 15:40,8149559.1,28054870,3.3065,0.93687,3.5182,1.527
2021-12-13 15:45,8147517,27986721,3.4913,0.93711,3.7173,1.6402
2021-12-13 15:50,8134098.1,27715533,3.4996,0.93667,3.7198,0.58292
2021-12-13 15:55,8152347.8,27750592,3.5124,0.93752,3.7015,0.90649
2021-12-13 16:00,8136616.1,27843500,3.4984,0.93679,3.6688,0.67381
2021-12-13 16:05,8121466.3,27734807,3.494,0.9363,3.6706,1.0046
2021-12-13 16:10,8124172.6,27993050,3.536,0.93569,3.7692,2.0052
2021-12-13 16:15,8127674.4,27983583,3.5511,0.93388,3.7976,1.4626
2021-12-13 16:20,8166803,28028468,3.5165,0.93374,3.7723,0.98164
2021-12-13 16:25,8135921.9,27620444,3.5593,0.93283,3.7911,0.39786
2021-12-13 16:30,8149794.8,27841719,3.5441,0.93282,3.8178,0.80573
2021-12-13 16:35,8155931.6,27770947,3.5225,0.93161,3.8082,0.87567
2021-12-13 16:40,8183232.2,27945095,3.5793,0.93243,3.8533,1.7774
2021-12-13 16:45,8223365,28082791,3.5871,0.93141,3.8653,1.8054
2021-12-13 16:50,8186796.2,28092511,3.5652,0.93395,3.8897,2.7725
2021-12-13 16:55,8194824.6,27977131,3.5052,0.93294,3.8481,1.033
2021-12-13 17:00,8181510.3,28013491,3.5119,0.93189,3.8343,0.83607
2021-12-13 17:05,8165495.5,27958657,3.4921,0.93132,3.821,1.126
2021-12-13 17:10,8173802.2,28277396,3.4534,0.92996,3.8205,1.9559
2021-12-13 17:15,8164109.6,28242387,3.504,0.9272,3.9176,1.0565
2021-12-13 17:20,8175976.1,28117182,3.5258,0.92353,3.9241,1.2395
2021-12-13 17:25,8169074,28136988,3.5447,0.92311,3.96,1.2633
2021-12-13 17:30,8166765.1,28052838,3.5286,0.92241,3.9506,1.0489
2021-12-13 17:35,8179784.3,28105739,3.5478,0.92374,3.9716,0.51892
2021-12-13 17:40,8175462.5,27951906,3.5595,0.92429,3.9952,0.56117
2021-12-13 17:45,8175014.1,27705123,3.6011,0.92477,4.0089,0.68489
2021-12-13 17:50,8139968.3,27635192,3.6136,0.92401,4.044,0.97225
2021-12-13 17:55,8131346,27693782,3.6194,0.92479,4.0719,1.1089
2021-12-13 18:00,8128971.8,27688887,3.6069,0.9248,4.0585,0.79038
2021-12-13 18:05,8111803.7,27641676,3.611,0.92502,4.0591,1.5631
2021-12-13 18:10,8089798.5,27529584,3.5798,0.92424,4.0301,1.0555
2021-12-13 18:15,8089289.7,27455049,3.5912,0.9239,4.0466,0.73777
2021-12-13 18:20,8088683.2,27444801,3.5413,0.92438,3.9932,1.0786
2021-12-13 18:25,8077567.2,27391030,3.5793,0.9241,4.015,1.0025
2021-12-13 18:30,8082959.4,27331222,3.6162,0.92325,4.0239,0.88306
2021-12-13 18:35,8061484.8,27199450,3.6123,0.92359,3.9993,0.7821
2021-12-13 18:40,8046495.6,27175981,3.6118,0.92322,4.0007,0.88245
2021-12-13 18:45,8037964.1,27128129,3.6139,0.92323,4.002,1.235
2021-12-13 18:50,8032915.8,27180967,3.6311,0.92328,4.0233,0.92747
2021-12-13 18:55,8037315.8,27227130,3.6102,0.92314,4.0041,1.4376
2021-12-13 19:00,8030242.3,27198431,3.6259,0.92228,4.0261,0.8891
2021-12-13 19:05,7995538,26745075,3.6894,0.92086,4.0649,0.47062
2021-12-13 19:10,7986694.8,26834469,3.772,0.92177,4.1594,1.0973
2021-12-13 19:15,7989977.8,26814175,3.7874,0.92155,4.1859,1.253
2021-12-13 19:20,7987222.2,26725245,3.7561,0.9209,4.1333,0.60655
2021-12-13 19:25,7977510,26660838,3.747,0.92218,4.1093,1.171
2021-12-13 19:30,7956720.4,26145783,3.6906,0.9197,4.0135,0.57014
2021-12-13 19:35,7920356.8,25867885,3.699,0.92227,3.9738,0.72703
2021-12-13 19:40,7916058.1,25980503,3.7144,0.92195,4.0007,0.91012
2021-12-13 19:45,7932522.1,26167660,3.6678,0.92228,3.961,0.89154
2021-12-13 19:50,7903709.8,26454540,3.5967,0.9203,3.9617,1.5643
2021-12-13 19:55,7919090.3,26449487,3.6075,0.91909,3.9794,0.9198
2021-12-13 20:00,7903728.7,26326577,3.6465,0.91658,4.0128,1.075
2021-12-13 20:05,7908457.7,26427369,3.5906,0.91623,3.9509,1.2547
2021-12-13 20:10,7910604.2,26555898,3.6146,0.91388,4.0028,1.6368
2021-12-13 20:15,7943549.4,26781806,3.6076,0.91302,4.0056,1.7506
2021-12-13 20:20,7933549.4,26624992,3.5741,0.91298,3.947,1.1235
2021-12-13 20:25,7919476.6,26554005,3.5784,0.91047,3.9484,1.4204
2021-12-13 20:30,7929227.8,26539125,3.5947,0.91031,3.9582,1.0817
2021-12-13 20:35,7917004.5,26412181,3.5868,0.91066,3.9664,0.8025
2021-12-13 20:40,7918780.1,26274333,3.6199,0.90935,3.9768,0.42567
2021-12-13 20:45,7922993.2,26233030,3.5593,0.91133,3.9164,0.58942
2021-12-13 20:50,7897839.6,26252419,3.5531,0.91246,3.909,1.0976
2021-12-13 20:55,7864031.1,26137084,3.5641,0.91391,3.9105,0.77661
2021-12-13 21:00,7841497.3,25931832,3.5491,0.9136,3.8937,0.6291
2021-12-13 21:05,7816122.9,25757308,3.5665,0.91481,3.9066,0.8974
2021-12-13 21:10,7801693,25529817,3.606,0.91613,3.9351,0.65662
2021-12-13 21:15,7785369.6,25644332,3.582,0.91613,3.9199,1.4293
2021-12-13 21:20,7775088.8,25503747,3.5844,0.9169,3.9172,1.0052
2021-12-13 21:25,7777565.2,25689298,3.5706,0.91783,3.9076,1.6656
2021-12-13 21:30,7777744.6,25728779,3.5552,0.9176,3.8859,1.2174
2021-12-13 21:35,7779428.8,25781027,3.4047,0.91659,3.7522,1.3912
2021-12-13 21:40,7757414.6,25653770,3.4601,0.91611,3.8173,0.88056
2021-12-13 21:45,7750549.6,25569063,3.492,0.9157,3.8563,1.03
2021-12-13 21:50,7754257.4,25841538,3.4581,0.91483,3.8494,1.6637
2021-12-13 21:55,7748275.5,25732301,3.4673,0.91698,3.8547,0.9889
2021-12-13 22:00,7749335,25751040,3.4625,0.9155,3.8484,1.0796
2021-12-13 22:05,7768730.8,25854336,3.4383,0.91327,3.8213,1.8081
2021-12-13 22:10,7749181.5,26021969,3.4697,0.91198,3.8678,1.8193
2021-12-13 22:15,7735346.6,26006235,3.4508,0.9098,3.8513,1.2775
2021-12-13 22:20,7732649.3,25975121,3.4558,0.90773,3.8625,0.88712
2021-12-13 22:25,7735716.6,26007479,3.45,0.90618,3.8673,0.90479
2021-12-13 22:30,7731426.2,25977592,3.4465,0.90484,3.8694,0.83128
2021-12-13 22:35,7731432.8,26021969,3.4497,0.90441,3.8804,1.072
2021-12-13 22:40,7740835.4,26094339,3.4655,0.90381,3.8946,1.505
2021-12-13 22:45,7738179.9,26117538,3.4246,0.90229,3.8715,1.6319
2021-12-13 22:50,7743092.3,26210367,3.4245,0.90123,3.8906,1.624
2021-12-13 22:55,7738056.7,26224274,3.4111,0.90025,3.8808,1.6216
2021-12-13 23:00,7714733.1,26026731,3.4119,0.89919,3.8722,0.48584
2021-12-13 23:05,7712372.6,26006120,3.4033,0.89606,3.8484,0.8526
2021-12-13 23:10,7718152.4,26118228,3.4184,0.89615,3.8697,0.99131
2021-12-13 23:15,7712839.6,26092536,3.3958,0.89545,3.8474,0.95886
2021-12-13 23:20,7709200.3,25984420,3.408,0.89475,3.8659,0.57244
2021-12-13 23:25,7708132.1,25934823,3.4165,0.8948,3.8731,0.78982
2021-12-13 23:30,7725822.8,25858329,3.4217,0.89565,3.8718,0.65975
2021-12-13 23:35,7702597.5,25662847,3.4277,0.89739,3.8607,0.53353
2021-12-13 23:40,7691863.2,25719064,3.4389,0.89684,3.8759,0.9802
2021-12-13 23:45,7687929,25664724,3.4377,0.89655,3.8694,1.1943
2021-12-13 23:50,7679756.1,25620207,3.4416,0.89624,3.8805,0.69852
2021-12-13 23:55,7674508.3,25602160,3.4397,0.89602,3.8827,0.98656
2021-12-14 00:00,7670919.6,25444589,3.5809,0.89636,4.0169,0.50423
2021-12-14 00:05,7663569.1,25151834,3.6329,0.89866,4.0535,0.68267
2021-12-14 00:10,7663714,25486956,3.5066,0.90826,4.0407,1.6242
2021-12-14 00:15,7666856.5,25405674,3.5485,0.90716,4.0841,0.59871
2021-12-14 00:20,7656498.5,25304728,3.5444,0.90762,4.0739,0.67758
2021-12-14 00:25,7657786.9,25454484,3.5294,0.90824,4.0659,0.82054
2021-12-14 00:30,7628001.1,25542938,3.5091,0.90802,4.0675,2.2856
2021-12-14 00:35,7650861.5,25835221,3.5124,0.9077,4.0855,1.4025
2021-12-14 00:40,7668594.4,25873838,3.4767,0.90736,4.0673,1.2962
2021-12-14 00:45,7687057.5,26120621,3.4509,0.90667,4.0513,1.7613
2021-12-14 00:50,7695899,26060601,3.405,0.90566,4.0233,1.5502
2021-12-14 00:55,7709338.1,26180912,3.3627,0.90357,3.9993,1.8365
2021-12-14 01:00,7728186.6,26105814,3.3938,0.9019,4.0361,1.0351
2021-12-14 01:05,7724366.1,25911420,3.4309,0.8997,4.0632,0.46694
2021-12-14 01:10,7747047.2,25960355,3.4377,0.89904,4.0853,1.3059
2021-12-14 01:15,7777172.7,26087440,3.4211,0.89844,4.0586,1.2539
2021-12-14 01:20,7771895.5,26201023,3.4318,0.89927,4.0708,1.5964
2021-12-14 01:25,7770211.7,26018049,3.4592,0.89932,4.0974,0.52817
2021-12-14 01:30,7767513.7,26029184,3.4118,0.89736,4.065,0.94305
2021-12-14 01:35,7777611.7,26000556,3.4003,0.89566,4.0529,0.66708
2021-12-14 01:40,7792959.2,26012898,3.3952,0.89538,4.0387,0.53403
2021-12-14 01:45,7806955,26090844,3.3802,0.89564,4.0345,0.53544
2021-12-14 01:50,7786179.4,25943550,3.4353,0.89587,4.0896,0.65801
2021-12-14 01:55,7788938.6,26158259,3.4313,0.89643,4.0845,0.84122
2021-12-14 02:00,7776268.3,26102807,3.4413,0.89612,4.1018,1.5799
2021-12-14 02:05,7782433.9,26242367,3.4287,0.89692,4.0951,1.1262
2021-12-14 02:10,7774537.9,26199844,3.4099,0.89585,4.0799,1.2332
2021-12-14 02:15,7768786.5,26256538,3.3657,0.89542,4.0449,1.1941
2021-12-14 02:20,7775999,26111805,3.352,0.89468,4.0308,1.1416
2021-12-14 02:25,7786742.8,26012043,3.3459,0.89472,4.0161,0.86293
2021-12-14 02:30,7794889.6,25988162,3.3554,0.89529,4,0.66526
2021-12-14 02:35,7790082.8,26011086,3.3483,0.8947,3.9889,0.89259
2021-12-14 02:40,7780964.2,26169200,3.3636,0.89715,4.0336,1.097
2021-12-14 02:45,7755774.7,26005113,3.3918,0.89932,4.0625,0.58147
2021-12-14 02:50,7746000.3,25820853,3.3884,0.89931,4.0518,1.236
2021-12-14 02:55,7739583,25958561,3.3888,0.89848,4.0497,1.1948
2021-12-14 03:00,7742117.1,26019131,3.3949,0.89959,4.0653,1.3357
2021-12-14 03:05,7749408.4,25999265,3.4289,0.89966,4.1017,1.0342
2021-12-14 03:10,7755156.3,25973088,3.448,0.90062,4.1275,0.88616
2021-12-14 03:15,7748762.6,25818877,3.4706,0.90251,4.1632,0.82601
2021-12-14 03:20,7742361.1,25799878,3.4783,0.90336,4.1664,0.86283
2021-12-14 03:25,7752612.8,25718506,3.4306,0.89962,4.1166,0.98598
2021-12-14 03:30,7718224.8,25840617,3.4535,0.8992,4.1385,1.8595
2021-12-14 03:35,7711060.6,25708676,3.4706,0.89973,4.1553,0.65383
2021-12-14 03:40,7714899.9,25624355,3.4758,0.89939,4.1536,1.5379
2021-12-14 03:45,7718215.9,25609040,3.4798,0.89893,4.1708,1.0578
2021-12-14 03:50,7713232.4,25735458,3.467,0.89888,4.1413,1.101
2021-12-14 03:55,7717980.5,25622076,3.473,0.89902,4.1481,1.259
2021-12-14 04:00,7720272.9,25824313,3.502,0.8984,4.1611,1.2198
2021-12-14 04:05,7726360.8,25844677,3.4674,0.89843,4.1024,1.1386
2021-12-14 04:10,7735016.5,25920040,3.4799,0.89873,4.1177,1.2891
2021-12-14 04:15,7741469.5,25980372,3.4755,0.89895,4.0981,1.348
2021-12-14 04:20,7753732.5,25915409,3.4404,0.8995,4.0502,1.2624
2021-12-14 04:25,7745687.2,25909324,3.4676,0.89971,4.071,0.92103
2021-12-14 04:30,7749466.5,25929715,3.4538,0.90005,4.0674,1.0757
2021-12-14 04:35,7751836.1,25991906,3.4641,0.89921,4.0898,1.0664
2021-12-14 04:40,7756135.5,25854604,3.4736,0.9009,4.0883,0.70709
2021-12-14 04:45,7751027.7,25839224,3.4582,0.89947,4.0962,0.98661
2021-12-14 04:50,7773806.5,25818677,3.4448,0.90039,4.087,1.7906
2021-12-14 04:55,7790443.4,25817529,3.4543,0.90174,4.1144,1.0525
2021-12-14 05:00,7793159,25911330,3.4452,0.90054,4.0918,0.7331
2021-12-14 05:05,7793423.6,26022241,3.4217,0.9012,4.0658,1.1009
2021-12-14 05:10,7835608.9,25975044,3.4548,0.90085,4.103,0.37191
2021-12-14 05:15,7795289.2,25872565,3.3768,0.9017,4.0081,2.4756
2021-12-14 05:20,7795977.7,25945014,3.3676,0.90137,4.0014,1.2008
2021-12-14 05:25,7786679.1,25854307,3.4108,0.90205,4.0471,1.236
2021-12-14 05:30,7770775.6,25985474,3.4116,0.9019,4.0457,0.92693
2021-12-14 05:35,7773911.6,26081473,3.4294,0.902,4.0582,1.1208
2021-12-14 05:40,7754320.5,25822296,3.4406,0.90141,4.0576,0.49667
2021-12-14 05:45,7748795.8,25873865,3.427,0.90109,4.0437,0.95519
2021-12-14 05:50,7750781.1,25763596,3.4224,0.90073,4.0534,1.0842
2021-12-14 05:55,7754566.5,25590078,3.4698,0.90002,4.0888,0.58299
2021-12-14 06:00,7766646.7,25508591,3.5137,0.89796,4.0994,0.58857
2021-12-14 06:05,7762973.4,25758095,3.5311,0.89908,4.1008,0.90649
2021-12-14 06:10,7765027.9,25502729,3.5338,0.89966,4.0903,0.71317
2021-12-14 06:15,7785790.1,25630821,3.5241,0.90338,4.0529,0.73266
2021-12-14 06:20,7771920.9,25390866,3.475,0.89977,3.9987,0.65272
2021-12-14 06:25,7764901.2,25383462,3.4708,0.9006,3.9427,0.74693
2021-12-14 06:30,7752535.4,25156977,3.5407,0.90208,3.9864,0.67325
2021-12-14 06:35,7734218.9,25258097,3.4972,0.90192,3.9205,1.6109
2021-12-14 06:40,7720253.7,25171100,3.5662,0.90265,3.9864,0.70801
2021-12-14 06:45,7715664.8,25037332,3.5733,0.90251,3.9716,0.58729
2021-12-14 06:50,7695472,25194975,3.5341,0.90148,3.9086,1.8489
2021-12-14 06:55,7695421.9,25333329,3.5375,0.9006,3.9257,1.3925
2021-12-14 07:00,7687049.9,25398013,3.5507,0.89829,3.9556,1.1931
2021-12-14 07:05,7663565.5,25394079,3.5959,0.89929,3.9966,0.94552
2021-12-14 07:10,7671978,25355887,3.6028,0.89948,3.9892,0.78926
2021-12-14 07:15,7675652.5,25360356,3.622,0.90036,4.0116,0.67888
2021-12-14 07:20,7662924.5,25463898,3.6163,0.90035,4.0184,1.3547
2021-12-14 07:25,7653712.1,25395454,3.6108,0.89979,4.0218,1.2302
2021-12-14 07:30,7653003,25341835,3.6278,0.90009,4.0259,1.0354
2021-12-14 07:35,7669250.2,25546272,3.6286,0.90051,4.0437,1.3959
2021-12-14 07:40,7675111.8,25627198,3.5866,0.90076,4.0054,1.2465
2021-12-14 07:45,7673450.4,25614494,3.5866,0.89948,4.0334,0.8461
2021-12-14 07:50,7677897.9,25728636,3.5868,0.89969,4.0605,1.1733
2021-12-14 07:55,7663691,25844690,3.5392,0.89948,4.0837,2.0933
2021-12-14 08:00,7658102.4,25723566,3.58,0.89825,4.1122,0.62524
2021-12-14 08:05,7649904.7,25956127,3.4125,0.89694,3.9932,1.1094
2021-12-14 08:10,7636041.6,25825093,3.4081,0.89519,4.0021,0.7679
2021-12-14 08:15,7638149.6,25827989,3.4308,0.89529,4.0145,0.74271
2021-12-14 08:20,7640768.2,25711883,3.4554,0.89492,4.0138,0.76872
2021-12-14 08:25,7650810.6,25836787,3.4109,0.8949,3.9666,1.2639
2021-12-14 08:30,7652918.9,25865318,3.4474,0.89438,4.0041,0.87641
2021-12-14 08:35,7661237.3,25977295,3.4093,0.89445,3.968,1.2224
2021-12-14 08:40,7651818.3,25977923,3.3867,0.89404,3.9788,1.342
2021-12-14 08:45,7645234.7,26004688,3.4059,0.89234,4.0353,1.6586
2021-12-14 08:50,7635266.9,25952272,3.22,0.89349,3.8582,1.154
2021-12-14 08:55,7625030.2,25998653,3.2282,0.89266,3.8609,0.82788
2021-12-14 09:00,7646007.3,26176768,3.1534,0.89197,3.8122,0.98444
2021-12-14 09:05,7659375.1,26164425,3.1026,0.89096,3.7609,0.90132
2021-12-14 09:10,7649663.2,26070052,3.1299,0.89021,3.7822,0.77562
2021-12-14 09:15,7644586.6,26025421,3.0938,0.89023,3.7204,0.8699
2021-12-14 09:20,7624160.9,25981152,3.0549,0.89072,3.6925,0.98619
2021-12-14 09:25,7632499.6,26015956,3.0663,0.89058,3.6701,0.77866
2021-12-14 09:30,7640302,25977617,3.0914,0.89047,3.6944,0.61093
2021-12-14 09:35,7635467.4,25976736,3.058,0.89002,3.6635,0.78967
2021-12-14 09:40,7601624.2,25609872,3.1096,0.89079,3.6901,0.56069
2021-12-14 09:45,7591503.8,25572600,3.0676,0.89173,3.6351,1.2981
2021-12-14 09:50,7591808.3,25555703,3.0813,0.89194,3.6256,0.57591
2021-12-14 09:55,7596439.7,25493652,3.0598,0.89245,3.5927,0.78364
2021-12-14 10:00,7601225.1,25471759,3.0991,0.89355,3.6248,0.96727
2021-12-14 10:05,7599185.3,25556060,3.0856,0.89379,3.6239,1.0623
2021-12-14 10:10,7603381.9,25517006,3.0825,0.89423,3.6309,1.2868
2021-12-14 10:15,7620755.4,25683677,3.087,0.89326,3.645,1.2103
2021-12-14 10:20,7608952.2,25657387,3.0657,0.89338,3.6215,1.3605
2021-12-14 10:25,7596144.1,25667371,3.0536,0.89228,3.6369,1.8674
2021-12-14 10:30,7591250.7,25650836,3.0581,0.89119,3.65,1.1321
2021-12-14 10:35,7599394.7,25835942,3.084,0.89204,3.6861,1.1015
2021-12-14 10:40,7572884.5,25725089,3.0547,0.89297,3.6626,1.3598
2021-12-14 10:45,7570036.1,25663716,3.042,0.89318,3.6609,0.83044
2021-12-14 10:50,7571292.8,25746687,3.0117,0.89316,3.6203,1.1562
2021-12-14 10:55,7574036.7,25825536,3.0346,0.89331,3.6452,0.94094
2021-12-14 11:00,7583648.8,25873506,3.0472,0.89388,3.6528,1.2372
2021-12-14 11:05,7585308.2,25907363,3.0494,0.89345,3.6735,0.93696
2021-12-14 11:10,7585893.9,25792039,3.0695,0.8919,3.6979,0.98584
2021-12-14 11:15,7589309,25775857,3.0944,0.89266,3.7228,0.81731
2021-12-14 11:20,7605316,25809055,3.0838,0.89248,3.7138,0.57543
2021-12-14 11:25,7609438.3,25882761,3.1142,0.8932,3.7557,0.62272
2021-12-14 11:30,7607584.3,25865787,3.077,0.89112,3.7197,1.4346
2021-12-14 11:35,7591978.4,25635149,3.1,0.89056,3.7339,0.74481
2021-12-14 11:40,7592080.4,25646048,3.0681,0.89077,3.6931,0.87413
2021-12-14 11:45,7582925.9,25715595,3.0591,0.89036,3.6918,1.4128
2021-12-14 11:50,7585184.2,25581851,3.0613,0.8903,3.7123,0.67056
2021-12-14 11:55,7597275.7,25807946,3.1284,0.88987,3.7814,0.79443
2021-12-14 12:00,7637828.9,26067910,3.1235,0.89127,3.7873,0.74799
2021-12-14 12:05,7645214,26314827,3.062,0.89221,3.7498,1.2605
2021-12-14 12:10,7628576.7,26219418,3.1172,0.89131,3.7963,0.65105
2021-12-14 12:15,7623928.7,26148027,3.1165,0.89195,3.8205,0.84532
2021-12-14 12:20,7618823.9,26239230,3.0654,0.89072,3.7798,1.0458
2021-12-14 12:25,7615128.2,26272192,3.0768,0.88961,3.7946,1.1605
2021-12-14 12:30,7601674.4,26163695,3.0777,0.89013,3.7785,0.78169
2021-12-14 12:35,7599194.8,26042441,3.0542,0.88953,3.7521,0.83384
2021-12-14 12:40,7599688.7,25945844,3.0733,0.88898,3.7633,0.49111
2021-12-14 12:45,7604832.7,25949220,3.0681,0.88901,3.7528,0.80127
2021-12-14 12:50,7623094.9,25954134,3.0712,0.88921,3.7751,0.88689
2021-12-14 12:55,7623639.4,25950869,3.0712,0.88885,3.7578,0.67181
2021-12-14 13:00,7637485.4,25921192,3.0888,0.88984,3.7756,0.85067
2021-12-14 13:05,7643767.1,26143704,3.0778,0.8896,3.7612,2.0991
2021-12-14 13:10,7640293.8,26123317,3.0747,0.8888,3.7746,0.86835
2021-12-14 13:15,7646299.5,26083228,3.0663,0.88879,3.762,0.72952
2021-12-14 13:20,7646653.5,26006269,3.077,0.8883,3.7757,0.69164
2021-12-14 13:25,7640816.6,25784233,3.1026,0.88913,3.7753,0.6108
2021-12-14 13:30,7621196.4,25721538,3.1459,0.88875,3.8215,0.53428
2021-12-14 13:35,7621702.1,25488023,3.2081,0.88963,3.8554,0.67707
2021-12-14 13:40,7619440.3,25334847,3.1388,0.88958,3.7759,0.85892
2021-12-14 13:45,7596836.5,25145529,3.2185,0.88768,3.8401,0.42945
2021-12-14 13:50,7586164.6,25211999,3.2135,0.88747,3.8402,1.2191
2021-12-14 13:55,7578797,25363222,3.1808,0.88632,3.8365,1.2824
2021-12-14 14:00,7590485.2,25404424,3.1955,0.88602,3.8528,1.1062
2021-12-14 14:05,7590168.9,25449836,3.2216,0.88744,3.8712,1.0006
2021-12-14 14:10,7609686.8,25378305,3.1971,0.88957,3.8455,0.48978
2021-12-14 14:15,7614744.4,25258716,3.2,0.8903,3.821,0.53476
2021-12-14 14:20,7626758.3,25145422,3.202,0.88998,3.8058,0.78338
2021-12-14 14:25,7629635.4,25107161,3.1824,0.89032,3.7971,1.0862
2021-12-14 14:30,7628679.7,25128871,3.1943,0.891,3.8025,1.3705
2021-12-14 14:35,7630487.1,25256912,3.1972,0.8911,3.8183,1.3936
2021-12-14 14:40,7651909.3,25300016,3.2069,0.89129,3.8501,0.74276
2021-12-14 14:45,7654264.2,25391514,3.2229,0.89052,3.8758,0.93856
2021-12-14 14:50,7647003,25424169,3.2083,0.89025,3.8738,1.3313
2021-12-14 14:55,7627171.9,25467127,3.1851,0.89047,3.8365,1.7299
2021-12-14 15:00,7603715.1,25485041,3.1461,0.89108,3.8139,1.4436
2021-12-14 15:05,7582732.4,25395109,3.139,0.89174,3.8031,1.3887
2021-12-14 15:10,7562176.1,25454799,3.1172,0.89078,3.7903,0.96204
2021-12-14 15:15,7551852.6,25201100,3.1035,0.88959,3.7727,0.85766
2021-12-14 15:20,7542040.2,25250929,3.1082,0.88843,3.7714,0.95755
2021-12-14 15:25,7536259.2,25404730,3.0866,0.88885,3.7614,1.2928
2021-12-14 15:30,7548874.6,25552941,3.0622,0.88844,3.7475,1.4307
2021-12-14 15:35,7559153.9,25528136,3.0592,0.8892,3.7423,0.60768
2021-12-14 15:40,7560032,25545348,3.0577,0.88936,3.7193,1.1927
2021-12-14 15:45,7550694.3,25468492,3.0464,0.88849,3.7172,0.95825
2021-12-14 15:50,7551688.1,25184880,3.0893,0.88958,3.759,0.71303
2021-12-14 15:55,7553722.1,25064121,3.1309,0.89154,3.7944,0.99575
2021-12-14 16:00,7535022.5,24993670,3.1441,0.89063,3.8242,1.1825
2021-12-14 16:05,7551661.9,24980898,3.1655,0.89056,3.8434,0.83062
2021-12-14 16:10,7549447.3,25234318,3.1686,0.89277,3.8528,1.3572
2021-12-14 16:15,7564440.2,25204715,3.1263,0.89203,3.8,1.008
2021-12-14 16:20,7563131.8,25034010,3.1914,0.89331,3.8593,0.77326
2021-12-14 16:25,7564453.7,24955133,3.1423,0.89327,3.8285,0.69436
2021-12-14 16:30,7549070.2,25154314,3.1384,0.89312,3.822,1.6054
2021-12-14 16:35,7545676.6,25212268,3.1335,0.89453,3.8179,1.2261
2021-12-14 16:40,7540066,25274301,3.1225,0.8949,3.7941,1.3413
2021-12-14 16:45,7544653.4,25177425,3.11,0.89499,3.7803,0.88275
2021-12-14 16:50,7548193.2,25210965,3.1013,0.89569,3.7673,1.9709
2021-12-14 16:55,7542771,25049542,3.1248,0.89537,3.7834,0.75228
2021-12-14 17:00,7539861.6,25020229,3.1098,0.89549,3.7673,1.406
2021-12-14 17:05,7552194.1,25027971,3.1152,0.8955,3.7686,0.544
2021-12-14 17:10,7538044.7,25177069,3.1059,0.89507,3.7874,1.61
2021-12-14 17:15,7540313.8,25126968,3.0997,0.8949,3.7727,0.66019
2021-12-14 17:20,7540964.7,25244791,3.1202,0.89522,3.8028,1.08
2021-12-14 17:25,7564930.9,25244174,3.116,0.89651,3.7852,0.54343
2021-12-14 17:30,7561692.6,25242874,3.1089,0.89652,3.7739,1.1895
2021-12-14 17:35,7560126,25235701,3.1112,0.89663,3.7748,2.356
2021-12-14 17:40,7551347,25062921,3.1277,0.89672,3.8086,0.69667
2021-12-14 17:45,7549741.6,25049303,3.1167,0.89599,3.8008,1.2022
2021-12-14 17:50,7552736.4,24999557,3.104,0.89508,3.7953,1.3207
2021-12-14 17:55,7553683.8,24980032,3.1182,0.89606,3.8084,0.59626
2021-12-14 18:00,7549906.7,24861843,3.1522,0.89621,3.8347,0.76663
2021-12-14 18:05,7541346.8,24878903,3.1196,0.89621,3.7965,0.5727
2021-12-14 18:10,7537044.7,24992840,3.1149,0.89585,3.7921,1.1103
2021-12-14 18:15,7535591,24927735,3.1448,0.89693,3.8282,0.89995
2021-12-14 18:20,7534582.9,24931935,3.1305,0.8965,3.7993,1.1651
2021-12-14 18:25,7535366.3,24791618,3.1086,0.89687,3.767,0.88294
2021-12-14 18:30,7528412,24919044,3.0986,0.89638,3.7699,1.5783
2021-12-14 18:35,7530239.2,24670722,3.1887,0.89559,3.8408,0.55935
2021-12-14 18:40,7512664.4,24476261,3.4809,0.89534,4.1542,0.59868
2021-12-14 18:45,7502203.4,24442179,3.5029,0.89478,4.1676,0.942
2021-12-14 18:50,7515874.3,24637036,3.5147,0.89475,4.111,0.91363
2021-12-14 18:55,7504859.4,24615939,3.485,0.89481,4.0749,0.58628
2021-12-14 19:00,7511652.9,24678928,3.5392,0.89427,4.111,1.2914
2021-12-14 19:05,7512708.6,24783668,3.4913,0.89607,4.0718,0.96761
2021-12-14 19:10,7518494,24739206,3.4879,0.89544,4.0746,1.3614
2021-12-14 19:15,7530895.7,24810375,3.5188,0.89568,4.112,0.54129
2021-12-14 19:20,7543934.4,24894984,3.5374,0.89699,4.2003,0.94755
2021-12-14 19:25,7556625.9,24876412,3.5403,0.89748,4.1958,0.52975
2021-12-14 19:30,7570069.2,25022404,3.5175,0.89769,4.1813,0.82027
2021-12-14 19:35,7579611,25088548,3.5221,0.8976,4.1986,0.93053
2021-12-14 19:40,7585784.7,24988172,3.5462,0.89675,4.2297,1.1518
2021-12-14 19:45,7581913.6,24975637,3.5619,0.89584,4.244,0.9282
2021-12-14 19:50,7582288.2,24873230,3.5466,0.89716,4.2082,1.1805
2021-12-14 19:55,7580409.9,24904691,3.5217,0.89636,4.1478,1.0154
2021-12-14 20:00,7582569.2,24902619,3.5445,0.89691,4.1491,0.97574
2021-12-14 20:05,7578889.4,25054272,3.4946,0.89759,4.0688,1.2237
2021-12-14 20:10,7577343.2,24978648,3.4909,0.898,4.0609,1.3668
2021-12-14 20:15,7572070.5,25049695,3.441,0.89759,4.0055,1.9565
2021-12-14 20:20,7599697.7,25223071,3.4146,0.89661,3.965,0.76538
2021-12-14 20:25,7625770.4,25231819,3.456,0.89602,4.0021,0.54483
2021-12-14 20:30,7633228,25235942,3.4905,0.89611,4.0285,1.3306
2021-12-14 20:35,7640650.8,25329644,3.4728,0.89654,4.0159,1.42
2021-12-14 20:40,7640001.4,25705154,3.2302,0.89795,3.8025,1.4835
2021-12-14 20:45,7630973.8,25634449,3.2504,0.89735,3.8148,0.80818
2021-12-14 20:50,7628928.9,25610420,3.0284,0.89957,3.5918,2.0109
2021-12-14 20:55,7620110.1,25477252,3.1065,0.89869,3.674,0.60545
2021-12-14 21:00,7611912.9,25598863,3.0754,0.89695,3.6373,1.3115
2021-12-14 21:05,7603689.1,25528633,3.1056,0.89621,3.6836,0.99205
2021-12-14 21:10,7612852.7,25799543,3.0449,0.8944,3.6212,1.3168
2021-12-14 21:15,7606656.8,25794681,3.0502,0.89607,3.6278,1.3774
2021-12-14 21:20,7616372.5,25936195,2.9853,0.89348,3.5638,1.5408
2021-12-14 21:25,7620302.9,25979837,2.9512,0.89149,3.5372,1.3397
2021-12-14 21:30,7623656.3,26034786,2.9656,0.89091,3.5541,1.2413
2021-12-14 21:35,7659125.9,26277929,2.9046,0.89007,3.4947,1.665
2021-12-14 21:40,7640356.3,26290620,2.9049,0.88839,3.4872,1.9917
2021-12-14 21:45,7664795.2,26485926,2.9154,0.88614,3.506,1.9446
2021-12-14 21:50,7630457.4,26364475,2.8787,0.88789,3.4595,0.90156
2021-12-14 21:55,7629523.1,26290901,2.8655,0.88703,3.4429,0.65844
2021-12-14 22:00,7604473,26189805,2.8374,0.88674,3.4151,0.73449
2021-12-14 22:05,7604051.2,26036978,2.8841,0.88735,3.4524,0.34151
2021-12-14 22:10,7613349.4,26106175,2.873,0.88576,3.4356,0.79084
2021-12-14 22:15,7629560.4,26079942,2.882,0.88689,3.4272,0.57137
2021-12-14 22:20,7646532.9,26073142,2.8649,0.88734,3.408,0.89052
2021-12-14 22:25,7657017.3,26007115,2.9132,0.88863,3.46,0.52458
2021-12-14 22:30,7668211.2,25964563,2.9266,0.88781,3.4791,0.65696
2021-12-14 22:35,7670049.7,25900833,2.9145,0.8873,3.4689,0.69453
2021-12-14 22:40,7673527.7,26029276,2.9244,0.88686,3.4894,1.0515
2021-12-14 22:45,7683097.4,26137897,2.8977,0.88643,3.4634,1.631
2021-12-14 22:50,7686549.8,26038336,2.9201,0.88605,3.4841,0.39411
2021-12-14 22:55,7693949.3,26186875,2.877,0.8838,3.445,2.0328
2021-12-14 23:00,7690948.8,26136193,2.8818,0.88354,3.449,0.81578
2021-12-14 23:05,7691958.2,26029587,2.8844,0.88344,3.4498,0.28228
2021-12-14 23:10,7695069,26152879,2.9038,0.88307,3.4658,0.92275
2021-12-14 23:15,7700386.1,26115806,2.9277,0.88353,3.49,0.87796
2021-12-14 23:20,7705067.8,26112475,2.8989,0.88357,3.4553,0.97893
2021-12-14 23:25,7705042.8,26106514,2.9009,0.88394,3.459,1.0439
2021-12-14 23:30,7714119.6,26122450,2.8891,0.8827,3.4504,1.2534
2021-12-14 23:35,7711599.3,26082123,2.9045,0.8822,3.4698,0.66269
2021-12-14 23:40,7715330.6,26112411,2.9026,0.88214,3.4677,0.54328
2021-12-14 23:45,7719206.9,26229865,2.8701,0.88188,3.4414,1.4194
2021-12-14 23:50,7717214.7,26230813,2.8668,0.88161,3.4378,0.45025
2021-12-14 23:55,7703367.2,26222262,2.8697,0.88119,3.444,1.5065
2021-12-15 00:00,7692946.1,26356033,2.8326,0.88087,3.4145,1.9202
2021-12-15 00:05,7716399.8,26272603,2.8594,0.8811,3.4301,0.69041
2021-12-15 00:10,7713883.2,26435478,2.8715,0.89144,3.4191,1.4226
2021-12-15 00:15,7701889.8,26294252,2.8626,0.89027,3.4202,0.59809
2021-12-15 00:20,7695190,26229911,2.8801,0.88934,3.435,0.63969
2021-12-15 00:25,7698622.1,26401833,2.8491,0.88968,3.4104,1.0175
2021-12-15 00:30,7712524.6,26399972,2.8814,0.88877,3.4422,0.88306
2021-12-15 00:35,7717080.5,26500454,2.8591,0.88915,3.4288,0.88874
2021-12-15 00:40,7715895.3,26403794,2.8523,0.88937,3.4264,0.62557
2021-12-15 00:45,7719372.6,26363715,2.8475,0.88867,3.4233,0.91987
2021-12-15 00:50,7722116.8,26432476,2.8349,0.88782,3.4076,0.78286
2021-12-15 00:55,7732905.3,26339516,2.8607,0.8878,3.4363,0.53305
2021-12-15 01:00,7718396.4,26180801,2.9144,0.88784,3.495,0.41379
2021-12-15 01:05,7732992.8,26114317,2.945,0.8885,3.5073,0.56256
2021-12-15 01:10,7745595.2,26102656,2.9613,0.88837,3.5196,0.41014
2021-12-15 01:15,7760747.4,26117441,2.9606,0.88949,3.5158,1.0384
2021-12-15 01:20,7764290.8,26188953,2.9157,0.89011,3.4699,2.5774
2021-12-15 01:25,7762650,26148593,2.9387,0.88975,3.4937,0.91545
2021-12-15 01:30,7780069.8,26164375,2.9684,0.88999,3.5273,0.55433
2021-12-15 01:35,7783084.1,26089244,2.9906,0.89099,3.5402,0.70285
2021-12-15 01:40,7804673.6,26020782,3.0344,0.89141,3.5782,0.61797
2021-12-15 01:45,7787770.8,25904381,3.0574,0.88889,3.5915,0.74989
2021-12-15 01:50,7786234.4,25909742,3.0498,0.8892,3.5919,1.3539
2021-12-15 01:55,7781332.1,25915295,3.0512,0.889,3.5973,0.96372
2021-12-15 02:00,7772756.6,25914371,3.0482,0.89049,3.5863,0.84968
2021-12-15 02:05,7756339.8,25764408,3.0615,0.89026,3.6021,0.86299
2021-12-15 02:10,7752255.7,25675471,3.0863,0.88933,3.6281,0.53439
2021-12-15 02:15,7806017.6,25762003,3.0778,0.88945,3.6303,0.65022
2021-12-15 02:20,7813924.7,25809393,3.0493,0.89072,3.5738,0.96108
2021-12-15 02:25,7822775.4,25916855,3.0419,0.89123,3.5733,1.8732
2021-12-15 02:30,7806335.6,25926481,3.0587,0.89099,3.6008,2.1845
2021-12-15 02:35,7809071.5,25949545,3.0786,0.89046,3.6431,0.68684
2021-12-15 02:40,7809625.4,25920147,3.0616,0.89089,3.6328,0.82658
2021-12-15 02:45,7801648.3,25886854,3.0802,0.89078,3.6556,0.76697
2021-12-15 02:50,7802297.9,25888024,3.0742,0.89092,3.6582,0.93398
2021-12-15 02:55,7792573.1,25859996,3.0839,0.89096,3.6775,1.8841
2021-12-15 03:00,7785995.5,25904007,3.1018,0.89091,3.7078,1.3248
2021-12-15 03:05,7775218.9,25827478,3.046,0.89054,3.6572,1.6483
2021-12-15 03:10,7776588.9,25880488,3.057,0.89018,3.6753,2.044
2021-12-15 03:15,7766133.3,25870852,3.0644,0.88988,3.6883,1.1058
2021-12-15 03:20,7768584.9,25905546,3.065,0.89147,3.7028,0.45219
2021-12-15 03:25,7760379.6,25865345,3.0657,0.89109,3.7049,0.89615
2021-12-15 03:30,7748265.2,25946405,2.9807,0.89257,3.6039,1.8443
2021-12-15 03:35,7748419.4,25972702,2.985,0.8926,3.6141,0.93657
2021-12-15 03:40,7746856.4,26007906,2.9829,0.89244,3.6216,1.2446
2021-12-15 03:45,7752293.3,26079311,2.9722,0.89216,3.6098,2.1836
2021-12-15 03:50,7760989.8,26087800,2.9986,0.89109,3.6409,0.47386
2021-12-15 03:55,7760938.9,26162125,2.9779,0.89049,3.617,1.2757
2021-12-15 04:00,7759210.1,26148538,2.9907,0.88983,3.6325,0.66113
2021-12-15 04:05,7748654.4,26004484,2.9964,0.89231,3.6096,1.0865
2021-12-15 04:10,7750899.6,25981015,3.0036,0.89202,3.6165,1.3378
2021-12-15 04:15,7729247.1,25978000,2.9821,0.89098,3.587,1.1805
2021-12-15 04:20,7726324.8,26045441,3.0058,0.89185,3.6152,0.95176
2021-12-15 04:25,7726258,26115413,3.0094,0.89168,3.6192,1.2129
2021-12-15 04:30,7744156.3,26237202,2.9849,0.89192,3.5981,1.519
2021-12-15 04:35,7730703.3,26129777,2.9799,0.89167,3.5966,0.63306
2021-12-15 04:40,7779847.6,26249206,2.9921,0.8913,3.6088,0.47931
2021-12-15 04:45,7744517.5,26130002,3.0036,0.89072,3.6213,2.2972
2021-12-15 04:50,7734313.7,26033700,3.029,0.891,3.6419,0.68881
2021-12-15 04:55,7720080.1,25993510,3.0261,0.89049,3.6481,0.56003
2021-12-15 05:00,7712758.4,25946102,3.0504,0.89006,3.6684,0.27228
2021-12-15 05:05,7702097.8,26029745,2.9835,0.89021,3.5967,1.3714
2021-12-15 05:10,7699970.3,26068301,2.9219,0.88902,3.5261,1.2148
2021-12-15 05:15,7697642.9,26080437,2.8839,0.8877,3.4855,1.1124
2021-12-15 05:20,7700321.5,26057888,2.859,0.88707,3.458,0.81674
2021-12-15 05:25,7697291.5,26090974,2.8663,0.88671,3.4671,0.62778
2021-12-15 05:30,7693883.5,26050305,2.8557,0.88625,3.4544,0.83389
2021-12-15 05:35,7710642,26127562,2.874,0.88637,3.4745,0.60045
2021-12-15 05:40,7712121.6,26074683,2.8584,0.8862,3.4581,0.86327
2021-12-15 05:45,7707843.1,26021678,2.8759,0.88557,3.4672,1.0436
2021-12-15 05:50,7695148.7,25931703,2.9004,0.8848,3.4944,0.77214
2021-12-15 05:55,7702395.3,25933190,2.9129,0.88516,3.5263,0.37856
2021-12-15 06:00,7702220.4,26099077,2.89,0.88569,3.5058,1.6153
2021-12-15 06:05,7705733.3,26114730,2.8615,0.88503,3.4742,0.99948
2021-12-15 06:10,7711653.3,26295850,2.8088,0.88537,3.4362,2.3984
2021-12-15 06:15,7722784.3,26427368,2.793,0.88524,3.4445,1.8562
2021-12-15 06:20,7741532.7,26700546,2.7811,0.88715,3.4112,1.7849
2021-12-15 06:25,7744943.8,26630935,2.7515,0.88504,3.3525,0.93602
2021-12-15 06:30,7744113.8,26387820,2.8139,0.88459,3.4286,0.43377
2021-12-15 06:35,7733254.6,26463197,2.7821,0.88036,3.3931,0.68432
2021-12-15 06:40,7717320.9,26411774,2.7418,0.87994,3.3637,0.98024
2021-12-15 06:45,7724291.2,26463422,2.7555,0.88072,3.3775,1.4004
2021-12-15 06:50,7727187.6,26377935,2.7733,0.8798,3.3984,0.70359
2021-12-15 06:55,7721655.3,26438948,2.7395,0.87898,3.3606,1.4839
2021-12-15 07:00,7731834.9,26293298,2.8199,0.87862,3.4434,0.37369
2021-12-15 07:05,7674819.5,26158171,2.7639,0.87935,3.3796,2.4097
2021-12-15 07:10,7665871.8,26133203,2.7804,0.88213,3.3904,1.1768
2021-12-15 07:15,7659607.8,26257136,2.7695,0.88168,3.3716,1.1707
2021-12-15 07:20,7651393,26148941,2.7663,0.88208,3.3753,0.83424
2021-12-15 07:25,7655924,26186519,2.7964,0.88224,3.4059,1.1471
2021-12-15 07:30,7658473.2,26168137,2.7911,0.88356,3.4004,0.86675
2021-12-15 07:35,7654251.4,26204651,2.7903,0.88288,3.4029,1.4385
2021-12-15 07:40,7641652.5,26264718,2.7716,0.88121,3.3917,2.1097
2021-12-15 07:45,7643413.1,26253762,2.7349,0.88103,3.3419,0.6397
2021-12-15 07:50,7637117.1,26268436,2.7486,0.88084,3.3574,0.69128
2021-12-15 07:55,7633170.8,26227575,2.7441,0.8807,3.3512,0.95104
2021-12-15 08:00,7632965.2,26235403,2.7575,0.88086,3.3658,0.64978
2021-12-15 08:05,7633599.6,26238367,2.7257,0.87982,3.3327,1.5321
2021-12-15 08:10,7651073.5,26357948,2.7468,0.87948,3.3605,0.87201
2021-12-15 08:15,7651527.3,26543568,2.689,0.8809,3.2901,2.1957
2021-12-15 08:20,7667641.1,26647279,2.6793,0.88102,3.2865,0.97547
2021-12-15 08:25,7921049.7,27628621,2.5054,0.89056,3.1167,0.69449
2021-12-15 08:30,7897619.8,27546898,2.484,0.89014,3.0951,1.0202
2021-12-15 08:35,7895074.2,27561291,2.4874,0.88943,3.0996,1.2018
2021-12-15 08:40,7911958.3,27628722,2.4909,0.88958,3.1029,1.3367
2021-12-15 08:45,7986494.5,28193894,2.3174,0.89338,2.8967,1.5347
2021-12-15 08:50,7960942.1,27911063,2.3207,0.89316,2.8841,0.91408
2021-12-15 08:55,7947303.9,27895906,2.3087,0.89327,2.8717,1.1382
2021-12-15 09:00,7936378.8,27793199,2.3307,0.89323,2.8889,0.81462
2021-12-15 09:05,7932437.8,27898384,2.3523,0.89282,2.9034,1.0334
2021-12-15 09:10,7928723,27750530,2.346,0.89279,2.8935,0.5937
2021-12-15 09:15,7917235.6,27635472,2.3875,0.89217,2.9324,0.63522
2021-12-15 09:20,7926657,27754791,2.3149,0.89382,2.8601,1.8828
2021-12-15 09:25,7905768.3,27622754,2.3252,0.89276,2.8733,0.48744
2021-12-15 09:30,7875984.3,27350404,2.3783,0.8928,2.9364,0.47775
2021-12-15 09:35,7890247.7,27485031,2.3722,0.89442,2.9327,0.89659
2021-12-15 09:40,7884979.7,27455499,2.3679,0.89358,2.9285,1.3661
2021-12-15 09:45,7880233.7,27549297,2.3582,0.89308,2.919,1.0895
2021-12-15 09:50,7885197.4,27613961,2.3413,0.89345,2.9072,0.96661
2021-12-15 09:55,7880876.4,27576959,2.3445,0.89344,2.9181,0.77036
2021-12-15 10:00,7885446.5,27583389,2.3625,0.89325,2.9343,1.8729
2021-12-15 10:05,7891746.2,27550119,2.3569,0.89264,2.932,0.70184
2021-12-15 10:10,7889983.7,27643730,2.3448,0.89215,2.912,1.5867
2021-12-15 10:15,7897902.9,27731711,2.3367,0.8921,2.9147,0.69339
2021-12-15 10:20,7902075.2,27633738,2.348,0.89164,2.9182,0.73441
2021-12-15 10:25,7897044.5,27631759,2.3486,0.8933,2.9108,1.3843
2021-12-15 10:30,7893884.5,27628596,2.3521,0.89354,2.9044,0.53788
2021-12-15 10:35,7902016.2,27696567,2.3696,0.89255,2.9171,0.90343
2021-12-15 10:40,7920711,27849220,2.3602,0.89316,2.9205,2.791
2021-12-15 10:45,7936527.6,27896895,2.3616,0.89457,2.9392,1.0961
2021-12-15 10:50,7944633.2,27988943,2.3655,0.89416,2.9553,1.2095
2021-12-15 10:55,7954859.8,28014586,2.386,0.89352,2.9904,1.2977
2021-12-15 11:00,7956819.1,27959331,2.3891,0.89365,2.992,0.71891
2021-12-15 11:05,7959054,27880566,2.3922,0.89262,2.9941,0.6294
2021-12-15 11:10,7958719,27879393,2.3677,0.89218,2.9652,1.0584
2021-12-15 11:15,7956119.6,27924610,2.3929,0.89161,2.9942,0.65174
2021-12-15 11:20,7931618.2,27864655,2.3938,0.89231,2.9984,0.97071
2021-12-15 11:25,7919232.3,27828182,2.3739,0.89195,2.9737,0.87301
2021-12-15 11:30,7896044,27699322,2.3713,0.89103,2.9581,1.2486
2021-12-15 11:35,7898304.9,27709943,2.3691,0.89202,2.9586,0.92145
2021-12-15 11:40,7897520.6,27628159,2.3772,0.89181,2.9684,0.58265
2021-12-15 11:45,7893774.1,27549272,2.3844,0.89243,2.9637,0.58303
2021-12-15 11:50,7861704.1,27303220,2.4164,0.89122,2.9884,0.36097
2021-12-15 11:55,7869065.8,27337135,2.4408,0.89165,3.0138,0.7271
2021-12-15 12:00,7860928.4,27144270,2.5164,0.89343,3.088,0.32916
2021-12-15 12:05,7855537.6,27086385,2.5758,0.89125,3.1613,1.105
2021-12-15 12:10,7825255.7,27050837,2.5447,0.89022,3.1347,1.3009
2021-12-15 12:15,7792364.5,27025722,2.5352,0.89086,3.152,1.7906
2021-12-15 12:20,7781909.9,27034355,2.5205,0.89078,3.1468,1.5007
2021-12-15 12:25,7775019.7,26948218,2.5208,0.89075,3.1377,0.62122
2021-12-15 12:30,7772241.7,26993703,2.519,0.89136,3.1419,1.6027
2021-12-15 12:35,7757274,26851631,2.5374,0.89352,3.1627,0.88463
2021-12-15 12:40,7729511.4,26481306,2.5497,0.89283,3.1684,0.82759
2021-12-15 12:45,7739100.5,26583810,2.5769,0.89209,3.1973,0.9378
2021-12-15 12:50,7733334.7,26526858,2.5932,0.89293,3.1948,0.67675
2021-12-15 12:55,7705838.7,26307733,2.5859,0.89298,3.1751,0.80601
2021-12-15 13:00,7699038.7,26239198,2.6107,0.89382,3.1873,0.7564
2021-12-15 13:05,7685049.4,26315410,2.5884,0.89407,3.1618,1.2161
2021-12-15 13:10,7682254.3,26319403,2.5712,0.8937,3.1376,1.0135
2021-12-15 13:15,7682538.3,26377978,2.6,0.89459,3.1615,0.9233
2021-12-15 13:20,7686753.8,26353017,2.5997,0.89488,3.1567,0.6477
2021-12-15 13:25,7678082.3,26251363,2.5963,0.89465,3.1511,1.1726
2021-12-15 13:30,7670156.2,26308636,2.5757,0.8945,3.1337,1.2567
2021-12-15 13:35,7667098.5,26291750,2.5983,0.89552,3.1563,1.0033
2021-12-15 13:40,7661857,26326141,2.6039,0.89506,3.1677,1.007
2021-12-15 13:45,7664890.3,26267579,2.6091,0.89544,3.173,0.9603
2021-12-15 13:50,7671068.9,26315735,2.5712,0.89535,3.1326,1.4677
2021-12-15 13:55,7673271.7,26218789,2.5751,0.89508,3.1273,1.3569
2021-12-15 14:00,7662695.7,26148511,2.5688,0.89449,3.1228,1.3133
2021-12-15 14:05,7655327.2,26081700,2.592,0.89335,3.1449,0.7564
2021-12-15 14:10,7658281.3,26160689,2.5945,0.89453,3.1691,0.66853
2021-12-15 14:15,7627541.5,26174033,2.6018,0.89338,3.1821,1.8063
2021-12-15 14:20,7628957.8,26126883,2.6191,0.89443,3.2061,0.66227
2021-12-15 14:25,7660972.1,26070288,2.6462,0.89184,3.2528,0.46948
2021-12-15 14:30,7656935.3,26039895,2.638,0.89313,3.249,1.0519
2021-12-15 14:35,7645345.4,25788926,2.6727,0.89554,3.2778,0.72463
2021-12-15 14:40,7628947.2,25770584,2.6649,0.89432,3.2554,1.1982
2021-12-15 14:45,7640833,25740855,2.715,0.89438,3.295,1.2771
2021-12-15 14:50,7637590.2,25746317,2.7816,0.89338,3.3512,1.1359
2021-12-15 14:55,7632181.2,25672234,2.7976,0.89366,3.3739,0.79564
2021-12-15 15:00,7637753.9,25655215,3.1194,0.89259,3.7162,0.39671
2021-12-15 15:05,7645293.1,25583426,3.1204,0.8933,3.7191,1.0007
2021-12-15 15:10,7657187.4,25490777,3.148,0.89239,3.7391,0.59279
2021-12-15 15:15,7645835.6,25254195,3.3644,0.88798,3.9707,0.63199
2021-12-15 15:20,7683099.4,25339440,3.3509,0.88503,3.968,0.49942
2021-12-15 15:25,7690719.8,25385396,3.3325,0.88246,3.9577,0.96585
2021-12-15 15:30,7709746.6,25465293,3.0733,0.87971,3.6938,0.86989
2021-12-15 15:35,7721222.7,25706137,2.9508,0.87684,3.5701,1.5245
2021-12-15 15:40,7721375.4,25704459,2.9375,0.87625,3.5557,1.3927
2021-12-15 15:45,7744733.8,25697184,2.9431,0.87788,3.549,1.1189
2021-12-15 15:50,7734350.5,25523614,2.9424,0.87961,3.545,0.72663
2021-12-15 15:55,7714280.7,25388817,2.9579,0.87864,3.5609,0.62828
2021-12-15 16:00,7715182.3,25236361,3.0218,0.87813,3.6201,0.53157
2021-12-15 16:05,7722510.8,25442694,2.9378,0.8783,3.5409,1.4274
2021-12-15 16:10,7727189.8,25426938,2.921,0.8783,3.533,1.0905
2021-12-15 16:15,7702772.3,25295904,2.9741,0.87658,3.5947,0.48336
2021-12-15 16:20,7708362.4,25238520,2.9599,0.87791,3.5844,1.0584
2021-12-15 16:25,7696021.7,25237116,2.9713,0.88051,3.5947,0.71219
2021-12-15 16:30,7694854.1,25354544,2.9799,0.88053,3.6215,1.2596
2021-12-15 16:35,7703786.9,25353163,3.0043,0.88062,3.6503,0.67413
2021-12-15 16:40,7687436,25238661,3.0072,0.88093,3.6539,0.45623
2021-12-15 16:45,7650274.7,25069950,3.0416,0.87875,3.6847,0.45771
2021-12-15 16:50,7644202.3,24912455,3.0665,0.87748,3.7087,0.53423
2021-12-15 16:55,7664340.5,25062393,3.0389,0.87919,3.7,1.8201
2021-12-15 17:00,7657780.7,25123564,3.0212,0.88076,3.6984,1.0068
2021-12-15 17:05,7648723,25110758,3.0954,0.88081,3.7919,1.2549
2021-12-15 17:10,7639437.2,25110830,3.0619,0.88171,3.7692,1.205
2021-12-15 17:15,7650558.4,25066825,3.0441,0.88036,3.7487,0.97241
2021-12-15 17:20,7653397.2,24953617,3.0731,0.88049,3.7817,0.79939
2021-12-15 17:25,7604875.9,24723000,3.1163,0.8734,3.829,0.63752
2021-12-15 17:30,7468043.7,24248738,3.1713,0.86845,3.8697,1.6835
2021-12-15 17:35,7479241.4,24365391,3.0914,0.86831,3.7442,1.88
2021-12-15 17:40,7482067.5,24503771,3.1414,0.86752,3.8026,0.95542
2021-12-15 17:45,7477843.1,24512370,3.1237,0.86539,3.7889,1.7335
2021-12-15 17:50,7486043.4,24521361,3.1557,0.86347,3.8237,1.271
2021-12-15 17:55,7487708.5,24598333,3.1422,0.86211,3.8147,1.9936
2021-12-15 18:00,7490044.1,24664715,3.1055,0.86303,3.8036,1.3829
2021-12-15 18:05,7496882.9,24615385,3.1623,0.8619,3.8622,0.70479
2021-12-15 18:10,7497432.5,24714612,3.1812,0.86173,3.8876,1.6285
2021-12-15 18:15,7483121.9,24748582,3.1669,0.86064,3.9008,1.765
2021-12-15 18:20,7490261.6,24905120,3.1551,0.85861,3.9107,1.7838
2021-12-15 18:25,7482663.1,24970067,3.1599,0.85642,3.9316,0.89016
2021-12-15 18:30,7479858.6,25035121,3.0452,0.85507,3.8067,1.2426
2021-12-15 18:35,7480325.2,25089011,3.0803,0.85487,3.848,0.70756
2021-12-15 18:40,7486224.8,25310926,3.0596,0.85428,3.8162,1.2213
2021-12-15 18:45,7438796.4,25143265,3.1127,0.85343,3.8861,0.35337
2021-12-15 18:50,7465671.2,25275887,3.1103,0.85387,3.8675,0.70029
2021-12-15 18:55,7404711.3,24756486,3.0719,0.85629,3.8204,0.6952
2021-12-15 19:00,7416703.3,24937475,3.0625,0.85667,3.8047,0.9393
2021-12-15 19:10,7434821.6,25947527,2.7555,0.86256,3.4637,0.98367
2021-12-15 19:15,7413110.8,25923648,2.7068,0.86649,3.3784,0.89121
2021-12-15 19:20,7384133.2,25630326,2.7067,0.86859,3.3704,0.8121
2021-12-15 19:25,7401666.9,25624571,2.6753,0.86808,3.3406,0.7541
2021-12-15 19:30,7379147.7,25472818,2.6788,0.86669,3.3471,0.85106
2021-12-15 19:35,7378525.1,25581347,2.6662,0.86641,3.3267,1.1841
2021-12-15 19:40,7373163.1,25515018,2.6772,0.86843,3.3381,0.98786
2021-12-15 19:45,7374057.6,25568752,2.6858,0.86909,3.3479,0.98837
2021-12-15 19:50,7358123.3,25731357,2.6599,0.86871,3.3105,1.1353
2021-12-15 19:55,7357126.9,25833870,2.6639,0.86785,3.3065,0.83704
2021-12-15 20:00,7391403.4,25769916,2.672,0.8713,3.314,0.68832
2021-12-15 20:05,7413587.3,26006864,2.6694,0.87106,3.3098,0.97123
2021-12-15 20:10,7435437.6,26494118,2.5746,0.87014,3.2296,1.4936
2021-12-15 20:15,7432133.3,26458395,2.5889,0.8681,3.274,0.89654
2021-12-15 20:20,7416444.8,26456794,2.5534,0.86869,3.2245,1.0516
2021-12-15 20:25,7443129,26594300,2.5393,0.86961,3.2118,0.77524
2021-12-15 20:30,7418389.7,26671771,2.4557,0.86936,3.1205,1.4127
2021-12-15 20:35,7399998.2,26669556,2.4496,0.86748,3.1107,0.93602
2021-12-15 20:40,7417599.2,26710775,2.4725,0.86682,3.122,0.90623
2021-12-15 20:45,7479663.8,26911830,2.4919,0.86652,3.1143,0.59139
2021-12-15 20:50,7587315.6,27094304,2.5528,0.86895,3.1644,0.53013
2021-12-15 20:55,7600007.7,27202813,2.5576,0.87076,3.1554,0.84046
2021-12-15 21:00,7604332.1,27245182,2.5658,0.8701,3.1602,0.84855
2021-12-15 21:05,7598942.2,27342053,2.4292,0.86973,3.0355,1.2069
2021-12-15 21:10,7619325.5,27411741,2.4735,0.87045,3.083,1.0105
2021-12-15 21:15,7686384.5,27425020,2.5634,0.87197,3.1702,0.40788
2021-12-15 21:20,7737930.1,27887500,2.3428,0.8751,2.9165,1.4857
2021-12-15 21:25,7834889.2,28628685,2.2613,0.86956,2.821,1.0641
2021-12-15 21:30,7933579.1,29028966,2.2756,0.86728,2.8247,1.1698
2021-12-15 21:35,8070595.6,30490710,2.0901,0.8714,2.6051,1.2402
2021-12-15 21:40,8171417.2,30904300,2.0674,0.86583,2.5605,1.1439
2021-12-15 21:45,8153934.5,30389255,2.1214,0.86295,2.6243,0.73262
2021-12-15 21:50,8277366.7,31158618,2.083,0.86142,2.6197,0.98866
2021-12-15 21:55,8294210,31012051,2.0911,0.86152,2.6292,0.657
2021-12-15 22:00,8303223.2,31078964,2.1094,0.86276,2.6486,0.96841
2021-12-15 22:05,8338968.7,30857025,2.1704,0.86158,2.7044,0.59632
2021-12-15 22:10,8353176.8,30995075,2.1551,0.86345,2.6881,0.76642
2021-12-15 22:15,8373953.9,31037909,2.1742,0.86452,2.7066,0.54345
2021-12-15 22:20,8417227.7,31177411,2.1104,0.86612,2.6211,0.86217
2021-12-15 22:25,8416860.7,31117134,2.1324,0.86781,2.6394,0.45884
2021-12-15 22:30,8404184.5,31095483,2.108,0.86772,2.6126,0.86555
2021-12-15 22:35,8396391.6,30949099,2.0975,0.8681,2.5934,0.58209
2021-12-15 22:40,8368793.8,30910325,2.0927,0.86763,2.5836,0.74432
2021-12-15 22:45,8353507.2,30777798,2.0868,0.86603,2.5757,0.72864
2021-12-15 22:50,8317936.5,30526827,2.0635,0.86595,2.5493,0.57115
2021-12-15 22:55,8271499,30419869,2.0779,0.86452,2.5562,0.73587
2021-12-15 23:00,8261077.9,30400767,2.0259,0.86466,2.502,0.70901
2021-12-15 23:05,8237945.9,30289153,2.0028,0.864,2.4916,1.6503
2021-12-15 23:10,8232344.9,30280073,2.0259,0.86313,2.5172,0.73777
2021-12-15 23:15,8236429.5,30278965,2.0208,0.8629,2.5122,0.96021
2021-12-15 23:20,8220298,30218203,2.0112,0.86299,2.4985,0.88923
2021-12-15 23:25,8215633.2,30147290,2.0253,0.86266,2.5065,0.96868
2021-12-15 23:30,8147257.8,30146552,2.0017,0.86228,2.4844,3.101
2021-12-15 23:35,8122449.8,30161662,1.9983,0.85875,2.4899,1.5629
2021-12-15 23:40,8124090.3,30116003,2.0011,0.85763,2.4906,0.88667
2021-12-15 23:45,8130014.3,30178613,2.0145,0.85725,2.4995,1.1992
2021-12-15 23:50,8131961.6,30446064,1.9665,0.85344,2.4485,1.8599
2021-12-15 23:55,8163864.7,30394068,1.9824,0.85305,2.4668,1.5987
2021-12-16 00:00,8150567.1,30116345,2.0515,0.85286,2.5312,0.6016
2021-12-16 00:05,8110401.2,30138251,2.0297,0.85388,2.5052,0.98207
2021-12-16 00:10,8069155.9,29937746,2.0804,0.90025,2.5076,0.74066
2021-12-16 00:15,8075795.7,30016432,2.0763,0.90278,2.5059,1.3666
2021-12-16 00:20,8077041.1,30102088,2.0517,0.9044,2.4932,2.4417
2021-12-16 00:25,8061163.8,30043957,2.0662,0.9049,2.5098,0.88375
2021-12-16 00:30,8054709.8,30060177,2.075,0.9063,2.5123,0.71872
2021-12-16 00:35,8054890.2,30000500,2.105,0.90835,2.5381,0.80217
2021-12-16 00:40,8051642,29971138,2.1096,0.90988,2.5401,0.56362
2021-12-16 00:45,8049737.3,30017470,2.101,0.91044,2.5306,0.90876
2021-12-16 00:50,8056689.1,30092261,2.086,0.9113,2.5125,1.6034
2021-12-16 00:55,8051795,30073454,2.0996,0.91226,2.5231,0.64768
2021-12-16 01:00,8056599.7,30031554,2.1166,0.91234,2.5325,0.51669
2021-12-16 01:05,8069549.3,30091622,2.0872,0.91279,2.5039,0.92766
2021-12-16 01:10,8069338.9,29943891,2.0874,0.9142,2.4993,0.66562
2021-12-16 01:15,8073658.8,29929053,2.1179,0.91566,2.5199,0.65844
2021-12-16 01:20,8063625.3,30028844,2.1187,0.91653,2.5192,1.2277
2021-12-16 01:25,8053516.7,30017867,2.1071,0.91809,2.5049,1.3935
2021-12-16 01:30,8050917.9,30110433,2.0991,0.91762,2.5017,1.7566
2021-12-16 01:35,8053297.5,30116869,2.089,0.91692,2.4861,0.9384
2021-12-16 01:40,8054538.4,30301173,2.0587,0.9191,2.4643,1.6244
2021-12-16 01:45,8066933.8,30291336,2.0473,0.91902,2.4466,1.2643
2021-12-16 01:50,8049904,30187979,2.0566,0.921,2.4579,0.84956
2021-12-16 01:55,8043453.4,30106646,2.0654,0.92228,2.4687,0.90948
2021-12-16 02:00,8034023.5,30092265,2.0838,0.92179,2.486,1.7564
2021-12-16 02:05,8006928.1,29951527,2.109,0.92072,2.5083,0.39904
2021-12-16 02:10,8003307,29989814,2.1046,0.92156,2.5051,0.75883
2021-12-16 02:15,8015679.8,30275223,2.0369,0.92155,2.4477,1.9023
2021-12-16 02:20,8007065.6,30105554,2.0537,0.92239,2.458,0.93779
2021-12-16 02:25,8048637.9,30391167,2.0355,0.92235,2.4397,1.2907
2021-12-16 02:30,8065812.4,30440474,2.0284,0.92347,2.4359,0.75989
2021-12-16 02:35,8160264.1,31115087,1.9884,0.92864,2.4068,2.7301
2021-12-16 02:40,8149610.5,30772929,2.0144,0.92844,2.4304,0.61184
2021-12-16 02:45,8152590.4,30800487,2.0277,0.92842,2.4385,0.7285
2021-12-16 02:50,8162784.8,30785315,2.0271,0.92953,2.4315,0.6228
2021-12-16 02:55,8148965.9,30746048,2.051,0.93056,2.448,0.57237
2021-12-16 03:00,8188468.7,31003006,2.0429,0.93134,2.4399,0.75624
2021-12-16 03:05,8197066.1,31004534,2.025,0.93158,2.4175,1.3393
2021-12-16 03:10,8208848.2,31234675,2.0079,0.93126,2.3944,1.1033
2021-12-16 03:15,8279660.9,31744240,1.951,0.93508,2.3524,1.8028
2021-12-16 03:20,8302314.6,31590307,1.949,0.93512,2.3403,0.64395
2021-12-16 03:25,8340477.3,31914993,1.947,0.93659,2.3315,1.4214
2021-12-16 03:30,8322492.8,31783600,1.9394,0.9363,2.3187,0.45461
2021-12-16 03:35,8339525.4,31890345,1.9647,0.93489,2.3377,0.97815
2021-12-16 03:40,8346218.3,31874208,1.9314,0.93494,2.2976,0.7837
2021-12-16 03:45,8359731.2,31917454,1.933,0.93533,2.2929,0.67886
2021-12-16 03:50,8350421.2,31686552,1.947,0.93545,2.2997,0.26352
2021-12-16 03:55,8387297.8,32012888,1.9284,0.9365,2.2832,1.5097
2021-12-16 04:00,8383152.2,31923044,1.9225,0.93746,2.2709,0.71089
2021-12-16 04:05,8364533.8,31743596,1.9246,0.93732,2.2752,0.42809
2021-12-16 04:10,8354377,31788404,1.9083,0.93799,2.2521,0.81918
2021-12-16 04:15,8357886.1,31703182,1.9109,0.93885,2.2539,0.53597
2021-12-16 04:20,8358964.3,31638680,1.9272,0.94111,2.2545,0.49726
2021-12-16 04:25,8353394.8,31625953,1.9213,0.94262,2.2384,1.1314
2021-12-16 04:30,8349993,31578862,1.9203,0.94251,2.2314,0.80679
2021-12-16 04:35,8350351.4,31614430,1.9163,0.94282,2.2203,0.94268
2021-12-16 04:40,8350739.7,31532393,1.9031,0.94336,2.2029,0.54101
2021-12-16 04:45,8380503.6,31401015,1.9657,0.9439,2.2535,0.66743
2021-12-16 04:50,8322582.4,31201361,1.9938,0.9412,2.2728,0.59922
2021-12-16 04:55,8330629,31410809,1.9663,0.93911,2.253,2.543
2021-12-16 05:00,8319549.5,31567796,1.9611,0.93935,2.2585,1.3831
2021-12-16 05:05,8327271.3,31660285,1.944,0.93993,2.236,2.021
2021-12-16 05:10,8310769.5,31447956,1.9705,0.9392,2.2596,0.83445
2021-12-16 05:15,8321633.1,31597225,1.9592,0.94006,2.2386,1.2307
2021-12-16 05:20,8313744.3,31400906,1.9664,0.93983,2.2415,0.61163
2021-12-16 05:25,8297535.3,31281412,1.974,0.93977,2.2421,0.85684
2021-12-16 05:30,8302538.4,31375535,1.9823,0.9406,2.2463,1.6024
2021-12-16 05:35,8296223.6,31282620,1.971,0.94088,2.2324,0.57486
2021-12-16 05:40,8289388.8,31176391,1.9844,0.94035,2.2452,0.45507
2021-12-16 05:45,8288400.1,31197538,1.9674,0.94053,2.2339,1.4955
2021-12-16 05:50,8287331.3,31168233,1.969,0.9402,2.2265,1.2072
2021-12-16 05:55,8280839.9,31123143,1.9741,0.94069,2.2299,0.78939
2021-12-16 06:00,8269349.5,30935636,1.9979,0.94107,2.2477,0.37829
2021-12-16 06:05,8287847.2,31235738,1.9958,0.94077,2.2447,1.1937
2021-12-16 06:10,8282531.6,31150601,1.9716,0.94074,2.2101,1.2171
2021-12-16 06:15,8286360.6,31249895,1.9717,0.94138,2.2057,1.2833
2021-12-16 06:20,8283236.9,31395659,1.9389,0.94174,2.1915,1.7789
2021-12-16 06:25,8298587.7,31493140,1.936,0.94248,2.1809,2.5671
2021-12-16 06:30,8316063.1,31675884,1.9084,0.94249,2.1701,1.3876
2021-12-16 06:35,8330781.6,31673632,1.8931,0.94314,2.1457,0.84442
2021-12-16 06:40,8321068.4,31533564,1.9167,0.94366,2.1692,0.6097
2021-12-16 06:45,8328355,31764346,1.8918,0.94355,2.1506,3.3968
2021-12-16 06:50,8322652.2,31859113,1.8796,0.94422,2.1481,1.0498
2021-12-16 06:55,8338346.1,32027587,1.8331,0.94384,2.112,1.9887
2021-12-16 07:00,8348608.5,32138734,1.8153,0.94324,2.084,0.87276
2021-12-16 07:05,8338445.7,31827847,1.8391,0.94285,2.0992,1.0216
2021-12-16 07:10,8333302.6,31777445,1.8773,0.94325,2.1295,0.80888
2021-12-16 07:15,8336097.1,31822733,1.8791,0.94191,2.1263,1.0233
2021-12-16 07:20,8328695.5,31951371,1.8525,0.94294,2.1023,1.2897
2021-12-16 07:25,8350208,32083620,1.8323,0.94374,2.0835,1.9158
2021-12-16 07:30,8367439.1,32139334,1.8172,0.94475,2.0622,0.7334
2021-12-16 07:35,8369587.4,32137982,1.8196,0.94444,2.0632,1.1575
2021-12-16 07:40,8373472.3,32120515,1.8164,0.9447,2.0546,0.63685
2021-12-16 07:45,8361486,31982170,1.8312,0.94436,2.0717,0.65339
2021-12-16 07:50,8351260.1,31985326,1.8259,0.94459,2.0732,1.0557
2021-12-16 07:55,8342975,31753363,1.8383,0.94437,2.0808,0.47824
2021-12-16 08:00,8347381.9,31644796,1.8591,0.94475,2.0913,0.73745
2021-12-16 08:05,8374744.8,31801888,1.8769,0.94524,2.1112,1.1376
2021-12-16 08:10,8380862.7,31833040,1.8568,0.94312,2.0857,1.0105
2021-12-16 08:15,8376113,31706292,1.8699,0.94397,2.0931,0.67087
2021-12-16 08:20,8374722.3,31808459,1.8931,0.94412,2.1211,1.2321
2021-12-16 08:25,8351937.3,31797397,1.8996,0.94571,2.1323,1.5823
2021-12-16 08:30,8357292.2,31749353,1.9059,0.94559,2.1381,0.54094
2021-12-16 08:35,8360800.7,31840878,1.8854,0.94587,2.1205,2.0578
2021-12-16 08:40,8358795.1,31755063,1.9065,0.94747,2.1472,0.38069
2021-12-16 08:45,8363449.8,31873107,1.8842,0.94664,2.1223,1.4168
2021-12-16 08:50,8359597,31711243,1.897,0.94769,2.1399,0.95789
2021-12-16 08:55,8367340.5,31653649,1.9027,0.94752,2.15,0.4431
2021-12-16 09:00,8365154.6,31720666,1.9035,0.94755,2.1467,1.0618
2021-12-16 09:05,8362716.1,31711419,1.9091,0.94759,2.1507,1.2145
2021-12-16 09:10,8357877.1,31709786,1.9227,0.94752,2.1626,1.4678
2021-12-16 09:15,8340798.8,31548165,1.9264,0.94619,2.1609,0.54147
2021-12-16 09:20,8312868.7,31625381,1.9229,0.94638,2.1567,2.0789
2021-12-16 09:25,8299951.5,31575494,1.9358,0.9462,2.1694,0.91648
2021-12-16 09:30,8306999.5,31741045,1.943,0.9457,2.1819,1.5548
2021-12-16 09:35,8297495.8,31685950,1.9458,0.94575,2.1864,0.70808
2021-12-16 09:40,8295007.6,31599147,1.9429,0.94593,2.1831,0.8374
2021-12-16 09:45,8298896.3,31597248,1.9483,0.94585,2.1953,0.82684
2021-12-16 09:50,8303071.6,31557374,1.9767,0.94546,2.2249,0.94381
2021-12-16 09:55,8290441.2,31518001,1.9719,0.94524,2.2234,1.4369
2021-12-16 10:00,8283685.8,31511141,1.9689,0.94518,2.2151,1.0246
2021-12-16 10:05,8271045.7,31554039,1.9635,0.9446,2.2149,0.94915
2021-12-16 10:10,8272949.1,31738937,1.9325,0.94397,2.1942,1.2873
2021-12-16 10:15,8269572.4,31743471,1.9407,0.94291,2.1989,1.0592
2021-12-16 10:20,8268885.7,31695379,1.9178,0.94271,2.1838,1.0032
2021-12-16 10:25,8260630.6,31514306,1.9512,0.94165,2.216,0.6629
2021-12-16 10:30,8249804.9,31485790,1.9311,0.94117,2.1986,0.9653
2021-12-16 10:35,8245827,31423904,1.9421,0.94211,2.2056,0.76924
2021-12-16 10:40,8246018.8,31433824,1.9493,0.94199,2.2075,1.1574
2021-12-16 10:45,8233550.1,31402760,1.9645,0.94196,2.2186,0.71102
2021-12-16 10:50,8223079,31419143,1.962,0.94307,2.2258,1.237
2021-12-16 10:55,8212565.6,31372001,1.9475,0.94322,2.2126,1.1828
2021-12-16 11:00,8185204.9,31357520,1.9402,0.94252,2.206,1.9434
2021-12-16 11:05,8176284.4,31315169,1.9585,0.94234,2.2198,1.2952
2021-12-16 11:10,8162348.3,31076664,1.9836,0.9448,2.2379,0.51231
2021-12-16 11:15,8155129,31062886,1.9418,0.94401,2.1775,1.1546
2021-12-16 11:20,8156042.5,30998185,1.9357,0.94404,2.1761,0.76663
2021-12-16 11:25,8153268.1,31084073,1.9429,0.94297,2.1857,2.7205
2021-12-16 11:30,8154024,31113721,1.9675,0.94441,2.2097,0.56026
2021-12-16 11:35,8148009.3,31068359,1.9985,0.94741,2.2423,0.7316
2021-12-16 11:40,8137450,31093196,2.007,0.94655,2.2475,3.3305
2021-12-16 11:45,8167832.1,31397147,2.0318,0.94874,2.2724,1.6566
2021-12-16 11:50,8199924.6,31559532,2.0091,0.95038,2.2646,1.1799
2021-12-16 11:55,8193929.3,31587597,1.99,0.95183,2.2511,0.91095
2021-12-16 12:00,8224745.8,31879115,1.957,0.95352,2.2298,1.2296
2021-12-16 12:05,8172484.5,31476834,1.9639,0.94973,2.2224,0.47319
2021-12-16 12:10,8159831.2,31302089,1.9831,0.9497,2.2271,0.57395
2021-12-16 12:15,8158548,31312507,1.9801,0.9499,2.2275,1.6209
2021-12-16 12:20,8160772.2,31381128,1.9856,0.95024,2.2334,0.53636
2021-12-16 12:25,8172262.9,31422351,1.9886,0.95064,2.2362,1.4538
2021-12-16 12:30,8176423.3,31471053,1.9729,0.94916,2.2191,1.6967
2021-12-16 12:35,8236823.5,32092123,2.2557,0.95182,2.4803,1.188
2021-12-16 12:40,8205060.4,31860250,2.2757,0.95005,2.5103,0.97511
2021-12-16 12:45,8170476.9,31505359,2.3047,0.95105,2.5407,0.68957
2021-12-16 12:50,8144087,31212817,2.3238,0.95072,2.5388,0.47506
2021-12-16 12:55,8152919.2,31282751,2.3212,0.95014,2.5229,1.2576
2021-12-16 13:00,8191742.8,31710236,2.3159,0.95132,2.5278,1.1695
2021-12-16 13:05,8247573,32009216,2.2655,0.95249,2.4783,1.3396
2021-12-16 13:10,8277749.2,31988892,2.2654,0.95451,2.4585,0.9642
2021-12-16 13:15,8263451.7,31946718,2.2557,0.95373,2.4463,0.78098
2021-12-16 13:20,8266953.2,31984842,2.2644,0.95355,2.4516,1.1171
2021-12-16 13:25,8267483.2,32182565,2.2523,0.95334,2.438,1.3417
2021-12-16 13:30,8283675.7,32206931,2.2304,0.95176,2.4282,1.364
2021-12-16 13:35,8284120.2,32076113,2.2502,0.95281,2.4467,0.62865
2021-12-16 13:40,8275426.6,31897139,2.2805,0.95295,2.4653,0.58321
2021-12-16 13:45,8259425.8,31961251,2.2488,0.95151,2.443,1.2329
2021-12-16 13:50,8265068.7,31870105,2.2791,0.95136,2.4688,1.3324
2021-12-16 13:55,8248639.8,32066965,2.2457,0.95089,2.439,1.4045
2021-12-16 14:00,8252647.4,32194426,2.2207,0.95064,2.4147,1.4705
2021-12-16 14:05,8237879.7,31921784,2.254,0.94908,2.4364,0.51849
2021-12-16 14:10,8238913.9,32057614,2.2278,0.94728,2.4202,1.1851
2021-12-16 14:15,8323547.9,32716034,2.1639,0.9472,2.3699,2.0447
2021-12-16 14:20,8374738.7,32988096,2.1298,0.94798,2.3367,0.91108
2021-12-16 14:25,8332406.7,32777576,2.1295,0.94738,2.3339,1.0233
2021-12-16 14:30,8341300,32947160,2.0985,0.94698,2.2869,0.93826
2021-12-16 14:35,8407133.5,33142646,2.0913,0.94436,2.2708,1.7069
2021-12-16 14:40,8416914.8,33141813,2.0835,0.94381,2.256,0.9289
2021-12-16 14:45,8413770.3,33209151,2.0682,0.94435,2.2423,0.95848
2021-12-16 14:50,8424471.6,33446769,2.0237,0.94228,2.2172,1.4912
2021-12-16 14:55,8467102.2,33912069,1.9621,0.94143,2.1511,1.3267
2021-12-16 15:00,8501235.9,34184601,1.9375,0.93931,2.1031,1.0045
2021-12-16 15:05,8517077.4,33934669,1.9408,0.94405,2.0771,0.76198
2021-12-16 15:10,8503868,33787230,1.957,0.94245,2.0817,0.62189
2021-12-16 15:15,8514410.6,33955521,1.9336,0.94038,2.0674,0.93407
2021-12-16 15:20,8553962.3,34308793,1.8698,0.9407,2.0037,1.3893
2021-12-16 15:25,8569373.3,34320864,1.8624,0.94029,2,0.76986
2021-12-16 15:30,8613862.7,34552562,1.8543,0.94009,1.9871,1.0916
2021-12-16 15:35,8636650.2,35012980,1.7979,0.93659,1.9657,1.4326
2021-12-16 15:40,8744447.3,35355339,1.7928,0.9346,1.9451,1.1176
2021-12-16 15:45,8794525,35706210,1.7803,0.93622,1.9186,1.1162
2021-12-16 15:50,8825279.9,35866383,1.7679,0.93591,1.8895,0.94994
2021-12-16 15:55,8889216.2,36259113,1.7235,0.93732,1.8383,1.1067
2021-12-16 16:00,8917035.6,36171858,1.7457,0.93752,1.8471,1.0223
2021-12-16 16:05,8868030.3,35800238,1.7451,0.93822,1.832,0.71862
2021-12-16 16:10,8858693.4,35775928,1.7287,0.93652,1.8178,0.77806
2021-12-16 16:15,8867807,35834808,1.7225,0.9383,1.7946,0.79749
2021-12-16 16:20,8865606,35743172,1.7139,0.93834,1.7747,0.93695
2021-12-16 16:25,8844356.6,35728508,1.714,0.93916,1.7614,0.97173
2021-12-16 16:30,8859566.8,35750988,1.7032,0.93949,1.7457,0.70518
2021-12-16 16:35,8808233.4,35382674,1.7033,0.93958,1.7296,0.70135
2021-12-16 16:40,8775562.7,35036271,1.7395,0.94408,1.7319,0.63358
2021-12-16 16:45,8775136.7,35113125,1.7435,0.9451,1.7392,0.83503
2021-12-16 16:50,8780143.2,35249698,1.7383,0.94743,1.7411,1.2893
2021-12-16 16:55,8762620.3,34983412,1.7596,0.94878,1.7595,0.58502
2021-12-16 17:00,8769085.8,35060195,1.7573,0.95095,1.7522,0.73643
2021-12-16 17:05,8771490.7,35068420,1.744,0.95162,1.7377,0.91109
2021-12-16 17:10,8753888.1,34744182,1.7616,0.95447,1.7364,0.67251
2021-12-16 17:15,8749653.4,34708374,1.7743,0.95493,1.7398,0.58201
2021-12-16 17:20,8781368.8,34841949,1.7964,0.95565,1.762,0.64145
2021-12-16 17:25,8780642.7,34634010,1.8011,0.95826,1.7615,0.76423
2021-12-16 17:30,8832995.4,34600548,1.8501,0.96161,1.7895,0.46831
2021-12-16 17:35,8765749.3,34433306,1.8431,0.96019,1.7981,1.0518
2021-12-16 17:40,8808387.6,34944713,1.8421,0.96213,1.828,1.8749
2021-12-16 17:45,8796877.7,34869335,1.8579,0.96131,1.8503,1.3442
2021-12-16 17:50,8753397.8,34804878,1.8589,0.96308,1.8524,1.2581
2021-12-16 17:55,8748244.2,35129360,1.8331,0.96228,1.8589,1.5114
2021-12-16 18:00,8765429,35000358,1.8657,0.96489,1.8812,0.68784
2021-12-16 18:05,8797937.7,35174155,1.8449,0.964,1.8749,1.8687
2021-12-16 18:10,8792208.3,35200978,1.8598,0.96489,1.8936,1.1413
2021-12-16 18:15,8794637.2,35029040,1.8563,0.96511,1.8804,0.81329
2021-12-16 18:20,8796174.3,35098948,1.8422,0.96599,1.8549,1.1364
2021-12-16 18:25,8782806,34903099,1.8673,0.96524,1.8718,0.40902
2021-12-16 18:30,8787449.6,34710478,1.8885,0.96605,1.8872,0.63243
2021-12-16 18:35,8787593.5,34622216,1.9019,0.96594,1.8942,0.84259
2021-12-16 18:40,8673914,33888982,1.9617,0.9627,1.9538,0.49646
2021-12-16 18:45,8683751.1,33849262,1.9518,0.96335,1.9521,0.83405
2021-12-16 18:50,8695180.2,33932535,1.9519,0.96354,1.9726,0.99518
2021-12-16 18:55,8697166.1,34049405,1.9433,0.9644,1.9647,1.2171
2021-12-16 19:00,8705691.3,34343952,1.9144,0.9641,1.9448,1.2147
2021-12-16 19:05,8713281.9,34234485,1.9299,0.96569,1.946,0.97355
2021-12-16 19:10,8796868.8,34562898,1.9058,0.9689,1.9398,1.7864
2021-12-16 19:15,8718776,33894022,1.9529,0.96689,1.9623,0.60673
2021-12-16 19:20,8698903.6,33748544,1.9441,0.9671,1.951,1.3521
2021-12-16 19:25,8661566.7,33502940,2.022,0.96727,2.0017,0.88136
2021-12-16 19:30,8560351.8,33077352,2.1397,0.96531,2.0915,0.58691
2021-12-16 19:35,8564641.6,33166988,2.1371,0.96549,2.0991,1.4111
2021-12-16 19:40,8563646.5,33238872,2.1418,0.96516,2.1039,1.0335
2021-12-16 19:45,8557991.9,33256357,2.1241,0.96328,2.091,2.0754
2021-12-16 19:50,8510159.6,32688371,2.1081,0.9648,2.0612,0.41894
2021-12-16 19:55,8529057.2,32830250,2.0878,0.96518,2.0485,1.1558
2021-12-16 20:00,8548424.3,33020970,2.0798,0.96572,2.0397,0.56821
2021-12-16 20:05,8550671.7,33052946,2.0872,0.96562,2.0456,1.2538
2021-12-16 20:10,8548166.2,33253520,2.1178,0.96471,2.0753,1.5124
2021-12-16 20:15,8539780.9,33142890,2.1174,0.96511,2.0732,0.30376
2021-12-16 20:20,8542459.8,33318564,2.1141,0.96512,2.0837,1.013
2021-12-16 20:25,8514968.7,33525739,2.1202,0.96355,2.1033,2.2419
2021-12-16 20:30,8523618.1,33793827,2.1242,0.96409,2.107,1.1291
2021-12-16 20:35,8509346.7,33654583,2.1422,0.96329,2.1163,0.85598
2021-12-16 20:40,8513882.8,33605878,2.1504,0.96267,2.1195,0.72638
2021-12-16 20:45,8525685,33663684,2.1355,0.9621,2.1123,1.3325
2021-12-16 20:50,8529300.2,33980732,2.0883,0.96158,2.0863,1.2086
2021-12-16 20:55,8532726.8,34075009,2.0022,0.96156,2.0359,1.1825
2021-12-16 21:00,8537426.3,34038719,1.9955,0.96165,2.0278,0.7018
2021-12-16 21:05,8588753.5,34529154,1.9102,0.9615,1.9501,1.8147
2021-12-16 21:10,8599553.2,34568316,1.908,0.95953,1.9529,0.86347
2021-12-16 21:15,8592238,34518333,1.9114,0.95678,1.9481,1.3365
2021-12-16 21:20,8606692.6,34435377,1.9246,0.95605,1.9528,0.64239
2021-12-16 21:25,8615470.5,34573883,1.908,0.95477,1.9441,1.1572
2021-12-16 21:30,8619023.7,34515312,1.9133,0.95445,1.9499,0.75831
2021-12-16 21:35,8609692,34378500,1.9297,0.95497,1.9569,0.50545
2021-12-16 21:40,8604139.5,34227267,1.9341,0.9531,1.9616,0.68332
2021-12-16 21:45,8582492.9,34098244,1.9219,0.95381,1.9422,0.89937
2021-12-16 21:50,8553485,33794819,1.9206,0.95258,1.9408,0.8003
2021-12-16 21:55,8560832.9,33763925,1.9471,0.95048,1.9687,0.67243
2021-12-16 22:00,8556274.4,33640806,1.9654,0.94982,1.9908,0.68385
2021-12-16 22:05,8508305.1,33216423,1.9667,0.94893,1.9859,0.81927
2021-12-16 22:10,8512482.5,32770003,2.0181,0.94758,2.0319,0.72073
2021-12-16 22:15,8484285.9,32992943,2.0054,0.94573,2.052,1.6892
2021-12-16 22:20,8502088,33268670,1.991,0.94649,2.0419,1.5854
2021-12-16 22:25,8514417.7,33566048,1.9638,0.94611,2.0281,1.2433
2021-12-16 22:30,8538202.3,33764721,1.9874,0.94796,2.0383,0.51178
2021-12-16 22:35,8556057.3,33568474,1.991,0.94852,2.0186,0.59191
2021-12-16 22:40,8558541.1,33849030,1.956,0.94796,1.9931,2.4134
2021-12-16 22:45,8591271.1,34147860,1.9486,0.94786,1.9941,0.84665
2021-12-16 22:50,8585789.4,34309415,1.9262,0.94851,1.9726,1.174
2021-12-16 22:55,8615046.2,34328968,1.9251,0.94937,1.9579,0.76168
2021-12-16 23:00,8618175.7,34122560,1.9488,0.94804,1.9798,0.81149
2021-12-16 23:05,8610919.3,33714305,1.9811,0.94833,1.9997,0.57382
2021-12-16 23:10,8576451.1,33345242,2.0306,0.94611,2.0468,0.81209
2021-12-16 23:15,8581305.3,33312627,2.0311,0.94189,2.0624,0.76857
2021-12-16 23:20,8559808.2,33444259,2.0311,0.94062,2.0933,1.2192
2021-12-16 23:25,8579006,33535334,2.0293,0.93972,2.0899,1.0007
2021-12-16 23:30,8574983.7,33622511,2.0159,0.93962,2.0815,1.6926
2021-12-16 23:35,8568840.5,33230208,2.021,0.94177,2.0678,0.78011
2021-12-16 23:40,8559080.9,33089407,2.0507,0.94286,2.0981,0.68358
2021-12-16 23:45,8551489.4,32850231,2.005,0.94271,2.0562,0.64735
2021-12-16 23:50,8544240.8,32876587,2.0265,0.94154,2.0756,1.1202
2021-12-16 23:55,8502650.3,32565252,2.1541,0.94276,2.1841,0.62285
2021-12-17 00:00,8542087.4,32630774,2.1857,0.9425,2.2056,0.58768
2021-12-17 00:05,8537724.9,32878779,2.2522,0.94041,2.2742,1.1488
2021-12-17 00:10,8540052.6,33027732,2.1926,0.9041,2.2609,1.1243
2021-12-17 00:15,8515681,33555412,2.1494,0.90764,2.2329,1.3763
2021-12-17 00:20,8537009.2,33900464,2.0901,0.91223,2.1813,1.0119
2021-12-17 00:25,8525028.6,33358437,2.1123,0.9148,2.1755,0.66952
2021-12-17 00:30,8533994.7,33841903,2.0552,0.91553,2.1363,1.3457
2021-12-17 00:35,8565599.4,33816986,2.0443,0.9148,2.1279,1.2963
2021-12-17 00:40,8550292.7,33970313,2.0489,0.9137,2.1292,1.4894
2021-12-17 00:45,8569602.8,34232201,2.0112,0.91563,2.1031,1.0798
2021-12-17 00:50,8579478.1,34146323,2.0126,0.91543,2.0915,0.87144
2021-12-17 00:55,8625971.3,34783802,1.888,0.91736,1.9986,2.4076
2021-12-17 01:00,8606919.8,34599818,1.8869,0.92116,1.9875,1.2913
2021-12-17 01:05,8654278.1,35318109,1.8338,0.92336,1.9433,1.6259
2021-12-17 01:10,8668507.4,35206851,1.8485,0.92225,1.9422,0.94757
2021-12-17 01:15,8689893.5,35367867,1.8473,0.92309,1.9435,0.75477
2021-12-17 01:20,8721924,35489509,1.8438,0.92243,1.9387,1.5028
2021-12-17 01:25,8717789.6,35359355,1.8557,0.92166,1.939,0.65525
2021-12-17 01:30,8689323.5,35239074,1.8553,0.9223,1.9259,0.96939
2021-12-17 01:35,8672932.9,35014804,1.8617,0.92295,1.9226,0.6871
2021-12-17 01:40,8658783.4,34748399,1.8731,0.9229,1.9221,0.43987
2021-12-17 01:45,8651117.2,34656376,1.855,0.92094,1.9096,1.2317
2021-12-17 01:50,8633561.7,34693046,1.82,0.91944,1.885,1.2116
2021-12-17 01:55,8620140.9,34584400,1.8195,0.91913,1.8978,1.1753
2021-12-17 02:00,8582932.7,34342387,1.847,0.91589,1.9127,1.1759
2021-12-17 02:05,8563689.3,34073117,1.8627,0.91483,1.9222,0.55951
2021-12-17 02:10,8522958.1,33750914,1.8735,0.91426,1.935,1.2649
2021-12-17 02:15,8507862.9,33495456,1.8906,0.91545,1.9468,0.72246
2021-12-17 02:20,8478665.8,33372029,1.9217,0.9156,1.9869,0.71629
2021-12-17 02:25,8465841.7,33490870,1.9207,0.91388,1.9993,1.6303
2021-12-17 02:30,8466484.2,33486715,1.9449,0.91237,2.0323,1.2297
2021-12-17 02:35,8458872.9,33280937,1.9314,0.9115,2.0242,0.70395
2021-12-17 02:40,8455251.3,33432064,1.9348,0.91055,2.0291,1.2499
2021-12-17 02:45,8451802.5,33489094,1.9368,0.91078,2.0366,1.1984
2021-12-17 02:50,8452278,33490245,1.9393,0.91056,2.048,0.77501
2021-12-17 02:55,8457063.3,33591455,1.9494,0.91036,2.0622,1.566
2021-12-17 03:00,8464251.4,33797756,1.9237,0.91181,2.0467,1.2752
2021-12-17 03:05,8439902.9,33414779,1.9576,0.9097,2.0679,0.40169
2021-12-17 03:10,8434064,33398893,1.9584,0.90906,2.0594,0.71055
2021-12-17 03:15,8437214,33208874,1.9734,0.90798,2.0707,0.62598
2021-12-17 03:20,8426247.1,33207840,1.9734,0.90794,2.0748,0.85582
2021-12-17 03:25,8482987.7,33499318,1.9537,0.90997,2.0583,0.32065
2021-12-17 03:30,8487226,33629540,1.967,0.90954,2.073,0.61221
2021-12-17 03:35,8494593.6,33672569,1.9482,0.90987,2.0609,1.4132
2021-12-17 03:40,8483227,33870185,1.9474,0.90892,2.0572,1.9521
2021-12-17 03:45,8480542.1,33990013,1.9155,0.9104,2.0325,0.92139
2021-12-17 03:50,8502944.1,33884811,1.9499,0.90985,2.0609,0.52538
2021-12-17 03:55,8517425,33763073,1.9752,0.91103,2.0854,0.80344
2021-12-17 04:00,8525291,33896557,1.9502,0.91112,2.0642,0.99722
2021-12-17 04:05,8529381.6,34004566,1.9405,0.91011,2.0573,0.78633
2021-12-17 04:10,8533281.1,34061151,1.946,0.90998,2.0641,1.15
2021-12-17 04:15,8542683.6,33973107,1.949,0.91075,2.0623,0.96613
2021-12-17 04:20,8510066.7,33711674,1.9773,0.9126,2.0895,0.70005
2021-12-17 04:25,8506544.2,33695934,1.9661,0.91295,2.0791,1.3693
2021-12-17 04:30,8508942.4,33516724,2.0009,0.91258,2.102,0.64796
2021-12-17 04:35,8514485.1,33495984,1.9965,0.91248,2.1019,0.6822
2021-12-17 04:40,8502498.6,33711990,1.9729,0.91276,2.0907,2.0736
2021-12-17 04:45,8532460.8,33928302,1.9493,0.91167,2.0682,1.4461
2021-12-17 04:50,8522941.8,33665620,1.986,0.91295,2.0939,0.47945
2021-12-17 04:55,8524677.1,33629851,1.9773,0.91251,2.0876,0.86034
2021-12-17 05:00,8514268.9,33197134,2.0781,0.91146,2.1801,0.62728
2021-12-17 05:05,8539686.3,32797755,2.2869,0.90972,2.3761,0.5278
2021-12-17 05:10,8688682.1,33025681,2.495,0.90941,2.5586,0.66216
2021-12-17 05:15,8734208.2,33171328,2.4468,0.90718,2.5331,1.2934
2021-12-17 05:20,8743304.4,33300610,2.4823,0.90481,2.5913,1.3184
2021-12-17 05:25,8760448.5,33379552,2.4599,0.90281,2.5837,1.6488
2021-12-17 05:30,8746099.4,33471322,2.4751,0.90008,2.6094,1.566
2021-12-17 05:35,8733938,33233737,2.4814,0.89951,2.6076,0.46243
2021-12-17 05:40,8739479.6,33253720,2.4802,0.90004,2.6069,0.70281
2021-12-17 05:45,8738208.5,33248883,2.4872,0.90027,2.6181,1.3961
2021-12-17 05:50,8728461.5,33194653,2.4851,0.90105,2.6216,1.2158
2021-12-17 05:55,8733462,33318158,2.4577,0.90116,2.5996,3.0537
2021-12-17 06:00,8733035.1,33307796,2.4709,0.90302,2.6211,1.2382
2021-12-17 06:05,8733418,33391458,2.4812,0.90375,2.6314,1.6087
2021-12-17 06:10,8732668.2,33367525,2.4765,0.90425,2.6282,1.0502
2021-12-17 06:15,8701917.9,33145605,2.4917,0.9044,2.637,0.5071
2021-12-17 06:20,8680246.6,33080420,2.4945,0.90349,2.6391,1.1893
2021-12-17 06:25,8665200.6,33075071,2.4932,0.90355,2.6449,2.1405
2021-12-17 06:30,8650434.4,33061960,2.5309,0.90385,2.679,1.1124
2021-12-17 06:35,8618561.9,33138371,2.6668,0.90411,2.8233,1.7791
2021-12-17 06:40,8605430.1,33001824,2.659,0.902,2.8174,0.95894
2021-12-17 06:45,8583915.2,32843558,2.6961,0.90349,2.8504,0.47211
2021-12-17 06:50,8562101.4,32650351,2.684,0.90252,2.8281,0.71097
2021-12-17 06:55,8549509.9,32584487,2.6663,0.90173,2.816,1.411
2021-12-17 07:00,8504782.6,32411726,2.662,0.90138,2.8058,1.257
2021-12-17 07:05,8432464.4,31731364,2.6904,0.89958,2.7984,0.6002
2021-12-17 07:10,8394032.6,31494410,2.7511,0.89957,2.8232,0.76524
2021-12-17 07:15,8373722.2,31460074,2.7759,0.89997,2.8414,0.78642
2021-12-17 07:20,8361450,31347076,2.8505,0.89941,2.885,0.7491
2021-12-17 07:25,8375209.5,31506924,2.8632,0.90097,2.9099,0.95668
2021-12-17 07:30,8392452.8,31522053,2.856,0.90182,2.91,0.86199
2021-12-17 07:35,8397978,31534407,2.8847,0.90076,2.9332,0.72011
2021-12-17 07:40,8394378.6,31327821,2.883,0.90289,2.9309,0.69178
2021-12-17 07:45,8429673,31330154,2.8935,0.90523,2.9277,0.61311
2021-12-17 07:50,8427462.9,31358589,2.9781,0.9065,3.0173,0.9526
2021-12-17 07:55,8408140.1,31227832,2.9964,0.90893,3.0415,1.1105
2021-12-17 08:00,8404923.6,31266082,3.0512,0.90842,3.0912,1.3345
2021-12-17 08:05,8393680.9,31183023,3.0173,0.90913,3.07,0.88681
2021-12-17 08:10,8361851.7,31239878,3.0469,0.90854,3.1175,1.9669
2021-12-17 08:15,8361100,31123467,3.0432,0.90691,3.1188,1.0664
2021-12-17 08:20,8340649.3,31013666,3.042,0.90756,3.1058,1.838
2021-12-17 08:25,8299279.3,31064202,3.0317,0.9056,3.1078,2.0452
2021-12-17 08:30,8289987.1,30934955,3.0275,0.90484,3.1067,1.0728
2021-12-17 08:35,8327953.9,31289749,3.0579,0.90555,3.1427,2.2736
2021-12-17 08:40,8354483.7,31471340,3.0414,0.90335,3.1409,1.1611
2021-12-17 08:45,8370705.4,31585821,3.0408,0.90438,3.1512,1.657
2021-12-17 08:50,8359272.3,31514457,3.0566,0.90358,3.1588,0.78295
2021-12-17 08:55,8329774.7,31636579,3.102,0.90167,3.2358,1.6545
2021-12-17 09:00,8320422.5,31442877,3.0981,0.90036,3.2258,0.60742
2021-12-17 09:05,8299827.4,31232251,3.1259,0.8993,3.2269,0.91138
2021-12-17 09:10,8301941.1,31223600,3.1278,0.89988,3.2148,0.91495
2021-12-17 09:15,8292298.6,31005340,3.1377,0.89919,3.2192,0.58581
2021-12-17 09:20,8287367.5,31122199,3.1295,0.89965,3.2223,1.7478
2021-12-17 09:25,8289202.5,31280377,3.1673,0.90026,3.2703,1.1695
2021-12-17 09:30,8283718.7,31222428,3.1732,0.89975,3.2821,1.3494
2021-12-17 09:35,8279473.6,31221895,3.1805,0.89884,3.2891,0.67285
2021-12-17 09:40,8280729.9,31220576,3.1777,0.89935,3.285,0.938
2021-12-17 09:45,8280126,31255983,3.1321,0.89902,3.2582,1.272
2021-12-17 09:50,8274289.2,31293362,3.1464,0.8988,3.2812,0.69516
2021-12-17 09:55,8295395.7,31452074,3.1932,0.89642,3.3363,2.5887
2021-12-17 10:00,8274988.6,31304282,3.163,0.89708,3.3157,0.84243
2021-12-17 10:05,8285633.4,31129125,3.2229,0.8969,3.3431,0.27137
2021-12-17 10:10,8288583.1,31077193,3.2226,0.89719,3.3494,0.7884
2021-12-17 10:15,8281952.5,31115128,3.1922,0.89595,3.3304,0.82766
2021-12-17 10:20,8278587.3,31113099,3.1613,0.89503,3.3047,1.258
2021-12-17 10:25,8266043.1,31017630,3.1359,0.89604,3.2849,0.9233
2021-12-17 10:30,8276988.9,30997323,3.1143,0.89461,3.2419,0.8708
2021-12-17 10:35,8280119.2,31300998,3.0786,0.89363,3.2046,0.81414
2021-12-17 10:40,8281064.3,31755967,2.9778,0.89421,3.128,1.2435
2021-12-17 10:45,8289240.8,31882632,2.8261,0.89198,2.9569,0.74652
2021-12-17 10:50,8456136.5,32653915,2.6862,0.89292,2.8458,1.4721
2021-12-17 10:55,8472627.6,32873145,2.5918,0.89456,2.7625,0.85997
2021-12-17 11:00,8524223.3,33537068,2.2634,0.89223,2.4485,1.0081
2021-12-17 11:05,8702305.6,34829006,1.9658,0.90279,2.1491,1.1928
2021-12-17 11:10,8906151.8,36181817,1.7363,0.90448,1.8679,1.1626
2021-12-17 11:15,9120812.8,37267641,1.6434,0.90592,1.724,1.0352
2021-12-17 11:20,9287111.5,37859516,1.5207,0.9108,1.5286,0.80131
2021-12-17 11:25,9456379.7,38742788,1.4782,0.91632,1.4511,1.1477
2021-12-17 11:30,9605421,39305383,1.4415,0.91839,1.3988,0.87585
2021-12-17 11:35,9713415.9,39931853,1.3839,0.92123,1.3255,1.1626
2021-12-17 11:40,9784121.9,40007274,1.3816,0.92852,1.3149,0.9782
2021-12-17 11:45,9788524.6,40095181,1.3702,0.93097,1.2749,1.0078
2021-12-17 11:50,9763286.9,39648708,1.3622,0.92827,1.2495,0.89306
2021-12-17 11:55,9738844.4,39627358,1.3609,0.92495,1.2478,1.1747
2021-12-17 12:00,9852898.9,40327915,1.3301,0.92899,1.227,0.82999
2021-12-17 12:05,9977708.5,41101655,1.3052,0.93093,1.2386,1.3775
2021-12-17 12:10,10056378,41330498,1.3146,0.92754,1.2439,0.87761
2021-12-17 12:15,10093465,41312552,1.3121,0.92755,1.2261,0.9398
2021-12-17 12:20,10206514,42046873,1.3107,0.92966,1.2535,1.3175
2021-12-17 12:25,10255985,42316193,1.3137,0.92734,1.2539,1.0848
2021-12-17 12:30,10253486,41885492,1.3174,0.93021,1.2587,0.73509
2021-12-17 12:35,10199936,41625940,1.3171,0.93228,1.252,1.1865
2021-12-17 12:40,10200221,41537117,1.3159,0.93549,1.2511,1.0065
2021-12-17 12:45,10238407,42006712,1.3093,0.93435,1.2431,1.438
2021-12-17 12:50,10298268,42307197,1.2929,0.93737,1.2337,1.1941
2021-12-17 12:55,10307377,42373795,1.2864,0.93337,1.2368,0.74978
2021-12-17 13:00,10380460,42518365,1.2802,0.93267,1.2275,0.87057
2021-12-17 13:05,10408145,42725434,1.2806,0.93492,1.2309,0.90147
2021-12-17 13:10,10395869,42519104,1.3089,0.93618,1.2515,0.86699
2021-12-17 13:15,10371236,42283530,1.3123,0.93975,1.2484,0.63351
2021-12-17 13:20,10357711,42300893,1.2757,0.93964,1.2301,0.7997
2021-12-17 13:25,10365420,42221158,1.2809,0.94138,1.2351,0.88093
2021-12-17 13:30,10351315,42088448,1.2925,0.94306,1.2364,0.70006
2021-12-17 13:35,10235746,41257585,1.3618,0.94632,1.2693,0.53881
2021-12-17 13:40,10271415,41591110,1.3396,0.94407,1.2457,1.4862
2021-12-17 13:45,10220650,41117673,1.3554,0.94565,1.2598,1.0123
2021-12-17 13:50,10218691,41181324,1.3629,0.94488,1.2627,1.3255
2021-12-17 13:55,10136314,40301982,1.4797,0.95084,1.3396,0.70506
2021-12-17 14:00,10108699,40174250,1.4959,0.95098,1.3721,1.4612
2021-12-17 14:05,9973692.9,39137350,1.6653,0.95023,1.5038,0.58663
2021-12-17 14:10,9986644.1,39027805,1.7059,0.94953,1.5265,0.89493
2021-12-17 14:15,9953209.2,38778360,1.7999,0.94685,1.598,0.92269
2021-12-17 14:20,9882611.8,38557607,1.856,0.94525,1.6782,1.4962
2021-12-17 14:25,9856074.2,38330273,1.9032,0.94424,1.7166,0.88149
2021-12-17 14:30,9817450.5,37890281,1.9708,0.94222,1.7583,0.86349
2021-12-17 14:35,9766740.2,37504282,2.01,0.9433,1.7772,0.9806
2021-12-17 14:40,9758338.9,37198788,2.1936,0.93631,1.9209,0.86608
2021-12-17 14:45,9708208.7,37163023,2.3328,0.93472,2.0298,0.90466
2021-12-17 14:50,9673318.2,37222928,2.3957,0.93392,2.1279,1.1674
2021-12-17 14:55,9483130.3,36453153,2.4901,0.92733,2.2976,0.67243
2021-12-17 15:00,9383002.5,36266424,2.4856,0.92343,2.3086,1.3883
2021-12-17 15:05,9289625.4,35969430,2.5368,0.92193,2.3516,1.0534
2021-12-17 15:10,9148799.1,36019587,2.4968,0.91507,2.4136,1.9103
2021-12-17 15:15,9109081,35561852,2.5085,0.91982,2.4543,0.86702
2021-12-17 15:20,9157907.8,35679209,2.5693,0.91891,2.4867,0.85504
2021-12-17 15:25,9188824.8,35840185,2.5861,0.91754,2.5024,1.129
2021-12-17 15:30,9173613,36160569,2.5477,0.91944,2.4998,1.1009
2021-12-17 15:35,9192766.5,37090385,2.0804,0.91979,2.1979,1.6671
2021-12-17 15:40,9191345.8,37875719,1.9262,0.91705,2.0402,1.1888
2021-12-17 15:45,9279961.5,38939206,1.7777,0.92065,1.8885,1.3728
2021-12-17 15:50,9422110.6,39711325,1.7256,0.92243,1.7773,1.0492
2021-12-17 15:55,9525479.3,40682857,1.6922,0.91609,1.793,1.3737
2021-12-17 16:00,9665580.9,41716647,1.6128,0.91957,1.7286,1.2352
2021-12-17 16:05,9582030.5,40845693,1.6523,0.92489,1.7157,0.81846
2021-12-17 16:10,9596276.1,40776898,1.6109,0.91727,1.6496,0.90646
2021-12-17 16:15,9606943.1,41136930,1.5944,0.91312,1.6414,1.3807
2021-12-17 16:20,9596472.5,41183165,1.6137,0.9105,1.6319,1.0254
2021-12-17 16:25,9584739.1,40900360,1.6146,0.9128,1.6138,0.77646
2021-12-17 16:30,9570669.7,41439892,1.5694,0.90947,1.5804,1.3164
2021-12-17 16:35,9567037.8,41109561,1.5869,0.91363,1.5956,1.0491
2021-12-17 16:40,9594260,41159375,1.5905,0.915,1.5737,0.69702
2021-12-17 16:45,9645754.2,40994455,1.5962,0.91641,1.5675,0.5847
2021-12-17 16:50,9701135.7,41145716,1.5815,0.91588,1.5403,0.68244
2021-12-17 16:55,9664516.6,41442451,1.5532,0.91603,1.5298,1.4806
2021-12-17 17:00,9652324.2,41321893,1.5727,0.91403,1.5452,0.63522
2021-12-17 17:05,9651228,41146824,1.5723,0.91183,1.5415,0.69007
2021-12-17 17:10,9663620,41053999,1.5529,0.91342,1.5168,0.64788
2021-12-17 17:15,9653383.6,41200641,1.5385,0.9131,1.5008,1.502
2021-12-17 17:20,9681862.5,41370598,1.5222,0.91373,1.4789,1.2149
2021-12-17 17:25,9735412.5,41482593,1.5252,0.91347,1.4836,1.1346
2021-12-17 17:30,9705388.5,41459521,1.4922,0.91301,1.4462,0.94937
2021-12-17 17:35,9699981.4,41418921,1.4966,0.9163,1.45,0.94519
2021-12-17 17:40,9745037.8,41741261,1.4894,0.91216,1.4362,1.4965
2021-12-17 17:45,9748993.6,41520964,1.5037,0.91342,1.4556,1.0814
2021-12-17 17:50,9776833.6,41590650,1.4738,0.91314,1.4198,0.76747
2021-12-17 17:55,9808137.2,41508037,1.4556,0.91688,1.3741,0.6334
2021-12-17 18:00,9812989.1,41499131,1.4655,0.91641,1.352,0.81836
2021-12-17 18:05,9809067.7,41491524,1.4693,0.91872,1.3643,1.1837
2021-12-17 18:10,9816358.6,41415217,1.4684,0.91798,1.3507,0.90208
2021-12-17 18:15,9797656.6,40957925,1.4951,0.92158,1.3551,0.63206
2021-12-17 18:20,9818852.1,41175672,1.4762,0.92097,1.3421,1.2558
2021-12-17 18:25,9799370,40995283,1.4809,0.92086,1.3702,1.6913
2021-12-17 18:30,9799545.6,40939439,1.5002,0.91924,1.3843,1.3677
2021-12-17 18:35,9805947.4,41018278,1.5024,0.91643,1.3844,1.6621
2021-12-17 18:40,9795272.2,40913768,1.5149,0.91575,1.4038,1.0714
2021-12-17 18:45,9803657.3,40937949,1.5311,0.9154,1.4134,0.89509
2021-12-17 18:50,9792208.9,41000219,1.5366,0.91233,1.424,1.1852
2021-12-17 18:55,9774072.1,41119521,1.5638,0.90811,1.493,1.505
2021-12-17 19:00,9752435.1,41293006,1.5686,0.90624,1.5107,1.551
2021-12-17 19:05,9669082.2,41058480,1.5768,0.9017,1.5365,0.98259
2021-12-17 19:10,9694787.3,41127102,1.5963,0.90031,1.5525,1.1687
2021-12-17 19:15,9653565.2,40863541,1.5987,0.90134,1.551,0.86293
2021-12-17 19:20,9630211.8,40793577,1.6135,0.90183,1.5627,0.81352
2021-12-17 19:25,9616250.3,40686355,1.6065,0.90194,1.5556,0.73449
2021-12-17 19:30,9615059.4,40501518,1.6219,0.90208,1.5623,0.4695
2021-12-17 19:35,9623490.8,40312803,1.624,0.90772,1.5494,0.41451
2021-12-17 19:40,9598473.1,40227201,1.6273,0.90606,1.5497,1.0369
2021-12-17 19:45,9573036,40200050,1.6166,0.90539,1.5405,1.0819
2021-12-17 19:50,9586190.3,40242907,1.6269,0.90519,1.5547,0.74123
2021-12-17 19:55,9575767.9,40122468,1.6401,0.90246,1.5672,0.79607
2021-12-17 20:00,9595645.1,40349688,1.6271,0.90397,1.5586,0.72001
2021-12-17 20:05,9614902.3,40506590,1.6192,0.90459,1.5811,1.7543
2021-12-17 20:10,9639360.2,40806911,1.617,0.89993,1.5789,1.9077
2021-12-17 20:15,9633741,40767706,1.6267,0.90136,1.5819,0.72322
2021-12-17 20:20,9627553.7,40580139,1.6162,0.90203,1.5657,1.0819
2021-12-17 20:25,9648501.4,41069719,1.5916,0.90416,1.5394,1.3131
2021-12-17 20:30,9577345.2,40676009,1.5843,0.90116,1.5663,1.1233
2021-12-17 20:35,9604322.8,40735645,1.5794,0.90066,1.5616,1.0576
2021-12-17 20:40,9632990.6,41063160,1.5753,0.90098,1.5568,1.314
2021-12-17 20:45,9643285.9,40858602,1.5866,0.901,1.5838,0.83963
2021-12-17 20:50,9637205.3,40495537,1.6012,0.90123,1.5744,0.70631
2021-12-17 20:55,9597525.2,40501556,1.6043,0.90236,1.582,0.9342
2021-12-17 21:00,9595149.8,40603883,1.5957,0.90012,1.5796,1.1847
2021-12-17 21:05,9585683.5,40928065,1.596,0.90375,1.571,1.185
2021-12-17 21:10,9603911.2,40891190,1.5738,0.90288,1.5588,1.2517
2021-12-17 21:15,9597796.1,40993576,1.5725,0.90166,1.5574,1.4141
2021-12-17 21:20,9589885,40941819,1.57,0.90091,1.5646,1.3945
2021-12-17 21:25,9586524.6,40991979,1.5587,0.8992,1.5494,1.339
2021-12-17 21:30,9614431.8,41129743,1.5677,0.89756,1.5598,1.2864
2021-12-17 21:35,9620006.7,41065675,1.5861,0.89617,1.5718,0.77078
2021-12-17 21:40,9602503.7,41555686,1.5268,0.89186,1.5305,1.9153
2021-12-17 21:45,9653494.3,41804532,1.5452,0.89322,1.5336,0.8585
2021-12-17 21:50,9630214.9,42294977,1.5353,0.89372,1.652,1.3594
2021-12-17 21:55,9665490.2,42402036,1.5821,0.89194,1.7111,0.95297
2021-12-17 22:00,9638582.2,41802531,1.602,0.88769,1.6995,0.6953
2021-12-17 22:05,9623361.9,41515183,1.5868,0.88299,1.6905,0.89409
2021-12-17 22:10,9647863.8,41405314,1.6098,0.8851,1.6913,0.73245
2021-12-17 22:15,9646368.3,41051719,1.6577,0.88225,1.7239,0.76498
2021-12-17 22:20,9658217.7,40986480,1.7106,0.88107,1.7584,1.0307
2021-12-17 22:25,9661958,41436537,1.6995,0.88182,1.77,1.3689
2021-12-17 22:30,9675573.5,42059718,1.6398,0.88699,1.7183,1.2456
2021-12-17 22:35,9603291.2,41611061,1.6392,0.88571,1.7014,0.56949
2021-12-17 22:40,9572031.2,41805852,1.5737,0.88585,1.6484,1.2869
2021-12-17 22:45,9607291,41871025,1.591,0.88568,1.6575,0.85671
2021-12-17 22:50,9583770.5,41592226,1.6046,0.88209,1.6614,0.60039
2021-12-17 22:55,9603007.4,41379359,1.6361,0.88252,1.676,0.68106
2021-12-17 23:00,9555086,41077315,1.6458,0.88035,1.6942,1.2791
2021-12-17 23:05,9566215.1,40895570,1.6758,0.88002,1.7198,0.77947
2021-12-17 23:10,9554049.7,40767130,1.6823,0.87991,1.7286,1.3421
2021-12-17 23:15,9554480.2,41055601,1.6601,0.8799,1.7389,1.6785
2021-12-17 23:20,9526707.8,41155378,1.6523,0.88098,1.7365,1.0798
2021-12-17 23:25,9527417.5,40767819,1.6511,0.88206,1.7151,0.77334
2021-12-17 23:30,9521219.9,40884118,1.6459,0.88203,1.7142,1.0854
2021-12-17 23:35,9526983.7,41078731,1.6466,0.88331,1.7154,0.92873
2021-12-17 23:40,9553925.8,41228316,1.6461,0.88334,1.7183,1.4625
2021-12-17 23:45,9539637.5,41144457,1.6466,0.88358,1.7114,0.74904
2021-12-17 23:50,9507491.7,40891722,1.6589,0.88455,1.7229,0.84158
2021-12-17 23:55,9515169.3,40782016,1.6499,0.88553,1.7151,1.2757
2021-12-18 00:00,9521872.3,40716802,1.6602,0.88546,1.7207,0.88365
2021-12-18 00:05,9486968,40652424,1.6669,0.88537,1.7234,1.1773
2021-12-18 00:10,9389992.5,39635158,1.7497,0.92919,1.7531,0.44947
2021-12-18 00:15,9342997.8,39314218,1.8686,0.92841,1.8383,0.92007
2021-12-18 00:20,9343746,39528286,1.8757,0.92914,1.8539,1.3706
2021-12-18 00:25,9341146.6,39400956,1.8617,0.92978,1.8419,0.65211
2021-12-18 00:30,9336315.5,39427260,1.8592,0.93023,1.8403,0.80121
2021-12-18 00:35,9319095.4,39239664,1.8678,0.93136,1.8568,1.1626
2021-12-18 00:40,9298168.4,39349580,1.861,0.93184,1.8488,1.3751
2021-12-18 00:45,9274443.7,39425660,1.8766,0.93195,1.8649,1.4428
2021-12-18 00:50,9270054.8,39385968,1.8882,0.93145,1.8766,1.2022
2021-12-18 00:55,9256379.3,39522455,1.8909,0.93058,1.8852,1.9825
2021-12-18 01:00,9238141.1,39640863,1.8781,0.93086,1.8898,1.7167
2021-12-18 01:05,9213177,39100723,1.9047,0.93143,1.9011,0.5106
2021-12-18 01:10,9216291.6,39072562,1.9044,0.93089,1.895,1.1442
2021-12-18 01:15,9208903.7,38666877,1.9948,0.93233,1.9661,0.89532
2021-12-18 01:20,9234179.5,38626573,2.0044,0.93384,1.9709,0.94174
2021-12-18 01:25,9179432.2,37975311,2.1055,0.93421,2.0298,0.61753
2021-12-18 01:30,9078049.8,37401565,2.1453,0.93553,2.0568,0.90729
2021-12-18 01:35,9032694.3,37113834,2.2149,0.93708,2.1086,0.92313
2021-12-18 01:40,9072655.2,37597083,2.1894,0.9364,2.1165,1.5101
2021-12-18 01:45,9055409.4,37715780,2.2588,0.93596,2.1802,1.0824
2021-12-18 01:50,9036794.5,37452701,2.2555,0.93708,2.1726,0.83147
2021-12-18 01:55,9019087.1,37278861,2.2277,0.93732,2.1436,0.97909
2021-12-18 02:00,9016586.8,37294199,2.2301,0.94164,2.1423,0.68049
2021-12-18 02:05,9041639.6,37459513,2.2152,0.94446,2.1349,1.4676
2021-12-18 02:10,9055466.1,37616406,2.2328,0.94566,2.1489,0.72262
2021-12-18 02:15,9045598.6,37647781,2.2293,0.9475,2.1403,1.0335
2021-12-18 02:20,9041733.1,37794444,2.1988,0.9474,2.1309,1.6258
2021-12-18 02:25,9046251.2,37858561,2.1992,0.94883,2.1344,1.4822
2021-12-18 02:30,8999370.3,37576950,2.2457,0.94852,2.1694,0.64823
2021-12-18 02:35,9001491.4,37695411,2.24,0.94552,2.1554,1.5537
2021-12-18 02:40,8974871.9,37712412,2.2382,0.947,2.1627,1.3146
2021-12-18 02:45,8961212.6,37695591,2.2413,0.94678,2.1654,1.2538
2021-12-18 02:50,8952931.3,37387441,2.2679,0.9462,2.1765,0.68259
2021-12-18 02:55,8914506.1,37137702,2.2546,0.94704,2.1618,1.2716
2021-12-18 03:00,8942064.6,37297351,2.2636,0.94814,2.1679,0.65984
2021-12-18 03:05,8926334.7,37418221,2.2586,0.94808,2.1566,1.0615
2021-12-18 03:10,8934244.2,37633904,2.2188,0.94836,2.1374,1.5452
2021-12-18 03:15,8920035.7,37553350,2.2268,0.94765,2.1458,1.2269
2021-12-18 03:20,8899523.8,37692596,2.2165,0.94731,2.1619,1.5508
2021-12-18 03:25,8892267.1,37544906,2.1703,0.94504,2.1409,1.2512
2021-12-18 03:30,8908334.3,37767484,2.1392,0.94464,2.1105,1.7301
2021-12-18 03:35,8918808,37922772,2.1347,0.94306,2.1102,1.1567
2021-12-18 03:40,8884992.6,38086679,2.0518,0.94353,2.0529,1.4469
2021-12-18 03:45,8847646.8,37887968,2.0663,0.94341,2.0604,0.68622
2021-12-18 03:50,8840806.4,37681223,2.0789,0.94254,2.0703,0.76786
2021-12-18 03:55,8838380.2,37722207,2.0642,0.94234,2.0479,1.0025
2021-12-18 04:00,8843114.6,37709488,2.0628,0.94118,2.0533,0.97864
2021-12-18 04:05,8843894.5,37420868,2.0721,0.94429,2.0524,0.49844
2021-12-18 04:10,8876644.7,37379551,2.089,0.94592,2.0604,0.77361
2021-12-18 04:15,8884641.2,37528724,2.0803,0.94547,2.0578,1.0896
2021-12-18 04:20,8881515.1,37861899,1.9844,0.94566,1.9908,1.714
2021-12-18 04:25,8881756.3,37939465,2.0075,0.94536,2.0105,0.81335
2021-12-18 04:30,8904272.1,38261430,1.9562,0.94655,1.9757,1.7321
2021-12-18 04:35,8928999.2,38202126,1.9377,0.94712,1.9452,0.92126
2021-12-18 04:40,8932852.3,38279682,1.9456,0.94727,1.9477,0.83176
2021-12-18 04:45,8956339,38776438,1.8685,0.94801,1.8983,2.1518
2021-12-18 04:50,8989828.8,38898989,1.8324,0.94784,1.8756,0.8067
2021-12-18 04:55,9007590.2,38957828,1.8286,0.94871,1.8664,1.0156
2021-12-18 05:00,9031708.7,39007950,1.819,0.94793,1.8453,0.58974
2021-12-18 05:05,9030391.7,39038383,1.8203,0.9485,1.8423,0.73512
2021-12-18 05:10,9041076.7,39165944,1.7838,0.94805,1.819,0.95567
2021-12-18 05:15,9070322.9,39543668,1.7104,0.94678,1.7678,1.9198
2021-12-18 05:20,9089977.2,39800800,1.7027,0.94712,1.7589,1.0366
2021-12-18 05:25,9126900.3,39966696,1.6721,0.94438,1.7469,1.3159
2021-12-18 05:30,9275908.9,40637757,1.6835,0.94632,1.7629,0.64693
2021-12-18 05:35,9289665.5,40834906,1.6875,0.94524,1.7573,1.3383
2021-12-18 05:40,9292200.1,40958398,1.6365,0.94539,1.7173,1.3367
2021-12-18 05:45,9343331.4,41284569,1.6854,0.94312,1.7559,0.88097
2021-12-18 05:50,9371654.6,41310253,1.6762,0.94644,1.7343,0.78689
2021-12-18 05:55,9391938.2,41286960,1.6511,0.94708,1.6926,0.46931
2021-12-18 06:00,9350368.8,40924584,1.6426,0.94745,1.6639,0.72943
2021-12-18 06:05,9331621.4,40965818,1.6357,0.94618,1.6441,1.1972
2021-12-18 06:10,9341512.8,41171179,1.6334,0.94465,1.6577,1.5132
2021-12-18 06:15,9345139.2,40855249,1.6322,0.94478,1.6441,0.56335
2021-12-18 06:20,9336098.2,40733396,1.6268,0.94453,1.6321,0.6488
2021-12-18 06:25,9294281.5,40359273,1.6373,0.9457,1.6184,0.70039
2021-12-18 06:30,9309017.1,40270808,1.6481,0.94703,1.6122,0.77773
2021-12-18 06:35,9342750.4,40590212,1.6431,0.95978,1.6197,2.6076
2021-12-18 06:40,9354034.1,40661986,1.6485,0.95914,1.6348,0.70598
2021-12-18 06:45,9350630.9,40441479,1.6353,0.95616,1.6186,0.8188
2021-12-18 06:50,9355741.9,40407731,1.617,0.9564,1.6026,1.2221
2021-12-18 06:55,9353553.3,40650543,1.6168,0.9565,1.6057,1.4112
2021-12-18 07:00,9354547.7,40626801,1.5944,0.95422,1.5878,0.72307
2021-12-18 07:05,9393694.7,40787422,1.6037,0.95341,1.6031,0.66621
2021-12-18 07:10,9404422.6,40671340,1.6013,0.95097,1.5952,0.74133
2021-12-18 07:15,9424058,40817548,1.5985,0.95169,1.5945,1.6701
2021-12-18 07:20,9417489.5,40646593,1.5932,0.9504,1.5897,0.88661
2021-12-18 07:25,9442561.7,40669113,1.6179,0.95438,1.5974,0.77035
2021-12-18 07:30,9470768.4,40951603,1.6185,0.95317,1.5977,1.2351
2021-12-18 07:35,9495429.3,41104713,1.6212,0.9525,1.5997,0.98526
2021-12-18 07:40,9486053.8,41017697,1.6112,0.95312,1.5851,1.2164
2021-12-18 07:45,9496960.2,41010736,1.6147,0.95268,1.5897,0.91728
2021-12-18 07:50,9498469.9,41015555,1.6235,0.95276,1.5957,0.77278
2021-12-18 07:55,9504436.8,41059167,1.6198,0.95148,1.5926,0.94578
2021-12-18 08:00,9514756,40977460,1.6225,0.95174,1.5999,0.79304
2021-12-18 08:05,9542462.6,41237878,1.6181,0.95403,1.5934,1.5054
2021-12-18 08:10,9533231.4,41290921,1.6232,0.95445,1.621,1.3338
2021-12-18 08:15,9523353.2,41232059,1.6361,0.95549,1.6401,0.96192
2021-12-18 08:20,9527130.6,41204840,1.6402,0.95445,1.6437,0.88959
2021-12-18 08:25,9519292.3,41047188,1.6735,0.9535,1.6669,0.81142
2021-12-18 08:30,9524611.6,40986412,1.6839,0.95216,1.6742,0.84656
2021-12-18 08:35,9508421.8,40804999,1.6754,0.95375,1.6542,0.54572
2021-12-18 08:40,9505659.8,40678768,1.6633,0.95393,1.6329,1.0219
2021-12-18 08:45,9450340.6,40103123,1.7325,0.95295,1.6779,0.38004
2021-12-18 08:50,9481720.9,40431334,1.7431,0.95297,1.6927,1.6288
2021-12-18 08:55,9451609.2,40377275,1.7608,0.9531,1.7149,1.1463
2021-12-18 09:00,9466219.3,40377139,1.7698,0.95497,1.7212,0.49674
2021-12-18 09:05,9452475.2,40541666,1.7623,0.9535,1.7251,1.4568
2021-12-18 09:10,9463375.8,40747238,1.761,0.95512,1.7343,1.7213
2021-12-18 09:15,9479949.9,40782744,1.7581,0.95522,1.7355,0.97988
2021-12-18 09:20,9384000.1,40867320,1.671,0.93886,1.6646,2.1626
2021-12-18 09:25,9385126.4,40609442,1.6847,0.93854,1.6733,0.56451
2021-12-18 09:30,9401999.3,40532019,1.7174,0.94062,1.695,0.52928
2021-12-18 09:35,9411201.9,40571691,1.7306,0.93839,1.7082,1.014
2021-12-18 09:40,9404241.4,40626323,1.7277,0.93699,1.7145,1.5176
2021-12-18 09:45,9424044.2,40746485,1.7353,0.93582,1.7327,1.2547
2021-12-18 09:50,9395213.9,40267887,1.7573,0.93738,1.7362,0.44548
2021-12-18 09:55,9384306.6,40146064,1.7776,0.93613,1.7564,1.0399
2021-12-18 10:00,9392127.9,39925936,1.8299,0.93458,1.8119,0.94939
2021-12-18 10:05,9376948.6,39706155,1.8381,0.93332,1.8232,0.99327
2021-12-18 10:10,9373057.6,39611928,1.8486,0.93195,1.8275,0.76967
2021-12-18 10:15,9416592.9,39731830,1.8699,0.92988,1.8441,0.89566
2021-12-18 10:20,9424074.1,39745875,1.9096,0.93289,1.8821,0.87473
2021-12-18 10:25,9407542.5,39884292,1.9178,0.9331,1.9158,1.7458
2021-12-18 10:30,9421634.5,39910044,1.907,0.93174,1.9009,1.2899
2021-12-18 10:35,9437433.2,39976967,1.9143,0.93141,1.8987,0.52717
2021-12-18 10:40,9446731.9,39969123,1.9031,0.93124,1.8874,1.2072
2021-12-18 10:45,9437435.3,39989660,1.9259,0.932,1.9131,1.1163
2021-12-18 10:50,9405632.3,39992749,1.936,0.93181,1.9335,1.2863
2021-12-18 10:55,9377524.9,39842750,1.9293,0.93158,1.9283,0.92519
2021-12-18 11:00,9355897.7,39698405,1.9278,0.93107,1.9261,1.455
2021-12-18 11:05,9320389,39431710,1.952,0.93164,1.9451,0.70179
2021-12-18 11:10,9228680.9,38847831,2.0511,0.93412,2.0073,0.64407
2021-12-18 11:15,9215006.1,38613601,2.1449,0.93422,2.0779,0.70425
2021-12-18 11:20,9194345.2,38368484,2.1677,0.93291,2.0846,0.82297
2021-12-18 11:25,9162757.8,38298283,2.2018,0.93097,2.1153,1.9099
2021-12-18 11:30,9137083.7,38190996,2.209,0.93088,2.1317,1.3066
2021-12-18 11:35,9109765.4,38236945,2.2148,0.93359,2.1451,1.573
2021-12-18 11:40,9106659.3,38240029,2.2322,0.93337,2.1679,2.3012
2021-12-18 11:45,9083799.1,38097453,2.2329,0.93284,2.1665,1.1015
2021-12-18 11:50,9062058.8,37962980,2.2426,0.9336,2.1664,1.1005
2021-12-18 11:55,9038435.9,37820626,2.2556,0.93606,2.1758,1.3944
2021-12-18 12:00,9027884.1,37770065,2.2798,0.93349,2.1983,0.7653
2021-12-18 12:05,8997972.5,37751135,2.2993,0.93294,2.2346,1.4271
2021-12-18 12:10,8990423.6,38036069,2.2905,0.92382,2.2477,1.8034
2021-12-18 12:15,8987332.2,38097301,2.2992,0.92199,2.2921,1.4142
2021-12-18 12:20,9015815,38028923,2.3379,0.91369,2.2881,0.45502
2021-12-18 12:25,8991942.4,37640222,2.3527,0.91743,2.297,0.73663
2021-12-18 12:30,8981016.3,37574450,2.3549,0.91746,2.3076,1.2781
2021-12-18 12:35,8905622.4,37847717,2.3488,0.91162,2.3132,1.8359
2021-12-18 12:40,8917644.3,38185353,2.1508,0.91575,2.1461,1.2346
2021-12-18 12:45,8905961.1,38562812,2.0535,0.91221,2.0727,1.2998
2021-12-18 12:50,8895830.9,38590114,1.9553,0.91173,1.9749,1.0594
2021-12-18 12:55,8893182.6,38855229,1.9306,0.91089,1.9464,1.4684
2021-12-18 13:00,8892549.1,38852687,1.8833,0.91288,1.9067,1.0228
2021-12-18 13:05,8892436.9,38856422,1.8327,0.91413,1.8308,1.3497
2021-12-18 13:10,8879023.1,38968099,1.8078,0.91902,1.8291,1.1397
2021-12-18 13:15,8923041.1,39509913,1.744,0.9234,1.7577,1.2056
2021-12-18 13:20,8955709.5,39754394,1.6988,0.92517,1.6932,1.2087
2021-12-18 13:25,8917194.6,39520210,1.6656,0.92894,1.6224,0.63315
2021-12-18 13:30,8945345,39672728,1.6502,0.93178,1.5971,0.82841
2021-12-18 13:35,9029527.5,40297542,1.6066,0.93382,1.6031,1.6106
2021-12-18 13:40,9001362.2,40114549,1.5671,0.9339,1.5484,0.85843
2021-12-18 13:45,9034220.1,40255577,1.5441,0.936,1.5313,0.88285
2021-12-18 13:50,8980790.4,39619569,1.5248,0.93886,1.4802,0.67122
2021-12-18 13:55,8918677.6,39254997,1.5149,0.9393,1.4531,0.85409
2021-12-18 14:00,8883908.3,39061243,1.5031,0.93864,1.4474,0.97248
2021-12-18 14:05,8899745.8,39162845,1.4827,0.94131,1.4414,1.2924
2021-12-18 14:10,8876420.6,39373989,1.4691,0.94052,1.4434,1.4067
2021-12-18 14:15,8882546.1,39447766,1.4763,0.9413,1.4587,1.3387
2021-12-18 14:20,8881291.3,39577410,1.4691,0.9396,1.4732,1.6481
2021-12-18 14:25,8904588.8,39607611,1.4522,0.93888,1.4525,0.9315
2021-12-18 14:30,8930275.2,39811167,1.4483,0.93938,1.4325,0.72972
2021-12-18 14:35,9110473.4,41343328,1.3311,0.93078,1.3686,1.602
2021-12-18 14:40,9280024.5,42186991,1.3269,0.93572,1.3329,0.93875
2021-12-18 14:45,9425230.7,43452255,1.3103,0.93917,1.3615,1.3455
2021-12-18 14:50,9609896.2,43561659,1.3383,0.94537,1.3465,0.66652
2021-12-18 14:55,9640883.8,44002318,1.3334,0.93499,1.3775,1.0984
2021-12-18 15:00,9660240.5,43797364,1.357,0.93642,1.4034,0.87142
2021-12-18 15:05,9648261,44086787,1.3265,0.93452,1.3845,1.1671
2021-12-18 15:10,9679607.4,44381000,1.2991,0.93766,1.3572,0.91748
2021-12-18 15:15,9737150.5,44586412,1.2855,0.93156,1.3378,1.1383
2021-12-18 15:20,9722519.7,44470805,1.2943,0.93041,1.3394,0.93423
2021-12-18 15:25,9606888.7,43865793,1.3047,0.9267,1.3434,0.79456
2021-12-18 15:30,9587019.6,43894354,1.2971,0.92586,1.3338,1.0074
2021-12-18 15:35,9546886.8,43562444,1.2892,0.93437,1.3154,0.38439
2021-12-18 15:40,9502424.3,43160011,1.2853,0.93512,1.3108,0.80817
2021-12-18 15:45,9480015.7,43038775,1.2967,0.93519,1.3173,0.50034
2021-12-18 15:50,9535600.7,42976952,1.3188,0.93641,1.3451,0.74373
2021-12-18 15:55,9560488.3,43022197,1.314,0.93653,1.3339,0.79093
2021-12-18 16:00,9546692,42719201,1.3193,0.93825,1.3437,0.7897
2021-12-18 16:05,9700052.2,42901919,1.3759,0.93536,1.3879,0.73424
2021-12-18 16:10,9858197.9,43152347,1.4476,0.93376,1.4562,0.71295
2021-12-18 16:15,9840846.7,43669933,1.4493,0.92717,1.4789,1.7519
2021-12-18 16:20,9823835,43205226,1.4986,0.92456,1.5261,0.75795
2021-12-18 16:25,9761459.6,42888833,1.497,0.92158,1.5255,1.9026
2021-12-18 16:30,9737780.7,42746428,1.5327,0.91912,1.5573,1.0499
2021-12-18 16:35,9754369.4,42536127,1.6181,0.91688,1.6201,0.70619
2021-12-18 16:40,9749978.4,42281725,1.6911,0.91591,1.679,0.70409
2021-12-18 16:45,9777261.9,42621651,1.6941,0.91343,1.6868,1.7312
2021-12-18 16:50,9768248.2,42687029,1.7285,0.91223,1.7302,1.1636
2021-12-18 16:55,9750516,42717011,1.7221,0.90861,1.7473,1.2411
2021-12-18 17:00,9682042.7,42091706,1.7962,0.9069,1.8161,0.8297
2021-12-18 17:05,9659214,42162469,1.8004,0.90588,1.8223,0.86992
2021-12-18 17:10,9638587.2,42088508,1.8,0.90617,1.8351,1.0397
2021-12-18 17:15,9619243.6,42199576,1.7752,0.89822,1.8258,1.9258
2021-12-18 17:20,9597825.3,42105660,1.7876,0.89697,1.8383,1.1018
2021-12-18 17:25,9584688,42153458,1.7955,0.89272,1.872,0.91332
2021-12-18 17:30,9562487.9,42036697,1.7841,0.89163,1.8577,1.6636
2021-12-18 17:35,9571419.5,42104674,1.8057,0.89216,1.8847,1.4012
2021-12-18 17:40,9565930.6,42018740,1.8084,0.89186,1.8875,0.71695
2021-12-18 17:45,9493685.1,41648797,1.819,0.89569,1.8838,0.55384
2021-12-18 17:50,9486681.1,41589610,1.7998,0.89662,1.8661,1.325
2021-12-18 17:55,9433219.1,41226473,1.8181,0.89597,1.8809,0.39003
2021-12-18 18:00,9415090.1,41206136,1.8275,0.89686,1.8897,0.91267
2021-12-18 18:05,9414500.8,40915905,1.8724,0.89675,1.9197,0.66163
2021-12-18 18:10,9410558.8,41105321,1.8559,0.89668,1.9043,1.4446
2021-12-18 18:15,9398897.9,40830440,1.8599,0.89806,1.9022,0.58926
2021-12-18 18:20,9400831.2,40874814,1.8607,0.89724,1.9043,1.3971
2021-12-18 18:25,9370157.7,40835147,1.8627,0.89731,1.9134,1.6247
2021-12-18 18:30,9369357.7,40886525,1.869,0.8973,1.9273,0.83379
2021-12-18 18:35,9384458.8,41169621,1.8449,0.89791,1.9152,1.826
2021-12-18 18:40,9396722.9,41269830,1.8325,0.89643,1.9157,1.3542
2021-12-18 18:45,9392079.8,41240622,1.826,0.89614,1.9131,0.90141
2021-12-18 18:50,9388037.9,41279299,1.8197,0.89706,1.9095,1.1583
2021-12-18 18:55,9391307.8,41209179,1.8178,0.89758,1.897,0.59114
2021-12-18 19:00,9370895,41083013,1.8286,0.89896,1.9041,0.56059
2021-12-18 19:05,9356120.1,40943074,1.8272,0.90045,1.8992,0.84612
2021-12-18 19:10,9274125.6,40101495,1.8812,0.90029,1.9273,0.40583
2021-12-18 19:15,9287752.3,40312087,1.8921,0.90116,1.9324,0.6523
2021-12-18 19:20,9290109.2,40328364,1.8799,0.90188,1.9377,0.98678
2021-12-18 19:25,9284890.6,40457588,1.9022,0.90172,1.9644,1.2841
2021-12-18 19:30,9257339,40713777,1.8525,0.90106,1.9244,1.8085
2021-12-18 19:35,9260205.5,40808310,1.8414,0.90087,1.9128,1.4812
2021-12-18 19:40,9235092.2,40642395,1.857,0.90016,1.9413,0.77319
2021-12-18 19:45,9229432.9,40457188,1.8649,0.90067,1.9376,0.51008
2021-12-18 19:50,9221627.8,40667379,1.8606,0.89923,1.9425,1.4863
2021-12-18 19:55,9215423.7,40658449,1.8577,0.89889,1.9454,0.83768
2021-12-18 20:00,9213800.4,40614432,1.857,0.89915,1.938,0.8457
2021-12-18 20:05,9242411.3,41029136,1.8382,0.89197,1.9365,2.937
2021-12-18 20:10,9191455.4,40555292,1.8279,0.89878,1.9308,0.75558
2021-12-18 20:15,9196694,40584086,1.8386,0.89949,1.9358,0.94112
2021-12-18 20:20,9196780.8,40739630,1.844,0.89933,1.9442,1.564
2021-12-18 20:25,9194713.7,40520206,1.8389,0.89887,1.9428,0.75901
2021-12-18 20:30,9174826.2,40341711,1.8646,0.89914,1.9617,0.43723
2021-12-18 20:35,9155781.8,40294596,1.8614,0.89949,1.9592,1.2558
2021-12-18 20:40,9160705,40424648,1.8555,0.89944,1.9642,1.4651
2021-12-18 20:45,9164438.9,40519022,1.8551,0.90043,1.9654,0.98918
2021-12-18 20:50,9174539.8,40799178,1.8327,0.90058,1.9448,1.427
2021-12-18 20:55,9208562.9,41070191,1.7957,0.89591,1.9166,1.3843
2021-12-18 21:00,9196029.9,41143038,1.782,0.89657,1.9046,1.1877
2021-12-18 21:05,9193453.2,41271684,1.7747,0.89632,1.9077,1.3762
2021-12-18 21:10,9135098.1,40943529,1.7693,0.89576,1.9096,0.89841
2021-12-18 21:15,9145038.5,41015498,1.7625,0.89441,1.896,0.80658
2021-12-18 21:20,9095483.1,40738449,1.7532,0.8992,1.8802,0.65231
2021-12-18 21:25,9087589.9,40605833,1.7566,0.89975,1.8732,0.63023
2021-12-18 21:30,9093848.3,40813191,1.7427,0.89914,1.8727,0.9487
2021-12-18 21:35,9104973.9,41098104,1.6761,0.89998,1.8168,1.7498
2021-12-18 21:40,9110077.2,41183383,1.6669,0.89785,1.8079,0.69678
2021-12-18 21:45,9130636.9,41225973,1.6546,0.898,1.7919,1.0957
2021-12-18 21:50,9130686.2,41343747,1.653,0.89726,1.7931,0.87717
2021-12-18 21:55,9129100.7,41276681,1.6471,0.89759,1.7895,1.1756
2021-12-18 22:00,9126842.9,41073985,1.6491,0.89828,1.7838,0.59468
2021-12-18 22:05,9118145.3,41081943,1.6599,0.89749,1.7891,1.1499
2021-12-18 22:10,9117866.8,41209120,1.655,0.89706,1.7951,1.3681
2021-12-18 22:15,9115086.4,41393924,1.6054,0.89749,1.751,1.3906
2021-12-18 22:20,9111555.3,41320903,1.6165,0.89642,1.7585,0.82336
2021-12-18 22:25,9116465,41319710,1.6235,0.89683,1.763,0.91706
2021-12-18 22:30,9061145.5,40711727,1.6362,0.89512,1.7772,0.48397
2021-12-18 22:35,9063181.8,40739002,1.6208,0.89476,1.7626,0.717
2021-12-18 22:40,9052520.1,40914592,1.6137,0.89539,1.7554,1.6617
2021-12-18 22:45,9032681,40823259,1.6178,0.8971,1.755,0.70358
2021-12-18 22:50,9011691.1,40390400,1.6345,0.89667,1.7663,0.52361
2021-12-18 22:55,9003451.7,40419350,1.6194,0.89644,1.7484,0.96217
2021-12-18 23:00,8982444.2,40280148,1.6312,0.89776,1.7522,0.70505
2021-12-18 23:05,8927768.8,39980021,1.634,0.89971,1.7392,0.8352
2021-12-18 23:10,8920957,40117544,1.634,0.89968,1.7417,1.5956
2021-12-18 23:15,8920635.9,39982641,1.6379,0.9012,1.7441,0.73167
2021-12-18 23:20,8883103.1,39658114,1.6285,0.89949,1.7384,0.99807
2021-12-18 23:25,8867448.4,39786307,1.631,0.90032,1.7391,1.3349
2021-12-18 23:30,8860663.7,39812636,1.6335,0.90087,1.7382,0.79431
2021-12-18 23:35,8858329.3,40030674,1.6178,0.90168,1.7255,1.4413
2021-12-18 23:40,8866177.9,40128321,1.5948,0.90133,1.7066,1.1713
2021-12-18 23:45,8861248,39932834,1.5992,0.9018,1.7083,0.71706
2021-12-18 23:50,8868763.7,40049352,1.5991,0.90106,1.7093,1.506
2021-12-18 23:55,8869200.6,40111425,1.6092,0.90216,1.7166,1.1905
2021-12-19 00:00,8859956.2,39985879,1.6078,0.90423,1.7148,0.49385
2021-12-19 00:05,8845971.6,40045713,1.6071,0.90321,1.7141,1.6904
2021-12-19 00:10,8828000.2,39955529,1.6492,0.92006,1.7214,0.73364
2021-12-19 00:15,8830459.3,40150438,1.6511,0.92046,1.7241,1.2414
2021-12-19 00:20,8827661.5,40360068,1.5919,0.92087,1.688,1.1194
2021-12-19 00:25,8874090.5,40714327,1.5604,0.92287,1.6557,1.1417
2021-12-19 00:30,8866845.5,40532165,1.5608,0.92282,1.6449,0.62723
2021-12-19 00:35,8902548.8,40773674,1.5657,0.92313,1.6465,0.83823
2021-12-19 00:40,8867068,40357233,1.5725,0.92155,1.6472,0.74623
2021-12-19 00:45,8849429.7,39888074,1.6115,0.92178,1.6765,0.92485
2021-12-19 00:50,8845754.7,40088960,1.6137,0.92133,1.6858,1.5631
2021-12-19 00:55,8838141.8,40080973,1.6177,0.92155,1.6921,0.93855
2021-12-19 01:00,8831179.1,39966754,1.6348,0.92177,1.7067,0.56986
2021-12-19 01:05,8855752.1,39877452,1.658,0.92226,1.7214,0.62793
2021-12-19 01:10,8886157,39724543,1.6672,0.92254,1.7255,0.68812
2021-12-19 01:15,8894929.5,39751440,1.6844,0.92362,1.7448,0.87672
2021-12-19 01:20,8916974.3,39734037,1.677,0.9245,1.7324,0.97039
2021-12-19 01:25,8887439.6,39380245,1.6913,0.92307,1.7383,0.73038
2021-12-19 01:30,8889109.5,39192074,1.7362,0.92368,1.7663,0.74772
2021-12-19 01:35,8845420.5,39229654,1.7422,0.92098,1.7877,0.92238
2021-12-19 01:40,8900027.1,39253664,1.778,0.922,1.8135,0.47776
2021-12-19 01:45,8929194.6,39502757,1.7707,0.92416,1.8088,1.3081
2021-12-19 01:50,8920428,39497051,1.7728,0.92414,1.8134,1.6142
2021-12-19 01:55,8920558.9,39433885,1.7893,0.92418,1.8272,0.60009
2021-12-19 02:00,8920239.1,39454218,1.7812,0.92422,1.8166,0.94207
2021-12-19 02:05,8915094.4,39636510,1.7766,0.9237,1.825,1.9557
2021-12-19 02:10,8921058.8,39770080,1.7759,0.92394,1.8233,1.6939
2021-12-19 02:15,8958059.7,39809617,1.7767,0.92319,1.8251,0.94176
2021-12-19 02:20,8948861.3,39746859,1.7781,0.92301,1.8237,0.49695
2021-12-19 02:25,8937577.8,39834784,1.7819,0.92329,1.8362,1.1166
2021-12-19 02:30,8928461,39858015,1.7826,0.92348,1.8384,1.5836
2021-12-19 02:35,8933739.2,39802018,1.775,0.92358,1.83,0.72332
2021-12-19 02:40,8919313.3,39735541,1.7801,0.923,1.8331,1.7035
2021-12-19 02:45,8916061.2,39643751,1.7943,0.9227,1.8455,0.73116
2021-12-19 02:50,8959738.3,39409289,1.8681,0.9221,1.8999,0.52787
2021-12-19 02:55,8968066.4,39477428,1.8678,0.92144,1.9027,1.7115
2021-12-19 03:00,8964035.1,39459683,1.8625,0.92135,1.9053,0.72085
2021-12-19 03:05,8948843,39547938,1.8605,0.91996,1.9148,1.2558
2021-12-19 03:10,8956963.8,39473810,1.862,0.9204,1.9178,0.89457
2021-12-19 03:15,8966642.7,39569794,1.8703,0.92006,1.9275,1.3942
2021-12-19 03:20,8958927.3,39665261,1.8738,0.92039,1.9411,1.3964
2021-12-19 03:25,8968607.4,40098644,1.8388,0.92056,1.9118,1.7433
2021-12-19 03:30,8950092.1,40182501,1.8264,0.92086,1.9072,1.1329
2021-12-19 03:35,8905240.9,40071267,1.8263,0.9203,1.9054,0.67638
2021-12-19 03:40,8897534.6,40030008,1.8175,0.91969,1.9018,0.87281
2021-12-19 03:45,8892729.4,39981031,1.8001,0.92,1.889,0.80183
2021-12-19 03:50,8893417.6,40013156,1.8108,0.91876,1.8919,1.0904
2021-12-19 03:55,8880607.8,39927213,1.8047,0.91945,1.8785,0.69341
2021-12-19 04:00,8850154.7,39613292,1.8337,0.91932,1.8963,0.23429
2021-12-19 04:05,8868921.8,39919017,1.8009,0.91916,1.8769,2.2016
2021-12-19 04:10,8868720.7,39953587,1.7909,0.91838,1.8703,0.8526
2021-12-19 04:15,8876672.6,40104807,1.7846,0.91871,1.8656,0.69703
2021-12-19 04:20,8871460.7,40107874,1.7721,0.91925,1.8563,1.8258
2021-12-19 04:25,8861711.1,40087004,1.7649,0.91974,1.8501,1.3398
2021-12-19 04:30,8858048.5,40180108,1.7523,0.91843,1.8387,1.4545
2021-12-19 04:35,8850611.2,39969360,1.7443,0.91835,1.8265,0.92867
2021-12-19 04:40,8846488.5,40065746,1.7501,0.91803,1.8316,1.1972
2021-12-19 04:45,8852871.7,40070716,1.7471,0.91733,1.8271,0.49521
2021-12-19 04:50,8845608.3,40061760,1.7432,0.9167,1.8193,0.98883
2021-12-19 04:55,8844433.3,40067152,1.7334,0.91685,1.8124,0.97768
2021-12-19 05:00,8837407.1,40052281,1.7382,0.91666,1.8138,0.67158
2021-12-19 05:05,8848654.8,39969374,1.7339,0.91622,1.8017,0.97874
2021-12-19 05:10,8844323.5,39781767,1.7529,0.91576,1.809,0.45734
2021-12-19 05:15,8850314.1,40039245,1.7334,0.91586,1.7953,2.4387
2021-12-19 05:20,8846599.6,39783158,1.7548,0.91664,1.8141,0.5149
2021-12-19 05:25,8825258.9,39519509,1.7735,0.91568,1.8241,0.39135
2021-12-19 05:30,8823543.4,39369636,1.7959,0.91842,1.842,0.57227
2021-12-19 05:35,8833087.1,39483899,1.7847,0.91822,1.8394,1.4848
2021-12-19 05:40,8820626.3,39260608,1.7984,0.91948,1.8458,0.42353
2021-12-19 05:45,8799919.4,39098327,1.809,0.92009,1.8494,0.4668
2021-12-19 05:50,8783993.3,39097554,1.8142,0.91789,1.8585,2.1628
2021-12-19 05:55,8808020.9,39134037,1.8291,0.91858,1.8706,1.0131
2021-12-19 06:00,8822146.7,39158563,1.8354,0.92074,1.8762,0.57254
2021-12-19 06:05,8824747.7,39261303,1.8267,0.92122,1.8745,1.3945
2021-12-19 06:10,8826687.7,39287916,1.8274,0.92264,1.8788,0.65839
2021-12-19 06:15,8838782,39491678,1.8345,0.92242,1.8868,0.7868
2021-12-19 06:20,8835854.6,39443428,1.8296,0.92275,1.885,0.80008
2021-12-19 06:25,8834931.2,39509812,1.8263,0.92178,1.8824,2.2523
2021-12-19 06:30,8841669.7,39403877,1.8338,0.92282,1.8902,0.46688
2021-12-19 06:35,8848442.6,39361743,1.8313,0.92248,1.8841,0.8076
2021-12-19 06:40,8848268.5,39242071,1.8279,0.9224,1.8774,0.90946
2021-12-19 06:45,8804896.8,39105284,1.8061,0.91729,1.8636,4.1258
2021-12-19 06:50,8812729.8,39071658,1.8309,0.92151,1.8837,0.30833
2021-12-19 06:55,8814989.8,39156185,1.832,0.92117,1.8851,1.744
2021-12-19 07:00,8814692.5,39190123,1.8362,0.92098,1.8942,0.33279
2021-12-19 07:05,8815877.5,39283550,1.8415,0.92206,1.9015,1.8239
2021-12-19 07:10,8815631.7,39397019,1.8297,0.92214,1.8966,1.6931
2021-12-19 07:15,8893385.6,39317658,1.872,0.92242,1.9302,0.36163
2021-12-19 07:20,8912775.4,39292481,1.8872,0.92277,1.9414,0.57217
2021-12-19 07:25,8913931.5,39203471,1.8997,0.92216,1.9467,0.89131
2021-12-19 07:30,8843795.4,38788887,1.8985,0.9182,1.9513,0.83733
2021-12-19 07:35,8843865.6,38992241,1.9037,0.91866,1.965,3.0478
2021-12-19 07:40,8852544.8,38997986,1.8955,0.91937,1.9603,2.0435
2021-12-19 07:45,8854073.4,39037610,1.8978,0.91925,1.9618,1.2419
2021-12-19 07:50,8858378.2,39038873,1.896,0.91964,1.9651,2.2103
2021-12-19 07:55,8859690.9,39025957,1.9084,0.92015,1.9676,0.61741
2021-12-19 08:00,8867643,39012543,1.901,0.92049,1.9644,0.99591
2021-12-19 08:05,8859413.5,38866247,1.9175,0.92075,1.9716,0.4641
2021-12-19 08:10,8878308.8,38958019,1.9452,0.92352,1.9905,0.59707
2021-12-19 08:15,8874812.9,38963432,1.922,0.91859,1.9724,3.265
2021-12-19 08:20,8888620.8,38887968,1.9466,0.9224,1.9866,0.49165
2021-12-19 08:25,8884453,38891771,1.9391,0.92275,1.9745,2.0185
2021-12-19 08:30,8889980.8,38911446,1.9452,0.92282,1.9854,1.1803
2021-12-19 08:35,8894336.2,38867274,1.9481,0.92306,1.983,0.78019
2021-12-19 08:40,8890946,38871216,1.9396,0.92267,1.9706,1.7417
2021-12-19 08:45,8867887.8,38892470,1.9454,0.92002,1.9812,2.9685
2021-12-19 08:50,8839626.2,39026950,1.9498,0.91926,1.9969,1.5033
2021-12-19 08:55,8839098,38948315,1.9411,0.91926,1.993,1.0237
2021-12-19 09:00,8826273,38748730,1.9553,0.9195,2.0046,0.31225
2021-12-19 09:05,8843456.8,38858149,1.9592,0.91986,2.0181,1.023
2021-12-19 09:10,8817120.5,38481757,1.981,0.91959,2.0218,0.40185
2021-12-19 09:15,8825560.6,38426491,2.0196,0.91972,2.0543,0.54197
2021-12-19 09:20,8837054.9,38425286,2.0273,0.92102,2.0526,0.86368
2021-12-19 09:25,8819421.3,38357000,2.0321,0.92171,2.0445,1.2178
2021-12-19 09:30,8845219.8,38371610,2.0702,0.92393,2.0692,0.66938
2021-12-19 09:35,8834105.9,38375356,2.069,0.92313,2.0732,0.99777
2021-12-19 09:40,8834825.2,38469343,2.0631,0.92338,2.0738,0.97851
2021-12-19 09:45,8834759.9,38519553,2.0731,0.92343,2.099,1.2046
2021-12-19 09:50,8826062,38519758,2.084,0.92337,2.1077,1.041
2021-12-19 09:55,8827197.6,38451273,2.0799,0.92316,2.1011,0.92494
2021-12-19 10:00,8839134,38459072,2.0698,0.92373,2.0893,0.75484
2021-12-19 10:05,8848990.7,38425371,2.0622,0.92332,2.0851,1.0522
2021-12-19 10:10,8781264.2,37882374,2.1134,0.92246,2.1058,0.80317
2021-12-19 10:15,8780313.6,37872471,2.0951,0.92282,2.0904,1.089
2021-12-19 10:20,8753506.5,37622571,2.1625,0.92317,2.1301,0.50695
2021-12-19 10:25,8767766.5,37715416,2.1237,0.92182,2.0767,1.3581
2021-12-19 10:30,8765566.9,37838603,2.157,0.92317,2.1075,1.0263
2021-12-19 10:35,8766426,37788688,2.1625,0.92278,2.1263,1.2584
2021-12-19 10:40,8775359,37970978,2.1644,0.92306,2.1361,1.2333
2021-12-19 10:45,8797029,38066666,2.1697,0.92321,2.1508,1.1321
2021-12-19 10:50,8786067.8,38023297,2.166,0.92249,2.1445,1.4411
2021-12-19 10:55,8797718.3,38076553,2.18,0.92257,2.149,2.1012
2021-12-19 11:00,8806238.4,38095787,2.1744,0.92323,2.1355,0.89386
2021-12-19 11:05,8768128.8,37708643,2.1731,0.92284,2.1246,0.69878
2021-12-19 11:10,8779246.4,37743574,2.1699,0.92291,2.1163,0.65942
2021-12-19 11:15,8788294,37868759,2.1606,0.92291,2.1116,1.2192
2021-12-19 11:20,8775228.1,37820491,2.1534,0.92417,2.1125,1.4117
2021-12-19 11:25,8788860.6,37905044,2.1385,0.92463,2.1,1.1176
2021-12-19 11:30,8806383.1,37903312,2.1424,0.92509,2.1007,0.69738
2021-12-19 11:35,8794026.1,37729834,2.1527,0.92529,2.1095,0.7319
2021-12-19 11:40,8794379.4,37744432,2.1516,0.92515,2.1128,0.89256
2021-12-19 11:45,8790999.4,37772203,2.1573,0.92594,2.1289,1.1917
2021-12-19 11:50,8806358.1,37808584,2.1473,0.92644,2.1125,1.1497
2021-12-19 11:55,8808691.3,37894255,2.1488,0.92677,2.1079,2.1568
2021-12-19 12:00,8823199.8,37866304,2.1585,0.9277,2.1175,0.68913
2021-12-19 12:05,8814695.7,37770971,2.1524,0.92795,2.1117,1.4061
2021-12-19 12:10,8837101.9,37999538,2.1494,0.92881,2.1025,1.4879
2021-12-19 12:15,8840776.7,37989609,2.1592,0.92872,2.1226,0.81689
2021-12-19 12:20,8852806.9,38059147,2.1569,0.92812,2.1213,0.94337
2021-12-19 12:25,8834157.6,38044691,2.1594,0.92763,2.1436,0.92448
2021-12-19 12:30,8857107.2,38253098,2.1518,0.92722,2.1532,1.0291
2021-12-19 12:35,8831573.6,38407512,2.1775,0.92722,2.2227,1.8859
2021-12-19 12:40,8835323.6,38338384,2.1717,0.92658,2.2192,1.1984
2021-12-19 12:45,8823248.8,38227703,2.184,0.9257,2.236,0.86975
2021-12-19 12:50,8826373.2,38394723,2.1677,0.92328,2.2147,0.91685
2021-12-19 12:55,8817041.1,38288516,2.1889,0.923,2.2494,0.76153
2021-12-19 13:00,8806108.8,38288961,2.1931,0.92203,2.2603,0.91039
2021-12-19 13:05,8791907.7,38333242,2.2078,0.92127,2.2966,1.2233
2021-12-19 13:10,8785769.5,38402598,2.1986,0.92161,2.2933,1.696
2021-12-19 13:15,8792753.2,38529845,2.1838,0.92095,2.2874,1.4975
2021-12-19 13:20,8780296.1,38255750,2.1999,0.92054,2.2845,0.48588
2021-12-19 13:25,8766502.3,38124392,2.214,0.92073,2.2837,0.62331
2021-12-19 13:30,8794087.8,38190968,2.1988,0.92141,2.2719,0.36694
2021-12-19 13:35,8778171.4,37842869,2.1961,0.92149,2.2332,0.57663
2021-12-19 13:40,8760373.1,37435262,2.2187,0.92137,2.2568,0.50728
2021-12-19 13:45,8755154.8,37577124,2.2458,0.92043,2.2918,1.2214
2021-12-19 13:50,8756040.4,37679545,2.2692,0.92002,2.3167,1.1432
2021-12-19 13:55,8758057.3,37767990,2.2371,0.91958,2.2856,1.5482
2021-12-19 14:00,8730070,37940884,2.2175,0.92051,2.2636,1.3604
2021-12-19 14:05,8798164.9,38494732,2.1523,0.92176,2.1975,0.70234
2021-12-19 14:10,8825088.4,38728274,2.1469,0.92333,2.1756,0.83033
2021-12-19 14:15,8800249.4,38009552,2.1856,0.9253,2.1992,0.67011
2021-12-19 14:20,8815895.9,38137566,2.202,0.92493,2.2185,1.3447
2021-12-19 14:25,8822652.6,38078569,2.2189,0.92534,2.2412,0.67958
2021-12-19 14:30,8824716.8,38131601,2.2185,0.92631,2.2303,1.363
2021-12-19 14:35,8724037.4,37790179,2.2071,0.92333,2.2361,3.7928
2021-12-19 14:40,8729367.7,37887521,2.2006,0.92393,2.2444,1.0411
2021-12-19 14:45,8728243.6,38002773,2.1984,0.92406,2.2371,0.8813
2021-12-19 14:50,8711209,37832781,2.2196,0.92254,2.245,0.77368
2021-12-19 14:55,8704934.4,37622726,2.2175,0.92287,2.2391,0.88602
2021-12-19 15:00,8710371.2,37593962,2.2295,0.92204,2.2482,0.51799
2021-12-19 15:05,8700653.8,37543321,2.2115,0.92071,2.2335,1.2189
2021-12-19 15:10,8705598.7,37608186,2.2213,0.92059,2.235,1.2144
2021-12-19 15:15,8710771.3,37613110,2.218,0.92151,2.2351,1.0317
2021-12-19 15:20,8713150.2,37400309,2.2255,0.92121,2.2434,0.67709
2021-12-19 15:25,8718908.7,37552383,2.2317,0.92062,2.2487,1.2716
2021-12-19 15:30,8741326.2,37868738,2.2017,0.92158,2.2219,2.1932
2021-12-19 15:35,8737049.7,37831948,2.1973,0.92094,2.2164,1.3245
2021-12-19 15:40,8724981.9,37603824,2.1936,0.92101,2.212,0.6122
2021-12-19 15:45,8725715.6,37593403,2.1875,0.92054,2.2108,0.94023
2021-12-19 15:50,8723448.7,37627618,2.1905,0.92034,2.2126,0.85514
2021-12-19 15:55,8726073.4,37612649,2.199,0.91932,2.2208,0.9373
2021-12-19 16:00,8742936.4,37620855,2.1914,0.91921,2.217,1.2135
2021-12-19 16:05,8728212.5,37498511,2.2028,0.91919,2.227,0.77015
2021-12-19 16:10,8726323.2,37507327,2.2116,0.91867,2.2357,1.1093
2021-12-19 16:15,8743834.5,37681449,2.2289,0.91904,2.2593,1.0075
2021-12-19 16:20,8736398.7,37815055,2.2325,0.9188,2.2623,1.1389
2021-12-19 16:25,8753645.9,37777269,2.2384,0.91869,2.2634,0.93781
2021-12-19 16:30,8743368.8,37832557,2.238,0.9192,2.2579,1.6343
2021-12-19 16:35,8741608.5,37755007,2.235,0.91919,2.2563,1.0019
2021-12-19 16:40,8734428.2,37681587,2.2526,0.91934,2.2731,0.96953
2021-12-19 16:45,8732160.5,37608092,2.2501,0.91861,2.2789,0.90823
2021-12-19 16:50,8721120,37351785,2.2544,0.91725,2.2879,0.78883
2021-12-19 16:55,8710109,36939572,2.3387,0.9169,2.3322,0.48535
2021-12-19 17:00,8803209.4,37193560,2.3999,0.9181,2.3937,0.79869
2021-12-19 17:05,8843203.4,37265259,2.5179,0.91927,2.5187,0.65438
2021-12-19 17:10,8864020.1,37352981,2.5261,0.91805,2.5317,0.81867
2021-12-19 17:15,8903114.2,37491014,2.5329,0.91809,2.5511,2.0391
2021-12-19 17:20,8865375.5,37206695,2.616,0.91795,2.6142,0.44877
2021-12-19 17:25,8844912.9,37113255,2.6087,0.91703,2.601,0.73924
2021-12-19 17:30,8808706.9,36846821,2.6456,0.91584,2.6383,0.45858
2021-12-19 17:35,8809395.1,36980134,2.6403,0.91517,2.6509,1.5328
2021-12-19 17:40,8785584.5,36803601,2.654,0.915,2.6747,1.2869
2021-12-19 17:45,8799707.4,36845495,2.6572,0.91414,2.6815,0.93813
2021-12-19 17:50,8797794.1,36783577,2.6483,0.91287,2.6829,0.96526
2021-12-19 17:55,8791950.8,36855858,2.6752,0.91214,2.7128,1.5998
2021-12-19 18:00,8784127.7,36866984,2.6694,0.9114,2.7134,1.2432
2021-12-19 18:05,8772197.4,36573897,2.6929,0.91128,2.7167,0.37803
2021-12-19 18:10,8769912.1,36596843,2.6967,0.91002,2.7089,1.3084
2021-12-19 18:15,8678171.9,35849528,2.7757,0.90923,2.7402,0.32337
2021-12-19 18:20,8675737.6,35882851,2.7472,0.90967,2.7205,0.74748
2021-12-19 18:25,8673817.5,35969339,2.7568,0.91015,2.7397,0.83232
2021-12-19 18:30,8663562.4,36038316,2.7355,0.91036,2.7456,2.0961
2021-12-19 18:35,8673912.9,36119318,2.7506,0.90931,2.7791,0.88706
2021-12-19 18:40,8668817.9,36039807,2.7432,0.90916,2.7607,1.0626
2021-12-19 18:45,8663851.5,36182283,2.7474,0.90883,2.7803,2.072
2021-12-19 18:50,8660633,36203284,2.7599,0.90828,2.79,0.93024
2021-12-19 18:55,8673932.7,36278209,2.7647,0.90769,2.8068,0.91363
2021-12-19 19:00,8659717.1,36180298,2.7777,0.90704,2.8139,0.68045
2021-12-19 19:05,8661702.8,36257888,2.7528,0.90556,2.8029,3.058
2021-12-19 19:10,8661971.1,36207039,2.7567,0.90436,2.8107,0.82061
2021-12-19 19:15,8670074.8,36132066,2.7698,0.90462,2.8135,0.72776
2021-12-19 19:20,8675525.9,36171470,2.7695,0.90434,2.8091,1.5128
2021-12-19 19:25,8637374.4,35706906,2.7959,0.90394,2.8191,0.65089
2021-12-19 19:30,8617058.4,35539446,2.8653,0.90266,2.8834,0.54014
2021-12-19 19:35,8630768.5,35788664,2.8599,0.90274,2.9131,1.0107
2021-12-19 19:40,8640616.1,35913474,2.8282,0.90308,2.8915,1.6229
2021-12-19 19:45,8646294.2,35807809,2.8458,0.90417,2.8969,0.41361
2021-12-19 19:50,8650990,35900198,2.8646,0.90408,2.8991,0.88613
2021-12-19 19:55,8652925.6,35882203,2.8651,0.90448,2.8998,0.97709
2021-12-19 20:00,8648495.9,35771316,2.8583,0.90513,2.898,0.92991
2021-12-19 20:05,8642277.8,35701924,2.8592,0.9054,2.8892,0.79216
2021-12-19 20:10,8626515,35801908,2.8533,0.90475,2.9,1.9241
2021-12-19 20:15,8627507.2,35900310,2.8533,0.90496,2.9117,2.3554
2021-12-19 20:20,8619717.7,35968208,2.8954,0.90513,2.9476,1.7719
2021-12-19 20:25,8615829.5,35905351,2.9013,0.90466,2.9543,1.1183
2021-12-19 20:30,8624065.4,35876112,2.9018,0.90504,2.9567,1.8836
2021-12-19 20:35,8637492.9,36058237,2.886,0.90459,2.9591,3.3687
2021-12-19 20:40,8625025.5,36123295,2.9012,0.90356,2.9798,2.857
2021-12-19 20:45,8624545.2,36013029,2.9185,0.90429,3.002,0.46595
2021-12-19 20:50,8633479.1,36036142,2.923,0.90341,3.0012,1.4802
2021-12-19 20:55,8647561.3,36034388,2.9286,0.90317,3.0049,0.64098
2021-12-19 21:00,8636553.1,35833059,2.9663,0.90319,3.0266,0.37666
2021-12-19 21:05,8653681.4,35930185,2.9271,0.89825,3.0016,2.1247
2021-12-19 21:10,8647113.2,35953871,2.9555,0.89811,3.0261,0.58962
2021-12-19 21:15,8637743.1,35947827,2.9844,0.89746,3.053,1.0169
2021-12-19 21:20,8639454.1,36035163,2.9922,0.89717,3.0588,0.88525
2021-12-19 21:25,8646222.2,36121843,2.9622,0.89713,3.036,1.1167
2021-12-19 21:30,8654164.6,36128545,2.9689,0.89687,3.0426,0.42098
2021-12-19 21:35,8631381.7,36148227,2.9384,0.89594,3.0236,3.5922
2021-12-19 21:40,8633905.7,36050356,2.9481,0.8963,3.0301,0.78134
2021-12-19 21:45,8608585.4,36136194,2.9545,0.89444,3.0504,1.6736
2021-12-19 21:50,8589671.7,36029884,2.955,0.89324,3.0454,0.77866
2021-12-19 21:55,8585300.4,35799352,2.9756,0.89319,3.0591,0.52162
2021-12-19 22:00,8588522.8,35771197,2.9741,0.89083,3.0653,0.56663
2021-12-19 22:05,8581349.8,35870774,2.9777,0.89044,3.0737,0.84046
2021-12-19 22:10,8585129,36100467,2.951,0.88991,3.0446,1.3459
2021-12-19 22:15,8595574.3,36299625,2.9127,0.88836,3.0237,0.99553
2021-12-19 22:20,8586397.6,36143915,2.9036,0.88677,3.0065,0.57188
2021-12-19 22:25,8583384.4,36073646,2.9101,0.88729,3.0172,1.1169
2021-12-19 22:30,8584718.6,36124496,2.9036,0.88623,3.0139,3.2443
2021-12-19 22:35,8578077.4,36108305,2.9065,0.88627,3.0163,0.7226
2021-12-19 22:40,8586861.4,36133655,2.905,0.88556,3.0184,1.4857
2021-12-19 22:45,8572593.9,35944886,2.8933,0.88556,3.0065,0.46825
2021-12-19 22:50,8596885.5,36271762,2.8846,0.88522,3.0106,2.27
2021-12-19 22:55,8598042.8,36266545,2.9171,0.88484,3.0411,0.70534
2021-12-19 23:00,8604933,36462953,2.8399,0.88582,2.9745,1.6858
2021-12-19 23:05,8606854,36311515,2.8331,0.88521,2.958,0.55852
2021-12-19 23:10,8602678.1,36416168,2.8293,0.88582,2.9517,1.023
2021-12-19 23:15,8600107.3,36386102,2.8282,0.88558,2.9508,1.0586
2021-12-19 23:20,8593002.9,36252724,2.8379,0.88402,2.9588,1.0549
2021-12-19 23:25,8596660.1,36157552,2.8535,0.88381,2.9672,0.55277
2021-12-19 23:30,8618958.9,36154141,2.8793,0.88389,2.9906,0.43877
2021-12-19 23:35,8610815.8,35950156,2.8839,0.88368,2.9874,0.56814
2021-12-19 23:40,8616003.8,35980432,2.8905,0.88395,2.9858,0.90503
2021-12-19 23:45,8620465.8,36016306,2.8797,0.8847,2.9754,0.84604
2021-12-19 23:50,8622256.9,35937589,2.8817,0.88525,2.9746,0.49453
2021-12-19 23:55,8619087.4,35820927,2.8723,0.88444,2.9615,0.87577
2021-12-20 00:00,8650364.7,36042891,2.8527,0.88368,2.9578,0.99826
2021-12-20 00:05,8668007.9,35795021,2.8424,0.88462,2.9459,0.82294
2021-12-20 00:10,8678734.4,35955997,2.8329,0.90106,2.9802,0.63664
2021-12-20 00:15,8658689.3,35630506,2.8196,0.90094,2.963,0.73516
2021-12-20 00:20,8644227.1,35311668,2.8621,0.8997,2.9743,0.43779
2021-12-20 00:25,8647794.2,35549157,2.8381,0.89219,2.9617,1.5041
2021-12-20 00:30,8634904.9,35662157,2.8599,0.89086,2.9926,1.4745
2021-12-20 00:35,8639164.7,35807444,2.8705,0.88879,3.0058,1.4236
2021-12-20 00:40,8638784.2,35876871,2.8626,0.88784,2.9934,1.2558
2021-12-20 00:45,8632242.8,35979188,2.8521,0.88759,3.0054,1.3649
2021-12-20 00:50,8640165.8,36254136,2.7956,0.88863,2.9689,1.3462
2021-12-20 00:55,8665141.4,36341603,2.7878,0.889,2.9597,0.96585
2021-12-20 01:00,8673727.2,37015947,2.6931,0.88852,2.8898,1.5823
2021-12-20 01:05,8753801.5,37543184,2.492,0.8921,2.7226,0.82216
2021-12-20 01:10,8769837.7,37471384,2.4782,0.89371,2.6994,0.74638
2021-12-20 01:15,8796669.5,37714951,2.4518,0.89405,2.6686,1.2102
2021-12-20 01:20,8785570.1,37473418,2.4494,0.89276,2.6654,0.90024
2021-12-20 01:25,8795176.6,37456651,2.4503,0.89295,2.678,0.98602
2021-12-20 01:30,8773092.3,37329508,2.4635,0.89207,2.685,1.2642
2021-12-20 01:35,8793999.2,37365258,2.4589,0.89369,2.6844,0.80586
2021-12-20 01:40,8811769.7,37485268,2.4492,0.89307,2.679,1.1268
2021-12-20 01:45,8811145.4,37483458,2.444,0.89202,2.6712,0.7949
2021-12-20 01:50,8807578.5,37326518,2.4935,0.89162,2.7157,0.55007
2021-12-20 01:55,8818320.7,37539591,2.473,0.89199,2.7002,0.8377
2021-12-20 02:00,8801202.8,37551756,2.4961,0.8917,2.7265,1.3469
2021-12-20 02:05,8815148.9,37383761,2.4928,0.89105,2.724,0.51223
2021-12-20 02:10,8747077,36763846,2.5744,0.89195,2.7894,0.63433
2021-12-20 02:15,8767207.6,36874875,2.5707,0.89309,2.7918,1.2769
2021-12-20 02:20,8750881.2,37115465,2.5007,0.89292,2.7363,1.8052
2021-12-20 02:25,8752933.2,37138696,2.4887,0.89336,2.7302,0.8821
2021-12-20 02:30,8750932.3,37165434,2.4777,0.89348,2.7177,0.79072
2021-12-20 02:35,8753913.1,37151607,2.4851,0.8938,2.7286,0.59401
2021-12-20 02:40,8751976.4,37090150,2.4841,0.89315,2.7256,0.88693
2021-12-20 02:45,8760638,37029566,2.472,0.89354,2.7159,0.72215
2021-12-20 02:50,8769270.7,36857245,2.4961,0.8938,2.737,0.43702
2021-12-20 02:55,8720622.9,36434762,2.5793,0.89141,2.8061,0.83342
2021-12-20 03:00,8707746.3,36520288,2.5488,0.89116,2.7864,1.955
2021-12-20 03:05,8706258.4,36496635,2.5528,0.88992,2.7908,1.2551
2021-12-20 03:10,8699780,36495577,2.558,0.8906,2.8014,0.8673
2021-12-20 03:15,8691295.7,36382187,2.5876,0.89027,2.8242,0.76695
2021-12-20 03:20,8595695.1,35560391,2.679,0.88662,2.8994,0.33711
2021-12-20 03:25,8544477.5,35120801,2.7631,0.89464,2.9812,0.58376
2021-12-20 03:30,8510008.4,34921800,2.769,0.89671,2.9853,0.94639
2021-12-20 03:35,8361036.4,34509984,2.7468,0.89595,2.9816,2.0235
2021-12-20 03:40,8344838,34288939,2.776,0.89384,3.0086,0.4187
2021-12-20 03:45,8348909.4,34256860,2.8063,0.89485,3.0477,1.0563
2021-12-20 03:50,8372279.1,34560768,2.7721,0.8909,3.0094,1.3373
2021-12-20 03:55,8353616.9,34447611,2.7679,0.89137,3.0037,0.52389
2021-12-20 04:00,8317170.7,34627024,2.7736,0.89006,3.0128,2.0161
2021-12-20 04:05,8377581.8,34989408,2.7594,0.89294,3.0152,1.1338
2021-12-20 04:10,8393368.1,34773724,2.8056,0.89374,2.9907,0.57939
2021-12-20 04:15,8390315.2,34803027,2.8233,0.89323,2.9887,1.154
2021-12-20 04:20,8396491.6,34954595,2.817,0.89396,2.9823,1.3467
2021-12-20 04:25,8378500.7,34633185,2.8237,0.89391,2.9588,0.472
2021-12-20 04:30,8390613.5,34735929,2.8349,0.89505,2.9557,0.95845
2021-12-20 04:35,8392836.2,34827560,2.8293,0.89467,2.9491,0.97242
2021-12-20 04:40,8376572.6,34601705,2.8452,0.89804,2.9606,0.38682
2021-12-20 04:45,8324281.8,34271068,2.9072,0.89558,3.0065,0.37954
2021-12-20 04:50,8332890,34439834,2.8825,0.89436,2.992,1.6736
2021-12-20 04:55,8342431,34550110,2.8705,0.89552,2.9824,1.0638
2021-12-20 05:00,8359314.3,34799825,2.8918,0.89654,3.0061,2.1065
2021-12-20 05:05,8366952.2,35114490,2.7964,0.89626,2.9421,2.4215
2021-12-20 05:10,8357813.2,34843723,2.8186,0.89548,2.9393,0.48005
2021-12-20 05:15,8355733.3,34922980,2.8189,0.89584,2.9483,0.70429
2021-12-20 05:20,8354943.2,34689724,2.843,0.8957,2.9566,0.75257
2021-12-20 05:25,8356629.8,34717189,2.8306,0.89577,2.948,0.65934
2021-12-20 05:30,8335728.9,34501582,2.8723,0.89472,2.9802,0.46424
2021-12-20 05:35,8337679.1,34421061,2.8941,0.8943,2.9947,0.80125
2021-12-20 05:40,8269179.2,33955524,2.9429,0.89144,3.051,0.57492
2021-12-20 05:45,8202008.5,33420507,3.0325,0.88897,3.1296,0.37748
2021-12-20 05:50,8204859.4,33631719,3.0367,0.88837,3.1441,1.4856
2021-12-20 05:55,8226755.9,33622751,3.0394,0.88785,3.1446,0.78392
2021-12-20 06:00,8140075.9,32894047,3.1329,0.88659,3.1622,0.61538
2021-12-20 06:05,8117315,32704662,3.1265,0.88195,3.1588,1.1311
2021-12-20 06:10,8064928.7,32687156,3.1058,0.88266,3.1653,1.2071
2021-12-20 06:15,8065236,32769054,3.126,0.88123,3.1665,0.94595
2021-12-20 06:20,8051328.8,32668455,3.1198,0.8823,3.1664,0.85575
2021-12-20 06:25,8063114.7,32647170,3.1414,0.8815,3.1827,1.1661
2021-12-20 06:30,8073434.2,32517107,3.1538,0.88218,3.1775,0.39726
2021-12-20 06:35,8064192,32526173,3.1635,0.88248,3.1899,1.0349
2021-12-20 06:40,8068826.1,32485094,3.1831,0.88155,3.2038,0.41398
2021-12-20 06:45,8093978,32702926,3.2022,0.88221,3.222,1.8262
2021-12-20 06:50,8078764,32793802,3.1991,0.88236,3.2453,1.0862
2021-12-20 06:55,8088711.9,32929146,3.1667,0.88365,3.2238,2.1042
2021-12-20 07:00,8035721,32681277,3.1497,0.8836,3.204,0.69245
2021-12-20 07:05,8048805.5,32555483,3.1843,0.8842,3.234,0.59464
2021-12-20 07:10,8025323.6,32364941,3.1862,0.88368,3.2466,1.238
2021-12-20 07:15,7989563.3,32126034,3.2166,0.88042,3.2941,0.39121
2021-12-20 07:20,7981627.1,32183425,3.2708,0.87983,3.3582,0.77898
2021-12-20 07:25,7976730.7,32222890,3.2614,0.87983,3.362,0.9423
2021-12-20 07:30,7962019.1,32238215,3.2538,0.87858,3.3608,0.51651
2021-12-20 07:35,7952030.9,32212751,3.2738,0.87874,3.3784,0.73528
2021-12-20 07:40,7930157.4,32091987,3.2872,0.87932,3.3832,1.2136
2021-12-20 07:45,7930704.7,32156002,3.2683,0.87848,3.3642,1.1517
2021-12-20 07:50,7929656.5,32146827,3.2569,0.87868,3.3699,1.0862
2021-12-20 07:55,7927368.8,32121698,3.2746,0.87853,3.3798,0.64077
2021-12-20 08:00,7910361.3,31864081,3.3328,0.87762,3.4353,0.71875
2021-12-20 08:05,7890342.5,31734958,3.3135,0.87576,3.4268,1.4476
2021-12-20 08:10,7886970.4,31849600,3.3178,0.87444,3.441,1.3143
2021-12-20 08:15,7900328.8,31956830,3.3225,0.87425,3.4516,1.3336
2021-12-20 08:20,7906124.4,32035616,3.299,0.87526,3.4416,1.2268
2021-12-20 08:25,7980820.6,32178669,3.3354,0.87564,3.4681,0.24182
2021-12-20 08:30,7984572.9,32266280,3.3157,0.87649,3.457,1.1184
2021-12-20 08:35,7994574,32082225,3.3205,0.87584,3.4541,0.60382
2021-12-20 08:40,7978729.8,32037426,3.2998,0.87549,3.4302,1.0743
2021-12-20 08:45,7996450.6,32153728,3.2784,0.87369,3.4128,0.68991
2021-12-20 08:50,7954189.7,31743956,3.3984,0.87952,3.4596,0.58293
2021-12-20 08:55,7946755.3,31659873,3.4511,0.88025,3.4766,0.53754
2021-12-20 09:00,7952793.3,31771409,3.4364,0.88143,3.4659,1.1967
2021-12-20 09:05,7958777,31686297,3.4136,0.88174,3.437,1.1126
2021-12-20 09:10,7931493.2,31221191,3.5942,0.88328,3.5393,0.52246
2021-12-20 09:15,7945848.3,31211292,3.6268,0.88322,3.5641,0.6408
2021-12-20 09:20,7932615.3,31360910,3.6798,0.88178,3.6597,0.92449
2021-12-20 09:25,7943918.7,31405407,3.6135,0.87717,3.6109,1.6875
2021-12-20 09:30,7928033,31442579,3.6822,0.87924,3.6467,1.6185
2021-12-20 09:35,7920984.2,31272046,3.7403,0.87871,3.6816,0.63389
2021-12-20 09:40,7928780.7,31394454,3.7153,0.87771,3.6428,1.0583
2021-12-20 09:45,7900867.2,31083013,3.7755,0.87569,3.6612,0.40341
2021-12-20 09:50,7944204.2,31416046,3.7776,0.87513,3.6596,0.83999
2021-12-20 09:55,7956479.1,31367547,3.7497,0.87789,3.6456,0.617
2021-12-20 10:00,7962833.7,31238197,3.6964,0.87665,3.605,0.92699
2021-12-20 10:05,7958790.1,31443650,3.6432,0.87508,3.5688,1.0999
2021-12-20 10:10,7955942.1,31489490,3.6399,0.87456,3.5774,1.1395
2021-12-20 10:15,7955125,31638908,3.6498,0.87538,3.6215,1.3206
2021-12-20 10:20,7981336.5,31781682,3.6805,0.8771,3.6629,1.1324
2021-12-20 10:25,7986692.6,31691196,3.66,0.87588,3.6231,0.68728
2021-12-20 10:30,8001945.6,31679703,3.6363,0.87585,3.5945,0.45539
2021-12-20 10:35,8022086.8,31743397,3.6897,0.87548,3.6379,0.55383
2021-12-20 10:40,8033422.1,31852519,3.6798,0.87669,3.6433,1.7579
2021-12-20 10:45,8037606.5,31828922,3.6515,0.87592,3.6088,0.90959
2021-12-20 10:50,8041578.8,31900943,3.6366,0.87536,3.6155,2.0195
2021-12-20 10:55,8031068.3,31786968,3.6346,0.87497,3.6096,0.94279
2021-12-20 11:00,8047471.8,31779466,3.6245,0.8768,3.5953,0.61914
2021-12-20 11:05,8019127.2,31682067,3.6478,0.87578,3.6104,0.7426
2021-12-20 11:10,8014500.3,31791108,3.6581,0.87473,3.6288,1.3294
2021-12-20 11:15,8006799.5,31762974,3.6688,0.87479,3.6494,1.1745
2021-12-20 11:20,8013530.1,31754944,3.66,0.87506,3.6455,1.1166
2021-12-20 11:25,8008433.1,31779735,3.6748,0.87402,3.6663,0.81886
2021-12-20 11:30,8020320.8,31915614,3.6511,0.87092,3.6524,2.2327
2021-12-20 11:35,8038920.8,31998671,3.6435,0.87141,3.6567,1.3273
2021-12-20 11:40,8019846.8,31917688,3.6579,0.8698,3.8681,1.2111
2021-12-20 11:45,8004485.6,31745790,3.6665,0.87171,3.884,0.68528
2021-12-20 11:50,8016039.5,31928358,3.661,0.8727,3.8661,1.3315
2021-12-20 11:55,8030876.3,31986980,3.6433,0.8727,3.8573,1.6035
2021-12-20 12:00,8038044.6,31986375,3.6491,0.87188,3.8773,0.78725
2021-12-20 12:05,8033504.3,31957280,3.5727,0.87149,3.7899,1.4668
2021-12-20 12:10,8030483.7,31800715,3.6018,0.86907,3.8294,0.69205
2021-12-20 12:15,8016186.8,31791722,3.599,0.86956,3.8186,1.7686
2021-12-20 12:20,8018396.8,31640594,3.6207,0.8722,3.8367,0.51344
2021-12-20 12:25,7997608.6,31430602,3.6458,0.87079,3.853,0.36918
2021-12-20 12:30,7999514.2,31423349,3.6219,0.87127,3.8171,0.94716
2021-12-20 12:35,8000034.3,31376135,3.6069,0.87066,3.8101,1.0367
2021-12-20 12:40,7977129,31352552,3.6448,0.87013,3.8482,0.47956
2021-12-20 12:45,7958793.3,31081626,3.678,0.8693,3.8553,0.47382
2021-12-20 12:50,7942720.4,30968667,3.7177,0.86904,3.872,0.46737
2021-12-20 12:55,7951358,30962588,3.7204,0.86913,3.8526,0.5727
2021-12-20 13:00,8002274.7,31128849,3.6631,0.87262,3.7797,0.62105
2021-12-20 13:05,8028713.8,31014921,3.651,0.87351,3.7528,0.75144
2021-12-20 13:10,8029950.4,31244537,3.6556,0.87256,3.7603,1.877
2021-12-20 13:15,8038682.8,31720642,3.5555,0.85962,3.7066,2.6315
2021-12-20 13:20,8019689.5,31499391,3.62,0.85758,3.7125,1.0721
2021-12-20 13:25,8020531.5,31512668,3.649,0.8558,3.7588,0.73622
2021-12-20 13:30,8019434.2,31568046,3.6151,0.85472,3.7265,1.653
2021-12-20 13:35,8224513.4,31651717,3.8177,0.86783,4.0011,0.60473
2021-12-20 13:40,8217486.3,31809889,3.7855,0.86718,3.9627,0.95421
2021-12-20 13:45,8251377.6,31817312,3.8044,0.86863,3.9795,0.83891
2021-12-20 13:50,8234071.4,31757288,3.7882,0.86852,3.9551,0.86527
2021-12-20 13:55,8230445.2,31687214,3.7623,0.86798,3.9217,0.752
2021-12-20 14:00,8250520,31597441,3.794,0.86875,3.9433,0.73928
2021-12-20 14:05,8275147.9,31839897,3.7713,0.86912,3.9165,1.8769
2021-12-20 14:10,8264607.5,31598304,3.7852,0.86924,3.9166,0.66793
2021-12-20 14:15,8264656.4,31521400,3.7982,0.8686,3.868,0.58007
2021-12-20 14:20,8346704.3,31789636,3.8095,0.8699,3.9332,0.71342
2021-12-20 14:25,8333416.6,31706083,3.8346,0.8739,3.9369,0.70454
2021-12-20 14:30,8353938.1,31827580,3.8509,0.87206,3.9473,0.98104
2021-12-20 14:35,8355516.3,31742606,3.8186,0.87168,3.9236,1.2333
2021-12-20 14:40,8336619.3,32082358,3.8144,0.86992,3.9529,1.731
2021-12-20 14:45,8323787.9,32195923,3.812,0.87055,3.9507,1.5073
2021-12-20 14:50,8290079.1,32161069,3.8546,0.87182,4.0399,1.1744
2021-12-20 14:55,8276292.4,32060217,3.9026,0.87067,4.071,0.94868
2021-12-20 15:00,8233381.8,32297600,3.8729,0.87114,4.0723,1.5474
2021-12-20 15:05,8303010.3,32449702,3.8556,0.87043,4.0529,0.74094
2021-12-20 15:10,8295714.5,32121007,3.9153,0.87122,4.0898,0.81817
2021-12-20 15:15,8309563.8,32249843,3.8718,0.87208,4.05,1.1258
2021-12-20 15:20,8326720.2,32411902,3.8625,0.87005,4.0817,1.3524
2021-12-20 15:25,8315458.8,32492559,3.862,0.86876,4.061,1.4403
2021-12-20 15:30,8305392.2,32333318,3.8464,0.86912,4.0258,1.1359
2021-12-20 15:35,8257715.1,32039935,3.9209,0.8681,4.0913,0.42998
2021-12-20 15:40,8272821.1,32049428,3.8785,0.86857,4.0475,1.0967
2021-12-20 15:45,8272696.5,32092424,3.9138,0.86844,4.0667,0.92638
2021-12-20 15:50,8263266.9,31904474,3.9001,0.86793,4.0094,0.65547
2021-12-20 15:55,8266682.5,31793182,3.9182,0.86983,4.0407,0.57671
2021-12-20 16:00,8259799.9,31775450,3.8876,0.86833,4.0111,0.97276
2021-12-20 16:05,8243540.1,31692173,3.8747,0.86949,3.9942,1.1387
2021-12-20 16:10,8254166.2,31786794,3.8922,0.86949,4.0163,0.69927
2021-12-20 16:15,8243068.6,31882459,3.835,0.86865,4.0158,1.1817
2021-12-20 16:20,8244206,32193624,3.7607,0.86573,3.9642,1.9483
2021-12-20 16:25,8205405.7,31961956,3.792,0.86603,3.9595,1.0944
2021-12-20 16:30,8197866.2,31986155,3.803,0.86424,3.9776,1.8737
2021-12-20 16:35,8156431.4,31907960,3.8088,0.86265,3.9787,2.0277
2021-12-20 16:40,8139774.6,31924196,3.8093,0.86113,3.9942,1.01
2021-12-20 16:45,8127374,32143764,3.7163,0.85907,4.0016,2.0868
2021-12-20 16:50,8118425.9,32002055,3.697,0.85766,3.9744,1.1236
2021-12-20 16:55,8097711.7,32213684,3.6057,0.85595,3.9246,1.5332
2021-12-20 17:00,8155018.8,32609248,3.4394,0.85177,3.6637,1.2403
2021-12-20 17:05,8178950.3,32846990,3.175,0.85134,3.3831,1.4093
2021-12-20 17:10,8257620.2,33055254,3.0998,0.84375,3.2858,1.3526
2021-12-20 17:15,8268155.1,33572009,2.9935,0.84053,3.2609,1.713
2021-12-20 17:20,8233616.4,33404998,2.9546,0.83925,3.2192,0.97406
2021-12-20 17:25,8323976.9,33562275,2.9116,0.84306,3.1903,1.2264
2021-12-20 17:30,8321504.7,33372144,2.9402,0.84162,3.1753,0.45423
2021-12-20 17:35,8292611.7,33187032,2.9104,0.84343,3.1132,0.95469
2021-12-20 17:40,8275764.9,33465221,2.8543,0.8424,3.0867,1.8569
2021-12-20 17:45,8309466.9,33446446,2.9058,0.84124,3.1385,0.94684
2021-12-20 17:50,8305622,33521690,2.9085,0.83914,3.1352,0.74173
2021-12-20 17:55,8312223.8,33573072,2.9034,0.83825,3.144,0.71296
2021-12-20 18:00,8243956.2,32942849,3.0197,0.83791,3.2404,0.31375
2021-12-20 18:05,8291344.8,33117876,2.9307,0.84052,3.1614,0.7306
2021-12-20 18:10,8261562.6,33004943,3.0049,0.83891,3.2251,0.63203
2021-12-20 18:15,8245516.5,32693473,3.069,0.84027,3.2969,0.55441
2021-12-20 18:20,8202729.7,32653318,3.0664,0.84699,3.2756,0.78941
2021-12-20 18:25,8127160.2,32134791,3.1414,0.8453,3.3765,0.57637
2021-12-20 18:30,8126277.5,32090670,3.1665,0.84841,3.4135,0.8659
2021-12-20 18:35,8129537.9,32120690,3.1194,0.84899,3.3748,1.3721
2021-12-20 18:40,8130227.6,32226346,3.0958,0.84883,3.36,1.0287
2021-12-20 18:45,8138642.1,32367380,3.1072,0.84876,3.403,1.4957
2021-12-20 18:50,8138616.4,32313819,3.1467,0.85093,3.4519,0.65924
2021-12-20 18:55,8086666.5,32141774,3.1219,0.84599,3.4466,1.4171
2021-12-20 19:00,8073806.3,32084949,3.1667,0.84671,3.4957,0.86369
2021-12-20 19:05,8068422.6,32071980,3.1455,0.8471,3.4892,1.1052
2021-12-20 19:10,8069174.3,32375439,3.0596,0.84633,3.4157,1.8947
2021-12-20 19:15,8084513.8,32556337,2.9657,0.84494,3.3389,1.7567
2021-12-20 19:20,8086634.6,32742783,2.8751,0.84599,3.2541,1.1027
2021-12-20 19:25,8083153.9,32621916,2.9174,0.84537,3.2884,0.99826
2021-12-20 19:30,8081919.2,32731773,2.8946,0.84131,3.2526,1.1494
2021-12-20 19:35,8067677.3,32593416,2.8982,0.84171,3.2442,0.76315
2021-12-20 19:40,8091001.2,32570837,2.8919,0.84134,3.233,1.097
2021-12-20 19:45,8099465,32673242,2.879,0.83883,3.2209,1.1625
2021-12-20 19:50,8077526.4,32827067,2.8814,0.83755,3.2227,1.1712
2021-12-20 19:55,8091154.8,33133279,2.7916,0.83723,3.1812,1.7452
2021-12-20 20:00,8092714.9,33341985,2.6744,0.83728,3.0719,1.15
2021-12-20 20:05,8143932.2,33707735,2.5501,0.84004,3.0009,1.3527
2021-12-20 20:10,8144930.3,33707001,2.5913,0.84027,3.0389,1.0753
2021-12-20 20:15,8145372.1,33811497,2.5643,0.84131,3.0152,1.2476
2021-12-20 20:20,8125089.7,33748106,2.5266,0.84021,2.9728,0.89027
2021-12-20 20:25,8156706.9,33842177,2.501,0.83905,2.9324,0.82277
2021-12-20 20:30,8205570.4,34241845,2.4545,0.84038,2.8843,1.5374
2021-12-20 20:35,8162695.1,33605816,2.4692,0.83979,2.8897,0.63056
2021-12-20 20:40,8150552.8,33710686,2.4853,0.83995,2.9076,0.94763
2021-12-20 20:45,8149696.8,34139080,2.4489,0.84124,2.8875,1.1574
2021-12-20 20:50,8186275.2,34492373,2.3449,0.84013,2.8002,1.2411
2021-12-20 20:55,8184521.1,34440465,2.341,0.84148,2.7919,1.0346
2021-12-20 21:00,8203365.3,34782269,2.3259,0.83944,2.7498,1.2107
2021-12-20 21:05,8178173.8,34438290,2.3127,0.83752,2.7505,0.94223
2021-12-20 21:10,8175738.6,34501617,2.3142,0.83873,2.7462,0.98408
2021-12-20 21:15,8182282.1,34570142,2.3083,0.83814,2.7385,0.86193
2021-12-20 21:20,8147618.5,34193350,2.3632,0.8376,2.784,0.69252
2021-12-20 21:25,8096728.7,33879293,2.4,0.8411,2.8258,0.50388
2021-12-20 21:30,8074434.3,33820353,2.3745,0.84086,2.7903,1.211
2021-12-20 21:35,8068983.1,33591177,2.3311,0.84508,2.7402,0.35997
2021-12-20 21:40,8077358.5,33803745,2.3042,0.84623,2.7203,1.3997
2021-12-20 21:45,8055722,33654506,2.3346,0.84551,2.7532,0.50065
2021-12-20 21:50,8044151.8,33560420,2.3343,0.84602,2.7402,0.78274
2021-12-20 21:55,8038291.9,33342835,2.3338,0.84654,2.7272,0.54956
2021-12-20 22:00,8011364.6,33135004,2.3381,0.84669,2.7285,0.7626
2021-12-20 22:05,8014281.1,33214682,2.3471,0.84766,2.7473,0.90493
2021-12-20 22:10,8020918.5,33254728,2.3405,0.84825,2.7437,1.1753
2021-12-20 22:15,7979664.8,32971975,2.3532,0.84563,2.7602,0.47157
2021-12-20 22:20,7950087.3,32802060,2.3642,0.84716,2.7604,0.64861
2021-12-20 22:25,7935033.7,32627194,2.3398,0.84456,2.7338,0.75591
2021-12-20 22:30,7927294.7,32541545,2.3454,0.84501,2.7267,0.51315
2021-12-20 22:35,7897671.1,32494538,2.3529,0.84441,2.7428,1.5334
2021-12-20 22:40,7878953.5,32526118,2.3513,0.84439,2.7459,1.3525
2021-12-20 22:45,7860545.6,32322564,2.3553,0.84495,2.7413,0.82695
2021-12-20 22:50,7852150.4,32240930,2.4275,0.84407,2.7867,0.46523
2021-12-20 22:55,7853994.2,32236836,2.4179,0.84439,2.7789,0.63756
2021-12-20 23:00,7852241.2,32139223,2.4139,0.84412,2.7684,0.61994
2021-12-20 23:05,7827893.6,32180471,2.4161,0.84427,2.7697,1.5309
2021-12-20 23:10,7820765,32166806,2.4073,0.84395,2.7634,0.823
2021-12-20 23:15,7820375.5,32274690,2.4288,0.84359,2.7879,1.9366
2021-12-20 23:20,7826796.9,32387286,2.4529,0.84275,2.816,1.5763
2021-12-20 23:25,7842551.2,32483847,2.4441,0.84092,2.816,1.3895
2021-12-20 23:30,7830926.6,32604590,2.4117,0.84097,2.7897,1.4186
2021-12-20 23:35,7843847.8,32411799,2.4026,0.83936,2.7842,0.86635
2021-12-20 23:40,7837581.8,32494614,2.4136,0.83933,2.8,0.80208
2021-12-20 23:45,7835708.9,32580878,2.3815,0.8403,2.7759,0.96856
2021-12-20 23:50,7845917.7,32513483,2.4063,0.83953,2.7952,0.97695
2021-12-20 23:55,7895063.9,32403500,2.4847,0.84157,2.8811,0.42744
2021-12-21 00:00,7887059.8,32475288,2.4906,0.8424,2.8792,1.3006
2021-12-21 00:05,7877494.4,32557684,2.4608,0.8425,2.844,1.1257
2021-12-21 00:10,7899349.5,32908690,2.5526,0.86722,2.7948,1.2372
2021-12-21 00:15,7917253.4,33060326,2.5175,0.86881,2.7835,1.0926
2021-12-21 00:20,7950386.6,33514276,2.4425,0.86951,2.7301,1.0652
2021-12-21 00:25,7981710.2,33603000,2.382,0.87309,2.6626,0.70089
2021-12-21 00:30,7980596.3,33553913,2.3768,0.87093,2.6514,0.63277
2021-12-21 00:35,7957767.1,33152058,2.4353,0.87027,2.6999,1.2051
2021-12-21 00:40,8007082.1,33413554,2.3863,0.87454,2.6591,2.5072
2021-12-21 00:45,7985552.8,33477052,2.385,0.8755,2.6566,1.1832
2021-12-21 00:50,7982529.5,33554291,2.394,0.87564,2.6625,0.99937
2021-12-21 00:55,7985622.4,33563571,2.3839,0.87667,2.6526,0.85899
2021-12-21 01:00,7995746.7,33438213,2.4064,0.87758,2.664,0.87546
2021-12-21 01:05,7997276.3,33366726,2.3999,0.87708,2.6629,1.266
2021-12-21 01:10,8010224.4,33195782,2.4165,0.87821,2.6699,0.59391
2021-12-21 01:15,7967033.8,32873556,2.5332,0.8771,2.7739,0.6413
2021-12-21 01:20,7977550.1,32824242,2.5113,0.87919,2.7459,0.70244
2021-12-21 01:25,7927148.2,32456453,2.5712,0.87677,2.7903,0.52373
2021-12-21 01:30,7945618.8,32605693,2.567,0.87805,2.8014,0.93109
2021-12-21 01:35,7944304.9,32698759,2.5714,0.87758,2.8192,1.3539
2021-12-21 01:40,7949656.9,32736687,2.5749,0.87773,2.8229,0.90892
2021-12-21 01:45,7971032.3,32773980,2.6022,0.87831,2.8432,0.98179
2021-12-21 01:50,7969837.4,32867609,2.5945,0.87842,2.8361,1.9026
2021-12-21 01:55,7972482.8,32734018,2.5961,0.87776,2.8386,0.76665
2021-12-21 02:00,7916940.1,32161591,2.7269,0.87742,2.9364,0.47602
2021-12-21 02:05,7882048.7,31906703,2.7756,0.87726,2.9671,0.71754
2021-12-21 02:10,7867243.6,31854469,2.8774,0.8752,3.0493,0.89167
2021-12-21 02:15,7866067.9,31841843,2.8726,0.87464,3.0418,1.5565
2021-12-21 02:20,7834899.8,31760863,2.8661,0.87288,3.033,1.9148
2021-12-21 02:25,7835376.9,31874120,2.8542,0.87351,3.0307,1.4795
2021-12-21 02:30,7814641.1,31891550,2.8303,0.87452,3.0193,2.4387
2021-12-21 02:35,7825809.7,31893159,2.8157,0.87466,3.0073,1.1252
2021-12-21 02:40,7827771.4,31915461,2.8253,0.87392,3.0178,0.79273
2021-12-21 02:45,7813789.2,31809936,2.8311,0.87483,3.0128,0.56952
2021-12-21 02:50,7824693.4,31845654,2.8419,0.87479,3.0128,1.2463
2021-12-21 02:55,7824746.8,31831070,2.8555,0.87622,3.0077,0.93763
2021-12-21 03:00,7822336.5,31805620,2.865,0.87564,3.0173,0.74674
2021-12-21 03:05,7812124.1,31993960,2.818,0.87825,3.0005,1.9287
2021-12-21 03:10,7811906.3,31944802,2.8341,0.87806,3.0288,0.68803
2021-12-21 03:15,7822865.4,31952222,2.8322,0.87829,3.0328,0.90756
2021-12-21 03:20,7829404.7,31951397,2.8361,0.87915,3.0342,0.99755
2021-12-21 03:25,7817614.6,32052220,2.8366,0.88002,3.0384,1.3444
2021-12-21 03:30,7812217.1,32065441,2.8468,0.88103,3.054,1.0227
2021-12-21 03:35,7842908.7,32401566,2.7815,0.87934,3.0072,1.3497
2021-12-21 03:40,7793525.6,32282946,2.7385,0.87884,2.973,1.6431
2021-12-21 03:45,7796979.4,32328401,2.6831,0.88025,2.9174,1.1025
2021-12-21 03:50,7776715.9,32164497,2.6981,0.87811,2.9371,0.5806
2021-12-21 03:55,7741809.2,32429904,2.6105,0.87559,2.8782,1.1807
2021-12-21 04:00,7717829.3,32414883,2.5507,0.87623,2.8131,1.4097
2021-12-21 04:05,7780858.2,33123113,2.3992,0.88245,2.6923,1.1798
2021-12-21 04:10,7814670.3,33335107,2.3393,0.88573,2.6271,0.94506
2021-12-21 04:15,7812189.6,33264334,2.3348,0.88576,2.6237,1.0055
2021-12-21 04:20,7819139.5,33395445,2.3099,0.88619,2.603,0.98852
2021-12-21 04:25,7833084,33489330,2.2822,0.8861,2.5819,0.83445
2021-12-21 04:30,7834652.7,33465724,2.3068,0.88663,2.6301,1.071
2021-12-21 04:35,7845528.5,33579799,2.2924,0.88545,2.6117,0.86526
2021-12-21 04:40,7858551.9,33494493,2.291,0.88542,2.5945,0.67632
2021-12-21 04:45,7856008,33507079,2.2844,0.88595,2.5749,1.0639
2021-12-21 04:50,7826959.7,33186309,2.3193,0.88566,2.5728,0.4054
2021-12-21 04:55,7819642.3,33131824,2.3136,0.88603,2.5605,0.69505
2021-12-21 05:00,7825481.2,33050874,2.3322,0.88634,2.5733,0.30739
2021-12-21 05:05,7818192.4,33180409,2.2741,0.8854,2.5321,1.1565
2021-12-21 05:10,7802638.9,33318160,2.2639,0.88286,2.5266,1.8536
2021-12-21 05:15,7792070.6,33170845,2.2736,0.88231,2.5387,0.93925
2021-12-21 05:20,7806369.1,33234552,2.2498,0.88296,2.5073,1.0062
2021-12-21 05:25,7823538.1,33157285,2.2688,0.88306,2.5251,0.53488
2021-12-21 05:30,7798681.7,32897117,2.2974,0.88351,2.5505,0.41395
2021-12-21 05:35,7818566,32960032,2.2869,0.88376,2.5357,1.4152
2021-12-21 05:40,7842835.2,32949491,2.3129,0.88573,2.5348,0.43019
2021-12-21 05:45,7862017.3,33075507,2.3145,0.88547,2.5385,1.0338
2021-12-21 05:50,7872024.4,33180231,2.2883,0.88471,2.534,1.8506
2021-12-21 05:55,7859799,33113333,2.3009,0.88424,2.5442,0.88391
2021-12-21 06:00,7853974.9,33034482,2.3129,0.8841,2.5553,1.0601
2021-12-21 06:05,7855255.1,32976361,2.3119,0.88332,2.5462,0.66081
2021-12-21 06:10,7863990.9,33022945,2.3138,0.88463,2.5506,0.99827
2021-12-21 06:15,7861954.3,33075242,2.3176,0.8832,2.5489,1.6769
2021-12-21 06:20,7859159.5,33008470,2.3207,0.88282,2.5581,1.3364
2021-12-21 06:25,7879419.8,33290549,2.3086,0.88366,2.5663,2.7528
2021-12-21 06:30,7875360.2,33155527,2.3241,0.88373,2.5887,0.81716
2021-12-21 06:35,7878281.8,33188922,2.3294,0.8823,2.5979,0.62953
2021-12-21 06:40,7877871.9,33065827,2.3332,0.88229,2.5958,0.95555
2021-12-21 06:45,7880740.8,33177919,2.3521,0.88231,2.61,1.3179
2021-12-21 06:50,7875269.9,33387417,2.3322,0.88237,2.6024,1.5759
2021-12-21 06:55,7818505.6,33205193,2.3047,0.87853,2.584,2.723
2021-12-21 07:00,7766538.6,32836925,2.3289,0.87738,2.6057,0.46684
2021-12-21 07:05,7764226.4,32758649,2.3482,0.87607,2.6248,0.71911
2021-12-21 07:10,7765501,32747118,2.3461,0.87554,2.624,1.004
2021-12-21 07:15,7771979,32791221,2.3394,0.87637,2.617,1.0027
2021-12-21 07:20,7783514,32877173,2.3413,0.87611,2.6288,0.80806
2021-12-21 07:25,7772967.6,33182799,2.2809,0.87352,2.5726,1.7896
2021-12-21 07:30,7789398.3,33278293,2.2719,0.87365,2.5546,1.2028
2021-12-21 07:35,7805396.2,33299066,2.2681,0.87216,2.5481,1.0754
2021-12-21 07:40,7799660.6,33276189,2.2805,0.87287,2.5572,0.6321
2021-12-21 07:45,7793011.1,33224404,2.2877,0.8735,2.5657,0.59244
2021-12-21 07:50,7863295,33544816,2.2953,0.87263,2.564,1.1173
2021-12-21 07:55,7867020.4,33481338,2.305,0.87312,2.5806,0.89795
2021-12-21 08:00,7865275.7,33481830,2.2992,0.87187,2.577,1.5191
2021-12-21 08:05,7898464,33742238,2.2918,0.8736,2.5638,0.62557
2021-12-21 08:10,7918396,34017429,2.2404,0.8721,2.5335,2.1527
2021-12-21 08:15,7913802.5,33878989,2.2704,0.87003,2.5673,1.0075
2021-12-21 08:20,7998471.8,34321442,2.2463,0.87152,2.5313,0.69244
2021-12-21 08:25,7997239.9,34364140,2.2546,0.87287,2.5439,0.72239
2021-12-21 08:30,7995978.3,34406695,2.2414,0.87326,2.5518,1.1994
2021-12-21 08:35,8019072.6,34369830,2.2479,0.87405,2.552,0.57007
2021-12-21 08:40,8018917.1,34337003,2.259,0.87246,2.5658,0.76263
2021-12-21 08:45,8021445.9,34325948,2.268,0.8716,2.5722,0.79226
2021-12-21 08:50,8002775.4,34470584,2.2389,0.87413,2.5409,1.3161
2021-12-21 08:55,8014884.8,34446948,2.2438,0.87521,2.5337,0.64812
2021-12-21 09:00,8001742.2,34503512,2.2231,0.87392,2.5114,0.92891
2021-12-21 09:05,8003020.8,34457612,2.2057,0.87497,2.5011,0.7185
2021-12-21 09:10,7998977.2,34491590,2.1882,0.87443,2.4871,1.0502
2021-12-21 09:15,8026092.9,34456017,2.1916,0.87336,2.4886,0.45408
2021-12-21 09:20,8020660.3,34360509,2.2228,0.87328,2.5061,0.51896
2021-12-21 09:25,8014286.1,34389302,2.2051,0.87435,2.4846,1.3136
2021-12-21 09:30,8021887.8,34540438,2.2193,0.87317,2.5069,1.0312
2021-12-21 09:35,8024318.4,34536819,2.2043,0.8726,2.4846,0.79237
2021-12-21 09:40,8023494.7,34549535,2.2041,0.87432,2.4816,1.1854
2021-12-21 09:45,8017196.4,34554338,2.1985,0.87558,2.4783,1.1551
2021-12-21 09:50,8018042.1,34589834,2.2006,0.87491,2.4772,1.7172
2021-12-21 09:55,8007567.4,34486077,2.2177,0.87918,2.4979,0.66967
2021-12-21 10:00,8003988.5,34447451,2.2147,0.87914,2.4943,1.3683
2021-12-21 10:05,8009450.9,34408601,2.2113,0.87964,2.4862,0.86576
2021-12-21 10:10,8002957.2,34460734,2.1958,0.87854,2.4555,1.6847
2021-12-21 10:15,8006876.4,34565685,2.189,0.87866,2.4432,0.75161
2021-12-21 10:20,8021074.1,34578850,2.1879,0.88006,2.4417,0.80377
2021-12-21 10:25,8014660.8,34439710,2.2084,0.88094,2.4633,0.38574
2021-12-21 10:30,8016010.9,34873504,2.0652,0.88102,2.3286,2.4951
2021-12-21 10:35,8065505.7,35083021,2.0673,0.88387,2.3314,1.24
2021-12-21 10:40,8068609.2,35140856,2.0782,0.88355,2.3429,0.88796
2021-12-21 10:45,8087817.6,35149655,2.0837,0.88286,2.3446,0.78984
2021-12-21 10:50,8146508.2,35306967,2.1191,0.88064,2.3745,2.017
2021-12-21 10:55,8143935.2,35228709,2.11,0.88041,2.3695,0.86399
2021-12-21 11:00,8147245.8,35256760,2.1084,0.8775,2.3735,0.70427
2021-12-21 11:05,8125997.5,34998671,2.1315,0.87698,2.3915,0.62265
2021-12-21 11:10,8129417,35127211,2.1142,0.87603,2.3738,1.4083
2021-12-21 11:15,8136711.7,35183141,2.1163,0.87589,2.3705,1.0056
2021-12-21 11:20,8140200.8,35277135,2.1142,0.87537,2.3692,1.1117
2021-12-21 11:25,8141410.4,35333876,2.1098,0.8765,2.3629,0.92973
2021-12-21 11:30,8174774.6,35387549,2.1141,0.8764,2.3741,0.7388
2021-12-21 11:35,8197185.3,35456072,2.1012,0.87666,2.3559,0.9626
2021-12-21 11:40,8246692.3,35615836,2.0787,0.87575,2.3036,0.96947
2021-12-21 11:45,8243773.8,35621347,2.0739,0.87629,2.3015,0.67452
2021-12-21 11:50,8253142.5,35736107,2.0739,0.87675,2.3081,0.79213
2021-12-21 11:55,8251004.1,35696899,2.0752,0.87769,2.3126,0.81774
2021-12-21 12:00,8245767.9,35470852,2.1099,0.87849,2.3421,0.39861
2021-12-21 12:05,8238208,35366627,2.094,0.87954,2.3255,0.99815
2021-12-21 12:10,8244529.8,35459723,2.086,0.87858,2.3088,1.6185
2021-12-21 12:15,8232648.5,35656308,2.0784,0.87894,2.3087,1.4043
2021-12-21 12:20,8221020.1,35709843,2.0448,0.87827,2.2667,2.137
2021-12-21 12:25,8212705.1,35656559,2.0617,0.87963,2.2712,0.92327
2021-12-21 12:30,8210132.6,35930195,2.0154,0.87965,2.2304,1.3592
2021-12-21 12:35,8202454.8,35984169,2.021,0.88291,2.228,0.98958
2021-12-21 12:40,8188781.1,35719463,1.9979,0.88448,2.2034,0.76218
2021-12-21 12:45,8207247.9,35747584,2.025,0.88456,2.2272,1.0106
2021-12-21 12:50,8219212.9,35704261,2.0221,0.88687,2.2295,0.97727
2021-12-21 12:55,8233214.5,36054581,1.969,0.88966,2.1724,1.0468
2021-12-21 13:00,8184394.6,35708514,1.9682,0.88867,2.1747,0.83669
2021-12-21 13:05,8137621.3,35374240,1.9856,0.88647,2.1879,0.52789
2021-12-21 13:10,8091218.6,34980715,2.0062,0.88704,2.2048,0.47696
2021-12-21 13:15,8042315.5,34855395,2.0058,0.88527,2.2064,0.93128
2021-12-21 13:20,8053220.1,34980534,1.9959,0.88664,2.1918,1.2932
2021-12-21 13:25,8041913.1,35143160,1.9624,0.88535,2.1512,1.4377
2021-12-21 13:30,8053202.4,35157926,1.975,0.88849,2.1526,0.69516
2021-12-21 13:35,8058317.9,35123897,1.9766,0.88995,2.1573,0.99607
2021-12-21 13:40,8097408.4,35596207,1.9181,0.8898,2.098,1.6499
2021-12-21 13:45,8126778.7,35891365,1.8971,0.88752,2.0874,1.1599
2021-12-21 13:50,8162363.2,35819575,1.9252,0.89212,2.1122,0.51892
2021-12-21 13:55,8161473.6,35845192,1.9344,0.8904,2.1311,1.11
2021-12-21 14:00,8143918.9,35642749,1.9373,0.89166,2.122,0.50613
2021-12-21 14:05,8111745,35356629,1.9696,0.88979,2.1559,0.73584
2021-12-21 14:10,8110321.4,35369112,1.9651,0.88894,2.1536,0.93151
2021-12-21 14:15,8108915,35541374,1.945,0.88777,2.1426,2.3542
2021-12-21 14:20,8151269.6,35808527,1.8985,0.88856,2.0979,1.885
2021-12-21 14:25,8120266.5,35209476,1.9326,0.88842,2.075,0.31531
2021-12-21 14:30,8149425.9,35418470,1.9239,0.8884,2.0462,1.3279
2021-12-21 14:35,8168091.1,35603927,1.919,0.88681,2.0418,1.0503
2021-12-21 14:40,8183012.3,35663082,1.8645,0.88932,1.9761,1.0228
2021-12-21 14:45,8196170.5,35700517,1.868,0.88951,1.9729,0.93147
2021-12-21 14:50,8163307.6,35253730,1.894,0.88822,1.9581,0.56933
2021-12-21 14:55,8192096.8,35340559,1.8717,0.88752,1.9118,0.80423
2021-12-21 15:00,8187769.1,35463339,1.8654,0.88719,1.9046,1.0943
2021-12-21 15:05,8219397.6,35467538,1.8815,0.89061,1.9185,0.55393
2021-12-21 15:10,8202635.9,35536998,1.8591,0.88847,1.8932,1.1812
2021-12-21 15:15,8184247.4,35726228,1.8132,0.88837,1.8381,1.4393
2021-12-21 15:20,8175793.7,35549006,1.8144,0.88943,1.8394,0.68469
2021-12-21 15:25,8196628.8,35809092,1.7911,0.89004,1.7931,1.4923
2021-12-21 15:30,8207076.7,35635127,1.8076,0.89481,1.7861,0.68857
2021-12-21 15:35,8192739.5,35146852,1.83,0.89687,1.8097,0.55549
2021-12-21 15:40,8122422.4,34768738,1.8768,0.89155,1.8737,0.66942
2021-12-21 15:45,8120824.6,34878942,1.8701,0.89187,1.9022,1.6031
2021-12-21 15:50,8124623.2,34960254,1.8726,0.89191,1.9062,0.82845
2021-12-21 15:55,8123246.6,35009575,1.8747,0.89182,1.8979,1.2962
2021-12-21 16:00,8129300.2,34806638,1.8996,0.89261,1.9183,0.65065
2021-12-21 16:05,8121798.3,34769419,1.9605,0.89075,1.9788,1.1189
2021-12-21 16:10,8098572.8,34767173,1.9715,0.89045,2.008,1.12
2021-12-21 16:15,8129787.2,34986953,1.9679,0.89361,2.0148,0.92952
2021-12-21 16:20,8101456.1,34844363,1.9715,0.89339,2.0148,1.0765
2021-12-21 16:25,8101198.5,34730632,2.0342,0.89504,2.0613,0.77809
2021-12-21 16:30,8074316.2,34558510,2.0452,0.88992,2.0755,0.85384
2021-12-21 16:35,8018574.9,34022813,2.0972,0.8903,2.105,0.55416
2021-12-21 16:40,7984001.2,34103621,2.0864,0.88647,2.1008,1.6331
2021-12-21 16:45,7978184.7,34043708,2.1111,0.88713,2.1307,1.1244
2021-12-21 16:50,7982237.3,34084935,2.0967,0.88551,2.1208,1.207
2021-12-21 16:55,7975888.4,34304296,2.0688,0.88584,2.1102,1.8763
2021-12-21 17:00,7965574.6,34249378,2.0932,0.88599,2.1251,0.89201
2021-12-21 17:05,7952686.2,34252219,2.0834,0.88553,2.1103,1.2421
2021-12-21 17:10,7938071.9,34130713,2.0881,0.8854,2.1141,1.4043
2021-12-21 17:15,7956559.6,34490655,2.0259,0.88413,2.0923,1.7471
2021-12-21 17:20,7960642,34374052,2.0361,0.88658,2.1016,0.60847
2021-12-21 17:25,7960347.7,34365419,2.0509,0.88526,2.1145,1.1059
2021-12-21 17:30,7931228.7,34088421,2.0764,0.88427,2.1325,0.45761
2021-12-21 17:35,7934458.3,34076530,2.0851,0.88348,2.1363,1.0664
2021-12-21 17:40,7936048.5,34204369,2.086,0.88174,2.1427,1.8324
2021-12-21 17:45,7941905.5,34086658,2.0805,0.8817,2.1407,0.75989
2021-12-21 17:50,7904377.4,33772695,2.1172,0.88145,2.1649,0.42904
2021-12-21 17:55,7900049.9,33824961,2.1155,0.88019,2.1705,2.1259
2021-12-21 18:00,7908384.8,33935148,2.1116,0.88154,2.1641,1.3026
2021-12-21 18:05,7922170.4,34144554,2.0689,0.88089,2.1343,1.9761
2021-12-21 18:10,7909796,34090377,2.0563,0.88112,2.1272,0.98052
2021-12-21 18:15,7908067,34123309,2.0345,0.8831,2.1062,1.1511
2021-12-21 18:20,7907791.3,34282753,2.0117,0.88226,2.0822,1.8627
2021-12-21 18:25,7909264.2,34310388,2.0076,0.88325,2.0776,0.85572
2021-12-21 18:30,7905076.7,34255759,2.0251,0.8847,2.0899,0.61129
2021-12-21 18:35,7918187.9,34412445,2.0271,0.88257,2.0917,2.3912
2021-12-21 18:40,7924763.4,34353849,2.0263,0.88271,2.0984,0.99166
2021-12-21 18:45,7927895,34455100,2.0125,0.882,2.0889,1.8859
2021-12-21 18:50,7932669.4,34620041,1.9839,0.87981,2.0807,1.8855
2021-12-21 18:55,7916988.6,34339930,1.9699,0.88032,2.0659,0.45225
2021-12-21 19:00,7913126.2,34145140,1.9658,0.87845,2.0638,0.52412
2021-12-21 19:05,7926216.2,34368073,1.9647,0.87892,2.063,1.7205
2021-12-21 19:10,7917190.6,34394826,1.9595,0.87846,2.0623,0.5825
2021-12-21 19:15,7912255.3,34489235,1.9494,0.87739,2.0526,0.89475
2021-12-21 19:20,7930390.6,34510365,1.94,0.87835,2.0428,0.84652
2021-12-21 19:25,7925466.9,34404452,1.9607,0.87991,2.0577,0.7186
2021-12-21 19:30,7936093.3,34681044,1.9444,0.88151,2.0525,1.6564
2021-12-21 19:35,8025961.7,35372295,1.8776,0.88427,1.995,1.6457
2021-12-21 19:40,8068570.9,35525763,1.8656,0.88671,1.9748,1.2591
2021-12-21 19:45,8111862.1,35781424,1.8457,0.88971,1.9567,1.1829
2021-12-21 19:50,8174774.2,36448023,1.8257,0.89526,1.9562,1.3704
2021-12-21 19:55,8175947.7,36350263,1.8199,0.89873,1.9548,0.51893
2021-12-21 20:00,8171301.7,36280982,1.8288,0.89867,1.9609,1.0307
2021-12-21 20:05,8128777.1,36351564,1.8114,0.89616,1.9628,1.0683
2021-12-21 20:10,8112145.7,36220731,1.8212,0.8951,1.9699,0.91479
2021-12-21 20:15,8112152,36210722,1.8191,0.89483,1.9603,0.88367
2021-12-21 20:20,8118264.7,36118160,1.8281,0.89479,1.9552,0.63369
2021-12-21 20:25,8070924.8,35568566,1.8923,0.89362,2.0154,0.47929
2021-12-21 20:30,8047832.8,35531182,1.8833,0.89302,2.0132,1.4229
2021-12-21 20:35,8027854.3,35367946,1.8684,0.89296,2,1.1554
2021-12-21 20:40,8021786.2,35360034,1.8562,0.89184,1.9847,1.0652
2021-12-21 20:45,8027966.5,35459145,1.8722,0.89276,1.9997,1.1314
2021-12-21 20:50,8022114.8,35842172,1.8306,0.89167,1.9678,1.5256
2021-12-21 20:55,8036753.5,36126737,1.7881,0.89179,1.9355,1.2162
2021-12-21 21:00,8021618,35937471,1.8193,0.89352,1.9579,0.71225
2021-12-21 21:05,8008614.6,35830542,1.8251,0.89502,1.9576,0.72877
2021-12-21 21:10,8040028.4,36341450,1.7697,0.89231,1.9259,1.339
2021-12-21 21:15,8111839.9,36900760,1.744,0.89874,1.9056,1.6507
2021-12-21 21:20,8206562.6,37240029,1.7042,0.90545,1.8731,1.2943
2021-12-21 21:25,8199137.9,37207688,1.7149,0.90559,1.8706,1.2508
2021-12-21 21:30,8206603.1,37509615,1.6754,0.90585,1.8386,1.0561
2021-12-21 21:35,8194282.6,37333152,1.6411,0.90592,1.8015,0.89067
2021-12-21 21:40,8202864,37487088,1.6543,0.90425,1.8092,1.2075
2021-12-21 21:45,8190226.3,37424035,1.6628,0.90349,1.8121,0.87241
2021-12-21 21:50,8259132.9,37809899,1.6368,0.90715,1.7868,1.3003
2021-12-21 21:55,8257825.9,37771546,1.6476,0.90829,1.7895,0.84721
2021-12-21 22:00,8249287,37807395,1.6442,0.90749,1.7806,1.1437
2021-12-21 22:05,8297247.7,38169283,1.6228,0.90782,1.7554,1.6314
2021-12-21 22:10,8299215.6,38024784,1.618,0.90969,1.7447,0.58284
2021-12-21 22:15,8317581.4,38052935,1.6429,0.91097,1.7529,0.72411
2021-12-21 22:20,8288786.2,37962641,1.6484,0.91106,1.7559,0.75638
2021-12-21 22:25,8240685.8,37641933,1.6583,0.91043,1.7581,0.38635
2021-12-21 22:30,8235645.7,37689735,1.6538,0.91006,1.7505,1.3036
2021-12-21 22:35,8250665.2,37824222,1.6363,0.91144,1.7331,1.2719
2021-12-21 22:40,8300498.1,38389804,1.6045,0.91044,1.7296,3.1169
2021-12-21 22:45,8350953.1,38549477,1.6335,0.9125,1.7474,1.0013
2021-12-21 22:50,8353897.5,38676474,1.6293,0.91247,1.7454,1.1705
2021-12-21 22:55,8353618.6,38568657,1.6286,0.91144,1.7435,0.81915
2021-12-21 23:00,8366141.1,38576277,1.6415,0.91153,1.7584,0.8099
2021-12-21 23:05,8379616.6,38630033,1.6454,0.91258,1.7553,0.63384
2021-12-21 23:10,8370218.7,38602080,1.6423,0.91193,1.7462,1.0234
2021-12-21 23:15,8355794.6,38486790,1.6584,0.91381,1.754,0.68582
2021-12-21 23:20,8327683.7,38315673,1.6362,0.91343,1.7222,0.76816
2021-12-21 23:25,8321460.5,38528362,1.6245,0.91527,1.7113,1.6353
2021-12-21 23:30,8330566.4,38531705,1.6297,0.91648,1.7123,0.84326
2021-12-21 23:35,8334737.8,38556497,1.641,0.91677,1.7207,0.87351
2021-12-21 23:40,8356390.9,38598170,1.6552,0.91736,1.7271,0.61343
2021-12-21 23:45,8352677.8,38606315,1.6525,0.91765,1.7233,0.63681
2021-12-21 23:50,8365929.2,38633861,1.6442,0.91667,1.7134,0.88077
2021-12-21 23:55,8369061.1,38547895,1.6529,0.91915,1.7192,0.36601
2021-12-22 00:00,8359624.8,38629826,1.6347,0.92098,1.7014,0.85601
2021-12-22 00:05,8515328.2,39472484,1.6289,0.92384,1.7429,1.6918
2021-12-22 00:10,8869723.7,41508816,1.6739,0.93373,1.7493,1.0415
2021-12-22 00:15,8887732.5,41594588,1.682,0.93339,1.7611,0.86684
2021-12-22 00:20,8934979.2,42235647,1.6753,0.93265,1.7559,1.319
2021-12-22 00:25,8948962.8,42671535,1.6792,0.93235,1.7777,1.2023
2021-12-22 00:30,8955438.7,42726398,1.6958,0.931,1.7948,1.273
2021-12-22 00:35,9014519.1,43489365,1.6628,0.93032,1.7693,1.1714
2021-12-22 00:40,9077182.1,43992617,1.6352,0.93053,1.7187,1.0391
2021-12-22 00:45,9105577,44067099,1.6507,0.93,1.717,0.80509
2021-12-22 00:50,8887888.8,42537436,1.6697,0.92635,1.7226,0.65104
2021-12-22 00:55,8904532.9,42645823,1.6744,0.92952,1.7336,0.63798
2021-12-22 01:00,8902585.9,42696438,1.6661,0.92998,1.719,0.80231
2021-12-22 01:05,8977529.1,43774851,1.606,0.93142,1.6846,1.4671
2021-12-22 01:10,9007579.4,43354956,1.6398,0.93267,1.7163,0.77216
2021-12-22 01:15,9031195.3,43402028,1.6568,0.93468,1.7263,0.87239
2021-12-22 01:20,8945390.8,42607996,1.6822,0.93545,1.7312,0.55368
2021-12-22 01:25,8939718.1,42653306,1.7138,0.93806,1.7679,0.85758
2021-12-22 01:30,8909687.3,42641763,1.7076,0.93823,1.767,1.4803
2021-12-22 01:35,8896291.9,42657720,1.7018,0.9383,1.7527,0.89085
2021-12-22 01:40,8910839.7,43028946,1.669,0.93559,1.7306,1.1853
2021-12-22 01:45,8915652.4,43016073,1.6547,0.93129,1.711,1.0942
2021-12-22 01:50,9023156.7,43751853,1.6427,0.93037,1.7013,1.3476
2021-12-22 01:55,9016694.3,43638784,1.6525,0.92885,1.7005,0.776
2021-12-22 02:00,9068102.5,44125387,1.6234,0.93058,1.6727,0.84232
2021-12-22 02:05,9125656.5,44168177,1.6322,0.93097,1.6731,0.66268
2021-12-22 02:10,9135222.3,44401818,1.6195,0.93091,1.6526,1.063
2021-12-22 02:15,9145171.6,44469001,1.6223,0.93061,1.6513,1.0556
2021-12-22 02:20,9161138.2,44667907,1.6252,0.93082,1.6571,1.7186
2021-12-22 02:25,9185611.4,44736228,1.624,0.92923,1.6435,1.1072
2021-12-22 02:30,9190045,44801598,1.6267,0.92903,1.6399,0.7045
2021-12-22 02:35,9177507.9,44680183,1.6297,0.9291,1.6484,1.1353
2021-12-22 02:40,9146984,44856810,1.5592,0.92916,1.6141,1.9713
2021-12-22 02:45,9174718,44843876,1.6106,0.92948,1.656,0.7511
2021-12-22 02:50,9177923.3,44733198,1.6188,0.92957,1.6618,0.86734
2021-12-22 02:55,9158624.6,44602502,1.6582,0.92883,1.6947,0.77379
2021-12-22 03:00,9128625.8,44282964,1.6552,0.92954,1.6746,0.46843
2021-12-22 03:05,9104592.5,44321156,1.6427,0.92954,1.6633,1.0201
2021-12-22 03:10,9102403.2,44261585,1.6503,0.92926,1.6659,0.96608
2021-12-22 03:15,9099533.7,44478521,1.626,0.92977,1.6478,0.99211
2021-12-22 03:20,9118641.1,44691005,1.6078,0.92853,1.6336,1.4789
2021-12-22 03:25,9123409,44660202,1.6004,0.92856,1.6166,0.72131
2021-12-22 03:30,9122807.7,44527317,1.5956,0.92884,1.616,1.1282
2021-12-22 03:35,9102668.6,44502947,1.5832,0.92858,1.602,1.2822
2021-12-22 03:40,9110235.4,44532945,1.5893,0.92946,1.6063,0.93517
2021-12-22 03:45,9119154.3,44586738,1.5894,0.93003,1.6071,0.84818
2021-12-22 03:50,9141844.6,44817909,1.5716,0.93043,1.5911,1.2408
2021-12-22 03:55,9161287.1,44984844,1.5672,0.9312,1.5932,1.5834
2021-12-22 04:00,9222233.1,45456913,1.5477,0.93212,1.5883,1.2999
2021-12-22 04:05,9255319,45579938,1.5345,0.93201,1.572,0.87304
2021-12-22 04:10,9268878.8,45500926,1.557,0.93136,1.5869,1.0169
2021-12-22 04:15,9271378.4,45367447,1.5592,0.93306,1.5856,0.88778
2021-12-22 04:20,9222647.4,45020326,1.5732,0.93502,1.591,0.49184
2021-12-22 04:25,9232490.9,45082253,1.5833,0.93575,1.5982,1.1875
2021-12-22 04:30,9210214.8,44934926,1.5954,0.93554,1.6066,0.41261
2021-12-22 04:35,9196124,44886281,1.5804,0.93835,1.5899,1.1885
2021-12-22 04:40,9189029.8,44860843,1.5868,0.93892,1.5872,0.64773
2021-12-22 04:45,9183278.7,44878058,1.5898,0.9386,1.5886,1.0042
2021-12-22 04:50,9182734.2,44912753,1.5855,0.93909,1.5931,1.2435
2021-12-22 04:55,9180404,44837368,1.5873,0.94145,1.5936,1.1836
2021-12-22 05:00,9170346.2,44843648,1.5893,0.94148,1.5935,0.77972
2021-12-22 05:05,9147076,44629572,1.5902,0.94075,1.5913,0.37638
2021-12-22 05:10,9146144.8,44619543,1.5861,0.94091,1.5787,0.82117
2021-12-22 05:15,9141943,44630966,1.5825,0.94224,1.5739,1.5556
2021-12-22 05:20,9118455.7,44388642,1.5809,0.94338,1.5699,0.50331
2021-12-22 05:25,9102346.6,44328436,1.5831,0.94383,1.5643,0.70797
2021-12-22 05:30,9101447.6,44279578,1.5835,0.94425,1.5555,0.59685
2021-12-22 05:35,9074448.1,43983125,1.5965,0.94444,1.5587,0.4227
2021-12-22 05:40,9113401.6,44099550,1.5983,0.94693,1.5493,0.62531
2021-12-22 05:45,9120815.8,44557163,1.5831,0.94717,1.5425,1.7509
2021-12-22 05:50,9121872.2,44568304,1.5908,0.94716,1.5408,0.88319
2021-12-22 05:55,9151656.6,44815662,1.5831,0.94894,1.536,0.95843
2021-12-22 06:00,9226973.6,45156809,1.5797,0.94786,1.5333,1.3343
2021-12-22 06:05,9252662.7,45357618,1.5801,0.94931,1.5333,1.064
2021-12-22 06:10,9278270.3,45513993,1.5751,0.94983,1.5281,1.0896
2021-12-22 06:15,9301893.6,45625788,1.5858,0.94882,1.5336,0.76641
2021-12-22 06:20,9310143.8,45814290,1.5579,0.94981,1.5117,1.8585
2021-12-22 06:25,9434272.9,46739173,1.49,0.95222,1.4697,1.2033
2021-12-22 06:30,9492741.1,46992716,1.5223,0.95165,1.495,0.67783
2021-12-22 06:35,9503122.2,46976894,1.534,0.95174,1.5036,1.1733
2021-12-22 06:40,9505241.2,46835175,1.5281,0.9514,1.49,0.84638
2021-12-22 06:45,9469068.7,46625694,1.5265,0.95008,1.4856,0.82326
2021-12-22 06:50,9465416.6,46650402,1.525,0.94979,1.4958,0.72764
2021-12-22 06:55,9459993.1,46703986,1.5198,0.94917,1.4873,1.2358
2021-12-22 07:00,9480821.9,46716505,1.5252,0.94884,1.4916,0.68119
2021-12-22 07:05,9490361.4,46845125,1.5198,0.9473,1.4817,0.70073
2021-12-22 07:10,9580576.5,47517264,1.5143,0.94788,1.4772,1.9402
2021-12-22 07:15,9634635.8,47973151,1.4883,0.94854,1.471,1.8835
2021-12-22 07:20,9639839,48017493,1.4685,0.94694,1.4576,1.0768
2021-12-22 07:25,9632369.5,47853612,1.4761,0.94557,1.4592,0.8736
2021-12-22 07:30,9638280.3,47863700,1.4728,0.94465,1.4558,0.99716
2021-12-22 07:35,9648792.9,48070699,1.472,0.94331,1.4537,0.95098
2021-12-22 07:40,9711321.7,48420650,1.4846,0.94305,1.4669,1.1212
2021-12-22 07:45,9745446.9,48500372,1.4888,0.94395,1.4718,0.6957
2021-12-22 07:50,9773732.3,48697632,1.5096,0.94397,1.4847,1.1788
2021-12-22 07:55,9796861,48795856,1.5112,0.94256,1.4848,1.5258
2021-12-22 08:00,9791544.4,49153242,1.5239,0.941,1.5196,1.2811
2021-12-22 08:05,9874108.4,49419913,1.5089,0.94237,1.5089,0.98051
2021-12-22 08:10,9824111.6,48796362,1.5096,0.94475,1.4995,0.71243
2021-12-22 08:15,9867176.5,49395086,1.4849,0.94504,1.4695,1.4004
2021-12-22 08:20,9912382.7,49760161,1.4727,0.94788,1.4482,1.0328
2021-12-22 08:25,9895718,49499141,1.4651,0.94746,1.439,0.76707
2021-12-22 08:30,9889252.4,49297923,1.4694,0.94782,1.4488,0.90339
2021-12-22 08:35,9903940.5,49363478,1.4784,0.9477,1.4576,0.78462
2021-12-22 08:40,9831199.5,48831568,1.5099,0.94842,1.4729,0.66407
2021-12-22 08:45,9812234.6,48644479,1.5122,0.94989,1.4687,1.1042
2021-12-22 08:50,9792971.7,48661276,1.5065,0.9511,1.4667,1.2871
2021-12-22 08:55,9783751.4,48620279,1.5095,0.95175,1.4709,0.88016
2021-12-22 09:00,9808139.8,48628757,1.5135,0.95269,1.473,0.78332
2021-12-22 09:05,9797224.9,48580945,1.5223,0.95158,1.4796,0.52356
2021-12-22 09:10,9775152.7,48834312,1.5058,0.95242,1.4691,1.6822
2021-12-22 09:15,9786516.9,49139603,1.4894,0.95684,1.455,1.2956
2021-12-22 09:20,9789332,49257826,1.5036,0.95686,1.4613,0.99465
2021-12-22 09:25,9805420.2,49030119,1.5021,0.95545,1.4602,0.75734
2021-12-22 09:30,9681450.1,47999154,1.3738,0.95044,1.3691,0.93534
2021-12-22 09:35,9695645.6,48013960,1.358,0.94842,1.3638,0.66367
2021-12-22 09:40,9651429.3,47369215,1.3542,0.94766,1.3373,0.59987
2021-12-22 09:45,9604584.8,47548789,1.34,0.94701,1.3302,0.96629
2021-12-22 09:50,9619511.8,47635822,1.3392,0.94986,1.3241,0.92702
2021-12-22 09:55,9597347,47228545,1.3504,0.9514,1.3277,0.58313
2021-12-22 10:00,9583120.6,47033956,1.3588,0.95383,1.3377,0.76128
2021-12-22 10:05,9533319.2,46951597,1.3749,0.95175,1.3582,0.94009
2021-12-22 10:10,9524966.5,47054605,1.3694,0.95525,1.3592,0.98069
2021-12-22 10:15,9536832.8,47374573,1.3672,0.95818,1.3596,1.1829
2021-12-22 10:20,9553151.4,47536481,1.365,0.95652,1.3619,1.078
2021-12-22 10:25,9553252.1,47343660,1.3842,0.95929,1.3707,0.71642
2021-12-22 10:30,9552525.8,47542921,1.3799,0.95875,1.3702,1.456
2021-12-22 10:35,9557482.7,47902103,1.3603,0.95864,1.3559,1.6526
2021-12-22 10:40,9639677.5,48844246,1.3323,0.96106,1.3478,1.226
2021-12-22 10:45,9661686.2,48646590,1.3396,0.96441,1.344,0.7368
2021-12-22 10:50,9641823.8,48556225,1.3259,0.96192,1.3356,1.0286
2021-12-22 10:55,9622868.8,48685983,1.3194,0.96032,1.331,1.188
2021-12-22 11:00,9685771.2,49010002,1.3146,0.96332,1.3402,1.0385
2021-12-22 11:05,9706376.1,49040816,1.3319,0.95883,1.3476,0.98107
2021-12-22 11:10,9717119,49177956,1.3252,0.95798,1.347,1.0269
2021-12-22 11:15,9701963.1,48957318,1.3165,0.95646,1.3422,1.0711
2021-12-22 11:20,9661030.3,48494345,1.3207,0.95334,1.3371,0.57559
2021-12-22 11:25,9650280.6,48346184,1.3317,0.95464,1.3474,1.0068
2021-12-22 11:30,9610081.7,47918227,1.3326,0.95385,1.3435,1.0248
2021-12-22 11:35,9556846.9,47500397,1.3483,0.95,1.3599,0.61114
2021-12-22 11:40,9557204.7,47522722,1.3549,0.9486,1.362,1.2332
2021-12-22 11:45,9568303.3,47583172,1.3465,0.94747,1.3546,1.2024
2021-12-22 11:50,9538604.2,47263784,1.3406,0.94615,1.3492,0.78961
2021-12-22 11:55,9536862.6,47111175,1.3487,0.94679,1.3556,1.0075
2021-12-22 12:00,9532310.3,47061016,1.3574,0.94368,1.3594,1.1997
2021-12-22 12:05,9528376.7,47431422,1.3416,0.94181,1.3629,1.4954
2021-12-22 12:10,9521010.1,47376546,1.357,0.94276,1.3825,0.6126
2021-12-22 12:15,9506040.1,47238050,1.3641,0.94206,1.3886,0.88911
2021-12-22 12:20,9527424.4,46998785,1.3718,0.9433,1.3817,0.55726
2021-12-22 12:25,9459723,46361609,1.3824,0.94619,1.377,0.60836
2021-12-22 12:30,9399295.9,45953158,1.403,0.94438,1.401,0.80154
2021-12-22 12:35,9291930.5,44935776,1.435,0.94511,1.387,0.54425
2021-12-22 12:40,9270206.6,44904475,1.4226,0.94778,1.3855,1.0828
2021-12-22 12:45,9268605.2,45230793,1.3969,0.95018,1.3704,1.5987
2021-12-22 12:50,9237700,44953951,1.4236,0.95054,1.3919,0.77345
2021-12-22 12:55,9224303.5,44654128,1.4477,0.95067,1.4023,1.0642
2021-12-22 13:00,9271793.4,45069037,1.4441,0.95355,1.4022,0.96608
2021-12-22 13:05,9288353.7,45745142,1.4319,0.95702,1.3979,1.411
2021-12-22 13:10,9379285,46621966,1.3858,0.96313,1.3709,0.99181
2021-12-22 13:15,9560737.6,47583791,1.3854,0.96833,1.3771,1.0317
2021-12-22 13:20,9681012.2,48538193,1.366,0.97216,1.3617,0.75002
2021-12-22 13:25,9612611.9,47659330,1.3817,0.97408,1.3653,0.69249
2021-12-22 13:30,9611271.2,47437317,1.3764,0.97462,1.3602,1.1506
2021-12-22 13:35,9530067.4,46660785,1.3903,0.97153,1.3691,0.6255
2021-12-22 13:40,9498389.4,46560786,1.3851,0.9714,1.367,1.064
2021-12-22 13:45,9523976.4,46753200,1.3947,0.9706,1.3768,1.0223
2021-12-22 13:50,9543959.7,47254596,1.3894,0.96865,1.3762,0.92284
2021-12-22 13:55,9529239.1,47110689,1.3843,0.96702,1.3695,0.85743
2021-12-22 14:00,9548110.5,47425819,1.3733,0.9682,1.3532,1.0544
2021-12-22 14:05,9559415.1,47677939,1.3874,0.97092,1.3589,1.3169
2021-12-22 14:10,9590629,47780514,1.3933,0.97473,1.3649,0.82704
2021-12-22 14:15,9601376.5,47814855,1.3939,0.97408,1.3598,0.91921
2021-12-22 14:20,9586052.5,47700524,1.3954,0.97499,1.361,0.82048
2021-12-22 14:25,9719939,49261159,1.3279,0.97577,1.309,1.4406
2021-12-22 14:30,9765026.9,49121266,1.3535,0.97615,1.3178,0.57906
2021-12-22 14:35,9733864,48786126,1.3573,0.97465,1.3174,0.80458
2021-12-22 14:40,9771877.1,49643994,1.3162,0.97231,1.2946,1.5126
2021-12-22 14:45,9875090,50746261,1.2542,0.9732,1.2299,1.0168
2021-12-22 14:50,9959243,51721449,1.1238,0.97839,1.1031,1.2115
2021-12-22 14:55,9997523.1,51852549,1.1718,0.97898,1.1034,1.0497
2021-12-22 15:00,10116477,52613357,1.1553,0.97951,1.0787,0.97521
2021-12-22 15:05,10115941,52299413,1.1632,0.98014,1.0708,1.1698
2021-12-22 15:10,10121777,52252948,1.1461,0.9824,1.0515,1.1066
2021-12-22 15:15,10126442,51879377,1.1309,0.98184,1.0344,0.6699
2021-12-22 15:20,10105484,51836638,1.1363,0.98123,1.0369,1.099
2021-12-22 15:25,10116969,51803583,1.1491,0.98007,1.0518,1.1002
2021-12-22 15:30,10123188,51665241,1.1509,0.97996,1.0472,0.82047
2021-12-22 15:35,10124273,52020359,1.1361,0.97919,1.0475,1.6404
2021-12-22 15:40,10140419,52218966,1.1375,0.97848,1.0547,1.3803
2021-12-22 15:45,10151730,52027614,1.1429,0.97983,1.0563,0.69823
2021-12-22 15:50,10169839,52150269,1.1351,0.97925,1.0557,1.2441
2021-12-22 15:55,10199243,52689291,1.1229,0.97864,1.0483,1.4913
2021-12-22 16:00,10269135,53153045,1.1127,0.97823,1.0402,0.7259
2021-12-22 16:05,10335707,53456278,1.111,0.97789,1.0376,1.1667
2021-12-22 16:10,10354883,53729556,1.0928,0.97774,1.0156,0.89812
2021-12-22 16:15,10355722,53794370,1.0857,0.97886,1.0082,1.3164
2021-12-22 16:20,10349018,53682916,1.0879,0.97692,1.0095,0.79115
2021-12-22 16:25,10346870,53234646,1.1003,0.97727,1.0197,0.76459
2021-12-22 16:30,10323667,53142785,1.1066,0.97657,1.0276,1.2476
2021-12-22 16:35,10272055,52664591,1.1171,0.97229,1.0358,0.69533
2021-12-22 16:40,10278905,52535483,1.1334,0.97571,1.0485,1.1297
2021-12-22 16:45,10245581,52201235,1.1312,0.97537,1.0541,1.0386
2021-12-22 16:50,10156120,51450902,1.1555,0.97656,1.0704,0.66896
2021-12-22 16:55,10147102,51524868,1.1526,0.97696,1.0804,2.185
2021-12-22 17:00,10111199,51531492,1.1646,0.97424,1.1032,1.8555
2021-12-22 17:05,10103968,51550444,1.1605,0.97394,1.105,0.84218
2021-12-22 17:10,10132162,51370063,1.1596,0.97471,1.1004,0.79423
2021-12-22 17:15,10073415,50890893,1.1877,0.97399,1.1202,0.59915
2021-12-22 17:20,10102142,50864285,1.1918,0.97501,1.1246,1.0963
2021-12-22 17:25,10108312,50824593,1.1944,0.97587,1.1276,1.1743
2021-12-22 17:30,10090787,50633130,1.1955,0.97427,1.1261,1.3704
2021-12-22 17:35,10053458,50337666,1.1999,0.97326,1.1267,1.0756
2021-12-22 17:40,10028024,49957628,1.2083,0.97399,1.1301,0.61346
2021-12-22 17:45,9959352.9,49258959,1.2573,0.97474,1.1492,0.72863
2021-12-22 17:50,9978080.6,49542616,1.2841,0.97082,1.1864,1.6716
2021-12-22 17:55,9931474.4,49108086,1.2997,0.96831,1.2076,0.5396
2021-12-22 18:00,9842851.2,48509640,1.3047,0.97091,1.2105,0.64605
2021-12-22 18:05,9800726.1,48272431,1.3285,0.96775,1.233,1.1191
2021-12-22 18:10,9821957.2,48152618,1.3356,0.96637,1.232,1.1252
2021-12-22 18:15,9805244.7,48043752,1.3445,0.96729,1.2498,1.2404
2021-12-22 18:20,9810759.5,48061150,1.3557,0.96341,1.2643,1.6899
2021-12-22 18:25,9827027.5,47995587,1.3698,0.96116,1.2787,1.6599
2021-12-22 18:30,9809448.4,47889727,1.3792,0.95888,1.2921,1.1051
2021-12-22 18:35,9819358.6,47889012,1.4021,0.96,1.3117,1.0315
2021-12-22 18:40,9731297.4,47274619,1.4204,0.96229,1.3193,0.7673
2021-12-22 18:45,9762663.7,47343569,1.4283,0.96099,1.3324,1.0106
2021-12-22 18:50,9724730.4,47770191,1.4448,0.96095,1.3878,1.6527
2021-12-22 18:55,9790802.2,48592010,1.4632,0.96021,1.4148,1.5884
2021-12-22 19:00,9720386.3,48008988,1.4709,0.95993,1.4149,1.0121
2021-12-22 19:05,9703809.9,47655410,1.4933,0.95803,1.4217,0.8339
2021-12-22 19:10,9690016.4,47710576,1.4922,0.95817,1.4204,1.1598
2021-12-22 19:15,9692045.9,47820554,1.4813,0.95806,1.4081,1.6142
2021-12-22 19:20,9663190.2,47988567,1.4971,0.9562,1.4385,1.2734
2021-12-22 19:25,9756147,49219762,1.4354,0.95719,1.4055,0.953
2021-12-22 19:30,9738134.1,49450245,1.4073,0.96035,1.3865,0.97782
2021-12-22 19:35,9708485.9,49542404,1.3038,0.95926,1.2701,1.2016
2021-12-22 19:40,9704052.4,49412745,1.3074,0.96108,1.265,0.73643
2021-12-22 19:45,9763999,49639128,1.303,0.96388,1.2436,1.0982
2021-12-22 19:50,9824218.8,50271998,1.289,0.9675,1.2345,1.0476
2021-12-22 19:55,9840385.5,50520539,1.2905,0.96564,1.2264,0.99528
2021-12-22 20:00,9856428.3,50615747,1.284,0.96775,1.221,0.79879
2021-12-22 20:05,9819923.2,50042329,1.2953,0.97073,1.2246,0.85162
2021-12-22 20:10,9782404.4,49612528,1.3094,0.97184,1.2338,0.79983
2021-12-22 20:15,9776391.5,49527199,1.3004,0.97219,1.2264,1.2414
2021-12-22 20:20,9781832.2,49262258,1.3241,0.97243,1.2382,0.91558
2021-12-22 20:25,9799735.1,49459456,1.3217,0.97223,1.2337,1.8135
2021-12-22 20:30,9796889.6,49709526,1.319,0.97211,1.236,1.8549
2021-12-22 20:35,9801579.4,49724865,1.3018,0.97179,1.2272,0.9383
2021-12-22 20:40,9798719.9,49914717,1.2963,0.97184,1.2252,1.2647
2021-12-22 20:45,9778445,49679800,1.2982,0.97412,1.2217,0.63015
2021-12-22 20:50,9771287.3,49856495,1.2896,0.97416,1.2112,1.1224
2021-12-22 20:55,9789170.7,49898826,1.2881,0.97434,1.213,1.0979
2021-12-22 21:00,9789257.6,50285407,1.27,0.97186,1.1952,1.3066
2021-12-22 21:05,9771746.9,49703539,1.2821,0.97329,1.1982,0.59752
2021-12-22 21:10,9753943.4,49393969,1.281,0.97533,1.1951,0.51319
2021-12-22 21:15,9743733.4,49634578,1.2741,0.97382,1.1885,1.3602
2021-12-22 21:20,9741172.2,49767649,1.2714,0.97603,1.1837,1.1072
2021-12-22 21:25,9739296.7,49728182,1.2673,0.97655,1.1791,1.1265
2021-12-22 21:30,9731158.4,49549213,1.277,0.97588,1.1838,0.78385
2021-12-22 21:35,9730859.4,49821853,1.2725,0.97528,1.1799,1.0669
2021-12-22 21:40,9708015.2,50395395,1.2324,0.97583,1.1591,1.4893
2021-12-22 21:45,9745952.8,50776414,1.2224,0.97503,1.1417,1.1046
2021-12-22 21:50,9741544.6,50149193,1.2338,0.97714,1.1489,0.66776
2021-12-22 21:55,9752920.1,50129926,1.2426,0.97897,1.1596,1.3168
2021-12-22 22:00,9728223.5,49827927,1.2536,0.97985,1.1685,0.74235
2021-12-22 22:05,9795476.1,50341789,1.2363,0.97965,1.161,1.3895
2021-12-22 22:10,9808170.8,50760458,1.2381,0.97322,1.1626,0.91684
2021-12-22 22:15,9810786.6,51045523,1.2192,0.97523,1.1407,0.96569
2021-12-22 22:20,9806897.5,51693633,1.1408,0.97374,1.1091,1.2883
2021-12-22 22:25,9867461.2,51567352,1.1433,0.97427,1.1049,0.69113
2021-12-22 22:30,9867241.5,51607709,1.1398,0.97405,1.1013,1.1935
2021-12-22 22:35,9874814,51751916,1.1427,0.9757,1.1073,0.94724
2021-12-22 22:40,9887452.9,51513630,1.1455,0.97692,1.1014,0.54629
2021-12-22 22:45,9911015.1,51791428,1.1262,0.97673,1.0848,1.1255
2021-12-22 22:50,9913722.7,51824102,1.1341,0.9771,1.0957,1.6564
2021-12-22 22:55,9875986.9,51425175,1.1377,0.97801,1.0975,1.3054
2021-12-22 23:00,9854225.2,51123179,1.1538,0.97998,1.1048,0.82843
2021-12-22 23:05,9865298.9,51200901,1.1389,0.98045,1.0918,0.9783
2021-12-22 23:10,9882961.2,51520403,1.1214,0.97854,1.0824,1.4372
2021-12-22 23:15,9856331.7,50690286,1.1334,0.97968,1.0852,0.53242
2021-12-22 23:20,9846698.7,50111848,1.1622,0.98061,1.1053,0.53772
2021-12-22 23:25,9829467.9,49754468,1.1762,0.98138,1.1129,0.58641
2021-12-22 23:30,9848833.9,49876045,1.1716,0.98151,1.1159,1.4766
2021-12-22 23:35,9840039.9,49465881,1.2146,0.98271,1.1454,0.6167
2021-12-22 23:40,9825822.6,49064591,1.2574,0.98212,1.1731,0.724
2021-12-22 23:45,9809746.9,48688783,1.2728,0.98232,1.1839,0.57471
2021-12-22 23:50,9786461.4,49020385,1.2761,0.98056,1.1986,1.4643
2021-12-22 23:55,9769126.7,49285244,1.2605,0.98037,1.194,1.5497
2021-12-23 00:00,9793239,49431389,1.2513,0.98235,1.1867,0.73378
2021-12-23 00:05,9866240.9,51093664,1.1427,0.98212,1.1201,1.3174
2021-12-23 00:10,9707540.6,48573184,1.2462,0.99098,1.1977,0.65963
2021-12-23 00:15,9561868.4,47493800,1.3026,0.98856,1.2279,0.83642
2021-12-23 00:20,9556532.4,47457740,1.3048,0.98815,1.2311,1.1757
2021-12-23 00:25,9559918.3,47426755,1.3186,0.98827,1.2456,0.83179
2021-12-23 00:30,9576863.5,47658396,1.3286,0.98982,1.2615,1.1195
2021-12-23 00:35,9536831.9,47122607,1.3806,0.98966,1.2986,0.571
2021-12-23 00:40,9573331.8,47155774,1.4495,0.99094,1.3467,0.72068
2021-12-23 00:45,9561749.9,47789626,1.4539,0.99159,1.3617,1.4168
2021-12-23 00:50,9496363.5,48533996,1.3224,0.98787,1.2745,1.0741
2021-12-23 00:55,9578226.5,49548690,1.2713,0.98686,1.2237,1.228
2021-12-23 01:00,9613177.7,49863682,1.2583,0.98799,1.2069,0.89812
2021-12-23 01:05,9882227.2,52108984,1.2094,0.99317,1.2075,1.3812
2021-12-23 01:10,9881086,52096011,1.2037,0.99346,1.2004,0.99946
2021-12-23 01:15,9849734.1,51799752,1.2014,0.99186,1.1995,0.81241
2021-12-23 01:20,9816698.6,50781782,1.2467,0.99299,1.2235,0.92881
2021-12-23 01:25,9767746.5,50623110,1.2085,0.98954,1.2012,0.8968
2021-12-23 01:30,9833213.3,51535871,1.1973,0.98852,1.2005,0.89773
2021-12-23 01:35,9836938.7,52575481,1.1321,0.9914,1.1601,1.34
2021-12-23 01:40,9848452.7,52226345,1.2188,0.9885,1.2267,0.82927
2021-12-23 01:45,9826709.4,52061906,1.2221,0.98711,1.2289,0.9403
2021-12-23 01:50,9795389.2,51817609,1.2219,0.98688,1.2324,1.446
2021-12-23 01:55,9762361.8,52027762,1.2136,0.98535,1.2233,0.91911
2021-12-23 02:00,9737165.4,51689242,1.227,0.98179,1.2359,1.1729
2021-12-23 02:05,9739141.4,51461654,1.2448,0.9818,1.2438,0.70539
2021-12-23 02:10,9728442.5,51866417,1.2289,0.97828,1.2329,1.6113
2021-12-23 02:15,9731620.4,51694368,1.2365,0.97866,1.2393,0.7614
2021-12-23 02:20,9716172,51398550,1.2353,0.97851,1.2367,0.99361
2021-12-23 02:25,9725036.8,51560807,1.2388,0.97743,1.2408,0.96054
2021-12-23 02:30,9708629.4,51281758,1.24,0.97622,1.2408,0.98857
2021-12-23 02:35,9687584,51140756,1.2562,0.97402,1.2522,0.81643
2021-12-23 02:40,9670650.9,50790259,1.2684,0.97454,1.2579,0.83113
2021-12-23 02:45,9682879,50776326,1.2647,0.97492,1.2577,1.1012
2021-12-23 02:50,9683112.1,50652359,1.2702,0.97293,1.2615,0.76808
2021-12-23 02:55,9688675.8,50902395,1.2654,0.97282,1.2577,1.0436
2021-12-23 03:00,9693100.4,50743381,1.263,0.97324,1.2555,0.85429
2021-12-23 03:05,9666957.8,50432519,1.2688,0.97353,1.2586,0.74034
2021-12-23 03:10,9640951.7,50141186,1.2674,0.97283,1.2554,0.71741
2021-12-23 03:15,9664153.2,49915351,1.2814,0.97248,1.264,0.72706
2021-12-23 03:20,9673810.6,49994253,1.2805,0.97322,1.2654,1.0985
2021-12-23 03:25,9691669.5,50309456,1.2905,0.97317,1.2794,1.7726
2021-12-23 03:30,9695133.3,50569815,1.2923,0.97318,1.2823,1.3755
2021-12-23 03:35,9675761.7,50507476,1.3085,0.9723,1.2978,1.1695
2021-12-23 03:40,9671740.9,50534846,1.3057,0.97249,1.2962,0.93483
2021-12-23 03:45,9661040.3,50150460,1.3231,0.97278,1.3111,0.59331
2021-12-23 03:50,9669176.6,49979974,1.3295,0.97376,1.3122,0.71843
2021-12-23 03:55,9660257.9,50168807,1.3155,0.97114,1.3042,1.6831
2021-12-23 04:00,9640039.5,49687591,1.3518,0.96919,1.3358,0.73469
2021-12-23 04:05,9632684.7,49546157,1.3669,0.97176,1.3478,0.74586
2021-12-23 04:10,9602872.9,49166709,1.3745,0.97204,1.3494,0.51228
2021-12-23 04:15,9595408,49118894,1.3718,0.97073,1.3499,1.2878
2021-12-23 04:20,9599324.9,49098647,1.39,0.9709,1.3664,1.1966
2021-12-23 04:25,9605274.1,49246240,1.3947,0.97097,1.3756,1.2349
2021-12-23 04:30,9625563.1,49215504,1.4025,0.9714,1.384,0.71608
2021-12-23 04:35,9630662.6,49379276,1.398,0.97031,1.3847,0.86055
2021-12-23 04:40,9665730.3,49478873,1.4119,0.96881,1.3967,0.48832
2021-12-23 04:45,9688399.3,49620868,1.4116,0.969,1.3985,0.92238
2021-12-23 04:50,9693678.5,49563778,1.4106,0.96858,1.4001,0.70997
2021-12-23 04:55,9690971.8,49275362,1.4943,0.96721,1.4638,0.54107
2021-12-23 05:00,9618775.5,48776811,1.5231,0.97826,1.4837,0.98938
2021-12-23 05:05,9608901.7,48938937,1.5204,0.9785,1.4863,1.6368
2021-12-23 05:10,9593376.3,48743945,1.5346,0.97611,1.4971,0.77853
2021-12-23 05:15,9591222.4,48699578,1.5428,0.97564,1.5031,0.81969
2021-12-23 05:20,9582025.9,48465887,1.5329,0.97565,1.4951,0.70689
2021-12-23 05:25,9571943.6,48204308,1.5371,0.97471,1.4904,0.40696
2021-12-23 05:30,9610287.6,48378188,1.5445,0.97448,1.4984,0.71932
2021-12-23 05:35,9622519.3,48430140,1.5396,0.97412,1.5006,0.94175
2021-12-23 05:40,9618324.2,48380992,1.5409,0.97371,1.4996,1.1811
2021-12-23 05:45,9610899.8,48338798,1.5404,0.97357,1.5004,1.2609
2021-12-23 05:50,9610850.6,48329976,1.5341,0.97318,1.4982,0.935
2021-12-23 05:55,9657014.4,48990034,1.5456,0.96928,1.5215,2.3863
2021-12-23 06:00,9716868.6,49404720,1.5576,0.96891,1.5378,0.94367
2021-12-23 06:05,9741725.7,49985088,1.5228,0.97056,1.5179,1.6857
2021-12-23 06:10,9711230.5,49860090,1.4951,0.96823,1.5054,1.2067
2021-12-23 06:15,9709309.3,50265094,1.4837,0.96849,1.5014,1.1317
2021-12-23 06:20,9694316,50119614,1.4919,0.9669,1.5075,0.95036
2021-12-23 06:25,9709231,50131446,1.4809,0.96711,1.5023,1.0439
2021-12-23 06:30,9690401.3,50010715,1.4769,0.96653,1.5007,0.75284
2021-12-23 06:35,9640067.8,49376427,1.5009,0.9663,1.5162,0.74539
2021-12-23 06:40,9645287.3,49277773,1.5231,0.96535,1.5303,0.79803
2021-12-23 06:45,9662231.6,49268459,1.5327,0.96818,1.5344,0.78789
2021-12-23 06:50,9650548.9,49024788,1.5475,0.96749,1.5441,0.57477
2021-12-23 06:55,9646352.1,49196396,1.5527,0.9665,1.5491,1.8236
2021-12-23 07:00,9658268.7,49624185,1.5122,0.96818,1.526,1.2329
2021-12-23 07:05,9653207.4,49385503,1.5205,0.96797,1.5286,0.84347
2021-12-23 07:10,9627613.5,49957686,1.4651,0.96907,1.4857,1.3121
2021-12-23 07:15,9609933.6,49788015,1.4603,0.96815,1.4797,1.2435
2021-12-23 07:20,9688071.3,49409164,1.5636,0.96782,1.5706,0.42767
2021-12-23 07:25,9666039.1,49175427,1.565,0.96721,1.5662,1.1914
2021-12-23 07:30,9670817.5,49159755,1.5679,0.96686,1.5635,1.0527
2021-12-23 07:35,9629954.4,48540129,1.5518,0.9668,1.5503,0.79062
2021-12-23 07:40,9648613.6,48689223,1.5528,0.96789,1.5493,0.81715
2021-12-23 07:45,9649290.9,48728919,1.5519,0.96813,1.5482,1.0411
2021-12-23 07:50,9635826.7,48347614,1.5487,0.96674,1.535,1.0789
2021-12-23 07:55,9426503.7,46896856,1.615,0.96003,1.5823,0.65209
2021-12-23 08:00,9449235.9,47373977,1.6284,0.95751,1.6029,0.98598
2021-12-23 08:05,9487547.7,48120842,1.5869,0.96147,1.5776,1.1637
2021-12-23 08:10,9494041.1,48334163,1.5643,0.96092,1.5546,0.81738
2021-12-23 08:15,9588840.5,48862621,1.5119,0.96901,1.509,1.3148
2021-12-23 08:20,9543151.4,48253145,1.5393,0.96758,1.5204,0.60077
2021-12-23 08:25,9530657.3,48434800,1.5355,0.96834,1.5236,1.7438
2021-12-23 08:30,9521667.8,48699788,1.5101,0.96843,1.5057,1.3078
2021-12-23 08:35,9487174.9,48368500,1.5307,0.96784,1.5197,0.76159
2021-12-23 08:40,9465907.9,48143608,1.5484,0.9676,1.5313,1.3278
2021-12-23 08:45,9464767.2,47937598,1.5495,0.96765,1.5281,0.83723
2021-12-23 08:50,9481177.4,48050607,1.545,0.96617,1.5243,0.97701
2021-12-23 08:55,9460122,47773616,1.5623,0.96701,1.5371,0.8187
2021-12-23 09:00,9451073,47909243,1.5619,0.96696,1.5403,1.5938
2021-12-23 09:05,9433225.8,47732123,1.5802,0.96702,1.5547,0.62391
2021-12-23 09:10,9422534,47618022,1.5802,0.96597,1.5549,1.1823
2021-12-23 09:15,9423510.7,47497360,1.5897,0.96626,1.5606,0.43816
2021-12-23 09:20,9401219.1,47259928,1.5845,0.96851,1.5539,0.63083
2021-12-23 09:25,9400859.9,46979908,1.6121,0.97028,1.5667,0.694
2021-12-23 09:30,9414278.6,47043777,1.6114,0.97195,1.5725,1.1771
2021-12-23 09:35,9406851,46808491,1.6208,0.97238,1.5803,0.72223
2021-12-23 09:40,9379599.4,47160941,1.5877,0.96733,1.5594,2.493
2021-12-23 09:45,9380673.2,47210728,1.5939,0.96783,1.5639,0.94039
2021-12-23 09:50,9376419.9,47017395,1.603,0.96825,1.5725,0.7
2021-12-23 09:55,9369925.9,47168207,1.6114,0.96881,1.5766,0.7338
2021-12-23 10:00,9358842.7,47337378,1.5903,0.96827,1.5752,2.0802
2021-12-23 10:05,9332905.7,47439160,1.569,0.96669,1.5587,1.21
2021-12-23 10:10,9333852.8,47238629,1.5733,0.96741,1.5605,0.50076
2021-12-23 10:15,9332846.1,47009546,1.5862,0.96749,1.565,0.57546
2021-12-23 10:20,9320534.1,46816153,1.6117,0.9669,1.5839,0.75919
2021-12-23 10:25,9309343.6,46993566,1.5974,0.96502,1.5793,1.366
2021-12-23 10:30,9304202.1,46978077,1.6015,0.96557,1.5836,0.77729
2021-12-23 10:35,9292674.7,46779324,1.6001,0.9656,1.5852,0.57898
2021-12-23 10:40,9331912.6,46717611,1.6164,0.96697,1.5975,0.53108
2021-12-23 10:45,9345199.4,46950282,1.5989,0.96213,1.5796,1.0534
2021-12-23 10:50,9351443.4,47211996,1.5754,0.96198,1.5616,1.4439
2021-12-23 10:55,9347633,47163459,1.5858,0.96226,1.5693,0.77857
2021-12-23 11:00,9339521.6,47081228,1.5827,0.96157,1.5668,1.3679
2021-12-23 11:05,9339808.9,47306132,1.5803,0.96173,1.5672,0.88711
2021-12-23 11:10,9347345.1,47388534,1.5892,0.96093,1.5792,0.91592
2021-12-23 11:15,9336740.3,47430677,1.5719,0.95933,1.5651,1.5449
2021-12-23 11:20,9331324.4,47132520,1.5898,0.96114,1.5802,0.32732
2021-12-23 11:25,9321661.6,46761663,1.599,0.95862,1.5834,0.86459
2021-12-23 11:30,9342061.9,46861906,1.5948,0.95889,1.5839,1.263
2021-12-23 11:35,9355633,46874786,1.604,0.95872,1.5914,1.215
2021-12-23 11:40,9356959.8,47121650,1.5951,0.95618,1.5879,1.3545
2021-12-23 11:45,9372805.3,46731488,1.6216,0.9573,1.6038,0.52368
2021-12-23 11:50,9376314,46815936,1.6389,0.95721,1.6281,0.94556
2021-12-23 11:55,9376102.1,46754726,1.6456,0.95682,1.6362,0.59328
2021-12-23 12:00,9351957.5,46385709,1.66,0.95846,1.6397,0.43036
2021-12-23 12:05,9349342,46353974,1.6564,0.95902,1.6375,1.1736
2021-12-23 12:10,9376729.9,46667985,1.6663,0.95916,1.6538,1.4128
2021-12-23 12:15,9370052.1,46937175,1.6376,0.96156,1.6357,1.4343
2021-12-23 12:20,9306062,46825994,1.6164,0.96021,1.618,1.4604
2021-12-23 12:25,9323437.2,46962153,1.6101,0.96335,1.6124,1.0267
2021-12-23 12:30,9282678.1,46717642,1.6352,0.96189,1.6281,0.62602
2021-12-23 12:35,9268527.9,46535312,1.6512,0.96197,1.642,0.63834
2021-12-23 12:40,9266692.6,46841544,1.6138,0.96265,1.6186,2.3954
2021-12-23 12:45,9280373.8,46550355,1.6636,0.96182,1.6555,0.42828
2021-12-23 12:50,9292619.9,46667537,1.6631,0.96239,1.6574,1.0708
2021-12-23 12:55,9267380,46049611,1.7139,0.961,1.7043,0.426
2021-12-23 13:00,9271943.6,46202095,1.6982,0.95834,1.7061,1.1069
2021-12-23 13:05,9263498.3,46474971,1.681,0.95859,1.6966,1.1268
2021-12-23 13:10,9240001.4,46466144,1.6719,0.95895,1.6822,1.0475
2021-12-23 13:15,9265979.7,46461532,1.6818,0.96072,1.6863,0.68768
2021-12-23 13:20,9276835.9,46676980,1.6789,0.96074,1.6806,1.0493
2021-12-23 13:25,9314775.4,47287453,1.6514,0.96064,1.6534,2.3433
2021-12-23 13:30,9295600.2,47281606,1.6375,0.96071,1.6351,1.073
2021-12-23 13:35,9291392.6,47420918,1.6756,0.9611,1.6751,1.2063
2021-12-23 13:40,9307996.7,47552468,1.6733,0.95995,1.6689,0.8221
2021-12-23 13:45,9296848.8,47358148,1.6706,0.95871,1.6685,0.68853
2021-12-23 13:50,9293432.8,47145585,1.6731,0.95772,1.6685,0.60479
2021-12-23 13:55,9283287.3,47148348,1.6829,0.95773,1.6773,1.1358
2021-12-23 14:00,9262317.2,46793226,1.7044,0.95503,1.6948,0.7919
2021-12-23 14:05,9236389.4,46523693,1.7198,0.95469,1.7074,0.87157
2021-12-23 14:10,9256291.5,46880626,1.713,0.95455,1.7087,1.4161
2021-12-23 14:15,9216294.4,46911957,1.6865,0.95379,1.693,1.2604
2021-12-23 14:20,9203066.6,46411065,1.7055,0.95506,1.7076,0.63981
2021-12-23 14:25,9214385.1,46744576,1.6899,0.9553,1.6953,1.2679
2021-12-23 14:30,9229362.5,47152813,1.6502,0.95722,1.6596,1.5423
2021-12-23 14:35,9293819,47690562,1.6115,0.96619,1.6246,1.6441
2021-12-23 14:40,9264568.1,47499441,1.6201,0.96391,1.631,1.0724
2021-12-23 14:45,9255904.3,47363814,1.5831,0.96152,1.596,0.97611
2021-12-23 14:50,9244513.1,47110039,1.6095,0.96043,1.6064,0.67041
2021-12-23 14:55,9250090,47293342,1.6089,0.96155,1.6098,1.089
2021-12-23 15:00,9235620,47288904,1.6012,0.96105,1.611,0.75778
2021-12-23 15:05,9211010.5,47105519,1.5855,0.96002,1.599,0.86165
2021-12-23 15:10,9209405.5,47473409,1.5172,0.9581,1.5429,1.4739
2021-12-23 15:15,9223687.4,47621898,1.5002,0.95822,1.5307,1.0403
2021-12-23 15:20,9270692.6,48253955,1.4398,0.95678,1.4874,1.6812
2021-12-23 15:25,9250619.7,47963488,1.4487,0.95782,1.491,0.80369
2021-12-23 15:30,9255473.3,48054417,1.4475,0.95753,1.4883,1.0597
2021-12-23 15:35,9253377.4,47904735,1.4647,0.95718,1.5032,0.84844
2021-12-23 15:40,9255656.2,47873501,1.4471,0.95707,1.4842,0.96711
2021-12-23 15:45,9250527.7,47704971,1.4585,0.95686,1.4928,0.76969
2021-12-23 15:50,9201210.7,47268338,1.485,0.95366,1.5163,0.87354
2021-12-23 15:55,9216562.4,47505363,1.479,0.95351,1.5157,1.4776
2021-12-23 16:00,9203366.5,47187306,1.5053,0.95436,1.5389,0.76324
2021-12-23 16:05,9205520.6,47167484,1.5129,0.95141,1.5436,0.8857
2021-12-23 16:10,9179366.7,46888434,1.5466,0.95109,1.5765,0.90573
2021-12-23 16:15,9158553.4,46479659,1.5701,0.94944,1.5967,0.70927
2021-12-23 16:20,9157580.9,46629794,1.5634,0.94581,1.6011,1.358
2021-12-23 16:25,9134288,46087823,1.6005,0.94624,1.6289,0.78764
2021-12-23 16:30,9086660.6,45687729,1.6544,0.94632,1.6753,0.99279
2021-12-23 16:35,9137799.9,45886732,1.6453,0.94501,1.6802,0.76568
2021-12-23 16:40,9195064.2,45938541,1.6426,0.94425,1.69,0.793
2021-12-23 16:45,9243469.3,46225323,1.65,0.94154,1.7087,1.2253
2021-12-23 16:50,9218361.9,46515854,1.6371,0.94276,1.7185,1.1996
2021-12-23 16:55,9208075.7,46870799,1.6276,0.94371,1.7159,0.81408
2021-12-23 17:00,9181350.3,46825234,1.5822,0.94274,1.6811,0.96878
2021-12-23 17:05,9113012.3,46195177,1.5899,0.94458,1.6792,0.6247
2021-12-23 17:10,9117434.2,46024808,1.5815,0.94421,1.6696,0.9535
2021-12-23 17:15,9163466.8,46852806,1.5573,0.94265,1.6612,2.5639
2021-12-23 17:20,9152395.1,46660026,1.569,0.94477,1.6718,0.5437
2021-12-23 17:25,9164998.1,47165831,1.5416,0.94297,1.6533,1.3038
2021-12-23 17:30,9148353,46872514,1.5577,0.9438,1.6609,0.72286
2021-12-23 17:35,9160290.1,47038090,1.5556,0.94533,1.6604,1.0254
2021-12-23 17:40,9158959.5,47123426,1.5504,0.9439,1.6491,1.2113
2021-12-23 17:45,9137583.7,47095414,1.5424,0.94486,1.6433,0.8166
2021-12-23 17:50,9124588.4,47250672,1.5241,0.94534,1.625,1.1679
2021-12-23 17:55,9127487.9,47435555,1.5186,0.94629,1.6197,0.94435
2021-12-23 18:00,9101706.5,47212898,1.5381,0.94524,1.6372,0.7179
2021-12-23 18:05,9100433.4,47540664,1.5371,0.94571,1.6443,0.94554
2021-12-23 18:10,9076530.6,47240855,1.545,0.94254,1.6488,0.8984
2021-12-23 18:15,9080675,47255833,1.542,0.94289,1.6469,0.77283
2021-12-23 18:20,9068878.5,47393959,1.5478,0.94212,1.6516,1.0071
2021-12-23 18:25,9059319.7,47244352,1.5546,0.94065,1.6561,0.45558
2021-12-23 18:30,9050594.4,47054040,1.5519,0.9412,1.6523,0.80732
2021-12-23 18:35,9038509.5,47768295,1.4788,0.93773,1.5998,1.825
2021-12-23 18:40,8999389.4,47076787,1.4995,0.93678,1.6243,0.7391
2021-12-23 18:45,8982022.2,47133504,1.4715,0.93751,1.5964,1.1099
2021-12-23 18:50,8989158.8,47304991,1.4529,0.93949,1.5762,0.95554
2021-12-23 18:55,8982176.1,47340163,1.4366,0.93769,1.567,1.269
2021-12-23 19:00,8950013,47033000,1.4595,0.9347,1.5895,0.69591
2021-12-23 19:05,8970346.4,47067408,1.4577,0.93343,1.5832,0.97243
2021-12-23 19:10,8967981,47105808,1.4471,0.93444,1.565,0.88165
2021-12-23 19:15,8972418.9,47239786,1.4446,0.93514,1.5633,0.87198
2021-12-23 19:20,8983621.2,47438682,1.4353,0.93221,1.555,1.2395
2021-12-23 19:25,9020338.5,48135017,1.3785,0.93455,1.5136,1.4381
2021-12-23 19:30,9013646.8,48087806,1.3683,0.93285,1.4936,1.0599
2021-12-23 19:35,9022902.6,48236437,1.3677,0.93118,1.4915,1.2731
2021-12-23 19:40,8990994.6,48388148,1.3464,0.93004,1.5042,1.2508
2021-12-23 19:45,9017929.7,48552534,1.3436,0.92989,1.4989,0.81261
2021-12-23 19:50,9029259.3,48554339,1.3626,0.93016,1.511,0.72522
2021-12-23 19:55,8986915.9,47821639,1.4058,0.93099,1.5421,0.49839
2021-12-23 20:00,8988477,47665894,1.4102,0.93086,1.5421,0.65309
2021-12-23 20:05,8984321.2,47221592,1.4245,0.93149,1.5392,0.51785
2021-12-23 20:10,8987768.3,47145032,1.4101,0.93209,1.526,0.98957
2021-12-23 20:15,8980472.1,47327088,1.405,0.93287,1.5261,1.1917
2021-12-23 20:20,8983494.2,47127411,1.4039,0.93051,1.523,0.90215
2021-12-23 20:25,8955298,46865694,1.4217,0.92992,1.5398,0.70187
2021-12-23 20:30,8884001.7,46145324,1.4741,0.92709,1.5913,0.59712
2021-12-23 20:35,8888151.3,46300357,1.4682,0.92627,1.5918,1.1721
2021-12-23 20:40,8885966.7,46598009,1.4502,0.92864,1.5883,1.5087
2021-12-23 20:45,8887955.4,46723982,1.446,0.92614,1.583,1.0197
2021-12-23 20:50,8884711.8,46653622,1.4566,0.92692,1.5897,0.6836
2021-12-23 20:55,8879765.4,46433306,1.4578,0.92897,1.5864,0.60459
2021-12-23 21:00,8911206.4,46106582,1.5156,0.92781,1.6417,0.56392
2021-12-23 21:05,8948669,46005107,1.5765,0.92799,1.6888,0.5767
2021-12-23 21:10,8939823.7,46196482,1.5619,0.92865,1.6819,1.6572
2021-12-23 21:15,8934437.1,46450138,1.5588,0.92437,1.6861,1.2483
2021-12-23 21:20,8933943,46331428,1.5558,0.92349,1.6867,0.78013
2021-12-23 21:25,8911334.1,46151799,1.5608,0.92337,1.6857,0.84903
2021-12-23 21:30,8930190.4,46535222,1.5501,0.9224,1.678,2.6291
2021-12-23 21:35,8963550.5,46398182,1.4772,0.92295,1.5856,0.61812
2021-12-23 21:40,8914481.5,46283502,1.45,0.92366,1.5616,1.3151
2021-12-23 21:45,8921418.6,46373534,1.4575,0.9248,1.5697,1.0648
2021-12-23 21:50,8964250.6,46918888,1.4812,0.92592,1.5903,1.5335
2021-12-23 21:55,8972755.7,46811766,1.5025,0.92713,1.6129,0.43515
2021-12-23 22:00,8979244.3,46963555,1.5073,0.92623,1.6179,1.0542
2021-12-23 22:05,8972668,46684792,1.5158,0.92593,1.626,0.3803
2021-12-23 22:10,8977818.7,46791684,1.5144,0.9249,1.6251,1.2957
2021-12-23 22:15,8974898.8,46669474,1.5171,0.92506,1.6298,0.70631
2021-12-23 22:20,8978632.1,46700218,1.5171,0.92435,1.6288,0.77823
2021-12-23 22:25,8989974.7,46819788,1.519,0.92488,1.631,1.4205
2021-12-23 22:30,8996940.6,46708777,1.5245,0.92541,1.6339,0.66911
2021-12-23 22:35,8982795.3,46423086,1.5403,0.92507,1.6458,0.27446
2021-12-23 22:40,8985112.7,46348918,1.5423,0.92468,1.651,0.73072
2021-12-23 22:45,8982572.4,46363066,1.5446,0.92435,1.6534,1.1544
2021-12-23 22:50,8980978.2,46413695,1.5575,0.92345,1.6719,1.6089
2021-12-23 22:55,8983998.9,46411338,1.558,0.92186,1.6741,0.80511
2021-12-23 23:00,8920948.9,45732237,1.5996,0.92144,1.7095,0.414
2021-12-23 23:05,8924152.8,45843399,1.6041,0.92087,1.7155,1.5331
2021-12-23 23:10,8914595.5,45627734,1.6192,0.92033,1.7259,1.0527
2021-12-23 23:15,8924156.6,45780923,1.613,0.92093,1.7229,2.2531
2021-12-23 23:20,8925327.1,45651318,1.6384,0.92164,1.7391,0.43298
2021-12-23 23:25,8949412.9,45986172,1.624,0.92195,1.7304,1.5027
2021-12-23 23:30,8945363,45918074,1.6387,0.92182,1.745,0.4963
2021-12-23 23:35,8949918.2,45937363,1.6433,0.92238,1.7482,0.60188
2021-12-23 23:40,8997744.7,46617315,1.6134,0.92208,1.7347,2.9942
2021-12-23 23:45,9004591.2,46763350,1.5964,0.9193,1.7211,1.6416
2021-12-23 23:50,9051818.4,46906523,1.5875,0.92132,1.7121,0.9059
2021-12-23 23:55,9055848.4,46911134,1.5819,0.92142,1.7042,0.77712
2021-12-24 00:00,9064125.9,46988787,1.5846,0.9216,1.7088,0.48715
2021-12-24 00:05,9065042.5,46810390,1.5804,0.92295,1.7091,0.81772
2021-12-24 00:10,9012519.6,46308342,1.6796,0.93573,1.7243,0.66031
2021-12-24 00:15,9003564.5,46044229,1.6795,0.9356,1.7242,1.2732
2021-12-24 00:20,9010562.2,46275623,1.6961,0.93529,1.7395,0.90679
2021-12-24 00:25,9024547.6,46671244,1.6824,0.93579,1.7343,1.0599
2021-12-24 00:30,9066940.8,46573683,1.7045,0.93612,1.7549,0.33033
2021-12-24 00:35,9076463.5,46462444,1.7172,0.93652,1.765,0.53499
2021-12-24 00:40,9093382.3,46476277,1.7139,0.93574,1.7676,0.83826
2021-12-24 00:45,9092084.8,46807437,1.6899,0.93472,1.7489,1.4889
2021-12-24 00:50,9107996.7,47061019,1.6783,0.93424,1.7399,1.3514
2021-12-24 00:55,9098419.1,46890355,1.7008,0.93606,1.7558,0.58735
2021-12-24 01:00,9102902,46816225,1.7001,0.93702,1.7539,0.75414
2021-12-24 01:05,9113418.9,46800719,1.7082,0.93686,1.7576,0.92724
2021-12-24 01:10,9060496.7,46570953,1.7066,0.93402,1.7603,0.65761
2021-12-24 01:15,9054220.6,46846537,1.705,0.93265,1.7544,1.7269
2021-12-24 01:20,9064622.9,46891294,1.7104,0.93298,1.7569,0.84522
2021-12-24 01:25,9055610.5,47039883,1.7065,0.93088,1.7576,1.1622
2021-12-24 01:30,9100836.9,47449590,1.6709,0.93191,1.7333,2.0346
2021-12-24 01:35,9069632.6,47356690,1.6781,0.9303,1.7392,0.71555
2021-12-24 01:40,9081627.2,47306196,1.6833,0.9301,1.7473,0.85495
2021-12-24 01:45,9083967.6,47249283,1.6903,0.92859,1.7514,0.86922
2021-12-24 01:50,9082841.2,46982964,1.6831,0.92815,1.7391,0.64382
2021-12-24 01:55,9090604.1,46916608,1.6843,0.92842,1.7436,1.1919
2021-12-24 02:00,9070439.8,46638932,1.7015,0.92685,1.7618,0.5555
2021-12-24 02:05,9072794.9,46445264,1.717,0.92584,1.7777,0.53186
2021-12-24 02:10,9117643.4,46820067,1.7056,0.92649,1.7704,1.3104
2021-12-24 02:15,9129527.5,46620403,1.7207,0.92672,1.7832,0.30659
2021-12-24 02:20,9134662.3,46760336,1.72,0.92538,1.7816,0.71158
2021-12-24 02:25,9120527.5,46973492,1.7167,0.92467,1.7795,1.8194
2021-12-24 02:30,9106413.1,46925903,1.7163,0.92451,1.7804,0.78255
2021-12-24 02:35,9092568.3,47035856,1.7143,0.92521,1.7801,0.99045
2021-12-24 02:40,9070711.4,46923694,1.7198,0.9257,1.7838,0.49545
2021-12-24 02:45,9058779.9,46313035,1.7336,0.92616,1.7946,0.41177
2021-12-24 02:50,9077739.1,46242003,1.7387,0.92694,1.7914,0.73655
2021-12-24 02:55,9086574.5,46217845,1.7488,0.92652,1.8023,1.0045
2021-12-24 03:00,9099469.7,46334500,1.7436,0.92584,1.7954,0.94999
2021-12-24 03:05,9104304.5,46414851,1.7432,0.92472,1.7961,1.0914
2021-12-24 03:10,9096867.5,46175699,1.7478,0.92466,1.7906,0.53086
2021-12-24 03:15,9117200.4,46306582,1.7515,0.92517,1.7982,1.0417
2021-12-24 03:20,9121904,46361391,1.7506,0.92632,1.7994,1.0001
2021-12-24 03:25,9118155.2,46557300,1.75,0.92537,1.8035,2.0598
2021-12-24 03:30,9106866.3,46485918,1.7555,0.92419,1.8068,0.76883
2021-12-24 03:35,9106776.9,46444562,1.7444,0.92409,1.7977,1.3353
2021-12-24 03:40,9104446.6,46569244,1.7556,0.92409,1.8077,1.234
2021-12-24 03:45,9084156,46514829,1.7578,0.92325,1.8115,0.75014
2021-12-24 03:50,9095210.8,46440146,1.7594,0.92411,1.8119,0.62696
2021-12-24 03:55,9061398.7,46176888,1.7531,0.92187,1.8045,0.50612
2021-12-24 04:00,9052719.1,46123604,1.7498,0.92099,1.8044,1.0688
2021-12-24 04:05,9047493.7,46069538,1.753,0.92096,1.8042,0.77945
2021-12-24 04:10,9050716.8,46164737,1.749,0.92024,1.8023,1.5068
2021-12-24 04:15,9058007.3,46458519,1.7361,0.92016,1.7979,1.7425
2021-12-24 04:20,9057731.1,46354347,1.7469,0.92036,1.8074,0.90257
2021-12-24 04:25,9056107.2,46429285,1.7491,0.92026,1.8075,0.62319
2021-12-24 04:30,9059472.8,46491163,1.749,0.9181,1.8098,1.1976
2021-12-24 04:35,9053715,46391236,1.7529,0.91804,1.8092,0.50422
2021-12-24 04:40,9042386.6,46278935,1.7528,0.91721,1.8096,0.32878
2021-12-24 04:45,9023391.4,46278698,1.7492,0.9183,1.8081,2.2524
2021-12-24 04:50,9023675.1,46199704,1.7458,0.91847,1.8079,1.0989
2021-12-24 04:55,9022383.5,46167536,1.7451,0.91803,1.8079,1.4024
2021-12-24 05:00,9013915.4,45961955,1.7539,0.91774,1.8124,0.40704
2021-12-24 05:05,9021144.2,45653968,1.7574,0.91676,1.8189,0.50253
2021-12-24 05:10,9025593.3,45531535,1.7729,0.91597,1.8224,0.42755
2021-12-24 05:15,9035616.7,45946111,1.7751,0.91485,1.8277,1.3124
2021-12-24 05:20,9039838.4,45979768,1.7693,0.91543,1.8243,1.2549
2021-12-24 05:25,9040372,45852767,1.7764,0.91573,1.8281,0.30261
2021-12-24 05:30,9046617.9,45540675,1.776,0.91634,1.8222,0.58113
2021-12-24 05:35,9068578.4,45841664,1.7513,0.91463,1.8056,1.7271
2021-12-24 05:40,9070549.6,45878840,1.7671,0.91378,1.8146,0.78986
2021-12-24 05:45,9069623,46037406,1.7738,0.91333,1.822,1.274
2021-12-24 05:50,9079496.1,45996946,1.7818,0.91365,1.8272,0.55352
2021-12-24 05:55,9079646.6,46024729,1.7803,0.9137,1.8253,1.0795
2021-12-24 06:00,9075316.5,46041091,1.7807,0.91309,1.824,1.386
2021-12-24 06:05,9058383.1,45839538,1.7908,0.91339,1.8322,0.48285
2021-12-24 06:10,9044795.5,45758296,1.7729,0.91304,1.8172,1.274
2021-12-24 06:15,9047479.4,45710453,1.7775,0.91285,1.8214,0.55517
2021-12-24 06:20,9048644.2,45696351,1.7651,0.91274,1.8136,1.4716
2021-12-24 06:25,9056449.3,45763294,1.7683,0.91327,1.8173,0.98234
2021-12-24 06:30,9076095.3,46106564,1.7626,0.91282,1.8128,1.6147
2021-12-24 06:35,9072430.7,46106159,1.7629,0.91298,1.8146,0.64265
2021-12-24 06:40,9072296.4,46088793,1.7823,0.91296,1.8343,1.1226
2021-12-24 06:45,9090025.7,46338814,1.778,0.91213,1.8358,2.5578
2021-12-24 06:50,9101248.4,46416584,1.7853,0.91264,1.8491,0.88748
2021-12-24 06:55,9103231.2,46462892,1.7997,0.91324,1.8598,0.81514
2021-12-24 07:00,9101144.1,46376459,1.7903,0.91246,1.8531,0.77203
2021-12-24 07:05,9089442.9,46247085,1.8009,0.91206,1.8611,0.63878
2021-12-24 07:10,9099989.4,46510433,1.791,0.91092,1.8551,2.7006
2021-12-24 07:15,9110718.3,46792649,1.7781,0.91058,1.8576,1.7121
2021-12-24 07:20,9108822.8,46782914,1.7738,0.91006,1.8543,0.97191
2021-12-24 07:25,9144803.2,46988657,1.7818,0.90779,1.8655,1.7326
2021-12-24 07:30,9154999.7,47058094,1.7785,0.90845,1.8642,1.8625
2021-12-24 07:35,9177769.9,47489382,1.7543,0.90673,1.853,1.6273
2021-12-24 07:40,9172188,47273457,1.7556,0.90682,1.8542,0.60866
2021-12-24 07:45,9160143.3,47210505,1.7638,0.90765,1.8596,0.47841
2021-12-24 07:50,9142370,47019209,1.7646,0.90857,1.8565,1.0848
2021-12-24 07:55,9158160.6,47064881,1.7744,0.91019,1.8638,1.5903
2021-12-24 08:00,9164558.9,47466520,1.7462,0.90861,1.8419,3.7342
2021-12-24 08:05,9176582.9,47296108,1.7626,0.90988,1.8552,0.37447
2021-12-24 08:10,9178123.8,47566084,1.7617,0.90728,1.8573,1.7641
2021-12-24 08:15,9201813,47872949,1.7383,0.91109,1.8374,1.8181
2021-12-24 08:20,9183537.1,47691315,1.7538,0.91355,1.851,0.88807
2021-12-24 08:25,9191216.6,47854296,1.7549,0.91264,1.8571,1.7305
2021-12-24 08:30,9184325.4,47749308,1.7829,0.91348,1.8935,0.53408
2021-12-24 08:35,9189277.5,47917359,1.7904,0.9136,1.907,0.5865
2021-12-24 08:40,9198559.8,47887702,1.791,0.91434,1.9095,0.82503
2021-12-24 08:45,9175062.4,47297447,1.8215,0.916,1.9332,0.51871
2021-12-24 08:50,9163214.2,47295358,1.8231,0.91705,1.937,1.3019
2021-12-24 08:55,9164698.9,47207364,1.8428,0.91835,1.947,0.49773
2021-12-24 09:00,9165491,47147415,1.8479,0.91681,1.9476,0.72984
2021-12-24 09:05,9153042,47119860,1.8384,0.91994,1.942,1.6627
2021-12-24 09:10,9158940.9,47243854,1.8381,0.91988,1.9403,0.74597
2021-12-24 09:15,9166716.3,47401090,1.8346,0.9233,1.9466,1.9427
2021-12-24 09:20,9169466.1,47379054,1.8418,0.92202,1.9503,0.7189
2021-12-24 09:25,9167055.5,47355757,1.8401,0.92175,1.9522,1.1256
2021-12-24 09:30,9185576.7,47388390,1.8488,0.92228,1.9564,0.73787
2021-12-24 09:35,9184534.5,47511597,1.8384,0.92163,1.9486,1.8839
2021-12-24 09:40,9187674.8,47551251,1.8502,0.92287,1.9638,0.86355
2021-12-24 09:45,9211439.3,47632353,1.84,0.92566,1.9584,1.2061
2021-12-24 09:50,9216308.4,47731261,1.8396,0.92599,1.9603,1.6703
2021-12-24 09:55,9206583.4,47833012,1.8304,0.92481,1.954,1.1212
2021-12-24 10:00,9199982.1,47843776,1.8241,0.92114,1.9506,1.059
2021-12-24 10:05,9184631.4,47631498,1.8263,0.9208,1.9503,0.7224
2021-12-24 10:10,9184369.5,47648509,1.8291,0.92105,1.954,0.47545
2021-12-24 10:15,9177609.1,47571390,1.8277,0.92103,1.9516,0.66761
2021-12-24 10:20,9183513.7,47579784,1.8345,0.92184,1.9542,0.56037
2021-12-24 10:25,9222642,47948516,1.8213,0.92406,1.9456,2.4995
2021-12-24 10:30,9250751.7,48233626,1.8159,0.92784,1.9385,1.3089
2021-12-24 10:35,9249430,48183036,1.7989,0.92956,1.9236,0.92431
2021-12-24 10:40,9262439,48411406,1.8627,0.93156,1.99,1.6079
2021-12-24 10:45,9270832.1,48710393,1.744,0.9331,1.8935,2.0527
2021-12-24 10:50,9287026.2,48872805,1.7462,0.93318,1.8873,0.89177
2021-12-24 10:55,9250454.8,48460529,1.7684,0.93338,1.9026,0.39509
2021-12-24 11:00,9247742.7,48448924,1.7582,0.93248,1.8912,0.99685
2021-12-24 11:05,9230391.4,48173413,1.769,0.93278,1.8946,0.48213
2021-12-24 11:10,9207137.3,47987600,1.7943,0.93205,1.9137,0.41132
2021-12-24 11:15,9223818.7,48249796,1.7739,0.93199,1.8962,1.4985
2021-12-24 11:20,9278167.5,48749773,1.7637,0.93694,1.8893,2.9422
2021-12-24 11:25,9272316.4,48615248,1.7588,0.94028,1.8821,0.59893
2021-12-24 11:30,9277007.8,48509474,1.7605,0.94093,1.8815,0.75049
2021-12-24 11:35,9255576.8,48322557,1.7767,0.93974,1.8965,0.53179
2021-12-24 11:40,9255147.8,48330019,1.7764,0.93895,1.895,0.78516
2021-12-24 11:45,9229406.3,47900619,1.7921,0.93974,1.9033,0.49186
2021-12-24 11:50,9240884.8,48071083,1.7741,0.93915,1.8892,1.3001
2021-12-24 11:55,9205149.5,47461751,1.7952,0.93711,1.9098,0.51025
2021-12-24 12:00,9216855.4,47706706,1.8027,0.93767,1.9157,1.1373
2021-12-24 12:05,9161826.2,46877935,1.8332,0.9394,1.9376,0.50543
2021-12-24 12:10,9154668.3,47062833,1.8244,0.93665,1.93,1.3784
2021-12-24 12:15,9161131.7,47152345,1.8368,0.93744,1.9427,0.89294
2021-12-24 12:20,9170000,47500600,1.8133,0.93703,1.9305,2.0187
2021-12-24 12:25,9175236.5,47816585,1.8039,0.93818,1.919,1.0692
2021-12-24 12:30,9184807.2,47531377,1.8244,0.9379,1.9345,0.32711
2021-12-24 12:35,9193379.8,47444536,1.8252,0.93703,1.931,0.7692
2021-12-24 12:40,9205011,47336588,1.8441,0.93813,1.9476,0.69126
2021-12-24 12:45,9164587,47408409,1.8201,0.93636,1.9236,1.2576
2021-12-24 12:50,9150587.2,47299385,1.8313,0.93437,1.9347,0.5214
2021-12-24 12:55,9154268.1,47437775,1.8376,0.93444,1.9418,1.2253
2021-12-24 13:00,9166724.1,47584257,1.8304,0.93382,1.9385,0.64645
2021-12-24 13:05,9158583.7,47450622,1.8341,0.93351,1.9424,1.1013
2021-12-24 13:10,9149571.7,47074546,1.8587,0.93354,1.963,0.63968
2021-12-24 13:15,9152184.2,47151216,1.852,0.93267,1.9589,1.6441
2021-12-24 13:20,9164024.1,47374528,1.7739,0.93217,1.8663,1.3418
2021-12-24 13:25,9206092.3,47687558,1.743,0.93078,1.8251,1.302
2021-12-24 13:30,9224503.4,47728037,1.7429,0.93166,1.8186,0.86992
2021-12-24 13:35,9228225.6,47884286,1.7287,0.93239,1.8015,1.043
2021-12-24 13:40,9262437,48312871,1.6915,0.93196,1.7671,1.4595
2021-12-24 13:45,9288303.4,48649707,1.6399,0.93451,1.7152,1.7557
2021-12-24 13:50,9298578.3,48943106,1.6296,0.93633,1.6966,1.2926
2021-12-24 13:55,9286643.5,48671299,1.6203,0.93834,1.6833,0.58377
2021-12-24 14:00,9291620.4,48443421,1.6298,0.9391,1.6905,0.75943
2021-12-24 14:05,9322075.3,48803679,1.6158,0.93833,1.6815,1.5878
2021-12-24 14:10,9376906.8,49247515,1.5961,0.94023,1.6625,1.6274
2021-12-24 14:15,9348382.7,49191190,1.6006,0.94036,1.6633,0.57315
2021-12-24 14:20,9363406.1,49523055,1.5375,0.94176,1.6132,1.3355
2021-12-24 14:25,9367320.7,49538403,1.5252,0.9441,1.5993,0.64164
2021-12-24 14:30,9432430,49982596,1.5105,0.94199,1.587,0.91717
2021-12-24 14:35,9450039.7,50151361,1.4919,0.94243,1.5714,1.0258
2021-12-24 14:40,9441240.7,50211416,1.4798,0.93913,1.5572,1.0208
2021-12-24 14:45,9509808.6,50844048,1.4429,0.94333,1.543,1.0655
2021-12-24 14:50,9525677.6,50981427,1.4792,0.94827,1.5721,0.85731
2021-12-24 14:55,9494753.7,50436132,1.5053,0.94718,1.5857,0.71333
2021-12-24 15:00,9402573.7,49231876,1.5062,0.94604,1.5689,0.64424
2021-12-24 15:10,9391660.4,49470927,1.4873,0.94374,1.5573,1.3434
2021-12-24 15:15,9394312.4,49644132,1.4878,0.9454,1.5517,0.95147
2021-12-24 15:20,9596135.1,51579226,1.3904,0.95173,1.4704,1.1617
2021-12-24 15:25,9649396.6,52077217,1.3701,0.94836,1.4361,1.0078
2021-12-24 15:30,9692084.6,52579559,1.3137,0.95234,1.3756,0.71532
2021-12-24 15:35,9802151.9,53511773,1.2852,0.95344,1.3494,1.2315
2021-12-24 15:40,9750074.5,53271424,1.2896,0.94978,1.3405,0.95386
2021-12-24 15:45,9836247.1,53946773,1.2871,0.95123,1.333,1.0358
2021-12-24 15:50,9854576.4,54012933,1.2962,0.95072,1.3308,0.94074
2021-12-24 15:55,9796826.7,54112342,1.3439,0.95079,1.4263,1.605
2021-12-24 16:00,9897974.2,54923408,1.3504,0.95785,1.4232,0.70209
2021-12-24 16:05,10024876,56141368,1.3333,0.9574,1.4258,1.4021
2021-12-24 16:10,9992075.7,55706304,1.3541,0.95638,1.4363,0.72115
2021-12-24 16:15,9947877.8,55494857,1.3446,0.9588,1.4251,0.83154
2021-12-24 16:20,9920477.9,54899925,1.3496,0.96123,1.4203,0.49329
2021-12-24 16:25,9916736.9,55087569,1.3367,0.95946,1.4089,1.0542
2021-12-24 16:30,9889720.3,54769271,1.3412,0.95695,1.4146,0.77184
2021-12-24 16:35,9865910.6,54420363,1.3477,0.95733,1.4102,0.57869
2021-12-24 16:40,9857496.8,54423240,1.342,0.95828,1.3919,0.8834
2021-12-24 16:45,9814077.6,53732075,1.353,0.95856,1.3929,0.51971
2021-12-24 16:50,9807846.8,53473163,1.3654,0.96239,1.3981,0.81501
2021-12-24 16:55,9814443.7,53453798,1.3738,0.96347,1.4154,0.98743
2021-12-24 17:00,9805850.9,53485726,1.3737,0.96629,1.4218,1.2523
2021-12-24 17:05,9797683.3,53243784,1.3838,0.96336,1.4323,1.1245
2021-12-24 17:10,9765792.3,52707287,1.4318,0.96256,1.4737,0.74899
2021-12-24 17:15,9765558.7,52626596,1.4499,0.96287,1.4916,1.0562
2021-12-24 17:20,9772714.1,52205839,1.4688,0.96695,1.499,0.56518
2021-12-24 17:25,9760383.4,52266853,1.4825,0.96522,1.5279,1.6252
2021-12-24 17:30,9735716.2,51996457,1.4856,0.96471,1.5367,1.3835
2021-12-24 17:35,9713777.3,52287294,1.4846,0.96405,1.5599,2.3132
2021-12-24 17:40,9734718.8,52223937,1.479,0.96386,1.5644,0.71469
2021-12-24 17:45,9701065,52026812,1.4903,0.96022,1.5775,1.1156
2021-12-24 17:50,9662251.9,51653677,1.5099,0.95868,1.5994,0.66662
2021-12-24 17:55,9610075.8,51029045,1.6071,0.95589,1.6718,0.55544
2021-12-24 18:00,9556081,50704566,1.6668,0.95274,1.7153,1.2803
2021-12-24 18:05,9512282.6,50851837,1.6642,0.94795,1.7271,1.1939
2021-12-24 18:10,9487112,50888869,1.6829,0.94796,1.7538,1.0599
2021-12-24 18:15,9469402.5,50888569,1.6941,0.94536,1.7697,0.91686
2021-12-24 18:20,9461525,50893543,1.7119,0.94526,1.7922,0.83003
2021-12-24 18:25,9448448.5,51059416,1.6955,0.94223,1.7853,1.7105
2021-12-24 18:30,9428129.6,50789334,1.7236,0.94312,1.8088,0.92116
2021-12-24 18:35,9432772.5,50997801,1.7203,0.94348,1.8044,1.0165
2021-12-24 18:40,9436765.6,51269948,1.706,0.94115,1.8067,1.5095
2021-12-24 18:45,9434899.3,51005118,1.7206,0.94132,1.82,0.60289
2021-12-24 18:50,9416372.9,50823551,1.7159,0.94014,1.8135,0.68664
2021-12-24 18:55,9412272.2,50415797,1.7341,0.94075,1.8238,0.63318
2021-12-24 19:00,9400274.7,50441874,1.7347,0.93965,1.824,1.3239
2021-12-24 19:05,9393433.3,50265215,1.7578,0.93936,1.8491,0.59224
2021-12-24 19:10,9401712.1,50684630,1.7458,0.93829,1.8407,1.5543
2021-12-24 19:15,9403231.6,50579786,1.7373,0.9367,1.8334,1.1406
2021-12-24 19:20,9397728.4,50276539,1.7468,0.93853,1.8361,0.74088
2021-12-24 19:25,9383091.1,50058791,1.758,0.93813,1.8461,0.71572
2021-12-24 19:30,9373018.1,50005052,1.7611,0.93715,1.8476,1.0873
2021-12-24 19:35,9361468.5,49761997,1.7784,0.93704,1.8676,0.55591
2021-12-24 19:40,9250180,48834411,1.8345,0.92909,1.9263,0.76845
2021-12-24 19:45,9227866.1,48257625,1.8851,0.93142,1.9584,0.59652
2021-12-24 19:50,9242257.1,48503365,1.8725,0.92852,1.9608,1.4521
2021-12-24 19:55,9245792.4,48383232,1.8877,0.92855,1.9751,0.76378
2021-12-24 20:00,9268354.4,48482762,1.9033,0.93053,1.9886,0.52829
2021-12-24 20:05,9286944.6,48390607,1.9179,0.93064,1.9921,0.79175
2021-12-24 20:10,9259581,48057586,1.9205,0.93081,1.9879,0.60424
2021-12-24 20:15,9253425.6,48645258,1.9011,0.9288,1.9959,1.5774
2021-12-24 20:20,9207136.9,48807033,1.8949,0.9301,1.9947,0.95673
2021-12-24 20:25,9199836.2,48593535,1.8986,0.93076,1.9964,0.72467
2021-12-24 20:30,9208233.5,48619473,1.9025,0.93299,1.9985,0.67487
2021-12-24 20:35,9215360.5,49016502,1.8876,0.93288,1.9941,1.4696
2021-12-24 20:40,9262069.9,49577845,1.8377,0.93129,1.9571,1.725
2021-12-24 20:45,9223405.5,49252985,1.8205,0.9332,1.9396,0.76925
2021-12-24 20:50,9217200.8,49204802,1.8211,0.9343,1.9382,0.43886
2021-12-24 20:55,9214954.7,48944427,1.8334,0.93377,1.9402,0.61926
2021-12-24 21:00,9210207.1,48823308,1.8342,0.93397,1.9371,0.60431
2021-12-24 21:05,9201852.5,48992469,1.8326,0.93383,1.9345,0.91526
2021-12-24 21:10,9212725.7,49003250,1.8244,0.9341,1.9349,1.1107
2021-12-24 21:15,9210090.4,48675328,1.8343,0.93487,1.9392,0.51232
2021-12-24 21:20,9203620.4,48650337,1.8495,0.93463,1.9506,0.61691
2021-12-24 21:25,9210108.9,48666215,1.8396,0.93427,1.9431,0.98996
2021-12-24 21:30,9211106.3,48874130,1.8437,0.93289,1.9518,1.5664
2021-12-24 21:35,9204910.6,48481768,1.8846,0.93213,1.9875,0.23011
2021-12-24 21:40,9180410.9,48197157,1.8882,0.93294,1.9845,0.5791
2021-12-24 21:45,9201161.1,48236067,1.8837,0.93177,1.9848,0.60138
2021-12-24 21:50,9206806.5,48701708,1.8362,0.9292,1.9474,3.2204
2021-12-24 21:55,9184238.6,48632098,1.8409,0.92987,1.952,1.8311
2021-12-24 22:00,9211940.6,48565351,1.8803,0.93235,1.9831,0.52107
2021-12-24 22:05,9202019.9,48439433,1.8655,0.93211,1.9754,1.943
2021-12-24 22:10,9207896.3,48046803,1.8853,0.93364,1.9866,0.55911
2021-12-24 22:15,9197908,47793518,1.8923,0.93323,1.9967,0.66184
2021-12-24 22:20,9188069.6,47842278,1.9084,0.93261,2.0123,1.2444
2021-12-24 22:25,9228935.8,48221190,1.9046,0.9326,2.0135,0.6782
2021-12-24 22:30,9208389.1,48041758,1.9168,0.93267,2.0292,0.99034
2021-12-24 22:35,9209598,47961281,1.9259,0.93307,2.0313,0.46924
2021-12-24 22:40,9214819.3,47797268,1.9233,0.93334,2.0298,0.73271
2021-12-24 22:45,9190614.1,47621747,1.9309,0.93503,2.0384,0.65285
2021-12-24 22:50,9052678.5,46159608,2.0224,0.93906,2.101,0.37011
2021-12-24 22:55,9054105.7,46402292,2.0116,0.93763,2.1009,1.5134
2021-12-24 23:00,9079655.8,46717010,2.0073,0.93865,2.0916,0.85579
2021-12-24 23:05,9110690.9,46664959,1.9992,0.93998,2.066,0.73827
2021-12-24 23:10,9124515.9,46848109,2.0058,0.94104,2.0758,0.9265
2021-12-24 23:15,9073353.6,46333760,2.0186,0.94143,2.0809,0.69341
2021-12-24 23:20,9040071.2,46212844,2.0198,0.94381,2.0806,0.82853
2021-12-24 23:25,9045136.7,46482958,2.0528,0.94572,2.1106,1.4139
2021-12-24 23:30,9029550.1,46378405,2.0552,0.94503,2.1118,1.3678
2021-12-24 23:35,9055591.9,46482353,2.0547,0.94473,2.1137,0.94132
2021-12-24 23:40,9065434.5,46805698,2.0586,0.94601,2.1218,0.85883
2021-12-24 23:45,9040600.4,46531970,2.0655,0.94355,2.1296,1.9586
2021-12-24 23:50,9045967.7,46586734,2.0652,0.94508,2.1255,0.98868
2021-12-24 23:55,9062061.3,46859919,2.0121,0.94466,2.0795,1.6063
2021-12-25 00:00,9077417.1,47051718,2.0144,0.94327,2.0841,2.2724
2021-12-25 00:05,9022338.3,46456020,2.0543,0.94063,2.112,0.82191
2021-12-25 00:10,9011717.7,46626627,2.0444,0.90554,2.1161,1.2452
2021-12-25 00:15,9026860,46902380,2.0444,0.90559,2.1192,1.6004
2021-12-25 00:20,9052926.7,47370095,2.0042,0.90571,2.0943,1.7931
2021-12-25 00:25,9040282.2,47298756,2.0011,0.90533,2.0965,0.95404
2021-12-25 00:30,9068065.3,47951929,1.9561,0.90733,2.0654,1.5991
2021-12-25 00:35,9061152.2,47806451,1.9694,0.90854,2.0767,0.89813
2021-12-25 00:40,9093121.8,47957124,1.9766,0.9072,2.083,0.68616
2021-12-25 00:45,9077965.2,47831799,1.9803,0.9071,2.0838,0.76437
2021-12-25 00:50,9071900.3,47835334,1.978,0.90718,2.0858,0.65064
2021-12-25 00:55,9069058.6,48113308,1.943,0.90593,2.0691,1.7566
2021-12-25 01:00,9071317.7,48186840,1.9178,0.90591,2.048,1.2813
2021-12-25 01:05,9054658.1,48112037,1.9021,0.90813,2.0347,1.5732
2021-12-25 01:10,9033789.9,47689377,1.9113,0.90822,2.0366,0.67968
2021-12-25 01:15,9022676.9,47654035,1.9094,0.9057,2.0294,0.96975
2021-12-25 01:20,9008042.9,47283217,1.8915,0.9063,2.0161,0.71982
2021-12-25 01:25,9003169.7,47509727,1.8845,0.90614,2.0052,1.0699
2021-12-25 01:30,9019274.6,47333153,1.8941,0.90838,2.0074,0.46663
2021-12-25 01:35,9015344.9,47499599,1.8531,0.90738,1.9712,1.7623
2021-12-25 01:40,9005528.9,47252861,1.8629,0.9075,1.9818,0.53301
2021-12-25 01:45,8983497,46998439,1.8781,0.90533,1.9939,0.98166
2021-12-25 01:50,8998937.3,47625692,1.8552,0.90511,1.9724,2.6776
2021-12-25 01:55,9008492.2,48069314,1.74,0.90948,1.8839,0.88444
2021-12-25 02:00,9064287.5,48628909,1.6744,0.91063,1.8314,0.81193
2021-12-25 02:05,9092339.2,49090960,1.6034,0.91287,1.766,1.1475
2021-12-25 02:10,9116470.1,49447734,1.5262,0.91421,1.6981,1.0688
2021-12-25 02:15,9162854.8,49541669,1.5242,0.91744,1.6915,0.55833
2021-12-25 02:20,9128297.6,49187952,1.5408,0.91654,1.7004,0.43839
2021-12-25 02:25,9123965.6,49263911,1.5221,0.91498,1.6796,1.8806
2021-12-25 02:30,9162850.4,49699301,1.5093,0.91562,1.6663,1.8302
2021-12-25 02:35,9153482.6,49434217,1.5203,0.91566,1.6757,0.52409
2021-12-25 02:40,9158583.9,49520463,1.5153,0.91518,1.6646,1.3339
2021-12-25 02:45,9138736.2,49193817,1.5395,0.9145,1.6844,0.64943
2021-12-25 02:50,9130701.5,48858384,1.541,0.91488,1.6815,0.59521
2021-12-25 02:55,9152676,48948511,1.5503,0.91357,1.6859,0.4911
2021-12-25 03:00,9139981.7,48792822,1.5647,0.91594,1.7031,1.1628
2021-12-25 03:05,9148808.5,48930978,1.5568,0.9163,1.6971,1.5952
2021-12-25 03:10,9134846.2,48798348,1.5567,0.91417,1.702,0.78032
2021-12-25 03:15,9139504.6,48658722,1.5625,0.91509,1.7084,0.82376
2021-12-25 03:20,9130000.5,48745073,1.5586,0.91412,1.7023,1.6983
2021-12-25 03:25,9135015.9,49024393,1.5714,0.91381,1.7164,1.7114
2021-12-25 03:30,9131058.4,49179881,1.5607,0.91297,1.7082,2.1975
2021-12-25 03:35,9120793.4,48923936,1.5725,0.91276,1.7177,0.51151
2021-12-25 03:40,9112219.7,48666736,1.5814,0.91347,1.7275,0.48853
2021-12-25 03:45,9137942.7,48368788,1.6348,0.9133,1.7714,0.58715
2021-12-25 03:50,9123273.6,48234126,1.6238,0.9155,1.7677,0.96684
2021-12-25 03:55,9106356.6,47825817,1.6709,0.91503,1.8056,0.38706
2021-12-25 04:00,9095166.6,47886052,1.6632,0.91429,1.798,1.2149
2021-12-25 04:05,9100224,48252277,1.6375,0.91455,1.781,1.7163
2021-12-25 04:10,9103810.4,48587036,1.6188,0.91561,1.7669,1.1814
2021-12-25 04:15,9095938.7,48545025,1.6257,0.91565,1.7735,0.56113
2021-12-25 04:20,9098083.1,48481221,1.6257,0.91558,1.7732,0.62223
2021-12-25 04:25,9106718.8,48306316,1.6475,0.91597,1.7875,0.36426
2021-12-25 04:30,9099550.8,48460867,1.6357,0.91677,1.7784,1.4209
2021-12-25 04:35,9107154.1,48495596,1.6369,0.91598,1.7781,0.76009
2021-12-25 04:40,9105954,48529785,1.6383,0.91604,1.7817,0.85647
2021-12-25 04:45,9092082.2,48478982,1.6235,0.91621,1.77,1.8744
2021-12-25 04:50,9094592.9,48474180,1.6368,0.91584,1.7802,0.99273
2021-12-25 04:55,9115420.6,48303730,1.6599,0.91476,1.8027,0.47312
2021-12-25 05:00,9112742.8,48306650,1.6589,0.9144,1.7982,1.3122
2021-12-25 05:05,9100277.8,48478924,1.6422,0.91373,1.7826,1.0938
2021-12-25 05:10,9105588.9,48667304,1.6313,0.91453,1.775,0.98439
2021-12-25 05:15,9105081.8,48612032,1.6426,0.91462,1.7874,0.64747
2021-12-25 05:20,9097908.9,48452461,1.6441,0.91486,1.7858,0.51896
2021-12-25 05:25,9104059.7,48615679,1.6424,0.91492,1.7833,1.417
2021-12-25 05:30,9103432.7,48542519,1.6412,0.91443,1.782,1.1599
2021-12-25 05:35,9106820.4,48538407,1.6442,0.91471,1.7851,0.70708
2021-12-25 05:40,9083432.6,48166901,1.6752,0.91513,1.8163,0.4763
2021-12-25 05:45,9076309.3,48133116,1.6737,0.91561,1.8146,0.76761
2021-12-25 05:50,9077521.6,48167771,1.672,0.91504,1.8147,0.94098
2021-12-25 05:55,9071828.8,48334704,1.6464,0.91479,1.7918,1.5684
2021-12-25 06:00,9096447.3,48866036,1.596,0.91379,1.7495,1.2848
2021-12-25 06:05,9095338.1,48603649,1.6135,0.91279,1.7671,0.59645
2021-12-25 06:10,9073175,48160413,1.6372,0.91167,1.7871,0.67687
2021-12-25 06:15,9065611.7,47866494,1.6802,0.91146,1.8215,0.42065
2021-12-25 06:20,9070629.9,47911071,1.6627,0.91042,1.8115,1.905
2021-12-25 06:25,9070858.6,48420243,1.6237,0.91139,1.7712,1.8609
2021-12-25 06:30,9074622.8,48603680,1.6168,0.91145,1.7609,0.9626
2021-12-25 06:35,9078779.9,48798193,1.5985,0.91303,1.7393,0.9175
2021-12-25 06:40,9086585.2,48749530,1.6344,0.91339,1.7704,1.0434
2021-12-25 06:45,9089756.8,48656875,1.6428,0.91378,1.7745,0.73188
2021-12-25 06:50,9088082.9,48569462,1.6607,0.91414,1.7911,0.46209
2021-12-25 06:55,9084605.1,48771096,1.6434,0.91351,1.7754,1.9566
2021-12-25 07:00,9065856.2,48511397,1.654,0.91301,1.7883,1.1246
2021-12-25 07:05,9013390.6,48008091,1.6924,0.91168,1.8237,0.35885
2021-12-25 07:10,9027262.4,48099044,1.7001,0.91179,1.8319,0.75338
2021-12-25 07:15,9020788,48143946,1.702,0.91246,1.8388,1.0349
2021-12-25 07:20,9022746.2,48112213,1.6967,0.911,1.8349,0.71622
2021-12-25 07:25,9028238.2,48445894,1.6755,0.9099,1.8141,1.6733
2021-12-25 07:30,9028220.3,48529141,1.6586,0.91194,1.7983,0.81402
2021-12-25 07:35,9024583.6,48073957,1.7037,0.91337,1.8403,0.3243
2021-12-25 07:40,9020779.6,47866928,1.7026,0.91365,1.8417,1.1719
2021-12-25 07:45,9022218,47817250,1.7111,0.91235,1.8523,1.0514
2021-12-25 07:50,9020469.7,47934244,1.7161,0.91202,1.8615,1.2532
2021-12-25 07:55,9015486,48034509,1.7142,0.9124,1.8581,1.0068
2021-12-25 08:00,9002359.7,47832107,1.724,0.91063,1.8679,1.5542
2021-12-25 08:05,9006958.3,47953046,1.7174,0.90986,1.8618,1.3693
2021-12-25 08:10,9004131.2,48225516,1.6884,0.91119,1.8322,1.9901
2021-12-25 08:15,9002531.9,48118533,1.683,0.91061,1.8284,0.78666
2021-12-25 08:20,8991572.9,47771854,1.6822,0.91165,1.8249,0.44967
2021-12-25 08:25,8966610.6,47137557,1.7527,0.91205,1.8939,0.39819
2021-12-25 08:30,8974179.4,47347771,1.7486,0.91024,1.895,2.0721
2021-12-25 08:35,8975110.9,47559113,1.7419,0.9107,1.8913,1.1717
2021-12-25 08:40,8973308.1,47522640,1.7335,0.91214,1.8828,0.72962
2021-12-25 08:45,8967174.2,47517056,1.745,0.91192,1.8912,0.90273
2021-12-25 08:50,8968752.6,47498514,1.7523,0.91179,1.8978,0.80071
2021-12-25 08:55,8960784.5,47653452,1.7384,0.91116,1.8826,1.5735
2021-12-25 09:00,8944167.6,47551066,1.7425,0.91054,1.8875,1.0855
2021-12-25 09:05,8939845.2,47568916,1.7394,0.90962,1.885,0.69922
2021-12-25 09:10,8955896.3,47887439,1.7046,0.91003,1.854,2.6695
2021-12-25 09:15,8950197.9,47792112,1.7064,0.911,1.8527,0.58298
2021-12-25 09:20,8951491.4,47865875,1.7123,0.91007,1.8563,0.87801
2021-12-25 09:25,8952666.8,47807241,1.716,0.91075,1.861,0.85905
2021-12-25 09:30,8937360.9,47636134,1.7151,0.91172,1.8553,0.63957
2021-12-25 09:35,8938559.4,47562075,1.7227,0.91149,1.8586,0.48456
2021-12-25 09:40,8924685.3,47396442,1.7367,0.91143,1.8705,0.59099
2021-12-25 09:45,8921742.5,47308912,1.7528,0.91101,1.8884,0.62954
2021-12-25 09:50,8916184.5,47365583,1.7522,0.91096,1.8916,1.0465
2021-12-25 09:55,8928154.6,47560280,1.727,0.90988,1.8674,3.644
2021-12-25 10:00,8911066.8,47139543,1.7438,0.91043,1.8812,0.49173
2021-12-25 10:05,8922918.8,47014859,1.7458,0.91222,1.8845,0.66046
2021-12-25 10:10,8935303.3,47289986,1.7398,0.91183,1.8901,1.1087
2021-12-25 10:15,8940218.9,47409981,1.7399,0.91129,1.8884,1.6269
2021-12-25 10:20,8943951.3,47235554,1.7407,0.91202,1.8887,0.66566
2021-12-25 10:25,8975491.6,47229037,1.7508,0.91177,1.8993,0.85266
2021-12-25 10:30,8944538.3,46914103,1.775,0.91195,1.915,0.48906
2021-12-25 10:35,8953797.3,46872783,1.7803,0.91187,1.9177,0.73057
2021-12-25 10:40,8946549.2,46906932,1.7839,0.91078,1.9194,1.0838
2021-12-25 10:45,8939240.8,46938782,1.788,0.90933,1.9297,1.6037
2021-12-25 10:50,8947384.3,47206400,1.7759,0.90877,1.9251,1.6454
2021-12-25 10:55,8933050,46814470,1.7865,0.91033,1.938,0.60719
2021-12-25 11:00,8934176.6,46658658,1.7896,0.9108,1.9357,0.9194
2021-12-25 11:05,8907131,46646645,1.8061,0.90833,1.9501,0.48932
2021-12-25 11:10,8905230.7,46725745,1.8022,0.90779,1.9542,1.204
2021-12-25 11:15,8893692.7,46770905,1.8015,0.90886,1.9512,0.85405
2021-12-25 11:20,8883641.1,46556017,1.8157,0.90916,1.9607,0.75209
2021-12-25 11:25,8880273.9,46615706,1.8002,0.90776,1.9518,2.2774
2021-12-25 11:30,8882105.1,46737637,1.7948,0.90758,1.9471,0.72618
2021-12-25 11:35,8874928.9,46466657,1.815,0.9104,1.969,0.36925
2021-12-25 11:40,8886780.6,46531183,1.7945,0.90913,1.9472,1.2482
2021-12-25 11:45,8873819,46507685,1.8021,0.90775,1.9545,1.4561
2021-12-25 11:50,8857852.5,46229470,1.7674,0.90734,1.9257,0.59967
2021-12-25 11:55,8870879.5,46306788,1.7536,0.90743,1.9095,1.0005
2021-12-25 12:00,8863717.4,46344994,1.7613,0.90671,1.9161,1.6368
2021-12-25 12:05,8849085.7,46501945,1.7325,0.90483,1.8952,1.6083
2021-12-25 12:10,8854320.1,46617995,1.7428,0.90464,1.9079,1.4495
2021-12-25 12:15,8822560.7,46257788,1.7627,0.90465,1.9277,0.30737
2021-12-25 12:20,8823323.7,46507739,1.7431,0.90414,1.9107,1.9864
2021-12-25 12:25,8817626.8,46590650,1.7545,0.90401,1.9216,1.1009
2021-12-25 12:30,8811134.2,46725445,1.7293,0.90391,1.8948,1.1586
2021-12-25 12:35,8821997,46906558,1.7094,0.90484,1.8733,1.183
2021-12-25 12:40,8847202.3,47217519,1.6693,0.90498,1.8356,1.9023
2021-12-25 12:45,8851814.3,47123798,1.6872,0.90554,1.8472,0.4848
2021-12-25 12:50,8845120.5,46929221,1.6909,0.90578,1.845,0.4144
2021-12-25 12:55,8842468.3,46936361,1.6913,0.9071,1.8464,0.71827
2021-12-25 13:00,8846957.4,46944990,1.692,0.90694,1.8441,0.76493
2021-12-25 13:05,8838337.2,46721197,1.6956,0.90638,1.8386,0.57351
2021-12-25 13:10,8835116.9,46649417,1.6951,0.90562,1.8385,1.0455
2021-12-25 13:15,8820779,46600175,1.7035,0.90456,1.8525,0.63568
2021-12-25 13:20,8821118.1,46690178,1.6971,0.90431,1.8518,1.0145
2021-12-25 13:25,8843480.4,47162281,1.6723,0.90372,1.8249,2.1855
2021-12-25 13:30,8839463.9,47117398,1.6709,0.90481,1.8194,0.8748
2021-12-25 13:35,8835076.4,46958431,1.6614,0.90497,1.8091,0.78672
2021-12-25 13:40,8851544.6,47128497,1.6402,0.90493,1.7984,1.4066
2021-12-25 13:45,8908245.1,47694744,1.6213,0.90605,1.781,1.6561
2021-12-25 13:50,8894512.8,47443331,1.6368,0.90999,1.7955,0.53977
2021-12-25 13:55,8891358.5,47378163,1.6321,0.90917,1.792,1.1834
2021-12-25 14:00,8884558.6,47283621,1.6473,0.9082,1.8084,1.2445
2021-12-25 14:05,8878939.5,47070002,1.6777,0.90739,1.8386,0.41217
2021-12-25 14:10,8883878.1,47173393,1.6802,0.90763,1.838,0.98505
2021-12-25 14:15,8884084.8,47201143,1.6804,0.90753,1.8412,0.82254
2021-12-25 14:20,8859758.2,46924987,1.6862,0.90601,1.8511,0.62363
2021-12-25 14:25,8864246,47069146,1.6732,0.90666,1.839,0.88275
2021-12-25 14:30,8850825.4,47378468,1.6427,0.90555,1.8063,1.6926
2021-12-25 14:35,8840829.4,47077417,1.6417,0.90592,1.801,0.581
2021-12-25 14:40,8839567.9,46999983,1.6491,0.90615,1.813,0.85039
2021-12-25 14:45,8845932.5,47060361,1.6473,0.90579,1.8126,1.1408
2021-12-25 14:50,8866971.3,47393962,1.6333,0.90626,1.7935,2.355
2021-12-25 14:55,8865160.1,47286764,1.6285,0.90703,1.7884,0.76749
2021-12-25 15:00,8864113.4,47318283,1.6414,0.90729,1.7984,0.5783
2021-12-25 15:05,8860009.1,47285869,1.6323,0.90707,1.7956,1.1466
2021-12-25 15:10,8854765.5,47191232,1.6322,0.90752,1.7947,0.68861
2021-12-25 15:15,8856041.7,47124834,1.6472,0.90755,1.8072,0.42675
2021-12-25 15:20,8858530,47053138,1.6591,0.90739,1.8158,0.83628
2021-12-25 15:25,8859370.2,47247021,1.6403,0.9073,1.7962,1.0778
2021-12-25 15:30,8855120.7,47410316,1.6176,0.90488,1.7735,1.1114
2021-12-25 15:35,8886200.3,47832444,1.5799,0.90629,1.7341,1.7084
2021-12-25 15:40,8894393.5,47681347,1.6016,0.90807,1.7527,0.50982
2021-12-25 15:45,8887965.5,47683935,1.5958,0.90741,1.7518,1.2499
2021-12-25 15:50,8876773.8,47473336,1.6045,0.90782,1.7605,0.62414
2021-12-25 15:55,8867733.5,47601993,1.5918,0.90618,1.7488,1.3878
2021-12-25 16:00,8848447.2,47286811,1.6016,0.90679,1.7566,0.38502
2021-12-25 16:05,8849711.8,47434455,1.6026,0.90482,1.7552,1.1679
2021-12-25 16:10,8840067.5,46993799,1.6344,0.90335,1.7877,0.65673
2021-12-25 16:15,8827336.1,46808186,1.657,0.90323,1.8102,0.42056
2021-12-25 16:20,8800819.7,46418038,1.67,0.90167,1.8175,0.49429
2021-12-25 16:25,8804580.7,46717105,1.6485,0.90131,1.7981,1.5988
2021-12-25 16:30,8825569.4,47358005,1.594,0.8997,1.7414,1.441
2021-12-25 16:35,8839943.3,47675186,1.5699,0.90212,1.708,0.97302
2021-12-25 16:40,8917034.3,48428922,1.4909,0.90633,1.6307,1.6578
2021-12-25 16:45,8944984.5,48499706,1.4824,0.9085,1.6173,0.77177
2021-12-25 16:50,8947059.2,48197808,1.4871,0.91017,1.6172,0.70759
2021-12-25 16:55,8937420.8,48014807,1.4997,0.91039,1.6322,0.74021
2021-12-25 17:00,8980021.2,48195774,1.5073,0.90867,1.6467,0.65765
2021-12-25 17:05,8973828.4,48243301,1.5057,0.90954,1.6452,1.0855
2021-12-25 17:10,8944428.5,48195374,1.4912,0.90826,1.6296,1.1711
2021-12-25 17:15,8933602.8,47895356,1.509,0.908,1.6426,0.53037
2021-12-25 17:20,8905380.7,47512741,1.5178,0.90713,1.6471,0.5339
2021-12-25 17:25,8932175.2,47304800,1.5278,0.90652,1.6636,0.83193
2021-12-25 17:30,8999100.9,48027741,1.5205,0.90875,1.6609,0.73826
2021-12-25 17:35,8989004.6,47767570,1.533,0.90368,1.6739,0.73695
2021-12-25 17:40,8982084.9,47991280,1.5267,0.90548,1.6648,0.96827
2021-12-25 17:45,8966296.3,47655865,1.5218,0.90405,1.6608,0.67325
2021-12-25 17:50,8970708.3,48082996,1.5107,0.90485,1.6491,1.4275
2021-12-25 17:55,8982459.4,48325632,1.509,0.90605,1.6463,0.8227
2021-12-25 18:00,8998569.2,48772245,1.4679,0.90624,1.5977,1.4767
2021-12-25 18:05,8989060.7,48945436,1.4508,0.91043,1.572,0.92558
2021-12-25 18:10,9071790.6,49513483,1.3929,0.91649,1.5186,1.3276
2021-12-25 18:15,9047638.7,49517727,1.3806,0.91772,1.4999,0.95997
2021-12-25 18:20,9051554.6,49901221,1.2982,0.91763,1.4254,2.0917
2021-12-25 18:25,9086903.1,50184689,1.2944,0.92328,1.4162,0.69936
2021-12-25 18:30,9111520.4,50386958,1.2818,0.92463,1.4069,1.2264
2021-12-25 18:35,9128926.7,50337537,1.2986,0.92472,1.4148,0.76715
2021-12-25 18:40,9136691.8,50425402,1.3121,0.92324,1.4211,0.65267
2021-12-25 18:45,9108336.4,49966453,1.3233,0.92411,1.4248,0.57742
2021-12-25 18:50,9108978,50047223,1.3219,0.92416,1.4253,1.2027
2021-12-25 18:55,9132840.1,50047964,1.3276,0.92782,1.4298,0.52546
2021-12-25 19:00,9140811.1,50274461,1.3159,0.92671,1.4233,1.3386
2021-12-25 19:05,9125369.4,49784986,1.415,0.92652,1.5108,0.62464
2021-12-25 19:10,9125474.9,49679087,1.4247,0.927,1.5185,0.88946
2021-12-25 19:15,9126151.3,49655589,1.4292,0.92569,1.5223,1.2486
2021-12-25 19:20,9112044.4,49259712,1.4594,0.92566,1.551,0.58563
2021-12-25 19:25,9103175.7,49365104,1.4697,0.92544,1.5743,1.1901
2021-12-25 19:30,9098593.2,49532741,1.466,0.92501,1.5752,1.4057
2021-12-25 19:35,9084616.6,49656514,1.463,0.92473,1.5828,0.73284
2021-12-25 19:40,9110118.6,49613706,1.4653,0.92746,1.5879,0.3161
2021-12-25 19:45,9093611.3,49605783,1.4617,0.92544,1.5853,0.99423
2021-12-25 19:50,9094858.4,49534470,1.4642,0.92424,1.5871,1.2852
2021-12-25 19:55,9104081.4,49429105,1.4683,0.92581,1.5898,0.36339
2021-12-25 20:00,9085358.7,49144148,1.4749,0.92523,1.5896,0.99271
2021-12-25 20:05,9069957,49186454,1.4795,0.92436,1.5977,1.1395
2021-12-25 20:10,9099243,49490831,1.4845,0.92412,1.6068,0.69033
2021-12-25 20:15,9116390,49590644,1.4745,0.92645,1.5946,0.68413
2021-12-25 20:20,9118373.1,49610503,1.4759,0.92783,1.5974,0.42162
2021-12-25 20:25,9078629.4,49006442,1.5019,0.9242,1.6221,1.1371
2021-12-25 20:30,9044961.3,48833746,1.5196,0.92225,1.6394,1.0262
2021-12-25 20:35,9053551.4,48762714,1.5153,0.92372,1.6356,0.64994
2021-12-25 20:40,9054555.6,48977206,1.5099,0.92483,1.6369,1.8976
2021-12-25 20:45,9053882.8,49172354,1.5063,0.92338,1.6385,1.5066
2021-12-25 20:50,9056350.4,49330182,1.5102,0.92378,1.6434,0.88785
2021-12-25 20:55,9104943.6,50194554,1.4462,0.92451,1.5837,1.2341
2021-12-25 21:00,9152516.2,50393754,1.4382,0.92805,1.5676,0.52533
2021-12-25 21:05,9183404.9,50663153,1.4214,0.92849,1.5471,1.5017
2021-12-25 21:10,9184637.5,50688186,1.4226,0.92848,1.5433,1.0353
2021-12-25 21:15,9190580,50952576,1.3982,0.9288,1.5221,1.5414
2021-12-25 21:20,9370143,53183479,1.3422,0.93075,1.4716,1.3824
2021-12-25 21:25,9392370.8,53282920,1.309,0.92992,1.4284,0.99163
2021-12-25 21:30,9451750.9,54346195,1.1943,0.93368,1.3162,1.0628
2021-12-25 21:35,9566756,55535019,1.1874,0.92999,1.3066,1.3267
2021-12-25 21:40,9573648.8,55466634,1.2566,0.93398,1.3444,0.79952
2021-12-25 21:45,9536127,54813658,1.2545,0.93499,1.3304,0.74999
2021-12-25 21:50,9507961.7,54874095,1.2378,0.92987,1.3224,1.257
2021-12-25 21:55,9497172.5,54574119,1.2504,0.93069,1.3268,0.75211
2021-12-25 22:00,9501161,54222385,1.2555,0.93678,1.3214,0.5529
2021-12-25 22:05,9555577.4,54966957,1.2397,0.93497,1.3198,1.6184
2021-12-25 22:10,9534187.4,55105209,1.2197,0.93588,1.2982,1.3829
2021-12-25 22:15,9523783.6,54935412,1.231,0.93594,1.2985,0.77666
2021-12-25 22:20,9579199.3,55257038,1.2261,0.93498,1.295,0.93597
2021-12-25 22:25,9551821.5,55056699,1.2321,0.93395,1.2935,0.90215
2021-12-25 22:30,9581879.5,55206734,1.234,0.93439,1.287,1.0387
2021-12-25 22:35,9616712.1,55248276,1.2354,0.93494,1.2799,0.89105
2021-12-25 22:40,9621679.6,55440118,1.2238,0.9357,1.2648,1.0873
2021-12-25 22:45,9655625.8,55754525,1.2246,0.93561,1.2672,0.95543
2021-12-25 22:50,9668767.3,56040340,1.2071,0.93607,1.2524,1.7661
2021-12-25 22:55,9839989.6,57527608,1.1536,0.93581,1.2321,1.3901
2021-12-25 23:00,9857812.7,57392186,1.1764,0.93627,1.2419,0.99003
2021-12-25 23:05,9851171.9,57249533,1.1913,0.93726,1.2436,0.7212
2021-12-25 23:10,9864091.8,57734529,1.1644,0.93738,1.2124,1.2664
2021-12-25 23:15,9957108,58233545,1.157,0.93815,1.2033,1.2057
2021-12-25 23:20,10000567,58615499,1.1581,0.93964,1.2012,0.88
2021-12-25 23:25,10079241,59022112,1.1666,0.94044,1.21,1.1645
2021-12-25 23:30,10074236,59127308,1.1653,0.9425,1.2064,0.79954
2021-12-25 23:35,10102414,59169838,1.1646,0.94168,1.2032,0.85245
2021-12-25 23:40,10089154,59183477,1.1524,0.94411,1.1859,1.0121
2021-12-25 23:45,10036030,58400215,1.1824,0.94247,1.2034,0.65406
2021-12-25 23:50,10046976,58754713,1.1749,0.94299,1.2024,1.2069
2021-12-25 23:55,10066938,59032527,1.1684,0.94266,1.1903,1.0934
2021-12-26 00:00,10097936,58931554,1.1727,0.94524,1.1953,0.55665
2021-12-26 00:05,10132985,59581745,1.16,0.94544,1.1768,1.2292
2021-12-26 00:10,10153011,59770775,1.1649,0.94825,1.1628,1.0339
2021-12-26 00:15,10136031,59306624,1.1699,0.94973,1.1668,0.79619
2021-12-26 00:20,10147571,59150193,1.1808,0.94865,1.18,0.67487
2021-12-26 00:25,10168768,59619486,1.1667,0.9507,1.1611,1.2725
2021-12-26 00:30,10159730,59708734,1.1584,0.95055,1.1521,1.1302
2021-12-26 00:35,10072294,58495614,1.1736,0.94939,1.1603,0.84109
2021-12-26 00:40,9901230.2,57149901,1.2221,0.94638,1.1878,0.81501
2021-12-26 00:45,9893330.5,56785552,1.234,0.94603,1.1917,0.57018
2021-12-26 00:50,9882588.5,57089848,1.2224,0.94561,1.1946,1.4092
2021-12-26 00:55,9886327.5,57498881,1.213,0.94411,1.1865,1.6935
2021-12-26 01:00,9934060.8,57180454,1.2224,0.94801,1.1927,0.69814
2021-12-26 01:05,9882803.9,57102454,1.2234,0.94446,1.1923,0.97712
2021-12-26 01:10,9928313.9,57819324,1.2046,0.94438,1.1777,1.6306
2021-12-26 01:15,9932138.9,57889293,1.2,0.94377,1.1712,1.2056
2021-12-26 01:20,9962665.3,58704733,1.1585,0.94421,1.1416,1.1807
2021-12-26 01:25,9995196.7,58855151,1.1699,0.94293,1.1466,1.006
2021-12-26 01:30,10039643,59223856,1.1597,0.94237,1.1331,1.3296
2021-12-26 01:35,10058605,59335713,1.1623,0.94423,1.1334,1.1316
2021-12-26 01:40,10113559,59868152,1.1534,0.94745,1.137,1.2198
2021-12-26 01:45,10122379,59599369,1.1501,0.94711,1.134,0.61303
2021-12-26 01:50,10065771,58965287,1.1727,0.94689,1.1478,0.59693
2021-12-26 01:55,10109222,59181879,1.1853,0.947,1.1599,1.3707
2021-12-26 02:00,10095520,59018408,1.2073,0.94476,1.1711,1.1261
2021-12-26 02:05,10105153,59347562,1.2009,0.94573,1.1685,0.7867
2021-12-26 02:10,10144355,59574279,1.1843,0.94827,1.1534,0.72027
2021-12-26 02:15,10136175,59370249,1.1967,0.94764,1.1629,1.061
2021-12-26 02:20,10118938,59033885,1.2015,0.94745,1.1717,0.57436
2021-12-26 02:25,10103883,58895533,1.2031,0.94555,1.1707,0.80282
2021-12-26 02:30,10085876,58791203,1.205,0.94531,1.1715,1.3481
2021-12-26 02:35,10025498,57979016,1.2397,0.94551,1.2,0.63012
2021-12-26 02:40,9929745.7,57402317,1.2572,0.94067,1.2156,1.1786
2021-12-26 02:45,10135026,60093919,1.1571,0.94858,1.1324,1.4913
2021-12-26 02:50,10157448,60083499,1.1566,0.94832,1.137,1.0327
2021-12-26 02:55,10139264,59870031,1.1517,0.94976,1.1321,0.82403
2021-12-26 03:00,10113565,59184580,1.17,0.94951,1.141,0.75943
2021-12-26 03:05,10023677,58108520,1.1881,0.94437,1.1538,0.78612
2021-12-26 03:10,10019129,58291291,1.1799,0.94407,1.1511,1.1831
2021-12-26 03:15,10066639,59072237,1.164,0.94488,1.1388,1.1653
2021-12-26 03:20,10149682,60319562,1.1276,0.94738,1.1094,1.1866
2021-12-26 03:25,10287689,61263489,1.1013,0.9568,1.0849,0.90168
2021-12-26 03:30,10320368,61158498,1.0912,0.95352,1.0745,1.0525
2021-12-26 03:35,10288143,60632181,1.0969,0.95596,1.0766,0.52699
2021-12-26 03:40,10291382,60505884,1.0873,0.95553,1.065,1.0439
2021-12-26 03:45,10266112,60467397,1.0813,0.95573,1.0632,1.0319
2021-12-26 03:50,10405629,61932420,1.0474,0.95702,1.0324,1.207
2021-12-26 03:55,10666207,64117953,1.0136,0.96646,1.0128,1.3111
2021-12-26 04:00,10695969,64078337,1.0199,0.96111,1.0198,0.91801
2021-12-26 04:05,10708739,63985459,1.0076,0.96159,0.99717,0.7458
2021-12-26 04:10,10739995,64257388,0.99181,0.96049,0.98724,1.1784
2021-12-26 04:15,10759209,64598289,0.98397,0.96242,0.98055,0.89038
2021-12-26 04:20,10756692,63883996,1.0012,0.96172,0.99877,0.79382
2021-12-26 04:25,10704285,62984015,1.0316,0.96136,1.0251,0.66481
2021-12-26 04:30,10590622,61809992,1.0674,0.95755,1.0586,1.065
2021-12-26 04:35,10520536,61545530,1.0912,0.95119,1.0869,1.6556
2021-12-26 04:40,10490462,62072061,1.0682,0.94923,1.0744,1.3214
2021-12-26 04:45,10614366,62815820,1.0488,0.95612,1.0508,0.74579
2021-12-26 04:50,10561120,62131651,1.0559,0.95554,1.0489,0.6454
2021-12-26 04:55,10538687,62266963,1.0473,0.95503,1.0449,1.4545
2021-12-26 05:00,10542675,62112828,1.0487,0.95311,1.046,1.0161
2021-12-26 05:05,10558920,62503121,1.0517,0.9543,1.0482,1.3059
2021-12-26 05:10,10577388,62828349,1.0424,0.95455,1.0391,1.5834
2021-12-26 05:15,10555729,62637695,1.0376,0.9545,1.0359,0.81458
2021-12-26 05:20,10587501,62750388,1.0259,0.95469,1.0286,0.96636
2021-12-26 05:25,10582192,62343164,1.0515,0.95259,1.0447,0.94358
2021-12-26 05:30,10603437,62174921,1.0636,0.95227,1.0573,0.67934
2021-12-26 05:35,10581939,61879447,1.066,0.95237,1.0564,0.83615
2021-12-26 05:40,10599160,62163465,1.0654,0.95171,1.0636,1.237
2021-12-26 05:45,10583233,62118514,1.061,0.95241,1.0636,1.4084
2021-12-26 05:50,10498999,61146173,1.0771,0.94988,1.0666,0.46336
2021-12-26 05:55,10478055,60867023,1.0731,0.94977,1.0598,1.0972
2021-12-26 06:00,10470702,61105840,1.067,0.94926,1.057,1.4095
2021-12-26 06:05,10464346,60933124,1.0871,0.94847,1.0752,0.76287
2021-12-26 06:10,10468820,60979478,1.0855,0.94877,1.073,0.97723
2021-12-26 06:15,10456727,60860066,1.0865,0.94826,1.0748,0.68827
2021-12-26 06:20,10466848,61071399,1.0802,0.94802,1.0723,1.1414
2021-12-26 06:25,10466250,60970454,1.0843,0.94865,1.0789,0.74534
2021-12-26 06:30,10454037,60900276,1.0782,0.94866,1.0733,1.3722
2021-12-26 06:35,10434157,60434411,1.0897,0.94892,1.0751,0.51547
2021-12-26 06:40,10404868,60211115,1.0956,0.94552,1.0718,1.0216
2021-12-26 06:45,10399956,59976546,1.1095,0.94673,1.082,0.82205
2021-12-26 06:50,10414430,60031383,1.1135,0.94752,1.0848,0.79727
2021-12-26 06:55,10429800,60136881,1.1169,0.94708,1.0877,1.3013
2021-12-26 07:00,10459290,60458230,1.121,0.94625,1.0918,1.1937
2021-12-26 07:05,10485188,61076218,1.1201,0.94538,1.103,1.6206
2021-12-26 07:10,10497960,60840019,1.1225,0.94893,1.1018,0.42974
2021-12-26 07:15,10502992,60965012,1.1172,0.94932,1.0968,1.2946
2021-12-26 07:20,10509314,61518075,1.1126,0.94735,1.0979,1.4357
2021-12-26 07:25,10503432,61323075,1.12,0.94805,1.1061,0.54593
2021-12-26 07:30,10509424,61629307,1.1167,0.94948,1.1056,0.96761
2021-12-26 07:35,10509714,61455309,1.1143,0.94806,1.1028,0.51927
2021-12-26 07:40,10523786,61459335,1.1156,0.95167,1.0998,0.81871
2021-12-26 07:45,10518830,61437003,1.1118,0.95037,1.0901,1.1226
2021-12-26 07:50,10499067,61913000,1.0858,0.94698,1.0712,1.6043
2021-12-26 07:55,10536847,62301861,1.0771,0.94653,1.0638,1.1884
2021-12-26 08:00,10567669,62399272,1.0851,0.95037,1.0703,1.165
2021-12-26 08:05,10539574,62109713,1.0893,0.94991,1.0704,0.73407
2021-12-26 08:10,10530908,61805901,1.0907,0.94982,1.0709,0.75199
2021-12-26 08:15,10511304,61734902,1.0981,0.94834,1.0777,0.72426
2021-12-26 08:20,10518882,62158791,1.0888,0.94612,1.0707,1.3453
2021-12-26 08:25,10508269,62366577,1.0637,0.94427,1.0497,2.0637
2021-12-26 08:30,10482528,61846913,1.084,0.94686,1.075,0.48477
2021-12-26 08:35,10463633,61583374,1.0815,0.94641,1.0724,0.86305
2021-12-26 08:40,10458588,61548070,1.083,0.94512,1.0725,0.96409
2021-12-26 08:45,10466692,61841241,1.0772,0.94478,1.0674,0.83665
2021-12-26 08:50,10563900,62316447,1.0654,0.9427,1.0553,1.7102
2021-12-26 08:55,10592062,62664536,1.0698,0.94671,1.0558,1.0232
2021-12-26 09:00,10634721,62893740,1.0569,0.9486,1.0443,0.72064
2021-12-26 09:05,10635239,62584841,1.0591,0.94866,1.0475,0.90134
2021-12-26 09:10,10599997,62497583,1.0579,0.94691,1.0469,1.2584
2021-12-26 09:15,10604320,62595031,1.0566,0.94748,1.0431,1.0574
2021-12-26 09:20,10592250,62356573,1.0567,0.94667,1.0427,0.59528
2021-12-26 09:25,10562318,61916307,1.0577,0.94835,1.0419,0.65071
2021-12-26 09:30,10547553,61682091,1.0723,0.94626,1.0501,1.0991
2021-12-26 09:35,10583850,62352885,1.0689,0.9472,1.0447,1.5421
2021-12-26 09:40,10567402,62456474,1.0598,0.94789,1.0335,1.0614
2021-12-26 09:45,10554766,62303322,1.0647,0.94967,1.0381,1.124
2021-12-26 09:50,10560882,62573226,1.0599,0.94839,1.0351,1.1154
2021-12-26 09:55,10557492,62163911,1.0595,0.94912,1.0344,0.5778
2021-12-26 10:00,10566204,62273098,1.0688,0.94943,1.0411,1.0836
2021-12-26 10:05,10548235,61675531,1.0919,0.94767,1.0619,0.79402
2021-12-26 10:10,10553086,61687833,1.1006,0.94593,1.0743,0.83539
2021-12-26 10:15,10569297,61819818,1.1107,0.94514,1.0837,0.90807
2021-12-26 10:20,10479139,60872160,1.1613,0.94198,1.1227,0.45015
2021-12-26 10:25,10459919,60552471,1.1883,0.94179,1.15,0.92498
2021-12-26 10:30,10446131,60650236,1.1913,0.93908,1.1585,1.6229
2021-12-26 10:35,10453564,60557499,1.2016,0.93871,1.1707,0.87373
2021-12-26 10:40,10433584,60733891,1.1973,0.93715,1.1725,1.725
2021-12-26 10:45,10418362,60614032,1.2116,0.93756,1.1878,0.87382
2021-12-26 10:50,10409244,60384023,1.2172,0.93742,1.1927,0.65049
2021-12-26 10:55,10373568,60135572,1.2403,0.93545,1.2076,0.64825
2021-12-26 11:00,10396559,60383217,1.2447,0.93338,1.2108,1.3374
2021-12-26 11:05,10408816,60537676,1.2441,0.93095,1.2138,0.80829
2021-12-26 11:10,10398179,60638680,1.2456,0.93021,1.2193,0.93138
2021-12-26 11:15,10328050,60165281,1.2249,0.92761,1.2041,0.84646
2021-12-26 11:20,10321039,60131407,1.2197,0.92777,1.2037,0.93798
2021-12-26 11:25,10346133,60206736,1.223,0.92536,1.207,1.7724
2021-12-26 11:30,10345998,60441321,1.2191,0.92496,1.2068,1.2759
2021-12-26 11:35,10315061,60116177,1.2187,0.92659,1.2069,0.71159
2021-12-26 11:40,10341918,59817655,1.2225,0.92835,1.2118,0.63173
2021-12-26 11:45,10341752,59816695,1.2333,0.9275,1.221,0.90888
2021-12-26 11:50,10295172,58917720,1.3135,0.92601,1.2788,0.54367
2021-12-26 11:55,10281335,59035424,1.3156,0.928,1.284,0.91278
2021-12-26 12:00,10264948,58925355,1.3267,0.92667,1.296,0.65289
2021-12-26 12:05,10214034,58597914,1.3303,0.92071,1.3028,1.0245
2021-12-26 12:10,10226379,58607379,1.342,0.92352,1.3176,0.75485
2021-12-26 12:15,10237297,58649475,1.3404,0.92278,1.3156,1.3229
2021-12-26 12:20,10229336,58624326,1.3409,0.92187,1.3156,1.3484
2021-12-26 12:25,10220112,58482973,1.3543,0.9223,1.3247,1.2538
2021-12-26 12:30,10133751,57654083,1.379,0.92351,1.3148,0.62105
2021-12-26 12:35,10082989,57170548,1.3644,0.92454,1.2985,0.77166
2021-12-26 12:40,10076638,57149776,1.3754,0.92543,1.3021,1.404
2021-12-26 12:45,10067079,57314810,1.3739,0.9251,1.3062,1.8804
2021-12-26 12:50,10046289,56864489,1.3949,0.92678,1.3243,0.59114
2021-12-26 12:55,10021292,56754913,1.4112,0.92515,1.3361,0.75314
2021-12-26 13:00,10007497,56552368,1.4323,0.92525,1.3596,0.88596
2021-12-26 13:05,9994630.4,56589597,1.4247,0.92474,1.3537,1.4671
2021-12-26 13:10,10004034,56937169,1.4322,0.92103,1.3732,1.8867
2021-12-26 13:15,10029992,57241166,1.4414,0.9221,1.3908,1.265
2021-12-26 13:20,10041470,57186174,1.4736,0.92206,1.4137,0.80531
2021-12-26 13:25,10020611,57131009,1.4734,0.92114,1.403,0.93673
2021-12-26 13:30,10020313,57051539,1.4715,0.92067,1.4002,0.70628
2021-12-26 13:35,10007352,57455057,1.464,0.91805,1.4041,1.3421
2021-12-26 13:40,10025053,57282328,1.4704,0.92323,1.4129,0.40909
2021-12-26 13:45,10014984,57255664,1.4687,0.92249,1.4136,0.96244
2021-12-26 13:50,10010362,57139147,1.4856,0.92291,1.4336,0.7841
2021-12-26 13:55,10022392,57215704,1.4886,0.92023,1.4378,0.58328
2021-12-26 14:00,10014933,57345507,1.4811,0.91796,1.4327,1.2383
2021-12-26 14:05,9991816.8,57093241,1.4745,0.91651,1.426,0.54255
2021-12-26 14:10,9987774.3,56820448,1.4868,0.91791,1.4359,0.47624
2021-12-26 14:15,9978139,57035043,1.4737,0.91268,1.4226,2.7381
2021-12-26 14:20,9971203.9,56586582,1.486,0.91877,1.4305,0.46397
2021-12-26 14:25,9959510.1,56599896,1.477,0.91854,1.4254,1.0075
2021-12-26 14:30,9970272.9,56481596,1.4863,0.92056,1.4317,0.81135
2021-12-26 14:35,9942298.6,56412602,1.4778,0.92012,1.4291,1.3172
2021-12-26 14:40,9939395.8,56557019,1.4749,0.91817,1.4303,1.929
2021-12-26 14:45,9938694.8,56821869,1.4702,0.91907,1.4284,1.4304
2021-12-26 14:50,9934151,56614727,1.473,0.92032,1.4297,0.71445
2021-12-26 14:55,9932696.6,56776911,1.4758,0.9205,1.4314,1.2056
2021-12-26 15:00,9915784.1,56685443,1.4772,0.91878,1.4318,1.2184
2021-12-26 15:05,9911294.3,56593490,1.472,0.91882,1.4239,0.8207
2021-12-26 15:10,9909355.1,56481947,1.4686,0.91681,1.4242,0.98273
2021-12-26 15:15,9902938.8,56446559,1.4663,0.91727,1.4237,1.0263
2021-12-26 15:20,9916644.1,56524871,1.4518,0.91726,1.4134,0.94322
2021-12-26 15:25,9908826.5,56747849,1.4548,0.9161,1.4189,1.7111
2021-12-26 15:30,9883673,56544493,1.4598,0.91592,1.4283,0.58813
2021-12-26 15:35,9885095,56590300,1.4552,0.91437,1.4245,1.6025
2021-12-26 15:40,9892539.1,56664464,1.4483,0.91755,1.424,0.64193
2021-12-26 15:45,9894361.5,56655114,1.4461,0.91708,1.4251,1.1502
2021-12-26 15:50,9884703.6,56352695,1.4539,0.91695,1.4325,0.63422
2021-12-26 15:55,9869161.4,56170357,1.4521,0.91358,1.4259,1.2092
2021-12-26 16:00,9869656.8,56195319,1.4552,0.91316,1.4293,0.83651
2021-12-26 16:05,9863739.7,55836371,1.4704,0.91727,1.4418,0.63331
2021-12-26 16:10,9869646.1,56010242,1.4689,0.91982,1.4501,1.2947
2021-12-26 16:15,9863616.5,55936569,1.471,0.92076,1.446,0.90243
2021-12-26 16:20,9864671,56051122,1.462,0.92,1.4405,1.0866
2021-12-26 16:25,9873684.5,56033160,1.4606,0.91955,1.4436,1.6858
2021-12-26 16:30,9869491.4,56118252,1.4699,0.92386,1.452,0.37372
2021-12-26 16:35,9842917.8,56193218,1.468,0.92366,1.457,1.1155
2021-12-26 16:40,9827646.6,56439730,1.4676,0.92228,1.4571,1.6035
2021-12-26 16:45,9844900.4,56588592,1.4604,0.92052,1.4475,0.88811
2021-12-26 16:50,9820834.7,56820730,1.4246,0.91623,1.4361,1.3902
2021-12-26 16:55,9809605.4,56967559,1.404,0.91363,1.4204,1.2698
2021-12-26 17:00,9800785.5,56648540,1.4084,0.91537,1.4224,0.85254
2021-12-26 17:05,9831111.5,56843487,1.3846,0.91532,1.3972,1.275
2021-12-26 17:10,9819597.9,56375566,1.402,0.91803,1.4129,0.50871
2021-12-26 17:15,9794690.8,56339061,1.4114,0.91898,1.4235,1.0562
2021-12-26 17:20,9773133.8,56108482,1.4213,0.91757,1.4334,0.57479
2021-12-26 17:25,9758416.3,56394741,1.4004,0.9178,1.4054,1.5054
2021-12-26 17:30,9754238.6,56275922,1.4008,0.91675,1.4016,0.79129
2021-12-26 17:35,9773967.8,56727236,1.3865,0.91144,1.3911,1.4098
2021-12-26 17:40,9773682.7,56655920,1.3842,0.91039,1.3886,0.90767
2021-12-26 17:45,9776271.3,56506848,1.3837,0.91257,1.3837,0.48869
2021-12-26 17:50,9783724.1,56637979,1.3775,0.91203,1.3797,1.1174
2021-12-26 17:55,9740940.1,56672407,1.3653,0.91334,1.3765,1.7744
2021-12-26 18:00,9673933.4,56325548,1.3324,0.91303,1.3484,1.5185
2021-12-26 18:05,9687292.6,56234734,1.348,0.91281,1.3741,0.64588
2021-12-26 18:10,9688046.7,56297239,1.3471,0.91341,1.375,1.1934
2021-12-26 18:15,9686401.5,56269528,1.3513,0.91254,1.3792,0.99219
2021-12-26 18:20,9685982.4,56101210,1.3472,0.91437,1.3738,0.79391
2021-12-26 18:25,9692315.1,56225120,1.346,0.91468,1.3707,1.2088
2021-12-26 18:30,9706053.6,56694022,1.3253,0.91435,1.3502,2.5199
2021-12-26 18:35,9703262.2,56348320,1.3429,0.9145,1.3663,0.7046
2021-12-26 18:40,9700719.6,56361181,1.3489,0.91384,1.3708,1.1004
2021-12-26 18:45,9695657,56263898,1.3484,0.91368,1.3707,0.98303
2021-12-26 18:50,9689134.7,56284183,1.352,0.91416,1.3746,0.79103
2021-12-26 18:55,9686721.2,56163610,1.3492,0.91416,1.3753,0.30711
2021-12-26 19:00,9668748.1,56087561,1.351,0.91344,1.3731,0.90265
2021-12-26 19:05,9671584.1,55911428,1.3525,0.91317,1.372,0.6828
2021-12-26 19:10,9668796.2,55811946,1.3534,0.91378,1.3722,0.62305
2021-12-26 19:15,9660588.9,55688314,1.3556,0.91537,1.3725,0.77505
2021-12-26 19:20,9664145.1,55676339,1.3588,0.91582,1.3762,0.70518
2021-12-26 19:25,9672816.5,56007738,1.3567,0.91542,1.3795,1.7445
2021-12-26 19:30,9666726.4,55960679,1.3546,0.91883,1.378,0.4906
2021-12-26 19:35,9652905.7,55629696,1.3753,0.91839,1.3956,0.71015
2021-12-26 19:40,9654947.7,55554569,1.3668,0.9184,1.3898,1.0885
2021-12-26 19:45,9661185.4,55493849,1.3711,0.91871,1.3972,1.3278
2021-12-26 19:50,9659500.4,55512253,1.3735,0.91816,1.3998,0.76379
2021-12-26 19:55,9656637.7,55440696,1.3735,0.91764,1.4016,0.99427
2021-12-26 20:00,9657169.3,55398752,1.3758,0.91873,1.4007,1.0526
2021-12-26 20:05,9666466.6,55496188,1.3759,0.91953,1.403,0.79435
2021-12-26 20:10,9661123.3,55360375,1.3855,0.91897,1.4075,0.62217
2021-12-26 20:15,9638473.1,55155079,1.3857,0.91812,1.4041,0.86457
2021-12-26 20:20,9633567.4,55278936,1.3819,0.91782,1.4031,1.316
2021-12-26 20:25,9640676.8,55069656,1.3889,0.91998,1.4045,0.43837
2021-12-26 20:30,9647271.7,55034632,1.3979,0.92018,1.4122,0.81725
2021-12-26 20:35,9640072.7,55044135,1.3968,0.91941,1.4141,0.88542
2021-12-26 20:40,9615451.1,54730733,1.406,0.91955,1.4234,0.55625
2021-12-26 20:45,9616980.3,54826577,1.4135,0.91903,1.4299,2.2033
2021-12-26 20:50,9614317.8,55032355,1.4184,0.91883,1.4384,1.9365
2021-12-26 20:55,9619146,55338947,1.4219,0.92066,1.4487,0.90228
2021-12-26 21:00,9632465.3,55213291,1.4273,0.91918,1.4522,0.90558
2021-12-26 21:05,9619137.1,54873877,1.4341,0.91879,1.4591,0.78514
2021-12-26 21:10,9590307.2,54386632,1.452,0.9186,1.4738,0.45215
2021-12-26 21:15,9581301.5,54383467,1.4609,0.91799,1.4842,1.1107
2021-12-26 21:20,9591301.1,54734589,1.4649,0.91749,1.495,1.0785
2021-12-26 21:25,9594263.7,54962802,1.4592,0.91827,1.4884,1.4401
2021-12-26 21:30,9610977.5,54991336,1.4506,0.92037,1.4805,0.87653
2021-12-26 21:35,9600379.1,55071460,1.4465,0.91945,1.477,0.87311
2021-12-26 21:40,9594030.6,55346537,1.421,0.91878,1.4608,1.1546
2021-12-26 21:45,9584269.6,55286075,1.4267,0.9179,1.4642,0.63341
2021-12-26 21:50,9587535.9,55559771,1.4108,0.91687,1.4568,1.0497
2021-12-26 21:55,9569625.8,55435602,1.4157,0.91633,1.4601,0.8512
2021-12-26 22:00,9569834.8,55264309,1.404,0.91545,1.4426,0.71143
2021-12-26 22:05,9573062.4,55388536,1.4094,0.91504,1.4492,0.96848
2021-12-26 22:10,9575670.1,55462281,1.4001,0.91512,1.4441,1.3758
2021-12-26 22:15,9571881.6,55411623,1.4003,0.91507,1.4443,0.72634
2021-12-26 22:20,9573780.6,55384321,1.4045,0.91429,1.4445,0.48506
2021-12-26 22:25,9565663.5,55456627,1.4101,0.91374,1.4488,0.86162
2021-12-26 22:30,9569057.8,55352630,1.4164,0.91389,1.4534,0.7902
2021-12-26 22:35,9561225.7,55063099,1.4301,0.91372,1.4628,0.38823
2021-12-26 22:40,9566067.3,55186642,1.4265,0.91318,1.4607,1.8536
2021-12-26 22:45,9567857.2,55294278,1.4336,0.91321,1.4674,0.5475
2021-12-26 22:50,9581450.8,55284971,1.4344,0.91316,1.4673,0.79496
2021-12-26 22:55,9556843,54856279,1.4369,0.91426,1.4646,0.39776
2021-12-26 23:00,9563593.1,55162805,1.4288,0.9139,1.4556,1.7805
2021-12-26 23:05,9564100.8,54807752,1.4462,0.91374,1.4688,0.50632
2021-12-26 23:10,9551005.8,54717712,1.4482,0.91334,1.4722,0.83666
2021-12-26 23:15,9555823.2,54850425,1.4432,0.91369,1.4656,1.2309
2021-12-26 23:20,9554987.4,54921703,1.4386,0.91254,1.4635,1.3343
2021-12-26 23:25,9565549,55063251,1.4304,0.91439,1.4537,1.4113
2021-12-26 23:30,9556838.1,55085615,1.4413,0.91318,1.4631,1.3909
2021-12-26 23:35,9559592.6,54966739,1.4463,0.91292,1.4678,0.49561
2021-12-26 23:40,9533212.9,54640736,1.4539,0.91233,1.4825,0.3307
2021-12-26 23:45,9528180.7,54202305,1.4737,0.91249,1.5013,0.51089
2021-12-26 23:50,9522950,54342955,1.4812,0.90905,1.5088,1.769
2021-12-26 23:55,9510237.8,54298120,1.486,0.91018,1.5153,0.89013
2021-12-27 00:00,9496507.7,54425533,1.4804,0.90889,1.5143,1.5869
2021-12-27 00:05,9454181,54512808,1.4611,0.909,1.4958,1.0321
2021-12-27 00:10,9475578.5,54610525,1.48,0.91471,1.5066,0.96293
2021-12-27 00:15,9477471.5,54647101,1.4737,0.91502,1.5029,1.3308
2021-12-27 00:20,9476386.3,54460792,1.4844,0.9165,1.5088,0.52023
2021-12-27 00:25,9476841.4,54612187,1.4823,0.91507,1.5069,1.6156
2021-12-27 00:30,9482014.3,54815525,1.4643,0.91642,1.493,1.7155
2021-12-27 00:35,9485653.6,54919700,1.461,0.91661,1.4912,1.3775
2021-12-27 00:40,9483362.3,54528095,1.4742,0.91517,1.5008,0.70273
2021-12-27 00:45,9469784.8,54413383,1.4674,0.91509,1.4943,0.85548
2021-12-27 00:50,9473095.2,54385040,1.4711,0.91558,1.4953,0.79541
2021-12-27 00:55,9475190.3,54213015,1.4722,0.91477,1.4927,0.87912
2021-12-27 01:00,9493222.9,54063904,1.4849,0.91257,1.5089,1.163
2021-12-27 01:05,9497841.7,54204183,1.4884,0.91415,1.5161,2.2066
2021-12-27 01:10,9487126.2,53848928,1.4989,0.91414,1.525,0.32076
2021-12-27 01:15,9496373.1,53882421,1.5057,0.91416,1.5296,1.0653
2021-12-27 01:20,9507442.8,53815934,1.5162,0.91532,1.5439,0.69908
2021-12-27 01:25,9496053.7,53871113,1.5242,0.91594,1.5524,0.98086
2021-12-27 01:30,9488715.7,54045566,1.5294,0.91678,1.5602,1.015
2021-12-27 01:35,9467448.3,54068597,1.5171,0.91772,1.556,1.0947
2021-12-27 01:40,9452297.8,54100489,1.511,0.91738,1.5483,0.9701
2021-12-27 01:45,9457263.8,54105006,1.5136,0.91751,1.5496,1.4851
2021-12-27 01:50,9419260.3,54226682,1.5065,0.91846,1.5422,1.0324
2021-12-27 01:55,9409213.4,54206478,1.5038,0.91846,1.5407,0.81844
2021-12-27 02:00,9411232.9,54142823,1.5073,0.91844,1.5408,1.0461
2021-12-27 02:05,9419737.4,53793333,1.5227,0.91896,1.5517,0.7249
2021-12-27 02:10,9417320.9,53767888,1.532,0.91819,1.5633,1.2782
2021-12-27 02:15,9406786.2,53545901,1.5442,0.91794,1.5757,0.79999
2021-12-27 02:20,9416309.9,53443875,1.5488,0.91817,1.5821,0.686
2021-12-27 02:25,9426217.7,53457213,1.5432,0.91872,1.5828,1.3019
2021-12-27 02:30,9429795.1,53589526,1.5466,0.91914,1.588,1.1443
2021-12-27 02:35,9430296.1,53894142,1.5472,0.91939,1.5935,1.7687
2021-12-27 02:40,9434271.9,54035047,1.5456,0.91977,1.5911,0.81625
2021-12-27 02:45,9445389.3,53860444,1.5529,0.92131,1.5954,0.54723
2021-12-27 02:50,9449814.9,53933524,1.5456,0.92042,1.5906,1.5538
2021-12-27 02:55,9451072,53987862,1.5513,0.92112,1.5962,1.1648
2021-12-27 03:00,9452276.3,53805499,1.5637,0.92177,1.6089,0.2881
2021-12-27 03:05,9452737.7,53726343,1.5684,0.9213,1.613,0.96858
2021-12-27 03:10,9451496,53717466,1.5717,0.92102,1.6177,0.64304
2021-12-27 03:15,9466319.5,53967487,1.5685,0.92049,1.6153,2.769
2021-12-27 03:20,9486839.6,53961144,1.5679,0.92037,1.6182,1.2933
2021-12-27 03:25,9500879.6,54031868,1.5724,0.91976,1.6245,0.91614
2021-12-27 03:30,9519391,54043754,1.5749,0.91885,1.6308,0.63647
2021-12-27 03:35,9524109.8,54039757,1.5885,0.91847,1.6422,1.2259
2021-12-27 03:40,9527913.5,54023270,1.594,0.91764,1.6474,0.78104
2021-12-27 03:45,9523525.7,54036485,1.5966,0.91688,1.6536,0.70639
2021-12-27 03:50,9504722.4,54081870,1.5985,0.91666,1.6552,0.92168
2021-12-27 03:55,9479621.7,54289793,1.5868,0.91457,1.6445,1.8449
2021-12-27 04:00,9491479,54262785,1.5869,0.91462,1.6433,1
2021-12-27 04:05,9494325.2,54127148,1.59,0.91432,1.648,0.71846
2021-12-27 04:10,9481931.8,53980638,1.5993,0.91262,1.6562,0.67855
2021-12-27 04:15,9482006.4,54187191,1.6022,0.91297,1.6578,1.4329
2021-12-27 04:20,9485165.1,54046471,1.601,0.91316,1.6573,0.6361
2021-12-27 04:25,9529677,54475887,1.5932,0.91451,1.6477,2.1049
2021-12-27 04:30,9519050.5,54336591,1.5951,0.91672,1.6518,0.65994
2021-12-27 04:35,9521851.4,54413161,1.6048,0.91696,1.6639,1.0101
2021-12-27 04:40,9529767.5,54519800,1.6005,0.91809,1.659,1.1614
2021-12-27 04:45,9532899.6,54404258,1.6123,0.91866,1.6715,0.45452
2021-12-27 04:50,9543730.6,54467680,1.6188,0.91721,1.681,0.98916
2021-12-27 04:55,9553386.4,54434026,1.6212,0.91692,1.6835,0.88579
2021-12-27 05:00,9558321.7,54400184,1.6236,0.91637,1.6863,1.0975
2021-12-27 05:05,9561247.2,54432180,1.6287,0.91659,1.6912,0.83745
2021-12-27 05:10,9569934.6,54385938,1.6346,0.91579,1.6967,0.59737
2021-12-27 05:15,9574823.6,54350274,1.6352,0.91596,1.6954,0.70335
2021-12-27 05:20,9569538.5,54364548,1.6398,0.91508,1.7068,0.5459
2021-12-27 05:25,9579297.6,54515783,1.6552,0.91491,1.722,0.96847
2021-12-27 05:30,9575453.2,54476028,1.6532,0.91573,1.7175,1.075
2021-12-27 05:35,9576532.4,54567082,1.6478,0.91619,1.7129,0.90689
2021-12-27 05:40,9527916.9,54461573,1.6325,0.91583,1.7032,1.4659
2021-12-27 05:45,9517525.9,54163592,1.6467,0.9173,1.7224,0.43491
2021-12-27 05:50,9532879.1,54280214,1.6374,0.91564,1.7166,0.91626
2021-12-27 05:55,9540709.1,54285013,1.6562,0.91519,1.7398,0.69827
2021-12-27 06:00,9567169.8,54269273,1.6747,0.91509,1.767,0.73712
2021-12-27 06:05,9576932.2,54368944,1.6716,0.91355,1.773,1.8378
2021-12-27 06:10,9577946.2,54353496,1.6669,0.91416,1.7706,0.59974
2021-12-27 06:15,9584381.1,54281857,1.6741,0.91427,1.7721,0.60582
2021-12-27 06:20,9594910.6,54489497,1.6631,0.91386,1.7344,0.96555
2021-12-27 06:25,9595712.4,54394383,1.6697,0.91484,1.739,0.58147
2021-12-27 06:30,9579853.5,54621588,1.6652,0.91384,1.7583,2.3617
2021-12-27 06:35,9584402.4,54621830,1.66,0.91328,1.7554,1.1441
2021-12-27 06:40,9586868.3,54752331,1.6435,0.91152,1.7368,1.2042
2021-12-27 06:45,9588251.7,54759657,1.6477,0.91269,1.7374,0.7512
2021-12-27 06:50,9581701.9,54615701,1.6438,0.91293,1.7322,0.68664
2021-12-27 06:55,9589093.7,54715369,1.6471,0.91281,1.7319,1.1772
2021-12-27 07:00,9590475.6,54780050,1.648,0.91466,1.7322,0.82842
2021-12-27 07:05,9623610.6,54989311,1.6421,0.9161,1.7318,1.1514
2021-12-27 07:10,9627174.6,54936075,1.6488,0.91608,1.7396,0.58242
2021-12-27 07:15,9634314.6,55098645,1.6398,0.91585,1.73,1.8378
2021-12-27 07:20,9652388.6,55028081,1.6531,0.91699,1.7439,0.59566
2021-12-27 07:25,9650440,54928556,1.6588,0.91715,1.7511,0.71384
2021-12-27 07:30,9664248.3,54931587,1.6594,0.91614,1.7574,0.85983
2021-12-27 07:35,9674873.1,54895230,1.6627,0.91613,1.7678,0.43501
2021-12-27 07:40,9659671.1,55011827,1.6512,0.91383,1.7627,1.5748
2021-12-27 07:45,9684814.5,55018799,1.6582,0.91523,1.767,0.6034
2021-12-27 07:50,9694003.6,55158880,1.6643,0.91439,1.7732,0.99692
2021-12-27 07:55,9708794.4,55262458,1.6691,0.91555,1.7762,0.60236
2021-12-27 08:00,9716679.8,55310162,1.6726,0.91475,1.776,1.3827
2021-12-27 08:05,9725358.7,55348886,1.6782,0.91522,1.7867,0.80604
2021-12-27 08:10,9728140.5,55537954,1.6746,0.91453,1.7814,1.086
2021-12-27 08:15,9722933.8,55432930,1.681,0.91513,1.789,0.49882
2021-12-27 08:20,9728970.1,55406485,1.6795,0.91478,1.7906,1.3062
2021-12-27 08:25,9726945.2,55443588,1.6801,0.91481,1.7943,1.0801
2021-12-27 08:30,9698405.8,55072333,1.6844,0.91215,1.8075,0.74968
2021-12-27 08:35,9686505.4,55064875,1.6949,0.91232,1.8188,0.58928
2021-12-27 08:40,9693841.1,55336289,1.6863,0.9119,1.8107,3.9329
2021-12-27 08:45,9687048.1,54999524,1.698,0.91164,1.8249,0.43579
2021-12-27 08:50,9632780.2,53890174,1.8042,0.91184,1.876,0.36022
2021-12-27 08:55,9578280.4,53197769,1.8191,0.90793,1.8866,0.78269
2021-12-27 09:00,9617382.4,53429326,1.8401,0.90827,1.902,1.0266
2021-12-27 09:05,9649288.5,53386691,1.8904,0.90881,1.9482,0.76897
2021-12-27 09:10,9664293.8,53385559,1.9464,0.90754,1.9905,1.0195
2021-12-27 09:15,9688740.1,53608308,1.9753,0.90987,2.0358,1.3338
2021-12-27 09:20,9728438.1,53944189,1.9813,0.9087,2.0574,1.2046
2021-12-27 09:25,9733385.8,54059225,1.9806,0.90811,2.0676,1.406
2021-12-27 09:30,9761647,54334269,1.9694,0.90557,2.0699,1.5037
2021-12-27 09:35,9764438.5,54085747,1.9762,0.90856,2.0852,0.51472
2021-12-27 09:40,9787609.9,54340810,1.9704,0.90634,2.0831,1.7179
2021-12-27 09:45,9768210.4,54272177,1.975,0.90725,2.0904,0.77645
2021-12-27 09:50,9769939.7,54335041,1.9832,0.90635,2.1059,0.86671
2021-12-27 09:55,9790418.7,54468023,1.995,0.90752,2.1093,1.2574
2021-12-27 10:00,9797049,54499723,1.997,0.90673,2.1144,0.90339
2021-12-27 10:05,9781742,54602476,1.9817,0.90794,2.1217,1.1732
2021-12-27 10:10,9769328,54484783,2,0.90878,2.1389,0.61742
2021-12-27 10:15,9777641.6,54586697,1.9792,0.90828,2.1231,0.95334
2021-12-27 10:20,9829211.2,54630756,2,0.9102,2.1549,0.64658
2021-12-27 10:25,9832013.7,54579792,2.0076,0.90818,2.1651,0.53728
2021-12-27 10:30,9820856.5,54585204,2.0092,0.9078,2.1585,0.81837
2021-12-27 10:35,9831957.1,54548830,1.9967,0.90807,2.1416,1.1789
2021-12-27 10:40,9830657.5,54418942,2.0076,0.90776,2.1493,0.7662
2021-12-27 10:45,9831613.8,54417982,2.0112,0.90844,2.1469,0.92396
2021-12-27 10:50,9787728.9,54540595,1.9778,0.90783,2.1181,1.2962
2021-12-27 10:55,9800395.1,54754807,1.9872,0.90897,2.1265,0.97799
2021-12-27 11:00,9799129,54659542,1.9911,0.90751,2.1262,0.88282
2021-12-27 11:05,9810511.6,54752465,1.9836,0.90653,2.1186,1.2666
2021-12-27 11:10,9801991.9,54730075,1.9823,0.90565,2.1224,0.83167
2021-12-27 11:15,9815422.7,54831567,1.9804,0.90615,2.1189,0.70328
2021-12-27 11:20,9804768.7,54651781,1.9944,0.90518,2.1323,0.62787
2021-12-27 11:25,9816468.1,54834791,1.9915,0.90452,2.1252,1.7733
2021-12-27 11:30,9812409.3,54615870,1.9882,0.90355,2.1196,0.84672
2021-12-27 11:35,9828167.3,54782205,1.9977,0.90514,2.1279,0.77179
2021-12-27 11:40,9827126.3,54841368,2.0128,0.90516,2.1391,0.75598
2021-12-27 11:45,9826692.8,54794788,2.0174,0.9057,2.1476,0.76529
2021-12-27 11:50,9815976.3,54674988,2.0092,0.90542,2.1407,0.88488
2021-12-27 11:55,9815132,54467135,2.0023,0.90417,2.1323,0.65985
2021-12-27 12:00,9823536.5,54616863,2.0023,0.90399,2.1357,1.4648
2021-12-27 12:05,9861548.3,54750243,1.9954,0.90648,2.1272,1.5883
2021-12-27 12:10,9862129.6,54766017,2.0098,0.90671,2.1356,0.95335
2021-12-27 12:15,9881531.5,54852381,2.0111,0.90572,2.1374,1.7918
2021-12-27 12:20,9855002.1,54389757,2.02,0.90708,2.1356,0.88142
2021-12-27 12:25,9856515.8,54372804,2.0341,0.90762,2.1544,0.74462
2021-12-27 12:30,9862012.6,54680301,2.0334,0.90685,2.1663,1.5299
2021-12-27 12:35,9810728.2,54665378,2.0307,0.90506,2.1692,1.0798
2021-12-27 12:40,9717793.5,54055870,2.0685,0.90232,2.2097,0.7624
2021-12-27 12:45,9698079.6,53916603,2.082,0.90243,2.2269,0.48762
2021-12-27 12:50,9701280.5,53871211,2.0887,0.90235,2.2347,1.0952
2021-12-27 12:55,9716689.7,54121962,2.0814,0.90268,2.2243,2.4346
2021-12-27 13:00,9725254.1,54111314,2.0741,0.90267,2.2139,0.5881
2021-12-27 13:05,9712098.2,53882721,2.1054,0.90215,2.2458,0.41442
2021-12-27 13:10,9715639.7,53757549,2.1206,0.9018,2.2549,0.78244
2021-12-27 13:15,9720997,53868904,2.1135,0.90178,2.2527,1.1157
2021-12-27 13:20,9725710.3,54027308,2.1055,0.9017,2.2382,1.3217
2021-12-27 13:25,9741556.5,54220428,2.1032,0.90185,2.2383,1.117
2021-12-27 13:30,9763098,54312114,2.113,0.90198,2.2515,0.69184
2021-12-27 13:35,9777415.1,54165127,2.1367,0.90146,2.2812,0.72284
2021-12-27 13:40,9773072.5,54241641,2.1435,0.90142,2.2894,1.5418
2021-12-27 13:45,9783090.6,54393984,2.1328,0.90019,2.2817,1.1395
2021-12-27 13:50,9784402.7,54452720,2.1271,0.90014,2.2796,1.2023
2021-12-27 13:55,9789705.3,54524712,2.1408,0.90004,2.29,0.79447
2021-12-27 14:00,9799496.1,54681188,2.1296,0.89884,2.2844,1.8341
2021-12-27 14:05,9834312.8,54983643,2.1214,0.89662,2.2923,0.8404
2021-12-27 14:10,9875527.9,55178080,2.1221,0.89685,2.2941,1.1269
2021-12-27 14:15,9947167.2,55870757,2.1099,0.90007,2.3206,2.3235
2021-12-27 14:20,10004002,56226808,2.1324,0.89892,2.3525,0.98042
2021-12-27 14:25,10040547,56594107,2.1486,0.8991,2.3825,1.2227
2021-12-27 14:30,10020391,56306148,2.1593,0.89673,2.3902,0.81679
2021-12-27 14:35,10029005,56343020,2.154,0.89427,2.3775,0.86369
2021-12-27 14:40,10043145,56345772,2.1515,0.89469,2.3662,1.0764
2021-12-27 14:45,10051082,56526569,2.1372,0.89525,2.3627,1.2033
2021-12-27 14:50,10057038,56540447,2.1512,0.89505,2.3766,0.98642
2021-12-27 14:55,10083306,56659320,2.1496,0.89608,2.3704,0.90861
2021-12-27 15:00,10088242,56674282,2.1442,0.89655,2.3665,0.74893
2021-12-27 15:05,10085972,56789959,2.1723,0.89565,2.4244,1.0432
2021-12-27 15:10,10095430,56929513,2.1712,0.89446,2.456,1.3846
2021-12-27 15:15,10108798,56987140,2.1786,0.89359,2.4769,0.89499
2021-12-27 15:20,10074628,56695966,2.1912,0.89304,2.4918,0.54843
2021-12-27 15:25,10105040,56846576,2.2088,0.89451,2.5142,0.71215
2021-12-27 15:30,10099552,56827045,2.2034,0.89388,2.5099,0.65207
2021-12-27 15:35,10096442,56791544,2.2022,0.89356,2.508,1.1793
2021-12-27 15:40,10086956,56626741,2.1974,0.89307,2.4872,0.51623
2021-12-27 15:45,10103742,56762825,2.2046,0.89309,2.4958,0.99073
2021-12-27 15:50,10107314,56714479,2.2072,0.89219,2.5046,0.90058
2021-12-27 15:55,10117413,56664525,2.2065,0.89341,2.4847,0.24538
2021-12-27 16:00,10114562,56667190,2.1963,0.89745,2.4728,0.75442
2021-12-27 16:05,10124560,56920864,2.1924,0.8972,2.4809,1.2999
2021-12-27 16:10,10124203,56792740,2.1895,0.89794,2.4819,0.78847
2021-12-27 16:15,10148573,57173104,2.1823,0.89818,2.4778,1.9389
2021-12-27 16:20,10130017,56997522,2.1963,0.8984,2.4898,0.50429
2021-12-27 16:25,10136240,57110703,2.1816,0.89676,2.4878,1.1862
2021-12-27 16:30,10152548,57161913,2.1835,0.89882,2.4845,0.85469
2021-12-27 16:35,10176571,57103583,2.1927,0.89818,2.4954,0.50676
2021-12-27 16:40,10169090,56965418,2.2036,0.89899,2.5099,0.46106
2021-12-27 16:45,10148951,56976213,2.2016,0.89778,2.5149,1.2951
2021-12-27 16:50,10154506,56943399,2.2158,0.89743,2.5274,0.64117
2021-12-27 16:55,10160990,57025964,2.2074,0.8976,2.5236,1.2586
2021-12-27 17:00,10179900,57221221,2.2111,0.89745,2.5292,1.092
2021-12-27 17:05,10188453,57252593,2.2225,0.89761,2.5385,1.0447
2021-12-27 17:10,10186708,57201172,2.2233,0.89693,2.5401,1.2391
2021-12-27 17:15,10174961,57266287,2.2346,0.89736,2.5457,1.2719
2021-12-27 17:20,10169057,57190778,2.2299,0.89584,2.5456,1.2804
2021-12-27 17:25,10163957,57199133,2.2445,0.89468,2.5603,0.88815
2021-12-27 17:30,10154878,57317254,2.2342,0.89493,2.5483,1.1127
2021-12-27 17:35,10125603,57668042,2.206,0.89439,2.5508,1.9452
2021-12-27 17:40,10208544,57790566,2.2463,0.89387,2.6038,0.60434
2021-12-27 17:45,10260938,58218011,2.2097,0.89363,2.5795,1.3675
2021-12-27 17:50,10259414,58146567,2.2192,0.8922,2.5945,1.0313
2021-12-27 17:55,10207124,57657029,2.2473,0.89323,2.6194,0.32178
2021-12-27 18:00,10210920,57396547,2.2411,0.89316,2.6137,0.59538
2021-12-27 18:05,10225034,57442808,2.2469,0.89295,2.6267,1.2109
2021-12-27 18:10,10162681,56494341,2.3029,0.89473,2.6551,0.39894
2021-12-27 18:15,10158390,56704131,2.2897,0.89198,2.6463,1.1321
2021-12-27 18:20,10157032,56701364,2.2898,0.88996,2.6451,0.77365
2021-12-27 18:25,10151680,56492212,2.2948,0.89027,2.6464,0.58869
2021-12-27 18:30,10145719,56501511,2.289,0.89018,2.6364,0.85847
2021-12-27 18:35,10045856,55696065,2.2603,0.88811,2.5932,0.36731
2021-12-27 18:40,10056612,55843344,2.2553,0.88752,2.5996,1.2556
2021-12-27 18:45,10066470,55759754,2.2628,0.88804,2.6056,0.652
2021-12-27 18:50,10073286,55604538,2.2621,0.88756,2.6039,0.3621
2021-12-27 18:55,10063616,55611543,2.2728,0.88793,2.6226,1.0171
2021-12-27 19:00,10090417,55638558,2.2859,0.88874,2.6338,0.58775
2021-12-27 19:05,10107121,55766924,2.288,0.88944,2.6527,1.2722
2021-12-27 19:10,9956924.5,54331034,2.4245,0.89014,2.6885,0.49683
2021-12-27 19:15,9973081.9,54667072,2.3772,0.88919,2.6606,1.4361
2021-12-27 19:20,9991414.8,54342757,2.3989,0.88971,2.6715,0.61039
2021-12-27 19:25,10004673,54435426,2.4013,0.89125,2.6769,0.85232
2021-12-27 19:30,9988050.5,54175186,2.4384,0.89088,2.6951,0.54902
2021-12-27 19:35,10002916,54250152,2.4467,0.89179,2.6897,0.98166
2021-12-27 19:40,10005992,54195520,2.4725,0.89124,2.7165,0.75742
2021-12-27 19:45,10038989,54378762,2.4758,0.8914,2.7337,1.397
2021-12-27 19:50,10033301,54768143,2.4662,0.88948,2.7699,1.8255
2021-12-27 19:55,10040313,54427140,2.4966,0.88848,2.8061,0.79802
2021-12-27 20:00,10071523,54780999,2.4682,0.88915,2.7707,1.3609
2021-12-27 20:05,10082164,55037632,2.4672,0.8894,2.7723,1.3233
2021-12-27 20:10,10102123,55389941,2.4221,0.88812,2.7411,1.3779
2021-12-27 20:15,10103330,55312858,2.4457,0.8877,2.7675,0.86826
2021-12-27 20:20,10077260,54950191,2.4564,0.8864,2.7586,0.52167
2021-12-27 20:25,10074248,55075912,2.4538,0.88599,2.7677,1.1307
2021-12-27 20:30,10051293,54779548,2.4555,0.88532,2.7726,0.60425
2021-12-27 20:35,10040750,54954925,2.4461,0.88561,2.769,1.75
2021-12-27 20:40,10009147,54369686,2.4608,0.88678,2.7684,0.42339
2021-12-27 20:45,9997728.2,54327655,2.4496,0.88677,2.7556,0.76393
2021-12-27 20:50,9961802.3,54661261,2.4435,0.88676,2.7543,1.8618
2021-12-27 20:55,9927432.6,54673875,2.4105,0.88652,2.7388,1.0409
2021-12-27 21:00,9931193.8,54720878,2.3976,0.88667,2.7246,0.9958
2021-12-27 21:05,9916532.4,54349593,2.4107,0.88729,2.7322,0.29849
2021-12-27 21:10,9903144,54259326,2.4276,0.88683,2.755,0.78734
2021-12-27 21:15,9896069.3,54131499,2.4492,0.88731,2.7821,1.1314
2021-12-27 21:20,9887750.8,54027154,2.4649,0.8861,2.7935,0.76744
2021-12-27 21:25,9891017.6,54042040,2.4724,0.88672,2.8016,0.80577
2021-12-27 21:30,9894589.8,54180651,2.4614,0.88617,2.7973,1.4111
2021-12-27 21:35,9890401,54180866,2.4649,0.88648,2.803,1.1503
2021-12-27 21:40,9896371,54007086,2.4693,0.88757,2.8057,0.51682
2021-12-27 21:45,9889862.4,53870706,2.4745,0.88715,2.8128,0.45265
2021-12-27 21:50,9857075.8,53192633,2.5029,0.88952,2.7935,0.39083
2021-12-27 21:55,9820288.8,52702998,2.5013,0.89097,2.7644,0.61671
2021-12-27 22:00,9820539,52943187,2.4942,0.89073,2.7466,0.81246
2021-12-27 22:05,9794863.9,52843291,2.4969,0.88976,2.7458,0.9682
2021-12-27 22:10,9802200.4,53000498,2.4924,0.88985,2.7344,1.0076
2021-12-27 22:15,9798948.2,52965556,2.4893,0.88968,2.7313,0.80597
2021-12-27 22:20,9807114.9,52960184,2.4882,0.88979,2.7237,1.0702
2021-12-27 22:25,9812208.2,53064422,2.4915,0.88933,2.7298,1.7798
2021-12-27 22:30,9794492.7,52635604,2.5139,0.89032,2.7429,0.41681
2021-12-27 22:35,9776553,52244040,2.5469,0.89099,2.7482,0.56125
2021-12-27 22:40,9775139.5,52180933,2.5403,0.89098,2.7405,0.73832
2021-12-27 22:45,9724442.8,51753485,2.5254,0.8936,2.7171,0.70344
2021-12-27 22:50,9599138.5,51292486,2.5601,0.89079,2.7408,0.52927
2021-12-27 22:55,9593094.4,51064041,2.5586,0.89015,2.735,1.2071
2021-12-27 23:00,9598886.7,51470597,2.5446,0.89025,2.7309,2.2701
2021-12-27 23:05,9606575.3,51366358,2.5463,0.89213,2.7238,1.071
2021-12-27 23:10,9616318.2,51570585,2.5373,0.89178,2.7233,1.3497
2021-12-27 23:15,9610500,51463699,2.5499,0.89156,2.735,0.77845
2021-12-27 23:20,9621511.1,51215304,2.5454,0.8916,2.7267,0.71928
2021-12-27 23:25,9612720.4,51312701,2.5355,0.89097,2.7171,1.0575
2021-12-27 23:30,9601586.1,51138879,2.5374,0.89135,2.7164,0.5519
2021-12-27 23:35,9625609.3,51283484,2.534,0.89322,2.704,0.98613
2021-12-27 23:40,9611430.8,51036698,2.5416,0.89243,2.7015,0.45287
2021-12-27 23:45,9635061.9,51268164,2.5437,0.893,2.6998,1.199
2021-12-27 23:50,9625685.3,51295277,2.5429,0.89413,2.7067,1.0054
2021-12-27 23:55,9627953.4,50967086,2.5297,0.89385,2.6953,0.89565
2021-12-28 00:00,9584809.1,50579038,2.5553,0.89227,2.7137,1.2602
2021-12-28 00:05,9559708,50371144,2.6055,0.89405,2.7425,0.68087
2021-12-28 00:10,9538940,49793267,2.5541,0.90227,2.7617,0.57609
2021-12-28 00:15,9238435.9,47550230,2.6665,0.89202,2.7925,0.5101
2021-12-28 00:20,9227272.7,47483545,2.65,0.8939,2.7681,0.57694
2021-12-28 00:25,9271707.7,47688827,2.628,0.89698,2.7454,1.1927
2021-12-28 00:30,9293176.8,48185122,2.6197,0.89917,2.7564,1.3603
2021-12-28 00:35,9259170.5,47493902,2.638,0.89709,2.7694,0.64491
2021-12-28 00:40,9273470.9,47777870,2.6296,0.89846,2.7502,0.93173
2021-12-28 00:45,9282056.7,48040097,2.6092,0.89925,2.7482,1.5885
2021-12-28 00:50,9220273.8,48102562,2.6061,0.8985,2.7866,1.8097
2021-12-28 00:55,9231440.7,48178889,2.6265,0.89569,2.8079,1.2753
2021-12-28 01:00,9198961.6,48096424,2.6436,0.89517,2.8266,0.99458
2021-12-28 01:05,9177612.2,47191282,2.7043,0.89272,2.8759,0.53902
2021-12-28 01:10,9242149.7,47913204,2.6656,0.89437,2.8489,1.4409
2021-12-28 01:15,9282565.8,47661318,2.6762,0.89649,2.8581,0.61723
2021-12-28 01:20,9299482.6,47985330,2.6694,0.89755,2.8511,1.7473
2021-12-28 01:25,9310434.9,47935291,2.6733,0.89445,2.8619,0.77665
2021-12-28 01:30,9303983.1,48109688,2.6798,0.89715,2.8661,1.0259
2021-12-28 01:35,9283689.6,47791106,2.6766,0.89639,2.874,1.0691
2021-12-28 01:40,9256576.4,47253244,2.7145,0.89589,2.8638,0.68885
2021-12-28 01:45,9089276.8,46137169,2.8392,0.88885,2.9511,0.5253
2021-12-28 01:50,9127688.6,46524089,2.8854,0.88939,2.993,0.88234
2021-12-28 01:55,9142382.4,46707342,2.8833,0.89104,2.9779,1.4498
2021-12-28 02:00,9132048.6,46670772,2.9152,0.89159,3.0073,1.0485
2021-12-28 02:05,9108145.7,46846890,2.9098,0.88753,3.0177,1.5639
2021-12-28 02:10,9094177.4,46544000,2.9295,0.88819,3.0385,0.8882
2021-12-28 02:15,9094976.8,46420762,2.9275,0.8888,3.0294,0.69945
2021-12-28 02:20,9086682.1,46136637,2.9353,0.88817,3.0267,1.1164
2021-12-28 02:25,9135347.2,46368917,2.9279,0.88945,3.011,0.60755
2021-12-28 02:30,9161124.6,46437053,2.943,0.89121,3.022,0.89336
2021-12-28 02:35,9188345.5,46187045,2.9704,0.89351,3.045,0.5794
2021-12-28 02:40,9214410.6,46549530,2.9797,0.89367,3.0535,0.85483
2021-12-28 02:45,9219003.8,46778448,2.9567,0.8939,3.0315,1.1166
2021-12-28 02:50,9227835.5,46771085,2.9776,0.89167,3.0534,1.2919
2021-12-28 02:55,9244580.5,46601565,2.9724,0.89273,3.052,0.83478
2021-12-28 03:00,9273340.9,47001853,2.9546,0.8943,3.0499,1.2123
2021-12-28 03:05,9336070.6,46873813,2.9755,0.89673,3.0714,1.0169
2021-12-28 03:10,9333035,46603952,3.0153,0.89477,3.1121,0.6882
2021-12-28 03:15,9282421.8,46222489,3.0219,0.89064,3.0307,0.61976
2021-12-28 03:20,9271698.2,46397786,3.0036,0.88954,3.0179,1.883
2021-12-28 03:25,9273374.2,46567465,3.0089,0.88747,3.0328,1.4606
2021-12-28 03:30,9250514.6,46244620,3.0641,0.8855,3.0671,0.66246
2021-12-28 03:35,9444304.1,47003553,3.0111,0.89444,3.0193,0.71433
2021-12-28 03:40,9439404.3,47200061,3.0277,0.89354,3.0395,1.0504
2021-12-28 03:45,9460331,47078217,3.0394,0.89492,3.0444,0.94991
2021-12-28 03:50,9473319.4,46891661,3.043,0.89861,3.0454,0.79916
2021-12-28 03:55,9450565.8,47269640,3.0281,0.89929,3.0379,2.3021
2021-12-28 04:00,9526140.7,48007729,3.0079,0.90151,3.0621,1.4985
2021-12-28 04:05,9517725,47531519,3.0951,0.90113,3.1119,0.63104
2021-12-28 04:10,9523448.5,47656409,3.0835,0.90059,3.1084,1.321
2021-12-28 04:15,9551340.3,47821937,3.0487,0.8996,3.0896,1.1082
2021-12-28 04:20,9359900.5,46109190,3.1272,0.89816,3.1482,0.53878
2021-12-28 04:25,9333233.8,45921579,3.1556,0.89705,3.1577,0.81411
2021-12-28 04:30,9321982.5,45832394,3.1666,0.89619,3.1652,1.1116
2021-12-28 04:35,9326822.9,46065060,3.1178,0.89596,3.1254,1.3781
2021-12-28 04:40,9319760.8,46096062,3.1463,0.89563,3.1493,0.85786
2021-12-28 04:45,9335648.3,46570657,3.125,0.89353,3.1387,1.7219
2021-12-28 04:50,9325325.1,46561348,3.1042,0.89516,3.1226,1.3445
2021-12-28 04:55,9338445.1,46683893,3.1158,0.89872,3.138,1.1498
2021-12-28 05:00,9308946.2,46349243,3.1227,0.89818,3.1403,0.93647
2021-12-28 05:05,9321711.3,46761097,3.1141,0.89758,3.1578,1.4916
2021-12-28 05:10,9322487.8,47199005,3.0765,0.89683,3.1689,1.6012
2021-12-28 05:15,9288357.4,47171407,3.0364,0.89766,3.1501,1.1282
2021-12-28 05:20,9241279.3,46760873,3.0459,0.89515,3.1636,0.83897
2021-12-28 05:25,9240056.3,46856325,3.0226,0.89149,3.1547,1.2267
2021-12-28 05:30,9190604.5,46476887,3.0642,0.89251,3.1885,0.81076
2021-12-28 05:35,9197813.8,46789279,3.0406,0.89576,3.1761,1.3322
2021-12-28 05:40,9188427.5,46778284,3.075,0.89545,3.2429,1.2246
2021-12-28 05:45,9164429.5,47086839,2.9619,0.89256,3.1894,1.2861
2021-12-28 05:50,9174639.5,47166822,2.9435,0.89267,3.1857,0.77826
2021-12-28 05:55,9228504,47711366,2.789,0.89759,3.0768,1.6134
2021-12-28 06:00,9204929.9,47358082,2.8006,0.8969,3.0934,0.91865
2021-12-28 06:05,9214902.2,47539680,2.7545,0.89507,3.0479,1.4571
2021-12-28 06:10,9162337.9,46959395,2.7801,0.89501,3.064,0.47349
2021-12-28 06:15,9162307.2,47094259,2.7584,0.89436,3.0513,1.4175
2021-12-28 06:20,9167505.8,47592287,2.7377,0.89353,3.032,1.9585
2021-12-28 06:25,9154161.1,47427709,2.7589,0.8903,3.0664,0.77046
2021-12-28 06:30,9177877,47518748,2.7704,0.88938,3.0776,0.9403
2021-12-28 06:35,9202041.3,47746816,2.7677,0.88879,3.0826,1.164
2021-12-28 06:40,9165945.7,47507097,2.7771,0.88738,3.096,0.81084
2021-12-28 06:45,9097107.2,46865367,2.7983,0.88569,3.1154,0.38972
2021-12-28 06:50,9062562.6,46392440,2.7977,0.88988,3.157,0.51283
2021-12-28 06:55,9049467.3,46179432,2.7601,0.88871,3.099,0.80501
2021-12-28 07:00,9069745.6,46683322,2.731,0.88537,3.0699,1.4323
2021-12-28 07:05,9060960.9,46682675,2.7181,0.88548,3.0439,0.72138
2021-12-28 07:10,9056471.5,46479098,2.7158,0.8857,3.0482,0.80635
2021-12-28 07:15,9058368.6,46805909,2.6802,0.88446,3.0104,2.164
2021-12-28 07:20,9046046.3,46547270,2.6976,0.88545,3.039,0.79412
2021-12-28 07:25,9046114.1,46261828,2.7076,0.88677,3.0419,0.75932
2021-12-28 07:30,9021174,46035051,2.7037,0.88667,3.0363,0.5826
2021-12-28 07:35,8995433.5,45935205,2.7226,0.88781,3.0462,0.83688
2021-12-28 07:40,8975091.1,45808865,2.7271,0.88855,3.0359,0.89345
2021-12-28 07:45,8936645.1,45523270,2.7681,0.89066,3.0521,0.55751
2021-12-28 07:50,8935915.6,45726266,2.7391,0.89398,3.0344,0.86112
2021-12-28 07:55,8931911.8,45807142,2.7335,0.89336,3.0301,1.9844
2021-12-28 08:00,8943796.1,45776441,2.7558,0.89245,3.0514,0.78159
2021-12-28 08:05,8937005.7,45355304,2.7931,0.89136,3.0952,0.56972
2021-12-28 08:10,8943621.1,45722423,2.7808,0.88816,3.0745,1.614
2021-12-28 08:15,8931664.5,45989130,2.7602,0.88744,3.0562,0.81219
2021-12-28 08:20,8913278.1,46007233,2.758,0.88525,3.0614,0.64715
2021-12-28 08:25,8912505.3,45952877,2.7512,0.88158,3.0463,1.199
2021-12-28 08:30,8887492,45656195,2.7686,0.8789,3.0716,0.70914
2021-12-28 08:35,8894052.5,45777688,2.7649,0.87957,3.0783,1.4395
2021-12-28 08:40,8895227.2,45765944,2.7692,0.87988,3.0815,1.3087
2021-12-28 08:45,8848968,45210687,2.865,0.88038,3.1719,0.37415
2021-12-28 08:50,8822834.3,45190557,2.849,0.87887,3.1573,1.1075
2021-12-28 08:55,8824335.1,45001829,2.8684,0.88039,3.1734,0.69931
2021-12-28 09:00,8822463.3,45123419,2.8663,0.88089,3.1589,0.93034
2021-12-28 09:05,8830987.3,45276472,2.8327,0.88053,3.1335,1.2255
2021-12-28 09:10,8835729.9,45248638,2.8475,0.88027,3.1514,0.80479
2021-12-28 09:15,8850019,45073147,2.8856,0.88066,3.1957,0.41233
2021-12-28 09:20,8869126.3,44867973,2.9131,0.88097,3.2179,0.34982
2021-12-28 09:25,8852312.6,44829223,2.9255,0.87717,3.2276,1.0494
2021-12-28 09:30,8836632.3,44949402,2.9222,0.87699,3.2284,1.0745
2021-12-28 09:35,8862732.8,45103674,2.9229,0.87798,3.2369,0.90836
2021-12-28 09:40,8869545.6,45128248,2.9435,0.87794,3.2547,0.47972
2021-12-28 09:45,8872657.4,44788919,2.972,0.87586,3.2908,0.75005
2021-12-28 09:50,8880611.3,44864848,2.9772,0.87637,3.2958,0.71246
2021-12-28 09:55,8875700.2,44730846,2.9886,0.87533,3.2781,0.70811
2021-12-28 10:00,8867356,44646390,2.9751,0.87463,3.2616,1.3168
2021-12-28 10:05,8856265,44898564,2.9525,0.87365,3.2491,1.4673
2021-12-28 10:10,8877638.1,44731240,2.9759,0.87592,3.2663,0.54192
2021-12-28 10:15,8792138,44048611,3.0281,0.87867,3.3136,0.52351
2021-12-28 10:20,8811421.6,44349844,3.0245,0.87965,3.3119,0.87876
2021-12-28 10:25,8804896.7,44288630,3.0272,0.87966,3.3035,0.7992
2021-12-28 10:30,8803575.4,44422841,3.0376,0.8796,3.3177,1.0232
2021-12-28 10:35,8826701,44492807,3.0353,0.88022,3.3224,0.61471
2021-12-28 10:40,8803302.8,44392408,3.0484,0.87703,3.3258,1.1361
2021-12-28 10:45,8805515.1,44509743,3.0307,0.87724,3.331,1.4127
2021-12-28 10:50,8806250.5,44453130,3.0348,0.87666,3.3335,0.62197
2021-12-28 10:55,8820157.5,44502331,3.0611,0.8777,3.3641,0.5957
2021-12-28 11:00,8822946.2,44423534,3.0685,0.87772,3.3683,0.5625
2021-12-28 11:05,8835519.4,44470010,3.0812,0.87717,3.3732,0.98785
2021-12-28 11:10,8857924.7,44393864,3.0982,0.87945,3.3821,0.87549
2021-12-28 11:15,8838448.8,44575173,3.0614,0.87695,3.3491,1.697
2021-12-28 11:20,8843162.7,44702187,3.0773,0.88022,3.3757,1.1264
2021-12-28 11:25,8882637.6,45255305,3.056,0.8798,3.3704,1.7205
2021-12-28 11:30,8904309.2,45172900,3.0889,0.88012,3.3947,0.82549
2021-12-28 11:35,8890121.4,45384070,3.0746,0.87759,3.3968,1.8624
2021-12-28 11:40,8884631.3,45182359,3.0953,0.87791,3.4278,0.63033
2021-12-28 11:45,8881836.2,45084201,3.1104,0.87851,3.4425,0.62801
2021-12-28 11:50,8888614.9,45273533,3.1136,0.87863,3.447,1.0641
2021-12-28 11:55,8877211.9,45436352,3.0659,0.8774,3.42,1.5078
2021-12-28 12:00,8880503.4,45492900,3.079,0.8782,3.4271,0.88308
2021-12-28 12:05,8849342.5,45209672,3.0764,0.87668,3.4255,0.59102
2021-12-28 12:10,8852465.9,45253806,3.0641,0.8763,3.4065,1.004
2021-12-28 12:15,8843555,44978321,3.0728,0.8751,3.4282,0.45782
2021-12-28 12:20,8859632.1,45385204,3.0546,0.87622,3.409,1.8414
2021-12-28 12:25,8898449.4,45586756,3.0491,0.87902,3.4017,1.0216
2021-12-28 12:30,8889918.7,45506891,3.0495,0.87896,3.4058,1.0768
2021-12-28 12:35,8884558.9,45666633,3.0455,0.87757,3.413,1.2554
2021-12-28 12:40,8891907.1,45508781,3.083,0.87795,3.4527,0.56877
2021-12-28 12:45,8868428.4,45311576,3.0543,0.87599,3.4293,1.6801
2021-12-28 12:50,8868416.4,45401850,3.0129,0.87436,3.3911,1.067
2021-12-28 12:55,8887431.7,45379226,3.0321,0.87655,3.4076,0.8514
2021-12-28 13:00,8883264.9,45020387,3.0694,0.87762,3.4351,0.34185
2021-12-28 13:05,8888359.4,45097991,3.1098,0.87899,3.4744,0.9498
2021-12-28 13:10,8866924.7,44992366,3.1071,0.87844,3.4583,0.91451
2021-12-28 13:15,8869412,45050003,3.1232,0.8783,3.4768,1.3489
2021-12-28 13:20,8863253,45173135,3.1096,0.87772,3.4647,1.2574
2021-12-28 13:25,8844719.8,45137950,3.112,0.87542,3.4862,1.8534
2021-12-28 13:30,8874912.5,45333053,3.0965,0.87754,3.4673,0.93222
2021-12-28 13:35,8902090.7,45703578,3.008,0.8761,3.3766,1.3207
2021-12-28 13:40,8913625,45717983,3.0022,0.87528,3.3694,0.83384
2021-12-28 13:45,8916157.2,45811216,3.0151,0.87851,3.3788,0.66966
2021-12-28 13:50,8914312.6,45614538,3.0214,0.87814,3.3825,0.67799
2021-12-28 13:55,8921431.8,45429750,3.0241,0.8782,3.3959,0.77666
2021-12-28 14:00,8911963.9,45279904,3.0431,0.87571,3.415,0.87512
2021-12-28 14:05,8870441.2,44664620,3.1101,0.87543,3.4695,0.46897
2021-12-28 14:10,8819052.7,44174635,3.1707,0.87219,3.5335,0.58956
2021-12-28 14:15,8840538.9,44397186,3.1688,0.8744,3.5503,0.84557
2021-12-28 14:20,8809345.7,44284570,3.1784,0.8756,3.572,0.96263
2021-12-28 14:25,8827164.5,44599354,3.1348,0.87689,3.5292,1.6443
2021-12-28 14:30,8839399,44636060,3.134,0.87891,3.526,0.90851
2021-12-28 14:35,8841843.6,44573615,3.1241,0.87668,3.5081,1.2694
2021-12-28 14:40,8769381.6,43487363,3.5431,0.8749,3.8862,0.42296
2021-12-28 14:45,8798048.2,44224471,3.5115,0.87847,3.8727,1.1771
2021-12-28 14:50,8814185.1,44161683,3.5332,0.87771,3.8799,0.99988
2021-12-28 14:55,8821106.7,44264022,3.5431,0.87659,3.8707,0.77011
2021-12-28 15:00,8835161.7,44334459,3.5725,0.87796,3.9057,0.76345
2021-12-28 15:05,8851717.5,44671339,3.5347,0.8781,3.8731,1.1336
2021-12-28 15:10,8852857,44281991,3.5337,0.87827,3.8835,0.5104
2021-12-28 15:15,8847568.8,44209900,3.5778,0.87719,3.9168,0.80489
2021-12-28 15:20,8795388.9,43697341,3.6126,0.87649,3.9533,0.75747
2021-12-28 15:25,8803375.4,43922230,3.5877,0.87571,3.9309,1.0961
2021-12-28 15:30,8805798.3,44169884,3.5807,0.87594,3.9222,1.1756
2021-12-28 15:35,8786310.5,43821822,3.6562,0.87562,3.9902,0.58214
2021-12-28 15:40,8788389.9,43856217,3.6419,0.87641,3.9712,1.052
2021-12-28 15:45,8810498,43709798,3.6484,0.87833,3.9688,0.55878
2021-12-28 15:50,8812165.1,43816042,3.647,0.8768,3.9659,1.9739
2021-12-28 15:55,8814158.4,43753482,3.6571,0.87742,3.9667,0.48437
2021-12-28 16:00,8840126,43785144,3.6855,0.87958,3.9675,0.75507
2021-12-28 16:05,8848410.8,43682242,3.7135,0.88075,3.9915,0.67241
2021-12-28 16:10,8857514.9,43273390,3.7294,0.87948,3.9953,0.90263
2021-12-28 16:15,8861627.1,42943445,3.7428,0.87673,3.9728,0.72383
2021-12-28 16:20,8910267.7,43245840,3.7132,0.87956,3.9494,0.88608
2021-12-28 16:25,8884859.6,42559214,3.7059,0.87969,3.8664,0.55395
2021-12-28 16:30,8874583.7,43180478,3.632,0.87724,3.8034,1.1455
2021-12-28 16:35,8888441.5,43403442,3.6116,0.87819,3.7978,1.3662
2021-12-28 16:40,8929903.9,43551141,3.5842,0.87872,3.7525,0.91811
2021-12-28 16:45,8959250.6,43541080,3.5991,0.87991,3.7703,1.0184
2021-12-28 16:50,8951883.7,43534076,3.5947,0.88004,3.7674,1.1028
2021-12-28 16:55,8977495.4,43724910,3.6141,0.88076,3.7984,0.89719
2021-12-28 17:00,9008912.8,44043689,3.5956,0.88377,3.772,0.74682
2021-12-28 17:05,9051379.4,44246055,3.5446,0.88687,3.724,1.5466
2021-12-28 17:10,9071951,44079991,3.5628,0.88788,3.7299,0.62729
2021-12-28 17:15,9072973.6,43743687,3.6119,0.88834,3.7616,0.65878
2021-12-28 17:20,9065703.3,43175649,3.8001,0.88255,3.9332,0.84198
2021-12-28 17:25,9053250.6,43268587,3.8367,0.8838,3.9573,0.90667
2021-12-28 17:30,9066840.5,42940118,3.9174,0.88569,4.0394,0.66903
2021-12-28 17:35,9081447.6,42498166,3.9636,0.88801,4.0197,0.76129
2021-12-28 17:40,9070115,42919784,3.9194,0.88532,3.9948,0.73374
2021-12-28 17:45,9049044.8,42904771,3.9794,0.88487,4.0268,1.177
2021-12-28 17:50,9042160,42724819,3.9844,0.88352,4.0426,1.3787
2021-12-28 17:55,9041513.4,43124686,4.0045,0.88393,4.0755,1.203
2021-12-28 18:00,9026780.8,43257105,3.9563,0.8827,4.0636,1.4121
2021-12-28 18:05,8992806.9,42650856,3.8866,0.8849,4.0026,0.5992
2021-12-28 18:10,8980030.3,42601264,3.8756,0.88188,3.9868,1.5189
2021-12-28 18:15,8971277.4,42602485,3.8741,0.8817,3.9824,1.1802
2021-12-28 18:20,8969338.9,42703023,3.9056,0.88204,4.0186,0.92183
2021-12-28 18:25,8940702.9,42239122,3.8448,0.8797,3.968,1.1856
2021-12-28 18:30,8945238,42464396,3.8373,0.8804,3.9672,1.3715
2021-12-28 18:35,8943744.6,42736887,3.8555,0.87891,3.982,1.183
2021-12-28 18:40,8931839.6,42649534,3.8877,0.87979,3.9996,0.83499
2021-12-28 18:45,8914509.1,42757128,3.8683,0.87846,4.0092,1.6433
2021-12-28 18:50,8935471,42443730,3.9315,0.88104,4.0595,0.37756
2021-12-28 18:55,8903287.5,42204227,3.916,0.87914,4.0412,0.97061
2021-12-28 19:00,8887817,42423493,3.9275,0.87803,4.0664,1.6183
2021-12-28 19:05,8872050,41914644,3.9613,0.87667,4.0974,1.0237
2021-12-28 19:10,8833440.3,41478719,3.9413,0.87073,4.0942,0.65567
2021-12-28 19:15,8846378.9,41304852,3.9541,0.87271,4.1021,0.90471
2021-12-28 19:20,8860322,41327344,3.9852,0.8749,4.1204,0.79028
2021-12-28 19:25,8892252.9,42035035,3.9106,0.87381,4.0699,1.5447
2021-12-28 19:30,8874246.8,41824567,3.9376,0.87413,4.083,0.77464
2021-12-28 19:35,8882679.3,42031838,3.8817,0.87394,4.0452,1.4534
2021-12-28 19:40,8897188.9,42288339,3.858,0.87118,4.0235,1.3802
2021-12-28 19:45,8885490.9,42210774,3.8814,0.87073,4.0586,0.60258
2021-12-28 19:50,8863854.8,42461111,3.8652,0.86858,4.0421,1.4483
2021-12-28 19:55,8848889.5,42464901,3.8248,0.86739,4.018,1.6773
2021-12-28 20:00,8756179.4,42020905,3.8331,0.86537,4.0358,1.217
2021-12-28 20:05,8752868.2,42228696,3.7978,0.86704,4.0309,1.3434
2021-12-28 20:10,8744968.3,42629144,3.7584,0.86497,4.0163,1.7628
2021-12-28 20:15,8747509.2,42591622,3.7835,0.86391,4.0346,0.80423
2021-12-28 20:20,8734084.7,42307906,3.8248,0.86459,4.077,0.6223
2021-12-28 20:25,8727493.1,42659986,3.7378,0.86545,4.0182,1.4251
2021-12-28 20:30,8718047.7,42256377,3.7109,0.86406,4.0141,0.89654
2021-12-28 20:35,8708311.3,42537952,3.684,0.86345,3.9882,1.5244
2021-12-28 20:40,8714381.7,42622041,3.6583,0.8647,3.9801,0.78821
2021-12-28 20:45,8713743.6,42849799,3.4969,0.8633,3.8514,1.8023
2021-12-28 20:50,8730335.3,42901903,3.4498,0.86418,3.8295,0.98285
2021-12-28 20:55,8721375.1,42708574,3.4153,0.86319,3.7707,0.77268
2021-12-28 21:00,8686354.9,42502335,3.4207,0.86054,3.7588,0.74638
2021-12-28 21:05,8600803.1,41670891,3.505,0.85895,3.8142,0.44801
2021-12-28 21:10,8577865.7,41664539,3.5146,0.85775,3.8245,1.0256
2021-12-28 21:15,8564295,41579331,3.5161,0.85937,3.8326,1.0876
2021-12-28 21:20,8552656.1,41723956,3.5029,0.85889,3.83,1.0742
2021-12-28 21:25,8519705.9,41252416,3.5329,0.8576,3.8612,0.51167
2021-12-28 21:30,8527581.1,41444044,3.4832,0.85645,3.81,1.7599
2021-12-28 21:35,8523228.7,41235380,3.4966,0.85795,3.8261,0.49257
2021-12-28 21:40,8516589.8,41074925,3.5405,0.85823,3.861,0.75817
2021-12-28 21:45,8498528.1,40602543,3.6913,0.85893,3.9808,0.42643
2021-12-28 21:50,8429063.3,40112717,3.9045,0.85851,4.1658,0.64407
2021-12-28 21:55,8409567.9,40189325,3.8875,0.85665,4.1433,1.2627
2021-12-28 22:00,8403661.3,40312005,3.8343,0.85578,4.0977,1.0389
2021-12-28 22:05,8424307.8,40453526,3.8065,0.85734,4.0855,1.0282
2021-12-28 22:10,8458669.5,40483192,3.8601,0.85786,4.1235,0.70526
2021-12-28 22:15,8471712,40181330,3.8548,0.85963,4.1233,0.59368
2021-12-28 22:20,8500499.4,40626301,3.7765,0.85846,4.0533,1.6579
2021-12-28 22:25,8497244.2,40536194,3.8049,0.85898,4.0852,0.99655
2021-12-28 22:30,8488532.5,40354484,3.8423,0.85882,4.104,0.50778
2021-12-28 22:35,8512213.8,40492601,3.8648,0.86085,4.1116,0.99886
2021-12-28 22:40,8508101.6,40235853,3.9406,0.86138,4.176,0.62025
2021-12-28 22:45,8515621,40461551,3.9463,0.86265,4.1741,0.95509
2021-12-28 22:50,8528410.4,40798499,3.9628,0.86096,4.2187,1.2661
2021-12-28 22:55,8527793.2,40982821,3.8968,0.86067,4.1573,1.36
2021-12-28 23:00,8550170.9,41021654,3.8827,0.8629,4.1473,0.60301
2021-12-28 23:05,8561139.2,40834516,3.9163,0.86247,4.1603,0.64073
2021-12-28 23:10,8546279.3,40899241,3.9278,0.86261,4.1832,1.0068
2021-12-28 23:15,8549207.9,41028743,3.9181,0.86287,4.1745,1.1444
2021-12-28 23:20,8527258.9,41004430,3.9044,0.86228,4.1609,1.1665
2021-12-28 23:25,8521905.9,41050864,3.8626,0.86192,4.1312,1.8505
2021-12-28 23:30,8510592,40893395,3.9005,0.86166,4.1704,0.54641
2021-12-28 23:35,8505591.8,40880557,3.8236,0.86086,4.1079,1.3704
2021-12-28 23:40,8499372.9,41013641,3.838,0.86062,4.1312,1.3873
2021-12-28 23:45,8495698.1,40879784,3.8458,0.86177,4.1282,0.77991
2021-12-28 23:50,8502855.3,40794947,3.8655,0.86127,4.1325,0.7258
2021-12-28 23:55,8490812.6,40314378,3.9805,0.86245,4.2406,0.43473
2021-12-29 00:00,8500647.6,40072053,4.065,0.86426,4.2901,0.73987
2021-12-29 00:05,8522880.4,40147723,4.0634,0.86478,4.2976,0.94448
2021-12-29 00:10,8562947.6,41193967,3.7766,0.86815,4.088,1.9142
2021-12-29 00:15,8614589.3,42352436,3.6389,0.8702,3.9705,2.06
2021-12-29 00:20,8648479.3,42307905,3.6278,0.8718,3.9389,0.74144
2021-12-29 00:25,8829472.8,43528717,3.2331,0.87969,3.608,1.4011
2021-12-29 00:30,8792830.9,43158849,3.3548,0.87612,3.7198,0.76997
2021-12-29 00:35,8756765.6,42855611,3.3869,0.87403,3.7452,0.91122
2021-12-29 00:40,8716504.8,42308650,3.4157,0.86884,3.7758,0.91163
2021-12-29 00:45,8831918.1,44389220,3.103,0.87673,3.4526,1.635
2021-12-29 00:50,8958077.3,45314681,2.8652,0.87496,3.2091,0.87995
2021-12-29 00:55,8946688,45022267,2.8532,0.87354,3.1753,0.86276
2021-12-29 01:00,8928552.2,44813534,2.8556,0.87318,3.1663,0.83606
2021-12-29 01:05,8899520.1,44724493,2.7991,0.87002,3.1167,0.90781
2021-12-29 01:10,8921941.4,45122911,2.7897,0.8707,3.1271,1.1726
2021-12-29 01:15,8937350.1,45399128,2.7539,0.87144,3.0899,1.3241
2021-12-29 01:20,8916378.7,45143625,2.7409,0.87209,3.0798,0.87286
2021-12-29 01:25,8900642.2,45072852,2.7549,0.87194,3.0856,0.82194
2021-12-29 01:30,8882497.9,44790697,2.7575,0.87234,3.0795,0.91927
2021-12-29 01:35,8896780.7,44886926,2.7736,0.87299,3.0871,0.55438
2021-12-29 01:40,8867571.1,45028739,2.6101,0.87227,2.9432,1.0898
2021-12-29 01:45,8884414.4,45602240,2.5601,0.87086,2.9098,1.3065
2021-12-29 01:50,8858908.5,45304458,2.5745,0.86944,2.9224,0.6294
2021-12-29 01:55,8872165.6,45465369,2.5629,0.8696,2.91,1.0383
2021-12-29 02:00,8845268.2,45077694,2.5886,0.86984,2.9511,0.73154
2021-12-29 02:05,8848266.7,45391608,2.5735,0.86959,2.9283,0.99574
2021-12-29 02:10,8896135.4,46011375,2.5061,0.87428,2.8716,1.9586
2021-12-29 02:15,8886305.6,45515158,2.5481,0.87326,2.9097,0.70368
2021-12-29 02:20,8831900.2,44733575,2.5429,0.87357,2.9058,0.59141
2021-12-29 02:25,8812748.6,44925717,2.5148,0.87153,2.8717,1.0655
2021-12-29 02:30,8796856,44740810,2.5099,0.87147,2.869,0.99566
2021-12-29 02:35,8751202.3,44279968,2.4616,0.87078,2.8062,0.40805
2021-12-29 02:40,8782831.8,44854134,2.3868,0.87014,2.7166,2.0638
2021-12-29 02:45,8767851.3,44891399,2.3823,0.86886,2.726,0.95554
2021-12-29 02:50,8776453.4,44871266,2.3728,0.86992,2.719,0.69854
2021-12-29 02:55,8771716.8,44969412,2.3614,0.86822,2.7017,1.048
2021-12-29 03:00,8757809.6,44623384,2.392,0.86643,2.7421,0.66701
2021-12-29 03:05,8760223.2,44659000,2.3817,0.8656,2.7367,0.62533
2021-12-29 03:10,8768031,45032942,2.354,0.86348,2.7124,1.5148
2021-12-29 03:15,8748521.7,45010517,2.3651,0.86299,2.7073,0.66216
2021-12-29 03:20,8743636.3,44662494,2.379,0.86175,2.732,0.47915
2021-12-29 03:25,8745945.1,44796731,2.3619,0.86195,2.7172,1.005
2021-12-29 03:30,8760433.6,44599367,2.36,0.86215,2.7197,0.64026
2021-12-29 03:35,8772926,44680512,2.3759,0.86172,2.7282,0.70543
2021-12-29 03:40,8778467.5,44736912,2.3648,0.86042,2.7218,0.98375
2021-12-29 03:45,8771999,44631931,2.3618,0.86125,2.7155,1.114
2021-12-29 03:50,8772360.1,44532692,2.3755,0.86062,2.7254,0.54578
2021-12-29 03:55,8765879.2,44521900,2.3936,0.85911,2.737,0.56412
2021-12-29 04:00,8745762.5,44279796,2.4017,0.8594,2.7354,0.74355
2021-12-29 04:05,8766623.7,44490580,2.3765,0.86365,2.6962,0.9449
2021-12-29 04:10,8744276.2,44287148,2.4105,0.86139,2.7267,0.86057
2021-12-29 04:15,8748573.4,44173041,2.3942,0.86292,2.7054,0.83334
2021-12-29 04:20,8753248.3,43853774,2.4344,0.86443,2.7359,0.72526
2021-12-29 04:25,8740184.9,43794958,2.4128,0.86608,2.717,0.8163
2021-12-29 04:30,8740820,43833194,2.426,0.86686,2.7146,1.141
2021-12-29 04:35,8729546.8,43892279,2.4189,0.86772,2.7149,1.4142
2021-12-29 04:40,8738210.5,43835686,2.4559,0.8682,2.76,0.98869
2021-12-29 04:45,8720531.8,43959585,2.4376,0.86815,2.7559,1.7105
2021-12-29 04:50,8708572.3,43686839,2.4489,0.86819,2.7624,0.72205
2021-12-29 04:55,8716342.7,43609028,2.4458,0.86931,2.7581,0.38652
2021-12-29 05:00,8709371.4,43476200,2.4498,0.86715,2.7466,0.922
2021-12-29 05:05,8661731.8,43118101,2.4822,0.86909,2.7721,0.41511
2021-12-29 05:10,8666864.7,43205430,2.4895,0.86859,2.7823,1.1894
2021-12-29 05:15,8648790.3,42966786,2.496,0.86901,2.7883,0.85149
2021-12-29 05:20,8657066.2,43031892,2.4905,0.86831,2.7807,1.3532
2021-12-29 05:25,8668746.5,43033604,2.4918,0.86929,2.7769,0.57138
2021-12-29 05:30,8590889.6,42218438,2.6275,0.86602,2.8855,0.45839
2021-12-29 05:35,8583207,42190912,2.656,0.86441,2.9178,1.0421
2021-12-29 05:40,8526759.7,41721435,2.8506,0.87267,3.0699,0.5425
2021-12-29 05:45,8526941.8,41457991,2.9114,0.87286,3.1094,0.58754
2021-12-29 05:50,8535411.9,41588884,2.8759,0.87203,3.0331,1.3971
2021-12-29 05:55,8550595.5,41804198,2.8594,0.87093,3.0077,1.8023
2021-12-29 06:00,8555201.2,41526947,2.9449,0.87351,3.09,0.51231
2021-12-29 06:05,8512571.4,41689798,2.8884,0.87007,3.0845,1.8096
2021-12-29 06:10,8495024.2,41672324,2.8918,0.87079,3.1106,1.045
2021-12-29 06:15,8477006.9,41757736,2.9723,0.87037,3.2028,1.5413
2021-12-29 06:20,8466637.1,41740521,3.0245,0.87141,3.2837,1.1414
2021-12-29 06:25,8476873.1,41785540,3.0385,0.87081,3.2874,1.283
2021-12-29 06:30,8491235.6,42020928,2.9862,0.87035,3.2477,1.7849
2021-12-29 06:35,8483332.7,41746480,3.1587,0.87063,3.3719,0.66871
2021-12-29 06:40,8484013.1,41708249,3.1441,0.87094,3.3588,1.0749
2021-12-29 06:45,8478882.6,41529074,3.1815,0.87155,3.3926,0.59354
2021-12-29 06:50,8466926.7,41272633,3.231,0.86964,3.4103,0.65416
2021-12-29 06:55,8471707.7,41282632,3.2237,0.86854,3.4148,1.3649
2021-12-29 07:00,8492802.8,41748164,3.1854,0.86748,3.402,2.7982
2021-12-29 07:05,8513300.5,41963908,3.1829,0.8676,3.4178,0.89206
2021-12-29 07:10,8505062.7,41679381,3.222,0.86873,3.4405,0.65994
2021-12-29 07:15,8519929.2,41483535,3.2591,0.8701,3.4581,0.70903
2021-12-29 07:20,8508491.9,41529949,3.2451,0.86854,3.4645,1.594
2021-12-29 07:25,8500028.3,41352638,3.282,0.86788,3.4969,0.47312
2021-12-29 07:30,8516938.7,41784657,3.2179,0.86752,3.4426,2.0504
2021-12-29 07:35,8532853.7,41875502,3.2156,0.86816,3.4293,1.0697
2021-12-29 07:40,8532446.6,41938166,3.2131,0.86814,3.4368,0.99933
2021-12-29 07:45,8513885.1,41576949,3.2416,0.86937,3.449,0.70529
2021-12-29 07:50,8502829.9,41272736,3.2697,0.86883,3.4836,0.59729
2021-12-29 07:55,8502176,41414099,3.2659,0.86743,3.4906,1.1901
2021-12-29 08:00,8511910.5,41808923,3.1842,0.86968,3.4161,1.1
2021-12-29 08:05,8557940,42158834,3.1623,0.87262,3.3924,0.89705
2021-12-29 08:10,8563721.6,42167797,3.1621,0.87326,3.3968,0.81108
2021-12-29 08:15,8584570.1,42481616,3.164,0.87403,3.4068,1.455
2021-12-29 08:20,8640841.4,42612661,3.1696,0.87562,3.4153,0.575
2021-12-29 08:25,8636850.3,42482290,3.1706,0.87703,3.4103,1.0128
2021-12-29 08:30,8654833.7,42564472,3.1788,0.87715,3.4204,1.06
2021-12-29 08:35,8665116,42794933,3.1456,0.87704,3.3943,1.6982
2021-12-29 08:40,8659878.6,42563303,3.219,0.87926,3.4623,0.61922
2021-12-29 08:45,8681061.1,42790999,3.1966,0.87978,3.4501,1.2825
2021-12-29 08:50,8684376.8,42866900,3.2051,0.88026,3.4729,0.8378
2021-12-29 08:55,8694818.7,42683855,3.2348,0.88146,3.4994,0.89716
2021-12-29 09:00,8708110.8,42645010,3.2681,0.88256,3.5261,0.93344
2021-12-29 09:05,8700409.7,42677023,3.3042,0.8819,3.554,1.0275
2021-12-29 09:10,8707509.5,42829063,3.287,0.88279,3.5452,1.2298
2021-12-29 09:15,8706724.8,42763114,3.2882,0.88304,3.5459,1.0008
2021-12-29 09:20,8531877.3,41004202,3.6107,0.87472,3.8662,0.48426
2021-12-29 09:25,8548741.1,41059604,3.6683,0.87472,3.928,0.91254
2021-12-29 09:30,8606770.3,41458813,3.608,0.87542,3.8315,1.2697
2021-12-29 09:35,8579324.4,41506771,3.5444,0.87328,3.7693,1.3151
2021-12-29 09:40,8617513.6,41915586,3.5177,0.87635,3.7381,0.95265
2021-12-29 09:45,8647834.5,41936997,3.5256,0.87737,3.7123,0.73407
2021-12-29 09:50,8643159.9,42349991,3.5468,0.87723,3.7277,1.1468
2021-12-29 09:55,8657830.3,42668892,3.4959,0.87679,3.7157,1.1563
2021-12-29 10:00,8679743.7,42435267,3.5384,0.87734,3.7356,0.61848
2021-12-29 10:05,8673150,42298953,3.5928,0.87584,3.7873,0.80564
2021-12-29 10:10,8682274.4,42586556,3.5883,0.87609,3.7921,0.79601
2021-12-29 10:15,8681978.1,42687252,3.5557,0.87623,3.7637,1.3136
2021-12-29 10:20,8671534.3,42410249,3.5277,0.87662,3.7399,1.0431
2021-12-29 10:25,8669062.3,42357038,3.5337,0.87477,3.735,1.0283
2021-12-29 10:30,8680448,42603639,3.4889,0.87671,3.7107,1.096
2021-12-29 10:35,8687739.3,42729387,3.4303,0.87927,3.6433,1.3056
2021-12-29 10:40,8679793,42589797,3.4504,0.87826,3.6581,1.0519
2021-12-29 10:45,8662866.7,42387407,3.4382,0.87876,3.6493,1.1013
2021-12-29 10:50,8673112.6,42229385,3.4962,0.87874,3.7105,0.60306
2021-12-29 10:55,8671537.4,42273745,3.5218,0.87865,3.7255,0.7742
2021-12-29 11:00,8655880.6,42392552,3.5224,0.87873,3.7317,1.1816
2021-12-29 11:05,8669560.7,42463508,3.4986,0.8793,3.6923,1.0327
2021-12-29 11:10,8666808.6,42239391,3.5232,0.87989,3.72,0.65638
2021-12-29 11:15,8666204.2,42200528,3.515,0.87958,3.721,1.3546
2021-12-29 11:20,8689518.9,42098081,3.4935,0.88087,3.6937,0.55288
2021-12-29 11:25,8645340.9,41961253,3.5794,0.87983,3.7623,0.71153
2021-12-29 11:30,8656160.3,41881735,3.5163,0.88053,3.5878,0.98657
2021-12-29 11:35,8659652.4,42222571,3.4763,0.87941,3.5089,1.3842
2021-12-29 11:40,8667827.4,42234902,3.4478,0.88096,3.4556,0.99108
2021-12-29 11:45,8587353.2,41330931,3.5413,0.87473,3.545,0.59447
2021-12-29 11:50,8582741.8,41291612,3.5266,0.87461,3.5591,0.78035
2021-12-29 11:55,8584823.1,41539205,3.4923,0.87343,3.5135,1.0827
2021-12-29 12:00,8586226.1,41730559,3.4713,0.87491,3.4914,1.3128
2021-12-29 12:05,8619944.3,41616373,3.4849,0.87735,3.5036,0.66367
2021-12-29 12:10,8542185.3,40483196,3.7735,0.87281,3.824,0.79891
2021-12-29 12:15,8582702.1,40845079,3.7592,0.87143,3.8449,0.80888
2021-12-29 12:20,8578108.4,40734528,3.7864,0.87592,3.8558,1.7621
2021-12-29 12:25,8573851.8,40828682,3.7907,0.87521,3.8494,0.75237
2021-12-29 12:30,8588244.8,40845692,3.7889,0.87714,3.8188,0.935
2021-12-29 12:35,8662344.3,41450657,3.7049,0.87992,3.7542,1.3373
2021-12-29 12:40,8648231.6,41502863,3.718,0.88346,3.7857,1.4672
2021-12-29 12:45,8708939,41987660,3.7407,0.89264,3.7842,1.6763
2021-12-29 12:50,8780475.9,42396605,3.6258,0.89636,3.6914,0.95725
2021-12-29 12:55,8794453.7,42324540,3.6365,0.89783,3.6859,0.90783
2021-12-29 13:00,8786467.4,42303155,3.661,0.89707,3.6825,0.86806
2021-12-29 13:05,8796209.5,42591246,3.6308,0.89733,3.6401,1.344
2021-12-29 13:10,8877454.3,43314251,3.6064,0.89352,3.6023,1.1292
2021-12-29 13:15,8896828,43292867,3.5508,0.89443,3.5869,0.91966
2021-12-29 13:20,8922645.8,43223253,3.5348,0.89422,3.5868,1.3107
2021-12-29 13:25,8797652.9,41959571,3.7408,0.89815,3.7762,0.6826
2021-12-29 13:30,8746585.3,41799931,3.8017,0.89384,3.8591,0.82226
2021-12-29 13:35,8741806.7,41828390,3.7792,0.89354,3.8441,0.97595
2021-12-29 13:40,8751567.9,41937513,3.7439,0.89366,3.827,1.2846
2021-12-29 13:45,8783835,43080761,3.5308,0.8932,3.6186,1.7506
2021-12-29 13:50,9121131.9,45414244,2.8834,0.90357,3.0593,1.2836
2021-12-29 13:55,9130742.5,46033018,2.6461,0.90929,2.845,0.95741
2021-12-29 14:00,9171229.4,46482579,2.4774,0.90941,2.6423,1.0484
2021-12-29 14:05,9139887.5,46468225,2.447,0.90866,2.6168,0.77748
2021-12-29 14:10,9197922.3,47082080,2.3962,0.91125,2.5602,1.0964
2021-12-29 14:15,9168148,46920629,2.3396,0.90973,2.4735,0.71489
2021-12-29 14:20,9164079.3,46491259,2.3256,0.91094,2.4225,0.69404
2021-12-29 14:25,9124684.5,46494002,2.3167,0.90755,2.3842,0.89344
2021-12-29 14:30,9102258,46112039,2.3291,0.90623,2.3971,0.75559
2021-12-29 14:35,9142977,47168618,2.2375,0.90651,2.3363,1.8836
2021-12-29 14:40,9125009,47075433,2.238,0.90659,2.3403,0.95601
2021-12-29 14:45,9157612.1,46978550,2.2361,0.90529,2.3436,0.7999
2021-12-29 14:50,9137784.1,47141126,2.2364,0.90365,2.3474,1.1141
2021-12-29 14:55,9127095.3,46977160,2.2593,0.90155,2.3727,0.82801
2021-12-29 15:00,9144202.2,47037776,2.2485,0.90098,2.3662,1.0165
2021-12-29 15:05,9127373.6,46850064,2.2618,0.89704,2.3891,0.87179
2021-12-29 15:10,9098327.5,46651960,2.2693,0.89757,2.3919,1.0439
2021-12-29 15:15,9096297,46473675,2.2805,0.89778,2.3957,0.70253
2021-12-29 15:20,9075652.3,46282254,2.2828,0.89878,2.397,0.69262
2021-12-29 15:25,9071558.8,46428238,2.2504,0.89726,2.3702,1.1277
2021-12-29 15:30,9092451.5,46544259,2.2283,0.89597,2.3589,1.2799
2021-12-29 15:35,9104933.4,46686419,2.2054,0.8956,2.3293,0.87587
2021-12-29 15:40,9181056.6,47190631,2.1662,0.89886,2.2906,1.3266
2021-12-29 15:45,9199847,47351613,2.1615,0.89869,2.2942,1.001
2021-12-29 15:50,9249995.4,47618976,2.1516,0.90006,2.2834,0.97063
2021-12-29 15:55,9275484.6,47796157,2.153,0.89773,2.2866,1.3391
2021-12-29 16:00,9296388.9,47988371,2.1428,0.89385,2.3014,1.754
2021-12-29 16:05,9275710.5,47972036,2.158,0.89539,2.3192,1.1314
2021-12-29 16:10,9303260.2,47945156,2.1561,0.89465,2.3137,1.1015
2021-12-29 16:15,9286751.4,47743189,2.1661,0.89394,2.3125,0.7276
2021-12-29 16:20,9308437,47959675,2.158,0.89185,2.2942,1.1402
2021-12-29 16:25,9270501.6,47483509,2.1666,0.89155,2.2969,0.84348
2021-12-29 16:30,9241397.2,47112643,2.1832,0.89106,2.3109,0.60457
2021-12-29 16:35,9238274.6,47042030,2.1202,0.88914,2.2468,0.76951
2021-12-29 16:40,9268349.7,47075527,2.1138,0.89023,2.2438,0.69218
2021-12-29 16:45,9275547,46954647,2.1274,0.89038,2.2246,0.81324
2021-12-29 16:50,9276907.7,47061875,2.1413,0.88897,2.2669,0.97671
2021-12-29 16:55,9245328.1,47240125,2.1576,0.89521,2.264,1.06
2021-12-29 17:00,9262946.5,47065031,2.1481,0.89557,2.2629,0.9089
2021-12-29 17:05,9283524.5,47237698,2.1427,0.89632,2.2663,0.99551
2021-12-29 17:10,9282040.3,47469898,2.1336,0.89232,2.2485,1.3528
2021-12-29 17:15,9251075.8,47689296,2.0959,0.89084,2.2352,1.3828
2021-12-29 17:20,9298323.3,47839873,2.0479,0.89178,2.1705,1.0926
2021-12-29 17:25,9308344.9,47816139,2.0607,0.89152,2.1828,0.98315
2021-12-29 17:30,9270811.8,47190232,2.1219,0.8896,2.2439,0.66308
2021-12-29 17:35,9191714.4,46197557,2.2323,0.88908,2.3281,0.71174
2021-12-29 17:40,9217991.2,46524676,2.2147,0.88636,2.3308,1.305
2021-12-29 17:45,9209718.6,46618959,2.2025,0.88323,2.3194,1.0931
2021-12-29 17:50,9259638.4,46943684,2.2056,0.88049,2.3363,1.1312
2021-12-29 17:55,9212624.3,46413201,2.2233,0.88101,2.3593,0.72479
2021-12-29 18:00,9191288.3,46112050,2.2229,0.88207,2.3516,1.1013
2021-12-29 18:05,9189287.2,46039129,2.2514,0.88262,2.3686,1.0366
2021-12-29 18:10,9103958,45405552,2.3557,0.88212,2.4433,0.89828
2021-12-29 18:15,9089869,44967582,2.4429,0.87932,2.5334,0.78723
2021-12-29 18:20,9102333.5,45275446,2.434,0.8747,2.5543,1.9219
2021-12-29 18:25,9098194.7,45111897,2.4455,0.87375,2.5788,0.91845
2021-12-29 18:30,9064437.1,44825592,2.4835,0.8761,2.6309,0.87671
2021-12-29 18:35,9051818.2,45099734,2.4758,0.87094,2.633,2.1992
2021-12-29 18:40,9093613.9,45195261,2.4567,0.87136,2.6381,1.3096
2021-12-29 18:45,9112728.1,44971313,2.5312,0.87415,2.6905,0.54712
2021-12-29 18:50,9058493.1,44477201,2.7236,0.87704,2.8314,0.57518
2021-12-29 18:55,9056307.1,44543108,2.7235,0.87176,2.8382,1.1827
2021-12-29 19:00,9059634.4,44736643,2.6868,0.87282,2.8185,0.87406
2021-12-29 19:05,9062635,44814730,2.6877,0.87141,2.8314,1.4037
2021-12-29 19:10,9029670.5,44451475,2.7071,0.87036,2.8527,0.66364
2021-12-29 19:15,9045702.8,44538313,2.7096,0.87157,2.8594,1.0429
2021-12-29 19:20,9063632.9,44748955,2.6724,0.87072,2.8164,1.2651
2021-12-29 19:25,9054659.9,44784348,2.6867,0.87097,2.8339,0.98686
2021-12-29 19:30,9058645.7,45157349,2.7291,0.86935,2.8912,1.5292
2021-12-29 19:35,9053513,44712864,2.8508,0.8719,2.989,0.81759
2021-12-29 19:40,8823039,43010276,3.1352,0.86547,3.2201,0.53923
2021-12-29 19:45,8699544.6,42375482,3.2584,0.85927,3.3349,0.58341
2021-12-29 19:50,8725977.3,42617673,3.2409,0.85725,3.3259,1.1986
2021-12-29 19:55,8746026,42636877,3.2354,0.8583,3.3313,0.82318
2021-12-29 20:00,8754048.3,42620238,3.2778,0.86205,3.3625,0.55194
2021-12-29 20:05,8778251.6,42758864,3.1982,0.86301,3.25,1.49
2021-12-29 20:10,8800877,42947145,3.2146,0.86065,3.2913,0.78128
2021-12-29 20:15,8824347.2,42868679,3.2096,0.86086,3.2795,0.96892
2021-12-29 20:20,8834309.6,43032777,3.2066,0.85972,3.2687,1.3583
2021-12-29 20:25,8862902,43242099,3.1652,0.85833,3.1988,2.0107
2021-12-29 20:30,8875298,43471210,3.1392,0.85983,3.1502,1.161
2021-12-29 20:35,8826458.9,43411329,3.1553,0.85939,3.1883,1.0604
2021-12-29 20:40,8846140.2,43474733,3.1671,0.86103,3.2039,0.76661
2021-12-29 20:45,8830993.2,43132253,3.1717,0.85969,3.1904,0.54963
2021-12-29 20:50,8827590,43524074,3.1824,0.85878,3.2062,1.794
2021-12-29 20:55,8844870.7,43197047,3.1986,0.85939,3.2258,0.68406
2021-12-29 21:00,8834048.6,42931051,3.2229,0.85842,3.2391,1.1875
2021-12-29 21:05,8802930.6,42477869,3.3084,0.85958,3.356,0.63992
2021-12-29 21:10,8759676.3,42379314,3.3391,0.85484,3.3911,1.1745
2021-12-29 21:15,8744685,42215708,3.3485,0.85641,3.3886,0.87317
2021-12-29 21:20,8714147.5,42228759,3.3136,0.85823,3.3778,1.8704
2021-12-29 21:25,8706565.6,42322359,3.3433,0.85693,3.4016,0.6915
2021-12-29 21:30,8701860.1,42230127,3.34,0.85679,3.4177,0.58678
2021-12-29 21:35,8687478.4,42405050,3.32,0.85564,3.4099,1.654
2021-12-29 21:40,8699067.6,42190478,3.3412,0.85703,3.4319,0.51486
2021-12-29 21:45,8675911.3,42243012,3.3483,0.85538,3.4467,0.55
2021-12-29 21:50,8684217.7,42229162,3.3081,0.85722,3.395,1.3456
2021-12-29 21:55,8670833.9,42462757,3.3037,0.85387,3.418,1.0097
2021-12-29 22:00,8665069.7,42302870,3.3354,0.85169,3.451,1.1801
2021-12-29 22:05,8680442.7,42083450,3.3258,0.85495,3.448,0.56915
2021-12-29 22:10,8658800.6,42196955,3.3084,0.85088,3.4354,2.5231
2021-12-29 22:15,8656272.8,42121423,3.3347,0.8535,3.4536,0.52577
2021-12-29 22:20,8657063,42264831,3.3387,0.85473,3.4612,0.79078
2021-12-29 22:25,8687398.8,42529859,3.3234,0.85312,3.4579,1.5595
2021-12-29 22:30,8687774.9,42487315,3.3454,0.85521,3.4889,0.60455
2021-12-29 22:35,8720674.9,42760947,3.3112,0.85684,3.4648,1.7651
2021-12-29 22:40,8873655.6,44158162,3.1076,0.86632,3.29,3.4814
2021-12-29 22:45,8838286.1,43608104,3.1437,0.8635,3.3465,0.56229
2021-12-29 22:50,8823218,43313177,3.1586,0.86321,3.3675,0.67103
2021-12-29 22:55,8700427.5,42273766,3.2963,0.85708,3.5147,0.45288
2021-12-29 23:00,8672273.9,42243307,3.2878,0.85448,3.529,0.89775
2021-12-29 23:05,8673428.5,42330916,3.2532,0.85246,3.5087,1.0811
2021-12-29 23:10,8670462.4,42493936,3.2377,0.85277,3.5022,1.4137
2021-12-29 23:15,8713752,42304105,3.2608,0.85655,3.5194,0.45819
2021-12-29 23:20,8720191.6,42223168,3.2665,0.85613,3.5253,0.6394
2021-12-29 23:30,8642092.7,41940076,3.3286,0.85812,3.6389,1.1238
2021-12-29 23:35,8639844.8,41806997,3.3652,0.85961,3.6742,0.8487
2021-12-29 23:40,8633359,41371056,3.3773,0.85913,3.6708,0.96129
2021-12-29 23:45,8617257.4,41250932,3.465,0.85719,3.7639,0.83478
2021-12-29 23:50,8628334.8,41890565,3.382,0.85837,3.6907,1.0674
2021-12-29 23:55,8632052.2,41666916,3.3973,0.85811,3.7068,0.97887
2021-12-30 00:00,8692619.6,42129570,3.4551,0.8581,3.7643,0.78362
2021-12-30 00:05,8681853.5,41473826,3.5852,0.86057,3.8843,0.54513
2021-12-30 00:10,8715723.2,41390202,3.5916,0.86443,3.8817,0.80527
2021-12-30 00:15,8663432.1,40435206,3.8358,0.86015,4.0814,1.0046
2021-12-30 00:20,8592967.5,40283832,3.833,0.85898,4.0329,0.46412
2021-12-30 00:25,8655479.2,41087560,3.705,0.86139,3.9493,1.4349
2021-12-30 00:30,8650270,40989954,3.7226,0.86174,3.9581,0.97687
2021-12-30 00:35,8656747.9,41607452,3.642,0.86136,3.9296,1.0581
2021-12-30 00:40,8651273.5,41802954,3.6309,0.86089,3.9191,0.9831
2021-12-30 00:45,8666094.4,41475928,3.682,0.86129,3.9705,0.73741
2021-12-30 00:50,8878363.2,43111740,3.3806,0.86859,3.6986,0.86442
2021-12-30 00:55,8833787.1,42490516,3.4636,0.86704,3.7897,0.79821
2021-12-30 01:00,8836457.6,42723128,3.4706,0.86565,3.7989,1.3221
2021-12-30 01:05,8816106.1,42308493,3.5122,0.86568,3.8291,0.79901
2021-12-30 01:10,8831464,42756918,3.4361,0.86499,3.7648,1.5504
2021-12-30 01:15,8866763.3,43316957,3.2757,0.86387,3.5875,1.85
2021-12-30 01:20,8884665.9,43350522,3.2148,0.8602,3.5393,0.83027
2021-12-30 01:25,8808405.5,42756000,3.3153,0.86253,3.6469,0.55284
2021-12-30 01:30,8805492.6,42750667,3.286,0.85968,3.6288,1.2884
2021-12-30 01:35,8736509.1,42223548,3.3548,0.85516,3.6843,0.81737
2021-12-30 01:40,8735270,42483909,3.2819,0.85611,3.6169,1.5075
2021-12-30 01:45,8749075.8,42730486,3.2763,0.85248,3.6082,1.4522
2021-12-30 01:50,8711203.6,42200574,3.3408,0.85183,3.6768,0.4593
2021-12-30 01:55,8709632.6,42129187,3.3279,0.8536,3.6608,0.92333
2021-12-30 02:00,8680626.7,41745134,3.3967,0.85565,3.7268,0.57569
2021-12-30 02:05,8690947.9,41557735,3.4309,0.85525,3.7355,0.64084
2021-12-30 02:10,8784889.9,42021513,3.5087,0.85489,3.8004,0.62975
2021-12-30 02:15,8770286.8,41755335,3.5382,0.85795,3.8234,0.52594
2021-12-30 02:20,8748523.8,41706740,3.5352,0.85684,3.8107,1.1721
2021-12-30 02:25,8761465.1,42329558,3.4194,0.85651,3.6859,1.6373
2021-12-30 02:30,8754671.6,42167727,3.4372,0.8563,3.6873,0.70618
2021-12-30 02:35,8755977.4,42370175,3.4164,0.85527,3.6681,1.1451
2021-12-30 02:40,8753760.9,42324434,3.394,0.85511,3.6608,1.1537
2021-12-30 02:45,8743942.4,42303193,3.4118,0.85475,3.6742,0.67091
2021-12-30 02:50,8742175.4,42315674,3.3419,0.85331,3.6038,1.7753
2021-12-30 02:55,8729658.5,42195845,3.3555,0.85255,3.6198,0.78288
2021-12-30 03:00,8717017.4,42147481,3.3469,0.85243,3.6194,0.99489
2021-12-30 03:05,8723788.5,42310374,3.3478,0.85068,3.6199,1.0612
2021-12-30 03:10,8724637.8,42489930,3.3321,0.85306,3.6162,1.0867
2021-12-30 03:15,8730425,42246527,3.3707,0.85243,3.6956,0.86336
2021-12-30 03:20,8715969.2,41793072,3.4336,0.85166,3.7847,0.45116
2021-12-30 03:25,8735607.7,41906365,3.428,0.85133,3.7843,0.8901
2021-12-30 03:30,8737992.8,41721924,3.4476,0.85049,3.8023,0.90611
2021-12-30 03:35,8740861.5,41999840,3.4507,0.85036,3.7992,1.1703
2021-12-30 03:40,8732252.8,42027231,3.4619,0.85046,3.7987,1.4481
2021-12-30 03:45,8742417.9,42339530,3.4242,0.8522,3.7527,1.7445
2021-12-30 03:50,8743142.7,42354226,3.4106,0.8518,3.7557,1.1296
2021-12-30 03:55,8736639.4,42066919,3.4304,0.85151,3.7499,0.55484
2021-12-30 04:00,8732741.2,42021951,3.4167,0.85183,3.7433,0.96975
2021-12-30 04:05,8724481.2,42292398,3.3771,0.85034,3.6993,1.8661
2021-12-30 04:10,8704628.5,42341035,3.3634,0.85135,3.6728,1.4132
2021-12-30 04:15,8724914.8,42350736,3.3875,0.85321,3.6939,0.84645
2021-12-30 04:20,8740976.1,42596261,3.3911,0.85293,3.6971,1.2315
2021-12-30 04:25,8773811.5,42631950,3.3924,0.85349,3.707,0.99149
2021-12-30 04:30,8751130.4,42557280,3.401,0.85273,3.712,1.4559
2021-12-30 04:35,8745928,42496464,3.3971,0.85121,3.7184,0.97403
2021-12-30 04:40,8736296.9,42187578,3.4354,0.8512,3.7632,0.54219
2021-12-30 04:45,8722719.1,42457345,3.3816,0.85211,3.7069,1.5813
2021-12-30 04:50,8737450.7,42551385,3.3652,0.85233,3.6834,1.0622
2021-12-30 04:55,8743504.7,42563381,3.3772,0.85198,3.6882,1.0064
2021-12-30 05:00,8732018.4,42296457,3.3931,0.85175,3.7105,0.54521
2021-12-30 05:05,8733017.1,42606011,3.3316,0.85112,3.6462,1.0591
2021-12-30 05:10,8756953.1,42068403,3.4876,0.85086,3.8272,0.36755
2021-12-30 05:15,8743606.6,42126697,3.4886,0.8512,3.835,0.9926
2021-12-30 05:20,8747215.8,42423997,3.4076,0.8504,3.7604,1.2508
2021-12-30 05:25,8747058.5,42396993,3.4042,0.85115,3.7514,0.50796
2021-12-30 05:30,8750926,42161961,3.4361,0.85205,3.7745,0.7324
2021-12-30 05:35,8743614.7,42312981,3.4322,0.85073,3.7743,1.0069
2021-12-30 05:40,8748667.3,42466031,3.3952,0.85048,3.7277,1.582
2021-12-30 05:45,8759954.1,42606549,3.3844,0.84971,3.7122,1.1142
2021-12-30 05:50,8754180.9,42630007,3.317,0.85156,3.6336,1.8025
2021-12-30 05:55,8805001.1,43047650,3.2778,0.85125,3.5782,1.3732
2021-12-30 06:00,8825755.2,43184420,3.2182,0.85239,3.5157,1.013
2021-12-30 06:05,8869292,43339518,3.2414,0.85506,3.5225,0.54349
2021-12-30 06:10,8840508.7,42956032,3.2693,0.85291,3.5633,0.84332
2021-12-30 06:15,8830999.9,42909829,3.2776,0.85174,3.5694,0.905
2021-12-30 06:20,8824900.4,42791942,3.3001,0.8512,3.596,0.77316
2021-12-30 06:25,8811307.1,42742945,3.3161,0.85098,3.6245,1.3549
2021-12-30 06:30,8810123.2,42699914,3.2886,0.85135,3.6087,1.1678
2021-12-30 06:35,8791057.6,43033807,3.2245,0.85066,3.5386,1.2921
2021-12-30 06:40,8800072.8,43195419,3.1015,0.85043,3.4231,0.84687
2021-12-30 06:45,8838330.4,43533270,3.0269,0.85084,3.386,1.0043
2021-12-30 06:50,8848493.8,43675940,2.9595,0.84981,3.3305,0.88335
2021-12-30 06:55,8868406.4,43845401,2.9487,0.85168,3.3146,0.66154
2021-12-30 07:00,8993069.6,44726664,2.6998,0.85613,3.0921,1.9304
2021-12-30 07:05,8959790,44875208,2.6708,0.85498,3.092,0.79598
2021-12-30 07:10,8982164,44829981,2.6192,0.85658,3.0504,0.88503
2021-12-30 07:15,8995947.5,45146746,2.6181,0.85872,3.0363,1.2651
2021-12-30 07:20,8959417.5,44781828,2.6238,0.85763,3.0478,0.92731
2021-12-30 07:25,8828351.6,43797452,2.7079,0.85058,3.1391,0.81349
2021-12-30 07:30,8818512.5,43826940,2.6899,0.85098,3.1207,0.77112
2021-12-30 07:35,8859188.7,44444406,2.6694,0.85182,3.0811,1.6681
2021-12-30 07:40,8891464.4,44532063,2.6332,0.85511,3.0507,1.035
2021-12-30 07:45,8891426.3,44519371,2.6403,0.85429,3.0604,0.94267
2021-12-30 07:50,8914407.7,44750327,2.6323,0.8547,3.0574,1.1283
2021-12-30 07:55,8938253.7,44825735,2.6241,0.85626,3.0503,0.74777
2021-12-30 08:00,8925978.5,44762956,2.6394,0.85429,3.0639,0.83578
2021-12-30 08:05,8916707.9,44744040,2.6196,0.85366,3.0501,1.1689
2021-12-30 08:10,8941664.2,44958688,2.6136,0.85513,3.0296,0.49423
2021-12-30 08:15,8958681,44983702,2.6103,0.85644,3.0273,0.6659
2021-12-30 08:20,8952434.6,44718040,2.6137,0.8548,3.0252,0.60966
2021-12-30 08:25,8911068.6,44246416,2.5959,0.85841,3.0085,0.65616
2021-12-30 08:30,8916343.9,44492556,2.5814,0.85806,2.9941,1.3669
2021-12-30 08:35,8926844.5,44184609,2.5743,0.85888,2.967,0.44483
2021-12-30 08:40,8941151.7,44208957,2.5788,0.85889,2.9659,0.60249
2021-12-30 08:45,8928297.1,44111625,2.5772,0.85703,2.9678,0.94717
2021-12-30 08:50,8924957,44232259,2.5593,0.85604,2.9404,1.1071
2021-12-30 08:55,8922467.8,44157293,2.5552,0.85568,2.94,0.60348
2021-12-30 09:00,8928285.8,44118203,2.5754,0.85471,2.9397,0.86388
2021-12-30 09:05,8924932.1,44281762,2.5656,0.85594,2.9356,1.4715
2021-12-30 09:10,8929026.1,44335063,2.5765,0.85534,2.9403,1.0037
2021-12-30 09:15,8924786.1,44269434,2.5896,0.85641,2.954,0.79039
2021-12-30 09:20,8924384.7,44291721,2.5778,0.85563,2.9483,1.2582
2021-12-30 09:25,8928581.8,44444646,2.5572,0.85606,2.9304,1.3769
2021-12-30 09:30,8938573.9,44603484,2.5522,0.85715,2.9254,1.1873
2021-12-30 09:35,8960805.2,44756047,2.5274,0.8573,2.9024,0.74732
2021-12-30 09:40,8963596.4,44644277,2.533,0.85933,2.9096,0.67781
2021-12-30 09:45,8952610,44494472,2.5573,0.85897,2.9325,0.53303
2021-12-30 09:50,8940171.8,44459474,2.5734,0.8582,2.9503,0.68856
2021-12-30 09:55,8919003.9,44104474,2.5972,0.85745,2.9806,0.90437
2021-12-30 10:00,8910774,43992491,2.6011,0.85655,2.9773,1.0553
2021-12-30 10:05,8918058.3,44356996,2.5442,0.85779,2.9176,1.7558
2021-12-30 10:10,8957957.6,45018720,2.4555,0.85904,2.8277,2.0017
2021-12-30 10:15,8979364.4,44923760,2.4723,0.85976,2.8308,0.67803
2021-12-30 10:20,8940213.9,44468624,2.4996,0.85787,2.8631,0.71046
2021-12-30 10:25,8978615.2,44684316,2.519,0.8602,2.8942,0.59535
2021-12-30 10:30,8957033,44722466,2.5109,0.86071,2.8816,1.872
2021-12-30 10:35,8932156,44507397,2.514,0.85938,2.8807,0.46628
2021-12-30 10:40,8917407.6,44390855,2.5173,0.85827,2.8837,1.4586
2021-12-30 10:45,8967014.5,44869222,2.5036,0.85789,2.8433,1.491
2021-12-30 10:50,8961249.7,44842093,2.4924,0.85802,2.847,1.5694
2021-12-30 10:55,9000218.7,45102497,2.4696,0.86075,2.8299,1.6484
2021-12-30 11:00,8985502.1,44999030,2.4732,0.86189,2.8269,1.0529
2021-12-30 11:05,8984285.2,44921426,2.4782,0.86281,2.8371,0.75915
2021-12-30 11:10,8993033.8,44767322,2.515,0.86268,2.8789,0.84396
2021-12-30 11:15,9035410.1,45222228,2.4844,0.86437,2.8468,1.8874
2021-12-30 11:20,9037771.3,45523643,2.4448,0.86359,2.8114,1.0832
2021-12-30 11:25,9070027.2,45707440,2.4407,0.86409,2.8079,0.95119
2021-12-30 11:30,9063946.1,45535717,2.4386,0.86543,2.8078,0.89412
2021-12-30 11:35,9072937.8,45721185,2.4454,0.86312,2.8199,1.1851
2021-12-30 11:40,9079307.8,46168280,2.254,0.864,2.6583,1.3496
2021-12-30 11:45,9066295.9,46370945,2.2409,0.86385,2.6753,0.92564
2021-12-30 11:50,9064231.6,46471364,2.2328,0.86167,2.6893,0.81757
2021-12-30 11:55,9061508.3,46322430,2.275,0.86022,2.7192,0.78197
2021-12-30 12:00,9084072.3,46491036,2.2535,0.86089,2.7039,0.91147
2021-12-30 12:05,9118156.4,46783043,2.2315,0.86198,2.6958,1.1013
2021-12-30 12:10,9109914.2,46542552,2.2499,0.86466,2.693,0.53381
2021-12-30 12:15,9131372.2,46798283,2.2361,0.86505,2.682,1.3153
2021-12-30 12:20,9104139.5,46952968,2.2076,0.86175,2.6739,1.2194
2021-12-30 12:25,9120243.3,47220734,2.2105,0.86029,2.6876,1.1092
2021-12-30 12:30,9157179.3,47465264,2.193,0.85986,2.669,1.2216
2021-12-30 12:35,9211739.2,48270972,2.1478,0.86025,2.6504,1.2675
2021-12-30 12:40,9204271.4,48145891,2.1195,0.85794,2.6574,0.88751
2021-12-30 12:45,9176650.4,47874585,2.1294,0.8567,2.6654,0.58742
2021-12-30 12:50,9179820,47913090,2.0797,0.85682,2.5741,0.88114
2021-12-30 12:55,9231888,48185855,2.0895,0.8571,2.6067,0.81758
2021-12-30 13:00,9227227.9,48044981,2.0843,0.85672,2.5961,1.0387
2021-12-30 13:05,9223549.2,48017797,2.0882,0.85821,2.611,0.61878
2021-12-30 13:10,9235197.8,47907639,2.0801,0.8604,2.5833,0.53296
2021-12-30 13:15,9233101.9,47809002,2.0846,0.86049,2.5751,0.5847
2021-12-30 13:20,9236118.6,47926219,2.0753,0.86175,2.5629,0.76416
2021-12-30 13:25,9240320.2,47861169,2.0733,0.8627,2.5629,0.95037
2021-12-30 13:30,9274117.2,48112723,2.0614,0.86391,2.5597,1.1744
2021-12-30 13:35,9300816.5,48858168,2.0053,0.86462,2.5319,1.6498
2021-12-30 13:40,9340983.1,48996539,2.0218,0.86218,2.5499,0.92229
2021-12-30 13:45,9370921.3,48972435,2.0284,0.86529,2.5465,0.86465
2021-12-30 13:50,9303683.9,48462889,2.0257,0.8637,2.5072,0.97568
2021-12-30 13:55,9289877.3,48456000,2.0183,0.86257,2.4851,0.72627
2021-12-30 14:00,9249691.8,47867155,2.0388,0.86163,2.5073,0.64276
2021-12-30 14:05,9273361.8,48096640,2.0464,0.86251,2.5045,1.0865
2021-12-30 14:10,9288112.5,48169710,2.0377,0.86107,2.4967,2.0302
2021-12-30 14:15,9238947,47543621,2.0598,0.86516,2.4493,0.41419
2021-12-30 14:20,9219708.6,47297105,2.0667,0.86718,2.4208,0.72479
2021-12-30 14:25,9294104,47958121,2.0388,0.86955,2.409,1.2069
2021-12-30 14:30,9253073.1,47486771,2.079,0.86624,2.4411,0.85206
2021-12-30 14:35,9226922.2,47812636,,,,
2021-12-30 14:40,9350712.7,48490406,,,,
2021-12-30 14:45,9297913.1,47856359,,,,
2021-12-30 14:50,9268775.2,47521401,,,,
2021-12-30 14:55,9259330.8,47591542,,,,
2021-12-30 15:00,9274445.1,47915057,,,,
2021-12-30 15:05,9280543.6,47794800,,,,
2021-12-30 15:10,9290468.5,48375469,,,,
2021-12-30 15:15,9290038.1,48354648,,,,
2021-12-30 15:20,9352958.9,49092270,,,,
2021-12-30 15:25,9376998.7,48947933,,,,
2021-12-30 15:30,9377445.8,48818983,,,,
2021-12-30 15:35,9369578.7,48740548,,,,
2021-12-30 15:40,9362793.5,48690554,,,,
2021-12-30 15:45,9360279.2,48664092,,,,
2021-12-30 15:50,9419804.4,48964143,,,,
2021-12-30 15:55,9421088,48961394,,,,
2021-12-30 16:00,9428764.6,48668979,,,,
2021-12-30 16:05,9438001.8,48785348,,,,
2021-12-30 16:10,9442979.1,48706274,,,,
2021-12-30 16:15,9451536.6,48859812,,,,
2021-12-30 16:20,9423280.8,48784325,,,,
2021-12-30 16:25,9394224.9,48868346,,,,
2021-12-30 16:30,9395617.7,48891388,,,,
2021-12-30 16:35,9395113.2,49361346,,,,
2021-12-30 16:40,9387788,49163846,,,,
2021-12-30 16:45,9358869.6,48802022,,,,
2021-12-30 16:50,9374635.8,49233417,,,,
2021-12-30 16:55,9389660.5,49342666,,,,
2021-12-30 17:00,9414642.4,49304482,,,,
2021-12-30 17:05,9389195.1,49049155,,,,
2021-12-30 17:10,9341344.7,48416190,,,,
2021-12-30 17:15,9355158.7,48366170,,,,
2021-12-30 17:20,9380543.7,48745673,,,,
2021-12-30 17:25,9380189.4,48842259,,,,
2021-12-30 17:30,9375748.3,48988285,,,,
2021-12-30 17:35,9385254.2,48661926,,,,
2021-12-30 17:40,9380909.9,48743208,,,,
2021-12-30 17:45,9393800.7,49007458,,,,
2021-12-30 17:50,9364291.3,48511473,,,,
2021-12-30 17:55,9369227.2,48607551,,,,
2021-12-30 18:00,9374663.6,48813873,,,,
2021-12-30 18:05,9380471.5,48375092,,,,
2021-12-30 18:10,9365869.9,48209446,,,,
2021-12-30 18:15,9377470.3,48267343,,,,
2021-12-30 18:20,9365265.2,48135993,,,,
2021-12-30 18:25,9370358.5,48270627,,,,
2021-12-30 18:30,9415061.8,48515813,,,,
2021-12-30 18:35,9404007.6,48765591,,,,
2021-12-30 18:40,9383893.5,48536373,,,,
2021-12-30 18:45,9393074.3,48566892,,,,
2021-12-30 18:50,9405315.7,48794778,,,,
2021-12-30 18:55,9344959.9,48462962,,,,
2021-12-30 19:00,9326815.3,48645104,,,,
2021-12-30 19:05,9315273.4,48756141,,,,
2021-12-30 19:10,9309548.6,48577225,,,,
2021-12-30 19:15,9329952.9,48943981,,,,
2021-12-30 19:20,9328317.8,48804819,,,,
2021-12-30 19:25,9327669.3,48755727,,,,
2021-12-30 19:30,9319984,48818076,,,,
2021-12-30 19:35,9304222.1,48577344,,,,
2021-12-30 19:40,9317422.9,48720804,,,,
2021-12-30 19:45,9330551.4,48885175,,,,
2021-12-30 19:50,9339680.9,48790493,,,,
2021-12-30 19:55,9342520.2,48680705,,,,
2021-12-30 20:00,9329404,48559548,,,,
2021-12-30 20:05,9326741.2,48502101,,,,
2021-12-30 20:10,9339193,48629178,,,,
2021-12-30 20:15,9320305.6,48381706,,,,
2021-12-30 20:20,9271817.5,48058914,,,,
2021-12-30 20:25,9270892.6,48198890,,,,
2021-12-30 20:30,9259935.5,47781267,,,,
2021-12-30 20:35,9259617.4,47798145,,,,
2021-12-30 20:40,9258133.1,47623837,,,,
2021-12-30 20:45,9226078.3,47010706,,,,
2021-12-30 20:50,9220824.4,46691479,,,,
2021-12-30 20:55,9249953.5,46980514,,,,
2021-12-30 21:00,9238496.8,46996233,,,,
2021-12-30 21:05,9233899,46705061,,,,
2021-12-30 21:10,9214801.6,46760548,,,,
2021-12-30 21:15,9188690.1,46650980,,,,
2021-12-30 21:20,9164668.9,46723833,,,,
2021-12-30 21:25,9123881.4,46641282,,,,
2021-12-30 21:30,9136943.3,46817697,,,,
2021-12-30 21:35,9122262,46615703,,,,
2021-12-30 21:40,9114060.7,47020523,,,,
2021-12-30 21:45,9122953,47032399,,,,
2021-12-30 21:50,9112589.9,46796832,,,,
2021-12-30 21:55,9074371.4,46550561,,,,
2021-12-30 22:00,9081745,46571188,,,,
2021-12-30 22:05,9117089.9,46892683,,,,
2021-12-30 22:10,9141935.4,46514167,,,,
2021-12-30 22:15,9161865.6,46624734,,,,
2021-12-30 22:20,9159677.9,46642651,,,,
2021-12-30 22:25,9156980.1,46568758,,,,
2021-12-30 22:30,9152295.5,46650241,,,,
2021-12-30 22:35,9156310.7,46658791,,,,
2021-12-30 22:40,9153273.7,46225965,,,,
2021-12-30 22:45,9147307.6,46020384,,,,
2021-12-30 22:50,9130930.8,46201033,,,,
2021-12-30 22:55,9138972.2,46151810,,,,
2021-12-30 23:00,9135624.1,46457878,,,,
2021-12-30 23:05,9135989.5,46258994,,,,
2021-12-30 23:10,9120994.4,46325614,,,,
2021-12-30 23:15,9114697.9,46637106,,,,
2021-12-30 23:20,9125830.7,46642121,,,,
2021-12-30 23:25,9127156.7,46585008,,,,
2021-12-30 23:30,9136025.7,46685091,,,,
2021-12-30 23:35,9136144.9,46618035,,,,
2021-12-30 23:40,9133729.2,46271472,,,,
2021-12-30 23:45,9095355.2,46277167,,,,
2021-12-30 23:50,9110809.8,46686939,,,,
2021-12-30 23:55,9109600.8,46610940,,,,
2021-12-31 00:00,9120343.2,46614356,,,,
2021-12-31 00:05,9096720.6,46566113,,,,
2021-12-31 00:10,8998242.1,45698183,,,,
2021-12-31 00:15,9002323.5,45938857,,,,
2021-12-31 00:20,8981649.3,46067600,,,,
2021-12-31 00:25,8952025.9,45272736,,,,
2021-12-31 00:30,8932184.2,45205784,,,,
2021-12-31 00:35,8909725.1,44970600,,,,
2021-12-31 00:40,8914716,44665858,,,,
2021-12-31 00:45,8906617.2,44889187,,,,
2021-12-31 00:50,8904400.8,45100790,,,,
2021-12-31 00:55,8858764.2,45161718,,,,
2021-12-31 01:00,8851156.1,44893397,,,,
2021-12-31 01:05,8851303.6,44924451,,,,
2021-12-31 01:10,8853700.6,44589032,,,,
2021-12-31 01:15,8849905.5,44639554,,,,
2021-12-31 01:20,8855487.1,44766640,,,,
2021-12-31 01:25,8864714,44952965,,,,
2021-12-31 01:30,8879907.3,45154329,,,,
2021-12-31 01:35,8893642.2,45553235,,,,
2021-12-31 01:40,8927263.7,45975408,,,,
2021-12-31 01:45,8989466.3,46160777,,,,
2021-12-31 01:50,8906488.9,45182618,,,,
2021-12-31 01:55,8886954.9,45456774,,,,
2021-12-31 02:00,8899883.9,45365644,,,,
2021-12-31 02:05,8865039.9,45100176,,,,
2021-12-31 02:10,8871229.5,45610228,,,,
2021-12-31 02:15,8890073.7,45606078,,,,
2021-12-31 02:20,9023684.2,47008188,,,,
2021-12-31 02:25,9144828.1,48039826,,,,
2021-12-31 02:30,9154976.6,48082261,,,,
2021-12-31 02:35,9263182.4,48920139,,,,
2021-12-31 02:40,9343465.8,49453224,,,,
2021-12-31 02:45,9328534.1,49247406,,,,
2021-12-31 02:50,9371901.2,49980349,,,,
2021-12-31 02:55,9419794.2,50165314,,,,
2021-12-31 03:00,9408560.5,50128810,,,,
2021-12-31 03:05,9393070.7,50122588,,,,
2021-12-31 03:10,9374152,50111488,,,,
2021-12-31 03:15,9371303,50362979,,,,
2021-12-31 03:20,9411808.7,50400236,,,,
2021-12-31 03:25,9373820.3,49934341,,,,
2021-12-31 03:30,9358847.3,49882656,,,,
2021-12-31 03:35,9382989.6,50367888,,,,
2021-12-31 03:40,9373555.3,49895435,,,,
2021-12-31 03:45,9321762.3,49638384,,,,
2021-12-31 03:50,9331690.3,49588602,,,,
2021-12-31 03:55,9363383.9,50237390,,,,
2021-12-31 04:00,9332097.5,49930043,,,,
2021-12-31 04:05,9313535.4,49820785,,,,
2021-12-31 04:10,9285577.6,49406652,,,,
2021-12-31 04:15,9179662.7,48643033,,,,
2021-12-31 04:20,9187196.1,48774824,,,,
2021-12-31 04:25,9193944.7,48994531,,,,
2021-12-31 04:30,9216297.6,49122866,,,,
2021-12-31 04:35,9281874.8,49860729,,,,
2021-12-31 04:40,9262582.9,49675232,,,,
2021-12-31 04:45,9261902.8,49727156,,,,
2021-12-31 04:50,9296101.2,50293963,,,,
2021-12-31 04:55,9272747.4,49953167,,,,
2021-12-31 05:00,9278460.8,50010904,,,,
2021-12-31 05:05,9287681.9,49899861,,,,
2021-12-31 05:10,9284911.5,49836390,,,,
2021-12-31 05:15,9301518.9,49848671,,,,
2021-12-31 05:20,9311225.8,50028766,,,,
2021-12-31 05:25,9304330.5,49991329,,,,
2021-12-31 05:30,9298980,49740244,,,,
2021-12-31 05:35,9317883.5,49845591,,,,
2021-12-31 05:40,9287848.2,49606397,,,,
2021-12-31 05:45,9281712.3,49545780,,,,
2021-12-31 05:50,9281499.2,49442546,,,,
2021-12-31 05:55,9278934.5,49345605,,,,
2021-12-31 06:00,9299420.8,49098303,,,,
2021-12-31 06:05,9276891.7,48688719,,,,
2021-12-31 06:10,9267050.4,48739227,,,,
2021-12-31 06:15,9292873,48853051,,,,
2021-12-31 06:20,9287102.7,48939048,,,,
2021-12-31 06:25,9302413.4,49146901,,,,
2021-12-31 06:30,9305725.1,49159000,,,,
2021-12-31 06:35,9312089,49541381,,,,
2021-12-31 06:40,9316247,49728858,,,,
2021-12-31 06:45,9327348.5,49971085,,,,
2021-12-31 06:50,9357687.4,50570081,,,,
2021-12-31 06:55,9359994.2,50309969,,,,
2021-12-31 07:00,9348884.6,50212859,,,,
2021-12-31 07:05,9414120.1,50813717,,,,
2021-12-31 07:10,9418754.8,50637282,,,,
2021-12-31 07:15,9429615.5,50593773,,,,
2021-12-31 07:20,9419172.2,50317218,,,,
2021-12-31 07:25,9404868.3,50231402,,,,
2021-12-31 07:30,9410379.9,50049336,,,,
2021-12-31 07:35,9417956.7,50375350,,,,
2021-12-31 07:40,9412517.6,49999293,,,,
2021-12-31 07:45,9387230.2,49527027,,,,
2021-12-31 07:50,9410903.8,49872639,,,,
2021-12-31 07:55,9445445.8,50542580,,,,
2021-12-31 08:00,9475723.7,50976872,,,,
2021-12-31 08:05,9517468.3,50988174,,,,
2021-12-31 08:10,9510912.2,50968978,,,,
2021-12-31 08:15,9473087,50463134,,,,
2021-12-31 08:20,9474872.6,50586545,,,,
2021-12-31 08:25,9574088.7,52086373,,,,
2021-12-31 08:30,9598074.8,52530263,,,,
2021-12-31 08:35,9620632.3,52985300,,,,
2021-12-31 08:40,9578306.9,52945044,,,,
2021-12-31 08:45,9601179.4,52855419,,,,
2021-12-31 08:50,9573043.9,52833698,,,,
2021-12-31 08:55,9601295.4,52931942,,,,
2021-12-31 09:00,9610916,53179471,,,,
2021-12-31 09:05,9609581.2,53181633,,,,
2021-12-31 09:10,9634165.3,53382910,,,,
2021-12-31 09:15,9653247.6,53465723,,,,
2021-12-31 09:20,9639858.8,53250984,,,,
2021-12-31 09:25,9635248.5,53350371,,,,
2021-12-31 09:30,9661076.8,53251855,,,,
2021-12-31 09:35,9633755,52974296,,,,
2021-12-31 09:40,9627067,52853953,,,,
2021-12-31 09:45,9620564.8,52902314,,,,
2021-12-31 09:50,9632199.8,52909674,,,,
2021-12-31 09:55,9636414.2,52923187,,,,
2021-12-31 10:00,9636654.6,53040798,,,,
2021-12-31 10:05,9654346.4,53187319,,,,
2021-12-31 10:10,9643974,52897197,,,,
2021-12-31 10:15,9636893.3,52818524,,,,
2021-12-31 10:20,9640043.9,52991321,,,,
2021-12-31 10:25,9640693.7,52970846,,,,
2021-12-31 10:30,9646249,52919322,,,,
2021-12-31 10:35,9635441.5,52907467,,,,
2021-12-31 10:40,9642389.1,52735229,,,,
2021-12-31 10:45,9637932.1,52652023,,,,
2021-12-31 10:50,9630194.4,52744575,,,,
2021-12-31 10:55,9637689.6,52706676,,,,
2021-12-31 11:00,9574618.3,52219968,,,,
2021-12-31 11:05,9565359.8,52102515,,,,
2021-12-31 11:10,9567326.8,52314143,,,,
2021-12-31 11:15,9575916.1,52587130,,,,
2021-12-31 11:20,9598984.7,52739336,,,,
2021-12-31 11:25,9594157.7,52499231,,,,
2021-12-31 11:30,9594803,52828985,,,,
2021-12-31 11:35,9594905.8,52673774,,,,
2021-12-31 11:40,9602963.3,52713709,,,,
2021-12-31 11:45,9608080,52711270,,,,
2021-12-31 11:50,9620082.8,52920075,,,,
2021-12-31 11:55,9651626.6,53553736,,,,
2021-12-31 12:00,9718351.7,54189529,,,,
2021-12-31 12:05,9700603.3,53655976,,,,
2021-12-31 12:10,9705314.8,53544694,,,,
2021-12-31 12:15,9684982.6,53422364,,,,
2021-12-31 12:20,9694048.1,53242485,,,,
2021-12-31 12:25,9694457.9,53333660,,,,
2021-12-31 12:30,9700386.9,53381229,,,,
2021-12-31 12:35,9692704.2,53322201,,,,
2021-12-31 12:40,9670968.1,53577163,,,,
2021-12-31 12:45,9665416,53428539,,,,
2021-12-31 12:50,9653337,53286420,,,,
2021-12-31 12:55,9651841.7,53387495,,,,
2021-12-31 13:00,9647764.7,53236366,,,,
2021-12-31 13:05,9650585.4,53390551,,,,
2021-12-31 13:10,9639250.6,53073714,,,,
2021-12-31 13:15,9641184,53026512,,,,
2021-12-31 13:20,9654693.1,53185018,,,,
2021-12-31 13:25,9617973.9,52706497,,,,
2021-12-31 13:30,9602678.1,52752305,,,,
2021-12-31 13:35,9617485.2,52819620,,,,
2021-12-31 13:40,9607083.6,53218226,,,,
2021-12-31 13:45,9636041.8,53441488,,,,
2021-12-31 13:50,9687959.4,54146005,,,,
2021-12-31 13:55,9717775.8,53940485,,,,
2021-12-31 14:00,9726115,54096652,,,,
2021-12-31 14:05,9753058.6,54333069,,,,
2021-12-31 14:10,9766673.2,54175736,,,,
2021-12-31 14:15,9747574.2,54019052,,,,
2021-12-31 14:20,9746202.3,53935484,,,,
2021-12-31 14:25,9735020.5,54205279,,,,
2021-12-31 14:30,9788293.1,54639350,,,,
2021-12-31 14:35,9843107.3,55170616,,,,
2021-12-31 14:40,9880351,55043435,,,,
2021-12-31 14:45,9903224.8,55230285,,,,
2021-12-31 14:50,9931697.5,55597643,,,,
2021-12-31 14:55,9959992,55853760,,,,
2021-12-31 15:00,9975092.9,55860520,,,,
2021-12-31 15:05,9976616.2,56104916,,,,
2021-12-31 15:10,9982512,56071770,,,,
2021-12-31 15:15,9990032.4,56114012,,,,
2021-12-31 15:20,9998272.6,56204650,,,,
2021-12-31 15:25,9986028.8,56263845,,,,
2021-12-31 15:30,9984687.9,56163869,,,,
2021-12-31 15:35,9974970.5,55849860,,,,
2021-12-31 15:40,9959887.1,55725568,,,,
2021-12-31 15:45,9948851.4,55693670,,,,
2021-12-31 15:50,9777576.3,54197105,,,,
2021-12-31 15:55,9756593.5,54124162,,,,
2021-12-31 16:00,9758040.2,54205913,,,,
2021-12-31 16:10,9743100.1,55291633,,,,
2021-12-31 16:15,9968165.9,56639119,,,,
2021-12-31 16:20,9925877.7,56618837,,,,
2021-12-31 16:25,9959923.6,56432927,,,,
2021-12-31 16:30,10025679,56766458,,,,
2021-12-31 16:35,9941252,55845172,,,,
2021-12-31 16:40,9947980.4,56097154,,,,
2021-12-31 16:45,9913589.2,55542317,,,,
2021-12-31 16:50,9904801.5,55670788,,,,
2021-12-31 16:55,9874593.2,54932552,,,,
2021-12-31 17:00,9741314.9,53549489,,,,
2021-12-31 17:05,9756399.3,53686567,,,,
2021-12-31 17:10,9691491.6,52847049,,,,
2021-12-31 17:15,9626171.6,52343538,,,,
2021-12-31 17:20,9601038.2,52114595,,,,
2021-12-31 17:25,9560020.1,52025247,,,,
2021-12-31 17:30,9530592.7,51369895,,,,
2021-12-31 17:35,9360214.5,50320513,,,,
2021-12-31 17:40,9311658,50548461,,,,
2021-12-31 17:45,9287823.5,50079944,,,,
2021-12-31 17:50,9264661.4,49811949,,,,
2021-12-31 17:55,9242718.3,49647029,,,,
2021-12-31 18:00,9225505.4,49982785,,,,
2021-12-31 18:05,9212182.2,50251787,,,,
2021-12-31 18:10,9203690.6,49976040,,,,
2021-12-31 18:15,9205108.2,49716789,,,,
2021-12-31 18:20,9206993.7,49727928,,,,
2021-12-31 18:25,9196959.9,49700865,,,,
2021-12-31 18:30,9180986.7,49407618,,,,
2021-12-31 18:35,9141879.5,49143965,,,,
2021-12-31 18:40,9143715.7,48967780,,,,
2021-12-31 18:45,9125229.1,48837929,,,,
2021-12-31 18:50,9116244.9,48775361,,,,
2021-12-31 18:55,9129240.9,48722759,,,,
2021-12-31 19:00,9155343.4,49021960,,,,
2021-12-31 19:05,9163673.6,49134089,,,,
2021-12-31 19:10,9129889.2,48561881,,,,
2021-12-31 19:15,9091741.4,48122522,,,,
2021-12-31 19:20,9033920.3,47387152,,,,
2021-12-31 19:25,9033671.3,47379926,,,,
2021-12-31 19:30,9042447.4,47123925,,,,
2021-12-31 19:35,9094583.4,47501009,,,,
2021-12-31 19:40,9093029.3,47448169,,,,
2021-12-31 19:45,9122427,47679108,,,,
2021-12-31 19:50,9086006.8,47346000,,,,
2021-12-31 19:55,8990385.2,46624138,,,,
2021-12-31 20:00,8951912,46102347,,,,
2021-12-31 20:05,8963135.4,47006688,,,,
2021-12-31 20:10,8939034.7,46984338,,,,
2021-12-31 20:15,8944507.3,47244888,,,,
2021-12-31 20:20,8949767.7,46941532,,,,
2021-12-31 20:25,8933920.4,46992421,,,,
2021-12-31 20:30,8951261.8,47517658,,,,
2021-12-31 20:35,8925756.4,46967330,,,,
2021-12-31 20:40,8897985.6,46678832,,,,
2021-12-31 20:45,8877585.3,46583560,,,,
2021-12-31 20:50,8864368.8,46237750,,,,
2021-12-31 20:55,8832904.1,45860438,,,,
2021-12-31 21:00,8835002.7,45791819,,,,
2021-12-31 21:05,8840248.5,46349249,,,,
2021-12-31 21:10,8824169,45982745,,,,
2021-12-31 21:15,8823593.3,46023863,,,,
2021-12-31 21:20,8862019.2,46499015,,,,
2021-12-31 21:25,8857269,46782200,,,,
2021-12-31 21:30,8858308.6,46878169,,,,
2021-12-31 21:35,8910352.1,47816505,,,,
2021-12-31 21:40,8907750.6,48137484,,,,
2021-12-31 21:45,8911168.8,48129223,,,,
2021-12-31 21:50,8917762.5,47977562,,,,
2021-12-31 21:55,8900825.4,47930945,,,,
2021-12-31 22:00,8903373.8,48217233,,,,
2021-12-31 22:05,8932891.5,48836118,,,,
2021-12-31 22:10,8995931.7,49486620,,,,
2021-12-31 22:15,9041972,49453839,,,,
2021-12-31 22:20,9086618.1,50029407,,,,
2021-12-31 22:25,9083294.1,50012617,,,,
2021-12-31 22:30,9075785.5,49820801,,,,
2021-12-31 22:35,9060539.7,49541066,,,,
2021-12-31 22:40,9007783.2,49014884,,,,
2021-12-31 22:45,9021740.9,48915879,,,,
2021-12-31 22:50,9010249.1,49141899,,,,
2021-12-31 22:55,9022798.9,49261655,,,,
2021-12-31 23:00,9015843.6,49019142,,,,
2021-12-31 23:05,9026398,49386799,,,,
2021-12-31 23:10,9043126.8,49456860,,,,
2021-12-31 23:15,9044612.7,49252074,,,,
2021-12-31 23:20,9053809.6,49539807,,,,
2021-12-31 23:25,9036728.9,49170403,,,,
2021-12-31 23:30,9024294.8,49099718,,,,
2021-12-31 23:35,9025530.6,49116938,,,,
2021-12-31 23:40,9029626.3,48940575,,,,
2021-12-31 23:45,9030272.5,48951077,,,,
2021-12-31 23:50,8844035.5,47342969,,,,
2021-12-31 23:55,8843724.1,47207799,,,,
