t,oi,oi_usd,top_acct_ls,top_pos_ls,acct_ls,taker_ls
2021-12-01 00:00,50917017,17719901,2.9962,0.95942,3.8491,1.0969
2021-12-01 00:05,50795727,17562115,3.0792,0.95908,3.9375,0.67231
2021-12-01 00:10,50830190,17697547,2.9924,0.96008,3.9112,1.3995
2021-12-01 00:15,50737872,17728320,2.9773,0.95959,3.9058,2.2959
2021-12-01 00:20,50700702,17811698,2.9548,0.95951,3.8615,1.0773
2021-12-01 00:25,50695020,17860200,2.9296,0.95953,3.8338,1.1016
2021-12-01 00:30,50709093,17866834,2.9098,0.95959,3.8084,1.1582
2021-12-01 00:35,50690033,17794736,2.9238,0.95932,3.8151,0.39784
2021-12-01 00:40,50682345,17782686,2.9541,0.95903,3.8544,0.81571
2021-12-01 00:45,50719355,17843516,2.955,0.95911,3.8548,0.54151
2021-12-01 00:50,50665860,17815130,2.9661,0.95942,3.8706,1.1742
2021-12-01 00:55,50639340,17829099,2.9571,0.95882,3.8746,1.647
2021-12-01 01:00,50655273,17855240,2.9482,0.95856,3.8666,2.7173
2021-12-01 01:05,50538990,17800338,2.9467,0.95859,3.8588,0.57578
2021-12-01 01:10,50522245,17791107,2.9312,0.95881,3.8415,0.73585
2021-12-01 01:15,50528473,17834003,2.8759,0.95885,3.7822,0.76329
2021-12-01 01:20,50547837,17794861,2.8903,0.95904,3.8004,0.53086
2021-12-01 01:25,50548461,17784971,2.8774,0.95903,3.7826,1.3748
2021-12-01 01:30,50573887,17797062,2.873,0.95908,3.7801,0.83283
2021-12-01 01:35,50580308,17883831,2.8638,0.95896,3.7812,0.83809
2021-12-01 01:40,50614870,17836651,2.8582,0.95836,3.7795,1.1622
2021-12-01 01:45,50596054,17809811,2.8781,0.95852,3.798,1.0725
2021-12-01 01:50,50557356,17839358,2.8753,0.95877,3.8,1.1775
2021-12-01 01:55,50543066,17784083,2.881,0.95892,3.8039,1.0253
2021-12-01 02:00,50563181,17877981,2.8652,0.95856,3.7936,1.7465
2021-12-01 02:05,50614593,17943379,2.7035,0.95893,3.6308,1.4246
2021-12-01 02:10,50699882,17999979,2.6709,0.95894,3.6073,1.1287
2021-12-01 02:15,50717988,17897365,2.6751,0.95897,3.6128,0.99399
2021-12-01 02:20,50629736,17839894,2.6669,0.95819,3.5962,1.1155
2021-12-01 02:25,50569159,17820124,2.6595,0.95807,3.5912,1.2565
2021-12-01 02:30,50533107,17830500,2.6588,0.95771,3.5971,0.75663
2021-12-01 02:35,50581240,17937136,2.6482,0.95774,3.5787,2.6102
2021-12-01 02:40,50620988,18052457,2.6473,0.95778,3.5826,2.3565
2021-12-01 02:45,50508515,17946180,2.669,0.95749,3.6127,0.59813
2021-12-01 02:50,50367730,17911715,2.6702,0.95672,3.6205,0.98853
2021-12-01 02:55,50360776,17890212,2.66,0.95656,3.6122,0.5109
2021-12-01 03:00,50433949,17937338,2.6318,0.95651,3.5868,1.6733
2021-12-01 03:05,50413542,17914880,2.6504,0.95636,3.6157,1.1893
2021-12-01 03:10,50358466,17959340,2.6571,0.95639,3.6318,0.63794
2021-12-01 03:15,50303033,17928001,2.6653,0.95648,3.6367,1.0421
2021-12-01 03:20,50310461,17902066,2.6532,0.95649,3.6251,1.5313
2021-12-01 03:25,50157950,17791025,2.687,0.95649,3.6586,1.1862
2021-12-01 03:30,50069460,17756133,2.6616,0.95651,3.6287,1.3313
2021-12-01 03:35,50087804,17692568,2.6942,0.95659,3.6605,1.1464
2021-12-01 03:40,50154327,17767701,2.6933,0.95687,3.6534,1.2317
2021-12-01 03:45,50152180,17779865,2.7144,0.95679,3.6778,0.83138
2021-12-01 03:50,50205601,17791861,2.7032,0.9565,3.6726,0.93511
2021-12-01 03:55,50191543,17813921,2.6987,0.95662,3.6758,1.5563
2021-12-01 04:00,50149569,17881330,2.6914,0.95654,3.6722,1.1074
2021-12-01 04:05,50163197,17886190,2.6869,0.95654,3.6616,1.5217
2021-12-01 04:10,50070950,17858806,2.707,0.95641,3.6851,0.49824
2021-12-01 04:15,50081415,17910106,2.6688,0.95642,3.6467,2.1189
2021-12-01 04:20,50082316,17848754,2.6769,0.95653,3.641,0.64994
2021-12-01 04:25,50109407,17784831,2.701,0.95669,3.6679,0.63753
2021-12-01 04:30,50113710,17761802,2.6799,0.95699,3.6477,2.3283
2021-12-01 04:35,50103400,17746624,2.6964,0.95673,3.6577,1.2669
2021-12-01 04:40,50093549,17821782,2.6926,0.95669,3.6533,0.7066
2021-12-01 04:45,49968714,17749199,2.7034,0.95654,3.6724,0.20397
2021-12-01 04:50,50016934,17700993,2.7219,0.95653,3.706,0.52491
2021-12-01 04:55,50010462,17734210,2.7277,0.95667,3.7084,0.82511
2021-12-01 05:00,50015956,17764167,2.7103,0.95666,3.6923,1.4824
2021-12-01 05:05,50023245,17721498,2.7223,0.9565,3.7177,2.3013
2021-12-01 05:10,49940729,17707817,2.7225,0.95662,3.7241,3.0226
2021-12-01 05:15,50068290,17794192,2.6943,0.95682,3.7031,2.2676
2021-12-01 05:20,50119037,17806650,2.699,0.95686,3.7056,1.0165
2021-12-01 05:25,50126176,17785723,2.7113,0.95689,3.7231,1.3845
2021-12-01 05:30,50153375,17804412,2.7172,0.95638,3.7291,2.4074
2021-12-01 05:35,50198478,17840375,2.7073,0.9562,3.722,1.5547
2021-12-01 05:40,50186773,17770393,2.7521,0.95612,3.7757,0.27781
2021-12-01 05:45,50157894,17774954,2.7769,0.95614,3.8006,0.73721
2021-12-01 05:50,50194947,17773196,2.7502,0.95631,3.7728,3.2893
2021-12-01 05:55,50207933,17725911,2.7539,0.9564,3.7763,0.61734
2021-12-01 06:00,50190956,17787675,2.7168,0.95634,3.7333,1.0321
2021-12-01 06:05,50187917,17768028,2.7271,0.9565,3.7397,1.226
2021-12-01 06:10,50265968,17808730,2.7048,0.95677,3.7166,0.28496
2021-12-01 06:15,50320536,17937761,2.7241,0.95693,3.7394,0.50601
2021-12-01 06:20,50369583,17982763,2.7011,0.95644,3.7237,1.8359
2021-12-01 06:25,50387898,17950689,2.7046,0.95662,3.7319,0.86892
2021-12-01 06:30,50361652,17886444,2.7148,0.95667,3.7437,0.51783
2021-12-01 06:35,50346727,17857984,2.7461,0.95699,3.779,3.4808
2021-12-01 06:40,50343062,17885883,2.748,0.95668,3.7865,1.3365
2021-12-01 06:45,50403596,17871939,2.7593,0.95655,3.8034,1.3743
2021-12-01 06:50,50470661,17983276,2.7539,0.9566,3.7947,2.9426
2021-12-01 06:55,50451683,17885626,2.7768,0.95707,3.8153,0.39248
2021-12-01 07:00,50352490,17830824,2.8124,0.95724,3.8545,0.26976
2021-12-01 07:05,50348151,17770276,2.8111,0.95748,3.8526,0.83187
2021-12-01 07:10,50344891,17853859,2.8125,0.95732,3.865,1.373
2021-12-01 07:15,50339573,17932983,2.7779,0.95725,3.832,0.99507
2021-12-01 07:20,50364601,17976369,2.763,0.95651,3.8232,1.2079
2021-12-01 07:25,50343800,17926712,2.7905,0.95656,3.8402,0.45651
2021-12-01 07:30,50339799,17973972,2.782,0.95656,3.8214,0.662
2021-12-01 07:35,50324795,17977401,2.7861,0.95608,3.8413,0.84124
2021-12-01 07:40,50308196,17912424,2.8144,0.95653,3.8691,0.33845
2021-12-01 07:45,50360577,17905703,2.8111,0.95647,3.873,0.77579
2021-12-01 07:50,50402830,17917702,2.8176,0.95658,3.8887,1.1971
2021-12-01 07:55,50416132,17884115,2.8306,0.95651,3.9109,0.96213
2021-12-01 08:00,50483395,17888828,2.8266,0.95723,3.909,0.34123
2021-12-01 08:05,50467081,17871106,2.8362,0.95751,3.9284,0.73391
2021-12-01 08:10,50500186,17820506,2.8517,0.95705,3.9475,1.089
2021-12-01 08:15,50256108,17684313,2.8439,0.95777,3.9238,0.58529
2021-12-01 08:20,50263584,17831509,2.8391,0.95745,3.9331,0.9494
2021-12-01 08:25,50252248,17874725,2.8262,0.95753,3.9304,0.79188
2021-12-01 08:30,50318160,17926687,2.8283,0.95761,3.9272,0.94963
2021-12-01 08:35,50270738,17986339,2.8072,0.95768,3.9024,0.89575
2021-12-01 08:40,50338768,18039401,2.7546,0.95786,3.8316,1.3093
2021-12-01 08:45,50369675,17969139,2.7248,0.9582,3.7867,1.0582
2021-12-01 08:50,50353328,17825078,2.7561,0.95845,3.8326,0.769
2021-12-01 08:55,50398384,17908658,2.7289,0.95835,3.8064,1.8245
2021-12-01 09:00,50325051,17804484,2.7502,0.95819,3.8378,0.65118
2021-12-01 09:05,50358736,17790231,2.7699,0.95824,3.8629,1.0972
2021-12-01 09:10,50427492,17828033,2.7855,0.95851,3.8815,1.3366
2021-12-01 09:15,50499928,17907282,2.7879,0.95847,3.8866,0.56262
2021-12-01 09:20,50486502,17907627,2.7906,0.95836,3.8925,0.59326
2021-12-01 09:25,50483441,17882749,2.7905,0.95842,3.8911,0.7992
2021-12-01 09:30,50489724,17890529,2.8091,0.95814,3.913,0.37096
2021-12-01 09:35,50452564,17859199,2.8217,0.95791,3.9245,0.36699
2021-12-01 09:40,50511983,17915885,2.8354,0.95828,3.9421,1.5158
2021-12-01 09:45,50563976,17979539,2.8046,0.95826,3.91,1.9508
2021-12-01 09:50,50628739,17990922,2.8232,0.95832,3.9289,1.1258
2021-12-01 09:55,50690696,18027931,2.8116,0.95743,3.9179,1.0118
2021-12-01 10:00,50727200,18028954,2.8256,0.9575,3.9336,1.0466
2021-12-01 10:05,50874410,18133675,2.7996,0.9574,3.9096,1.0637
2021-12-01 10:10,50913685,18122217,2.7801,0.95745,3.892,1.7745
2021-12-01 10:15,50962250,18059000,2.804,0.95765,3.9185,0.46251
2021-12-01 10:20,50913943,18051996,2.814,0.95773,3.9295,1.0373
2021-12-01 10:25,50948564,18078989,2.8405,0.95777,3.9625,0.89718
2021-12-01 10:30,50955130,18049326,2.821,0.95757,3.9427,1.0975
2021-12-01 10:35,50998749,17980655,2.8505,0.95768,3.9792,0.37389
2021-12-01 10:40,50819070,17913225,2.8283,0.95791,3.9461,0.69669
2021-12-01 10:45,50768558,17916732,2.832,0.95772,3.9481,3.1603
2021-12-01 10:50,50769366,17979360,2.8327,0.95757,3.9507,1.3582
2021-12-01 10:55,50753869,17922714,2.8261,0.95745,3.9407,0.37914
2021-12-01 11:00,50755681,17864477,2.845,0.95811,3.9652,0.33964
2021-12-01 11:05,50626453,17812917,2.8483,0.95787,3.9651,1.1793
2021-12-01 11:10,50537215,17789094,2.8532,0.95748,3.9631,0.6892
2021-12-01 11:15,50430346,17729292,2.8694,0.95838,3.9772,0.53694
2021-12-01 11:20,50419959,17686874,2.8772,0.95783,3.9939,0.37723
2021-12-01 11:25,50447081,17695827,2.8732,0.95816,3.9973,0.82029
2021-12-01 11:30,50294531,17635360,2.8729,0.95709,4.0067,0.2843
2021-12-01 11:35,50201302,17668884,2.8585,0.95698,3.9953,1.0212
2021-12-01 11:40,50206847,17638669,2.8577,0.957,3.9926,0.92891
2021-12-01 11:45,50163620,17650146,2.8832,0.95728,4.0278,0.7717
2021-12-01 11:50,50246891,17697960,2.8796,0.95735,4.0231,2.2461
2021-12-01 11:55,50231436,17642285,2.9033,0.95706,4.0443,0.84307
2021-12-01 12:00,50312614,17742653,2.8941,0.95693,4.0244,1.7582
2021-12-01 12:05,50339673,17735674,2.8697,0.95704,4.002,0.92669
2021-12-01 12:10,50401214,17809773,2.8998,0.9571,4.0402,0.79242
2021-12-01 12:15,50428573,17870587,2.9158,0.95673,4.0671,0.99712
2021-12-01 12:20,50508133,17823298,2.9231,0.95659,4.0776,0.67123
2021-12-01 12:25,50514939,17966648,2.8483,0.95668,3.975,1.8544
2021-12-01 12:30,50602788,18039388,2.8155,0.95699,3.9264,0.4829
2021-12-01 12:35,50716368,18120958,2.8261,0.95708,3.9297,0.63088
2021-12-01 12:40,50798135,18097852,2.8449,0.95713,3.9389,0.67723
2021-12-01 12:45,50806893,18072252,2.8685,0.95717,3.9736,0.53189
2021-12-01 12:50,50802238,18039803,2.8463,0.9572,3.944,2.0622
2021-12-01 12:55,50876045,18011646,2.849,0.95687,3.9486,0.84882
2021-12-01 13:00,50865405,17993932,2.8734,0.95697,3.9668,0.55336
2021-12-01 13:05,50993919,18112530,2.8576,0.9568,3.9493,2.2559
2021-12-01 13:10,50995820,18073429,2.8993,0.95724,4.0034,0.85687
2021-12-01 13:15,51020915,18119394,2.9245,0.95767,4.0261,1.0465
2021-12-01 13:20,51068581,18115047,2.9447,0.95769,4.042,0.97454
2021-12-01 13:25,51115647,18126120,2.9491,0.95747,4.0497,0.85744
2021-12-01 13:30,51139393,18090049,2.9334,0.95635,4.0316,0.59816
2021-12-01 13:35,51189766,18176462,2.9507,0.9561,4.0594,1.0727
2021-12-01 13:40,51401142,18307545,2.9395,0.95631,4.0454,1.7513
2021-12-01 13:45,51435107,18313470,2.9605,0.95634,4.0719,0.63714
2021-12-01 13:50,51525024,18346758,2.9688,0.95546,4.0775,0.54351
2021-12-01 13:55,51680459,18374256,2.9885,0.95525,4.11,0.43721
2021-12-01 14:00,51647957,18410431,2.974,0.956,4.0958,0.98933
2021-12-01 14:05,51720317,18438169,2.9748,0.95614,4.0999,0.92357
2021-12-01 14:10,51884723,18517139,2.9568,0.95663,4.0759,1.38
2021-12-01 14:15,51973361,18540457,2.9711,0.95682,4.0963,0.51484
2021-12-01 14:20,52115795,18517530,2.9531,0.95651,4.0737,0.66347
2021-12-01 14:25,52216556,18625646,2.9674,0.95648,4.0939,1.633
2021-12-01 14:30,52185547,18682426,2.941,0.95622,4.0808,0.87453
2021-12-01 14:35,52411480,18716140,2.9612,0.95686,4.0848,1.161
2021-12-01 14:40,52529535,18780359,2.9621,0.95648,4.0932,0.74905
2021-12-01 14:45,52614189,18837484,2.9524,0.95639,4.086,1.3012
2021-12-01 14:50,52708550,18826710,2.9591,0.95662,4.0861,0.77288
2021-12-01 14:55,52732132,18854890,2.9614,0.95633,4.0845,1.5202
2021-12-01 15:00,52724349,18851591,2.9607,0.95589,4.0844,0.68618
2021-12-01 15:05,52880218,18869248,2.9577,0.95516,4.0822,0.89773
2021-12-01 15:10,52890610,18866786,2.9547,0.95488,4.0663,0.84744
2021-12-01 15:15,52908165,18830498,2.9901,0.95556,4.1013,0.31221
2021-12-01 15:20,52879522,18784393,3.0191,0.956,4.125,0.36413
2021-12-01 15:25,52828229,18733418,3.013,0.95608,4.1241,0.35955
2021-12-01 15:30,52752507,18698654,3.0329,0.95752,4.1546,0.29984
2021-12-01 15:35,52809154,18729823,3.0053,0.95746,4.1162,1.7721
2021-12-01 15:40,52813573,18717560,2.997,0.95714,4.1232,0.59076
2021-12-01 15:45,52701935,18659399,3.0091,0.95715,4.1462,0.29916
2021-12-01 15:50,52717527,18721975,2.9977,0.95711,4.122,0.95043
2021-12-01 15:55,52654310,18729490,2.9916,0.95695,4.1166,1.3027
2021-12-01 16:00,52583945,18713574,3.0015,0.95717,4.1274,0.7527
2021-12-01 16:05,52563871,18750058,2.9682,0.95695,4.095,1.1606
2021-12-01 16:10,52531994,18772308,2.9622,0.95697,4.0789,0.65328
2021-12-01 16:15,52531771,18785288,2.9562,0.95689,4.0713,0.62536
2021-12-01 16:20,52331031,18753872,2.9591,0.95657,4.0644,1.8088
2021-12-01 16:25,52159990,18687082,2.9552,0.9559,4.0562,0.40879
2021-12-01 16:30,52150625,18732680,2.8996,0.95623,3.9925,2.267
2021-12-01 16:35,52260312,18801995,2.8585,0.95644,3.9095,1.3171
2021-12-01 16:40,52217051,18836353,2.8452,0.95631,3.9042,1.4408
2021-12-01 16:45,52249144,18884408,2.8338,0.95643,3.8952,1.0209
2021-12-01 16:50,52222904,18800377,2.815,0.95597,3.858,0.77468
2021-12-01 16:55,52154345,18729147,2.8254,0.95773,3.8719,0.29888
2021-12-01 17:00,52102960,18676827,2.8327,0.95905,3.8864,0.86292
2021-12-01 17:05,52103139,18749492,2.8441,0.95893,3.9233,2.0213
2021-12-01 17:10,52059794,18743544,2.8212,0.95781,3.8956,1.7039
2021-12-01 17:15,52027342,18767480,2.8325,0.9577,3.9232,1.2636
2021-12-01 17:20,52041579,18795857,2.8254,0.95698,3.924,0.66283
2021-12-01 17:25,52040589,18841295,2.7418,0.95586,3.8247,1.5939
2021-12-01 17:30,51843903,18665787,2.7948,0.95591,3.8867,0.34563
2021-12-01 17:35,51809089,18724120,2.7848,0.95541,3.8701,1.0767
2021-12-01 17:40,51802059,18718351,2.7836,0.95547,3.8701,0.8805
2021-12-01 17:45,51787715,18726954,2.8019,0.95562,3.8952,0.94102
2021-12-01 17:50,51841546,18750770,2.7927,0.95581,3.8749,1.3725
2021-12-01 17:55,51486741,18475684,2.8529,0.95622,3.9434,0.41031
2021-12-01 18:00,51479373,18473109,2.852,0.95594,3.9434,0.75481
2021-12-01 18:05,51450242,18419187,2.8453,0.95704,3.944,1.0218
2021-12-01 18:10,51378995,18331666,2.8459,0.95775,3.9183,0.33439
2021-12-01 18:15,51350657,18278648,2.8055,0.95825,3.8754,0.57574
2021-12-01 18:20,51021429,18079954,2.8528,0.95765,3.9442,0.363
2021-12-01 18:25,50863536,18035025,2.8737,0.95766,3.9758,0.93595
2021-12-01 18:30,50822167,18040853,2.8502,0.95718,3.9539,1.9389
2021-12-01 18:35,50783815,17997867,2.887,0.95663,3.9958,1.6061
2021-12-01 18:40,50618753,17939130,2.8759,0.95611,3.9841,0.67269
2021-12-01 18:45,50544235,17880502,2.893,0.95597,4.0028,0.77214
2021-12-01 18:50,50426966,17750649,2.9447,0.95805,4.0574,0.36783
2021-12-01 18:55,50309540,17725711,2.9718,0.95743,4.0906,1.144
2021-12-01 19:00,50323855,17718865,2.947,0.95608,4.0588,1.1244
2021-12-01 19:05,50233883,17636512,2.9509,0.9559,4.0424,0.86118
2021-12-01 19:10,50244589,17609724,2.9183,0.95662,3.9972,0.59751
2021-12-01 19:15,49944151,17399773,2.9571,0.96001,3.9993,0.73307
2021-12-01 19:20,49978171,17396617,2.9656,0.95946,4.0234,0.9298
2021-12-01 19:25,49992999,17496550,2.9671,0.95902,4.0606,2.3274
2021-12-01 19:30,49986585,17548657,2.9811,0.95886,4.0854,1.8708
2021-12-01 19:35,50048677,17563082,2.9858,0.95852,4.1015,0.90351
2021-12-01 19:40,50037556,17612556,2.957,0.95846,4.0766,0.69976
2021-12-01 19:45,50074674,17595811,2.9594,0.95911,4.07,1.2527
2021-12-01 19:50,50025201,17604970,2.9765,0.95905,4.0991,0.46584
2021-12-01 19:55,49998839,17553092,2.9726,0.95857,4.1005,2.0344
2021-12-01 20:00,49932944,17589379,2.9827,0.95826,4.1115,0.8627
2021-12-01 20:05,49830485,17520897,2.93,0.95751,4.0578,0.71409
2021-12-01 20:10,49803665,17433814,2.9407,0.95712,4.0578,0.81667
2021-12-01 20:15,49872717,17526769,2.9361,0.95677,4.0592,4.2257
2021-12-01 20:20,49842416,17457026,2.9277,0.95677,4.0463,1.3465
2021-12-01 20:25,49653712,17263536,2.9709,0.95686,4.0891,0.24558
2021-12-01 20:30,49664092,17269198,2.8989,0.95708,3.9944,0.62228
2021-12-01 20:35,49748742,17263808,2.8695,0.95401,3.9642,1.3411
2021-12-01 20:40,49706831,17257218,2.933,0.95613,4.0306,0.9442
2021-12-01 20:45,49731304,17315445,2.9384,0.95637,4.0399,1.2731
2021-12-01 20:50,49769858,17215054,2.9632,0.95667,4.0702,0.30261
2021-12-01 20:55,49758412,17237309,2.9694,0.95721,4.0782,1.2481
2021-12-01 21:00,49509367,17126775,3.0151,0.95759,4.122,0.47078
2021-12-01 21:05,49400343,17062265,2.9787,0.95769,4.0743,1.0588
2021-12-01 21:10,49230553,17040533,3.2117,0.95892,4.3217,0.51182
2021-12-01 21:15,49322460,17029689,3.2387,0.95923,4.3511,2.2189
2021-12-01 21:20,49338488,16992669,3.2633,0.95937,4.3824,0.77603
2021-12-01 21:25,49399768,16961904,3.3672,0.95972,4.5055,0.57878
2021-12-01 21:30,49257632,16843155,3.6195,0.96055,4.7649,0.54941
2021-12-01 21:35,49151569,16806809,3.5663,0.95995,4.7191,0.69334
2021-12-01 21:40,49106339,16795350,3.4973,0.96012,4.6355,0.80506
2021-12-01 21:45,49089073,16792880,3.5232,0.96141,4.6605,0.61305
2021-12-01 21:50,49064461,16771993,3.5036,0.96143,4.6505,0.95048
2021-12-01 21:55,49041157,16826478,3.5277,0.96139,4.6873,0.64808
2021-12-01 22:00,49050731,16856717,3.5282,0.96093,4.7004,1.5222
2021-12-01 22:05,49005513,16912783,3.5049,0.96073,4.6897,1.401
2021-12-01 22:10,49196205,17052546,3.4788,0.96244,4.6729,6.0778
2021-12-01 22:15,49315876,16970086,3.5345,0.96254,4.7329,1.4012
2021-12-01 22:20,49306617,16893926,3.4973,0.96274,4.6759,0.7519
2021-12-01 22:25,49326071,16917405,3.4717,0.96248,4.6379,0.95013
2021-12-01 22:30,49339892,16957339,3.4656,0.96228,4.6296,0.87434
2021-12-01 22:35,49251037,16924373,3.4278,0.96241,4.5827,0.51266
2021-12-01 22:40,49266723,16959577,3.4569,0.96232,4.6158,1.3757
2021-12-01 22:45,49203364,16898651,3.4599,0.9636,4.6179,0.32451
2021-12-01 22:50,49174958,16965361,3.4503,0.96368,4.6027,0.90062
2021-12-01 22:55,49220757,17029890,3.4726,0.96365,4.6187,2.146
2021-12-01 23:00,49181386,16998073,3.4748,0.96379,4.6179,0.54999
2021-12-01 23:05,49168672,16992687,3.5044,0.9636,4.671,0.52861
2021-12-01 23:10,49316357,17106858,3.5049,0.96538,4.6954,0.71659
2021-12-01 23:15,49230198,17082362,3.4647,0.96513,4.6473,0.58198
2021-12-01 23:20,49179133,17065722,3.417,0.96224,4.6072,1.5943
2021-12-01 23:25,49245644,17125893,3.3939,0.96219,4.5872,1.118
2021-12-01 23:30,49292320,17167276,3.4084,0.96219,4.6083,0.70459
2021-12-01 23:35,49274138,17186057,3.3807,0.9621,4.5689,0.71041
2021-12-01 23:40,49193522,17145706,3.3922,0.96221,4.5835,0.36731
2021-12-01 23:45,49337500,17195310,3.3833,0.9621,4.5839,1.1059
2021-12-01 23:50,49431858,17259355,3.3578,0.96109,4.5453,1.0535
2021-12-01 23:55,49502732,17410606,3.3663,0.96131,4.5596,2.7105
2021-12-02 00:00,49423542,17322758,3.364,0.96135,4.5402,0.38015
2021-12-02 00:05,49378884,17144349,3.3486,0.96109,4.5012,0.57287
2021-12-02 00:10,49437090,17147802,3.4085,0.96633,4.5387,1.1991
2021-12-02 00:15,49313159,17092190,3.4421,0.96566,4.5719,0.59663
2021-12-02 00:20,49179287,16960882,3.4489,0.96515,4.5778,0.55472
2021-12-02 00:25,49178133,17014034,3.4647,0.96487,4.6073,0.61161
2021-12-02 00:30,49201079,17003893,3.4363,0.96517,4.5786,1.1218
2021-12-02 00:35,49231662,17027263,3.4256,0.96537,4.5614,0.58558
2021-12-02 00:40,49210756,16894545,3.4973,0.96623,4.6468,0.56489
2021-12-02 00:45,49200205,16884689,3.5259,0.9664,4.6741,0.90191
2021-12-02 00:50,49035872,16734046,3.6037,0.96552,4.7471,0.29646
2021-12-02 00:55,48951497,16775042,3.5579,0.96521,4.7018,2.7236
2021-12-02 01:00,48938154,16820499,3.5786,0.96511,4.7304,0.818
2021-12-02 01:05,49009584,16847319,3.5428,0.96521,4.686,0.54593
2021-12-02 01:10,49128657,16918927,3.517,0.96534,4.6603,1.3876
2021-12-02 01:15,49297791,17067881,3.4871,0.96571,4.6241,1.9768
2021-12-02 01:20,49393723,17111636,3.4725,0.96647,4.6057,0.72944
2021-12-02 01:25,49496843,17124573,3.5094,0.96663,4.6447,1.435
2021-12-02 01:30,49652652,17348637,3.4676,0.96711,4.5949,2.1216
2021-12-02 01:35,49660130,17286195,3.4302,0.96649,4.5533,0.77286
2021-12-02 01:40,49803197,17278721,3.4964,0.96622,4.6341,0.68777
2021-12-02 01:45,49806332,17331646,3.4765,0.9661,4.6119,0.43359
2021-12-02 01:50,49777378,17301566,3.4853,0.96591,4.619,0.49729
2021-12-02 01:55,49792464,17332329,3.4646,0.96576,4.5924,0.53298
2021-12-02 02:00,49834725,17372641,3.4615,0.96582,4.5936,0.45991
2021-12-02 02:05,49826254,17324589,3.4774,0.96571,4.6132,0.88078
2021-12-02 02:10,49827303,17236261,3.4884,0.96604,4.6216,0.57734
2021-12-02 02:15,49814856,17235442,3.4598,0.96589,4.5896,0.38649
2021-12-02 02:20,49834236,17201283,3.4694,0.96594,4.5941,0.56947
2021-12-02 02:25,49825429,17219170,3.4464,0.96575,4.5615,0.4267
2021-12-02 02:30,49848710,17215750,3.4533,0.96586,4.566,1.0796
2021-12-02 02:35,49750737,17212262,3.4503,0.96437,4.5668,0.33503
2021-12-02 02:40,49690371,17172495,3.4515,0.9643,4.5722,0.62038
2021-12-02 02:45,49679450,17242635,3.4311,0.96423,4.5452,1.9431
2021-12-02 02:50,49733353,17215697,3.4016,0.96425,4.5217,0.68323
2021-12-02 02:55,49694784,17224926,3.4337,0.96469,4.5538,0.45798
2021-12-02 03:00,49648136,17193089,3.4208,0.96466,4.5318,2.0694
2021-12-02 03:05,49631102,17009001,3.4637,0.96468,4.5782,0.33691
2021-12-02 03:10,49436118,16701010,3.5513,0.96677,4.6449,0.52382
2021-12-02 03:15,49475663,16723641,3.5234,0.96677,4.6028,1.0867
2021-12-02 03:20,49469735,16636177,3.575,0.96727,4.6571,0.74574
2021-12-02 03:25,49490173,16660617,3.6224,0.96692,4.6934,0.76839
2021-12-02 03:30,49583536,16651756,3.6015,0.96708,4.6664,0.93595
2021-12-02 03:35,49610552,16695116,3.6533,0.96681,4.7339,0.83365
2021-12-02 03:40,49662909,16722838,3.6738,0.96681,4.7582,0.72312
2021-12-02 03:45,49645871,16764895,3.658,0.9669,4.7341,1.4255
2021-12-02 03:50,49687810,16810380,3.6943,0.96695,4.7868,0.67179
2021-12-02 03:55,49678112,16867209,3.7059,0.96676,4.8045,1.3553
2021-12-02 04:00,49693004,16794745,3.7006,0.96679,4.7912,0.78349
2021-12-02 04:05,49688193,16818460,3.7332,0.96683,4.8202,1.0764
2021-12-02 04:10,49772534,16800221,3.764,0.96675,4.8653,0.7595
2021-12-02 04:15,49788152,16830554,3.7712,0.96682,4.8755,0.64143
2021-12-02 04:20,49839427,16790903,3.8046,0.96673,4.9123,0.44174
2021-12-02 04:25,49843178,16844502,3.7818,0.9666,4.8908,0.74675
2021-12-02 04:30,49855858,16873217,3.7453,0.96648,4.8507,1.7967
2021-12-02 04:35,49965269,16935228,3.7595,0.96638,4.8651,0.86861
2021-12-02 04:40,49980775,16882006,3.7831,0.96666,4.8881,1.1531
2021-12-02 04:45,49927158,16851414,3.7692,0.96645,4.8624,0.46968
2021-12-02 04:50,49981474,16914730,3.7486,0.96657,4.827,1.7511
2021-12-02 04:55,49983531,16918227,3.7505,0.96646,4.8338,1.5267
2021-12-02 05:00,49927522,16890980,3.7857,0.96634,4.8805,0.61409
2021-12-02 05:05,50008914,16958742,3.7408,0.96612,4.833,0.85201
2021-12-02 05:10,50024088,16985179,3.7249,0.96613,4.8172,1.4463
2021-12-02 05:15,50057420,17010926,3.7694,0.96594,4.8763,1.3992
2021-12-02 05:20,50091749,17027187,3.7728,0.96576,4.8943,1.0283
2021-12-02 05:25,50141639,17041639,3.7948,0.96569,4.9202,1.4815
2021-12-02 05:30,50243486,17031076,3.7857,0.96569,4.9133,0.75594
2021-12-02 05:35,50328506,17091561,3.7842,0.96581,4.9031,0.64584
2021-12-02 05:40,50367751,17153745,3.7825,0.96572,4.9014,2.5095
2021-12-02 05:45,50316899,17166616,3.7835,0.96588,4.9074,1.0626
2021-12-02 05:50,50285603,17162722,3.7778,0.96601,4.9013,1.5849
2021-12-02 05:55,50260909,17130660,3.7869,0.96611,4.9082,0.32526
2021-12-02 06:00,50234788,17115495,3.7886,0.96592,4.9125,1.4516
2021-12-02 06:05,50187868,17067607,3.7552,0.9659,4.8647,0.64486
2021-12-02 06:10,50181065,17066078,3.7625,0.96592,4.8664,0.71889
2021-12-02 06:15,50388473,17055696,3.7892,0.96603,4.8998,0.34579
2021-12-02 06:20,50406634,17103273,3.7727,0.96599,4.8793,0.96353
2021-12-02 06:25,50395156,17087577,3.7448,0.96595,4.8463,1.0523
2021-12-02 06:30,50400911,17130002,3.7219,0.96559,4.8272,1.7344
2021-12-02 06:35,50212022,16990242,3.7844,0.96548,4.9058,0.51592
2021-12-02 06:40,50177359,16951879,3.7799,0.96575,4.893,0.81046
2021-12-02 06:45,50171315,16954933,3.8034,0.96574,4.923,0.66831
2021-12-02 06:50,50259082,16983502,3.8042,0.96577,4.9221,0.78375
2021-12-02 06:55,50385869,16969138,3.8124,0.96532,4.9256,0.4928
2021-12-02 07:00,50419729,17015179,3.843,0.96534,4.9674,0.75578
2021-12-02 07:05,50456224,17096082,3.8394,0.96571,4.9639,1.2785
2021-12-02 07:10,50464417,17067066,3.8479,0.96572,4.9701,0.76686
2021-12-02 07:15,50506980,17081461,3.8865,0.96607,5.008,0.71314
2021-12-02 07:20,50566058,17140377,3.8761,0.96598,5.0124,0.90454
2021-12-02 07:25,50629635,17173066,3.8696,0.96602,4.9991,1.459
2021-12-02 07:30,50658009,17188769,3.8809,0.9659,5.0248,0.9146
2021-12-02 07:35,50723029,17118008,3.9124,0.96598,5.0553,0.34449
2021-12-02 07:40,50791436,17201579,3.8906,0.96592,5.0319,1.408
2021-12-02 07:45,50833304,17153698,3.8973,0.96605,5.0355,0.73453
2021-12-02 07:50,50908207,17229374,3.8783,0.96597,5.0283,0.74247
2021-12-02 07:55,50857048,17227825,3.8716,0.96598,5.015,1.9235
2021-12-02 08:00,50814163,17245819,3.8801,0.96585,5.0328,1.6677
2021-12-02 08:05,50707066,17240910,3.8609,0.96585,5.0133,1.0536
2021-12-02 08:10,50708814,17248603,3.8609,0.96567,4.9991,0.63216
2021-12-02 08:15,50715411,17209768,3.8293,0.96562,4.9597,0.4214
2021-12-02 08:20,50742666,17257581,3.8349,0.96555,4.9719,0.50661
2021-12-02 08:25,50766852,17287090,3.8313,0.96548,4.9719,0.61849
2021-12-02 08:30,51083114,17443862,3.8065,0.96598,4.9502,4.244
2021-12-02 08:35,51008131,17407965,3.8011,0.96513,4.9416,0.90613
2021-12-02 08:40,51060657,17440278,3.8061,0.9653,4.9406,0.87418
2021-12-02 08:45,51049429,17379268,3.8015,0.96546,4.926,1.1089
2021-12-02 08:50,51005137,17353328,3.7654,0.96529,4.8977,0.8306
2021-12-02 08:55,51000126,17366053,3.7756,0.96525,4.9047,1.1236
2021-12-02 09:00,51011777,17384303,3.7675,0.96499,4.9055,2.0523
2021-12-02 09:05,50997126,17377370,3.739,0.96495,4.8767,1.2569
2021-12-02 09:10,51005816,17401908,3.7498,0.96478,4.8955,0.48691
2021-12-02 09:15,51021568,17443855,3.7406,0.96461,4.8912,2.0448
2021-12-02 09:20,51000544,17431476,3.7531,0.96412,4.9176,0.93992
2021-12-02 09:25,50923019,17385119,3.7846,0.96253,4.9494,0.14208
2021-12-02 09:30,50981098,17368750,3.7335,0.95981,4.8789,0.44022
2021-12-02 09:35,50924213,17269419,3.781,0.96237,4.9347,0.46353
2021-12-02 09:40,50916213,17264160,3.7737,0.96198,4.9183,0.76787
2021-12-02 09:45,50862669,17287668,3.7992,0.96261,4.9468,0.62266
2021-12-02 09:50,50836611,17273912,3.7865,0.96232,4.9355,0.78811
2021-12-02 09:55,50817818,17292415,3.7602,0.96232,4.8936,0.61628
2021-12-02 10:00,50780933,17296494,3.7519,0.96221,4.8893,1.4134
2021-12-02 10:05,50700220,17252535,3.7502,0.96216,4.8936,3.1349
2021-12-02 10:10,50719536,17302315,3.7493,0.96212,4.8936,0.47215
2021-12-02 10:15,50699957,17312642,3.7163,0.96198,4.8589,1.0134
2021-12-02 10:20,50660259,17224174,3.7012,0.96179,4.8353,0.49632
2021-12-02 10:25,50632788,17198262,3.7016,0.9614,4.8386,0.52102
2021-12-02 10:30,50668245,17237844,3.6937,0.96142,4.8171,0.5846
2021-12-02 10:35,50646027,17256876,3.6887,0.96129,4.8041,0.67039
2021-12-02 10:40,50689563,17301160,3.6559,0.96026,4.7642,1.057
2021-12-02 10:45,50687223,17270151,3.6775,0.96006,4.7969,0.60736
2021-12-02 10:50,50646342,17247105,3.6651,0.95976,4.7837,1.8016
2021-12-02 10:55,50622038,17204465,3.7146,0.95974,4.8379,0.22613
2021-12-02 11:00,50634355,17245555,3.7032,0.95972,4.8255,0.61232
2021-12-02 11:05,50630191,17198730,3.7146,0.95966,4.8455,0.49761
2021-12-02 11:10,50620321,17136497,3.7152,0.95987,4.8385,0.2714
2021-12-02 11:15,50520485,17043453,3.6963,0.96021,4.8033,0.61904
2021-12-02 11:20,50588345,17112896,3.6876,0.96026,4.8009,1.6405
2021-12-02 11:25,50607304,17031382,3.7232,0.96195,4.8325,0.43152
2021-12-02 11:30,50634272,17142739,3.7335,0.96048,4.8532,1.493
2021-12-02 11:35,50643075,17122323,3.6729,0.96051,4.7732,0.86001
2021-12-02 11:40,50610268,17193826,3.6472,0.95975,4.753,1.8008
2021-12-02 11:45,50598387,17189162,3.6533,0.9601,4.7572,1.437
2021-12-02 11:50,50621615,17152262,3.6574,0.96025,4.7562,0.74791
2021-12-02 11:55,50638164,17233191,3.666,0.96094,4.7709,0.60939
2021-12-02 12:00,50618818,17245831,3.6266,0.96129,4.7192,0.73804
2021-12-02 12:05,50670176,17267218,3.6263,0.96237,4.7094,0.99425
2021-12-02 12:10,50613689,17101496,3.6546,0.96269,4.7405,0.41982
2021-12-02 12:15,50642276,17089551,3.6542,0.96266,4.7419,0.56843
2021-12-02 12:20,50633358,17106375,3.7015,0.96217,4.7872,1.4637
2021-12-02 12:25,50657061,17169704,3.6927,0.96229,4.7643,0.82682
2021-12-02 12:30,50655111,17248400,3.7034,0.96223,4.7816,0.75277
2021-12-02 12:35,50628714,17215669,3.6717,0.96224,4.736,0.61935
2021-12-02 12:40,50608730,17234121,3.6636,0.96194,4.7314,0.72528
2021-12-02 12:45,50590283,17211826,3.6898,0.96213,4.7613,0.79907
2021-12-02 12:50,50547360,17119908,3.8027,0.96219,4.8837,0.51346
2021-12-02 12:55,50540835,17227591,3.7963,0.96198,4.8846,1.6382
2021-12-02 13:00,50564689,17257728,3.7854,0.96207,4.8484,2.077
2021-12-02 13:05,50545139,17233365,3.7736,0.96244,4.8218,0.74378
2021-12-02 13:10,50579621,17277493,3.7574,0.96228,4.8079,1.235
2021-12-02 13:15,50555516,17227803,3.7672,0.9628,4.8085,0.9761
2021-12-02 13:20,50530921,17172934,3.8261,0.96285,4.8729,0.57503
2021-12-02 13:25,50387360,17045276,3.8712,0.96413,4.9266,0.65463
2021-12-02 13:30,50452219,17056096,3.8361,0.96307,4.8924,0.56658
2021-12-02 13:35,50495324,17126803,3.812,0.96146,4.8831,0.90842
2021-12-02 13:40,50488725,17104570,3.8343,0.96173,4.9121,1.1112
2021-12-02 13:45,50448381,17138067,3.8541,0.96163,4.9293,0.58289
2021-12-02 13:50,50430824,17132066,3.8521,0.96174,4.9293,1.5003
2021-12-02 13:55,50429134,17113520,3.824,0.96123,4.9088,0.59321
2021-12-02 14:00,50426504,17190899,3.8523,0.96166,4.9269,1.0506
2021-12-02 14:05,50404710,17135191,3.8526,0.9613,4.9175,1.2599
2021-12-02 14:10,50391983,17164039,3.8515,0.96132,4.9175,0.63435
2021-12-02 14:15,50400592,17219130,3.8599,0.96203,4.9355,1.8882
2021-12-02 14:20,50400680,17194192,3.8421,0.96126,4.9142,0.54019
2021-12-02 14:25,50445118,17211666,3.8552,0.96117,4.9305,2.2419
2021-12-02 14:30,50418410,17151819,3.8495,0.96112,4.9202,0.25571
2021-12-02 14:35,50382893,17143787,3.8021,0.96012,4.8803,1.3767
2021-12-02 14:40,50440430,17258698,3.7965,0.961,4.8896,1.4774
2021-12-02 14:45,50425270,17347258,3.7672,0.96218,4.8756,1.6243
2021-12-02 14:50,50307727,17332521,3.7873,0.96382,4.9155,0.46253
2021-12-02 14:55,50365246,17365968,3.7479,0.96375,4.8686,1.0207
2021-12-02 15:00,50393474,17336183,3.7471,0.962,4.8645,0.98765
2021-12-02 15:05,50279913,17321430,3.7644,0.9609,4.9001,0.75697
2021-12-02 15:10,50279494,17258939,3.7837,0.96051,4.9198,0.88894
2021-12-02 15:15,50189314,17177795,3.7837,0.96134,4.9111,0.46499
2021-12-02 15:20,50171719,17151202,3.7788,0.96174,4.8894,1.0054
2021-12-02 15:25,50075085,17089207,3.8054,0.96225,4.9211,0.6642
2021-12-02 15:30,50125979,17096969,3.8177,0.96229,4.9324,0.76643
2021-12-02 15:35,50166899,17041633,3.828,0.96251,4.9281,1.3239
2021-12-02 15:40,50123922,16993121,3.7998,0.96154,4.9055,0.65228
2021-12-02 15:45,50096798,16959150,3.8204,0.96146,4.9428,0.49587
2021-12-02 15:50,50123300,17031396,3.8066,0.96155,4.922,1.5169
2021-12-02 15:55,50118049,17014576,3.8056,0.96133,4.9159,0.85471
2021-12-02 16:00,50122292,17073658,3.8402,0.96097,4.962,3.1375
2021-12-02 16:05,50129478,17061138,3.8574,0.96075,4.9823,1.1582
2021-12-02 16:10,50132750,17178989,3.7988,0.96251,4.928,0.81312
2021-12-02 16:15,50110982,17051142,3.8218,0.96072,4.9717,0.50111
2021-12-02 16:20,50124682,17049911,3.8138,0.95982,4.9542,0.77549
2021-12-02 16:25,50039220,17084390,3.7973,0.9611,4.9375,1.2552
2021-12-02 16:30,50029095,17030854,3.7944,0.96108,4.9383,1.0972
2021-12-02 16:35,50004269,16928945,3.8794,0.96142,5.0332,0.79676
2021-12-02 16:40,49973278,16941941,3.893,0.96156,5.0513,1.2816
2021-12-02 16:45,49910254,16865559,3.8851,0.96159,5.0459,0.84901
2021-12-02 16:50,49829083,16840954,3.9076,0.96133,5.0705,1.1623
2021-12-02 16:55,49766425,16868580,3.8822,0.96102,5.0332,0.80539
2021-12-02 17:00,49729488,16876221,3.8831,0.96097,5.0414,0.70902
2021-12-02 17:05,49655550,16852597,3.8686,0.96151,5.017,1.1549
2021-12-02 17:10,49607121,16869389,3.8772,0.96156,5.0369,0.71378
2021-12-02 17:15,49607255,16881349,3.9005,0.96156,5.0742,1.0558
2021-12-02 17:20,49613386,16857140,3.9152,0.96161,5.087,0.95289
2021-12-02 17:25,49593199,16875498,3.9201,0.96135,5.0981,1.1214
2021-12-02 17:30,49577018,16835616,3.9044,0.96133,5.0852,0.62663
2021-12-02 17:35,49563635,16871461,3.8948,0.96142,5.0704,0.35248
2021-12-02 17:40,49556054,16886225,3.9007,0.96143,5.0713,0.86203
2021-12-02 17:45,49586530,16899123,3.9067,0.96148,5.0794,0.71053
2021-12-02 17:50,49564105,16890051,3.9144,0.96158,5.0932,0.60213
2021-12-02 17:55,49570042,16879967,3.9144,0.96165,5.0923,0.81865
2021-12-02 18:00,49573548,16915486,3.9173,0.96184,5.0979,0.73295
2021-12-02 18:05,49661353,16934204,3.8804,0.96165,5.0604,0.30501
2021-12-02 18:10,49661868,16958830,3.8203,0.96186,4.9858,1.4937
2021-12-02 18:15,49647020,17016376,3.7725,0.96177,4.9407,1.6416
2021-12-02 18:20,49596720,16979933,3.7332,0.96194,4.8596,0.43768
2021-12-02 18:25,49614544,16993477,3.727,0.96164,4.8512,1.2565
2021-12-02 18:30,49627590,16946446,3.7306,0.96181,4.8579,0.89129
2021-12-02 18:35,49608738,16995954,3.6974,0.962,4.8274,1.0546
2021-12-02 18:40,49618229,16993401,3.6965,0.96127,4.825,0.85882
2021-12-02 18:45,49609748,17025569,3.7026,0.96127,4.8157,1.06
2021-12-02 18:50,49596241,16974557,3.7241,0.96167,4.8401,0.30532
2021-12-02 18:55,49618243,17040889,3.7306,0.96174,4.8427,0.63021
2021-12-02 19:00,49610653,17043599,3.727,0.96183,4.8335,1.3203
2021-12-02 19:05,49578892,17064063,3.6889,0.9619,4.7922,0.94793
2021-12-02 19:10,49543709,17056257,3.6819,0.96173,4.7842,0.51249
2021-12-02 19:15,49544099,17017656,3.7161,0.96449,4.8093,2.2277
2021-12-02 19:20,49550101,17081636,3.6981,0.96447,4.7911,0.82803
2021-12-02 19:25,49544879,17085752,3.6838,0.96436,4.7796,0.69183
2021-12-02 19:30,49512738,17061099,3.6679,0.96398,4.7517,0.54546
2021-12-02 19:35,49494850,17039097,3.667,0.96414,4.7442,0.45111
2021-12-02 19:40,49484780,16961643,3.673,0.96289,4.7571,0.29688
2021-12-02 19:45,49478538,16960748,3.6988,0.96287,4.7909,0.69308
2021-12-02 19:50,49452768,17015214,3.6431,0.96296,4.7148,1.501
2021-12-02 19:55,49415528,16931010,3.6323,0.96303,4.7047,0.45768
2021-12-02 20:00,49390929,16936643,3.6695,0.96291,4.7545,1.5166
2021-12-02 20:05,49411781,16924029,3.6657,0.96322,4.7619,1.5923
2021-12-02 20:10,49394344,16982269,3.6786,0.96328,4.7709,1.7813
2021-12-02 20:15,49370758,16919468,3.7162,0.96338,4.8033,0.92543
2021-12-02 20:20,49353161,16912341,3.7207,0.96293,4.8224,1.3375
2021-12-02 20:25,49391739,16917658,3.7169,0.96295,4.8132,2.4288
2021-12-02 20:30,49361177,16927922,3.7312,0.96291,4.8308,0.98246
2021-12-02 20:35,49349084,16952177,3.7167,0.96281,4.8127,0.82214
2021-12-02 20:40,49423318,16939778,3.7841,0.96292,4.8915,0.37278
2021-12-02 20:45,49487832,17023960,3.7677,0.96202,4.8772,1.4652
2021-12-02 20:50,49457247,16975211,3.7962,0.96238,4.901,0.75454
2021-12-02 20:55,49479806,16952209,3.8083,0.96239,4.9191,0.58172
2021-12-02 21:00,49550157,16995704,3.8495,0.96246,4.9632,1.9232
2021-12-02 21:05,49625625,17007694,3.8002,0.9625,4.9089,0.56553
2021-12-02 21:10,49579067,16973394,3.8038,0.96227,4.9123,0.29599
2021-12-02 21:15,49604836,16976188,3.8139,0.96222,4.9156,1.6471
2021-12-02 21:20,49570152,16985156,3.8156,0.96204,4.9293,0.78749
2021-12-02 21:25,49625440,17007135,3.81,0.96156,4.9233,0.31693
2021-12-02 21:30,49618454,17013672,3.8427,0.96154,4.9658,0.60631
2021-12-02 21:35,49673798,17084309,3.8324,0.96156,4.9527,0.66844
2021-12-02 21:40,49551492,17094012,3.6979,0.96102,4.7911,1.2011
2021-12-02 21:45,49542581,17076665,3.7045,0.96122,4.8177,1.1669
2021-12-02 21:50,49554043,17059837,3.7314,0.96137,4.8402,0.45035
2021-12-02 21:55,49560717,17107819,3.7036,0.96155,4.8201,4.2488
2021-12-02 22:00,49605074,17121191,3.6887,0.96077,4.7979,1.8681
2021-12-02 22:05,49604463,17072368,3.6925,0.96093,4.7971,1.3699
2021-12-02 22:10,49654085,17090440,3.7147,0.961,4.8262,1.0709
2021-12-02 22:15,49614508,17044408,3.7474,0.96076,4.8583,1.7967
2021-12-02 22:20,49618805,17022723,3.7524,0.96099,4.8682,0.40501
2021-12-02 22:25,49623298,17027242,3.7815,0.96089,4.9074,0.92008
2021-12-02 22:30,49619929,17010208,3.7651,0.96083,4.8937,0.69488
2021-12-02 22:35,49612273,17016988,3.7668,0.96113,4.8954,0.7282
2021-12-02 22:40,49555864,16970945,3.7946,0.96117,4.9264,0.40696
2021-12-02 22:45,49506859,16953952,3.7837,0.96167,4.9101,0.86822
2021-12-02 22:50,49612456,17012607,3.7651,0.96186,4.8827,1.6935
2021-12-02 22:55,49598580,16971146,3.8008,0.96198,4.9186,1.1201
2021-12-02 23:00,49610052,16945802,3.7992,0.96231,4.917,0.47102
2021-12-02 23:05,49632167,16946540,3.7833,0.96206,4.8942,1.4453
2021-12-02 23:10,49561140,16944954,3.8184,0.96178,4.9328,1.1162
2021-12-02 23:15,49528710,16880755,3.8711,0.96196,5.0071,0.33458
2021-12-02 23:20,49467586,16784756,3.9327,0.96278,5.0709,0.42271
2021-12-02 23:25,49459379,16762773,3.9143,0.96262,5.0563,3.0177
2021-12-02 23:30,49452942,16726207,3.9009,0.96256,5.0365,1.3722
2021-12-02 23:35,49449159,16787225,3.9309,0.96252,5.0833,1.1436
2021-12-02 23:40,49412927,16793112,3.9,0.96263,5.0534,1.1007
2021-12-02 23:45,49373073,16768577,3.9319,0.9626,5.0878,0.4818
2021-12-02 23:50,49307346,16748744,3.9173,0.96232,5.0715,0.88802
2021-12-02 23:55,49283023,16705959,3.9067,0.96239,5.0598,0.5746
2021-12-03 00:00,49273895,16739975,3.9231,0.96247,5.0715,0.93487
2021-12-03 00:05,48896723,16961269,3.5677,0.96567,4.654,1.162
2021-12-03 00:10,48688853,16655642,3.6632,0.95981,4.7908,0.69073
2021-12-03 00:15,48865030,16692076,3.6641,0.95887,4.8095,1.018
2021-12-03 00:20,48788464,16710537,3.6327,0.95881,4.7991,0.87706
2021-12-03 00:25,48684850,16571552,3.7602,0.95832,4.96,0.35612
2021-12-03 00:30,48712160,16548772,3.7678,0.95814,4.9786,0.63094
2021-12-03 00:35,48687689,16583720,3.7875,0.95828,5,0.60651
2021-12-03 00:40,48629444,16503219,3.835,0.96002,5.0614,0.51708
2021-12-03 00:45,48886088,16586484,3.7281,0.96086,4.9201,0.64973
2021-12-03 00:50,49046330,16578150,3.845,0.96125,5.0395,0.54824
2021-12-03 00:55,49249703,16567108,3.8682,0.96096,5.0582,0.60029
2021-12-03 01:00,49197851,16524082,3.9375,0.96104,5.1382,0.66204
2021-12-03 01:05,49305579,16534515,3.9821,0.95735,5.1793,0.46408
2021-12-03 01:10,49235912,16597426,3.9621,0.95727,5.1621,1.1573
2021-12-03 01:15,49276030,16526628,3.9414,0.95707,5.1414,1.2122
2021-12-03 01:20,49279092,16584928,3.994,0.9572,5.207,1.4647
2021-12-03 01:25,49242607,16519412,3.9503,0.95711,5.1571,1.3057
2021-12-03 01:30,49214697,16488327,3.9592,0.95705,5.1623,1.3743
2021-12-03 01:35,49176958,16506984,3.9386,0.95668,5.1612,2.141
2021-12-03 01:40,49141055,16474962,3.8921,0.95641,5.105,0.86898
2021-12-03 01:45,49148059,16405887,3.9357,0.95597,5.1471,0.5264
2021-12-03 01:50,49073061,16370282,3.9298,0.95567,5.1425,1.398
2021-12-03 01:55,49047149,16401781,3.9163,0.95572,5.1277,0.69721
2021-12-03 02:00,48978736,16371723,3.9455,0.95546,5.1637,1.1522
2021-12-03 02:05,48920688,16328090,3.9229,0.95542,5.1427,1.2375
2021-12-03 02:10,48921734,16308868,3.9306,0.95554,5.1454,1.8907
2021-12-03 02:15,48791844,16296476,3.8992,0.95528,5.1063,0.473
2021-12-03 02:20,48801772,16272463,3.9069,0.95497,5.1206,1.1329
2021-12-03 02:25,48836921,16253904,3.9184,0.95439,5.1377,0.56308
2021-12-03 02:30,48970747,16271020,3.9815,0.95505,5.1966,1.3626
2021-12-03 02:35,48823969,16236411,3.9767,0.95506,5.1724,1.0296
2021-12-03 02:40,48810109,16208484,3.968,0.95438,5.148,1.0943
2021-12-03 02:45,48727383,16131459,4.0245,0.95382,5.2112,0.30895
2021-12-03 02:50,48726893,16172319,4.0147,0.95304,5.2005,0.93466
2021-12-03 02:55,48713504,16105270,4.0107,0.95279,5.189,0.64511
2021-12-03 03:00,48657304,16134275,4.0176,0.95269,5.198,0.9189
2021-12-03 03:05,48648222,16144931,4.0195,0.95252,5.1933,2.1221
2021-12-03 03:10,48692919,16150824,3.9913,0.95226,5.1639,1.1438
2021-12-03 03:15,48716075,16165942,3.9922,0.95215,5.1802,0.68708
2021-12-03 03:20,48616593,16114005,4.0322,0.95171,5.2315,0.82341
2021-12-03 03:25,48589329,16059311,4.0234,0.95176,5.2213,0.68561
2021-12-03 03:30,48572573,16089838,4.0068,0.9518,5.2189,0.63858
2021-12-03 03:35,48563076,16070820,4.0205,0.95174,5.2355,0.50972
2021-12-03 03:40,48561917,16141010,4.0294,0.95185,5.2628,1.9602
2021-12-03 03:45,48584111,16147453,4.0264,0.95182,5.2616,2.7401
2021-12-03 03:50,48560568,16134734,4,0.95132,5.2317,0.81538
2021-12-03 03:55,48598081,16147198,4.0303,0.95128,5.2641,0.82811
2021-12-03 04:00,48581424,16129725,4.0234,0.9512,5.2509,1.3325
2021-12-03 04:05,48561203,16057247,4.062,0.95095,5.3033,1.9054
2021-12-03 04:10,48599092,16132286,4.0839,0.95063,5.3412,2.0829
2021-12-03 04:15,48614113,16148289,4.0759,0.95064,5.3297,0.58506
2021-12-03 04:20,48622245,16169524,4.054,0.95069,5.3087,0.8308
2021-12-03 04:25,48631989,16163924,4.0539,0.95069,5.3123,0.43228
2021-12-03 04:30,48607911,16177685,4.046,0.95079,5.296,0.95807
2021-12-03 04:35,48627774,16176155,4.0479,0.95075,5.3034,0.93943
2021-12-03 04:40,48618367,16162204,4.0391,0.95069,5.2996,1.6436
2021-12-03 04:45,48616054,16218362,4.0273,0.95086,5.293,0.90252
2021-12-03 04:50,48566413,16130848,4.0848,0.95085,5.3641,0.46746
2021-12-03 04:55,48547148,16114377,4.0728,0.95049,5.3557,0.68591
2021-12-03 05:00,48498563,16150021,4.0411,0.95057,5.3109,3.0083
2021-12-03 05:05,48412039,16124114,4.0589,0.95066,5.327,2.0429
2021-12-03 05:10,48400859,16095951,4.098,0.951,5.3782,0.34921
2021-12-03 05:15,48373584,16098831,4.1,0.95103,5.38,0.35363
2021-12-03 05:20,48307222,16072833,4.1305,0.95098,5.4177,1.1114
2021-12-03 05:25,48304510,16065931,4.1295,0.95108,5.4137,0.61107
2021-12-03 05:30,48360820,16056729,4.1305,0.95104,5.4119,1.7329
2021-12-03 05:35,48384681,16096132,4.1296,0.95096,5.4091,1.2769
2021-12-03 05:40,48385323,16120054,4.1359,0.95085,5.4172,1.5915
2021-12-03 05:45,48409736,16155009,4.1228,0.9507,5.4167,0.93825
2021-12-03 05:50,48418348,16171436,4.1271,0.95095,5.4215,0.72094
2021-12-03 05:55,48431153,16191987,4.1383,0.95088,5.4416,0.93057
2021-12-03 06:00,48389828,16145266,4.1518,0.9509,5.4503,1.7775
2021-12-03 06:05,48388331,16147670,4.127,0.95091,5.4229,1.6834
2021-12-03 06:10,48375820,16147849,4.1198,0.95108,5.4139,0.54051
2021-12-03 06:15,48403594,16187922,4.0762,0.95116,5.3651,1.9223
2021-12-03 06:20,48399915,16188243,4.0552,0.95111,5.3391,0.79476
2021-12-03 06:25,48367364,16197263,4.0443,0.95115,5.3294,2.1364
2021-12-03 06:30,48360439,16197006,4.0344,0.95114,5.3198,0.62041
2021-12-03 06:35,48384265,16231469,4.0442,0.95104,5.3385,1.1568
2021-12-03 06:40,48554309,16291696,4.0384,0.95096,5.3373,0.19939
2021-12-03 06:45,48417679,16273967,3.9766,0.9507,5.273,2.2457
2021-12-03 06:50,48426185,16267786,3.965,0.95039,5.2556,0.94852
2021-12-03 06:55,48451952,16286273,3.9679,0.95036,5.2601,0.86256
2021-12-03 07:00,48432994,16266705,3.9583,0.9504,5.2377,0.24763
2021-12-03 07:05,48460413,16215339,4.0049,0.95076,5.2858,0.33277
2021-12-03 07:10,48475223,16239231,4.0187,0.95079,5.3056,0.26612
2021-12-03 07:15,48526330,16232057,4.0266,0.95099,5.3056,0.32979
2021-12-03 07:20,48539419,16216531,4.0147,0.95109,5.2808,0.92454
2021-12-03 07:25,48509023,16242317,3.9699,0.95088,5.2293,1.3059
2021-12-03 07:30,48520603,16278662,3.943,0.95078,5.1988,0.92968
2021-12-03 07:35,48524484,16297433,3.9864,0.95088,5.2384,1.5032
2021-12-03 07:40,48446439,16237584,3.9641,0.95094,5.2133,1.3003
2021-12-03 07:45,48398108,16199815,3.9689,0.9508,5.2217,0.45508
2021-12-03 07:50,48355792,16213213,3.9922,0.95063,5.2592,3.7338
2021-12-03 07:55,48354928,16243387,3.9679,0.95062,5.2275,3.7685
2021-12-03 08:00,48361215,16255172,3.9728,0.95055,5.231,1.206
2021-12-03 08:05,48342261,16221058,4.0118,0.95035,5.2717,0.73616
2021-12-03 08:10,48336846,16208167,4.0464,0.95044,5.3066,0.99881
2021-12-03 08:15,48318912,16171567,4.0088,0.95036,5.2547,0.83321
2021-12-03 08:20,48351897,16157552,4.0482,0.95044,5.3049,0.5761
2021-12-03 08:25,48335406,16115024,4.0452,0.95066,5.3189,0.15548
2021-12-03 08:30,48347341,16099323,4.0422,0.95056,5.3031,0.60624
2021-12-03 08:35,48414006,16132067,3.9932,0.95071,5.2334,1.1977
2021-12-03 08:40,48417983,16133619,4.0068,0.95073,5.2609,0.84555
2021-12-03 08:45,48434047,16161227,4.0293,0.95074,5.2898,1.0607
2021-12-03 08:50,48449897,16187111,4.0323,0.95098,5.2833,0.93534
2021-12-03 08:55,48434264,16136567,4.0421,0.95083,5.2963,0.75567
2021-12-03 09:00,48443433,16141585,4.0372,0.95087,5.2812,0.3616
2021-12-03 09:05,48519097,16157344,4.0509,0.95089,5.2985,0.41176
2021-12-03 09:10,48525075,16161761,4.0847,0.95103,5.3256,1.2789
2021-12-03 09:15,48529296,16177754,4.1059,0.95118,5.3571,0.67808
2021-12-03 09:20,48552540,16166130,4.1048,0.95132,5.3643,0.48943
2021-12-03 09:25,48523856,16135638,4.1099,0.95102,5.3691,0.50855
2021-12-03 09:30,48523011,16148943,4.0678,0.95109,5.3181,0.5411
2021-12-03 09:35,48488411,16150520,4.091,0.95075,5.358,0.62604
2021-12-03 09:40,48460324,16156672,4.1082,0.95077,5.3783,0.64174
2021-12-03 09:45,48457636,16151124,4.084,0.9505,5.3562,1.3039
2021-12-03 09:50,48415508,16164486,4.1205,0.95037,5.3978,0.44468
2021-12-03 09:55,48412217,16175490,4.1174,0.95061,5.3935,0.52967
2021-12-03 10:00,48484317,16213584,4.1022,0.95057,5.3825,0.3582
2021-12-03 10:05,48431759,16275977,4.0592,0.95154,5.327,1.7899
2021-12-03 10:10,48363808,16269585,4.0394,0.95091,5.3082,1.1383
2021-12-03 10:15,48163020,16235873,4.0496,0.9523,5.3261,1.6743
2021-12-03 10:20,48209616,16268392,4.0098,0.95268,5.2731,1.2092
2021-12-03 10:25,48128025,16214813,4.0108,0.9532,5.2681,0.55395
2021-12-03 10:30,48059817,16158920,3.9601,0.95318,5.2156,1.1423
2021-12-03 10:35,48015621,16118900,3.9873,0.95315,5.2299,0.47428
2021-12-03 10:40,48037011,16110668,3.9872,0.95249,5.2375,1.2429
2021-12-03 10:45,48018243,16132735,3.9717,0.95247,5.216,1.2436
2021-12-03 10:50,48005170,16128777,3.9717,0.95238,5.2169,0.81467
2021-12-03 10:55,48017410,16077781,4.0395,0.95265,5.3019,0.27463
2021-12-03 11:00,47992287,16105252,4.0564,0.95294,5.315,1.999
2021-12-03 11:05,47994920,16123424,4.0079,0.95297,5.2695,0.96819
2021-12-03 11:10,47989338,16181677,3.9824,0.95338,5.2192,1.5861
2021-12-03 11:15,47893633,16116208,4.0276,0.95335,5.2654,0.56124
2021-12-03 11:20,47910219,16175448,4.0187,0.95315,5.2493,1.0395
2021-12-03 11:25,47904225,16178816,4.0079,0.95219,5.23,1.9914
2021-12-03 11:30,47944352,16227725,3.9476,0.9523,5.158,1.3655
2021-12-03 11:35,47926301,16187092,3.9678,0.95207,5.1877,0.83465
2021-12-03 11:40,47922403,16150318,3.9922,0.95202,5.2212,0.47103
2021-12-03 11:45,47978570,16194687,3.9708,0.95195,5.1991,0.7231
2021-12-03 11:50,47990242,16206305,3.9912,0.95218,5.2072,1.0555
2021-12-03 11:55,47965275,16198240,3.9766,0.95208,5.191,0.54876
2021-12-03 12:00,48029671,16222982,4.0217,0.95096,5.2516,2.8826
2021-12-03 12:05,47914481,16190018,4.0217,0.95082,5.2578,0.22122
2021-12-03 12:10,47882883,16206254,4.0118,0.95069,5.2484,1.1561
2021-12-03 12:15,47836272,16218410,3.9824,0.95022,5.2239,2.0251
2021-12-03 12:20,47888456,16202488,3.9951,0.94993,5.232,0.19559
2021-12-03 12:25,47931675,16208096,4.0069,0.94995,5.244,0.35231
2021-12-03 12:30,47947182,16214494,4.0109,0.95002,5.2411,0.77404
2021-12-03 12:35,47871692,16164834,4.0357,0.94924,5.2699,0.35505
2021-12-03 12:40,47779840,16124263,3.9696,0.95039,5.1815,3.1194
2021-12-03 12:45,47769376,16124553,4.0358,0.9498,5.2686,0.42402
2021-12-03 12:50,47739153,16068649,4.004,0.94993,5.2289,0.55591
2021-12-03 12:55,47744429,16083188,4.0288,0.94988,5.2639,0.80175
2021-12-03 13:00,47906965,16096498,3.999,0.94921,5.2389,0.1736
2021-12-03 13:05,47896097,16134758,3.9794,0.94928,5.2236,1.7685
2021-12-03 13:10,47896278,16161162,4.0307,0.9497,5.2791,1.6693
2021-12-03 13:15,47868482,16153986,4.0478,0.94996,5.3076,2.3087
2021-12-03 13:20,47868631,16128857,4.0903,0.95051,5.3481,0.64784
2021-12-03 13:25,47886713,16136791,4.0619,0.95059,5.3177,1.3261
2021-12-03 13:30,47931026,16177201,4.0731,0.9509,5.333,1.7034
2021-12-03 13:35,48047539,16306854,3.9821,0.94968,5.235,1.9829
2021-12-03 13:40,48100075,16365313,3.9487,0.94965,5.1732,0.7286
2021-12-03 13:45,48108131,16371197,3.8821,0.94993,5.0858,1.9091
2021-12-03 13:50,47923367,16199057,4.009,0.95025,5.2183,0.26012
2021-12-03 13:55,47867111,16196130,4.005,0.95002,5.243,0.66385
2021-12-03 14:00,47744089,16157793,3.994,0.94859,5.2324,0.21517
2021-12-03 14:05,47810495,16233206,3.9446,0.94837,5.1813,4.8825
2021-12-03 14:10,47811950,16245066,3.9584,0.94817,5.1963,0.61723
2021-12-03 14:15,47811429,16185087,3.9623,0.94752,5.2174,0.74374
2021-12-03 14:20,47494239,16052982,4.0332,0.94371,5.3115,0.21139
2021-12-03 14:25,47451729,15979370,4.0312,0.94403,5.2976,1.455
2021-12-03 14:30,47553455,16063843,3.9417,0.94335,5.1973,3.4646
2021-12-03 14:35,47525452,16097821,3.9465,0.9436,5.1929,1.151
2021-12-03 14:40,47499397,16067223,3.9191,0.94353,5.1646,0.60248
2021-12-03 14:45,47489582,15996057,3.9681,0.94369,5.207,1.018
2021-12-03 14:50,47485703,15958520,3.9711,0.94356,5.2143,0.35569
2021-12-03 14:55,47275901,15809861,4.0588,0.94357,5.3123,0.29562
2021-12-03 15:00,47231541,15742052,4.0897,0.94325,5.3339,0.68535
2021-12-03 15:05,47060852,15591120,4.1242,0.93906,5.3675,0.32726
2021-12-03 15:10,47092529,15616762,4.1526,0.93936,5.393,0.71713
2021-12-03 15:15,47099712,15595203,4.148,0.93897,5.3937,1.1451
2021-12-03 15:20,47040668,15679040,4.0524,0.93837,5.3166,2.6616
2021-12-03 15:25,47047121,15672572,4.0545,0.93817,5.3172,0.79591
2021-12-03 15:30,47017461,15725930,4.104,0.93798,5.3764,0.61301
2021-12-03 15:35,47046450,15681993,4.0904,0.9377,5.3683,1.9204
2021-12-03 15:40,47028136,15670715,4.0904,0.93873,5.3625,1.534
2021-12-03 15:45,47086829,15663396,4.0935,0.93902,5.3557,0.73076
2021-12-03 15:50,47021847,15591493,4.0668,0.9384,5.3321,0.79664
2021-12-03 15:55,46955228,15547939,4.0241,0.93816,5.2739,0.93744
2021-12-03 16:00,46985080,15576108,3.9527,0.93817,5.1722,1.0908
2021-12-03 16:05,47035659,15503424,3.9663,0.9394,5.1393,0.3604
2021-12-03 16:10,46756784,15097942,4.0496,0.93904,5.1685,0.49562
2021-12-03 16:15,46899415,15179465,4.0793,0.93896,5.2363,1.0718
2021-12-03 16:20,46977806,15224098,4.0835,0.93867,5.2421,1.0879
2021-12-03 16:25,47011833,15234853,4.1461,0.93857,5.3137,0.60554
2021-12-03 16:30,46953253,15276710,4.0979,0.93879,5.2609,1.1205
2021-12-03 16:35,46985732,15358226,4.1061,0.93865,5.2917,0.70978
2021-12-03 16:40,46920854,15271800,4.1291,0.93912,5.2973,0.9108
2021-12-03 16:45,46884317,15195444,4.1648,0.93892,5.3383,0.50844
2021-12-03 16:50,46885905,15176499,4.149,0.93881,5.3296,0.86799
2021-12-03 16:55,46827297,15107948,4.1703,0.93814,5.3616,0.8911
2021-12-03 17:00,46636017,14999045,4.2899,0.93789,5.4851,0.41989
2021-12-03 17:05,46209764,14851310,4.265,0.9418,5.4268,0.42127
2021-12-03 17:10,46204292,14864391,4.2598,0.94186,5.4202,0.65749
2021-12-03 17:15,46214152,14880033,4.2555,0.94181,5.4293,0.65978
2021-12-03 17:20,46182213,14940870,4.2424,0.94142,5.4302,1.5515
2021-12-03 17:25,46156178,14977680,4.2856,0.94127,5.5024,1.3716
2021-12-03 17:30,46197719,14922638,4.2445,0.94126,5.4555,0.62971
2021-12-03 17:35,46204833,14889339,4.2115,0.94156,5.4002,1.4459
2021-12-03 17:40,46233968,14966860,4.2069,0.94135,5.4065,1.0194
2021-12-03 17:45,46237401,14936408,4.2044,0.94135,5.3926,0.6678
2021-12-03 17:50,46267020,14991440,4.2096,0.94137,5.4115,1.0025
2021-12-03 17:55,46277818,14986973,4.1988,0.94124,5.3922,1.4593
2021-12-03 18:00,46239690,14955191,4.2127,0.94105,5.4186,1.1216
2021-12-03 18:05,46205850,14940756,4.2144,0.94099,5.4183,1.0288
2021-12-03 18:10,46209427,14971392,4.2338,0.94076,5.4364,0.79875
2021-12-03 18:15,46225048,14946869,4.226,0.94084,5.4246,1.4459
2021-12-03 18:20,46224736,15007785,4.2029,0.94081,5.3953,1.6676
2021-12-03 18:25,46206778,15016773,4.2039,0.94039,5.4084,1.3716
2021-12-03 18:30,46223847,14966707,4.1921,0.94026,5.4023,1.5453
2021-12-03 18:35,46287964,14964240,4.1856,0.94045,5.3917,0.63769
2021-12-03 18:40,46293312,14940799,4.1866,0.93964,5.3945,0.83906
2021-12-03 18:45,46303095,14939077,4.1856,0.93951,5.3974,0.8934
2021-12-03 18:50,46246934,14954030,4.2178,0.93963,5.424,1.1213
2021-12-03 18:55,46255649,14952519,4.194,0.93971,5.4047,1.5158
2021-12-03 19:00,46242917,14971213,4.1747,0.93957,5.3834,1.0852
2021-12-03 19:05,46145123,14951481,4.1564,0.93918,5.3577,1.2188
2021-12-03 19:10,46142947,14918756,4.1544,0.93909,5.3559,0.93007
2021-12-03 19:15,46156657,14956256,4.1282,0.93896,5.328,1.8195
2021-12-03 19:20,46120146,14834232,4.152,0.93895,5.3452,0.56828
2021-12-03 19:25,46072370,14793948,4.1553,0.93935,5.3524,0.48958
2021-12-03 19:30,46058764,14714745,4.1723,0.93888,5.3701,0.53003
2021-12-03 19:35,45978892,14686118,4.1874,0.93923,5.3841,0.82437
2021-12-03 19:40,45917485,14581254,4.1129,0.93878,5.2965,0.7833
2021-12-03 19:45,45883170,14587755,4.1331,0.9399,5.339,0.48322
2021-12-03 19:50,45991313,14527171,4.1667,0.94151,5.3729,0.39715
2021-12-03 19:55,45925198,14542673,4.1752,0.94094,5.3869,0.78305
2021-12-03 20:00,45931176,14505084,4.2286,0.9406,5.4413,0.90302
2021-12-03 20:05,45861987,14449533,4.1288,0.94232,5.3153,0.74999
2021-12-03 20:10,45998286,14450822,4.2244,0.94176,5.4367,1.0384
2021-12-03 20:15,45884444,14349442,4.2295,0.94147,5.4181,0.71253
2021-12-03 20:20,45388672,14186747,4.2135,0.94992,5.3569,0.61932
2021-12-03 20:25,45328214,14133571,4.2627,0.94837,5.3922,1.0359
2021-12-03 20:30,45330183,14196923,4.2497,0.94874,5.3921,0.99051
2021-12-03 20:35,45304261,14146709,4.2532,0.94629,5.4025,0.60339
2021-12-03 20:40,45238325,14056504,4.1952,0.94619,5.3346,0.79465
2021-12-03 20:45,45330516,14183012,4.1952,0.94597,5.3404,1.3659
2021-12-03 20:50,45445673,14316797,4.184,0.94632,5.3343,3.1125
2021-12-03 20:55,45637125,14423464,4.142,0.94762,5.2736,0.81895
2021-12-03 21:00,45818861,14464832,4.1228,0.94786,5.2638,0.99325
2021-12-03 21:05,45953718,14508048,4.1472,0.94787,5.3079,0.78649
2021-12-03 21:10,46100811,14596402,4.1544,0.94844,5.3058,0.82942
2021-12-03 21:15,46403557,14594856,4.173,0.94747,5.3465,0.55349
2021-12-03 21:20,46487204,14621620,4.2135,0.94789,5.3844,1.5608
2021-12-03 21:25,46593306,14700654,4.2477,0.94657,5.4234,1.7012
2021-12-03 21:30,46713400,14715188,4.2254,0.94665,5.4011,1.0928
2021-12-03 21:35,46771709,14761259,4.2231,0.9472,5.3645,1.2339
2021-12-03 21:40,46857153,14783795,4.2155,0.94665,5.3523,0.74263
2021-12-03 21:45,46938822,14848939,4.1913,0.94565,5.2864,2.7388
2021-12-03 21:50,46975112,14845212,4.2318,0.94555,5.3072,1.0672
2021-12-03 21:55,46985388,14822133,4.2188,0.94478,5.3072,1.1333
2021-12-03 22:00,46967796,14792277,4.219,0.94509,5.3253,0.47268
2021-12-03 22:05,46897315,14698602,4.2467,0.94115,5.3946,0.9706
2021-12-03 22:10,46952888,14805185,4.2425,0.94084,5.4038,1.0374
2021-12-03 22:15,46986660,14807803,4.1662,0.93583,5.3167,2.0964
2021-12-03 22:20,47060908,14829833,4.1628,0.93409,5.3198,1.4146
2021-12-03 22:25,47034713,14789981,4.1586,0.93245,5.3226,0.82579
2021-12-03 22:30,47049513,14809222,4.1388,0.93166,5.2904,1.2184
2021-12-03 22:35,47036727,14770025,4.1733,0.93122,5.3333,0.50036
2021-12-03 22:40,47030392,14800859,4.1501,0.93172,5.3164,0.82198
2021-12-03 22:45,47001849,14745547,4.2169,0.93183,5.3942,0.53771
2021-12-03 22:50,47010360,14707368,4.1747,0.93044,5.3627,0.94433
2021-12-03 22:55,47034795,14680192,4.2169,0.93073,5.4112,0.44675
2021-12-03 23:00,47074868,14694345,4.0292,0.93026,5.1909,0.94774
2021-12-03 23:05,47027578,14736877,4.0281,0.93032,5.1875,1.9209
2021-12-03 23:10,47026703,14732560,4.0097,0.93014,5.1665,1.2415
2021-12-03 23:15,47011437,14713421,4.0987,0.93193,5.2797,0.37066
2021-12-03 23:20,46823128,14705106,4.0958,0.93479,5.277,1.1638
2021-12-03 23:25,46715338,14681390,4.113,0.93451,5.2923,0.75643
2021-12-03 23:30,46733648,14705576,3.9952,0.93522,5.1668,2.4404
2021-12-03 23:35,46672838,14704553,4.0273,0.93503,5.2118,0.87363
2021-12-03 23:40,46631569,14735021,4.0136,0.934,5.1907,1.4702
2021-12-03 23:45,46579827,14711415,4.0234,0.93423,5.1907,0.96203
2021-12-03 23:50,46421841,14689626,3.974,0.93328,5.1157,1.8749
2021-12-03 23:55,46504376,14690412,3.9845,0.93287,5.1246,0.6781
2021-12-04 00:00,46485501,14663108,3.9701,0.93423,5.1356,0.86171
2021-12-04 00:05,46518097,14622033,3.8797,0.93181,5.0349,0.98139
2021-12-04 00:10,46562574,14660898,3.9032,0.93029,5.0896,0.60486
2021-12-04 00:15,46559603,14617120,3.9493,0.9291,5.1398,0.42912
2021-12-04 00:20,46559411,14617442,3.855,0.92859,5.0321,0.80185
2021-12-04 00:25,46584904,14580897,3.9118,0.92847,5.1117,0.62329
2021-12-04 00:30,46571725,14492536,4.0029,0.92871,5.2248,0.50458
2021-12-04 00:35,46593148,14510962,3.9971,0.92851,5.2261,1.201
2021-12-04 00:40,46717134,14500401,4.0107,0.92802,5.2475,0.54403
2021-12-04 00:45,46734805,14470248,3.9749,0.92746,5.2005,0.52749
2021-12-04 00:50,46662844,14375010,4.0639,0.92677,5.2736,0.67276
2021-12-04 00:55,46530679,14282832,4.0352,0.92673,5.2255,0.56506
2021-12-04 01:00,46513848,14242540,4.0902,0.9268,5.2849,1.1224
2021-12-04 01:05,46526667,14333005,4.133,0.92608,5.3219,1.3992
2021-12-04 01:10,46555881,14271779,4.1988,0.92564,5.4023,0.48357
2021-12-04 01:15,46555450,14242988,4.1591,0.92598,5.3442,0.6663
2021-12-04 01:20,46619240,14312031,4.183,0.92564,5.3805,0.64267
2021-12-04 01:25,46620673,14396092,4.1812,0.92554,5.3809,1.1178
2021-12-04 01:30,46611505,14379387,4.1685,0.92535,5.3736,1.7024
2021-12-04 01:35,46476253,14262866,4.1424,0.92561,5.3408,0.47287
2021-12-04 01:40,46529675,14223084,4.1065,0.92574,5.2997,0.50711
2021-12-04 01:45,46484361,14250697,4.0873,0.9258,5.2793,0.99225
2021-12-04 01:50,46544679,14332136,4.0382,0.92737,5.2195,1.8489
2021-12-04 01:55,46649477,14307778,4.0441,0.92743,5.227,0.42945
2021-12-04 02:00,46711484,14382933,4.0432,0.92814,5.2242,1.8191
2021-12-04 02:05,46710456,14422781,4.0254,0.92793,5.2051,1.4651
2021-12-04 02:10,46762527,14360677,4.0422,0.92695,5.2277,0.83007
2021-12-04 02:15,46770931,14352252,4.071,0.92695,5.2619,1.6787
2021-12-04 02:20,46757125,14310818,4.073,0.92702,5.2667,1.1076
2021-12-04 02:25,46659290,14274477,4.0511,0.92665,5.2381,1.2121
2021-12-04 02:30,46670625,14276328,4.0551,0.92649,5.2422,1.988
2021-12-04 02:35,46694161,14299174,4.0531,0.92652,5.2393,0.52842
2021-12-04 02:40,46759984,14305205,4.075,0.9263,5.2667,0.93226
2021-12-04 02:45,46751563,14321874,4.0581,0.92583,5.2553,0.85148
2021-12-04 02:50,46753009,14432186,4.0671,0.92586,5.2725,1.2081
2021-12-04 02:55,46747406,14422977,4.0501,0.92588,5.2571,0.83275
2021-12-04 03:00,46698831,14426670,4.0284,0.92546,5.2332,1.3305
2021-12-04 03:05,46521194,14295748,4.0992,0.92506,5.3127,0.45055
2021-12-04 03:10,46486071,14226050,4.1104,0.92527,5.3256,0.36904
2021-12-04 03:15,46544063,14225790,4.1114,0.9247,5.3275,0.61422
2021-12-04 03:20,46541173,14209124,4.1134,0.92472,5.3293,1.0773
2021-12-04 03:25,46295622,14016194,4.1354,0.92608,5.3296,0.38877
2021-12-04 03:30,46258441,14014032,4.1343,0.92629,5.3219,1.0286
2021-12-04 03:35,46335549,14055886,4.0955,0.92659,5.2724,0.75462
2021-12-04 03:40,46328826,14043624,4.0834,0.92652,5.2502,1.2846
2021-12-04 03:45,46258801,13993891,4.1129,0.92705,5.2738,0.55951
2021-12-04 03:50,46166979,14016237,4.0896,0.92696,5.2449,2.0461
2021-12-04 03:55,45968485,13866430,4.1285,0.92669,5.29,0.36836
2021-12-04 04:00,44527252,13118159,3.9724,0.9261,4.9699,0.46791
2021-12-04 04:05,44147048,13017528,4.027,0.92498,5.0194,0.693
2021-12-04 04:10,44397855,13193715,4.032,0.92199,5.0296,1.1053
2021-12-04 04:15,44539862,13309072,3.998,0.92236,5.0074,1.3118
2021-12-04 04:20,44446580,13308029,3.848,0.92128,4.8018,0.82291
2021-12-04 04:25,44375738,13299409,3.8488,0.92178,4.8118,0.48287
2021-12-04 04:30,44277865,13149274,3.9088,0.92275,4.8739,0.76329
2021-12-04 04:35,44228276,13115402,3.9299,0.92295,4.888,1.1469
2021-12-04 04:40,44079819,12963711,4.0159,0.92234,5.0101,0.43224
2021-12-04 04:45,43855232,12778381,4.1038,0.9267,5.0811,0.3551
2021-12-04 04:50,43721947,12903984,4.0261,0.92794,4.9991,1.7011
2021-12-04 04:55,41493580,11363658,3.5892,0.91105,4.1785,0.39798
2021-12-04 05:05,40127213,10517062,3.1817,0.87437,3.6878,0.5997
2021-12-04 05:10,39634800,10522247,3.2,0.8843,3.7042,1.0719
2021-12-04 05:15,39031550,10188897,3.1514,0.89696,3.6298,0.70765
2021-12-04 05:20,38069773,9473085.9,2.8673,0.89223,3.266,0.82828
2021-12-04 05:35,34530709,8468873.9,2.2702,0.83893,2.5361,1.0318
2021-12-04 05:40,34028025,8428457,2.2503,0.85201,2.5209,1.0657
2021-12-04 05:45,33739356,8257884.9,2.306,0.86723,2.5978,0.98084
2021-12-04 05:50,33325164,8392093.1,2.3208,0.88328,2.6129,0.87993
2021-12-04 05:55,32778373,8417595,2.3337,0.89937,2.6297,0.86977
2021-12-04 06:00,32123370,8319310.4,2.3111,0.91559,2.6312,1.0813
2021-12-04 06:05,31727615,8031964.1,2.3066,0.93141,2.6171,0.76462
2021-12-04 06:10,31392525,7966167.1,2.2664,0.94022,2.5559,0.8539
2021-12-04 06:15,31237762,8038725.7,2.2885,0.94329,2.5771,0.92093
2021-12-04 06:20,31277208,8211831,2.2938,0.94344,2.6147,1.2995
2021-12-04 06:25,31199357,8222902.5,2.2892,0.94298,2.598,0.95592
2021-12-04 06:30,31156273,8181962.6,2.3056,0.94385,2.6274,0.68944
2021-12-04 06:35,30937834,8194365.8,2.2799,0.94455,2.6141,1.3258
2021-12-04 06:40,31132911,8136275,2.2943,0.9442,2.6256,0.56911
2021-12-04 06:45,31004155,8132079.8,2.3056,0.94432,2.6463,1.0667
2021-12-04 06:50,31058038,8150250.3,2.2616,0.94415,2.6101,1.1471
2021-12-04 06:55,30964715,8083830.6,2.3066,0.94427,2.6514,1.0253
2021-12-04 07:00,30790492,8074931.5,2.3104,0.94492,2.6606,1.1678
2021-12-04 07:05,30565679,7965721.6,2.2798,0.94686,2.6318,1.1698
2021-12-04 07:10,30442344,7805417,2.3416,0.94679,2.6823,0.98923
2021-12-04 07:15,30373910,7751158.8,2.3333,0.94605,2.6621,0.81316
2021-12-04 07:20,30385463,7815141.1,2.3259,0.94584,2.6545,0.94171
2021-12-04 07:25,30316951,7936821,2.33,0.94492,2.6728,0.91456
2021-12-04 07:30,30221521,7960627.9,2.3251,0.9453,2.6697,1.0491
2021-12-04 07:35,30113254,7897618.5,2.3144,0.94474,2.65,0.98998
2021-12-04 07:40,30059862,7818673.2,2.3437,0.94343,2.6927,1.0058
2021-12-04 07:45,29789609,7736659.4,2.3193,0.94319,2.6651,0.91143
2021-12-04 07:50,29658385,7660167.7,2.3074,0.94399,2.6421,1.1143
2021-12-04 07:55,29527870,7675903.3,2.3367,0.94293,2.6835,1.3786
2021-12-04 08:00,29296453,7686766.1,2.3678,0.94213,2.7231,1.6521
2021-12-04 08:05,29386570,7696636.5,2.3529,0.94241,2.6995,0.74456
2021-12-04 08:10,29431251,7819534.6,2.3744,0.94263,2.7149,0.72851
2021-12-04 08:15,29317562,7832250.9,2.3201,0.94189,2.6799,1.7812
2021-12-04 08:20,28985940,7740695.3,2.3091,0.94129,2.6674,1.884
2021-12-04 08:25,28676118,7664552.8,2.3153,0.94105,2.6765,3.4837
2021-12-04 08:30,28662795,7728349.4,2.2963,0.93885,2.6972,1.7023
2021-12-04 08:35,28667582,7720179.8,2.2976,0.93918,2.7055,1.0239
2021-12-04 08:40,28671279,7726483.1,2.3041,0.93912,2.7203,1.0747
2021-12-04 08:45,28644007,7787174.6,2.2861,0.93974,2.713,1.3949
2021-12-04 08:50,28632616,7728604.8,2.2873,0.93865,2.7153,1.7397
2021-12-04 08:55,28551392,7757413.2,2.2861,0.94086,2.703,1.4773
2021-12-04 09:00,28620193,7733462.4,2.2662,0.94096,2.6808,0.94415
2021-12-04 09:05,28566298,7701851,2.301,0.94135,2.7277,1.5439
2021-12-04 09:10,28522370,7677936.8,2.2831,0.941,2.718,0.72688
2021-12-04 09:15,28440564,7606713.2,2.2907,0.94125,2.7186,0.6621
2021-12-04 09:20,28435878,7591810.7,2.2728,0.94123,2.6871,1.4695
2021-12-04 09:25,28426332,7626055.2,2.2708,0.94057,2.6908,0.95746
2021-12-04 09:30,28377044,7621229.5,2.2599,0.93973,2.6704,1.7302
2021-12-04 09:35,28390801,7685673.7,2.2902,0.93955,2.7065,1.7243
2021-12-04 09:40,28414532,7676470,2.3046,0.93959,2.726,1.2776
2021-12-04 09:45,28404460,7673998.9,2.2831,0.93939,2.7122,1.1378
2021-12-04 09:50,28292022,7573774.3,2.2847,0.93919,2.7086,0.7472
2021-12-04 09:55,28254846,7600271,2.2443,0.93967,2.6539,1.528
2021-12-04 10:00,28161769,7628172.7,2.2641,0.93946,2.6858,2.891
2021-12-04 10:05,27994255,7561808.2,2.3305,0.93985,2.7716,1.1857
2021-12-04 10:10,27941231,7555371.5,2.3835,0.93973,2.8187,1.0462
2021-12-04 10:15,27957011,7570682.5,2.3537,0.94023,2.7867,1.0141
2021-12-04 10:20,27874904,7492436.4,2.3429,0.9398,2.7789,0.68392
2021-12-04 10:25,27925940,7435320.9,2.3075,0.94654,2.7371,1.537
2021-12-04 10:30,27827304,7370259.3,2.3642,0.94678,2.7948,0.56106
2021-12-04 10:35,27967311,7290104.7,2.412,0.94894,2.8337,0.70135
2021-12-04 10:40,28086226,7249308.3,2.3857,0.95054,2.8071,0.56618
2021-12-04 10:45,28121031,7253538.7,2.4458,0.9516,2.8573,0.95352
2021-12-04 10:50,28142543,7253459,2.4785,0.95155,2.9166,0.84994
2021-12-04 10:55,28071572,7266862.9,2.5051,0.95215,2.9411,0.84393
2021-12-04 11:00,28115512,7316871.7,2.4994,0.95241,2.941,0.59938
2021-12-04 11:05,27939950,7227915.9,2.5159,0.95185,2.9447,0.93318
2021-12-04 11:10,27905043,7163451.4,2.5268,0.95379,2.9366,0.96071
2021-12-04 11:15,27960554,7183838.9,2.5613,0.95418,2.9656,0.63248
2021-12-04 11:20,27908004,7169845.3,2.5753,0.95397,2.9916,1.0443
2021-12-04 11:25,27910854,7117575.1,2.5714,0.95389,2.9785,0.75761
2021-12-04 11:30,27922384,7132092,2.5517,0.95385,2.9515,1.03
2021-12-04 11:35,27832296,7079701.1,2.5064,0.95491,2.8821,1.1178
2021-12-04 11:40,27722231,6972972.8,2.4835,0.952,2.8605,0.31782
2021-12-04 11:45,27656506,6951186.2,2.4796,0.95176,2.8318,0.77565
2021-12-04 11:50,27840000,7041571.2,2.4994,0.95061,2.8601,1.0291
2021-12-04 11:55,27899413,7091014.1,2.3822,0.9535,2.741,1.47
2021-12-04 12:00,27873187,7115087.5,2.397,0.95288,2.7631,0.93223
2021-12-04 12:05,27833811,7151739.1,2.3781,0.95274,2.766,1.1142
2021-12-04 12:10,27792538,7138251.9,2.349,0.95124,2.7497,0.88371
2021-12-04 12:15,27770762,7190128,2.3731,0.95064,2.7897,1.0621
2021-12-04 12:20,27656522,7195053,2.3248,0.94967,2.7404,1.8333
2021-12-04 12:25,27688106,7237741.2,2.3614,0.95053,2.7883,0.89901
2021-12-04 12:30,27586132,7182148.5,2.3682,0.95053,2.7844,0.96177
2021-12-04 12:35,27625389,7200288.6,2.3589,0.95025,2.7677,0.78519
2021-12-04 12:40,27659902,7207790.7,2.361,0.95009,2.7794,0.69884
2021-12-04 12:45,27758676,7188409.5,2.39,0.95069,2.8005,0.48316
2021-12-04 12:50,27716199,7171289.3,2.4304,0.95054,2.8513,1.1084
2021-12-04 12:55,27853242,7168069.4,2.4485,0.95222,2.8591,0.72364
2021-12-04 13:00,27814926,7148157.8,2.4599,0.95161,2.8683,0.7059
2021-12-04 13:05,27738413,7089333.1,2.509,0.95215,2.9257,0.53151
2021-12-04 13:10,27603000,7038765,2.4197,0.94895,2.854,0.7191
2021-12-04 13:15,27665926,7038764.9,2.4981,0.94995,2.9168,0.56161
2021-12-04 13:20,27767914,7025987.5,2.527,0.95032,2.9645,0.7298
2021-12-04 13:25,27867614,7038523.3,2.5464,0.95155,2.9775,0.8144
2021-12-04 13:30,28183704,7186280.8,2.5237,0.95245,2.96,1.2423
2021-12-04 13:35,28159245,7254103.1,2.5283,0.95299,2.9669,1.0553
2021-12-04 13:40,28192405,7261876.6,2.5283,0.95256,2.9905,0.66251
2021-12-04 13:45,28128773,7288369.6,2.5322,0.95236,2.9976,1.1184
2021-12-04 13:50,27991741,7271694.5,2.5251,0.95002,2.9964,1.6791
2021-12-04 13:55,27868752,7259252.5,2.5096,0.95106,2.9623,1.4508
2021-12-04 14:00,27732877,7260744.5,2.4936,0.9506,2.9333,1.7689
2021-12-04 14:05,27672220,7239554.2,2.5019,0.95285,2.9391,0.98313
2021-12-04 14:10,27536302,7202119.8,2.4873,0.95275,2.915,0.57133
2021-12-04 14:15,27546627,7256883.4,2.4949,0.95463,2.9433,1.911
2021-12-04 14:20,27580058,7289409.3,2.4563,0.94951,2.91,1.2194
2021-12-04 14:25,27650274,7313589.8,2.4551,0.94849,2.9138,0.6463
2021-12-04 14:30,27635237,7311178.3,2.4311,0.94811,2.8926,1.3535
2021-12-04 14:35,27672610,7342474.1,2.4447,0.94947,2.9267,1.6336
2021-12-04 14:40,27690877,7333290.2,2.4323,0.95016,2.8948,0.8813
2021-12-04 14:45,27794176,7389359.6,2.411,0.94975,2.8803,1.6814
2021-12-04 14:50,27762732,7442443.3,2.4453,0.94892,2.9311,1.245
2021-12-04 14:55,27763408,7452809.2,2.423,0.94706,2.9288,0.70636
2021-12-04 15:00,27943041,7512373.7,2.4115,0.94718,2.9082,1.7252
2021-12-04 15:05,27823467,7528195.5,2.3891,0.94809,2.8956,1.4105
2021-12-04 15:10,27641013,7529265.4,2.3645,0.94754,2.8685,1.5063
2021-12-04 15:15,27594182,7571925.5,2.3362,0.94674,2.8721,0.78332
2021-12-04 15:20,27390046,7477756.5,2.3817,0.9477,2.8837,0.77049
2021-12-04 15:25,27383075,7487841.9,2.3464,0.94674,2.8637,1.0637
2021-12-04 15:30,27334617,7471370.9,2.2973,0.94638,2.8069,0.71133
2021-12-04 15:35,27304856,7495299.8,2.3374,0.94611,2.8402,1.1179
2021-12-04 15:40,27341522,7500086.5,2.3588,0.94623,2.8661,0.89509
2021-12-04 15:45,27341115,7525603.4,2.3358,0.94628,2.8414,2.0047
2021-12-04 15:50,27280705,7498374.6,2.3551,0.94718,2.8533,0.6489
2021-12-04 15:55,27269827,7502425.2,2.3609,0.94625,2.8667,1.0585
2021-12-04 16:00,27238664,7507520.6,2.3403,0.94648,2.8456,0.69765
2021-12-04 16:05,27249682,7529632.1,2.3159,0.94491,2.8166,0.88516
2021-12-04 16:10,27310607,7487338.4,2.309,0.94304,2.8066,0.53375
2021-12-04 16:15,27245915,7458296.8,2.2925,0.94447,2.7661,0.6368
2021-12-04 16:20,27197021,7536170,2.2263,0.94444,2.6954,1.8197
2021-12-04 16:25,27135457,7547456,2.2574,0.94552,2.7182,1.3906
2021-12-04 16:30,27094405,7543082.4,2.229,0.94462,2.6857,2.5643
2021-12-04 16:35,27108186,7537431.1,2.2119,0.9443,2.6739,1.2129
2021-12-04 16:40,27104883,7528381.3,2.2282,0.9444,2.69,0.67714
2021-12-04 16:45,27067555,7504485.6,2.2256,0.94445,2.6918,1.8784
2021-12-04 16:50,27004337,7456707.6,2.1963,0.94498,2.6501,1.5124
2021-12-04 16:55,26849267,7401000.4,2.2431,0.94728,2.7017,0.63875
2021-12-04 17:00,26755385,7342212.8,2.228,0.94829,2.6769,1.0702
2021-12-04 17:05,26705144,7342045.2,2.2178,0.94785,2.6648,1.1539
2021-12-04 17:10,26813777,7380256.4,2.2134,0.95187,2.6554,1.1949
2021-12-04 17:15,27052715,7316406.8,2.3114,0.95488,2.7398,0.61756
2021-12-04 17:20,27003696,7400385.6,2.1672,0.94867,2.5951,1.9605
2021-12-04 17:25,26948541,7542067.1,2.1686,0.95255,2.6101,1.0876
2021-12-04 17:30,27141080,7570549.4,2.1725,0.95228,2.5968,0.86417
2021-12-04 17:35,27246931,7653810.9,2.1669,0.94849,2.6203,1.4482
2021-12-04 17:40,27380942,7666663.8,2.1655,0.94842,2.6197,0.44925
2021-12-04 17:45,27330550,7685212.6,2.1189,0.94873,2.5626,2.4351
2021-12-04 17:50,27245799,7678673.5,2.1014,0.94945,2.5472,1.2267
2021-12-04 17:55,27171027,7654893.4,2.1165,0.94806,2.5761,1.4129
2021-12-04 18:00,26994757,7601850.7,2.1047,0.94647,2.5603,0.96815
2021-12-04 18:05,26898746,7544829.3,2.1109,0.94572,2.5605,0.71852
2021-12-04 18:10,26856686,7533300.4,2.1155,0.94682,2.5759,1.2563
2021-12-04 18:15,26906527,7524141.2,2.1029,0.94545,2.5552,0.53922
2021-12-04 18:20,26817552,7464552.2,2.1148,0.94591,2.5654,1.1342
2021-12-04 18:25,26884616,7538192,2.1412,0.94614,2.6209,0.67512
2021-12-04 18:30,26902205,7528582.1,2.1317,0.9466,2.6059,0.73162
2021-12-04 18:35,26846559,7561883.7,2.0933,0.94631,2.5677,1.1727
2021-12-04 18:40,26859134,7568098.2,2.0761,0.94616,2.5613,4.5256
2021-12-04 18:45,26759726,7556143.8,2.0761,0.94551,2.5629,1.4316
2021-12-04 18:50,26722761,7550248.9,2.0533,0.94509,2.5401,1.6102
2021-12-04 18:55,26643254,7571213.5,2.0398,0.9438,2.5374,0.98524
2021-12-04 19:00,26630932,7570375,2.0377,0.94171,2.5344,2.1031
2021-12-04 19:05,26655199,7605237.7,2.0231,0.94127,2.5244,1.6537
2021-12-04 19:10,26672118,7598886.4,2.0398,0.94134,2.5501,1.1785
2021-12-04 19:15,26657772,7588401.4,2.0364,0.94117,2.5389,2.3214
2021-12-04 19:20,26567574,7624628.1,2.051,0.94096,2.5536,0.84212
2021-12-04 19:25,26412389,7601749.7,2.041,0.94233,2.5453,1.1945
2021-12-04 19:30,26395520,7604569.6,2.0431,0.94244,2.5478,0.95959
2021-12-04 19:35,26389711,7657766.3,2.0591,0.94233,2.575,1.6062
2021-12-04 19:40,26396409,7625130.7,2.0624,0.94288,2.5759,0.62556
2021-12-04 19:45,26333001,7706415.9,2.0647,0.94387,2.5771,1.8127
2021-12-04 19:50,26363215,7698322.4,2.0819,0.94336,2.5975,0.88997
2021-12-04 19:55,26312207,7693952.4,2.1018,0.94363,2.6319,0.71631
2021-12-04 20:00,26350558,7710963.8,2.1205,0.94355,2.6514,0.44117
2021-12-04 20:05,26259381,7585810,2.1363,0.94432,2.6314,0.61448
2021-12-04 20:10,26225568,7652591.4,2.1578,0.94536,2.6656,0.99298
2021-12-04 20:15,26262912,7679822.3,2.1185,0.94525,2.6164,0.84783
2021-12-04 20:20,26344188,7749669.8,2.1231,0.94514,2.6285,1.7123
2021-12-04 20:25,26406314,7714604.6,2.1352,0.94469,2.6425,0.56884
2021-12-04 20:30,26438824,7721194.2,2.1279,0.94518,2.6506,1.2327
2021-12-04 20:35,26140642,7637250,2.2134,0.94819,2.7344,1.4029
2021-12-04 20:40,26084194,7631163.1,2.2061,0.94806,2.7293,0.96908
2021-12-04 20:45,26044531,7625317.8,2.1869,0.94767,2.6997,1.0546
2021-12-04 20:50,26036705,7627973.5,2.1887,0.94756,2.7012,1.2573
2021-12-04 20:55,26021324,7603430.9,2.1713,0.94746,2.6721,1.0495
2021-12-04 21:00,26007992,7610214.9,2.1932,0.94732,2.6949,0.71509
2021-12-04 21:05,25965644,7539011.5,2.2038,0.94783,2.7045,0.74247
2021-12-04 21:10,26174646,7699272.1,2.1589,0.9504,2.6699,2.0542
2021-12-04 21:15,26181813,7698280.4,2.1276,0.95224,2.6066,0.71369
2021-12-04 21:20,26217398,7751635.7,2.1386,0.95079,2.646,1.2509
2021-12-04 21:25,25991252,7621736.3,2.1818,0.95052,2.6724,0.47619
2021-12-04 21:30,26101157,7686529.7,2.1622,0.95128,2.6587,0.5863
2021-12-04 21:35,26148017,7703917,2.1729,0.95112,2.6656,1.0931
2021-12-04 21:40,26155149,7654732.8,2.1667,0.95104,2.6573,0.85062
2021-12-04 21:45,26164884,7602529.4,2.143,0.95282,2.6254,1.1216
2021-12-04 21:50,26020026,7507321.6,2.1825,0.95402,2.6562,0.48043
2021-12-04 21:55,25971364,7548836.7,2.1323,0.95574,2.5968,1.2674
2021-12-04 22:00,25878751,7515448.1,2.1505,0.95491,2.607,0.92026
2021-12-04 22:05,25849707,7502102,2.1503,0.95511,2.6043,1.332
2021-12-04 22:10,25827645,7491825,2.1432,0.95552,2.6,0.41822
2021-12-04 22:15,25842390,7513560.2,2.1407,0.95485,2.6038,0.96895
2021-12-04 22:20,25774149,7476855.6,2.1396,0.95481,2.6094,1.2827
2021-12-04 22:25,25726024,7466463.9,2.1485,0.9546,2.6191,0.64953
2021-12-04 22:30,25743132,7489938,2.1521,0.95492,2.628,1.008
2021-12-04 22:35,25704805,7529375.1,2.1543,0.95474,2.6298,0.8809
2021-12-04 22:40,25673104,7418431.8,2.1717,0.95503,2.6497,0.33641
2021-12-04 22:45,25687769,7453436.7,2.1535,0.95382,2.6298,2.0746
2021-12-04 22:50,25730412,7456093.9,2.1669,0.95338,2.6566,2.2569
2021-12-04 22:55,25687307,7449062.2,2.1731,0.95462,2.6566,1.3688
2021-12-04 23:00,25757598,7454429.9,2.1909,0.95402,2.6753,0.502
2021-12-04 23:05,25778312,7460759.1,2.2211,0.95511,2.6958,0.71731
2021-12-04 23:10,25874521,7479641.7,2.2716,0.95515,2.7429,0.49833
2021-12-04 23:15,25925921,7450544.3,2.2699,0.9556,2.7344,0.35255
2021-12-04 23:20,25920206,7456353.9,2.2547,0.95488,2.7202,0.79331
2021-12-04 23:25,26025368,7427640,2.2295,0.95606,2.6814,0.45881
2021-12-04 23:30,25992969,7430413.5,2.1986,0.95713,2.6535,1.4174
2021-12-04 23:35,25842835,7339106.7,2.2648,0.95535,2.7177,0.66834
2021-12-04 23:40,25609113,7261604.3,2.3305,0.95318,2.7906,1.9233
2021-12-04 23:45,25593376,7272348.1,2.3241,0.95311,2.7802,1.3015
2021-12-04 23:50,25611221,7233517.2,2.3386,0.95242,2.8004,0.46349
2021-12-04 23:55,25612611,7266947,2.3325,0.95187,2.7973,1.7803
2021-12-05 00:00,25593989,7305983.3,2.3354,0.95151,2.8213,1.3611
2021-12-05 00:05,25572521,7346929.5,2.2888,0.95211,2.7769,1.1749
2021-12-05 00:10,25722369,7391065.5,2.4216,0.96303,2.7878,1.0105
2021-12-05 00:15,25617560,7356521.4,2.4253,0.96317,2.7973,0.86015
2021-12-05 00:20,25533373,7368429.5,2.4483,0.96157,2.8268,0.9319
2021-12-05 00:25,25476789,7332788.3,2.4399,0.96221,2.82,0.91025
2021-12-05 00:30,25519878,7312474.3,2.4411,0.96258,2.8135,0.54603
2021-12-05 00:35,25415946,7118011.4,2.4889,0.96012,2.8477,0.50244
2021-12-05 00:40,25296944,7054052.8,2.5872,0.96177,2.9601,0.94055
2021-12-05 00:45,25236884,7000674.8,2.6335,0.96186,2.994,0.89649
2021-12-05 00:50,25351550,7074603.5,2.5975,0.96244,2.9518,0.72268
2021-12-05 00:55,25591935,7127193.4,2.5357,0.96336,2.8862,0.79627
2021-12-05 01:00,25728545,7194987.6,2.5483,0.96358,2.895,0.74801
2021-12-05 01:05,25693475,7147789.9,2.5383,0.96329,2.8906,0.8977
2021-12-05 01:10,25639128,7129358,2.5031,0.96314,2.8518,0.85862
2021-12-05 01:15,25671248,7176619.4,2.5006,0.96337,2.8407,0.75597
2021-12-05 01:20,25694786,7221519.6,2.5565,0.96331,2.9051,1.0586
2021-12-05 01:25,25658938,7193367.8,2.5414,0.96273,2.8904,0.68151
2021-12-05 01:30,25580474,7112395,2.5043,0.96205,2.8527,1.1288
2021-12-05 01:35,25509509,7099296.4,2.5134,0.96227,2.8588,1.3298
2021-12-05 01:40,25449879,7151613,2.5,0.96231,2.8396,2.1086
2021-12-05 01:45,25538449,7197129,2.5012,0.9632,2.8419,0.77854
2021-12-05 01:50,25496035,7173819.4,2.4927,0.96325,2.8307,0.47848
2021-12-05 01:55,25475539,7188272.3,2.5098,0.96365,2.8438,1.3141
2021-12-05 02:00,25599759,7167060.3,2.5892,0.96686,2.9288,0.45056
2021-12-05 02:05,25533600,7124433.8,2.5852,0.96697,2.9324,1.4334
2021-12-05 02:10,25723419,7125387.1,2.6149,0.96754,2.959,0.22305
2021-12-05 02:15,25813494,7167789.8,2.5995,0.96757,2.9474,0.49374
2021-12-05 02:20,25793829,7191780.7,2.6015,0.96722,2.9624,1.2628
2021-12-05 02:25,25720612,7198727.1,2.5894,0.96711,2.9461,1.7201
2021-12-05 02:30,25853727,7209118.1,2.5992,0.96642,2.9542,0.51745
2021-12-05 02:35,25893487,7215702.5,2.6142,0.9652,2.9741,0.78778
2021-12-05 02:40,25815660,7150421.5,2.6209,0.96567,2.9775,0.88934
2021-12-05 02:45,25774590,7157599,2.6114,0.9655,2.9706,1.7004
2021-12-05 02:50,25709404,7155441.3,2.6252,0.96476,2.9941,3.3848
2021-12-05 02:55,25622564,7085817.1,2.6458,0.96405,3.0083,0.5955
2021-12-05 03:00,25590213,7105378.5,2.6365,0.96382,2.9882,0.87751
2021-12-05 03:05,25512648,7055267.7,2.628,0.96409,2.9683,1.0005
2021-12-05 03:10,25516223,7075845.9,2.6839,0.96394,3.0215,0.90614
2021-12-05 03:15,25441983,7076942,2.6944,0.96388,3.0347,1.769
2021-12-05 03:20,25493335,7123825.7,2.69,0.96394,3.0371,0.96039
2021-12-05 03:25,25452659,7140164.9,2.6918,0.96388,3.0457,0.40213
2021-12-05 03:30,25123458,7074012.1,2.6949,0.9617,3.036,2.5264
2021-12-05 03:35,25216985,7110465.8,2.6757,0.96141,3.0275,0.86636
2021-12-05 03:40,25162817,7094656.3,2.6744,0.96125,3.0179,1.8454
2021-12-05 03:45,25170097,7089368.7,2.6636,0.96086,3.006,1.2404
2021-12-05 03:50,25130453,7096176.2,2.6628,0.96098,3.0036,1.059
2021-12-05 03:55,25054653,7074932.9,2.6736,0.96078,3.0239,1.4659
2021-12-05 04:00,25043629,7075072.9,2.6418,0.96055,2.9952,2.7563
2021-12-05 04:05,25019153,7033255.9,2.6564,0.96056,3.0131,0.74374
2021-12-05 04:10,24994993,7024092.9,2.6372,0.96079,2.9893,1.0295
2021-12-05 04:15,25010685,7009244.5,2.6727,0.96127,3.0263,0.44287
2021-12-05 04:20,25017025,7018184.6,2.6186,0.96099,2.9787,0.65985
2021-12-05 04:25,25023466,6997381.1,2.63,0.96111,2.9775,1.3745
2021-12-05 04:30,24999781,6997002.2,2.6364,0.96118,2.9823,4.092
2021-12-05 04:35,24871846,6967101.5,2.6585,0.9602,3.0048,2.6518
2021-12-05 04:40,24765058,6986603.5,2.5418,0.95959,2.8868,2.8417
2021-12-05 04:45,24766503,7021055.9,2.5226,0.95832,2.8802,1.1358
2021-12-05 04:50,24765396,6999371.3,2.4825,0.95853,2.8353,0.50768
2021-12-05 04:55,24750061,6980093.9,2.5195,0.95867,2.8719,0.86842
2021-12-05 05:00,24678212,6942434.4,2.4981,0.9577,2.8561,1.2917
2021-12-05 05:05,24662388,6926509.8,2.5247,0.95743,2.8867,0.59973
2021-12-05 05:10,24646997,6945770.2,2.5316,0.95753,2.8925,0.95557
2021-12-05 05:15,24670601,6942350.5,2.4975,0.95771,2.8565,0.71251
2021-12-05 05:20,24654141,6971698,2.4714,0.95781,2.8331,1.8695
2021-12-05 05:25,24578574,6987516.5,2.49,0.95796,2.8532,0.49058
2021-12-05 05:30,24555881,7028641.9,2.4328,0.95765,2.7977,3.3639
2021-12-05 05:35,24584692,7056790,2.4831,0.95791,2.852,0.64297
2021-12-05 05:40,24632879,7072838.5,2.4436,0.9579,2.8014,2.4219
2021-12-05 05:45,24650418,7098087.9,2.4435,0.95762,2.7986,1.9558
2021-12-05 05:50,24688987,7115535.7,2.457,0.9573,2.8175,1.4042
2021-12-05 05:55,24680915,7134018.5,2.4362,0.95691,2.7991,0.6659
2021-12-05 06:00,24788385,7166348.1,2.4454,0.95663,2.8124,2.2177
2021-12-05 06:05,24749322,7144327.9,2.4316,0.9563,2.7866,1.76
2021-12-05 06:10,24730829,7138801.1,2.4505,0.95601,2.8043,1.533
2021-12-05 06:15,24783000,7153714.6,2.4307,0.95534,2.7802,0.59934
2021-12-05 06:20,24780332,7128805.9,2.4342,0.95529,2.7802,1.086
2021-12-05 06:25,24796353,7130104.8,2.427,0.95538,2.7685,1.4381
2021-12-05 06:30,24750524,7153148.9,2.424,0.95529,2.7705,0.97868
2021-12-05 06:35,24730506,7143131.2,2.4252,0.95507,2.7784,0.98465
2021-12-05 06:40,24726416,7124669.5,2.4519,0.95509,2.8182,0.54709
2021-12-05 06:45,24691305,7105910.7,2.4051,0.95482,2.7775,0.98187
2021-12-05 06:50,24736950,7139331.1,2.3935,0.95505,2.7704,5.3754
2021-12-05 06:55,24719730,7141282.8,2.4321,0.95522,2.8056,0.99067
2021-12-05 07:00,24712430,7126100.5,2.4242,0.95532,2.798,1.4159
2021-12-05 07:05,24778457,7158744,2.4129,0.95519,2.7863,3.0808
2021-12-05 07:10,24694297,7115414.7,2.4393,0.95486,2.8154,0.2468
2021-12-05 07:15,24739223,7130191.9,2.4644,0.95484,2.849,2.7201
2021-12-05 07:20,24694815,7114986.1,2.4753,0.95526,2.8609,0.79599
2021-12-05 07:25,24694825,7113097.4,2.46,0.95525,2.8381,1.6112
2021-12-05 07:30,24684750,7097359.3,2.4661,0.95536,2.8432,0.58583
2021-12-05 07:35,24675884,7116524.9,2.4473,0.95543,2.8235,2.3339
2021-12-05 07:40,24640733,7106633.8,2.4771,0.95507,2.8552,0.23229
2021-12-05 07:45,24630454,7080270.3,2.4625,0.95453,2.8401,0.4442
2021-12-05 07:50,24596309,7052007.8,2.4539,0.95355,2.8245,0.34429
2021-12-05 07:55,24714349,7036146,2.4624,0.95344,2.8267,1.2108
2021-12-05 08:00,24696024,7038119.9,2.4308,0.95329,2.805,0.98927
2021-12-05 08:05,24764403,7030118.7,2.4046,0.95281,2.7754,0.41297
2021-12-05 08:10,24810668,7056948.7,2.4423,0.95312,2.8126,0.86901
2021-12-05 08:15,24836799,7071781.8,2.4176,0.95318,2.7975,1.0439
2021-12-05 08:20,24844439,7106962.7,2.4321,0.95332,2.8142,1.0492
2021-12-05 08:25,24899041,7089839.6,2.4833,0.95307,2.868,0.61555
2021-12-05 08:30,24908069,7103526.5,2.4419,0.95337,2.8171,1.772
2021-12-05 08:35,24909568,7107945.2,2.4496,0.95331,2.8277,0.61029
2021-12-05 08:40,24947448,7127350.9,2.4759,0.95361,2.8541,0.73292
2021-12-05 08:45,24967511,7146700.3,2.4595,0.95353,2.8446,1.4827
2021-12-05 08:50,25007151,7167100.2,2.4371,0.95378,2.8197,2.1155
2021-12-05 08:55,24955899,7198279.5,2.4386,0.95341,2.8271,1.7388
2021-12-05 09:00,25050803,7229160.7,2.3678,0.95232,2.7608,0.86457
2021-12-05 09:05,25129707,7224790.8,2.4146,0.95145,2.8027,0.39125
2021-12-05 09:10,25134156,7136592.3,2.4149,0.95031,2.8072,0.59802
2021-12-05 09:15,25045500,7024511.4,2.4363,0.95057,2.8188,0.72746
2021-12-05 09:20,25034493,6970528.1,2.4251,0.95177,2.8083,1.0367
2021-12-05 09:25,25046767,6993558.3,2.3898,0.95152,2.7805,1.1211
2021-12-05 09:30,25097590,7060871.4,2.3651,0.95019,2.7636,1.6094
2021-12-05 09:35,25009228,7018587.5,2.3565,0.95078,2.753,1.0681
2021-12-05 09:40,25025789,7051229.8,2.3558,0.95086,2.7478,1.1286
2021-12-05 09:45,25045179,7044188.3,2.3493,0.95086,2.7519,1.2837
2021-12-05 09:50,25087511,7058383.8,2.4015,0.95112,2.7975,0.58954
2021-12-05 09:55,25270075,7058058.3,2.4723,0.95144,2.8667,0.34254
2021-12-05 10:00,25194818,7011465.9,2.4674,0.95153,2.8634,1.3801
2021-12-05 10:05,25142766,6990205.4,2.4485,0.95108,2.8361,1.8633
2021-12-05 10:10,25197940,7036191.1,2.4692,0.95058,2.8634,1.5423
2021-12-05 10:15,25221138,7041292.3,2.457,0.95002,2.86,1.4997
2021-12-05 10:20,25261801,7069241.4,2.4293,0.9506,2.8287,0.47698
2021-12-05 10:25,25497149,7151950.3,2.4275,0.95138,2.8277,2.8813
2021-12-05 10:30,25482320,7162825.3,2.4425,0.95114,2.8474,0.55009
2021-12-05 10:35,25517899,7196302.7,2.4317,0.95156,2.841,0.87448
2021-12-05 10:40,25526188,7187408.8,2.4324,0.95158,2.838,0.8026
2021-12-05 10:45,25516048,7222369.9,2.4199,0.95167,2.8241,1.0428
2021-12-05 10:50,25477030,7207058.9,2.415,0.9519,2.8154,1.1754
2021-12-05 10:55,25543871,7161990.6,2.457,0.95244,2.8506,0.63618
2021-12-05 11:00,25568349,7178280,2.4442,0.95256,2.8374,1.1007
2021-12-05 11:05,25576963,7194340.8,2.4412,0.95263,2.8365,0.77016
2021-12-05 11:10,25651265,7230625,2.4185,0.95333,2.8047,0.7742
2021-12-05 11:15,25706983,7274789,2.4454,0.95361,2.8322,0.70396
2021-12-05 11:20,25728630,7271206.5,2.4256,0.95432,2.8163,1.4906
2021-12-05 11:25,25903640,7332802.4,2.3512,0.95442,2.7418,2.0052
2021-12-05 11:30,25915577,7342647,2.3329,0.95353,2.7307,1.3473
2021-12-05 11:35,25854412,7315505.9,2.4015,0.95299,2.8062,0.33711
2021-12-05 11:40,25784408,7306627.7,2.3954,0.95345,2.806,1.9624
2021-12-05 11:45,25841763,7291910.6,2.3791,0.95254,2.7872,2.0225
2021-12-05 11:50,25770329,7212382.7,2.3831,0.95319,2.7795,0.93724
2021-12-05 11:55,25770470,7243577.6,2.3669,0.95278,2.7599,1.5917
2021-12-05 12:00,25667438,7234574.8,2.4078,0.95272,2.7934,0.76616
2021-12-05 12:05,25703892,7219452.1,2.3978,0.95369,2.778,0.67883
2021-12-05 12:10,25770675,7272226.8,2.3911,0.95288,2.7809,1.3281
2021-12-05 12:15,25727262,7328838.2,2.3508,0.95463,2.7375,0.42584
2021-12-05 12:20,25822448,7356603.7,2.3405,0.95302,2.7338,0.85586
2021-12-05 12:25,25831802,7399261.4,2.3333,0.95387,2.7254,1.3927
2021-12-05 12:30,25751488,7348664,2.3377,0.9538,2.7321,3.0502
2021-12-05 12:35,25793202,7453925.1,2.3942,0.95714,2.7914,2.0356
2021-12-05 12:40,25845510,7412532.3,2.329,0.95757,2.721,1.1213
2021-12-05 12:45,25811398,7385303,2.3011,0.95755,2.6972,1.5084
2021-12-05 12:50,25816445,7362482.7,2.2633,0.95747,2.646,0.64894
2021-12-05 12:55,25789491,7340446.6,2.2007,0.95759,2.5884,0.81806
2021-12-05 13:00,25844202,7364046.9,2.1959,0.95669,2.5932,1.2349
2021-12-05 13:05,25828100,7333117.3,2.1587,0.95606,2.5516,2.0779
2021-12-05 13:10,25894113,7382411.6,2.1596,0.95676,2.5532,2.2649
2021-12-05 13:15,25885440,7369571,2.1457,0.95547,2.5536,0.86375
2021-12-05 13:20,25909022,7343824.2,2.1753,0.95581,2.5573,1.1931
2021-12-05 13:25,25857547,7305348.1,2.2374,0.95504,2.6198,0.62074
2021-12-05 13:30,25914936,7312822.8,2.3107,0.95432,2.7018,0.92426
2021-12-05 13:35,25974876,7347772.9,2.3611,0.95424,2.7565,0.60422
2021-12-05 13:40,26023526,7360264.3,2.3668,0.95476,2.7625,0.40782
2021-12-05 13:45,26100277,7404909.6,2.3306,0.9547,2.7304,1.6088
2021-12-05 13:50,26158060,7452954.5,2.3278,0.95419,2.7235,1.8136
2021-12-05 13:55,26178499,7455112.9,2.3432,0.95427,2.7425,0.49076
2021-12-05 14:00,26088757,7417038.3,2.3801,0.95338,2.7887,0.7752
2021-12-05 14:05,26007154,7247379.8,2.3904,0.95276,2.7906,0.80593
2021-12-05 14:10,25984755,7214414.1,2.44,0.95406,2.8446,1.0912
2021-12-05 14:15,25993448,7122511.7,2.5307,0.95594,2.9217,0.80109
2021-12-05 14:20,26233646,7125320.6,2.51,0.95693,2.8807,0.46753
2021-12-05 14:25,26221709,7181339.4,2.4652,0.95622,2.8382,1.2398
2021-12-05 14:30,26316866,7206244.8,2.4532,0.95417,2.8313,0.74073
2021-12-05 14:35,26279360,7177418.8,2.4502,0.95333,2.8271,0.65187
2021-12-05 14:40,26248968,7176163.1,2.4317,0.95305,2.7879,2.0283
2021-12-05 14:45,26261711,7198860.2,2.4822,0.95338,2.8354,1.5929
2021-12-05 14:50,26332299,7244305.1,2.4443,0.95291,2.8106,1.6098
2021-12-05 14:55,26320509,7177339.6,2.4325,0.9523,2.8013,0.63425
2021-12-05 15:00,26321321,7144659.4,2.4318,0.95263,2.804,0.61472
2021-12-05 15:05,26250539,7138051.6,2.4019,0.95331,2.7609,0.78296
2021-12-05 15:10,26180990,7019488.4,2.4202,0.95656,2.7528,0.60681
2021-12-05 15:15,26279154,7036769.1,2.356,0.95688,2.6761,1.1051
2021-12-05 15:20,26261715,7062563,2.3709,0.95763,2.6641,1.1553
2021-12-05 15:25,26247570,7122251.3,2.4007,0.95783,2.6942,1.5278
2021-12-05 15:30,26276980,7087104.6,2.4012,0.95842,2.6866,1.3043
2021-12-05 15:35,26179129,6997646.4,2.2426,0.96,2.5026,0.67463
2021-12-05 15:40,26142415,6955189.5,2.176,0.96059,2.429,0.79829
2021-12-05 15:45,26092122,6935874.4,2.1491,0.96178,2.4108,0.71228
2021-12-05 15:50,26041839,6942493.9,2.1189,0.96198,2.3682,1.0133
2021-12-05 15:55,26054658,6953467.1,2.133,0.96205,2.3904,1.2237
2021-12-05 16:00,26186517,7014000.2,2.1225,0.96243,2.3806,1.4173
2021-12-05 16:05,26301568,7110409.8,2.0983,0.96282,2.3688,1.2253
2021-12-05 16:10,26272352,7116658.1,2.1211,0.96199,2.3932,0.73368
2021-12-05 16:15,26462150,7209727.1,2.0745,0.96342,2.3431,0.85709
2021-12-05 16:20,26472932,7228230,2.1138,0.96135,2.3846,1.1115
2021-12-05 16:25,26549568,7230532.2,2.1047,0.96163,2.3696,1.0108
2021-12-05 16:30,26539154,7192110.7,2.1003,0.96305,2.3657,0.7502
2021-12-05 16:35,26578231,7108114.8,2.2695,0.96413,2.5412,0.86079
2021-12-05 16:40,26728935,7077020.1,2.3061,0.96485,2.583,0.53824
2021-12-05 16:45,27207314,7186380.2,2.3454,0.96576,2.6444,0.49368
2021-12-05 16:50,27325538,7288270.2,2.312,0.96594,2.6177,1.7563
2021-12-05 16:55,27160304,7247183.9,2.2912,0.96349,2.5989,0.91096
2021-12-05 17:00,27148057,7220368.9,2.2609,0.96359,2.562,0.95727
2021-12-05 17:05,27167597,7201784.7,2.2426,0.96358,2.5447,1.0647
2021-12-05 17:10,27089533,7159266.5,2.288,0.96342,2.5939,1.4254
2021-12-05 17:15,27312734,7226676.3,2.3154,0.96383,2.627,0.71825
2021-12-05 17:20,27134118,7231794.1,2.2746,0.96551,2.5796,1.3629
2021-12-05 17:25,26933146,7222210.1,2.2417,0.96675,2.5466,1.133
2021-12-05 17:30,26989182,7288847.2,2.2239,0.96734,2.5256,1.2283
2021-12-05 17:35,26956830,7301025,2.2304,0.96751,2.5235,0.70951
2021-12-05 17:40,26944966,7312594.3,2.2276,0.96766,2.5251,0.88137
2021-12-05 17:45,26884449,7314945.1,2.1923,0.96762,2.4922,1.5969
2021-12-05 17:50,26886688,7303091.8,2.2043,0.96661,2.5036,1.5941
2021-12-05 17:55,26863503,7312594.2,2.2267,0.9662,2.5298,1.1266
2021-12-05 18:00,26848921,7286753.9,2.2184,0.96551,2.5246,1.4096
2021-12-05 18:05,26866787,7291914.7,2.209,0.96619,2.5,0.85924
2021-12-05 18:10,26830277,7244711.4,2.209,0.96587,2.5042,1.0153
2021-12-05 18:15,26812627,7247371,2.2113,0.96582,2.5052,1.3754
2021-12-05 18:20,26666027,7206438.1,2.2436,0.96492,2.5453,0.82111
2021-12-05 18:25,26663132,7190246.8,2.2579,0.96514,2.5554,1.383
2021-12-05 18:30,26692690,7186724.1,2.2453,0.96495,2.556,0.44778
2021-12-05 18:35,26696010,7180959.7,2.269,0.9649,2.5857,1.6203
2021-12-05 18:40,26734996,7225750,2.2413,0.96495,2.5544,0.68441
2021-12-05 18:45,26760853,7234996.2,2.2755,0.963,2.5955,2.1259
2021-12-05 18:50,26793773,7234151.5,2.2972,0.96298,2.6141,1.0367
2021-12-05 18:55,26810751,7228999.7,2.2646,0.96229,2.5866,2.4376
2021-12-05 19:00,26810129,7226938.4,2.2304,0.96205,2.5531,1.1501
2021-12-05 19:05,26775849,7120321.1,2.3026,0.96351,2.6222,0.63558
2021-12-05 19:10,26825564,7118431.7,2.3258,0.96439,2.645,1.1036
2021-12-05 19:15,26829501,7073329.6,2.3152,0.96443,2.6325,1.1504
2021-12-05 19:20,26846040,7097556.1,2.2789,0.96407,2.6055,1.5816
2021-12-05 19:25,26810437,7096187,2.2985,0.96243,2.6305,1.8796
2021-12-05 19:30,26868918,7159756,2.3066,0.96297,2.6369,1.1114
2021-12-05 19:35,26703369,7059302.6,2.2762,0.96286,2.61,0.53084
2021-12-05 19:40,26752726,7118900.4,2.2724,0.96316,2.5985,1.0411
2021-12-05 19:45,26855204,7191181.5,2.3039,0.96344,2.6319,3.3429
2021-12-05 19:50,26841670,7143722.3,2.2666,0.96321,2.5953,0.76268
2021-12-05 19:55,26843100,7188584.1,2.2792,0.96342,2.6002,1.0883
2021-12-05 20:00,26931444,7233247.2,2.2442,0.96384,2.5645,1.5384
2021-12-05 20:05,27015660,7326775.6,2.2506,0.9679,2.5748,1.3559
2021-12-05 20:10,27041331,7337394.8,2.2356,0.96885,2.5537,1.063
2021-12-05 20:15,27001823,7348252.3,2.2258,0.9679,2.551,1.4982
2021-12-05 20:20,26940836,7301293.6,2.2749,0.96761,2.6002,0.52242
2021-12-05 20:25,26776197,7190568.6,2.2564,0.96578,2.5857,0.5856
2021-12-05 20:30,26565382,7060324.3,2.3084,0.96431,2.6371,0.59018
2021-12-05 20:35,26607524,7124228.9,2.2986,0.96463,2.631,1.0357
2021-12-05 20:40,26616871,7180167.1,2.2889,0.96468,2.6235,1.0147
2021-12-05 20:45,26789612,7224939.8,2.2675,0.9657,2.5994,0.81132
2021-12-05 20:50,26896356,7273581.6,2.2629,0.96637,2.5972,0.89216
2021-12-05 20:55,26867800,7289217.5,2.2462,0.967,2.5798,1.4667
2021-12-05 21:00,26841590,7238962.1,2.2596,0.96697,2.6002,0.98328
2021-12-05 21:05,26901915,7285960.8,2.23,0.96712,2.5691,1.4853
2021-12-05 21:10,26782096,7191594.8,2.2879,0.967,2.6323,0.40304
2021-12-05 21:15,26677700,7083996.5,2.3095,0.9664,2.6514,0.90496
2021-12-05 21:20,26722517,7033099.2,2.2847,0.9658,2.6276,0.70715
2021-12-05 21:25,26721164,7153629.7,2.2614,0.96605,2.6069,1.4341
2021-12-05 21:30,26762699,7186067.8,2.2724,0.96679,2.611,0.85864
2021-12-05 21:35,26806416,7218254.2,2.3,0.96729,2.6352,1.0024
2021-12-05 21:40,26808248,7136634.7,2.2992,0.96754,2.6359,0.82602
2021-12-05 21:45,26824739,7247776.2,2.255,0.96779,2.5923,1.7497
2021-12-05 21:50,26852385,7316994.3,2.2559,0.96883,2.582,1.9274
2021-12-05 21:55,26835032,7296140.4,2.2849,0.96899,2.6019,0.74929
2021-12-05 22:00,26806316,7271481.3,2.2855,0.96805,2.6037,1.0999
2021-12-05 22:05,26753148,7213028.9,2.3478,0.96596,2.6721,0.82772
2021-12-05 22:10,26791332,7174986.6,2.3523,0.96541,2.6934,0.72431
2021-12-05 22:15,26751640,7159664.7,2.3764,0.96489,2.7273,1.6581
2021-12-05 22:20,26771171,7274262.6,2.3277,0.96493,2.6791,1.0417
2021-12-05 22:25,26855652,7300171.9,2.3173,0.96533,2.6645,0.38456
2021-12-05 22:30,26865824,7314831.8,2.3358,0.96504,2.677,2.9822
2021-12-05 22:35,26828931,7297082.6,2.3001,0.96537,2.6369,0.62295
2021-12-05 22:40,26750453,7212643.6,2.3172,0.96492,2.6619,0.55807
2021-12-05 22:45,26704293,7194934.2,2.2855,0.96374,2.6448,0.63807
2021-12-05 22:50,26622980,7226536.6,2.3096,0.96506,2.6535,1.2111
2021-12-05 22:55,26628020,7234609.9,2.3069,0.9651,2.6535,1.4254
2021-12-05 23:00,26782625,7313015,2.3152,0.96542,2.663,3.5314
2021-12-05 23:05,26665739,7238948.2,2.2821,0.96495,2.627,0.51246
2021-12-05 23:10,26708561,7330421,2.2943,0.96578,2.6386,1.3216
2021-12-05 23:15,26659867,7337595.2,2.2497,0.96409,2.5911,0.92392
2021-12-05 23:20,26669042,7344487.2,2.2411,0.96395,2.5885,1.5176
2021-12-05 23:25,26613585,7241010.1,2.2596,0.96421,2.6094,0.67694
2021-12-05 23:30,26646606,7287339.7,2.2413,0.96414,2.5937,1.0169
2021-12-05 23:35,26607274,7254739.3,2.2437,0.96373,2.5941,1.2504
2021-12-05 23:40,26645963,7317247.9,2.2647,0.96369,2.616,1.8097
2021-12-05 23:45,26695298,7294050.2,2.2848,0.96425,2.6297,1.2458
2021-12-05 23:50,26700248,7268608.5,2.3021,0.96412,2.6585,0.54342
2021-12-05 23:55,26675881,7307857.6,2.2766,0.96377,2.6388,1.2046
2021-12-06 00:00,26827882,7379857.2,2.259,0.96565,2.6046,1.6111
2021-12-06 00:05,26653098,7250815.1,2.2842,0.9649,2.6447,0.56658
2021-12-06 00:10,26577684,7163337,2.3573,0.97549,2.7157,0.45296
2021-12-06 00:15,26356008,6991819.3,2.364,0.97448,2.7235,0.66604
2021-12-06 00:20,26309359,6885948,2.3833,0.97522,2.7308,0.72462
2021-12-06 00:25,26251938,6916509.4,2.4117,0.97468,2.7755,1.4752
2021-12-06 00:30,26302819,6904687.3,2.4404,0.97523,2.8051,0.82378
2021-12-06 00:35,26221125,6836896.1,2.4327,0.97631,2.7766,0.95709
2021-12-06 00:40,26267667,6862165.3,2.4205,0.97594,2.7606,0.96562
2021-12-06 00:45,26440782,6855301.5,2.486,0.97608,2.8322,0.58609
2021-12-06 00:50,26443803,6809007.7,2.4859,0.97665,2.8259,0.52137
2021-12-06 00:55,26434193,6895887.9,2.4248,0.9765,2.7578,1.9909
2021-12-06 01:00,26482513,6943976.3,2.4365,0.97586,2.7784,1.0721
2021-12-06 01:05,26505867,6996488.7,2.4322,0.97552,2.7685,1.5178
2021-12-06 01:10,26611108,7024002,2.4422,0.97487,2.7812,0.62462
2021-12-06 01:15,26710602,7059389.6,2.4784,0.97523,2.8133,0.39835
2021-12-06 01:20,26668317,7046896.9,2.4684,0.97523,2.8044,0.97153
2021-12-06 01:25,26366463,6962798.1,2.4521,0.97754,2.7889,0.47634
2021-12-06 01:30,26253477,6867663.1,2.4616,0.97699,2.7961,1.1641
2021-12-06 01:35,26236892,6864456.4,2.4842,0.97708,2.8191,1.2186
2021-12-06 01:40,26276229,6832345.1,2.4936,0.97703,2.8269,0.51066
2021-12-06 01:45,26389330,6908462.7,2.4956,0.97771,2.8238,0.72631
2021-12-06 01:50,26390185,6977301,2.438,0.97809,2.7673,0.69104
2021-12-06 01:55,26445914,6982779.1,2.4791,0.97902,2.8077,0.43452
2021-12-06 02:00,26479617,7015501.8,2.4584,0.97968,2.7935,0.9907
2021-12-06 02:05,26472305,7032690.8,2.4847,0.98014,2.8075,0.70443
2021-12-06 02:10,26440689,7033487.7,2.4923,0.9802,2.8143,1.5918
2021-12-06 02:15,26484067,7081015.1,2.4708,0.9805,2.793,1.0658
2021-12-06 02:20,26480094,7074157.1,2.4765,0.98077,2.793,0.65275
2021-12-06 02:25,26513534,7103649.7,2.4684,0.9805,2.7986,1.6558
2021-12-06 02:30,26518640,7053427.9,2.462,0.98009,2.7884,0.45232
2021-12-06 02:35,26527195,7043878.3,2.4646,0.98021,2.793,0.72577
2021-12-06 02:40,26538731,7067529.5,2.4596,0.98098,2.7856,1.3553
2021-12-06 02:45,26566764,7110470.6,2.4447,0.98185,2.7673,1.6248
2021-12-06 02:50,26778043,7127819.4,2.4623,0.98273,2.7811,0.31143
2021-12-06 02:55,26750634,7118878.7,2.4567,0.98309,2.7776,1.4602
2021-12-06 03:00,26764418,7117428,2.4785,0.98379,2.7975,0.64913
2021-12-06 03:05,26719378,7105217,2.4194,0.98308,2.7437,2.3119
2021-12-06 03:10,26719757,7136265.1,2.4079,0.98327,2.7279,2.2261
2021-12-06 03:15,26767799,7123714.3,2.4309,0.98319,2.7534,0.87483
2021-12-06 03:20,26790935,7132089.8,2.4332,0.98337,2.7509,0.89199
2021-12-06 03:25,26764161,7191166.3,2.4094,0.98368,2.725,3.2846
2021-12-06 03:30,26793927,7184181.7,2.4204,0.98366,2.7327,1.5593
2021-12-06 03:35,26863404,7166350.3,2.4377,0.98343,2.7531,0.36051
2021-12-06 03:40,26983748,7213220.8,2.4345,0.98351,2.7486,0.35787
2021-12-06 03:45,27018885,7211070.2,2.4015,0.98352,2.7193,0.95574
2021-12-06 03:50,27047281,7271334.8,2.396,0.98413,2.7078,1.2529
2021-12-06 03:55,27184456,7357015.8,2.3032,0.98612,2.6148,2.0998
2021-12-06 04:00,27266996,7360180.2,2.2729,0.98538,2.5825,0.81528
2021-12-06 04:05,27218214,7341024.5,2.3277,0.98452,2.6393,0.55302
2021-12-06 04:10,27172860,7327976.9,2.3008,0.984,2.6123,1.1933
2021-12-06 04:15,27055442,7310030.6,2.3156,0.98384,2.6283,1.3917
2021-12-06 04:20,27025418,7282461.8,2.3204,0.98368,2.635,0.75217
2021-12-06 04:25,27063901,7319161.4,2.3057,0.98445,2.6154,0.69328
2021-12-06 04:30,27115781,7342953.5,2.2823,0.98381,2.5923,0.43467
2021-12-06 04:35,27061841,7324155.7,2.2874,0.98342,2.5934,0.96375
2021-12-06 04:40,27027137,7306245.9,2.2977,0.98355,2.6103,0.80934
2021-12-06 04:45,27016583,7292045.9,2.2847,0.98339,2.5956,0.51289
2021-12-06 04:50,26888074,7248755.9,2.3029,0.98399,2.6107,0.53014
2021-12-06 04:55,26862811,7199233.3,2.3398,0.98394,2.6478,0.5407
2021-12-06 05:00,26870023,7195074.5,2.3192,0.98345,2.635,0.81699
2021-12-06 05:05,26879764,7212408.4,2.3108,0.98356,2.6313,0.90307
2021-12-06 05:10,26857025,7176432.3,2.3257,0.98367,2.6412,1.1848
2021-12-06 05:15,26840628,7162475.3,2.3216,0.98405,2.6343,0.79052
2021-12-06 05:20,26835578,7177776.7,2.306,0.9839,2.615,4.2296
2021-12-06 05:25,26824684,7178017.2,2.3261,0.98352,2.635,3.2201
2021-12-06 05:30,26811115,7172326.4,2.3415,0.98373,2.6507,0.57908
2021-12-06 05:35,26613274,7058372.5,2.3633,0.98272,2.6855,0.36008
2021-12-06 05:40,26639356,7064035.6,2.3745,0.98279,2.6999,0.34095
2021-12-06 05:45,26606533,7020931.9,2.4032,0.98322,2.7303,1.3708
2021-12-06 05:50,26579967,7023640.9,2.3792,0.98291,2.7144,1.5566
2021-12-06 05:55,26513337,6999521,2.3725,0.98285,2.7091,3.1749
2021-12-06 06:00,26410931,6939208,2.4115,0.98277,2.7394,0.92194
2021-12-06 06:05,26366804,6933137.1,2.3551,0.98259,2.6806,0.88746
2021-12-06 06:10,26318690,6941028.1,2.3776,0.98299,2.7107,1.5716
2021-12-06 06:15,26348489,6916295.2,2.3759,0.98317,2.7065,0.59031
2021-12-06 06:20,26349754,6973602.3,2.36,0.98347,2.6954,1.7149
2021-12-06 06:25,26349683,6963167.2,2.3411,0.98348,2.6847,0.39546
2021-12-06 06:30,26499408,6976701.3,2.4052,0.9827,2.7532,0.3636
2021-12-06 06:35,26511814,7017833.3,2.4057,0.98322,2.756,0.70703
2021-12-06 06:40,26499119,7005972,2.3679,0.98328,2.7156,0.82992
2021-12-06 06:45,26461403,6906407.9,2.405,0.98444,2.7566,0.66764
2021-12-06 06:50,26569631,6908530.5,2.4062,0.98559,2.7535,0.88518
2021-12-06 06:55,26601696,6869141.8,2.4327,0.98613,2.7706,0.83207
2021-12-06 07:00,26677812,6834855.4,2.468,0.98744,2.8158,1.0942
2021-12-06 07:05,27010415,6864156.8,2.5395,0.98822,2.8878,0.5823
2021-12-06 07:10,27068350,6929497.6,2.4987,0.98812,2.8479,1.5091
2021-12-06 07:15,27066515,6906021.3,2.4728,0.98806,2.8175,0.67748
2021-12-06 07:20,27134975,6899338.7,2.479,0.98759,2.8343,0.86861
2021-12-06 07:25,27178013,6873040.1,2.5006,0.98819,2.8477,0.62873
2021-12-06 07:30,27026839,6763736.7,2.5252,0.98423,2.8515,0.72905
2021-12-06 07:35,26942173,6812230.6,2.5019,0.98335,2.8355,1.2259
2021-12-06 07:40,26895316,6786740.6,2.4891,0.98281,2.8347,1.2337
2021-12-06 07:45,26824843,6771126.9,2.4834,0.98335,2.8243,1.2764
2021-12-06 07:50,26800485,6814016.1,2.535,0.98303,2.8793,0.9674
2021-12-06 07:55,26805716,6835993.7,2.5226,0.98284,2.8652,0.51918
2021-12-06 08:00,26765820,6862488.6,2.4713,0.9823,2.8137,1.3693
2021-12-06 08:05,26889855,7075201.1,2.3515,0.98288,2.7011,1.6857
2021-12-06 08:10,26814047,6962535.4,2.4028,0.98118,2.7439,0.80869
2021-12-06 08:15,26868859,6964314.2,2.3807,0.98058,2.7261,1.0632
2021-12-06 08:20,26875452,6963967.1,2.4242,0.98051,2.773,1.3347
2021-12-06 08:25,26983569,6844652.1,2.5026,0.98156,2.8329,0.37593
2021-12-06 08:30,26950512,6852437.2,2.3899,0.98189,2.7218,0.85524
2021-12-06 08:35,27319466,6817307.7,2.4694,0.98127,2.8085,0.50902
2021-12-06 08:40,27594350,6861528.6,2.4936,0.98428,2.8337,0.85837
2021-12-06 08:45,27651542,6974164.6,2.4302,0.98391,2.781,1.8978
2021-12-06 08:50,27657601,7036506.1,2.4176,0.9838,2.7758,0.93277
2021-12-06 08:55,27535696,6966501.1,2.4436,0.98571,2.7922,0.76479
2021-12-06 09:00,27517098,6978027.3,2.4528,0.98567,2.8017,0.70986
2021-12-06 09:05,27460916,6987155.5,2.4396,0.9856,2.7929,0.91568
2021-12-06 09:10,27781706,6949593.8,2.4619,0.9861,2.8168,0.53318
2021-12-06 09:15,27661564,6889050.6,2.5245,0.9855,2.8906,1.0256
2021-12-06 09:20,27638420,6959195,2.5064,0.98576,2.8653,1.2447
2021-12-06 09:25,27603820,6896814.4,2.529,0.98552,2.89,1.1184
2021-12-06 09:30,27577627,6923205.5,2.5077,0.98526,2.8704,1.2447
2021-12-06 09:35,27469311,6790472.2,2.5324,0.98652,2.8804,0.55161
2021-12-06 09:40,27237365,6677512.4,2.4981,0.98598,2.8522,0.78174
2021-12-06 09:45,27174932,6654449.8,2.5567,0.98551,2.9131,1.1722
2021-12-06 09:50,27162602,6700948.5,2.5124,0.98194,2.8729,1.1846
2021-12-06 09:55,27281453,6730607.3,2.5515,0.98197,2.9059,1.3198
2021-12-06 10:00,27314736,6703185.9,2.5601,0.98207,2.9095,0.57975
2021-12-06 10:05,27321039,6742175.4,2.5548,0.98201,2.9142,0.71367
2021-12-06 10:10,27320951,6777438.1,2.5203,0.98019,2.8738,1.2496
2021-12-06 10:15,27284988,6773570.8,2.5388,0.97915,2.9071,2.1477
2021-12-06 10:20,27236901,6737247.7,2.5515,0.97922,2.9155,1.2117
2021-12-06 10:25,27055969,6651385,2.5575,0.98113,2.9119,0.37702
2021-12-06 10:30,27038674,6636083.1,2.5455,0.98112,2.9071,0.87015
2021-12-06 10:35,26788571,6535071.9,2.5693,0.9804,2.915,1.2608
2021-12-06 10:40,26727561,6494081,2.5451,0.98217,2.8744,0.93043
2021-12-06 10:45,26677237,6529802.2,2.5579,0.98139,2.8898,0.66199
2021-12-06 10:50,26568762,6531216.5,2.547,0.98098,2.8866,2.2793
2021-12-06 10:55,26443447,6462249.6,2.5264,0.98041,2.8454,0.47869
2021-12-06 11:00,26478640,6477325.7,2.4915,0.98027,2.8134,0.67807
2021-12-06 11:05,26529008,6437537,2.5404,0.97881,2.8653,0.61362
2021-12-06 11:10,26381011,6347007.4,2.5564,0.97869,2.8816,0.78221
2021-12-06 11:15,26618967,6373060.9,2.5183,0.9794,2.8373,0.89855
2021-12-06 11:20,26717387,6428736.3,2.5046,0.98006,2.8267,0.78052
2021-12-06 11:25,26779720,6443468.4,2.4819,0.98094,2.7917,1.1606
2021-12-06 11:30,26848617,6486504.8,2.5105,0.98105,2.8209,0.83166
2021-12-06 11:35,27067421,6583338.1,2.3228,0.98526,2.6159,1.0139
2021-12-06 11:40,27089404,6575528.3,2.2874,0.98549,2.5653,0.86195
2021-12-06 11:45,27272404,6745452.2,2.3078,0.98589,2.6112,0.95763
2021-12-06 11:50,27222741,6761180.4,2.2893,0.98541,2.6009,0.92755
2021-12-06 11:55,27245955,6862438.7,2.2864,0.9806,2.5996,1.5526
2021-12-06 12:00,27180847,6855553.2,2.2333,0.97961,2.5522,1.3891
2021-12-06 12:05,27192326,6822554.6,2.2321,0.97959,2.5359,0.70644
2021-12-06 12:10,27104731,6811689.9,2.2467,0.97972,2.5511,1.3293
2021-12-06 12:15,27045256,6794873.4,2.2309,0.97889,2.546,1.4932
2021-12-06 12:20,26990176,6797205.9,2.2229,0.97749,2.5281,1.3552
2021-12-06 12:25,27057939,6808627.1,2.2344,0.97981,2.5297,0.71708
2021-12-06 12:30,27332846,6970754.5,2.1983,0.97755,2.5011,1.0375
2021-12-06 12:35,27211747,6922417,2.2162,0.97812,2.5115,0.83268
2021-12-06 12:40,27257775,6950316.4,2.2455,0.97787,2.5525,1.2305
2021-12-06 12:45,27202327,6918076.5,2.1981,0.97779,2.4929,0.91821
2021-12-06 12:50,27157032,6886120.1,2.2062,0.97763,2.5066,1.3661
2021-12-06 12:55,27083136,6853969,2.2164,0.97764,2.5016,1.3683
2021-12-06 13:00,27005658,6800024.7,2.2869,0.97761,2.5772,1.3369
2021-12-06 13:05,27114017,6847398.8,2.335,0.97914,2.6448,1.4766
2021-12-06 13:10,26923155,6847961,2.3267,0.97779,2.6475,0.93404
2021-12-06 13:15,26753370,6774964.8,2.3425,0.97701,2.6555,2.1658
2021-12-06 13:20,26587371,6721603.8,2.3279,0.97667,2.6391,1.3846
2021-12-06 13:25,26551945,6684452.2,2.3333,0.97598,2.6342,1.0238
2021-12-06 13:30,26503367,6695810.6,2.3561,0.97596,2.6528,0.51622
2021-12-06 13:35,26526022,6679517.6,2.3641,0.97448,2.6574,1.9926
2021-12-06 13:40,26438946,6662085.6,2.3722,0.97452,2.6682,2.1322
2021-12-06 13:45,26403626,6645264.6,2.3409,0.97402,2.6415,1.5493
2021-12-06 13:50,26263050,6520064.8,2.3279,0.97629,2.6107,0.27633
2021-12-06 13:55,26327167,6577052.9,2.3354,0.97715,2.6144,2.0962
2021-12-06 14:00,26286587,6590310.2,2.362,0.97677,2.6524,0.84956
2021-12-06 14:05,26327754,6589210.2,2.3964,0.97607,2.6853,0.77291
2021-12-06 14:10,26318533,6614110.5,2.371,0.97611,2.6651,1.7989
2021-12-06 14:15,26463040,6681645.8,2.3753,0.97627,2.6748,0.53039
2021-12-06 14:20,26481548,6680764.9,2.3718,0.97679,2.6732,0.92792
2021-12-06 14:25,26505405,6718108.5,2.3654,0.97699,2.6632,2.2629
2021-12-06 14:30,26527533,6703507.6,2.3624,0.97727,2.6567,0.88019
2021-12-06 14:35,26446421,6647572.4,2.3684,0.97737,2.654,1.2681
2021-12-06 14:40,26429882,6566768.5,2.3728,0.97618,2.657,1.0979
2021-12-06 14:45,26318641,6613348.1,2.3392,0.97641,2.617,1.2183
2021-12-06 14:50,26273237,6569360.2,2.3506,0.97749,2.6272,1.0423
2021-12-06 14:55,26126750,6584790.1,2.3212,0.97725,2.6002,0.93129
2021-12-06 15:00,26095281,6603932.8,2.2671,0.97743,2.5378,1.0047
2021-12-06 15:05,26098262,6606354.1,2.2401,0.97595,2.5207,1.1121
2021-12-06 15:10,26147796,6579047,2.2936,0.97546,2.57,1.6224
2021-12-06 15:15,26100307,6645191.7,2.2362,0.97626,2.5162,2.1164
2021-12-06 15:20,26163872,6724900,2.2139,0.97704,2.485,1.1053
2021-12-06 15:25,26185458,6728353.4,2.227,0.97709,2.4922,0.65654
2021-12-06 15:30,26211512,6775213.2,2.2002,0.97526,2.4756,2.0707
2021-12-06 15:35,26225385,6773593.9,2.2273,0.97658,2.4972,0.89934
2021-12-06 15:40,26189821,6772949.6,2.2066,0.97634,2.4707,0.75231
2021-12-06 15:45,26176836,6777682.6,2.1968,0.97636,2.467,0.89721
2021-12-06 15:50,26178965,6803983.9,2.1961,0.97683,2.4702,1.2956
2021-12-06 15:55,26085981,6801056.1,2.1881,0.97636,2.4735,1.5158
2021-12-06 16:00,25944580,6836656.3,2.1828,0.97605,2.4939,1.6652
2021-12-06 16:05,25961150,6807273.1,2.2127,0.97331,2.5106,0.84747
2021-12-06 16:10,25981221,6817472.4,2.2088,0.97373,2.5022,0.99526
2021-12-06 16:15,25939317,6772502,2.2414,0.97142,2.537,0.51903
2021-12-06 16:20,25994574,6815697.8,2.2173,0.97167,2.5234,0.74975
2021-12-06 16:25,25996205,6825441.9,2.221,0.97165,2.524,1.5534
2021-12-06 16:30,26020728,6868260.1,2.2183,0.97166,2.5239,1.2908
2021-12-06 16:35,25922306,6897700.1,2.1751,0.97125,2.5106,3.0504
2021-12-06 16:40,25886951,6870137.9,2.1821,0.97108,2.52,1.0538
2021-12-06 16:45,25928118,6890138.1,2.1952,0.97062,2.529,1.0436
2021-12-06 16:50,25938923,6890415.5,2.1867,0.97003,2.5172,1.1403
2021-12-06 16:55,25869069,6850388.2,2.2105,0.96973,2.5419,0.37705
2021-12-06 17:00,25889617,6861266.3,2.1872,0.97048,2.51,0.54606
2021-12-06 17:05,26025129,6883386.4,2.1949,0.9709,2.5194,1.2209
2021-12-06 17:10,26029026,6899253.6,2.2192,0.97131,2.5513,0.75849
2021-12-06 17:15,26139724,6918384,2.2202,0.97242,2.5467,0.70187
2021-12-06 17:20,26141170,6917823.8,2.1985,0.97219,2.521,0.65222
2021-12-06 17:25,26146251,6898165.4,2.2197,0.97287,2.5432,0.57999
2021-12-06 17:30,26115113,6904599.5,2.2393,0.97299,2.5647,0.97132
2021-12-06 17:35,26099470,6882404.9,2.2439,0.97282,2.5657,1.0723
2021-12-06 17:40,26087372,6851043.2,2.2454,0.97326,2.5601,0.6799
2021-12-06 17:45,26079154,6837171.8,2.2781,0.97366,2.5831,0.7162
2021-12-06 17:50,26076911,6860053,2.2512,0.97421,2.5552,0.58018
2021-12-06 17:55,26060959,6835284.7,2.2525,0.97407,2.5557,2.1139
2021-12-06 18:00,26060612,6853683.7,2.2759,0.97273,2.5841,1.1168
2021-12-06 18:05,26053173,6819418,2.2466,0.9725,2.5522,0.95005
2021-12-06 18:10,26022370,6793180.5,2.2443,0.97302,2.5429,0.66844
2021-12-06 18:15,25997995,6805397.1,2.26,0.97274,2.5653,0.77227
2021-12-06 18:20,25996524,6789772.1,2.2238,0.9724,2.529,1.7156
2021-12-06 18:25,26013711,6797122.5,2.2406,0.97198,2.5418,1.2118
2021-12-06 18:30,26064775,6833130.2,2.2355,0.9725,2.5418,1.2719
2021-12-06 18:35,26109889,6876950.2,2.2331,0.97256,2.5491,1.511
2021-12-06 18:40,26061127,6867107,2.2101,0.97188,2.5291,1.7128
2021-12-06 18:45,26039656,6866674,2.2258,0.9716,2.5424,1.5741
2021-12-06 18:50,26045433,6852891.2,2.2385,0.97113,2.5491,0.73973
2021-12-06 18:55,25937140,6869218.9,2.175,0.97039,2.4837,2.3335
2021-12-06 19:00,25961096,6860502.6,2.1661,0.96922,2.473,2.3916
2021-12-06 19:05,25986531,6876036.1,2.1434,0.96852,2.4654,1.5369
2021-12-06 19:10,25965712,6879595.9,2.1459,0.96858,2.4675,0.80361
2021-12-06 19:15,25901461,6897041,2.1254,0.96927,2.4533,0.93001
2021-12-06 19:20,25865547,6880581.3,2.1302,0.96898,2.4604,0.6943
2021-12-06 19:25,25901577,6871597.5,2.1043,0.96839,2.4264,3.3369
2021-12-06 19:30,25894013,6856734.6,2.1413,0.96814,2.4591,0.40251
2021-12-06 19:35,25936163,6860503.4,2.1488,0.96841,2.4729,1.9342
2021-12-06 19:40,25955557,6873433.8,2.1712,0.96848,2.4946,1.1771
2021-12-06 19:45,25961096,6858825,2.1651,0.96834,2.4875,0.55068
2021-12-06 19:50,25942624,6865520.6,2.1488,0.96873,2.467,2.463
2021-12-06 19:55,25970168,6870365.4,2.1366,0.96862,2.4515,2.529
2021-12-06 20:00,25951290,6867872.1,2.1728,0.96862,2.4842,1.7664
2021-12-06 20:05,25906920,6844459.3,2.1641,0.96856,2.4735,1.1596
2021-12-06 20:10,25925115,6874822,2.159,0.96863,2.4686,2.4865
2021-12-06 20:15,25912413,6856491.6,2.1552,0.96871,2.46,0.87228
2021-12-06 20:20,25914976,6890494.4,2.1605,0.96911,2.4691,0.65471
2021-12-06 20:25,25907803,6908956.9,2.1068,0.96797,2.4221,1.7365
2021-12-06 20:30,25890451,6900581.9,2.1095,0.96799,2.4215,3.1767
2021-12-06 20:35,25851705,6924793.6,2.0759,0.9674,2.3938,2.195
2021-12-06 20:40,25849204,6925001.8,2.0629,0.96686,2.3754,0.83282
2021-12-06 20:45,25839989,6935295.9,2.0533,0.96663,2.3725,1.2686
2021-12-06 20:50,25832013,6914196.6,2.0592,0.96661,2.3822,1.7452
2021-12-06 20:55,25976686,6906681.3,2.0629,0.96682,2.387,0.45294
2021-12-06 21:00,25970828,6857597.1,2.1018,0.96747,2.4233,1.227
2021-12-06 21:05,25989952,6884478.4,2.0881,0.96808,2.4092,0.96524
2021-12-06 21:10,25963342,6913964.8,2.1039,0.96795,2.4351,1.2703
2021-12-06 21:15,25916052,6896199.5,2.1089,0.96817,2.4403,0.74739
2021-12-06 21:20,25873406,6912425,2.1004,0.9686,2.4266,1.2652
2021-12-06 21:25,25937854,6958270.8,2.0991,0.96863,2.4203,1.297
2021-12-06 21:30,26016849,6982491.2,2.1002,0.96806,2.4213,2.6461
2021-12-06 21:35,25973531,6991035.6,2.0689,0.96825,2.3929,1.2781
2021-12-06 21:40,25998489,7020112,2.0724,0.96852,2.3947,1.6351
2021-12-06 21:45,26003834,7050296.8,2.0593,0.96912,2.3713,0.56344
2021-12-06 21:50,25945276,7154077.5,2.0023,0.96818,2.3221,1.4252
2021-12-06 21:55,26106087,7216510.9,2.0264,0.96701,2.3375,0.69573
2021-12-06 22:00,26001893,7153640.8,2.0639,0.9671,2.3713,0.41797
2021-12-06 22:05,26003806,7252201.5,2.0299,0.96306,2.3456,1.3892
2021-12-06 22:10,25957129,7244894.3,2.0637,0.9628,2.3955,0.99221
2021-12-06 22:15,26127261,7315849.9,1.9966,0.95988,2.3347,1.5458
2021-12-06 22:20,26139660,7374782.3,1.9955,0.9592,2.3326,0.99867
2021-12-06 22:25,26031221,7316595.3,2.0046,0.95865,2.3431,1.3213
2021-12-06 22:30,25976763,7265154.6,2.0438,0.967,2.3651,0.28823
2021-12-06 22:35,25893883,7239152.9,2.0426,0.96791,2.3639,0.85144
2021-12-06 22:40,25906752,7282321.7,2.0276,0.96776,2.3565,0.70058
2021-12-06 22:45,25926872,7309939,2.0415,0.9666,2.3718,2.0398
2021-12-06 22:50,25944414,7310135.4,2.0252,0.96617,2.3551,1.4512
2021-12-06 22:55,25978012,7340078.2,2.0462,0.96613,2.3739,0.9734
2021-12-06 23:00,26061464,7312464.2,2.045,0.9673,2.375,0.53815
2021-12-06 23:05,26073769,7344459.3,2.0367,0.96892,2.3753,1.8592
2021-12-06 23:10,26077614,7321286.2,2.0286,0.96869,2.3635,0.78938
2021-12-06 23:15,26143204,7310424.1,2.0778,0.96933,2.4094,0.3294
2021-12-06 23:20,26159898,7285270,2.0864,0.97111,2.4206,0.91115
2021-12-06 23:25,26092865,7301566.4,2.0804,0.97045,2.4286,1.5784
2021-12-06 23:30,26014242,7268030.1,2.0816,0.9699,2.4307,1.8777
2021-12-06 23:35,25943364,7249747.5,2.0888,0.97019,2.4333,1.2629
2021-12-06 23:40,25933325,7227752.3,2.0792,0.9702,2.4197,1.036
2021-12-06 23:45,25874254,7221960.2,2.1074,0.97009,2.4459,1.5869
2021-12-06 23:50,25877045,7207792.1,2.099,0.97047,2.4396,1.0706
2021-12-06 23:55,25846865,7221191,2.0551,0.97021,2.3992,1.3555
2021-12-07 00:00,25863616,7209060.6,2.0492,0.96884,2.3979,0.60399
2021-12-07 00:05,25877915,7288818.6,2.0589,0.96944,2.4134,2.3087
2021-12-07 00:10,25832075,7193716.2,2.116,0.97332,2.448,0.48796
2021-12-07 00:15,25843619,7272820.3,2.1275,0.97339,2.4611,1.1573
2021-12-07 00:20,25730280,7210396.4,2.1265,0.9717,2.4605,0.78599
2021-12-07 00:25,25629483,7201884.7,2.1564,0.97349,2.4912,0.66087
2021-12-07 00:30,25510748,7157805.7,2.1828,0.97486,2.5154,1.5566
2021-12-07 00:35,25501485,7160562,2.1724,0.97459,2.5027,1.3176
2021-12-07 00:40,25441249,7167211.2,2.1774,0.97428,2.5137,0.69949
2021-12-07 00:45,25546623,7232504.4,2.1893,0.97185,2.5424,3.8508
2021-12-07 00:50,25507495,7227446.2,2.1712,0.9707,2.5224,1.1183
2021-12-07 00:55,25454210,7226195.7,2.1551,0.97035,2.5147,1.1177
2021-12-07 01:00,25340127,7190514.4,2.1688,0.97003,2.524,0.5945
2021-12-07 01:05,25363112,7183804.2,2.1788,0.9701,2.5201,0.96917
2021-12-07 01:10,25400494,7261044.4,2.1368,0.96994,2.4865,1.2771
2021-12-07 01:15,25495541,7290960.4,2.1598,0.96989,2.5125,1.0067
2021-12-07 01:20,25527600,7347657.9,2.1489,0.96948,2.5125,1.1056
2021-12-07 01:25,25506908,7339867.8,2.1812,0.96777,2.5549,0.9435
2021-12-07 01:30,25480379,7321048,2.1804,0.96748,2.5608,0.74977
2021-12-07 01:35,25671018,7340884.3,2.2201,0.96488,2.576,0.75039
2021-12-07 01:40,25626075,7315413.1,2.231,0.96572,2.5951,0.68131
2021-12-07 01:45,25663683,7317999.2,2.2437,0.96601,2.5922,0.84884
2021-12-07 01:50,25656401,7322337.4,2.2572,0.96623,2.6123,1.0136
2021-12-07 01:55,25649761,7349138.5,2.2473,0.96674,2.5993,1.1854
2021-12-07 02:00,25703557,7360952,2.2551,0.9666,2.6148,0.88173
2021-12-07 02:05,25717658,7379424.8,2.2416,0.96642,2.5918,1.268
2021-12-07 02:10,25700795,7371155.3,2.209,0.96654,2.5633,1.6085
2021-12-07 02:15,25680217,7294208.8,2.215,0.96538,2.5655,0.53751
2021-12-07 02:20,25609280,7313319.9,2.2109,0.9665,2.5525,1.3874
2021-12-07 02:25,25555862,7275004.1,2.1847,0.96572,2.5228,0.90796
2021-12-07 02:30,25541955,7260300.7,2.2109,0.96551,2.5503,0.83719
2021-12-07 02:35,25491678,7258500.4,2.2173,0.96385,2.5592,0.59104
2021-12-07 02:40,25514289,7242841.2,2.2235,0.96506,2.5653,0.60845
2021-12-07 02:45,25576351,7252463.3,2.2253,0.96464,2.5677,0.6439
2021-12-07 02:50,25572086,7268865.4,2.2392,0.96527,2.5874,0.63117
2021-12-07 02:55,25683610,7276381.2,2.1986,0.96572,2.5432,0.71907
2021-12-07 03:00,25563541,7230720.7,2.2173,0.96589,2.5642,0.78894
2021-12-07 03:05,25576974,7235725.9,2.1854,0.96518,2.5309,2.2219
2021-12-07 03:10,25564005,7240271.2,2.2107,0.96559,2.5625,0.82767
2021-12-07 03:15,25566558,7249948,2.2133,0.96525,2.5641,1.5117
2021-12-07 03:20,25566242,7246495.6,2.2002,0.96529,2.5529,1.4211
2021-12-07 03:25,25489429,7250604.4,2.218,0.96496,2.578,0.9028
2021-12-07 03:30,25484940,7248223,2.2351,0.96452,2.5962,2.1017
2021-12-07 03:35,25455572,7258872.7,2.2259,0.96428,2.5949,2.433
2021-12-07 03:40,25386171,7217863.9,2.1717,0.96395,2.538,1.373
2021-12-07 03:45,25375008,7190769.8,2.1325,0.96304,2.4946,1.0314
2021-12-07 03:50,25412570,7198752.4,2.0849,0.96352,2.4415,1.9227
2021-12-07 03:55,25388019,7188610.2,2.0816,0.96298,2.4471,0.53839
2021-12-07 04:00,25356185,7172757.6,2.0815,0.96291,2.4456,0.37561
2021-12-07 04:05,25399020,7199606.2,2.0652,0.96435,2.4298,1.3693
2021-12-07 04:10,25390160,7215629.6,2.0515,0.96444,2.4175,2.0506
2021-12-07 04:15,25400686,7211508.8,2.0412,0.96456,2.4121,0.80637
2021-12-07 04:20,25498776,7199988.1,2.1116,0.96625,2.4748,0.35104
2021-12-07 04:25,25500240,7199482.8,2.139,0.9661,2.5011,0.75112
2021-12-07 04:30,25667207,7219415.3,2.1492,0.96944,2.5101,0.55085
2021-12-07 04:35,26001706,7256532.2,2.067,0.9685,2.4145,0.35328
2021-12-07 04:40,25880862,7225286.5,2.0862,0.96771,2.4333,2.0678
2021-12-07 04:45,25745779,7195430.3,2.0648,0.96697,2.4077,1.9567
2021-12-07 04:50,25672639,7151370.3,2.0704,0.9667,2.4063,0.67619
2021-12-07 04:55,25661920,7163592.5,2.1209,0.96662,2.4658,0.54074
2021-12-07 05:00,25716809,7209810.5,2.1357,0.96249,2.5903,1.6384
2021-12-07 05:05,25792434,7256185.5,2.1189,0.96013,2.6164,1.3439
2021-12-07 05:10,25801979,7249570.7,2.0727,0.96073,2.5469,1.5344
2021-12-07 05:15,25830257,7261918.5,2.0628,0.96039,2.5363,1.0449
2021-12-07 05:20,25831793,7242718.1,2.0893,0.96175,2.5383,0.45052
2021-12-07 05:25,25919865,7270692.9,2.1109,0.96174,2.5624,1.4391
2021-12-07 05:30,25958171,7293667.2,2.0986,0.96203,2.5517,2.7338
2021-12-07 05:35,25998551,7268401.1,2.0975,0.96199,2.5482,1.299
2021-12-07 05:40,26085586,7295616.7,2.0873,0.96215,2.5395,1.1775
2021-12-07 05:45,26086780,7308211.4,2.0907,0.96226,2.5385,1.072
2021-12-07 05:50,26126514,7322216.8,2.0839,0.96143,2.5369,2.7874
2021-12-07 05:55,26180942,7355012,2.0793,0.96098,2.5312,0.74675
2021-12-07 06:00,26225113,7347554.9,2.0761,0.96112,2.5211,0.63895
2021-12-07 06:05,26260451,7361628.7,2.0814,0.96105,2.5241,1.1343
2021-12-07 06:10,26263761,7385283.2,2.0792,0.96117,2.5312,0.7865
2021-12-07 06:15,26353351,7426222.3,2.0682,0.96062,2.5186,2.1296
2021-12-07 06:20,26360352,7434221.1,2.0442,0.96063,2.493,0.77703
2021-12-07 06:25,26438176,7465775.3,2.0786,0.96084,2.5329,0.37167
2021-12-07 06:30,26506106,7470480.9,2.0808,0.96118,2.5339,0.54525
2021-12-07 06:35,26499792,7477100.2,2.0586,0.96124,2.501,1.0559
2021-12-07 06:40,26488628,7487529.9,2.0696,0.96085,2.5313,0.45965
2021-12-07 06:45,26552987,7493393.4,2.0529,0.96068,2.5125,0.35939
2021-12-07 06:50,26516389,7476879.2,2.0343,0.96026,2.4871,1.912
2021-12-07 06:55,26504685,7481212.4,2.0496,0.95985,2.513,1.2123
2021-12-07 07:00,26499964,7493394.8,2.0717,0.9598,2.5374,0.86314
2021-12-07 07:05,26549779,7494767.1,2.0618,0.95926,2.5241,0.41195
2021-12-07 07:10,26629548,7547810.1,2.0563,0.95908,2.5201,0.98738
2021-12-07 07:15,26611679,7532629.2,2.0674,0.95916,2.5257,0.91609
2021-12-07 07:20,26561612,7553734.7,2.053,0.9582,2.5161,2.665
2021-12-07 07:25,26556478,7545492.1,2.0497,0.9579,2.506,1.0131
2021-12-07 07:30,26647835,7532543.5,2.0398,0.95592,2.486,0.3093
2021-12-07 07:35,26666126,7525680.2,2.054,0.95569,2.5045,0.43672
2021-12-07 07:40,26704078,7559924.5,2.0256,0.95577,2.4747,1.1917
2021-12-07 07:45,26681240,7552462.2,2.0518,0.95601,2.5035,1.3801
2021-12-07 07:50,26564339,7479455.3,2.0774,0.95548,2.5207,0.25507
2021-12-07 07:55,26542899,7483752.3,2.0765,0.95546,2.5182,1.048
2021-12-07 08:00,26478798,7471787.2,2.0597,0.95561,2.501,1.265
2021-12-07 08:05,26615715,7519738,2.0269,0.95548,2.4681,1.012
2021-12-07 08:10,26614462,7532977.6,2.0432,0.95447,2.4935,1.6378
2021-12-07 08:15,26612281,7549015.3,2.0399,0.95505,2.4875,1.3459
2021-12-07 08:20,26627241,7560272.5,2.0311,0.95592,2.4722,0.83949
2021-12-07 08:25,26530619,7559660.3,2.0432,0.95675,2.491,1.3511
2021-12-07 08:30,26551020,7568633.8,2.0214,0.95665,2.4609,0.85258
2021-12-07 08:35,26541760,7551802,2.0301,0.95671,2.4617,0.58092
2021-12-07 08:40,26537296,7563129.4,2.0182,0.95674,2.448,0.61057
2021-12-07 08:45,26617157,7617926.4,2.0279,0.95639,2.4514,1.2277
2021-12-07 08:50,26567838,7576264.5,2.028,0.95649,2.4503,0.35976
2021-12-07 08:55,27119771,7674081.6,2.029,0.95641,2.4583,0.22039
2021-12-07 09:00,27294266,7708217.1,2.0333,0.95708,2.4672,0.65043
2021-12-07 09:05,27367413,7766898.1,2.0329,0.95427,2.4754,3.2168
2021-12-07 09:10,27242248,7699914.1,2.0289,0.95709,2.4669,1.5456
2021-12-07 09:15,27281504,7738398.6,2.0267,0.95736,2.4669,1.4458
2021-12-07 09:20,27286023,7748817.7,2.0224,0.95689,2.4611,1.2957
2021-12-07 09:25,27335134,7764130.4,2.0321,0.95696,2.4709,1.3836
2021-12-07 09:30,27410055,7791637.1,2.0429,0.95727,2.4774,0.36915
2021-12-07 09:35,27396656,7771883.4,2.0267,0.95692,2.4657,0.94293
2021-12-07 09:40,27394053,7767857.7,2.016,0.95718,2.4551,1.2779
2021-12-07 09:45,27370673,7739703.2,2.0074,0.95492,2.4482,3.4047
2021-12-07 09:50,27367449,7724051.1,2.0321,0.95523,2.472,1.2858
2021-12-07 09:55,27384862,7731396.1,2.0343,0.95488,2.4798,1.9046
2021-12-07 10:00,27279017,7735484.1,2.0581,0.95423,2.5139,2.11
2021-12-07 10:05,27254056,7699238.4,2.0538,0.95479,2.5079,0.74747
2021-12-07 10:10,27264869,7715685.3,2.0331,0.95463,2.4897,2.5053
2021-12-07 10:15,27292266,7707063,2.0417,0.95438,2.498,0.58537
2021-12-07 10:20,27201981,7706593.2,2.078,0.95425,2.5394,2.011
2021-12-07 10:25,27193852,7717343.3,2.0734,0.95459,2.5298,0.93433
2021-12-07 10:30,27174664,7721145.4,2.0703,0.95457,2.5198,1.0983
2021-12-07 10:35,27183901,7760258.4,2.0702,0.95527,2.5129,0.74803
2021-12-07 10:40,27141093,7741996.8,2.0759,0.95546,2.5179,0.56191
2021-12-07 10:45,27172114,7762732.8,2.0429,0.95492,2.4764,1.5143
2021-12-07 10:50,27167426,7748693.2,2.0483,0.95466,2.4793,0.71208
2021-12-07 10:55,27124770,7743617,2.0428,0.95471,2.472,0.68266
2021-12-07 11:00,27081374,7737961,2.0494,0.95455,2.4789,0.9263
2021-12-07 11:05,27108905,7724147.9,2.0636,0.95463,2.4911,0.39491
2021-12-07 11:10,27102415,7741145.7,2.0526,0.95469,2.4808,2.0845
2021-12-07 11:15,27129981,7753206,2.0591,0.95481,2.4872,0.63323
2021-12-07 11:20,27117542,7758057.6,2.0647,0.95513,2.4901,0.67482
2021-12-07 11:25,27203196,7725707.7,2.0341,0.95418,2.4595,0.43371
2021-12-07 11:30,27283235,7757508.2,2.0309,0.95403,2.4605,1.4795
2021-12-07 11:35,27339430,7738880.9,2.0267,0.95415,2.4516,0.94187
2021-12-07 11:40,27347401,7745934.7,2.0417,0.95405,2.4614,1.2245
2021-12-07 11:45,27299127,7749367.7,2.044,0.95349,2.472,1.2394
2021-12-07 11:50,27176703,7754600.4,2.0616,0.95254,2.5005,1.9684
2021-12-07 11:55,27121581,7727480.9,2.0452,0.95283,2.4764,1.7618
2021-12-07 12:00,27104626,7749431.8,2.065,0.95281,2.495,0.77327
2021-12-07 12:05,27065941,7721440.7,2.0517,0.95377,2.4695,0.4835
2021-12-07 12:10,27094306,7691531.6,2.0584,0.94792,2.4842,0.68846
2021-12-07 12:15,27028142,7659356,2.0574,0.95243,2.4861,0.79896
2021-12-07 12:20,27051363,7639213.7,2.0399,0.94885,2.4586,0.74654
2021-12-07 12:25,26824346,7444560.7,2.0686,0.95507,2.4626,0.56055
2021-12-07 12:30,26587727,7402820.8,2.0163,0.95199,2.4048,1.3253
2021-12-07 12:35,26697773,7331532.6,2.0789,0.95389,2.4608,0.28965
2021-12-07 12:40,26621795,7325253.1,2.2055,0.9533,2.5833,0.802
2021-12-07 12:45,26472699,7354645.2,2.0129,0.95334,2.3966,1.9055
2021-12-07 12:50,26522005,7345269.3,2.0358,0.95533,2.4207,1.1855
2021-12-07 12:55,26504092,7344711.1,2.0293,0.95546,2.4076,0.78281
2021-12-07 13:00,26527284,7361413.4,2.0378,0.956,2.3937,0.62292
2021-12-07 13:05,26667668,7443886.7,2.0333,0.95613,2.3881,0.64289
2021-12-07 13:10,26651959,7441227,2.0552,0.95979,2.4061,0.71153
2021-12-07 13:15,26709677,7495437.6,2.0606,0.95975,2.4173,0.81603
2021-12-07 13:20,26781869,7511463.1,2.0343,0.95954,2.3926,1.2726
2021-12-07 13:25,26780564,7456343.4,2.0742,0.95961,2.4335,0.29814
2021-12-07 13:30,26787738,7454491.7,2.0485,0.95539,2.4033,1.3155
2021-12-07 13:35,26863220,7502091.4,2.0279,0.95555,2.3812,1.3194
2021-12-07 13:40,26898206,7525465.2,2.0388,0.95605,2.3941,0.41863
2021-12-07 13:45,27039595,7568540.8,2.0454,0.95573,2.4075,1.0645
2021-12-07 13:50,26987149,7562676.5,2.0432,0.95542,2.3998,0.73284
2021-12-07 13:55,27045449,7533509.8,2.0355,0.95582,2.3953,0.39222
2021-12-07 14:00,27208988,7617958,1.9989,0.95876,2.3595,0.57516
2021-12-07 14:05,27270952,7622776.5,2.0181,0.96237,2.3765,1.2161
2021-12-07 14:10,27273698,7636362.7,1.9873,0.96202,2.3485,0.78554
2021-12-07 14:15,27264503,7704130.6,1.9736,0.96176,2.3359,1.6918
2021-12-07 14:20,27289966,7710581.2,1.9503,0.9639,2.3067,0.80515
2021-12-07 14:25,27345670,7734722.8,1.9691,0.96455,2.3346,0.60259
2021-12-07 14:30,27326902,7704725.5,1.985,0.9639,2.3466,1.1779
2021-12-07 14:35,27403513,7777939.1,1.9533,0.96434,2.3208,1.6145
2021-12-07 14:40,27453078,7780751.9,1.9733,0.96435,2.3307,0.71262
2021-12-07 14:45,27454226,7818809.5,1.9627,0.96074,2.3224,0.93607
2021-12-07 14:50,27536744,7805309.4,1.9556,0.96078,2.3115,0.5267
2021-12-07 14:55,27625109,7855122.1,1.9765,0.96818,2.3375,0.41746
2021-12-07 15:00,27494573,7842002.1,1.9701,0.96215,2.3398,1.5495
2021-12-07 15:05,27391029,7827506.7,1.9658,0.96219,2.3343,0.9566
2021-12-07 15:10,27397572,7800526.3,1.9881,0.96203,2.3605,0.57411
2021-12-07 15:15,27492582,7835651.4,1.9806,0.96889,2.347,0.97644
2021-12-07 15:20,27502146,7833436.2,1.9785,0.96885,2.3372,1.2561
2021-12-07 15:25,27491124,7829069.1,1.9924,0.96928,2.3493,0.47011
2021-12-07 15:30,27441003,7782810.1,1.9978,0.97059,2.3523,0.52107
2021-12-07 15:35,27375433,7812127.3,1.9882,0.97062,2.3418,1.3682
2021-12-07 15:40,27319100,7816814.1,1.9839,0.96976,2.335,0.91752
2021-12-07 15:45,27382572,7800747.1,1.9797,0.9697,2.3301,0.54803
2021-12-07 15:50,27454266,7792344.3,1.9744,0.97135,2.3227,1.0087
2021-12-07 15:55,27435822,7794061,2.0076,0.97164,2.3595,0.71982
2021-12-07 16:00,27441682,7791455.3,2.0108,0.97036,2.3674,1.5463
2021-12-07 16:05,27435206,7793244.6,2.0043,0.97029,2.3644,1.2166
2021-12-07 16:10,27507496,7807659.2,2.0239,0.96772,2.381,1.0286
2021-12-07 16:15,27499614,7758537.6,2.0283,0.9673,2.3867,0.60127
2021-12-07 16:20,27431784,7738714.2,2.0394,0.97054,2.3883,0.5977
2021-12-07 16:25,27311176,7697304.6,1.9946,0.97109,2.3363,1.5979
2021-12-07 16:30,27286519,7731145.4,2.0043,0.9708,2.3431,1.3626
2021-12-07 16:35,27264251,7661012.7,2.0506,0.96996,2.391,0.65871
2021-12-07 16:40,27333659,7671641.6,2.0607,0.97193,2.4002,0.68993
2021-12-07 16:45,27397088,7627823.3,2.0567,0.96988,2.397,0.63146
2021-12-07 16:50,27626604,7713171,2.0397,0.97074,2.3906,2.1007
2021-12-07 16:55,27507529,7681331.4,2.0759,0.97141,2.432,1.3741
2021-12-07 17:00,27451227,7695402.5,2.0461,0.97197,2.4064,2.5477
2021-12-07 17:05,27433305,7649502.8,2.0892,0.97089,2.4483,0.67747
2021-12-07 17:10,27409490,7665612.1,2.087,0.97259,2.4477,1.3504
2021-12-07 17:15,27455833,7714866.4,2.1136,0.97315,2.4779,1.1063
2021-12-07 17:20,27468527,7688715.4,2.1043,0.97285,2.4719,0.85039
2021-12-07 17:25,27928183,7730139.6,2.1474,0.97484,2.5223,0.40268
2021-12-07 17:30,28156681,7738276.7,2.1635,0.9767,2.5358,0.52504
2021-12-07 17:35,28129639,7762920.7,2.1001,0.97639,2.4771,1.6846
2021-12-07 17:40,28073429,7698015,2.1058,0.9768,2.4559,0.89048
2021-12-07 17:45,28474708,7785522.2,2.1242,0.97628,2.4725,0.49923
2021-12-07 17:50,28862213,7939472.1,2.1271,0.97696,2.4776,1.0572
2021-12-07 17:55,28767967,7908601.8,2.1096,0.97592,2.4662,1.6647
2021-12-07 18:00,28799782,7935875,2.1304,0.97613,2.4898,0.84117
2021-12-07 18:05,28741382,7965141.2,2.1352,0.97539,2.5107,1.4249
2021-12-07 18:10,28868315,7940507.5,2.118,0.97546,2.4772,0.21631
2021-12-07 18:15,28699863,7913413.2,2.1263,0.97494,2.4873,2.41
2021-12-07 18:20,28714367,7909462.3,2.1355,0.97375,2.4903,0.84359
2021-12-07 18:25,28685117,7917346.7,2.1249,0.97303,2.4803,1.0191
2021-12-07 18:30,28586808,7872235.2,2.1353,0.97436,2.4888,0.74568
2021-12-07 18:35,28556351,7835577.2,2.1588,0.97415,2.5128,0.3586
2021-12-07 18:40,28515411,7802957.1,2.1401,0.97413,2.4995,1.2833
2021-12-07 18:45,28515051,7837658.6,2.139,0.97443,2.4959,0.86788
2021-12-07 18:50,28490477,7867066,2.1307,0.97431,2.4929,1.4918
2021-12-07 18:55,28443919,7830618.6,2.1379,0.97479,2.5041,0.76557
2021-12-07 19:00,28417261,7835775.5,2.1089,0.97328,2.4712,0.612
2021-12-07 19:05,28350193,7738536.2,2.1605,0.9721,2.5231,0.32922
2021-12-07 19:10,28228949,7753623.1,2.1437,0.97226,2.5026,1.1605
2021-12-07 19:15,28231441,7765340.2,2.1532,0.97205,2.5113,1.5036
2021-12-07 19:20,28207738,7743870.3,2.1331,0.97296,2.4929,0.86399
2021-12-07 19:25,28260009,7802305.9,2.1765,0.97318,2.5334,1.3834
2021-12-07 19:30,28108802,7766310.5,2.1506,0.97209,2.5087,1.3717
2021-12-07 19:35,28093750,7782249.7,2.1648,0.97249,2.52,0.93345
2021-12-07 19:40,28049921,7744302.7,2.1614,0.97133,2.5138,0.65407
2021-12-07 19:45,28035793,7721057.4,2.1247,0.97181,2.4752,0.78737
2021-12-07 19:50,28035389,7712255.2,2.1154,0.97031,2.4757,1.3162
2021-12-07 19:55,28070972,7754680.1,2.1307,0.97067,2.4883,1.6035
2021-12-07 20:00,28023201,7711822.1,2.1509,0.97061,2.5149,1.9892
2021-12-07 20:05,28073702,7755079.4,2.1424,0.97094,2.5051,1.0294
2021-12-07 20:10,28074504,7759379.9,2.1285,0.97027,2.4919,1.6918
2021-12-07 20:15,28015339,7688249.5,2.1275,0.96989,2.4822,0.39983
2021-12-07 20:20,27941379,7678290.9,2.1737,0.97055,2.5309,0.62557
2021-12-07 20:25,27919157,7595406.7,2.1685,0.97139,2.5184,0.62974
2021-12-07 20:30,27999080,7615749.8,2.1564,0.97249,2.4894,0.6641
2021-12-07 20:35,27897410,7539833,2.2082,0.97195,2.5345,0.54465
2021-12-07 20:40,27936202,7524488.3,2.2208,0.97223,2.5482,0.92288
2021-12-07 20:45,27955104,7552910,2.266,0.97327,2.5849,1.1635
2021-12-07 20:50,28135657,7611233.2,2.2331,0.95703,2.5598,1.9781
2021-12-07 20:55,28061497,7574350,2.235,0.95962,2.5626,0.55952
2021-12-07 21:00,28110263,7631457.7,2.2057,0.95816,2.5342,1.0716
2021-12-07 21:05,27987540,7601089.8,2.2144,0.95763,2.5472,0.88649
2021-12-07 21:10,27994982,7652514.6,2.2232,0.95735,2.5669,1.5004
2021-12-07 21:15,28093974,7671012.4,2.2344,0.95739,2.5874,0.54212
2021-12-07 21:20,28018470,7673729.7,2.2576,0.95736,2.6115,0.57676
2021-12-07 21:25,27959091,7618852.3,2.2298,0.95958,2.5708,1.1044
2021-12-07 21:30,27992545,7672000.5,2.2309,0.95909,2.5756,1.2215
2021-12-07 21:35,28035897,7670341.1,2.2258,0.95945,2.5782,0.9274
2021-12-07 21:40,28042751,7669972.8,2.2241,0.9597,2.5732,0.82008
2021-12-07 21:45,28010788,7662289.4,2.2082,0.95915,2.552,1.645
2021-12-07 21:50,27999350,7658662.2,2.1941,0.95889,2.5394,0.99137
2021-12-07 21:55,27969977,7603917.9,2.1941,0.95867,2.5426,0.51054
2021-12-07 22:00,27993808,7617115.2,2.1856,0.95652,2.5363,2.2796
2021-12-07 22:05,28041127,7611629.6,2.1759,0.95679,2.5253,1.296
2021-12-07 22:10,27984979,7536914.5,2.2027,0.95833,2.5522,0.70838
2021-12-07 22:15,27939161,7543009.4,2.2181,0.95911,2.5643,1.2052
2021-12-07 22:20,28023783,7546524.5,2.2301,0.95953,2.5803,0.78228
2021-12-07 22:25,28028003,7528511.9,2.2007,0.96204,2.5494,0.95567
2021-12-07 22:30,28062698,7578612.2,2.2239,0.96254,2.5701,1.4759
2021-12-07 22:35,28040511,7588704.7,2.2425,0.96184,2.5882,0.60739
2021-12-07 22:40,28084101,7636806.2,2.2325,0.9624,2.5801,0.95267
2021-12-07 22:45,27976889,7568303,2.2128,0.96129,2.5625,1.7925
2021-12-07 22:50,27936867,7525869.3,2.2491,0.96041,2.6006,1.4956
2021-12-07 22:55,27775714,7448613.2,2.2335,0.96088,2.5871,0.74381
2021-12-07 23:00,27735908,7437766.2,2.1966,0.96033,2.5452,1.5038
2021-12-07 23:05,27747669,7451292.2,2.2281,0.96096,2.5735,0.88297
2021-12-07 23:10,27705521,7462051,2.2023,0.9606,2.5464,1.5834
2021-12-07 23:15,27672266,7478727.6,2.2477,0.96084,2.5888,1.1252
2021-12-07 23:20,27615657,7506957.9,2.2453,0.96053,2.5884,1.2185
2021-12-07 23:25,27627580,7519800.4,2.2393,0.96075,2.5787,0.67657
2021-12-07 23:30,27641126,7483282,2.2317,0.96109,2.5722,1.3521
2021-12-07 23:35,27783065,7548380.7,2.2343,0.96173,2.5759,0.87138
2021-12-07 23:40,27808303,7549007.9,2.2355,0.96183,2.5716,1.7022
2021-12-07 23:45,27843998,7607614.3,2.2404,0.96177,2.5802,1.5251
2021-12-07 23:50,27759621,7559578,2.2658,0.96063,2.6096,0.53806
2021-12-07 23:55,27737299,7543859.7,2.2632,0.96086,2.6002,0.81162
2021-12-08 00:00,27826577,7587194.5,2.2442,0.96034,2.5808,0.73087
2021-12-08 00:05,27734401,7486422.3,2.283,0.95996,2.6186,1.0509
2021-12-08 00:10,27788562,7525893.7,2.2954,0.97412,2.6373,0.87409
2021-12-08 00:15,27820550,7502924.1,2.2622,0.97367,2.6008,0.805
2021-12-08 00:20,27761841,7467270.6,2.2434,0.97349,2.585,1.291
2021-12-08 00:25,27752286,7443718.2,2.2722,0.97241,2.6182,1.0683
2021-12-08 00:30,27819937,7518894.4,2.2852,0.97272,2.6305,0.71397
2021-12-08 00:35,28000245,7595888.3,2.2795,0.97355,2.6197,1.4163
2021-12-08 00:40,28041711,7641564.8,2.2704,0.97432,2.6137,1.1125
2021-12-08 00:45,28010292,7627568.6,2.2698,0.97462,2.6134,1.2517
2021-12-08 00:50,28119785,7640106.2,2.2683,0.97531,2.6079,1.0762
2021-12-08 00:55,28130427,7637973.5,2.2986,0.9753,2.6399,2.0409
2021-12-08 01:00,28077729,7675585.2,2.2578,0.97458,2.5958,2.3884
2021-12-08 01:05,27950230,7653332,2.2622,0.97403,2.5953,0.86062
2021-12-08 01:10,27687699,7638759.3,2.2275,0.97291,2.5782,1.0604
2021-12-08 01:15,27823176,7625813.6,2.2132,0.9726,2.5698,0.66642
2021-12-08 01:20,27755430,7603853.2,2.2308,0.97249,2.5838,0.72966
2021-12-08 01:25,27768109,7611685.2,2.2535,0.97227,2.6047,1.5566
2021-12-08 01:30,27742576,7581323.9,2.2319,0.97176,2.5859,0.95833
2021-12-08 01:35,27754381,7559183.2,2.2207,0.97144,2.5734,0.44444
2021-12-08 01:40,27735657,7541617.2,2.2032,0.9713,2.5566,0.97949
2021-12-08 01:45,27716024,7567028.9,2.2055,0.97115,2.5598,0.97822
2021-12-08 01:50,27730575,7565035.1,2.223,0.97115,2.5777,0.19159
2021-12-08 01:55,27717645,7528498.5,2.2178,0.97092,2.5661,0.97602
2021-12-08 02:00,27642873,7510845,2.2139,0.97077,2.5547,1.7878
2021-12-08 02:05,27359029,7535497.4,2.1711,0.97013,2.5374,1.372
2021-12-08 02:10,27383677,7640045.9,2.1154,0.96844,2.487,1.1235
2021-12-08 02:15,27130768,7524447.2,2.1766,0.96596,2.5529,0.53037
2021-12-08 02:20,27024347,7463446.1,2.1602,0.96549,2.5367,0.57384
2021-12-08 02:25,26892413,7485234.2,2.0903,0.9655,2.4625,1.6172
2021-12-08 02:30,26762692,7427985.2,2.1172,0.96537,2.487,1.742
2021-12-08 02:35,26680715,7411635.8,2.1216,0.9654,2.4974,0.63996
2021-12-08 02:40,26523607,7364625.4,2.1263,0.96529,2.5047,1.24
2021-12-08 02:45,26390387,7307910.4,2.1484,0.96502,2.524,1.3647
2021-12-08 02:50,26304712,7296664.1,2.126,0.96458,2.5047,2.2407
2021-12-08 02:55,26090208,7187330.5,2.1908,0.96432,2.5699,0.59282
2021-12-08 03:00,25931727,7061784.9,2.2707,0.96362,2.6619,0.58142
2021-12-08 03:05,25717634,7023743,2.3237,0.96291,2.7179,0.92102
2021-12-08 03:10,25725121,7077752.5,2.2751,0.96275,2.6714,1.1652
2021-12-08 03:15,25740083,7130249.1,2.2767,0.96424,2.67,0.84218
2021-12-08 03:20,25774511,7103970.7,2.2932,0.96514,2.689,0.62861
2021-12-08 03:25,25784013,7101690.7,2.2806,0.96517,2.6754,0.7988
2021-12-08 03:30,25822342,7112405.2,2.3054,0.9651,2.7053,0.5991
2021-12-08 03:35,25822515,7175015.6,2.2782,0.96543,2.6732,1.8051
2021-12-08 03:40,25822980,7151098.5,2.2648,0.96564,2.6471,1.0149
2021-12-08 03:45,25777467,7092154.5,2.2583,0.96517,2.6381,0.58945
2021-12-08 03:50,25709613,7000789.6,2.294,0.96357,2.6853,0.47812
2021-12-08 03:55,25827844,7000120.6,2.2805,0.9593,2.6659,1.2504
2021-12-08 04:00,25795685,6997337.5,2.2416,0.96411,2.6167,0.46264
2021-12-08 04:05,25780689,7018152.4,2.2442,0.9641,2.6227,0.92885
2021-12-08 04:10,25773090,7048365.4,2.2646,0.96414,2.6508,1.2044
2021-12-08 04:15,25942203,7067174.9,2.3349,0.96433,2.725,0.48472
2021-12-08 04:20,25972004,7081239.6,2.3195,0.96497,2.7118,0.88275
2021-12-08 04:25,25890196,7055855.1,2.3329,0.96477,2.7262,0.81843
2021-12-08 04:30,25983679,7008837.6,2.4507,0.96827,2.8462,0.64705
2021-12-08 04:35,26115953,7006403.3,2.4312,0.96807,2.835,0.6343
2021-12-08 04:40,26192148,6980109,2.4656,0.96765,2.8597,0.57875
2021-12-08 04:45,26478123,7086075.3,2.4277,0.96869,2.8204,1.4058
2021-12-08 04:50,26423870,7073507.5,2.4348,0.96728,2.83,1.0297
2021-12-08 04:55,26289791,7044344.2,2.4424,0.96816,2.846,0.94583
2021-12-08 05:00,26407389,7091176.2,2.4183,0.9691,2.8313,0.60352
2021-12-08 05:05,26516588,7120115.2,2.4414,0.96958,2.8476,0.44002
2021-12-08 05:10,26621673,7178534.1,2.3838,0.97022,2.7798,0.48531
2021-12-08 05:15,26364365,7127129.1,2.4193,0.97019,2.8204,1.0627
2021-12-08 05:20,26275348,7104867.2,2.4138,0.96872,2.8149,0.90898
2021-12-08 05:25,26221953,7099331.6,2.4,0.96797,2.8133,1.002
2021-12-08 05:30,26087672,7100702.7,2.3969,0.96708,2.8216,1.0682
2021-12-08 05:35,26178407,7133877.7,2.4017,0.96725,2.8317,2.0714
2021-12-08 05:40,26241656,7133006.9,2.4148,0.96809,2.8458,1.1455
2021-12-08 05:45,26193098,7148096.4,2.4175,0.96797,2.8378,0.93144
2021-12-08 05:50,26117870,7093031.8,2.4116,0.96783,2.8283,0.89714
2021-12-08 05:55,26138262,7085821.4,2.4474,0.96826,2.8607,0.76739
2021-12-08 06:00,26340344,7105571.2,2.4113,0.96816,2.8311,0.30954
2021-12-08 06:05,26417845,7156064,2.3904,0.96864,2.8035,1.5651
2021-12-08 06:10,26314714,7152164.8,2.4155,0.96876,2.8244,0.92287
2021-12-08 06:15,26293981,7145389.3,2.415,0.96938,2.8224,0.97235
2021-12-08 06:20,26212117,7154368,2.394,0.96958,2.7996,2.087
2021-12-08 06:25,26313831,7182097,2.4317,0.96958,2.8343,0.48398
2021-12-08 06:30,26224010,7164226.7,2.3986,0.96972,2.8011,3.0672
2021-12-08 06:35,26103954,7113261.9,2.4579,0.96969,2.8552,0.92799
2021-12-08 06:40,26151637,7127529.8,2.4,0.96979,2.7982,1.7482
2021-12-08 06:45,26137532,7119863.7,2.421,0.96969,2.8171,0.78148
2021-12-08 06:50,26168991,7160886.4,2.4405,0.95695,2.8503,5.2939
2021-12-08 06:55,26148598,7159425.5,2.4412,0.95732,2.8538,0.99924
2021-12-08 07:00,26130282,7151596.9,2.4538,0.95737,2.869,0.77538
2021-12-08 07:05,26051313,7105796.8,2.4383,0.95693,2.8509,0.84957
2021-12-08 07:10,26080054,7132069.1,2.4318,0.9568,2.8437,0.82412
2021-12-08 07:15,26103659,7119518.5,2.4466,0.95674,2.8606,0.72092
2021-12-08 07:20,26136142,7121837.3,2.4253,0.95688,2.8383,0.56693
2021-12-08 07:25,26067131,7106725.5,2.4455,0.95619,2.8621,1.1568
2021-12-08 07:30,26057012,7113043.1,2.4473,0.95671,2.8513,0.61855
2021-12-08 07:35,26024393,7105180,2.4527,0.95675,2.8513,0.95337
2021-12-08 07:40,26012423,7110756,2.4479,0.95623,2.8581,1.7986
2021-12-08 07:45,25802928,7101698.1,2.4157,0.95549,2.838,4.0892
2021-12-08 07:50,25941139,7094642.1,2.438,0.95534,2.8649,0.43046
2021-12-08 07:55,25847086,7104168.5,2.4289,0.95538,2.8657,2.7684
2021-12-08 08:00,25880555,7098202.4,2.4197,0.95537,2.8595,1.0401
2021-12-08 08:05,25870339,7101929.1,2.4057,0.9559,2.8502,1.8013
2021-12-08 08:10,25872776,7118693.5,2.4105,0.95641,2.8557,1.7263
2021-12-08 08:15,25964240,7139127.4,2.4117,0.95697,2.859,1.0083
2021-12-08 08:20,25894249,7088550.7,2.4305,0.95643,2.8796,0.84221
2021-12-08 08:25,25891460,7085715.9,2.4028,0.95666,2.8512,2.126
2021-12-08 08:30,25906738,7057046.7,2.4195,0.95708,2.8724,0.54769
2021-12-08 08:35,25881050,7067463.1,2.4153,0.95688,2.8691,1.4518
2021-12-08 08:40,25770213,7070930.8,2.3933,0.9561,2.8504,2.2889
2021-12-08 08:45,25755053,7031644.6,2.4144,0.95802,2.8655,0.6586
2021-12-08 08:50,25745532,7057622.7,2.4243,0.95807,2.8771,0.71659
2021-12-08 08:55,25750708,7068550.3,2.3789,0.95843,2.8324,2.2416
2021-12-08 09:00,25684803,7048937.3,2.3478,0.95812,2.7985,1.7483
2021-12-08 09:05,25723702,7078648.3,2.3527,0.95988,2.8046,1.7022
2021-12-08 09:10,25829320,7149871.7,2.3372,0.95861,2.8285,2.059
2021-12-08 09:15,26071250,7212749.8,2.3038,0.95761,2.8083,1.1477
2021-12-08 09:20,26110900,7240582.6,2.3306,0.95731,2.8427,1.1112
2021-12-08 09:25,25912461,7158317.4,2.3268,0.95613,2.8635,1.9862
2021-12-08 09:30,25833743,7098079.2,2.3481,0.95505,2.8938,1.4433
2021-12-08 09:35,25414943,6932530.3,2.4506,0.96636,2.9956,0.57409
2021-12-08 09:40,25433734,6915177.9,2.416,0.96609,2.9683,0.60494
2021-12-08 09:45,25382245,6916123.9,2.4033,0.96542,2.9586,1.0292
2021-12-08 09:50,25483341,6914034.1,2.4219,0.96481,2.9869,1.1236
2021-12-08 09:55,25623884,6965530.8,2.4226,0.96484,2.9923,1.8601
2021-12-08 10:00,25648041,6952615.3,2.4323,0.96444,3.0022,0.45254
2021-12-08 10:05,25625557,6981684.3,2.4299,0.96529,3.0055,0.80205
2021-12-08 10:10,25657806,7018692.8,2.4172,0.96554,2.9945,1.0804
2021-12-08 10:15,25677122,7043234.6,2.3599,0.96573,2.9288,0.74932
2021-12-08 10:20,25672498,7038533.5,2.3732,0.96589,2.9524,0.53405
2021-12-08 10:25,25667443,7045813.5,2.388,0.9664,2.9739,1.2161
2021-12-08 10:30,25654675,6986281.1,2.4568,0.9654,3.0608,0.21438
2021-12-08 10:35,25596202,7007890.2,2.4123,0.9652,3.0175,4.4214
2021-12-08 10:40,25370129,6763930.1,2.4855,0.96549,3.0569,0.7205
2021-12-08 10:45,25104887,6656529.4,2.489,0.96362,3.0475,0.94835
2021-12-08 10:50,25093225,6626427.4,2.5809,0.96172,3.1306,0.85837
2021-12-08 10:55,25276154,6665707.5,2.593,0.96188,3.1443,0.84068
2021-12-08 11:00,25357232,6659316.3,2.6005,0.96043,3.1586,1.1667
2021-12-08 11:05,24990126,6550161.9,2.6899,0.96259,3.2076,0.64213
2021-12-08 11:10,25194751,6627748.1,2.5776,0.962,3.0986,1.2145
2021-12-08 11:15,25468193,6691258.3,2.5975,0.96151,3.1163,0.33391
2021-12-08 11:20,25493361,6727698,2.6204,0.96229,3.1452,1.0309
2021-12-08 11:25,25657606,6774634.3,2.5582,0.9626,3.0794,1.7001
2021-12-08 11:30,25727723,6740663.4,2.5504,0.96296,3.0664,0.98693
2021-12-08 11:35,25674179,6763427.8,2.521,0.96284,3.0489,1.7419
2021-12-08 11:40,25614654,6707197.1,2.5092,0.96221,3.0283,0.8657
2021-12-08 11:45,25605806,6708977.2,2.529,0.9617,3.057,0.95155
2021-12-08 11:50,25653756,6739548.5,2.5086,0.96234,3.0305,1.5325
2021-12-08 11:55,25765536,6763968.5,2.5388,0.96246,3.0683,1.2186
2021-12-08 12:00,25872033,6814509.8,2.5633,0.96266,3.0926,0.8116
2021-12-08 12:05,25875977,6861532.8,2.514,0.96101,3.0576,1.0369
2021-12-08 12:10,25879408,6838892.4,2.5264,0.96094,3.0785,0.82231
2021-12-08 12:15,26094604,6866534.1,2.54,0.96222,3.097,1.1884
2021-12-08 12:20,26114779,6875939.8,2.5464,0.96213,3.1018,0.81362
2021-12-08 12:25,25980046,6788066.4,2.5308,0.96135,3.0868,0.48706
2021-12-08 12:30,26156252,6857907.7,2.5527,0.96283,3.0937,1.7729
2021-12-08 12:35,26389771,6971058.3,2.5401,0.96382,3.0819,1.3772
2021-12-08 12:40,26205900,6922288.5,2.5283,0.9638,3.0703,2.9731
2021-12-08 12:45,26327329,6958706.4,2.5424,0.96425,3.0874,0.39622
2021-12-08 12:50,26398383,6999894.2,2.5517,0.96498,3.0953,1.7404
2021-12-08 12:55,26364146,7029451.7,2.5631,0.96494,3.1142,1.1441
2021-12-08 13:00,26472598,7060506.6,2.5449,0.96507,3.0883,0.48485
2021-12-08 13:05,26578514,7126497,2.5675,0.96722,3.1139,0.78492
2021-12-08 13:10,26449560,7106732.3,2.5387,0.96642,3.0905,1.5352
2021-12-08 13:15,26421036,7053314.9,2.503,0.96552,3.046,0.9995
2021-12-08 13:20,26161335,6971214.1,2.4909,0.96542,3.0324,2.3399
2021-12-08 13:25,26246478,6983258.4,2.5152,0.96582,3.0503,0.61443
2021-12-08 13:30,26269532,6977975.8,2.5213,0.96644,3.0538,2.2414
2021-12-08 13:35,26115044,7007827.6,2.5049,0.96604,3.037,1.0519
2021-12-08 13:40,26196025,7002197.5,2.483,0.96619,3.0123,0.48203
2021-12-08 13:45,26211756,6978373.9,2.4957,0.96598,3.028,0.61614
2021-12-08 13:50,26222092,6996507.5,2.4507,0.9665,2.9768,0.88681
2021-12-08 13:55,26255053,6986133.8,2.5079,0.96675,3.0357,1.3789
2021-12-08 14:00,26300565,6987451.8,2.5275,0.96687,3.0595,0.78991
2021-12-08 14:05,26526850,7027688.6,2.5318,0.96751,3.0595,0.8513
2021-12-08 14:10,26470351,7034978.3,2.5467,0.96771,3.086,2.144
2021-12-08 14:15,26456549,7086548.8,2.5183,0.96863,3.0493,2.1895
2021-12-08 14:20,26639078,7193291.4,2.4657,0.96739,2.9922,1.2869
2021-12-08 14:25,26655778,7178360.2,2.4807,0.96732,3.0022,0.87934
2021-12-08 14:30,26757721,7294030.9,2.391,0.96798,2.918,1.0123
2021-12-08 14:35,26724461,7282881.4,2.352,0.96759,2.879,1.1119
2021-12-08 14:40,26657347,7242001.5,2.4083,0.96555,2.933,1.0509
2021-12-08 14:45,26602061,7233894.7,2.3753,0.9651,2.898,1.2589
2021-12-08 14:50,26486534,7261813,2.3361,0.96494,2.8382,0.85204
2021-12-08 14:55,26350989,7226932.1,2.424,0.96594,2.9374,0.81554
2021-12-08 15:00,26333896,7215635.8,2.4226,0.96673,2.9321,1.1593
2021-12-08 15:05,26346795,7224818.1,2.4286,0.96654,2.9397,0.58553
2021-12-08 15:10,26318737,7231767,2.4334,0.96761,2.9365,0.80664
2021-12-08 15:15,26350951,7240450.8,2.41,0.96764,2.9227,0.62173
2021-12-08 15:20,26374842,7234076.4,2.424,0.96798,2.9387,1.5404
2021-12-08 15:25,26347099,7270024.3,2.3707,0.9667,2.881,1.614
2021-12-08 15:30,26163485,7188155.9,2.365,0.96549,2.8793,1.564
2021-12-08 15:35,26156539,7201132.7,2.3168,0.96574,2.8087,1.0309
2021-12-08 15:40,26026149,7117963.3,2.3501,0.96509,2.841,0.53293
2021-12-08 15:45,25917355,7049520.6,2.3703,0.96436,2.8277,0.40905
2021-12-08 15:50,25864642,7049871.7,2.3851,0.96394,2.8512,1.423
2021-12-08 15:55,25874070,7061716.3,2.3931,0.96377,2.8656,2.4074
2021-12-08 16:00,25893820,7079629.3,2.4071,0.96377,2.8824,1.7393
2021-12-08 16:05,25859586,7073398.4,2.3735,0.96337,2.853,0.71896
2021-12-08 16:10,25860384,7075918.3,2.3345,0.96343,2.8059,1.1698
2021-12-08 16:15,25865244,7072650.8,2.3588,0.96337,2.8277,0.77144
2021-12-08 16:20,26100650,7061008.8,2.3874,0.96522,2.8542,0.25201
2021-12-08 16:25,26114371,7082907.1,2.3553,0.96627,2.8202,1.0494
2021-12-08 16:30,26226211,7079879.7,2.3759,0.96631,2.8439,0.43275
2021-12-08 16:35,26209192,7060714.9,2.3743,0.96583,2.8364,0.9867
2021-12-08 16:40,26037545,7003769.4,2.3005,0.96517,2.7602,1.1931
2021-12-08 16:45,25919240,7013380.1,2.3149,0.9645,2.7696,1.1178
2021-12-08 16:50,25953614,7014483.3,2.2997,0.96346,2.7578,2.0233
2021-12-08 16:55,26056392,7070902.3,2.3038,0.96436,2.7686,2.4152
2021-12-08 17:00,25988988,7047827.3,2.3364,0.96411,2.8078,0.75445
2021-12-08 17:05,25950865,7039620.6,2.3038,0.96408,2.7775,0.56425
2021-12-08 17:10,25953764,7039179.9,2.3,0.96408,2.7775,1.581
2021-12-08 17:15,26197433,7124391.9,2.3586,0.96316,2.8381,0.22967
2021-12-08 17:20,26321989,7118518.7,2.3796,0.96397,2.8579,1.221
2021-12-08 17:25,26474587,7150369.2,2.3566,0.96482,2.8256,0.81727
2021-12-08 17:30,26619962,7186275.7,2.359,0.96406,2.8328,0.64284
2021-12-08 17:35,26746217,7192857.5,2.3841,0.96648,2.8544,0.42952
2021-12-08 17:40,26822842,7217191.8,2.3465,0.96668,2.8097,1.7801
2021-12-08 17:45,26856205,7225124.8,2.3353,0.96637,2.801,0.56805
2021-12-08 17:50,26848208,7216529.8,2.3589,0.96594,2.8321,1.1871
2021-12-08 17:55,26830892,7203475.5,2.3832,0.96631,2.8599,1.384
2021-12-08 18:00,26812402,7229583.5,2.3722,0.96694,2.8464,0.57692
2021-12-08 18:05,26766100,7215270.7,2.3911,0.96704,2.8691,0.99044
2021-12-08 18:10,26785942,7222336.7,2.3857,0.96733,2.8679,0.78402
2021-12-08 18:15,26815102,7244712.3,2.3913,0.96721,2.8731,1.764
2021-12-08 18:20,26766095,7241661.5,2.3857,0.96643,2.8711,1.1536
2021-12-08 18:25,26785636,7256132.9,2.3538,0.96636,2.8416,1.1558
2021-12-08 18:30,26754015,7251511.8,2.3577,0.96672,2.8444,1.2574
2021-12-08 18:35,26900760,7292992.9,2.3667,0.96673,2.8681,1.2671
2021-12-08 18:40,26847895,7288932.3,2.382,0.96642,2.8849,0.53814
2021-12-08 18:45,26804350,7305376,2.3674,0.96606,2.8745,2.431
2021-12-08 18:50,26809673,7307390.6,2.3573,0.966,2.8714,1.053
2021-12-08 18:55,26845773,7320308.9,2.3585,0.96603,2.8725,1.1783
2021-12-08 19:00,26871951,7329573.7,2.3326,0.9658,2.8442,1.9511
2021-12-08 19:05,26724482,7274938.5,2.3538,0.96543,2.8623,0.36284
2021-12-08 19:10,26739119,7300768.6,2.3616,0.96536,2.8747,1.1545
2021-12-08 19:15,26712804,7263478.5,2.3523,0.96588,2.8624,0.61056
2021-12-08 19:20,26707936,7278446.7,2.3534,0.96586,2.8573,2.0229
2021-12-08 19:25,26713376,7276501.9,2.3488,0.96558,2.8623,1.3975
2021-12-08 19:30,26647593,7284091.3,2.3131,0.96503,2.8311,1.4413
2021-12-08 19:35,26576903,7285526.4,2.3279,0.96412,2.8481,1.2149
2021-12-08 19:40,26437208,7249241.1,2.3395,0.96245,2.8547,0.71599
2021-12-08 19:45,26378146,7228667.1,2.3341,0.96249,2.8496,1.4348
2021-12-08 19:50,26277172,7212558.2,2.2683,0.96092,2.786,1.4635
2021-12-08 19:55,26232004,7213748.9,2.291,0.96066,2.8138,0.9751
2021-12-08 20:00,26153008,7206199.8,2.2418,0.95892,2.7567,2.125
2021-12-08 20:05,25979188,7150636.4,2.2508,0.96041,2.7678,0.27661
2021-12-08 20:10,25903367,7105293.6,2.263,0.96015,2.7834,0.58839
2021-12-08 20:15,25784267,7081404.2,2.2771,0.96007,2.7987,1.0394
2021-12-08 20:20,25796908,7079535.5,2.2548,0.96016,2.7741,0.71558
2021-12-08 20:25,25809021,7086641,2.2548,0.96076,2.771,0.4644
2021-12-08 20:30,25806281,7079695.1,2.2727,0.96127,2.7832,0.69926
2021-12-08 20:35,25800215,7091246.9,2.2768,0.96145,2.7879,0.93808
2021-12-08 20:40,25798374,7106221.5,2.2753,0.962,2.7834,1.7642
2021-12-08 20:45,25754143,7097584.3,2.2926,0.96358,2.796,0.6406
2021-12-08 20:50,25791775,7138347.5,2.2469,0.96591,2.7479,1.4069
2021-12-08 20:55,25761474,7116835.7,2.252,0.96582,2.7606,0.97183
2021-12-08 21:00,25670730,7087159,2.2865,0.9655,2.801,0.48427
2021-12-08 21:05,25582129,7063315.1,2.2776,0.96598,2.7894,1.4148
2021-12-08 21:10,25544535,7060509.5,2.2619,0.96598,2.7725,2.6806
2021-12-08 21:15,25497229,7026305.6,2.3176,0.9657,2.8312,0.99551
2021-12-08 21:20,25534679,7036978.9,2.2833,0.96643,2.7878,1.3585
2021-12-08 21:25,25564703,7056369.3,2.2503,0.9657,2.7441,2.4407
2021-12-08 21:30,25509889,7011032.3,2.2776,0.9648,2.7619,0.53098
2021-12-08 21:35,25362899,6983927.9,2.2492,0.96534,2.7413,2.8529
2021-12-08 21:40,25416040,7025420.2,2.248,0.96466,2.7472,1.5057
2021-12-08 21:45,25419906,7018436,2.2357,0.9644,2.7316,1.2893
2021-12-08 21:50,25429855,7033004.8,2.2441,0.96406,2.7436,1.9958
2021-12-08 21:55,25407877,7038515.5,2.2455,0.96428,2.7426,0.55983
2021-12-08 22:00,25435073,7069211.8,2.1792,0.96323,2.6795,5.5323
2021-12-08 22:05,25486042,7107045.3,2.1516,0.96273,2.6375,0.86347
2021-12-08 22:10,25506679,7083335.4,2.1778,0.96298,2.655,0.63936
2021-12-08 22:15,25570485,7064503.1,2.1804,0.96249,2.6593,0.49561
2021-12-08 22:20,25560107,7114144.6,2.1422,0.96146,2.618,4.8213
2021-12-08 22:25,25602589,7144914.5,2.1569,0.96145,2.6227,0.85013
2021-12-08 22:30,25688709,7159957,2.1508,0.96064,2.618,0.72154
2021-12-08 22:35,25840514,7196671.8,2.1564,0.96139,2.6248,0.21884
2021-12-08 22:40,25918727,7214218.5,2.1461,0.96139,2.6131,0.58783
2021-12-08 22:45,25851190,7197488.3,2.1467,0.96115,2.6068,0.72369
2021-12-08 22:50,25862974,7188096.4,2.1466,0.9612,2.6072,0.36548
2021-12-08 22:55,25957074,7160307.4,2.1763,0.96167,2.6479,0.46951
2021-12-08 23:00,25565924,7026027.2,2.211,0.96233,2.6895,1.0209
2021-12-08 23:05,25643222,7080143.6,2.1932,0.9619,2.6697,1.1299
2021-12-08 23:10,25654414,7109864.3,2.1743,0.96266,2.6481,0.66654
2021-12-08 23:15,25581586,7090959.8,2.211,0.96248,2.6831,1.0069
2021-12-08 23:20,25674449,7154407.3,2.21,0.96291,2.6927,1.079
2021-12-08 23:25,25723774,7177631.9,2.189,0.96263,2.6747,0.80324
2021-12-08 23:30,25673858,7179687.7,2.2007,0.96232,2.6747,1.9281
2021-12-08 23:35,25664177,7177757,2.2044,0.96233,2.6737,1.0845
2021-12-08 23:40,25589269,7111167.5,2.206,0.96221,2.6657,0.1262
2021-12-08 23:45,25641555,7162541.5,2.2038,0.96248,2.6717,2.1827
2021-12-08 23:50,25672229,7174310.3,2.1775,0.96212,2.6383,0.61717
2021-12-08 23:55,25666904,7174929.2,2.1834,0.96217,2.6386,1.0052
2021-12-09 00:00,25575290,7161191.2,2.1315,0.96192,2.6198,1.8903
2021-12-09 00:05,25465955,7119007.7,2.1088,0.96189,2.5915,1.0488
2021-12-09 00:10,25470086,7140029.2,2.1418,0.96774,2.6121,0.78437
2021-12-09 00:15,25504203,7187084.4,2.1101,0.96702,2.5783,0.51279
2021-12-09 00:20,25558905,7211968.2,2.1111,0.96628,2.5783,1.1909
2021-12-09 00:25,25836920,7223744.5,2.1306,0.96763,2.5964,1.1693
2021-12-09 00:30,25668637,7214500.3,2.1189,0.9689,2.5814,1.8073
2021-12-09 00:35,25809555,7249007.9,2.1422,0.96544,2.5986,0.27452
2021-12-09 00:40,25715647,7224039.6,2.1123,0.96518,2.5627,1.8059
2021-12-09 00:45,25772083,7263346.2,2.1445,0.96539,2.5913,0.87385
2021-12-09 00:50,25800108,7245084.9,2.1533,0.96402,2.6099,0.37307
2021-12-09 00:55,25841715,7260229.8,2.1176,0.96524,2.57,1.5332
2021-12-09 01:00,25918100,7228817.3,2.1298,0.96369,2.5821,0.28741
2021-12-09 01:05,25915524,7235873.5,2.1189,0.96383,2.5686,1.0369
2021-12-09 01:10,25912801,7205313.4,2.1048,0.96351,2.5513,0.56115
2021-12-09 01:15,25958928,7204900.5,2.1415,0.96443,2.582,0.55295
2021-12-09 01:20,25911269,7202779.6,2.1456,0.96601,2.5828,2.4628
2021-12-09 01:25,25913253,7214858.6,2.1465,0.96634,2.5868,1.203
2021-12-09 01:30,25902860,7215759.7,2.1387,0.96629,2.5797,0.45748
2021-12-09 01:35,25840290,7167062.8,2.1829,0.96764,2.6294,0.42903
2021-12-09 01:40,25833097,7164966.5,2.1786,0.96736,2.628,2.2191
2021-12-09 01:45,25926471,7196410.6,2.1751,0.96776,2.6244,15.233
2021-12-09 01:50,25891326,7171897.3,2.1891,0.96782,2.6376,0.88658
2021-12-09 01:55,25900462,7165370.1,2.2136,0.96811,2.6643,1.1989
2021-12-09 02:00,25719930,7075038.3,2.2475,0.96716,2.7067,0.59956
2021-12-09 02:05,25712995,7103380.5,2.2606,0.96807,2.7191,0.94591
2021-12-09 02:10,25660714,7037255,2.2617,0.96766,2.72,0.59923
2021-12-09 02:15,25665975,7060453.1,2.2753,0.96759,2.7376,1.7777
2021-12-09 02:20,25629604,7050880.9,2.2598,0.96763,2.7208,1.4051
2021-12-09 02:25,25415480,6928005.7,2.2284,0.96744,2.6715,0.77079
2021-12-09 02:30,25444379,6930540,2.2276,0.96689,2.6805,1.0643
2021-12-09 02:35,25501026,6929648.8,2.2128,0.96708,2.6582,0.73825
2021-12-09 02:40,25445972,6930594.5,2.1803,0.96761,2.6265,1.833
2021-12-09 02:45,25425991,6915869.6,2.2182,0.96769,2.6663,0.44925
2021-12-09 02:50,25441309,6954381.8,2.2433,0.96869,2.6918,0.72378
2021-12-09 02:55,25421835,6924706.3,2.2556,0.969,2.7067,0.84096
2021-12-09 03:00,25399824,6930342,2.2436,0.96905,2.6932,0.98397
2021-12-09 03:05,25410474,6944464.8,2.2171,0.96899,2.6687,1.9435
2021-12-09 03:10,25423641,6944976,2.2394,0.96954,2.6918,0.54571
2021-12-09 03:15,25519228,6951692.9,2.2441,0.96966,2.7012,0.58776
2021-12-09 03:20,25538891,6962561.1,2.248,0.97016,2.7012,0.84563
2021-12-09 03:25,25537840,6959088,2.2447,0.97011,2.6981,0.92329
2021-12-09 03:30,25541335,6962533.2,2.2374,0.97022,2.6915,1.1994
2021-12-09 03:35,25571384,6962651.9,2.2741,0.97014,2.7437,1.3986
2021-12-09 03:40,25554888,6940452,2.3119,0.96994,2.7832,0.61624
2021-12-09 03:45,25556591,6943214.6,2.2932,0.9697,2.7625,1.6135
2021-12-09 03:50,25388531,6862912.2,2.3848,0.96726,2.8476,0.4476
2021-12-09 03:55,25360195,6875176.5,2.4038,0.96715,2.8709,1.5387
2021-12-09 04:00,25327908,6864369.6,2.4038,0.96704,2.8731,1.7693
2021-12-09 04:05,25325103,6903109.2,2.396,0.96712,2.867,0.98057
2021-12-09 04:10,25299160,6896551,2.3943,0.96686,2.8576,0.67638
2021-12-09 04:15,25335454,6891089.4,2.4117,0.96687,2.8768,0.84689
2021-12-09 04:20,25361052,6895923.6,2.4112,0.96741,2.8738,0.74388
2021-12-09 04:25,25368462,6916282.2,2.4136,0.96735,2.8802,1.5604
2021-12-09 04:30,25415814,6938662.1,2.4002,0.96742,2.8664,0.64239
2021-12-09 04:35,25412813,6919654.9,2.4088,0.96748,2.8758,1.6565
2021-12-09 04:40,25375608,6940990.1,2.4093,0.96746,2.88,1.6525
2021-12-09 04:45,25371601,6957772.9,2.3193,0.96649,2.794,1.4249
2021-12-09 04:50,25447927,7014520.8,2.3078,0.96652,2.7847,1.6248
2021-12-09 04:55,25448790,7061275.8,2.2796,0.96678,2.7288,1.1841
2021-12-09 05:00,25359885,7068307.1,2.2358,0.96678,2.6799,2.1556
2021-12-09 05:05,25581676,7245019.2,2.1307,0.97017,2.5693,1.2167
2021-12-09 05:10,26269844,7576878.7,2.001,0.9712,2.3475,1.2053
2021-12-09 05:15,26028326,7488870,2.0444,0.96867,2.4069,0.91796
2021-12-09 05:20,25813439,7299859.9,2.191,0.97323,2.521,0.73509
2021-12-09 05:25,25562800,7223829.5,2.2011,0.97076,2.5665,1.0312
2021-12-09 05:30,25720712,7237826.9,2.2108,0.97062,2.5839,1.0294
2021-12-09 05:35,25801852,7205425.2,2.194,0.97573,2.559,0.49939
2021-12-09 05:40,25454262,7124813.1,2.2009,0.97425,2.5978,2.834
2021-12-09 05:45,25352564,7032105.8,2.2533,0.97447,2.626,0.77624
2021-12-09 05:50,25269275,7016499.6,2.2602,0.97354,2.6329,1.1713
2021-12-09 05:55,25227671,7019851.7,2.2372,0.97264,2.6213,1.422
2021-12-09 06:00,25259931,6990433.3,2.2781,0.97151,2.6547,1.1874
2021-12-09 06:05,25362376,7008639,2.2894,0.97047,2.6667,0.63719
2021-12-09 06:10,25435191,7039697.8,2.3199,0.97059,2.7121,0.86035
2021-12-09 06:15,25499834,7058590.9,2.3158,0.97,2.7134,1.044
2021-12-09 06:20,25501754,7030347,2.4083,0.96971,2.8056,0.86203
2021-12-09 06:25,25447421,6993529.7,2.476,0.96934,2.8671,0.75889
2021-12-09 06:30,25417437,6981153.2,2.4877,0.97049,2.8766,1.0652
2021-12-09 06:35,25555909,6981107.7,2.5232,0.97079,2.895,0.37903
2021-12-09 06:40,25420909,6936603.4,2.4994,0.96911,2.8966,0.76263
2021-12-09 06:45,25395833,6956580.2,2.4899,0.96903,2.9048,0.72149
2021-12-09 06:50,25371494,6989961.5,2.4875,0.96808,2.9255,1.1399
2021-12-09 06:55,25446534,6982274.5,2.4698,0.96839,2.9126,0.48857
2021-12-09 07:00,25451905,7020653.5,2.4271,0.96788,2.886,0.75832
2021-12-09 07:05,25466497,7028498.5,2.3988,0.96734,2.8642,1.2472
2021-12-09 07:10,24932711,6769234.5,2.4596,0.96795,2.9088,0.81373
2021-12-09 07:15,24976043,6786989.9,2.4762,0.96762,2.9177,0.96948
2021-12-09 07:20,25059224,6828137.4,2.5174,0.9677,2.9758,0.49717
2021-12-09 07:25,25132531,6872993.3,2.5126,0.9678,2.9714,1.0598
2021-12-09 07:30,25166585,6873131,2.5449,0.96746,3,0.33988
2021-12-09 07:35,24946395,6886289.2,2.517,0.96689,2.9922,1.458
2021-12-09 07:40,24998142,6911936,2.5237,0.96609,3.0022,1.3515
2021-12-09 07:45,24932540,6910302.8,2.4343,0.96633,2.9129,1.1662
2021-12-09 07:50,24942724,6917116.2,2.42,0.96643,2.9056,1.0619
2021-12-09 07:55,24943116,6929788,2.4134,0.96543,2.9043,1.02
2021-12-09 08:00,24928716,6908132.4,2.4054,0.9656,2.8884,0.4672
2021-12-09 08:05,25027325,6913298,2.3995,0.96712,2.8745,1.655
2021-12-09 08:10,25138500,6943505.1,2.4019,0.96682,2.8808,0.76425
2021-12-09 08:15,25151127,6928632.5,2.397,0.96576,2.8561,0.84416
2021-12-09 08:20,25169620,6899496.2,2.4384,0.96386,2.9054,0.59472
2021-12-09 08:25,25120458,6899836.2,2.4796,0.96375,2.9559,1.1983
2021-12-09 08:30,25115907,6921903.5,2.4547,0.96361,2.9331,1.1127
2021-12-09 08:35,24932880,6882136.3,2.485,0.96378,2.9756,1.4803
2021-12-09 08:40,24956075,6835718.5,2.4553,0.96262,2.9407,1.06
2021-12-09 08:45,24933458,6808085.9,2.5176,0.96274,3.0045,0.84075
2021-12-09 08:50,24928203,6801909.5,2.4765,0.96229,2.9668,1.506
2021-12-09 08:55,24908880,6803714.4,2.5018,0.962,2.9933,1.4015
2021-12-09 09:00,24941563,6819565.8,2.5012,0.96355,2.9933,0.67618
2021-12-09 09:05,24918009,6794144.3,2.4689,0.96338,2.9529,1.2769
2021-12-09 09:10,24928597,6762430.6,2.4743,0.96315,2.9464,0.55007
2021-12-09 09:15,24966003,6764861.8,2.485,0.96386,2.9585,0.86848
2021-12-09 09:20,24815047,6744270.2,2.5392,0.96343,3.019,0.66713
2021-12-09 09:25,24768977,6725967.2,2.5293,0.9632,3.0056,1.1669
2021-12-09 09:30,24744567,6700086.4,2.5293,0.96281,3.0033,0.67916
2021-12-09 09:35,24520444,6578328,2.5893,0.96405,3.0394,0.7171
2021-12-09 09:40,24427761,6538578.8,2.5674,0.9622,3.0157,0.76487
2021-12-09 09:45,24628258,6633646.7,2.5762,0.96231,3.043,1.9124
2021-12-09 09:50,24643666,6628899.7,2.5861,0.96333,3.052,0.93015
2021-12-09 09:55,24942355,6725380.8,2.567,0.96496,3.0405,2.4177
2021-12-09 10:00,24840343,6724823.6,2.5581,0.96589,3.0156,2.3514
2021-12-09 10:05,24777334,6653325.2,2.6292,0.96225,3.1023,0.52971
2021-12-09 10:10,24573770,6582575.8,2.6264,0.96224,3.0905,0.77885
2021-12-09 10:15,24486892,6567630,2.6508,0.9614,3.108,0.76475
2021-12-09 10:20,24520022,6607337.7,2.5687,0.96178,3.0232,1.0664
2021-12-09 10:25,24578060,6616659.5,2.5667,0.96217,3.0254,1.0206
2021-12-09 10:30,24694897,6606872.7,2.5838,0.96193,3.0377,0.29253
2021-12-09 10:35,24755035,6640735.2,2.5368,0.96163,2.9912,2.1988
2021-12-09 10:40,24602554,6639803.5,2.5633,0.96173,3.0254,0.82309
2021-12-09 10:45,24609755,6650540.2,2.5626,0.96107,3.0321,1.8884
2021-12-09 10:50,24679553,6689381.7,2.5633,0.96061,3.0444,1.5242
2021-12-09 10:55,24657442,6684139.4,2.5695,0.96084,3.058,0.93157
2021-12-09 11:00,24651727,6693316.6,2.5553,0.96106,3.0489,0.70215
2021-12-09 11:05,24670100,6707060.1,2.5775,0.96077,3.0748,1.2053
2021-12-09 11:10,24685973,6701310.3,2.5756,0.96095,3.0668,1.5858
2021-12-09 11:15,24594755,6640722.1,2.5875,0.96073,3.0737,0.57394
2021-12-09 11:20,24583295,6611691.2,2.6186,0.96045,3.1086,0.45356
2021-12-09 11:25,24585222,6637888.7,2.585,0.95965,3.089,0.89983
2021-12-09 11:30,24574985,6621735.1,2.5919,0.95907,3.0981,0.72076
2021-12-09 11:35,24457302,6565095.8,2.5862,0.95788,3.0876,1.1992
2021-12-09 11:40,24461372,6573015.3,2.5995,0.95799,3.1027,0.71207
2021-12-09 11:45,24554707,6623141.1,2.5874,0.95771,3.0922,2.0244
2021-12-09 11:50,24474983,6631496.6,2.5931,0.95773,3.0993,1.6801
2021-12-09 11:55,24466064,6605103.3,2.6616,0.95766,3.164,0.65911
2021-12-09 12:00,24580878,6616434.9,2.657,0.95733,3.1722,0.40076
2021-12-09 12:05,24507446,6556188.1,2.6412,0.95739,3.1499,1.0225
2021-12-09 12:10,24714016,6669378.7,2.6272,0.95774,3.1331,2.4341
2021-12-09 12:15,24678222,6674937.6,2.6219,0.95768,3.1259,1.4788
2021-12-09 12:20,24584325,6606874.8,2.6276,0.95638,3.121,0.41826
2021-12-09 12:25,24746435,6692222.5,2.6146,0.95676,3.1232,2.2471
2021-12-09 12:30,24755243,6688291.8,2.6069,0.95688,3.1127,0.72352
2021-12-09 12:35,24740672,6667987.9,2.5835,0.95638,3.0771,1.0111
2021-12-09 12:40,24700244,6685460.4,2.6351,0.95636,3.1382,1.6202
2021-12-09 12:45,24696677,6704609.7,2.6301,0.95466,3.1382,1.7126
2021-12-09 12:50,24611362,6692154.4,2.6179,0.95524,3.1194,1.0737
2021-12-09 12:55,24511714,6649292.7,2.6154,0.95504,3.1079,1.0184
2021-12-09 13:00,24472296,6635025.1,2.6314,0.95446,3.1288,0.78947
2021-12-09 13:05,24581923,6663176,2.6111,0.95478,3.1065,2.3694
2021-12-09 13:10,24593721,6637353.4,2.5714,0.95458,3.0599,0.97894
2021-12-09 13:15,24595527,6620132,2.5985,0.95452,3.0884,0.49503
2021-12-09 13:20,24632732,6655517.9,2.5726,0.95456,3.0622,1.6117
2021-12-09 13:25,24568985,6590050.2,2.6401,0.95462,3.1209,0.3351
2021-12-09 13:30,24567489,6627325.8,2.5836,0.9543,3.0667,1.0538
2021-12-09 13:35,24563489,6607578.5,2.5564,0.95344,3.0341,0.65984
2021-12-09 13:40,24501123,6642165.5,2.4994,0.95362,2.9826,2.0237
2021-12-09 13:45,24526277,6677238.9,2.5006,0.95276,2.9924,1.7689
2021-12-09 13:50,24507384,6664061.3,2.4441,0.95449,2.9291,0.78446
2021-12-09 13:55,24446187,6648001,2.4928,0.95319,2.9869,0.37664
2021-12-09 14:00,24366090,6605403.3,2.4982,0.95489,2.9836,0.80098
2021-12-09 14:05,24348667,6630252.3,2.461,0.95479,2.9578,1.277
2021-12-09 14:10,24386242,6607696.1,2.458,0.95452,2.9481,0.37251
2021-12-09 14:15,24340803,6587838.3,2.4715,0.9549,2.9599,1.0605
2021-12-09 14:20,24311291,6552923,2.4626,0.95558,2.9502,1.2807
2021-12-09 14:25,24280801,6486681.1,2.597,0.95659,3.1052,0.74056
2021-12-09 14:30,24402459,6498252.6,2.5852,0.95691,3.0685,0.82341
2021-12-09 14:35,24226404,6345864.3,2.6139,0.96336,3.0632,0.82498
2021-12-09 14:40,24287491,6382617.8,2.6231,0.96336,3.083,1.3322
2021-12-09 14:45,24301456,6381072.7,2.6183,0.96385,3.0679,0.95583
2021-12-09 14:50,24292960,6320022,2.6333,0.96506,3.0524,0.55497
2021-12-09 14:55,24301795,6340119.6,2.6236,0.96508,3.0453,1.3644
2021-12-09 15:00,24449114,6381747.3,2.6166,0.96669,3.0488,0.78832
2021-12-09 15:05,24437351,6412406.6,2.6256,0.96561,3.0545,0.99877
2021-12-09 15:10,24542977,6467874.5,2.6338,0.96514,3.0626,0.99531
2021-12-09 15:15,24537717,6472950.6,2.6462,0.96586,3.0801,1.0117
2021-12-09 15:20,24516610,6406762.4,2.7297,0.96623,3.1617,0.76362
2021-12-09 15:25,24538639,6396177.8,2.6796,0.96535,3.126,0.9091
2021-12-09 15:30,24605038,6408628.2,2.6555,0.96844,3.1001,0.68539
2021-12-09 15:35,24682693,6455487.3,2.6538,0.96741,3.0895,1.1613
2021-12-09 15:40,24700941,6448383.7,2.6309,0.96668,3.0769,0.80774
2021-12-09 15:45,24706645,6458884,2.6493,0.96656,3.1,0.51108
2021-12-09 15:50,24683642,6490698.4,2.6779,0.96697,3.1304,1.3907
2021-12-09 15:55,24706129,6472758.7,2.637,0.96668,3.0952,2.0788
2021-12-09 16:00,24661820,6482694.8,2.6629,0.96641,3.1279,1.0554
2021-12-09 16:05,24605688,6419624,2.6969,0.9666,3.1638,0.98729
2021-12-09 16:10,24605420,6470088.2,2.67,0.96658,3.1352,1.2642
2021-12-09 16:15,24535247,6417649.2,2.6575,0.96628,3.128,1.0893
2021-12-09 16:20,24495351,6413322.6,2.6956,0.96606,3.1682,1.1703
2021-12-09 16:25,24596170,6443704.6,2.6809,0.96541,3.1453,0.52112
2021-12-09 16:30,24527857,6438317.2,2.6905,0.9654,3.156,1.3079
2021-12-09 16:35,24475789,6444906.8,2.6947,0.96532,3.1617,1.8061
2021-12-09 16:40,24469849,6463552,2.6783,0.96506,3.1414,1.5428
2021-12-09 16:45,24496691,6457818.9,2.6671,0.9646,3.1548,1.3308
2021-12-09 16:50,24540649,6477013.5,2.6763,0.96557,3.168,1.5733
2021-12-09 16:55,24502734,6457690.6,2.7042,0.96497,3.1993,1.08
2021-12-09 17:00,24510128,6432957.6,2.7188,0.96544,3.2168,0.49204
2021-12-09 17:05,24575132,6486808.6,2.6889,0.96554,3.1813,1.5284
2021-12-09 17:10,24551116,6469710.1,2.711,0.96511,3.2116,1.0823
2021-12-09 17:15,24508107,6467769.6,2.7274,0.96538,3.2229,1.3374
2021-12-09 17:20,24536085,6495334,2.6608,0.9607,3.1489,1.0094
2021-12-09 17:25,24670710,6519481.8,2.6675,0.95965,3.1621,1.5064
2021-12-09 17:30,24587311,6469597.4,2.6851,0.95922,3.1776,0.29029
2021-12-09 17:35,24624370,6477604.8,2.706,0.95901,3.2044,1.6578
2021-12-09 17:40,24657622,6452899.7,2.7426,0.95923,3.2354,0.68026
2021-12-09 17:45,24644239,6446525.8,2.7331,0.95913,3.2165,0.7409
2021-12-09 17:50,24674275,6471568.8,2.6987,0.9594,3.1765,2.8797
2021-12-09 17:55,24735814,6484972.3,2.6991,0.95933,3.1786,1.8918
2021-12-09 18:00,24743086,6425779.4,2.7119,0.95807,3.1912,0.36054
2021-12-09 18:05,24713387,6439249.2,2.6892,0.95811,3.172,0.90238
2021-12-09 18:10,24700533,6455731.3,2.6821,0.95838,3.1566,2.9122
2021-12-09 18:15,24645817,6423685.7,2.6783,0.95746,3.1568,1.722
2021-12-09 18:20,24597526,6409713.4,2.6662,0.95667,3.1499,0.78859
2021-12-09 18:25,24525503,6380064.4,2.6575,0.95915,3.1453,1.6814
2021-12-09 18:30,24389371,6292894.5,2.566,0.96083,3.0146,0.6812
2021-12-09 18:35,24623415,6344222.9,2.5369,0.96281,2.9702,0.92588
2021-12-09 18:40,24763540,6412518.7,2.5455,0.96229,2.9834,1.293
2021-12-09 18:45,24848002,6378801.2,2.5868,0.96307,3.0145,0.75478
2021-12-09 18:50,24840970,6380251.4,2.5819,0.96353,2.9933,0.9983
2021-12-09 18:55,25019706,6450565.3,2.518,0.96301,2.9278,1.1677
2021-12-09 19:00,24935713,6412422.3,2.5425,0.96106,2.9767,1.4057
2021-12-09 19:05,24489922,6270941.1,2.6125,0.96238,3.0437,1.5665
2021-12-09 19:10,24428644,6302834.4,2.641,0.96014,3.0701,1.2425
2021-12-09 19:15,24456346,6279411.4,2.6002,0.96149,3.0156,0.50863
2021-12-09 19:20,24486825,6322777.4,2.5707,0.96177,2.9823,0.85123
2021-12-09 19:25,24500846,6352824.4,2.5589,0.96024,2.9768,1.0725
2021-12-09 19:30,24664717,6367196.7,2.6116,0.95949,3.0223,1.6961
2021-12-09 19:35,24764473,6421675.5,2.5826,0.96116,2.9911,1.2717
2021-12-09 19:40,24753496,6437646.2,2.5676,0.96157,2.9768,0.83556
2021-12-09 19:45,24917658,6450579.4,2.5483,0.96303,2.9464,0.75435
2021-12-09 19:50,24966020,6466199.2,2.5378,0.96288,2.9349,0.893
2021-12-09 19:55,25018664,6482552,2.5293,0.96129,2.9178,0.60996
2021-12-09 20:00,25078128,6465893.7,2.5702,0.96319,2.9617,1.2625
2021-12-09 20:05,25086610,6441044.1,2.5643,0.95705,2.9779,0.58165
2021-12-09 20:10,25389405,6526687.5,2.5131,0.96164,2.9155,1.2834
2021-12-09 20:15,25362772,6473722.8,2.5161,0.96332,2.9142,0.58467
2021-12-09 20:20,25305666,6523071.4,2.4929,0.96019,2.8942,1.9456
2021-12-09 20:25,25177738,6450630.9,2.5149,0.96024,2.9175,0.96804
2021-12-09 20:30,25104877,6409174.9,2.5325,0.96109,2.9323,0.82121
2021-12-09 20:35,24971551,6352512.9,2.5204,0.95958,2.9116,0.77837
2021-12-09 20:40,25057222,6404787.6,2.5072,0.9596,2.8902,0.78813
2021-12-09 20:45,25135426,6385152.3,2.5278,0.95966,2.9072,0.77469
2021-12-09 20:50,25189141,6424915.6,2.512,0.96034,2.8922,1.1295
2021-12-09 20:55,25056062,6367747.6,2.5,0.96044,2.8889,2.2541
2021-12-09 21:00,24937489,6395468.4,2.5145,0.9592,2.9036,1.7302
2021-12-09 21:05,24820991,6331103.6,2.5181,0.95825,2.9071,1.3888
2021-12-09 21:10,24773590,6361189.5,2.5748,0.95887,2.9634,1.263
2021-12-09 21:15,24626791,6323440.8,2.5887,0.95821,2.9855,0.31376
2021-12-09 21:20,24789688,6380865.7,2.5217,0.95643,2.9295,2.427
2021-12-09 21:25,24787286,6368597.4,2.5573,0.95655,2.9612,0.50198
2021-12-09 21:30,24733217,6363597.3,2.5604,0.95653,2.9677,0.94444
2021-12-09 21:35,24724678,6350298.2,2.5579,0.95588,2.9667,1.9347
2021-12-09 21:40,24694517,6369456.8,2.5629,0.95566,2.9722,2.0835
2021-12-09 21:45,24669247,6393035.4,2.5665,0.95546,2.9778,0.75852
2021-12-09 21:50,24598178,6375355.8,2.5665,0.95536,2.9755,0.93048
2021-12-09 21:55,24537352,6364846.8,2.5802,0.95585,2.99,0.81846
2021-12-09 22:00,24607746,6375867,2.5591,0.95516,2.9723,1.0807
2021-12-09 22:05,24643318,6444675.7,2.5018,0.95348,2.9336,0.99277
2021-12-09 22:10,24642223,6449609,2.47,0.9531,2.9051,0.56815
2021-12-09 22:15,24661278,6430725.9,2.4801,0.95294,2.9181,0.52904
2021-12-09 22:20,24657482,6459064.9,2.4952,0.9537,2.9378,0.61736
2021-12-09 22:25,24724197,6482437.2,2.4677,0.95375,2.912,1.855
2021-12-09 22:30,24730979,6488667,2.4553,0.95364,2.9033,0.45399
2021-12-09 22:35,24802755,6466822.3,2.4952,0.95369,2.9467,0.23553
2021-12-09 22:40,24773496,6440247.3,2.4916,0.95398,2.938,0.39899
2021-12-09 22:45,24739340,6376738.6,2.4814,0.95392,2.928,0.84934
2021-12-09 22:50,24661277,6374200.3,2.4518,0.95388,2.8852,1.014
2021-12-09 22:55,24756241,6396765.1,2.5,0.95372,2.9358,0.32412
2021-12-09 23:00,24671231,6371345.4,2.497,0.95305,2.9369,2.2025
2021-12-09 23:05,24646945,6365073.5,2.479,0.95291,2.9238,1.571
2021-12-09 23:10,24718019,6406169,2.4688,0.95336,2.9194,1.8245
2021-12-09 23:15,24701307,6419650.1,2.4651,0.95217,2.9116,1.8676
2021-12-09 23:20,24686554,6402704.6,2.448,0.95189,2.8945,0.79352
2021-12-09 23:25,24635541,6386757.8,2.4717,0.95182,2.9148,0.388
2021-12-09 23:30,24634221,6378538.8,2.4819,0.95183,2.9267,0.61642
2021-12-09 23:35,24636940,6370815.6,2.4651,0.95159,2.9116,0.4994
2021-12-09 23:40,26000215,6646695,2.4681,0.94955,2.9087,0.70884
2021-12-09 23:45,26131558,6658998.8,2.4481,0.951,2.8976,0.57362
2021-12-09 23:50,26166930,6652156.9,2.4039,0.95075,2.8489,1.0412
2021-12-09 23:55,25955012,6552342.8,2.4324,0.95052,2.8659,1.0918
2021-12-10 00:00,25980475,6529932.6,2.394,0.94957,2.8379,0.90907
2021-12-10 00:05,25922886,6541121.8,2.48,0.94998,2.9284,0.85384
2021-12-10 00:10,25892170,6603762.7,2.4121,0.95237,2.905,1.3279
2021-12-10 00:15,25814637,6605449.3,2.385,0.95263,2.8837,1.8549
2021-12-10 00:20,25700632,6553040.7,2.3772,0.95247,2.8702,0.76381
2021-12-10 00:25,25672906,6570349.8,2.3751,0.95261,2.8725,0.87282
2021-12-10 00:30,25651118,6565263.6,2.3713,0.95265,2.8672,1.3133
2021-12-10 00:35,25566819,6642817.4,2.3576,0.9522,2.8581,1.4879
2021-12-10 00:40,25460274,6561621.8,2.3949,0.95231,2.8936,0.62114
2021-12-10 00:45,25517625,6548332.9,2.4214,0.95259,2.9322,0.68849
2021-12-10 00:50,25647557,6572501.4,2.386,0.95326,2.8937,0.58938
2021-12-10 00:55,25742786,6565582.5,2.3821,0.9539,2.8906,0.75803
2021-12-10 01:00,25995466,6600554.3,2.39,0.95499,2.8843,0.43449
2021-12-10 01:05,25782331,6495647.4,2.3942,0.955,2.8888,1.0957
2021-12-10 01:10,25819780,6540924.9,2.422,0.95499,2.9237,1.2541
2021-12-10 01:15,25885876,6615990.4,2.3986,0.95574,2.8992,1.0735
2021-12-10 01:20,25753227,6597204.2,2.4197,0.95572,2.9216,2.1565
2021-12-10 01:25,25737586,6597111.1,2.438,0.95598,2.9397,0.56816
2021-12-10 01:30,25733474,6609923.8,2.4335,0.95434,2.9344,0.52475
2021-12-10 01:35,25678208,6573364.5,2.4473,0.95404,2.9473,1.4032
2021-12-10 01:40,25650260,6573392.1,2.4827,0.95422,2.9856,1.0488
2021-12-10 01:45,25755177,6610581.3,2.4827,0.95499,2.9867,0.50333
2021-12-10 01:50,25680228,6573624.8,2.4649,0.95461,2.9702,2.3899
2021-12-10 01:55,25533739,6573826.1,2.4833,0.95427,2.9889,1.3925
2021-12-10 02:00,25530012,6540224.1,2.4904,0.95407,2.9978,2.0207
2021-12-10 02:05,25423199,6515327,2.4755,0.95388,2.9845,0.96833
2021-12-10 02:10,25447801,6481003.2,2.4976,0.9536,3.01,0.96793
2021-12-10 02:15,25347852,6497921.9,2.4916,0.95328,3.0044,0.5584
2021-12-10 02:20,25340234,6537273.6,2.4562,0.95368,2.9659,1.0454
2021-12-10 02:25,25399232,6547414,2.4427,0.95367,2.9518,0.62234
2021-12-10 02:30,25430747,6542059.7,2.4399,0.95363,2.9421,0.77513
2021-12-10 02:35,25500904,6563422.7,2.4404,0.95328,2.9389,0.76534
2021-12-10 02:40,25542982,6600067.7,2.4148,0.95321,2.9151,0.9739
2021-12-10 02:45,25625701,6613224.7,2.4172,0.95329,2.9237,1.2399
2021-12-10 02:50,25659688,6598174.5,2.4252,0.9534,2.9301,0.88781
2021-12-10 02:55,25706932,6604529.3,2.4287,0.95316,2.9366,1.8272
2021-12-10 03:00,25687179,6614749.1,2.4357,0.95257,2.943,1.2142
2021-12-10 03:05,25746626,6605501.8,2.4368,0.95302,2.9441,1.1111
2021-12-10 03:10,25776422,6599795.1,2.4427,0.95295,2.9443,0.38654
2021-12-10 03:15,25753356,6583072.9,2.4185,0.95332,2.9228,0.43266
2021-12-10 03:20,25794246,6594507.1,2.4185,0.95335,2.9207,0.69009
2021-12-10 03:25,25846322,6602701.4,2.4346,0.95323,2.9368,0.65868
2021-12-10 03:30,25875317,6609109.7,2.4225,0.95352,2.9218,0.53854
2021-12-10 03:35,25951448,6624113.1,2.4174,0.95347,2.9144,0.82882
2021-12-10 03:40,25942785,6619301.6,2.3944,0.95347,2.8852,0.98632
2021-12-10 03:45,25955605,6626714.9,2.3917,0.95361,2.8832,2.1981
2021-12-10 03:50,25869044,6644902.2,2.3886,0.95295,2.8924,1.7614
2021-12-10 03:55,25862435,6645897.6,2.3502,0.9528,2.8507,2.4646
2021-12-10 04:00,25926818,6658152.6,2.3345,0.95253,2.8305,2.6724
2021-12-10 04:05,25825683,6620498.8,2.3606,0.95236,2.8518,0.5264
2021-12-10 04:10,25889344,6602848.8,2.3641,0.95236,2.8581,1.2901
2021-12-10 04:15,25878618,6640971,2.3877,0.95208,2.8909,0.73339
2021-12-10 04:20,25708294,6599319.1,2.3735,0.95222,2.8751,1.046
2021-12-10 04:25,25657174,6597901.4,2.3881,0.95201,2.8919,1.6807
2021-12-10 04:30,25678692,6655339.7,2.3326,0.95164,2.8337,1.858
2021-12-10 04:35,25709777,6607412.7,2.3986,0.95149,2.9026,0.58266
2021-12-10 04:40,25709552,6575217.9,2.4306,0.95139,2.9399,0.73699
2021-12-10 04:45,25963346,6599363.3,2.4905,0.95188,2.9978,0.91204
2021-12-10 04:50,25866931,6612926.4,2.4563,0.95174,2.9617,0.95648
2021-12-10 04:55,25733608,6548205.5,2.4319,0.95152,2.9316,0.56316
2021-12-10 05:00,25618278,6546680.5,2.4614,0.95185,2.966,0.87627
2021-12-10 05:05,25587108,6533923.9,2.4721,0.95188,2.9769,1.8069
2021-12-10 05:10,25533856,6541771.6,2.465,0.95206,2.9682,2.2811
2021-12-10 05:15,25499283,6549274.6,2.4207,0.95195,2.9187,1.7145
2021-12-10 05:20,25606619,6613677.6,2.384,0.95217,2.882,1.8644
2021-12-10 05:25,25478755,6499375.6,2.4129,0.95131,2.9104,0.2277
2021-12-10 05:30,25541016,6536712.2,2.3734,0.95121,2.8769,1.6057
2021-12-10 05:35,25528126,6534577.4,2.3594,0.95127,2.8603,0.49469
2021-12-10 05:40,25500442,6496302.4,2.4021,0.9514,2.9031,0.8101
2021-12-10 05:45,25486295,6512689.3,2.4077,0.95163,2.9094,1.7089
2021-12-10 05:50,25559803,6526327.1,2.397,0.95231,2.8926,1.0997
2021-12-10 05:55,25650853,6543191.2,2.3835,0.95234,2.8801,0.9564
2021-12-10 06:00,25593840,6570706.5,2.3688,0.95245,2.8695,0.69148
2021-12-10 06:05,25643985,6570354.1,2.3872,0.9528,2.8766,0.75044
2021-12-10 06:10,25590738,6600363.1,2.363,0.95275,2.8568,0.60857
2021-12-10 06:15,25582723,6557624.5,2.3681,0.95267,2.8549,1.2966
2021-12-10 06:20,25486203,6562020.1,2.358,0.95248,2.8506,0.75505
2021-12-10 06:25,25471001,6509369,2.3814,0.95236,2.8723,1.2818
2021-12-10 06:30,25540629,6487215.6,2.4316,0.95211,2.9271,0.83738
2021-12-10 06:35,25542427,6547219.8,2.3967,0.95264,2.891,1.0981
2021-12-10 06:40,25536112,6512723.1,2.407,0.95259,2.891,1.8416
2021-12-10 06:45,25532988,6544126.5,2.4127,0.95281,2.8973,0.55743
2021-12-10 06:50,25524641,6525593.5,2.3974,0.95274,2.8869,0.7565
2021-12-10 06:55,25564194,6503531,2.414,0.95269,2.9102,0.75581
2021-12-10 07:00,25521038,6431583.3,2.4274,0.95221,2.9146,0.96717
2021-12-10 07:05,25576970,6398079,2.4458,0.95455,2.9041,0.47607
2021-12-10 07:10,25828287,6425303,2.4343,0.95586,2.8852,0.82271
2021-12-10 07:15,25819051,6459560.2,2.4422,0.95585,2.8955,1.4736
2021-12-10 07:20,25881633,6440631.2,2.4446,0.95655,2.8872,0.63622
2021-12-10 07:25,25921336,6494700.1,2.4279,0.95698,2.8676,0.89914
2021-12-10 07:30,25737903,6485606.9,2.3972,0.95731,2.846,2.1741
2021-12-10 07:35,25682086,6487551.7,2.3801,0.95758,2.8303,1.3462
2021-12-10 07:40,25764205,6471958.2,2.3835,0.95764,2.8305,0.66053
2021-12-10 07:45,25681718,6491716.3,2.3552,0.95758,2.807,1.4591
2021-12-10 07:50,25626571,6416368.8,2.4289,0.95701,2.8768,0.38189
2021-12-10 07:55,25559284,6362099.7,2.4363,0.95712,2.8829,0.66166
2021-12-10 08:00,25816078,6436376.5,2.3326,0.95816,2.7692,0.77146
2021-12-10 08:05,26305982,6544018.7,2.3046,0.96048,2.7389,0.56567
2021-12-10 08:10,26444222,6625239.4,2.3042,0.96145,2.7252,0.8005
2021-12-10 08:15,26243688,6519457,2.3608,0.96143,2.7911,2.248
2021-12-10 08:20,26221133,6524866.7,2.3493,0.96175,2.7792,0.70759
2021-12-10 08:25,26060599,6516874.7,2.3647,0.96119,2.8002,3.0597
2021-12-10 08:30,26137774,6539125.3,2.3356,0.96206,2.7721,3.1586
2021-12-10 08:35,26156932,6564866.8,2.3337,0.96162,2.7802,1.132
2021-12-10 08:40,26009833,6558431.9,2.3951,0.96178,2.8406,0.63832
2021-12-10 08:45,25999308,6520291.3,2.3639,0.96192,2.797,0.95659
2021-12-10 08:50,26013682,6547643.8,2.3756,0.96186,2.8213,0.85017
2021-12-10 08:55,25989654,6547325.9,2.3667,0.96187,2.8121,1.2066
2021-12-10 09:00,26002564,6527163.6,2.4035,0.96283,2.8561,0.41441
2021-12-10 09:05,26141433,6580919.4,2.4093,0.96323,2.8625,0.7858
2021-12-10 09:10,26008460,6524355.1,2.4142,0.96311,2.8624,1.8693
2021-12-10 09:15,25916028,6500370.1,2.4257,0.96284,2.877,1.1539
2021-12-10 09:20,25892286,6473848.3,2.4286,0.96245,2.877,0.84343
2021-12-10 09:25,25875190,6494560.4,2.4121,0.96226,2.8594,1.1134
2021-12-10 09:30,25871636,6431004.9,2.443,0.96191,2.9001,0.66577
2021-12-10 09:35,25810329,6450580.9,2.4349,0.96178,2.9033,1.0932
2021-12-10 09:40,25817712,6482827.5,2.4321,0.96194,2.899,1.5492
2021-12-10 09:45,25851339,6531718.2,2.4002,0.96214,2.8633,1.6681
2021-12-10 09:50,25842179,6517710.2,2.3968,0.96217,2.8507,0.59567
2021-12-10 09:55,25918125,6572070.6,2.407,0.96285,2.8633,0.74841
2021-12-10 10:00,25788178,6544961.2,2.3772,0.96321,2.8364,2.2306
2021-12-10 10:05,25747446,6526180.2,2.3644,0.96334,2.825,1.0595
2021-12-10 10:10,25726014,6508938.8,2.3632,0.96303,2.8209,0.70339
2021-12-10 10:15,25743353,6510494,2.3721,0.96278,2.8303,0.80053
2021-12-10 10:20,25729591,6497994.6,2.3632,0.96381,2.814,0.36988
2021-12-10 10:25,25725196,6510656.6,2.376,0.96406,2.8253,0.88804
2021-12-10 10:30,25859595,6526286.1,2.3574,0.96424,2.8053,1.6036
2021-12-10 10:35,25872066,6548737.3,2.3337,0.96421,2.7778,0.81281
2021-12-10 10:40,25843779,6511598.6,2.3402,0.96467,2.777,1.1757
2021-12-10 10:45,25835148,6531383.8,2.3681,0.96451,2.811,1.1938
2021-12-10 10:50,25910421,6542524.3,2.3455,0.9648,2.7868,0.73183
2021-12-10 10:55,25879337,6522369.3,2.3558,0.96438,2.7935,1.962
2021-12-10 11:00,25947158,6547214.2,2.3322,0.96479,2.7648,0.54341
2021-12-10 11:05,25901488,6555666.6,2.3146,0.96408,2.7472,4.0653
2021-12-10 11:10,25904535,6566281.5,2.2862,0.96434,2.7222,0.84569
2021-12-10 11:15,26019331,6613561,2.2825,0.96456,2.7136,1.5043
2021-12-10 11:20,26050761,6591363.5,2.3012,0.96428,2.7376,0.37687
2021-12-10 11:25,26017457,6580075,2.3109,0.96403,2.7534,0.94985
2021-12-10 11:30,25973973,6587417.2,2.2987,0.96439,2.7361,1.0405
2021-12-10 11:35,25977882,6615787.2,2.2795,0.9641,2.7138,1.0208
2021-12-10 11:40,26056835,6651007.1,2.2605,0.96393,2.6929,0.99365
2021-12-10 11:45,25886584,6629086.4,2.258,0.96099,2.6991,0.98938
2021-12-10 11:50,26167391,6709191.1,2.3157,0.96045,2.756,0.72406
2021-12-10 11:55,26066862,6666932.8,2.3082,0.95996,2.7453,1.784
2021-12-10 12:00,25828308,6608430.9,2.3157,0.95965,2.7484,1.2043
2021-12-10 12:05,25952337,6700114.8,2.3247,0.95997,2.763,1.9143
2021-12-10 12:10,25967586,6690991,2.3496,0.95939,2.7927,1.3363
2021-12-10 12:15,25981019,6703867.8,2.3626,0.95954,2.8116,0.68932
2021-12-10 12:20,25988471,6681187.1,2.3676,0.96002,2.812,0.99217
2021-12-10 12:25,25949239,6658834.2,2.3803,0.9629,2.824,3.4227
2021-12-10 12:30,25928109,6666116.8,2.3435,0.96266,2.7839,0.79193
2021-12-10 12:35,25958691,6658028.9,2.3345,0.96392,2.7752,0.37904
2021-12-10 12:40,25919836,6673761.9,2.3198,0.96115,2.7645,1.6997
2021-12-10 12:45,26066004,6700005.7,2.3236,0.96246,2.7637,3.2946
2021-12-10 12:50,25993445,6678235.9,2.3262,0.96267,2.7666,0.64946
2021-12-10 12:55,25801542,6634608.5,2.3326,0.96149,2.7773,0.34494
2021-12-10 13:00,25823614,6642866.5,2.3206,0.96159,2.7681,1.8776
2021-12-10 13:05,25815572,6620919.8,2.3454,0.96117,2.8006,1.7409
2021-12-10 13:10,25811077,6620097.3,2.3379,0.96039,2.7856,0.86151
2021-12-10 13:15,25880253,6632644.6,2.3477,0.9602,2.7917,0.86247
2021-12-10 13:20,25845948,6593818.3,2.376,0.95933,2.8204,1.4481
2021-12-10 13:25,25844642,6592451.3,2.3853,0.95866,2.8282,0.60391
2021-12-10 13:30,26092788,6651312.6,2.3683,0.9591,2.8132,1.8518
2021-12-10 13:35,25689322,6618040,2.318,0.9568,2.7629,1.0235
2021-12-10 13:40,25730302,6694252.7,2.3431,0.95774,2.7852,0.89564
2021-12-10 13:45,25833301,6717463.2,2.33,0.95936,2.7585,1.8942
2021-12-10 13:50,25881379,6740805.2,2.3806,0.95959,2.8046,0.53016
2021-12-10 13:55,25848928,6750814.1,2.3724,0.96131,2.8004,0.8484
2021-12-10 14:00,25873714,6734631.2,2.3575,0.96103,2.7747,1.2194
2021-12-10 14:05,25842945,6752761.5,2.3799,0.96017,2.7983,1.0211
2021-12-10 14:10,25805638,6744572.6,2.3557,0.95967,2.7739,2.5517
2021-12-10 14:15,25866567,6748236.6,2.3462,0.95956,2.7764,0.95451
2021-12-10 14:20,25987001,6769795.7,2.3065,0.9588,2.7329,1.3509
2021-12-10 14:25,25917346,6745217.1,2.3413,0.95904,2.765,0.82604
2021-12-10 14:30,25912124,6721929.1,2.3511,0.95802,2.7794,0.78516
2021-12-10 14:35,25820410,6709175.3,2.3337,0.95887,2.7622,2.9005
2021-12-10 14:40,25704832,6700800.6,2.3401,0.95843,2.7698,1.0918
2021-12-10 14:45,25726151,6692915.4,2.3251,0.95831,2.7591,0.45411
2021-12-10 14:50,25499414,6475831.2,2.3802,0.95812,2.8243,0.62829
2021-12-10 14:55,25559552,6466470,2.3875,0.95815,2.8419,1.4372
2021-12-10 15:00,25447789,6422523.4,2.3879,0.95724,2.8357,0.84891
2021-12-10 15:05,25429007,6375052.1,2.3778,0.95659,2.8171,0.93774
2021-12-10 15:10,25327864,6421120.1,2.3372,0.95665,2.7727,1.2567
2021-12-10 15:15,25432739,6433211.3,2.3468,0.95582,2.7875,1.169
2021-12-10 15:20,25443681,6476376.8,2.3379,0.95565,2.7813,0.99291
2021-12-10 15:25,25509813,6494472.6,2.3287,0.95619,2.7728,0.71267
2021-12-10 15:30,25495729,6504670,2.3495,0.9557,2.7919,1.4579
2021-12-10 15:35,25474421,6447650.3,2.3651,0.95594,2.8062,0.73896
2021-12-10 15:40,25484473,6457255.8,2.3395,0.95653,2.7798,0.48997
2021-12-10 15:45,25438760,6460225.3,2.3295,0.95736,2.7744,0.60561
2021-12-10 15:50,25622987,6409334,2.3681,0.95914,2.8062,0.52537
2021-12-10 15:55,25839169,6436882.2,2.3451,0.96139,2.7922,0.85613
2021-12-10 16:00,26543152,6529615.4,2.5006,0.96794,2.9523,0.4906
2021-12-10 16:05,26833358,6568001,2.5644,0.96493,3.0398,0.65534
2021-12-10 16:10,27120589,6648899.1,2.6185,0.96122,3.1024,1.1131
2021-12-10 16:15,27119815,6632422,2.5882,0.9647,3.0855,0.96475
2021-12-10 16:20,27142416,6597507.1,2.5981,0.96661,3.0879,0.70562
2021-12-10 16:25,27093262,6613194.3,2.5983,0.96622,3.0844,1.1586
2021-12-10 16:30,27154303,6667661.4,2.6137,0.96606,3.1188,1.2758
2021-12-10 16:35,27188225,6686280,2.5209,0.96647,3.0264,1.1594
2021-12-10 16:40,27085042,6596020.3,2.5458,0.96581,3.0366,1.0241
2021-12-10 16:45,27012263,6640154.5,2.5391,0.96579,3.0265,0.89341
2021-12-10 16:50,26971232,6635583.3,2.5593,0.9628,3.0534,1.5282
2021-12-10 16:55,26695387,6560391.4,2.5643,0.95969,3.0578,2.1536
2021-12-10 17:00,26579606,6515572,2.6113,0.95923,3.1059,0.66045
2021-12-10 17:05,26697109,6594034.6,2.5681,0.95916,3.0704,0.8137
2021-12-10 17:10,26716255,6583427,2.5793,0.95945,3.0817,1.0452
2021-12-10 17:15,26756848,6607871.2,2.5761,0.96019,3.084,0.75422
2021-12-10 17:20,26806615,6616446.2,2.5706,0.9608,3.0749,0.71792
2021-12-10 17:25,26888825,6625406.5,2.5466,0.9614,3.0489,0.87316
2021-12-10 17:30,26822901,6555517,2.5775,0.96167,3.074,0.58571
2021-12-10 17:35,26784078,6545195.7,2.5761,0.96099,3.0818,1.1925
2021-12-10 17:40,26838171,6524643,2.5805,0.96196,3.0738,0.7357
2021-12-10 17:45,26862378,6545699.6,2.5766,0.96264,3.0749,0.72071
2021-12-10 17:50,26864032,6551803.8,2.5885,0.96247,3.0932,1.1561
2021-12-10 17:55,26790844,6540536.1,2.5704,0.96246,3.0748,1.2477
2021-12-10 18:00,26834712,6579219,2.5661,0.9624,3.0679,0.81654
2021-12-10 18:05,26784776,6582822.3,2.5777,0.96312,3.0554,1.3901
2021-12-10 18:10,26740414,6575922.1,2.5683,0.96297,3.0407,1.1582
2021-12-10 18:15,26801958,6603403.4,2.6039,0.96284,3.0949,1.1595
2021-12-10 18:20,26833198,6649326.8,2.5469,0.96188,3.061,1.219
2021-12-10 18:25,26796397,6598344.8,2.59,0.96221,3.1043,0.47714
2021-12-10 18:30,26687000,6604231.9,2.5445,0.96105,3.0632,1.3876
2021-12-10 18:35,26603569,6576291.9,2.536,0.96098,3.0498,0.73229
2021-12-10 18:40,26645253,6592568.5,2.5402,0.96145,3.0419,0.42334
2021-12-10 18:45,26667418,6582841.5,2.5421,0.9624,3.0475,0.53426
2021-12-10 18:50,26693105,6575846.4,2.4671,0.96197,2.9709,1.1165
2021-12-10 18:55,26699149,6556374.7,2.4399,0.96211,2.9421,1.02
2021-12-10 19:00,26768052,6567684.8,2.3819,0.96233,2.8827,0.72663
2021-12-10 19:05,26848951,6569669.8,2.3853,0.96284,2.8848,1.2674
2021-12-10 19:10,26861383,6586007.9,2.3881,0.96233,2.8919,1.3431
2021-12-10 19:15,26864634,6594193.1,2.4048,0.96224,2.9106,0.72978
2021-12-10 19:20,26857334,6626603.7,2.3814,0.96162,2.8911,1.4949
2021-12-10 19:25,26847155,6630173.4,2.3846,0.96163,2.8931,1.3098
2021-12-10 19:30,26804728,6624114.7,2.3796,0.96157,2.891,2.4079
2021-12-10 19:35,26877089,6658798.8,2.378,0.96152,2.8921,0.66715
2021-12-10 19:40,26766277,6643925.3,2.3835,0.96078,2.9014,1.9178
2021-12-10 19:45,26778702,6634581.7,2.403,0.96157,2.917,0.33141
2021-12-10 19:50,26728332,6625590,2.4025,0.96214,2.913,0.53244
2021-12-10 19:55,26676320,6603189.5,2.4055,0.96152,2.913,0.96332
2021-12-10 20:00,26629007,6594407.3,2.3856,0.96096,2.8925,0.82401
2021-12-10 20:05,26635601,6612941.9,2.3977,0.96136,2.9058,0.62725
2021-12-10 20:10,26548543,6592268.7,2.3783,0.96111,2.8853,1.0309
2021-12-10 20:15,26552044,6592569.3,2.4099,0.96071,2.9328,1.0168
2021-12-10 20:20,26567031,6597168.4,2.3982,0.9605,2.9265,1.1322
2021-12-10 20:25,26603330,6612571.1,2.3826,0.95648,2.9047,1.4469
2021-12-10 20:30,26714491,6626262.3,2.3553,0.95683,2.8771,0.67777
2021-12-10 20:35,26736864,6644269.5,2.3207,0.95702,2.8337,0.81155
2021-12-10 20:40,26734782,6637177,2.3266,0.95674,2.8381,0.76176
2021-12-10 20:45,26711105,6619011.8,2.32,0.95627,2.8304,0.44345
2021-12-10 20:50,26693077,6632039.4,2.3412,0.95577,2.8542,0.4467
2021-12-10 20:55,26658685,6629522.8,2.3322,0.95658,2.8504,1.3071
2021-12-10 21:00,26662860,6643145.7,2.3174,0.95661,2.8297,4.8291
2021-12-10 21:05,27082518,6747161.1,2.2661,0.95642,2.7636,1.2297
2021-12-10 21:10,27059378,6720694.1,2.2776,0.95628,2.776,0.40088
2021-12-10 21:15,26964675,6712130,2.2752,0.95535,2.7771,1.8095
2021-12-10 21:20,26947665,6706465.4,2.2738,0.95524,2.7783,0.85831
2021-12-10 21:25,26978897,6722331.8,2.2284,0.95544,2.7298,0.76092
2021-12-10 21:30,27012975,6718914.6,2.1886,0.95413,2.686,1.0008
2021-12-10 21:35,26983531,6714293.4,2.1653,0.95416,2.656,0.52341
2021-12-10 21:40,27089883,6728173.6,2.1442,0.95438,2.6292,0.62997
2021-12-10 21:45,26994645,6695353.3,2.1663,0.95433,2.6518,1.3483
2021-12-10 21:50,27086580,6640458.7,2.1905,0.95526,2.666,0.60563
2021-12-10 21:55,27191422,6653756.7,2.2096,0.95569,2.6946,0.66812
2021-12-10 22:00,27422413,6721615.1,2.21,0.95651,2.7016,1.7496
2021-12-10 22:05,27483566,6718860.1,2.196,0.95682,2.6725,0.77574
2021-12-10 22:10,27450935,6740755.5,2.2094,0.96028,2.6873,0.61397
2021-12-10 22:15,27452686,6739317.9,2.2173,0.95974,2.6938,0.91587
2021-12-10 22:20,27478484,6756378,2.2081,0.9598,2.6813,1.3065
2021-12-10 22:25,27425448,6708255.3,2.1954,0.95993,2.6654,0.88359
2021-12-10 22:30,27398745,6709130.7,2.183,0.95948,2.6486,1.0504
2021-12-10 22:35,26975250,6566176.4,2.21,0.95789,2.682,0.18572
2021-12-10 22:40,27054131,6612570.7,2.2034,0.95708,2.6784,2.701
2021-12-10 22:45,27035650,6636170.6,2.2155,0.95697,2.6888,0.74584
2021-12-10 22:50,27133940,6641303.2,2.2011,0.95639,2.6787,1.9229
2021-12-10 22:55,27073836,6577588.5,2.2002,0.95685,2.6797,0.52746
2021-12-10 23:00,27022570,6543575.6,2.2154,0.95587,2.6969,0.79966
2021-12-10 23:05,27157895,6601541.1,2.1951,0.95643,2.6689,0.89983
2021-12-10 23:10,27772624,6728362.8,2.1815,0.95911,2.6541,0.70339
2021-12-10 23:15,27866717,6736962.2,2.2082,0.95903,2.678,0.66487
2021-12-10 23:20,27896887,6765553,2.1836,0.9593,2.6531,1.221
2021-12-10 23:25,27982972,6806691.7,2.1922,0.95955,2.6625,0.68585
2021-12-10 23:30,27700858,6706931.7,2.2046,0.96032,2.6757,3.4537
2021-12-10 23:35,27604143,6664464.1,2.1931,0.95972,2.6777,0.82087
2021-12-10 23:40,27523323,6585214,2.2168,0.96157,2.6702,0.51236
2021-12-10 23:45,27465480,6587995.8,2.2187,0.96202,2.6525,0.79108
2021-12-10 23:50,27550407,6562862.3,2.1981,0.96164,2.6245,1.4008
2021-12-10 23:55,27358900,6443021,2.2034,0.96221,2.6292,0.85166
2021-12-11 00:00,27332330,6462729.4,2.2088,0.96079,2.6402,1.032
2021-12-11 00:05,27463838,6501659.1,2.237,0.96043,2.6689,1.509
2021-12-11 00:10,27605508,6475424,2.2434,0.95524,2.6994,1.0387
2021-12-11 00:15,27187531,6343938.5,2.3399,0.95633,2.7893,0.53595
2021-12-11 00:20,26879549,6279257,2.3094,0.95569,2.751,0.62698
2021-12-11 00:25,26577450,6293176.3,2.2988,0.95648,2.7452,0.87948
2021-12-11 00:30,26750318,6443046.8,2.28,0.95755,2.7357,2.2789
2021-12-11 00:35,26829076,6434953.9,2.2828,0.95532,2.7236,0.72574
2021-12-11 00:40,26919258,6446355,2.2636,0.95518,2.7019,0.75662
2021-12-11 00:45,26884681,6409346.9,2.2349,0.95472,2.6743,0.88375
2021-12-11 00:50,26793233,6386151,2.237,0.95435,2.6743,1.4841
2021-12-11 00:55,26801483,6357043.8,2.2177,0.95433,2.6562,1.5023
2021-12-11 01:00,26646390,6291479.1,2.2567,0.95382,2.6942,0.5609
2021-12-11 01:05,26689471,6340367.3,2.2636,0.95255,2.7073,0.93906
2021-12-11 01:10,26679441,6358511.2,2.3049,0.95229,2.7568,0.6014
2021-12-11 01:15,26724078,6377968.5,2.3275,0.9526,2.778,0.95942
2021-12-11 01:20,26642269,6392061.4,2.3388,0.95223,2.792,0.74642
2021-12-11 01:25,26566912,6365166.4,2.333,0.95223,2.7871,1.7229
2021-12-11 01:30,26629600,6368202.5,2.3199,0.95198,2.7762,1.3841
2021-12-11 01:35,26631179,6396406,2.3026,0.95279,2.7635,0.75583
2021-12-11 01:40,26598139,6431440.1,2.2834,0.95291,2.7397,2.1277
2021-12-11 01:45,26582152,6390485.4,2.3029,0.95227,2.7612,0.81306
2021-12-11 01:50,26607594,6363472.2,2.2897,0.95168,2.7449,1.0653
2021-12-11 01:55,26598255,6355605.2,2.2927,0.9522,2.7472,0.97336
2021-12-11 02:00,26710996,6377607.2,2.2853,0.95244,2.7362,0.50528
2021-12-11 02:05,26715746,6410176.1,2.2856,0.95255,2.7379,0.9714
2021-12-11 02:10,26707654,6424923.8,2.261,0.95261,2.7127,0.59703
2021-12-11 02:15,26761656,6422797.4,2.2505,0.95218,2.7016,1.968
2021-12-11 02:20,26747988,6387954.5,2.2834,0.95237,2.7369,1.2609
2021-12-11 02:25,26704613,6386408.2,2.2923,0.95224,2.7495,0.90089
2021-12-11 02:30,26711202,6397867.1,2.2831,0.95246,2.7389,0.25758
2021-12-11 02:35,26696892,6384294.8,2.2927,0.95206,2.7492,0.85202
2021-12-11 02:40,26688715,6414031.1,2.2742,0.95255,2.7311,0.88145
2021-12-11 02:45,26613579,6413340.3,2.2479,0.95291,2.7037,3.0364
2021-12-11 02:50,26601590,6412313.3,2.2439,0.95257,2.6994,0.57372
2021-12-11 02:55,26646023,6417694.6,2.261,0.9537,2.7186,0.46832
2021-12-11 03:00,26564497,6400184.3,2.2516,0.95286,2.7084,1.4079
2021-12-11 03:05,26601126,6432865.7,2.2253,0.95333,2.6779,0.96473
2021-12-11 03:10,26681182,6464583.6,2.207,0.95335,2.6555,0.76541
2021-12-11 03:15,26652086,6464996.5,2.2253,0.95318,2.6779,2.531
2021-12-11 03:20,26689621,6494385.5,2.2,0.95227,2.6561,0.75416
2021-12-11 03:25,26776484,6502716.8,2.2202,0.9518,2.6773,1.0809
2021-12-11 03:30,26815705,6527549.7,2.1951,0.95162,2.6522,1.3616
2021-12-11 03:35,26793632,6528268.4,2.1418,0.95157,2.5957,0.42872
2021-12-11 03:40,26778328,6501296,2.1539,0.95156,2.6078,0.9152
2021-12-11 03:45,26830521,6509694,2.1616,0.95167,2.6179,2.0211
2021-12-11 03:50,26801110,6490692.8,2.1518,0.95226,2.6037,0.34466
2021-12-11 03:55,26832369,6506592.4,2.1353,0.95205,2.5841,0.54957
2021-12-11 04:00,26802759,6495490.2,2.1374,0.95211,2.587,0.64587
2021-12-11 04:05,26550997,6418438,2.1693,0.95133,2.6161,0.85789
2021-12-11 04:10,26520128,6433373.3,2.1539,0.95151,2.6,1.4253
2021-12-11 04:15,26478393,6433311.1,2.1148,0.95144,2.5593,1.3316
2021-12-11 04:20,26471938,6420753.5,2.1375,0.95149,2.5845,0.46862
2021-12-11 04:25,26511542,6420213.4,2.1626,0.95168,2.607,0.62305
2021-12-11 04:30,26586166,6442781.1,2.1341,0.95198,2.5741,0.59079
2021-12-11 04:35,26607148,6458087,2.1275,0.9517,2.5647,1.7633
2021-12-11 04:40,26599035,6458704,2.1437,0.95153,2.5864,1.2708
2021-12-11 04:45,26500881,6421428.5,2.1503,0.95101,2.5934,1.1259
2021-12-11 04:50,26526944,6443129.4,2.1491,0.95118,2.5934,1.5877
2021-12-11 04:55,26345461,6427170.2,2.1251,0.95004,2.5739,0.34872
2021-12-11 05:00,26278568,6413547.3,2.1035,0.94979,2.5527,2.6548
2021-12-11 05:05,26232603,6394459.3,2.1079,0.94973,2.5566,0.44025
2021-12-11 05:10,26201762,6381963.2,2.1143,0.94969,2.5601,1.5596
2021-12-11 05:15,26180789,6379734.7,2.1111,0.94961,2.5561,1.3587
2021-12-11 05:20,26221909,6381066.7,2.1044,0.94881,2.549,1.3757
2021-12-11 05:25,26185730,6379105.7,2.1078,0.94943,2.5511,1.1736
2021-12-11 05:30,26261196,6410883.2,2.122,0.94949,2.5703,1.6137
2021-12-11 05:35,26188819,6409017.9,2.0572,0.9495,2.5038,0.82132
2021-12-11 05:40,26154359,6397617.8,2.0531,0.94932,2.5033,0.887
2021-12-11 05:45,26080988,6396101.5,2.046,0.94931,2.4971,3.043
2021-12-11 05:50,26096643,6397853,2.0627,0.94829,2.5192,0.79745
2021-12-11 05:55,26061314,6341801.3,2.07,0.94799,2.5231,1.3439
2021-12-11 06:00,26072238,6348620.7,2.0807,0.94896,2.5289,1.4317
2021-12-11 06:05,26030078,6317187.6,2.0902,0.94944,2.5426,0.33543
2021-12-11 06:10,26002957,6352491.2,2.0753,0.9492,2.5308,2.0206
2021-12-11 06:15,26147110,6417546.7,2.0449,0.94972,2.4967,0.74235
2021-12-11 06:20,26080873,6383692.7,2.0213,0.94891,2.4749,3.6212
2021-12-11 06:25,26020861,6332700.3,2.0418,0.94903,2.4881,0.62077
2021-12-11 06:30,26099137,6354617.9,2.0437,0.94887,2.4919,2.8121
2021-12-11 06:35,26080396,6326843.3,2.0355,0.94868,2.4839,0.71983
2021-12-11 06:40,26064541,6333708.2,2.011,0.94859,2.4574,0.38477
2021-12-11 06:45,26024608,6333869.1,2.008,0.94865,2.4495,0.58755
2021-12-11 06:50,26157588,6312279.6,2.0666,0.94895,2.5095,0.93339
2021-12-11 06:55,26100917,6310111,2.0427,0.9496,2.4806,0.71584
2021-12-11 07:00,26114834,6308124.1,2.0666,0.94967,2.5086,1.2382
2021-12-11 07:05,26136524,6323470.4,2.0728,0.95071,2.5153,1.3745
2021-12-11 07:10,26093787,6305824.6,2.0623,0.9508,2.5005,1.2882
2021-12-11 07:15,26223626,6338320.9,2.1012,0.95168,2.5441,0.77704
2021-12-11 07:20,26403166,6430490.6,2.0704,0.9532,2.5114,1.3077
2021-12-11 07:25,26305610,6390792.2,2.0683,0.95265,2.5114,2.5778
2021-12-11 07:30,26236741,6373818,2.0673,0.95255,2.5119,0.83047
2021-12-11 07:35,26382444,6388661.8,2.0393,0.95282,2.4737,1.5232
2021-12-11 07:40,26360773,6400023.7,2.0332,0.95261,2.4677,1.6013
2021-12-11 07:45,26445526,6422104.8,2.0261,0.9527,2.4598,1.7583
2021-12-11 07:50,26399549,6421280.6,2.0322,0.95219,2.4691,0.92178
2021-12-11 07:55,26411998,6416975.3,2.0343,0.95268,2.4613,1.7162
2021-12-11 08:00,26351066,6401462.1,2.0373,0.95301,2.4636,1.1741
2021-12-11 08:05,26379927,6406004.1,2.0455,0.95345,2.4724,1.3015
2021-12-11 08:10,26387777,6375023,2.0486,0.95265,2.4793,0.7105
2021-12-11 08:15,26339069,6402906.8,2.0394,0.95258,2.4667,0.50467
2021-12-11 08:20,26353157,6428240.2,2.0405,0.9529,2.4667,1.2095
2021-12-11 08:25,26332887,6432824.6,2.0632,0.95046,2.4906,0.32181
2021-12-11 08:30,26539386,6548355.7,2.0334,0.95134,2.4573,1.208
2021-12-11 08:35,26563829,6552765.3,2.0303,0.95236,2.4504,0.60905
2021-12-11 08:40,26407969,6468632,2.0396,0.9514,2.4596,1.8999
2021-12-11 08:45,26421929,6484783.4,2.0396,0.95122,2.4642,0.74804
2021-12-11 08:50,26363254,6448168,2.0314,0.95064,2.4568,1.9211
2021-12-11 08:55,26236506,6385703.2,2.0417,0.94979,2.4708,1.0851
2021-12-11 09:00,26443297,6456924.3,2.0201,0.94985,2.4436,1.9709
2021-12-11 09:05,26386966,6432776.1,2.0333,0.94979,2.4574,0.57351
2021-12-11 09:10,26419043,6440073.7,2.0467,0.94945,2.4732,0.72128
2021-12-11 09:15,26301097,6404317.1,2.056,0.94997,2.4797,1.0935
2021-12-11 09:20,26322770,6432997.3,2.0519,0.95168,2.4722,0.63699
2021-12-11 09:25,26339530,6453975,2.0561,0.95177,2.4788,1.9753
2021-12-11 09:30,26324958,6441804.1,2.0497,0.95077,2.47,1.8697
2021-12-11 09:35,26329036,6476274.9,2.0456,0.95068,2.4742,1.917
2021-12-11 09:40,26363490,6476043.7,2.0354,0.9504,2.463,1.2643
2021-12-11 09:45,26477962,6516226.4,2.0457,0.9506,2.4737,0.44983
2021-12-11 09:50,26576779,6524288.3,2.0519,0.95032,2.4835,0.50139
2021-12-11 09:55,26532565,6527541.6,2.0405,0.95006,2.4667,6.2382
2021-12-11 10:00,26586036,6555838.1,2.0385,0.95151,2.464,1.1944
2021-12-11 10:05,26579645,6555337.8,2.0334,0.94997,2.4598,1.1971
2021-12-11 10:10,26601451,6567889.7,2.0222,0.95023,2.445,0.71963
2021-12-11 10:15,26681417,6574834.8,2.0447,0.94955,2.4691,0.73433
2021-12-11 10:20,26712557,6584456.4,2.0364,0.952,2.453,0.66805
2021-12-11 10:25,26694516,6600501.2,2.0446,0.95101,2.4613,1.1618
2021-12-11 10:30,26793828,6628819,2.0181,0.95086,2.4403,3.1167
2021-12-11 10:35,26825981,6643572.8,2.0262,0.94918,2.4518,1.8766
2021-12-11 10:40,26752988,6612536,2.0201,0.94832,2.4468,0.13936
2021-12-11 10:45,26754492,6615490.9,2.007,0.94813,2.4269,0.57358
2021-12-11 10:50,26699454,6628371.7,1.991,0.94656,2.4141,1.3661
2021-12-11 10:55,26708988,6642464.7,1.9712,0.94521,2.3945,1.3949
2021-12-11 11:00,26667055,6613963,1.9791,0.94478,2.4033,1.4216
2021-12-11 11:05,26580538,6593731.7,1.9467,0.94469,2.3709,0.67338
2021-12-11 11:10,26625121,6618738.8,1.9408,0.94502,2.366,0.73812
2021-12-11 11:15,26646566,6640057.8,1.9186,0.94471,2.3372,0.79243
2021-12-11 11:20,26726820,6656034.2,1.9418,0.94583,2.3599,0.55157
2021-12-11 11:25,26962631,6686589,1.9341,0.94546,2.3511,0.33915
2021-12-11 11:30,27010076,6715245.1,1.9256,0.94655,2.3369,0.69127
2021-12-11 11:35,27012373,6712861.3,1.919,0.94607,2.3226,2.6754
2021-12-11 11:40,27057088,6732074.1,1.922,0.94621,2.3232,0.97892
2021-12-11 11:45,27164622,6759011.1,1.9069,0.94591,2.3111,1.6277
2021-12-11 11:50,27145132,6744724.6,1.8986,0.94643,2.3032,0.4213
2021-12-11 11:55,27043816,6716602.1,1.8863,0.94659,2.2853,1.6478
2021-12-11 12:00,27188691,6751887.5,1.9183,0.94663,2.3191,1.0875
2021-12-11 12:05,27183914,6760911.8,1.891,0.94664,2.2891,0.98885
2021-12-11 12:10,27275405,6789967.7,1.8818,0.9471,2.2802,2.1114
2021-12-11 12:15,27536567,6877210.8,1.8777,0.94842,2.2827,0.58938
2021-12-11 12:20,27534100,6878018.2,1.8608,0.94811,2.2631,1.5122
2021-12-11 12:25,27538737,6893354,1.8562,0.94786,2.26,1.8147
2021-12-11 12:30,27595805,6904029.4,1.8383,0.94632,2.2429,0.80852
2021-12-11 12:35,27472232,6846080.2,1.8527,0.94588,2.2576,0.92117
2021-12-11 12:40,27519622,6867100.1,1.8689,0.94588,2.2764,0.3348
2021-12-11 12:45,27534446,6883611.5,1.8608,0.94572,2.2626,0.84412
2021-12-11 12:50,27503702,6844516,1.8762,0.94669,2.2711,0.37598
2021-12-11 12:55,27475989,6828058,1.8771,0.94667,2.273,0.85371
2021-12-11 13:00,27435105,6822673.8,1.89,0.94685,2.2856,0.70629
2021-12-11 13:05,27355591,6769601.4,1.868,0.9461,2.27,1.5267
2021-12-11 13:10,27377262,6786001.9,1.8635,0.94425,2.2678,1.6886
2021-12-11 13:15,27192654,6741314,1.8492,0.94625,2.2442,1.8248
2021-12-11 13:20,27138420,6722389.9,1.875,0.94473,2.2742,0.89295
2021-12-11 13:25,27137395,6771761.3,1.8612,0.94445,2.2569,1.7908
2021-12-11 13:30,27192638,6768903.5,1.8558,0.94489,2.2425,1.912
2021-12-11 13:35,27166415,6777205.6,1.8632,0.9457,2.2463,1.6713
2021-12-11 13:40,27146662,6766100.8,1.8676,0.94547,2.2455,1.7076
2021-12-11 13:45,27075705,6726580.1,1.8667,0.94503,2.2439,0.47954
2021-12-11 13:50,27118884,6703788.1,1.8469,0.94602,2.2161,1.7639
2021-12-11 13:55,27043521,6702528.4,1.8631,0.94367,2.2394,0.65613
2021-12-11 14:00,27012365,6706900.1,1.8667,0.94359,2.2416,0.73233
2021-12-11 14:05,27058804,6711390.6,1.8795,0.94385,2.2565,0.4746
2021-12-11 14:10,27027952,6686985.6,1.8858,0.94432,2.2609,0.89905
2021-12-11 14:15,27022163,6695310.5,1.8775,0.94444,2.2446,1.3624
2021-12-11 14:20,27014203,6701613.2,1.8701,0.94431,2.2422,1.2949
2021-12-11 14:25,27033818,6712759.2,1.8748,0.944,2.2513,1.6288
2021-12-11 14:30,27048241,6710939.1,1.8875,0.94412,2.262,0.74258
2021-12-11 14:35,27001832,6678968.8,1.8893,0.94443,2.2631,0.71301
2021-12-11 14:40,27041147,6708908.6,1.8793,0.94426,2.2533,2.2528
2021-12-11 14:45,26969804,6726027.5,1.8884,0.94379,2.2657,0.72704
2021-12-11 14:50,27022959,6767556.6,1.8779,0.94223,2.2561,1.9624
2021-12-11 14:55,27053909,6745351.1,1.8928,0.94252,2.2673,1.205
2021-12-11 15:00,27095165,6771081.7,1.8872,0.9427,2.2627,1.9163
2021-12-11 15:05,27043373,6778419,1.8799,0.94547,2.2622,0.68116
2021-12-11 15:10,26984465,6745325.1,1.9013,0.94561,2.2868,0.58746
2021-12-11 15:15,26996029,6752423.9,1.8743,0.94577,2.2601,1.557
2021-12-11 15:20,27006975,6763034.6,1.8688,0.94559,2.259,1.404
2021-12-11 15:25,26978692,6748989.6,1.8623,0.94562,2.2531,0.64615
2021-12-11 15:30,26976088,6733725.5,1.8752,0.94575,2.2662,0.91563
2021-12-11 15:35,26933963,6746688.4,1.8452,0.94582,2.2342,1.0601
2021-12-11 15:40,26933854,6739774.6,1.8743,0.94575,2.2627,0.89979
2021-12-11 15:45,26929343,6735237.4,1.8761,0.94595,2.2607,0.6126
2021-12-11 15:50,26933014,6738735.2,1.877,0.94581,2.2585,1.5608
2021-12-11 15:55,26907408,6731266.4,1.8863,0.94558,2.2677,1.2187
2021-12-11 16:00,26920723,6765965.4,1.8586,0.94547,2.2428,0.74979
2021-12-11 16:05,26924646,6773433.2,1.8422,0.94459,2.2194,1.461
2021-12-11 16:10,27004411,6797732.6,1.8283,0.94446,2.216,1.1665
2021-12-11 16:15,26983598,6826509.8,1.8271,0.94404,2.2161,1.0067
2021-12-11 16:20,27011862,6825886.2,1.8187,0.94395,2.215,1.1836
2021-12-11 16:25,27014886,6842469.5,1.8134,0.94273,2.214,2.5501
2021-12-11 16:30,27211142,6897683,1.7981,0.94327,2.201,0.29349
2021-12-11 16:35,27204263,6897967.6,1.8065,0.94358,2.1986,1.5103
2021-12-11 16:40,27195787,6909361.6,1.8151,0.9435,2.2068,0.69385
2021-12-11 16:45,27193485,6912453.9,1.8179,0.94403,2.2099,0.78384
2021-12-11 16:50,27142108,6879136.9,1.8162,0.94436,2.2054,0.81528
2021-12-11 16:55,27094379,6886849.3,1.8293,0.94546,2.2153,0.64133
2021-12-11 17:00,27117344,6879642.2,1.8161,0.9454,2.2,1.7416
2021-12-11 17:05,27157313,6874318.7,1.8067,0.94562,2.1837,0.8208
2021-12-11 17:10,27119583,6871559.9,1.7993,0.94587,2.1662,0.88981
2021-12-11 17:15,27117354,6850945.7,1.8112,0.94788,2.1781,2.6535
2021-12-11 17:20,27119925,6859985,1.8167,0.94799,2.1848,0.8288
2021-12-11 17:25,27075039,6842801,1.8201,0.94792,2.1875,0.83559
2021-12-11 17:30,27178424,6871616.1,1.8249,0.9465,2.1943,0.39829
2021-12-11 17:35,27186041,6869857.1,1.8293,0.94668,2.1917,1.0824
2021-12-11 17:40,27191769,6873915.2,1.8349,0.94554,2.1993,1.0228
2021-12-11 17:45,27177872,6869207.1,1.8376,0.94525,2.202,0.57515
2021-12-11 17:50,27217067,6851848.7,1.8627,0.94524,2.2302,0.41375
2021-12-11 17:55,27282392,6865613.9,1.8421,0.94524,2.2037,0.55189
2021-12-11 18:00,27297635,6894668.5,1.8412,0.94485,2.2029,1.3017
2021-12-11 18:05,27290061,6890782.7,1.8421,0.94479,2.2066,0.78547
2021-12-11 18:10,27307695,6871391.9,1.8465,0.94471,2.2146,0.64553
2021-12-11 18:15,27287001,6845444.6,1.8881,0.94603,2.2511,0.44662
2021-12-11 18:20,27339522,6868833.5,1.85,0.94637,2.2122,0.42947
2021-12-11 18:25,27349802,6868825.6,1.8725,0.948,2.2287,0.30512
2021-12-11 18:30,27371428,6889388.4,1.8497,0.94842,2.2095,2.0225
2021-12-11 18:35,27305615,6861186.2,1.8861,0.94713,2.2575,1.4877
2021-12-11 18:40,27237288,6851639.2,1.8786,0.94679,2.2552,6.9228
2021-12-11 18:45,27220088,6853799.6,1.8821,0.94662,2.2584,0.67418
2021-12-11 18:50,27226972,6875082.7,1.8544,0.9464,2.2311,0.5578
2021-12-11 18:55,27246298,6879770.9,1.8571,0.94654,2.2386,0.51648
2021-12-11 19:00,27209447,6863855.1,1.858,0.94668,2.2442,0.28983
2021-12-11 19:05,27313686,6883868.3,1.8527,0.94696,2.2386,0.3919
2021-12-11 19:10,27456148,6923342.3,1.8671,0.94686,2.2517,0.24009
2021-12-11 19:15,27454669,6924800,1.8626,0.94667,2.247,0.74211
2021-12-11 19:20,27487851,6934423.4,1.8438,0.94665,2.2271,1.4943
2021-12-11 19:25,27517053,6945854.5,1.85,0.94679,2.2328,0.42765
2021-12-11 19:30,27557240,6941117.6,1.8427,0.94687,2.2207,1.0304
2021-12-11 19:35,27550850,6926559.2,1.8471,0.94682,2.2264,1.447
2021-12-11 19:40,27520257,6916115.8,1.8406,0.94716,2.2189,1.0081
2021-12-11 19:45,27464489,6896599.6,1.8614,0.94701,2.242,0.26354
2021-12-11 19:50,27462922,6963013.2,1.8459,0.94715,2.2227,3.5762
2021-12-11 19:55,27577995,6951783.8,1.8438,0.94706,2.2254,0.73645
2021-12-11 20:00,27773283,6997478.7,1.8656,0.94236,2.2841,2.5736
2021-12-11 20:05,27848729,7036855.3,1.8365,0.94203,2.263,0.44375
2021-12-11 20:10,27800196,7042345.7,1.8546,0.94377,2.2861,1.5665
2021-12-11 20:15,27930382,7102416.8,1.8203,0.94181,2.2349,1.1251
2021-12-11 20:20,27596626,7001078.3,1.8316,0.94418,2.2368,1.4004
2021-12-11 20:25,27510864,6967126.3,1.822,0.94409,2.232,1.0374
2021-12-11 20:30,27453041,6964292.1,1.8273,0.94405,2.241,1.0521
2021-12-11 20:35,27675054,7047729.3,1.8361,0.94628,2.2513,0.95099
2021-12-11 20:40,27721899,7064883.5,1.8229,0.94645,2.2372,1.3114
2021-12-11 20:45,27672259,7046740.8,1.82,0.94591,2.2374,0.77463
2021-12-11 20:50,27649738,7015568,1.8121,0.94532,2.2383,1.3817
2021-12-11 20:55,27597113,7004975.2,1.838,0.94534,2.2551,1.1883
2021-12-11 21:00,27498712,6956074.2,1.8322,0.94353,2.2355,0.29882
2021-12-11 21:05,27531717,6952584.5,1.814,0.94327,2.2195,0.7931
2021-12-11 21:10,27289264,6880169.2,1.8134,0.94335,2.2292,2.5178
2021-12-11 21:15,27402383,6911429,1.8117,0.94332,2.2334,2.7844
2021-12-11 21:20,27296768,6896972.8,1.803,0.94317,2.228,0.40405
2021-12-11 21:25,27183085,6879223.3,1.8285,0.94109,2.2591,0.35316
2021-12-11 21:30,27201848,6857492.9,1.8258,0.94061,2.2532,0.6621
2021-12-11 21:35,27279685,6854163.3,1.8294,0.94063,2.2669,2.5509
2021-12-11 21:40,26852192,6721372.2,1.8324,0.93782,2.2657,0.86778
2021-12-11 21:45,26926460,6736779,1.8674,0.94169,2.3009,0.75973
2021-12-11 21:50,27086967,6782615.8,1.8758,0.94042,2.3007,0.60492
2021-12-11 21:55,27182216,6825454.4,1.8497,0.9417,2.2757,3.2513
2021-12-11 22:00,27154122,6832709.4,1.8542,0.94165,2.2855,1.1588
2021-12-11 22:05,27121475,6823449.3,1.8584,0.94101,2.2933,0.65039
2021-12-11 22:10,27097930,6812148.6,1.8502,0.94152,2.2734,1.0946
2021-12-11 22:15,27174991,6821738,1.862,0.94205,2.2863,1.4016
2021-12-11 22:20,27350431,6862496.6,1.873,0.94289,2.3024,0.28848
2021-12-11 22:25,27307383,6848045.8,1.8848,0.94236,2.3104,1.3739
2021-12-11 22:30,27350298,6851249.6,1.8997,0.94407,2.3276,0.41579
2021-12-11 22:35,27419243,6877020.3,1.8979,0.94417,2.3287,0.5023
2021-12-11 22:40,27498041,6901279.3,1.9195,0.94473,2.3545,0.19237
2021-12-11 22:45,27522869,6934111.6,1.9018,0.94558,2.3388,0.86211
2021-12-11 22:50,27473988,6917061.1,1.9037,0.94606,2.3423,0.73244
2021-12-11 22:55,27497668,6923346.9,1.9083,0.94613,2.3411,0.71072
2021-12-11 23:00,27512951,6902275,1.9206,0.9462,2.3554,0.82102
2021-12-11 23:05,27476527,6893030.6,1.9019,0.94626,2.3408,3.8651
2021-12-11 23:10,27229061,6863084.8,1.9072,0.94455,2.342,1.4313
2021-12-11 23:15,27098132,6823457.6,1.9046,0.94643,2.3374,0.9486
2021-12-11 23:20,26967554,6809743.5,1.9112,0.9462,2.344,1.222
2021-12-11 23:25,26844211,6799793.5,1.8989,0.94566,2.3339,1.5004
2021-12-11 23:30,26762211,6780687.6,1.8933,0.94539,2.3319,0.85888
2021-12-11 23:35,26672502,6763613.1,1.8672,0.94415,2.3107,1.1087
2021-12-11 23:40,26620881,6725233.2,1.8763,0.94491,2.3212,0.8121
2021-12-11 23:45,26538954,6713824.6,1.8637,0.94189,2.3087,0.38449
2021-12-11 23:50,26521980,6697860.8,1.8719,0.94433,2.3129,0.30609
2021-12-11 23:55,26500155,6705714.8,1.8519,0.94441,2.2885,1.821
2021-12-12 00:00,26404109,6683936.2,1.842,0.94466,2.2756,1.727
2021-12-12 00:05,26418784,6691219.6,1.8271,0.94514,2.254,1.2315
2021-12-12 00:10,26351951,6676106.3,1.913,0.95697,2.2702,0.9252
2021-12-12 00:15,26446174,6701196,1.9152,0.95725,2.2636,1.2317
2021-12-12 00:20,26470612,6700770.7,1.9133,0.95734,2.2602,1.4394
2021-12-12 00:25,26453339,6697191.8,1.9178,0.95729,2.2693,0.42937
2021-12-12 00:30,26486565,6694744.2,1.9234,0.95723,2.276,0.88727
2021-12-12 00:35,26470677,6658169.4,1.955,0.9567,2.3029,0.71822
2021-12-12 00:40,26507611,6666914.7,1.956,0.95688,2.3058,0.73789
2021-12-12 00:45,26500507,6658294.8,1.9457,0.95696,2.2942,0.56457
2021-12-12 00:50,26545144,6679289.1,1.9142,0.95688,2.2634,2.2363
2021-12-12 00:55,26586952,6691782.7,1.9197,0.95679,2.2734,0.76022
2021-12-12 01:00,26581330,6702050.9,1.9391,0.9569,2.2931,0.93556
2021-12-12 01:05,26520473,6696699,1.9234,0.95727,2.2816,1.619
2021-12-12 01:10,26530593,6701031.6,1.9382,0.9574,2.2993,0.68852
2021-12-12 01:15,26512705,6689685.7,1.9242,0.95736,2.2861,0.5109
2021-12-12 01:20,26686667,6713087.9,1.9467,0.95766,2.3031,0.24248
2021-12-12 01:25,26652939,6661730.5,1.9722,0.95774,2.3325,1.1961
2021-12-12 01:30,26513872,6629237.2,1.976,0.95788,2.331,3.1108
2021-12-12 01:35,26445878,6630306.6,1.9561,0.95776,2.3079,0.96268
2021-12-12 01:40,26405353,6617333.3,1.9618,0.95769,2.3136,0.20424
2021-12-12 01:45,26348919,6603302.6,1.9655,0.9575,2.3164,2.1628
2021-12-12 01:50,26330109,6590952.9,1.9779,0.95733,2.3279,0.95757
2021-12-12 01:55,26287444,6573438.2,1.9779,0.95632,2.3307,1.0893
2021-12-12 02:00,26143528,6533888.3,1.9826,0.95521,2.3336,0.86736
2021-12-12 02:05,26078959,6518696.6,1.9817,0.95559,2.3339,1.6364
2021-12-12 02:10,26059176,6526271.5,1.9855,0.95546,2.3405,0.52742
2021-12-12 02:15,26062488,6511429.8,1.9894,0.9554,2.3426,1.1454
2021-12-12 02:20,26036117,6514520,1.9798,0.95544,2.3296,0.73315
2021-12-12 02:25,26078272,6523338.1,1.9894,0.95561,2.3399,0.41762
2021-12-12 02:30,26099516,6533786,1.999,0.95568,2.3475,0.23306
2021-12-12 02:35,26108504,6544200.7,1.9808,0.95643,2.3285,1.7367
2021-12-12 02:40,26121392,6538306.4,1.9817,0.95632,2.3293,1.3803
2021-12-12 02:45,26138640,6553909.8,1.9751,0.9572,2.3262,0.53396
2021-12-12 02:50,26187081,6552870,1.9846,0.95733,2.3316,0.53152
2021-12-12 02:55,26096069,6508881.5,1.9732,0.95691,2.3233,1.9981
2021-12-12 03:00,26208593,6529870.9,1.9619,0.95688,2.31,0.39918
2021-12-12 03:05,26144867,6507457.4,1.9856,0.95573,2.3368,0.45746
2021-12-12 03:10,26151342,6512772.8,1.9865,0.95578,2.3425,0.96341
2021-12-12 03:15,26128114,6510141.5,1.978,0.95619,2.3288,1.4731
2021-12-12 03:20,26230175,6534639.3,1.9732,0.95616,2.3219,1.9486
2021-12-12 03:25,26219261,6535993.5,1.976,0.95602,2.3279,1.0548
2021-12-12 03:30,26195773,6538663.8,1.9865,0.95599,2.3382,1.347
2021-12-12 03:35,26202556,6549360.6,1.9981,0.95579,2.3526,1.1454
2021-12-12 03:40,26130964,6534570.2,2.0136,0.95572,2.3681,0.5144
2021-12-12 03:45,26084924,6539016.2,2.0175,0.95453,2.3763,1.639
2021-12-12 03:50,26181908,6555707.3,1.9913,0.95541,2.3457,2.5909
2021-12-12 03:55,26128335,6542851.8,1.9961,0.95448,2.3518,1.1675
2021-12-12 04:00,26065807,6538617.9,1.9981,0.95445,2.3526,1.3015
2021-12-12 04:05,26047050,6503938.5,2.0097,0.95398,2.3655,1.6966
2021-12-12 04:10,26007663,6484490.6,1.9971,0.95395,2.3521,1.3586
2021-12-12 04:15,26040850,6505022.3,1.9865,0.95402,2.3443,0.58459
2021-12-12 04:20,25905930,6489266.3,1.9894,0.95357,2.3489,1.4486
2021-12-12 04:25,25900613,6465052,1.9884,0.95356,2.3495,0.9994
2021-12-12 04:30,25846868,6460050.1,2,0.95333,2.3599,0.99174
2021-12-12 04:35,25834139,6463389.5,1.9894,0.95353,2.3469,1.3433
2021-12-12 04:40,25860235,6455490.5,2.0019,0.95311,2.3594,3.1023
2021-12-12 04:45,25851388,6439106.9,2.0146,0.9529,2.374,0.27371
2021-12-12 04:50,25510331,6309725.3,2.086,0.95163,2.4485,0.34328
2021-12-12 04:55,25469117,6296600.9,2.104,0.95144,2.475,0.6836
2021-12-12 05:00,25488634,6304613.6,2.1041,0.95159,2.4813,0.68946
2021-12-12 05:05,25489490,6331458,2.1136,0.95318,2.4959,1.2732
2021-12-12 05:10,25475032,6338340,2.103,0.95308,2.485,0.9253
2021-12-12 05:15,25424202,6320414.9,2.1125,0.95295,2.4973,1.0184
2021-12-12 05:20,25376988,6319707.2,2.0979,0.95151,2.4859,2.0233
2021-12-12 05:25,25388784,6331708.8,2.1029,0.95119,2.4895,1.1748
2021-12-12 05:30,25380666,6310633.6,2.1135,0.9511,2.4968,0.43557
2021-12-12 05:35,25394389,6315330.6,2.1039,0.9515,2.4845,0.38256
2021-12-12 05:40,25519980,6347416.4,2.144,0.95173,2.5179,0.25195
2021-12-12 05:45,25627547,6360500.9,2.0797,0.95252,2.4512,0.8914
2021-12-12 05:50,25556051,6332911.9,2.1087,0.95205,2.4792,0.88465
2021-12-12 05:55,25523288,6304838.9,2.1297,0.95364,2.5009,1.0574
2021-12-12 06:00,25623495,6344537.8,2.0912,0.95232,2.4622,0.57459
2021-12-12 06:05,25663390,6361424.7,2.0673,0.95257,2.4395,2.298
2021-12-12 06:10,25721214,6380818.7,2.0775,0.94856,2.4492,0.32635
2021-12-12 06:15,25702925,6393920,2.0672,0.94875,2.4383,1.8756
2021-12-12 06:20,25731699,6394541.8,2.0732,0.94899,2.4445,1.0245
2021-12-12 06:25,25704588,6396048.7,2.0743,0.94894,2.4445,0.40413
2021-12-12 06:30,25656979,6375078.3,2.06,0.94892,2.4307,0.81393
2021-12-12 06:35,25732577,6400575.8,2.0771,0.94949,2.4455,1.7363
2021-12-12 06:40,25817235,6407801.3,2.071,0.94962,2.4442,0.93919
2021-12-12 06:45,25822825,6422547.9,2.0801,0.95018,2.4491,0.87152
2021-12-12 06:50,25786965,6404284.8,2.07,0.95043,2.4417,1.3974
2021-12-12 06:55,25739887,6395577.4,2.076,0.94958,2.4443,2.5336
2021-12-12 07:00,25727601,6397575.8,2.0699,0.94968,2.4448,1.5963
2021-12-12 07:05,25696246,6385025.3,2.0409,0.94946,2.414,3.4203
2021-12-12 07:10,25668829,6380537.3,2.0448,0.94955,2.4199,2.2816
2021-12-12 07:15,25673805,6373871.5,2.032,0.94934,2.4073,1.092
2021-12-12 07:20,25623410,6370888.6,1.9885,0.94927,2.3643,0.90806
2021-12-12 07:25,25633926,6378603.4,1.9482,0.9493,2.3206,1.2147
2021-12-12 07:30,25694639,6411005.7,1.9297,0.94913,2.306,0.63002
2021-12-12 07:35,25757989,6416079.6,1.9407,0.94941,2.3077,2.6877
2021-12-12 07:40,26030504,6498166.8,1.9243,0.94965,2.295,8.4322
2021-12-12 07:45,26043817,6497932.3,1.9353,0.94898,2.3047,1.2654
2021-12-12 07:50,25996473,6485904.8,1.9362,0.94915,2.3058,0.59812
2021-12-12 07:55,26032187,6495163.9,1.9344,0.94885,2.3058,2.9715
2021-12-12 08:00,25953625,6476698.6,1.9399,0.94888,2.3114,1.5078
2021-12-12 08:05,25909271,6444670.3,1.9426,0.94838,2.3133,0.83258
2021-12-12 08:10,25903766,6440971.4,1.9491,0.94901,2.326,1.7049
2021-12-12 08:15,25867908,6444395.1,1.9518,0.94898,2.3305,0.81361
2021-12-12 08:20,25831719,6445990.8,1.9353,0.94906,2.3139,1.7764
2021-12-12 08:25,25831028,6459085.2,1.9389,0.94712,2.3218,2.7314
2021-12-12 08:30,25812079,6455078.5,1.9222,0.94697,2.3111,1.4509
2021-12-12 08:35,25649223,6402857.6,1.9434,0.94589,2.3297,1.0091
2021-12-12 08:40,25650901,6362010.6,1.9351,0.94533,2.3254,0.43235
2021-12-12 08:45,25651649,6347500.5,1.9359,0.9453,2.3262,1.1732
2021-12-12 08:50,25601967,6325478,1.9396,0.94589,2.3316,0.34308
2021-12-12 08:55,25536362,6336451.4,1.8877,0.94585,2.2901,0.59443
2021-12-12 09:00,25498130,6320206.2,1.8956,0.9453,2.3001,1.2185
2021-12-12 09:05,25539409,6331985.7,1.9173,0.94566,2.324,2.0971
2021-12-12 09:10,25478799,6328275.6,1.9128,0.946,2.322,0.20656
2021-12-12 09:15,25499541,6317865.5,1.9209,0.94602,2.3308,0.68644
2021-12-12 09:20,25544569,6340564.1,1.9292,0.94537,2.337,1.1738
2021-12-12 09:25,25470762,6341327.2,1.8938,0.94612,2.2939,0.2515
2021-12-12 09:30,25569165,6355727.3,1.8973,0.94675,2.2854,0.40459
2021-12-12 09:35,25584952,6349489.4,1.8947,0.9467,2.2804,0.88469
2021-12-12 09:40,25646423,6351336.7,1.9001,0.94615,2.2954,1.1137
2021-12-12 09:45,25603923,6323656.9,1.9173,0.94527,2.3115,1.3165
2021-12-12 09:50,25266318,6213240.3,1.9606,0.94413,2.3548,0.31424
2021-12-12 09:55,25137080,6177541.5,1.9807,0.94372,2.3762,0.49283
2021-12-12 10:00,25086813,6164080.8,1.972,0.94383,2.3594,3.0304
2021-12-12 10:05,24995371,6136732.5,1.9692,0.94377,2.3521,0.51439
2021-12-12 10:10,24901750,6086983.8,1.9816,0.94546,2.3622,0.26033
2021-12-12 10:15,24844027,6078182.1,2.0137,0.94489,2.4091,0.50612
2021-12-12 10:20,24873871,6100469.1,2.0236,0.94483,2.4237,0.71462
2021-12-12 10:25,24867054,6103840.5,2.0138,0.94481,2.4128,1.5863
2021-12-12 10:30,24963267,6162860,2.0088,0.94453,2.4107,6.3998
2021-12-12 10:35,24918262,6141663.1,2.0078,0.94418,2.4128,0.37916
2021-12-12 10:40,24937647,6119199.8,2.0446,0.94399,2.4509,0.82509
2021-12-12 10:45,24960244,6130735.1,2.0316,0.94411,2.436,0.87086
2021-12-12 10:50,24999276,6144928.8,2.0306,0.9442,2.4365,0.79003
2021-12-12 10:55,25013511,6142774.8,2.0326,0.94402,2.4391,2.1183
2021-12-12 11:00,25020796,6173793.6,2.0246,0.94411,2.4286,2.165
2021-12-12 11:05,25075357,6167539.3,2.0108,0.94437,2.4099,0.66219
2021-12-12 11:10,25088884,6176130.6,2.0108,0.94438,2.4108,1.0573
2021-12-12 11:15,25099312,6191527.9,2.0236,0.94438,2.4274,0.97704
2021-12-12 11:20,25105183,6204474.1,2.0137,0.94395,2.4293,1.004
2021-12-12 11:25,25180504,6242731.2,2.0294,0.94348,2.4925,1.3357
2021-12-12 11:30,25167779,6240602.5,2.0254,0.9434,2.4947,1.4377
2021-12-12 11:35,25156961,6239766.6,2.0117,0.94299,2.4929,0.55544
2021-12-12 11:40,25164493,6243310.7,2.0087,0.94309,2.4855,2.0211
2021-12-12 11:45,25164236,6266682.2,1.9826,0.94338,2.4645,1.115
2021-12-12 11:50,25163301,6253127.6,1.9884,0.94357,2.4679,0.58376
2021-12-12 11:55,25160857,6245427.9,1.9816,0.94373,2.4636,0.71802
2021-12-12 12:00,25193809,6257890.2,1.9739,0.94391,2.4544,0.3083
2021-12-12 12:05,25391113,6308675.9,1.9922,0.94347,2.4697,0.14577
2021-12-12 12:10,25346900,6303893.2,1.9971,0.94362,2.4715,1.2661
2021-12-12 12:15,25235916,6303753.1,1.9501,0.94423,2.4101,2.0227
2021-12-12 12:20,24986052,6252653.1,1.9691,0.94387,2.4271,2.4654
2021-12-12 12:25,25043889,6244944.2,1.9825,0.94397,2.4436,0.36167
2021-12-12 12:30,25093033,6277273.1,1.9614,0.94437,2.4143,1.6257
2021-12-12 12:35,25134611,6289324.9,1.9548,0.94466,2.4105,1.2189
2021-12-12 12:40,25142980,6286750.7,1.9729,0.94473,2.4241,1.5757
2021-12-12 12:45,25213490,6291774.3,1.9681,0.94418,2.4205,0.78484
2021-12-12 12:50,25261073,6315520.9,1.9681,0.94273,2.4189,2.788
2021-12-12 12:55,25276258,6311986.4,1.9864,0.94261,2.4392,1.7294
2021-12-12 13:00,25226195,6292674.3,1.9893,0.9421,2.4335,2.8717
2021-12-12 13:05,25147220,6272722.6,1.999,0.94193,2.4413,0.48287
2021-12-12 13:10,25180600,6301300.6,1.9691,0.94172,2.4038,0.55238
2021-12-12 13:15,25318355,6329964.2,1.9719,0.94233,2.4067,0.41331
2021-12-12 13:20,25463521,6361867.7,1.9653,0.94244,2.4026,0.52708
2021-12-12 13:25,25531359,6381525.9,1.9691,0.94263,2.403,0.69872
2021-12-12 13:30,25619229,6412209.2,1.9435,0.94327,2.3744,1.1709
2021-12-12 13:35,25610237,6431339.3,1.9301,0.94306,2.372,1.925
2021-12-12 13:40,25595424,6416516.8,1.9451,0.94325,2.3856,1.6499
2021-12-12 13:45,25497822,6394598.8,1.9699,0.94238,2.4113,0.89343
2021-12-12 13:50,25491756,6383615.2,1.9747,0.94231,2.4168,1.9888
2021-12-12 13:55,25477129,6376161.1,1.9805,0.94228,2.422,0.89274
2021-12-12 14:00,25616532,6430384.1,1.9565,0.94253,2.3979,1.1457
2021-12-12 14:05,25678077,6435182.9,1.9555,0.9419,2.3961,0.81961
2021-12-12 14:10,25668813,6451358.4,1.9498,0.94171,2.3884,2.1445
2021-12-12 14:15,25685773,6461094.4,1.9679,0.94215,2.4088,2.0941
2021-12-12 14:20,25649758,6425520.9,1.9814,0.94213,2.419,0.30698
2021-12-12 14:25,25679371,6439192.9,1.9776,0.94216,2.4156,1.355
2021-12-12 14:30,25714925,6449817.5,1.9621,0.94203,2.4014,1.6924
2021-12-12 14:35,25675007,6414430.9,1.9717,0.94329,2.4124,0.54075
2021-12-12 14:40,25703234,6417735.6,1.9756,0.94391,2.4153,0.95929
2021-12-12 14:45,25730429,6438723.1,1.9873,0.94416,2.4314,0.90548
2021-12-12 14:50,25770973,6471276.1,1.9882,0.94476,2.4287,1.3693
2021-12-12 14:55,25830221,6486743.4,1.9737,0.94471,2.4101,0.89665
2021-12-12 15:00,25874851,6505713.8,1.9584,0.94462,2.3965,2.1674
2021-12-12 15:05,25812771,6479779.9,1.9853,0.94447,2.4188,0.37085
2021-12-12 15:10,25839577,6480049.1,1.9873,0.94451,2.4201,0.30545
2021-12-12 15:15,25841933,6472887.4,1.968,0.94458,2.4002,1.2003
2021-12-12 15:20,25848712,6470966.6,1.9545,0.94452,2.3873,1.1607
2021-12-12 15:25,25919960,6491654,1.9853,0.94465,2.4208,0.77087
2021-12-12 15:30,25925820,6493511,1.9747,0.94457,2.411,1.2113
2021-12-12 15:35,25925337,6458951.1,2.0118,0.94464,2.4494,0.24406
2021-12-12 15:40,25952111,6475753.7,1.9766,0.94465,2.4153,1.7206
2021-12-12 15:45,26008130,6490935.4,1.9922,0.94528,2.4319,0.44163
2021-12-12 15:50,26046832,6482020.3,1.9941,0.94594,2.427,0.65699
2021-12-12 15:55,26046489,6497636.8,1.9747,0.94621,2.411,1.547
2021-12-12 16:00,26045526,6497056.5,1.999,0.94629,2.4353,0.9255
2021-12-12 16:05,26112507,6518013.6,1.9632,0.94645,2.393,1.2143
2021-12-12 16:10,26111045,6499528.4,1.9719,0.94624,2.4016,0.3745
2021-12-12 16:15,26152174,6496200,2.0049,0.94716,2.4338,0.44305
2021-12-12 16:20,26159649,6505249.7,1.9903,0.94722,2.4174,0.63001
2021-12-12 16:25,26209270,6523530.3,1.9873,0.94706,2.4076,1.1876
2021-12-12 16:30,26211944,6547790.5,2.0049,0.94691,2.4284,0.83809
2021-12-12 16:35,26231004,6548793.6,1.9883,0.94735,2.4145,1.0829
2021-12-12 16:40,26243092,6554212.2,1.9922,0.947,2.4167,0.68333
2021-12-12 16:45,26342047,6581105.3,1.9971,0.9476,2.4224,1.2902
2021-12-12 16:50,26341251,6580918.5,1.9797,0.9476,2.4051,0.62773
2021-12-12 16:55,26337750,6575040.5,1.9787,0.94752,2.4055,0.57975
2021-12-12 17:00,26344907,6583495,1.9893,0.94751,2.4159,0.40168
2021-12-12 17:05,26441398,6656870.8,1.9494,0.94766,2.3615,1.6473
2021-12-12 17:10,26573053,6681706.5,1.9778,0.94714,2.3875,0.54617
2021-12-12 17:15,26577119,6697794.6,1.9577,0.9472,2.3671,2.5264
2021-12-12 17:20,26556467,6714373,1.9472,0.94691,2.3581,0.68465
2021-12-12 17:25,26568796,6723063,1.9369,0.94736,2.3446,0.62388
2021-12-12 17:30,26549656,6716266.5,1.923,0.94756,2.3247,0.67561
2021-12-12 17:35,26564288,6693403.6,1.9193,0.94705,2.3181,0.6903
2021-12-12 17:40,26523868,6678885,1.9174,0.94625,2.3161,0.77303
2021-12-12 17:45,26541019,6696922.8,1.9174,0.94617,2.3152,1.4989
2021-12-12 17:50,26556267,6713783.6,1.9229,0.94662,2.3206,1.2068
2021-12-12 17:55,26558744,6726032.7,1.8897,0.94657,2.2867,1.8281
2021-12-12 18:00,26493115,6711235.9,1.8996,0.94636,2.2968,1.527
2021-12-12 18:05,26565583,6738625.8,1.9052,0.94593,2.3097,1.3568
2021-12-12 18:10,26692103,6781128.8,1.9322,0.946,2.3377,0.24877
2021-12-12 18:15,26682440,6788747.8,1.9452,0.94602,2.3479,0.5546
2021-12-12 18:20,26766430,6800011.5,1.936,0.94651,2.3336,0.55789
2021-12-12 18:25,26779568,6823701.7,1.9379,0.94555,2.3336,0.75361
2021-12-12 18:30,26592398,6826795.4,1.8833,0.94387,2.2937,1.5239
2021-12-12 18:35,26567830,6798176.3,1.87,0.94293,2.2787,1.4797
2021-12-12 18:40,26596703,6802233.1,1.8853,0.94265,2.2943,0.40393
2021-12-12 18:45,26535085,6784490.5,1.8835,0.94205,2.2921,0.6744
2021-12-12 18:50,26531688,6774070.6,1.8833,0.94276,2.2835,1.1236
2021-12-12 18:55,26507201,6757480.8,1.8815,0.94275,2.2829,0.51944
2021-12-12 19:00,26467686,6754553.5,1.9136,0.94259,2.32,1.6042
2021-12-12 19:05,26464516,6769440.6,1.898,0.94217,2.3115,2.6016
2021-12-12 19:10,26416241,6746142.6,1.935,0.94246,2.3458,0.9585
2021-12-12 19:15,26417971,6742249,1.9331,0.94265,2.3429,0.89041
2021-12-12 19:20,26469029,6764043.1,1.9229,0.9438,2.329,1.958
2021-12-12 19:25,26422113,6754034.3,1.9293,0.94323,2.3382,0.75431
2021-12-12 19:30,26398683,6739319.8,1.9275,0.9425,2.3435,1.1341
2021-12-12 19:35,26398749,6733528.9,1.9268,0.94521,2.2059,0.70652
2021-12-12 19:40,26357455,6721291.2,1.9214,0.94543,2.1489,0.66656
2021-12-12 19:45,26410393,6747241.1,1.9177,0.94548,2.1568,0.72428
2021-12-12 19:50,26425285,6742940,1.9149,0.94592,2.1364,0.48635
2021-12-12 19:55,26309496,6712847.1,1.9269,0.94575,2.1439,0.17072
2021-12-12 20:00,26215890,6693839.3,1.9047,0.94536,2.1277,1.8494
2021-12-12 20:05,26163208,6711650.9,1.8994,0.94222,2.2187,1.9911
2021-12-12 20:10,26078287,6695861,1.8856,0.94051,2.2392,0.75743
2021-12-12 20:15,26071629,6690501.4,1.881,0.94033,2.2427,0.68474
2021-12-12 20:20,26005600,6668516.7,1.8944,0.94032,2.2594,0.32251
2021-12-12 20:25,25899253,6657554.8,1.8916,0.94032,2.2548,2.3743
2021-12-12 20:30,25865771,6657068.6,1.8637,0.93999,2.24,0.83742
2021-12-12 20:35,25854623,6660150.9,1.8627,0.94049,2.2481,1.4446
2021-12-12 20:40,25887073,6670414.3,1.861,0.93913,2.2641,1.7822
2021-12-12 20:45,25870202,6672802.1,1.854,0.93933,2.2586,2.0826
2021-12-12 20:50,25746982,6612854.9,1.8599,0.93717,2.2707,0.48611
2021-12-12 20:55,25759224,6634589.3,1.8637,0.93658,2.2773,2.809
2021-12-12 21:00,25740941,6626388.5,1.8786,0.9373,2.2902,1.0134
2021-12-12 21:05,25694821,6605367.6,1.887,0.93726,2.2962,0.48062
2021-12-12 21:10,25665585,6600418.5,1.8826,0.93783,2.292,0.54784
2021-12-12 21:15,25649436,6592392.1,1.88,0.93787,2.289,0.59504
2021-12-12 21:20,25627835,6595714.2,1.8623,0.93776,2.2658,0.85259
2021-12-12 21:25,25639887,6583041,1.8589,0.93752,2.262,1.0986
2021-12-12 21:30,25635430,6582922.1,1.882,0.93737,2.2837,0.85535
2021-12-12 21:35,25655711,6574532.5,1.8792,0.93706,2.2822,0.97665
2021-12-12 21:40,25610702,6557620.2,1.8863,0.93735,2.2843,0.85245
2021-12-12 21:45,25674449,6568828.3,1.873,0.93884,2.2677,1.0329
2021-12-12 21:50,25708488,6567711.7,1.8613,0.93952,2.2572,0.47014
2021-12-12 21:55,25801768,6592093.7,1.8372,0.94211,2.2236,0.6431
2021-12-12 22:00,25878825,6613074.9,1.8591,0.94258,2.2462,0.28913
2021-12-12 22:05,25879279,6615952.3,1.8487,0.94264,2.2313,1.3912
2021-12-12 22:10,25872169,6612314.3,1.8417,0.94331,2.2197,0.96367
2021-12-12 22:15,25810128,6615083.4,1.8533,0.94295,2.2276,5.3152
2021-12-12 22:20,25764221,6590665.5,1.8606,0.94252,2.2362,1.6394
2021-12-12 22:25,25763529,6576932.2,1.8578,0.94275,2.2339,1.0621
2021-12-12 22:30,25754536,6590412.4,1.8739,0.94301,2.2525,1.7991
2021-12-12 22:35,25772530,6602664.5,1.8545,0.94303,2.2297,3.9931
2021-12-12 22:40,25685903,6570197.1,1.8721,0.94212,2.25,0.68503
2021-12-12 22:45,25622852,6567597.9,1.8711,0.94181,2.2578,0.7833
2021-12-12 22:50,25616800,6568967.8,1.881,0.94202,2.2644,0.63851
2021-12-12 22:55,25632054,6556935.7,1.8765,0.94265,2.2561,1.2659
2021-12-12 23:00,25598184,6557230.8,1.8586,0.94269,2.238,3.917
2021-12-12 23:05,25544969,6536191.2,1.8658,0.94241,2.2479,0.46677
2021-12-12 23:10,25538585,6562178,1.8728,0.94167,2.2621,1.2354
2021-12-12 23:15,25498383,6527076.1,1.8844,0.94108,2.2743,1.0857
2021-12-12 23:20,25518355,6543119.6,1.8674,0.94042,2.2593,2.0219
2021-12-12 23:25,25505451,6520468.5,1.8709,0.94041,2.2651,0.53641
2021-12-12 23:30,25521749,6555942.2,1.8675,0.9408,2.2621,0.93075
2021-12-12 23:35,25525180,6541082.6,1.8737,0.93889,2.2668,0.40957
2021-12-12 23:40,25541838,6519554.1,1.8725,0.93804,2.2672,0.57785
2021-12-12 23:45,25519239,6519655.2,1.8566,0.93798,2.2479,1.795
2021-12-12 23:50,25516191,6516580,1.8646,0.93791,2.2551,0.54182
2021-12-12 23:55,25500134,6523444.3,1.8583,0.93782,2.2496,0.98989
2021-12-13 00:00,25548119,6528567.4,1.8717,0.9383,2.2606,0.47674
2021-12-13 00:05,25552919,6591660.4,1.9005,0.93811,2.2981,0.94671
2021-12-13 00:10,25572885,6587319.4,1.9132,0.94699,2.2979,1.2188
2021-12-13 00:15,25576962,6596363.2,1.9142,0.94554,2.2982,1.8268
2021-12-13 00:20,25483034,6541240,1.9005,0.94562,2.2861,0.70714
2021-12-13 00:25,25407145,6496098.8,1.9215,0.9453,2.3092,0.63095
2021-12-13 00:30,25406954,6480297.7,1.9269,0.94588,2.3034,0.62041
2021-12-13 00:35,25402455,6476355.9,1.9004,0.94603,2.2768,2.2509
2021-12-13 00:40,25369519,6447663.3,1.904,0.94647,2.2758,1.114
2021-12-13 00:45,25370349,6484184.2,1.9066,0.94699,2.276,0.8101
2021-12-13 00:50,25386563,6478965.9,1.9075,0.94687,2.2782,0.6334
2021-12-13 00:55,25317826,6425686.8,1.9314,0.94678,2.2986,0.3273
2021-12-13 01:00,25352993,6432561.4,1.9388,0.94765,2.2959,0.46069
2021-12-13 01:05,25346679,6423608.9,1.9425,0.94683,2.3024,0.54189
2021-12-13 01:10,25317502,6381657.7,1.9339,0.94667,2.2914,0.40681
2021-12-13 01:15,25311262,6344774,1.9962,0.94705,2.3421,1.0172
2021-12-13 01:20,25349173,6369724.7,1.9625,0.94726,2.3102,1.1214
2021-12-13 01:25,25312931,6357587.6,1.9552,0.94706,2.3029,2.2212
2021-12-13 01:30,25244343,6310328.4,2.026,0.94729,2.3787,1.1248
2021-12-13 01:35,25214469,6310315.7,2.0456,0.947,2.4025,0.49731
2021-12-13 01:40,25209700,6287803.4,2.0495,0.94731,2.4099,0.84692
2021-12-13 01:45,25004317,6238332.3,2.0616,0.94746,2.4244,0.33639
2021-12-13 01:50,24939006,6203950.1,2.0626,0.94728,2.4274,0.46597
2021-12-13 01:55,24908953,6180352.6,2.0787,0.94707,2.4455,1.1071
2021-12-13 02:00,24922040,6170047.6,2.0688,0.94713,2.4313,0.73432
2021-12-13 02:05,24943231,6216521.1,2.0508,0.94657,2.4245,1.3376
2021-12-13 02:10,24954470,6219652.1,2.0242,0.94635,2.3957,3.0935
2021-12-13 02:15,24784277,6165065.9,2.0608,0.94613,2.4275,0.78436
2021-12-13 02:20,24810701,6185307.8,2.0578,0.94611,2.4259,1.4533
2021-12-13 02:25,24831066,6173996.3,2.0578,0.94613,2.4255,0.80141
2021-12-13 02:30,24857813,6167969.1,2.0538,0.94613,2.4311,0.71894
2021-12-13 02:35,25046162,6185650.6,2.0617,0.94668,2.4317,0.82568
2021-12-13 02:40,25137612,6224223.3,2.0321,0.94742,2.3964,1.1248
2021-12-13 02:45,25180656,6226420.8,2.0301,0.94724,2.393,1.0791
2021-12-13 02:50,25146706,6214348.8,2.0449,0.94706,2.41,2.0828
2021-12-13 02:55,25140510,6211225,2.054,0.94706,2.42,0.95628
2021-12-13 03:00,25117759,6201863.6,2.069,0.94703,2.4354,0.8489
2021-12-13 03:05,25116703,6196039.5,2.0569,0.94661,2.4223,1.0773
2021-12-13 03:10,25089338,6197866.6,2.0679,0.94631,2.4457,1.2827
2021-12-13 03:15,25076163,6203592,2.07,0.94627,2.451,1.5711
2021-12-13 03:20,25091711,6201533.3,2.071,0.94586,2.455,1.1337
2021-12-13 03:25,25071932,6203030.4,2.0771,0.9457,2.4708,0.59803
2021-12-13 03:30,25080010,6217836.1,2.0618,0.94588,2.456,0.99249
2021-12-13 03:35,25117286,6242147.9,2.0499,0.94582,2.4431,1.4027
2021-12-13 03:40,25081649,6236552,2.0509,0.94589,2.4463,1.3993
2021-12-13 03:45,25083504,6243279.1,2.0439,0.94599,2.4365,1.3062
2021-12-13 03:50,25079500,6246801.9,2.032,0.94592,2.4229,1.3077
2021-12-13 03:55,25045258,6250225.5,2.0548,0.94618,2.4414,0.97412
2021-12-13 04:00,25019744,6230171,2.0479,0.94593,2.4318,1.228
2021-12-13 04:05,25056459,6219987.8,2.0709,0.94648,2.4539,0.75476
2021-12-13 04:10,25057376,6231518.8,2.0548,0.94642,2.4379,0.96415
2021-12-13 04:15,25001929,6233588.2,2.0608,0.94639,2.4459,0.98387
2021-12-13 04:20,24957104,6200274,2.0688,0.94617,2.4544,0.63175
2021-12-13 04:25,24939096,6217986.7,2.0739,0.94628,2.4566,1.8531
2021-12-13 04:30,24892661,6207742.3,2.0739,0.94622,2.4597,0.75765
2021-12-13 04:35,24943837,6240698.6,2.0688,0.94598,2.4651,3.0494
2021-12-13 04:40,24968745,6235195,2.0658,0.94583,2.4661,0.374
2021-12-13 04:45,25004130,6247281.9,2.0778,0.94595,2.4827,0.34917
2021-12-13 04:50,24866456,6209996,2.0648,0.94552,2.4728,0.45681
2021-12-13 04:55,24890311,6230293.7,2.0608,0.94554,2.4679,1.4059
2021-12-13 05:00,25199587,6294866.2,2.0587,0.9463,2.4657,0.34798
2021-12-13 05:05,25198463,6291999.3,2.0626,0.94629,2.472,1.3435
2021-12-13 05:10,25153217,6275645.6,2.0806,0.94596,2.4945,1.2007
2021-12-13 05:15,25091130,6249042.5,2.0856,0.94596,2.4964,1.4815
2021-12-13 05:20,25146707,6255243.4,2.0847,0.94587,2.4959,1.0857
2021-12-13 05:25,25104479,6214613.8,2.1021,0.94545,2.5165,0.55272
2021-12-13 05:30,25086107,6199780.5,2.098,0.94586,2.5073,0.78558
2021-12-13 05:35,25098897,6187790.5,2.1091,0.9453,2.5193,1.3088
2021-12-13 05:40,25093856,6187861.3,2.131,0.94489,2.5476,1.725
2021-12-13 05:45,25143273,6221558.1,2.1214,0.94551,2.5368,3.5167
2021-12-13 05:50,25116661,6264663.6,2.101,0.94536,2.5101,0.89244
2021-12-13 05:55,25246250,6282565.7,2.1163,0.94584,2.5267,0.73255
2021-12-13 06:00,25199434,6271383.1,2.1276,0.94591,2.5401,2.8469
2021-12-13 06:05,25221560,6264783.3,2.1255,0.94627,2.5424,2.3088
2021-12-13 06:10,25217325,6261966.1,2.1484,0.94654,2.5673,0.61017
2021-12-13 06:15,25260843,6255732.1,2.1323,0.94672,2.5526,1.1179
2021-12-13 06:20,25247836,6244143.6,2.1585,0.94684,2.5742,0.24772
2021-12-13 06:25,25249929,6231682.5,2.1456,0.94683,2.559,1.1454
2021-12-13 06:30,25184578,6197169.1,2.1563,0.946,2.5766,0.53231
2021-12-13 06:35,25101871,6152904.4,2.1842,0.94508,2.5964,0.57947
2021-12-13 06:40,25029070,6157731.6,2.2133,0.94465,2.6327,0.8368
2021-12-13 06:45,24999485,6149373.3,2.2451,0.94452,2.6632,0.81408
2021-12-13 06:50,25005016,6138231.3,2.2585,0.94455,2.6816,1.0295
2021-12-13 06:55,25003534,6129879.9,2.3075,0.94484,2.7237,0.47359
2021-12-13 07:00,24891950,6073881,2.3741,0.94485,2.7966,0.42328
2021-12-13 07:05,24904725,6085220.5,2.361,0.94495,2.7757,0.7754
2021-12-13 07:10,24882418,6057873.5,2.339,0.94442,2.7556,0.92189
2021-12-13 07:15,24817513,6033137.4,2.3479,0.94598,2.7578,0.72248
2021-12-13 07:20,24798678,6046659.7,2.349,0.94586,2.7647,1.2173
2021-12-13 07:25,24841687,6063359,2.3358,0.94523,2.7559,2.0921
2021-12-13 07:30,24774180,6045395.4,2.3333,0.94515,2.7541,1.9838
2021-12-13 07:35,24858783,6085355.5,2.3091,0.94562,2.7328,1.7486
2021-12-13 07:40,24845353,6046862,2.3186,0.94554,2.7427,0.60387
2021-12-13 07:45,24775525,6022275.6,2.327,0.94567,2.7588,0.68941
2021-12-13 07:50,24793051,6023536,2.3106,0.94461,2.75,1.7766
2021-12-13 07:55,24805801,6039021.9,2.3023,0.9446,2.7427,0.79636
2021-12-13 08:00,24813476,6047420.8,2.2841,0.94404,2.7286,1.2159
2021-12-13 08:05,25190694,6110349.7,2.3442,0.94565,2.7875,0.41864
2021-12-13 08:10,24900449,6051015.8,2.2993,0.94504,2.7269,1.378
2021-12-13 08:15,24938758,6110743.9,2.2775,0.9443,2.7163,1.6545
2021-12-13 08:20,24984526,6141196.5,2.295,0.94352,2.7425,0.86097
2021-12-13 08:25,24987700,6125661.4,2.2956,0.94269,2.7473,0.84677
2021-12-13 08:30,25035460,6133187,2.2523,0.94266,2.7022,1.3456
2021-12-13 08:35,25023122,6142433.5,2.2789,0.94341,2.7295,0.57118
2021-12-13 08:40,25029449,6135969.4,2.257,0.94271,2.705,1.4555
2021-12-13 08:45,24978193,6139889.6,2.2567,0.94302,2.7033,1.9883
2021-12-13 08:50,24928878,6131257.5,2.2885,0.94258,2.7341,1.4517
2021-12-13 08:55,24919009,6130076.2,2.2611,0.93931,2.7122,2.3475
2021-12-13 09:00,24905242,6113738.8,2.2551,0.93852,2.7118,0.67112
2021-12-13 09:05,24952252,6110998.6,2.2608,0.93883,2.7105,0.40316
2021-12-13 09:10,24956083,6093776.3,2.2869,0.93961,2.7335,0.63666
2021-12-13 09:15,24950296,6099883.8,2.2875,0.93971,2.7418,1.4088
2021-12-13 09:20,24940545,6080255.5,2.2523,0.9398,2.7018,0.68481
2021-12-13 09:25,24907585,6083477.6,2.2769,0.94063,2.7285,0.53863
2021-12-13 09:30,24865875,6065482.4,2.2966,0.9395,2.7471,1.0368
2021-12-13 09:35,24857464,6038066.4,2.3162,0.93935,2.7684,0.5519
2021-12-13 09:40,24908299,6062918.3,2.3468,0.93928,2.8043,1.8806
2021-12-13 09:45,24910489,6068195.1,2.3281,0.93911,2.7875,1.291
2021-12-13 09:50,24963900,6091441.2,2.3326,0.93975,2.7895,0.73382
2021-12-13 09:55,24991611,6098799.1,2.3333,0.94014,2.7907,1.5138
2021-12-13 10:00,24994066,6086465.2,2.3151,0.93944,2.7677,1.1691
2021-12-13 10:05,25159664,6139583,2.3083,0.94106,2.7618,0.64536
2021-12-13 10:10,25125725,6101377.5,2.3072,0.94122,2.7601,0.92651
2021-12-13 10:15,25212536,6126143,2.2876,0.94152,2.7421,1.3518
2021-12-13 10:20,25264557,6133436.3,2.2921,0.94156,2.7478,1.3919
2021-12-13 10:25,25290273,6129856.4,2.2972,0.94218,2.7529,0.97823
2021-12-13 10:30,25329705,6141574.5,2.3089,0.94179,2.7683,0.97306
2021-12-13 10:35,25231371,6125999.2,2.3113,0.94158,2.7681,0.52906
2021-12-13 10:40,25120831,6098584.1,2.3065,0.94115,2.7654,0.99455
2021-12-13 10:45,25081853,6090124.7,2.3309,0.94114,2.7864,0.95246
2021-12-13 10:50,25115134,6103835.5,2.3179,0.94123,2.7766,0.35097
2021-12-13 10:55,25123271,6097417.9,2.3075,0.94167,2.771,2.985
2021-12-13 11:00,25101058,6108859.8,2.3065,0.9411,2.7737,0.80883
2021-12-13 11:05,25135383,6106138.6,2.2924,0.94196,2.7594,1.224
2021-12-13 11:10,25235873,6152825.6,2.2914,0.94265,2.7611,0.83472
2021-12-13 11:15,25275227,6168503.8,2.2859,0.94103,2.7592,0.50266
2021-12-13 11:20,25288586,6185004.7,2.2694,0.94105,2.7426,1.6367
2021-12-13 11:25,25276516,6183100.9,2.2572,0.94108,2.7335,0.79925
2021-12-13 11:30,25247577,6154826,2.2642,0.94099,2.7449,1.0075
2021-12-13 11:35,25234041,6174865.2,2.2606,0.94145,2.7344,1.705
2021-12-13 11:40,25216426,6174350.6,2.2443,0.94101,2.7189,1.5529
2021-12-13 11:45,25217028,6174052.4,2.241,0.94103,2.718,1.3714
2021-12-13 11:50,25246204,6169891.8,2.2318,0.94087,2.706,1.4976
2021-12-13 11:55,25258473,6171688.9,2.2454,0.94061,2.7228,1.5737
2021-12-13 12:00,25292874,6199764.7,2.2186,0.93997,2.6913,0.84301
2021-12-13 12:05,25218697,6158658,2.2428,0.93929,2.7178,0.35481
2021-12-13 12:10,25225617,6189609.6,2.2295,0.93935,2.6951,1.6572
2021-12-13 12:15,25217816,6189641.8,2.21,0.93906,2.672,1.3642
2021-12-13 12:20,25212467,6180036.5,2.2297,0.93889,2.6903,0.42175
2021-12-13 12:25,25206271,6201872.4,2.2088,0.93915,2.6626,1.4332
2021-12-13 12:30,25191696,6188966.6,2.211,0.93904,2.6588,1.1895
2021-12-13 12:35,25157995,6148614,2.2541,0.94021,2.7048,0.53309
2021-12-13 12:40,25267658,6152375.8,2.2836,0.94011,2.7356,0.46881
2021-12-13 12:45,25273222,6159206.3,2.2765,0.93971,2.731,2.5961
2021-12-13 12:50,25382095,6161757.4,2.2609,0.93976,2.7148,1.7682
2021-12-13 12:55,25329612,6141596,2.2418,0.93922,2.7019,0.66546
2021-12-13 13:00,25456669,6188350.3,2.2143,0.93993,2.6686,0.97778
2021-12-13 13:05,25527734,6199154.9,2.2441,0.94092,2.701,1.4713
2021-12-13 13:10,25550442,6191909.4,2.2418,0.94138,2.6958,0.83892
2021-12-13 13:15,25520870,6159972.4,2.2762,0.94087,2.7306,0.81007
2021-12-13 13:20,25575582,6157155.9,2.3054,0.9415,2.7524,1.2402
2021-12-13 13:25,25389856,6125556.7,2.313,0.94185,2.7377,0.77852
2021-12-13 13:30,25286839,6101068.4,2.3242,0.94139,2.7558,1.0582
2021-12-13 13:35,25289660,6133754.1,2.3074,0.9398,2.7444,0.82136
2021-12-13 13:40,25226774,6111186,2.2928,0.93986,2.7326,1.158
2021-12-13 13:45,25177448,6125117.2,2.3091,0.93915,2.749,2.4145
2021-12-13 13:50,25243450,6123808.5,2.3042,0.93932,2.743,0.5288
2021-12-13 13:55,25266312,6145095.5,2.2835,0.93961,2.7285,0.86372
2021-12-13 14:00,25172868,6109029.1,2.3143,0.9389,2.7614,1.4368
2021-12-13 14:05,25162544,6084866.8,2.3154,0.9377,2.7634,0.63241
2021-12-13 14:10,25135300,6049564,2.3165,0.93692,2.7588,0.95505
2021-12-13 14:15,25081691,6032035.8,2.285,0.93584,2.7202,0.64367
2021-12-13 14:20,25084981,5984523.9,2.3411,0.93458,2.7747,0.68099
2021-12-13 14:25,24924616,5928291.8,2.3443,0.93595,2.7753,0.85749
2021-12-13 14:30,24985453,5960486.2,2.3383,0.93452,2.7765,1.1499
2021-12-13 14:35,25061472,5955904.7,2.305,0.93544,2.7401,1.0445
2021-12-13 14:40,25196161,5974314.9,2.3214,0.93493,2.7512,1.2811
2021-12-13 14:45,25449071,6045426.8,2.3249,0.93553,2.7583,0.64675
2021-12-13 14:50,25450144,6050049,2.3291,0.93559,2.7558,2.0624
2021-12-13 14:55,25304854,5995224.5,2.3354,0.93519,2.7626,0.90955
2021-12-13 15:00,25406770,6047521.1,2.3414,0.93911,2.7638,1.3187
2021-12-13 15:05,25384056,6014525.9,2.3599,0.93872,2.7863,1.3353
2021-12-13 15:10,25404101,6030933.6,2.3193,0.93818,2.7485,0.74722
2021-12-13 15:15,25077375,5905721.8,2.363,0.9337,2.7955,0.34465
2021-12-13 15:20,25228373,5928372.5,2.3796,0.93415,2.8059,0.94059
2021-12-13 15:25,25352244,5963269.1,2.3547,0.93478,2.7758,1.1552
2021-12-13 15:30,25456333,5993439,2.3337,0.93254,2.7581,0.84265
2021-12-13 15:35,25495669,5945521.4,2.3655,0.93285,2.7799,0.54424
2021-12-13 15:40,25581305,5971427.7,2.3782,0.93577,2.7802,0.77688
2021-12-13 15:45,25635861,5991312.5,2.4078,0.93758,2.808,1.0997
2021-12-13 15:50,25703383,5952037.8,2.4041,0.93852,2.7948,0.48758
2021-12-13 15:55,25752186,5961880.9,2.3727,0.93801,2.7566,0.94723
2021-12-13 16:00,25792097,5979276.4,2.3777,0.93849,2.7512,1.3483
2021-12-13 16:05,25878433,5994168.4,2.3525,0.93963,2.7222,0.73752
2021-12-13 16:10,25992184,6058841.5,2.4273,0.94177,2.8059,0.92901
2021-12-13 16:15,25864584,6030845.1,2.409,0.94036,2.8037,1.4104
2021-12-13 16:20,25790142,5993629,2.3827,0.93911,2.7818,1.0342
2021-12-13 16:25,25806266,5951596.7,2.3619,0.93898,2.7617,0.78431
2021-12-13 16:30,25842351,6008078.6,2.3976,0.93692,2.8134,1.217
2021-12-13 16:35,25829074,5967291,2.3947,0.93795,2.8118,0.95974
2021-12-13 16:40,25870182,6001567.4,2.4133,0.939,2.8317,1.0324
2021-12-13 16:45,25919085,6021171.9,2.4511,0.9379,2.8713,0.71053
2021-12-13 16:50,25950415,6054526.6,2.4135,0.93389,2.8314,2.6629
2021-12-13 16:55,25945745,6022604.9,2.4163,0.93356,2.8394,1.9921
2021-12-13 17:00,25978855,6044392.1,2.423,0.93325,2.8498,1.1166
2021-12-13 17:05,26028312,6056007.4,2.394,0.93333,2.824,0.69336
2021-12-13 17:10,25999754,6120629.9,2.3686,0.93121,2.8158,1.8132
2021-12-13 17:15,26070743,6118282,2.4004,0.9319,2.8562,0.9704
2021-12-13 17:20,25869409,6027396.4,2.4213,0.93158,2.8782,0.85986
2021-12-13 17:25,25781520,6026849,2.4329,0.93009,2.8974,2.1528
2021-12-13 17:30,25580997,5971173.4,2.4457,0.92825,2.9138,1.5857
2021-12-13 17:35,25546722,5976144.7,2.4452,0.92841,2.9189,1.5689
2021-12-13 17:40,25494709,5961937.7,2.4527,0.92779,2.9278,0.6163
2021-12-13 17:45,25500993,5929235.9,2.4618,0.92791,2.9347,0.99914
2021-12-13 17:50,25570092,5954418.9,2.4759,0.92766,2.9525,1.9452
2021-12-13 17:55,25508463,5946890.3,2.4612,0.92838,2.9366,0.55026
2021-12-13 18:00,25512144,5949276.9,2.4715,0.92814,2.9485,1.5744
2021-12-13 18:05,25588532,5991554.8,2.4829,0.92813,2.9615,1.0333
2021-12-13 18:10,25664401,5991354.4,2.4879,0.92815,2.9736,1.5971
2021-12-13 18:15,25750000,6010307.5,2.5017,0.92823,2.9918,1.7863
2021-12-13 18:20,25760005,5997165.6,2.5251,0.92771,3.0174,0.78443
2021-12-13 18:25,25864444,6018053.2,2.5369,0.92744,3.0298,1.5024
2021-12-13 18:30,25995691,6035939.5,2.5184,0.92677,3.0051,1.0154
2021-12-13 18:35,25948097,6016325.8,2.5039,0.92684,2.9908,0.6659
2021-12-13 18:40,25960633,6028318.6,2.5229,0.92692,3.0061,0.88563
2021-12-13 18:45,25946334,6023182,2.5139,0.92687,2.9949,1.8846
2021-12-13 18:50,25974028,6040000.5,2.4972,0.92671,2.9777,1.4316
2021-12-13 18:55,25971086,6048925.6,2.4945,0.92649,2.9757,0.91452
2021-12-13 19:00,25948354,6027741.4,2.4972,0.92614,2.9747,1.3314
2021-12-13 19:05,25904078,5975767.5,2.5089,0.92658,2.9827,0.49879
2021-12-13 19:10,25943074,6004783.9,2.4278,0.92716,2.8971,0.46572
2021-12-13 19:15,25890309,5973481.5,2.4185,0.9272,2.8897,0.81275
2021-12-13 19:20,25769159,5935410.4,2.4655,0.92716,2.9337,0.47813
2021-12-13 19:25,25744034,5903621.9,2.4978,0.92742,2.9695,0.94613
2021-12-13 19:30,25378307,5725753.6,2.5216,0.93293,2.9406,0.77735
2021-12-13 19:35,25232318,5639505.8,2.5749,0.9386,2.983,1.2326
2021-12-13 19:40,25415951,5682656.9,2.5888,0.94038,3.0054,0.55352
2021-12-13 19:45,25937289,5788590,2.5549,0.94019,2.946,0.72511
2021-12-13 19:50,26164807,5886934.8,2.5518,0.94266,2.9628,1.1485
2021-12-13 19:55,26299177,5910542.5,2.547,0.94765,2.964,0.74763
2021-12-13 20:00,26244458,5906895.8,2.5604,0.94778,2.9788,0.80295
2021-12-13 20:05,26299017,5922485.5,2.5505,0.94797,2.9652,1.144
2021-12-13 20:10,26376696,5971511.7,2.5744,0.94775,2.9958,1.0693
2021-12-13 20:15,26338531,5976212.7,2.5131,0.94813,2.9331,0.99833
2021-12-13 20:20,26317729,5910172.4,2.4803,0.94864,2.8984,0.84569
2021-12-13 20:25,26463859,5948994.8,2.4368,0.949,2.8488,1.5473
2021-12-13 20:30,26480322,5957807.6,2.4657,0.94864,2.886,1.274
2021-12-13 20:35,26406887,5919367.8,2.487,0.94894,2.9113,0.86043
2021-12-13 20:40,26295083,5867747.8,2.4983,0.94855,2.9162,1.1168
2021-12-13 20:45,26195988,5842930,2.5293,0.9488,2.9534,1.1326
2021-12-13 20:50,26185680,5863927.4,2.5264,0.94874,2.9566,1.0263
2021-12-13 20:55,26153905,5870756.6,2.5864,0.94846,3.0226,1.1332
2021-12-13 21:00,26047482,5830980.5,2.6655,0.94808,3.1044,1.0676
2021-12-13 21:05,25884673,5794031.9,2.6863,0.94724,3.1249,1.1878
2021-12-13 21:10,25767303,5724979.4,2.7065,0.94742,3.1373,0.65237
2021-12-13 21:15,25760388,5753840.3,2.7172,0.9485,3.1491,1.0537
2021-12-13 21:20,25758168,5743984.4,2.6807,0.94889,3.1123,0.65761
2021-12-13 21:25,25856872,5793490.7,2.6863,0.94897,3.1191,2.7508
2021-12-13 21:30,25861254,5800072.8,2.6217,0.94922,3.0477,0.70512
2021-12-13 21:35,25862363,5814624,2.4994,0.94892,2.9161,1.5549
2021-12-13 21:40,25861041,5800202.5,2.5023,0.94911,2.9292,0.61205
2021-12-13 21:45,25872576,5797785.6,2.5657,0.94872,2.9968,0.71919
2021-12-13 21:50,25813923,5833273.4,2.5051,0.9488,2.9355,1.2472
2021-12-13 21:55,25731439,5806872.5,2.4837,0.94742,2.918,1.2761
2021-12-13 22:00,25654404,5807781.7,2.4472,0.94538,2.8779,1.4365
2021-12-13 22:05,25494632,5748280.8,2.434,0.94265,2.8659,1.5436
2021-12-13 22:10,25373245,5796771.6,2.5051,0.94254,2.9384,1.4595
2021-12-13 22:15,25416524,5803798.2,2.5419,0.94171,2.9789,0.71857
2021-12-13 22:20,25420964,5808272.1,2.563,0.94203,2.9905,0.95548
2021-12-13 22:25,25501864,5830370.5,2.5854,0.94252,3.0128,1.4087
2021-12-13 22:30,25693996,5887480.4,2.5501,0.94297,2.981,1.29
2021-12-13 22:35,25824744,5941240.6,2.5257,0.94215,2.9644,1.758
2021-12-13 22:40,25781183,5914976.8,2.5535,0.94091,2.9958,0.72454
2021-12-13 22:45,25700625,5900724.2,2.5419,0.94029,2.9863,0.60712
2021-12-13 22:50,25722336,5929246.4,2.5148,0.93959,2.9592,0.75486
2021-12-13 22:55,25759990,5947981.7,2.5257,0.93915,2.9727,1.3565
2021-12-13 23:00,25785331,5920589.2,2.5442,0.93836,2.9979,0.58653
2021-12-13 23:05,25754873,5916056.8,2.5582,0.93821,3.0011,1.2748
2021-12-13 23:10,25721542,5897949.6,2.5706,0.93871,3.0148,0.86188
2021-12-13 23:15,25753434,5931392.4,2.5518,0.93879,3.0032,0.61283
2021-12-13 23:20,25877725,5949806.5,2.5251,0.93892,2.9738,2.0791
2021-12-13 23:25,25878460,5930307.9,2.5471,0.93887,2.9958,0.39547
2021-12-13 23:30,26026183,5924079.8,2.5612,0.94019,3.018,0.52055
2021-12-13 23:35,26171047,5931551.3,2.5884,0.94322,3.0416,1.0005
2021-12-13 23:40,26216950,5952047.5,2.5979,0.94363,3.0578,0.67762
2021-12-13 23:45,26171125,5923673.5,2.6075,0.94473,3.0621,1.0811
2021-12-13 23:50,26146739,5912449.4,2.7259,0.94496,3.1893,0.62957
2021-12-13 23:55,26097257,5900793.9,2.6667,0.94293,3.1295,1.4326
2021-12-14 00:00,25980425,5859365.3,2.7072,0.94281,3.1748,0.90681
2021-12-14 00:05,26073200,5807024.9,2.7466,0.94353,3.2178,0.57987
2021-12-14 00:10,26154448,5877170.5,2.644,0.95654,3.1717,0.9291
2021-12-14 00:15,26272632,5873164.1,2.6373,0.95689,3.1695,1.1251
2021-12-14 00:20,26271161,5869315.2,2.6503,0.9566,3.1899,0.81861
2021-12-14 00:25,26311440,5924218.8,2.5786,0.95648,3.1204,1.6562
2021-12-14 00:30,26377928,5982514.1,2.496,0.95636,3.0215,1.8994
2021-12-14 00:35,26445465,6016547.7,2.4437,0.95647,2.9713,0.93556
2021-12-14 00:40,26555714,6025299.8,2.4018,0.95664,2.9234,0.9235
2021-12-14 00:45,26727548,6099664.8,2.4361,0.95641,2.9608,1.6976
2021-12-14 00:50,26758153,6087373,2.4382,0.95613,2.9639,1.3103
2021-12-14 00:55,26839454,6095528.8,2.4448,0.95593,2.9671,1.0812
2021-12-14 01:00,26908947,6094110.7,2.4537,0.956,2.9787,0.69114
2021-12-14 01:05,26907038,6065476.3,2.4767,0.95577,3.0011,0.65857
2021-12-14 01:10,26979725,6070977.7,2.4543,0.95604,2.9787,0.95699
2021-12-14 01:15,27003399,6085207.6,2.4488,0.95587,2.9745,0.62776
2021-12-14 01:20,27060593,6106373.5,2.4572,0.95667,2.983,1.0797
2021-12-14 01:25,27697246,6183325.1,2.4994,0.95776,3.0289,0.36345
2021-12-14 01:30,28058039,6248426.8,2.4467,0.95768,2.9696,0.7166
2021-12-14 01:35,28656313,6342359.9,2.4972,0.95711,3.0191,0.63008
2021-12-14 01:40,28768111,6345504.5,2.5524,0.95868,3.0741,0.74672
2021-12-14 01:45,28831841,6364158.9,2.5495,0.95883,3.0632,1.0389
2021-12-14 01:50,28929603,6394020.9,2.5482,0.95896,3.0674,1.2463
2021-12-14 01:55,28989439,6444062.4,2.5181,0.95905,3.0362,2.042
2021-12-14 02:00,29025705,6465470.9,2.4877,0.95925,3.0127,1.0736
2021-12-14 02:05,29148119,6512142.5,2.4955,0.95905,3.019,1.7333
2021-12-14 02:10,29130438,6503976.2,2.464,0.95942,2.9822,1.8203
2021-12-14 02:15,29148383,6507540.3,2.4657,0.9595,2.9822,1.7159
2021-12-14 02:20,29198160,6463012.7,2.5017,0.95959,3.0211,0.7745
2021-12-14 02:25,29104306,6438094,2.5067,0.95904,3.0222,1.6178
2021-12-14 02:30,29130491,6423564.6,2.5073,0.95916,3.019,0.82477
2021-12-14 02:35,29165533,6449666,2.5034,0.95936,3.0053,1.0684
2021-12-14 02:40,29229363,6506331.1,2.518,0.95952,3.0222,0.82011
2021-12-14 02:45,29129092,6491942.2,2.5011,0.95983,3.0137,1.3325
2021-12-14 02:50,29131659,6445569.2,2.4894,0.95863,3.001,1.779
2021-12-14 02:55,29152407,6491366.5,2.5146,0.95888,3.0211,2.6441
2021-12-14 03:00,29104849,6498464,2.4916,0.95869,2.9979,0.55685
2021-12-14 03:05,29079263,6494271.8,2.4911,0.95874,3.0074,1.2467
2021-12-14 03:10,29066447,6495769.6,2.4989,0.95876,3.019,1.6902
2021-12-14 03:15,29103244,6483038.6,2.4916,0.95889,3.0095,2.0178
2021-12-14 03:20,29113875,6472305.6,2.49,0.95874,3.0074,1.7121
2021-12-14 03:25,29107927,6452232.5,2.4844,0.95897,3,0.81759
2021-12-14 03:30,29089769,6495163.6,2.4806,0.95874,2.9927,1.8402
2021-12-14 03:35,29012436,6449258,2.4994,0.95849,3.0126,0.54019
2021-12-14 03:40,28966401,6421772.9,2.5006,0.95852,3.0147,1.4216
2021-12-14 03:45,28983967,6411066.3,2.4844,0.9578,2.9948,1.518
2021-12-14 03:50,28969507,6443369.4,2.4872,0.95779,3.0011,1.2057
2021-12-14 03:55,28890180,6385690.7,2.495,0.95745,3.0063,0.69207
2021-12-14 04:00,28877468,6439675.4,2.5084,0.95762,3.0201,0.96919
2021-12-14 04:05,28829175,6441856.4,2.4894,0.9575,3.0063,0.74499
2021-12-14 04:10,28798555,6444325.2,2.5034,0.95763,3.0158,0.96597
2021-12-14 04:15,28743404,6429899.5,2.4844,0.95751,2.9979,1.3718
2021-12-14 04:20,28678137,6404811.7,2.5022,0.95737,3.02,1.0862
2021-12-14 04:25,28663391,6400574.5,2.4642,0.95653,2.9834,2.9248
2021-12-14 04:30,28674149,6402077.2,2.4468,0.95633,2.9648,2.1018
2021-12-14 04:35,28758352,6436119.2,2.4718,0.95633,2.9927,2.1912
2021-12-14 04:40,28804627,6420928.7,2.5006,0.95614,3.0241,0.90519
2021-12-14 04:45,28741839,6397266,2.5045,0.95564,3.0252,1.05
2021-12-14 04:50,28872648,6400743.8,2.5017,0.95566,3.0146,1.1029
2021-12-14 04:55,28955178,6401410.8,2.5078,0.95546,3.0273,0.98563
2021-12-14 05:00,29017024,6444971.2,2.5264,0.95586,3.0592,0.49706
2021-12-14 05:05,28913758,6439121.1,2.4883,0.95448,3.0178,1.2875
2021-12-14 05:10,28902112,6418295.8,2.5028,0.95395,3.0378,1.0852
2021-12-14 05:15,28810163,6380953,2.4823,0.95289,3.0115,0.87718
2021-12-14 05:20,28689821,6380329.3,2.5,0.95209,3.0314,0.86961
2021-12-14 05:25,28651616,6355091.2,2.5247,0.95208,3.057,0.50289
2021-12-14 05:30,28609757,6409157.8,2.4845,0.95245,3.0083,1.288
2021-12-14 05:35,28761006,6466194,2.4642,0.9538,2.966,1.1069
2021-12-14 05:40,28806594,6442729,2.4609,0.95327,2.9639,1.1027
2021-12-14 05:45,28845355,6459340.3,2.443,0.95305,2.9507,1.3394
2021-12-14 05:50,28786987,6405392.5,2.4386,0.95262,2.9588,0.79179
2021-12-14 05:55,28848431,6372868.5,2.451,0.95278,2.97,0.97983
2021-12-14 06:00,28957026,6381126.9,2.4867,0.95317,3.021,1.4829
2021-12-14 06:05,29058816,6460356,2.4735,0.95373,3.0073,1.1078
2021-12-14 06:10,29021768,6396183.8,2.4789,0.95331,3.0178,0.47022
2021-12-14 06:15,29184799,6434139.2,2.5095,0.95374,3.0528,0.70086
2021-12-14 06:20,29119162,6375211,2.5039,0.957,3.0127,0.45824
2021-12-14 06:25,29103820,6378393.2,2.5243,0.95764,3.034,1.4258
2021-12-14 06:30,29158268,6362625.7,2.5467,0.95779,3.0578,0.70934
2021-12-14 06:35,29178419,6392582.2,2.5101,0.9579,3.0116,0.56167
2021-12-14 06:40,29309267,6413865,2.5197,0.95861,3.0233,0.88791
2021-12-14 06:45,29194266,6381993.8,2.5185,0.9566,3.0147,1.1097
2021-12-14 06:50,29087281,6393347.1,2.5078,0.95771,3.0063,0.75242
2021-12-14 06:55,29023821,6429694.7,2.5135,0.95804,3.0148,0.80425
2021-12-14 07:00,28998977,6442436.5,2.4855,0.95816,2.9842,0.54645
2021-12-14 07:05,29010430,6476192.4,2.4755,0.95821,2.9758,1.1607
2021-12-14 07:10,29098182,6463560,2.4799,0.95841,2.9769,0.88843
2021-12-14 07:15,29097067,6469123,2.4911,0.9584,2.9916,1.6993
2021-12-14 07:20,29098812,6491654,2.4821,0.95784,2.979,0.976
2021-12-14 07:25,29082657,6467615,2.4611,0.95788,2.9551,1.1318
2021-12-14 07:30,29069669,6455435.1,2.4622,0.95812,2.9499,0.98891
2021-12-14 07:35,29090784,6502359.8,2.4606,0.95791,2.9499,1.896
2021-12-14 07:40,29043002,6490504.8,2.4486,0.95804,2.9315,1.61
2021-12-14 07:45,28974653,6486735.2,2.441,0.95745,2.9345,1.232
2021-12-14 07:50,28963136,6493535.1,2.4345,0.95742,2.9234,0.62668
2021-12-14 07:55,28977421,6511806,2.447,0.95709,2.9356,1.579
2021-12-14 08:00,28892440,6473403.8,2.433,0.95561,2.9224,1.1226
2021-12-14 08:05,28939519,6516577.4,2.4433,0.95561,2.9327,1.2235
2021-12-14 08:10,29017531,6512114.3,2.4374,0.95562,2.9246,1.0378
2021-12-14 08:15,28949239,6484629.5,2.4607,0.95623,2.9439,0.33753
2021-12-14 08:20,28979387,6480950.1,2.4476,0.95638,2.9267,1.1057
2021-12-14 08:25,28999166,6504635.3,2.4498,0.95494,2.9308,1.4993
2021-12-14 08:30,29017437,6511388.1,2.4504,0.95486,2.9339,0.96225
2021-12-14 08:35,29132143,6551909,2.4365,0.9552,2.923,4.0697
2021-12-14 08:40,29217301,6594656.3,2.4491,0.95497,2.9538,1.8245
2021-12-14 08:45,29287228,6628604.7,2.4413,0.95328,3.0276,0.92463
2021-12-14 08:50,29315858,6612055.5,2.4461,0.95228,3.0818,0.67008
2021-12-14 08:55,29327425,6627118.2,2.4569,0.95184,3.094,0.63775
2021-12-14 09:00,29425555,6664990.9,2.4852,0.95133,3.1387,0.55817
2021-12-14 09:05,29469263,6651141,2.4978,0.95112,3.1674,0.92506
2021-12-14 09:10,29464147,6639333,2.4813,0.95025,3.1505,0.76654
2021-12-14 09:15,29426001,6618342,2.4671,0.94957,3.1614,0.66794
2021-12-14 09:20,29421075,6616267.2,2.4661,0.94797,3.1757,0.67033
2021-12-14 09:25,29426573,6622156,2.4694,0.94778,3.185,1.2692
2021-12-14 09:30,29443389,6618823.8,2.4737,0.94772,3.1922,0.58429
2021-12-14 09:35,29480690,6629700.4,2.4803,0.94771,3.2037,1.6314
2021-12-14 09:40,29517733,6586291.8,2.4945,0.94842,3.2157,0.52767
2021-12-14 09:45,29524072,6583325.7,2.4684,0.94731,3.1933,1.2729
2021-12-14 09:50,29496757,6583777.3,2.4902,0.94714,3.2271,0.76079
2021-12-14 09:55,29481809,6561160.4,2.5016,0.94685,3.2425,0.90791
2021-12-14 10:00,29418289,6539979.8,2.4895,0.94642,3.2306,0.80027
2021-12-14 10:05,29378443,6544635.7,2.5232,0.94564,3.2775,0.90342
2021-12-14 10:10,29441292,6554633.2,2.5077,0.94466,3.2593,1.3873
2021-12-14 10:15,29510016,6597985.7,2.5143,0.94505,3.2736,0.76699
2021-12-14 10:20,29527527,6599107,2.5266,0.94552,3.2853,0.98864
2021-12-14 10:25,29538423,6616606.8,2.5283,0.94469,3.3018,1.3293
2021-12-14 10:30,29498485,6601466,2.5171,0.94407,3.2834,2.7489
2021-12-14 10:35,29456935,6655605.1,2.5072,0.94393,3.2918,1.2356
2021-12-14 10:40,29408152,6610141.5,2.5408,0.94432,3.3239,0.5194
2021-12-14 10:45,29475986,6607636.2,2.5323,0.94398,3.3128,0.61408
2021-12-14 10:50,29431920,6641898.4,2.5116,0.94425,3.2866,2.4887
2021-12-14 10:55,29384258,6635347.5,2.5039,0.94485,3.2702,0.70004
2021-12-14 11:00,29316889,6643223.5,2.5166,0.94484,3.2642,1.8414
2021-12-14 11:05,29236156,6616345.3,2.5216,0.94444,3.2658,1.1456
2021-12-14 11:10,29182479,6586777.3,2.5017,0.94474,3.2381,0.8247
2021-12-14 11:15,29107872,6584200.6,2.4896,0.94387,3.2195,1.1137
2021-12-14 11:20,28908202,6623158.2,2.3393,0.94361,2.9754,1.2236
2021-12-14 11:25,28913981,6591161.4,2.3916,0.94308,3.0453,0.74182
2021-12-14 11:30,29110548,6640407.1,2.3771,0.94248,3.0322,3.4007
2021-12-14 11:35,29130479,6602441.7,2.3882,0.9426,3.0303,0.49259
2021-12-14 11:40,29028492,6571470,2.3912,0.94183,3.0242,1.1075
2021-12-14 11:45,28812085,6551433.6,2.3918,0.9417,3.0221,2.2819
2021-12-14 11:50,28668925,6494096.6,2.3996,0.94168,3.0192,1.5733
2021-12-14 11:55,28357223,6494532,2.3688,0.94122,2.9768,1.2487
2021-12-14 12:00,28202146,6457714.4,2.3732,0.94051,2.9798,1.2136
2021-12-14 12:05,28080936,6475463.8,2.3076,0.93891,2.9058,1.1736
2021-12-14 12:10,28007475,6447521.8,2.316,0.93931,2.9153,0.67487
2021-12-14 12:15,27931743,6426871.4,2.2932,0.93955,2.8899,0.48712
2021-12-14 12:20,28073533,6469545.7,2.2928,0.93977,2.8887,1.1594
2021-12-14 12:25,28208036,6517496.3,2.2744,0.9398,2.8762,2.0854
2021-12-14 12:30,28150169,6485798.9,2.2534,0.93881,2.8591,1.3685
2021-12-14 12:35,28178202,6471804,2.2711,0.93883,2.8812,0.57522
2021-12-14 12:40,28203576,6481551.8,2.2828,0.93861,2.8954,1.0259
2021-12-14 12:45,28224186,6522044.9,2.277,0.93874,2.8847,1.4839
2021-12-14 12:50,28175622,6502637.4,2.25,0.93662,2.8566,1.6095
2021-12-14 12:55,28224391,6508544.6,2.2688,0.93685,2.8659,1.0189
2021-12-14 13:00,28205236,6485183.4,2.2781,0.9369,2.8794,1.1612
2021-12-14 13:05,28173310,6504241.6,2.3089,0.93756,2.9014,1.3171
2021-12-14 13:10,28110085,6497083.9,2.2734,0.93772,2.8552,0.79822
2021-12-14 13:15,28166008,6513399.8,2.2734,0.93806,2.8522,1.4628
2021-12-14 13:20,28168659,6490503.3,2.2928,0.93793,2.8618,0.60327
2021-12-14 13:25,28046349,6435234.8,2.3036,0.9372,2.877,0.80478
2021-12-14 13:30,28018495,6435568.1,2.2942,0.9371,2.8542,1.0881
2021-12-14 13:35,27857749,6351180.1,2.2898,0.93825,2.85,0.53045
2021-12-14 13:40,27858757,6318642.4,2.3194,0.9378,2.8793,0.55448
2021-12-14 13:45,27883155,6311608.9,2.3362,0.93768,2.9067,0.56796
2021-12-14 13:50,28142771,6427246,2.2766,0.93895,2.8395,3.4335
2021-12-14 13:55,28116248,6436265.5,2.2889,0.94021,2.8463,1.1513
2021-12-14 14:00,28113764,6422308.2,2.2903,0.93992,2.8398,1.1534
2021-12-14 14:05,28110748,6439141,2.2768,0.94027,2.8267,0.582
2021-12-14 14:10,28105811,6412059.7,2.2722,0.93987,2.8249,0.96793
2021-12-14 14:15,28142322,6394217,2.2984,0.93978,2.8446,0.96994
2021-12-14 14:20,27915302,6307741.6,2.3348,0.9417,2.8809,0.32052
2021-12-14 14:25,28125007,6354500,2.2755,0.94198,2.8089,1.9748
2021-12-14 14:30,28138267,6374443,2.2882,0.94114,2.8327,0.93506
2021-12-14 14:35,28130247,6417410.1,2.2952,0.941,2.842,1.7914
2021-12-14 14:40,28129970,6427218.2,2.279,0.94095,2.8303,0.83988
2021-12-14 14:45,28145020,6441889.6,2.2825,0.94155,2.8255,0.95764
2021-12-14 14:50,28101884,6425352.2,2.2511,0.94125,2.7986,0.77952
2021-12-14 14:55,28090130,6438698.2,2.2743,0.9411,2.8214,1.1466
2021-12-14 15:00,28062754,6460204.8,2.2599,0.94081,2.8068,0.83937
2021-12-14 15:05,28013168,6417536.7,2.2508,0.94073,2.7917,0.67552
2021-12-14 15:10,27950122,6440944.9,2.2765,0.94091,2.821,0.63898
2021-12-14 15:15,27941107,6383221.6,2.2722,0.94095,2.8104,0.856
2021-12-14 15:20,27900444,6389996.8,2.2645,0.94077,2.8076,1.1061
2021-12-14 15:25,27882161,6439143.3,2.2505,0.94048,2.7879,1.3326
2021-12-14 15:30,27828543,6445090.6,2.2233,0.93946,2.7522,1.0738
2021-12-14 15:35,27877632,6436392.7,2.2479,0.9394,2.7832,0.60124
2021-12-14 15:40,27884204,6438619.7,2.2399,0.93927,2.771,0.84953
2021-12-14 15:45,27992775,6452423.1,2.2135,0.93905,2.7387,0.61069
2021-12-14 15:50,27918495,6366254.4,2.2228,0.94024,2.7426,0.94702
2021-12-14 15:55,27871060,6334147.9,2.2503,0.94037,2.7621,0.95082
2021-12-14 16:00,27706959,6290865,2.2377,0.94211,2.7614,0.96405
2021-12-14 16:05,27798022,6316666,2.215,0.94162,2.7244,1.4369
2021-12-14 16:10,27866812,6383959.8,2.2197,0.94422,2.7335,1.7911
2021-12-14 16:15,27829651,6353047.6,2.2242,0.94389,2.7436,0.37721
2021-12-14 16:20,27810523,6311070.6,2.2311,0.94339,2.753,0.91202
2021-12-14 16:25,27781200,6287049.5,2.2409,0.94341,2.7655,0.9112
2021-12-14 16:30,27824364,6376718.7,2.2489,0.94298,2.7846,1.9343
2021-12-14 16:35,27797366,6361983.2,2.243,0.94309,2.776,0.64598
2021-12-14 16:40,27831768,6422737.1,2.2259,0.94339,2.7453,1.5009
2021-12-14 16:45,27894810,6409240.4,2.2607,0.94307,2.7854,0.59177
2021-12-14 16:50,27918891,6441814.2,2.2465,0.94268,2.7688,0.44928
2021-12-14 16:55,27895639,6421495.2,2.2481,0.94261,2.7557,1.2279
2021-12-14 17:00,27989489,6416310.5,2.274,0.9427,2.7908,1.3489
2021-12-14 17:05,27987126,6405620.9,2.2797,0.94244,2.7936,0.77632
2021-12-14 17:10,27859443,6425780.5,2.254,0.94224,2.7659,1.1138
2021-12-14 17:15,27757584,6393028.2,2.2345,0.94435,2.7399,1.064
2021-12-14 17:20,27830613,6429096.8,2.2846,0.94423,2.7994,0.71578
2021-12-14 17:25,27749418,6424267.8,2.2737,0.94402,2.7862,0.88248
2021-12-14 17:30,27709715,6413452.3,2.2762,0.9434,2.792,0.86586
2021-12-14 17:35,27484192,6331258.5,2.2808,0.94042,2.7976,0.54139
2021-12-14 17:40,27500675,6307470.7,2.2605,0.94049,2.7741,1.056
2021-12-14 17:45,27486115,6299398.9,2.2629,0.94034,2.7807,0.43463
2021-12-14 17:50,27473934,6283020.8,2.2822,0.94038,2.8002,1.0327
2021-12-14 17:55,27388685,6262970.6,2.3187,0.94025,2.8432,0.52865
2021-12-14 18:00,27246964,6184515.9,2.3308,0.94034,2.8555,0.51205
2021-12-14 18:05,27044923,6165160.6,2.3143,0.93876,2.8352,1.4527
2021-12-14 18:10,27295788,6230702.3,2.3003,0.93939,2.8239,0.46215
2021-12-14 18:15,27243166,6190964.5,2.309,0.94015,2.8259,0.54521
2021-12-14 18:20,27250328,6177376.9,2.3227,0.94099,2.8394,1.4534
2021-12-14 18:25,27244822,6132537,2.3355,0.94066,2.8541,0.96129
2021-12-14 18:30,27205297,6161727.7,2.3071,0.939,2.83,1.532
2021-12-14 18:35,27137401,6064276.7,2.3352,0.93909,2.8544,0.56905
2021-12-14 18:40,27063601,6047361.6,2.3437,0.93957,2.8656,0.9522
2021-12-14 18:45,27047179,6024759.1,2.3894,0.93947,2.9111,0.82719
2021-12-14 18:50,27066978,6073030.6,2.3067,0.9384,2.8287,1.2902
2021-12-14 18:55,27008956,6071613.3,2.3709,0.93809,2.8973,0.35541
2021-12-14 19:00,27037350,6090703.8,2.4537,0.93897,2.9778,0.75345
2021-12-14 19:05,27036194,6105566.9,2.4787,0.9401,3.0032,0.85341
2021-12-14 19:10,27018627,6097436.8,2.4684,0.94022,2.9968,0.7154
2021-12-14 19:15,27012128,6105724.4,2.5234,0.94075,3.0518,1.3784
2021-12-14 19:20,27009792,6126901.2,2.4983,0.94099,3.0279,1.2619
2021-12-14 19:25,26914015,6109761,2.4913,0.94078,3.0161,1.0908
2021-12-14 19:30,26826527,6124227.8,2.4576,0.94052,2.9799,0.78941
2021-12-14 19:35,26740339,6113339.7,2.4729,0.94004,3.0053,0.72965
2021-12-14 19:40,26749441,6088172.8,2.4832,0.93952,3.0107,0.92498
2021-12-14 19:45,26790124,6110291.5,2.5017,0.93776,3.0312,0.90738
2021-12-14 19:50,26809401,6093776.8,2.5041,0.93749,3.0323,0.43884
2021-12-14 19:55,26846128,6116084.9,2.4677,0.93622,2.9904,1.3833
2021-12-14 20:00,26884128,6149665.5,2.4913,0.9362,3.0172,0.75732
2021-12-14 20:05,27013788,6219425.5,2.4182,0.93566,2.9433,0.69011
2021-12-14 20:10,27122550,6240853.5,2.449,0.93621,2.9641,0.58497
2021-12-14 20:15,27209229,6242963.9,2.4216,0.93488,2.9361,2.5132
2021-12-14 20:20,27158722,6262302.7,2.4177,0.93507,2.9341,0.67968
2021-12-14 20:25,27131172,6245053.2,2.4188,0.9346,2.9383,0.85977
2021-12-14 20:30,27102859,6236367.9,2.4255,0.93451,2.9465,1.7705
2021-12-14 20:35,27056169,6240832.8,2.4356,0.93445,2.9591,1.2251
2021-12-14 20:40,26977776,6284541.7,2.3631,0.93466,2.8925,1.5773
2021-12-14 20:45,26983672,6281992.9,2.3638,0.93551,2.8918,0.53895
2021-12-14 20:50,27030315,6242246.1,2.3744,0.93508,2.8976,1.1343
2021-12-14 20:55,27089363,6238951.2,2.4129,0.93503,2.9242,0.75228
2021-12-14 21:00,27143657,6287923.7,2.398,0.93465,2.912,2.764
2021-12-14 21:05,27107063,6250018.3,2.3385,0.93512,2.8451,0.99666
2021-12-14 21:10,27526907,6391693.9,2.2825,0.93453,2.771,1.8826
2021-12-14 21:15,27484606,6386331.6,2.2495,0.93611,2.7599,1.2634
2021-12-14 21:20,27427560,6373349.2,2.2627,0.93555,2.7757,0.70453
2021-12-14 21:25,27419588,6379989.7,2.2681,0.93598,2.7781,0.66388
2021-12-14 21:30,27371539,6369422.3,2.2404,0.93544,2.7552,0.788
2021-12-14 21:35,27435697,6383371.7,2.2415,0.93568,2.7525,0.75429
2021-12-14 21:40,27358245,6401324.8,2.2654,0.93521,2.7926,1.015
2021-12-14 21:45,27432305,6411538.4,2.2511,0.93432,2.7904,1.3529
2021-12-14 21:50,27442932,6417529.6,2.2643,0.93477,2.7936,1.049
2021-12-14 21:55,27445864,6394863,2.2692,0.93511,2.7954,0.68027
2021-12-14 22:00,27595216,6413335.7,2.2649,0.93506,2.7912,0.48708
2021-12-14 22:05,27535403,6378422.7,2.263,0.93499,2.7826,0.77787
2021-12-14 22:10,27527616,6408446.9,2.2722,0.93468,2.795,1.1179
2021-12-14 22:15,27522248,6384060.6,2.2783,0.93486,2.796,0.66581
2021-12-14 22:20,27531815,6402644.2,2.2662,0.93445,2.7762,1.0489
2021-12-14 22:25,27552395,6399281,2.2276,0.93479,2.7281,1.5031
2021-12-14 22:30,27468097,6370950.4,2.2188,0.93354,2.7185,3.0469
2021-12-14 22:35,27352456,6309211.6,2.2238,0.93399,2.7339,0.55676
2021-12-14 22:40,27330001,6355318.4,2.1408,0.93643,2.635,2.0477
2021-12-14 22:45,27406649,6391778.7,2.1744,0.93617,2.6735,0.97777
2021-12-14 22:50,27387761,6367811.4,2.1921,0.93618,2.6926,1.6937
2021-12-14 22:55,27312125,6368612.9,2.1831,0.93562,2.6847,1.0074
2021-12-14 23:00,27252172,6345123.2,2.1841,0.93493,2.6883,1.6016
2021-12-14 23:05,27174679,6346102.8,2.1623,0.93321,2.666,0.63497
2021-12-14 23:10,27204516,6377213.3,2.1623,0.9325,2.6696,1.1613
2021-12-14 23:15,27247498,6386908.4,2.1621,0.93288,2.6601,1.2867
2021-12-14 23:20,27213171,6350465.6,2.2126,0.93225,2.7177,0.84206
2021-12-14 23:25,27109952,6328129.7,2.2397,0.9322,2.7442,0.60113
2021-12-14 23:30,27140654,6312916.1,2.3076,0.93227,2.8209,0.70655
2021-12-14 23:35,27137526,6313545.4,2.2773,0.93233,2.7822,0.85546
2021-12-14 23:40,27111881,6294505.5,2.316,0.93239,2.8258,0.56661
2021-12-14 23:45,27102853,6312254.5,2.2953,0.93221,2.8006,1.0335
2021-12-14 23:50,27111459,6318867.7,2.2801,0.93184,2.786,2.029
2021-12-14 23:55,27181956,6351469.6,2.2989,0.93131,2.8037,1.052
2021-12-15 00:00,27173649,6332547.2,2.316,0.93028,2.8279,0.42988
2021-12-15 00:05,27114975,6303796.2,2.3463,0.93012,2.8529,0.65023
2021-12-15 00:10,27044608,6313563.7,2.3931,0.94055,2.8441,0.49435
2021-12-15 00:15,27002164,6305706.3,2.3747,0.93852,2.8313,1.0033
2021-12-15 00:20,26905495,6264137.3,2.3666,0.93794,2.8282,2.9813
2021-12-15 00:25,26784974,6281741.7,2.3782,0.93757,2.8321,1.4469
2021-12-15 00:30,26724408,6280503.1,2.3613,0.93507,2.8149,0.70644
2021-12-15 00:35,26776338,6294581.5,2.3513,0.93443,2.8091,0.95225
2021-12-15 00:40,26784921,6277849.8,2.3458,0.93434,2.802,1.3993
2021-12-15 00:45,26686319,6228160.1,2.3517,0.93404,2.81,0.71193
2021-12-15 00:50,26680337,6247247.9,2.3105,0.93335,2.7678,1.3563
2021-12-15 00:55,26673571,6253885.5,2.313,0.93324,2.7681,1.2005
2021-12-15 01:00,26595369,6230763,2.3289,0.93265,2.7909,1.0997
2021-12-15 01:05,26611763,6218345.9,2.37,0.93206,2.8333,0.87007
2021-12-15 01:10,26665379,6224499.4,2.3466,0.93149,2.8089,0.85093
2021-12-15 01:15,26649230,6200099.8,2.3749,0.93242,2.8313,1.2506
2021-12-15 01:20,26629286,6208884.3,2.3388,0.93195,2.7955,0.8476
2021-12-15 01:25,26657898,6207569.3,2.3429,0.93192,2.7974,0.51853
2021-12-15 01:30,26658440,6229810.8,2.337,0.93224,2.7897,0.67622
2021-12-15 01:35,26626040,6218004.4,2.3118,0.93217,2.7573,1.4878
2021-12-15 01:40,26550686,6202174.7,2.3085,0.93194,2.7533,2.5463
2021-12-15 01:45,26552931,6190815.9,2.3289,0.93156,2.7792,1.2454
2021-12-15 01:50,26562554,6194908.5,2.3205,0.92996,2.7754,0.74685
2021-12-15 01:55,26554016,6193711.2,2.3122,0.9299,2.7648,1.8242
2021-12-15 02:00,26563846,6195162,2.3147,0.92854,2.7628,1.1425
2021-12-15 02:05,26508586,6172544.7,2.3187,0.93013,2.7653,0.86708
2021-12-15 02:10,26481696,6154773.6,2.3126,0.93025,2.7661,0.70774
2021-12-15 02:15,26499430,6146012.8,2.3271,0.93055,2.7726,0.83071
2021-12-15 02:20,26470985,6142350.7,2.3007,0.93076,2.749,0.5302
2021-12-15 02:25,26474266,6145471.4,2.3148,0.93053,2.7661,0.74426
2021-12-15 02:30,26510604,6166366.5,2.2992,0.93099,2.7493,0.32049
2021-12-15 02:35,26478747,6172400.6,2.3268,0.93096,2.7739,1.2482
2021-12-15 02:40,26467594,6163904.3,2.3242,0.93053,2.7767,0.58967
2021-12-15 02:45,26468951,6167000.9,2.3111,0.93055,2.7608,1.6086
2021-12-15 02:50,26512933,6190882.5,2.3304,0.93107,2.7703,1.5058
2021-12-15 02:55,26598614,6222634.6,2.3155,0.93016,2.7527,1.6339
2021-12-15 03:00,26623697,6236734.4,2.3224,0.92944,2.7649,0.73069
2021-12-15 03:05,26648120,6232427.1,2.2984,0.92943,2.7274,0.63373
2021-12-15 03:10,26636435,6228824,2.2871,0.92897,2.7176,0.58502
2021-12-15 03:15,26599733,6223699.9,2.2879,0.92892,2.7199,1.3083
2021-12-15 03:20,26662086,6251992.5,2.2606,0.92912,2.6896,1.0315
2021-12-15 03:25,26703541,6258984.5,2.2652,0.92841,2.6942,0.79078
2021-12-15 03:30,26955776,6329122.1,2.2199,0.92913,2.6466,2.2201
2021-12-15 03:35,26938751,6319356.3,2.258,0.92873,2.6818,0.40611
2021-12-15 03:40,26958538,6328522.5,2.2373,0.92923,2.6555,0.6211
2021-12-15 03:45,26955393,6333338.3,2.2201,0.92895,2.641,0.72254
2021-12-15 03:50,26966197,6346764.1,2.1975,0.92801,2.621,2.0062
2021-12-15 03:55,27045362,6394605.4,2.181,0.928,2.6163,0.7961
2021-12-15 04:00,27143417,6416429.6,2.1703,0.92578,2.6168,1.2915
2021-12-15 04:05,27423307,6429394.3,2.2101,0.92632,2.682,0.53131
2021-12-15 04:10,27424634,6425317.5,2.2125,0.92679,2.6774,0.56147
2021-12-15 04:15,27378142,6437696.3,2.155,0.9262,2.6171,0.99254
2021-12-15 04:20,27311969,6424289.7,2.1409,0.92612,2.6017,1.1067
2021-12-15 04:25,27678560,6523020.4,2.1759,0.92823,2.6285,0.38169
2021-12-15 04:30,27628389,6533107.5,2.1714,0.92801,2.6336,1.311
2021-12-15 04:35,27625367,6523177.9,2.1736,0.92824,2.6304,1.8783
2021-12-15 04:40,27624852,6525266.3,2.1289,0.92745,2.5763,3.2704
2021-12-15 04:45,27566770,6500636.9,2.1695,0.92706,2.6158,0.73738
2021-12-15 04:50,27548425,6481042.5,2.1604,0.92719,2.6038,1.114
2021-12-15 04:55,27545822,6484928,2.1838,0.92713,2.6256,0.47649
2021-12-15 05:00,27501535,6479927.9,2.1649,0.92737,2.5964,0.78808
2021-12-15 05:05,27420008,6444691.2,2.1516,0.92704,2.5846,2.4104
2021-12-15 05:10,27467126,6457246.7,2.1406,0.92687,2.5705,1.5189
2021-12-15 05:15,27492902,6460099,2.1202,0.92729,2.5534,0.68169
2021-12-15 05:20,27505729,6490611.3,2.1463,0.92695,2.5783,0.9097
2021-12-15 05:25,27573820,6504274,2.1449,0.92697,2.5801,1.4133
2021-12-15 05:30,27613599,6529641.1,2.1404,0.92641,2.5646,2.3889
2021-12-15 05:35,27645524,6549791.9,2.1316,0.92608,2.5602,1.0106
2021-12-15 05:40,27735281,6555788.4,2.1196,0.92634,2.5481,0.67949
2021-12-15 05:45,27723194,6556447.5,2.1163,0.92605,2.5433,0.74517
2021-12-15 05:50,27735719,6562890.5,2.1134,0.92481,2.5353,1.2377
2021-12-15 05:55,27919827,6620430.3,2.1004,0.92475,2.5193,1.4209
2021-12-15 06:00,28015810,6629389,2.1118,0.92459,2.5355,1.3516
2021-12-15 06:05,28032185,6658484.9,2.1286,0.92515,2.5518,0.85985
2021-12-15 06:10,28037132,6649286.2,2.1364,0.92487,2.556,0.88011
2021-12-15 06:15,28237999,6718023.8,2.1062,0.9254,2.5265,0.93224
2021-12-15 06:20,28112891,6707173.5,2.0256,0.92363,2.433,1.4713
2021-12-15 06:25,28326004,6771048,2.0108,0.92104,2.3986,0.86738
2021-12-15 06:30,28403666,6780565.5,2.0426,0.92128,2.4387,1.5622
2021-12-15 06:35,28433234,6776208.3,2.0215,0.92483,2.4192,1.0985
2021-12-15 06:40,28352985,6746609.8,2.0616,0.92537,2.4495,0.53343
2021-12-15 06:45,28434516,6783338.1,2.0117,0.92069,2.3912,1.1996
2021-12-15 06:50,28443444,6808791.6,1.9618,0.91915,2.3342,1.8183
2021-12-15 06:55,28406201,6804137.3,1.9313,0.9195,2.2727,1.7461
2021-12-15 07:00,28444683,6797439,1.9657,0.92224,2.292,0.70381
2021-12-15 07:05,28141939,6761790,1.8562,0.92541,2.1899,1.896
2021-12-15 07:10,28320847,6822528.3,1.879,0.92962,2.2181,1.2055
2021-12-15 07:15,28365896,6846538.5,1.841,0.93142,2.1698,1.9341
2021-12-15 07:20,28456669,6902121,1.7964,0.92897,2.1051,1.1245
2021-12-15 07:25,28401891,6863885,1.8164,0.92695,2.1451,0.61261
2021-12-15 07:30,28438314,6853633.7,1.847,0.9282,2.1573,0.48475
2021-12-15 07:35,28458109,6895951.6,1.8259,0.93101,2.1336,0.98043
2021-12-15 07:40,28441852,6882053.3,1.8018,0.93043,2.1055,0.78261
2021-12-15 07:45,28599262,6905005.8,1.7944,0.92989,2.0959,0.74873
2021-12-15 07:50,28729910,6948658.6,1.7867,0.92726,2.0943,0.48769
2021-12-15 07:55,28675818,6933014.7,1.8098,0.93125,2.1174,0.57759
2021-12-15 08:00,28784394,6960998.5,1.8018,0.93131,2.1118,2.2225
2021-12-15 08:05,28972755,7053495.4,1.791,0.93084,2.1096,1.2244
2021-12-15 08:10,29088077,7092913.5,1.7777,0.93252,2.0817,0.85083
2021-12-15 08:15,29128699,7088760.2,1.7663,0.93235,2.0556,0.83349
2021-12-15 08:20,29271690,7140536.1,1.7446,0.93384,2.0199,0.54269
2021-12-15 08:25,29381427,7172789.1,1.7388,0.93318,2.0073,1.3248
2021-12-15 08:30,29440053,7170124.9,1.7572,0.93256,2.0293,0.51992
2021-12-15 08:35,29632838,7228930.8,1.7395,0.9323,2.0174,1.0758
2021-12-15 08:40,29676752,7240886.5,1.7425,0.93263,2.0253,1.0804
2021-12-15 08:45,29999009,7298458.9,1.7541,0.93217,2.0378,1.2102
2021-12-15 08:50,30079289,7305356.9,1.7637,0.93184,2.0436,0.78097
2021-12-15 08:55,30025964,7277693.2,1.7676,0.93154,2.0451,0.53003
2021-12-15 09:00,30231586,7346577.7,1.7576,0.93295,2.026,0.9693
2021-12-15 09:05,30312845,7360297.1,1.7309,0.93357,1.9851,0.58583
2021-12-15 09:10,30325372,7358148.3,1.7365,0.93427,1.9829,0.82029
2021-12-15 09:15,30260399,7313938.4,1.7691,0.93586,1.9943,0.83535
2021-12-15 09:20,30240103,7314173.7,1.7888,0.93588,2.0042,1.3763
2021-12-15 09:25,30250710,7326419.5,1.7715,0.93375,1.9909,0.86548
2021-12-15 09:30,30134247,7282242.1,1.8193,0.93419,2.0184,0.55894
2021-12-15 09:35,29977037,7254538.9,1.816,0.93457,2.0191,1.1397
2021-12-15 09:40,29951323,7248196.8,1.8265,0.93433,2.0392,0.97916
2021-12-15 09:45,29925348,7255699.9,1.8214,0.93246,2.045,1.0714
2021-12-15 09:50,29975946,7278417.2,1.8243,0.93361,2.0618,1.1221
2021-12-15 09:55,30094251,7323834.1,1.8199,0.93249,2.0608,0.77616
2021-12-15 10:00,30321119,7371180.2,1.8361,0.92879,2.0928,1.065
2021-12-15 10:05,30376286,7378221.3,1.8277,0.92893,2.0815,1.5573
2021-12-15 10:10,30650432,7472990.6,1.8058,0.9291,2.053,1.1757
2021-12-15 10:15,30738349,7478025.5,1.8045,0.92851,2.0472,0.49483
2021-12-15 10:20,30752909,7450507.3,1.8291,0.93284,2.0561,0.38629
2021-12-15 10:25,30741101,7498074.9,1.804,0.93403,2.0168,1.601
2021-12-15 10:30,30826695,7503217.6,1.8107,0.93438,2.016,1.4569
2021-12-15 10:35,30840319,7487834.9,1.8205,0.9352,1.9986,0.5954
2021-12-15 10:40,30987324,7509282.8,1.8162,0.93523,1.9761,0.60101
2021-12-15 10:45,31080004,7524801.2,1.789,0.93646,1.9066,1.0684
2021-12-15 10:50,31237022,7568105.7,1.7634,0.93795,1.8718,0.85653
2021-12-15 10:55,31435532,7620633.7,1.7554,0.93716,1.8662,0.71166
2021-12-15 11:00,31555270,7634166.5,1.7515,0.93689,1.8592,0.60917
2021-12-15 11:05,31483483,7593816.1,1.7951,0.93884,1.8704,0.38044
2021-12-15 11:10,31543807,7632655,1.7912,0.93968,1.8536,0.79583
2021-12-15 11:15,31533456,7643604.7,1.7642,0.93897,1.8223,1.2378
2021-12-15 11:20,31581488,7628593.7,1.7825,0.93745,1.8547,1.8394
2021-12-15 11:25,31600296,7609983.3,1.7951,0.93723,1.862,1.2283
2021-12-15 11:30,31523680,7579553.6,1.8121,0.93562,1.8686,0.71845
2021-12-15 11:35,31503573,7567788.3,1.8247,0.93595,1.8766,0.73436
2021-12-15 11:40,31435808,7550881.1,1.8064,0.93697,1.8692,1.3781
2021-12-15 11:45,31389196,7580490.8,1.8258,0.93535,1.9,1.5484
2021-12-15 11:50,31231802,7529323.8,1.8303,0.93456,1.9087,1.1963
2021-12-15 11:55,31185610,7505440.8,1.8287,0.9355,1.9009,1.0273
2021-12-15 12:00,31221631,7509849.4,1.85,0.93524,1.9113,0.62666
2021-12-15 12:05,31346232,7563962.4,1.8489,0.93487,1.9088,1.0932
2021-12-15 12:10,31428523,7575216.9,1.8097,0.93337,1.876,0.60684
2021-12-15 12:15,31567550,7633033.6,1.8161,0.93326,1.8803,0.6624
2021-12-15 12:20,31637848,7655726.5,1.8172,0.93352,1.8882,0.68014
2021-12-15 12:25,31685505,7649514.6,1.8143,0.93336,1.887,0.65742
2021-12-15 12:30,31669727,7651980.8,1.8426,0.93346,1.904,0.59861
2021-12-15 12:35,31701622,7611559.4,1.8303,0.93465,1.9013,0.42843
2021-12-15 12:40,31346901,7457867.9,1.8952,0.93351,1.9496,0.93751
2021-12-15 12:45,31303578,7459016.6,1.9158,0.9336,1.9915,0.89356
2021-12-15 12:50,31319513,7416618.5,1.9245,0.93438,2.0043,0.58252
2021-12-15 12:55,31120970,7343594.4,1.9773,0.9349,2.0604,0.69849
2021-12-15 13:00,31017775,7314921.9,1.9819,0.93423,2.0888,1.6662
2021-12-15 13:05,31000066,7350743.4,1.9771,0.93218,2.0859,1.2479
2021-12-15 13:10,31086870,7397120.7,1.98,0.93243,2.0928,1.0195
2021-12-15 13:15,31113513,7449594.6,1.9797,0.93209,2.1076,1.0688
2021-12-15 13:20,31308271,7493375.7,1.9299,0.93219,2.0721,1.2172
2021-12-15 13:25,31279826,7456658.5,1.9532,0.93387,2.0805,0.51693
2021-12-15 13:30,31267094,7494876,1.9236,0.93332,2.0527,1.6744
2021-12-15 13:35,31195239,7489036,1.9163,0.93344,2.0429,1.2114
2021-12-15 13:40,31385741,7576204,1.946,0.93407,2.0562,1.0444
2021-12-15 13:45,31585924,7615998,1.9305,0.93397,2.0529,1.1437
2021-12-15 13:50,31834282,7673017,1.9096,0.93487,2.035,0.74333
2021-12-15 13:55,31900495,7673983.1,1.936,0.9331,2.0625,0.81325
2021-12-15 14:00,31954266,7679888.3,1.8907,0.93248,2.018,1.2937
2021-12-15 14:05,32073492,7681601.3,1.9164,0.93422,2.0079,0.50027
2021-12-15 14:10,32342503,7761230.4,1.9022,0.93454,1.9887,1.1354
2021-12-15 14:15,32639585,7866140,1.8734,0.93578,1.9831,1.1284
2021-12-15 14:20,32731875,7895255.6,1.8734,0.93471,1.9873,1.4107
2021-12-15 14:25,32806637,7890364.6,1.9028,0.93672,2.0064,0.60628
2021-12-15 14:30,32858217,7882187.1,1.9189,0.93645,2.0263,0.99004
2021-12-15 14:35,32743046,7794154.7,1.9528,0.93611,2.0687,0.73461
2021-12-15 14:40,32406809,7701772.1,1.9406,0.93617,2.0692,0.92783
2021-12-15 14:45,32415147,7671692.8,1.9875,0.93535,2.1064,0.86501
2021-12-15 14:50,32174612,7636693.4,2.0029,0.93283,2.123,1.5396
2021-12-15 14:55,32289555,7684639.6,1.9817,0.93201,2.1039,0.96123
2021-12-15 15:00,32479733,7769881.6,1.9647,0.93133,2.0723,1.5369
2021-12-15 15:05,32721914,7816332.4,1.9232,0.93309,2.0187,0.84707
2021-12-15 15:10,32802351,7790886.4,1.9305,0.93546,2.0094,0.74293
2021-12-15 15:15,32511540,7647911.9,1.999,0.93251,2.0686,0.41725
2021-12-15 15:20,32360150,7591323.6,2.001,0.93392,2.0537,0.54311
2021-12-15 15:25,32447408,7632608.3,2.001,0.93372,2.0515,0.91101
2021-12-15 15:30,32408857,7608332.8,1.9846,0.93366,2.0486,0.66721
2021-12-15 15:35,32450796,7660659.4,1.9779,0.93592,2.0374,0.75162
2021-12-15 15:40,32529663,7657962.8,1.9458,0.93645,2.016,1.5737
2021-12-15 15:45,32676834,7654548.4,1.943,0.93482,2.0123,0.77091
2021-12-15 15:50,32723467,7549399.1,2.0861,0.94011,2.0996,0.57223
2021-12-15 15:55,32784883,7533638.3,2.1278,0.9429,2.1532,1.0764
2021-12-15 16:00,32808371,7490060.2,2.2111,0.93832,2.2234,0.91639
2021-12-15 16:05,32525648,7459256.8,2.309,0.93775,2.3325,1.1843
2021-12-15 16:10,32332917,7416684.5,2.3003,0.93313,2.3503,2.2388
2021-12-15 16:15,32561957,7412840.2,2.341,0.93284,2.4147,0.75211
2021-12-15 16:20,32467573,7349722.8,2.3633,0.93239,2.4241,1.0129
2021-12-15 16:25,32249059,7358510,2.3067,0.93203,2.4005,0.73916
2021-12-15 16:30,32177074,7360792.7,2.3326,0.93115,2.4564,1.5421
2021-12-15 16:35,32023924,7325437.4,2.3378,0.93063,2.4664,0.80363
2021-12-15 16:40,31917809,7277488.7,2.3201,0.92978,2.456,0.87405
2021-12-15 16:45,31901750,7282212.5,2.3286,0.92898,2.4686,1.4967
2021-12-15 16:50,31890544,7249677.4,2.288,0.92957,2.4331,1.1908
2021-12-15 16:55,31957584,7296832.7,2.2757,0.92969,2.4331,2.9565
2021-12-15 17:00,33161753,7690578.6,2.1207,0.93221,2.3405,2.14
2021-12-15 17:05,32720287,7523330.4,2.2629,0.93094,2.4787,0.74176
2021-12-15 17:10,32144339,7408085.3,2.2521,0.92799,2.4817,1.7193
2021-12-15 17:15,32167812,7367285.3,2.2752,0.92809,2.5004,0.9235
2021-12-15 17:20,32112236,7313571.1,2.3194,0.93093,2.5386,0.80165
2021-12-15 17:25,32183072,7327372.6,2.3107,0.9311,2.5176,1.3663
2021-12-15 17:30,31942995,7258726.2,2.3474,0.9279,2.5508,0.56618
2021-12-15 17:35,31834009,7265907.2,2.3437,0.92741,2.5523,1.7779
2021-12-15 17:40,31586956,7257664.4,2.3587,0.92751,2.5675,2.2467
2021-12-15 17:45,31500043,7206503.9,2.4066,0.9287,2.6197,0.25524
2021-12-15 17:50,31674558,7238047.6,2.3367,0.92959,2.5567,2.1102
2021-12-15 17:55,31673461,7255439.7,2.3523,0.92937,2.5811,1.7107
2021-12-15 18:00,31421465,7225639.6,2.3278,0.92829,2.5689,1.1043
2021-12-15 18:05,31230587,7146807.5,2.3146,0.92743,2.5573,0.50955
2021-12-15 18:10,31284351,7173230.1,2.3172,0.92829,2.5587,1.4354
2021-12-15 18:15,31285155,7170497.5,2.307,0.92821,2.5549,0.95435
2021-12-15 18:20,31372539,7219986.7,2.2829,0.92858,2.5355,1.8977
2021-12-15 18:25,31485750,7282274.3,2.284,0.92855,2.5424,2.6387
2021-12-15 18:30,31383997,7227140.7,2.2703,0.92636,2.5299,0.41246
2021-12-15 18:35,33500906,7886608.1,2.0599,0.93302,2.3629,1.8107
2021-12-15 18:40,32623251,7749729.9,2.1873,0.92636,2.5707,0.92535
2021-12-15 18:45,32801366,7850912.5,2.0582,0.92438,2.4576,1.1495
2021-12-15 18:50,32735533,7886035.4,2.0065,0.92184,2.4341,0.82268
2021-12-15 18:55,31852753,7522260.8,2.0484,0.92458,2.4685,0.6483
2021-12-15 19:00,31813148,7584555.4,2.0189,0.92451,2.4415,1.0966
2021-12-15 19:10,30862903,7663876.1,1.965,0.91742,2.4382,1.057
2021-12-15 19:15,30630736,7573449.5,1.9352,0.91603,2.3772,0.67075
2021-12-15 19:20,30216686,7393418.7,1.98,0.91589,2.4169,0.82527
2021-12-15 19:25,30247512,7390979.6,1.9905,0.91655,2.4198,0.80185
2021-12-15 19:30,30038327,7336296.6,1.9656,0.91719,2.4251,0.90888
2021-12-15 19:35,30021993,7401367.6,1.9799,0.91768,2.4448,1.2078
2021-12-15 19:40,29947583,7365608,2.0156,0.91896,2.4789,0.94929
2021-12-15 19:45,29945154,7366208.4,1.9981,0.91503,2.4598,1.4155
2021-12-15 19:50,29853395,7381568.4,1.9971,0.9148,2.4637,0.83268
2021-12-15 19:55,29661453,7399346.1,1.9409,0.91666,2.4078,1.5448
2021-12-15 20:00,29683707,7413022,1.9656,0.91546,2.4298,0.88136
2021-12-15 20:05,29613618,7429760.6,1.9386,0.91397,2.4074,1.0647
2021-12-15 20:10,29754055,7495641.5,1.9056,0.916,2.3768,0.95897
2021-12-15 20:15,29675357,7437244.8,1.8923,0.91788,2.3481,0.8687
2021-12-15 20:20,29683079,7488008.2,1.8835,0.91735,2.3358,0.72176
2021-12-15 20:25,29669128,7520300.3,1.8713,0.91848,2.3229,0.90617
2021-12-15 20:30,29642716,7588137.5,1.8514,0.91795,2.3056,1.1503
2021-12-15 20:35,29644076,7590358,1.8517,0.91733,2.3054,1.2035
2021-12-15 20:40,29591346,7549344.2,1.8622,0.91616,2.3222,0.6149
2021-12-15 20:45,29496602,7490367.1,1.8927,0.91677,2.349,0.57032
2021-12-15 20:50,29253609,7419885.4,1.8475,0.91793,2.2709,0.57416
2021-12-15 20:55,29316687,7470120.5,1.8317,0.91737,2.2579,1.9786
2021-12-15 21:00,29306552,7443864.2,1.8358,0.91793,2.2609,0.73787
2021-12-15 21:05,29248851,7423623.7,1.8615,0.92015,2.2932,0.79664
2021-12-15 21:10,29361840,7491673.5,1.8207,0.92038,2.249,0.51593
2021-12-15 21:15,29399007,7472345.6,1.8299,0.92029,2.252,0.69048
2021-12-15 21:20,29598370,7574518.9,1.7934,0.91944,2.2199,1.3873
2021-12-15 21:25,29621370,7573703,1.8161,0.92101,2.2354,0.85373
2021-12-15 21:30,29762210,7640316.5,1.7943,0.91793,2.2203,1.1213
2021-12-15 21:35,29889076,7660869.1,1.7629,0.91915,2.1827,1.1419
2021-12-15 21:40,29852841,7639943.8,1.7912,0.91805,2.2091,0.67514
2021-12-15 21:45,29882260,7640047,1.8094,0.91912,2.2218,0.50278
2021-12-15 21:50,29972358,7645648.8,1.7929,0.92005,2.1992,0.89097
2021-12-15 21:55,29914353,7651286.2,1.7707,0.91966,2.1661,1.3099
2021-12-15 22:00,29832960,7667268.5,1.786,0.91862,2.1933,1.1119
2021-12-15 22:05,29817869,7647388.9,1.7899,0.91894,2.1743,0.98646
2021-12-15 22:10,29808656,7646230.6,1.7823,0.91891,2.1685,1.4242
2021-12-15 22:15,29924061,7677447.3,1.7716,0.91834,2.1625,0.60891
2021-12-15 22:20,29922067,7675123.3,1.761,0.91999,2.1407,0.81049
2021-12-15 22:25,29933915,7684036,1.729,0.91966,2.1008,0.77243
2021-12-15 22:30,30075856,7728198.4,1.7463,0.9173,2.1109,1.2484
2021-12-15 22:35,30194842,7743467.2,1.7288,0.91801,2.0758,0.62446
2021-12-15 22:40,30292879,7761184,1.7335,0.92103,2.0749,0.61949
2021-12-15 22:45,30211204,7701742.2,1.7435,0.91951,2.0735,0.33156
2021-12-15 22:50,30243004,7728723.4,1.7311,0.92197,2.037,0.97114
2021-12-15 22:55,30409399,7756019.1,1.7011,0.92267,2.0015,0.59135
2021-12-15 23:00,30481167,7751970.4,1.7177,0.93076,1.9848,0.44606
2021-12-15 23:05,30644828,7810771.8,1.696,0.92874,1.9747,1.1993
2021-12-15 23:10,30610394,7814388.5,1.6928,0.92824,1.9776,1.0668
2021-12-15 23:15,30670312,7814795.5,1.7067,0.92861,1.9956,0.75751
2021-12-15 23:20,30701548,7818445.5,1.7298,0.92857,2.0168,0.8384
2021-12-15 23:25,30769107,7851660.7,1.7105,0.9254,1.9971,1.3729
2021-12-15 23:30,30697583,7813951.9,1.7304,0.92473,2.022,1.0589
2021-12-15 23:35,30719875,7813293,1.7285,0.92407,2.019,1.1559
2021-12-15 23:40,30716665,7826962.6,1.7285,0.92509,2.0146,0.61209
2021-12-15 23:45,30698484,7812457.2,1.7403,0.92626,2.0286,0.52503
2021-12-15 23:50,30676722,7827853.4,1.7209,0.92603,2.0044,1.0358
2021-12-15 23:55,30639539,7825161.8,1.6907,0.92486,1.9884,1.0926
2021-12-16 00:00,30579097,7837433.9,1.6726,0.92559,1.965,1.201
2021-12-16 00:05,30336876,7761928.8,1.6833,0.92882,1.9714,1.3818
2021-12-16 00:10,30249283,7706004.8,1.7225,0.94758,1.9685,0.99411
2021-12-16 00:15,30137096,7700921.3,1.7621,0.94749,2.0007,1.3605
2021-12-16 00:20,30060819,7723493.2,1.7403,0.94743,1.9864,1.4546
2021-12-16 00:25,29902956,7742696.7,1.7106,0.94538,1.987,1.5778
2021-12-16 00:30,30009118,7727047.8,1.7299,0.94439,2.0058,0.70104
2021-12-16 00:35,29934578,7713542.1,1.7085,0.94462,1.9799,1.0243
2021-12-16 00:40,29963567,7754957.7,1.7014,0.94443,1.9685,3.7128
2021-12-16 00:45,29927424,7765867.3,1.7011,0.94403,1.975,1.9341
2021-12-16 00:50,30308401,7856240.6,1.7033,0.9426,1.9871,1.263
2021-12-16 00:55,30338006,7867251.7,1.7239,0.94122,1.9971,1.6336
2021-12-16 01:00,30413700,7898133.8,1.7132,0.93904,1.9892,1.0693
2021-12-16 01:05,30402548,7935932.7,1.7022,0.93883,1.9835,1.5611
2021-12-16 01:10,30504883,7935845.3,1.7036,0.93931,1.9736,1.3475
2021-12-16 01:15,30670950,8009415.6,1.7439,0.93891,2.0094,1.5014
2021-12-16 01:20,30815731,8115939.1,1.7133,0.93937,1.9852,1.9377
2021-12-16 01:25,31389319,8353480.6,1.6381,0.94096,1.9282,0.94042
2021-12-16 01:30,31597141,8367870.9,1.6452,0.94179,1.9162,0.88638
2021-12-16 01:35,31764618,8416353.2,1.5163,0.93935,1.7866,0.81274
2021-12-16 01:40,31842592,8499344.7,1.5068,0.93978,1.7958,1.2661
2021-12-16 01:45,32598806,8762885,1.4808,0.94014,1.7736,1.6792
2021-12-16 01:50,32146147,8579060.5,1.4901,0.93737,1.7684,0.68165
2021-12-16 01:55,32044481,8564528.4,1.4787,0.93804,1.7468,0.83051
2021-12-16 02:00,32001007,8574677.8,1.4972,0.93758,1.7729,0.95594
2021-12-16 02:05,32090836,8556379.6,1.4839,0.94,1.7428,0.68481
2021-12-16 02:10,32039500,8536361.2,1.4832,0.93826,1.7381,0.64005
2021-12-16 02:15,31944433,8552194.6,1.4708,0.93826,1.7129,1.3242
2021-12-16 02:20,32038998,8539707.2,1.4721,0.93793,1.7156,0.67941
2021-12-16 02:25,31821612,8447138.9,1.4699,0.94339,1.6827,0.88062
2021-12-16 02:30,31910073,8501563.3,1.4869,0.94405,1.6955,0.7405
2021-12-16 02:35,31886373,8502820.2,1.4772,0.9447,1.6812,1.0381
2021-12-16 02:40,31834238,8466547,1.4775,0.94509,1.6806,1.2302
2021-12-16 02:45,31859113,8471656.7,1.4922,0.94507,1.6904,1.0666
2021-12-16 02:50,31830120,8505525.3,1.4761,0.94481,1.6917,1.843
2021-12-16 02:55,31835101,8472275.4,1.4736,0.94483,1.6905,0.61596
2021-12-16 03:00,31884900,8507210.2,1.4799,0.94409,1.6957,0.80228
2021-12-16 03:05,31716216,8443992.1,1.4824,0.94338,1.7012,0.80579
2021-12-16 03:10,31651314,8444945.3,1.4709,0.94253,1.6919,0.6768
2021-12-16 03:15,31542628,8431975.3,1.4585,0.94253,1.669,1.8602
2021-12-16 03:20,31538883,8458728.4,1.4609,0.94387,1.6863,0.88719
2021-12-16 03:25,31520253,8473871.7,1.46,0.94293,1.676,1.0549
2021-12-16 03:30,31520691,8472582.1,1.4431,0.94303,1.6645,1.459
2021-12-16 03:35,31489820,8499261.1,1.4389,0.94347,1.6696,1.0577
2021-12-16 03:40,31549967,8575126.1,1.4425,0.94353,1.6645,1.8434
2021-12-16 03:45,31527803,8563617.5,1.4319,0.9453,1.6384,0.68213
2021-12-16 03:50,31642132,8587840.1,1.4125,0.94671,1.6106,0.79073
2021-12-16 03:55,31727647,8586770.4,1.4103,0.94742,1.6068,0.81678
2021-12-16 04:00,31801283,8639772.6,1.4088,0.94735,1.6019,0.64148
2021-12-16 04:05,32204678,8739383.5,1.4069,0.94525,1.611,0.89941
2021-12-16 04:10,32271397,8723604,1.4039,0.94685,1.6046,0.71162
2021-12-16 04:15,32049613,8640896.2,1.4033,0.9475,1.5928,0.90279
2021-12-16 04:20,31719540,8541459,1.3963,0.94753,1.5759,0.78748
2021-12-16 04:25,31717705,8562194.5,1.3816,0.94704,1.5642,1.092
2021-12-16 04:30,31824351,8639038.3,1.3889,0.94886,1.557,1.8068
2021-12-16 04:35,31940431,8690991.3,1.3927,0.9491,1.5536,0.90563
2021-12-16 04:40,31909447,8636930,1.386,0.94647,1.5494,0.47214
2021-12-16 04:45,32253675,8725260,1.386,0.9482,1.5435,0.7303
2021-12-16 04:50,32214685,8709827,1.3523,0.94784,1.5086,0.9659
2021-12-16 04:55,32192037,8694030,1.3379,0.94856,1.4888,1.3858
2021-12-16 05:00,32166438,8693812.7,1.3519,0.94812,1.4969,1.1764
2021-12-16 05:05,32150372,8712275,1.3252,0.95032,1.4667,1.1484
2021-12-16 05:10,32110819,8645195.8,1.3277,0.95086,1.4691,0.78855
2021-12-16 05:15,32006985,8620121.2,1.3462,0.95109,1.4878,0.64328
2021-12-16 05:20,31981154,8561035.1,1.351,0.95034,1.4849,0.72742
2021-12-16 05:25,31978941,8525750.4,1.363,0.95405,1.4823,0.78989
2021-12-16 05:30,32146074,8520636.1,1.4589,0.95621,1.5601,0.52357
2021-12-16 05:35,32258544,8513763.3,1.4884,0.96023,1.5724,0.92611
2021-12-16 05:40,32208133,8486339,1.514,0.96277,1.5848,0.9663
2021-12-16 05:45,32122908,8434787.2,1.559,0.96601,1.6163,0.9476
2021-12-16 05:50,32221783,8441861.3,1.6152,0.96661,1.6578,0.95333
2021-12-16 05:55,32263422,8445203,1.6344,0.96494,1.6791,1.0328
2021-12-16 06:00,32161906,8376347.5,1.6366,0.96902,1.6649,0.86542
2021-12-16 06:05,32203059,8390079.4,1.6685,0.96726,1.6978,0.9841
2021-12-16 06:10,32130235,8360993.4,1.6574,0.96806,1.6969,1.1267
2021-12-16 06:15,31783085,8314331.4,1.662,0.96463,1.7282,2.8465
2021-12-16 06:20,31480020,8262258.3,1.6813,0.96472,1.7751,1.4281
2021-12-16 06:25,31366503,8188225.6,1.6824,0.96338,1.7794,0.95094
2021-12-16 06:30,31387253,8301971.7,1.6933,0.9629,1.7996,1.2643
2021-12-16 06:35,31412199,8308840.8,1.6818,0.96177,1.8011,1.0344
2021-12-16 06:40,31400565,8345346.7,1.6792,0.95932,1.8115,2.3184
2021-12-16 06:45,31449047,8327707.6,1.6656,0.95762,1.8086,0.58691
2021-12-16 06:50,31398541,8308716.5,1.6763,0.95949,1.8221,1.2938
2021-12-16 06:55,31403753,8316920,1.6797,0.96018,1.8249,0.80716
2021-12-16 07:00,31414825,8307602.7,1.6781,0.95861,1.8224,0.91849
2021-12-16 07:05,31417754,8319107.1,1.7012,0.95883,1.8442,1.2853
2021-12-16 07:10,31495925,8338246.9,1.7112,0.95844,1.8575,0.85034
2021-12-16 07:15,31543128,8359478.1,1.7025,0.95907,1.84,1.2234
2021-12-16 07:20,31510939,8338099.8,1.7064,0.95897,1.8541,0.69636
2021-12-16 07:25,31489848,8343144.9,1.702,0.96178,1.8472,0.55364
2021-12-16 07:30,31445950,8334756.6,1.7184,0.96117,1.8648,1.5093
2021-12-16 07:35,31385504,8298444,1.7333,0.96051,1.8828,0.91403
2021-12-16 07:40,31303183,8324024.4,1.712,0.96081,1.8644,1.3848
2021-12-16 07:45,31346267,8336539.7,1.6964,0.96088,1.8571,0.82808
2021-12-16 07:50,31284588,8310438,1.6889,0.96118,1.8474,1.2374
2021-12-16 07:55,31289462,8268866.1,1.697,0.96232,1.8506,0.88886
2021-12-16 08:00,31247191,8256132.8,1.7257,0.96244,1.8781,0.65479
2021-12-16 08:05,31285083,8278449.4,1.7149,0.96234,1.8671,1.0692
2021-12-16 08:10,31332351,8287783.1,1.7014,0.96297,1.8537,0.70783
2021-12-16 08:15,31352119,8256657,1.7002,0.96373,1.8479,0.78532
2021-12-16 08:20,31264563,8246274.5,1.6971,0.96483,1.8477,0.70392
2021-12-16 08:25,31309234,8264378.5,1.7031,0.96448,1.8479,1.0837
2021-12-16 08:30,31372266,8261356.7,1.7019,0.96524,1.8378,0.67
2021-12-16 08:35,31314641,8291064.8,1.6758,0.965,1.8251,1.0448
2021-12-16 08:40,31274725,8306545.7,1.6736,0.96315,1.8374,0.91935
2021-12-16 08:45,31193474,8318055.2,1.6611,0.9638,1.8355,1.2067
2021-12-16 08:50,31143132,8309299,1.6637,0.96375,1.8458,1.0344
2021-12-16 08:55,31098203,8277238.9,1.6691,0.96434,1.8352,0.78331
2021-12-16 09:00,31045048,8257939,1.6648,0.96451,1.8311,0.7693
2021-12-16 09:05,31063008,8287838.2,1.6693,0.9645,1.8381,1.8946
2021-12-16 09:10,30977128,8234388.8,1.6812,0.96534,1.8421,1.151
2021-12-16 09:15,30871932,8217379.4,1.6616,0.96452,1.8268,2.6686
2021-12-16 09:20,30793976,8239974.7,1.6731,0.96345,1.8489,1.0357
2021-12-16 09:25,30759861,8200992.4,1.6801,0.96335,1.8588,1.0573
2021-12-16 09:30,30643777,8191081.6,1.6648,0.963,1.8552,3.1598
2021-12-16 09:35,30590929,8180101.3,1.6704,0.96302,1.8583,1.5445
2021-12-16 09:40,30566780,8200501.9,1.6715,0.96375,1.8638,0.9404
2021-12-16 09:45,30610316,8217917.3,1.6707,0.96434,1.8651,1.008
2021-12-16 09:50,30602869,8229417.5,1.6712,0.96402,1.8659,0.88962
2021-12-16 09:55,30611313,8198260.6,1.6855,0.9645,1.8757,0.69102
2021-12-16 10:00,30510832,8199175.9,1.6693,0.96518,1.8717,1.589
2021-12-16 10:05,30481014,8210061.1,1.6507,0.96462,1.8574,2.3441
2021-12-16 10:10,30383520,8181370.4,1.6929,0.96458,1.8982,1.3284
2021-12-16 10:15,30394365,8193167.6,1.6739,0.96288,1.8874,1.1582
2021-12-16 10:20,30503601,8241778,1.6452,0.96216,1.867,1.1107
2021-12-16 10:25,30347642,8148948.8,1.6696,0.96232,1.8804,0.64824
2021-12-16 10:30,30395471,8193088.9,1.6454,0.96041,1.8635,1.4523
2021-12-16 10:35,30345730,8166410.7,1.6405,0.96107,1.8559,1.0743
2021-12-16 10:40,30328364,8178396.7,1.6737,0.96196,1.888,1.1039
2021-12-16 10:45,30255097,8142856.8,1.6573,0.96186,1.8642,2.2044
2021-12-16 10:50,30229807,8149653.7,1.6504,0.9616,1.8563,1.4226
2021-12-16 10:55,30246552,8154168,1.6507,0.96096,1.86,0.89867
2021-12-16 11:00,30241601,8172231.4,1.6552,0.96046,1.8629,1.6472
2021-12-16 11:05,31375346,8539258.2,1.6221,0.96576,1.8511,1.2324
2021-12-16 11:10,31134430,8417164.5,1.6531,0.96339,1.868,0.70161
2021-12-16 11:15,30636552,8243989.8,1.6431,0.96329,1.8624,0.39329
2021-12-16 11:20,30446240,8191865.3,1.6253,0.96618,1.836,1.5482
2021-12-16 11:25,30253311,8164158.5,1.6796,0.96505,1.8875,0.39607
2021-12-16 11:30,30293030,8194567.5,1.6523,0.96294,1.863,1.1153
2021-12-16 11:35,30274049,8203056.3,1.6478,0.96068,1.8698,1.7223
2021-12-16 11:40,30276889,8205028.4,1.6581,0.96078,1.8746,0.41241
2021-12-16 11:45,30183740,8212184.6,1.6554,0.96084,1.8843,1.4504
2021-12-16 11:50,30232801,8199135.6,1.6515,0.96091,1.8756,0.95215
2021-12-16 11:55,30253913,8242669.5,1.647,0.96157,1.8799,1.0776
2021-12-16 12:00,30209607,8239368.2,1.6315,0.96116,1.8667,0.766
2021-12-16 12:05,30140422,8215073.4,1.6274,0.9616,1.8558,1.1346
2021-12-16 12:10,30177232,8219515.7,1.6326,0.95959,1.8697,0.62871
2021-12-16 12:15,30144456,8232450.9,1.6149,0.96051,1.8515,0.73251
2021-12-16 12:20,30199218,8235628.7,1.6154,0.95798,1.8533,0.76441
2021-12-16 12:25,29999063,8176244.6,1.6408,0.95953,1.8716,0.37797
2021-12-16 12:30,29924806,8140658.9,1.6557,0.96095,1.8741,0.58444
2021-12-16 12:35,29743096,8099639.9,1.6591,0.96221,1.8772,0.64415
2021-12-16 12:40,29697186,8120695.5,1.6386,0.96191,1.859,1.0064
2021-12-16 12:45,29660701,8055477.1,1.6017,0.96418,1.8036,0.8151
2021-12-16 12:50,29269086,7868223.1,1.627,0.96653,1.8209,0.47184
2021-12-16 12:55,29334318,7873331,1.626,0.96662,1.8182,0.53324
2021-12-16 13:00,29380847,7911968.3,1.6136,0.96687,1.8157,0.94458
2021-12-16 13:05,29362992,7893378.6,1.6149,0.96709,1.8127,1.0033
2021-12-16 13:10,29316141,7793748.6,1.6642,0.97058,1.8229,0.47871
2021-12-16 13:15,29133607,7780129.7,1.6437,0.96924,1.8097,1.5146
2021-12-16 13:20,29170052,7806781,1.6274,0.96767,1.8059,0.68456
2021-12-16 13:25,29118846,7847202,1.6216,0.9669,1.8127,3.5783
2021-12-16 13:30,29171527,7918027.6,1.6295,0.96639,1.832,1.9375
2021-12-16 13:35,29018962,7865085.9,1.6295,0.96693,1.8297,1.0428
2021-12-16 13:40,28966584,7827499.8,1.632,0.96666,1.8248,0.76502
2021-12-16 13:45,28948747,7863348.1,1.6254,0.96585,1.8263,1.5374
2021-12-16 13:50,29024733,7895598.1,1.6285,0.96663,1.8281,1.3459
2021-12-16 13:55,29078497,7931573.6,1.6363,0.96819,1.8314,1.1281
2021-12-16 14:00,29099929,7990908.9,1.6071,0.96861,1.7989,1.2464
2021-12-16 14:05,28881627,7858900.1,1.6379,0.97024,1.8201,0.7216
2021-12-16 14:10,28826912,7862828.5,1.6368,0.96929,1.8123,1.6411
2021-12-16 14:15,28872377,7882216.1,1.6261,0.97025,1.8009,1.1855
2021-12-16 14:20,28914577,7934931.7,1.6272,0.97022,1.8041,1.5025
2021-12-16 14:25,28927895,7932357.1,1.5889,0.96975,1.7753,1.6759
2021-12-16 14:30,28825139,7906735.6,1.6038,0.96998,1.7912,1.1433
2021-12-16 14:35,28918674,7922418.5,1.612,0.97032,1.7906,0.86072
2021-12-16 14:40,28776525,7902609.3,1.6035,0.97115,1.7824,1.168
2021-12-16 14:45,28693213,7910049.7,1.599,0.97196,1.7712,1.3403
2021-12-16 14:50,28769720,7942312.8,1.5787,0.97314,1.7545,1.2685
2021-12-16 14:55,28711198,7885470.5,1.5818,0.97376,1.7494,0.72957
2021-12-16 15:00,28494352,7795436.7,1.596,0.97408,1.754,0.86184
2021-12-16 15:05,28410852,7693599.6,1.5743,0.97636,1.7212,0.75011
2021-12-16 15:10,28510736,7721245.3,1.5719,0.97455,1.7345,1.2776
2021-12-16 15:15,28559849,7772122.2,1.5515,0.97354,1.7262,2.0046
2021-12-16 15:20,28631977,7828555.2,1.5813,0.97063,1.7589,1.5633
2021-12-16 15:25,28600676,7822058.4,1.5899,0.97189,1.7567,1.5196
2021-12-16 15:30,28523628,7831670.4,1.6006,0.97035,1.7624,0.9446
2021-12-16 15:35,28388281,7774982.4,1.5775,0.97151,1.728,1.2091
2021-12-16 15:40,28569564,7804942.6,1.6209,0.971,1.7636,1.2098
2021-12-16 15:45,28495978,7775127.6,1.6063,0.97396,1.75,0.88779
2021-12-16 15:50,28522993,7803320.4,1.5843,0.97242,1.7286,1.7945
2021-12-16 15:55,28468481,7781574.6,1.5813,0.97282,1.7335,0.67772
2021-12-16 16:00,28396206,7764240.6,1.6077,0.97259,1.745,1.0759
2021-12-16 16:05,28435836,7714573.8,1.6172,0.97352,1.7542,0.75569
2021-12-16 16:10,28388119,7708509.8,1.5957,0.97283,1.7383,1.2154
2021-12-16 16:15,28444450,7700481.5,1.5952,0.97213,1.7453,1.1747
2021-12-16 16:20,28423270,7674789.7,1.6157,0.97156,1.7571,0.88434
2021-12-16 16:25,28449284,7699644,1.6242,0.97123,1.7654,1.0394
2021-12-16 16:30,28468962,7697722.6,1.6097,0.9717,1.7534,2.0695
2021-12-16 16:35,28497113,7681111.8,1.6376,0.97271,1.7775,0.8197
2021-12-16 16:40,28528486,7655048.6,1.6884,0.97962,1.8088,0.47324
2021-12-16 16:45,28749508,7739768.3,1.6656,0.97967,1.7819,0.81659
2021-12-16 16:50,28549166,7707418.3,1.6511,0.97833,1.7806,1.3332
2021-12-16 16:55,28513898,7696316.5,1.652,0.97757,1.7844,1.4979
2021-12-16 17:00,28416946,7655796.4,1.6719,0.97774,1.7952,1.2043
2021-12-16 17:05,28648250,7682637.6,1.6796,0.97955,1.8025,1.2123
2021-12-16 17:10,28711697,7631977.1,1.6843,0.98441,1.788,0.52071
2021-12-16 17:15,28842470,7670654.9,1.6874,0.98272,1.8012,1.6066
2021-12-16 17:20,28960638,7733773.9,1.6846,0.97909,1.8001,3.2455
2021-12-16 17:25,29030585,7743040,1.6844,0.97905,1.8024,2.2714
2021-12-16 17:30,29178601,7725618.2,1.6866,0.98121,1.7838,0.43276
2021-12-16 17:35,29199907,7740283.6,1.6617,0.98456,1.7648,1.3046
2021-12-16 17:40,28534404,7779049.2,1.6542,0.98346,1.751,1.3166
2021-12-16 17:45,28502184,7748603.7,1.6492,0.98288,1.7221,1.2758
2021-12-16 17:50,28348886,7658949.9,1.6515,0.98455,1.703,1.0732
2021-12-16 17:55,28404769,7676672.9,1.6308,0.98119,1.686,0.84061
2021-12-16 18:00,28413345,7668597.9,1.6409,0.98473,1.7031,0.55303
2021-12-16 18:05,28437108,7690717.8,1.6311,0.98428,1.6982,1.2124
2021-12-16 18:10,28404292,7680932.7,1.6314,0.9848,1.6973,0.67967
2021-12-16 18:15,28222097,7616947.3,1.6384,0.98511,1.7087,1.1046
2021-12-16 18:20,28175677,7601515.9,1.6617,0.9858,1.7178,0.64127
2021-12-16 18:25,28143441,7587080.8,1.6631,0.98617,1.7151,1.251
2021-12-16 18:30,28071793,7570427.8,1.6531,0.98573,1.7178,1.2171
2021-12-16 18:35,28048714,7534638.2,1.6669,0.98896,1.7317,0.54794
2021-12-16 18:40,28040945,7491979.7,1.6756,0.98856,1.7398,0.75287
2021-12-16 18:45,28006999,7472262,1.649,0.98735,1.7224,1.5153
2021-12-16 18:50,28119175,7490948.2,1.6346,0.98627,1.7201,0.68635
2021-12-16 18:55,28217770,7523139.7,1.6273,0.98683,1.705,1.136
2021-12-16 19:00,28299608,7561552.5,1.6389,0.98699,1.7219,3.3385
2021-12-16 19:05,28244701,7584549.6,1.6515,0.98717,1.739,1.1749
2021-12-16 19:10,28221764,7581749.2,1.6442,0.98692,1.7345,1.2382
2021-12-16 19:15,28201902,7543678,1.6639,0.98547,1.7503,1.3174
2021-12-16 19:20,28206810,7529098,1.6824,0.98654,1.7654,0.73779
2021-12-16 19:25,28195183,7476941.9,1.6697,0.9867,1.7538,0.7378
2021-12-16 19:30,28189721,7487005.3,1.6791,0.98907,1.7649,0.6882
2021-12-16 19:35,28258793,7501891.7,1.6429,0.9894,1.7318,1.3116
2021-12-16 19:40,28321796,7534077.5,1.6401,0.98882,1.7391,1.6223
2021-12-16 19:45,28388435,7518311.7,1.6793,0.98595,1.7727,0.51061
2021-12-16 19:50,28332847,7438016.1,1.7225,0.99084,1.7756,0.55793
2021-12-16 19:55,28295422,7438555.2,1.7171,0.99055,1.7761,1.0509
2021-12-16 20:00,28346591,7486112.4,1.7088,0.99283,1.7672,0.86781
2021-12-16 20:05,28482260,7539377.6,1.6902,0.99196,1.7643,1.9229
2021-12-16 20:10,28405172,7537960.9,1.6941,0.99219,1.7703,0.64986
2021-12-16 20:15,28553376,7537361.4,1.7481,0.99355,1.8056,0.72024
2021-12-16 20:20,28781217,7613207.5,1.7283,0.99415,1.7981,1.3428
2021-12-16 20:25,28769966,7634609.3,1.7528,0.99452,1.8176,1.1537
2021-12-16 20:30,28775645,7656059.6,1.7674,0.99453,1.8389,1.7416
2021-12-16 20:35,28707251,7648569.3,1.7694,0.99387,1.8435,1.1011
2021-12-16 20:40,28661580,7620750.4,1.7707,0.99215,1.846,1.356
2021-12-16 20:45,28642689,7590223.2,1.7825,0.99285,1.8471,0.62164
2021-12-16 20:50,28927794,7612517.1,1.7968,0.99154,1.8598,0.3267
2021-12-16 20:55,28975302,7634169.8,1.8277,0.99132,1.888,0.74539
2021-12-16 21:00,28978187,7615692.1,1.8164,0.99107,1.8809,1.0591
2021-12-16 21:05,28879669,7619601.8,1.8202,0.9893,1.8809,1.4818
2021-12-16 21:10,28917246,7618782.8,1.8007,0.98991,1.8628,0.73186
2021-12-16 21:15,28919588,7624048.4,1.7996,0.98898,1.8678,1.0682
2021-12-16 21:20,28774367,7566018.7,1.8187,0.98937,1.8809,1.2356
2021-12-16 21:25,28681608,7545438.4,1.811,0.98874,1.8754,1.8728
2021-12-16 21:30,28648911,7531512.2,1.8102,0.98966,1.8735,1.0478
2021-12-16 21:35,28569786,7494809.7,1.7888,0.98842,1.8558,1.4001
2021-12-16 21:40,28508353,7480306.7,1.7919,0.98776,1.862,1.1374
2021-12-16 21:45,28485678,7471788.8,1.7995,0.98769,1.8707,1.5881
2021-12-16 21:50,28857819,7511376.6,1.8688,0.98663,1.9261,0.49518
2021-12-16 21:55,29046353,7572384.2,1.8696,0.98586,1.9384,0.49721
2021-12-16 22:00,29033017,7586152.6,1.8956,0.98351,1.9699,1.1578
2021-12-16 22:05,28865465,7467802.6,1.9331,0.98803,1.9856,0.47135
2021-12-16 22:10,28732557,7374498.1,2.0281,0.99225,2.0713,0.60482
2021-12-16 22:15,28584988,7382641.7,2.0047,0.98975,2.0678,1.9168
2021-12-16 22:20,28509733,7373868.2,2.0263,0.99023,2.0841,0.77759
2021-12-16 22:25,28415402,7373703.6,2.0047,0.98869,2.0798,1.7162
2021-12-16 22:30,28359318,7352902.7,2.016,0.99152,2.0861,0.54441
2021-12-16 22:35,28234739,7344042.8,2.0822,0.99145,2.1519,1.5368
2021-12-16 22:40,28171359,7354410.8,2.0851,0.99096,2.162,1.4064
2021-12-16 22:45,28053887,7314770.5,2.0841,0.98864,2.1604,0.55859
2021-12-16 22:50,28108967,7341744.3,2.0572,0.98835,2.14,1.3994
2021-12-16 22:55,28101845,7338720.7,2.0677,0.98923,2.1519,0.64225
2021-12-16 23:00,28100935,7333909,2.0592,0.98837,2.1435,1.2857
2021-12-16 23:05,27952979,7271967.5,2.0574,0.98939,2.1406,1.0412
2021-12-16 23:10,27858849,7258971.3,2.0662,0.98898,2.1439,1.249
2021-12-16 23:15,27846170,7270078.1,2.0575,0.98856,2.1403,1.0409
2021-12-16 23:20,27839043,7284085.6,2.0537,0.98705,2.1522,1.3963
2021-12-16 23:25,27782549,7297636.9,2.0139,0.98296,2.1307,1.366
2021-12-16 23:30,27879217,7331223.4,2.0037,0.98121,2.1167,1.3414
2021-12-16 23:35,27789702,7243663.7,2.0337,0.9813,2.1325,0.70448
2021-12-16 23:40,27720555,7239261.2,2.0253,0.97972,2.132,1.8638
2021-12-16 23:45,27784979,7226317.3,2.0178,0.97368,2.1173,0.24198
2021-12-16 23:50,27760277,7245154.7,1.9645,0.97279,2.0753,0.84971
2021-12-16 23:55,27722878,7238166.2,1.9574,0.97258,2.0706,0.8813
2021-12-17 00:00,27704957,7229885.6,1.9826,0.97343,2.0972,1.0822
2021-12-17 00:05,27581171,7218726.9,1.9439,0.97426,2.0761,1.6499
2021-12-17 00:10,27660042,7286550.4,1.9112,0.9726,2.0761,1.4823
2021-12-17 00:15,27651306,7304323.6,1.843,0.97128,2.0331,0.7908
2021-12-17 00:20,27669522,7283725,1.854,0.97003,2.039,1.0339
2021-12-17 00:25,27546748,7218900.8,1.852,0.96827,2.0368,0.5961
2021-12-17 00:30,27594841,7293040.5,1.8529,0.96738,2.0495,1.1564
2021-12-17 00:35,27658173,7270780.5,1.8471,0.96619,2.0457,0.69139
2021-12-17 00:40,27727144,7352252.1,1.8666,0.96577,2.0705,1.2904
2021-12-17 00:45,27543298,7288034.3,1.8665,0.96693,2.0731,1.3573
2021-12-17 00:50,27413688,7240006,1.8369,0.96743,2.0459,1.0261
2021-12-17 00:55,27324797,7253251,1.823,0.96825,2.0361,1.1814
2021-12-17 01:00,27276738,7252884.6,1.8144,0.96674,2.0331,1.1651
2021-12-17 01:05,27288987,7265065.7,1.8177,0.96523,2.0331,1.3368
2021-12-17 01:10,27338895,7293197,1.8202,0.96613,2.0339,1.6211
2021-12-17 01:15,27441445,7323024,1.8241,0.96765,2.0436,0.73807
2021-12-17 01:20,27419461,7317356.7,1.8269,0.96879,2.0452,0.58557
2021-12-17 01:25,27417465,7318054.5,1.8262,0.96883,2.0436,1.3499
2021-12-17 01:30,27292000,7240665,1.8234,0.96843,2.0369,0.78664
2021-12-17 01:35,27314145,7231146.7,1.8276,0.96805,2.0368,0.70348
2021-12-17 01:40,27328910,7223741.7,1.8289,0.96771,2.0414,1.0667
2021-12-17 01:45,27342961,7212332.1,1.8364,0.96768,2.0444,1.0802
2021-12-17 01:50,27392517,7247665.3,1.7986,0.96623,2.0146,2.3193
2021-12-17 01:55,27372470,7221952.5,1.835,0.9709,2.0503,1.1023
2021-12-17 02:00,27378990,7225542.4,1.8434,0.97043,2.0556,2.2883
2021-12-17 02:05,27375840,7201068.8,1.8475,0.97079,2.0586,1.0075
2021-12-17 02:10,27366475,7150038.9,1.8792,0.97012,2.0852,0.7698
2021-12-17 02:15,27296960,7093115.1,1.9339,0.97351,2.1276,0.72794
2021-12-17 02:20,27297853,7084803.1,1.9385,0.9728,2.1354,1.0867
2021-12-17 02:25,27304834,7088334.9,1.944,0.97114,2.1448,0.84161
2021-12-17 02:30,27379136,7108522,1.9649,0.97028,2.1671,0.8553
2021-12-17 02:35,27463189,7104243.6,1.9568,0.97144,2.1712,0.52844
2021-12-17 02:40,27407439,7098826.8,1.954,0.97226,2.1696,1.1886
2021-12-17 02:45,27574239,7157403.3,1.9596,0.97223,2.1795,0.98057
2021-12-17 02:50,27514974,7143066.9,2.0122,0.97234,2.2267,1.23
2021-12-17 02:55,27536005,7159084.6,2.0065,0.9723,2.2289,1.8202
2021-12-17 03:00,27528134,7163726.4,2.0444,0.97248,2.2735,0.67245
2021-12-17 03:05,27549167,7135785.2,2.0244,0.9731,2.251,0.68336
2021-12-17 03:10,27508255,7124462,2.0206,0.97334,2.2482,2.1503
2021-12-17 03:15,27451972,7082560.5,2.0282,0.97284,2.2512,1.1903
2021-12-17 03:20,27470946,7094660.8,2.0263,0.97315,2.2457,1.0805
2021-12-17 03:25,27455866,7081691.5,2.0112,0.97335,2.2298,1.9059
2021-12-17 03:30,27466592,7108588.3,2.032,0.97314,2.2525,2.1865
2021-12-17 03:35,27446456,7095393,1.9889,0.97279,2.222,1.7483
2021-12-17 03:40,27409735,7098299.1,2.0065,0.97278,2.2379,0.68307
2021-12-17 03:45,27298962,7076436.9,2.0244,0.9759,2.2578,0.3796
2021-12-17 03:50,27230251,7064533.5,2.032,0.97577,2.2665,0.71378
2021-12-17 03:55,27137667,7052025.1,2.0235,0.97568,2.2598,1.266
2021-12-17 04:00,27123430,7043578.6,2.0235,0.97553,2.263,0.83927
2021-12-17 04:05,26860890,7013137.7,1.9741,0.97541,2.2185,2.6508
2021-12-17 04:10,26738921,6996238.7,1.9264,0.97472,2.1765,1.2785
2021-12-17 04:15,26564426,6967052,1.8852,0.97347,2.1408,2.4065
2021-12-17 04:20,26572383,6997769.3,1.8451,0.97132,2.1095,0.94465
2021-12-17 04:25,26481086,6973264.4,1.8459,0.97225,2.1041,0.78919
2021-12-17 04:30,26471898,6976057.5,1.83,0.97111,2.081,0.95362
2021-12-17 04:35,26444482,6982276.5,1.8012,0.97076,2.0535,0.52456
2021-12-17 04:40,26470998,6996020.1,1.7997,0.96977,2.058,0.72259
2021-12-17 04:45,26478778,6997017.1,1.8106,0.97088,2.0632,0.62095
2021-12-17 04:50,26531512,7036369.5,1.7831,0.96965,2.0444,1.2787
2021-12-17 04:55,26571326,7056877.6,1.7813,0.9694,2.0437,0.68974
2021-12-17 05:00,26682159,7111805,1.7822,0.97018,2.0436,0.442
2021-12-17 05:05,26751185,7124139.6,1.7663,0.97001,2.0139,1.2162
2021-12-17 05:10,26843402,7177435.8,1.726,0.9706,1.9783,2.1683
2021-12-17 05:15,26953174,7144447.1,1.7713,0.97042,2.0175,0.62633
2021-12-17 05:20,26938146,7125986.6,1.8009,0.97034,2.0534,0.70392
2021-12-17 05:25,26968249,7128158.3,1.7853,0.9717,2.0317,0.74997
2021-12-17 05:30,27070026,7173591.8,1.8012,0.97127,2.0513,1.2492
2021-12-17 05:35,27166871,7172845,1.7972,0.97116,2.0467,0.61149
2021-12-17 05:40,27171970,7155371.2,1.8098,0.96965,2.0407,0.49822
2021-12-17 05:45,27129464,7125713.5,1.8341,0.9711,2.0614,0.51054
2021-12-17 05:50,27140622,7120880.1,1.832,0.9709,2.0639,0.86715
2021-12-17 05:55,27184378,7143085.7,1.8146,0.97008,2.0556,1.1899
2021-12-17 06:00,27224328,7145584.6,1.8353,0.9708,2.0741,0.89592
2021-12-17 06:05,27276628,7183543.3,1.8079,0.97099,2.0548,1.4741
2021-12-17 06:10,27257413,7146801.3,1.827,0.9712,2.0748,0.65665
2021-12-17 06:15,27218834,7108213.5,1.8825,0.97009,2.1266,0.62836
2021-12-17 06:20,27193834,7089819.5,1.9149,0.97102,2.1473,0.94059
2021-12-17 06:25,27142825,7084868.5,1.9303,0.97057,2.1847,0.62006
2021-12-17 06:30,27131126,7085998.7,1.9357,0.97084,2.1925,0.6108
2021-12-17 06:35,27108166,7087330,1.9223,0.96958,2.1947,0.91413
2021-12-17 06:40,27130431,7085726.8,1.9467,0.96919,2.222,0.20862
2021-12-17 06:45,27137784,7088157.4,1.9521,0.96907,2.2319,0.41812
2021-12-17 06:50,27044452,7025066.9,1.9758,0.96912,2.2561,0.91828
2021-12-17 06:55,27014924,7019016.7,1.9476,0.96877,2.2276,0.6328
2021-12-17 07:00,26927310,6985869.7,1.9366,0.96831,2.2176,0.55031
2021-12-17 07:05,26752366,6886204.5,1.9849,0.96953,2.2452,0.6905
2021-12-17 07:10,26658802,6840115.4,1.9156,0.97084,2.175,0.73746
2021-12-17 07:15,26638069,6807092.2,2.0248,0.97056,2.2679,0.72666
2021-12-17 07:20,26593469,6763960,2.0507,0.97265,2.2677,0.7163
2021-12-17 07:25,26469624,6763834.1,2.0419,0.97201,2.2823,1.6658
2021-12-17 07:30,26513883,6751607.1,2.0256,0.97208,2.2673,0.5274
2021-12-17 07:35,26410981,6729130.8,2.0352,0.97199,2.2799,1.0789
2021-12-17 07:40,26450067,6726931.3,2.0237,0.97247,2.2691,0.88938
2021-12-17 07:45,26479850,6716806.7,2.0305,0.97332,2.2714,0.69714
2021-12-17 07:50,26463043,6713938.6,2.0665,0.97465,2.2963,0.69561
2021-12-17 07:55,26498187,6724635.2,2.0451,0.97416,2.2918,1.1492
2021-12-17 08:00,26532831,6770090.9,2.0666,0.97434,2.33,1.3772
2021-12-17 08:05,26580028,6791146.1,2.0861,0.97392,2.3557,1.3225
2021-12-17 08:10,26623287,6843725.7,2.0862,0.97186,2.373,0.80588
2021-12-17 08:15,26546131,6812799.1,2.0816,0.97057,2.3664,0.84703
2021-12-17 08:20,26518919,6822083.1,2.0307,0.96854,2.327,1.1736
2021-12-17 08:25,26523553,6849972.8,2.0229,0.96788,2.3245,1.1224
2021-12-17 08:30,26605886,6846492.6,2.0085,0.96854,2.3083,0.34517
2021-12-17 08:35,26630764,6886834.9,2.019,0.9675,2.3254,1.7616
2021-12-17 08:40,26655316,6887400.5,2.0276,0.96586,2.3432,2.3036
2021-12-17 08:45,26630904,6880745.7,2.0508,0.96606,2.3543,0.78569
2021-12-17 08:50,26653317,6876022.7,2.0353,0.96665,2.3314,1.5386
2021-12-17 08:55,26552232,6852606.4,2.0528,0.96694,2.3457,0.54234
2021-12-17 09:00,26553728,6852652.3,2.0286,0.96708,2.3216,0.52931
2021-12-17 09:05,26575796,6817942.9,2.0855,0.96764,2.3686,0.32271
2021-12-17 09:10,26550750,6812922.5,2.0657,0.96778,2.3474,0.64384
2021-12-17 09:15,26466568,6760143.5,2.0856,0.96841,2.3519,0.53723
2021-12-17 09:20,26586334,6814769.2,2.0569,0.96525,2.3284,1.7116
2021-12-17 09:25,26514359,6829297.1,2.0707,0.96451,2.3497,0.45902
2021-12-17 09:30,26592204,6839025.3,2.0784,0.96428,2.3619,0.82051
2021-12-17 09:35,26588533,6829530.6,2.0746,0.96439,2.353,1.2098
2021-12-17 09:40,26609273,6828748.9,2.0988,0.96481,2.378,0.95848
2021-12-17 09:45,26666931,6829906.6,2.0828,0.96488,2.3583,0.53399
2021-12-17 09:50,26687455,6848534.7,2.1109,0.96524,2.3864,1.1846
2021-12-17 09:55,26699719,6861829.9,2.115,0.96529,2.3909,1.8337
2021-12-17 10:00,26727142,6866960.5,2.1049,0.96562,2.3829,1.9352
2021-12-17 10:05,26754554,6849786.5,2.1052,0.96585,2.3859,2.0118
2021-12-17 10:10,26725532,6830590,2.1041,0.96586,2.3831,1.0197
2021-12-17 10:15,26610850,6780710.7,2.1062,0.96662,2.3746,0.54935
2021-12-17 10:20,26681786,6789162.3,2.085,0.96649,2.3502,0.41906
2021-12-17 10:25,26680022,6767921.2,2.073,0.96665,2.3297,0.94117
2021-12-17 10:30,26535640,6694943.6,2.09,0.96658,2.3478,1.1653
2021-12-17 10:35,26471239,6713525.5,2.1383,0.96682,2.3878,1.5013
2021-12-17 10:40,26448398,6710417.2,2.1228,0.96643,2.3727,0.74828
2021-12-17 10:45,26561663,6739625.4,2.1353,0.9664,2.3885,0.76494
2021-12-17 10:50,26656125,6777703.4,2.1484,0.96597,2.4082,1.0214
2021-12-17 10:55,26656951,6747116.3,2.1423,0.96636,2.3898,1.0949
2021-12-17 11:00,26563784,6721699.9,2.151,0.96588,2.3991,0.66236
2021-12-17 11:05,26516423,6718658.9,2.1311,0.96563,2.389,1.2277
2021-12-17 11:10,26620994,6773423.6,2.1403,0.96587,2.4005,1.4888
2021-12-17 11:15,26808961,6802191.3,2.1781,0.96483,2.434,0.26307
2021-12-17 11:20,26707189,6783477.8,2.1675,0.96522,2.426,3.2417
2021-12-17 11:25,26744417,6802964.2,2.1548,0.96442,2.4184,0.86698
2021-12-17 11:30,26784908,6829720,2.1135,0.9641,2.393,1.4979
2021-12-17 11:35,26741297,6804001.1,2.1166,0.9641,2.3929,0.95388
2021-12-17 11:40,26628432,6753510.6,2.1362,0.96424,2.4131,0.9614
2021-12-17 11:45,26674019,6763731,2.131,0.96477,2.4107,1.1431
2021-12-17 11:50,26686895,6754311.2,2.1333,0.96527,2.4097,1.0664
2021-12-17 11:55,26631093,6720654.1,2.1549,0.9645,2.4378,0.6342
2021-12-17 12:00,26598655,6717951.8,2.1528,0.96329,2.4391,1.3924
2021-12-17 12:05,26647732,6735203.9,2.1556,0.96433,2.44,0.61709
2021-12-17 12:10,26648179,6695887.9,2.1675,0.96431,2.4464,0.47448
2021-12-17 12:15,26695089,6703014.1,2.1872,0.96507,2.45,0.61067
2021-12-17 12:20,26701898,6743952.1,2.1712,0.96369,2.4582,1.6796
2021-12-17 12:25,26825450,6801592.8,2.1733,0.96425,2.4534,0.9904
2021-12-17 12:30,26837930,6786279.5,2.2002,0.96521,2.479,0.51546
2021-12-17 12:35,26907094,6792503.2,2.21,0.96497,2.4934,0.57902
2021-12-17 12:40,26973778,6807640.2,2.2152,0.9644,2.5018,0.8972
2021-12-17 12:45,27073284,6810013.9,2.1821,0.96528,2.466,1.1055
2021-12-17 12:50,27149849,6812519.4,2.1724,0.96584,2.4505,0.74656
2021-12-17 12:55,27238710,6824931.2,2.1549,0.96616,2.427,1.9962
2021-12-17 13:00,27214574,6818130.6,2.1665,0.96568,2.43,0.50621
2021-12-17 13:05,27301034,6866083.4,2.1797,0.96538,2.4502,1.1145
2021-12-17 13:10,27382240,6871687.9,2.1546,0.96607,2.4249,1.1769
2021-12-17 13:15,27258681,6804857.1,2.2256,0.9667,2.4717,0.59893
2021-12-17 13:20,27251836,6819937.7,2.2706,0.96594,2.5225,0.60613
2021-12-17 13:25,27278528,6834089.6,2.2536,0.96606,2.5173,1.6302
2021-12-17 13:30,27304213,6861002.6,2.2446,0.96636,2.5111,0.88439
2021-12-17 13:35,27419113,6911665.5,2.2199,0.96663,2.4978,1.0554
2021-12-17 13:40,27481110,6911018.8,2.2425,0.96645,2.5218,0.57377
2021-12-17 13:45,27497551,6908399.5,2.2383,0.96687,2.5187,1.874
2021-12-17 13:50,27506349,6900444.3,2.2194,0.96709,2.4943,0.92698
2021-12-17 13:55,27419021,6826787.8,2.2352,0.9627,2.512,0.38318
2021-12-17 14:00,27483256,6822096.9,2.2589,0.96722,2.5286,0.64309
2021-12-17 14:05,27302570,6699888.8,2.4129,0.96548,2.6583,0.38058
2021-12-17 14:10,27009610,6608981.5,2.4273,0.9702,2.6692,0.66607
2021-12-17 14:15,26960121,6626528.1,2.425,0.9709,2.6888,1.3555
2021-12-17 14:20,26931932,6619743.4,2.4294,0.9701,2.6929,1.0846
2021-12-17 14:25,26947002,6650250.6,2.4659,0.9711,2.717,1.4878
2021-12-17 14:30,26914812,6630535.5,2.5112,0.97111,2.7688,1.1837
2021-12-17 14:35,27037844,6650609.9,2.4939,0.97157,2.7652,0.30804
2021-12-17 14:40,27030450,6577902.2,2.5123,0.9725,2.7544,0.68952
2021-12-17 14:45,27121055,6599825.2,2.5506,0.97598,2.7554,0.68811
2021-12-17 14:50,27121029,6624472.7,2.568,0.97514,2.7824,1.1367
2021-12-17 14:55,27200629,6635041.8,2.5525,0.97512,2.7927,0.89298
2021-12-17 15:00,27238050,6661962.1,2.5335,0.97353,2.7805,1.0462
2021-12-17 15:05,27294241,6663070.1,2.5158,0.97537,2.7556,0.90912
2021-12-17 15:10,27316124,6689140.5,2.5432,0.97551,2.7772,1.6765
2021-12-17 15:15,27412336,6672022.5,2.5582,0.97535,2.7866,0.51411
2021-12-17 15:20,27398213,6698326.1,2.5152,0.97535,2.7478,0.81603
2021-12-17 15:25,27362901,6684483.1,2.4844,0.97466,2.7161,1.0315
2021-12-17 15:30,27429165,6734011.4,2.5455,0.97517,2.7866,0.80322
2021-12-17 15:35,27434079,6819300.5,2.4523,0.97476,2.7226,1.9457
2021-12-17 15:40,27605588,6901705.4,2.4352,0.97268,2.7112,2.3841
2021-12-17 15:45,27868179,6970162.6,2.4501,0.97479,2.7183,1.9071
2021-12-17 15:50,27908969,7001619.9,2.4031,0.97358,2.6801,1.2683
2021-12-17 15:55,27963105,7035306.9,2.3908,0.97258,2.6839,1.3916
2021-12-17 16:00,27852483,7022729.8,2.3554,0.96966,2.6442,1.6703
2021-12-17 16:05,27841986,7035391.4,2.3581,0.96862,2.6454,1.505
2021-12-17 16:10,27837305,7010875.4,2.3453,0.96865,2.6375,0.69583
2021-12-17 16:15,27871385,7065428.7,2.2796,0.9658,2.5793,1.4528
2021-12-17 16:20,27877760,7073785.9,2.2821,0.96434,2.5822,0.86545
2021-12-17 16:25,27898872,7067857.8,2.2798,0.96467,2.5776,0.55278
2021-12-17 16:30,27731379,7103965.9,2.2075,0.96777,2.5338,1.7088
2021-12-17 16:35,27776074,7084573.8,2.2355,0.96866,2.5521,0.82763
2021-12-17 16:40,27866279,7065575.9,2.2463,0.96916,2.5566,0.43493
2021-12-17 16:45,27964333,7062392.3,2.2429,0.97048,2.548,0.56709
2021-12-17 16:50,27920080,7031574.4,2.2373,0.97141,2.5297,0.83271
2021-12-17 16:55,27860011,7041773,2.2606,0.9698,2.5646,2.6884
2021-12-17 17:00,27769712,7056283.8,2.2187,0.96807,2.526,1.7741
2021-12-17 17:05,27609117,6982069.6,2.2503,0.97002,2.5528,0.37019
2021-12-17 17:10,27613605,6952537.7,2.2762,0.97298,2.5671,0.36553
2021-12-17 17:15,27540609,6947730,2.2428,0.97267,2.5349,1.2548
2021-12-17 17:20,27434006,6899788.9,2.2257,0.97078,2.5171,1.5833
2021-12-17 17:25,27335222,6836025.7,2.2896,0.96882,2.586,1.1236
2021-12-17 17:30,27370151,6835421.5,2.3359,0.97013,2.616,0.36917
2021-12-17 17:35,27406272,6849136.5,2.2871,0.96791,2.5658,1.396
2021-12-17 17:40,27344872,6817350,2.2871,0.96628,2.5624,0.72182
2021-12-17 17:45,27289852,6794970.1,2.3038,0.96587,2.5778,1.0428
2021-12-17 17:50,27212015,6751573,2.2984,0.96606,2.5648,0.50816
2021-12-17 17:55,27229003,6753609.6,2.2492,0.96486,2.5157,0.98563
2021-12-17 18:00,27162812,6741350.3,2.3077,0.96746,2.5643,0.50932
2021-12-17 18:05,27147198,6757227.8,2.2548,0.96595,2.5288,2.4767
2021-12-17 18:10,27120098,6743954.8,2.2637,0.96639,2.5247,0.50941
2021-12-17 18:15,27060036,6711527.3,2.2753,0.96608,2.5426,0.67378
2021-12-17 18:20,27005515,6712220.8,2.2543,0.96545,2.5218,0.96926
2021-12-17 18:25,27004198,6712916.1,2.2532,0.96475,2.5274,0.8955
2021-12-17 18:30,26981190,6721554.1,2.2951,0.96461,2.5686,1.3227
2021-12-17 18:35,26950093,6711381.7,2.2905,0.96439,2.5638,0.37801
2021-12-17 18:40,27005145,6717259.8,2.2669,0.96447,2.5424,0.5372
2021-12-17 18:45,26960738,6705309.7,2.2585,0.96518,2.533,0.61512
2021-12-17 18:50,26940409,6728097.7,2.2645,0.96511,2.5438,1.6087
2021-12-17 18:55,26920953,6733691.4,2.2902,0.96399,2.5898,0.54567
2021-12-17 19:00,26972756,6769352.6,2.2524,0.96397,2.5609,2.2344
2021-12-17 19:05,27011857,6781326.7,2.2709,0.96382,2.5757,0.84895
2021-12-17 19:10,26986512,6775094.7,2.2583,0.9638,2.5609,0.99734
2021-12-17 19:15,27030996,6779505.4,2.2765,0.9623,2.5799,0.81475
2021-12-17 19:20,27056796,6789095,2.2752,0.96217,2.5861,0.96037
2021-12-17 19:25,27067277,6788309,2.2724,0.96223,2.584,0.66286
2021-12-17 19:30,27068950,6771027.2,2.2668,0.96177,2.5726,0.74691
2021-12-17 19:35,27123482,6775461.3,2.2529,0.96227,2.556,2.4172
2021-12-17 19:40,27100539,6764294.5,2.2452,0.96167,2.5471,0.82664
2021-12-17 19:45,27120936,6783488.5,2.2553,0.96163,2.5546,2.5611
2021-12-17 19:50,27126433,6771687.3,2.2665,0.96147,2.5631,1.6693
2021-12-17 19:55,27063337,6726680.9,2.2776,0.96122,2.5729,0.46829
2021-12-17 20:00,27099717,6733737.7,2.2814,0.96092,2.5744,1.7484
2021-12-17 20:05,27135555,6734243.7,2.2593,0.96098,2.5547,0.98775
2021-12-17 20:10,27107073,6753582.8,2.2569,0.96101,2.5504,1.1115
2021-12-17 20:15,27043922,6718792,2.2412,0.95993,2.5377,0.7199
2021-12-17 20:20,26900904,6643178.2,2.2876,0.95751,2.589,0.64306
2021-12-17 20:25,26847227,6658114.7,2.2629,0.95774,2.5654,0.77807
2021-12-17 20:30,26791760,6601221.7,2.3363,0.95915,2.6297,0.63663
2021-12-17 20:35,26860834,6610719.9,2.3109,0.95753,2.6059,1.1768
2021-12-17 20:40,26681870,6580403.6,2.341,0.95612,2.6449,0.408
2021-12-17 20:45,26674179,6573990.7,2.3355,0.95589,2.6421,0.88056
2021-12-17 20:50,26736350,6578215.6,2.3381,0.95445,2.6539,0.5772
2021-12-17 20:55,26754646,6592612.3,2.3319,0.95521,2.6469,0.69876
2021-12-17 21:00,26845608,6605687.5,2.3293,0.95584,2.6416,0.50952
2021-12-17 21:05,26809369,6614000.8,2.3742,0.9561,2.6824,1.1324
2021-12-17 21:10,26820603,6630601.8,2.3498,0.95557,2.6651,0.92719
2021-12-17 21:15,26818531,6628343.7,2.3634,0.95538,2.6792,0.70066
2021-12-17 21:20,26814908,6670661.3,2.3418,0.95428,2.6631,0.87121
2021-12-17 21:25,26829725,6678455.1,2.309,0.95521,2.636,1.1949
2021-12-17 21:30,26749044,6668281.8,2.3015,0.95494,2.6294,1.5916
2021-12-17 21:35,26745609,6669285.1,2.3018,0.95451,2.625,0.56061
2021-12-17 21:40,26740341,6739536.3,2.2594,0.95374,2.593,1.1862
2021-12-17 21:45,26767813,6730766.6,2.2832,0.9545,2.6072,0.63987
2021-12-17 21:50,26671830,6716500.2,2.2707,0.95448,2.5968,0.57586
2021-12-17 21:55,26659515,6705909.3,2.269,0.95329,2.593,0.90731
2021-12-17 22:00,26597252,6660749.8,2.3073,0.95709,2.626,0.21004
2021-12-17 22:05,26714751,6711679.1,2.2962,0.95738,2.6185,0.44778
2021-12-17 22:10,26616187,6633020,2.3141,0.95753,2.6398,1.0745
2021-12-17 22:15,26468281,6537136.8,2.2719,0.95573,2.6047,1.3799
2021-12-17 22:20,26235391,6425132.5,2.2745,0.95504,2.6101,0.75182
2021-12-17 22:25,26221483,6413250.3,2.29,0.95366,2.628,1.3838
2021-12-17 22:30,26253746,6486471,2.3311,0.95376,2.6728,1.0121
2021-12-17 22:35,26160254,6481706.3,2.3491,0.9571,2.6937,0.50518
2021-12-17 22:40,26245035,6508302.3,2.3315,0.95891,2.677,0.32009
2021-12-17 22:45,26277736,6510309.1,2.3344,0.95915,2.6748,1.015
2021-12-17 22:50,26193007,6519169.9,2.3101,0.95865,2.6484,1.7547
2021-12-17 22:55,26228409,6534402.1,2.3396,0.95851,2.6809,0.61946
2021-12-17 23:00,26192684,6550769.8,2.33,0.95857,2.6673,1.3968
2021-12-17 23:05,26112410,6530656.8,2.3432,0.95834,2.6783,1.072
2021-12-17 23:10,26026349,6514395.2,2.3293,0.95702,2.6699,1.16
2021-12-17 23:15,25992385,6509925.9,2.3126,0.95684,2.6538,1.0295
2021-12-17 23:20,25944818,6495883.7,2.3271,0.95691,2.6631,0.53627
2021-12-17 23:25,25918005,6476131.9,2.3308,0.95697,2.6631,0.53211
2021-12-17 23:30,25890780,6462186.2,2.3028,0.95719,2.6298,0.81982
2021-12-17 23:35,25839204,6466260.8,2.2543,0.95698,2.5782,0.87609
2021-12-17 23:40,25874180,6490796.8,2.2672,0.95704,2.5903,1.2109
2021-12-17 23:45,25874559,6525297.3,2.2519,0.95827,2.5801,2.2796
2021-12-17 23:50,25905251,6513616.3,2.2298,0.95818,2.5526,0.58569
2021-12-17 23:55,25860858,6499001.7,2.2195,0.95766,2.5421,0.91175
2021-12-18 00:00,25856614,6484406.2,2.2398,0.95613,2.5637,0.65285
2021-12-18 00:05,25671760,6430775.9,2.2554,0.95672,2.5697,1.0636
2021-12-18 00:10,25501438,6277944,2.3458,0.95461,2.667,0.26138
2021-12-18 00:15,25319672,6223387.5,2.2607,0.95404,2.604,2.1488
2021-12-18 00:20,25329725,6232856.6,2.242,0.95444,2.5829,0.8224
2021-12-18 00:25,25287734,6214570.6,2.2551,0.95495,2.589,4.1914
2021-12-18 00:30,25268703,6201192.4,2.3184,0.95384,2.656,0.54942
2021-12-18 00:35,25344463,6219024.3,2.3554,0.95456,2.6869,1.6501
2021-12-18 00:40,25274565,6257476.8,2.3614,0.95456,2.6945,0.79799
2021-12-18 00:45,25140473,6257557,2.3817,0.95255,2.7191,1.2312
2021-12-18 00:50,25075468,6249057.4,2.4007,0.95367,2.7292,0.35695
2021-12-18 00:55,25109446,6283852,2.3996,0.95401,2.7267,0.772
2021-12-18 01:00,25186460,6334586.9,2.3488,0.9535,2.6702,1.3145
2021-12-18 01:05,25115271,6286902.9,2.3256,0.95136,2.6483,0.74941
2021-12-18 01:10,25021502,6261130.4,2.3271,0.95034,2.6553,1.4769
2021-12-18 01:15,24972440,6250242.9,2.2291,0.94984,2.5621,1.2934
2021-12-18 01:20,25010067,6276526.4,2.246,0.95212,2.5804,0.81457
2021-12-18 01:25,25084023,6269084.8,2.2089,0.95278,2.5356,1.1707
2021-12-18 01:30,25201989,6341576.5,2.1823,0.95277,2.5089,2.5748
2021-12-18 01:35,25188566,6322330.1,2.1811,0.95285,2.5028,1.6177
2021-12-18 01:40,25153115,6339088,2.1932,0.95551,2.5229,0.46367
2021-12-18 01:45,25158747,6430736,2.0798,0.95506,2.4343,2.7886
2021-12-18 01:50,25014094,6340565,2.1307,0.95567,2.4816,0.27165
2021-12-18 01:55,25100631,6346470.7,2.1276,0.95649,2.4894,0.7203
2021-12-18 02:00,25080840,6310896.4,2.1546,0.95804,2.5083,1.1107
2021-12-18 02:05,25011187,6299067.4,2.1272,0.95766,2.4935,2.1885
2021-12-18 02:10,24858140,6372694.4,2.1107,0.95726,2.4767,1.2623
2021-12-18 02:15,24731117,6416303.1,1.6687,0.95637,2.0055,1.4716
2021-12-18 02:20,24989466,6552531.6,1.5915,0.95576,1.9132,1.4062
2021-12-18 02:25,25072681,6601135.5,1.5904,0.95713,1.8808,0.99041
2021-12-18 02:30,25255990,6661419.7,1.558,0.95726,1.8528,0.9493
2021-12-18 02:35,25515065,6744455.3,1.5199,0.95557,1.8113,1.0971
2021-12-18 02:40,25604879,6745172.4,1.5299,0.95485,1.8193,0.7197
2021-12-18 02:45,25501242,6707402.2,1.5399,0.95664,1.8226,1.2361
2021-12-18 02:50,25487078,6637674.9,1.5718,0.95644,1.8488,0.8761
2021-12-18 02:55,25500951,6664760.8,1.5434,0.95818,1.8204,1.8435
2021-12-18 03:00,25674031,6722147.1,1.5281,0.96236,1.8123,0.86577
2021-12-18 03:05,25593839,6823163.1,1.4826,0.96304,1.7671,1.1811
2021-12-18 03:10,25775648,6816627.9,1.4888,0.96466,1.7558,0.98969
2021-12-18 03:15,25886666,6859291.4,1.4709,0.96328,1.7476,2.0961
2021-12-18 03:20,25787264,6850943.2,1.4614,0.96355,1.7527,1.6164
2021-12-18 03:25,25780906,6823342.9,1.4648,0.9635,1.7451,0.48847
2021-12-18 03:30,26045631,6893302.6,1.4367,0.96398,1.7202,0.44988
2021-12-18 03:35,26085697,6969424.7,1.4372,0.96205,1.74,1.9587
2021-12-18 03:40,26251147,7033483.7,1.4147,0.96216,1.7131,1.1604
2021-12-18 03:45,26158196,7000194.8,1.4195,0.96163,1.7155,1.2504
2021-12-18 03:50,26137733,7018519,1.3981,0.96199,1.6864,1.3996
2021-12-18 03:55,26129623,7030738.7,1.3962,0.963,1.6783,1.5979
2021-12-18 04:00,26526778,7136100.9,1.4046,0.9643,1.6867,0.38062
2021-12-18 04:05,26583614,7174917.4,1.3669,0.96467,1.6311,0.99419
2021-12-18 04:10,26786081,7249652.8,1.3352,0.96508,1.5987,1.4339
2021-12-18 04:15,27086735,7334004.4,1.3326,0.95932,1.6047,0.68576
2021-12-18 04:20,27152629,7359991.6,1.3282,0.96404,1.5909,1.2574
2021-12-18 04:25,27285934,7400763.9,1.335,0.96369,1.5978,1.2882
2021-12-18 04:30,27290907,7391868,1.3285,0.96309,1.5907,0.76278
2021-12-18 04:35,27335708,7346198.2,1.3527,0.9683,1.6021,0.59231
2021-12-18 04:40,27192323,7309469.4,1.3561,0.96938,1.5937,0.87283
2021-12-18 04:45,27151593,7294833.7,1.363,0.9687,1.6083,0.82183
2021-12-18 04:50,27126340,7267146.5,1.3764,0.96826,1.6128,0.98005
2021-12-18 04:55,27130019,7279149.9,1.3743,0.97028,1.6028,1.2298
2021-12-18 05:00,26951431,7198996.7,1.4096,0.97338,1.627,1.7546
2021-12-18 05:05,26807781,7155241,1.4377,0.97364,1.6472,0.45469
2021-12-18 05:10,26662280,7134898.6,1.4373,0.97445,1.6551,2.0903
2021-12-18 05:15,26491027,7097531.3,1.4177,0.97562,1.6403,3.289
2021-12-18 05:20,26532428,7103175.9,1.4062,0.97391,1.6225,0.4117
2021-12-18 05:25,26470396,7084198.2,1.416,0.97611,1.6371,0.74993
2021-12-18 05:30,26375219,7057787.1,1.4274,0.97392,1.6499,3.5673
2021-12-18 05:35,26227062,7002119.9,1.462,0.97295,1.6784,0.51961
2021-12-18 05:40,26204766,7002095.9,1.466,0.97201,1.6798,0.9266
2021-12-18 05:45,26050884,6964001.2,1.4609,0.97148,1.6792,1.2701
2021-12-18 05:50,26002328,6944701.8,1.4549,0.97082,1.6788,0.8617
2021-12-18 05:55,25944554,6922982.5,1.4571,0.97028,1.6784,0.80322
2021-12-18 06:00,25821551,6876279,1.472,0.97035,1.6913,2.1364
2021-12-18 06:05,25682812,6847294.5,1.4731,0.96855,1.6878,0.46108
2021-12-18 06:10,25629082,6821266.8,1.4986,0.96834,1.7104,0.50235
2021-12-18 06:15,25520905,6760998.2,1.5015,0.96957,1.7094,0.41785
2021-12-18 06:20,25434570,6765635.6,1.5109,0.96876,1.7223,0.99716
2021-12-18 06:25,25361143,6745780.8,1.4996,0.96832,1.7136,0.9626
2021-12-18 06:30,25291170,6723415.3,1.5,0.96883,1.7046,1.6456
2021-12-18 06:35,25318610,6723881.2,1.5007,0.96957,1.6998,0.61594
2021-12-18 06:40,25308342,6744027.8,1.4831,0.96989,1.6753,0.80492
2021-12-18 06:45,25317682,6722118.8,1.4903,0.96872,1.6831,0.68201
2021-12-18 06:50,25362881,6714097.1,1.5007,0.96923,1.6965,0.75482
2021-12-18 06:55,25444907,6742098.3,1.4842,0.96929,1.6847,0.84075
2021-12-18 07:00,25453297,6740287.6,1.4811,0.96901,1.675,0.41744
2021-12-18 07:05,25767798,6820708.3,1.5025,0.96655,1.7056,0.83445
2021-12-18 07:10,25646402,6777061.7,1.4964,0.96655,1.694,0.79991
2021-12-18 07:15,25710646,6799861.2,1.5076,0.96682,1.6977,0.83228
2021-12-18 07:20,25730967,6809509.8,1.5079,0.96698,1.6983,2.1132
2021-12-18 07:25,25727521,6835802.3,1.5214,0.96746,1.7101,1.4923
2021-12-18 07:30,25887786,6919571.7,1.4906,0.96456,1.7048,1.6973
2021-12-18 07:35,25921615,6903505.7,1.4816,0.96431,1.6999,0.67796
2021-12-18 07:40,25801767,6864779.9,1.4755,0.96413,1.6896,0.88129
2021-12-18 07:45,25763169,6868460.9,1.4783,0.96347,1.6982,0.89699
2021-12-18 07:50,25736301,6936218,1.4479,0.96081,1.6737,2.6019
2021-12-18 07:55,25899770,6998117.9,1.4518,0.95968,1.6885,0.93264
2021-12-18 08:00,26120040,7021066.8,1.4371,0.95848,1.6783,1.1223
2021-12-18 08:05,26202308,7114450.7,1.4099,0.956,1.6637,1.161
2021-12-18 08:10,26243012,7122615.9,1.4119,0.95792,1.6562,0.8497
2021-12-18 08:15,26279710,7155126.4,1.3949,0.95789,1.6373,0.97752
2021-12-18 08:20,26505558,7211683.4,1.4003,0.95807,1.6306,0.91681
2021-12-18 08:25,26582296,7245270.6,1.3961,0.95615,1.6301,1.6561
2021-12-18 08:30,26690029,7263157.6,1.4288,0.95687,1.6523,0.71531
2021-12-18 08:35,26492477,7175643.7,1.4529,0.95866,1.6464,0.71195
2021-12-18 08:40,26418644,7164654.1,1.4443,0.95844,1.64,1.0755
2021-12-18 08:45,26422287,7136420.6,1.4348,0.95741,1.6386,0.83131
2021-12-18 08:50,26154527,7124493.4,1.4323,0.9597,1.6477,1.3698
2021-12-18 08:55,26133884,7078839.7,1.4414,0.96301,1.6535,0.77314
2021-12-18 09:00,26222804,7097201.9,1.4395,0.96332,1.6497,0.64118
2021-12-18 09:05,26205382,7096417.4,1.4233,0.96317,1.6403,0.8284
2021-12-18 09:10,26297183,7116707,1.4257,0.96265,1.6417,1.0532
2021-12-18 09:15,26288547,7143672.1,1.424,0.96352,1.6472,2.5797
2021-12-18 09:20,26222722,7165801.2,1.4276,0.9611,1.6651,1.6594
2021-12-18 09:25,26265788,7162943,1.4461,0.96014,1.6774,1.0072
2021-12-18 09:30,26266406,7195681.9,1.4119,0.96055,1.647,1.1796
2021-12-18 09:35,26266282,7159925.8,1.4396,0.95971,1.6679,0.58611
2021-12-18 09:40,26264170,7167072.6,1.4466,0.9609,1.6754,1.4406
2021-12-18 09:45,26317496,7200825.1,1.4567,0.96041,1.6889,1.0508
2021-12-18 09:50,26444819,7239533.6,1.4553,0.96085,1.6836,1.4003
2021-12-18 09:55,26467819,7242124.9,1.4567,0.96014,1.6906,0.48101
2021-12-18 10:00,26498764,7245027.1,1.4564,0.95422,1.6959,1.1101
2021-12-18 10:05,26547565,7236069.8,1.4545,0.9587,1.6871,0.7907
2021-12-18 10:10,26555859,7212081.1,1.4545,0.9599,1.682,0.65178
2021-12-18 10:15,26531803,7199670.1,1.4683,0.96427,1.6941,1.0044
2021-12-18 10:20,26452656,7165760,1.4589,0.96712,1.6802,1.5199
2021-12-18 10:25,26415070,7185362.9,1.4588,0.9674,1.679,1.2201
2021-12-18 10:30,26439573,7191299.5,1.4596,0.96662,1.6807,3.2304
2021-12-18 10:35,26452611,7187407.2,1.4704,0.96692,1.6898,0.68515
2021-12-18 10:40,26465145,7202753.9,1.4607,0.96617,1.6825,1.1305
2021-12-18 10:45,26478336,7212963.5,1.4662,0.96635,1.6885,0.67311
2021-12-18 10:50,26477891,7226610.8,1.4515,0.96056,1.6882,2.4022
2021-12-18 10:55,26357726,7183835.9,1.4665,0.96504,1.6958,0.38984
2021-12-18 11:00,26401375,7204817,1.4487,0.96437,1.6791,0.99502
2021-12-18 11:05,26372422,7183463.5,1.4663,0.964,1.6847,0.41463
2021-12-18 11:10,26347609,7167076.6,1.4621,0.96473,1.6767,0.79219
2021-12-18 11:15,26365655,7163021.2,1.4621,0.96609,1.6751,1.0704
2021-12-18 11:20,26356419,7138207.8,1.456,0.96836,1.6575,0.42358
2021-12-18 11:25,26307882,7139959.2,1.4639,0.96967,1.6618,1.291
2021-12-18 11:30,26254392,7129285.9,1.4681,0.96909,1.6741,0.77213
2021-12-18 11:35,26205035,7109426,1.485,0.97087,1.6799,0.8356
2021-12-18 11:40,26189081,7135439.8,1.4765,0.97001,1.6767,2.1536
2021-12-18 11:45,26276818,7152364.1,1.4811,0.96797,1.6802,1.3624
2021-12-18 11:50,26312622,7119291.1,1.479,0.96819,1.6767,0.24716
2021-12-18 11:55,26363167,7110277.2,1.5,0.97097,1.6805,0.49967
2021-12-18 12:00,26215139,7078045.6,1.5079,0.96936,1.6913,0.96425
2021-12-18 12:05,26402588,7123682.3,1.5266,0.97098,1.7069,0.40946
2021-12-18 12:10,26292542,7101615.6,1.5124,0.97262,1.7057,1.0038
2021-12-18 12:15,26548945,7146864.2,1.5632,0.9849,1.7494,2.5907
2021-12-18 12:20,26604798,7141525.9,1.5976,0.98603,1.7716,0.80731
2021-12-18 12:25,26668605,7154653.3,1.5937,0.9862,1.7726,1.0064
2021-12-18 12:30,26601791,7143293,1.6107,0.98623,1.786,1.3414
2021-12-18 12:35,26423287,7130714.8,1.5849,0.98411,1.77,2.8185
2021-12-18 12:40,26178046,7093726.9,1.5768,0.96915,1.7752,1.5564
2021-12-18 12:45,26317861,7141351.6,1.5527,0.96756,1.7589,0.90389
2021-12-18 12:50,26338573,7156783.4,1.5534,0.97042,1.7676,1.5436
2021-12-18 12:55,26281137,7160431.9,1.5583,0.96947,1.7666,0.87698
2021-12-18 13:00,26521345,7302302,1.4709,0.96482,1.6864,2.2527
2021-12-18 13:05,26893298,7388126.8,1.4468,0.95168,1.6424,0.73243
2021-12-18 13:10,27142031,7472676.4,1.4542,0.95424,1.6559,0.75282
2021-12-18 13:15,27272306,7499576.2,1.4556,0.95493,1.658,0.59173
2021-12-18 13:20,27317754,7481240.1,1.4222,0.95871,1.5974,0.60391
2021-12-18 13:25,27433979,7611837.3,1.3719,0.95857,1.5794,3.0079
2021-12-18 13:30,27808822,7769387.2,1.3855,0.94973,1.6218,1.1035
2021-12-18 13:35,28219021,7957050.8,1.3549,0.94793,1.5738,1.2052
2021-12-18 13:40,28844475,8198191.1,1.3348,0.95455,1.5269,1.1833
2021-12-18 13:45,29597915,8448861.6,1.3156,0.96471,1.4807,1.1814
2021-12-18 13:50,29630975,8398307.2,1.2907,0.95885,1.4628,1.0156
2021-12-18 13:55,30185779,8748794.7,1.2241,0.97213,1.3406,1.2941
2021-12-18 14:00,30668637,8814473,1.2092,0.95522,1.3313,1.289
2021-12-18 14:05,31669383,9187259.5,1.1819,0.95676,1.2877,1.219
2021-12-18 14:10,33636133,9876241.4,1.1306,0.9697,1.2202,1.2407
2021-12-18 14:15,35319286,10261665,1.1231,0.96029,1.2152,1.0117
2021-12-18 14:20,35649588,10356918,1.12,0.96238,1.2122,0.90716
2021-12-18 14:25,35236730,10096090,1.1656,0.96935,1.217,0.77922
2021-12-18 14:30,34706089,10039430,1.1123,0.97604,1.1572,1.1112
2021-12-18 14:35,34537574,9992717.3,1.0811,0.98269,1.1261,1.2661
2021-12-18 14:40,34611777,10087467,1.0759,0.98427,1.1025,1.037
2021-12-18 14:45,35094936,10215083,1.0532,0.98846,1.0714,1.1029
2021-12-18 14:50,35132753,10213794,1.0542,0.98463,1.0686,0.98126
2021-12-18 14:55,35702934,10482450,1.04,0.99117,1.0404,1.2188
2021-12-18 15:00,36451681,10668729,1.0175,0.9927,1.006,1.1287
2021-12-18 15:05,36333731,10577533,1.0286,0.9903,1.0128,0.91404
2021-12-18 15:10,36435412,10594801,1.0251,0.99524,1.0041,0.85312
2021-12-18 15:15,35885925,10403179,1.0416,0.9985,1.0148,0.83057
2021-12-18 15:20,35282103,10245373,1.0475,0.99239,1.0203,0.98641
2021-12-18 15:25,35044350,10106440,1.0538,0.99556,1.0182,0.89598
2021-12-18 15:30,35117386,10157098,1.067,0.9952,1.0322,0.87508
2021-12-18 15:35,35208111,10144513,1.0639,0.9999,1.0318,1.067
2021-12-18 15:40,35171474,10085111,1.0702,0.9964,1.0235,0.68151
2021-12-18 15:45,34648019,10000111,1.0929,1.0027,1.0281,1.152
2021-12-18 15:50,34715639,9943061.7,1.121,0.99914,1.049,0.70541
2021-12-18 15:55,33823005,9673021.9,1.1329,0.99629,1.0499,0.89606
2021-12-18 16:00,34060803,9698953.6,1.1629,0.99754,1.0653,0.94409
2021-12-18 16:05,34001603,9616191.2,1.1713,0.99713,1.0542,1.0703
2021-12-18 16:10,33784554,9584909.4,1.1772,1.0016,1.0472,1.266
2021-12-18 16:15,33455056,9571374.8,1.2041,0.99138,1.1074,1.6049
2021-12-18 16:20,33422780,9600693.6,1.2124,0.98805,1.1525,0.93419
2021-12-18 16:25,33550727,9614753.6,1.201,0.98956,1.1399,0.80493
2021-12-18 16:30,33617522,9608918.8,1.2142,0.98796,1.1436,1.0393
2021-12-18 16:35,33660539,9571710.9,1.207,0.99428,1.1137,0.69691
2021-12-18 16:40,33632025,9643173,1.1966,0.99004,1.1157,1.3981
2021-12-18 16:45,33580364,9616953.8,1.2046,0.98639,1.1342,1.0185
2021-12-18 16:50,33578530,9645374.3,1.2247,0.98643,1.1527,1.3333
2021-12-18 16:55,33524979,9624384.2,1.2187,0.9835,1.1508,1.2907
2021-12-18 17:00,33720099,9722946.8,1.1962,0.98174,1.1492,1.5524
2021-12-18 17:05,33604634,9637784.5,1.2019,0.98189,1.15,0.59131
2021-12-18 17:10,33773268,9729065.3,1.2035,0.9843,1.1496,1.2626
2021-12-18 17:15,34042051,9964487.6,1.1778,0.98704,1.1429,1.5037
2021-12-18 17:20,34427100,10025860,1.171,0.98438,1.1343,0.98762
2021-12-18 17:25,35994050,10588730,1.1251,0.98691,1.0907,1.2606
2021-12-18 17:30,37626488,11167400,1.0667,0.98253,1.063,1.1656
2021-12-18 17:35,39684746,11771289,1.0724,0.98866,1.0724,1.0576
2021-12-18 17:40,40023972,11823882,1.0614,0.98646,1.0222,0.883
2021-12-18 17:45,39501214,11599531,1.0626,0.99226,1.0139,0.6397
2021-12-18 17:50,40003169,11824719,1.0595,0.98893,1.0318,1.1818
2021-12-18 17:55,40485855,12138259,1.0207,0.99708,1.001,1.2589
2021-12-18 18:00,44090932,13216257,1.0188,0.99993,0.99457,1.1838
2021-12-18 18:05,44795971,13413258,1.0165,0.99718,0.97714,1.1567
2021-12-18 18:10,45449023,13531992,0.98256,0.99579,0.94329,1.0278
2021-12-18 18:15,45783948,13624725,0.97847,0.98829,0.95071,1.0788
2021-12-18 18:20,44868425,13272449,1.0148,1.0078,0.96479,0.91778
2021-12-18 18:25,45383666,13582652,0.99577,1.0079,0.95344,1.3261
2021-12-18 18:30,45783417,13609579,0.98822,1.0154,0.9343,0.81658
2021-12-18 18:35,46176368,13702375,0.98002,1.0252,0.92261,0.95677
2021-12-18 18:40,46050003,13682837,0.96724,1.0184,0.91847,1.2675
2021-12-18 18:45,46151965,13714979,0.96214,1.0201,0.91153,0.74379
2021-12-18 18:50,45911121,13666648,0.96665,1.0255,0.9115,1.1201
2021-12-18 18:55,46235930,13729759,0.95511,1.0298,0.89143,0.75348
2021-12-18 19:00,46193275,13761439,0.95553,1.0271,0.89007,0.88238
2021-12-18 19:05,46470493,13914234,0.93427,1.0311,0.86409,1.2458
2021-12-18 19:10,47365924,14148044,0.91573,1.0337,0.84954,0.714
2021-12-18 19:15,47292804,14076995,0.92184,1.0392,0.84728,0.87328
2021-12-18 19:20,47616186,14275227,0.90366,1.0429,0.83511,1.2904
2021-12-18 19:25,49118587,14846093,0.87555,1.0495,0.8196,1.021
2021-12-18 19:30,51306974,15582574,0.86684,1.045,0.81832,1.2843
2021-12-18 19:35,52900385,16063731,0.84739,1.0425,0.80801,1.0596
2021-12-18 19:40,53843459,16496855,0.84032,1.0374,0.80977,1.499
2021-12-18 19:45,55309960,16831374,0.84232,1.0389,0.80468,0.94312
2021-12-18 19:50,55118975,16691679,0.83401,1.0357,0.79217,0.97312
2021-12-18 19:55,54318939,16479761,0.84712,1.0317,0.80637,1.0321
2021-12-18 20:00,55324634,16865161,0.84013,1.0345,0.80338,1.0973
2021-12-18 20:05,56110044,17119016,0.82943,1.0351,0.79152,1.1939
2021-12-18 20:10,57295857,17475833,0.82248,1.0357,0.78494,0.89636
2021-12-18 20:15,57804551,17535589,0.80352,1.0465,0.75778,0.72184
2021-12-18 20:20,57544222,17563319,0.80356,1.0423,0.76135,1.3512
2021-12-18 20:25,58978974,18076810,0.79774,1.0462,0.76334,1.2236
2021-12-18 20:30,59333577,18307375,0.78968,1.0433,0.76825,1.3921
2021-12-18 20:35,59255644,18261369,0.80095,1.0459,0.78216,0.99398
2021-12-18 20:40,61059846,18871354,0.76996,1.0442,0.76352,1.3053
2021-12-18 20:45,61434532,18890504,0.76708,1.0398,0.75705,1.0582
2021-12-18 20:50,61305105,18812085,0.76914,1.0329,0.76254,0.92316
2021-12-18 20:55,61503827,18723077,0.77649,1.0395,0.74006,0.78367
2021-12-18 21:00,62113463,18964374,0.73151,1.0366,0.70064,1.0347
2021-12-18 21:05,62257129,19101732,0.72421,1.0407,0.68759,1.271
2021-12-18 21:10,62984360,19359605,0.72254,1.0462,0.68753,1.1269
2021-12-18 21:15,62807364,19162527,0.71316,1.0496,0.66404,0.64092
2021-12-18 21:20,62966743,19261527,0.70731,1.0509,0.657,1.1453
2021-12-18 21:25,63317510,19439829,0.69508,1.0489,0.64871,0.92748
2021-12-18 21:30,63473798,19518193,0.69354,1.053,0.64603,0.80003
2021-12-18 21:35,63610204,19636998,0.68609,1.0548,0.63997,1.3113
2021-12-18 21:40,63802586,19560597,0.68618,1.0597,0.6317,0.72473
2021-12-18 21:45,64273650,19675450,0.69186,1.0572,0.63856,0.84696
2021-12-18 21:50,64801749,19863957,0.68274,1.0558,0.63042,1.1825
2021-12-18 21:55,64505530,19629678,0.69866,1.064,0.62691,0.70554
2021-12-18 22:00,64855977,19812497,0.69893,1.0638,0.62778,1.1041
2021-12-18 22:05,65179512,19901912,0.68938,1.0716,0.61238,1.0284
2021-12-18 22:10,65513189,19900286,0.68827,1.0742,0.60793,0.66213
2021-12-18 22:15,66100379,20050228,0.67664,1.0688,0.60485,1.0117
2021-12-18 22:20,65917899,20001694,0.68842,1.0667,0.60675,0.82541
2021-12-18 22:25,65554912,19966138,0.67818,1.0652,0.60521,1.3476
2021-12-18 22:30,65486030,19887659,0.68107,1.0669,0.60062,0.98924
2021-12-18 22:35,65428110,19881820,0.68348,1.0673,0.6008,0.95978
2021-12-18 22:40,65732889,19892737,0.68576,1.0644,0.59966,0.98935
2021-12-18 22:45,65770174,19832496,0.68007,1.0608,0.58455,0.62969
2021-12-18 22:50,65706817,19875655,0.68147,1.0585,0.58213,1.2529
2021-12-18 22:55,65553374,19763179,0.67774,1.059,0.57932,0.83741
2021-12-18 23:00,64614005,19407243,0.68988,1.0635,0.57206,0.96217
2021-12-18 23:05,64708327,19483030,0.69442,1.0685,0.57915,1.2237
2021-12-18 23:10,64663333,19462294,0.70489,1.0671,0.58654,1.3262
2021-12-18 23:15,64283119,19398588,0.71263,1.0642,0.59981,1.7291
2021-12-18 23:20,63799135,19218812,0.71493,1.0656,0.59877,1.043
2021-12-18 23:25,62110661,19040427,0.72467,1.0574,0.61699,1.6046
2021-12-18 23:30,62487888,18996915,0.73686,1.0526,0.63247,1.3956
2021-12-18 23:35,62460757,19026719,0.72787,1.0494,0.62787,0.96935
2021-12-18 23:40,62559714,18973736,0.73716,1.0465,0.63575,0.94996
2021-12-18 23:45,62174383,18929613,0.7325,1.0456,0.63454,1.4168
2021-12-18 23:50,62255708,18957931,0.73185,1.0448,0.63441,0.9618
2021-12-18 23:55,62376944,19000487,0.7315,1.0476,0.63156,1.2889
2021-12-19 00:00,62331286,19177464,0.71988,1.051,0.62003,1.0863
2021-12-19 00:05,63358274,19242866,0.72495,1.0451,0.63053,0.98349
2021-12-19 00:10,63501315,19076430,0.74825,1.0162,0.64551,1.0791
2021-12-19 00:15,63755744,19099946,0.75549,1.0165,0.6497,1.0956
2021-12-19 00:20,63648437,18931591,0.77216,1.0212,0.64343,0.90588
2021-12-19 00:25,63551105,18930421,0.77787,1.0254,0.64973,1.4987
2021-12-19 00:30,63794869,18865476,0.78589,1.03,0.64163,0.99104
2021-12-19 00:35,62782462,18673593,0.78431,1.0281,0.64692,1.507
2021-12-19 00:40,62507055,18636030,0.78693,1.0276,0.64985,1.0415
2021-12-19 00:45,62592621,18570512,0.7984,1.0288,0.65407,0.79087
2021-12-19 00:50,62314711,18564497,0.79192,1.0301,0.65257,1.3594
2021-12-19 00:55,62043010,18450971,0.79669,1.0306,0.65674,0.99085
2021-12-19 01:00,61959559,18472899,0.79702,1.0302,0.65684,1.5037
2021-12-19 01:05,62181325,18367120,0.80283,1.0297,0.65499,0.77081
2021-12-19 01:10,62176905,18364716,0.80955,1.03,0.6629,1.1156
2021-12-19 01:15,61760543,18140177,0.81418,1.0337,0.64582,0.74123
2021-12-19 01:20,61407397,18029826,0.82467,1.0385,0.64594,1.1538
2021-12-19 01:25,61170569,17829109,0.82981,1.0415,0.6398,0.90635
2021-12-19 01:30,61342657,17884449,0.8392,1.0428,0.64504,1.4332
2021-12-19 01:35,61089443,17861942,0.84448,1.0424,0.65412,1.4444
2021-12-19 01:40,60783396,17782790,0.85765,1.0418,0.66371,1.3617
2021-12-19 01:45,60447374,17663146,0.84337,1.0413,0.65302,0.98959
2021-12-19 01:50,60453661,17610756,0.85536,1.0402,0.65696,1.1997
2021-12-19 01:55,60520938,17599768,0.85194,1.0413,0.64925,1.1354
2021-12-19 02:00,60363147,17639661,0.86855,1.0417,0.66282,1.291
2021-12-19 02:05,59580146,17546353,0.85999,1.0368,0.67441,1.4979
2021-12-19 02:10,59111770,17518955,0.86031,1.0356,0.67777,1.6354
2021-12-19 02:15,58895851,17375629,0.86054,1.0358,0.67615,0.84869
2021-12-19 02:20,58759937,17286930,0.86779,1.0357,0.67984,0.97736
2021-12-19 02:25,58623218,17337817,0.86041,1.0337,0.67929,1.5369
2021-12-19 02:30,58625694,17438307,0.86298,1.034,0.68697,1.6856
2021-12-19 02:35,58366828,17257954,0.86157,1.0345,0.68688,0.74072
2021-12-19 02:40,58393133,17363217,0.85534,1.0297,0.68711,1.8031
2021-12-19 02:45,58268807,17327386,0.85274,1.0295,0.68469,1.1218
2021-12-19 02:50,58228404,17295200,0.85613,1.0307,0.68505,0.42785
2021-12-19 02:55,58355788,17321336,0.85008,1.0308,0.67882,1.4344
2021-12-19 03:00,58451900,17319965,0.85244,1.0315,0.68049,0.95637
2021-12-19 03:05,58156058,17395640,0.84651,1.028,0.6889,1.8786
2021-12-19 03:10,58146489,17489177,0.84147,1.0268,0.69452,1.6516
2021-12-19 03:15,57769256,17402266,0.83698,1.0255,0.6957,1.1341
2021-12-19 03:20,57770744,17378726,0.83576,1.0232,0.70428,1.3313
2021-12-19 03:25,57804501,17341128,0.83745,1.0244,0.70043,1.1347
2021-12-19 03:30,57628123,17181684,0.85719,1.0231,0.71287,0.69089
2021-12-19 03:35,57155870,17091891,0.87839,1.0229,0.72675,1.0122
2021-12-19 03:40,57091493,17032855,0.8776,1.0206,0.72851,1.3698
2021-12-19 03:45,57015242,16973438,0.88402,1.0206,0.72955,1.0976
2021-12-19 03:50,56873289,16966300,0.87826,1.0178,0.72681,1.0026
2021-12-19 03:55,56412172,16867402,0.87358,1.018,0.72587,1.3802
2021-12-19 04:00,56267230,16813030,0.87172,1.0197,0.72416,0.82018
2021-12-19 04:05,56190477,16834385,0.87464,1.0188,0.73029,1.2883
2021-12-19 04:10,56051733,16867674,0.85584,1.0181,0.72362,1.7513
2021-12-19 04:15,56003503,16930347,0.8602,1.0181,0.72345,1.6904
2021-12-19 04:20,55584889,17021181,0.83661,1.0129,0.72337,1.3277
2021-12-19 04:25,55132732,16787366,0.8273,1.0175,0.71298,1.098
2021-12-19 04:30,55101395,16780005,0.8232,1.0194,0.70907,1.0976
2021-12-19 04:35,55006229,16670188,0.82494,1.019,0.71035,0.7984
2021-12-19 04:40,54862091,16621415,0.8256,1.0184,0.71388,1.2208
2021-12-19 04:45,55212957,16815106,0.82537,1.0164,0.71429,1.393
2021-12-19 04:50,55278393,16810378,0.81577,1.0163,0.70975,0.97038
2021-12-19 04:55,55299791,16795832,0.81675,1.0156,0.71173,1.1932
2021-12-19 05:00,55306159,16785419,0.8179,1.0179,0.71173,1.3037
2021-12-19 05:05,55240787,16710172,0.82417,1.0196,0.70638,0.8559
2021-12-19 05:10,55421383,16700140,0.82663,1.0211,0.70021,0.96684
2021-12-19 05:15,55518001,16786823,0.8272,1.0189,0.70618,1.2327
2021-12-19 05:20,55519752,16738676,0.82638,1.0178,0.70711,0.82831
2021-12-19 05:25,55760897,16842253,0.82103,1.0176,0.7036,1.6171
2021-12-19 05:30,55571050,16759344,0.8232,1.0175,0.70518,0.73283
2021-12-19 05:35,55166507,16511265,0.83515,1.0201,0.70447,0.46474
2021-12-19 05:40,55128764,16547450,0.82642,1.021,0.69826,0.72597
2021-12-19 05:45,55207011,16531079,0.81986,1.0202,0.68778,0.7628
2021-12-19 05:50,55339075,16591208,0.82566,1.019,0.69317,1.1582
2021-12-19 05:55,55372273,16572224,0.8271,1.0195,0.69588,0.73755
2021-12-19 06:00,55457231,16607777,0.82767,1.0195,0.69529,0.95726
2021-12-19 06:05,55222599,16632622,0.82362,1.0162,0.70592,1.487
2021-12-19 06:10,55651792,16761085,0.81636,1.0138,0.70371,0.63076
2021-12-19 06:15,55925567,16948876,0.81704,1.0132,0.70704,1.4803
2021-12-19 06:20,56118852,17140264,0.80851,1.0142,0.70477,1.2166
2021-12-19 06:25,56920995,17329671,0.80217,1.0088,0.69738,1.0094
2021-12-19 06:30,56982491,17344600,0.80822,1.0088,0.69887,1.1008
2021-12-19 06:35,57045561,17358967,0.79988,1.0081,0.6953,0.90863
2021-12-19 06:40,56840541,17239168,0.80343,1.0115,0.68995,0.76348
2021-12-19 06:45,56649272,17135838,0.80816,1.0124,0.69005,0.86429
2021-12-19 06:50,56640548,17113694,0.80695,1.0126,0.68729,1.0049
2021-12-19 06:55,56550074,17084236,0.81364,1.011,0.69874,1.4776
2021-12-19 07:00,56391119,17012637,0.81271,1.0104,0.69653,1.1935
2021-12-19 07:05,56567413,17133873,0.81492,1.0089,0.7082,1.8868
2021-12-19 07:10,56683979,17217280,0.81519,1.0083,0.71597,1.0707
2021-12-19 07:15,56599033,17132807,0.81167,1.0102,0.71103,0.58731
2021-12-19 07:20,56734838,17240336,0.81406,1.012,0.7124,1.3241
2021-12-19 07:25,56841001,17259723,0.81535,1.0136,0.71331,0.44204
2021-12-19 07:30,57384899,17493051,0.80142,1.0137,0.7038,2.001
2021-12-19 07:35,57723723,17572111,0.79971,1.0171,0.70243,1.0022
2021-12-19 07:40,57750643,17565099,0.80667,1.0163,0.70425,0.87761
2021-12-19 07:45,57546858,17429674,0.81318,1.0164,0.71168,0.86113
2021-12-19 07:50,57467680,17416155,0.81296,1.0124,0.71229,1.1976
2021-12-19 07:55,57400942,17359495,0.82524,1.0164,0.71954,0.69157
2021-12-19 08:00,57501763,17370808,0.82518,1.0159,0.72104,1.0037
2021-12-19 08:05,57357698,17438762,0.82,1.0142,0.71737,1.7032
2021-12-19 08:10,57582659,17522802,0.82254,1.0178,0.71214,0.77094
2021-12-19 08:15,57778470,17630616,0.81083,1.0127,0.70149,1.3504
2021-12-19 08:20,58004027,17663107,0.8043,1.0131,0.69384,0.84304
2021-12-19 08:25,57759653,17527744,0.79663,1.0136,0.6908,1.407
2021-12-19 08:30,57939787,17646455,0.79426,1.0134,0.69337,1.8448
2021-12-19 08:35,57742288,17511608,0.79756,1.0112,0.69877,0.94494
2021-12-19 08:40,57622427,17471450,0.80058,1.0103,0.70375,1.4063
2021-12-19 08:45,57537885,17428078,0.79641,1.0101,0.70637,1.2684
2021-12-19 08:50,57352287,17342758,0.81004,1.01,0.71258,1.3215
2021-12-19 08:55,57460485,17471677,0.79913,1.0097,0.70945,1.3053
2021-12-19 09:00,57530006,17479200,0.80111,1.0101,0.70104,0.62432
2021-12-19 09:05,57487294,17437621,0.79187,1.0083,0.69811,1.0665
2021-12-19 09:10,57315922,17324311,0.78563,1.0054,0.70008,0.83712
2021-12-19 09:15,56962524,17093314,0.78909,1.0103,0.68988,0.67958
2021-12-19 09:20,56527818,16949972,0.81406,1.0148,0.70517,1.1198
2021-12-19 09:25,56670537,16947891,0.81163,1.0132,0.70306,1.1546
2021-12-19 09:30,56703676,16932245,0.82695,1.0154,0.70976,0.98192
2021-12-19 09:35,56369192,16808123,0.83889,1.0146,0.71107,1.1166
2021-12-19 09:40,56553464,16852751,0.83944,1.0114,0.71514,1.0865
2021-12-19 09:45,56285855,16830769,0.8478,1.0107,0.73042,1.7917
2021-12-19 09:50,56254001,16861501,0.83952,1.0082,0.73629,1.9734
2021-12-19 09:55,56029618,16786354,0.83926,1.0087,0.73309,1.0545
2021-12-19 10:00,56163602,16824369,0.83813,1.009,0.73317,1.1327
2021-12-19 10:05,56381374,16929053,0.83572,1.0083,0.73086,1.1555
2021-12-19 10:10,56417818,16808561,0.83639,1.0115,0.72566,0.5693
2021-12-19 10:15,56500747,16794723,0.84186,1.0112,0.73124,1.4053
2021-12-19 10:20,56318335,16635573,0.84856,1.0164,0.72085,0.71701
2021-12-19 10:25,56210502,16746553,0.8436,1.0162,0.72083,1.8041
2021-12-19 10:30,56735682,16992683,0.83934,1.0221,0.71465,1.067
2021-12-19 10:35,56652512,16899444,0.84157,1.0213,0.71501,0.59697
2021-12-19 10:40,56512084,16950980,0.84337,1.0191,0.72294,1.3813
2021-12-19 10:45,56635463,16953826,0.8381,1.0195,0.71633,1.1044
2021-12-19 10:50,56891852,17074680,0.84029,1.0194,0.72034,1.4695
2021-12-19 10:55,56774813,17007176,0.84185,1.0196,0.72248,0.99534
2021-12-19 11:00,56659840,16923959,0.84066,1.0206,0.71985,0.70476
2021-12-19 11:05,56174391,16695591,0.8428,1.0187,0.71915,0.7626
2021-12-19 11:10,56296192,16733340,0.84494,1.0184,0.72391,1.1808
2021-12-19 11:15,56366259,16781974,0.84049,1.0172,0.72372,2.6458
2021-12-19 11:20,56431298,16860241,0.83838,1.0171,0.72342,1.1449
2021-12-19 11:25,56446064,16857260,0.83874,1.0171,0.72129,0.97928
2021-12-19 11:30,56501079,16816981,0.84142,1.0174,0.71953,0.8713
2021-12-19 11:35,56664122,16878751,0.8409,1.0186,0.71906,0.90759
2021-12-19 11:40,56806296,17008373,0.83431,1.0178,0.71696,1.5433
2021-12-19 11:45,56759852,16998440,0.84352,1.0204,0.71608,0.97226
2021-12-19 11:50,56937978,17091073,0.83053,1.0211,0.71359,1.5587
2021-12-19 11:55,57059041,17286302,0.83467,1.0169,0.72083,1.1169
2021-12-19 12:00,57336702,17355820,0.82051,1.0196,0.71074,0.95973
2021-12-19 12:05,57139150,17254639,0.82445,1.0212,0.70948,0.88834
2021-12-19 12:10,57109868,17236329,0.81431,1.0204,0.70431,1.5377
2021-12-19 12:15,57385885,17323077,0.81498,1.0201,0.71101,0.96006
2021-12-19 12:20,58049385,17661796,0.81001,1.0183,0.71616,1.5917
2021-12-19 12:25,58430602,17737778,0.814,1.0223,0.71944,0.76779
2021-12-19 12:30,59114973,18035277,0.80312,1.0188,0.7187,1.3356
2021-12-19 12:35,59337650,18124048,0.79001,1.0151,0.71537,1.0545
2021-12-19 12:40,60029624,18389515,0.79862,1.02,0.72249,1.2208
2021-12-19 12:45,60632834,18704245,0.77818,1.0184,0.71263,1.2274
2021-12-19 12:50,60395278,18856735,0.74432,1.0146,0.73053,1.3004
2021-12-19 12:55,60483270,18873804,0.72871,1.0126,0.72707,1.0523
2021-12-19 13:00,60598187,18896493,0.72173,1.0123,0.71777,1.0175
2021-12-19 13:05,60909052,18989321,0.72814,1.0144,0.72322,0.93387
2021-12-19 13:10,60564284,18833675,0.7247,1.0143,0.71874,0.87348
2021-12-19 13:15,60464425,18719238,0.73166,1.0154,0.70991,0.84045
2021-12-19 13:20,60396307,18645891,0.72177,1.009,0.69839,1.0628
2021-12-19 13:25,60705403,18800899,0.72265,1.0026,0.70807,1.4031
2021-12-19 13:30,60533538,18679044,0.72892,1.0037,0.71187,0.82191
2021-12-19 13:35,60196090,18526277,0.72647,1.0073,0.70108,0.87205
2021-12-19 13:40,59346209,18164008,0.73422,1.0123,0.70057,0.97111
2021-12-19 13:45,59370906,18156752,0.74648,1.0123,0.71896,1.1416
2021-12-19 13:50,59178466,18193999,0.75007,1.0102,0.73803,1.482
2021-12-19 13:55,58850583,18035592,0.76292,1.0119,0.74726,0.69167
2021-12-19 14:00,58069112,18013198,0.74243,1.0065,0.73836,1.5922
2021-12-19 14:05,58440693,18096061,0.76256,1.0073,0.74148,0.98125
2021-12-19 14:10,58695977,18176383,0.75807,1.0074,0.73761,1.016
2021-12-19 14:15,58043235,17820553,0.76343,1.0095,0.73288,0.93034
2021-12-19 14:20,57964947,17834331,0.77144,1.0072,0.74704,1.1977
2021-12-19 14:25,58020343,17789044,0.78107,1.0071,0.75262,0.92813
2021-12-19 14:30,57874881,17630713,0.81099,1.0072,0.77756,0.59458
2021-12-19 14:35,57090944,17499516,0.8091,1.0061,0.7857,1.3882
2021-12-19 14:40,57009238,17464712,0.81032,1.0041,0.79227,0.64201
2021-12-19 14:45,56936889,17505286,0.80938,1.0035,0.78734,0.87676
2021-12-19 14:50,57220409,17566093,0.80814,1.0038,0.78475,0.67271
2021-12-19 14:55,57238951,17599260,0.80887,1.0048,0.78225,0.73924
2021-12-19 15:00,57244745,17676351,0.79245,1.0009,0.78353,1.247
2021-12-19 15:05,57138988,17560485,0.79455,1.0041,0.7817,0.80064
2021-12-19 15:10,57159071,17541520,0.79318,1.0062,0.77597,0.97918
2021-12-19 15:15,57129546,17650745,0.78315,1.0046,0.77295,1.0754
2021-12-19 15:20,57052808,17565609,0.7887,1.0053,0.77007,0.82874
2021-12-19 15:25,56884783,17651919,0.77821,1.0071,0.76746,1.3635
2021-12-19 15:30,56918072,17724288,0.77489,1.0076,0.75826,0.94121
2021-12-19 15:35,57254375,17916612,0.76261,1.0022,0.75081,1.3593
2021-12-19 15:40,57064697,17903501,0.76347,1.0065,0.74706,1.1416
2021-12-19 15:45,57222634,17900544,0.76672,1.0007,0.73999,0.79007
2021-12-19 15:50,57253508,17886271,0.76418,1.0018,0.73186,1.0116
2021-12-19 15:55,56643707,17711967,0.75563,1.0044,0.72648,0.90469
2021-12-19 16:00,56823323,17836533,0.74627,1.0014,0.72097,1.259
2021-12-19 16:05,56879867,17808279,0.75821,1.004,0.73028,0.97508
2021-12-19 16:10,56749149,17727867,0.7561,1.0077,0.72189,1.112
2021-12-19 16:15,56376351,17584560,0.76039,1.0071,0.72427,0.79394
2021-12-19 16:20,56525422,17740961,0.75007,1.0059,0.71582,1.1326
2021-12-19 16:25,56699203,17756124,0.75115,1.0058,0.71508,1.0639
2021-12-19 16:30,56659364,17733516,0.75596,1.0066,0.71715,0.99967
2021-12-19 16:35,56648997,17706777,0.75,1.0078,0.7119,0.96441
2021-12-19 16:40,57569639,18184522,0.73389,1.0016,0.72094,1.7811
2021-12-19 16:45,58320850,18466958,0.75804,1.0016,0.73224,0.97217
2021-12-19 16:50,58370207,18402922,0.75392,1.0038,0.72056,0.80034
2021-12-19 16:55,58477808,18466142,0.74887,1.0015,0.72287,1.7702
2021-12-19 17:00,57803614,18147445,0.75594,1.0048,0.72016,0.64637
2021-12-19 17:05,57982285,18327688,0.7575,1.0057,0.72248,1.1683
2021-12-19 17:10,57990586,18414911,0.74758,1.0052,0.72445,1.407
2021-12-19 17:15,58201390,18531356,0.72599,1.0072,0.72072,1.2546
2021-12-19 17:20,58026668,18414036,0.75021,1.0086,0.73175,0.8369
2021-12-19 17:25,58516755,18636204,0.74543,1.0087,0.72768,1.2511
2021-12-19 17:30,58885468,18772098,0.74902,1.0106,0.73237,1.3635
2021-12-19 17:35,58976586,18996358,0.71521,1.0051,0.74471,1.6215
2021-12-19 17:40,58991661,19098350,0.70948,1.0098,0.74424,1.2678
2021-12-19 17:45,59092974,19066146,0.712,1.0068,0.74836,0.89472
2021-12-19 17:50,59039590,19137185,0.70093,1.005,0.7415,1.1879
2021-12-19 17:55,58567688,19088381,0.7066,1.0043,0.7725,1.6763
2021-12-19 18:00,59065985,19283406,0.70787,1.0029,0.77433,1.0596
2021-12-19 18:05,59039091,19154643,0.69752,1.0073,0.75085,0.84519
2021-12-19 18:10,57903891,18647369,0.70385,1.0065,0.75117,0.85348
2021-12-19 18:15,57447740,18526322,0.69936,1.0067,0.7385,0.99415
2021-12-19 18:20,57474593,18511417,0.72528,1.0098,0.75116,0.90292
2021-12-19 18:25,57280983,18391205,0.72925,1.0104,0.75414,0.8301
2021-12-19 18:30,57220394,18443195,0.73733,1.0067,0.76239,1.2256
2021-12-19 18:35,57301985,18514380,0.72492,1.0105,0.75625,0.88987
2021-12-19 18:40,57496910,18620838,0.70158,1.0101,0.74049,0.81442
2021-12-19 18:45,58026818,18909532,0.71699,1.0089,0.75649,1.0035
2021-12-19 18:50,58151219,18856696,0.72207,1.0064,0.75493,0.6946
2021-12-19 18:55,58264068,18869610,0.71953,1.0064,0.75072,0.74667
2021-12-19 19:00,58542195,18957134,0.72401,1.0005,0.75772,1.144
2021-12-19 19:05,58644792,19013419,0.72005,1.001,0.75254,0.84469
2021-12-19 19:10,58959685,19091146,0.71841,1.0002,0.75051,0.76626
2021-12-19 19:15,58235375,18776832,0.71132,1.0076,0.73748,0.99215
2021-12-19 19:20,58360043,18878307,0.71796,1.0075,0.74306,0.99825
2021-12-19 19:25,57657140,18529852,0.71169,1.0079,0.7308,0.96837
2021-12-19 19:30,56308829,17955600,0.71885,1.011,0.7215,0.73921
2021-12-19 19:35,56411096,18108054,0.72126,1.0069,0.73072,1.4551
2021-12-19 19:40,56458449,18026309,0.73269,1.0082,0.73512,0.71405
2021-12-19 19:45,56242214,17892796,0.73246,1.0113,0.73215,0.75994
2021-12-19 19:50,56307284,17987925,0.73183,1.0103,0.73465,1.2534
2021-12-19 19:55,55985959,17883268,0.73162,1.0111,0.73694,0.95432
2021-12-19 20:00,55907746,17940312,0.73693,1.0091,0.74436,1.3863
2021-12-19 20:05,55782461,17824121,0.74001,1.0127,0.73691,0.77527
2021-12-19 20:10,55859582,17878860,0.74402,1.0135,0.73977,1.2105
2021-12-19 20:15,55837012,18040380,0.72972,1.013,0.73412,1.6879
2021-12-19 20:20,55744882,17963197,0.73751,1.0124,0.73747,0.79995
2021-12-19 20:25,55637290,17981807,0.73892,1.0126,0.73598,1.7583
2021-12-19 20:30,55515623,17911005,0.74329,1.0127,0.74706,1.082
2021-12-19 20:35,55509545,17980844,0.74309,1.011,0.74596,1.4718
2021-12-19 20:40,55248135,18019897,0.7353,1.0123,0.74594,1.6356
2021-12-19 20:45,55387291,18072280,0.74091,1.016,0.74484,1.2213
2021-12-19 20:50,55514613,18061679,0.74325,1.021,0.7508,0.72253
2021-12-19 20:55,55269795,17913493,0.74216,1.0204,0.74785,0.94711
2021-12-19 21:00,55046658,17776206,0.74327,1.0218,0.74717,0.71876
2021-12-19 21:05,54893953,17818719,0.73506,1.0161,0.74064,1.3278
2021-12-19 21:10,55222872,17955870,0.74217,1.0214,0.75045,0.93346
2021-12-19 21:15,55808614,18401774,0.71929,1.01,0.74223,1.5994
2021-12-19 21:20,55747173,18513149,0.73571,1.0099,0.7659,1.19
2021-12-19 21:25,55426300,18384682,0.7415,1.0138,0.7696,1.0005
2021-12-19 21:30,55314104,18322797,0.73114,1.0155,0.7556,0.96174
2021-12-19 21:35,55422531,18452631,0.73144,1.0122,0.7613,1.7853
2021-12-19 21:40,55481018,18358669,0.73159,1.014,0.76034,0.62465
2021-12-19 21:45,55049237,18150284,0.74489,1.0152,0.76529,0.8933
2021-12-19 21:50,54459161,17936125,0.7437,1.0181,0.75525,1.0407
2021-12-19 21:55,54438248,17873333,0.75176,1.0128,0.76495,0.89711
2021-12-19 22:00,54474934,17752084,0.75899,1.0114,0.77366,1.05
2021-12-19 22:05,54356365,17861502,0.76618,1.0093,0.78585,1.6418
2021-12-19 22:10,54126767,17874324,0.75723,1.0066,0.78465,1.1914
2021-12-19 22:15,54442069,17967703,0.75883,1.0021,0.78348,1.072
2021-12-19 22:20,54259484,17788429,0.76579,1.0026,0.78923,0.89762
2021-12-19 22:25,54394383,17806118,0.76635,1.001,0.79337,0.92103
2021-12-19 22:30,54275094,17738441,0.76802,0.99966,0.79552,0.66917
2021-12-19 22:35,54265945,17681870,0.76951,1.0007,0.79658,0.68424
2021-12-19 22:40,54094087,17552054,0.77073,1.0017,0.79528,0.74265
2021-12-19 22:45,54151417,17621126,0.76942,0.99995,0.79375,1.2188
2021-12-19 22:50,53978288,17629849,0.77607,0.99855,0.80541,1.6404
2021-12-19 22:55,54116722,17726533,0.77124,1.0003,0.8,0.93045
2021-12-19 23:00,54152473,17746848,0.77351,0.99854,0.80428,1.0508
2021-12-19 23:05,54056672,17806367,0.76739,0.99657,0.80167,1.3834
2021-12-19 23:10,54315972,17983270,0.76504,0.99644,0.79249,0.84771
2021-12-19 23:15,54275149,17905372,0.76095,0.9995,0.78595,0.95406
2021-12-19 23:20,54079750,17771687,0.76362,0.99994,0.78422,0.82992
2021-12-19 23:25,54049274,17713569,0.76714,0.99926,0.79229,0.8522
2021-12-19 23:30,54173734,17744247,0.76565,1.0009,0.79351,1.2209
2021-12-19 23:35,54231015,17668723,0.76951,0.9997,0.79752,0.66261
2021-12-19 23:40,54246547,17713506,0.7687,1.005,0.79297,1.3039
2021-12-19 23:45,54409584,17736665,0.76574,1.0037,0.79379,1.0719
2021-12-19 23:50,54433340,17630959,0.76701,1.0058,0.78705,0.43868
2021-12-19 23:55,54491574,17603311,0.76532,1.0051,0.78291,0.72381
2021-12-20 00:00,54492291,17663756,0.7593,1.0032,0.78011,1.122
2021-12-20 00:05,53948290,17328337,0.76974,1.0055,0.77463,0.71355
2021-12-20 00:10,54287221,17483661,0.77774,1.0139,0.77104,1.2525
2021-12-20 00:15,54100619,17225292,0.78181,1.0179,0.76125,0.84874
2021-12-20 00:20,53799830,17137696,0.78728,1.0222,0.76135,1.1002
2021-12-20 00:25,53393849,17147169,0.80556,1.0205,0.78103,1.3937
2021-12-20 00:30,53610495,17218136,0.81213,1.0197,0.79108,1.0828
2021-12-20 00:35,53613546,17427119,0.80358,1.017,0.79378,1.3062
2021-12-20 00:40,53543122,17491858,0.7979,1.0157,0.79262,1.0573
2021-12-20 00:45,53872062,17662967,0.79044,1.0138,0.78983,1.1948
2021-12-20 00:50,53851882,17597558,0.78539,1.0154,0.78266,0.91572
2021-12-20 00:55,53594956,17566478,0.78764,1.017,0.78279,1.0808
2021-12-20 01:00,53795834,17612940,0.79308,1.0179,0.78564,0.81847
2021-12-20 01:05,53488365,17484277,0.78372,1.0186,0.77415,1.0285
2021-12-20 01:10,53417703,17517928,0.78452,1.0176,0.77547,1.8399
2021-12-20 01:15,52995174,17347952,0.78861,1.0175,0.77793,1.0111
2021-12-20 01:20,52941738,17235260,0.79419,1.0188,0.78039,0.93208
2021-12-20 01:25,53141913,17142520,0.80037,1.0211,0.77725,0.65325
2021-12-20 01:30,53206765,17155179,0.82432,1.0254,0.79952,1.0363
2021-12-20 01:35,52780460,16895219,0.83448,1.0314,0.80122,1.0395
2021-12-20 01:40,53037211,16932660,0.8447,1.0326,0.81198,0.89166
2021-12-20 01:45,53127885,16946170,0.84197,1.0329,0.81314,1.96
2021-12-20 01:50,53128047,17051581,0.84257,1.03,0.82473,2.8525
2021-12-20 01:55,53064715,17014273,0.83654,1.0291,0.82035,1.1207
2021-12-20 02:00,53088503,16892600,0.85851,1.0295,0.83309,0.54114
2021-12-20 02:05,53343064,16833957,0.86686,1.0327,0.82308,0.64182
2021-12-20 02:10,53172991,16819964,0.86767,1.0317,0.82875,1.3424
2021-12-20 02:15,53261715,16837382,0.87504,1.0319,0.83382,1.245
2021-12-20 02:20,53152428,16854635,0.8756,1.0309,0.83577,1.4126
2021-12-20 02:25,52934322,16662649,0.87557,1.0327,0.82793,0.64079
2021-12-20 02:30,53162889,16701100,0.88201,1.033,0.82839,0.9245
2021-12-20 02:35,52808635,16693521,0.89096,1.0339,0.83464,1.6736
2021-12-20 02:40,52690247,16563179,0.89027,1.0329,0.83677,1.013
2021-12-20 02:45,52759059,16586037,0.88802,1.0329,0.83121,1.0572
2021-12-20 02:50,52473630,16440022,0.90195,1.0322,0.83921,0.66684
2021-12-20 02:55,52286465,16388534,0.90343,1.0326,0.83812,1.1285
2021-12-20 03:00,52389357,16414785,0.91198,1.0328,0.84316,0.70003
2021-12-20 03:05,52267385,16391052,0.91208,1.0316,0.84669,1.3092
2021-12-20 03:10,51934919,16267394,0.91926,1.0315,0.8532,1.7392
2021-12-20 03:15,51555922,16048769,0.92108,1.0345,0.84267,0.5654
2021-12-20 03:20,51435710,15882655,0.93872,1.0359,0.83719,0.61687
2021-12-20 03:25,51204942,15876527,0.94443,1.0358,0.84717,1.43
2021-12-20 03:30,51223312,15831077,0.94241,1.0366,0.84373,1.1813
2021-12-20 03:35,51363277,15913611,0.94776,1.0364,0.84817,1.7999
2021-12-20 03:40,51203854,15840005,0.94866,1.0371,0.8528,1.3722
2021-12-20 03:45,51044770,15756435,0.959,1.0362,0.86425,0.89224
2021-12-20 03:50,51044536,15803459,0.95451,1.0353,0.86488,1.3623
2021-12-20 03:55,50886859,15740043,0.97744,1.0346,0.88287,1.0607
2021-12-20 04:00,50893763,15713264,0.97776,1.0358,0.88294,0.98597
2021-12-20 04:05,50761459,15653744,0.98595,1.0357,0.88979,1.6574
2021-12-20 04:10,50707707,15696938,0.98989,1.0349,0.89765,1.6518
2021-12-20 04:15,50492053,15764130,1,1.029,0.92104,2.5187
2021-12-20 04:20,50231714,15659258,1.0044,1.0284,0.92969,1.4303
2021-12-20 04:25,49916290,15481479,1.0148,1.0324,0.9311,0.66314
2021-12-20 04:30,49742910,15497281,1.013,1.0311,0.93576,1.8343
2021-12-20 04:35,49766230,15623113,1.0231,1.0288,0.94839,2.4801
2021-12-20 04:40,49469618,15457797,1.0351,1.0289,0.95697,1.499
2021-12-20 04:45,49368929,15476013,1.0263,1.0259,0.95751,2.4432
2021-12-20 04:50,49333020,15500761,1.0294,1.028,0.96137,2.2016
2021-12-20 04:55,49298795,15525670,1.0359,1.0266,0.97202,2.3278
2021-12-20 05:00,49205912,15510196,1.0352,1.0242,0.97665,2.6459
2021-12-20 05:05,48936094,15388465,1.0303,1.023,0.9703,0.67384
2021-12-20 05:10,48987634,15397303,1.0376,1.0224,0.97739,1.3033
2021-12-20 05:15,48983795,15385454,1.0387,1.0214,0.98061,1.2501
2021-12-20 05:20,48951977,15269101,1.0345,1.0233,0.96682,0.62568
2021-12-20 05:25,48960508,15310146,1.0349,1.023,0.9676,1.5933
2021-12-20 05:30,49164175,15271895,1.0329,1.0245,0.95737,0.52577
2021-12-20 05:35,49074599,15284268,1.015,1.0243,0.94424,1.8199
2021-12-20 05:40,49104260,15295251,1.021,1.0229,0.94835,1.2251
2021-12-20 05:45,48937394,15131718,1.0258,1.0237,0.94316,0.72326
2021-12-20 05:50,48310530,14983298,1.016,1.024,0.93742,0.78854
2021-12-20 05:55,48333715,14921492,1.0145,1.0255,0.93358,1.0301
2021-12-20 06:00,47988136,14697178,1.0302,1.0287,0.93919,0.61572
2021-12-20 06:05,47794302,14709074,1.0639,1.0286,0.96313,1.1686
2021-12-20 06:10,47869382,14778525,1.0592,1.0286,0.96809,1.5006
2021-12-20 06:15,47936294,14790873,1.0577,1.0299,0.96623,1.3537
2021-12-20 06:20,48058330,14849663,1.0467,1.0296,0.96137,1.9052
2021-12-20 06:25,48038172,14856483,1.0539,1.0291,0.97013,0.95021
2021-12-20 06:30,47850242,14669927,1.0644,1.0312,0.97314,0.712
2021-12-20 06:35,47840271,14707666,1.069,1.0306,0.97802,0.91852
2021-12-20 06:40,47908076,14731254,1.0668,1.0296,0.97748,0.75109
2021-12-20 06:45,47940062,14723831,1.0702,1.0298,0.98034,0.76926
2021-12-20 06:50,47823035,14806366,1.067,1.0292,0.9816,1.5348
2021-12-20 06:55,47789800,14842113,1.0658,1.0299,0.98339,1.1028
2021-12-20 07:00,47937984,14912106,1.0636,1.0321,0.97796,1.1212
2021-12-20 07:05,47912668,14848925,1.069,1.0314,0.97958,0.92303
2021-12-20 07:10,47834206,14720155,1.0613,1.0311,0.96936,1.3304
2021-12-20 07:15,47441073,14719630,1.0464,1.033,0.96162,1.4661
2021-12-20 07:20,47416045,14728538,1.0553,1.0341,0.96818,1.1465
2021-12-20 07:25,47518592,14758600,1.0632,1.035,0.9762,0.75978
2021-12-20 07:30,47498032,14827797,1.0661,1.0349,0.98475,1.2595
2021-12-20 07:35,47452521,14881075,1.0375,1.0371,0.96867,1.0371
2021-12-20 07:40,47312423,14830552,1.0437,1.0392,0.97126,1.3185
2021-12-20 07:45,47381012,14947374,1.0329,1.0404,0.96313,1.6902
2021-12-20 07:50,47398942,15014969,1.0064,1.0376,0.95982,1.5947
2021-12-20 07:55,47112667,14864339,1.0132,1.0378,0.96366,1.0635
2021-12-20 08:00,47089316,15036509,0.95045,1.0399,0.93739,0.77852
2021-12-20 08:05,47046475,14911233,0.97037,1.0414,0.94659,1.0376
2021-12-20 08:10,47138898,15139830,0.94526,1.035,0.94004,1.238
2021-12-20 08:15,47848838,15433026,0.93881,1.0369,0.94481,1.1491
2021-12-20 08:20,48062817,15424319,0.93254,1.0365,0.93564,1.311
2021-12-20 08:25,47866342,15256713,0.94444,1.0361,0.94429,0.68948
2021-12-20 08:30,48137878,15449703,0.94729,1.0358,0.94151,0.97356
2021-12-20 08:35,48664203,15564529,0.94319,1.0349,0.94412,1.3682
2021-12-20 08:40,48446581,15368709,0.93046,1.0369,0.92077,0.8941
2021-12-20 08:45,48566203,15456279,0.93114,1.0377,0.92203,1.6822
2021-12-20 08:50,49152979,15510714,0.91058,1.0371,0.88227,0.6685
2021-12-20 08:55,49220088,15512228,0.88661,1.0379,0.84974,0.67457
2021-12-20 09:00,49149235,15421369,0.8862,1.0398,0.83706,0.88109
2021-12-20 09:05,49112775,15373333,0.88361,1.0396,0.83341,0.76309
2021-12-20 09:10,49090027,15237708,0.89279,1.0434,0.83197,0.84953
2021-12-20 09:15,49186004,15164537,0.90353,1.0445,0.83427,0.97398
2021-12-20 09:20,48642514,15118376,0.95364,1.0392,0.90738,1.278
2021-12-20 09:25,48673361,15080210,0.93927,1.039,0.89962,1.3105
2021-12-20 09:30,48617774,14968926,0.95144,1.0355,0.91001,1.0496
2021-12-20 09:35,48217462,14902318,0.95284,1.0363,0.91587,1.1804
2021-12-20 09:40,48390204,15044240,0.95545,1.0364,0.92527,1.1901
2021-12-20 09:45,48372441,14838685,0.95869,1.0363,0.92777,0.80587
2021-12-20 09:50,48241677,14890537,0.96242,1.0357,0.93631,1.0918
2021-12-20 09:55,48152565,14788573,0.96763,1.0326,0.94628,1.1987
2021-12-20 10:00,47847498,14583439,1.0128,1.0319,0.96448,0.80984
2021-12-20 10:05,47482680,14502160,1.012,1.0317,0.96786,0.89937
2021-12-20 10:10,47410653,14566490,1.022,1.029,0.98671,1.5817
2021-12-20 10:15,47220164,14566669,1.0324,1.029,1.0077,1.1506
2021-12-20 10:20,46842481,14429395,1.041,1.0299,1.0172,0.96237
2021-12-20 10:25,47012070,14405927,1.036,1.0311,1.0123,0.98454
2021-12-20 10:30,47167408,14397380,1.0573,1.0369,1.0261,0.80141
2021-12-20 10:35,47304985,14437851,1.0476,1.0342,1.0272,0.86219
2021-12-20 10:40,47632067,14495391,1.0566,1.0353,1.0263,0.62201
2021-12-20 10:45,47101922,14382429,1.0606,1.0331,1.0286,1.4854
2021-12-20 10:50,47075413,14409248,1.0666,1.0323,1.0379,1.3028
2021-12-20 10:55,47030365,14371720,1.0604,1.035,1.0322,0.94217
2021-12-20 11:00,47100064,14360414,1.0642,1.0273,1.0358,1.5014
2021-12-20 11:05,47054909,14317010,1.0756,1.0289,1.0332,0.67065
2021-12-20 11:10,46976576,14296515,1.0778,1.0294,1.0371,0.73987
2021-12-20 11:15,47080789,14431674,1.0789,1.028,1.0433,1.5966
2021-12-20 11:20,46978628,14395529,1.0827,1.0264,1.0506,1.1446
2021-12-20 11:25,46932550,14401527,1.0864,1.0255,1.0652,1.2473
2021-12-20 11:30,46927743,14366180,1.0905,1.0259,1.0659,1.0034
2021-12-20 11:35,46915548,14375120,1.0998,1.0264,1.0771,0.7997
2021-12-20 11:40,46962408,14389952,1.1025,1.0272,1.1213,1.0789
2021-12-20 11:45,46930817,14349567,1.0971,1.0276,1.1081,0.8675
2021-12-20 11:50,46800877,14361843,1.1008,1.0267,1.1124,1.7145
2021-12-20 11:55,46952065,14402022,1.1143,1.0255,1.1234,1.9466
2021-12-20 12:00,47042024,14432463,1.1053,1.0254,1.1161,1.6638
2021-12-20 12:05,46932314,14344968,1.112,1.0269,1.1188,1.1372
2021-12-20 12:10,46913195,14292334,1.1221,1.0268,1.1233,0.7793
2021-12-20 12:15,47150758,14320310,1.1213,1.0256,1.1241,0.76859
2021-12-20 12:20,47162728,14250108,1.1131,1.0267,1.1016,0.68553
2021-12-20 12:25,46941358,14094073,1.1227,1.0335,1.0876,0.61629
2021-12-20 12:30,46792539,14020229,1.1604,1.0411,1.1025,0.63845
2021-12-20 12:35,46918050,13992370,1.1531,1.0419,1.0914,0.83988
2021-12-20 12:40,46666300,13973362,1.1573,1.04,1.0948,1.1861
2021-12-20 12:45,46678399,13919937,1.1545,1.0433,1.09,1.0231
2021-12-20 12:50,46795010,14015175,1.1601,1.0445,1.0945,1.1025
2021-12-20 12:55,46615546,13904764,1.1754,1.0444,1.1091,0.98745
2021-12-20 13:00,46683223,13929524,1.1675,1.0449,1.1063,0.88447
2021-12-20 13:05,46695303,13840452,1.192,1.0459,1.1208,0.87468
2021-12-20 13:10,46717482,13925956,1.1976,1.0454,1.1233,1.2277
2021-12-20 13:15,46633643,14011162,1.2011,1.0439,1.1313,2.4894
2021-12-20 13:20,46418887,13933846,1.1882,1.0392,1.1374,1.2817
2021-12-20 13:25,46484182,13957194,1.195,1.0397,1.1455,0.76588
2021-12-20 13:30,46475380,13966560,1.1842,1.0381,1.1422,1.141
2021-12-20 13:35,46335301,13827837,1.1954,1.0369,1.1521,0.72556
2021-12-20 13:40,46362849,13909086,1.1897,1.0371,1.1505,1.2423
2021-12-20 13:45,46389426,13887401,1.2135,1.0383,1.1691,1.5286
2021-12-20 13:50,46353470,13897276,1.2092,1.0383,1.1687,1.7427
2021-12-20 13:55,46276714,13871070,1.2161,1.0368,1.1704,1.1928
2021-12-20 14:00,46194541,13788293,1.2114,1.0369,1.1681,0.75896
2021-12-20 14:05,46121987,13769719,1.2198,1.0355,1.1775,0.90216
2021-12-20 14:10,46094955,13685916,1.2308,1.0384,1.1795,0.74153
2021-12-20 14:15,46046243,13637586,1.2352,1.0389,1.1764,0.99304
2021-12-20 14:20,45910625,13663816,1.2475,1.0415,1.1841,1.0859
2021-12-20 14:25,45823149,13619259,1.2649,1.0411,1.1894,1.2876
2021-12-20 14:30,45873125,13692210,1.266,1.0426,1.1885,1.1737
2021-12-20 14:35,46082556,13693894,1.2562,1.0423,1.1853,1.089
2021-12-20 14:40,46159204,13904833,1.2553,1.0346,1.2009,1.9918
2021-12-20 14:45,45932884,13839229,1.2709,1.0349,1.219,1.1167
2021-12-20 14:50,45576554,13794200,1.2933,1.028,1.2743,1.5088
2021-12-20 14:55,45521456,13710505,1.3013,1.0287,1.285,1.158
2021-12-20 15:00,45291180,13694632,1.3074,1.0278,1.2997,1.4913
2021-12-20 15:05,45197299,13615063,1.3134,1.0264,1.2996,1.0471
2021-12-20 15:10,44929400,13444639,1.3204,1.0298,1.2991,0.93375
2021-12-20 15:15,44994375,13462767,1.3427,1.0302,1.314,0.90431
2021-12-20 15:20,45060962,13559319,1.3362,1.0306,1.3204,1.3467
2021-12-20 15:25,44856797,13554296,1.3361,1.0313,1.3242,1.3778
2021-12-20 15:30,44626902,13478230,1.3197,1.0302,1.312,1.9447
2021-12-20 15:35,44502466,13376034,1.3284,1.0298,1.3207,0.97571
2021-12-20 15:40,44380416,13360564,1.3274,1.0299,1.3167,1.2775
2021-12-20 15:45,44400319,13371599,1.3301,1.03,1.3205,1.1393
2021-12-20 15:50,44340027,13294749,1.3321,1.0281,1.3227,0.9366
2021-12-20 15:55,44482856,13301535,1.3427,1.0278,1.331,0.96836
2021-12-20 16:00,44539047,13320639,1.3139,1.0272,1.3128,1.112
2021-12-20 16:05,44488627,13271538,1.33,1.0267,1.325,1.3434
2021-12-20 16:10,44510753,13300258,1.336,1.0263,1.3315,0.9408
2021-12-20 16:15,44200265,13276011,1.3262,1.0269,1.3265,0.85265
2021-12-20 16:20,44459816,13467508,1.322,1.0299,1.3237,2.275
2021-12-20 16:25,44233742,13416077,1.3143,1.026,1.3151,0.8705
2021-12-20 16:30,44176705,13377148,1.3106,1.0254,1.3127,1.0271
2021-12-20 16:35,44050664,13366167,1.3015,1.024,1.3122,0.98381
2021-12-20 16:40,43986649,13330594,1.3066,1.0227,1.3174,1.2772
2021-12-20 16:45,44073097,13431717,1.2908,1.0208,1.3138,2.5455
2021-12-20 16:50,44144528,13461999,1.2968,1.0206,1.3263,1.1491
2021-12-20 16:55,44153848,13531158,1.2969,1.0175,1.3463,2.3312
2021-12-20 17:00,44050449,13449043,1.31,1.0113,1.352,0.76216
2021-12-20 17:05,43935206,13384593,1.3169,1.012,1.355,0.86157
2021-12-20 17:10,43883980,13374082,1.3227,1.0118,1.3578,1.7654
2021-12-20 17:15,43820501,13397183,1.3154,1.0115,1.3552,0.81233
2021-12-20 17:20,43811917,13404903,1.329,1.0109,1.3668,1.451
2021-12-20 17:25,43659577,13359919,1.3268,1.01,1.3734,1.4064
2021-12-20 17:30,43777688,13333808,1.332,1.0113,1.3675,0.47972
2021-12-20 17:35,43766452,13258609,1.3345,1.0154,1.3626,0.64828
2021-12-20 17:40,43933729,13336604,1.3299,1.0151,1.361,0.88799
2021-12-20 17:45,43971907,13346353,1.3404,1.0153,1.3682,1.1277
2021-12-20 17:50,43930418,13334990,1.3318,1.0145,1.3609,1.6821
2021-12-20 17:55,43738244,13388947,1.3194,1.0151,1.3528,1.3834
2021-12-20 18:00,43581924,13270377,1.3297,1.0139,1.3592,0.73126
2021-12-20 18:05,43629290,13294974,1.32,1.012,1.3516,1.0763
2021-12-20 18:10,43565177,13235447,1.3352,1.0124,1.3598,0.7272
2021-12-20 18:15,43554012,13254056,1.3363,1.0122,1.3608,1.2716
2021-12-20 18:20,43560174,13274339,1.3333,1.0118,1.3641,1.4919
2021-12-20 18:25,43500117,13228386,1.3526,1.0112,1.3795,0.50221
2021-12-20 18:30,43544167,13188719,1.3606,1.0118,1.3811,0.50278
2021-12-20 18:35,43518071,13212502,1.3536,1.0126,1.3839,1.7038
2021-12-20 18:40,43637419,13257269,1.3371,1.0125,1.3732,1.273
2021-12-20 18:45,43689280,13314116,1.3547,1.019,1.3831,1.1722
2021-12-20 18:50,43556536,13315691,1.3371,1.0186,1.3734,1.2692
2021-12-20 18:55,43466333,13278095,1.347,1.0194,1.3816,1.3961
2021-12-20 19:00,43465682,13309775,1.3363,1.0201,1.3772,1.2025
2021-12-20 19:05,43417656,13288832,1.3349,1.0198,1.3767,1.1835
2021-12-20 19:10,43396624,13327623,1.3363,1.0183,1.3882,1.6412
2021-12-20 19:15,43310474,13347076,1.3325,1.0175,1.4,1.7551
2021-12-20 19:20,43325811,13360707,1.3189,1.0148,1.3967,1.6282
2021-12-20 19:25,43291717,13314800,1.3271,1.0149,1.3987,0.85063
2021-12-20 19:30,43319720,13288666,1.3349,1.0144,1.3996,0.92643
2021-12-20 19:35,43238443,13288886,1.3326,1.0145,1.3985,1.1345
2021-12-20 19:40,43135831,13287993,1.3347,1.0129,1.4011,1.3189
2021-12-20 19:45,43281835,13320306,1.3283,1.0129,1.3964,1.7252
2021-12-20 19:50,43243297,13359925,1.3323,1.0113,1.4089,1.4146
2021-12-20 19:55,43227482,13355469,1.3293,1.0108,1.4103,1.0918
2021-12-20 20:00,43151682,13366607,1.3269,1.0089,1.4192,0.98579
2021-12-20 20:05,42781605,13349031,1.261,1.0057,1.3941,1.3453
2021-12-20 20:10,42648073,13346288,1.2057,1.0056,1.3622,1.5471
2021-12-20 20:15,42412670,13230632,1.2289,1.0066,1.3799,0.54182
2021-12-20 20:20,42168290,13125270,1.23,1.0069,1.3785,0.89154
2021-12-20 20:25,42291706,13181222,1.223,1.0061,1.3728,0.59429
2021-12-20 20:30,42208229,13144856,1.2137,1.0059,1.3673,0.90903
2021-12-20 20:35,42068987,13030050,1.2203,1.0101,1.3573,0.48212
2021-12-20 20:40,41990561,12999171,1.2094,1.0102,1.3506,0.97722
2021-12-20 20:45,42002939,13063441,1.2181,1.0072,1.368,1.2698
2021-12-20 20:50,41980391,13094003,1.2208,1.0056,1.3707,0.88186
2021-12-20 20:55,41886006,13073930,1.235,1.0064,1.3778,0.73258
2021-12-20 21:00,41764423,13000847,1.2409,1.009,1.3833,0.85686
2021-12-20 21:05,41782006,13082782,1.2291,1.0034,1.3802,1.1702
2021-12-20 21:10,41528869,12987764,1.2416,1.0031,1.4025,0.67282
2021-12-20 21:15,41343949,12946580,1.2349,1.0036,1.3979,0.87071
2021-12-20 21:20,41169621,12830512,1.2363,1.0016,1.404,0.62597
2021-12-20 21:25,41183283,12829817,1.2405,1.0018,1.4033,0.92209
2021-12-20 21:30,41091959,12789717,1.2399,1.0015,1.396,0.9545
2021-12-20 21:35,40999899,12682499,1.2381,1.0036,1.3857,0.39123
2021-12-20 21:40,40898611,12664850,1.2452,1.0026,1.3926,0.72699
2021-12-20 21:45,40907856,12645794,1.2486,1.0032,1.3956,0.61074
2021-12-20 21:50,40857078,12655888,1.2423,1.0033,1.3894,1.4362
2021-12-20 21:55,40847339,12538499,1.2655,1.0051,1.3971,0.35427
2021-12-20 22:00,40848550,12524574,1.2712,1.006,1.3933,0.57028
2021-12-20 22:05,40998536,12595515,1.2538,1.0035,1.3832,0.97005
2021-12-20 22:10,40930075,12576746,1.2618,1.0046,1.3909,0.60486
2021-12-20 22:15,40806683,12551566,1.2651,1.0055,1.3965,0.77127
2021-12-20 22:20,40753952,12511303,1.2698,1.006,1.3973,0.76019
2021-12-20 22:25,40677173,12454593,1.2615,1.007,1.3797,0.61773
2021-12-20 22:30,40667635,12413297,1.2732,1.0078,1.376,0.55307
2021-12-20 22:35,40711141,12429445,1.2758,1.0064,1.3848,0.66642
2021-12-20 22:40,40718139,12428805,1.2798,1.0066,1.3852,0.48192
2021-12-20 22:45,40814239,12466289,1.2668,1.0071,1.3738,1.132
2021-12-20 22:50,40743894,12435981,1.2879,1.0064,1.3962,1.2009
2021-12-20 22:55,40777340,12471516,1.2799,1.0066,1.3965,1.9612
2021-12-20 23:00,40732740,12422640,1.2794,1.0075,1.3937,1.3164
2021-12-20 23:05,40766836,12516234,1.2565,1.0055,1.381,2.3036
2021-12-20 23:10,40679653,12460769,1.2668,1.005,1.3892,1.5043
2021-12-20 23:15,40679602,12441449,1.2722,1.0052,1.3874,0.8883
2021-12-20 23:20,40687634,12472396,1.2653,1.0057,1.3834,0.79719
2021-12-20 23:25,40801208,12513322,1.2727,1.0043,1.3954,0.82738
2021-12-20 23:30,40841022,12596625,1.2625,1.0031,1.3949,1.5614
2021-12-20 23:35,40744507,12518121,1.2696,1.0029,1.399,1.044
2021-12-20 23:40,40769221,12547247,1.2731,1.0028,1.4039,1.5714
2021-12-20 23:45,40660709,12505955,1.2814,1.005,1.4094,0.60353
2021-12-20 23:50,40653605,12442815,1.2845,1.0063,1.4047,0.67634
2021-12-20 23:55,40754289,12432451,1.2973,1.0066,1.4136,0.63848
2021-12-21 00:00,40778053,12427112,1.2881,1.0067,1.4058,0.71746
2021-12-21 00:05,40977099,12462420,1.2731,1.0072,1.3909,0.72435
2021-12-21 00:10,41088806,12477804,1.3657,1.0675,1.3974,0.7515
2021-12-21 00:15,41261379,12543047,1.3647,1.0667,1.3965,1.2093
2021-12-21 00:20,41310663,12556050,1.3547,1.067,1.3884,1.3056
2021-12-21 00:25,41309119,12576437,1.3756,1.0672,1.4052,1.1615
2021-12-21 00:30,41315450,12585963,1.3859,1.066,1.4222,0.77393
2021-12-21 00:35,41341217,12529696,1.3897,1.0653,1.4245,0.50684
2021-12-21 00:40,41408090,12515772,1.4029,1.0661,1.4175,0.75989
2021-12-21 00:45,41417668,12493640,1.4108,1.0666,1.4171,0.45098
2021-12-21 00:50,41377597,12524109,1.3894,1.0665,1.3973,1.8898
2021-12-21 00:55,41392474,12505878,1.3935,1.0662,1.4016,0.63005
2021-12-21 01:00,41455721,12504094,1.3968,1.067,1.3977,0.77822
2021-12-21 01:05,41607127,12572426,1.3721,1.0668,1.3785,0.7666
2021-12-21 01:10,41485573,12471041,1.4113,1.067,1.3986,0.40908
2021-12-21 01:15,41579389,12472154,1.4219,1.0664,1.4035,0.79221
2021-12-21 01:20,41666220,12496533,1.4025,1.0668,1.3829,1.6432
2021-12-21 01:25,41712858,12497172,1.4141,1.067,1.3867,0.49689
2021-12-21 01:30,41773229,12519839,1.4103,1.0676,1.3798,0.83631
2021-12-21 01:35,41698281,12541936,1.4007,1.068,1.3747,2.0763
2021-12-21 01:40,41619559,12514722,1.4069,1.0691,1.3872,1.4143
2021-12-21 01:45,41756958,12565870,1.4127,1.0698,1.3924,1.9276
2021-12-21 01:50,41719193,12609465,1.4096,1.0675,1.394,1.6465
2021-12-21 01:55,41659845,12589605,1.4068,1.0675,1.3937,0.91217
2021-12-21 02:00,41732636,12600335,1.4112,1.0676,1.3964,1.1768
2021-12-21 02:05,41805980,12580256,1.4181,1.0663,1.3993,0.93985
2021-12-21 02:10,41786069,12562564,1.4268,1.0654,1.4038,1.3026
2021-12-21 02:15,41710765,12548614,1.4181,1.0656,1.3986,1.0408
2021-12-21 02:20,41690824,12562279,1.4189,1.0649,1.4026,1.3705
2021-12-21 02:25,41697368,12566336,1.4153,1.0647,1.3971,0.80149
2021-12-21 02:30,41780142,12551843,1.4131,1.0648,1.392,0.3157
2021-12-21 02:35,41756660,12546206,1.415,1.0654,1.3915,1.5298
2021-12-21 02:40,41749214,12573633,1.41,1.0651,1.3886,0.91401
2021-12-21 02:45,41740503,12552204,1.4141,1.0647,1.392,1.5718
2021-12-21 02:50,41795032,12563169,1.417,1.0647,1.3943,1.6016
2021-12-21 02:55,41679285,12530117,1.4242,1.0652,1.3991,0.80916
2021-12-21 03:00,41767883,12572440,1.4185,1.065,1.3945,1.4467
2021-12-21 03:05,41943317,12626463,1.4126,1.0663,1.3922,1.2365
2021-12-21 03:10,41870678,12606842,1.4209,1.0658,1.4008,1.0226
2021-12-21 03:15,41820142,12607005,1.4316,1.0661,1.4136,1.5139
2021-12-21 03:20,41864475,12600862,1.4316,1.0656,1.4142,1.316
2021-12-21 03:25,41815345,12632416,1.4296,1.0635,1.4206,1.579
2021-12-21 03:30,41794726,12646321,1.4297,1.0627,1.4281,1.4048
2021-12-21 03:35,41780350,12665140,1.4319,1.0608,1.4392,1.2212
2021-12-21 03:40,41819602,12670824,1.4495,1.0587,1.4547,0.92556
2021-12-21 03:45,41743059,12647312,1.4308,1.0581,1.4442,0.8086
2021-12-21 03:50,41782927,12650737,1.422,1.0575,1.438,1.7626
2021-12-21 03:55,41860765,12762876,1.4205,1.0618,1.4496,1.8663
2021-12-21 04:00,41837544,12779811,1.4175,1.0626,1.4504,0.95452
2021-12-21 04:05,41626221,12758437,1.4265,1.061,1.472,0.92707
2021-12-21 04:10,41409338,12700658,1.4404,1.0615,1.4799,0.75314
2021-12-21 04:15,41376155,12681792,1.4454,1.0603,1.4894,0.70117
2021-12-21 04:20,41354133,12682899,1.4315,1.0603,1.4773,0.84387
2021-12-21 04:25,41442392,12736905,1.4251,1.06,1.4821,0.9238
2021-12-21 04:30,41449451,12756635,1.4329,1.0588,1.4911,0.91876
2021-12-21 04:35,41385469,12760796,1.4457,1.0577,1.5047,1.1704
2021-12-21 04:40,41424109,12727014,1.4331,1.058,1.4866,0.51319
2021-12-21 04:45,41365319,12687571,1.4357,1.0578,1.4832,0.63931
2021-12-21 04:50,41403159,12682088,1.4355,1.0575,1.4767,0.77934
2021-12-21 04:55,41402361,12658772,1.4471,1.0575,1.4825,0.55959
2021-12-21 05:00,41569576,12724863,1.4421,1.057,1.4892,0.77523
2021-12-21 05:05,41558501,12733525,1.4372,1.0553,1.5011,1.1678
2021-12-21 05:10,41523624,12734050,1.4358,1.054,1.5051,2.1284
2021-12-21 05:15,41560861,12721935,1.4464,1.0539,1.5142,1.2499
2021-12-21 05:20,41601808,12756778,1.4352,1.053,1.5051,1.6463
2021-12-21 05:25,41385698,12683889,1.4567,1.051,1.5235,0.72099
2021-12-21 05:30,41347153,12672820,1.4599,1.0502,1.5259,0.72078
2021-12-21 05:35,41289971,12663611,1.4577,1.0496,1.5301,0.95227
2021-12-21 05:40,41283400,12642628,1.4718,1.0482,1.5421,0.51342
2021-12-21 05:45,41220528,12627414,1.4686,1.046,1.5386,0.62001
2021-12-21 05:50,41206601,12669628,1.461,1.0448,1.5402,1.3233
2021-12-21 05:55,40885584,12641168,1.4243,1.0439,1.524,2.4943
2021-12-21 06:00,41018741,12643622,1.4326,1.0427,1.5397,1.1837
2021-12-21 06:05,40924988,12585627,1.439,1.0405,1.5489,1.3554
2021-12-21 06:10,40850242,12541323,1.4619,1.0401,1.5706,0.67376
2021-12-21 06:15,40866885,12532901,1.4602,1.0402,1.5651,0.85205
2021-12-21 06:20,40965701,12578736,1.4527,1.0381,1.5619,1.3338
2021-12-21 06:25,40917300,12522330,1.4768,1.0378,1.5773,0.30862
2021-12-21 06:30,41020132,12510320,1.4678,1.0358,1.5613,0.37422
2021-12-21 06:35,40927281,12477728,1.4822,1.0355,1.5723,0.96936
2021-12-21 06:40,41020242,12507498,1.4728,1.0357,1.5613,0.58454
2021-12-21 06:45,41163306,12539990,1.4633,1.0345,1.5479,0.79395
2021-12-21 06:50,41193569,12565642,1.4632,1.0338,1.552,2.1514
2021-12-21 06:55,41334596,12622532,1.4751,1.0329,1.5627,0.70379
2021-12-21 07:00,41298676,12631129,1.479,1.0324,1.566,1.1704
2021-12-21 07:05,41094302,12572420,1.4831,1.032,1.5761,0.66133
2021-12-21 07:10,41008337,12552242,1.484,1.0326,1.577,0.73521
2021-12-21 07:15,40942500,12532213,1.4834,1.0326,1.5783,0.86957
2021-12-21 07:20,40923270,12532897,1.4817,1.0307,1.5796,1.4243
2021-12-21 07:25,40857945,12539730,1.4991,1.0284,1.6003,1.6873
2021-12-21 07:30,40818437,12515061,1.4923,1.0272,1.5979,0.50315
2021-12-21 07:35,40693772,12472234,1.5,1.0266,1.6089,0.72283
2021-12-21 07:40,40674705,12445678,1.5042,1.0272,1.6059,0.4147
2021-12-21 07:45,40628181,12404830,1.5087,1.0268,1.6076,0.48453
2021-12-21 07:50,40619298,12399853,1.4923,1.0275,1.5857,0.84083
2021-12-21 07:55,40645826,12420074,1.4959,1.0274,1.5819,0.78302
2021-12-21 08:00,40707973,12446870,1.4885,1.0265,1.5701,1.8442
2021-12-21 08:05,40843025,12458917,1.4894,1.0242,1.5739,1.3173
2021-12-21 08:10,41116652,12563604,1.5101,1.0228,1.5821,2.8979
2021-12-21 08:15,41107437,12612366,1.5136,1.0201,1.5888,1.3515
2021-12-21 08:20,41235413,12682069,1.5012,1.0192,1.5901,1.3407
2021-12-21 08:25,41301565,12770267,1.5,1.0209,1.5988,1.0418
2021-12-21 08:30,41009289,12710088,1.4991,1.0185,1.6038,1.0994
2021-12-21 08:35,40885983,12644494,1.4868,1.0162,1.5846,0.98671
2021-12-21 08:40,40848749,12617660,1.4676,1.0172,1.5656,0.88511
2021-12-21 08:45,40756068,12585244,1.4638,1.0167,1.5664,0.67028
2021-12-21 08:50,40544715,12577253,1.4685,1.0157,1.5746,1.0483
2021-12-21 08:55,40408480,12562996,1.4602,1.0149,1.5794,1.2305
2021-12-21 09:00,40324647,12524029,1.4624,1.0133,1.5825,0.53304
2021-12-21 09:05,40287341,12619950,1.4217,1.0146,1.5675,0.92268
2021-12-21 09:10,39976826,12556909,1.3884,1.0089,1.5634,1.0517
2021-12-21 09:15,39932944,12528961,1.3819,1.007,1.5551,0.89252
2021-12-21 09:20,39945534,12543929,1.3839,1.0054,1.5539,0.74316
2021-12-21 09:25,39705470,12446474,1.3867,1.0074,1.5471,0.78399
2021-12-21 09:30,39722483,12442251,1.3989,1.0069,1.5541,1.1726
2021-12-21 09:35,39657298,12414717,1.3956,1.0065,1.5518,1.14
2021-12-21 09:40,39735062,12434811,1.4005,1.0061,1.5606,0.89541
2021-12-21 09:45,39664734,12426662,1.409,1.0054,1.5729,0.65267
2021-12-21 09:50,39543227,12334189,1.4179,1.0034,1.579,0.6491
2021-12-21 09:55,39517789,12301345,1.4592,1.004,1.607,0.64119
2021-12-21 10:00,39365301,12233161,1.4659,1.0014,1.6199,0.58711
2021-12-21 10:05,39455855,12269191,1.4671,1.0003,1.6119,0.51761
2021-12-21 10:10,39526337,12305734,1.4484,0.99982,1.5992,0.84594
2021-12-21 10:15,39501648,12309899,1.4625,0.99811,1.6279,0.79983
2021-12-21 10:20,39526099,12284316,1.4654,0.99878,1.6273,0.79026
2021-12-21 10:25,39458802,12270548,1.4683,0.99797,1.6362,0.82514
2021-12-21 10:30,39524801,12307562,1.4761,0.99572,1.6454,0.76997
2021-12-21 10:35,39559430,12348080,1.4781,0.99376,1.6583,1.401
2021-12-21 10:40,39504864,12336671,1.4737,0.9924,1.6647,1.3196
2021-12-21 10:45,39501615,12299618,1.4692,0.99125,1.659,0.75418
2021-12-21 10:50,39236741,12187027,1.4802,0.99423,1.6554,0.46963
2021-12-21 10:55,39226271,12166148,1.4898,0.99458,1.6614,0.59597
2021-12-21 11:00,38990524,12058231,1.4848,0.99503,1.6521,0.93523
2021-12-21 11:05,38970897,12069287,1.4868,0.9926,1.6546,0.69018
2021-12-21 11:10,38983554,12101973,1.4808,0.99119,1.6628,1.5036
2021-12-21 11:15,39152829,12136592,1.5118,0.98936,1.6987,0.40628
2021-12-21 11:20,39180921,12142167,1.513,0.98854,1.6967,0.7378
2021-12-21 11:25,39092278,12106076,1.5,0.98812,1.6844,0.66737
2021-12-21 11:30,39006832,12062863,1.5097,0.98951,1.6911,0.40514
2021-12-21 11:35,39001075,12070833,1.5009,0.98917,1.6865,0.79026
2021-12-21 11:40,38977553,12030168,1.5096,0.98886,1.6922,0.44199
2021-12-21 11:45,38958708,12022268,1.5076,0.98819,1.692,0.91734
2021-12-21 11:50,39000579,12005158,1.5061,0.9911,1.6822,0.36232
2021-12-21 11:55,38965556,12003340,1.5271,0.99122,1.7007,0.84968
2021-12-21 12:00,38955832,12013731,1.523,0.99027,1.6918,0.99052
2021-12-21 12:05,38890958,12038550,1.5367,0.98769,1.7209,2.0045
2021-12-21 12:10,38641135,12005414,1.5182,0.98497,1.7151,1.7089
2021-12-21 12:15,38502381,12001993,1.4985,0.98413,1.6999,0.9284
2021-12-21 12:20,38353372,11963184,1.4698,0.98311,1.6811,0.56258
2021-12-21 12:25,38566569,12064008,1.4553,0.98173,1.6727,0.91024
2021-12-21 12:30,38588954,12136375,1.4453,0.97663,1.6479,1.2689
2021-12-21 12:35,38470494,12138430,1.4463,0.97469,1.6444,1.0643
2021-12-21 12:40,38316035,11998309,1.4791,0.97508,1.6557,0.46155
2021-12-21 12:45,38078085,11927260,1.4778,0.97511,1.6559,0.67703
2021-12-21 12:50,37932200,11879227,1.4719,0.97474,1.6505,1.1439
2021-12-21 12:55,37982960,11925510,1.4487,0.97792,1.6316,2.1872
2021-12-21 13:00,37776604,11845232,1.4476,0.97951,1.6208,0.71009
2021-12-21 13:05,37635860,11836559,1.4353,0.9728,1.6103,1.2852
2021-12-21 13:10,37625796,11776874,1.4205,0.97412,1.5933,0.7216
2021-12-21 13:15,37610550,11793540,1.4109,0.97329,1.5869,0.64519
2021-12-21 13:20,37496271,11717104,1.4168,0.97379,1.5889,0.59524
2021-12-21 13:25,37441061,11689488,1.4238,0.97513,1.5946,0.57798
2021-12-21 13:30,37466425,11751447,1.416,0.97573,1.588,1.2489
2021-12-21 13:35,37408491,11700254,1.4291,0.97478,1.5995,0.53216
2021-12-21 13:40,37372771,11685299,1.4459,0.97481,1.6172,0.88499
2021-12-21 13:45,37316945,11652589,1.464,0.97377,1.6343,0.85243
2021-12-21 13:50,37252428,11614328,1.4738,0.97318,1.6413,0.73475
2021-12-21 13:55,37264618,11653019,1.4692,0.97325,1.6425,1.5146
2021-12-21 14:00,37225716,11618518,1.4638,0.97265,1.6374,1.0835
2021-12-21 14:05,37122704,11564274,1.4921,0.97237,1.6631,0.67956
2021-12-21 14:10,37184446,11586375,1.5106,0.97304,1.6786,1.0754
2021-12-21 14:15,37109307,11533573,1.5065,0.97297,1.6732,0.77562
2021-12-21 14:20,36846475,11429784,1.5304,0.9723,1.6946,0.93321
2021-12-21 14:25,36677465,11327468,1.5272,0.97323,1.6876,0.70127
2021-12-21 14:30,36702815,11335691,1.5451,0.97133,1.7102,1.0776
2021-12-21 14:35,36791102,11370858,1.5582,0.96981,1.7325,1.2849
2021-12-21 14:40,36837750,11417769,1.5682,0.96877,1.7548,0.82351
2021-12-21 14:45,36981919,11459217,1.5532,0.96692,1.7481,0.82865
2021-12-21 14:50,36820609,11356580,1.5608,0.96763,1.7449,0.59488
2021-12-21 14:55,36752629,11351608,1.552,0.96692,1.7394,0.93061
2021-12-21 15:00,36783787,11349637,1.5584,0.96729,1.7367,0.40599
2021-12-21 15:05,36825211,11333327,1.5634,0.96632,1.7437,0.61031
2021-12-21 15:10,36877215,11357018,1.5781,0.96916,1.7512,1.0983
2021-12-21 15:15,36965766,11411376,1.5738,0.96949,1.7421,0.54001
2021-12-21 15:20,36998144,11431331,1.5659,0.96849,1.7457,1.382
2021-12-21 15:25,37027015,11444090,1.5786,0.96857,1.7595,0.93711
2021-12-21 15:30,36824235,11253118,1.6285,0.97102,1.7673,0.34726
2021-12-21 15:35,36939819,11268492,1.6005,0.97247,1.741,0.70711
2021-12-21 15:40,36969564,11290279,1.5999,0.97169,1.7286,0.67012
2021-12-21 15:45,37094102,11332248,1.6089,0.97245,1.7485,0.51625
2021-12-21 15:50,37328983,11431846,1.5858,0.97339,1.7336,1.4848
2021-12-21 15:55,37319453,11454833,1.5864,0.97284,1.7339,0.91163
2021-12-21 16:00,37203913,11410068,1.5952,0.97298,1.7439,0.87303
2021-12-21 16:05,37253357,11468818,1.5863,0.97244,1.7457,1.3464
2021-12-21 16:10,37201997,11501827,1.5747,0.97279,1.7397,0.74136
2021-12-21 16:15,37258722,11520024,1.5814,0.97176,1.7478,0.87946
2021-12-21 16:20,37207600,11463435,1.5937,0.97274,1.7512,0.4469
2021-12-21 16:25,37303932,11473943,1.5795,0.97169,1.7372,0.92049
2021-12-21 16:30,37373384,11507639,1.5775,0.97217,1.7304,0.87395
2021-12-21 16:35,37437568,11507687,1.5879,0.9699,1.74,0.75463
2021-12-21 16:40,37381991,11492279,1.5909,0.96984,1.7362,1.0156
2021-12-21 16:45,37443385,11540800,1.5844,0.96878,1.7377,0.72784
2021-12-21 16:50,37412013,11505557,1.6,0.97003,1.7503,0.70607
2021-12-21 16:55,37507129,11558509,1.5878,0.96386,1.7451,0.81424
2021-12-21 17:00,37480116,11531393,1.5904,0.96371,1.7468,1.1938
2021-12-21 17:05,37410518,11498123,1.5986,0.96384,1.7524,1.6222
2021-12-21 17:10,37273138,11474536,1.5983,0.96366,1.7561,0.61131
2021-12-21 17:15,37156274,11432170,1.6,0.96386,1.7608,2.0877
2021-12-21 17:20,37006802,11391316,1.601,0.9624,1.7638,1.3871
2021-12-21 17:25,36959760,11356625,1.6048,0.96219,1.7689,0.67743
2021-12-21 17:30,36893096,11285445,1.6186,0.96896,1.7718,0.34033
2021-12-21 17:35,36835961,11262310,1.6174,0.96787,1.7644,1.4456
2021-12-21 17:40,36855596,11291080,1.6057,0.96674,1.7576,2.7098
2021-12-21 17:45,36829776,11270476,1.6179,0.96651,1.7672,1.1284
2021-12-21 17:50,36730909,11205131,1.6311,0.96731,1.7789,0.38006
2021-12-21 17:55,36747495,11210191,1.6322,0.96714,1.7832,0.85585
2021-12-21 18:00,36757288,11217957,1.6176,0.96553,1.7718,1.1362
2021-12-21 18:05,36739755,11224363,1.6198,0.96541,1.7796,0.85331
2021-12-21 18:10,36732522,11240152,1.6142,0.96464,1.786,1.3547
2021-12-21 18:15,36713039,11228683,1.6066,0.96409,1.782,0.94987
2021-12-21 18:20,36736724,11221203,1.6182,0.96451,1.7892,0.69228
2021-12-21 18:25,36662820,11212224,1.608,0.96479,1.7738,0.95095
2021-12-21 18:30,36593664,11214128,1.6043,0.9637,1.787,1.0788
2021-12-21 18:35,36473416,11219223,1.5957,0.96321,1.7887,1.3861
2021-12-21 18:40,36454580,11172166,1.6114,0.96384,1.7902,0.41153
2021-12-21 18:45,36629045,11211784,1.5934,0.96415,1.778,0.75699
2021-12-21 18:50,36686443,11277788,1.609,0.96264,1.8116,1.4374
2021-12-21 18:55,36810605,11317421,1.6132,0.9586,1.8354,0.94819
2021-12-21 19:00,36832548,11270391,1.6312,0.9586,1.8576,0.70337
2021-12-21 19:05,36959753,11298227,1.6491,0.95976,1.8722,0.73557
2021-12-21 19:10,36903919,11324710,1.6307,0.95645,1.8688,2.115
2021-12-21 19:15,36875854,11328448,1.6441,0.95626,1.883,0.7735
2021-12-21 19:20,36841771,11316318,1.6413,0.95496,1.8807,0.91296
2021-12-21 19:25,36765360,11272995,1.6283,0.95379,1.8689,0.68626
2021-12-21 19:30,36800423,11299206,1.6322,0.95335,1.8767,0.40245
2021-12-21 19:35,36810678,11299944,1.6157,0.95215,1.8656,0.65983
2021-12-21 19:40,36812759,11268386,1.6427,0.95317,1.8831,0.31007
2021-12-21 19:45,36885376,11306461,1.6262,0.95365,1.8745,0.65186
2021-12-21 19:50,36796133,11284240,1.6334,0.95295,1.8782,0.86226
2021-12-21 19:55,36865495,11329912,1.6215,0.9528,1.8738,1.1555
2021-12-21 20:00,36790233,11321038,1.6406,0.95212,1.8984,1.0417
2021-12-21 20:05,36567123,11318462,1.6586,0.95045,1.9202,1.024
2021-12-21 20:10,36539173,11295720,1.6536,0.95345,1.9142,0.80005
2021-12-21 20:15,36476354,11273479,1.6565,0.95098,1.9156,1.2662
2021-12-21 20:20,36432746,11219338,1.6419,0.95203,1.899,0.83035
2021-12-21 20:25,36431233,11170545,1.6621,0.95182,1.9154,0.98817
2021-12-21 20:30,36495982,11171785,1.6465,0.94866,1.9102,1.1497
2021-12-21 20:35,36507075,11149261,1.6698,0.94742,1.9221,0.50074
2021-12-21 20:40,36526110,11119315,1.66,0.9456,1.9036,0.69029
2021-12-21 20:45,36581865,11166870,1.6556,0.94273,1.9067,1.8635
2021-12-21 20:50,36568203,11145155,1.6562,0.94137,1.9064,0.85134
2021-12-21 20:55,36571465,11209154,1.6457,0.94073,1.9033,1.261
2021-12-21 21:00,36652176,11245254,1.6459,0.94169,1.9058,0.649
2021-12-21 21:05,36658760,11235991,1.6656,0.94448,1.912,0.65245
2021-12-21 21:10,36682547,11282788,1.6531,0.93747,1.9066,0.55293
2021-12-21 21:15,36711732,11275777,1.6566,0.93743,1.903,0.50698
2021-12-21 21:20,36734949,11319140,1.6425,0.93757,1.8909,0.80196
2021-12-21 21:25,36521689,11251967,1.6306,0.93915,1.8819,0.64596
2021-12-21 21:30,36352262,11195770,1.6054,0.93804,1.8598,1.1471
2021-12-21 21:35,36319965,11142965,1.6322,0.93925,1.8763,0.5107
2021-12-21 21:40,36267019,11107863,1.6556,0.9379,1.8962,0.71158
2021-12-21 21:45,36477839,11157993,1.649,0.93647,1.8995,0.77897
2021-12-21 21:50,36652538,11193515,1.6544,0.93705,1.9023,0.88005
2021-12-21 21:55,36584404,11218312,1.6604,0.93719,1.9075,1.4871
2021-12-21 22:00,36625989,11224606,1.6604,0.93619,1.9138,0.72363
2021-12-21 22:05,36582094,11233744,1.6448,0.93707,1.9006,0.81254
2021-12-21 22:10,36461407,11190286,1.6635,0.93548,1.9223,0.71897
2021-12-21 22:15,36380149,11180711,1.636,0.93575,1.8951,2.0143
2021-12-21 22:20,36349831,11183026,1.643,0.93532,1.9088,0.78171
2021-12-21 22:25,36371945,11184373,1.6556,0.93458,1.9219,1.1469
2021-12-21 22:30,36332514,11174068,1.6525,0.93613,1.9121,0.49322
2021-12-21 22:35,36293649,11182436,1.6414,0.93849,1.9022,1.3477
2021-12-21 22:40,36275269,11188381,1.6517,0.93848,1.9174,0.57759
2021-12-21 22:45,36265594,11191412,1.6527,0.93811,1.9168,1.2569
2021-12-21 22:50,36268649,11208463,1.6343,0.93807,1.8992,0.69606
2021-12-21 22:55,36202948,11197282,1.6606,0.93599,1.9308,1.0192
2021-12-21 23:00,36180071,11196355,1.6579,0.9358,1.929,0.69461
2021-12-21 23:05,36290942,11194304,1.6488,0.93655,1.9165,0.83878
2021-12-21 23:10,36288238,11202905,1.6422,0.93658,1.9093,0.61572
2021-12-21 23:15,36261732,11184283,1.6331,0.93584,1.9075,0.97684
2021-12-21 23:20,36252988,11170733,1.6444,0.93481,1.9156,0.60641
2021-12-21 23:25,36378587,11208606,1.6385,0.93625,1.905,0.68072
2021-12-21 23:30,36424516,11215925,1.6502,0.93529,1.9189,0.54668
2021-12-21 23:35,36322401,11223636,1.6399,0.93442,1.9152,1.1221
2021-12-21 23:40,36478575,11276257,1.6397,0.9361,1.9146,0.92936
2021-12-21 23:45,36567233,11304771,1.6282,0.93548,1.9039,1.4327
2021-12-21 23:50,36673746,11319574,1.6164,0.93754,1.8982,0.96602
2021-12-21 23:55,36573119,11258881,1.6249,0.93689,1.9066,0.81326
2021-12-22 00:00,36498738,11247866,1.6398,0.93586,1.9231,1.0961
2021-12-22 00:05,36494907,11326194,1.6036,0.93544,1.9077,1.8969
2021-12-22 00:10,36661154,11387754,1.657,0.96342,1.9045,0.54133
2021-12-22 00:15,36440513,11415696,1.5994,0.96557,1.8641,1.4667
2021-12-22 00:20,36380378,11567846,1.4505,0.96413,1.7175,1.4631
2021-12-22 00:25,35956254,11406341,1.3868,0.95878,1.6439,0.94926
2021-12-22 00:30,35813695,11355965,1.3806,0.95741,1.6433,1.5238
2021-12-22 00:35,35932875,11438153,1.3869,0.95507,1.6548,0.86006
2021-12-22 00:40,35851688,11531695,1.3618,0.95102,1.6371,1.006
2021-12-22 00:45,35777358,11499558,1.3507,0.95015,1.6288,1.1274
2021-12-22 00:50,35724085,11403842,1.3626,0.95067,1.6335,0.478
2021-12-22 00:55,35804051,11444049,1.354,0.95044,1.6267,0.99112
2021-12-22 01:00,35774157,11692783,1.3127,0.9538,1.5908,1.6718
2021-12-22 01:05,35761158,11645621,1.3042,0.95571,1.5468,1.152
2021-12-22 01:10,35851747,11715992,1.2816,0.9564,1.5171,1.168
2021-12-22 01:15,35779091,11826911,1.2589,0.96018,1.4893,1.3016
2021-12-22 01:20,35662143,11694560,1.2862,0.96293,1.5048,0.93242
2021-12-22 01:25,35410624,11633098,1.272,0.95943,1.485,0.93496
2021-12-22 01:30,35193701,11603715,1.2671,0.96109,1.4726,0.87595
2021-12-22 01:35,35186572,11561252,1.2899,0.96112,1.4811,0.91002
2021-12-22 01:40,35423845,11672865,1.2682,0.96012,1.4587,1.0278
2021-12-22 01:45,35497216,11764542,1.2394,0.96031,1.4397,1.2677
2021-12-22 01:50,35630474,11795385,1.2557,0.96004,1.4476,1.2439
2021-12-22 01:55,36473307,12138681,1.2549,0.96046,1.44,1.7123
2021-12-22 02:00,37912537,12740254,1.187,0.96299,1.3927,0.91915
2021-12-22 02:05,38444461,12859761,1.2281,0.96321,1.4362,1.0398
2021-12-22 02:10,38788675,13009657,1.19,0.9612,1.4104,1.7213
2021-12-22 02:15,39052630,13108633,1.3016,0.96067,1.5016,1.0548
2021-12-22 02:20,38847845,13125521,1.3013,0.95822,1.493,0.95748
2021-12-22 02:25,39009709,13087885,1.3201,0.95695,1.5063,0.66917
2021-12-22 02:30,38972289,13113513,1.3167,0.9568,1.4975,0.69247
2021-12-22 02:35,39143982,13220577,1.2972,0.95767,1.491,1.5988
2021-12-22 02:40,39153906,13166284,1.299,0.95628,1.491,0.61065
2021-12-22 02:45,39239833,13194556,1.2916,0.95606,1.4763,0.63364
2021-12-22 02:50,39133423,13182713,1.2993,0.95611,1.4832,0.69488
2021-12-22 02:55,39184621,13228545,1.2867,0.95681,1.4653,1.1938
2021-12-22 03:00,39167779,13189195,1.2903,0.9586,1.4567,0.75412
2021-12-22 03:05,39165096,13269650,1.2739,0.95924,1.4443,0.94277
2021-12-22 03:10,39151661,13160860,1.2719,0.96164,1.4372,0.67033
2021-12-22 03:15,39277274,13220399,1.254,0.96498,1.4134,0.6752
2021-12-22 03:20,39310290,13232650,1.2655,0.96617,1.4255,0.39983
2021-12-22 03:25,39259644,13234033,1.2626,0.96869,1.4203,0.90232
2021-12-22 03:30,39336279,13233601,1.2749,0.96931,1.4283,0.62866
2021-12-22 03:35,39350862,13211572,1.2937,0.97072,1.438,0.78037
2021-12-22 03:40,39296913,13119148,1.2945,0.97671,1.4181,0.63266
2021-12-22 03:45,39191520,13076251,1.3111,0.97958,1.4212,0.6967
2021-12-22 03:50,39061681,13015916,1.327,0.98065,1.4362,0.7062
2021-12-22 03:55,39276706,13037903,1.3303,0.98385,1.4328,0.71377
2021-12-22 04:00,39252218,13107167,1.3151,0.9865,1.4196,1.7364
2021-12-22 04:05,39038889,13002140,1.2968,0.98554,1.405,0.91667
2021-12-22 04:10,38888074,12911502,1.3191,0.98501,1.4226,0.99242
2021-12-22 04:15,38863258,12915764,1.3141,0.98613,1.4187,0.89403
2021-12-22 04:20,38821912,12854431,1.3049,0.98701,1.4062,0.55487
2021-12-22 04:25,38816266,12850322,1.3034,0.98699,1.4013,1.0032
2021-12-22 04:30,38605464,12788182,1.3014,0.986,1.3963,2.4683
2021-12-22 04:35,38453306,12707852,1.3148,0.98515,1.4038,1.3092
2021-12-22 04:40,38368402,12676800,1.3229,0.9838,1.4168,0.92574
2021-12-22 04:45,38163138,12605284,1.3147,0.98498,1.3992,0.40351
2021-12-22 04:50,37794120,12558384,1.3195,0.98057,1.4243,2.224
2021-12-22 04:55,37763554,12552228,1.3257,0.97858,1.4409,1.7624
2021-12-22 05:00,37503553,12482501,1.3391,0.97549,1.4583,2.1116
2021-12-22 05:05,36973691,12365816,1.337,0.9715,1.4805,1.1935
2021-12-22 05:10,36617305,12234336,1.3526,0.96968,1.4972,1.2179
2021-12-22 05:15,36447695,12188474,1.3451,0.96692,1.4889,0.7051
2021-12-22 05:20,36609160,12230521,1.3464,0.9672,1.4951,1.0262
2021-12-22 05:25,36491062,12219085,1.3465,0.96474,1.5024,0.91102
2021-12-22 05:30,36417142,12192095,1.3263,0.96374,1.4814,0.98679
2021-12-22 05:35,36234875,12092218,1.3401,0.96507,1.4821,0.43042
2021-12-22 05:40,36186446,12086635,1.3439,0.96755,1.4775,0.8264
2021-12-22 05:45,36230323,12117471,1.3392,0.96749,1.4772,0.99152
2021-12-22 05:50,36267131,12198812,1.3362,0.96859,1.4825,1.1911
2021-12-22 05:55,36477709,12274979,1.3465,0.96845,1.4871,1.1219
2021-12-22 06:00,36414730,12250835,1.3596,0.96565,1.4966,0.88534
2021-12-22 06:05,36414814,12295866,1.3384,0.96334,1.4802,1.4687
2021-12-22 06:10,36407557,12261701,1.342,0.96209,1.4873,1.1702
2021-12-22 06:15,36300829,12228261,1.3357,0.96272,1.4795,0.97511
2021-12-22 06:20,36238337,12171733,1.3357,0.96364,1.4791,0.75294
2021-12-22 06:25,36086840,12117252,1.3397,0.9659,1.4764,0.97113
2021-12-22 06:30,36110651,12120853,1.3332,0.96579,1.4737,0.80025
2021-12-22 06:35,36135679,12085939,1.345,0.96758,1.4797,0.43923
2021-12-22 06:40,36126958,12123296,1.3384,0.9681,1.4715,1.3494
2021-12-22 06:45,36249166,12112209,1.354,0.96942,1.48,0.4784
2021-12-22 06:50,36302304,12112150,1.3644,0.96928,1.4812,0.58106
2021-12-22 06:55,36350729,12163875,1.3504,0.97266,1.4664,1.7012
2021-12-22 07:00,36482929,12221966,1.3577,0.9744,1.4717,0.83112
2021-12-22 07:05,36555834,12285638,1.3596,0.97487,1.475,0.94753
2021-12-22 07:10,36511252,12255002,1.3579,0.97549,1.4654,0.81924
2021-12-22 07:15,36401155,12214602,1.3782,0.9778,1.4846,0.95528
2021-12-22 07:20,36359814,12195224,1.3777,0.97723,1.4836,1.3443
2021-12-22 07:25,36365678,12233909,1.3646,0.97724,1.478,1.2148
2021-12-22 07:30,36314191,12194332,1.3811,0.97789,1.4895,0.68973
2021-12-22 07:35,36150513,12102555,1.3845,0.97778,1.4935,1.0387
2021-12-22 07:40,36075572,12059682,1.3797,0.97838,1.4861,1.197
2021-12-22 07:45,36060010,12026464,1.3804,0.97875,1.4816,0.39565
2021-12-22 07:50,36125476,12098783,1.3848,0.98034,1.4918,0.95923
2021-12-22 07:55,36184144,12133844,1.3927,0.98405,1.5006,0.94706
2021-12-22 08:00,36300425,12152935,1.3981,0.9842,1.5071,0.7215
2021-12-22 08:05,36346452,12191806,1.3768,0.98374,1.4855,1.1335
2021-12-22 08:10,36324660,12209289,1.3808,0.98377,1.4836,1.045
2021-12-22 08:15,36342591,12245386,1.3688,0.98417,1.4771,1.0118
2021-12-22 08:20,36292652,12200821,1.3624,0.984,1.4715,1.0308
2021-12-22 08:25,36320481,12217154,1.3357,0.98332,1.4505,2.2754
2021-12-22 08:30,36355681,12254955,1.3196,0.98307,1.4392,1.0483
2021-12-22 08:35,36619111,12472370,1.2314,0.98193,1.3955,1.8972
2021-12-22 08:40,36596260,12438679,1.2282,0.9818,1.3999,1.1844
2021-12-22 08:45,36378847,12298673,1.2797,0.97972,1.4392,1.1748
2021-12-22 08:50,36183059,12313971,1.2729,0.9774,1.4407,1.6716
2021-12-22 08:55,36424701,12421631,1.2661,0.97474,1.4318,1.626
2021-12-22 09:00,36213759,12244829,1.2615,0.97114,1.4276,0.71348
2021-12-22 09:05,36287043,12338013,1.2913,0.96954,1.4528,1.3725
2021-12-22 09:10,36144488,12294548,1.2931,0.96845,1.4592,0.92322
2021-12-22 09:15,36373239,12427645,1.3032,0.96924,1.4653,1.643
2021-12-22 09:20,36589800,12444615,1.2733,0.96989,1.4526,0.99759
2021-12-22 09:25,36476754,12396294,1.2571,0.96973,1.4382,0.80983
2021-12-22 09:30,36362497,12340407,1.2528,0.96886,1.433,1.8203
2021-12-22 09:35,36234698,12312106,1.2357,0.9654,1.4199,1.0684
2021-12-22 09:40,36022490,12105679,1.2473,0.96797,1.4052,0.53952
2021-12-22 09:45,36014374,12175819,1.2416,0.96875,1.3891,0.79046
2021-12-22 09:50,36122297,12198338,1.2436,0.96907,1.391,0.82592
2021-12-22 09:55,36284191,12228103,1.2361,0.97116,1.3845,1.0957
2021-12-22 10:00,36379608,12260151,1.2363,0.97352,1.3835,0.68592
2021-12-22 10:05,36395702,12284094,1.2357,0.97261,1.3857,0.85364
2021-12-22 10:10,36345316,12269645,1.2269,0.97286,1.3832,1.5473
2021-12-22 10:15,36412044,12269402,1.2379,0.97457,1.3931,0.66385
2021-12-22 10:20,36469522,12295440,1.2444,0.97455,1.3979,1.0069
2021-12-22 10:25,36520194,12275222,1.2415,0.97528,1.3938,1.3578
2021-12-22 10:30,36517064,12269086,1.2704,0.97599,1.4199,1.1441
2021-12-22 10:35,36450942,12230843,1.2938,0.97574,1.4391,0.82615
2021-12-22 10:40,36369548,12257547,1.2636,0.9765,1.4144,1.5728
2021-12-22 10:45,36255195,12245508,1.2413,0.97729,1.4012,1.4925
2021-12-22 10:50,36347481,12324656,1.2171,0.97666,1.3849,1.0893
2021-12-22 10:55,36434207,12420446,1.2163,0.97749,1.3872,1.0167
2021-12-22 11:00,36625570,12491269,1.2038,0.97657,1.3712,0.54131
2021-12-22 11:05,36880222,12591894,1.2085,0.98048,1.3715,0.90386
2021-12-22 11:10,36972056,12595640,1.2125,0.98145,1.371,0.67858
2021-12-22 11:15,36944202,12567985,1.2151,0.98098,1.3687,0.93935
2021-12-22 11:20,36763951,12447211,1.2279,0.97943,1.3813,0.66379
2021-12-22 11:25,36836103,12503536,1.2478,0.97699,1.4063,1.3656
2021-12-22 11:30,36684353,12361526,1.278,0.98248,1.4325,0.44324
2021-12-22 11:35,36543490,12387952,1.25,0.98114,1.4138,1.9328
2021-12-22 11:40,36555609,12389793,1.2578,0.98068,1.4244,0.76299
2021-12-22 11:45,36579491,12330383,1.2635,0.98066,1.4311,0.42664
2021-12-22 11:50,36463610,12278962,1.2639,0.97885,1.4355,1.2794
2021-12-22 11:55,36462102,12281388,1.2726,0.98075,1.4434,1.3433
2021-12-22 12:00,36434887,12249437,1.293,0.98123,1.4658,1.4704
2021-12-22 12:05,36420269,12244598,1.2916,0.98108,1.4686,1.0916
2021-12-22 12:10,36362061,12222939,1.3059,0.97951,1.484,0.97162
2021-12-22 12:15,36329695,12257278,1.2976,0.98061,1.4702,1.8652
2021-12-22 12:20,36407125,12222506,1.2977,0.97922,1.4727,0.94346
2021-12-22 12:25,36328850,12132783,1.3074,0.97941,1.4602,0.69147
2021-12-22 12:30,36169204,12035907,1.2818,0.98342,1.4168,0.64138
2021-12-22 12:35,35859065,11796115,1.3049,0.99016,1.4151,0.6742
2021-12-22 12:40,35740560,11766081,1.3054,0.99145,1.4251,1.3101
2021-12-22 12:45,35649285,11785491,1.3177,0.99027,1.4406,0.98761
2021-12-22 12:50,35130141,11593454,1.3368,0.98973,1.4652,1.142
2021-12-22 12:55,35017245,11502353,1.3441,0.9903,1.4588,0.50283
2021-12-22 13:00,34994572,11548625,1.3372,0.99334,1.4516,0.89629
2021-12-22 13:05,34960345,11604765,1.3346,0.99087,1.4557,1.0892
2021-12-22 13:10,34964483,11580887,1.359,0.99305,1.4792,0.8837
2021-12-22 13:15,34907441,11634999,1.3292,0.99722,1.4516,1.7946
2021-12-22 13:20,34767131,11626395,1.3059,0.99713,1.4318,1.2307
2021-12-22 13:25,34806541,11600721,1.3056,0.99753,1.431,0.64323
2021-12-22 13:30,34882612,11593940,1.3139,0.99772,1.4269,0.86096
2021-12-22 13:35,34892120,11607284,1.2867,0.99884,1.4059,1.2488
2021-12-22 13:40,34946733,11620864,1.2915,0.99994,1.4088,0.61863
2021-12-22 13:45,34920752,11646237,1.304,1.0018,1.4244,0.70536
2021-12-22 13:50,34908407,11686392,1.2837,1.0027,1.405,1.0847
2021-12-22 13:55,34766027,11599556,1.2968,1.0037,1.4161,0.71836
2021-12-22 14:00,34855890,11643794,1.2949,1.0032,1.4182,0.93096
2021-12-22 14:05,34943861,11688624,1.3115,1.0031,1.4339,1.1731
2021-12-22 14:10,35018783,11742593,1.2988,1.0019,1.4274,0.97932
2021-12-22 14:15,35152678,11762261,1.3134,1.0022,1.4382,0.45768
2021-12-22 14:20,35190946,11761872,1.3176,1.0033,1.4409,1.2658
2021-12-22 14:25,35235907,11815550,1.3333,1.0033,1.4576,0.79606
2021-12-22 14:30,35294370,11851735,1.3263,1.0029,1.4537,1.2673
2021-12-22 14:35,35408726,11807335,1.3224,1.0036,1.4456,0.61098
2021-12-22 14:40,35379991,11793651,1.3333,1.0076,1.4454,0.84382
2021-12-22 14:45,35451639,11851920,1.3273,1.0087,1.4395,0.91067
2021-12-22 14:50,35511735,11907085,1.3299,1.0087,1.4454,1.1198
2021-12-22 14:55,35502037,11913244,1.3477,1.0112,1.4598,0.72172
2021-12-22 15:00,35531014,11869399,1.3379,1.0107,1.458,1.109
2021-12-22 15:05,35684380,11877546,1.3419,1.0111,1.4559,0.44812
2021-12-22 15:10,35771105,11878869,1.3484,1.0091,1.4589,0.69243
2021-12-22 15:15,35757935,11865699,1.3591,1.0103,1.4694,1.0021
2021-12-22 15:20,35803485,11888453,1.3443,1.0098,1.4599,1.316
2021-12-22 15:25,35824612,11942726,1.3392,1.0094,1.4615,2.3985
2021-12-22 15:30,35902109,11875159,1.3625,1.0119,1.4714,0.64556
2021-12-22 15:35,35892607,11906939,1.3451,1.0113,1.4576,2.1059
2021-12-22 15:40,35930312,11898682,1.3619,1.0114,1.4711,1.0225
2021-12-22 15:45,35998215,11927374,1.3525,1.0111,1.4637,1.2883
2021-12-22 15:50,36070152,11925124,1.3748,1.0101,1.4769,0.57336
2021-12-22 15:55,36096531,11924128,1.364,1.0092,1.4678,0.67625
2021-12-22 16:00,36086573,11911485,1.3689,1.0094,1.4694,0.71065
2021-12-22 16:05,36195105,11885004,1.3721,1.0104,1.4709,0.41422
2021-12-22 16:10,36277555,12014401,1.3571,1.01,1.4751,1.667
2021-12-22 16:15,36313917,12047868,1.3682,1.0118,1.4959,1.5606
2021-12-22 16:20,36327821,12032753,1.3755,1.0126,1.5061,1.0806
2021-12-22 16:25,36395382,12071899,1.376,1.0112,1.5097,1.0924
2021-12-22 16:30,36203444,12050984,1.3702,1.0099,1.5098,1.331
2021-12-22 16:35,36237511,12049128,1.3704,1.01,1.5115,0.59224
2021-12-22 16:40,36275545,12049140,1.3748,1.0095,1.5202,0.68381
2021-12-22 16:45,36286964,12012118,1.3687,1.0107,1.5091,0.57746
2021-12-22 16:50,36413237,12009509,1.3569,1.0115,1.4933,0.7309
2021-12-22 16:55,36391586,12005828,1.379,1.0093,1.5198,0.77203
2021-12-22 17:00,36493225,12008719,1.3645,1.0099,1.5052,1.1954
2021-12-22 17:05,36526753,12023152,1.386,1.0091,1.5302,0.48241
2021-12-22 17:10,36483486,12023379,1.3751,1.0089,1.5173,1.498
2021-12-22 17:15,36424784,11965592,1.3729,1.0095,1.5097,1.0633
2021-12-22 17:20,36480967,12007738,1.3758,1.0089,1.5162,0.92682
2021-12-22 17:25,36500956,12022728,1.3767,1.0078,1.521,1.018
2021-12-22 17:30,36405971,11937019,1.386,1.0078,1.5262,0.28301
2021-12-22 17:35,36427699,11954478,1.3759,1.0072,1.5152,1.6723
2021-12-22 17:40,36271409,11900336,1.3686,1.007,1.5089,1.1044
2021-12-22 17:45,36006419,11748174,1.4028,1.0085,1.5136,0.49203
2021-12-22 17:50,36142798,11816165,1.4135,1.0091,1.5257,0.56823
2021-12-22 17:55,36088058,11800434,1.4135,1.0083,1.525,0.52169
2021-12-22 18:00,36127597,11803608,1.4232,1.0086,1.5346,0.89069
2021-12-22 18:05,36141830,11850545,1.4047,1.0092,1.525,0.8179
2021-12-22 18:10,36140962,11853646,1.4063,1.0086,1.5281,1.6316
2021-12-22 18:15,36078122,11826408,1.407,1.0098,1.5308,0.81433
2021-12-22 18:20,36118567,11834998,1.4039,1.0097,1.5297,1.3934
2021-12-22 18:25,36130168,11843026,1.406,1.0103,1.5327,1.0649
2021-12-22 18:30,36229045,11839918,1.4062,1.0113,1.5291,0.55442
2021-12-22 18:35,36234514,11863686,1.4041,1.0112,1.5311,1.886
2021-12-22 18:40,36246342,11818845,1.4066,1.0116,1.5357,1.0814
2021-12-22 18:45,36115758,11783127,1.4001,1.0111,1.5277,1.0357
2021-12-22 18:50,36087869,11783772,1.4057,1.0122,1.5324,0.60633
2021-12-22 18:55,36047407,11773505,1.4021,1.0133,1.5323,0.41346
2021-12-22 19:00,36036079,11740352,1.4168,1.0146,1.5369,0.70124
2021-12-22 19:05,35983534,11722892,1.4295,1.0144,1.5414,0.49934
2021-12-22 19:10,35978929,11716396,1.4259,1.0138,1.5437,1.6553
2021-12-22 19:15,36071772,11767693,1.4352,1.0129,1.5532,1.5288
2021-12-22 19:20,36093325,11795539,1.4172,1.0118,1.5465,1.4773
2021-12-22 19:25,36070249,11805071,1.421,1.0106,1.5545,2.3986
2021-12-22 19:30,36184451,11786997,1.4362,1.0114,1.5683,0.5012
2021-12-22 19:35,36192149,11787271,1.4402,1.0165,1.5735,0.44552
2021-12-22 19:40,36203352,11813211,1.4405,1.0119,1.5806,2.3326
2021-12-22 19:45,36230278,11845489,1.431,1.0123,1.5753,1.7542
2021-12-22 19:50,36219439,11818903,1.4499,1.0134,1.5886,0.91431
2021-12-22 19:55,36275936,11849534,1.4536,1.0128,1.5954,0.9597
2021-12-22 20:00,36311468,11850974,1.4495,1.012,1.5913,1.1722
2021-12-22 20:05,36322250,11851382,1.4424,1.013,1.5825,0.88975
2021-12-22 20:10,36264745,11873070,1.4496,1.0117,1.5906,1.2321
2021-12-22 20:15,36165610,11849662,1.4478,1.0122,1.5883,0.86918
2021-12-22 20:20,36082010,11825177,1.4381,1.0104,1.5826,2.2102
2021-12-22 20:25,35997967,11834161,1.438,1.0097,1.5951,2.834
2021-12-22 20:30,35956503,11801059,1.4527,1.0079,1.6144,1.0103
2021-12-22 20:35,35931828,11761565,1.4468,1.0077,1.6009,0.82949
2021-12-22 20:40,35881365,11779438,1.4448,1.0073,1.6039,1.7065
2021-12-22 20:45,35898520,11791228,1.4458,1.0061,1.6103,2.4142
2021-12-22 20:50,35888280,11822410,1.4376,1.0051,1.6042,1.2187
2021-12-22 20:55,35780231,11761547,1.4555,1.0046,1.6192,0.37223
2021-12-22 21:00,35848677,11712197,1.439,1.0047,1.6067,0.91296
2021-12-22 21:05,35799337,11689462,1.4387,1.0045,1.6069,0.93743
2021-12-22 21:10,35679186,11664049,1.4373,1.0045,1.6067,1.5215
2021-12-22 21:15,35660317,11684459,1.4341,1.0047,1.6063,1.331
2021-12-22 21:20,35636610,11677048,1.4555,1.0046,1.6263,0.3976
2021-12-22 21:25,35648935,11727906,1.444,1.0038,1.617,1.2952
2021-12-22 21:30,35555045,11727832,1.4362,1.001,1.612,1.7088
2021-12-22 21:35,35495586,11659590,1.4262,1.0003,1.6017,0.38617
2021-12-22 21:40,35502760,11689505,1.4228,1.0006,1.5995,0.71191
2021-12-22 21:45,35436865,11665478,1.4172,1.0005,1.595,1.1437
2021-12-22 21:50,35447944,11658120,1.4201,1.0009,1.5972,1.4929
2021-12-22 21:55,35285941,11608119,1.4293,0.9992,1.6129,0.40522
2021-12-22 22:00,35384300,11621796,1.4288,0.99852,1.6112,1.8267
2021-12-22 22:05,35422965,11638743,1.4352,0.99823,1.6183,0.62106
2021-12-22 22:10,35350819,11624740,1.4135,0.99775,1.5996,1.5856
2021-12-22 22:15,35258447,11542205,1.4236,0.99901,1.6067,0.30031
2021-12-22 22:20,35240532,11539616,1.4148,0.9985,1.5983,1.0839
2021-12-22 22:25,35427132,11576676,1.4224,0.99441,1.6045,0.4748
2021-12-22 22:30,35416506,11569510,1.4126,0.99457,1.5966,0.81274
2021-12-22 22:35,35598325,11597029,1.4198,0.99736,1.6032,0.27243
2021-12-22 22:40,35610226,11591129,1.4147,0.99833,1.5966,0.99146
2021-12-22 22:45,35622653,11577718,1.422,0.99928,1.598,0.4763
2021-12-22 22:50,35629301,11573175,1.4344,1.0009,1.5994,0.76826
2021-12-22 22:55,35500021,11572181,1.4287,1.0001,1.6016,2.6568
2021-12-22 23:00,35467633,11572914,1.425,1.0003,1.6009,1.8897
2021-12-22 23:05,35516547,11532578,1.4321,1.0011,1.6018,0.52498
2021-12-22 23:10,35300254,11407735,1.4301,1.004,1.5838,0.62921
2021-12-22 23:15,35142727,11312092,1.4648,1.0047,1.6067,0.58488
2021-12-22 23:20,35163422,11267415,1.4949,1.0052,1.6336,0.66128
2021-12-22 23:25,35083715,11230371,1.512,1.0026,1.6382,1.31
2021-12-22 23:30,35185664,11268470,1.5272,1.0023,1.6506,0.54574
2021-12-22 23:35,35224534,11274669,1.5135,1.0021,1.6439,1.5165
2021-12-22 23:40,35410241,11248328,1.5902,1.0021,1.7036,0.39303
2021-12-22 23:45,35370633,11196128,1.5953,1.0045,1.6927,0.79567
2021-12-22 23:50,35118090,11167904,1.5994,1.005,1.7062,2.3014
2021-12-22 23:55,35136462,11168827,1.5926,1.0042,1.7057,1.0454
2021-12-23 00:00,35055067,11162936,1.5834,1.0044,1.6985,1.179
2021-12-23 00:05,34714011,11136675,1.5718,1.0035,1.6921,1.263
2021-12-23 00:10,34844108,11043630,1.6015,1.0112,1.708,0.55522
2021-12-23 00:15,34977167,11084359,1.5989,1.012,1.7066,1.0123
2021-12-23 00:20,34849256,10980304,1.6084,1.0134,1.7124,0.77783
2021-12-23 00:25,34961531,11004007,1.627,1.0146,1.7182,0.62462
2021-12-23 00:30,34976959,11048805,1.6199,1.0142,1.713,1.1736
2021-12-23 00:35,34867550,10989189,1.6419,1.0147,1.7342,0.8744
2021-12-23 00:40,34838861,10993878,1.6412,1.0148,1.7328,1.234
2021-12-23 00:45,34835696,11022994,1.6573,1.0179,1.7536,0.9422
2021-12-23 00:50,34721287,11057387,1.657,1.0185,1.766,1.9617
2021-12-23 00:55,34619562,11050734,1.6654,1.0173,1.7772,1.0981
2021-12-23 01:00,34594432,11065375,1.6602,1.0162,1.7741,1.3145
2021-12-23 01:05,34099973,11010540,1.6392,1.0134,1.7607,1.0654
2021-12-23 01:10,33840851,10906155,1.6357,1.0125,1.7537,1.0113
2021-12-23 01:15,33740776,10837875,1.6435,1.0115,1.7622,0.79618
2021-12-23 01:20,33669439,10776241,1.6422,1.0119,1.7563,0.60253
2021-12-23 01:25,33614190,10758894,1.6315,1.0117,1.7442,0.61417
2021-12-23 01:30,33478823,10794137,1.6257,1.0112,1.7459,2.3662
2021-12-23 01:35,33379075,10773953,1.6177,1.0121,1.7399,1.1501
2021-12-23 01:40,33421163,10785279,1.6434,1.0137,1.7619,0.89709
2021-12-23 01:45,33453849,10770221,1.6623,1.0134,1.7788,0.45174
2021-12-23 01:50,33485026,10803575,1.6353,1.0137,1.7607,1.3412
2021-12-23 01:55,33332881,10832732,1.6458,1.0128,1.7756,2.4798
2021-12-23 02:00,33368174,10827972,1.6249,1.0109,1.7564,1.2634
2021-12-23 02:05,33307850,10827791,1.6243,1.0098,1.7651,1.0627
2021-12-23 02:10,33312187,10856109,1.6132,1.0089,1.7615,1.9526
2021-12-23 02:15,33215702,10819609,1.6047,1.0082,1.7548,0.53379
2021-12-23 02:20,33142294,10797428,1.5913,1.0067,1.7453,0.67434
2021-12-23 02:25,33183632,10822842,1.5831,1.0071,1.7373,0.63975
2021-12-23 02:30,33318894,10862782,1.5951,1.0059,1.75,0.52445
2021-12-23 02:35,33361698,10869241,1.5996,1.0049,1.773,0.97976
2021-12-23 02:40,33383447,10840702,1.6142,1.0049,1.7794,0.59333
2021-12-23 02:45,33532454,10851940,1.6125,1.0067,1.774,0.76094
2021-12-23 02:50,33444596,10803704,1.6172,1.0071,1.7769,0.43422
2021-12-23 02:55,33661704,10890571,1.6054,1.0071,1.7703,3.4558
2021-12-23 03:00,33617697,10780779,1.6314,1.009,1.7846,0.33687
2021-12-23 03:05,33619430,10802761,1.6396,1.0091,1.7918,2.1675
2021-12-23 03:10,33631647,10796238,1.6394,1.0093,1.7903,0.8213
2021-12-23 03:15,33625580,10757983,1.6568,1.0094,1.7989,0.46022
2021-12-23 03:20,33693493,10773013,1.6463,1.0076,1.7891,1.3649
2021-12-23 03:25,33696005,10796265,1.6465,1.0077,1.7972,1.3617
2021-12-23 03:30,33737759,10839731,1.6537,1.0074,1.8007,1.2216
2021-12-23 03:35,33840639,10875642,1.6833,1.0073,1.8344,0.62472
2021-12-23 03:40,33661594,10867239,1.6607,1.009,1.819,1.9028
2021-12-23 03:45,33611766,10854283,1.6616,1.0087,1.825,0.86994
2021-12-23 03:50,33552575,10881771,1.6434,1.0082,1.8121,2.4772
2021-12-23 03:55,33485701,10919352,1.6313,1.0068,1.8069,2.0538
2021-12-23 04:00,33476667,10899333,1.6399,1.0059,1.8117,0.81635
2021-12-23 04:05,33402535,10846196,1.627,1.006,1.7958,1.027
2021-12-23 04:10,33430537,10824506,1.6311,1.0062,1.7961,0.38786
2021-12-23 04:15,33406220,10797558,1.6303,1.0064,1.7958,0.70329
2021-12-23 04:20,33395699,10783805,1.628,1.0064,1.7966,0.43633
2021-12-23 04:25,33447920,10812709,1.6336,1.0063,1.8014,0.70174
2021-12-23 04:30,33500742,10822595,1.6433,1.0071,1.8063,0.42966
2021-12-23 04:35,33495013,10811225,1.6564,1.0068,1.816,0.36699
2021-12-23 04:40,33479749,10810227,1.6546,1.0066,1.8203,0.45248
2021-12-23 04:45,33463070,10810836,1.6362,1.0066,1.8037,0.62422
2021-12-23 04:50,33500453,10784275,1.6492,1.0067,1.8137,0.49714
2021-12-23 04:55,33455251,10798260,1.647,1.0063,1.8111,0.99944
2021-12-23 05:00,33424698,10759745,1.6507,1.0058,1.8168,0.82317
2021-12-23 05:05,33395339,10766801,1.6561,1.0055,1.8248,0.75071
2021-12-23 05:10,33401140,10769630,1.6579,1.0049,1.8287,1.0301
2021-12-23 05:15,33375069,10762065,1.6684,1.0055,1.8397,0.56087
2021-12-23 05:20,33419344,10761193,1.6444,1.0041,1.8192,1.3168
2021-12-23 05:25,33359895,10734527,1.6733,1.0045,1.845,0.87205
2021-12-23 05:30,33418876,10738504,1.6566,1.0035,1.833,0.74289
2021-12-23 05:35,33407795,10728541,1.6731,1.0028,1.8499,0.9531
2021-12-23 05:40,33391873,10669484,1.6693,1.0031,1.8442,0.4559
2021-12-23 05:45,33285783,10609843,1.688,1.0056,1.8616,0.34387
2021-12-23 05:50,33320267,10601872,1.6917,1.0058,1.8571,0.62032
2021-12-23 05:55,33377347,10629620,1.6942,1.0053,1.8631,0.84613
2021-12-23 06:00,33429534,10648978,1.6953,1.0049,1.8708,0.67848
2021-12-23 06:05,33434398,10678752,1.7028,1.0061,1.8691,1.2639
2021-12-23 06:10,33345243,10647878,1.6962,1.0057,1.8716,1.0207
2021-12-23 06:15,33293885,10649049,1.7018,1.0057,1.8774,0.84918
2021-12-23 06:20,33211568,10672983,1.6836,1.006,1.8685,1.4901
2021-12-23 06:25,33255649,10683710,1.6803,1.0063,1.8646,1.3797
2021-12-23 06:30,33226979,10661750,1.6859,1.0059,1.8723,1.0695
2021-12-23 06:35,33225687,10622255,1.6949,1.0081,1.8731,0.4246
2021-12-23 06:40,33354120,10669316,1.6722,1.0075,1.8559,0.94139
2021-12-23 06:45,33374537,10633486,1.6897,1.0082,1.8638,0.79791
2021-12-23 06:50,33339657,10671455,1.6693,1.005,1.8499,1.5953
2021-12-23 06:55,33305184,10688607,1.6825,1.0046,1.8646,0.85358
2021-12-23 07:00,33270891,10689810,1.6827,1.0044,1.8701,1.3263
2021-12-23 07:05,33310722,10640846,1.7171,1.0044,1.9005,0.2455
2021-12-23 07:10,33294085,10656631,1.7056,1.0038,1.8959,1.3621
2021-12-23 07:15,33299760,10650262,1.7069,1.0038,1.8952,0.51219
2021-12-23 07:20,33290858,10637095,1.7178,1.0041,1.9046,0.63813
2021-12-23 07:25,33280497,10669727,1.7025,1.0028,1.8928,1.0138
2021-12-23 07:30,33307672,10686772,1.7034,1.003,1.8939,0.54927
2021-12-23 07:35,33294544,10625812,1.6997,1.0027,1.8926,0.47197
2021-12-23 07:40,33262195,10596337,1.7105,1.002,1.9072,1.2059
2021-12-23 07:45,33122330,10553437,1.7106,1.0004,1.904,0.90149
2021-12-23 07:50,33012650,10457903,1.7158,0.99959,1.9071,0.55996
2021-12-23 07:55,33029034,10438625,1.7364,0.99719,1.9305,1.0017
2021-12-23 08:00,32989765,10438056,1.7324,0.99578,1.9262,0.94891
2021-12-23 08:05,32940641,10417474,1.7309,0.99567,1.9275,0.60733
2021-12-23 08:10,32967696,10488387,1.7172,0.99639,1.9182,1.5032
2021-12-23 08:15,33159256,10570089,1.7176,0.9976,1.9135,1.1048
2021-12-23 08:20,33053748,10513602,1.7065,0.99807,1.9076,0.51573
2021-12-23 08:25,33031252,10524575,1.72,0.99789,1.9182,0.79478
2021-12-23 08:30,33021127,10550250,1.698,0.99853,1.8989,0.47023
2021-12-23 08:35,33062418,10569250,1.6901,0.99848,1.8907,0.86371
2021-12-23 08:40,33038048,10552683,1.7086,0.99815,1.9041,1.5975
2021-12-23 08:45,32972217,10525391,1.7029,0.99828,1.8953,0.99754
2021-12-23 08:50,32934242,10524466,1.7011,0.9973,1.8995,0.86141
2021-12-23 08:55,32948497,10545418,1.6952,0.99779,1.9011,1.0755
2021-12-23 09:00,32865127,10548320,1.6828,0.99678,1.8917,1.4054
2021-12-23 09:05,32888354,10560631,1.6832,0.99498,1.8943,0.98374
2021-12-23 09:10,32893404,10591018,1.6864,0.99512,1.9051,1.1414
2021-12-23 09:15,32772029,10581848,1.6381,0.99533,1.8598,2.6216
2021-12-23 09:20,32735859,10542740,1.6337,0.99567,1.8548,0.67145
2021-12-23 09:25,32767382,10526194,1.6261,0.99583,1.8387,0.63262
2021-12-23 09:30,32771819,10514510,1.6483,0.99612,1.8519,0.71262
2021-12-23 09:35,32722535,10456090,1.6231,0.99655,1.8318,0.57018
2021-12-23 09:40,32668096,10456370,1.6359,0.99558,1.8459,1.2297
2021-12-23 09:45,32594477,10467329,1.6427,0.99508,1.8638,0.53551
2021-12-23 09:50,32582676,10441596,1.6216,0.9948,1.8513,1.0279
2021-12-23 09:55,32656642,10462617,1.6368,0.99521,1.8628,0.52752
2021-12-23 10:00,32700756,10474680,1.6308,0.99505,1.862,0.93722
2021-12-23 10:05,32747899,10507269,1.6337,0.99489,1.8623,1.3498
2021-12-23 10:10,32888244,10525626,1.6387,0.99613,1.8591,0.25597
2021-12-23 10:15,32884213,10472078,1.634,0.99625,1.8538,0.77219
2021-12-23 10:20,32858839,10462884,1.6434,0.99559,1.8609,1.2895
2021-12-23 10:25,32908155,10476311,1.6473,0.99535,1.8588,1.4788
2021-12-23 10:30,32958821,10517222,1.6766,0.99545,1.8896,0.65112
2021-12-23 10:35,33016959,10542975,1.6739,0.99564,1.887,1.1647
2021-12-23 10:40,32992067,10531728,1.6861,0.99568,1.8992,0.88463
2021-12-23 10:45,33031272,10560392,1.6588,0.99534,1.8758,0.97572
2021-12-23 10:50,33029276,10606845,1.6509,0.99307,1.8698,1.4522
2021-12-23 10:55,33012696,10600320,1.6498,0.9938,1.8675,1.9128
2021-12-23 11:00,33032946,10580783,1.6553,0.99377,1.8736,1.038
2021-12-23 11:05,33071279,10614478,1.6401,0.99362,1.8542,1.3793
2021-12-23 11:10,33070830,10641500,1.649,0.99419,1.8646,1.5039
2021-12-23 11:15,33098822,10650539,1.6501,0.99416,1.8683,0.57664
2021-12-23 11:20,33075152,10613960,1.6249,0.99414,1.8434,0.38375
2021-12-23 11:25,33128986,10581691,1.6535,0.99369,1.8701,0.39032
2021-12-23 11:30,33133264,10556258,1.633,0.9943,1.8523,0.58932
2021-12-23 11:35,33108441,10507508,1.6362,0.99289,1.857,0.6915
2021-12-23 11:40,33127888,10523831,1.6309,0.99278,1.8592,1.3687
2021-12-23 11:45,33047062,10465793,1.6492,0.99314,1.8753,0.71162
2021-12-23 11:50,32985969,10505036,1.668,0.99147,1.8948,1.3394
2021-12-23 11:55,32982554,10496560,1.6839,0.99162,1.9127,0.36348
2021-12-23 12:00,32989479,10478716,1.6693,0.99205,1.9012,0.53529
2021-12-23 12:05,32950782,10525621,1.6492,0.99051,1.892,1.1026
2021-12-23 12:10,32951279,10585598,1.6581,0.99212,1.8869,1.4363
2021-12-23 12:15,32988555,10568435,1.6571,0.99315,1.882,0.62871
2021-12-23 12:20,32904513,10498519,1.6614,0.99388,1.8808,0.44625
2021-12-23 12:25,32819456,10444240,1.6859,0.99279,1.9006,0.97178
2021-12-23 12:30,32838982,10524072,1.6557,0.99064,1.8814,2.627
2021-12-23 12:35,32907844,10511094,1.6719,0.99082,1.8967,0.46019
2021-12-23 12:40,33038133,10583906,1.666,0.99073,1.8983,0.98743
2021-12-23 12:45,33066155,10640689,1.6821,0.99014,1.9141,1.353
2021-12-23 12:50,32967945,10611722,1.6442,0.98946,1.8823,0.60082
2021-12-23 12:55,32996797,10616990,1.6446,0.98964,1.8736,0.79288
2021-12-23 13:00,32907334,10567736,1.6511,0.988,1.8838,0.63914
2021-12-23 13:05,32926236,10621847,1.6594,0.98784,1.8894,1.133
2021-12-23 13:10,33010570,10667366,1.6618,0.98732,1.9037,1.0111
2021-12-23 13:15,33108328,10697937,1.6742,0.9884,1.9201,1.3603
2021-12-23 13:20,33236953,10783701,1.6477,0.98731,1.9048,1.0295
2021-12-23 13:25,33303266,10808337,1.6537,0.98784,1.9122,1.1476
2021-12-23 13:30,33309944,10795055,1.6651,0.98887,1.9242,0.63279
2021-12-23 13:35,33248167,10761663,1.6684,0.99034,1.9241,0.78501
2021-12-23 13:40,33303023,10782860,1.6846,0.99009,1.9336,0.61146
2021-12-23 13:45,33300243,10721430,1.6988,0.99024,1.948,0.33745
2021-12-23 13:50,33329374,10716763,1.7098,0.99072,1.9591,0.90823
2021-12-23 13:55,33351349,10743214,1.7189,0.98928,1.967,1.8798
2021-12-23 14:00,33499108,10725879,1.7259,0.99223,1.9754,0.40124
2021-12-23 14:05,33477623,10778266,1.7071,0.9891,1.9691,2.3476
2021-12-23 14:10,33536043,10823416,1.7037,0.987,1.9676,2.4581
2021-12-23 14:15,33458448,10763917,1.7098,0.98683,1.9697,0.8478
2021-12-23 14:20,33484856,10744200,1.7225,0.98547,1.9952,1.1897
2021-12-23 14:25,33436996,10693820,1.7417,0.98594,2.0043,0.49603
2021-12-23 14:30,33403763,10682782,1.7247,0.98479,1.9909,1.1566
2021-12-23 14:35,33349705,10665597,1.7539,0.98446,2.0193,1.0271
2021-12-23 14:40,33395868,10703042,1.7287,0.98292,2.0075,1.4673
2021-12-23 14:45,33323712,10679722,1.7431,0.98312,2.0215,0.412
2021-12-23 14:50,33267167,10621780,1.7534,0.98349,2.0226,0.78982
2021-12-23 14:55,33245168,10611224,1.7559,0.98243,2.0302,1.1027
2021-12-23 15:00,32967113,10538113,1.7568,0.98057,2.0374,0.42278
2021-12-23 15:05,32923319,10534804,1.7519,0.97896,2.0357,0.99431
2021-12-23 15:10,32767407,10497367,1.7571,0.97733,2.0473,0.78985
2021-12-23 15:15,32820708,10488514,1.7512,0.97683,2.0527,0.55952
2021-12-23 15:20,32754387,10523651,1.7765,0.97536,2.0767,1.6815
2021-12-23 15:25,32644803,10516523,1.7819,0.97433,2.088,0.7191
2021-12-23 15:30,32642825,10497280,1.7795,0.97545,2.0833,0.55276
2021-12-23 15:35,32659943,10512582,1.7592,0.97633,2.0714,0.66082
2021-12-23 15:40,32784415,10543638,1.7568,0.97562,2.0696,0.39536
2021-12-23 15:45,32904718,10565047,1.7233,0.97495,2.0323,0.55616
2021-12-23 15:50,32958665,10571162,1.729,0.97477,2.0372,0.48205
2021-12-23 15:55,33040515,10582047,1.7391,0.97584,2.0496,0.68915
2021-12-23 16:00,33165569,10626675,1.7311,0.97505,2.0499,0.67035
2021-12-23 16:05,33202625,10694321,1.7211,0.97538,2.0418,1.3847
2021-12-23 16:10,33259187,10718271,1.7561,0.97447,2.0688,0.86805
2021-12-23 16:15,33269866,10700755,1.7541,0.97217,2.0802,0.58155
2021-12-23 16:20,33335613,10708732,1.7378,0.97236,2.0635,0.76128
2021-12-23 16:25,33302202,10651284,1.76,0.9732,2.0852,0.68256
2021-12-23 16:30,33439202,10665433,1.7742,0.97363,2.1034,1.298
2021-12-23 16:35,33444891,10632124,1.7849,0.97323,2.1138,0.89159
2021-12-23 16:40,33420347,10648596,1.7875,0.97215,2.1213,1.6232
2021-12-23 16:45,33299638,10643563,1.7758,0.97205,2.1159,1.3157
2021-12-23 16:50,33268905,10681930,1.7933,0.97218,2.1299,0.64877
2021-12-23 16:55,33258310,10710978,1.7868,0.97232,2.1213,0.6882
2021-12-23 17:00,33313405,10726492,1.7833,0.97221,2.1161,0.78633
2021-12-23 17:05,33389661,10739016,1.7575,0.97182,2.0882,1.0291
2021-12-23 17:10,33555690,10832106,1.7482,0.97104,2.0812,0.62578
2021-12-23 17:15,33733853,10928184,1.7254,0.97198,2.0636,1.3689
2021-12-23 17:20,33834585,10960539,1.7568,0.97289,2.0926,0.94138
2021-12-23 17:25,33880930,10998642,1.7623,0.97155,2.107,0.94371
2021-12-23 17:30,34108083,11064023,1.77,0.96955,2.1259,1.0121
2021-12-23 17:35,34104299,11100793,1.7627,0.97005,2.1263,0.9888
2021-12-23 17:40,34261928,11203370,1.7612,0.96641,2.1382,1.322
2021-12-23 17:45,34638272,11318818,1.7864,0.96883,2.1869,0.91662
2021-12-23 17:50,34532783,11351888,1.7592,0.97056,2.1562,1.3824
2021-12-23 17:55,34567784,11385872,1.7276,0.96942,2.1308,1.3298
2021-12-23 18:00,34577904,11366385,1.7739,0.96612,2.1791,0.68337
2021-12-23 18:05,34683500,11428907,1.7694,0.96517,2.1873,1.2024
2021-12-23 18:10,34646232,11422738,1.7775,0.96417,2.1916,0.85309
2021-12-23 18:15,34569192,11446219,1.6866,0.9582,2.1196,1.1992
2021-12-23 18:20,34503274,11441882,1.6462,0.95586,2.101,1.0863
2021-12-23 18:25,34659167,11478423,1.6447,0.95729,2.0962,1.0046
2021-12-23 18:30,34760082,11486605,1.6294,0.95883,2.0606,0.49538
2021-12-23 18:35,34891098,11514841,1.6428,0.96059,2.0677,0.67761
2021-12-23 18:40,35026000,11555488,1.6376,0.95997,2.058,0.52653
2021-12-23 18:45,34651349,11340187,1.6435,0.9689,2.0303,0.56754
2021-12-23 18:50,34630368,11414697,1.6224,0.96687,2.0304,2.5131
2021-12-23 18:55,34674677,11405517,1.6253,0.96527,2.0361,1.5039
2021-12-23 19:00,34702027,11399616,1.6394,0.96095,2.0509,0.66766
2021-12-23 19:05,34730374,11443646,1.6316,0.96168,2.0561,1.5087
2021-12-23 19:10,34785660,11453179,1.6236,0.96139,2.056,0.96973
2021-12-23 19:15,34781907,11487941,1.6463,0.9599,2.0881,1.2155
2021-12-23 19:20,34839777,11535799,1.6162,0.9567,2.0577,2.0688
2021-12-23 19:25,34655341,11499487,1.6352,0.95183,2.0846,0.73828
2021-12-23 19:30,34592928,11496464,1.5991,0.95306,2.0441,1.1953
2021-12-23 19:35,34634125,11479772,1.6194,0.95334,2.0559,0.59691
2021-12-23 19:40,34623509,11500514,1.6285,0.95288,2.0618,1.0354
2021-12-23 19:45,34628318,11528806,1.5877,0.95166,2.0267,1.439
2021-12-23 19:50,34642651,11543619,1.6133,0.95314,2.0633,0.73223
2021-12-23 19:55,34521210,11452721,1.6717,0.95768,2.1164,0.48535
2021-12-23 20:00,34581621,11429408,1.64,0.95677,2.0785,0.82651
2021-12-23 20:05,34688627,11430409,1.6389,0.95699,2.0583,0.51643
2021-12-23 20:10,34601091,11424037,1.6412,0.9549,2.0659,0.63896
2021-12-23 20:15,34549415,11382630,1.6538,0.95442,2.0746,0.50918
2021-12-23 20:20,34490125,11348053,1.6551,0.95834,2.0549,0.72801
2021-12-23 20:25,34481908,11362731,1.6478,0.95897,2.0501,0.63768
2021-12-23 20:30,34423486,11291936,1.6337,0.9602,2.034,0.69917
2021-12-23 20:35,34482067,11311200,1.663,0.9615,2.067,0.97999
2021-12-23 20:40,34423466,11334477,1.6712,0.96136,2.078,2.1742
2021-12-23 20:45,34438753,11353548,1.6712,0.96136,2.0789,0.86519
2021-12-23 20:50,34358148,11341365,1.6926,0.96167,2.0974,1.2085
2021-12-23 20:55,34394433,11322365,1.688,0.96131,2.0956,0.99507
2021-12-23 21:00,34198727,11246880,1.6965,0.96177,2.1021,0.59072
2021-12-23 21:05,34142627,11243296,1.6877,0.96168,2.0903,1.342
2021-12-23 21:10,34080478,11193036,1.7042,0.96126,2.1053,1.1047
2021-12-23 21:15,33911565,11126045,1.706,0.96274,2.099,0.76473
2021-12-23 21:20,33921977,11120787,1.7008,0.96247,2.0901,0.88259
2021-12-23 21:25,33877728,11082992,1.713,0.96104,2.0983,0.50303
2021-12-23 21:30,33974376,11120493,1.705,0.9626,2.0844,1.0035
2021-12-23 21:35,34022471,11123647,1.6775,0.96299,2.0458,0.42436
2021-12-23 21:40,33968477,11156267,1.669,0.96259,2.0373,1.5519
2021-12-23 21:45,33967189,11162826,1.663,0.96275,2.0419,1.4884
2021-12-23 21:50,33897720,11151332,1.6824,0.96333,2.0611,0.60263
2021-12-23 21:55,33851735,11135046,1.6918,0.96345,2.0751,1.1001
2021-12-23 22:00,33895498,11159861,1.6746,0.96355,2.0588,1.5901
2021-12-23 22:05,33912017,11126872,1.6718,0.96372,2.0518,0.62083
2021-12-23 22:10,33951588,11160821,1.6956,0.96368,2.0771,0.92465
2021-12-23 22:15,33936433,11160460,1.6953,0.96341,2.0775,1.6774
2021-12-23 22:20,33999432,11220072,1.7117,0.96339,2.0942,0.82221
2021-12-23 22:25,33969176,11221717,1.7065,0.96276,2.0866,1.2261
2021-12-23 22:30,33963011,11250469,1.6958,0.96216,2.0884,0.54863
2021-12-23 22:35,33952738,11237700,1.6906,0.96187,2.0838,0.85935
2021-12-23 22:40,33878326,11235149,1.6776,0.96059,2.0682,1.4216
2021-12-23 22:45,33814022,11213201,1.6865,0.96081,2.0778,1.5905
2021-12-23 22:50,33798679,11226281,1.6823,0.95959,2.0795,1.2116
2021-12-23 22:55,33772300,11179872,1.6746,0.96057,2.0647,0.85281
2021-12-23 23:00,33746749,11112804,1.6975,0.96158,2.076,0.49597
2021-12-23 23:05,33776467,11121778,1.6834,0.96129,2.0675,1.2978
2021-12-23 23:10,33809362,11121928,1.6814,0.96198,2.0665,0.72232
2021-12-23 23:15,33842163,11133916,1.6967,0.96233,2.0792,1.4555
2021-12-23 23:20,33875656,11137334,1.6989,0.96168,2.0815,1.4687
2021-12-23 23:25,33948521,11149323,1.7012,0.96267,2.0754,1.0497
2021-12-23 23:30,34028299,11176983,1.7046,0.96217,2.0785,0.66347
2021-12-23 23:35,34049860,11170738,1.7241,0.96201,2.0952,0.74417
2021-12-23 23:40,34114633,11191664,1.7331,0.96166,2.112,0.61987
2021-12-23 23:45,34080543,11191943,1.7472,0.96266,2.1165,0.64167
2021-12-23 23:50,34030176,11213067,1.7412,0.96177,2.1192,2.0275
2021-12-23 23:55,34034653,11186169,1.75,0.9622,2.1252,0.51545
2021-12-24 00:00,34060635,11198307,1.7401,0.9622,2.1179,0.91373
2021-12-24 00:05,34138826,11168962,1.7582,0.96217,2.1366,0.3779
2021-12-24 00:10,33992624,11027059,1.8877,0.97345,2.1388,0.40685
2021-12-24 00:15,33954525,11037324,1.8902,0.97152,2.1552,1.2105
2021-12-24 00:20,33907724,11037916,1.8762,0.97113,2.1536,1.135
2021-12-24 00:25,33956703,11081227,1.8797,0.97136,2.1714,1.4992
2021-12-24 00:30,34049558,11127736,1.8765,0.97225,2.1825,0.74417
2021-12-24 00:35,34055415,11167452,1.888,0.97197,2.2009,1.1816
2021-12-24 00:40,34186073,11106080,1.8993,0.97404,2.2205,0.49687
2021-12-24 00:45,34149774,11115211,1.9052,0.9734,2.2256,1.1531
2021-12-24 00:50,34281296,11164975,1.8963,0.97172,2.2208,0.93436
2021-12-24 00:55,34377189,11224152,1.9009,0.97079,2.2234,1.2549
2021-12-24 01:00,34380045,11192080,1.9312,0.97062,2.2485,0.97133
2021-12-24 01:05,34500811,11224711,1.9227,0.97256,2.2417,1.404
2021-12-24 01:10,34497874,11269642,1.9088,0.97184,2.2373,1.9322
2021-12-24 01:15,34499678,11311406,1.9332,0.97211,2.2736,0.9173
2021-12-24 01:20,34501588,11285095,1.9393,0.97231,2.2852,0.56002
2021-12-24 01:25,34527375,11307020,1.9521,0.97228,2.3008,0.79871
2021-12-24 01:30,34597199,11317090,1.9394,0.9716,2.2987,1.3623
2021-12-24 01:35,34591458,11343872,1.9569,0.97108,2.3192,0.91644
2021-12-24 01:40,34630954,11336742,1.9644,0.97131,2.3317,1.2058
2021-12-24 01:45,34782929,11395400,1.9794,0.97063,2.351,2.133
2021-12-24 01:50,34797767,11348865,1.9924,0.96979,2.3653,0.32022
2021-12-24 01:55,34816478,11339192,2.0028,0.97002,2.3699,0.65498
2021-12-24 02:00,34886123,11342131,1.9815,0.96868,2.3547,0.80828
2021-12-24 02:05,34935895,11366044,1.9863,0.96864,2.3613,1.0815
2021-12-24 02:10,34882636,11333020,1.989,0.96862,2.3715,0.66834
2021-12-24 02:15,34868875,11292678,1.9945,0.96933,2.3742,0.75324
2021-12-24 02:20,34812480,11298042,1.9741,0.96895,2.3595,1.7896
2021-12-24 02:25,34838291,11305108,1.9843,0.96906,2.3688,1.1752
2021-12-24 02:30,34833355,11318187,1.9816,0.96929,2.3627,0.75757
2021-12-24 02:35,34860009,11344885,1.9829,0.97031,2.3642,0.71763
2021-12-24 02:40,34832723,11333927,1.985,0.97036,2.3693,0.53674
2021-12-24 02:45,34911286,11318124,2.0069,0.9709,2.3898,0.64038
2021-12-24 02:50,34925237,11297616,2.0221,0.97005,2.4002,0.65299
2021-12-24 02:55,34962613,11315999,1.9993,0.97086,2.374,0.53622
2021-12-24 03:00,34948284,11318572,2,0.97092,2.3788,0.79188
2021-12-24 03:05,34826608,11245163,2.0082,0.97205,2.3802,0.57713
2021-12-24 03:10,34760285,11226249,2.0082,0.97097,2.3822,1.2853
2021-12-24 03:15,34750226,11230734,2.0075,0.97114,2.38,0.66071
2021-12-24 03:20,34879544,11258070,1.983,0.97197,2.3573,2.8291
2021-12-24 03:25,34924829,11284732,1.9986,0.97176,2.3777,0.39443
2021-12-24 03:30,35034790,11301674,2.0193,0.97292,2.3865,0.44189
2021-12-24 03:35,35076575,11295471,2.0117,0.97296,2.3805,0.50396
2021-12-24 03:40,35130295,11314778,2.0186,0.97395,2.3783,0.54138
2021-12-24 03:45,35126765,11316439,2.029,0.97379,2.3884,1.5744
2021-12-24 03:50,35180664,11333475,2.0276,0.97424,2.3896,1.9989
2021-12-24 03:55,35154846,11299119,2.0531,0.97433,2.4062,0.37434
2021-12-24 04:00,35178388,11308796,2.0637,0.97389,2.4162,0.68827
2021-12-24 04:05,35186684,11333067,2.0622,0.97355,2.4158,1.2686
2021-12-24 04:10,35268123,11353514,2.0901,0.973,2.4434,0.73432
2021-12-24 04:15,35322937,11343608,2.0735,0.97327,2.4281,0.68263
2021-12-24 04:20,35364255,11363058,2.0642,0.973,2.4243,0.7543
2021-12-24 04:25,35394902,11361999,2.0642,0.97433,2.4174,0.75009
2021-12-24 04:30,35394772,11373869,2.0784,0.97585,2.4292,0.73909
2021-12-24 04:35,35452553,11394805,2.0669,0.97571,2.4239,1.1755
2021-12-24 04:40,35459718,11406682,2.0775,0.97571,2.4366,1.302
2021-12-24 04:45,35439056,11393233,2.0775,0.97538,2.4358,1.2509
2021-12-24 04:50,35444965,11397833,2.0675,0.97449,2.4385,1.3156
2021-12-24 04:55,35405831,11391837,2.0661,0.97415,2.4418,0.89101
2021-12-24 05:00,35385585,11377881,2.0638,0.97179,2.4489,1.2939
2021-12-24 05:05,35332348,11335844,2.0759,0.97053,2.4525,1.0798
2021-12-24 05:10,35383403,11306513,2.0674,0.9691,2.4509,0.20213
2021-12-24 05:15,35355364,11332101,2.047,0.96773,2.4293,1.209
2021-12-24 05:20,35380449,11352261,2.0631,0.96751,2.4458,0.79385
2021-12-24 05:25,35332026,11307650,2.0651,0.96684,2.4462,0.45069
2021-12-24 05:30,35362313,11268555,2.0566,0.96834,2.4253,0.46609
2021-12-24 05:35,35256215,11257309,2.0579,0.96785,2.4241,0.73892
2021-12-24 05:40,35320972,11282900,2.0628,0.9702,2.4314,1.8602
2021-12-24 05:45,35335884,11316862,2.0697,0.96982,2.4407,0.68522
2021-12-24 05:50,35399997,11361147,2.0608,0.96905,2.4338,1.1601
2021-12-24 05:55,35371809,11340672,2.0777,0.96907,2.4539,0.49699
2021-12-24 06:00,35415007,11369561,2.0719,0.96928,2.4486,1.1309
2021-12-24 06:05,35447149,11389674,2.0724,0.96908,2.4526,1.0564
2021-12-24 06:10,35612495,11460457,2.0648,0.96832,2.4565,0.67686
2021-12-24 06:15,35516122,11424871,2.0732,0.96603,2.4721,0.82328
2021-12-24 06:20,35531791,11378345,2.0902,0.96542,2.4855,0.49921
2021-12-24 06:25,35455302,11361898,2.0749,0.96245,2.4667,0.5593
2021-12-24 06:30,35448886,11380862,2.0799,0.96311,2.4675,0.54207
2021-12-24 06:35,35484865,11405957,2.0519,0.96168,2.4468,0.69774
2021-12-24 06:40,35553696,11446625,2.0588,0.96201,2.4619,1.2188
2021-12-24 06:45,35630651,11483510,2.049,0.96194,2.4653,0.86383
2021-12-24 06:50,35705533,11492640,2.0489,0.96169,2.4742,0.53815
2021-12-24 06:55,35808016,11512999,2.0689,0.96209,2.4997,0.86876
2021-12-24 07:00,35819667,11499440,2.0668,0.96276,2.4882,0.93662
2021-12-24 07:05,35846110,11493697,2.0662,0.96198,2.4849,0.82676
2021-12-24 07:10,36135401,11636322,2.031,0.96222,2.4589,1.342
2021-12-24 07:15,36200304,11693620,2.0391,0.9619,2.4817,1.2609
2021-12-24 07:20,36198867,11679547,2.0575,0.96215,2.5044,0.41478
2021-12-24 07:25,36226824,11674514,2.065,0.96141,2.5151,0.82618
2021-12-24 07:30,36309380,11699777,2.0498,0.96092,2.5011,1.1069
2021-12-24 07:35,36377394,11692432,2.0627,0.96141,2.5019,0.21511
2021-12-24 07:40,36454422,11737847,2.0442,0.96105,2.4827,2.4345
2021-12-24 07:45,36421128,11727498,2.055,0.96055,2.4895,1.0254
2021-12-24 07:50,36593904,11787262,2.0112,0.95966,2.4526,0.96336
2021-12-24 07:55,36923992,11865156,2.0372,0.96375,2.4762,0.4619
2021-12-24 08:00,36893713,11865502,2.0298,0.96492,2.467,0.81033
2021-12-24 08:05,36906966,11846044,2.0138,0.96611,2.4502,0.85112
2021-12-24 08:10,36898732,11878711,2.0278,0.96552,2.4688,0.76435
2021-12-24 08:15,36893604,11922168,2.0365,0.96508,2.4829,1.2382
2021-12-24 08:20,37019063,11966989,2.0231,0.9632,2.4827,1.5682
2021-12-24 08:25,37018572,11985873,2.0332,0.96328,2.492,0.93687
2021-12-24 08:30,36992843,11978676,2.0535,0.96232,2.5169,0.54453
2021-12-24 08:35,37095375,12043948,2.0364,0.96147,2.5166,0.99091
2021-12-24 08:40,37077269,12058600,2.0532,0.95803,2.5322,1.3316
2021-12-24 08:45,37028147,12043571,2.0524,0.95862,2.5276,1.1778
2021-12-24 08:50,37031965,12022350,2.0816,0.95902,2.5575,0.70373
2021-12-24 08:55,37116448,12059580,2.0684,0.95906,2.5368,0.7004
2021-12-24 09:00,37126019,12045610,2.0664,0.95929,2.5272,0.61445
2021-12-24 09:05,37126916,12031951,2.0556,0.9601,2.5232,0.67579
2021-12-24 09:10,37127847,12042788,2.0778,0.95968,2.5355,1.1773
2021-12-24 09:15,37187774,12056402,2.0732,0.95815,2.5383,0.42461
2021-12-24 09:20,37165614,12030139,2.0835,0.95897,2.5407,0.78244
2021-12-24 09:25,37334316,12092818,2.071,0.96163,2.526,0.99956
2021-12-24 09:30,37374119,12116100,2.0954,0.96242,2.5531,0.51876
2021-12-24 09:35,37503852,12163693,2.1106,0.96183,2.5736,1.058
2021-12-24 09:40,37472968,12160033,2.1064,0.959,2.5806,1.3432
2021-12-24 09:45,37514686,12189272,2.1042,0.95731,2.5814,0.994
2021-12-24 09:50,37626057,12241225,2.1227,0.95729,2.6137,1.5554
2021-12-24 09:55,37813911,12319512,2.1065,0.95774,2.6086,0.98746
2021-12-24 10:00,37821147,12302525,2.1166,0.95756,2.6181,0.66143
2021-12-24 10:05,37795614,12286077,2.1457,0.95627,2.6416,0.40517
2021-12-24 10:10,37845383,12265689,2.1679,0.95091,2.6785,0.27469
2021-12-24 10:15,37766462,12232725,2.1555,0.95167,2.6718,0.65626
2021-12-24 10:20,37730923,12187465,2.1472,0.95289,2.6647,0.66306
2021-12-24 10:25,37816295,12222605,2.1641,0.95276,2.687,1.1983
2021-12-24 10:30,37890201,12218408,2.1579,0.95334,2.6859,0.70129
2021-12-24 10:35,37988167,12282672,2.1552,0.95226,2.6907,1.4538
2021-12-24 10:40,38067219,12309529,2.1592,0.9514,2.6995,0.8727
2021-12-24 10:45,38086757,12317257,2.1621,0.9504,2.7117,0.68226
2021-12-24 10:50,38192625,12359932,2.1574,0.95058,2.7213,0.54907
2021-12-24 10:55,38323811,12401025,2.1395,0.94771,2.7131,0.903
2021-12-24 11:00,38352060,12400624,2.1661,0.94636,2.7399,0.56306
2021-12-24 11:05,38441452,12388710,2.1713,0.94742,2.7412,0.56495
2021-12-24 11:10,38310869,12338015,2.1724,0.94873,2.7435,0.74873
2021-12-24 11:15,38631838,12467267,2.1463,0.94832,2.7168,0.84674
2021-12-24 11:20,38766926,12558170,2.1486,0.94773,2.7245,2.0913
2021-12-24 11:25,38723946,12574827,2.1568,0.94721,2.7254,1.5661
2021-12-24 11:30,38508879,12436057,2.1909,0.9457,2.7587,0.45168
2021-12-24 11:35,38550170,12459415,2.1722,0.94554,2.7474,0.84916
2021-12-24 11:40,38367112,12378381,2.2023,0.94316,2.7761,0.48708
2021-12-24 11:45,38458902,12380305,2.1848,0.94456,2.7569,0.21669
2021-12-24 11:50,38386645,12381545,2.1825,0.94414,2.7512,0.46736
2021-12-24 11:55,38234778,12216745,2.1768,0.94445,2.7222,0.42575
2021-12-24 12:00,38316496,12265232,2.1577,0.94588,2.7033,0.87097
2021-12-24 12:05,38330699,12213844,2.1669,0.94642,2.6891,0.5087
2021-12-24 12:10,38190895,12197408,2.1689,0.94901,2.6867,0.56886
2021-12-24 12:15,38206781,12219675,2.165,0.94864,2.6798,1.1786
2021-12-24 12:20,38267859,12302340,2.1486,0.94795,2.6838,0.6779
2021-12-24 12:25,38197696,12270000,2.1499,0.94727,2.6805,0.542
2021-12-24 12:30,38146061,12227352,2.1585,0.94666,2.6939,0.37426
2021-12-24 12:35,38116532,12266550,2.1451,0.94598,2.6901,1.6974
2021-12-24 12:40,38161240,12266279,2.1572,0.94545,2.7006,0.819
2021-12-24 12:45,38266665,12306559,2.1628,0.9451,2.7022,1.0553
2021-12-24 12:50,38353841,12372077,2.1404,0.94593,2.6897,0.81449
2021-12-24 12:55,38281035,12341244,2.1425,0.94611,2.6868,0.87881
2021-12-24 13:00,38282146,12335438,2.1507,0.94705,2.6974,0.48683
2021-12-24 13:05,38347315,12323690,2.1504,0.94734,2.6833,0.41898
2021-12-24 13:10,38392508,12286410,2.1725,0.95088,2.7116,0.43871
2021-12-24 13:15,38495851,12317954,2.1726,0.95118,2.7154,2.0614
2021-12-24 13:20,38581019,12368137,2.1923,0.95114,2.7334,0.81822
2021-12-24 13:25,38650429,12390059,2.186,0.95091,2.7392,1.2588
2021-12-24 13:30,38688416,12430975,2.179,0.95174,2.7395,0.48144
2021-12-24 13:35,38661904,12390814,2.1904,0.95152,2.7522,0.85078
2021-12-24 13:40,38438980,12312005,2.1986,0.95037,2.7726,1.8651
2021-12-24 13:45,38501342,12371315,2.2166,0.95058,2.7911,0.66766
2021-12-24 13:50,38527319,12383836,2.198,0.95012,2.7741,0.70143
2021-12-24 13:55,38564786,12377500,2.2121,0.94922,2.7851,0.62625
2021-12-24 14:00,38571974,12382821,2.1949,0.94879,2.7759,1.3292
2021-12-24 14:05,38575771,12403342,2.1903,0.94796,2.7742,1.8206
2021-12-24 14:10,38614922,12442886,2.1837,0.94792,2.7735,0.45201
2021-12-24 14:15,38705639,12516268,2.1783,0.94905,2.7723,0.64647
2021-12-24 14:20,38666750,12518455,2.1669,0.94888,2.7606,1.0372
2021-12-24 14:25,38683928,12491367,2.1977,0.95057,2.7948,0.2386
2021-12-24 14:30,38591527,12449632,2.2151,0.94925,2.8093,0.47072
2021-12-24 14:35,38599196,12463756,2.2001,0.94924,2.7992,0.50006
2021-12-24 14:40,38586889,12446480,2.2016,0.95026,2.8025,0.73466
2021-12-24 14:45,38658601,12483742,2.1911,0.95055,2.7967,1.1432
2021-12-24 14:50,38622890,12487471,2.2144,0.95094,2.8214,0.82523
2021-12-24 14:55,38709435,12480256,2.1997,0.95185,2.8118,0.83384
2021-12-24 15:00,36633066,11530408,2.327,0.94656,2.7829,0.58548
2021-12-24 15:10,36608342,11490626,2.3252,0.94651,2.7676,1.1706
2021-12-24 15:15,36690152,11515938,2.3292,0.94642,2.7656,1.0841
2021-12-24 15:20,36978497,11672882,2.3265,0.94722,2.7732,1.3899
2021-12-24 15:25,37052231,11614919,2.3454,0.94649,2.7883,0.74473
2021-12-24 15:30,36936526,11650960,2.3143,0.94672,2.7581,0.74061
2021-12-24 15:35,36987829,11652646,2.3213,0.94558,2.766,0.86957
2021-12-24 15:40,36990097,11661699,2.3204,0.94546,2.7718,0.94074
2021-12-24 15:45,37026312,11651103,2.3353,0.94367,2.7856,0.86408
2021-12-24 15:50,37141989,11707604,2.34,0.94304,2.7957,2.3113
2021-12-24 15:55,37151203,11753961,2.3094,0.94216,2.7793,0.91538
2021-12-24 16:00,37155200,11793489,2.2964,0.94186,2.7771,1.0845
2021-12-24 16:05,37159937,11808169,2.2796,0.93825,2.7643,1.0098
2021-12-24 16:10,37262216,11858937,2.3051,0.93848,2.7992,1.2646
2021-12-24 16:15,37463850,11931265,2.3014,0.93777,2.7939,1.4342
2021-12-24 16:20,37466112,11914158,2.3152,0.93747,2.8034,0.72525
2021-12-24 16:25,37508813,11936805,2.315,0.93708,2.8016,1.3216
2021-12-24 16:30,37502646,11937637,2.3209,0.93663,2.8147,0.8573
2021-12-24 16:35,37489187,11912892,2.326,0.93631,2.82,0.53423
2021-12-24 16:40,37445843,11921055,2.3201,0.93566,2.8168,1.1815
2021-12-24 16:45,37470279,11840552,2.3038,0.93723,2.7753,0.4168
2021-12-24 16:50,37395495,11841283,2.259,0.937,2.7297,0.80674
2021-12-24 16:55,37258537,11890689,2.2487,0.93543,2.7199,1.2188
2021-12-24 17:00,37224366,11865792,2.2496,0.93692,2.717,0.56923
2021-12-24 17:05,37172837,11868550,2.2364,0.93629,2.6985,0.85309
2021-12-24 17:10,37107129,11803407,2.2401,0.93708,2.6991,0.53028
2021-12-24 17:15,37038026,11787722,2.2387,0.93659,2.7092,0.81697
2021-12-24 17:20,37028122,11692740,2.2354,0.93761,2.6959,0.39948
2021-12-24 17:25,36950526,11718067,2.2215,0.93791,2.6828,1.1965
2021-12-24 17:30,36878636,11646642,2.2245,0.93781,2.6766,0.48886
2021-12-24 17:35,36859756,11687123,2.229,0.93846,2.6832,1.1665
2021-12-24 17:40,36853555,11700797,2.2281,0.93854,2.6804,0.71336
2021-12-24 17:45,36816236,11700687,2.2405,0.93809,2.6919,0.71328
2021-12-24 17:50,36791952,11717216,2.228,0.93711,2.6806,0.85097
2021-12-24 17:55,36793743,11709473,2.2516,0.93728,2.7026,0.7519
2021-12-24 18:00,36755726,11684134,2.2612,0.93743,2.7133,0.67556
2021-12-24 18:05,36794826,11684197,2.2487,0.93758,2.7022,0.8877
2021-12-24 18:10,36830655,11713680,2.2372,0.93704,2.6924,1.0193
2021-12-24 18:15,36846039,11698067,2.2365,0.93694,2.6896,0.69228
2021-12-24 18:20,36861888,11707732,2.238,0.93656,2.6927,1.3035
2021-12-24 18:25,36916226,11717210,2.2538,0.93724,2.7034,0.34934
2021-12-24 18:30,36896001,11680214,2.27,0.93645,2.7233,0.50181
2021-12-24 18:35,36922433,11683444,2.284,0.9367,2.7394,0.66936
2021-12-24 18:40,36974457,11721188,2.2806,0.93708,2.7378,0.77257
2021-12-24 18:45,37097054,11728884,2.2791,0.93778,2.7412,0.8176
2021-12-24 18:50,37084549,11755060,2.2829,0.93896,2.7387,1.1258
2021-12-24 18:55,37123744,11764669,2.2932,0.93867,2.7559,1.2572
2021-12-24 19:00,37123867,11793702,2.2761,0.93798,2.742,1.3448
2021-12-24 19:05,37179665,11816190,2.2633,0.9378,2.7339,1.2522
2021-12-24 19:10,37226953,11813601,2.2767,0.93772,2.7433,0.52419
2021-12-24 19:15,37298845,11868413,2.2411,0.93736,2.7099,1.1028
2021-12-24 19:20,37373737,11845426,2.2651,0.93745,2.7348,0.67941
2021-12-24 19:25,37422218,11840848,2.2784,0.93684,2.7515,0.89695
2021-12-24 19:30,37390295,11800283,2.3114,0.93634,2.7859,0.56012
2021-12-24 19:35,37350625,11721644,2.3155,0.93671,2.7736,0.28823
2021-12-24 19:40,37324064,11737137,2.3012,0.9359,2.7655,1.126
2021-12-24 19:45,37354950,11706294,2.2978,0.93604,2.7587,0.80251
2021-12-24 19:50,37385483,11712872,2.2927,0.93514,2.762,1.0118
2021-12-24 19:55,37298703,11674223,2.2883,0.9346,2.7605,0.43258
2021-12-24 20:00,37277226,11638696,2.2864,0.93555,2.7497,0.51277
2021-12-24 20:05,37098773,11591467,2.2875,0.93474,2.7475,1.5112
2021-12-24 20:10,37090776,11569549,2.2628,0.9347,2.7149,1.0015
2021-12-24 20:15,37058715,11619019,2.2797,0.93331,2.7429,0.60364
2021-12-24 20:20,37051575,11655754,2.2482,0.93423,2.7202,1.0845
2021-12-24 20:25,37084120,11642215,2.2403,0.93383,2.7105,0.66937
2021-12-24 20:30,37067666,11612929,2.2646,0.93327,2.7341,0.699
2021-12-24 20:35,37020958,11634947,2.2471,0.9323,2.7196,1.1084
2021-12-24 20:40,37052288,11665954,2.2484,0.93263,2.7219,0.82327
2021-12-24 20:45,37144236,11707492,2.2507,0.93302,2.7237,0.91795
2021-12-24 20:50,37175015,11733550,2.2331,0.93289,2.7142,0.48358
2021-12-24 20:55,37197176,11732598,2.2248,0.93171,2.7028,0.80744
2021-12-24 21:00,37239375,11733382,2.2253,0.93336,2.7001,0.72887
2021-12-24 21:05,37279770,11737608,2.2169,0.93301,2.6936,0.60758
2021-12-24 21:10,37260617,11744546,2.2146,0.93332,2.6926,0.90053
2021-12-24 21:15,37226440,11730013,2.2075,0.93354,2.6834,0.98039
2021-12-24 21:20,37234066,11715699,2.209,0.93306,2.6788,1.3539
2021-12-24 21:25,37242398,11723003,2.2089,0.93348,2.6769,0.77703
2021-12-24 21:30,37239251,11744473,2.2103,0.93382,2.6817,1.162
2021-12-24 21:35,37250737,11704601,2.2361,0.93387,2.7081,0.62824
2021-12-24 21:40,37260801,11675007,2.2368,0.93432,2.6958,0.54336
2021-12-24 21:45,37346996,11654625,2.2441,0.9352,2.7038,0.26038
2021-12-24 21:50,37457817,11681655,2.252,0.93473,2.7145,0.80127
2021-12-24 21:55,37455076,11696846,2.2385,0.93472,2.7074,0.71499
2021-12-24 22:00,37525615,11704239,2.2376,0.93555,2.7103,0.6484
2021-12-24 22:05,37577909,11710186,2.2342,0.93493,2.7055,0.76093
2021-12-24 22:10,37459063,11654573,2.2399,0.93445,2.7118,0.39219
2021-12-24 22:15,37418088,11627852,2.261,0.93418,2.7276,0.36787
2021-12-24 22:20,37377282,11616859,2.2741,0.9332,2.7362,1.3043
2021-12-24 22:25,37375018,11652618,2.2669,0.93144,2.7429,0.68778
2021-12-24 22:30,37388791,11657741,2.2669,0.93215,2.7411,0.61716
2021-12-24 22:35,37341330,11665704,2.2544,0.93192,2.7369,0.55985
2021-12-24 22:40,37360228,11649454,2.2532,0.93254,2.7329,0.63437
2021-12-24 22:45,37387248,11618112,2.2683,0.93266,2.7439,0.50573
2021-12-24 22:50,37245742,11495153,2.2947,0.93421,2.7381,0.46997
2021-12-24 22:55,37266270,11490309,2.3005,0.93263,2.7423,0.45905
2021-12-24 23:00,37283769,11534109,2.2829,0.93311,2.7275,0.84228
2021-12-24 23:05,37337133,11533096,2.3058,0.9329,2.747,0.61288
2021-12-24 23:10,37387807,11563301,2.3338,0.93322,2.7661,1.1816
2021-12-24 23:15,37143607,11416936,2.3844,0.93224,2.7939,0.41178
2021-12-24 23:20,37228542,11480668,2.3823,0.93194,2.794,0.62885
2021-12-24 23:25,37340419,11535921,2.3902,0.9321,2.8055,0.62537
2021-12-24 23:30,37493040,11583918,2.4035,0.93271,2.8147,0.35593
2021-12-24 23:35,37489109,11601104,2.3702,0.9329,2.7787,0.75266
2021-12-24 23:40,37578934,11647384,2.3982,0.9334,2.808,0.43303
2021-12-24 23:45,37691968,11677726,2.3812,0.93303,2.794,0.3736
2021-12-24 23:50,37689857,11624800,2.3942,0.93251,2.8066,1.1199
2021-12-24 23:55,37766286,11666771,2.3838,0.93222,2.8004,0.58813
2021-12-25 00:00,37706563,11704871,2.3412,0.93291,2.7586,2.0533
2021-12-25 00:05,37609534,11619466,2.2953,0.93369,2.7143,0.98092
2021-12-25 00:10,37529486,11694418,2.229,0.93717,2.6838,1.9239
2021-12-25 00:15,37388670,11740151,2.1404,0.93457,2.6052,0.94025
2021-12-25 00:20,37382595,11757574,2.1622,0.93389,2.6249,0.98408
2021-12-25 00:25,37541630,11811041,2.1554,0.93291,2.6175,0.73206
2021-12-25 00:30,37543165,11775414,2.1696,0.93301,2.6379,1.0268
2021-12-25 00:35,37520965,11802666,2.1614,0.93297,2.6316,0.59661
2021-12-25 00:40,37581285,11807506,2.1951,0.93296,2.673,1.6011
2021-12-25 00:45,37650365,11821780,2.1839,0.93251,2.6599,1.1122
2021-12-25 00:50,37754921,11840570,2.1866,0.93243,2.6591,0.69538
2021-12-25 00:55,37810819,11858229,2.1873,0.93254,2.6603,0.75027
2021-12-25 01:00,37846229,11853439,2.1926,0.93338,2.6619,0.93181
2021-12-25 01:05,37946289,11840381,2.1866,0.93587,2.654,0.34736
2021-12-25 01:10,37972707,11854068,2.1909,0.93569,2.6591,1.0807
2021-12-25 01:15,37926365,11836029,2.1743,0.93561,2.6399,1.3378
2021-12-25 01:20,37783250,11746812,2.2269,0.93448,2.6959,0.63785
2021-12-25 01:25,37690968,11735837,2.2206,0.93371,2.6937,2.7764
2021-12-25 01:30,37634168,11682775,2.2573,0.93463,2.7251,0.50624
2021-12-25 01:35,37601394,11669969,2.2295,0.93524,2.6963,1.2423
2021-12-25 01:40,37579680,11641000,2.252,0.9345,2.7153,0.8713
2021-12-25 01:45,37585770,11643275,2.2546,0.93484,2.7197,1.0795
2021-12-25 01:50,37590704,11677552,2.2877,0.93388,2.7514,1.123
2021-12-25 01:55,37815391,11784176,2.2754,0.93526,2.7465,0.6505
2021-12-25 02:00,37815239,11802514,2.2885,0.93507,2.7637,1.2982
2021-12-25 02:05,37764789,11806223,2.2504,0.93491,2.7284,2.3126
2021-12-25 02:10,37794095,11793647,2.2371,0.93503,2.7098,1.255
2021-12-25 02:15,37737452,11785939,2.256,0.93607,2.7289,0.44395
2021-12-25 02:20,37718414,11800996,2.2245,0.93566,2.6994,1.553
2021-12-25 02:25,37725859,11808194,2.2127,0.93532,2.6879,2.4809
2021-12-25 02:30,37688318,11798087,2.2229,0.93521,2.6949,1.0211
2021-12-25 02:35,37680618,11818802,2.2367,0.93553,2.7124,0.63733
2021-12-25 02:40,37621283,11772380,2.2469,0.93621,2.7191,1.0914
2021-12-25 02:45,37601284,11742505,2.2516,0.93688,2.7195,0.35867
2021-12-25 02:50,37564947,11675084,2.248,0.93657,2.713,0.38388
2021-12-25 02:55,37579584,11693234,2.2332,0.93709,2.7061,0.87712
2021-12-25 03:00,37578077,11651010,2.24,0.93712,2.7146,0.63872
2021-12-25 03:05,37498375,11624465,2.2433,0.9375,2.7155,1.2352
2021-12-25 03:10,37457998,11609643,2.2466,0.93741,2.7234,1.5868
2021-12-25 03:15,37467615,11634596,2.2697,0.93886,2.7557,1.6669
2021-12-25 03:20,37505600,11656058,2.2562,0.93872,2.7448,0.99875
2021-12-25 03:25,37531098,11684983,2.2505,0.94005,2.7419,0.75964
2021-12-25 03:30,37542223,11692553,2.2576,0.94058,2.7474,0.93582
2021-12-25 03:35,37495141,11690235,2.2699,0.94057,2.7627,0.89491
2021-12-25 03:40,37456983,11694384,2.2707,0.94075,2.7618,1.9014
2021-12-25 03:45,37406709,11689971,2.269,0.94027,2.7636,3.8776
2021-12-25 03:50,37382984,11648538,2.2968,0.94012,2.7864,0.62793
2021-12-25 03:55,37397368,11609355,2.3024,0.94092,2.7848,0.50853
2021-12-25 04:00,37338266,11585648,2.2985,0.94091,2.7808,1.4031
2021-12-25 04:05,37359059,11642204,2.2631,0.94031,2.7482,3.9482
2021-12-25 04:10,37312847,11665488,2.2631,0.94031,2.7477,2.0195
2021-12-25 04:15,37244525,11632745,2.2717,0.94105,2.7529,0.89781
2021-12-25 04:20,37474327,11732937,2.2357,0.9427,2.72,3.0806
2021-12-25 04:25,37348471,11693508,2.2419,0.94197,2.7284,1.314
2021-12-25 04:30,37278815,11652742,2.2316,0.94172,2.7185,0.93721
2021-12-25 04:35,37245065,11639785,2.2329,0.9423,2.7209,0.69899
2021-12-25 04:40,37220764,11640354,2.2259,0.94198,2.7154,1.5362
2021-12-25 04:45,37205034,11620588,2.2288,0.94178,2.7184,0.76657
2021-12-25 04:50,37320154,11654199,2.2215,0.94216,2.7131,0.47074
2021-12-25 04:55,37324777,11611738,2.1805,0.94226,2.675,2.3539
2021-12-25 05:00,37316501,11620656,2.1767,0.94249,2.6712,0.90575
2021-12-25 05:05,37302099,11633592,2.1601,0.94333,2.6531,1.5371
2021-12-25 05:10,37321430,11626972,2.1658,0.94348,2.6655,0.89784
2021-12-25 05:15,37327008,11638772,2.1563,0.9434,2.6559,1.5017
2021-12-25 05:20,37378187,11647694,2.1452,0.9441,2.6492,0.70212
2021-12-25 05:25,37355136,11642063,2.1393,0.94362,2.6446,1.085
2021-12-25 05:30,37301902,11628863,2.1285,0.94338,2.637,1.5761
2021-12-25 05:35,37297693,11638205,2.129,0.94374,2.638,0.79981
2021-12-25 05:40,37330948,11637344,2.1427,0.94398,2.6508,0.56799
2021-12-25 05:45,37344913,11649584,2.1302,0.9441,2.635,1.8241
2021-12-25 05:50,37390431,11637772,2.1381,0.94372,2.6439,0.91623
2021-12-25 05:55,37441356,11651592,2.1592,0.94494,2.6628,1.2962
2021-12-25 06:00,37478084,11657432,2.1598,0.94559,2.6647,1.3804
2021-12-25 06:05,37459790,11632893,2.1639,0.94657,2.6712,0.87564
2021-12-25 06:10,37425617,11591741,2.1526,0.94726,2.6546,0.84251
2021-12-25 06:15,37328964,11527444,2.1743,0.94653,2.672,0.84991
2021-12-25 06:20,37299727,11518923,2.1652,0.94632,2.6678,1.1155
2021-12-25 06:25,37271379,11536237,2.1667,0.94628,2.6763,1.3587
2021-12-25 06:30,37267463,11541361,2.1671,0.9459,2.6745,0.64067
2021-12-25 06:35,37410618,11609593,2.1537,0.94636,2.6624,0.88356
2021-12-25 06:40,37291174,11615828,2.1511,0.94672,2.6602,2.0043
2021-12-25 06:45,37279177,11620269,2.1496,0.94789,2.6614,0.84812
2021-12-25 06:50,37266761,11607478,2.1584,0.94877,2.669,0.85252
2021-12-25 06:55,37267153,11618035,2.1511,0.9492,2.6604,0.99468
2021-12-25 07:00,37291141,11597918,2.1625,0.9491,2.6704,0.69283
2021-12-25 07:05,37398497,11642142,2.1396,0.94904,2.653,1.8815
2021-12-25 07:10,37485670,11686368,2.1481,0.94909,2.6657,1.529
2021-12-25 07:15,37523589,11702106,2.1591,0.94865,2.6727,1.159
2021-12-25 07:20,37510197,11710650,2.1486,0.94855,2.6665,2.5294
2021-12-25 07:25,37504949,11736754,2.1597,0.94911,2.678,1.5457
2021-12-25 07:30,37589518,11757641,2.1655,0.9485,2.6788,1.7193
2021-12-25 07:35,37696120,11771308,2.1714,0.94952,2.6833,0.66111
2021-12-25 07:40,37760180,11746260,2.1532,0.94872,2.6692,0.92901
2021-12-25 07:45,37779357,11749623,2.165,0.94875,2.6865,1.1248
2021-12-25 07:50,37764468,11780127,2.162,0.94822,2.6847,1.5689
2021-12-25 07:55,37763317,11796260,2.1805,0.94816,2.7037,1.2216
2021-12-25 08:00,37692755,11782001,2.1862,0.94836,2.707,2.5696
2021-12-25 08:05,37731887,11771619,2.1892,0.94972,2.7005,0.64208
2021-12-25 08:10,37717315,11775346,2.1951,0.94979,2.711,1.2439
2021-12-25 08:15,37726808,11769255,2.1989,0.94981,2.7166,1.4148
2021-12-25 08:20,37817000,11775737,2.2064,0.95049,2.7238,1.5515
2021-12-25 08:25,37978210,11789187,2.2158,0.94769,2.7373,0.41602
2021-12-25 08:30,38001097,11786800,2.2118,0.94679,2.7335,1.2639
2021-12-25 08:35,37953511,11819517,2.1935,0.94703,2.7116,4.1086
2021-12-25 08:40,37933711,11818058,2.1906,0.94771,2.7024,0.82067
2021-12-25 08:45,37946031,11835870,2.18,0.94729,2.6943,0.74236
2021-12-25 08:50,37983977,11819785,2.2041,0.94736,2.716,0.21981
2021-12-25 08:55,37979977,11838543,2.2172,0.94739,2.7273,0.74407
2021-12-25 09:00,37994456,11838454,2.2191,0.94726,2.7321,0.79699
2021-12-25 09:05,38146666,11924107,2.2191,0.94786,2.735,2.4756
2021-12-25 09:10,38214302,11925018,2.2199,0.94795,2.7439,0.61262
2021-12-25 09:15,38336925,11974412,2.2014,0.94847,2.726,2.4179
2021-12-25 09:20,38447962,12067429,2.1835,0.94851,2.7166,1.3067
2021-12-25 09:25,38493175,12064531,2.1918,0.94827,2.7227,0.83672
2021-12-25 09:30,38515719,12058116,2.1755,0.94808,2.7003,1.0922
2021-12-25 09:35,38565534,12092609,2.1746,0.94824,2.7036,2.1379
2021-12-25 09:40,38577244,12076606,2.1935,0.94827,2.7275,1.2731
2021-12-25 09:45,38564935,12087642,2.1884,0.94816,2.725,1.7603
2021-12-25 09:50,38637672,12119865,2.2007,0.94856,2.7372,1.8232
2021-12-25 09:55,38668153,12098254,2.1979,0.94803,2.7443,1.31
2021-12-25 10:00,38626981,12044443,2.2201,0.94872,2.7593,0.57524
2021-12-25 10:05,38542039,12004400,2.2127,0.9459,2.7607,1.2147
2021-12-25 10:10,38532863,12024231,2.2092,0.94508,2.7646,0.7131
2021-12-25 10:15,38499000,12031960,2.2076,0.94542,2.7623,1.0307
2021-12-25 10:20,38520958,12024102,2.2164,0.94612,2.7687,1.1576
2021-12-25 10:25,38511500,12008284,2.2134,0.94613,2.7635,1.0064
2021-12-25 10:30,38495840,11984140,2.219,0.94631,2.7716,0.89157
2021-12-25 10:35,38436750,11919297,2.2267,0.94588,2.7855,0.507
2021-12-25 10:40,38434494,11913730,2.2309,0.94545,2.7845,1.2293
2021-12-25 10:45,38372690,11877509,2.2352,0.94579,2.7928,1.8299
2021-12-25 10:50,38377622,11904639,2.2536,0.94508,2.8169,2.2796
2021-12-25 10:55,38333290,11839620,2.285,0.94496,2.8439,0.79306
2021-12-25 11:00,38331395,11838955,2.3008,0.94346,2.8589,2.0978
2021-12-25 11:05,38296361,11838302,2.3143,0.94278,2.8684,0.39982
2021-12-25 11:10,38272365,11897347,2.2979,0.94317,2.85,1.5016
2021-12-25 11:15,38223710,11881458,2.2907,0.94388,2.843,0.77235
2021-12-25 11:20,38144368,11875708,2.2677,0.94393,2.8173,0.75903
2021-12-25 11:25,38079669,11877607,2.2699,0.94207,2.8106,0.75168
2021-12-25 11:30,38039267,11881565,2.2421,0.94227,2.7774,0.83625
2021-12-25 11:35,38032798,11871541,2.2562,0.94292,2.7866,0.6589
2021-12-25 11:40,37967062,11854617,2.2208,0.94307,2.7467,0.54691
2021-12-25 11:45,37949599,11875027,2.1938,0.94445,2.7192,0.99738
2021-12-25 11:50,37925902,11859430,2.1987,0.94458,2.7191,0.90076
2021-12-25 11:55,37897397,11792036,2.2006,0.94622,2.7144,0.71168
2021-12-25 12:00,37938295,11852682,2.1866,0.94614,2.6982,1.2988
2021-12-25 12:05,37941068,11878460,2.1503,0.9467,2.6603,0.69528
2021-12-25 12:10,37971899,11923556,2.1416,0.94723,2.6538,1.1616
2021-12-25 12:15,37961832,11903188,2.1498,0.94777,2.6587,1.3351
2021-12-25 12:20,38098776,11995251,2.1257,0.94559,2.6537,1.4919
2021-12-25 12:25,38092911,11981956,2.1379,0.94621,2.6622,1.0469
2021-12-25 12:30,38113201,12002609,2.1567,0.94752,2.6863,0.90526
2021-12-25 12:35,38224892,12027845,2.1714,0.94663,2.7267,1.1284
2021-12-25 12:40,38297260,12051621,2.1632,0.94632,2.7355,1.5271
2021-12-25 12:45,38287705,12053352,2.1664,0.94666,2.7358,1.144
2021-12-25 12:50,38299379,12018514,2.2053,0.94632,2.7793,0.88921
2021-12-25 12:55,38324539,12024780,2.2285,0.94684,2.8084,0.86835
2021-12-25 13:00,38389157,12024758,2.2307,0.94712,2.8141,0.74412
2021-12-25 13:05,38418692,12014678,2.2391,0.94756,2.8142,0.78536
2021-12-25 13:10,38524533,12051837,2.2209,0.94717,2.8031,0.73165
2021-12-25 13:15,38401285,12045778,2.2011,0.94653,2.7891,3.1236
2021-12-25 13:20,38513578,12094641,2.2053,0.94584,2.7959,4.2349
2021-12-25 13:25,38546473,12109822,2.2014,0.94557,2.799,2.2523
2021-12-25 13:30,38594151,12124738,2.2098,0.94566,2.8039,1.7295
2021-12-25 13:35,38560069,12107476,2.1942,0.94654,2.7862,1.286
2021-12-25 13:40,38519950,12073742,2.192,0.94708,2.7826,0.85717
2021-12-25 13:45,38347847,12087603,2.1608,0.94581,2.7567,4.397
2021-12-25 13:50,38352767,12059117,2.1722,0.94481,2.7721,0.65342
2021-12-25 13:55,38340293,12085244,2.1692,0.94516,2.7716,1.9481
2021-12-25 14:00,38271052,12039147,2.2057,0.9461,2.8082,0.69742
2021-12-25 14:05,38244104,12027523,2.2049,0.94638,2.8088,0.84305
2021-12-25 14:10,38283380,12043701,2.1957,0.94645,2.7963,2.0714
2021-12-25 14:15,38269187,12046693,2.1883,0.94688,2.7848,1.1362
2021-12-25 14:20,38264552,12015835,2.1804,0.94731,2.7733,1.0002
2021-12-25 14:25,38264425,12015412,2.1915,0.94683,2.7871,1.8148
2021-12-25 14:30,38263746,12002311,2.221,0.94662,2.821,0.79724
2021-12-25 14:35,38335922,12006691,2.2497,0.94704,2.8474,0.34052
2021-12-25 14:40,38292919,11992532,2.2628,0.94618,2.8635,2.2494
2021-12-25 14:45,38305676,11998673,2.2574,0.94571,2.8585,0.95066
2021-12-25 14:50,38230507,12000518,2.2441,0.94554,2.851,2.1259
2021-12-25 14:55,38164749,12003959,2.2213,0.94601,2.8234,1.2641
2021-12-25 15:00,38242700,12032301,2.2272,0.94582,2.8285,0.80984
2021-12-25 15:05,38224422,12026794,2.2225,0.94478,2.8296,0.87624
2021-12-25 15:10,38214216,12020254,2.2208,0.94552,2.8258,1.0528
2021-12-25 15:15,38248120,12055128,2.2079,0.94552,2.8055,1.5728
2021-12-25 15:20,38240599,12026888,2.2046,0.94508,2.8042,1.1906
2021-12-25 15:25,38235376,12014792,2.2039,0.94548,2.7978,0.91044
2021-12-25 15:30,38222154,12018574,2.2196,0.94452,2.8154,0.93026
2021-12-25 15:35,38188213,12043222,2.2173,0.94458,2.8056,0.94816
2021-12-25 15:40,38148675,12086996,2.1791,0.94466,2.767,2.0576
2021-12-25 15:45,38189607,12052156,2.1816,0.94477,2.7722,0.437
2021-12-25 15:50,38120721,12041803,2.1646,0.94365,2.7529,1.7205
2021-12-25 15:55,38122989,12073917,2.1515,0.9423,2.7401,1.6229
2021-12-25 16:00,38084967,12038153,2.1529,0.94243,2.7479,1.1889
2021-12-25 16:05,38150817,12121015,2.1488,0.94282,2.7356,2.4242
2021-12-25 16:10,38347785,12148704,2.1345,0.94343,2.7059,2.5052
2021-12-25 16:15,38304692,12108117,2.1437,0.94454,2.7029,1.1144
2021-12-25 16:20,38227510,12014161,2.119,0.94346,2.6772,0.59606
2021-12-25 16:25,38282065,12064976,2.1146,0.94392,2.6648,0.92898
2021-12-25 16:30,38300990,12106343,2.1014,0.94382,2.6576,1.4469
2021-12-25 16:35,38288558,12099567,2.0916,0.94377,2.6454,0.95465
2021-12-25 16:40,38287617,12098504,2.0978,0.94385,2.6491,0.71467
2021-12-25 16:45,38275565,12078620,2.0929,0.94324,2.6396,0.61187
2021-12-25 16:50,38279845,12061934,2.0999,0.94318,2.6443,1.5572
2021-12-25 16:55,38292937,12075181,2.0894,0.94349,2.634,2.8012
2021-12-25 17:00,38310210,12090354,2.1027,0.94342,2.6461,2.6227
2021-12-25 17:05,38270449,12101202,2.0978,0.94326,2.6407,0.97134
2021-12-25 17:10,38321386,12080237,2.1173,0.94451,2.6606,0.45465
2021-12-25 17:15,38301676,12064895,2.1018,0.94485,2.6456,1.2522
2021-12-25 17:20,38265379,12005205,2.1137,0.94649,2.6557,0.56595
2021-12-25 17:25,37790182,11777714,2.1288,0.94506,2.6803,0.57978
2021-12-25 17:30,37783108,11753683,2.1402,0.94431,2.6913,0.88305
2021-12-25 17:35,37776812,11795560,2.1464,0.94287,2.6934,0.99867
2021-12-25 17:40,37755009,11777439,2.1457,0.94206,2.6942,1.4169
2021-12-25 17:45,37644275,11718663,2.1816,0.9428,2.7264,0.36621
2021-12-25 17:50,37606244,11759511,2.1812,0.94332,2.7231,0.98709
2021-12-25 17:55,37545873,11788480,2.184,0.94335,2.7254,0.65362
2021-12-25 18:00,37471483,11803322,2.1904,0.94299,2.7401,0.75993
2021-12-25 18:05,37406096,11785561,2.1927,0.94364,2.7322,0.67738
2021-12-25 18:10,37490636,11831302,2.1579,0.9448,2.6903,2.1662
2021-12-25 18:15,37345730,11800855,2.1669,0.9449,2.6997,0.54307
2021-12-25 18:20,37368338,11835674,2.1552,0.94555,2.6899,1.0541
2021-12-25 18:25,37357913,11847070,2.1699,0.94656,2.6973,0.64463
2021-12-25 18:30,37332113,11834561,2.1538,0.94628,2.6849,0.818
2021-12-25 18:35,37328630,11852218,2.1454,0.94656,2.6742,1.2799
2021-12-25 18:40,37340840,11845830,2.1558,0.9473,2.6788,1.2509
2021-12-25 18:45,37352984,11831217,2.1554,0.94753,2.6728,0.99079
2021-12-25 18:50,37391401,11822364,2.1284,0.94761,2.647,0.90549
2021-12-25 18:55,37390085,11829158,2.143,0.94787,2.6599,2.4713
2021-12-25 19:00,37381672,11808123,2.1461,0.94764,2.6594,0.97066
2021-12-25 19:05,37405454,11812771,2.1557,0.94874,2.664,1.231
2021-12-25 19:10,37411785,11831477,2.1675,0.94865,2.6756,3.9888
2021-12-25 19:15,37361991,11814903,2.1668,0.94875,2.6744,0.39766
2021-12-25 19:20,37362868,11831326,2.1616,0.9491,2.6728,0.53591
2021-12-25 19:25,37286321,11789249,2.153,0.94905,2.6605,0.72656
2021-12-25 19:30,37261944,11815166,2.1494,0.94963,2.6572,0.78418
2021-12-25 19:35,37308258,11858426,2.1356,0.94916,2.6446,1.3053
2021-12-25 19:40,37221393,11807048,2.1275,0.94795,2.6415,0.74656
2021-12-25 19:45,37252529,11827678,2.1325,0.94795,2.6461,1.5644
2021-12-25 19:50,37261583,11830626,2.1377,0.94819,2.654,1.2294
2021-12-25 19:55,37261101,11839201,2.1399,0.94746,2.654,1.4594
2021-12-25 20:00,37323061,11849332,2.142,0.94939,2.6563,1.659
2021-12-25 20:05,37274842,11837609,2.1338,0.94884,2.6535,0.98772
2021-12-25 20:10,37241755,11824257,2.1462,0.94882,2.668,0.71432
2021-12-25 20:15,37230364,11841225,2.1374,0.94954,2.6562,1.7305
2021-12-25 20:20,37230741,11846449,2.1175,0.94854,2.6458,1.3337
2021-12-25 20:25,37299272,11825009,2.1024,0.94993,2.6261,0.56312
2021-12-25 20:30,37345221,11849265,2.1133,0.949,2.6351,2.2358
2021-12-25 20:35,37416409,11874296,2.1024,0.94957,2.6164,0.6282
2021-12-25 20:40,37406791,11910322,2.1125,0.94747,2.6343,1.753
2021-12-25 20:45,37411344,11943990,2.095,0.94757,2.6195,2.5087
2021-12-25 20:50,37416767,11941363,2.0923,0.94794,2.6122,1.2762
2021-12-25 20:55,37431620,11930459,2.088,0.9475,2.613,1.3616
2021-12-25 21:00,37435837,11910414,2.0898,0.94779,2.6175,1.1548
2021-12-25 21:05,37349090,11912492,2.0988,0.94647,2.6366,2.1925
2021-12-25 21:10,37309739,11913373,2.1044,0.94549,2.6444,0.84289
2021-12-25 21:15,37325717,11927953,2.1129,0.94566,2.6494,1.4431
2021-12-25 21:20,37292533,11860517,2.1434,0.94689,2.6769,0.54356
2021-12-25 21:25,37328716,11895169,2.1391,0.94652,2.6756,0.85257
2021-12-25 21:30,37376750,11905707,2.1346,0.94527,2.6727,0.85468
2021-12-25 21:35,37350917,11915316,2.1508,0.94483,2.6868,0.81374
2021-12-25 21:40,37408416,11946182,2.1448,0.94356,2.6858,3.3421
2021-12-25 21:45,37429668,11960270,2.1447,0.94331,2.6833,2.0943
2021-12-25 21:50,37428474,11918493,2.1788,0.94434,2.7099,0.45268
2021-12-25 21:55,37442212,11925944,2.1573,0.94298,2.6928,1.2037
2021-12-25 22:00,37414939,11914039,2.1705,0.94357,2.703,0.78861
2021-12-25 22:05,37433863,11880417,2.1902,0.9438,2.7171,0.2376
2021-12-25 22:10,37418410,11877723,2.1858,0.94455,2.7061,0.63867
2021-12-25 22:15,37410395,11855636,2.1925,0.94479,2.7103,1.2197
2021-12-25 22:20,37409655,11857312,2.1881,0.94443,2.7077,0.97618
2021-12-25 22:25,37407410,11846927,2.1955,0.94509,2.7104,0.74524
2021-12-25 22:30,37413640,11829445,2.1956,0.94424,2.7171,0.67507
2021-12-25 22:35,37434102,11830519,2.2021,0.94495,2.7204,1.0968
2021-12-25 22:40,37483761,11805163,2.2196,0.94477,2.7353,0.24526
2021-12-25 22:45,37447618,11818468,2.1952,0.9441,2.7134,3.3005
2021-12-25 22:50,37510475,11836629,2.2064,0.94414,2.7312,0.91321
2021-12-25 22:55,37506382,11855392,2.198,0.94408,2.7242,2.2721
2021-12-25 23:00,37531527,11852695,2.2003,0.94449,2.728,1.0708
2021-12-25 23:05,37552258,11848488,2.2339,0.94414,2.7592,0.65684
2021-12-25 23:10,37589646,11860693,2.2371,0.9443,2.7601,1.6334
2021-12-25 23:15,37600456,11876480,2.2389,0.94486,2.7616,0.63552
2021-12-25 23:20,37623668,11856400,2.2486,0.94571,2.7713,0.67602
2021-12-25 23:25,37640356,11874780,2.2299,0.94493,2.7585,2.3116
2021-12-25 23:30,37652649,11864298,2.2407,0.94546,2.7676,0.61137
2021-12-25 23:35,37693803,11909734,2.2236,0.94414,2.7493,2.2354
2021-12-25 23:40,37686612,11930616,2.2068,0.94308,2.7344,1.2898
2021-12-25 23:45,37730873,11949987,2.2126,0.94317,2.7425,0.55022
2021-12-25 23:50,37722830,11944180,2.2171,0.94331,2.7459,1.5108
2021-12-25 23:55,37728565,11943355,2.2235,0.943,2.7506,1.3732
2021-12-26 00:00,37758675,11889074,2.2403,0.94388,2.7692,0.42712
2021-12-26 00:05,37656276,11854886,2.2331,0.94179,2.7549,0.70701
2021-12-26 00:10,37516900,11799815,2.253,0.94634,2.7519,1.2553
2021-12-26 00:15,37568282,11803415,2.2454,0.94639,2.7384,2.2121
2021-12-26 00:20,37542543,11796664,2.2502,0.94647,2.7367,0.71166
2021-12-26 00:25,37520167,11802108,2.2719,0.94644,2.7563,0.65676
2021-12-26 00:30,37594335,11840712,2.2627,0.94732,2.7497,0.6126
2021-12-26 00:35,37391373,11837804,2.2345,0.94697,2.7261,2.0416
2021-12-26 00:40,37250369,11786879,2.2665,0.9462,2.7592,1.2771
2021-12-26 00:45,37241378,11713903,2.2695,0.94665,2.7638,0.41176
2021-12-26 00:50,37218948,11743908,2.2466,0.94636,2.7421,1.0722
2021-12-26 00:55,37250006,11730166,2.2805,0.94688,2.7767,0.38706
2021-12-26 01:00,37270219,11758381,2.2662,0.94595,2.76,0.80377
2021-12-26 01:05,37279595,11753057,2.2678,0.94557,2.7636,1.3154
2021-12-26 01:10,37302317,11778207,2.2513,0.94601,2.7481,0.98876
2021-12-26 01:15,37275919,11796084,2.2505,0.94591,2.7497,1.5386
2021-12-26 01:20,37254871,11787288,2.2729,0.94654,2.7729,0.39704
2021-12-26 01:25,37307163,11782637,2.2712,0.94683,2.7712,0.40645
2021-12-26 01:30,37338884,11789937,2.2743,0.94592,2.7625,1.6483
2021-12-26 01:35,37368609,11816312,2.2491,0.94492,2.7456,1.1545
2021-12-26 01:40,37322650,11834639,2.2487,0.94479,2.7436,1.0968
2021-12-26 01:45,37335842,11841404,2.2432,0.94496,2.7321,2.1863
2021-12-26 01:50,37353881,11858363,2.2421,0.94456,2.7373,1.2532
2021-12-26 01:55,37383993,11843690,2.2638,0.94535,2.7512,0.7674
2021-12-26 02:00,37349981,11802798,2.2689,0.94571,2.7588,0.78069
2021-12-26 02:05,37361668,11812700,2.2664,0.94492,2.7543,1.439
2021-12-26 02:10,37430168,11817832,2.2601,0.94505,2.7484,1.3188
2021-12-26 02:15,37451429,11811604,2.2765,0.94528,2.7674,0.64463
2021-12-26 02:20,37566067,11822417,2.2838,0.94546,2.7786,0.75971
2021-12-26 02:25,37610534,11804567,2.2671,0.94587,2.7552,0.61654
2021-12-26 02:30,37595579,11773214,2.2865,0.94477,2.777,0.65841
2021-12-26 02:35,37459540,11655609,2.2943,0.9431,2.799,0.64189
2021-12-26 02:40,37275876,11555149,2.2697,0.94105,2.765,1.4034
2021-12-26 02:45,37340980,11576309,2.2604,0.94021,2.7626,0.98447
2021-12-26 02:50,37440811,11636735,2.2879,0.94242,2.7911,0.82388
2021-12-26 02:55,37636874,11704990,2.2627,0.93984,2.7705,1.7066
2021-12-26 03:00,37584165,11646957,2.261,0.93759,2.7755,0.48011
2021-12-26 03:05,37283808,11509843,2.2619,0.93568,2.7574,0.63177
2021-12-26 03:10,37267277,11505301,2.2461,0.93538,2.7422,0.82605
2021-12-26 03:15,37220268,11485058,2.2568,0.93491,2.7533,0.89444
2021-12-26 03:20,37199450,11509430,2.2522,0.93658,2.7445,1.5228
2021-12-26 03:25,37189908,11510648,2.2615,0.93686,2.7541,0.53607
2021-12-26 03:30,37146250,11490790,2.2632,0.93639,2.7601,0.4152
2021-12-26 03:35,37108744,11484403,2.2509,0.9367,2.7415,1.7201
2021-12-26 03:40,37020552,11383791,2.2425,0.93684,2.7319,0.52043
2021-12-26 03:45,36886380,11330389,2.2432,0.93505,2.728,0.55615
2021-12-26 03:50,36053411,10983311,2.4227,0.9362,2.844,0.41902
2021-12-26 03:55,36054234,11017063,2.3692,0.93617,2.7937,0.67475
2021-12-26 04:00,36087837,10997816,2.3744,0.93632,2.7993,0.63258
2021-12-26 04:05,35981921,10968779,2.3801,0.934,2.7913,0.91244
2021-12-26 04:10,36038413,11043501,2.397,0.93447,2.8103,1.2865
2021-12-26 04:15,36053564,11047696,2.4055,0.93368,2.8245,0.91313
2021-12-26 04:20,36365749,11111489,2.4175,0.9339,2.8358,0.25861
2021-12-26 04:25,36341710,11115112,2.4138,0.93348,2.8327,0.55852
2021-12-26 04:30,36294187,11064827,2.4116,0.93414,2.8217,0.83207
2021-12-26 04:35,36156675,11043643,2.3954,0.93464,2.811,1.6992
2021-12-26 04:40,36219779,11075284,2.4003,0.93501,2.815,2.2814
2021-12-26 04:45,36171955,11061950,2.424,0.93472,2.8437,0.73215
2021-12-26 04:50,36180134,11089043,2.413,0.93469,2.8329,1.5216
2021-12-26 04:55,36122278,11068950,2.458,0.93517,2.8764,0.2837
2021-12-26 05:00,36115281,11060666,2.4331,0.93489,2.8588,1.0384
2021-12-26 05:05,36127038,11063544,2.4405,0.93455,2.8654,1.5431
2021-12-26 05:10,36126751,11069598,2.4305,0.93443,2.8562,1.6138
2021-12-26 05:15,36101185,11056760,2.4239,0.934,2.8562,1.8823
2021-12-26 05:20,36088237,11040090,2.4375,0.93392,2.8696,0.64653
2021-12-26 05:25,36024999,11027499,2.41,0.93435,2.8419,0.90179
2021-12-26 05:30,35998648,11030273,2.4067,0.93435,2.8442,0.73746
2021-12-26 05:35,36048984,11044867,2.4021,0.93418,2.845,0.29495
2021-12-26 05:40,35988898,11045035,2.4007,0.93386,2.8436,1.2786
2021-12-26 05:45,35983442,11038641,2.3751,0.93378,2.825,3.134
2021-12-26 05:50,35948620,11013180,2.3981,0.93311,2.8466,1.7913
2021-12-26 05:55,35899900,10979885,2.3801,0.93326,2.8263,1.7257
2021-12-26 06:00,35872614,10986286,2.3826,0.93299,2.8341,0.80439
2021-12-26 06:05,35775997,10981746,2.397,0.93279,2.8431,0.79326
2021-12-26 06:10,35749847,10981995,2.3904,0.93303,2.8348,0.77434
2021-12-26 06:15,35703223,10972261,2.3735,0.93253,2.8265,0.56944
2021-12-26 06:20,35673755,10964329,2.3587,0.93371,2.8132,0.85173
2021-12-26 06:25,35537987,10969084,2.2778,0.93128,2.7452,1.9653
2021-12-26 06:30,35490993,10953940,2.2711,0.93216,2.7415,0.41678
2021-12-26 06:35,35441902,10940561,2.2566,0.93226,2.7242,0.89888
2021-12-26 06:40,35457122,10951855,2.2378,0.93119,2.699,1.1916
2021-12-26 06:45,35466983,10943454,2.2143,0.93092,2.6766,1.0547
2021-12-26 06:50,35403286,10928098,2.2171,0.93017,2.6784,0.7524
2021-12-26 06:55,35430167,10937647,2.2232,0.93016,2.6882,0.50781
2021-12-26 07:00,35521978,10963652,2.2385,0.93045,2.6964,0.28591
2021-12-26 07:05,35501135,10929973,2.2549,0.93144,2.7099,0.48886
2021-12-26 07:10,35503860,10923605,2.2392,0.93189,2.6975,0.61615
2021-12-26 07:15,35466493,10897912,2.2632,0.93215,2.7139,0.8048
2021-12-26 07:20,35498096,10930219,2.2495,0.93146,2.7056,1.9495
2021-12-26 07:25,35513827,10937049,2.2638,0.93114,2.7282,1.293
2021-12-26 07:30,35546944,10935360,2.2732,0.93136,2.7376,0.69929
2021-12-26 07:35,35541588,10932850,2.2747,0.93176,2.7376,0.70278
2021-12-26 07:40,35581847,10944788,2.2873,0.93209,2.75,0.21829
2021-12-26 07:45,35604670,10963746,2.2798,0.93261,2.7444,2.6992
2021-12-26 07:50,35619915,10971057,2.2852,0.93304,2.742,2.0086
2021-12-26 07:55,35644062,10977188,2.303,0.93304,2.7593,1.4376
2021-12-26 08:00,35667641,10966373,2.3385,0.93404,2.8004,0.58942
2021-12-26 08:05,35744410,11012138,2.2971,0.93353,2.758,2.1258
2021-12-26 08:10,35746570,11027817,2.3018,0.9331,2.7599,1.2089
2021-12-26 08:15,35771633,11048784,2.3108,0.93337,2.7732,1.5758
2021-12-26 08:20,35805243,11083871,2.2945,0.93373,2.7645,1.4476
2021-12-26 08:25,35850193,11110078,2.2976,0.9336,2.7707,1.4644
2021-12-26 08:30,35863688,11121314,2.2713,0.93328,2.7486,1.0403
2021-12-26 08:35,35829136,11111814,2.2787,0.93304,2.7542,0.95389
2021-12-26 08:40,35815653,11081721,2.2877,0.93298,2.7646,0.47258
2021-12-26 08:45,35781913,11067704,2.2766,0.93223,2.7612,1.2562
2021-12-26 08:50,35730057,11037856,2.2607,0.93211,2.7393,1.7452
2021-12-26 08:55,35712447,11045492,2.2534,0.93215,2.7315,1.5939
2021-12-26 09:00,35724735,11052655,2.2404,0.93191,2.7155,3.5782
2021-12-26 09:05,35781040,11061472,2.2358,0.93159,2.7073,2.4214
2021-12-26 09:10,35933679,11080838,2.2424,0.93149,2.7234,0.4047
2021-12-26 09:15,35943234,11080580,2.2464,0.932,2.731,1.4285
2021-12-26 09:20,35955113,11098613,2.2376,0.93222,2.7299,1.7536
2021-12-26 09:25,36019809,11118955,2.2547,0.93211,2.7465,5.5075
2021-12-26 09:30,35995914,11101997,2.2642,0.93274,2.7593,1.3675
2021-12-26 09:35,36024395,11106961,2.2607,0.93292,2.7595,2.0518
2021-12-26 09:40,36076383,11151921,2.2493,0.93253,2.7497,1.2809
2021-12-26 09:45,36186179,11216437,2.2617,0.9305,2.7822,1.8261
2021-12-26 09:50,36184501,11265487,2.2378,0.92969,2.7675,1.4121
2021-12-26 09:55,36280830,11326558,2.2286,0.92776,2.7978,1.412
2021-12-26 10:00,36437969,11359020,2.2245,0.9266,2.806,0.81282
2021-12-26 10:05,36634322,11450379,2.2044,0.92696,2.789,1.3394
2021-12-26 10:10,36658664,11419702,2.2289,0.92844,2.8059,0.73919
2021-12-26 10:15,36691097,11443885,2.215,0.92772,2.7962,0.95589
2021-12-26 10:20,36672530,11442774,2.2085,0.92934,2.7798,1.0304
2021-12-26 10:25,36809784,11534466,2.2038,0.92872,2.7741,1.8015
2021-12-26 10:30,36860965,11541541,2.2135,0.92958,2.7801,0.51178
2021-12-26 10:35,37055271,11563124,2.2638,0.92898,2.8316,0.57547
2021-12-26 10:40,36963682,11562942,2.244,0.92921,2.8049,1.8004
2021-12-26 10:45,36957440,11582092,2.2418,0.92951,2.8025,1.4814
2021-12-26 10:50,36982540,11571377,2.2612,0.92976,2.8191,0.2356
2021-12-26 10:55,37005327,11586738,2.2489,0.92874,2.8034,1.4667
2021-12-26 11:00,36998739,11576669,2.2537,0.92958,2.8086,0.72282
2021-12-26 11:05,37002126,11587586,2.2456,0.93055,2.802,1.4389
2021-12-26 11:10,37032331,11609265,2.2452,0.92981,2.803,1.1092
2021-12-26 11:15,37045124,11583330,2.2686,0.93077,2.8291,0.54796
2021-12-26 11:20,37261618,11678909,2.2577,0.92311,2.8112,1.6521
2021-12-26 11:25,37292171,11684626,2.2399,0.92268,2.8056,1.1841
2021-12-26 11:30,37303446,11676352,2.2431,0.92306,2.8119,0.78519
2021-12-26 11:35,37300376,11667185,2.2614,0.9253,2.8216,0.82738
2021-12-26 11:40,37194833,11559775,2.3,0.92737,2.8375,0.43148
2021-12-26 11:45,37121360,11531008,2.2748,0.92757,2.8084,0.757
2021-12-26 11:50,37216796,11475649,2.2815,0.92812,2.8085,0.71489
2021-12-26 11:55,37284867,11527725,2.2677,0.92837,2.805,1.5083
2021-12-26 12:00,37111067,11508794,2.2699,0.92869,2.8097,0.44613
2021-12-26 12:05,37158472,11508113,2.2992,0.92907,2.8211,0.74746
2021-12-26 12:10,37140952,11528439,2.2787,0.92977,2.8052,1.0221
2021-12-26 12:15,37128934,11527662,2.3011,0.93031,2.8247,0.80281
2021-12-26 12:20,37072336,11504867,2.3174,0.92961,2.8437,0.49313
2021-12-26 12:25,37156495,11511198,2.3279,0.92995,2.8581,0.73984
2021-12-26 12:30,37078935,11436138,2.3272,0.92975,2.8622,0.52778
2021-12-26 12:35,37086748,11431458,2.3193,0.92982,2.8526,1.4915
2021-12-26 12:40,37184307,11478542,2.3174,0.93076,2.8462,1.8413
2021-12-26 12:45,37173062,11521704,2.3137,0.92922,2.8434,2.4097
2021-12-26 12:50,37175487,11523318,2.3162,0.92894,2.8507,0.57409
2021-12-26 12:55,37401855,11672586,2.336,0.92728,2.9077,2.4676
2021-12-26 13:00,39345307,12474823,2.3163,0.9242,3.1308,0.96109
2021-12-26 13:05,39884926,12576797,2.3448,0.92214,3.2242,0.64958
2021-12-26 13:10,40173437,12660299,2.3555,0.91767,3.302,0.90122
2021-12-26 13:15,40513207,12770168,2.3797,0.91606,3.3607,0.99986
2021-12-26 13:20,40817724,12884646,2.3742,0.91569,3.3774,1.696
2021-12-26 13:25,41597303,13235438,2.386,0.92118,3.3656,1.5873
2021-12-26 13:30,41801184,13250477,2.425,0.91797,3.4417,0.80731
2021-12-26 13:35,42079969,13411484,2.4045,0.91876,3.4113,0.85662
2021-12-26 13:40,42069393,13405658,2.4254,0.92078,3.4117,1.419
2021-12-26 13:45,41830356,13284903,2.4305,0.9167,3.4405,0.64626
2021-12-26 13:50,41888211,13322911,2.4192,0.91667,3.432,1.0257
2021-12-26 13:55,41693416,13215979,2.4139,0.91818,3.4129,0.51624
2021-12-26 14:00,41934758,13300405,2.4232,0.91715,3.4105,1.2434
2021-12-26 14:05,42146862,13420325,2.433,0.91899,3.4203,1.5668
2021-12-26 14:10,42203018,13423196,2.4101,0.92006,3.3932,1.1973
2021-12-26 14:15,42181529,13425228,2.3997,0.91926,3.3892,0.85334
2021-12-26 14:20,42017318,13302961,2.4574,0.91895,3.465,0.30381
2021-12-26 14:25,42124626,13333275,2.44,0.91786,3.454,1.2375
2021-12-26 14:30,42109517,13302820,2.467,0.91887,3.4938,0.45317
2021-12-26 14:35,42234565,13365278,2.4488,0.91768,3.476,2.4507
2021-12-26 14:40,42199348,13355775,2.4567,0.9178,3.4838,0.65645
2021-12-26 14:45,42122724,13402385,2.4767,0.91585,3.5101,1.8821
2021-12-26 14:50,42236469,13417798,2.483,0.91761,3.5017,0.90353
2021-12-26 14:55,42044656,13345018,2.494,0.91506,3.5175,0.57788
2021-12-26 15:00,41976996,13355546,2.4714,0.91437,3.4924,1.0701
2021-12-26 15:05,42077796,13367216,2.4896,0.91502,3.5073,0.91317
2021-12-26 15:10,42054111,13351743,2.4906,0.91506,3.5085,0.80423
2021-12-26 15:15,41991297,13332439,2.4823,0.91398,3.4966,0.71359
2021-12-26 15:20,41932459,13324913,2.4687,0.91421,3.4775,0.94036
2021-12-26 15:25,41992173,13352028,2.4953,0.91497,3.4992,0.65494
2021-12-26 15:30,41883397,13323109,2.4787,0.91522,3.4829,1.1719
2021-12-26 15:35,41833321,13310178,2.4826,0.91527,3.4902,1.1293
2021-12-26 15:40,41912881,13346751,2.4833,0.91565,3.4877,1.6917
2021-12-26 15:45,41925032,13340954,2.4827,0.91508,3.4882,0.81061
2021-12-26 15:50,41916401,13316779,2.4923,0.91489,3.5034,0.52417
2021-12-26 15:55,41888928,13319970,2.476,0.91632,3.4749,0.55478
2021-12-26 16:00,41790128,13279499,2.4753,0.9162,3.4679,0.56243
2021-12-26 16:05,41480426,13136069,2.5284,0.91655,3.5213,0.49648
2021-12-26 16:10,41428367,13103060,2.5359,0.91687,3.5233,0.58053
2021-12-26 16:15,41479239,13115856,2.5273,0.91773,3.5256,0.58005
2021-12-26 16:20,41507780,13145096,2.5165,0.91815,3.4997,1.0889
2021-12-26 16:25,41537701,13140958,2.5372,0.91765,3.5245,0.47355
2021-12-26 16:30,41521306,13140811,2.529,0.91756,3.5116,1.341
2021-12-26 16:35,41592064,13160794,2.5479,0.91796,3.5277,0.69736
2021-12-26 16:40,41613811,13199761,2.5372,0.91813,3.5165,1.2397
2021-12-26 16:45,41468719,13165070,2.5467,0.91778,3.5195,0.83327
2021-12-26 16:50,41441668,13164037,2.5364,0.91834,3.5094,0.56827
2021-12-26 16:55,41421002,13175060,2.5365,0.9188,3.4871,1.4313
2021-12-26 17:00,41403195,13188356,2.4956,0.91806,3.4412,0.77808
2021-12-26 17:05,41564918,13294049,2.4498,0.92101,3.3845,0.81381
2021-12-26 17:10,41737913,13429783,2.4004,0.91829,3.384,1.294
2021-12-26 17:15,41876900,13478731,2.3528,0.91474,3.3486,0.63478
2021-12-26 17:20,41940840,13432812,2.3661,0.91874,3.3484,0.57394
2021-12-26 17:25,41967452,13463516,2.3588,0.91869,3.3354,0.88832
2021-12-26 17:30,41951109,13405058,2.3858,0.91958,3.3678,0.37101
2021-12-26 17:35,41977551,13458762,2.3809,0.91932,3.3591,1.4713
2021-12-26 17:40,42234370,13574127,2.3836,0.91789,3.4004,0.79141
2021-12-26 17:45,42124110,13526872,2.3788,0.91573,3.4162,0.65864
2021-12-26 17:50,42144221,13513301,2.4087,0.91619,3.4462,0.68038
2021-12-26 17:55,42153247,13494658,2.4068,0.91548,3.4557,0.63781
2021-12-26 18:00,42116974,13483433,2.421,0.91685,3.4438,0.39993
2021-12-26 18:05,42037856,13432356,2.4049,0.91643,3.4231,1.0639
2021-12-26 18:10,42081694,13429640,2.4189,0.91729,3.4244,0.76497
2021-12-26 18:15,42085665,13410672,2.4311,0.91708,3.439,0.70941
2021-12-26 18:20,42047255,13411804,2.4266,0.91657,3.4421,0.94677
2021-12-26 18:25,42140415,13498947,2.3984,0.91451,3.4196,2.4989
2021-12-26 18:30,42207645,13490265,2.4173,0.91448,3.4451,0.64341
2021-12-26 18:35,42130702,13485920,2.4072,0.91363,3.4328,0.50299
2021-12-26 18:40,42162106,13499962,2.3958,0.91115,3.4197,0.33455
2021-12-26 18:45,42172764,13484542,2.4314,0.91134,3.4608,0.65424
2021-12-26 18:50,42136068,13469855,2.3842,0.91136,3.4109,0.77758
2021-12-26 18:55,42168945,13486623,2.3772,0.91135,3.3964,1.2195
2021-12-26 19:00,42109158,13482028,2.3776,0.90988,3.3965,0.85143
2021-12-26 19:05,42098662,13487830,2.4015,0.90851,3.4251,0.85589
2021-12-26 19:10,42046160,13472843,2.4248,0.90872,3.4561,0.56506
2021-12-26 19:15,42035820,13446800,2.4124,0.90937,3.4387,0.79548
2021-12-26 19:20,41966949,13408625,2.4291,0.90919,3.4623,0.49455
2021-12-26 19:25,41920266,13402244,2.4433,0.909,3.4745,1.0123
2021-12-26 19:30,41943074,13384675,2.4426,0.9094,3.4805,0.31834
2021-12-26 19:35,41934500,13439739,2.4155,0.90798,3.4467,1.3328
2021-12-26 19:40,41915921,13418888,2.4284,0.90838,3.4586,0.58081
2021-12-26 19:45,41937129,13401711,2.4257,0.90767,3.4654,0.36561
2021-12-26 19:50,41801413,13374949,2.4152,0.90633,3.4495,0.80952
2021-12-26 19:55,41782947,13384633,2.4154,0.9068,3.4514,0.59941
2021-12-26 20:00,41782964,13356733,2.4173,0.90749,3.4519,0.23884
2021-12-26 20:05,41680455,13331362,2.4578,0.90829,3.4936,1.0878
2021-12-26 20:10,41679547,13327869,2.4523,0.90679,3.4884,0.60795
2021-12-26 20:15,41637028,13301664,2.4489,0.90689,3.4826,0.63479
2021-12-26 20:20,41565189,13295041,2.458,0.90783,3.4913,0.9672
2021-12-26 20:25,41459477,13243412,2.4528,0.90761,3.4907,0.48076
2021-12-26 20:30,41403724,13224979,2.4541,0.90794,3.4916,0.43729
2021-12-26 20:35,41293346,13176369,2.4517,0.90869,3.4773,0.32242
2021-12-26 20:40,41241564,13156391,2.4425,0.90908,3.4588,0.52262
2021-12-26 20:45,41228540,13146940,2.4574,0.91129,3.4756,0.35673
2021-12-26 20:50,41021905,13023290,2.4572,0.91709,3.4392,0.32433
2021-12-26 20:55,41048227,13061456,2.4292,0.91689,3.403,2.2399
2021-12-26 21:00,40980256,12974992,2.4489,0.91791,3.4219,0.2528
2021-12-26 21:05,40747945,12876351,2.4748,0.91876,3.4173,0.54112
2021-12-26 21:10,40540624,12748810,2.4799,0.92067,3.4087,0.41939
2021-12-26 21:15,40526412,12767494,2.4806,0.92112,3.4203,1.0188
2021-12-26 21:20,40477652,12791517,2.4644,0.91953,3.4114,1.6145
2021-12-26 21:25,40499676,12824955,2.4812,0.91946,3.4337,1.3453
2021-12-26 21:30,40438633,12834936,2.4795,0.92049,3.4363,1.018
2021-12-26 21:35,40487052,12871654,2.4464,0.91943,3.3963,1.3784
2021-12-26 21:40,40300979,12838154,2.4623,0.92036,3.4205,0.60574
2021-12-26 21:45,40306469,12810400,2.472,0.9201,3.4278,0.25707
2021-12-26 21:50,40326453,12844109,2.4434,0.92096,3.3935,1.0858
2021-12-26 21:55,40260311,12826719,2.4748,0.92093,3.4247,0.60656
2021-12-26 22:00,40202459,12783197,2.4968,0.9207,3.4507,0.69498
2021-12-26 22:05,40168909,12819555,2.5029,0.92043,3.4594,1.1384
2021-12-26 22:10,40131026,12793161,2.4996,0.92127,3.4615,0.40623
2021-12-26 22:15,40146296,12775882,2.517,0.92175,3.48,0.51665
2021-12-26 22:20,40114116,12780112,2.5134,0.92183,3.4751,0.62039
2021-12-26 22:25,40077715,12795963,2.495,0.9207,3.4596,1.2399
2021-12-26 22:30,39922871,12737895,2.5036,0.92101,3.4702,0.17195
2021-12-26 22:35,39945218,12730099,2.495,0.92095,3.4614,1.0611
2021-12-26 22:40,39934189,12728142,2.5004,0.92184,3.4665,0.93699
2021-12-26 22:45,39910021,12739136,2.4757,0.92217,3.4321,2.2761
2021-12-26 22:50,39893741,12719324,2.4749,0.92277,3.4323,0.83776
2021-12-26 22:55,39821328,12689678,2.4939,0.92287,3.4538,0.43411
2021-12-26 23:00,39784479,12686855,2.4871,0.92294,3.4495,0.40941
2021-12-26 23:05,39758947,12659719,2.448,0.92247,3.397,2.2398
2021-12-26 23:10,39705920,12662210,2.4514,0.92185,3.4101,1.3651
2021-12-26 23:15,39678825,12659258,2.4481,0.92164,3.4094,0.29996
2021-12-26 23:20,39664509,12632353,2.4473,0.92168,3.4066,0.57865
2021-12-26 23:25,39658492,12630833,2.4203,0.92229,3.3656,0.58788
2021-12-26 23:30,39667322,12616070,2.4371,0.92231,3.3822,0.34499
2021-12-26 23:35,39691345,12611528,2.4417,0.92201,3.3882,0.88532
2021-12-26 23:40,39712069,12631261,2.4626,0.92192,3.4152,0.31025
2021-12-26 23:45,39639096,12601460,2.4551,0.92286,3.4125,0.47233
2021-12-26 23:50,39549027,12606519,2.448,0.92386,3.4028,3.4606
2021-12-26 23:55,39465794,12572244,2.4536,0.92387,3.4124,0.33758
2021-12-27 00:00,39449448,12558625,2.448,0.92381,3.401,0.79676
2021-12-27 00:05,39353109,12574850,2.423,0.92376,3.38,1.4229
2021-12-27 00:10,39188516,12483894,2.5414,0.93374,3.4402,0.61878
2021-12-27 00:15,39137286,12478924,2.5462,0.93375,3.4448,0.49089
2021-12-27 00:20,39123438,12472160,2.5283,0.93393,3.4256,0.74701
2021-12-27 00:25,39100725,12487990,2.5177,0.93362,3.418,0.93661
2021-12-27 00:30,39086288,12456800,2.5297,0.93429,3.4295,0.28994
2021-12-27 00:35,39130909,12546126,2.5195,0.93444,3.4113,0.7112
2021-12-27 00:40,39132754,12483304,2.522,0.93389,3.4221,0.89875
2021-12-27 00:45,38899481,12335270,2.5543,0.93386,3.4633,0.29255
2021-12-27 00:50,39066947,12401255,2.5431,0.93424,3.4485,0.56366
2021-12-27 00:55,39067926,12374375,2.5428,0.93371,3.4519,0.74907
2021-12-27 01:00,38972723,12343397,2.5445,0.93375,3.4548,0.36627
2021-12-27 01:05,38940316,12308569,2.5489,0.9331,3.4685,0.4128
2021-12-27 01:10,38956482,12335000,2.5286,0.93278,3.4538,0.49782
2021-12-27 01:15,38924834,12323487,2.5123,0.93208,3.4355,1.0116
2021-12-27 01:20,38924982,12328891,2.5159,0.93214,3.4471,0.97219
2021-12-27 01:25,38900050,12367493,2.5069,0.93203,3.4449,2.0655
2021-12-27 01:30,39002482,12393429,2.5214,0.93225,3.4665,0.59406
2021-12-27 01:35,39009694,12407089,2.5159,0.93255,3.4585,0.94836
2021-12-27 01:40,39030616,12414078,2.5228,0.93182,3.4669,1.1828
2021-12-27 01:45,38986873,12396266,2.5225,0.93221,3.4635,0.68679
2021-12-27 01:50,39009939,12431295,2.5069,0.93276,3.4488,1.7136
2021-12-27 01:55,38978024,12424245,2.5127,0.93333,3.4543,0.5606
2021-12-27 02:00,38914390,12390513,2.5206,0.93352,3.4616,0.4569
2021-12-27 02:05,38707348,12331166,2.4946,0.9328,3.4239,2.5641
2021-12-27 02:10,38869466,12437063,2.4896,0.93312,3.4324,1.9157
2021-12-27 02:15,38908686,12446218,2.4711,0.93342,3.4235,1.0426
2021-12-27 02:20,38954879,12439413,2.4503,0.93277,3.4047,1.1291
2021-12-27 02:25,38973488,12450829,2.4604,0.933,3.4124,1.0248
2021-12-27 02:30,38996632,12464104,2.451,0.9329,3.406,1.1393
2021-12-27 02:35,38997816,12459677,2.4538,0.93267,3.4123,0.92798
2021-12-27 02:40,39008458,12476065,2.433,0.9327,3.3848,1.3906
2021-12-27 02:45,39009050,12482849,2.4431,0.93288,3.3985,0.79037
2021-12-27 02:50,39012446,12457844,2.4708,0.9335,3.4246,0.51668
2021-12-27 02:55,39190625,12512137,2.4695,0.93519,3.4169,0.49004
2021-12-27 03:00,39188357,12489585,2.4893,0.93623,3.4396,0.35008
2021-12-27 03:05,39198386,12503516,2.4918,0.93609,3.4367,1.9975
2021-12-27 03:10,39183602,12494349,2.5061,0.93558,3.4518,1.2197
2021-12-27 03:15,39143723,12478236,2.5161,0.93579,3.4651,1.2773
2021-12-27 03:20,39178971,12505536,2.4925,0.93543,3.4462,1.4961
2021-12-27 03:25,39189745,12523867,2.4912,0.93558,3.4421,1.0008
2021-12-27 03:30,39214856,12542480,2.506,0.93613,3.4557,0.76078
2021-12-27 03:35,39405279,12595897,2.4972,0.93661,3.4437,0.37109
2021-12-27 03:40,39460060,12616443,2.4743,0.93652,3.4202,1.2316
2021-12-27 03:45,39464195,12613151,2.5035,0.93628,3.4518,1.8768
2021-12-27 03:50,39469070,12615648,2.4926,0.93558,3.4357,1.7839
2021-12-27 03:55,39489862,12618768,2.5368,0.93538,3.4878,0.60065
2021-12-27 04:00,39467297,12609801,2.517,0.93506,3.4609,0.48176
2021-12-27 04:05,39598670,12625244,2.5156,0.93629,3.4501,0.28061
2021-12-27 04:10,39521105,12609677,2.5028,0.93545,3.4429,2.0477
2021-12-27 04:15,39730602,12679067,2.5113,0.93656,3.4633,2.7279
2021-12-27 04:20,39420698,12549061,2.5257,0.93643,3.4799,0.26765
2021-12-27 04:25,39505895,12579072,2.531,0.93773,3.4854,0.55657
2021-12-27 04:30,39575214,12587289,2.5358,0.93833,3.4936,0.54527
2021-12-27 04:35,39537393,12602825,2.5437,0.93764,3.496,1.9214
2021-12-27 04:40,39434689,12559554,2.5543,0.93724,3.5185,0.3596
2021-12-27 04:45,39475178,12579711,2.5347,0.93762,3.4963,0.99635
2021-12-27 04:50,39483648,12584235,2.539,0.93767,3.5003,0.84876
2021-12-27 04:55,39498237,12601123,2.5383,0.93779,3.5025,1.1477
2021-12-27 05:00,39582739,12594040,2.5554,0.93806,3.5268,0.29614
2021-12-27 05:05,39531854,12560572,2.5751,0.93807,3.5433,0.56544
2021-12-27 05:10,39523751,12566201,2.5567,0.93809,3.5196,0.89421
2021-12-27 05:15,39502075,12570590,2.5639,0.9378,3.5301,0.63917
2021-12-27 05:20,39569409,12596505,2.5945,0.93752,3.5565,0.97745
2021-12-27 05:25,39514590,12603682,2.598,0.93787,3.5636,2.0992
2021-12-27 05:30,39536088,12614759,2.6181,0.93814,3.5945,1.3348
2021-12-27 05:35,39545081,12623185,2.5509,0.93862,3.5165,2.9887
2021-12-27 05:40,39478663,12597641,2.5771,0.9382,3.5507,0.32725
2021-12-27 05:45,39642556,12713764,2.5388,0.93983,3.4957,5.361
2021-12-27 05:50,39728607,12733813,2.5427,0.94107,3.4994,0.60629
2021-12-27 05:55,39742978,12749547,2.5276,0.94057,3.4893,1.863
2021-12-27 06:00,39752909,12739217,2.529,0.94036,3.4997,1.0716
2021-12-27 06:05,39559668,12661072,2.5418,0.93981,3.5228,0.36602
2021-12-27 06:10,39624484,12679042,2.5514,0.94037,3.5315,0.43031
2021-12-27 06:15,39567722,12636766,2.5518,0.9413,3.5294,0.44751
2021-12-27 06:20,39531121,12642041,2.5459,0.94113,3.5331,0.94783
2021-12-27 06:25,39538840,12652824,2.5328,0.94169,3.5166,1.0096
2021-12-27 06:30,39665567,12701069,2.5201,0.9421,3.5018,1.9867
2021-12-27 06:35,39737764,12750778,2.5104,0.9422,3.4887,1.7002
2021-12-27 06:40,39868116,12810651,2.5153,0.94372,3.5006,1.1266
2021-12-27 06:45,39913789,12828691,2.4986,0.94307,3.4851,0.70545
2021-12-27 06:50,39881161,12766899,2.5465,0.94241,3.5486,0.39065
2021-12-27 06:55,40017399,12814372,2.5464,0.94275,3.5526,1.3443
2021-12-27 07:00,40149572,12845454,2.5504,0.94311,3.5609,0.90553
2021-12-27 07:05,40178714,12843126,2.5596,0.94292,3.5727,1.231
2021-12-27 07:10,40179623,12850587,2.5672,0.94289,3.5848,0.63464
2021-12-27 07:15,40129144,12866449,2.5695,0.94278,3.5868,0.68721
2021-12-27 07:20,40113242,12868173,2.5702,0.9427,3.5902,0.78968
2021-12-27 07:25,40169010,12895090,2.5395,0.94244,3.5586,1.6745
2021-12-27 07:30,40233081,12911496,2.5477,0.94218,3.5764,1.0405
2021-12-27 07:35,40301467,12904127,2.5552,0.94224,3.6,0.9473
2021-12-27 07:40,40363729,12920026,2.5564,0.94083,3.6002,0.78358
2021-12-27 07:45,40386691,12928818,2.54,0.93992,3.5882,2.1118
2021-12-27 07:50,40298394,12865007,2.5802,0.93965,3.6389,0.4615
2021-12-27 07:55,40271821,12872971,2.5762,0.93944,3.6336,1.4415
2021-12-27 08:00,40229345,12846251,2.571,0.93929,3.6355,0.27026
2021-12-27 08:05,40300870,12892647,2.561,0.93922,3.6106,1.3554
2021-12-27 08:10,40302731,12910245,2.5625,0.93731,3.6163,0.75516
2021-12-27 08:15,40320069,12921242,2.5595,0.93707,3.6165,0.91563
2021-12-27 08:20,40117490,12825254,2.5932,0.93779,3.6476,0.19317
2021-12-27 08:25,40132046,12846381,2.597,0.93748,3.6506,0.94806
2021-12-27 08:30,40234541,12867093,2.5802,0.93832,3.6226,1.2006
2021-12-27 08:35,40341845,12878589,2.5991,0.93896,3.6418,1.1066
2021-12-27 08:40,40318626,12875795,2.5944,0.93883,3.6361,0.53794
2021-12-27 08:45,40393433,12881484,2.602,0.9384,3.648,0.22204
2021-12-27 08:50,40242253,12736673,2.5789,0.93857,3.6118,0.30903
2021-12-27 08:55,40132061,12661788,2.5803,0.93719,3.6205,0.39801
2021-12-27 09:00,40092477,12629289,2.5629,0.93719,3.5923,0.47076
2021-12-27 09:05,40193708,12645788,2.5938,0.93765,3.6141,0.59403
2021-12-27 09:10,40169104,12650054,2.5729,0.93623,3.5888,0.85621
2021-12-27 09:15,40110551,12680148,2.5798,0.93518,3.604,1.6141
2021-12-27 09:20,40166775,12718945,2.5685,0.93517,3.5933,1.5728
2021-12-27 09:25,40041197,12687854,2.5709,0.93448,3.592,1.1566
2021-12-27 09:30,39970377,12671524,2.559,0.93477,3.5784,0.99928
2021-12-27 09:35,39929130,12663744,2.5565,0.93514,3.5728,0.87353
2021-12-27 09:40,39896687,12640735,2.5382,0.93494,3.5471,0.95859
2021-12-27 09:45,39925308,12673491,2.5547,0.93424,3.5682,1.9309
2021-12-27 09:50,39960079,12703696,2.5494,0.93515,3.5647,1.2723
2021-12-27 09:55,39949577,12707177,2.5415,0.93625,3.5546,0.61574
2021-12-27 10:00,39961760,12707462,2.539,0.93578,3.5592,0.63619
2021-12-27 10:05,40066552,12745972,2.5375,0.93605,3.5561,1.0137
2021-12-27 10:10,40061884,12758909,2.556,0.93645,3.5774,0.80737
2021-12-27 10:15,40079608,12732577,2.5592,0.93821,3.5682,0.27836
2021-12-27 10:20,40098181,12754418,2.5625,0.93834,3.5633,1.1621
2021-12-27 10:25,40145549,12766686,2.5592,0.93881,3.5593,0.6702
2021-12-27 10:30,40172656,12774760,2.5487,0.9391,3.5451,2.0442
2021-12-27 10:35,40229325,12790512,2.5613,0.93922,3.5626,0.58008
2021-12-27 10:40,40182370,12750626,2.5808,0.93874,3.5828,0.52332
2021-12-27 10:45,40205966,12763183,2.5957,0.93949,3.5933,0.47607
2021-12-27 10:50,40247833,12791743,2.5779,0.93913,3.5745,1.4466
2021-12-27 10:55,40308046,12831260,2.561,0.93987,3.5599,0.93052
2021-12-27 11:00,40280711,12806452,2.5556,0.94019,3.5522,0.50065
2021-12-27 11:05,40261268,12789154,2.5661,0.93982,3.5657,1.0246
2021-12-27 11:10,40243785,12777402,2.5928,0.93898,3.592,0.4339
2021-12-27 11:15,40254401,12766120,2.5712,0.93851,3.5645,0.70632
2021-12-27 11:20,40267260,12792103,2.5636,0.93857,3.5593,1.3815
2021-12-27 11:25,40257717,12741263,2.6071,0.94015,3.6043,0.21838
2021-12-27 11:30,40261287,12735083,2.5849,0.94001,3.5793,1.2144
2021-12-27 11:35,40242398,12749049,2.5888,0.93955,3.5892,0.73124
2021-12-27 11:40,40216585,12755872,2.5958,0.93866,3.5979,0.99957
2021-12-27 11:45,40197413,12750290,2.598,0.93865,3.6041,0.73456
2021-12-27 11:50,40163587,12732259,2.597,0.93875,3.6095,0.27547
2021-12-27 11:55,40112291,12721967,2.5905,0.93862,3.6074,0.4422
2021-12-27 12:00,40093808,12723273,2.5905,0.93847,3.6092,0.43317
2021-12-27 12:05,40107706,12771096,2.5564,0.9379,3.5668,1.3662
2021-12-27 12:10,40060285,12757679,2.5553,0.93759,3.5673,1.073
2021-12-27 12:15,40008169,12729866,2.5772,0.93716,3.5982,0.50308
2021-12-27 12:20,39930559,12636185,2.5802,0.93837,3.5941,0.43426
2021-12-27 12:25,39878648,12646838,2.5987,0.93841,3.619,0.69377
2021-12-27 12:30,39829128,12663138,2.5721,0.93868,3.5798,1.1482
2021-12-27 12:35,39808310,12690983,2.5384,0.93814,3.5404,0.99261
2021-12-27 12:40,39779072,12712881,2.5142,0.93696,3.5145,0.70201
2021-12-27 12:45,39687881,12692978,2.5206,0.93755,3.5207,0.65182
2021-12-27 12:50,39660710,12645302,2.4891,0.9381,3.4792,1.1144
2021-12-27 12:55,39547457,12619630,2.5196,0.93749,3.5082,0.41853
2021-12-27 13:00,39523455,12587430,2.5318,0.93687,3.5333,0.53333
2021-12-27 13:05,39544076,12635833,2.5075,0.93656,3.5018,1.2855
2021-12-27 13:10,39646300,12664960,2.5067,0.93625,3.4979,0.85975
2021-12-27 13:15,39596859,12615449,2.5043,0.93665,3.4924,0.56924
2021-12-27 13:20,39568620,12639658,2.4772,0.93655,3.4645,0.77946
2021-12-27 13:25,39647101,12670661,2.4674,0.93656,3.444,2.0346
2021-12-27 13:30,39543592,12683160,2.4612,0.93601,3.4328,1.1756
2021-12-27 13:35,39497025,12664753,2.4757,0.93468,3.4537,0.55812
2021-12-27 13:40,39504510,12652504,2.4799,0.93396,3.4621,0.28017
2021-12-27 13:45,39478475,12659125,2.4778,0.93468,3.457,0.70264
2021-12-27 13:50,39410456,12689379,2.4444,0.93452,3.4161,1.9679
2021-12-27 13:55,39373822,12680659,2.4659,0.93408,3.4532,0.59274
2021-12-27 14:00,39456398,12720348,2.4635,0.93258,3.4401,0.56857
2021-12-27 14:05,39416478,12727868,2.4642,0.93239,3.449,0.81275
2021-12-27 14:10,39260384,12669848,2.4541,0.93113,3.465,0.73857
2021-12-27 14:15,39324404,12704030,2.451,0.93204,3.4622,0.51405
2021-12-27 14:20,39364064,12710854,2.447,0.9324,3.4638,0.55649
2021-12-27 14:25,39412235,12713462,2.4568,0.9341,3.4612,0.62838
2021-12-27 14:30,39295242,12630237,2.4961,0.93226,3.5261,0.35962
2021-12-27 14:35,39435932,12706707,2.4702,0.92989,3.5313,1.1115
2021-12-27 14:40,39502250,12723637,2.4737,0.9306,3.5418,0.40327
2021-12-27 14:45,39648790,12780482,2.4589,0.93017,3.519,0.55333
2021-12-27 14:50,39610967,12779686,2.4873,0.92986,3.5506,0.72393
2021-12-27 14:55,39606149,12737966,2.5032,0.92974,3.5797,0.44811
2021-12-27 15:00,39591142,12724176,2.5028,0.92983,3.5689,0.70734
2021-12-27 15:05,39655874,12756884,2.5151,0.93106,3.5751,0.65721
2021-12-27 15:10,39634222,12768252,2.5169,0.93042,3.5849,0.47173
2021-12-27 15:15,39778433,12814225,2.4989,0.9306,3.5638,0.344
2021-12-27 15:20,39778337,12808283,2.4888,0.93028,3.5512,0.7997
2021-12-27 15:25,39819959,12823620,2.4902,0.92935,3.5483,1.4602
2021-12-27 15:30,39760515,12835486,2.4807,0.92779,3.5502,1.5839
2021-12-27 15:35,39669083,12802001,2.5088,0.9291,3.5761,0.75995
2021-12-27 15:40,39680383,12786210,2.4968,0.92955,3.5551,0.58175
2021-12-27 15:45,39665345,12799068,2.5113,0.92932,3.5631,1.0481
2021-12-27 15:50,39640386,12805255,2.5095,0.92703,3.5607,1.4021
2021-12-27 15:55,39585505,12784896,2.5039,0.9261,3.5568,0.86286
2021-12-27 16:00,39530157,12768813,2.5113,0.926,3.5701,0.80021
2021-12-27 16:05,39548216,12782379,2.4695,0.92592,3.5194,0.96388
2021-12-27 16:10,39384658,12722232,2.5128,0.92544,3.5614,0.64434
2021-12-27 16:15,39435330,12740867,2.5078,0.92543,3.555,0.66915
2021-12-27 16:20,39485130,12771262,2.4687,0.9255,3.5039,0.96049
2021-12-27 16:25,39306182,12673671,2.4922,0.92535,3.5265,0.26124
2021-12-27 16:30,39207956,12649997,2.4897,0.92581,3.5084,0.4867
2021-12-27 16:35,39156504,12629794,2.4752,0.92572,3.497,0.54629
2021-12-27 16:40,39097385,12621538,2.4805,0.92681,3.4967,0.79898
2021-12-27 16:45,39125220,12658524,2.4281,0.92679,3.4352,1.9969
2021-12-27 16:50,39160149,12674574,2.4391,0.92764,3.4423,0.71846
2021-12-27 16:55,39157809,12687026,2.4239,0.92638,3.4211,1.1801
2021-12-27 17:00,39194694,12707970,2.4136,0.92741,3.4094,1.8383
2021-12-27 17:05,39193658,12684265,2.4128,0.92679,3.3974,0.4173
2021-12-27 17:10,39124018,12655899,2.4259,0.92824,3.4136,0.68832
2021-12-27 17:15,39139750,12697900,2.3937,0.92771,3.3818,1.3648
2021-12-27 17:20,39116674,12684111,2.4188,0.92874,3.4102,1.1044
2021-12-27 17:25,39039146,12652222,2.4171,0.92744,3.4064,0.83745
2021-12-27 17:30,38898504,12605838,2.4294,0.92905,3.4231,1.681
2021-12-27 17:35,38946808,12644460,2.4199,0.9276,3.4144,1.5213
2021-12-27 17:40,39072427,12672961,2.4382,0.92761,3.4248,1.3036
2021-12-27 17:45,39048823,12656064,2.4399,0.92656,3.4309,1.0253
2021-12-27 17:50,39145728,12687734,2.4273,0.92559,3.4173,2.1623
2021-12-27 17:55,39080953,12681933,2.451,0.92622,3.4423,0.45535
2021-12-27 18:00,39054807,12674046,2.4513,0.92596,3.4447,0.75919
2021-12-27 18:05,38969873,12657880,2.4253,0.92753,3.4104,1.8513
2021-12-27 18:10,38926290,12648709,2.4233,0.92851,3.4069,0.74734
2021-12-27 18:15,38767693,12588748,2.4396,0.92852,3.4193,0.5385
2021-12-27 18:20,38628896,12522431,2.4682,0.93016,3.4575,0.44707
2021-12-27 18:25,38551560,12486194,2.4642,0.93049,3.4393,0.48705
2021-12-27 18:30,38518515,12470541,2.4716,0.93015,3.4476,0.54645
2021-12-27 18:35,38518358,12486881,2.4437,0.93081,3.42,0.99994
2021-12-27 18:40,38433668,12483283,2.4297,0.92948,3.4184,0.68039
2021-12-27 18:45,38420674,12466990,2.4102,0.93007,3.4026,0.65515
2021-12-27 18:50,38409555,12462468,2.4047,0.93007,3.3926,0.46696
2021-12-27 18:55,38360079,12457974,2.4101,0.93009,3.3897,0.92019
2021-12-27 19:00,38316362,12441716,2.4326,0.93154,3.3994,0.43611
2021-12-27 19:05,38361226,12488156,2.3863,0.93237,3.3584,1.9641
2021-12-27 19:10,38337486,12463517,2.398,0.93319,3.3733,0.55441
2021-12-27 19:15,38346467,12461451,2.4164,0.93292,3.3849,0.28452
2021-12-27 19:20,38287891,12418752,2.4286,0.93414,3.3903,0.43813
2021-12-27 19:25,38188965,12378912,2.4074,0.933,3.3552,2.1516
2021-12-27 19:30,37853881,12210896,2.4507,0.93288,3.3864,0.25239
2021-12-27 19:35,37626827,12100570,2.4385,0.93536,3.3567,0.25651
2021-12-27 19:40,37513417,12098995,2.4182,0.93469,3.3508,0.84986
2021-12-27 19:45,37484327,12090718,2.4249,0.93502,3.3585,0.71809
2021-12-27 19:50,37494074,12131415,2.4185,0.93526,3.3525,0.57173
2021-12-27 19:55,37448482,12078321,2.3997,0.93496,3.3251,0.94824
2021-12-27 20:00,37305218,12041987,2.3987,0.93527,3.3216,0.49941
2021-12-27 20:05,37264879,12053947,2.416,0.93584,3.3323,0.45859
2021-12-27 20:10,37207567,12047408,2.422,0.93568,3.3435,0.66931
2021-12-27 20:15,37160853,12066188,2.3905,0.93649,3.3124,1.5395
2021-12-27 20:20,37134983,12045556,2.3755,0.93661,3.2832,0.74344
2021-12-27 20:25,37121519,12061164,2.3661,0.93757,3.272,0.8953
2021-12-27 20:30,37257425,12060698,2.3647,0.93837,3.2705,0.27197
2021-12-27 20:35,37202069,12081136,2.3676,0.93841,3.2707,0.55687
2021-12-27 20:40,37105287,11962304,2.3903,0.93703,3.2879,0.24926
2021-12-27 20:45,37061145,11909831,2.3802,0.93675,3.2714,1.0817
2021-12-27 20:50,37120130,11971843,2.3539,0.93732,3.2512,0.88257
2021-12-27 20:55,37092162,11995234,2.3518,0.9378,3.2488,0.72499
2021-12-27 21:00,37086250,12004058,2.3646,0.93817,3.2546,0.76379
2021-12-27 21:05,37113722,12050691,2.3424,0.93912,3.2272,1.0258
2021-12-27 21:10,37075074,12053848,2.3499,0.93905,3.2299,0.95759
2021-12-27 21:15,37126066,12064694,2.3453,0.93905,3.2173,0.87647
2021-12-27 21:20,37044211,12014519,2.36,0.93878,3.2248,0.56832
2021-12-27 21:25,37077764,12054352,2.3388,0.93887,3.2028,1.7208
2021-12-27 21:30,37120519,12044323,2.3602,0.93843,3.2312,0.99308
2021-12-27 21:35,37084421,12017207,2.3631,0.93827,3.2381,0.45349
2021-12-27 21:40,36972425,11979805,2.3841,0.93769,3.2583,0.11891
2021-12-27 21:45,36968001,11963925,2.3885,0.9381,3.2597,1.0788
2021-12-27 21:50,36911436,11931158,2.3807,0.93786,3.2518,0.96723
2021-12-27 21:55,36780288,11824479,2.4059,0.9368,3.2935,0.48369
2021-12-27 22:00,36700564,11823395,2.3765,0.93638,3.2602,1.5925
2021-12-27 22:05,36728657,11846213,2.3571,0.93542,3.2397,0.58674
2021-12-27 22:10,36694091,11851305,2.3482,0.93671,3.2172,1.7528
2021-12-27 22:15,36711824,11864527,2.3395,0.93613,3.2142,1.2355
2021-12-27 22:20,36731670,11862368,2.3515,0.93598,3.2264,0.42522
2021-12-27 22:25,36726845,11870484,2.3475,0.93596,3.2194,1.5114
2021-12-27 22:30,36745521,11833367,2.3551,0.93685,3.2173,0.78499
2021-12-27 22:35,36583369,11737237,2.3879,0.93634,3.2686,0.50189
2021-12-27 22:40,36226054,11531280,2.4274,0.9388,3.2707,0.45671
2021-12-27 22:45,36129672,11437511,2.4209,0.94003,3.2502,0.48258
2021-12-27 22:50,35089833,11100011,2.3484,0.94259,3.0941,0.66663
2021-12-27 22:55,35099834,11090902,2.3452,0.94229,3.0941,1.1134
2021-12-27 23:00,35115541,11121686,2.3435,0.94231,3.0869,1.55
2021-12-27 23:05,35079362,11058603,2.3866,0.94303,3.1259,0.47169
2021-12-27 23:10,35051637,11086346,2.3856,0.94053,3.1317,1.4822
2021-12-27 23:15,35024993,11069890,2.3719,0.9395,3.1245,1.2015
2021-12-27 23:20,34787962,10944989,2.3908,0.93854,3.145,0.57228
2021-12-27 23:25,34905372,10995890,2.3646,0.93856,3.1106,1.3873
2021-12-27 23:30,34901945,10995858,2.3686,0.93788,3.1197,1.0354
2021-12-27 23:35,35009438,10986606,2.3895,0.93679,3.1467,0.48044
2021-12-27 23:40,35027933,10984410,2.3922,0.93768,3.1459,1.1739
2021-12-27 23:45,34911137,10978505,2.3936,0.93764,3.1453,0.86273
2021-12-27 23:50,34855836,10952564,2.3888,0.93672,3.1487,0.79198
2021-12-27 23:55,34748582,10886383,2.382,0.93669,3.1362,1.3675
2021-12-28 00:00,34702037,10892275,2.3874,0.93608,3.1448,0.68234
2021-12-28 00:05,34181263,10640969,2.5111,0.93623,3.2513,0.46771
2021-12-28 00:10,33747630,10441405,2.5464,0.93989,3.2742,0.50918
2021-12-28 00:15,33270215,10248890,2.5847,0.93296,3.2953,0.74147
2021-12-28 00:20,33292778,10287939,2.5582,0.93325,3.2685,0.80409
2021-12-28 00:25,33232083,10250404,2.5463,0.93183,3.2479,0.98645
2021-12-28 00:30,33179092,10291823,2.5329,0.93096,3.2312,1.5473
2021-12-28 00:35,32994395,10135865,2.5548,0.93094,3.2514,0.52175
2021-12-28 00:40,32888654,10138815,2.5308,0.92989,3.2267,0.91797
2021-12-28 00:45,32841804,10152387,2.4941,0.93001,3.1864,1.249
2021-12-28 00:50,32835066,10205481,2.4678,0.92955,3.1794,1.8268
2021-12-28 00:55,32856489,10214180,2.483,0.93048,3.1881,1.4222
2021-12-28 01:00,32899339,10240502,2.4783,0.93095,3.1923,0.78917
2021-12-28 01:05,32970926,10218679,2.4909,0.93091,3.2046,0.76341
2021-12-28 01:10,32973262,10260869,2.4741,0.93053,3.1853,1.1961
2021-12-28 01:15,33046520,10227898,2.5012,0.93011,3.2121,1.053
2021-12-28 01:20,33059604,10232986,2.5079,0.92887,3.2174,1.5206
2021-12-28 01:25,32938855,10166789,2.5163,0.92811,3.231,0.47375
2021-12-28 01:30,32926208,10207630,2.5036,0.92883,3.2178,1.0891
2021-12-28 01:35,32856254,10140336,2.5024,0.9281,3.2148,0.74385
2021-12-28 01:40,32831926,10109935,2.5135,0.92785,3.2254,0.52229
2021-12-28 01:45,32857381,10127959,2.5689,0.92563,3.2809,0.94496
2021-12-28 01:50,32870808,10151163,2.5989,0.92455,3.317,0.64077
2021-12-28 01:55,33006695,10202699,2.5752,0.925,3.2898,0.79801
2021-12-28 02:00,33078769,10209740,2.5936,0.92444,3.3096,1.1857
2021-12-28 02:05,33137504,10244791,2.5844,0.92286,3.3033,0.98739
2021-12-28 02:10,33172032,10244850,2.5564,0.92447,3.279,1.6037
2021-12-28 02:15,33291190,10317118,2.5425,0.92273,3.2674,2.6305
2021-12-28 02:20,33316367,10258816,2.5847,0.92055,3.3152,1.5326
2021-12-28 02:25,33326939,10260704,2.5984,0.91963,3.3257,0.92203
2021-12-28 02:30,33383995,10271254,2.6034,0.91842,3.3371,1.9078
2021-12-28 02:35,33373341,10230598,2.621,0.91837,3.3476,0.83426
2021-12-28 02:40,33354519,10253744,2.5861,0.91753,3.3187,1.0706
2021-12-28 02:45,33365571,10282440,2.5688,0.91628,3.3037,0.83432
2021-12-28 02:50,33372060,10223197,2.5944,0.9166,3.3192,0.40987
2021-12-28 02:55,33323956,10212337,2.6227,0.91623,3.3352,0.36872
2021-12-28 03:00,33359135,10236690,2.6315,0.91579,3.3533,0.831
2021-12-28 03:05,33340136,10196080,2.6321,0.91574,3.3453,0.88755
2021-12-28 03:10,33200300,10127109,2.6186,0.91584,3.3067,0.45667
2021-12-28 03:15,32824473,9949459.2,2.6822,0.91563,3.3305,0.62582
2021-12-28 03:20,32862058,9996638,2.6912,0.91535,3.3386,1.4588
2021-12-28 03:25,32881531,10000260,2.699,0.91394,3.3487,1.2006
2021-12-28 03:30,32849941,9982440.1,2.697,0.91292,3.346,0.86902
2021-12-28 03:35,32843750,9952821.9,2.6951,0.91331,3.3477,0.40179
2021-12-28 03:40,32975660,10053949,2.6912,0.91345,3.354,1.9858
2021-12-28 03:45,32887336,10035242,2.6811,0.91311,3.3484,2.0267
2021-12-28 03:50,32900666,10016576,2.6926,0.91282,3.3627,0.93331
2021-12-28 03:55,32972931,10057403,2.6763,0.91196,3.3395,1.2594
2021-12-28 04:00,33034409,10092673,2.6129,0.91157,3.2873,1.6496
2021-12-28 04:05,33096983,10073067,2.6392,0.91182,3.3148,0.67761
2021-12-28 04:10,33156538,10110510,2.6409,0.91184,3.3129,1.6051
2021-12-28 04:15,33233563,10099015,2.643,0.91132,3.3153,1.253
2021-12-28 04:20,32033581,9581564.4,2.7023,0.9103,3.2635,0.43138
2021-12-28 04:25,31935297,9504263.7,2.715,0.90964,3.2731,0.82844
2021-12-28 04:30,32003371,9553124.7,2.7165,0.91052,3.2684,0.54908
2021-12-28 04:35,31856197,9518088.2,2.6846,0.91118,3.2455,0.57433
2021-12-28 04:40,31938997,9572375.5,2.7213,0.91253,3.2836,0.46999
2021-12-28 04:45,31882114,9584658.1,2.7272,0.91282,3.2923,1.1349
2021-12-28 04:50,31760105,9567637.6,2.682,0.91306,3.2496,2.1479
2021-12-28 04:55,31909357,9609773.8,2.6939,0.91291,3.2671,0.79433
2021-12-28 05:00,31963132,9610035.3,2.6817,0.91212,3.2567,0.90485
2021-12-28 05:05,32052516,9666718.3,2.6945,0.91223,3.2648,0.49053
2021-12-28 05:10,32046366,9652045,2.7357,0.91176,3.3086,0.51681
2021-12-28 05:15,32119678,9676053,2.7084,0.91198,3.2771,0.60508
2021-12-28 05:20,32030107,9651620.6,2.6987,0.91165,3.2692,1.6845
2021-12-28 05:25,32067472,9622879.1,2.7383,0.9128,3.3124,0.77692
2021-12-28 05:30,32072355,9590874.7,2.706,0.91181,3.2845,0.85106
2021-12-28 05:35,32134696,9646069,2.6992,0.91239,3.2856,0.78302
2021-12-28 05:40,32109717,9654323.6,2.7048,0.91303,3.3036,1.5279
2021-12-28 05:45,31975089,9629261.3,2.6969,0.91264,3.3051,0.48945
2021-12-28 05:50,31868010,9636197.9,2.6747,0.91187,3.2916,0.90253
2021-12-28 05:55,31782415,9635563.4,2.6742,0.911,3.3048,0.98357
2021-12-28 06:00,31713145,9613082.6,2.6742,0.91083,3.3119,0.70839
2021-12-28 06:05,31620552,9588243.1,2.6534,0.90888,3.2904,1.5112
2021-12-28 06:10,31571706,9549632.8,2.6523,0.90796,3.2832,0.94966
2021-12-28 06:15,31644305,9572402.3,2.656,0.90737,3.2845,2.7048
2021-12-28 06:20,31668974,9604321.3,2.6882,0.90711,3.3189,2.9449
2021-12-28 06:25,31723801,9641497.6,2.6849,0.90794,3.29,3.1465
2021-12-28 06:30,31782735,9657966.8,2.6794,0.9078,3.2834,1.9615
2021-12-28 06:35,31796222,9675221.8,2.7001,0.90796,3.307,0.73351
2021-12-28 06:40,31856867,9695000.3,2.7127,0.90853,3.3213,1.3923
2021-12-28 06:45,31845014,9664643.3,2.7051,0.90859,3.3175,0.18865
2021-12-28 06:50,31810825,9642815.4,2.6904,0.90806,3.3998,1.1021
2021-12-28 06:55,31852125,9618363.3,2.7104,0.90861,3.4215,0.64319
2021-12-28 07:00,31778423,9611818.1,2.6957,0.90838,3.402,1.4226
2021-12-28 07:05,31751839,9617103.4,2.6843,0.90742,3.3847,0.93189
2021-12-28 07:10,31735780,9638309,2.7113,0.90693,3.4182,2.0267
2021-12-28 07:15,31714889,9607391.3,2.718,0.90566,3.4233,1.1337
2021-12-28 07:20,31790635,9621343.5,2.6884,0.9053,3.3954,1.4539
2021-12-28 07:25,31796436,9599662,2.6675,0.90451,3.3733,1.1053
2021-12-28 07:30,31846674,9633154.9,2.6621,0.90499,3.3666,0.62212
2021-12-28 07:35,31895984,9638009.5,2.6914,0.90553,3.3946,0.1898
2021-12-28 07:40,31792455,9592419.5,2.699,0.9052,3.4033,0.16545
2021-12-28 07:45,31762019,9581290.3,2.7177,0.90437,3.4271,0.89144
2021-12-28 07:50,31685306,9589334.5,2.7038,0.90514,3.4141,0.88953
2021-12-28 07:55,31656075,9593318.1,2.6926,0.90525,3.407,0.70309
2021-12-28 08:00,31680024,9593393.7,2.6797,0.90453,3.3972,0.99987
2021-12-28 08:05,31662951,9550179.3,2.7053,0.90483,3.4215,0.76958
2021-12-28 08:10,31681285,9581371,2.6958,0.90418,3.4151,2.8699
2021-12-28 08:15,31535716,9589608.8,2.6586,0.90625,3.3717,0.69946
2021-12-28 08:20,31470061,9576468.9,2.6552,0.90473,3.3785,0.94695
2021-12-28 08:25,31555035,9606126.7,2.6466,0.90403,3.3716,1.9232
2021-12-28 08:30,31580327,9609272,2.65,0.90304,3.3813,2.5591
2021-12-28 08:35,31621357,9615588.6,2.6635,0.90368,3.3877,1.5499
2021-12-28 08:40,31740762,9650461.3,2.6638,0.90271,3.3885,1.7729
2021-12-28 08:45,31789667,9666284,2.6933,0.90253,3.4137,0.88319
2021-12-28 08:50,31840660,9690406.5,2.7,0.90333,3.4216,1.344
2021-12-28 08:55,31881760,9693050.7,2.6854,0.9033,3.4167,1.2688
2021-12-28 09:00,31980675,9730518.5,2.6449,0.90178,3.3795,1.4361
2021-12-28 09:05,32030910,9744750.6,2.6498,0.902,3.3815,1.1193
2021-12-28 09:10,32110734,9783504.5,2.6641,0.90206,3.3928,1.4959
2021-12-28 09:15,32179327,9782837.2,2.6578,0.9025,3.3917,0.97466
2021-12-28 09:20,32188339,9767770.4,2.6733,0.90215,3.4071,0.66323
2021-12-28 09:25,32257699,9796447.1,2.6661,0.90139,3.406,1.4417
2021-12-28 09:30,32248666,9799079.7,2.6506,0.90172,3.384,0.86413
2021-12-28 09:35,32287345,9809876,2.6081,0.90138,3.3213,0.50988
2021-12-28 09:40,32345862,9825567,2.6002,0.90259,3.2423,1.057
2021-12-28 09:45,32347353,9787338.6,2.62,0.90256,3.2612,0.74925
2021-12-28 09:50,32333248,9788755.7,2.6056,0.90285,3.2425,0.87697
2021-12-28 09:55,32320755,9744384.4,2.62,0.90234,3.2551,0.38458
2021-12-28 10:00,32314985,9746522.6,2.608,0.90263,3.2509,0.3411
2021-12-28 10:05,32361750,9798209.1,2.5976,0.90209,3.2465,1.2858
2021-12-28 10:10,32438754,9786091.5,2.6084,0.90349,3.2627,0.46051
2021-12-28 10:15,32357419,9742495,2.5809,0.90306,3.2195,0.77902
2021-12-28 10:20,32327888,9753128.5,2.6073,0.90398,3.2476,1.1343
2021-12-28 10:25,32286325,9752541.3,2.5686,0.90436,3.2083,0.42826
2021-12-28 10:30,32234543,9754295.5,2.5857,0.90453,3.2262,1.0508
2021-12-28 10:35,32147080,9742578.6,2.5775,0.90434,3.2162,0.43923
2021-12-28 10:40,32032434,9693057.8,2.5839,0.90426,3.2204,0.68173
2021-12-28 10:45,31957331,9689264,2.568,0.90542,3.2058,0.80996
2021-12-28 10:50,31839428,9652843.1,2.5561,0.90512,3.1837,0.90321
2021-12-28 10:55,31769163,9641045.1,2.5769,0.90434,3.2057,2.2291
2021-12-28 11:00,31651435,9594875.8,2.5903,0.90387,3.2203,0.93625
2021-12-28 11:05,31595242,9579677.4,2.5563,0.90358,3.1858,1.5222
2021-12-28 11:10,31607077,9556727.2,2.5665,0.90395,3.2095,0.62256
2021-12-28 11:15,31568727,9550171.3,2.5657,0.90461,3.2032,1.191
2021-12-28 11:20,31597947,9582333.1,2.5644,0.90369,3.2045,3.6421
2021-12-28 11:25,31520977,9592859.9,2.5436,0.90449,3.1556,1.6507
2021-12-28 11:30,31484511,9569426.5,2.5482,0.90493,3.1636,0.6627
2021-12-28 11:35,31514914,9607321.5,2.5655,0.90486,3.1771,1.14
2021-12-28 11:40,31519809,9594460.3,2.568,0.90521,3.1739,1.0713
2021-12-28 11:45,31507212,9571495.6,2.5838,0.90464,3.1902,1.2709
2021-12-28 11:50,31517527,9587494,2.615,0.90526,3.2116,1.2021
2021-12-28 11:55,31503941,9589169.6,2.6162,0.90548,3.2082,0.80896
2021-12-28 12:00,31494003,9595429.1,2.6035,0.90496,3.1892,2.3217
2021-12-28 12:05,31517363,9598743.7,2.6178,0.90466,3.2019,1.1475
2021-12-28 12:10,31492184,9572138.8,2.637,0.90421,3.2189,1.7895
2021-12-28 12:15,31474262,9551289.7,2.6205,0.90418,3.214,0.61675
2021-12-28 12:20,31421497,9567438.9,2.6113,0.90276,3.2108,1.7679
2021-12-28 12:25,31424285,9559909.8,2.6291,0.9029,3.2313,1.4851
2021-12-28 12:30,31481788,9591587.8,2.6233,0.9027,3.2201,1.1853
2021-12-28 12:35,31467627,9602031.7,2.6123,0.90237,3.1829,1.4825
2021-12-28 12:40,31465010,9587325.6,2.6262,0.90352,3.1977,0.59587
2021-12-28 12:45,31453770,9555340.8,2.6415,0.90395,3.2136,0.55647
2021-12-28 12:50,31547189,9590183.3,2.6134,0.90387,3.1844,0.4798
2021-12-28 12:55,31522410,9577397.1,2.5919,0.90317,3.168,0.94617
2021-12-28 13:00,31504627,9544911.8,2.5897,0.90123,3.1577,0.72643
2021-12-28 13:05,31523030,9571730.4,2.5899,0.90026,3.1837,1.0355
2021-12-28 13:10,31627495,9593709.7,2.5649,0.89767,3.1669,0.64968
2021-12-28 13:15,31627815,9585441.9,2.596,0.89752,3.2079,0.95282
2021-12-28 13:20,31503388,9550070.3,2.5879,0.8985,3.1779,0.81138
2021-12-28 13:25,31627166,9569623.9,2.5824,0.89958,3.1604,0.6023
2021-12-28 13:30,31695979,9605947.6,2.566,0.89857,3.1373,0.79952
2021-12-28 13:35,31646250,9586467.8,2.5812,0.89892,3.1459,0.95026
2021-12-28 13:40,31659144,9595570,2.5858,0.89926,3.1516,1.2742
2021-12-28 13:45,31623869,9602815.5,2.5802,0.89903,3.1507,1.7448
2021-12-28 13:50,31616237,9582881.4,2.5844,0.89944,3.1613,0.6815
2021-12-28 13:55,31640068,9575672.9,2.589,0.89907,3.1627,0.88984
2021-12-28 14:00,31628535,9535677.8,2.6124,0.9005,3.1621,0.56995
2021-12-28 14:05,31345762,9383980.8,2.6452,0.89779,3.1761,0.50792
2021-12-28 14:10,31389110,9392660.7,2.6532,0.89851,3.1877,1.9078
2021-12-28 14:15,31395322,9414530.9,2.6454,0.89922,3.1915,1.423
2021-12-28 14:20,31500766,9458105,2.6372,0.89916,3.1942,0.93029
2021-12-28 14:25,31580542,9520471,2.6371,0.89992,3.202,1.0092
2021-12-28 14:30,31633569,9547061.4,2.6255,0.8994,3.1925,1.3526
2021-12-28 14:35,31625458,9515966.9,2.6165,0.89959,3.1881,2.1357
2021-12-28 14:40,30899696,9175612.5,2.6289,0.9037,3.1683,0.42169
2021-12-28 14:45,30959378,9264860.1,2.5309,0.90456,3.1074,0.99926
2021-12-28 14:50,30955510,9247958.6,2.54,0.9044,3.1271,1.5033
2021-12-28 14:55,31023457,9256186.6,2.5495,0.90465,3.1305,0.49675
2021-12-28 15:00,31123975,9297365.6,2.5649,0.90475,3.1522,0.85887
2021-12-28 15:05,31217774,9376388.3,2.5425,0.90326,3.1693,1.257
2021-12-28 15:10,31213644,9304799.1,2.5714,0.90294,3.1919,0.33529
2021-12-28 15:15,31099250,9277310.3,2.5847,0.90127,3.2033,0.97938
2021-12-28 15:20,31072091,9243739.5,2.6109,0.90177,3.2187,1.2565
2021-12-28 15:25,31093426,9255929.6,2.6109,0.90116,3.2227,0.63264
2021-12-28 15:30,31134066,9295698.1,2.6049,0.90093,3.2409,0.49688
2021-12-28 15:35,31117262,9307088.4,2.5927,0.90058,3.2195,1.18
2021-12-28 15:40,31178538,9326794.3,2.5734,0.90192,3.1984,0.95811
2021-12-28 15:45,31152841,9277004.5,2.6002,0.90083,3.2275,0.77337
2021-12-28 15:50,31187171,9291210.6,2.6163,0.90019,3.2472,0.44354
2021-12-28 15:55,31086764,9276601.2,2.6177,0.89773,3.2594,1.3214
2021-12-28 16:00,31039447,9279929,2.5986,0.8977,3.2304,1.0635
2021-12-28 16:05,31003146,9221885.8,2.5919,0.89826,3.2226,0.88814
2021-12-28 16:10,31107311,9208311.2,2.5875,0.8992,3.2134,0.45933
2021-12-28 16:15,31113129,9188224.7,2.5744,0.8983,3.191,0.81821
2021-12-28 16:20,31183972,9217358.4,2.5538,0.89898,3.1757,0.7464
2021-12-28 16:25,30886428,9030227.3,2.6023,0.89517,3.2508,0.59359
2021-12-28 16:30,30949718,9105369,2.5886,0.89366,3.2333,0.66188
2021-12-28 16:35,31157482,9185292.7,2.5496,0.89575,3.1847,2.1109
2021-12-28 16:40,31111817,9183241.7,2.5708,0.89511,3.2163,0.7918
2021-12-28 16:45,31127965,9173411.3,2.5824,0.89515,3.2298,0.95095
2021-12-28 16:50,31207449,9219304.6,2.607,0.89636,3.2553,0.97766
2021-12-28 16:55,31323583,9266091,2.5845,0.89621,3.247,0.55496
2021-12-28 17:00,31378111,9292920.3,2.5854,0.89759,3.2504,0.72328
2021-12-28 17:05,31417601,9283028.9,2.6369,0.89761,3.3088,0.49953
2021-12-28 17:10,31421538,9242236.3,2.6079,0.89863,3.2746,1.3568
2021-12-28 17:15,31347718,9169521,2.6163,0.89918,3.2736,0.71281
2021-12-28 17:20,31232812,9108112.6,2.6902,0.89942,3.3336,0.64205
2021-12-28 17:25,31173106,9106386.2,2.6918,0.8989,3.34,0.7836
2021-12-28 17:30,30876308,8940114.3,2.7233,0.90034,3.3267,0.39738
2021-12-28 17:35,30518395,8730066.1,2.7792,0.90079,3.3533,0.76455
2021-12-28 17:40,30587458,8763918.5,2.7925,0.90245,3.3706,0.49417
2021-12-28 17:45,30601309,8800110.5,2.7969,0.90242,3.3865,1.2267
2021-12-28 17:50,30679681,8800773.3,2.7685,0.90233,3.3306,0.87121
2021-12-28 17:55,30749371,8832301.4,2.7675,0.90312,3.3297,0.77763
2021-12-28 18:00,31223927,8976754.4,2.8,0.91176,3.3592,0.43725
2021-12-28 18:05,31382336,8947674.5,2.8048,0.91482,3.3553,0.58251
2021-12-28 18:10,31459832,8927934.4,2.7854,0.9163,3.3389,0.58032
2021-12-28 18:15,31582366,8977547.1,2.8439,0.91733,3.4104,1.2521
2021-12-28 18:20,31971306,9081769.2,2.8439,0.9207,3.4097,0.4072
2021-12-28 18:25,31895739,9042209.2,2.8535,0.92113,3.4189,1.0157
2021-12-28 18:30,31959958,9102170.2,2.7998,0.92191,3.3601,0.88161
2021-12-28 18:35,31976472,9111375.9,2.7799,0.92434,3.3361,1.022
2021-12-28 18:40,31912056,9075788.7,2.7386,0.9247,3.2857,0.59845
2021-12-28 18:45,32011107,9129658.6,2.7158,0.92434,3.2385,0.99801
2021-12-28 18:50,31754870,9007318.4,2.7116,0.92386,3.2397,0.71914
2021-12-28 18:55,31548381,8914931.4,2.759,0.92387,3.2727,0.67774
2021-12-28 19:00,31632056,8985718.1,2.7374,0.92368,3.2649,0.89619
2021-12-28 19:05,31508858,8880457.8,2.8122,0.92253,3.3322,0.67283
2021-12-28 19:10,31487843,8890891.9,2.8219,0.92454,3.3128,1.2729
2021-12-28 19:15,31746216,8901837.7,2.8324,0.92768,3.3328,0.7883
2021-12-28 19:20,31854085,8929912.7,2.8661,0.92533,3.3747,0.75001
2021-12-28 19:25,31973375,9043349.4,2.8464,0.92544,3.3913,0.73811
2021-12-28 19:30,31867968,8956191.9,2.8377,0.92299,3.4167,0.81673
2021-12-28 19:35,31963514,9034274.7,2.7954,0.9187,3.4048,1.0906
2021-12-28 19:40,31931216,9030433,2.8551,0.91695,3.4591,0.65354
2021-12-28 19:45,31885618,9046587.5,2.8198,0.91537,3.4388,2.1557
2021-12-28 19:50,31760375,9043397.4,2.881,0.9148,3.517,1.2468
2021-12-28 19:55,31561748,8998557,2.8876,0.91393,3.5319,2.6963
2021-12-28 20:00,31338073,8903832.5,2.8808,0.9135,3.5174,0.88925
2021-12-28 20:05,31110314,8823507.3,2.9082,0.91269,3.532,1.1199
2021-12-28 20:10,30987833,8815953,2.8828,0.91167,3.514,1.6292
2021-12-28 20:15,30844670,8798442.1,2.8909,0.91013,3.5286,0.81704
2021-12-28 20:20,30680970,8783909.6,2.8899,0.90703,3.5505,2.1876
2021-12-28 20:25,30656320,8792755.6,2.9281,0.90673,3.6237,0.90735
2021-12-28 20:30,30564822,8766602.2,2.9029,0.90478,3.6038,1.9559
2021-12-28 20:35,30463560,8756750.3,2.9228,0.90239,3.6415,1.8841
2021-12-28 20:40,30502442,8790803.8,2.9228,0.90131,3.6476,1.1749
2021-12-28 20:45,30329885,8788387.5,2.8602,0.90022,3.6004,1.6259
2021-12-28 20:50,30275644,8791963.2,2.8302,0.89736,3.5737,1.2843
2021-12-28 20:55,30181761,8791922.5,2.7577,0.89714,3.503,0.8943
2021-12-28 21:00,30002776,8692104.2,2.7643,0.8935,3.5078,0.67594
2021-12-28 21:05,30031567,8665371.7,2.7779,0.89434,3.4875,0.53693
2021-12-28 21:10,30178428,8735122.1,2.7769,0.89364,3.4944,1.6699
2021-12-28 21:15,30250232,8738000.6,2.7416,0.89403,3.4538,0.9052
2021-12-28 21:20,30408192,8823720.8,2.7402,0.89388,3.4433,1.376
2021-12-28 21:25,30467623,8808190.1,2.7608,0.89357,3.4691,0.82406
2021-12-28 21:30,30443717,8811933.9,2.7328,0.89284,3.4327,0.54372
2021-12-28 21:35,30329272,8805497.5,2.6999,0.89314,3.3924,1.1083
2021-12-28 21:40,30331851,8836147.7,2.6676,0.8938,3.3453,1.3507
2021-12-28 21:45,30002911,8723951.2,2.6,0.89284,3.2656,1.1579
2021-12-28 21:50,29969367,8685422.3,2.6334,0.89251,3.2968,0.81748
2021-12-28 21:55,29891554,8750453.5,2.66,0.89116,3.3314,1.1893
2021-12-28 22:00,29731787,8675735.7,2.6493,0.89146,3.3162,0.94933
2021-12-28 22:05,29941584,8744140.2,2.6416,0.89266,3.289,0.63191
2021-12-28 22:10,30096722,8797072.6,2.6261,0.8914,3.2833,0.66936
2021-12-28 22:15,30106990,8724102.5,2.6276,0.89272,3.2816,0.58633
2021-12-28 22:20,30012269,8690352.6,2.6569,0.89327,3.3038,0.74629
2021-12-28 22:25,30034732,8670426.4,2.646,0.89425,3.2826,0.53382
2021-12-28 22:30,30051735,8633015.7,2.6086,0.89362,3.2299,0.36829
2021-12-28 22:35,30196088,8675365.4,2.5277,0.89438,3.1387,0.94524
2021-12-28 22:40,30260310,8675025.7,2.6139,0.89508,3.2294,0.3121
2021-12-28 22:45,30257067,8726519.4,2.6275,0.89336,3.2648,1.6511
2021-12-28 22:50,30542050,8861151.8,2.581,0.88499,3.2264,1.3462
2021-12-28 22:55,30548004,8968894,2.5306,0.88555,3.182,0.93216
2021-12-28 23:00,30672126,8994256.5,2.5308,0.88505,3.1862,0.89505
2021-12-28 23:05,30836294,9003889.5,2.4882,0.88607,3.1293,0.43714
2021-12-28 23:10,30850140,9000530.5,2.4946,0.88612,3.1392,0.69125
2021-12-28 23:15,30846931,8990029.6,2.4689,0.88591,3.115,1.3161
2021-12-28 23:20,30961208,9029036.3,2.4986,0.88499,3.1558,0.93535
2021-12-28 23:25,31116006,9112209.4,2.4882,0.88581,3.1581,0.97967
2021-12-28 23:30,30907825,8999431.4,2.5118,0.88462,3.18,1.1734
2021-12-28 23:35,30990629,8996795,2.5488,0.88512,3.2134,0.50494
2021-12-28 23:40,31002692,9027673.9,2.5307,0.88627,3.1888,0.90002
2021-12-28 23:45,30990398,9031920.3,2.546,0.88586,3.2075,0.89552
2021-12-28 23:50,30984196,9002340.1,2.555,0.88505,3.2156,0.58239
2021-12-28 23:55,30741577,8895690.1,2.5392,0.89274,3.1933,0.73526
2021-12-29 00:00,31106371,9031743.5,2.4724,0.89488,3.1241,1.9119
2021-12-29 00:05,31034505,9023154.8,2.4804,0.89582,3.1439,0.89207
2021-12-29 00:10,31078832,9092276.4,2.5256,0.97914,3.16,1.2199
2021-12-29 00:15,30965623,9067044.1,2.5042,0.97832,3.1323,1.1735
2021-12-29 00:20,30756826,9007136.5,2.5056,0.97688,3.1432,0.76162
2021-12-29 00:25,30580698,8894089.3,2.5499,0.97559,3.1939,0.28654
2021-12-29 00:30,30520372,8876809.3,2.5398,0.9745,3.1975,0.70658
2021-12-29 00:35,30494777,8800389.8,2.5528,0.97402,3.2063,1.6238
2021-12-29 00:40,30367787,8718719.2,2.567,0.97483,3.2096,0.54816
2021-12-29 00:45,30549654,8808529.6,2.5591,0.9748,3.2005,0.87926
2021-12-29 00:50,30489908,8833453.2,2.5728,0.97594,3.2164,0.90333
2021-12-29 00:55,30553099,8899735.8,2.5421,0.97716,3.1789,1.0526
2021-12-29 01:00,30581551,8892503.4,2.5426,0.97818,3.179,0.55861
2021-12-29 01:05,30515285,8872605,2.5174,0.9792,3.1534,0.79168
2021-12-29 01:10,30434998,8889927.8,2.534,0.97897,3.1727,1.4434
2021-12-29 01:15,30503445,8893159.8,2.533,0.97939,3.1654,0.73026
2021-12-29 01:20,30448121,8917460.2,2.5146,0.98007,3.1513,1.4708
2021-12-29 01:25,30408108,8902060.3,2.5297,0.97964,3.1656,0.87939
2021-12-29 01:30,30277287,8829402.8,2.5217,0.97978,3.1593,0.53486
2021-12-29 01:35,30241359,8818597.1,2.5122,0.97951,3.1424,1.5801
2021-12-29 01:40,30239411,8826581.7,2.4967,0.97971,3.1195,0.66739
2021-12-29 01:45,30165284,8881400.8,2.4767,0.97834,3.1071,2.1332
2021-12-29 01:50,30059913,8817173.7,2.4675,0.97925,3.092,0.51121
2021-12-29 01:55,30047101,8794391.9,2.4511,0.97943,3.0722,1.1315
2021-12-29 02:00,30027203,8764935.2,2.4629,0.9793,3.0895,1.5797
2021-12-29 02:05,30079305,8802870.7,2.4415,0.97872,3.0756,0.95096
2021-12-29 02:10,30035941,8783768.6,2.4279,0.97824,3.0617,1.2425
2021-12-29 02:15,30025474,8799696,2.4551,0.97763,3.0896,2.4201
2021-12-29 02:20,30020750,8790347.6,2.4583,0.97782,3.1011,1.3858
2021-12-29 02:25,29950400,8758395.5,2.4628,0.97793,3.0994,1.4102
2021-12-29 02:30,29888903,8733395.2,2.4551,0.97845,3.0935,1.2285
2021-12-29 02:35,29758155,8691196.2,2.4822,0.97664,3.1277,1.799
2021-12-29 02:40,29676940,8650045.4,2.5146,0.9764,3.1566,1.5852
2021-12-29 02:45,29626624,8652751.8,2.5028,0.97623,3.1473,1.9478
2021-12-29 02:50,29495660,8612420.4,2.537,0.97625,3.182,3.3869
2021-12-29 02:55,29468692,8635735.9,2.5355,0.97709,3.1743,2.1947
2021-12-29 03:00,29470512,8638947.9,2.5423,0.97802,3.1837,0.43212
2021-12-29 03:05,29464373,8683686.1,2.4986,0.97725,3.1532,1.5327
2021-12-29 03:10,29507987,8709911.5,2.5241,0.97555,3.1888,1.4911
2021-12-29 03:15,29504146,8727916.5,2.5023,0.97604,3.1622,1.945
2021-12-29 03:20,29438038,8696022.9,2.5376,0.97616,3.1917,0.36108
2021-12-29 03:25,29431437,8674621.7,2.5319,0.97584,3.1792,0.97768
2021-12-29 03:30,29405136,8635154.9,2.5194,0.97438,3.1715,0.81399
2021-12-29 03:35,29419492,8641681.6,2.5595,0.97332,3.2168,0.53807
2021-12-29 03:40,29371089,8605435.4,2.6143,0.9725,3.2771,0.34112
2021-12-29 03:45,29416232,8621327.5,2.5739,0.97175,3.2395,1.1443
2021-12-29 03:50,29468446,8633953.2,2.5772,0.97138,3.2362,1.2826
2021-12-29 03:55,29522054,8651734,2.6051,0.97034,3.2664,1.0453
2021-12-29 04:00,29535717,8674239.3,2.5907,0.96975,3.254,1.6411
2021-12-29 04:05,29423333,8649871.4,2.6123,0.96865,3.2903,2.0288
2021-12-29 04:10,29330990,8671960,2.5725,0.96896,3.2437,1.9628
2021-12-29 04:15,29216409,8582612.3,2.5955,0.96879,3.265,0.36571
2021-12-29 04:20,29225537,8580124.6,2.5941,0.96831,3.2697,0.78556
2021-12-29 04:25,29211098,8555103.6,2.6047,0.97017,3.2869,0.50179
2021-12-29 04:30,29221009,8561463.4,2.5723,0.97045,3.254,0.55093
2021-12-29 04:35,29226297,8579356.7,2.5574,0.96996,3.2312,0.81517
2021-12-29 04:40,29298977,8613849.4,2.5671,0.97061,3.2295,1.276
2021-12-29 04:45,29341882,8630327.8,2.5725,0.97059,3.2364,1.1673
2021-12-29 04:50,29367777,8621451,2.6045,0.9696,3.2786,0.97055
2021-12-29 04:55,29310698,8577682,2.6315,0.97113,3.3024,0.22085
2021-12-29 05:00,29266261,8543692.5,2.6072,0.97252,3.2667,0.68623
2021-12-29 05:05,29302107,8556833.5,2.6082,0.97248,3.2731,0.77259
2021-12-29 05:10,29311537,8555744.5,2.5906,0.97303,3.2513,0.64158
2021-12-29 05:15,29293018,8546125.5,2.5885,0.97504,3.2489,0.57957
2021-12-29 05:20,29392263,8564414.6,2.6025,0.97477,3.266,0.38824
2021-12-29 05:25,29362252,8530502.6,2.672,0.97536,3.3108,0.36701
2021-12-29 05:30,29404647,8518820.3,2.6634,0.97593,3.3003,1.4549
2021-12-29 05:35,29397054,8504327.5,2.7042,0.9752,3.342,1.3223
2021-12-29 05:40,29404378,8501129.1,2.7028,0.97588,3.3205,2.0638
2021-12-29 05:45,29234062,8416486.4,2.7137,0.97745,3.3227,0.85046
2021-12-29 05:50,29100974,8403779.3,2.7302,0.97816,3.3584,1.4515
2021-12-29 05:55,29113386,8443659.8,2.7159,0.97798,3.3498,1.6803
2021-12-29 06:00,29112820,8439937.2,2.7121,0.97869,3.3544,0.41227
2021-12-29 06:05,29128126,8470388.3,2.6976,0.98105,3.3437,0.8946
2021-12-29 06:10,29185793,8489110.8,2.7037,0.98242,3.3507,0.85206
2021-12-29 06:15,29186095,8470972.2,2.7188,0.98566,3.3495,0.58977
2021-12-29 06:20,29162720,8496580.3,2.714,0.98652,3.3545,0.93144
2021-12-29 06:25,29125326,8485136.9,2.7195,0.99019,3.3579,0.2847
2021-12-29 06:30,29102429,8480678.3,2.7319,0.99266,3.3673,0.42936
2021-12-29 06:35,29113434,8477832,2.7092,0.99345,3.3472,3.0928
2021-12-29 06:40,29141979,8499402.4,2.6948,0.99437,3.329,3.2186
2021-12-29 06:45,29169561,8476576.1,2.6733,0.99681,3.2894,1.4233
2021-12-29 06:50,29193925,8438212.1,2.6783,0.99758,3.302,1.3807
2021-12-29 06:55,29273783,8469365.3,2.681,0.99773,3.2919,3.4732
2021-12-29 07:00,29344469,8522747.7,2.6558,0.99691,3.2735,1.0425
2021-12-29 07:05,29377256,8563294.2,2.6176,0.99777,3.2339,0.88823
2021-12-29 07:10,29404973,8555443.6,2.6309,0.99854,3.2462,1.052
2021-12-29 07:15,29384036,8504939.5,2.6743,0.99931,3.2841,0.82735
2021-12-29 07:20,29398996,8530675.5,2.6558,1.0006,3.2654,0.80533
2021-12-29 07:25,29385486,8501515,2.6475,1.0003,3.2601,0.98021
2021-12-29 07:30,29358455,8527524.4,2.6624,0.99993,3.275,1.6512
2021-12-29 07:35,29329831,8554204.2,2.6452,1,3.2532,3.3592
2021-12-29 07:40,29300907,8537699.7,2.6534,1.0011,3.2637,1.1154
2021-12-29 07:45,29263598,8489369.8,2.6278,1.0012,3.2317,1.4357
2021-12-29 07:50,29234653,8429812.2,2.6959,1.0011,3.3111,0.33459
2021-12-29 07:55,28700990,8233692.9,2.673,0.99624,3.2912,0.42691
2021-12-29 08:00,28727559,8285004.2,2.6028,0.99561,3.2287,1.8076
2021-12-29 08:05,28746531,8337068.9,2.5902,1.0007,3.2161,0.90636
2021-12-29 08:10,28747552,8383073.6,2.5529,1.0047,3.1856,1.0211
2021-12-29 08:15,28899251,8443883.7,2.5459,1.0051,3.1878,0.9494
2021-12-29 08:20,28954282,8462333.4,2.5429,1.0057,3.1867,0.79587
2021-12-29 08:25,28993500,8440061.8,2.5303,1.0061,3.1618,0.81434
2021-12-29 08:30,29063137,8445487.5,2.5554,1.0056,3.1911,1.3457
2021-12-29 08:35,29158760,8523105.5,2.5353,1.0059,3.1699,1.433
2021-12-29 08:40,29212332,8517868.5,2.5529,1.0065,3.1878,0.54863
2021-12-29 08:45,29208685,8529228.1,2.5504,1.0061,3.18,1.9708
2021-12-29 08:50,29262636,8551608.6,2.5652,1.0057,3.1965,0.74065
2021-12-29 08:55,29222533,8526541.9,2.544,1.0047,3.1704,0.92651
2021-12-29 09:00,29157786,8494617.1,2.5787,1.0045,3.2062,0.31538
2021-12-29 09:05,29127662,8484756.6,2.5744,1.0057,3.2155,1.1005
2021-12-29 09:10,29102484,8488321.5,2.5535,1.0057,3.1995,1.3753
2021-12-29 09:15,29104961,8475757.9,2.556,1.0055,3.2047,1.0168
2021-12-29 09:20,29006004,8359820.4,2.5949,1.0035,3.2515,0.87409
2021-12-29 09:25,28913272,8310207.2,2.5953,1,3.2664,1.5205
2021-12-29 09:30,28828007,8261570.6,2.6485,0.99872,3.3059,0.27917
2021-12-29 09:35,28907085,8337271.9,2.6158,0.99962,3.2878,1.263
2021-12-29 09:40,28994751,8398039.7,2.5935,1.0001,3.2593,1.0076
2021-12-29 09:45,29080028,8427824,2.5806,1.0007,3.2432,0.66475
2021-12-29 09:50,29144469,8505230.4,2.5908,1.0033,3.2617,1.0416
2021-12-29 09:55,29059185,8509858.2,2.5769,1.0065,3.2267,1.1232
2021-12-29 10:00,28872964,8428911.2,2.5955,1.0072,3.2432,1.2216
2021-12-29 10:05,28849604,8402864.9,2.6198,1.0069,3.2695,0.69636
2021-12-29 10:10,28860113,8396888.8,2.6214,1.0059,3.2705,3.0132
2021-12-29 10:15,28844323,8416528,2.6424,1.0056,3.2923,0.97586
2021-12-29 10:20,28849096,8406087.1,2.613,1.0048,3.2536,1.8078
2021-12-29 10:25,28820112,8363596.5,2.629,1.0026,3.2757,0.85049
2021-12-29 10:30,28842585,8381655.2,2.6332,1.0031,3.2864,0.52601
2021-12-29 10:35,28806825,8361419.8,2.6394,1.0027,3.3049,0.68691
2021-12-29 10:40,28800504,8347324.1,2.6667,1.0023,3.3302,0.67257
2021-12-29 10:45,28768190,8324032,2.6791,1.0022,3.3496,1.3651
2021-12-29 10:50,28758518,8309773.8,2.659,1.0019,3.3307,0.94588
2021-12-29 10:55,28821321,8307169.4,2.713,1.0003,3.3738,0.39117
2021-12-29 11:00,28912733,8361297.5,2.6508,0.99944,3.2972,1.1342
2021-12-29 11:05,28896773,8363817.5,2.6469,1.001,3.2936,1.9927
2021-12-29 11:10,28892418,8326746,2.6571,1.0005,3.3035,0.70053
2021-12-29 11:15,28987889,8336264.6,2.6687,1.0003,3.3151,0.80305
2021-12-29 11:20,29084094,8335174.4,2.7069,0.99958,3.3659,0.72174
2021-12-29 11:25,29031915,8321509.8,2.7113,0.99529,3.3821,1.2237
2021-12-29 11:30,29143495,8334024.8,2.7067,0.99548,3.3796,0.49782
2021-12-29 11:35,29182827,8387453.2,2.7254,0.99584,3.4062,2.3588
2021-12-29 11:40,29156880,8385637.4,2.7233,0.99734,3.386,0.84703
2021-12-29 11:45,29170947,8383146.7,2.7356,0.99746,3.3872,1.0491
2021-12-29 11:50,29087964,8387150.8,2.7497,0.99745,3.4195,1.2682
2021-12-29 11:55,28972211,8348439.7,2.746,0.99865,3.4113,1.3704
2021-12-29 12:00,28908296,8358544.7,2.7561,1.0006,3.4309,0.44459
2021-12-29 12:05,28902365,8329950.6,2.7602,1.0009,3.4263,0.70357
2021-12-29 12:10,28793425,8152617,2.8245,1.0021,3.4955,0.78794
2021-12-29 12:15,28646639,8037960.4,2.9441,1.0053,3.5915,0.974
2021-12-29 12:20,28645886,8009892.2,2.9379,1.0027,3.5601,0.76357
2021-12-29 12:25,28772607,8059254.7,2.8709,1.0035,3.5005,0.68808
2021-12-29 12:30,28806087,8063403.3,2.92,1.0028,3.5513,0.51844
2021-12-29 12:35,28756604,8060025.5,2.9032,1.0054,3.5265,0.75591
2021-12-29 12:40,28793000,8089378.4,2.9218,1.0054,3.5617,1.2793
2021-12-29 12:45,28803259,8105621,2.8999,1.006,3.5339,0.40918
2021-12-29 12:50,28847734,8129435.4,2.9155,1.0066,3.5589,0.54944
2021-12-29 12:55,28859472,8098439.4,2.9503,1.0054,3.6,0.59675
2021-12-29 13:00,28910055,8099634.4,2.9291,1.0046,3.5776,0.82759
2021-12-29 13:05,28926355,8138701.3,2.9207,1.0053,3.5575,1.6048
2021-12-29 13:10,28852218,8147381.4,2.906,1.0038,3.558,1.9205
2021-12-29 13:15,28791363,8107935.7,2.9049,1.0052,3.5576,0.81616
2021-12-29 13:20,28863461,8086953.2,2.9375,1.0056,3.5963,0.41638
2021-12-29 13:25,28637816,7943135.6,2.9791,1.0092,3.5836,0.53651
2021-12-29 13:30,28516845,7904013.9,3.0201,1.0073,3.6132,0.97944
2021-12-29 13:35,28595591,7903249.4,3.0178,1.0087,3.6052,0.56728
2021-12-29 13:40,28624953,7922029,2.9692,1.0084,3.564,1.2695
2021-12-29 13:45,28550871,7950154.5,2.9582,1.0069,3.5549,1.3051
2021-12-29 13:50,28610938,7991253.9,3,1.0077,3.6034,0.94985
2021-12-29 13:55,28596796,8054859.5,3.0336,1.0104,3.6396,0.66148
2021-12-29 14:00,28769409,8105548.2,3.0089,1.0089,3.6221,0.69052
2021-12-29 14:05,28768579,8117498.5,3.019,1.0077,3.6169,0.98989
2021-12-29 14:10,28790689,8148769.5,3.0268,1.0068,3.5911,1.1119
2021-12-29 14:15,28855425,8111548.5,3.0268,1.0097,3.5952,0.78236
2021-12-29 14:20,28753537,8088368.8,2.9912,1.0059,3.56,1.1295
2021-12-29 14:25,28706150,8091504.1,3.0268,1.0059,3.5869,0.99955
2021-12-29 14:30,28598170,8078241.5,3.0679,1.0059,3.6188,1.2351
2021-12-29 14:35,28706769,8203063.7,3.027,1.0052,3.6056,1.3839
2021-12-29 14:40,28687488,8212656.1,3.0034,1.0056,3.5778,1.0704
2021-12-29 14:45,28800849,8253537.9,2.9967,1.006,3.62,0.6634
2021-12-29 14:50,28737434,8236845.2,3.0235,1.0059,3.652,0.69223
2021-12-29 14:55,28766311,8248895.6,3.0449,1.0062,3.682,1.0193
2021-12-29 15:00,28805981,8275052.7,3.0279,1.0087,3.6574,1.0296
2021-12-29 15:05,28864030,8301209.9,2.9779,1.0079,3.6004,1.1291
2021-12-29 15:10,28811106,8304340,2.8995,1.0084,3.5256,1.5086
2021-12-29 15:15,28957109,8308540.8,2.9398,1.0101,3.5505,0.67555
2021-12-29 15:20,28944298,8288350.2,2.895,1.0098,3.5005,1.4057
2021-12-29 15:25,28962576,8282811.3,2.9204,1.0084,3.536,0.57874
2021-12-29 15:30,28993082,8281004.1,2.9098,1.0086,3.5205,0.9284
2021-12-29 15:35,29047070,8326052.1,2.8659,1.0079,3.4792,1.7406
2021-12-29 15:40,29004933,8284082.7,2.8565,1.0086,3.4687,0.46888
2021-12-29 15:45,28970064,8299695.3,2.836,1.0062,3.4437,1.5057
2021-12-29 15:50,28887519,8293446.4,2.8449,1.005,3.4509,1.2015
2021-12-29 15:55,28711854,8276276.6,2.8512,1.0061,3.4536,1.4547
2021-12-29 16:00,28735010,8272591.6,2.8123,1.0061,3.4078,0.82056
2021-12-29 16:05,28542960,8193400,2.8326,1.0048,3.4364,0.40471
2021-12-29 16:10,28726246,8230405,2.7945,0.99987,3.4018,0.83705
2021-12-29 16:15,28595249,8150717.7,2.8812,1.0001,3.4806,1.0143
2021-12-29 16:20,28594530,8187175.8,2.8231,0.99901,3.4359,1.9415
2021-12-29 16:25,28592840,8156816.7,2.8594,0.99895,3.4852,0.68666
2021-12-29 16:30,28564002,8140704.3,2.8317,0.9985,3.4633,1.2995
2021-12-29 16:35,28582142,8130843.1,2.8521,1.0003,3.4619,1.0563
2021-12-29 16:40,28585901,8127293,2.8507,0.99923,3.4559,0.9348
2021-12-29 16:45,28588620,8119176.9,2.8344,0.99688,3.4342,1.3033
2021-12-29 16:50,28496389,8102948.2,2.8747,0.9969,3.4632,1.3104
2021-12-29 16:55,28423988,8115048.6,2.8516,0.99686,3.4527,3.1112
2021-12-29 17:00,28462648,8126655.3,2.8421,0.99738,3.444,0.74965
2021-12-29 17:05,28333421,8077823.5,2.8806,0.99599,3.4819,0.88907
2021-12-29 17:10,28305656,8068272.5,2.8795,0.99538,3.4814,1.7213
2021-12-29 17:15,28254523,8026013.7,2.9221,0.99575,3.5276,1.2878
2021-12-29 17:20,28257738,8025019,2.9265,0.99582,3.5281,1.0179
2021-12-29 17:25,28248561,8013834.3,2.9157,0.99517,3.5178,0.82413
2021-12-29 17:30,28216366,7968927,2.9308,0.99647,3.538,0.36743
2021-12-29 17:35,28093538,7941585,2.8728,0.99814,3.4575,1.2091
2021-12-29 17:40,28066911,7963695.8,2.8824,0.9967,3.4963,1.0715
2021-12-29 17:45,28088535,7991262.4,2.8601,0.99825,3.4666,0.79516
2021-12-29 17:50,28078691,8004635.3,2.8247,0.9983,3.44,1.2594
2021-12-29 17:55,28143113,7992412.5,2.8235,0.99849,3.4323,0.63984
2021-12-29 18:00,28165223,8003411.7,2.7949,0.99802,3.4053,1.4782
2021-12-29 18:05,28208743,8007898,2.8506,0.99656,3.453,0.71892
2021-12-29 18:10,28214616,8028606.4,2.8335,0.99716,3.4201,0.68228
2021-12-29 18:15,28239057,8018792.6,2.8294,0.9962,3.4317,0.7217
2021-12-29 18:20,28201357,8070857.2,2.8038,0.99311,3.4126,3.3072
2021-12-29 18:25,28206059,8064112.3,2.807,0.99562,3.4153,0.2975
2021-12-29 18:30,28312308,8108645,2.7989,0.99412,3.4078,0.91321
2021-12-29 18:35,28299542,8121788.9,2.7738,0.99368,3.3919,0.54724
2021-12-29 18:40,28265144,8100225,2.7757,0.99555,3.3891,0.67217
2021-12-29 18:45,28265688,8078051,2.7735,0.99738,3.3676,0.30127
2021-12-29 18:50,28207034,8026375.8,2.7545,0.99649,3.3625,0.75734
2021-12-29 18:55,28193360,8033954.5,2.7574,0.99618,3.3795,1.1322
2021-12-29 19:00,28175025,8053697.1,2.734,0.99548,3.3661,1.5174
2021-12-29 19:05,28184779,8049297,2.7086,0.99598,3.3327,1.1694
2021-12-29 19:10,28078108,7984852.4,2.7285,0.99586,3.3477,0.47348
2021-12-29 19:15,27988963,7974615.3,2.6592,0.99431,3.2757,1.715
2021-12-29 19:20,27903555,7943026,2.6759,0.99693,3.2857,0.54578
2021-12-29 19:25,27899457,7960539.8,2.668,0.99579,3.2837,0.93646
2021-12-29 19:30,27853110,7961811.5,2.6626,0.99725,3.2835,1.0293
2021-12-29 19:35,27775728,7902750.1,2.6786,1.0007,3.2966,0.55746
2021-12-29 19:40,27683901,7838124.6,2.7249,1.0048,3.3399,0.81678
2021-12-29 19:45,27646531,7826456.5,2.7458,1.003,3.371,0.8513
2021-12-29 19:50,27676803,7824785.7,2.715,1.0034,3.3447,0.57434
2021-12-29 19:55,27551410,7834198.5,2.7301,1.0049,3.3549,1.1194
2021-12-29 20:00,27504647,7822320,2.7466,1.0044,3.3627,1.0684
2021-12-29 20:05,27473986,7776547.7,2.7706,1.0053,3.3672,0.46477
2021-12-29 20:10,28194484,8086281.5,2.7796,1.006,3.3791,1.904
2021-12-29 20:15,28710976,8197071.5,2.8205,1.0009,3.452,0.91286
2021-12-29 20:20,28847050,8224776.9,2.7791,0.99979,3.3935,0.87138
2021-12-29 20:25,29143382,8356731.9,2.7362,1.0009,3.318,2.4454
2021-12-29 20:30,29052416,8312933.1,2.7475,0.99771,3.3313,0.75487
2021-12-29 20:35,29004713,8357494,2.7538,0.99591,3.3462,0.58359
2021-12-29 20:40,28729675,8254569.4,2.7389,0.99788,3.329,0.41293
2021-12-29 20:45,28617840,8201026.7,2.7758,0.99885,3.3588,0.52979
2021-12-29 20:50,28551749,8192670.6,2.7525,0.99792,3.3423,1.7295
2021-12-29 20:55,28377519,8094119.7,2.7868,0.99623,3.3953,0.44006
2021-12-29 21:00,28336199,8080902.5,2.7546,0.99709,3.351,0.58616
2021-12-29 21:05,28114876,7962132.9,2.7739,0.99727,3.3706,0.82127
2021-12-29 21:10,27960749,7906030.1,2.7383,0.99594,3.3293,1.4416
2021-12-29 21:15,27875787,7837277.5,2.9039,0.99809,3.5086,0.59629
2021-12-29 21:20,27765665,7818398.9,2.9493,0.99761,3.5554,1.2283
2021-12-29 21:25,27784485,7851339.8,2.9133,0.99801,3.5223,0.80984
2021-12-29 21:30,27759808,7856303.3,2.9069,0.99714,3.5228,0.82721
2021-12-29 21:35,27832524,7908929.8,2.885,0.99709,3.4995,1.8354
2021-12-29 21:40,27889395,7897156.9,2.854,1.0001,3.4671,0.69133
2021-12-29 21:45,27903793,7937230.6,2.8457,0.99949,3.4599,1.738
2021-12-29 21:50,27890485,7921176.6,2.8888,0.99919,3.4982,0.74974
2021-12-29 21:55,27882919,7958342.7,2.8522,0.99989,3.4626,0.87962
2021-12-29 22:00,27763415,7904655.1,2.8682,0.99968,3.4675,0.48503
2021-12-29 22:05,27732657,7882175.8,2.8356,1.0004,3.4315,1.4711
2021-12-29 22:10,27715784,7880050.5,2.9003,1.0008,3.5068,0.39166
2021-12-29 22:15,27717505,7873434.5,2.9416,1.0004,3.55,0.813
2021-12-29 22:20,27703643,7914493.1,2.9868,1.0026,3.5771,1.7962
2021-12-29 22:25,27691845,7932846.6,2.9738,1.0027,3.5592,0.84097
2021-12-29 22:30,27726547,7946859.8,2.9534,1.0032,3.5173,0.60131
2021-12-29 22:35,27738279,7978360.6,2.9332,1.0037,3.4896,1.0011
2021-12-29 22:40,27780906,8017867.6,2.9164,1.0033,3.4744,1.2499
2021-12-29 22:45,27710475,7993553.7,2.9102,1.0027,3.4758,0.71891
2021-12-29 22:50,27732941,7958060,2.909,1.0034,3.458,0.42472
2021-12-29 22:55,27689425,7929919.6,2.8705,1.0034,3.4236,1.3393
2021-12-29 23:00,27631380,7902298.4,2.9067,1.0027,3.4681,0.28603
2021-12-29 23:05,27643017,7889796.9,2.9171,1.0017,3.4883,0.79019
2021-12-29 23:10,27677697,7915427.8,2.8676,1.0027,3.4398,0.67267
2021-12-29 23:15,27681147,7860338.5,2.9086,1.0015,3.4896,0.8875
2021-12-29 23:20,27595101,7818764.5,2.9086,1.0012,3.4964,2.5127
2021-12-29 23:30,27677627,7758824.6,2.9028,1.0005,3.5018,1.2012
2021-12-29 23:35,27763274,7805707,3.0133,1.001,3.6295,1.0167
2021-12-29 23:40,27777067,7790911.8,2.9989,1.0002,3.61,0.79531
2021-12-29 23:45,27786545,7789823.1,3.0078,1.0004,3.6289,0.50045
2021-12-29 23:50,27777648,7813985.2,3.0403,1.0001,3.6594,1.1948
2021-12-29 23:55,27792546,7796136.3,2.9725,1.0005,3.5959,0.96767
2021-12-30 00:00,27819726,7863730.2,2.9978,1.0002,3.6302,1.7313
2021-12-30 00:05,27773531,7864630.8,2.9944,0.99979,3.641,1.46
2021-12-30 00:10,27882511,7960456.9,2.9224,0.99168,3.6109,1.1294
2021-12-30 00:15,28122006,7976326.4,2.9136,0.99529,3.5567,0.93547
2021-12-30 00:20,28102478,7991220.6,2.9365,0.99427,3.5672,0.79175
2021-12-30 00:25,28221812,8189283.2,2.7317,0.99383,3.3952,1.0085
2021-12-30 00:30,28221523,8100315.4,2.808,0.99396,3.4655,1.1165
2021-12-30 00:35,28272871,8089151.1,2.7667,0.99458,3.4332,1.0755
2021-12-30 00:40,28252533,8100848.8,2.736,0.99332,3.3995,1.1482
2021-12-30 00:45,28283510,8052362.8,2.7723,0.99208,3.4389,0.74101
2021-12-30 00:50,28309564,8051878.1,2.7901,0.99001,3.4624,0.75227
2021-12-30 00:55,28247579,7991229.1,2.8152,0.98924,3.4845,0.68231
2021-12-30 01:00,28321969,8055862.3,2.8333,0.98868,3.5027,1.7749
2021-12-30 01:05,28270659,7975053.1,2.8532,0.98903,3.5339,0.49001
2021-12-30 01:10,28327349,7990012.1,2.8491,0.98828,3.5367,0.96773
2021-12-30 01:15,28265467,8025131.4,2.8424,0.98747,3.5377,1.4128
2021-12-30 01:20,28278789,8046163.8,2.8351,0.98845,3.5363,1.1073
2021-12-30 01:25,28238079,8013663.3,2.8371,0.98833,3.5363,1.4959
2021-12-30 01:30,28176518,7975645.2,2.807,0.98868,3.5,1.369
2021-12-30 01:35,28094823,7922178.2,2.8131,0.98763,3.5192,1.0784
2021-12-30 01:40,28062098,7917159.7,2.8766,0.98749,3.5815,0.61155
2021-12-30 01:45,28078548,7986378.9,2.862,0.98651,3.5758,1.7527
2021-12-30 01:50,28109233,8011046.5,2.9122,0.98654,3.6216,0.84908
2021-12-30 01:55,28113796,8023264.4,2.8975,0.98672,3.6039,1.2599
2021-12-30 02:00,28035203,7960110,2.8672,0.98723,3.5654,0.73264
2021-12-30 02:05,27977996,7932617.7,2.8417,0.9871,3.5347,1.2313
2021-12-30 02:10,27976992,7908256.3,2.8178,0.98725,3.5238,0.7952
2021-12-30 02:15,28149068,7932688.9,2.8578,0.98906,3.5585,0.55499
2021-12-30 02:20,28242709,7921365.3,2.8908,0.98956,3.6146,0.55947
2021-12-30 02:25,28317823,7981661.6,2.8293,0.98911,3.5516,0.92236
2021-12-30 02:30,28388535,8004763.2,2.8427,0.98985,3.5664,0.42922
2021-12-30 02:35,28326039,7976236.4,2.8651,0.98835,3.6009,0.85275
2021-12-30 02:40,28370023,7981338.6,2.8365,0.98838,3.5809,1.033
2021-12-30 02:45,28367431,7998061.9,2.8457,0.98817,3.5937,0.95634
2021-12-30 02:50,28385159,7996099.3,2.8448,0.98863,3.5928,0.79418
2021-12-30 02:55,28328764,8015086.4,2.8235,0.98929,3.5791,3.546
2021-12-30 03:00,28359111,8019956.6,2.8275,0.98951,3.5688,2.1721
2021-12-30 03:05,28243650,7987021.8,2.8851,0.98926,3.628,0.47114
2021-12-30 03:10,28225614,7966178.5,2.8632,0.98853,3.6022,0.78432
2021-12-30 03:15,28196524,7931603.5,2.8468,0.99047,3.5848,0.89614
2021-12-30 03:20,28088949,7862658.6,2.8065,0.99193,3.5224,1.4971
2021-12-30 03:25,28113092,7847217.2,2.7875,0.99306,3.4968,0.58464
2021-12-30 03:30,28112835,7817617.2,2.8411,0.99256,3.5392,1.1131
2021-12-30 03:35,28144255,7847748,2.8191,0.99227,3.5206,1.3297
2021-12-30 03:40,28198410,7886846.6,2.82,0.9892,3.5142,1.2897
2021-12-30 03:45,28209132,7906929.4,2.8249,0.98974,3.5234,0.89413
2021-12-30 03:50,28183409,7925591.7,2.8388,0.98982,3.5382,0.71928
2021-12-30 03:55,28116057,7859829.1,2.8086,0.98958,3.4991,1.1966
2021-12-30 04:00,28077721,7837514.5,2.8247,0.99052,3.51,0.65287
2021-12-30 04:05,27988986,7827371.8,2.8452,0.98927,3.527,1.6975
2021-12-30 04:10,27909812,7839028.9,2.8686,0.98783,3.5713,1.2203
2021-12-30 04:15,27823126,7838179.1,2.8319,0.98659,3.5372,1.2896
2021-12-30 04:20,27833392,7871558.3,2.8126,0.98638,3.5101,0.98656
2021-12-30 04:25,27799902,7846021.4,2.8209,0.9884,3.5201,0.6367
2021-12-30 04:30,27752647,7849336.4,2.8217,0.98745,3.5303,0.98783
2021-12-30 04:35,27715617,7845736.9,2.7948,0.98739,3.4977,0.62506
2021-12-30 04:40,27730285,7853651.2,2.7397,0.9875,3.4358,0.48249
2021-12-30 04:45,27749321,7888151.9,2.669,0.98689,3.3637,1.4448
2021-12-30 04:50,27700735,7854734.5,2.667,0.9873,3.3679,0.76468
2021-12-30 04:55,27716245,7865069.3,2.6673,0.98692,3.3628,1.5723
2021-12-30 05:00,27699293,7802613.8,2.6806,0.99226,3.388,0.49483
2021-12-30 05:05,27690746,7840416.2,2.6613,0.99102,3.3724,2.0877
2021-12-30 05:10,27634841,7801939.1,2.6271,0.99186,3.3313,1.2306
2021-12-30 05:15,27603057,7801529,2.6268,0.99266,3.3295,0.65131
2021-12-30 05:20,27597949,7823049,2.6195,0.99223,3.3304,0.57239
2021-12-30 05:25,27606757,7840645.6,2.6461,0.99188,3.3558,1.3447
2021-12-30 05:30,27551647,7782293.6,2.6421,0.992,3.3351,0.71493
2021-12-30 05:35,27537739,7801166.1,2.6347,0.99221,3.3316,0.88358
2021-12-30 05:40,27528822,7813268.5,2.6575,0.9923,3.3372,1.6609
2021-12-30 05:45,27490388,7847681.1,2.626,0.99167,3.3096,3.5679
2021-12-30 05:50,27477326,7831952.1,2.6026,0.9918,3.2853,0.72108
2021-12-30 05:55,27487268,7823643.6,2.5815,0.99192,3.2517,1.0894
2021-12-30 06:00,27492444,7848731,2.5746,0.99309,3.2494,1.2165
2021-12-30 06:05,27474440,7832305.7,2.598,0.99423,3.2678,0.63503
2021-12-30 06:10,27454289,7821979,2.573,0.99458,3.2403,2.0151
2021-12-30 06:15,27453849,7833617.6,2.5852,0.99416,3.2561,0.87518
2021-12-30 06:20,27444102,7800413.2,2.571,0.99355,3.2442,0.66737
2021-12-30 06:25,27468450,7801314.5,2.595,0.99416,3.2674,0.55134
2021-12-30 06:30,27509567,7800446.7,2.5872,0.99468,3.2606,0.64134
2021-12-30 06:35,27528343,7848414,2.608,0.99584,3.293,1.4038
2021-12-30 06:40,27550627,7882039.1,2.6113,0.99596,3.2973,0.99157
2021-12-30 06:45,27583334,7912569,2.6192,0.99636,3.3063,2.1147
2021-12-30 06:50,27635505,7931113.6,2.607,0.99574,3.2845,0.72144
2021-12-30 06:55,27656260,7911902.9,2.6346,0.9959,3.3127,0.5946
2021-12-30 07:00,27703003,7940350,2.6273,0.9974,3.3174,0.75689
2021-12-30 07:05,27732534,7984473.9,2.6084,0.99613,3.2932,1.3362
2021-12-30 07:10,27735645,7983223.1,2.5934,0.99565,3.2915,0.7802
2021-12-30 07:15,27823819,8008872.9,2.5896,0.996,3.2901,0.97087
2021-12-30 07:20,27784505,7968873.9,2.6205,0.99594,3.3369,0.52812
2021-12-30 07:25,27781922,7995259,2.6195,0.99537,3.339,1.7022
2021-12-30 07:30,27747643,7982864.5,2.6145,0.99456,3.3277,1.0133
2021-12-30 07:35,27814857,8040006.2,2.5988,0.99499,3.3023,1.6063
2021-12-30 07:40,27828571,8051083.9,2.5857,0.99477,3.284,1.2109
2021-12-30 07:45,27802258,8036000,2.6018,0.99464,3.2949,1.2546
2021-12-30 07:50,27806041,8046234.1,2.6131,0.99415,3.306,1.1224
2021-12-30 07:55,27794278,8050334.7,2.603,0.99395,3.2981,1.3185
2021-12-30 08:00,27627337,8013943.4,2.6261,0.993,3.3215,0.71307
2021-12-30 08:05,27494734,7981171.4,2.6335,0.99264,3.3227,1.6994
2021-12-30 08:10,27480407,7958051.1,2.6073,0.99289,3.3008,0.37595
2021-12-30 08:15,27435723,7952793,2.6079,0.99235,3.3154,0.58184
2021-12-30 08:20,27411211,7892027,2.6308,0.99341,3.3086,0.54425
2021-12-30 08:25,27362718,7859484.9,2.6459,0.99401,3.3227,0.55603
2021-12-30 08:30,27392961,7896001.6,2.6125,0.99308,3.2887,1.5323
2021-12-30 08:35,27358525,7857516.7,2.6258,0.99378,3.3009,0.59743
2021-12-30 08:40,27354345,7840857.4,2.6462,0.99375,3.3211,0.67734
2021-12-30 08:45,27374962,7868370,2.6223,0.99305,3.299,1.4684
2021-12-30 08:50,27374087,7859953.9,2.6402,0.99355,3.3161,1.3713
2021-12-30 08:55,27272536,7915371.9,2.5882,0.98923,3.2559,1.9203
2021-12-30 09:00,27260455,7882905.8,2.6184,0.9869,3.2531,1.6295
2021-12-30 09:05,27191445,7875186.3,2.5936,0.98528,3.2326,0.71366
2021-12-30 09:10,27019017,7802281.5,2.5948,0.98385,3.2365,0.67285
2021-12-30 09:15,26905887,7760465,2.599,0.98425,3.2478,0.98005
2021-12-30 09:20,26867273,7737905.2,2.6297,0.98415,3.2851,0.67088
2021-12-30 09:25,26880297,7742869.6,2.6221,0.98375,3.2872,1.0163
2021-12-30 09:30,26892376,7770821,2.6211,0.98408,3.287,1.7379
2021-12-30 09:35,26862224,7765743,2.6317,0.98404,3.3021,0.84571
2021-12-30 09:40,26812938,7743844.6,2.6317,0.98531,3.3039,0.58957
2021-12-30 09:45,26780273,7753601.1,2.6324,0.98503,3.301,1.1049
2021-12-30 09:50,26743926,7734441.3,2.6237,0.98502,3.2836,0.70719
2021-12-30 09:55,26724973,7726529.4,2.5782,0.98449,3.2422,0.70501
2021-12-30 10:00,26689420,7688154.3,2.6053,0.98452,3.2702,0.76621
2021-12-30 10:05,26671148,7686194.6,2.619,0.9846,3.2896,0.5581
2021-12-30 10:10,26628743,7692154.2,2.6004,0.9841,3.2743,0.89239
2021-12-30 10:15,26583466,7667203.3,2.6283,0.98452,3.3016,0.60352
2021-12-30 10:20,26488254,7680294.4,2.6385,0.9831,3.2875,1.0856
2021-12-30 10:25,26445537,7654660.7,2.6925,0.98314,3.3416,0.46297
2021-12-30 10:30,26430117,7662605.5,2.7521,0.98251,3.3901,0.91435
2021-12-30 10:35,26442745,7643300.8,2.7581,0.98234,3.3995,0.47288
2021-12-30 10:40,26420063,7617961,2.734,0.98122,3.3939,0.45588
2021-12-30 10:45,26409072,7602907.7,2.7529,0.98143,3.4235,0.82444
2021-12-30 10:50,26364153,7609485.5,2.7489,0.98089,3.4213,0.86631
2021-12-30 10:55,26436337,7626344.2,2.777,0.97996,3.4681,0.50141
2021-12-30 11:00,26443436,7641624.1,2.7432,0.98053,3.4361,0.64924
2021-12-30 11:05,26398749,7660839.9,2.7211,0.98075,3.3925,1.9903
2021-12-30 11:10,26402179,7634982.1,2.6783,0.98027,3.3348,0.61367
2021-12-30 11:15,26454140,7646304.6,2.7081,0.97889,3.3841,0.78571
2021-12-30 11:20,26478271,7674197.3,2.6756,0.97721,3.3593,0.9505
2021-12-30 11:25,26564398,7762028.6,2.5726,0.97582,3.2403,2.0172
2021-12-30 11:30,26801383,7930924.6,2.4002,0.97567,3.0024,0.94749
2021-12-30 11:35,26869877,7888883.6,2.44,0.97312,3.0624,0.59679
2021-12-30 11:40,26782110,7916525.8,2.4125,0.97353,3.0154,1.4453
2021-12-30 11:45,26725212,7893382.5,2.3621,0.96858,2.9871,1.0402
2021-12-30 11:50,26932541,7995855.3,2.3235,0.97032,2.9406,1.314
2021-12-30 11:55,26912227,7965548.8,2.3528,0.97042,2.9546,0.77379
2021-12-30 12:00,26933740,7946800,2.37,0.96942,2.979,0.79123
2021-12-30 12:05,26945503,7971827.1,2.3687,0.97092,2.9775,1.2173
2021-12-30 12:10,27065789,8019927.5,2.3711,0.97111,2.988,1.2228
2021-12-30 12:15,27199985,8076859.3,2.3645,0.96912,2.9952,0.67851
2021-12-30 12:20,27164004,8082227.8,2.3756,0.96847,3.0137,1.2968
2021-12-30 12:25,27065481,8086879.6,2.2911,0.96929,2.9392,1.9304
2021-12-30 12:30,27137038,8121066.9,2.2898,0.96613,2.9445,0.83091
2021-12-30 12:35,27067104,8074776.7,2.2738,0.96741,2.9193,0.48179
2021-12-30 12:40,27019020,8058152.5,2.2632,0.96675,2.912,0.64881
2021-12-30 12:45,26877283,7999485.7,2.3476,0.96804,2.9984,0.99553
2021-12-30 12:50,26855861,8015287.5,2.2963,0.96723,2.9385,0.83784
2021-12-30 12:55,26832281,8010867.9,2.309,0.96713,2.9542,1.3111
2021-12-30 13:00,26794451,7956076.3,2.3352,0.96794,2.984,0.31888
2021-12-30 13:05,26842783,7963716.9,2.3352,0.96708,2.9792,1.4136
2021-12-30 13:10,26813406,7954310,2.3355,0.96663,2.9618,1.2287
2021-12-30 13:15,26782839,7935487.4,2.3073,0.96669,2.9189,1.8131
2021-12-30 13:20,26779260,7933093.9,2.3161,0.96875,2.9295,0.36107
2021-12-30 13:25,26800555,7934583.3,2.3309,0.96865,2.9475,0.4042
2021-12-30 13:30,26828270,7951094.4,2.3082,0.96915,2.9219,0.75327
2021-12-30 13:35,26782440,7960797.2,2.325,0.96897,2.9475,2.0113
2021-12-30 13:40,26713213,7957866.2,2.3085,0.96891,2.9383,4.0292
2021-12-30 13:45,26647783,7907279.5,2.3115,0.97283,2.9375,0.65037
2021-12-30 13:50,26522404,7844796.7,2.3237,0.97323,2.9424,0.3557
2021-12-30 13:55,26529267,7835419,2.3318,0.97591,2.9314,0.58148
2021-12-30 14:00,26593773,7851279.6,2.2968,0.97636,2.879,1.5467
2021-12-30 14:05,26567164,7860969,2.2917,0.97529,2.8845,1.2305
2021-12-30 14:10,26572304,7845419.9,2.2682,0.97522,2.8583,1.1003
2021-12-30 14:15,26535997,7815116.5,2.307,0.97659,2.8908,0.40641
2021-12-30 14:20,26466920,7761320,2.2927,0.97635,2.8593,0.60615
2021-12-30 14:25,26522560,7795458.1,2.2916,0.97634,2.8441,0.75308
2021-12-30 14:30,26584314,7807813,2.2698,0.97654,2.8171,0.76723
2021-12-30 14:35,26504179,7844176.8,,,,
2021-12-30 14:40,26473879,7856334.1,,,,
2021-12-30 14:45,26764468,7958854.6,,,,
2021-12-30 14:50,26904664,8055794.5,,,,
2021-12-30 14:55,27174971,8116613.3,,,,
2021-12-30 15:00,27381437,8143808.9,,,,
2021-12-30 15:05,27395854,8155815.6,,,,
2021-12-30 15:10,28339088,8539417.4,,,,
2021-12-30 15:15,31145240,9485639.1,,,,
2021-12-30 15:20,32426914,9914885,,,,
2021-12-30 15:25,33274077,10146640,,,,
2021-12-30 15:30,33663637,10250873,,,,
2021-12-30 15:35,33491975,10223090,,,,
2021-12-30 15:40,33888417,10331562,,,,
2021-12-30 15:45,34320672,10561493,,,,
2021-12-30 15:50,34690866,10612977,,,,
2021-12-30 15:55,35067738,10701947,,,,
2021-12-30 16:00,34814374,10518780,,,,
2021-12-30 16:05,35059296,10575946,,,,
2021-12-30 16:10,35234772,10647300,,,,
2021-12-30 16:15,35489029,10753176,,,,
2021-12-30 16:20,35398310,10709759,,,,
2021-12-30 16:25,35418668,10666128,,,,
2021-12-30 16:30,35695476,10715782,,,,
2021-12-30 16:35,35518437,10720686,,,,
2021-12-30 16:40,35689236,10778403,,,,
2021-12-30 16:45,34700893,10560870,,,,
2021-12-30 16:50,34578826,10506913,,,,
2021-12-30 16:55,34660582,10527602,,,,
2021-12-30 17:00,34361132,10413542,,,,
2021-12-30 17:05,34330622,10404048,,,,
2021-12-30 17:10,34376547,10413687,,,,
2021-12-30 17:15,34468468,10422437,,,,
2021-12-30 17:20,34400084,10428095,,,,
2021-12-30 17:25,34564407,10504245,,,,
2021-12-30 17:30,34721133,10546810,,,,
2021-12-30 17:35,34791187,10567127,,,,
2021-12-30 17:40,34780903,10566896,,,,
2021-12-30 17:45,34784601,10572084,,,,
2021-12-30 17:50,34896814,10624374,,,,
2021-12-30 17:55,35124560,10679622,,,,
2021-12-30 18:00,35082651,10666392,,,,
2021-12-30 18:05,34979564,10603355,,,,
2021-12-30 18:10,34972153,10603346,,,,
2021-12-30 18:15,34942045,10591633,,,,
2021-12-30 18:20,35136207,10636970,,,,
2021-12-30 18:25,35160063,10642248,,,,
2021-12-30 18:30,35211203,10662656,,,,
2021-12-30 18:35,35305478,10684497,,,,
2021-12-30 18:40,35309240,10676914,,,,
2021-12-30 18:45,35361172,10716329,,,,
2021-12-30 18:50,35392541,10726771,,,,
2021-12-30 18:55,35454764,10787853,,,,
2021-12-30 19:00,35390628,10743817,,,,
2021-12-30 19:05,35473643,10778666,,,,
2021-12-30 19:10,35436080,10769379,,,,
2021-12-30 19:15,35474453,10747423,,,,
2021-12-30 19:20,35363995,10707864,,,,
2021-12-30 19:25,35400847,10713190,,,,
2021-12-30 19:30,35435168,10727997,,,,
2021-12-30 19:35,35370429,10696846,,,,
2021-12-30 19:40,35404766,10711388,,,,
2021-12-30 19:45,35231732,10623072,,,,
2021-12-30 19:50,35165674,10597176,,,,
2021-12-30 19:55,35040366,10559310,,,,
2021-12-30 20:00,34836353,10482202,,,,
2021-12-30 20:05,34713565,10449554,,,,
2021-12-30 20:10,34669533,10422702,,,,
2021-12-30 20:15,34727924,10438519,,,,
2021-12-30 20:20,34838718,10491739,,,,
2021-12-30 20:25,34727573,10465054,,,,
2021-12-30 20:30,34630601,10409959,,,,
2021-12-30 20:35,34729772,10427498,,,,
2021-12-30 20:40,33846829,10101925,,,,
2021-12-30 20:45,33417063,9960953.1,,,,
2021-12-30 20:50,33472853,9925106.9,,,,
2021-12-30 20:55,33344660,9884357.6,,,,
2021-12-30 21:00,33262150,9918946.4,,,,
2021-12-30 21:05,33243858,9872357.4,,,,
2021-12-30 21:10,33162201,9851373.3,,,,
2021-12-30 21:15,33209676,9884796,,,,
2021-12-30 21:20,33143000,9893504,,,,
2021-12-30 21:25,33047103,9849028.1,,,,
2021-12-30 21:30,32907291,9834266.9,,,,
2021-12-30 21:35,32764933,9773124.2,,,,
2021-12-30 21:40,32762138,9790176.7,,,,
2021-12-30 21:45,32704238,9764575.3,,,,
2021-12-30 21:50,32682743,9745994,,,,
2021-12-30 21:55,32624731,9734241,,,,
2021-12-30 22:00,32630292,9765593.8,,,,
2021-12-30 22:05,32591638,9768224.9,,,,
2021-12-30 22:10,32603179,9749460.3,,,,
2021-12-30 22:15,32673083,9796717.1,,,,
2021-12-30 22:20,32707086,9748674.1,,,,
2021-12-30 22:25,32760858,9763390.9,,,,
2021-12-30 22:30,32731975,9762851.3,,,,
2021-12-30 22:35,32813587,9735252.1,,,,
2021-12-30 22:40,32796527,9702834.5,,,,
2021-12-30 22:45,32408984,9565187.5,,,,
2021-12-30 22:50,32374094,9573864.6,,,,
2021-12-30 22:55,32362671,9559285.8,,,,
2021-12-30 23:00,32348290,9592885.4,,,,
2021-12-30 23:05,32411655,9617590.8,,,,
2021-12-30 23:10,32438678,9637541.9,,,,
2021-12-30 23:15,32479406,9685683.7,,,,
2021-12-30 23:20,32461805,9695574.7,,,,
2021-12-30 23:25,32547479,9690035.4,,,,
2021-12-30 23:30,32573464,9714269.8,,,,
2021-12-30 23:35,32495617,9688167.9,,,,
2021-12-30 23:40,32538848,9678181.8,,,,
2021-12-30 23:45,32524093,9692206.7,,,,
2021-12-30 23:50,32428424,9649313,,,,
2021-12-30 23:55,32445300,9666420.1,,,,
2021-12-31 00:00,32452201,9650094.6,,,,
2021-12-31 00:05,32265580,9667847.7,,,,
2021-12-31 00:10,32215354,9657518.8,,,,
2021-12-31 00:15,32247156,9668342.3,,,,
2021-12-31 00:20,32206272,9634184.2,,,,
2021-12-31 00:25,32164421,9572687.8,,,,
2021-12-31 00:30,32269500,9563711.7,,,,
2021-12-31 00:35,32391828,9604537.2,,,,
2021-12-31 00:40,32420681,9564433.5,,,,
2021-12-31 00:45,32499189,9598666.7,,,,
2021-12-31 00:50,32618667,9683829.9,,,,
2021-12-31 00:55,32655734,9753941.2,,,,
2021-12-31 01:00,32682121,9732941.9,,,,
2021-12-31 01:05,32701524,9722817.1,,,,
2021-12-31 01:10,32778767,9704740.7,,,,
2021-12-31 01:15,32883729,9724461.2,,,,
2021-12-31 01:20,32818023,9708630.2,,,,
2021-12-31 01:25,32833458,9752522,,,,
2021-12-31 01:30,32867873,9734158.1,,,,
2021-12-31 01:35,32850747,9748854.4,,,,
2021-12-31 01:40,32833708,9724031,,,,
2021-12-31 01:45,32749211,9687902.7,,,,
2021-12-31 01:50,32796791,9652126.7,,,,
2021-12-31 01:55,32897300,9735298,,,,
2021-12-31 02:00,32947243,9751972.7,,,,
2021-12-31 02:05,32949859,9706876.2,,,,
2021-12-31 02:10,32915470,9712581.4,,,,
2021-12-31 02:15,32787965,9667328.2,,,,
2021-12-31 02:20,32687743,9671105.1,,,,
2021-12-31 02:25,32660178,9629853.5,,,,
2021-12-31 02:30,32582175,9618674.8,,,,
2021-12-31 02:35,32580397,9595532.6,,,,
2021-12-31 02:40,32573115,9609068.9,,,,
2021-12-31 02:45,32549950,9620708.3,,,,
2021-12-31 02:50,32564478,9657647.2,,,,
2021-12-31 02:55,32501331,9690699.2,,,,
2021-12-31 03:00,32503560,9696235.5,,,,
2021-12-31 03:05,32462249,9670127.4,,,,
2021-12-31 03:10,32470216,9680345.5,,,,
2021-12-31 03:15,32474025,9689945.4,,,,
2021-12-31 03:20,32510714,9712165.2,,,,
2021-12-31 03:25,32596229,9768111.9,,,,
2021-12-31 03:30,32798748,9826778.1,,,,
2021-12-31 03:35,32801433,9826981.3,,,,
2021-12-31 03:40,32676678,9802964.8,,,,
2021-12-31 03:45,32711969,9826675.5,,,,
2021-12-31 03:50,32824783,9874093.2,,,,
2021-12-31 03:55,32877744,9917900.3,,,,
2021-12-31 04:00,32890465,9901753.4,,,,
2021-12-31 04:05,32753570,9886992.6,,,,
2021-12-31 04:10,32570745,9852650.4,,,,
2021-12-31 04:15,32558471,9854422.9,,,,
2021-12-31 04:20,32618646,9899399.3,,,,
2021-12-31 04:25,32640315,9891400.4,,,,
2021-12-31 04:30,32601325,9867413.4,,,,
2021-12-31 04:35,32669553,9863918.1,,,,
2021-12-31 04:40,32632769,9888055.3,,,,
2021-12-31 04:45,32662650,9885024.4,,,,
2021-12-31 04:50,32609875,9856983,,,,
2021-12-31 04:55,32609967,9839731.4,,,,
2021-12-31 05:00,32623495,9861105.8,,,,
2021-12-31 05:05,32584903,9864566.5,,,,
2021-12-31 05:10,32544625,9864204.2,,,,
2021-12-31 05:15,32657679,9861312.8,,,,
2021-12-31 05:20,32662637,9839292.8,,,,
2021-12-31 05:25,32797542,9869161.8,,,,
2021-12-31 05:30,32754903,9872314,,,,
2021-12-31 05:35,32787444,9877561.8,,,,
2021-12-31 05:40,32794045,9872647.2,,,,
2021-12-31 05:45,32819406,9898690.3,,,,
2021-12-31 05:50,32829622,9892252.2,,,,
2021-12-31 05:55,32792470,9881682.6,,,,
2021-12-31 06:00,32769111,9858431.1,,,,
2021-12-31 06:05,32722577,9826917.1,,,,
2021-12-31 06:10,32800810,9836962.9,,,,
2021-12-31 06:15,32849827,9865233.7,,,,
2021-12-31 06:20,32891608,9889848.7,,,,
2021-12-31 06:25,32918625,9966772.1,,,,
2021-12-31 06:30,32853442,9942260.1,,,,
2021-12-31 06:35,32778787,9921483.2,,,,
2021-12-31 06:40,32794568,9944470.3,,,,
2021-12-31 06:45,32962119,10017847,,,,
2021-12-31 06:50,32787970,9936716.9,,,,
2021-12-31 06:55,32792286,9961312.7,,,,
2021-12-31 07:00,32760813,9910145.9,,,,
2021-12-31 07:05,32770597,9936206.2,,,,
2021-12-31 07:10,32720924,9908966.4,,,,
2021-12-31 07:15,32698175,9846728.4,,,,
2021-12-31 07:20,32739795,9866312.1,,,,
2021-12-31 07:25,32672533,9827340.9,,,,
2021-12-31 07:30,32664399,9791555,,,,
2021-12-31 07:35,32776054,9824739.9,,,,
2021-12-31 07:40,32783555,9822098.6,,,,
2021-12-31 07:45,32766696,9789738.5,,,,
2021-12-31 07:50,32788261,9812768.8,,,,
2021-12-31 07:55,32831040,9861131.2,,,,
2021-12-31 08:00,32806676,9910405.4,,,,
2021-12-31 08:05,32642497,9896225.8,,,,
2021-12-31 08:10,32523364,9854027,,,,
2021-12-31 08:15,32462849,9807351.3,,,,
2021-12-31 08:20,32341248,9773044.2,,,,
2021-12-31 08:25,32142909,9803908.7,,,,
2021-12-31 08:30,32018690,9789720.9,,,,
2021-12-31 08:35,32260099,9897620.3,,,,
2021-12-31 08:40,32322026,9910092.5,,,,
2021-12-31 08:45,32411837,9968473.1,,,,
2021-12-31 08:50,32490168,9997555.1,,,,
2021-12-31 08:55,32510302,9961054.5,,,,
2021-12-31 09:00,32508452,9988221.9,,,,
2021-12-31 09:05,32537620,9963344.6,,,,
2021-12-31 09:10,32447455,9972220.7,,,,
2021-12-31 09:15,32460361,9968576.9,,,,
2021-12-31 09:20,32348657,9916206.2,,,,
2021-12-31 09:25,32390594,9901201.8,,,,
2021-12-31 09:30,32201719,9845055.7,,,,
2021-12-31 09:35,32243387,9830041.4,,,,
2021-12-31 09:40,32178925,9810935.6,,,,
2021-12-31 09:45,32168215,9813249.8,,,,
2021-12-31 09:50,31977967,9734093.2,,,,
2021-12-31 09:55,31898878,9698568.4,,,,
2021-12-31 10:00,31844448,9713203.4,,,,
2021-12-31 10:05,31713609,9696160.4,,,,
2021-12-31 10:10,31656540,9643531.8,,,,
2021-12-31 10:15,31594385,9631042.8,,,,
2021-12-31 10:20,31693262,9681505.9,,,,
2021-12-31 10:25,31661673,9680387.1,,,,
2021-12-31 10:30,31584010,9675876.7,,,,
2021-12-31 10:35,31468036,9633765.8,,,,
2021-12-31 10:40,31428465,9595738.9,,,,
2021-12-31 10:45,31365756,9567496.6,,,,
2021-12-31 10:50,31291480,9536704.4,,,,
2021-12-31 10:55,31488721,9628205.8,,,,
2021-12-31 11:00,31440317,9537420.2,,,,
2021-12-31 11:05,31325529,9526949.2,,,,
2021-12-31 11:10,31261868,9515601.2,,,,
2021-12-31 11:15,31131362,9472650.8,,,,
2021-12-31 11:20,31090098,9461027.7,,,,
2021-12-31 11:25,30953934,9404065.2,,,,
2021-12-31 11:30,30909552,9399377.5,,,,
2021-12-31 11:35,30873039,9388778.6,,,,
2021-12-31 11:40,30808319,9370966.4,,,,
2021-12-31 11:45,30693960,9333112.4,,,,
2021-12-31 11:50,30616885,9284841,,,,
2021-12-31 11:55,30514773,9237585.3,,,,
2021-12-31 12:00,30402332,9215553.1,,,,
2021-12-31 12:05,30343565,9183517.9,,,,
2021-12-31 12:10,30294622,9178967.5,,,,
2021-12-31 12:15,30302736,9176594.2,,,,
2021-12-31 12:20,30274643,9160484.2,,,,
2021-12-31 12:25,30201173,9136026.1,,,,
2021-12-31 12:30,30122422,9116069.7,,,,
2021-12-31 12:35,29949579,9098083.1,,,,
2021-12-31 12:40,29913166,9093303.3,,,,
2021-12-31 12:45,29898386,9103333.5,,,,
2021-12-31 12:50,29910003,9070208.4,,,,
2021-12-31 12:55,29852911,9047920.3,,,,
2021-12-31 13:00,29785515,9036914.2,,,,
2021-12-31 13:05,29728972,9031150.1,,,,
2021-12-31 13:10,29618427,8981195.6,,,,
2021-12-31 13:15,29569717,8954893.1,,,,
2021-12-31 13:20,29585610,8955162.7,,,,
2021-12-31 13:25,29541728,8938597.8,,,,
2021-12-31 13:30,29492229,8930784.6,,,,
2021-12-31 13:35,29510164,8945195.3,,,,
2021-12-31 13:40,29510508,8943749.7,,,,
2021-12-31 13:45,29463943,8954681.6,,,,
2021-12-31 13:50,29428376,8929336.5,,,,
2021-12-31 13:55,29417264,8906327.6,,,,
2021-12-31 14:00,29421799,8902837.2,,,,
2021-12-31 14:05,29384969,8873379.1,,,,
2021-12-31 14:10,29246864,8817970.7,,,,
2021-12-31 14:15,29250694,8834446.4,,,,
2021-12-31 14:20,29218585,8808729.9,,,,
2021-12-31 14:25,29184433,8811963.8,,,,
2021-12-31 14:30,29196307,8849400.7,,,,
2021-12-31 14:35,29169462,8873350.3,,,,
2021-12-31 14:40,29119720,8840229.5,,,,
2021-12-31 14:45,29125524,8826198.8,,,,
2021-12-31 14:50,29055208,8803728,,,,
2021-12-31 14:55,29008315,8797641.8,,,,
2021-12-31 15:00,28952098,8773643.8,,,,
2021-12-31 15:05,28893220,8745563.1,,,,
2021-12-31 15:10,28864056,8749535.3,,,,
2021-12-31 15:15,28760292,8719997.7,,,,
2021-12-31 15:20,28749488,8735470.4,,,,
2021-12-31 15:25,28886592,8795160.8,,,,
2021-12-31 15:30,28804143,8747320.2,,,,
2021-12-31 15:35,28670011,8682666.4,,,,
2021-12-31 15:40,28616290,8650391.1,,,,
2021-12-31 15:45,28428617,8580059.9,,,,
2021-12-31 15:50,28285110,8523717.9,,,,
2021-12-31 15:55,28303335,8533131.1,,,,
2021-12-31 16:00,28366967,8574858.7,,,,
2021-12-31 16:10,28174734,8524102.6,,,,
2021-12-31 16:15,28127013,8509839.3,,,,
2021-12-31 16:20,27977983,8482521,,,,
2021-12-31 16:25,27863776,8460106.1,,,,
2021-12-31 16:30,27919556,8459624.1,,,,
2021-12-31 16:35,27853365,8418554.2,,,,
2021-12-31 16:40,27789762,8392378.6,,,,
2021-12-31 16:45,27761067,8387345.7,,,,
2021-12-31 16:50,27729525,8387349.4,,,,
2021-12-31 16:55,27543106,8247629.4,,,,
2021-12-31 17:00,27533499,8192721.8,,,,
2021-12-31 17:05,27527750,8231094,,,,
2021-12-31 17:10,27628541,8225034.6,,,,
2021-12-31 17:15,27524407,8190704.2,,,,
2021-12-31 17:20,27450672,8154228.7,,,,
2021-12-31 17:25,27426658,8157785.2,,,,
2021-12-31 17:30,27162091,8031857.2,,,,
2021-12-31 17:35,27194611,8027849.2,,,,
2021-12-31 17:40,27251632,8077665.5,,,,
2021-12-31 17:45,27216622,8060909.7,,,,
2021-12-31 17:50,27198953,8044371.6,,,,
2021-12-31 17:55,27417674,8088488,,,,
2021-12-31 18:00,27578027,8128077.4,,,,
2021-12-31 18:05,27663285,8156893.9,,,,
2021-12-31 18:10,27711090,8146366.9,,,,
2021-12-31 18:15,27750104,8135803.5,,,,
2021-12-31 18:20,28038885,8229272.3,,,,
2021-12-31 18:25,27993317,8218458.8,,,,
2021-12-31 18:30,27964888,8185920,,,,
2021-12-31 18:35,27969334,8195288.1,,,,
2021-12-31 18:40,27936468,8165270.9,,,,
2021-12-31 18:45,27907987,8146550.2,,,,
2021-12-31 18:50,27978862,8171933.7,,,,
2021-12-31 18:55,28041032,8169253,,,,
2021-12-31 19:00,28087687,8171270.2,,,,
2021-12-31 19:05,28146539,8212878.6,,,,
2021-12-31 19:10,28135986,8188649,,,,
2021-12-31 19:15,27966422,8105228.4,,,,
2021-12-31 19:20,27838093,8044933.3,,,,
2021-12-31 19:25,27740075,7977768.2,,,,
2021-12-31 19:30,27733777,7987359.9,,,,
2021-12-31 19:35,27647609,7955724.7,,,,
2021-12-31 19:40,27596561,7962526.3,,,,
2021-12-31 19:45,27661704,7960315.3,,,,
2021-12-31 19:50,27688375,7934144.6,,,,
2021-12-31 19:55,27660247,7900043.1,,,,
2021-12-31 20:00,27582661,7858575.9,,,,
2021-12-31 20:05,27670419,7948842.5,,,,
2021-12-31 20:10,27716408,7970772.8,,,,
2021-12-31 20:15,27686613,7980112.5,,,,
2021-12-31 20:20,27673389,7920634,,,,
2021-12-31 20:25,27771802,7951168,,,,
2021-12-31 20:30,27820670,7993116.9,,,,
2021-12-31 20:35,27751685,7941370.3,,,,
2021-12-31 20:40,27742383,7925998.8,,,,
2021-12-31 20:45,27661221,7894067.7,,,,
2021-12-31 20:50,27596487,7872173.9,,,,
2021-12-31 20:55,27393617,7779787.2,,,,
2021-12-31 21:00,27321138,7752646.1,,,,
2021-12-31 21:05,27061325,7756951.6,,,,
2021-12-31 21:10,26947948,7696104.9,,,,
2021-12-31 21:15,26909366,7687492.7,,,,
2021-12-31 21:20,26923631,7717320.9,,,,
2021-12-31 21:25,26886188,7703943,,,,
2021-12-31 21:30,26780159,7715096,,,,
2021-12-31 21:35,26697077,7701765,,,,
2021-12-31 21:40,26634245,7690550.9,,,,
2021-12-31 21:45,26640692,7680777.9,,,,
2021-12-31 21:50,26643639,7697347.3,,,,
2021-12-31 21:55,26663620,7702426.6,,,,
2021-12-31 22:00,26687731,7719426.2,,,,
2021-12-31 22:05,26762969,7769022.3,,,,
2021-12-31 22:10,26743714,7771372.4,,,,
2021-12-31 22:15,26783652,7815056.1,,,,
2021-12-31 22:20,26797413,7806950.4,,,,
2021-12-31 22:25,26799597,7792179,,,,
2021-12-31 22:30,26956920,7827076.5,,,,
2021-12-31 22:35,27035599,7841932.9,,,,
2021-12-31 22:40,27136949,7849822.7,,,,
2021-12-31 22:45,27228043,7872949.4,,,,
2021-12-31 22:50,27285525,7908889.5,,,,
2021-12-31 22:55,27425728,7948265,,,,
2021-12-31 23:00,27512325,7972058.5,,,,
2021-12-31 23:05,27590806,8044230.5,,,,
2021-12-31 23:10,27639207,8064041,,,,
2021-12-31 23:15,27684581,8075822.6,,,,
2021-12-31 23:20,27717484,8080200.9,,,,
2021-12-31 23:25,27735968,8073108.2,,,,
2021-12-31 23:30,27742051,8075226.1,,,,
2021-12-31 23:35,27720409,8089647,,,,
2021-12-31 23:40,27703548,8074937.1,,,,
2021-12-31 23:45,27718614,8095946.1,,,,
2021-12-31 23:50,27737166,8094409.3,,,,
2021-12-31 23:55,27631923,8033981.6,,,,
