t,interval_h,rate
2022-03-17 16:00,8,-0.00525377
2022-03-18 00:00,8,-0.00084044
2022-03-18 08:00,8,-0.0055363
2022-03-18 16:00,8,-0.00133993
2022-03-19 00:00,8,-0.00153859
2022-03-19 08:00,8,-0.0004622
2022-03-19 16:00,8,-0.00031904
2022-03-20 00:00,8,5.221e-05
2022-03-20 08:00,8,0.0001
2022-03-20 16:00,8,0.0001
2022-03-21 00:00,8,0.0001
2022-03-21 08:00,8,0.0001
2022-03-21 16:00,8,0.0001
2022-03-22 00:00,8,0.0001
2022-03-22 08:00,8,0.0001
2022-03-22 16:00,8,0.0001
2022-03-23 00:00,8,0.0001
2022-03-23 08:00,8,0.0001
2022-03-23 16:00,8,0.0001
2022-03-24 00:00,8,0.0001
2022-03-24 08:00,8,-7.829e-05
2022-03-24 16:00,8,0.0001
2022-03-25 00:00,8,0.0001
2022-03-25 08:00,8,0.0001
2022-03-25 16:00,8,0.0001
2022-03-26 00:00,8,0.0001
2022-03-26 08:00,8,0.0001
2022-03-26 16:00,8,0.0001
2022-03-27 00:00,8,0.0001
2022-03-27 08:00,8,0.0001
2022-03-27 16:00,8,0.0001
2022-03-28 00:00,8,0.0001
2022-03-28 08:00,8,0.0001
2022-03-28 16:00,8,0.0001
2022-03-29 00:00,8,0.0001
2022-03-29 08:00,8,0.0001
2022-03-29 16:00,8,0.0001
2022-03-30 00:00,8,0.0001
2022-03-30 08:00,8,0.0001
2022-03-30 16:00,8,0.0001
2022-03-31 00:00,8,0.0001
2022-03-31 08:00,8,0.00015546
2022-03-31 16:00,8,0.0001
2022-04-01 00:00,8,0.0001
2022-04-01 08:00,8,0.0001
2022-04-01 16:00,8,0.0001
2022-04-02 00:00,8,0.0001
2022-04-02 08:00,8,0.0001
2022-04-02 16:00,8,0.0001
2022-04-03 00:00,8,0.0001
2022-04-03 08:00,8,0.0001
2022-04-03 16:00,8,0.0001
2022-04-04 00:00,8,0.0001
2022-04-04 08:00,8,0.0001
2022-04-04 16:00,8,0.0001
2022-04-05 00:00,8,0.0001
2022-04-05 08:00,8,0.0001
2022-04-05 16:00,8,0.0001
2022-04-06 00:00,8,0.0001
2022-04-06 08:00,8,0.0001
2022-04-06 16:00,8,0.0001
2022-04-07 00:00,8,0.0001
2022-04-07 08:00,8,0.0001
2022-04-07 16:00,8,9.55e-05
2022-04-08 00:00,8,0.0001
2022-04-08 08:00,8,0.0001
2022-04-08 16:00,8,0.0001
2022-04-09 00:00,8,0.0001
2022-04-09 08:00,8,0.0001
2022-04-09 16:00,8,0.0001
2022-04-10 00:00,8,0.0001
2022-04-10 08:00,8,0.0001
2022-04-10 16:00,8,0.0001
2022-04-11 00:00,8,0.0001
2022-04-11 08:00,8,0.0001
2022-04-11 16:00,8,0.0001
2022-04-12 00:00,8,2.69e-06
2022-04-12 08:00,8,5.496e-05
2022-04-12 16:00,8,0.0001
2022-04-13 00:00,8,0.0001
2022-04-13 08:00,8,0.0001
2022-04-13 16:00,8,0.0001
2022-04-14 00:00,8,0.0001
2022-04-14 08:00,8,0.0001
2022-04-14 16:00,8,0.0001
2022-04-15 00:00,8,6.176e-05
2022-04-15 08:00,8,7.277e-05
2022-04-15 16:00,8,0.0001
2022-04-16 00:00,8,0.0001
2022-04-16 08:00,8,0.0001
2022-04-16 16:00,8,0.0001
2022-04-17 00:00,8,-5.726e-05
2022-04-17 08:00,8,6.643e-05
2022-04-17 16:00,8,4.84e-05
2022-04-18 00:00,8,0.0001
2022-04-18 08:00,8,8.61e-05
2022-04-18 16:00,8,0.0001
2022-04-19 00:00,8,4.975e-05
2022-04-19 08:00,8,0.0001
2022-04-19 16:00,8,2.128e-05
2022-04-20 00:00,8,0.0001
2022-04-20 08:00,8,0.0001
2022-04-20 16:00,8,0.0001
2022-04-21 00:00,8,0.0001
2022-04-21 08:00,8,0.0001
2022-04-21 16:00,8,0.0001
2022-04-22 00:00,8,0.0001
2022-04-22 08:00,8,0.0001
2022-04-22 16:00,8,0.0001
2022-04-23 00:00,8,1.738e-05
2022-04-23 08:00,8,7.967e-05
2022-04-23 16:00,8,0.0001
2022-04-24 00:00,8,0.0001
2022-04-24 08:00,8,0.0001
2022-04-24 16:00,8,2.083e-05
2022-04-25 00:00,8,9.84e-06
2022-04-25 08:00,8,-4.533e-05
2022-04-25 16:00,8,-2.917e-05
2022-04-26 00:00,8,-0.0001418
2022-04-26 08:00,8,3.913e-05
2022-04-26 16:00,8,-7.545e-05
2022-04-27 00:00,8,-0.00010977
2022-04-27 08:00,8,-0.00015339
2022-04-27 16:00,8,-0.0003025
2022-04-28 00:00,8,-0.00030718
2022-04-28 08:00,8,-0.00048327
2022-04-28 16:00,8,-0.00058708
2022-04-29 00:00,8,-0.00020143
2022-04-29 08:00,8,-0.00014379
2022-04-29 16:00,8,-0.00087778
2022-04-30 00:00,8,-0.00093586
2022-04-30 08:00,8,-0.0075
2022-04-30 16:00,8,-0.0075
2022-05-01 00:00,8,-0.0075
2022-05-01 08:00,8,-0.00141619
2022-05-01 16:00,8,-1.136e-05
2022-05-02 00:00,8,0.00012983
2022-05-02 08:00,8,2.69e-05
2022-05-02 16:00,8,0.0001
2022-05-03 00:00,8,8.233e-05
2022-05-03 08:00,8,0.0001
2022-05-03 16:00,8,0.0001
2022-05-04 00:00,8,5.485e-05
2022-05-04 08:00,8,0.0001
2022-05-04 16:00,8,-2.245e-05
2022-05-05 00:00,8,-5.399e-05
2022-05-05 08:00,8,-1.59e-05
2022-05-05 16:00,8,0.0001
2022-05-06 00:00,8,-0.0002609
2022-05-06 08:00,8,-4.908e-05
2022-05-06 16:00,8,5.436e-05
2022-05-07 00:00,8,3.407e-05
2022-05-07 08:00,8,1.352e-05
2022-05-07 16:00,8,-0.00010796
2022-05-08 00:00,8,6.555e-05
2022-05-08 08:00,8,4.843e-05
2022-05-08 16:00,8,0.0001
2022-05-09 00:00,8,0.0001
2022-05-09 08:00,8,0.0001
2022-05-09 16:00,8,-2.016e-05
2022-05-10 00:00,8,-0.00036819
2022-05-10 08:00,8,-0.0003287
2022-05-10 16:00,8,-0.00029185
2022-05-11 00:00,8,-0.00043724
2022-05-11 08:00,8,-0.00033918
2022-05-11 16:00,8,-0.00014316
2022-05-12 00:00,8,-0.00059736
2022-05-12 08:00,8,-0.00054727
2022-05-12 16:00,8,-0.00045084
2022-05-13 00:00,8,-0.00021945
2022-05-13 08:00,8,-8.945e-05
2022-05-13 16:00,8,-0.0002593
2022-05-14 00:00,8,-0.00029847
2022-05-14 08:00,8,-4.778e-05
2022-05-14 16:00,8,-9.309e-05
2022-05-15 00:00,8,-7.542e-05
2022-05-15 08:00,8,-7.392e-05
2022-05-15 16:00,8,-9.483e-05
2022-05-16 00:00,8,-2.567e-05
2022-05-16 08:00,8,-0.00012849
2022-05-16 16:00,8,-8.939e-05
2022-05-17 00:00,8,-0.0002702
2022-05-17 08:00,8,-0.00022799
2022-05-17 16:00,8,3.17e-06
2022-05-18 00:00,8,-0.00021548
2022-05-18 08:00,8,-5.382e-05
2022-05-18 16:00,8,-0.00015032
2022-05-19 00:00,8,-0.00017525
2022-05-19 08:00,8,-0.0002534
2022-05-19 16:00,8,-0.00024597
2022-05-20 00:00,8,-0.00012248
2022-05-20 08:00,8,-0.00012328
2022-05-20 16:00,8,-7.365e-05
2022-05-21 00:00,8,-0.00011834
2022-05-21 08:00,8,-0.00015705
2022-05-21 16:00,8,-8.656e-05
2022-05-22 00:00,8,5.03e-06
2022-05-22 08:00,8,-3.973e-05
2022-05-22 16:00,8,1.653e-05
2022-05-23 00:00,8,-7.451e-05
2022-05-23 08:00,8,2.012e-05
2022-05-23 16:00,8,1.679e-05
2022-05-24 00:00,8,-0.00010944
2022-05-24 08:00,8,2.142e-05
2022-05-24 16:00,8,-0.00025982
2022-05-25 00:00,8,-0.00039103
2022-05-25 08:00,8,-0.00018511
2022-05-25 16:00,8,-0.00022121
2022-05-26 00:00,8,-0.00012415
2022-05-26 08:00,8,-0.00018358
2022-05-26 16:00,8,-0.00039781
2022-05-27 00:00,8,-0.00023586
2022-05-27 08:00,8,-0.00027846
2022-05-27 16:00,8,-0.00023289
2022-05-28 00:00,8,-0.0001944
2022-05-28 08:00,8,-0.000172
2022-05-28 16:00,8,-0.00020108
2022-05-29 00:00,8,-0.0002085
2022-05-29 08:00,8,-0.0001405
2022-05-29 16:00,8,-0.00018473
2022-05-30 00:00,8,-0.00017345
2022-05-30 08:00,8,-6.706e-05
2022-05-30 16:00,8,4.78e-05
2022-05-31 00:00,8,-4.161e-05
2022-05-31 08:00,8,5.664e-05
2022-05-31 16:00,8,-4.963e-05
2022-06-01 00:00,8,-6.57e-05
2022-06-01 08:00,8,-6.424e-05
2022-06-01 16:00,8,1.316e-05
2022-06-02 00:00,8,-0.00022187
2022-06-02 08:00,8,-0.00012081
2022-06-02 16:00,8,-2.879e-05
2022-06-03 00:00,8,-7.449e-05
2022-06-03 08:00,8,4.246e-05
2022-06-03 16:00,8,-0.00012205
2022-06-04 00:00,8,-0.00012633
2022-06-04 08:00,8,-2.427e-05
2022-06-04 16:00,8,-0.00014325
2022-06-05 00:00,8,-3.779e-05
2022-06-05 08:00,8,-7.322e-05
2022-06-05 16:00,8,-0.0001316
2022-06-06 00:00,8,-1.577e-05
2022-06-06 08:00,8,6.561e-05
2022-06-06 16:00,8,8.518e-05
2022-06-07 00:00,8,-5.75e-05
2022-06-07 08:00,8,-2.999e-05
2022-06-07 16:00,8,-4.248e-05
2022-06-08 00:00,8,9.499e-05
2022-06-08 08:00,8,6.96e-06
2022-06-08 16:00,8,8.454e-05
2022-06-09 00:00,8,-8.172e-05
2022-06-09 08:00,8,-6.418e-05
2022-06-09 16:00,8,3.074e-05
2022-06-10 00:00,8,2.067e-05
2022-06-10 08:00,8,2.87e-06
2022-06-10 16:00,8,-0.00011613
2022-06-11 00:00,8,-0.00010509
2022-06-11 08:00,8,-2.86e-05
2022-06-11 16:00,8,-1.89e-05
2022-06-12 00:00,8,-6.468e-05
2022-06-12 08:00,8,-5.136e-05
2022-06-12 16:00,8,-0.00010561
2022-06-13 00:00,8,-0.00018306
2022-06-13 08:00,8,-5.161e-05
2022-06-13 16:00,8,-0.0001678
2022-06-14 00:00,8,-0.00012607
2022-06-14 08:00,8,-7.792e-05
2022-06-14 16:00,8,-7.977e-05
2022-06-15 00:00,8,-0.00012745
2022-06-15 08:00,8,-0.00014326
2022-06-15 16:00,8,-1.108e-05
2022-06-16 00:00,8,6.154e-05
2022-06-16 08:00,8,0.0001
2022-06-16 16:00,8,-4.456e-05
2022-06-17 00:00,8,-0.00014686
2022-06-17 08:00,8,-0.00017331
2022-06-17 16:00,8,-0.00013333
2022-06-18 00:00,8,-0.00012079
2022-06-18 08:00,8,-0.00022781
2022-06-18 16:00,8,-0.00021395
2022-06-19 00:00,8,-0.00010862
2022-06-19 08:00,8,-0.00011748
2022-06-19 16:00,8,-0.00010556
2022-06-20 00:00,8,-3.953e-05
2022-06-20 08:00,8,-5.339e-05
2022-06-20 16:00,8,-0.00010219
2022-06-21 00:00,8,2.89e-05
2022-06-21 08:00,8,1.637e-05
2022-06-21 16:00,8,1.95e-05
2022-06-22 00:00,8,-0.00016407
2022-06-22 08:00,8,-0.00013279
2022-06-22 16:00,8,-0.00011927
2022-06-23 00:00,8,-8.992e-05
2022-06-23 08:00,8,-7.127e-05
2022-06-23 16:00,8,-6.21e-05
2022-06-24 00:00,8,5.48e-05
2022-06-24 08:00,8,9.038e-05
2022-06-24 16:00,8,9.967e-05
2022-06-25 00:00,8,5.754e-05
2022-06-25 08:00,8,5.093e-05
2022-06-25 16:00,8,7.925e-05
2022-06-26 00:00,8,6.858e-05
2022-06-26 08:00,8,8.29e-05
2022-06-26 16:00,8,4.642e-05
2022-06-27 00:00,8,-1.193e-05
2022-06-27 08:00,8,-4.701e-05
2022-06-27 16:00,8,-5.551e-05
2022-06-28 00:00,8,-4.648e-05
2022-06-28 08:00,8,-6.51e-05
2022-06-28 16:00,8,5.634e-05
2022-06-29 00:00,8,-1.782e-05
2022-06-29 08:00,8,-0.00017902
2022-06-29 16:00,8,-0.00027107
2022-06-30 00:00,8,-0.00016434
2022-06-30 08:00,8,-0.00011309
2022-06-30 16:00,8,-0.00020595
2022-07-01 00:00,8,-0.00023676
2022-07-01 08:00,8,-0.00015799
2022-07-01 16:00,8,-0.00010546
2022-07-02 00:00,8,8.23e-06
2022-07-02 08:00,8,-0.00018871
2022-07-02 16:00,8,-0.00014041
2022-07-03 00:00,8,-7.929e-05
2022-07-03 08:00,8,-2.445e-05
2022-07-03 16:00,8,-1.995e-05
2022-07-04 00:00,8,-4.142e-05
2022-07-04 08:00,8,-0.00021083
2022-07-04 16:00,8,-0.0001
2022-07-05 00:00,8,-6.715e-05
2022-07-05 08:00,8,5.676e-05
2022-07-05 16:00,8,-6.518e-05
2022-07-06 00:00,8,2.065e-05
2022-07-06 08:00,8,-1.201e-05
2022-07-06 16:00,8,3.441e-05
2022-07-07 00:00,8,-2.738e-05
2022-07-07 08:00,8,4.121e-05
2022-07-07 16:00,8,-3.108e-05
2022-07-08 00:00,8,8.81e-05
2022-07-08 08:00,8,3.238e-05
2022-07-08 16:00,8,-8.073e-05
2022-07-09 00:00,8,-1.872e-05
2022-07-09 08:00,8,-4.331e-05
2022-07-09 16:00,8,-5.959e-05
2022-07-10 00:00,8,3.54e-05
2022-07-10 08:00,8,-5.05e-05
2022-07-10 16:00,8,-9.826e-05
2022-07-11 00:00,8,-0.00012926
2022-07-11 08:00,8,-5.7e-06
2022-07-11 16:00,8,-6.9e-07
2022-07-12 00:00,8,-4.546e-05
2022-07-12 08:00,8,-4.882e-05
2022-07-12 16:00,8,-0.00015476
2022-07-13 00:00,8,-0.00016149
2022-07-13 08:00,8,-0.00012614
2022-07-13 16:00,8,-0.00024188
2022-07-14 00:00,8,-1.745e-05
2022-07-14 08:00,8,-6.99e-06
2022-07-14 16:00,8,-6.876e-05
2022-07-15 00:00,8,5.62e-06
2022-07-15 08:00,8,9.901e-05
2022-07-15 16:00,8,0.0001
2022-07-16 00:00,8,8.617e-05
2022-07-16 08:00,8,4.437e-05
2022-07-16 16:00,8,3.362e-05
2022-07-17 00:00,8,0.0001
2022-07-17 08:00,8,0.0001
2022-07-17 16:00,8,7.436e-05
2022-07-18 00:00,8,0.0001
2022-07-18 08:00,8,0.0001
2022-07-18 16:00,8,0.0001
2022-07-19 00:00,8,0.0001
2022-07-19 08:00,8,0.0001
2022-07-19 16:00,8,0.0001
2022-07-20 00:00,8,0.0001
2022-07-20 08:00,8,0.0001
2022-07-20 16:00,8,0.0001
2022-07-21 00:00,8,0.0001
2022-07-21 08:00,8,0.0001
2022-07-21 16:00,8,0.0001
2022-07-22 00:00,8,0.0001
2022-07-22 08:00,8,0.0001
2022-07-22 16:00,8,0.0001
2022-07-23 00:00,8,0.0001
2022-07-23 08:00,8,-0.00011831
2022-07-23 16:00,8,0.0001
2022-07-24 00:00,8,0.0001
2022-07-24 08:00,8,7.299e-05
2022-07-24 16:00,8,9.27e-06
2022-07-25 00:00,8,4.364e-05
2022-07-25 08:00,8,-8.23e-06
2022-07-25 16:00,8,0.0001
2022-07-26 00:00,8,2.37e-05
2022-07-26 08:00,8,0.0001
2022-07-26 16:00,8,0.0001
2022-07-27 00:00,8,-3.557e-05
2022-07-27 08:00,8,4.623e-05
2022-07-27 16:00,8,-3.192e-05
2022-07-28 00:00,8,0.0001
2022-07-28 08:00,8,0.0001
2022-07-28 16:00,8,0.0001
2022-07-29 00:00,8,0.0001
2022-07-29 08:00,8,0.0001
2022-07-29 16:00,8,0.0001
2022-07-30 00:00,8,0.0001
2022-07-30 08:00,8,0.0001
2022-07-30 16:00,8,0.0001
2022-07-31 00:00,8,0.0001
2022-07-31 08:00,8,0.0001
2022-07-31 16:00,8,0.0001
2022-08-01 00:00,8,0.0001
2022-08-01 08:00,8,0.0001
2022-08-01 16:00,8,0.0001
2022-08-02 00:00,8,3.74e-06
2022-08-02 08:00,8,-8.499e-05
2022-08-02 16:00,8,-0.00013173
2022-08-03 00:00,8,0.0001
2022-08-03 08:00,8,-4.905e-05
2022-08-03 16:00,8,2.814e-05
2022-08-04 00:00,8,4.723e-05
2022-08-04 08:00,8,-8.252e-05
2022-08-04 16:00,8,7.588e-05
2022-08-05 00:00,8,-7.258e-05
2022-08-05 08:00,8,-3.76e-06
2022-08-05 16:00,8,-5.578e-05
2022-08-06 00:00,8,6.31e-05
2022-08-06 08:00,8,4.441e-05
2022-08-06 16:00,8,3.756e-05
2022-08-07 00:00,8,3.007e-05
2022-08-07 08:00,8,-2.937e-05
2022-08-07 16:00,8,-0.00011605
2022-08-08 00:00,8,-8.687e-05
2022-08-08 08:00,8,-4.806e-05
2022-08-08 16:00,8,1.512e-05
2022-08-09 00:00,8,8.382e-05
2022-08-09 08:00,8,0.0001
2022-08-09 16:00,8,-8.88e-05
2022-08-10 00:00,8,-0.00011218
2022-08-10 08:00,8,6.164e-05
2022-08-10 16:00,8,-9.2e-06
2022-08-11 00:00,8,1.87e-05
2022-08-11 08:00,8,0.0001
2022-08-11 16:00,8,1.304e-05
2022-08-12 00:00,8,-3.072e-05
2022-08-12 08:00,8,0.0001
2022-08-12 16:00,8,3.894e-05
2022-08-13 00:00,8,7.361e-05
2022-08-13 08:00,8,0.0001
2022-08-13 16:00,8,9.79e-05
2022-08-14 00:00,8,4.076e-05
2022-08-14 08:00,8,0.0001
2022-08-14 16:00,8,0.0001
2022-08-15 00:00,8,6.458e-05
2022-08-15 08:00,8,1.014e-05
2022-08-15 16:00,8,7.422e-05
2022-08-16 00:00,8,3.84e-05
2022-08-16 08:00,8,0.0001
2022-08-16 16:00,8,0.0001
2022-08-17 00:00,8,6.478e-05
2022-08-17 08:00,8,2.834e-05
2022-08-17 16:00,8,-0.00011009
2022-08-18 00:00,8,-8.063e-05
2022-08-18 08:00,8,6.7e-06
2022-08-18 16:00,8,-7.459e-05
2022-08-19 00:00,8,-5.203e-05
2022-08-19 08:00,8,-0.00028549
2022-08-19 16:00,8,-9.752e-05
2022-08-20 00:00,8,-0.00010963
2022-08-20 08:00,8,-8.905e-05
2022-08-20 16:00,8,-8.2e-05
2022-08-21 00:00,8,-0.00025431
2022-08-21 08:00,8,-0.00016883
2022-08-21 16:00,8,-8.605e-05
2022-08-22 00:00,8,-0.00014638
2022-08-22 08:00,8,-0.00017248
2022-08-22 16:00,8,-0.00012463
2022-08-23 00:00,8,-1.163e-05
2022-08-23 08:00,8,-5.249e-05
2022-08-23 16:00,8,-4.69e-06
2022-08-24 00:00,8,-2.775e-05
2022-08-24 08:00,8,-3.057e-05
2022-08-24 16:00,8,-0.00014584
2022-08-25 00:00,8,-9.639e-05
2022-08-25 08:00,8,-6.274e-05
2022-08-25 16:00,8,-5.384e-05
2022-08-26 00:00,8,-4.751e-05
2022-08-26 08:00,8,-2.635e-05
2022-08-26 16:00,8,-1.967e-05
2022-08-27 00:00,8,-9.133e-05
2022-08-27 08:00,8,-9.734e-05
2022-08-27 16:00,8,-9.356e-05
2022-08-28 00:00,8,-0.00018635
2022-08-28 08:00,8,-0.00013491
2022-08-28 16:00,8,-9.538e-05
2022-08-29 00:00,8,-0.00020583
2022-08-29 08:00,8,-0.00015322
2022-08-29 16:00,8,-0.00013197
2022-08-30 00:00,8,-4.127e-05
2022-08-30 08:00,8,-2.165e-05
2022-08-30 16:00,8,-0.00010922
2022-08-31 00:00,8,-0.00011315
2022-08-31 08:00,8,1.116e-05
2022-08-31 16:00,8,-0.00010998
2022-09-01 00:00,8,-6.333e-05
2022-09-01 08:00,8,-5.274e-05
2022-09-01 16:00,8,-0.00013541
2022-09-02 00:00,8,2.376e-05
2022-09-02 08:00,8,-0.00010459
2022-09-02 16:00,8,-9.097e-05
2022-09-03 00:00,8,-0.00015245
2022-09-03 08:00,8,-5.24e-05
2022-09-03 16:00,8,4.724e-05
2022-09-04 00:00,8,-4.831e-05
2022-09-04 08:00,8,2.767e-05
2022-09-04 16:00,8,-1.815e-05
2022-09-05 00:00,8,-1.18e-06
2022-09-05 08:00,8,-6.394e-05
2022-09-05 16:00,8,-6.827e-05
2022-09-06 00:00,8,-1.07e-06
2022-09-06 08:00,8,3.385e-05
2022-09-06 16:00,8,-2.25e-06
2022-09-07 00:00,8,-0.00015705
2022-09-07 08:00,8,-0.00016507
2022-09-07 16:00,8,-0.0002104
2022-09-08 00:00,8,-0.0001868
2022-09-08 08:00,8,-0.00016272
2022-09-08 16:00,8,7.031e-05
2022-09-09 00:00,8,-2.448e-05
2022-09-09 08:00,8,-9.78e-05
2022-09-09 16:00,8,0.0001
2022-09-10 00:00,8,5.239e-05
2022-09-10 08:00,8,6.86e-06
2022-09-10 16:00,8,8.453e-05
2022-09-11 00:00,8,6.176e-05
2022-09-11 08:00,8,-1.162e-05
2022-09-11 16:00,8,0.0001
2022-09-12 00:00,8,4.024e-05
2022-09-12 08:00,8,-3.5e-07
2022-09-12 16:00,8,1.19e-06
2022-09-13 00:00,8,9.582e-05
2022-09-13 08:00,8,6.78e-06
2022-09-13 16:00,8,0.0001
2022-09-14 00:00,8,8.446e-05
2022-09-14 08:00,8,2.64e-06
2022-09-14 16:00,8,6.44e-06
2022-09-15 00:00,8,-5.625e-05
2022-09-15 08:00,8,3.885e-05
2022-09-15 16:00,8,-2.054e-05
2022-09-16 00:00,8,2.519e-05
2022-09-16 08:00,8,-6.922e-05
2022-09-16 16:00,8,-6.174e-05
2022-09-17 00:00,8,-0.00018638
2022-09-17 08:00,8,-0.00018274
2022-09-17 16:00,8,-0.00021288
2022-09-18 00:00,8,-0.00014993
2022-09-18 08:00,8,-1.558e-05
2022-09-18 16:00,8,-5.974e-05
2022-09-19 00:00,8,-2.139e-05
2022-09-19 08:00,8,-7.006e-05
2022-09-19 16:00,8,-4.579e-05
2022-09-20 00:00,8,5.178e-05
2022-09-20 08:00,8,-6.237e-05
2022-09-20 16:00,8,-5.84e-06
2022-09-21 00:00,8,3.853e-05
2022-09-21 08:00,8,-2.262e-05
2022-09-21 16:00,8,1.06e-06
2022-09-22 00:00,8,-9.27e-06
2022-09-22 08:00,8,-2.102e-05
2022-09-22 16:00,8,-8.307e-05
2022-09-23 00:00,8,1.49e-06
2022-09-23 08:00,8,-8.973e-05
2022-09-23 16:00,8,-6.773e-05
2022-09-24 00:00,8,4.413e-05
2022-09-24 08:00,8,-2.832e-05
2022-09-24 16:00,8,-4e-05
2022-09-25 00:00,8,-1.832e-05
2022-09-25 08:00,8,1.626e-05
2022-09-25 16:00,8,-6.05e-05
2022-09-26 00:00,8,-1.384e-05
2022-09-26 08:00,8,6.795e-05
2022-09-26 16:00,8,-9.615e-05
2022-09-27 00:00,8,5.396e-05
2022-09-27 08:00,8,5.878e-05
2022-09-27 16:00,8,4.382e-05
2022-09-28 00:00,8,-7.767e-05
2022-09-28 08:00,8,7.302e-05
2022-09-28 16:00,8,-0.00010938
2022-09-29 00:00,8,-2.465e-05
2022-09-29 08:00,8,4.988e-05
2022-09-29 16:00,8,1.718e-05
2022-09-30 00:00,8,0.0001
2022-09-30 08:00,8,0.0001
2022-09-30 16:00,8,-7.64e-06
2022-10-01 00:00,8,0.0001
2022-10-01 08:00,8,0.0001
2022-10-01 16:00,8,0.0001
2022-10-02 00:00,8,7.197e-05
2022-10-02 08:00,8,0.0001
2022-10-02 16:00,8,0.0001
2022-10-03 00:00,8,0.0001
2022-10-03 08:00,8,0.0001
2022-10-03 16:00,8,-9.22e-05
2022-10-04 00:00,8,9.587e-05
2022-10-04 08:00,8,4.868e-05
2022-10-04 16:00,8,6.74e-05
2022-10-05 00:00,8,0.0001
2022-10-05 08:00,8,0.0001
2022-10-05 16:00,8,0.0001
2022-10-06 00:00,8,5.658e-05
2022-10-06 08:00,8,6.656e-05
2022-10-06 16:00,8,-1.54e-05
2022-10-07 00:00,8,-1.924e-05
2022-10-07 08:00,8,7.7e-05
2022-10-07 16:00,8,-7.175e-05
2022-10-08 00:00,8,8.853e-05
2022-10-08 08:00,8,0.0001
2022-10-08 16:00,8,0.0001
2022-10-09 00:00,8,0.0001
2022-10-09 08:00,8,0.0001
2022-10-09 16:00,8,9.359e-05
2022-10-10 00:00,8,0.0001
2022-10-10 08:00,8,0.0001
2022-10-10 16:00,8,0.0001
2022-10-11 00:00,8,8.908e-05
2022-10-11 08:00,8,6.75e-05
2022-10-11 16:00,8,1.867e-05
2022-10-12 00:00,8,5.92e-06
2022-10-12 08:00,8,-7.398e-05
2022-10-12 16:00,8,-7.566e-05
2022-10-13 00:00,8,7.298e-05
2022-10-13 08:00,8,-3.75e-06
2022-10-13 16:00,8,-3.404e-05
2022-10-14 00:00,8,7.739e-05
2022-10-14 08:00,8,0.0001
2022-10-14 16:00,8,-2.3e-07
2022-10-15 00:00,8,3.842e-05
2022-10-15 08:00,8,1.814e-05
2022-10-15 16:00,8,0.0001
2022-10-16 00:00,8,0.0001
2022-10-16 08:00,8,0.0001
2022-10-16 16:00,8,0.0001
2022-10-17 00:00,8,7.659e-05
2022-10-17 08:00,8,5.469e-05
2022-10-17 16:00,8,-3.901e-05
2022-10-18 00:00,8,8.849e-05
2022-10-18 08:00,8,8.345e-05
2022-10-18 16:00,8,-7.74e-06
2022-10-19 00:00,8,1.758e-05
2022-10-19 08:00,8,0.0001
2022-10-19 16:00,8,7.519e-05
2022-10-20 00:00,8,2.409e-05
2022-10-20 08:00,8,0.0001
2022-10-20 16:00,8,7.181e-05
2022-10-21 00:00,8,5.237e-05
2022-10-21 08:00,8,7.471e-05
2022-10-21 16:00,8,-5.412e-05
2022-10-22 00:00,8,0.0001
2022-10-22 08:00,8,0.0001
2022-10-22 16:00,8,-2.344e-05
2022-10-23 00:00,8,9.568e-05
2022-10-23 08:00,8,3.798e-05
2022-10-23 16:00,8,5e-05
2022-10-24 00:00,8,-1.539e-05
2022-10-24 08:00,8,0.0001
2022-10-24 16:00,8,9.66e-05
2022-10-25 00:00,8,0.0001
2022-10-25 08:00,8,-3.114e-05
2022-10-25 16:00,8,0.0001
2022-10-26 00:00,8,7.227e-05
2022-10-26 08:00,8,0.0001
2022-10-26 16:00,8,-2.009e-05
2022-10-27 00:00,8,2.213e-05
2022-10-27 08:00,8,4.012e-05
2022-10-27 16:00,8,0.0001
2022-10-28 00:00,8,2.558e-05
2022-10-28 08:00,8,6.821e-05
2022-10-28 16:00,8,8.564e-05
2022-10-29 00:00,8,0.0001
2022-10-29 08:00,8,0.0001
2022-10-29 16:00,8,0.0001
2022-10-30 00:00,8,0.0001
2022-10-30 08:00,8,0.0001
2022-10-30 16:00,8,0.0001
2022-10-31 00:00,8,4.792e-05
2022-10-31 08:00,8,0.0001
2022-10-31 16:00,8,1.973e-05
2022-11-01 00:00,8,0.0001
2022-11-01 08:00,8,0.0001
2022-11-01 16:00,8,9.023e-05
2022-11-02 00:00,8,-2.819e-05
2022-11-02 08:00,8,-1.447e-05
2022-11-02 16:00,8,-5.202e-05
2022-11-03 00:00,8,-0.00011923
2022-11-03 08:00,8,-5.699e-05
2022-11-03 16:00,8,2.812e-05
2022-11-04 00:00,8,6.211e-05
2022-11-04 08:00,8,4.975e-05
2022-11-04 16:00,8,2.161e-05
2022-11-05 00:00,8,0.0001
2022-11-05 08:00,8,8.552e-05
2022-11-05 16:00,8,4.455e-05
2022-11-06 00:00,8,0.0001
2022-11-06 08:00,8,0.0001
2022-11-06 16:00,8,0.0001
2022-11-07 00:00,8,0.0001
2022-11-07 08:00,8,0.0001
2022-11-07 16:00,8,0.0001
2022-11-08 00:00,8,0.0001
2022-11-08 08:00,8,-3.231e-05
2022-11-08 16:00,8,-1.647e-05
2022-11-09 00:00,8,-0.00031895
2022-11-09 08:00,8,-0.00015025
2022-11-09 16:00,8,3.778e-05
2022-11-10 00:00,8,-8.996e-05
2022-11-10 08:00,8,-0.00024943
2022-11-10 16:00,8,3.79e-06
2022-11-11 00:00,8,7.77e-06
2022-11-11 08:00,8,-0.00028691
2022-11-11 16:00,8,-0.00018855
2022-11-12 00:00,8,2.101e-05
2022-11-12 08:00,8,2.91e-05
2022-11-12 16:00,8,0.0001
2022-11-13 00:00,8,-6.274e-05
2022-11-13 08:00,8,3.931e-05
2022-11-13 16:00,8,0.0001
2022-11-14 00:00,8,0.0001
2022-11-14 08:00,8,4.681e-05
2022-11-14 16:00,8,0.0001
2022-11-15 00:00,8,8.202e-05
2022-11-15 08:00,8,0.0001
2022-11-15 16:00,8,0.0001
2022-11-16 00:00,8,6.873e-05
2022-11-16 08:00,8,8.264e-05
2022-11-16 16:00,8,0.0001
2022-11-17 00:00,8,0.0001
2022-11-17 08:00,8,0.0001
2022-11-17 16:00,8,0.0001
2022-11-18 00:00,8,9.368e-05
2022-11-18 08:00,8,0.0001
2022-11-18 16:00,8,7.724e-05
2022-11-19 00:00,8,0.0001
2022-11-19 08:00,8,0.0001
2022-11-19 16:00,8,0.0001
2022-11-20 00:00,8,3.323e-05
2022-11-20 08:00,8,0.0001
2022-11-20 16:00,8,0.0001
2022-11-21 00:00,8,0.0001
2022-11-21 08:00,8,0.0001
2022-11-21 16:00,8,0.0001
2022-11-22 00:00,8,0.0001
2022-11-22 08:00,8,1.832e-05
2022-11-22 16:00,8,0.0001
2022-11-23 00:00,8,0.0001
2022-11-23 08:00,8,0.0001
2022-11-23 16:00,8,0.0001
2022-11-24 00:00,8,6.29e-05
2022-11-24 08:00,8,7.266e-05
2022-11-24 16:00,8,0.0001
2022-11-25 00:00,8,0.0001
2022-11-25 08:00,8,0.0001
2022-11-25 16:00,8,0.0001
2022-11-26 00:00,8,9.259e-05
2022-11-26 08:00,8,0.0001
2022-11-26 16:00,8,0.0001
2022-11-27 00:00,8,1.083e-05
2022-11-27 08:00,8,9.246e-05
2022-11-27 16:00,8,9.59e-06
2022-11-28 00:00,8,4.538e-05
2022-11-28 08:00,8,5.438e-05
2022-11-28 16:00,8,7.782e-05
2022-11-29 00:00,8,6.833e-05
2022-11-29 08:00,8,7.714e-05
2022-11-29 16:00,8,0.0001
2022-11-30 00:00,8,4.799e-05
2022-11-30 08:00,8,-3.9e-07
2022-11-30 16:00,8,2.633e-05
2022-12-01 00:00,8,-3.613e-05
2022-12-01 08:00,8,-6.436e-05
2022-12-01 16:00,8,5.327e-05
2022-12-02 00:00,8,5.54e-06
2022-12-02 08:00,8,-3.268e-05
2022-12-02 16:00,8,6.902e-05
2022-12-03 00:00,8,1.938e-05
2022-12-03 08:00,8,0.0001
2022-12-03 16:00,8,4.673e-05
2022-12-04 00:00,8,2.334e-05
2022-12-04 08:00,8,1.388e-05
2022-12-04 16:00,8,0.0001
2022-12-05 00:00,8,1.763e-05
2022-12-05 08:00,8,-8.784e-05
2022-12-05 16:00,8,0.0001
2022-12-06 00:00,8,4.783e-05
2022-12-06 08:00,8,-9.278e-05
2022-12-06 16:00,8,-0.00014492
2022-12-07 00:00,8,-0.00015221
2022-12-07 08:00,8,-0.00014784
2022-12-07 16:00,8,2.56e-05
2022-12-08 00:00,8,-8.306e-05
2022-12-08 08:00,8,-8.168e-05
2022-12-08 16:00,8,-6.949e-05
2022-12-09 00:00,8,-0.00021416
2022-12-09 08:00,8,-5.558e-05
2022-12-09 16:00,8,-0.00013465
2022-12-10 00:00,8,-0.0001694
2022-12-10 08:00,8,-0.00015292
2022-12-10 16:00,8,-0.0003763
2022-12-11 00:00,8,-0.00028231
2022-12-11 08:00,8,-0.00184139
2022-12-11 16:00,8,-0.00168104
2022-12-12 00:00,8,-0.00171075
2022-12-12 08:00,8,-0.00259576
2022-12-12 16:00,8,-0.00153852
2022-12-13 00:00,8,-0.00306637
2022-12-13 08:00,8,-0.00085442
2022-12-13 16:00,8,-0.00186885
2022-12-14 00:00,8,-0.0031772
2022-12-14 08:00,8,-0.00133887
2022-12-14 16:00,8,-0.00066726
2022-12-15 00:00,8,-0.00197062
2022-12-15 08:00,8,-0.00172807
2022-12-15 16:00,8,-0.00065938
2022-12-16 00:00,8,-0.00064471
2022-12-16 08:00,8,-0.00099791
2022-12-16 16:00,8,-0.00107585
2022-12-17 00:00,8,-0.00219948
2022-12-17 08:00,8,-0.00202973
2022-12-17 16:00,8,-0.00123521
2022-12-18 00:00,8,-0.00171781
2022-12-18 08:00,8,-0.0013715
2022-12-18 16:00,8,-0.00162566
2022-12-19 00:00,8,-0.00170634
2022-12-19 08:00,8,-0.00186275
2022-12-19 16:00,8,-0.00141921
2022-12-20 00:00,8,-0.00102147
2022-12-20 08:00,8,-0.00092938
2022-12-20 16:00,8,-0.00122257
2022-12-21 00:00,8,-0.00050087
2022-12-21 08:00,8,-0.0017293
2022-12-21 16:00,8,-0.00085198
2022-12-22 00:00,8,-0.00167258
2022-12-22 08:00,8,-0.00199889
2022-12-22 16:00,8,-0.00133414
2022-12-23 00:00,8,-0.00051279
2022-12-23 08:00,8,-0.0005213
2022-12-23 16:00,8,-0.00105035
2022-12-24 00:00,8,-0.00060057
2022-12-24 08:00,8,-0.00094464
2022-12-24 16:00,8,-0.00085942
2022-12-25 00:00,8,-0.00116085
2022-12-25 08:00,8,-0.00123876
2022-12-25 16:00,8,-0.0009518
2022-12-26 00:00,8,-0.00099863
2022-12-26 08:00,8,-0.00149627
2022-12-26 16:00,8,-0.00094595
2022-12-27 00:00,8,-0.00060015
2022-12-27 08:00,8,-0.00153874
2022-12-27 16:00,8,-0.00128489
2022-12-28 00:00,8,-0.00166645
2022-12-28 08:00,8,-0.00161329
2022-12-28 16:00,8,-0.0017931
2022-12-29 00:00,8,-0.00204601
2022-12-29 08:00,8,-0.00107607
2022-12-29 16:00,8,-0.0015639
2022-12-30 00:00,8,-0.0012668
2022-12-30 08:00,8,-0.00122935
2022-12-30 16:00,8,-0.00134619
2022-12-31 00:00,8,-0.00058766
2022-12-31 08:00,8,-0.00070109
2022-12-31 16:00,8,-0.00097906
2023-01-01 00:00,8,-0.00090476
2023-01-01 08:00,8,-0.00076735
2023-01-01 16:00,8,-0.00086601
2023-01-02 00:00,8,-0.00100433
2023-01-02 08:00,8,-0.00077276
2023-01-02 16:00,8,-0.00071881
2023-01-03 00:00,8,-0.00136723
2023-01-03 08:00,8,-0.00122688
2023-01-03 16:00,8,-0.00072767
2023-01-04 00:00,8,-0.00130738
2023-01-04 08:00,8,-0.00071923
2023-01-04 16:00,8,-0.00041713
2023-01-05 00:00,8,-0.00173325
2023-01-05 08:00,8,-0.00083494
2023-01-05 16:00,8,-0.00040288
2023-01-06 00:00,8,-0.0009816
2023-01-06 08:00,8,-0.00117668
2023-01-06 16:00,8,-0.00027691
2023-01-07 00:00,8,-0.00086576
2023-01-07 08:00,8,-0.00028179
2023-01-07 16:00,8,-0.0009435
2023-01-08 00:00,8,-0.00023039
2023-01-08 08:00,8,-0.0005281
2023-01-08 16:00,8,-0.00104044
2023-01-09 00:00,8,-0.00037149
2023-01-09 08:00,8,-9.197e-05
2023-01-09 16:00,8,-0.00025261
2023-01-10 00:00,8,1.833e-05
2023-01-10 08:00,8,-0.00020138
2023-01-10 16:00,8,-0.00092445
2023-01-11 00:00,8,-0.00019936
2023-01-11 08:00,8,-0.00070366
2023-01-11 16:00,8,-0.00053856
2023-01-12 00:00,8,-0.00087946
2023-01-12 08:00,8,-0.00054861
2023-01-12 16:00,8,-0.00123705
2023-01-13 00:00,8,-0.001234
2023-01-13 08:00,8,-0.00044642
2023-01-13 16:00,8,-0.00137766
2023-01-14 00:00,8,-0.00024448
2023-01-14 08:00,8,-0.00031683
2023-01-14 16:00,8,-0.00023968
2023-01-15 00:00,8,-0.00062995
2023-01-15 08:00,8,-0.00058486
2023-01-15 16:00,8,-0.00029623
2023-01-16 00:00,8,-0.00023511
2023-01-16 08:00,8,-0.00022576
2023-01-16 16:00,8,-0.00114401
2023-01-17 00:00,8,-0.00152251
2023-01-17 08:00,8,-0.00059512
2023-01-17 16:00,8,-0.00072841
2023-01-18 00:00,8,-0.00076355
2023-01-18 08:00,8,-0.00050926
2023-01-18 16:00,8,-0.00130367
2023-01-19 00:00,8,-0.00116714
2023-01-19 08:00,8,-0.00069265
2023-01-19 16:00,8,-0.00052699
2023-01-20 00:00,8,-0.00124691
2023-01-20 08:00,8,-0.00015624
2023-01-20 16:00,8,-0.00122694
2023-01-21 00:00,8,-0.00031101
2023-01-21 08:00,8,-3.469e-05
2023-01-21 16:00,8,-0.00042606
2023-01-22 00:00,8,0.0001
2023-01-22 08:00,8,-0.0002838
2023-01-22 16:00,8,-0.00047555
2023-01-23 00:00,8,-0.00020397
2023-01-23 08:00,8,-0.00034638
2023-01-23 16:00,8,-0.00039753
2023-01-24 00:00,8,-0.00135433
2023-01-24 08:00,8,-0.00084056
2023-01-24 16:00,8,-0.00051267
2023-01-25 00:00,8,-0.00120491
2023-01-25 08:00,8,-0.00086821
2023-01-25 16:00,8,-0.00027363
2023-01-26 00:00,8,-0.00017414
2023-01-26 08:00,8,-0.00081207
2023-01-26 16:00,8,-0.00037059
2023-01-27 00:00,8,-0.00099038
2023-01-27 08:00,8,-0.00025824
2023-01-27 16:00,8,-8.444e-05
2023-01-28 00:00,8,-0.00062779
2023-01-28 08:00,8,-0.00052659
2023-01-28 16:00,8,-0.00071235
2023-01-29 00:00,8,-0.00026656
2023-01-29 08:00,8,-0.00056939
2023-01-29 16:00,8,-0.00090625
2023-01-30 00:00,8,-0.00044983
2023-01-30 08:00,8,-0.00049825
2023-01-30 16:00,8,-0.00076052
2023-01-31 00:00,8,-0.00088176
2023-01-31 08:00,8,-0.00087292
2023-01-31 16:00,8,-0.0007178
2023-02-01 00:00,8,-0.00112725
2023-02-01 08:00,8,-0.00049427
2023-02-01 16:00,8,-0.00093719
2023-02-02 00:00,8,-0.00064527
2023-02-02 08:00,8,-0.00011782
2023-02-02 16:00,8,-0.00010037
2023-02-03 00:00,8,-0.00046113
2023-02-03 08:00,8,-0.00112285
2023-02-03 16:00,8,-0.00087537
2023-02-04 00:00,8,-0.00053381
2023-02-04 08:00,8,-0.00060163
2023-02-04 16:00,8,-0.00089226
2023-02-05 00:00,8,-0.00075999
2023-02-05 08:00,8,-0.00085416
2023-02-05 16:00,8,-0.00065496
2023-02-06 00:00,8,-0.00148231
2023-02-06 08:00,8,-0.00056301
2023-02-06 16:00,8,-0.0003573
2023-02-07 00:00,8,-0.0011328
2023-02-07 08:00,8,-0.00042429
2023-02-07 16:00,8,-0.0003663
2023-02-08 00:00,8,-0.0013042
2023-02-08 08:00,8,-7.252e-05
2023-02-08 16:00,8,-0.00056621
2023-02-09 00:00,8,-0.00108505
2023-02-09 08:00,8,-0.00083473
2023-02-09 16:00,8,-0.00048592
2023-02-10 00:00,8,-0.00111308
2023-02-10 08:00,8,-0.00070267
2023-02-10 16:00,8,-0.00060058
2023-02-11 00:00,8,-0.0007101
2023-02-11 08:00,8,-0.00084637
2023-02-11 16:00,8,-0.00082599
2023-02-12 00:00,8,-0.00164435
2023-02-12 08:00,8,-0.00055549
2023-02-12 16:00,8,-0.0004732
2023-02-13 00:00,8,-0.00101672
2023-02-13 08:00,8,-0.00051837
2023-02-13 16:00,8,-0.0003225
2023-02-14 00:00,8,-0.0005039
2023-02-14 08:00,8,-0.00077298
2023-02-14 16:00,8,-0.00094065
2023-02-15 00:00,8,-0.00039045
2023-02-15 08:00,8,-0.00050255
2023-02-15 16:00,8,-0.0008115
2023-02-16 00:00,8,-0.00020312
2023-02-16 08:00,8,-8.502e-05
2023-02-16 16:00,8,-0.0001291
2023-02-17 00:00,8,-0.00050599
2023-02-17 08:00,8,-0.00095892
2023-02-17 16:00,8,-0.00104538
2023-02-18 00:00,8,-0.00055341
2023-02-18 08:00,8,-0.00050464
2023-02-18 16:00,8,-0.00041545
2023-02-19 00:00,8,-0.00041374
2023-02-19 08:00,8,-0.00018299
2023-02-19 16:00,8,-0.00038498
2023-02-20 00:00,8,-0.0003836
2023-02-20 08:00,8,-0.00011396
2023-02-20 16:00,8,-3.964e-05
2023-02-21 00:00,8,-0.00024202
2023-02-21 08:00,8,-0.00033866
2023-02-21 16:00,8,-0.00039077
2023-02-22 00:00,8,-0.00078897
2023-02-22 08:00,8,-0.00044784
2023-02-22 16:00,8,-0.00045817
2023-02-23 00:00,8,-0.0012333
2023-02-23 08:00,8,-0.00071356
2023-02-23 16:00,8,-0.00066393
2023-02-24 00:00,8,-0.00087939
2023-02-24 08:00,8,-0.00079101
2023-02-24 16:00,8,-0.00078148
2023-02-25 00:00,8,-0.00051692
2023-02-25 08:00,8,-0.00045855
2023-02-25 16:00,8,-0.00065273
2023-02-26 00:00,8,-0.00062671
2023-02-26 08:00,8,-0.0004169
2023-02-26 16:00,8,-0.00061641
2023-02-27 00:00,8,-0.00026015
2023-02-27 08:00,8,-0.00020937
2023-02-27 16:00,8,-0.00052192
2023-02-28 00:00,8,-0.00061407
2023-02-28 08:00,8,-0.00037699
2023-02-28 16:00,8,-0.0007783
2023-03-01 00:00,8,-0.00080051
2023-03-01 08:00,8,-0.00053135
2023-03-01 16:00,8,-0.00043515
2023-03-02 00:00,8,-0.00043574
2023-03-02 08:00,8,-0.00106053
2023-03-02 16:00,8,-0.00063356
2023-03-03 00:00,8,-0.00017964
2023-03-03 08:00,8,-0.00075911
2023-03-03 16:00,8,-0.00034387
2023-03-04 00:00,8,-0.0002355
2023-03-04 08:00,8,-0.00072217
2023-03-04 16:00,8,-0.00075044
2023-03-05 00:00,8,-0.00085606
2023-03-05 08:00,8,-0.00049532
2023-03-05 16:00,8,-0.00070666
2023-03-06 00:00,8,-0.00050957
2023-03-06 08:00,8,-0.00057016
2023-03-06 16:00,8,-0.00027705
2023-03-07 00:00,8,-0.00046882
2023-03-07 08:00,8,-0.00047109
2023-03-07 16:00,8,-0.00078333
2023-03-08 00:00,8,-0.0005729
2023-03-08 08:00,8,-0.00048083
2023-03-08 16:00,8,-0.00081064
2023-03-09 00:00,8,-0.00087557
2023-03-09 08:00,8,-0.00055193
2023-03-09 16:00,8,-0.00036453
2023-03-10 00:00,8,-0.00142315
2023-03-10 08:00,8,-0.00096934
2023-03-10 16:00,8,-0.00030979
2023-03-11 00:00,8,-0.00075904
2023-03-11 08:00,8,-0.00107128
2023-03-11 16:00,8,-0.00071594
2023-03-12 00:00,8,-0.00070784
2023-03-12 08:00,8,-0.00059736
2023-03-12 16:00,8,-0.00088245
2023-03-13 00:00,8,-0.00039568
2023-03-13 08:00,8,-2.315e-05
2023-03-13 16:00,8,-8.465e-05
2023-03-14 00:00,8,-9.678e-05
2023-03-14 08:00,8,-0.00043016
2023-03-14 16:00,8,2.354e-05
2023-03-15 00:00,8,-0.00105405
2023-03-15 08:00,8,-0.00065711
2023-03-15 16:00,8,-0.00099347
2023-03-16 00:00,8,-0.0007339
2023-03-16 08:00,8,-0.00046553
2023-03-16 16:00,8,-0.00020929
2023-03-17 00:00,8,-0.00054576
2023-03-17 08:00,8,-0.00020497
2023-03-17 16:00,8,-0.00039662
2023-03-18 00:00,8,6.323e-05
2023-03-18 08:00,8,0.0001
2023-03-18 16:00,8,0.0001
2023-03-19 00:00,8,-0.00014446
2023-03-19 08:00,8,-2.541e-05
2023-03-19 16:00,8,5.591e-05
2023-03-20 00:00,8,-0.00018498
2023-03-20 08:00,8,-0.00042869
2023-03-20 16:00,8,-0.00014069
2023-03-21 00:00,8,-0.00052669
2023-03-21 08:00,8,-0.00016556
2023-03-21 16:00,8,7.481e-05
2023-03-22 00:00,8,-7.852e-05
2023-03-22 08:00,8,-0.00017846
2023-03-22 16:00,8,-0.00025305
2023-03-23 00:00,8,-0.00045654
2023-03-23 08:00,8,-0.00010085
2023-03-23 16:00,8,-0.00020291
2023-03-24 00:00,8,-0.00016841
2023-03-24 08:00,8,-3.97e-05
2023-03-24 16:00,8,0.0001
2023-03-25 00:00,8,-0.00034302
2023-03-25 08:00,8,-0.00023191
2023-03-25 16:00,8,-0.00041323
2023-03-26 00:00,8,-0.00071719
2023-03-26 08:00,8,-5.686e-05
2023-03-26 16:00,8,-0.00012717
2023-03-27 00:00,8,3.671e-05
2023-03-27 08:00,8,-0.00018734
2023-03-27 16:00,8,-0.00048188
2023-03-28 00:00,8,-0.00052611
2023-03-28 08:00,8,-8.95e-05
2023-03-28 16:00,8,4.202e-05
2023-03-29 00:00,8,1.091e-05
2023-03-29 08:00,8,-3.456e-05
2023-03-29 16:00,8,-8.173e-05
2023-03-30 00:00,8,8.086e-05
2023-03-30 08:00,8,-1.714e-05
2023-03-30 16:00,8,2.284e-05
2023-03-31 00:00,8,2.337e-05
2023-03-31 08:00,8,-3.328e-05
2023-03-31 16:00,8,-0.00016983
2023-04-01 00:00,8,-1.911e-05
2023-04-01 08:00,8,0.0001
2023-04-01 16:00,8,-4.775e-05
2023-04-02 00:00,8,0.0001
2023-04-02 08:00,8,-7.089e-05
2023-04-02 16:00,8,-0.00014986
2023-04-03 00:00,8,-0.00094411
2023-04-03 08:00,8,-0.0002073
2023-04-03 16:00,8,-0.00028921
2023-04-04 00:00,8,-0.00022651
2023-04-04 08:00,8,8.315e-05
2023-04-04 16:00,8,-9.287e-05
2023-04-05 00:00,8,-0.00040265
2023-04-05 08:00,8,0.0001
2023-04-05 16:00,8,-0.00075888
2023-04-06 00:00,8,-0.00049012
2023-04-06 08:00,8,-0.00030506
2023-04-06 16:00,8,-0.00032826
2023-04-07 00:00,8,-0.0004825
2023-04-07 08:00,8,-3.066e-05
2023-04-07 16:00,8,-0.00026823
2023-04-08 00:00,8,-0.0006352
2023-04-08 08:00,8,-1.373e-05
2023-04-08 16:00,8,-0.00040866
2023-04-09 00:00,8,-0.0003331
2023-04-09 08:00,8,-0.00064286
2023-04-09 16:00,8,-0.00057211
2023-04-10 00:00,8,-0.00034511
2023-04-10 08:00,8,-0.00056168
2023-04-10 16:00,8,-0.00012822
2023-04-11 00:00,8,0.0001
2023-04-11 08:00,8,0.0001
2023-04-11 16:00,8,0.0001
2023-04-12 00:00,8,0.0001
2023-04-12 08:00,8,-0.00085006
2023-04-12 16:00,8,-0.00026555
2023-04-13 00:00,8,-0.00010723
2023-04-13 08:00,8,4.013e-05
2023-04-13 16:00,8,-4.613e-05
2023-04-14 00:00,8,0.0001
2023-04-14 08:00,8,-0.00010562
2023-04-14 16:00,8,-3.485e-05
2023-04-15 00:00,8,-0.00012367
2023-04-15 08:00,8,0.0001
2023-04-15 16:00,8,-4.209e-05
2023-04-16 00:00,8,0.0001
2023-04-16 08:00,8,0.0001
2023-04-16 16:00,8,-9.93e-06
2023-04-17 00:00,8,0.0001
2023-04-17 08:00,8,0.0001
2023-04-17 16:00,8,0.0001
2023-04-18 00:00,8,0.0001
2023-04-18 08:00,8,0.0001
2023-04-18 16:00,8,0.0001
2023-04-19 00:00,8,0.0001
2023-04-19 08:00,8,-0.00026061
2023-04-19 16:00,8,-0.00046311
2023-04-20 00:00,8,-0.00014192
2023-04-20 08:00,8,-0.000225
2023-04-20 16:00,8,-0.00012126
2023-04-21 00:00,8,-0.0002666
2023-04-21 08:00,8,-2.2e-07
2023-04-21 16:00,8,-0.00015385
2023-04-22 00:00,8,-9.261e-05
2023-04-22 08:00,8,-0.00021313
2023-04-22 16:00,8,-2.435e-05
2023-04-23 00:00,8,-0.00020246
2023-04-23 08:00,8,-0.00018387
2023-04-23 16:00,8,-0.00029205
2023-04-24 00:00,8,-0.00049906
2023-04-24 08:00,8,-0.00040958
2023-04-24 16:00,8,-0.00016027
2023-04-25 00:00,8,-0.00021953
2023-04-25 08:00,8,-0.00020699
2023-04-25 16:00,8,-0.00027396
2023-04-26 00:00,8,-0.00021043
2023-04-26 08:00,8,-0.00070636
2023-04-26 16:00,8,-0.00021668
2023-04-27 00:00,8,-0.00091704
2023-04-27 08:00,8,-0.00010069
2023-04-27 16:00,8,-0.00027396
2023-04-28 00:00,8,-1.152e-05
2023-04-28 08:00,8,-0.00035625
2023-04-28 16:00,8,-0.00026645
2023-04-29 00:00,8,-0.00028311
2023-04-29 08:00,8,-0.00024694
2023-04-29 16:00,8,-0.00020053
2023-04-30 00:00,8,-0.00010948
2023-04-30 08:00,8,-0.00035995
2023-04-30 16:00,8,-0.00015259
2023-05-01 00:00,8,-0.00069402
2023-05-01 08:00,8,-9.876e-05
2023-05-01 16:00,8,-0.00015655
2023-05-02 00:00,8,-0.00028096
2023-05-02 08:00,8,-0.00023714
2023-05-02 16:00,8,-0.00042242
2023-05-03 00:00,8,-7.2e-07
2023-05-03 08:00,8,-0.00026469
2023-05-03 16:00,8,-0.00024621
2023-05-04 00:00,8,-0.00035805
2023-05-04 08:00,8,-0.00024616
2023-05-04 16:00,8,-0.00037536
2023-05-05 00:00,8,-0.00042153
2023-05-05 08:00,8,2.067e-05
2023-05-05 16:00,8,-0.00032
2023-05-06 00:00,8,-1.253e-05
2023-05-06 08:00,8,-0.00014275
2023-05-06 16:00,8,-0.00027468
2023-05-07 00:00,8,4.273e-05
2023-05-07 08:00,8,-0.00020161
2023-05-07 16:00,8,-0.00010872
2023-05-08 00:00,8,5.293e-05
2023-05-08 08:00,8,8.014e-05
2023-05-08 16:00,8,-9.943e-05
2023-05-09 00:00,8,-2.726e-05
2023-05-09 08:00,8,-7.747e-05
2023-05-09 16:00,8,-0.00027738
2023-05-10 00:00,8,-0.0001555
2023-05-10 08:00,8,5.55e-05
2023-05-10 16:00,8,-0.00016595
2023-05-11 00:00,8,1.91e-05
2023-05-11 08:00,8,-0.00017952
2023-05-11 16:00,8,-5.414e-05
2023-05-12 00:00,8,2.815e-05
2023-05-12 08:00,8,0.0001
2023-05-12 16:00,8,-8.648e-05
2023-05-13 00:00,8,9.142e-05
2023-05-13 08:00,8,8.613e-05
2023-05-13 16:00,8,-6.801e-05
2023-05-14 00:00,8,-0.00023694
2023-05-14 08:00,8,-0.00013366
2023-05-14 16:00,8,-0.00023377
2023-05-15 00:00,8,-0.00017247
2023-05-15 08:00,8,4.7e-07
2023-05-15 16:00,8,-0.00031577
2023-05-16 00:00,8,-2.377e-05
2023-05-16 08:00,8,-3.711e-05
2023-05-16 16:00,8,-0.0003936
2023-05-17 00:00,8,-0.00028562
2023-05-17 08:00,8,-0.00036508
2023-05-17 16:00,8,-0.0002056
2023-05-18 00:00,8,1.751e-05
2023-05-18 08:00,8,-2.744e-05
2023-05-18 16:00,8,-0.00016294
2023-05-19 00:00,8,-0.00019197
2023-05-19 08:00,8,-9.88e-06
2023-05-19 16:00,8,-0.00011675
2023-05-20 00:00,8,4.3e-06
2023-05-20 08:00,8,7.115e-05
2023-05-20 16:00,8,-1.862e-05
2023-05-21 00:00,8,-9.856e-05
2023-05-21 08:00,8,-9.172e-05
2023-05-21 16:00,8,-0.0002368
2023-05-22 00:00,8,-0.00020985
2023-05-22 08:00,8,-0.0002739
2023-05-22 16:00,8,-0.00028582
2023-05-23 00:00,8,-0.00021822
2023-05-23 08:00,8,-0.0002226
2023-05-23 16:00,8,-0.00010627
2023-05-24 00:00,8,-6.992e-05
2023-05-24 08:00,8,2.709e-05
2023-05-24 16:00,8,-0.00016571
2023-05-25 00:00,8,-0.00058303
2023-05-25 08:00,8,-0.0007532
2023-05-25 16:00,8,-0.00086382
2023-05-26 00:00,8,-0.00069588
2023-05-26 08:00,8,-0.00017385
2023-05-26 16:00,8,-0.00023249
2023-05-27 00:00,8,-0.00033683
2023-05-27 08:00,8,-7.894e-05
2023-05-27 16:00,8,-0.00010085
2023-05-28 00:00,8,-0.00034637
2023-05-28 08:00,8,-0.00043676
2023-05-28 16:00,8,-0.00030009
2023-05-29 00:00,8,-0.00030875
2023-05-29 08:00,8,-8.666e-05
2023-05-29 16:00,8,-0.00030376
2023-05-30 00:00,8,-2.771e-05
2023-05-30 08:00,8,-0.00027912
2023-05-30 16:00,8,-0.00052223
2023-05-31 00:00,8,-0.00017234
2023-05-31 08:00,8,7.622e-05
2023-05-31 16:00,8,-0.00066847
2023-06-01 00:00,8,-0.00060081
2023-06-01 08:00,8,0.0001
2023-06-01 16:00,8,8.071e-05
2023-06-02 00:00,8,-0.00014228
2023-06-02 08:00,8,-0.00024457
2023-06-02 16:00,8,-0.00043866
2023-06-03 00:00,8,3.693e-05
2023-06-03 08:00,8,1.035e-05
2023-06-03 16:00,8,-7.601e-05
2023-06-04 00:00,8,-0.00013339
2023-06-04 08:00,8,-0.00012672
2023-06-04 16:00,8,2.304e-05
2023-06-05 00:00,8,0.0001
2023-06-05 08:00,8,0.0001
2023-06-05 16:00,8,-0.00039466
2023-06-06 00:00,8,-0.00115322
2023-06-06 08:00,8,-0.00087105
2023-06-06 16:00,8,-4.428e-05
2023-06-07 00:00,8,-0.00018573
2023-06-07 08:00,8,-0.00075699
2023-06-07 16:00,8,-0.00069066
2023-06-08 00:00,8,-0.00020329
2023-06-08 08:00,8,-0.00042108
2023-06-08 16:00,8,-0.00011445
2023-06-09 00:00,8,-0.00013139
2023-06-09 08:00,8,-8.798e-05
2023-06-09 16:00,8,2.72e-05
2023-06-10 00:00,8,7.424e-05
2023-06-10 08:00,8,-0.00082705
2023-06-10 16:00,8,-0.00048537
2023-06-11 00:00,8,-0.00078541
2023-06-11 08:00,8,-0.00055039
2023-06-11 16:00,8,-0.00080773
2023-06-12 00:00,8,-0.00037881
2023-06-12 08:00,8,-0.0006693
2023-06-12 16:00,8,-0.00021633
2023-06-13 00:00,8,-0.00042789
2023-06-13 08:00,8,-0.00040465
2023-06-13 16:00,8,-0.0003447
2023-06-14 00:00,8,-0.00024499
2023-06-14 08:00,8,-0.00037938
2023-06-14 16:00,8,-0.00014016
2023-06-15 00:00,8,-0.00018893
2023-06-15 08:00,8,-5.953e-05
2023-06-15 16:00,8,-1.887e-05
2023-06-16 00:00,8,0.0001
2023-06-16 08:00,8,-0.00023809
2023-06-16 16:00,8,-0.00042867
2023-06-17 00:00,8,-0.00017847
2023-06-17 08:00,8,-2.379e-05
2023-06-17 16:00,8,-9.048e-05
2023-06-18 00:00,8,-0.00019605
2023-06-18 08:00,8,-0.00019083
2023-06-18 16:00,8,-6.651e-05
2023-06-19 00:00,8,-0.00012973
2023-06-19 08:00,8,-0.00030387
2023-06-19 16:00,8,-6.171e-05
2023-06-20 00:00,8,-0.00015595
2023-06-20 08:00,8,-0.00025135
2023-06-20 16:00,8,-0.00016274
2023-06-21 00:00,8,2.775e-05
2023-06-21 08:00,8,-5.733e-05
2023-06-21 16:00,8,-0.00012275
2023-06-22 00:00,8,5.405e-05
2023-06-22 08:00,8,7.483e-05
2023-06-22 16:00,8,-1.618e-05
2023-06-23 00:00,8,0.0001
2023-06-23 08:00,8,0.0001
2023-06-23 16:00,8,-1.52e-05
2023-06-24 00:00,8,0.0001
2023-06-24 08:00,8,0.0001
2023-06-24 16:00,8,4.7e-05
2023-06-25 00:00,8,-5.084e-05
2023-06-25 08:00,8,0.0001
2023-06-25 16:00,8,-5.239e-05
2023-06-26 00:00,8,-0.00019565
2023-06-26 08:00,8,-0.00010523
2023-06-26 16:00,8,3.442e-05
2023-06-27 00:00,8,-0.00030934
2023-06-27 08:00,8,3.431e-05
2023-06-27 16:00,8,-0.00010105
2023-06-28 00:00,8,-5.71e-06
2023-06-28 08:00,8,-0.00011743
2023-06-28 16:00,8,-0.00018494
2023-06-29 00:00,8,-0.0002208
2023-06-29 08:00,8,5.045e-05
2023-06-29 16:00,8,-0.00018727
2023-06-30 00:00,8,-7.61e-05
2023-06-30 08:00,8,0.0001
2023-06-30 16:00,8,0.0001
2023-07-01 00:00,8,0.0001
2023-07-01 08:00,8,0.0001
2023-07-01 16:00,8,-1.075e-05
2023-07-02 00:00,8,0.0001
2023-07-02 08:00,8,-4.161e-05
2023-07-02 16:00,8,-0.00046988
2023-07-03 00:00,8,-7.203e-05
2023-07-03 08:00,8,9.498e-05
2023-07-03 16:00,8,0.0001
2023-07-04 00:00,8,0.0001
2023-07-04 08:00,8,0.0001
2023-07-04 16:00,8,4.136e-05
2023-07-05 00:00,8,-7.392e-05
2023-07-05 08:00,8,1.269e-05
2023-07-05 16:00,8,-0.00055419
2023-07-06 00:00,8,-0.00030249
2023-07-06 08:00,8,-5.067e-05
2023-07-06 16:00,8,-0.00078639
2023-07-07 00:00,8,-3.121e-05
2023-07-07 08:00,8,-0.00059866
2023-07-07 16:00,8,-0.00050957
2023-07-08 00:00,8,-0.00056706
2023-07-08 08:00,8,-0.00016656
2023-07-08 16:00,8,-0.00039608
2023-07-09 00:00,8,-0.00019604
2023-07-09 08:00,8,-0.00017655
2023-07-09 16:00,8,-1.599e-05
2023-07-10 00:00,8,-1.838e-05
2023-07-10 08:00,8,-0.00010432
2023-07-10 16:00,8,-0.00011015
2023-07-11 00:00,8,-2.119e-05
2023-07-11 08:00,8,-1.605e-05
2023-07-11 16:00,8,-3.845e-05
2023-07-12 00:00,8,0.0001
2023-07-12 08:00,8,0.0001
2023-07-12 16:00,8,-6.763e-05
2023-07-13 00:00,8,-5.07e-05
2023-07-13 08:00,8,-0.0001402
2023-07-13 16:00,8,-0.00018146
2023-07-14 00:00,8,0.0001
2023-07-14 08:00,8,0.0001
2023-07-14 16:00,8,0.0001
2023-07-15 00:00,8,0.0001
2023-07-15 08:00,8,0.0001
2023-07-15 16:00,8,0.0001
2023-07-16 00:00,8,0.0001
2023-07-16 08:00,8,0.0001
2023-07-16 16:00,8,0.0001
2023-07-17 00:00,8,0.0001
2023-07-17 08:00,8,0.0001
2023-07-17 16:00,8,0.0001
2023-07-18 00:00,8,0.0001
2023-07-18 08:00,8,0.0001
2023-07-18 16:00,8,0.0001
2023-07-19 00:00,8,0.0001
2023-07-19 08:00,8,0.0001
2023-07-19 16:00,8,4.266e-05
2023-07-20 00:00,8,3.951e-05
2023-07-20 08:00,8,7.012e-05
2023-07-20 16:00,8,-1.812e-05
2023-07-21 00:00,8,0.0001
2023-07-21 08:00,8,-8.94e-06
2023-07-21 16:00,8,7.686e-05
2023-07-22 00:00,8,1.201e-05
2023-07-22 08:00,8,4.8e-06
2023-07-22 16:00,8,-0.00012168
2023-07-23 00:00,8,-0.00013506
2023-07-23 08:00,8,7.866e-05
2023-07-23 16:00,8,0.0001
2023-07-24 00:00,8,5.678e-05
2023-07-24 08:00,8,6.299e-05
2023-07-24 16:00,8,-1.788e-05
2023-07-25 00:00,8,-0.00027109
2023-07-25 08:00,8,-5.005e-05
2023-07-25 16:00,8,-0.0003484
2023-07-26 00:00,8,-0.00041812
2023-07-26 08:00,8,-7.772e-05
2023-07-26 16:00,8,-0.00013352
2023-07-27 00:00,8,-0.00018482
2023-07-27 08:00,8,-0.00010138
2023-07-27 16:00,8,-0.00010367
2023-07-28 00:00,8,-2.333e-05
2023-07-28 08:00,8,-0.00010151
2023-07-28 16:00,8,-8.395e-05
2023-07-29 00:00,8,2.876e-05
2023-07-29 08:00,8,-0.00011552
2023-07-29 16:00,8,-3.582e-05
2023-07-30 00:00,8,7.53e-06
2023-07-30 08:00,8,-6.789e-05
2023-07-30 16:00,8,-0.00017103
2023-07-31 00:00,8,-0.00054432
2023-07-31 08:00,8,-0.00056469
2023-07-31 16:00,8,-0.00049922
2023-08-01 00:00,8,-0.00019801
2023-08-01 08:00,8,-0.00061014
2023-08-01 16:00,8,-0.00012732
2023-08-02 00:00,8,-0.00026616
2023-08-02 08:00,8,0.0001
2023-08-02 16:00,8,-9.008e-05
2023-08-03 00:00,8,-0.00014684
2023-08-03 08:00,8,-7.407e-05
2023-08-03 16:00,8,-3.821e-05
2023-08-04 00:00,8,-0.00012728
2023-08-04 08:00,8,6.063e-05
2023-08-04 16:00,8,1.85e-05
2023-08-05 00:00,8,7.069e-05
2023-08-05 08:00,8,0.0001
2023-08-05 16:00,8,2.484e-05
2023-08-06 00:00,8,-0.00058648
2023-08-06 08:00,8,-0.00034404
2023-08-06 16:00,8,-9.791e-05
2023-08-07 00:00,8,-0.00015108
2023-08-07 08:00,8,-1.761e-05
2023-08-07 16:00,8,0.0001
2023-08-08 00:00,8,-4.155e-05
2023-08-08 08:00,8,5.8e-06
2023-08-08 16:00,8,0.0001
2023-08-09 00:00,8,0.0001
2023-08-09 08:00,8,0.0001
2023-08-09 16:00,8,0.0001
2023-08-10 00:00,8,0.0001
2023-08-10 08:00,8,8.583e-05
2023-08-10 16:00,8,5.786e-05
2023-08-11 00:00,8,7.077e-05
2023-08-11 08:00,8,0.0001
2023-08-11 16:00,8,-8.177e-05
2023-08-12 00:00,8,0.0001
2023-08-12 08:00,8,-0.00056041
2023-08-12 16:00,8,-0.00027037
2023-08-13 00:00,8,-0.0001136
2023-08-13 08:00,8,0.0001
2023-08-13 16:00,8,0.0001
2023-08-14 00:00,8,0.0001
2023-08-14 08:00,8,0.0001
2023-08-14 16:00,8,0.0001
2023-08-15 00:00,8,0.0001
2023-08-15 08:00,8,0.0001
2023-08-15 16:00,8,0.0001
2023-08-16 00:00,8,0.0001
2023-08-16 08:00,8,9.729e-05
2023-08-16 16:00,8,7.774e-05
2023-08-17 00:00,8,-2.248e-05
2023-08-17 08:00,8,-9.244e-05
2023-08-17 16:00,8,-0.00018353
2023-08-18 00:00,8,-0.00048129
2023-08-18 08:00,8,-0.00078004
2023-08-18 16:00,8,-0.00107368
2023-08-19 00:00,8,-0.00031573
2023-08-19 08:00,8,5.1e-05
2023-08-19 16:00,8,-8.343e-05
2023-08-20 00:00,8,-3.668e-05
2023-08-20 08:00,8,-3.07e-06
2023-08-20 16:00,8,-7.204e-05
2023-08-21 00:00,8,8.15e-06
2023-08-21 08:00,8,0.0001
2023-08-21 16:00,8,-1.734e-05
2023-08-22 00:00,8,-0.00016168
2023-08-22 08:00,8,-0.0001376
2023-08-22 16:00,8,-0.00058334
2023-08-23 00:00,8,-0.00036946
2023-08-23 08:00,8,-0.00017655
2023-08-23 16:00,8,-0.00024745
2023-08-24 00:00,8,-0.00025824
2023-08-24 08:00,8,-0.00037147
2023-08-24 16:00,8,-0.00101594
2023-08-25 00:00,8,-0.00051295
2023-08-25 08:00,8,-0.00013821
2023-08-25 16:00,8,-0.0003592
2023-08-26 00:00,8,-0.00040565
2023-08-26 08:00,8,-0.00016083
2023-08-26 16:00,8,-0.00010331
2023-08-27 00:00,8,-0.00055727
2023-08-27 08:00,8,-0.00038
2023-08-27 16:00,8,-0.00016461
2023-08-28 00:00,8,-0.00010024
2023-08-28 08:00,8,-0.00024283
2023-08-28 16:00,8,-0.00094387
2023-08-29 00:00,8,0.0001
2023-08-29 08:00,8,0.0001
2023-08-29 16:00,8,-0.00023964
2023-08-30 00:00,8,0.0001
2023-08-30 08:00,8,0.0001
2023-08-30 16:00,8,1.897e-05
2023-08-31 00:00,8,-4.87e-06
2023-08-31 08:00,8,0.0001
2023-08-31 16:00,8,-2.523e-05
2023-09-01 00:00,8,0.0001
2023-09-01 08:00,8,-4.938e-05
2023-09-01 16:00,8,-6.4e-06
2023-09-02 00:00,8,-0.00015717
2023-09-02 08:00,8,-0.00010039
2023-09-02 16:00,8,-5.822e-05
2023-09-03 00:00,8,-9.997e-05
2023-09-03 08:00,8,-2.677e-05
2023-09-03 16:00,8,-9.375e-05
2023-09-04 00:00,8,-2.024e-05
2023-09-04 08:00,8,-2.541e-05
2023-09-04 16:00,8,3.127e-05
2023-09-05 00:00,8,-8.541e-05
2023-09-05 08:00,8,7.538e-05
2023-09-05 16:00,8,-2.841e-05
2023-09-06 00:00,8,9.93e-06
2023-09-06 08:00,8,-3.948e-05
2023-09-06 16:00,8,0.0001
2023-09-07 00:00,8,3.15e-05
2023-09-07 08:00,8,-0.00020436
2023-09-07 16:00,8,5.447e-05
2023-09-08 00:00,8,0.0001
2023-09-08 08:00,8,-7.636e-05
2023-09-08 16:00,8,-0.00010331
2023-09-09 00:00,8,8.458e-05
2023-09-09 08:00,8,0.0001
2023-09-09 16:00,8,-9.516e-05
2023-09-10 00:00,8,-8.83e-06
2023-09-10 08:00,8,-0.00016199
2023-09-10 16:00,8,-0.00010996
2023-09-11 00:00,8,-0.00017882
2023-09-11 08:00,8,-0.00018386
2023-09-11 16:00,8,-6.987e-05
2023-09-12 00:00,8,-4.562e-05
2023-09-12 08:00,8,-5.874e-05
2023-09-12 16:00,8,-0.00027195
2023-09-13 00:00,8,-0.00035127
2023-09-13 08:00,8,-2.911e-05
2023-09-13 16:00,8,5.271e-05
2023-09-14 00:00,8,3.742e-05
2023-09-14 08:00,8,-0.0002753
2023-09-14 16:00,8,-0.00077727
2023-09-15 00:00,8,5.661e-05
2023-09-15 08:00,8,-0.00011363
2023-09-15 16:00,8,-0.00011494
2023-09-16 00:00,8,0.0001
2023-09-16 08:00,8,0.0001
2023-09-16 16:00,8,0.0001
2023-09-17 00:00,8,0.0001
2023-09-17 08:00,8,-0.00019824
2023-09-17 16:00,8,0.0001
2023-09-18 00:00,8,3.654e-05
2023-09-18 08:00,8,5.568e-05
2023-09-18 16:00,8,0.0001
2023-09-19 00:00,8,0.0001
2023-09-19 08:00,8,0.0001
2023-09-19 16:00,8,9.245e-05
2023-09-20 00:00,8,0.0001
2023-09-20 08:00,8,4.064e-05
2023-09-20 16:00,8,5.588e-05
2023-09-21 00:00,8,0.0001
2023-09-21 08:00,8,9.333e-05
2023-09-21 16:00,8,0.0001
2023-09-22 00:00,8,5.763e-05
2023-09-22 08:00,8,9.981e-05
2023-09-22 16:00,8,0.0001
2023-09-23 00:00,8,0.0001
2023-09-23 08:00,8,0.0001
2023-09-23 16:00,8,0.0001
2023-09-24 00:00,8,0.0001
2023-09-24 08:00,8,0.0001
2023-09-24 16:00,8,0.0001
2023-09-25 00:00,8,0.0001
2023-09-25 08:00,8,0.0001
2023-09-25 16:00,8,0.0001
2023-09-26 00:00,8,0.0001
2023-09-26 08:00,8,0.0001
2023-09-26 16:00,8,0.0001
2023-09-27 00:00,8,0.0001
2023-09-27 08:00,8,0.0001
2023-09-27 16:00,8,9.247e-05
2023-09-28 00:00,8,9.06e-05
2023-09-28 08:00,8,-1.31e-05
2023-09-28 16:00,8,0.0001
2023-09-29 00:00,8,-8e-08
2023-09-29 08:00,8,9.32e-05
2023-09-29 16:00,8,0.0001
2023-09-30 00:00,8,1.037e-05
2023-09-30 08:00,8,5.025e-05
2023-09-30 16:00,8,2.527e-05
2023-10-01 00:00,8,9.375e-05
2023-10-01 08:00,8,0.0001
2023-10-01 16:00,8,0.0001
2023-10-02 00:00,8,1.105e-05
2023-10-02 08:00,8,0.0001
2023-10-02 16:00,8,9.6e-05
2023-10-03 00:00,8,-0.00019486
2023-10-03 08:00,8,0.0001
2023-10-03 16:00,8,-5.028e-05
2023-10-04 00:00,8,-4.64e-05
2023-10-04 08:00,8,4.765e-05
2023-10-04 16:00,8,2.657e-05
2023-10-05 00:00,8,-8.426e-05
2023-10-05 08:00,8,0.0001
2023-10-05 16:00,8,-1.905e-05
2023-10-06 00:00,8,0.0001
2023-10-06 08:00,8,-0.00065702
2023-10-06 16:00,8,0.0001
2023-10-07 00:00,8,0.0001
2023-10-07 08:00,8,0.0001
2023-10-07 16:00,8,9.83e-05
2023-10-08 00:00,8,0.0001
2023-10-08 08:00,8,0.0001
2023-10-08 16:00,8,0.0001
2023-10-09 00:00,8,0.0001
2023-10-09 08:00,8,0.0001
2023-10-09 16:00,8,-0.00015419
2023-10-10 00:00,8,-0.00027593
2023-10-10 08:00,8,-5.153e-05
2023-10-10 16:00,8,8.51e-06
2023-10-11 00:00,8,-0.00012007
2023-10-11 08:00,8,0.0001
2023-10-11 16:00,8,0.0001
2023-10-12 00:00,8,0.0001
2023-10-12 08:00,8,0.0001
2023-10-12 16:00,8,0.0001
2023-10-13 00:00,8,0.0001
2023-10-13 08:00,8,1.224e-05
2023-10-13 16:00,8,2.098e-05
2023-10-14 00:00,8,2.969e-05
2023-10-14 08:00,8,-4.187e-05
2023-10-14 16:00,8,0.0001
2023-10-15 00:00,8,0.0001
2023-10-15 08:00,8,9.568e-05
2023-10-15 16:00,8,0.0001
2023-10-16 00:00,8,0.0001
2023-10-16 08:00,8,0.0001
2023-10-16 16:00,8,0.0001
2023-10-17 00:00,8,5.621e-05
2023-10-17 08:00,8,0.0001
2023-10-17 16:00,8,-5e-08
2023-10-18 00:00,8,-4.767e-05
2023-10-18 08:00,8,-0.0002163
2023-10-18 16:00,8,0.0001
2023-10-19 00:00,8,-2.091e-05
2023-10-19 08:00,8,1.087e-05
2023-10-19 16:00,8,3.61e-06
2023-10-20 00:00,8,6.298e-05
2023-10-20 08:00,8,6.404e-05
2023-10-20 16:00,8,-8.461e-05
2023-10-21 00:00,8,0.0001
2023-10-21 08:00,8,0.0001
2023-10-21 16:00,8,0.0001
2023-10-22 00:00,8,0.0001
2023-10-22 08:00,8,0.0001
2023-10-22 16:00,8,0.0001
2023-10-23 00:00,8,0.0001
2023-10-23 08:00,8,0.0001
2023-10-23 16:00,8,7.432e-05
2023-10-24 00:00,8,0.0001
2023-10-24 08:00,8,0.0001
2023-10-24 16:00,8,0.0001
2023-10-25 00:00,8,0.0001
2023-10-25 08:00,8,0.0001
2023-10-25 16:00,8,7.218e-05
2023-10-26 00:00,8,0.0001
2023-10-26 08:00,8,0.0001
2023-10-26 16:00,8,0.0001
2023-10-27 00:00,8,0.0001
2023-10-27 08:00,8,0.0001
2023-10-27 16:00,8,0.0001
2023-10-28 00:00,8,0.0001
2023-10-28 08:00,8,0.0001
2023-10-28 16:00,8,0.0001
2023-10-29 00:00,8,0.0001
2023-10-29 08:00,8,0.0001
2023-10-29 16:00,8,0.0001
2023-10-30 00:00,8,0.0001
2023-10-30 08:00,8,0.0001
2023-10-30 16:00,8,0.0001
2023-10-31 00:00,8,0.0001
2023-10-31 08:00,8,0.0001
2023-10-31 16:00,8,0.0001
2023-11-01 00:00,8,0.0001
2023-11-01 08:00,8,0.0001
2023-11-01 16:00,8,0.0001
2023-11-02 00:00,8,0.0001
2023-11-02 08:00,8,0.0001
2023-11-02 16:00,8,0.0001
2023-11-03 00:00,8,0.0001
2023-11-03 08:00,8,0.0001
2023-11-03 16:00,8,0.0001
2023-11-04 00:00,8,0.0001
2023-11-04 08:00,8,0.0001
2023-11-04 16:00,8,0.0001
2023-11-05 00:00,8,0.0001
2023-11-05 08:00,8,0.0001
2023-11-05 16:00,8,8.395e-05
2023-11-06 00:00,8,0.0001
2023-11-06 08:00,8,1.064e-05
2023-11-06 16:00,8,0.0001
2023-11-07 00:00,8,0.0001
2023-11-07 08:00,8,0.0001
2023-11-07 16:00,8,0.0001
2023-11-08 00:00,8,0.0001
2023-11-08 08:00,8,0.0001
2023-11-08 16:00,8,0.0001
2023-11-09 00:00,8,0.0001
2023-11-09 08:00,8,0.0001
2023-11-09 16:00,8,0.00016197
2023-11-10 00:00,8,-0.00037992
2023-11-10 08:00,8,-2.8e-05
2023-11-10 16:00,8,-0.00021356
2023-11-11 00:00,8,0.0001
2023-11-11 08:00,8,0.0001
2023-11-11 16:00,8,0.0001
2023-11-12 00:00,8,0.0001
2023-11-12 08:00,8,0.0001
2023-11-12 16:00,8,0.00018063
2023-11-13 00:00,8,0.00024623
2023-11-13 08:00,8,0.0001477
2023-11-13 16:00,8,0.00010906
2023-11-14 00:00,8,0.0001
2023-11-14 08:00,8,0.0001
2023-11-14 16:00,8,0.0001
2023-11-15 00:00,8,4.38e-05
2023-11-15 08:00,8,0.0001
2023-11-15 16:00,8,0.0001
2023-11-16 00:00,8,0.0001589
2023-11-16 08:00,8,0.00041749
2023-11-16 16:00,8,0.0001
2023-11-17 00:00,8,0.0001
2023-11-17 08:00,8,0.0001
2023-11-17 16:00,8,0.0001
2023-11-18 00:00,8,0.0001
2023-11-18 08:00,8,0.0001
2023-11-18 16:00,8,0.0001
2023-11-19 00:00,8,0.0001
2023-11-19 08:00,8,0.0001
2023-11-19 16:00,8,0.0001
2023-11-20 00:00,8,0.0001
2023-11-20 08:00,8,0.0001
2023-11-20 16:00,8,0.0001
2023-11-21 00:00,8,0.0001
2023-11-21 08:00,8,0.0001
2023-11-21 16:00,8,0.0001
2023-11-22 00:00,8,0.0001
2023-11-22 08:00,8,0.0001
2023-11-22 16:00,8,0.0001
2023-11-23 00:00,8,0.0001
2023-11-23 08:00,8,0.0001
2023-11-23 16:00,8,0.0001
2023-11-24 00:00,8,0.0001
2023-11-24 08:00,8,0.0001
2023-11-24 16:00,8,0.0001
2023-11-25 00:00,8,0.0001
2023-11-25 08:00,8,5.473e-05
2023-11-25 16:00,8,-8.451e-05
2023-11-26 00:00,8,0.0001
2023-11-26 08:00,8,-0.00018462
2023-11-26 16:00,8,0.0001
2023-11-27 00:00,8,0.0001
2023-11-27 08:00,8,0.0001
2023-11-27 16:00,8,0.0001
2023-11-28 00:00,8,0.0001
2023-11-28 08:00,8,0.0001
2023-11-28 16:00,8,0.0001
2023-11-29 00:00,8,0.0001
2023-11-29 08:00,8,-8.701e-05
2023-11-29 16:00,8,0.0001
2023-11-30 00:00,8,-4.177e-05
2023-11-30 08:00,8,0.0001
2023-11-30 16:00,8,0.0001
2023-12-01 00:00,8,0.0001
2023-12-01 08:00,8,5.958e-05
2023-12-01 16:00,8,0.0001
2023-12-02 00:00,8,0.0001
2023-12-02 08:00,8,0.0001
2023-12-02 16:00,8,0.0001
2023-12-03 00:00,8,0.0001
2023-12-03 08:00,8,0.0001
2023-12-03 16:00,8,-2.181e-05
2023-12-04 00:00,8,0.0001
2023-12-04 08:00,8,0.0001
2023-12-04 16:00,8,0.0001
2023-12-05 00:00,8,0.0001
2023-12-05 08:00,8,0.0001
2023-12-05 16:00,8,0.0001
2023-12-06 00:00,8,0.0001
2023-12-06 08:00,8,0.0001
2023-12-06 16:00,8,0.0001
2023-12-07 00:00,8,0.0001
2023-12-07 08:00,8,0.0001
2023-12-07 16:00,8,0.0001
2023-12-08 00:00,8,0.00012088
2023-12-08 08:00,8,0.00022849
2023-12-08 16:00,8,0.00017739
2023-12-09 00:00,8,0.0001
2023-12-09 08:00,8,0.00037881
2023-12-09 16:00,8,0.00013105
2023-12-10 00:00,8,0.00012165
2023-12-10 08:00,8,0.0001
2023-12-10 16:00,8,0.00016705
2023-12-11 00:00,8,0.0001
2023-12-11 08:00,8,0.0001
2023-12-11 16:00,8,0.0001
2023-12-12 00:00,8,0.0001
2023-12-12 08:00,8,0.0001
2023-12-12 16:00,8,0.0002593
2023-12-13 00:00,8,0.00015895
2023-12-13 08:00,8,0.0001
2023-12-13 16:00,8,0.0001
2023-12-14 00:00,8,0.0001
2023-12-14 08:00,8,0.0001
2023-12-14 16:00,8,0.0001
2023-12-15 00:00,8,0.0001
2023-12-15 08:00,8,0.00029354
2023-12-15 16:00,8,0.0003025
2023-12-16 00:00,8,0.00013842
2023-12-16 08:00,8,0.00016382
2023-12-16 16:00,8,0.0001
2023-12-17 00:00,8,0.0001
2023-12-17 08:00,8,0.0001
2023-12-17 16:00,8,0.0001
2023-12-18 00:00,8,0.00010673
2023-12-18 08:00,8,0.0001
2023-12-18 16:00,8,0.0001
2023-12-19 00:00,8,0.0001
2023-12-19 08:00,8,0.0001
2023-12-19 16:00,8,0.0001
2023-12-20 00:00,8,0.0001
2023-12-20 08:00,8,0.0001
2023-12-20 16:00,8,0.0001
2023-12-21 00:00,8,0.0001
2023-12-21 08:00,8,0.0002167
2023-12-21 16:00,8,0.00012197
2023-12-22 00:00,8,0.00026768
2023-12-22 08:00,8,0.00020582
2023-12-22 16:00,8,0.00034263
2023-12-23 00:00,8,0.00029751
2023-12-23 08:00,8,0.00027701
2023-12-23 16:00,8,0.00028655
2023-12-24 00:00,8,0.00039271
2023-12-24 08:00,8,0.00012657
2023-12-24 16:00,8,0.00031644
2023-12-25 00:00,8,0.00021632
2023-12-25 08:00,8,0.00040648
2023-12-25 16:00,8,0.0004332
2023-12-26 00:00,8,0.00047662
2023-12-26 08:00,8,0.0003999
2023-12-26 16:00,8,0.00049613
2023-12-27 00:00,8,0.0001
2023-12-27 08:00,8,0.00016515
2023-12-27 16:00,8,0.00070825
2023-12-28 00:00,8,0.00045759
2023-12-28 08:00,8,0.00065789
2023-12-28 16:00,8,0.00043348
2023-12-29 00:00,8,0.00031981
2023-12-29 08:00,8,0.00030655
2023-12-29 16:00,8,0.00048604
2023-12-30 00:00,8,0.00012763
2023-12-30 08:00,8,0.00043877
2023-12-30 16:00,8,0.0005069
2023-12-31 00:00,8,0.00016263
2023-12-31 08:00,8,0.0003972
2023-12-31 16:00,8,0.00039231
2024-01-01 00:00,8,0.0003234
2024-01-01 08:00,8,0.00024457
2024-01-01 16:00,8,0.00047605
2024-01-02 00:00,8,0.00089295
2024-01-02 08:00,8,0.00061791
2024-01-02 16:00,8,0.00089501
2024-01-03 00:00,8,0.0005455
2024-01-03 08:00,8,0.00052154
2024-01-03 16:00,8,0.0001
2024-01-04 00:00,8,-2.046e-05
2024-01-04 08:00,8,-0.00012495
2024-01-04 16:00,8,9.087e-05
2024-01-05 00:00,8,0.0001
2024-01-05 08:00,8,0.0001
2024-01-05 16:00,8,0.0001
2024-01-06 00:00,8,0.0001
2024-01-06 08:00,8,9.53e-06
2024-01-06 16:00,8,0.0001
2024-01-07 00:00,8,6.436e-05
2024-01-07 08:00,8,-0.00031209
2024-01-07 16:00,8,-0.00035996
2024-01-08 00:00,8,-0.00031878
2024-01-08 08:00,8,0.0001
2024-01-08 16:00,8,0.0001
2024-01-09 00:00,8,0.0001
2024-01-09 08:00,8,0.0001
2024-01-09 16:00,8,0.0001
2024-01-10 00:00,8,0.0001
2024-01-10 08:00,8,0.0001
2024-01-10 16:00,8,0.0001
2024-01-11 00:00,8,0.0001
2024-01-11 08:00,8,0.0001
2024-01-11 16:00,8,0.0001
2024-01-12 00:00,8,0.0001
2024-01-12 08:00,8,0.0001
2024-01-12 16:00,8,0.0001
2024-01-13 00:00,8,0.0001
2024-01-13 08:00,8,0.0001
2024-01-13 16:00,8,0.0001
2024-01-14 00:00,8,9.746e-05
2024-01-14 08:00,8,0.0001
2024-01-14 16:00,8,0.0001
2024-01-15 00:00,8,4.289e-05
2024-01-15 08:00,8,-3.841e-05
2024-01-15 16:00,8,0.0001
2024-01-16 00:00,8,8.08e-05
2024-01-16 08:00,8,0.0001
2024-01-16 16:00,8,2.055e-05
2024-01-17 00:00,8,9.651e-05
2024-01-17 08:00,8,5.02e-06
2024-01-17 16:00,8,5.821e-05
2024-01-18 00:00,8,0.0001
2024-01-18 08:00,8,0.0001
2024-01-18 16:00,8,0.0001
2024-01-19 00:00,8,-0.00016427
2024-01-19 08:00,8,0.0001
2024-01-19 16:00,8,0.0001
2024-01-20 00:00,8,0.0001
2024-01-20 08:00,8,0.0001
2024-01-20 16:00,8,0.0001
2024-01-21 00:00,8,0.0001
2024-01-21 08:00,8,0.0001
2024-01-21 16:00,8,0.0001
2024-01-22 00:00,8,0.0001
2024-01-22 08:00,8,0.0001
2024-01-22 16:00,8,0.0001
2024-01-23 00:00,8,0.0001
2024-01-23 08:00,8,0.0001
2024-01-23 16:00,8,0.0001
2024-01-24 00:00,8,0.0001
2024-01-24 08:00,8,0.0001
2024-01-24 16:00,8,0.0001
2024-01-25 00:00,8,0.0001
2024-01-25 08:00,8,0.0001
2024-01-25 16:00,8,0.0001
2024-01-26 00:00,8,0.0001
2024-01-26 08:00,8,0.0001
2024-01-26 16:00,8,0.0001
2024-01-27 00:00,8,4.777e-05
2024-01-27 08:00,8,-3.746e-05
2024-01-27 16:00,8,-0.0002182
2024-01-28 00:00,8,0.0001
2024-01-28 08:00,8,-0.00012887
2024-01-28 16:00,8,0.0001
2024-01-29 00:00,8,0.0001
2024-01-29 08:00,8,0.0001
2024-01-29 16:00,8,3.421e-05
2024-01-30 00:00,8,0.0001
2024-01-30 08:00,8,0.0001
2024-01-30 16:00,8,0.0001
2024-01-31 00:00,8,0.0001
2024-01-31 08:00,8,0.0001
2024-01-31 16:00,8,9.947e-05
2024-02-01 00:00,8,5.714e-05
2024-02-01 08:00,8,-0.000138
2024-02-01 16:00,8,-0.00049234
2024-02-02 00:00,8,1.77e-06
2024-02-02 08:00,8,9.681e-05
2024-02-02 16:00,8,4.932e-05
2024-02-03 00:00,8,0.0001
2024-02-03 08:00,8,0.0001
2024-02-03 16:00,8,0.0001
2024-02-04 00:00,8,0.0001
2024-02-04 08:00,8,-0.00024667
2024-02-04 16:00,8,-6.941e-05
2024-02-05 00:00,8,1.664e-05
2024-02-05 08:00,8,3.817e-05
2024-02-05 16:00,8,0.0001
2024-02-06 00:00,8,2.105e-05
2024-02-06 08:00,8,0.0001
2024-02-06 16:00,8,0.0001
2024-02-07 00:00,8,0.0001
2024-02-07 08:00,8,0.0001
2024-02-07 16:00,8,0.0001
2024-02-08 00:00,8,0.0001
2024-02-08 08:00,8,0.0001
2024-02-08 16:00,8,0.0001
2024-02-09 00:00,8,0.0001
2024-02-09 08:00,8,0.0001
2024-02-09 16:00,8,0.0001
2024-02-10 00:00,8,0.0001
2024-02-10 08:00,8,0.0001
2024-02-10 16:00,8,0.0001
2024-02-11 00:00,8,0.0001
2024-02-11 08:00,8,0.0001
2024-02-11 16:00,8,0.0001
2024-02-12 00:00,8,0.0001
2024-02-12 08:00,8,0.0001
2024-02-12 16:00,8,0.0001067
2024-02-13 00:00,8,0.00036484
2024-02-13 08:00,8,0.00022749
2024-02-13 16:00,8,0.00028853
2024-02-14 00:00,8,0.00018981
2024-02-14 08:00,8,0.00037328
2024-02-14 16:00,8,0.00031671
2024-02-15 00:00,8,0.00025123
2024-02-15 08:00,8,0.00049392
2024-02-15 16:00,8,0.0002803
2024-02-16 00:00,8,0.00061814
2024-02-16 08:00,8,0.00038322
2024-02-16 16:00,8,0.00032679
2024-02-17 00:00,8,0.0001
2024-02-17 08:00,8,0.00020062
2024-02-17 16:00,8,0.00022553
2024-02-18 00:00,8,0.00034528
2024-02-18 08:00,8,0.00020059
2024-02-18 16:00,8,0.00027984
2024-02-19 00:00,8,0.00020667
2024-02-19 08:00,8,0.00030713
2024-02-19 16:00,8,0.00040152
2024-02-20 00:00,8,0.00050379
2024-02-20 08:00,8,0.00035623
2024-02-20 16:00,8,0.0002352
2024-02-21 00:00,8,0.0001
2024-02-21 08:00,8,0.00014112
2024-02-21 16:00,8,0.00010372
2024-02-22 00:00,8,0.0001
2024-02-22 08:00,8,0.00026322
2024-02-22 16:00,8,0.00034018
2024-02-23 00:00,8,0.00025219
2024-02-23 08:00,8,0.00030617
2024-02-23 16:00,8,0.00030807
2024-02-24 00:00,8,0.0003078
2024-02-24 08:00,8,0.00013621
2024-02-24 16:00,8,0.00014732
2024-02-25 00:00,8,0.00013414
2024-02-25 08:00,8,0.0001973
2024-02-25 16:00,8,0.00017945
2024-02-26 00:00,8,0.00029001
2024-02-26 08:00,8,0.00033822
2024-02-26 16:00,8,0.00021113
2024-02-27 00:00,8,0.00028342
2024-02-27 08:00,8,0.00059173
2024-02-27 16:00,8,0.00033548
2024-02-28 00:00,8,0.00048033
2024-02-28 08:00,8,0.00038968
2024-02-28 16:00,8,0.00052781
2024-02-29 00:00,8,0.0002614
2024-02-29 08:00,8,0.0005952
2024-02-29 16:00,8,0.00070438
2024-03-01 00:00,8,0.00053401
2024-03-01 08:00,8,0.0006288
2024-03-01 16:00,8,0.00057117
2024-03-02 00:00,8,0.00062762
2024-03-02 08:00,8,0.00083753
2024-03-02 16:00,8,0.00064956
2024-03-03 00:00,8,0.00074618
2024-03-03 08:00,8,0.00064234
2024-03-03 16:00,8,0.00064056
2024-03-04 00:00,8,0.00071254
2024-03-04 08:00,8,0.00084599
2024-03-04 16:00,8,0.00077504
2024-03-05 00:00,8,0.00059072
2024-03-05 08:00,8,0.00149157
2024-03-05 16:00,8,0.00087267
2024-03-06 00:00,8,0.0001
2024-03-06 08:00,8,0.00024213
2024-03-06 16:00,8,0.00031457
2024-03-07 00:00,8,0.00032912
2024-03-07 08:00,8,0.00048765
2024-03-07 16:00,8,0.00052834
2024-03-08 00:00,8,0.00057917
2024-03-08 08:00,8,0.00061864
2024-03-08 16:00,8,0.00056854
2024-03-09 00:00,8,0.00066031
2024-03-09 08:00,8,0.00069438
2024-03-09 16:00,8,0.00073361
2024-03-10 00:00,8,0.00085889
2024-03-10 08:00,8,0.00092404
2024-03-10 16:00,8,0.00048642
2024-03-11 00:00,8,0.00047803
2024-03-11 08:00,8,0.00057948
2024-03-11 16:00,8,0.00066313
2024-03-12 00:00,8,0.00073791
2024-03-12 08:00,8,0.00056095
2024-03-12 16:00,8,0.00042314
2024-03-13 00:00,8,0.00062116
2024-03-13 08:00,8,0.00057979
2024-03-13 16:00,8,0.00059638
2024-03-14 00:00,8,0.00046623
2024-03-14 08:00,8,0.00079898
2024-03-14 16:00,8,0.00055309
2024-03-15 00:00,8,0.00046487
2024-03-15 08:00,8,0.00025641
2024-03-15 16:00,8,0.0001229
2024-03-16 00:00,8,0.00015686
2024-03-16 08:00,8,0.00027957
2024-03-16 16:00,8,0.00022427
2024-03-17 00:00,8,0.0001
2024-03-17 08:00,8,0.00010714
2024-03-17 16:00,8,0.00017743
2024-03-18 00:00,8,0.00019038
2024-03-18 08:00,8,0.00017519
2024-03-18 16:00,8,0.00024925
2024-03-19 00:00,8,0.00023749
2024-03-19 08:00,8,0.00014168
2024-03-19 16:00,8,0.00013033
2024-03-20 00:00,8,0.0001
2024-03-20 08:00,8,0.00012123
2024-03-20 16:00,8,0.00017053
2024-03-21 00:00,8,0.00025631
2024-03-21 08:00,8,0.00015733
2024-03-21 16:00,8,0.00019987
2024-03-22 00:00,8,0.0001876
2024-03-22 08:00,8,0.00025017
2024-03-22 16:00,8,0.0001
2024-03-23 00:00,8,0.00022286
2024-03-23 08:00,8,0.0002553
2024-03-23 16:00,8,0.00014243
2024-03-24 00:00,8,0.00025494
2024-03-24 08:00,8,0.00023082
2024-03-24 16:00,8,0.00022691
2024-03-25 00:00,8,0.0001
2024-03-25 08:00,8,0.00016937
2024-03-25 16:00,8,0.0001701
2024-03-26 00:00,8,0.0004172
2024-03-26 08:00,8,0.00025554
2024-03-26 16:00,8,0.00050368
2024-03-27 00:00,8,0.0005073
2024-03-27 08:00,8,0.00054691
2024-03-27 16:00,8,0.00042696
2024-03-28 00:00,8,0.00039565
2024-03-28 08:00,8,0.00055819
2024-03-28 16:00,8,0.000462
2024-03-29 00:00,8,0.00050769
2024-03-29 08:00,8,0.00052214
2024-03-29 16:00,8,0.00063366
2024-03-30 00:00,8,0.00062311
2024-03-30 08:00,8,0.00059321
2024-03-30 16:00,8,0.00065364
2024-03-31 00:00,8,0.00054799
2024-03-31 08:00,8,0.00057225
2024-03-31 16:00,8,0.0005786
2024-04-01 00:00,8,0.00080774
2024-04-01 08:00,8,0.0005155
2024-04-01 16:00,8,0.00020397
2024-04-02 00:00,8,0.00021575
2024-04-02 08:00,8,0.0001
2024-04-02 16:00,8,0.0001
2024-04-03 00:00,8,0.0001
2024-04-03 08:00,8,0.0001
2024-04-03 16:00,8,0.00017619
2024-04-04 00:00,8,0.00025143
2024-04-04 08:00,8,0.00019048
2024-04-04 16:00,8,0.00020902
2024-04-05 00:00,8,0.00028851
2024-04-05 08:00,8,0.00019315
2024-04-05 16:00,8,0.00010027
2024-04-06 00:00,8,0.00027074
2024-04-06 08:00,8,0.00011051
2024-04-06 16:00,8,0.00018119
2024-04-07 00:00,8,0.00015738
2024-04-07 08:00,8,0.00014131
2024-04-07 16:00,8,0.0001
2024-04-08 00:00,8,0.00026791
2024-04-08 08:00,8,0.00018962
2024-04-08 16:00,8,0.00030558
2024-04-09 00:00,8,0.00010245
2024-04-09 08:00,8,0.00027777
2024-04-09 16:00,8,0.00022043
2024-04-10 00:00,8,0.00016344
2024-04-10 08:00,8,0.00016426
2024-04-10 16:00,8,0.0001582
2024-04-11 00:00,8,0.00021029
2024-04-11 08:00,8,0.00030758
2024-04-11 16:00,8,0.00025534
2024-04-12 00:00,8,0.00021837
2024-04-12 08:00,8,0.00027159
2024-04-12 16:00,8,0.0001
2024-04-13 00:00,8,0.0001
2024-04-13 08:00,8,0.0001
2024-04-13 16:00,8,0.0001
2024-04-14 00:00,8,-0.00027347
2024-04-14 08:00,8,0.0001
2024-04-14 16:00,8,-1.607e-05
2024-04-15 00:00,8,-0.00010147
2024-04-15 08:00,8,-0.00013049
2024-04-15 16:00,8,3.605e-05
2024-04-16 00:00,8,2.619e-05
2024-04-16 08:00,8,1.42e-06
2024-04-16 16:00,8,-2.362e-05
2024-04-17 00:00,8,-6.088e-05
2024-04-17 08:00,8,-6.404e-05
2024-04-17 16:00,8,3.21e-05
2024-04-18 00:00,8,5.358e-05
2024-04-18 08:00,8,4.199e-05
2024-04-18 16:00,8,-8.796e-05
2024-04-19 00:00,8,-0.00022371
2024-04-19 08:00,8,1.29e-05
2024-04-19 16:00,8,6.776e-05
2024-04-20 00:00,8,-3.856e-05
2024-04-20 08:00,8,-0.00011858
2024-04-20 16:00,8,1.194e-05
2024-04-21 00:00,8,0.0001
2024-04-21 08:00,8,-4.316e-05
2024-04-21 16:00,8,0.0001
2024-04-22 00:00,8,-5.63e-05
2024-04-22 08:00,8,-9.771e-05
2024-04-22 16:00,8,-7.609e-05
2024-04-23 00:00,8,-0.00015091
2024-04-23 08:00,8,-2.27e-05
2024-04-23 16:00,8,0.0001
2024-04-24 00:00,8,-5.62e-06
2024-04-24 08:00,8,4.759e-05
2024-04-24 16:00,8,0.0001
2024-04-25 00:00,8,-6.187e-05
2024-04-25 08:00,8,-8.396e-05
2024-04-25 16:00,8,5.483e-05
2024-04-26 00:00,8,-0.00014092
2024-04-26 08:00,8,-1.89e-05
2024-04-26 16:00,8,-0.00048455
2024-04-27 00:00,8,-0.00160297
2024-04-27 08:00,8,-0.00046699
2024-04-27 16:00,8,-0.00021868
2024-04-28 00:00,8,-0.00056601
2024-04-28 08:00,8,8.73e-05
2024-04-28 16:00,8,3.576e-05
2024-04-29 00:00,8,0.0001
2024-04-29 08:00,8,9.549e-05
2024-04-29 16:00,8,2.728e-05
2024-04-30 00:00,8,0.0001
2024-04-30 08:00,8,-2.766e-05
2024-04-30 16:00,8,-7.405e-05
2024-05-01 00:00,8,-7.626e-05
2024-05-01 08:00,8,3.646e-05
2024-05-01 16:00,8,-8.71e-06
2024-05-02 00:00,8,8.551e-05
2024-05-02 08:00,8,0.0001
2024-05-02 16:00,8,6.389e-05
2024-05-03 00:00,8,2.163e-05
2024-05-03 08:00,8,8.723e-05
2024-05-03 16:00,8,2.805e-05
2024-05-04 00:00,8,9.247e-05
2024-05-04 08:00,8,5.466e-05
2024-05-04 16:00,8,0.0001
2024-05-05 00:00,8,0.0001
2024-05-05 08:00,8,0.0001
2024-05-05 16:00,8,0.0001
2024-05-06 00:00,8,0.0001
2024-05-06 08:00,8,0.0001
2024-05-06 16:00,8,3.02e-05
2024-05-07 00:00,8,-3.474e-05
2024-05-07 08:00,8,9.45e-06
2024-05-07 16:00,8,-0.00013815
2024-05-08 00:00,8,3.862e-05
2024-05-08 08:00,8,4.315e-05
2024-05-08 16:00,8,0.0001
2024-05-09 00:00,8,9.48e-06
2024-05-09 08:00,8,5.095e-05
2024-05-09 16:00,8,4.756e-05
2024-05-10 00:00,8,-8.688e-05
2024-05-10 08:00,8,-7.42e-06
2024-05-10 16:00,8,0.0001
2024-05-11 00:00,8,5.093e-05
2024-05-11 08:00,8,5.004e-05
2024-05-11 16:00,8,2.566e-05
2024-05-12 00:00,8,-1.6e-05
2024-05-12 08:00,8,-4.8e-05
2024-05-12 16:00,8,-4.423e-05
2024-05-13 00:00,8,-4.717e-05
2024-05-13 08:00,8,-0.00010074
2024-05-13 16:00,8,0.0001
2024-05-14 00:00,8,-5.45e-06
2024-05-14 08:00,8,1.221e-05
2024-05-14 16:00,8,3.364e-05
2024-05-15 00:00,8,6.973e-05
2024-05-15 08:00,8,0.0001
2024-05-15 16:00,8,2.422e-05
2024-05-16 00:00,8,-1.388e-05
2024-05-16 08:00,8,0.0001
2024-05-16 16:00,8,0.0001
2024-05-17 00:00,8,0.0001
2024-05-17 08:00,8,0.0001
2024-05-17 16:00,8,0.0001
2024-05-18 00:00,8,0.0001
2024-05-18 08:00,8,0.0001
2024-05-18 16:00,8,0.0001
2024-05-19 00:00,8,0.0001
2024-05-19 08:00,8,0.0001
2024-05-19 16:00,8,0.0001
2024-05-20 00:00,8,-8.859e-05
2024-05-20 08:00,8,5.501e-05
2024-05-20 16:00,8,0.0001
2024-05-21 00:00,8,0.0001
2024-05-21 08:00,8,0.0001
2024-05-21 16:00,8,0.0001
2024-05-22 00:00,8,0.0001
2024-05-22 08:00,8,0.0001
2024-05-22 16:00,8,0.0001
2024-05-23 00:00,8,0.0001
2024-05-23 08:00,8,0.0001
2024-05-23 16:00,8,0.0001
2024-05-24 00:00,8,0.0001
2024-05-24 08:00,8,0.0001
2024-05-24 16:00,8,0.0001
2024-05-25 00:00,8,0.0001
2024-05-25 08:00,8,0.0001
2024-05-25 16:00,8,0.0001
2024-05-26 00:00,8,0.0001
2024-05-26 08:00,8,0.0001
2024-05-26 16:00,8,0.0001
2024-05-27 00:00,8,0.0001
2024-05-27 08:00,8,0.0001
2024-05-27 16:00,8,0.0001
2024-05-28 00:00,8,0.00013143
2024-05-28 08:00,8,0.0001
2024-05-28 16:00,8,0.00017565
2024-05-29 00:00,8,0.00011397
2024-05-29 08:00,8,0.00016808
2024-05-29 16:00,8,0.00010908
2024-05-30 00:00,8,0.0001
2024-05-30 08:00,8,0.00010958
2024-05-30 16:00,8,0.0001
2024-05-31 00:00,8,0.0001
2024-05-31 08:00,8,0.0001
2024-05-31 16:00,8,0.0001
2024-06-01 00:00,8,0.0001
2024-06-01 08:00,8,0.0001
2024-06-01 16:00,8,0.0001
2024-06-02 00:00,8,0.0001
2024-06-02 08:00,8,0.0001
2024-06-02 16:00,8,0.0001
2024-06-03 00:00,8,0.0001
2024-06-03 08:00,8,0.00013866
2024-06-03 16:00,8,0.0001
2024-06-04 00:00,8,0.0001
2024-06-04 08:00,8,0.0001
2024-06-04 16:00,8,0.00014696
2024-06-05 00:00,8,0.00031689
2024-06-05 08:00,8,0.00016325
2024-06-05 16:00,8,0.00011656
2024-06-06 00:00,8,0.0001
2024-06-06 08:00,8,0.00019615
2024-06-06 16:00,8,0.00013767
2024-06-07 00:00,8,0.00018566
2024-06-07 08:00,8,0.00022062
2024-06-07 16:00,8,0.00028239
2024-06-08 00:00,8,0.0001
2024-06-08 08:00,8,0.0001
2024-06-08 16:00,8,0.0001
2024-06-09 00:00,8,0.0001
2024-06-09 08:00,8,0.0001
2024-06-09 16:00,8,4.667e-05
2024-06-10 00:00,8,0.0001
2024-06-10 08:00,8,0.0001
2024-06-10 16:00,8,0.0001
2024-06-11 00:00,8,0.0001
2024-06-11 08:00,8,0.0001
2024-06-11 16:00,8,0.0001
2024-06-12 00:00,8,0.0001
2024-06-12 08:00,8,0.0001
2024-06-12 16:00,8,8.768e-05
2024-06-13 00:00,8,0.0001
2024-06-13 08:00,8,0.0001
2024-06-13 16:00,8,0.0001
2024-06-14 00:00,8,0.0001
2024-06-14 08:00,8,0.0001
2024-06-14 16:00,8,0.0001
2024-06-15 00:00,8,-9.159e-05
2024-06-15 08:00,8,-0.00011088
2024-06-15 16:00,8,-0.00014222
2024-06-16 00:00,8,0.0001
2024-06-16 08:00,8,-2.589e-05
2024-06-16 16:00,8,-6.476e-05
2024-06-17 00:00,8,7.432e-05
2024-06-17 08:00,8,0.0001
2024-06-17 16:00,8,0.0001
2024-06-18 00:00,8,-6.803e-05
2024-06-18 08:00,8,-6.496e-05
2024-06-18 16:00,8,-0.00027238
2024-06-19 00:00,8,-0.00035001
2024-06-19 08:00,8,6.762e-05
2024-06-19 16:00,8,1.197e-05
2024-06-20 00:00,8,1.983e-05
2024-06-20 08:00,8,-0.00011812
2024-06-20 16:00,8,-4.9e-06
2024-06-21 00:00,8,3.27e-05
2024-06-21 08:00,8,6.375e-05
2024-06-21 16:00,8,6.391e-05
2024-06-22 00:00,8,8.23e-05
2024-06-22 08:00,8,6.648e-05
2024-06-22 16:00,8,9.109e-05
2024-06-23 00:00,8,-4.385e-05
2024-06-23 08:00,8,0.0001
2024-06-23 16:00,8,-1.978e-05
2024-06-24 00:00,8,-0.00017335
2024-06-24 08:00,8,-9.911e-05
2024-06-24 16:00,8,-3.12e-06
2024-06-25 00:00,8,3.846e-05
2024-06-25 08:00,8,0.0001
2024-06-25 16:00,8,7.387e-05
2024-06-26 00:00,8,6.873e-05
2024-06-26 08:00,8,0.0001
2024-06-26 16:00,8,7.844e-05
2024-06-27 00:00,8,3.498e-05
2024-06-27 08:00,8,0.0001
2024-06-27 16:00,8,7.406e-05
2024-06-28 00:00,8,6.172e-05
2024-06-28 08:00,8,0.0001
2024-06-28 16:00,8,5.064e-05
2024-06-29 00:00,8,-0.00015658
2024-06-29 08:00,8,0.0001
2024-06-29 16:00,8,-9.324e-05
2024-06-30 00:00,8,-1.826e-05
2024-06-30 08:00,8,2.458e-05
2024-06-30 16:00,8,-6.912e-05
2024-07-01 00:00,8,-8.269e-05
2024-07-01 08:00,8,4.709e-05
2024-07-01 16:00,8,8.341e-05
2024-07-02 00:00,8,-8.249e-05
2024-07-02 08:00,8,0.0001
2024-07-02 16:00,8,9.276e-05
2024-07-03 00:00,8,0.0001
2024-07-03 08:00,8,0.0001
2024-07-03 16:00,8,6.382e-05
2024-07-04 00:00,8,3.234e-05
2024-07-04 08:00,8,7.59e-05
2024-07-04 16:00,8,-0.00041948
2024-07-05 00:00,8,-0.00052295
2024-07-05 08:00,8,-0.00039333
2024-07-05 16:00,8,-0.00021177
2024-07-06 00:00,8,-0.00019639
2024-07-06 08:00,8,-1.354e-05
2024-07-06 16:00,8,-4.463e-05
2024-07-07 00:00,8,-5.799e-05
2024-07-07 08:00,8,6.794e-05
2024-07-07 16:00,8,-0.00012312
2024-07-08 00:00,8,-9.224e-05
2024-07-08 08:00,8,-0.00039019
2024-07-08 16:00,8,-9.012e-05
2024-07-09 00:00,8,-0.00035523
2024-07-09 08:00,8,-0.00026483
2024-07-09 16:00,8,-0.00017832
2024-07-10 00:00,8,-0.00027395
2024-07-10 08:00,8,1.955e-05
2024-07-10 16:00,8,-2.324e-05
2024-07-11 00:00,8,2.434e-05
2024-07-11 08:00,8,9.087e-05
2024-07-11 16:00,8,3.045e-05
2024-07-12 00:00,8,-3.278e-05
2024-07-12 08:00,8,0.0001
2024-07-12 16:00,8,2.701e-05
2024-07-13 00:00,8,5.264e-05
2024-07-13 08:00,8,8.265e-05
2024-07-13 16:00,8,-4.877e-05
2024-07-14 00:00,8,5.142e-05
2024-07-14 08:00,8,7.45e-06
2024-07-14 16:00,8,0.0001
2024-07-15 00:00,8,0.0001
2024-07-15 08:00,8,0.0001
2024-07-15 16:00,8,-6.779e-05
2024-07-16 00:00,8,9.663e-05
2024-07-16 08:00,8,0.0001
2024-07-16 16:00,8,8.067e-05
2024-07-17 00:00,8,3.295e-05
2024-07-17 08:00,8,0.0001
2024-07-17 16:00,8,9.353e-05
2024-07-18 00:00,8,7.913e-05
2024-07-18 08:00,8,5.074e-05
2024-07-18 16:00,8,8.347e-05
2024-07-19 00:00,8,5.979e-05
2024-07-19 08:00,8,0.0001
2024-07-19 16:00,8,0.0001
2024-07-20 00:00,8,0.0001
2024-07-20 08:00,8,0.0001
2024-07-20 16:00,8,0.0001
2024-07-21 00:00,8,0.0001
2024-07-21 08:00,8,7.142e-05
2024-07-21 16:00,8,0.0001
2024-07-22 00:00,8,0.0001
2024-07-22 08:00,8,3.03e-05
2024-07-22 16:00,8,9.118e-05
2024-07-23 00:00,8,-2.224e-05
2024-07-23 08:00,8,1.438e-05
2024-07-23 16:00,8,5.37e-05
2024-07-24 00:00,8,1e-08
2024-07-24 08:00,8,-7.246e-05
2024-07-24 16:00,8,0.0001
2024-07-25 00:00,8,0.0001
2024-07-25 08:00,8,-0.00015586
2024-07-25 16:00,8,-7.799e-05
2024-07-26 00:00,8,-0.00027839
2024-07-26 08:00,8,2.45e-05
2024-07-26 16:00,8,6.089e-05
2024-07-27 00:00,8,0.0001
2024-07-27 08:00,8,0.0001
2024-07-27 16:00,8,6.385e-05
2024-07-28 00:00,8,0.0001
2024-07-28 08:00,8,0.0001
2024-07-28 16:00,8,-4.023e-05
2024-07-29 00:00,8,0.0001
2024-07-29 08:00,8,0.0001
2024-07-29 16:00,8,4.818e-05
2024-07-30 00:00,8,-0.00011561
2024-07-30 08:00,8,3.495e-05
2024-07-30 16:00,8,-6.12e-05
2024-07-31 00:00,8,6.356e-05
2024-07-31 08:00,8,-0.00014476
2024-07-31 16:00,8,-7.127e-05
2024-08-01 00:00,8,-5.531e-05
2024-08-01 08:00,8,-0.0001063
2024-08-01 16:00,8,-0.00016055
2024-08-02 00:00,8,-0.00027604
2024-08-02 08:00,8,-0.0002897
2024-08-02 16:00,8,-0.00035777
2024-08-03 00:00,8,-0.00034436
2024-08-03 08:00,8,1.722e-05
2024-08-03 16:00,8,-0.00034841
2024-08-04 00:00,8,-9.107e-05
2024-08-04 08:00,8,-0.00019071
2024-08-04 16:00,8,-0.00014656
2024-08-05 00:00,8,-6.701e-05
2024-08-05 08:00,8,-0.00030195
2024-08-05 16:00,8,-0.00021745
2024-08-06 00:00,8,-7.311e-05
2024-08-06 08:00,8,-0.00018134
2024-08-06 16:00,8,-0.00030678
2024-08-07 00:00,8,-0.00042931
2024-08-07 08:00,8,-8.874e-05
2024-08-07 16:00,8,-2.484e-05
2024-08-08 00:00,8,7.105e-05
2024-08-08 08:00,8,1.894e-05
2024-08-08 16:00,8,-1.858e-05
2024-08-09 00:00,8,-0.00010443
2024-08-09 08:00,8,0.0001
2024-08-09 16:00,8,-0.00017458
2024-08-10 00:00,8,-0.00013233
2024-08-10 08:00,8,0.0001
2024-08-10 16:00,8,-4.927e-05
2024-08-11 00:00,8,7.697e-05
2024-08-11 08:00,8,9.462e-05
2024-08-11 16:00,8,-2.23e-05
2024-08-12 00:00,8,-4.562e-05
2024-08-12 08:00,8,7.25e-06
2024-08-12 16:00,8,-6.992e-05
2024-08-13 00:00,8,2.809e-05
2024-08-13 08:00,8,-2.19e-05
2024-08-13 16:00,8,7.828e-05
2024-08-14 00:00,8,5.356e-05
2024-08-14 08:00,8,-0.0001745
2024-08-14 16:00,8,-0.00015069
2024-08-15 00:00,8,9.65e-06
2024-08-15 08:00,8,0.0001
2024-08-15 16:00,8,-0.0002134
2024-08-16 00:00,8,-0.00024551
2024-08-16 08:00,8,-8.078e-05
2024-08-16 16:00,8,-9.743e-05
2024-08-17 00:00,8,-0.00021503
2024-08-17 08:00,8,-2.27e-06
2024-08-17 16:00,8,-0.00018061
2024-08-18 00:00,8,-0.00010586
2024-08-18 08:00,8,-2.797e-05
2024-08-18 16:00,8,-0.00018164
2024-08-19 00:00,8,3.921e-05
2024-08-19 08:00,8,-0.00011054
2024-08-19 16:00,8,-0.00011796
2024-08-20 00:00,8,-1.31e-05
2024-08-20 08:00,8,7.238e-05
2024-08-20 16:00,8,-6.871e-05
2024-08-21 00:00,8,-8.031e-05
2024-08-21 08:00,8,-0.00020087
2024-08-21 16:00,8,-2.823e-05
2024-08-22 00:00,8,-0.00014552
2024-08-22 08:00,8,-0.00053401
2024-08-22 16:00,8,-3.2e-06
2024-08-23 00:00,8,0.0001
2024-08-23 08:00,8,1.34e-05
2024-08-23 16:00,8,-3.056e-05
2024-08-24 00:00,8,0.0001
2024-08-24 08:00,8,8.57e-05
2024-08-24 16:00,8,7.031e-05
2024-08-25 00:00,8,0.0001
2024-08-25 08:00,8,0.0001
2024-08-25 16:00,8,2.078e-05
2024-08-26 00:00,8,7.301e-05
2024-08-26 08:00,8,0.0001
2024-08-26 16:00,8,0.0001
2024-08-27 00:00,8,0.0001
2024-08-27 08:00,8,2.257e-05
2024-08-27 16:00,8,3.643e-05
2024-08-28 00:00,8,2.609e-05
2024-08-28 08:00,8,4.033e-05
2024-08-28 16:00,8,-1.743e-05
2024-08-29 00:00,8,1.628e-05
2024-08-29 08:00,8,-7.976e-05
2024-08-29 16:00,8,5.58e-06
2024-08-30 00:00,8,-1.67e-06
2024-08-30 08:00,8,-3.908e-05
2024-08-30 16:00,8,2.691e-05
2024-08-31 00:00,8,6.4e-07
2024-08-31 08:00,8,2.989e-05
2024-08-31 16:00,8,-8.13e-06
2024-09-01 00:00,8,-0.00013114
2024-09-01 08:00,8,6.84e-05
2024-09-01 16:00,8,-3.856e-05
2024-09-02 00:00,8,-0.00012965
2024-09-02 08:00,8,-3.045e-05
2024-09-02 16:00,8,1.296e-05
2024-09-03 00:00,8,9.93e-06
2024-09-03 08:00,8,6.897e-05
2024-09-03 16:00,8,5.252e-05
2024-09-04 00:00,8,-7.33e-05
2024-09-04 08:00,8,-2.026e-05
2024-09-04 16:00,8,1.453e-05
2024-09-05 00:00,8,9.961e-05
2024-09-05 08:00,8,-0.00054421
2024-09-05 16:00,8,-0.00046008
2024-09-06 00:00,8,-0.00014725
2024-09-06 08:00,8,0.0001
2024-09-06 16:00,8,6.894e-05
2024-09-07 00:00,8,-6.197e-05
2024-09-07 08:00,8,-2.058e-05
2024-09-07 16:00,8,-0.00032306
2024-09-08 00:00,8,-6.92e-06
2024-09-08 08:00,8,-7.121e-05
2024-09-08 16:00,8,9.359e-05
2024-09-09 00:00,8,-2.196e-05
2024-09-09 08:00,8,0.0001
2024-09-09 16:00,8,3.955e-05
2024-09-10 00:00,8,-6.975e-05
2024-09-10 08:00,8,4.691e-05
2024-09-10 16:00,8,6.357e-05
2024-09-11 00:00,8,-6.943e-05
2024-09-11 08:00,8,2.686e-05
2024-09-11 16:00,8,-1.556e-05
2024-09-12 00:00,8,-5.787e-05
2024-09-12 08:00,8,-0.00027212
2024-09-12 16:00,8,-0.00032148
2024-09-13 00:00,8,-9.46e-06
2024-09-13 08:00,8,-1.7e-07
2024-09-13 16:00,8,0.0001
2024-09-14 00:00,8,-0.0001027
2024-09-14 08:00,8,-4.435e-05
2024-09-14 16:00,8,-0.00021336
2024-09-15 00:00,8,8.74e-05
2024-09-15 08:00,8,-0.00024084
2024-09-15 16:00,8,-0.00013969
2024-09-16 00:00,8,4.732e-05
2024-09-16 08:00,8,5.753e-05
2024-09-16 16:00,8,-0.00010794
2024-09-17 00:00,8,-3.36e-05
2024-09-17 08:00,8,-0.00022969
2024-09-17 16:00,8,-1.047e-05
2024-09-18 00:00,8,2.969e-05
2024-09-18 08:00,8,-0.00026476
2024-09-18 16:00,8,0.0001
2024-09-19 00:00,8,-7.506e-05
2024-09-19 08:00,8,7.795e-05
2024-09-19 16:00,8,-0.0001035
2024-09-20 00:00,8,6.805e-05
2024-09-20 08:00,8,4.48e-05
2024-09-20 16:00,8,8.81e-05
2024-09-21 00:00,8,8.201e-05
2024-09-21 08:00,8,7.297e-05
2024-09-21 16:00,8,6.392e-05
2024-09-22 00:00,8,0.0001
2024-09-22 08:00,8,0.0001
2024-09-22 16:00,8,0.0001
2024-09-23 00:00,8,0.0001
2024-09-23 08:00,8,0.0001
2024-09-23 16:00,8,0.0001
2024-09-24 00:00,8,0.0001
2024-09-24 08:00,8,0.0001
2024-09-24 16:00,8,3.824e-05
2024-09-25 00:00,8,0.0001
2024-09-25 08:00,8,2.008e-05
2024-09-25 16:00,8,1.904e-05
2024-09-26 00:00,8,-1.114e-05
2024-09-26 08:00,8,0.0001
2024-09-26 16:00,8,0.0001
2024-09-27 00:00,8,-5.264e-05
2024-09-27 08:00,8,0.0001
2024-09-27 16:00,8,0.0001
2024-09-28 00:00,8,0.0001
2024-09-28 08:00,8,0.0001
2024-09-28 16:00,8,0.0001
2024-09-29 00:00,8,8.731e-05
2024-09-29 08:00,8,9.152e-05
2024-09-29 16:00,8,0.0001
2024-09-30 00:00,8,5.798e-05
2024-09-30 08:00,8,0.0001
2024-09-30 16:00,8,1.282e-05
2024-10-01 00:00,8,-7.997e-05
2024-10-01 08:00,8,8.06e-06
2024-10-01 16:00,8,3.383e-05
2024-10-02 00:00,8,-9.553e-05
2024-10-02 08:00,8,-0.00022876
2024-10-02 16:00,8,-0.00023523
2024-10-03 00:00,8,-0.00014535
2024-10-03 08:00,8,-0.00029245
2024-10-03 16:00,8,-0.00010154
2024-10-04 00:00,8,-0.00026035
2024-10-04 08:00,8,-0.0001311
2024-10-04 16:00,8,-0.00023458
2024-10-05 00:00,8,-0.00022685
2024-10-05 08:00,8,-0.00012435
2024-10-05 16:00,8,-8.101e-05
2024-10-06 00:00,8,-9.214e-05
2024-10-06 08:00,8,-0.0001488
2024-10-06 16:00,8,-0.00021655
2024-10-07 00:00,8,-0.00011886
2024-10-07 08:00,8,0.0001
2024-10-07 16:00,8,-5.341e-05
2024-10-08 00:00,8,9.167e-05
2024-10-08 08:00,8,6.869e-05
2024-10-08 16:00,8,5.935e-05
2024-10-09 00:00,8,3.194e-05
2024-10-09 08:00,8,-4.497e-05
2024-10-09 16:00,8,5.358e-05
2024-10-10 00:00,8,-2.03e-06
2024-10-10 08:00,8,-4.186e-05
2024-10-10 16:00,8,3.019e-05
2024-10-11 00:00,8,0.0001
2024-10-11 08:00,8,0.0001
2024-10-11 16:00,8,0.0001
2024-10-12 00:00,8,5.278e-05
2024-10-12 08:00,8,9.662e-05
2024-10-12 16:00,8,0.0001
2024-10-13 00:00,8,9.568e-05
2024-10-13 08:00,8,0.0001
2024-10-13 16:00,8,1.28e-05
2024-10-14 00:00,8,7.472e-05
2024-10-14 08:00,8,7.023e-05
2024-10-14 16:00,8,0.0001
2024-10-15 00:00,8,0.0001
2024-10-15 08:00,8,0.0001
2024-10-15 16:00,8,0.0001
2024-10-16 00:00,8,0.0001
2024-10-16 08:00,8,2.194e-05
2024-10-16 16:00,8,-1.797e-05
2024-10-17 00:00,8,1.348e-05
2024-10-17 08:00,8,9.169e-05
2024-10-17 16:00,8,5.442e-05
2024-10-18 00:00,8,9.364e-05
2024-10-18 08:00,8,0.0001
2024-10-18 16:00,8,0.0001
2024-10-19 00:00,8,0.0001
2024-10-19 08:00,8,0.0001
2024-10-19 16:00,8,0.0001
2024-10-20 00:00,8,-0.00052705
2024-10-20 08:00,8,-0.004875
2024-10-20 16:00,8,-0.004875
2024-10-21 00:00,8,0.0001
2024-10-21 08:00,8,0.0001
2024-10-21 16:00,8,0.0001
2024-10-22 00:00,8,0.0001
2024-10-22 08:00,8,0.0001
2024-10-22 16:00,8,0.0001
2024-10-23 00:00,8,0.0001
2024-10-23 08:00,8,0.0001
2024-10-23 16:00,8,0.0001
2024-10-24 00:00,8,0.0001
2024-10-24 08:00,8,0.0001
2024-10-24 16:00,8,0.0001
2024-10-25 00:00,8,0.0001
2024-10-25 08:00,8,0.0001
2024-10-25 16:00,8,-3.262e-05
2024-10-26 00:00,8,0.0001
2024-10-26 08:00,8,-8.87e-06
2024-10-26 16:00,8,-1.727e-05
2024-10-27 00:00,8,-8.81e-06
2024-10-27 08:00,8,0.0001
2024-10-27 16:00,8,0.0001
2024-10-28 00:00,8,8.065e-05
2024-10-28 08:00,8,1.252e-05
2024-10-28 16:00,8,3.439e-05
2024-10-29 00:00,8,-5.48e-06
2024-10-29 08:00,8,0.0001
2024-10-29 16:00,8,0.0001
2024-10-30 00:00,8,0.0001
2024-10-30 08:00,8,0.0001
2024-10-30 16:00,8,0.0001
2024-10-31 00:00,8,0.0001
2024-10-31 08:00,8,0.0001
2024-10-31 16:00,8,0.0001
2024-11-01 00:00,8,0.0001
2024-11-01 08:00,8,0.0001
2024-11-01 16:00,8,0.0001
2024-11-02 00:00,8,0.0001
2024-11-02 08:00,8,0.0001
2024-11-02 16:00,8,0.0001
2024-11-03 00:00,8,0.0001
2024-11-03 08:00,8,0.0001
2024-11-03 16:00,8,0.0001
2024-11-04 00:00,8,0.0001
2024-11-04 08:00,8,0.0001
2024-11-04 16:00,8,0.0001
2024-11-05 00:00,8,0.0001
2024-11-05 08:00,8,0.0001
2024-11-05 16:00,8,8.098e-05
2024-11-06 00:00,8,-3.918e-05
2024-11-06 08:00,8,0.0001
2024-11-06 16:00,8,0.0001
2024-11-07 00:00,8,0.0001
2024-11-07 08:00,8,0.00013875
2024-11-07 16:00,8,0.0001
2024-11-08 00:00,8,0.0001
2024-11-08 08:00,8,0.0001
2024-11-08 16:00,8,0.0001
2024-11-09 00:00,8,0.0001
2024-11-09 08:00,8,0.00019974
2024-11-09 16:00,8,0.000104
2024-11-10 00:00,8,0.0001
2024-11-10 08:00,8,0.0003485
2024-11-10 16:00,8,0.00034534
2024-11-11 00:00,8,0.00031244
2024-11-11 08:00,8,0.0001556
2024-11-11 16:00,8,0.0001
2024-11-12 00:00,8,0.00043111
2024-11-12 08:00,8,0.00051572
2024-11-12 16:00,8,0.00022283
2024-11-13 00:00,8,0.00031353
2024-11-13 08:00,8,0.0001
2024-11-13 16:00,8,0.00027571
2024-11-14 00:00,8,0.00044896
2024-11-14 08:00,8,0.00030763
2024-11-14 16:00,8,0.00015276
2024-11-15 00:00,8,0.0001
2024-11-15 08:00,8,0.0001
2024-11-15 16:00,8,0.0001
2024-11-16 00:00,8,0.0001
2024-11-16 08:00,8,0.00033329
2024-11-16 16:00,8,0.00022638
2024-11-17 00:00,8,0.0002231
2024-11-17 08:00,8,0.0001
2024-11-17 16:00,8,0.0001
2024-11-18 00:00,8,0.0001
2024-11-18 08:00,8,0.00039813
2024-11-18 16:00,8,0.00024045
2024-11-19 00:00,8,0.00029735
2024-11-19 08:00,8,0.00026657
2024-11-19 16:00,8,0.00024883
2024-11-20 00:00,8,0.00022787
2024-11-20 08:00,8,0.0001
2024-11-20 16:00,8,0.0001
2024-11-21 00:00,8,0.0001
2024-11-21 08:00,8,0.0001
2024-11-21 16:00,8,0.0001
2024-11-22 00:00,8,0.00025171
2024-11-22 08:00,8,0.00025855
2024-11-22 16:00,8,0.0002913
2024-11-23 00:00,8,0.00025009
2024-11-23 08:00,8,0.00050281
2024-11-23 16:00,8,0.00041157
2024-11-24 00:00,8,0.00034189
2024-11-24 08:00,8,0.00034681
2024-11-24 16:00,8,0.0002606
2024-11-25 00:00,8,0.00025039
2024-11-25 08:00,8,0.00026745
2024-11-25 16:00,8,0.00018873
2024-11-26 00:00,8,0.00021397
2024-11-26 08:00,8,0.00018679
2024-11-26 16:00,8,0.0001
2024-11-27 00:00,8,0.0001068
2024-11-27 08:00,8,0.00027434
2024-11-27 16:00,8,0.00014365
2024-11-28 00:00,8,0.00026584
2024-11-28 08:00,8,0.0002567
2024-11-28 16:00,8,0.00012091
2024-11-29 00:00,8,0.00022791
2024-11-29 08:00,8,0.00020052
2024-11-29 16:00,8,0.00033111
2024-11-30 00:00,8,0.00039074
2024-11-30 08:00,8,0.00028691
2024-11-30 16:00,8,0.00025731
2024-12-01 00:00,8,0.00030087
2024-12-01 08:00,8,0.00010325
2024-12-01 16:00,8,0.00024651
2024-12-02 00:00,8,0.00045314
2024-12-02 08:00,8,0.00028984
2024-12-02 16:00,8,0.00024256
2024-12-03 00:00,8,0.00029732
2024-12-03 08:00,8,0.00038136
2024-12-03 16:00,8,0.00032175
2024-12-04 00:00,8,0.00046522
2024-12-04 08:00,8,0.00053907
2024-12-04 16:00,8,0.00030284
2024-12-05 00:00,8,0.00037305
2024-12-05 08:00,8,0.00069404
2024-12-05 16:00,8,0.00063471
2024-12-06 00:00,8,0.0004912
2024-12-06 08:00,8,0.00044611
2024-12-06 16:00,8,0.00021622
2024-12-07 00:00,8,0.00044165
2024-12-07 08:00,8,0.00040353
2024-12-07 16:00,8,0.00041157
2024-12-08 00:00,8,0.00043785
2024-12-08 08:00,8,0.00035337
2024-12-08 16:00,8,0.00040268
2024-12-09 00:00,8,0.000373
2024-12-09 08:00,8,0.00019658
2024-12-09 16:00,8,0.0001
2024-12-10 00:00,8,0.0001
2024-12-10 08:00,8,0.0001
2024-12-10 16:00,8,9.896e-05
2024-12-11 00:00,8,0.0001
2024-12-11 08:00,8,5.452e-05
2024-12-11 16:00,8,0.0001
2024-12-12 00:00,8,0.0001
2024-12-12 08:00,8,0.0001
2024-12-12 16:00,8,0.0001
2024-12-13 00:00,8,0.0001
2024-12-13 08:00,8,0.0001
2024-12-13 16:00,8,0.0001
2024-12-14 00:00,8,0.0001
2024-12-14 08:00,8,0.0001
2024-12-14 16:00,8,0.0001
2024-12-15 00:00,8,0.0001
2024-12-15 08:00,8,0.0001
2024-12-15 16:00,8,0.0001
2024-12-16 00:00,8,0.0001
2024-12-16 08:00,8,0.0001
2024-12-16 16:00,8,0.0001
2024-12-17 00:00,8,0.0001
2024-12-17 08:00,8,0.0001
2024-12-17 16:00,8,0.0001
2024-12-18 00:00,8,0.0001
2024-12-18 08:00,8,0.0001
2024-12-18 16:00,8,0.0001
2024-12-19 00:00,8,6.03e-05
2024-12-19 08:00,8,9.015e-05
2024-12-19 16:00,8,-1.974e-05
2024-12-20 00:00,8,4.495e-05
2024-12-20 08:00,8,0.0001
2024-12-20 16:00,8,-1.917e-05
2024-12-21 00:00,8,8.765e-05
2024-12-21 08:00,8,0.0001
2024-12-21 16:00,8,0.0001
2024-12-22 00:00,8,8.314e-05
2024-12-22 08:00,8,7.545e-05
2024-12-22 16:00,8,6.775e-05
2024-12-23 00:00,8,-3.167e-05
2024-12-23 08:00,8,4.67e-06
2024-12-23 16:00,8,4.523e-05
2024-12-24 00:00,8,0.0001
2024-12-24 08:00,8,0.0001
2024-12-24 16:00,8,0.0001
2024-12-25 00:00,8,0.0001
2024-12-25 08:00,8,0.0001
2024-12-25 16:00,8,8.131e-05
2024-12-26 00:00,8,9.065e-05
2024-12-26 08:00,8,0.0001
2024-12-26 16:00,8,0.0001
2024-12-27 00:00,8,0.0001
2024-12-27 08:00,8,0.0001
2024-12-27 16:00,8,0.0001
2024-12-28 00:00,8,0.0001
2024-12-28 08:00,8,0.0001
2024-12-28 16:00,8,9.138e-05
2024-12-29 00:00,8,0.0001
2024-12-29 08:00,8,6.947e-05
2024-12-29 16:00,8,0.0001
2024-12-30 00:00,8,2.297e-05
2024-12-30 08:00,8,9.737e-05
2024-12-30 16:00,8,0.0001
2024-12-31 00:00,8,0.0001
2024-12-31 08:00,8,8.18e-06
2024-12-31 16:00,8,0.0001
2025-01-01 00:00,8,0.0001
2025-01-01 08:00,8,0.0001
2025-01-01 16:00,8,0.0001
2025-01-02 00:00,8,0.0001
2025-01-02 08:00,8,0.0001
2025-01-02 16:00,8,0.0001
2025-01-03 00:00,8,0.0001
2025-01-03 08:00,8,0.0001
2025-01-03 16:00,8,0.0001
2025-01-04 00:00,8,0.0001
2025-01-04 08:00,8,0.0001
2025-01-04 16:00,8,0.0001
2025-01-05 00:00,8,0.0001
2025-01-05 08:00,8,0.0001
2025-01-05 16:00,8,0.0001
2025-01-06 00:00,8,0.0001
2025-01-06 08:00,8,0.0001
2025-01-06 16:00,8,0.0001
2025-01-07 00:00,8,0.0001
2025-01-07 08:00,8,0.0001
2025-01-07 16:00,8,0.0001
2025-01-08 00:00,8,0.0001
2025-01-08 08:00,8,5.909e-05
2025-01-08 16:00,8,-1.31e-06
2025-01-09 00:00,8,-8.078e-05
2025-01-09 08:00,8,0.0001
2025-01-09 16:00,8,3.202e-05
2025-01-10 00:00,8,0.0001
2025-01-10 08:00,8,0.0001
2025-01-10 16:00,8,0.0001
2025-01-11 00:00,8,0.0001
2025-01-11 08:00,8,0.0001
2025-01-11 16:00,8,7.651e-05
2025-01-12 00:00,8,9.191e-05
2025-01-12 08:00,8,9.636e-05
2025-01-12 16:00,8,0.0001
2025-01-13 00:00,8,0.0001
2025-01-13 08:00,8,5.493e-05
2025-01-13 16:00,8,4.718e-05
2025-01-14 00:00,8,9.77e-06
2025-01-14 08:00,8,0.0001
2025-01-14 16:00,8,6.716e-05
2025-01-15 00:00,8,0.0001
2025-01-15 08:00,8,0.0001
2025-01-15 16:00,8,0.0001
2025-01-16 00:00,8,0.0001
2025-01-16 08:00,8,0.0001
2025-01-16 16:00,8,0.0001
2025-01-17 00:00,8,0.0001
2025-01-17 08:00,8,0.0001
2025-01-17 16:00,8,0.0001
2025-01-18 00:00,8,0.0001
2025-01-18 08:00,8,0.0001
2025-01-18 16:00,8,0.0001
2025-01-19 00:00,8,0.0001
2025-01-19 08:00,8,0.0001
2025-01-19 16:00,8,0.0001
2025-01-20 00:00,8,0.0001
2025-01-20 08:00,8,0.0001
2025-01-20 16:00,8,0.0001
2025-01-21 00:00,8,0.0001
2025-01-21 08:00,8,4.664e-05
2025-01-21 16:00,8,0.0001
2025-01-22 00:00,8,0.0001
2025-01-22 08:00,8,0.0001
2025-01-22 16:00,8,0.0001
2025-01-23 00:00,8,0.0001
2025-01-23 08:00,8,0.0001
2025-01-23 16:00,8,0.0001
2025-01-24 00:00,8,0.0001
2025-01-24 08:00,8,0.0001
2025-01-24 16:00,8,0.0001
2025-01-25 00:00,8,0.0001
2025-01-25 08:00,8,0.0001
2025-01-25 16:00,8,0.0001
2025-01-26 00:00,8,0.0001
2025-01-26 08:00,8,0.0001
2025-01-26 16:00,8,0.0001
2025-01-27 00:00,8,0.0001
2025-01-27 08:00,8,5.775e-05
2025-01-27 16:00,8,5.461e-05
2025-01-28 00:00,8,0.0001
2025-01-28 08:00,8,0.0001
2025-01-28 16:00,8,0.0001
2025-01-29 00:00,8,4.655e-05
2025-01-29 08:00,8,0.0001
2025-01-29 16:00,8,0.0001
2025-01-30 00:00,8,9.113e-05
2025-01-30 08:00,8,0.0001
2025-01-30 16:00,8,0.0001
2025-01-31 00:00,8,0.0001
2025-01-31 08:00,8,0.0001
2025-01-31 16:00,8,0.0001
2025-02-01 00:00,8,0.0001
2025-02-01 08:00,8,0.0001
2025-02-01 16:00,8,0.0001
2025-02-02 00:00,8,8.251e-05
2025-02-02 08:00,8,7.726e-05
2025-02-02 16:00,8,5.31e-05
2025-02-03 00:00,8,2.026e-05
2025-02-03 08:00,8,-0.0001993
2025-02-03 16:00,8,-0.00019248
2025-02-04 00:00,8,-0.00010167
2025-02-04 08:00,8,-9.095e-05
2025-02-04 16:00,8,-9.676e-05
2025-02-05 00:00,8,-8.751e-05
2025-02-05 08:00,8,-4.648e-05
2025-02-05 16:00,8,-3.881e-05
2025-02-06 00:00,8,-7.864e-05
2025-02-06 08:00,8,-0.00011831
2025-02-06 16:00,8,-5.601e-05
2025-02-07 00:00,8,-9.857e-05
2025-02-07 08:00,8,-0.00010688
2025-02-07 16:00,8,-5.554e-05
2025-02-08 00:00,8,-0.00012022
2025-02-08 08:00,8,-0.00010105
2025-02-08 16:00,8,-7.111e-05
2025-02-09 00:00,8,5.542e-05
2025-02-09 08:00,8,-0.00010611
2025-02-09 16:00,8,8.15e-06
2025-02-10 00:00,8,-0.00011388
2025-02-10 08:00,8,-2.619e-05
2025-02-10 16:00,8,-4.196e-05
2025-02-11 00:00,8,-1.25e-06
2025-02-11 08:00,8,2.771e-05
2025-02-11 16:00,8,2.839e-05
2025-02-12 00:00,8,-7.524e-05
2025-02-12 08:00,8,-3.481e-05
2025-02-12 16:00,8,3.72e-06
2025-02-13 00:00,8,8.09e-05
2025-02-13 08:00,8,0.0001
2025-02-13 16:00,8,-6.1e-06
2025-02-14 00:00,8,2.814e-05
2025-02-14 08:00,8,8.21e-06
2025-02-14 16:00,8,1.343e-05
2025-02-15 00:00,8,8.226e-05
2025-02-15 08:00,8,2.896e-05
2025-02-15 16:00,8,0.0001
2025-02-16 00:00,8,4.073e-05
2025-02-16 08:00,8,-3.923e-05
2025-02-16 16:00,8,-1.519e-05
2025-02-17 00:00,8,1.156e-05
2025-02-17 08:00,8,-2.163e-05
2025-02-17 16:00,8,-3.117e-05
2025-02-18 00:00,8,6.252e-05
2025-02-18 08:00,8,-7.256e-05
2025-02-18 16:00,8,-4.549e-05
2025-02-19 00:00,8,-1.69e-05
2025-02-19 08:00,8,-3.399e-05
2025-02-19 16:00,8,-6.456e-05
2025-02-20 00:00,8,5.668e-05
2025-02-20 08:00,8,9.969e-05
2025-02-20 16:00,8,6.82e-05
2025-02-21 00:00,8,0.0001
2025-02-21 08:00,8,0.0001
2025-02-21 16:00,8,0.0001
2025-02-22 00:00,8,0.0001
2025-02-22 08:00,8,9.109e-05
2025-02-22 16:00,8,0.0001
2025-02-23 00:00,8,0.0001
2025-02-23 08:00,8,0.0001
2025-02-23 16:00,8,0.0001
2025-02-24 00:00,8,4.038e-05
2025-02-24 08:00,8,1.08e-06
2025-02-24 16:00,8,5.669e-05
2025-02-25 00:00,8,-3.648e-05
2025-02-25 08:00,8,-0.00012745
2025-02-25 16:00,8,-7.926e-05
2025-02-26 00:00,8,2.143e-05
2025-02-26 08:00,8,-3.765e-05
2025-02-26 16:00,8,-1.509e-05
2025-02-27 00:00,8,-2.868e-05
2025-02-27 08:00,8,1.488e-05
2025-02-27 16:00,8,9.624e-05
2025-02-28 00:00,8,4.5e-05
2025-02-28 08:00,8,1.47e-06
2025-02-28 16:00,8,5.708e-05
2025-03-01 00:00,8,0.0001
2025-03-01 08:00,8,6.652e-05
2025-03-01 16:00,8,-3.618e-05
2025-03-02 00:00,8,4.536e-05
2025-03-02 08:00,8,9.307e-05
2025-03-02 16:00,8,4.768e-05
2025-03-03 00:00,8,0.0001
2025-03-03 08:00,8,2.587e-05
2025-03-03 16:00,8,-6.71e-05
2025-03-04 00:00,8,-0.00027551
2025-03-04 08:00,8,-0.00027655
2025-03-04 16:00,8,-1.27e-05
2025-03-05 00:00,8,-5.477e-05
2025-03-05 08:00,8,-0.0001084
2025-03-05 16:00,8,1.311e-05
2025-03-06 00:00,8,5.771e-05
2025-03-06 08:00,8,6.882e-05
2025-03-06 16:00,8,-5.48e-06
2025-03-07 00:00,8,-0.0001348
2025-03-07 08:00,8,0.0001
2025-03-07 16:00,8,8.765e-05
2025-03-08 00:00,8,2.106e-05
2025-03-08 08:00,8,-4.488e-05
2025-03-08 16:00,8,-0.00012596
2025-03-09 00:00,8,-0.00012009
2025-03-09 08:00,8,-0.00012465
2025-03-09 16:00,8,-4.417e-05
2025-03-10 00:00,8,-0.00010546
2025-03-10 08:00,8,-0.00014075
2025-03-10 16:00,8,-5.952e-05
2025-03-11 00:00,8,-4.594e-05
2025-03-11 08:00,8,-0.00013127
2025-03-11 16:00,8,-4.77e-06
2025-03-12 00:00,8,-8.84e-06
2025-03-12 08:00,8,-8.678e-05
2025-03-12 16:00,8,-5.67e-05
2025-03-13 00:00,8,-7.51e-06
2025-03-13 08:00,8,-7.338e-05
2025-03-13 16:00,8,3.948e-05
2025-03-14 00:00,8,2.274e-05
2025-03-14 08:00,8,-2.85e-05
2025-03-14 16:00,8,9.441e-05
2025-03-15 00:00,8,7.237e-05
2025-03-15 08:00,8,5.461e-05
2025-03-15 16:00,8,-3.964e-05
2025-03-16 00:00,8,0.0001
2025-03-16 08:00,8,5.944e-05
2025-03-16 16:00,8,-9.205e-05
2025-03-17 00:00,8,5.861e-05
2025-03-17 08:00,8,0.0001
2025-03-17 16:00,8,4.06e-05
2025-03-18 00:00,8,-0.00021581
2025-03-18 08:00,8,-5.884e-05
2025-03-18 16:00,8,-9.586e-05
2025-03-19 00:00,8,-8.505e-05
2025-03-19 08:00,8,-3.439e-05
2025-03-19 16:00,8,0.0001
2025-03-20 00:00,8,0.0001
2025-03-20 08:00,8,2.64e-05
2025-03-20 16:00,8,-1.892e-05
2025-03-21 00:00,8,-1.61e-05
2025-03-21 08:00,8,-1.28e-05
2025-03-21 16:00,8,-3.882e-05
2025-03-22 00:00,8,-0.00011959
2025-03-22 08:00,8,0.0001
2025-03-22 16:00,8,7.665e-05
2025-03-23 00:00,8,8.317e-05
2025-03-23 08:00,8,-9.3e-06
2025-03-23 16:00,8,7.056e-05
2025-03-24 00:00,8,4.649e-05
2025-03-24 08:00,8,0.0001
2025-03-24 16:00,8,0.0001
2025-03-25 00:00,8,0.0001
2025-03-25 08:00,8,0.0001
2025-03-25 16:00,8,5.613e-05
2025-03-26 00:00,8,5.463e-05
2025-03-26 08:00,8,0.0001
2025-03-26 16:00,8,1.919e-05
2025-03-27 00:00,8,-1.176e-05
2025-03-27 08:00,8,0.0001
2025-03-27 16:00,8,7.7e-05
2025-03-28 00:00,8,8.891e-05
2025-03-28 08:00,8,1.87e-06
2025-03-28 16:00,8,-0.00012426
2025-03-29 00:00,8,-0.00010198
2025-03-29 08:00,8,-6.578e-05
2025-03-29 16:00,8,-8.082e-05
2025-03-30 00:00,8,-6.448e-05
2025-03-30 08:00,8,-2.904e-05
2025-03-30 16:00,8,-2.169e-05
2025-03-31 00:00,8,2.534e-05
2025-03-31 08:00,8,-1.695e-05
2025-03-31 16:00,8,7.2e-06
2025-04-01 00:00,8,2.555e-05
2025-04-01 08:00,8,3.302e-05
2025-04-01 16:00,8,9.26e-05
2025-04-02 00:00,8,6.871e-05
2025-04-02 08:00,8,4.171e-05
2025-04-02 16:00,8,6.322e-05
2025-04-03 00:00,8,-7.007e-05
2025-04-03 08:00,8,-1.921e-05
2025-04-03 16:00,8,1.872e-05
2025-04-04 00:00,8,-8.008e-05
2025-04-04 08:00,8,-8.139e-05
2025-04-04 16:00,8,2.522e-05
2025-04-05 00:00,8,7.527e-05
2025-04-05 08:00,8,0.0001
2025-04-05 16:00,8,-8.857e-05
2025-04-06 00:00,8,5.351e-05
2025-04-06 08:00,8,0.0001
2025-04-06 16:00,8,-2.497e-05
2025-04-07 00:00,8,-5.433e-05
2025-04-07 08:00,8,3.594e-05
2025-04-07 16:00,8,-1.68e-06
2025-04-08 00:00,8,-6.931e-05
2025-04-08 08:00,8,-6.048e-05
2025-04-08 16:00,8,6.542e-05
2025-04-09 00:00,8,3.392e-05
2025-04-09 08:00,8,-9.786e-05
2025-04-09 16:00,8,4.684e-05
2025-04-10 00:00,8,0.0001
2025-04-10 08:00,8,0.0001
2025-04-10 16:00,8,0.0001
2025-04-11 00:00,8,3.247e-05
2025-04-11 08:00,8,6.009e-05
2025-04-11 16:00,8,8.734e-05
2025-04-12 00:00,8,7.525e-05
2025-04-12 08:00,8,3.669e-05
2025-04-12 16:00,8,8.041e-05
2025-04-13 00:00,8,4.898e-05
2025-04-13 08:00,8,7.4e-07
2025-04-13 16:00,8,0.0001
2025-04-14 00:00,8,4.459e-05
2025-04-14 08:00,8,-7.06e-06
2025-04-14 16:00,8,9.859e-05
2025-04-15 00:00,8,0.0001
2025-04-15 08:00,8,-3.585e-05
2025-04-15 16:00,8,7.154e-05
2025-04-16 00:00,8,-4.6e-07
2025-04-16 08:00,8,3.728e-05
2025-04-16 16:00,8,-4.609e-05
2025-04-17 00:00,8,9.47e-06
2025-04-17 08:00,8,-3.148e-05
2025-04-17 16:00,8,2.403e-05
2025-04-18 00:00,8,8.56e-06
2025-04-18 08:00,8,0.0001
2025-04-18 16:00,8,8.196e-05
2025-04-19 00:00,8,7.198e-05
2025-04-19 08:00,8,9.825e-05
2025-04-19 16:00,8,8.493e-05
2025-04-20 00:00,8,2.89e-05
2025-04-20 08:00,8,0.0001
2025-04-20 16:00,8,0.0001
2025-04-21 00:00,8,7.503e-05
2025-04-21 08:00,8,0.0001
2025-04-21 16:00,8,0.0001
2025-04-22 00:00,8,0.0001
2025-04-22 08:00,8,5.392e-05
2025-04-22 16:00,8,7.481e-05
2025-04-23 00:00,8,0.0001
2025-04-23 08:00,8,0.0001
2025-04-23 16:00,8,0.0001
2025-04-24 00:00,8,9.571e-05
2025-04-24 08:00,8,0.0001
2025-04-24 16:00,8,5.351e-05
2025-04-25 00:00,8,0.0001
2025-04-25 08:00,8,0.0001
2025-04-25 16:00,8,7.849e-05
2025-04-26 00:00,8,0.0001
2025-04-26 08:00,8,0.0001
2025-04-26 16:00,8,0.0001
2025-04-27 00:00,8,0.0001
2025-04-27 08:00,8,7.558e-05
2025-04-27 16:00,8,-1.494e-05
2025-04-28 00:00,8,3.678e-05
2025-04-28 08:00,8,3.222e-05
2025-04-28 16:00,8,0.0001
2025-04-29 00:00,8,5.446e-05
2025-04-29 08:00,8,1.859e-05
2025-04-29 16:00,8,6.59e-05
2025-04-30 00:00,8,6.94e-06
2025-04-30 08:00,8,-6.81e-06
2025-04-30 16:00,8,6.31e-05
2025-05-01 00:00,8,0.0001
2025-05-01 08:00,8,7.718e-05
2025-05-01 16:00,8,9.873e-05
2025-05-02 00:00,8,0.0001
2025-05-02 08:00,8,-1.485e-05
2025-05-02 16:00,8,7.567e-05
2025-05-03 00:00,8,7.706e-05
2025-05-03 08:00,8,-2.672e-05
2025-05-03 16:00,8,-5.682e-05
2025-05-04 00:00,8,-2.511e-05
2025-05-04 08:00,8,-9.605e-05
2025-05-04 16:00,8,2.762e-05
2025-05-05 00:00,8,1.755e-05
2025-05-05 08:00,8,-4.241e-05
2025-05-05 16:00,8,2.742e-05
2025-05-06 00:00,8,-3.467e-05
2025-05-06 08:00,8,-8.307e-05
2025-05-06 16:00,8,8.625e-05
2025-05-07 00:00,8,6.41e-05
2025-05-07 08:00,8,3.283e-05
2025-05-07 16:00,8,5.726e-05
2025-05-08 00:00,8,5.443e-05
2025-05-08 08:00,8,0.0001
2025-05-08 16:00,8,0.0001
2025-05-09 00:00,8,0.0001
2025-05-09 08:00,8,0.0001
2025-05-09 16:00,8,0.0001
2025-05-10 00:00,8,0.0001
2025-05-10 08:00,8,0.0001
2025-05-10 16:00,8,0.0001
2025-05-11 00:00,8,0.0001
2025-05-11 08:00,8,0.0001
2025-05-11 16:00,8,0.0001
2025-05-12 00:00,8,0.0001
2025-05-12 08:00,8,0.0001
2025-05-12 16:00,8,0.0001
2025-05-13 00:00,8,0.0001
2025-05-13 08:00,8,0.0001
2025-05-13 16:00,8,0.0001
2025-05-14 00:00,8,0.0001
2025-05-14 08:00,8,0.0001
2025-05-14 16:00,8,0.0001
2025-05-15 00:00,8,0.0001
2025-05-15 08:00,8,-2.482e-05
2025-05-15 16:00,8,7.97e-06
2025-05-16 00:00,8,4.242e-05
2025-05-16 08:00,8,4.01e-06
2025-05-16 16:00,8,1.299e-05
2025-05-17 00:00,8,6.713e-05
2025-05-17 08:00,8,-9.152e-05
2025-05-17 16:00,8,-3.307e-05
2025-05-18 00:00,8,2.877e-05
2025-05-18 08:00,8,-4.478e-05
2025-05-18 16:00,8,7.934e-05
2025-05-19 00:00,8,4.27e-05
2025-05-19 08:00,8,-5.14e-05
2025-05-19 16:00,8,9.3e-06
2025-05-20 00:00,8,4.836e-05
2025-05-20 08:00,8,-6.763e-05
2025-05-20 16:00,8,-5.314e-05
2025-05-21 00:00,8,7.774e-05
2025-05-21 08:00,8,0.0001
2025-05-21 16:00,8,3.87e-05
2025-05-22 00:00,8,0.0001
2025-05-22 08:00,8,0.0001
2025-05-22 16:00,8,0.0001
2025-05-23 00:00,8,0.0001
2025-05-23 08:00,8,0.0001
2025-05-23 16:00,8,0.0001
2025-05-24 00:00,8,6.472e-05
2025-05-24 08:00,8,-6.08e-05
2025-05-24 16:00,8,-3.987e-05
2025-05-25 00:00,8,8.363e-05
2025-05-25 08:00,8,-5.429e-05
2025-05-25 16:00,8,-3.9e-07
2025-05-26 00:00,8,4.494e-05
2025-05-26 08:00,8,-1.107e-05
2025-05-26 16:00,8,2.947e-05
2025-05-27 00:00,8,-5.32e-06
2025-05-27 08:00,8,1.005e-05
2025-05-27 16:00,8,9.252e-05
2025-05-28 00:00,8,6.568e-05
2025-05-28 08:00,8,7.676e-05
2025-05-28 16:00,8,0.0001
2025-05-29 00:00,8,0.0001
2025-05-29 08:00,8,8.726e-05
2025-05-29 16:00,8,7.12e-05
2025-05-30 00:00,8,9.127e-05
2025-05-30 08:00,8,-4.132e-05
2025-05-30 16:00,8,5.982e-05
2025-05-31 00:00,8,-5.247e-05
2025-05-31 08:00,8,-7.531e-05
2025-05-31 16:00,8,-0.00011697
2025-06-01 00:00,8,-5.6e-05
2025-06-01 08:00,8,-7.563e-05
2025-06-01 16:00,8,-1.209e-05
2025-06-02 00:00,8,0.0001
2025-06-02 08:00,8,6.882e-05
2025-06-02 16:00,8,8.943e-05
2025-06-03 00:00,8,-1.451e-05
2025-06-03 08:00,8,0.0001
2025-06-03 16:00,8,0.0001
2025-06-04 00:00,8,0.0001
2025-06-04 08:00,8,-9.594e-05
2025-06-04 16:00,8,9.201e-05
2025-06-05 00:00,8,6.033e-05
2025-06-05 08:00,8,0.0001
2025-06-05 16:00,8,3.021e-05
2025-06-06 00:00,8,3.009e-05
2025-06-06 08:00,8,-6.894e-05
2025-06-06 16:00,8,3.094e-05
2025-06-07 00:00,8,-5.822e-05
2025-06-07 08:00,8,-7.358e-05
2025-06-07 16:00,8,4.969e-05
2025-06-08 00:00,8,5.078e-05
2025-06-08 08:00,8,-6.27e-06
2025-06-08 16:00,8,8.18e-05
2025-06-09 00:00,8,9.459e-05
2025-06-09 08:00,8,-1.834e-05
2025-06-09 16:00,8,8.805e-05
2025-06-10 00:00,8,0.0001
2025-06-10 08:00,8,0.0001
2025-06-10 16:00,8,0.0001
2025-06-11 00:00,8,0.0001
2025-06-11 08:00,8,0.0001
2025-06-11 16:00,8,7.616e-05
2025-06-12 00:00,8,9.189e-05
2025-06-12 08:00,8,-3.954e-05
2025-06-12 16:00,8,2.349e-05
2025-06-13 00:00,8,-2.537e-05
2025-06-13 08:00,8,-6.718e-05
2025-06-13 16:00,8,-5.345e-05
2025-06-14 00:00,8,7.529e-05
2025-06-14 08:00,8,-7.54e-06
2025-06-14 16:00,8,-2.839e-05
2025-06-15 00:00,8,-3.037e-05
2025-06-15 08:00,8,-1.8e-07
2025-06-15 16:00,8,3.851e-05
2025-06-16 00:00,8,4.514e-05
2025-06-16 08:00,8,6.613e-05
2025-06-16 16:00,8,9.34e-05
2025-06-17 00:00,8,9.268e-05
2025-06-17 08:00,8,2.399e-05
2025-06-17 16:00,8,0.0001
2025-06-18 00:00,8,7.649e-05
2025-06-18 08:00,8,-7.68e-06
2025-06-18 16:00,8,-5.43e-05
2025-06-19 00:00,8,3.219e-05
2025-06-19 08:00,8,-3.858e-05
2025-06-19 16:00,8,-2.7e-06
2025-06-20 00:00,8,4.56e-05
2025-06-20 08:00,8,3.739e-05
2025-06-20 16:00,8,-1.585e-05
2025-06-21 00:00,8,-2.191e-05
2025-06-21 08:00,8,6.3e-05
2025-06-21 16:00,8,-5.2e-07
2025-06-22 00:00,8,4.185e-05
2025-06-22 08:00,8,-5.403e-05
2025-06-22 16:00,8,7.303e-05
2025-06-23 00:00,8,3.938e-05
2025-06-23 08:00,8,2.721e-05
2025-06-23 16:00,8,6.106e-05
2025-06-24 00:00,8,8.722e-05
2025-06-24 08:00,8,7.394e-05
2025-06-24 16:00,8,9.061e-05
2025-06-25 00:00,8,-3.125e-05
2025-06-25 08:00,8,-6.026e-05
2025-06-25 16:00,8,6.334e-05
2025-06-26 00:00,8,-8.59e-05
2025-06-26 08:00,8,-0.00011266
2025-06-26 16:00,8,-0.00016511
2025-06-27 00:00,8,-0.00010123
2025-06-27 08:00,8,2.571e-05
2025-06-27 16:00,8,2.483e-05
2025-06-28 00:00,8,-4.64e-05
2025-06-28 08:00,8,-7.347e-05
2025-06-28 16:00,8,3.415e-05
2025-06-29 00:00,8,-4.987e-05
2025-06-29 08:00,8,2.039e-05
2025-06-29 16:00,8,3.666e-05
2025-06-30 00:00,8,6.834e-05
2025-06-30 08:00,8,6.909e-05
2025-06-30 16:00,8,-3.323e-05
2025-07-01 00:00,8,8.48e-05
2025-07-01 08:00,8,-4.752e-05
2025-07-01 16:00,8,-5.504e-05
2025-07-02 00:00,8,-1.438e-05
2025-07-02 08:00,8,-1.884e-05
2025-07-02 16:00,8,3.342e-05
2025-07-03 00:00,8,0.0001
2025-07-03 08:00,8,0.0001
2025-07-03 16:00,8,0.0001
2025-07-04 00:00,8,0.0001
2025-07-04 08:00,8,3.911e-05
2025-07-04 16:00,8,3.683e-05
2025-07-05 00:00,8,-0.0001283
2025-07-05 08:00,8,-0.000135
2025-07-05 16:00,8,2.623e-05
2025-07-06 00:00,8,8.284e-05
2025-07-06 08:00,8,-4.104e-05
2025-07-06 16:00,8,6.87e-06
2025-07-07 00:00,8,5.251e-05
2025-07-07 08:00,8,-2.253e-05
2025-07-07 16:00,8,2.57e-05
2025-07-08 00:00,8,-1.506e-05
2025-07-08 08:00,8,-0.00010866
2025-07-08 16:00,8,-9.163e-05
2025-07-09 00:00,8,2.7e-05
2025-07-09 08:00,8,7.48e-05
2025-07-09 16:00,8,0.0001
2025-07-10 00:00,8,0.0001
2025-07-10 08:00,8,0.0001
2025-07-10 16:00,8,0.0001
2025-07-11 00:00,8,0.0001
2025-07-11 08:00,8,0.0001
2025-07-11 16:00,8,0.0001
2025-07-12 00:00,8,0.0001
2025-07-12 08:00,8,0.0001
2025-07-12 16:00,8,0.0001
2025-07-13 00:00,8,0.0001
2025-07-13 08:00,8,0.0001
2025-07-13 16:00,8,0.0001
2025-07-14 00:00,8,0.0001
2025-07-14 08:00,8,0.0001
2025-07-14 16:00,8,0.0001
2025-07-15 00:00,8,0.0001
2025-07-15 08:00,8,0.0001
2025-07-15 16:00,8,8.718e-05
2025-07-16 00:00,8,0.0001
2025-07-16 08:00,8,0.0001
2025-07-16 16:00,8,0.0001
2025-07-17 00:00,8,0.0001
2025-07-17 08:00,8,0.0001
2025-07-17 16:00,8,0.0001
2025-07-18 00:00,8,0.0001
2025-07-18 08:00,8,0.0001
2025-07-18 16:00,8,0.0001
2025-07-19 00:00,8,0.0001
2025-07-19 08:00,8,0.0001
2025-07-19 16:00,8,0.0001
2025-07-20 00:00,8,0.0001
2025-07-20 08:00,8,0.0001
2025-07-20 16:00,8,0.0001
2025-07-21 00:00,8,0.0001
2025-07-21 08:00,8,0.0001
2025-07-21 16:00,8,0.0001
2025-07-22 00:00,8,0.0001
2025-07-22 08:00,8,0.0001
2025-07-22 16:00,8,0.0001
2025-07-23 00:00,8,0.0001
2025-07-23 08:00,8,0.0001
2025-07-23 16:00,8,0.0001
2025-07-24 00:00,8,0.0001
2025-07-24 08:00,8,0.0001
2025-07-24 16:00,8,0.0001
2025-07-25 00:00,8,0.0001
2025-07-25 08:00,8,0.0001
2025-07-25 16:00,8,0.0001
2025-07-26 00:00,8,0.0001
2025-07-26 08:00,8,0.0001
2025-07-26 16:00,8,0.0001
2025-07-27 00:00,8,0.0001
2025-07-27 08:00,8,0.0001
2025-07-27 16:00,8,0.0001
2025-07-28 00:00,8,0.0001
2025-07-28 08:00,8,0.0001
2025-07-28 16:00,8,0.0001
2025-07-29 00:00,8,-7.78e-06
2025-07-29 08:00,8,0.0001
2025-07-29 16:00,8,0.0001
2025-07-30 00:00,8,8.119e-05
2025-07-30 08:00,8,0.0001
2025-07-30 16:00,8,6.006e-05
2025-07-31 00:00,8,0.0001
2025-07-31 08:00,8,3.219e-05
2025-07-31 16:00,8,7.227e-05
2025-08-01 00:00,8,-8.969e-05
2025-08-01 08:00,8,-2.374e-05
2025-08-01 16:00,8,-3.253e-05
2025-08-02 00:00,8,7.576e-05
2025-08-02 08:00,8,-7.385e-05
2025-08-02 16:00,8,8.133e-05
2025-08-03 00:00,8,-2.07e-06
2025-08-03 08:00,8,-0.00010498
2025-08-03 16:00,8,4.461e-05
2025-08-04 00:00,8,-9.138e-05
2025-08-04 08:00,8,7.973e-05
2025-08-04 16:00,8,0.0001
2025-08-05 00:00,8,0.0001
2025-08-05 08:00,8,2.11e-05
2025-08-05 16:00,8,0.0001
2025-08-06 00:00,8,0.0001
2025-08-06 08:00,8,9.3e-07
2025-08-06 16:00,8,0.0001
2025-08-07 00:00,8,-7.64e-06
2025-08-07 08:00,8,-4.336e-05
2025-08-07 16:00,8,8.822e-05
2025-08-08 00:00,8,0.0001
2025-08-08 08:00,8,-1.772e-05
2025-08-08 16:00,8,0.0001
2025-08-09 00:00,8,0.0001
2025-08-09 08:00,8,0.0001
2025-08-09 16:00,8,0.0001
2025-08-10 00:00,8,0.0001
2025-08-10 08:00,8,0.0001
2025-08-10 16:00,8,0.0001
2025-08-11 00:00,8,0.0001
2025-08-11 08:00,8,0.0001
2025-08-11 16:00,8,0.0001
2025-08-12 00:00,8,0.0001
2025-08-12 08:00,8,7.811e-05
2025-08-12 16:00,8,0.0001
2025-08-13 00:00,8,0.0001
2025-08-13 08:00,8,0.0001
2025-08-13 16:00,8,0.0001
2025-08-14 00:00,8,0.0001
2025-08-14 08:00,8,0.0001
2025-08-14 16:00,8,0.0001
2025-08-15 00:00,8,0.0001
2025-08-15 08:00,8,0.0001
2025-08-15 16:00,8,0.0001
2025-08-16 00:00,8,0.0001
2025-08-16 08:00,8,0.0001
2025-08-16 16:00,8,0.0001
2025-08-17 00:00,8,0.0001
2025-08-17 08:00,8,0.0001
2025-08-17 16:00,8,0.0001
2025-08-18 00:00,8,0.0001
2025-08-18 08:00,8,8.763e-05
2025-08-18 16:00,8,5.378e-05
2025-08-19 00:00,8,-8.68e-06
2025-08-19 08:00,8,-3e-07
2025-08-19 16:00,8,3.151e-05
2025-08-20 00:00,8,2.229e-05
2025-08-20 08:00,8,5.03e-06
2025-08-20 16:00,8,2.053e-05
2025-08-21 00:00,8,7.862e-05
2025-08-21 08:00,8,0.0001
2025-08-21 16:00,8,6.326e-05
2025-08-22 00:00,8,0.0001
2025-08-22 08:00,8,5.87e-05
2025-08-22 16:00,8,7.972e-05
2025-08-23 00:00,8,0.0001
2025-08-23 08:00,8,0.0001
2025-08-23 16:00,8,0.0001
2025-08-24 00:00,8,0.0001
2025-08-24 08:00,8,0.0001
2025-08-24 16:00,8,0.0001
2025-08-25 00:00,8,0.0001
2025-08-25 08:00,8,0.0001
2025-08-25 16:00,8,2.903e-05
2025-08-26 00:00,8,-6.945e-05
2025-08-26 08:00,8,4.152e-05
2025-08-26 16:00,8,3.914e-05
2025-08-27 00:00,8,3.893e-05
2025-08-27 08:00,8,9.976e-05
2025-08-27 16:00,8,0.0001
2025-08-28 00:00,8,0.0001
2025-08-28 08:00,8,0.0001
2025-08-28 16:00,8,0.0001
2025-08-29 00:00,8,0.0001
2025-08-29 08:00,8,0.0001
2025-08-29 16:00,8,2.298e-05
2025-08-30 00:00,8,1.15e-06
2025-08-30 08:00,8,7.08e-06
2025-08-30 16:00,8,1.184e-05
2025-08-31 00:00,8,0.0001
2025-08-31 08:00,8,4.886e-05
2025-08-31 16:00,8,0.0001
2025-09-01 00:00,8,0.0001
2025-09-01 08:00,8,-1.086e-05
2025-09-01 16:00,8,2.294e-05
2025-09-02 00:00,8,-3.991e-05
2025-09-02 08:00,8,9.972e-05
2025-09-02 16:00,8,7.691e-05
2025-09-03 00:00,8,0.0001
2025-09-03 08:00,8,6.854e-05
2025-09-03 16:00,8,0.0001
2025-09-04 00:00,8,0.0001
2025-09-04 08:00,8,6.372e-05
2025-09-04 16:00,8,-3.195e-05
2025-09-05 00:00,8,1.57e-05
2025-09-05 08:00,8,0.0001
2025-09-05 16:00,8,0.0001
2025-09-06 00:00,8,0.0001
2025-09-06 08:00,8,0.0001
2025-09-06 16:00,8,0.0001
2025-09-07 00:00,8,0.0001
2025-09-07 08:00,8,0.0001
2025-09-07 16:00,8,0.0001
2025-09-08 00:00,8,9.638e-05
2025-09-08 08:00,8,0.0001
2025-09-08 16:00,8,0.0001
2025-09-09 00:00,8,0.0001
2025-09-09 08:00,8,0.0001
2025-09-09 16:00,8,0.0001
2025-09-10 00:00,8,0.0001
2025-09-10 08:00,8,0.0001
2025-09-10 16:00,8,0.0001
2025-09-11 00:00,8,0.0001
2025-09-11 08:00,8,0.0001
2025-09-11 16:00,8,0.0001
2025-09-12 00:00,8,0.0001
2025-09-12 08:00,8,0.0001
2025-09-12 16:00,8,4.481e-05
2025-09-13 00:00,8,0.0001
2025-09-13 08:00,8,0.0001
2025-09-13 16:00,8,0.0001
2025-09-14 00:00,8,0.0001
2025-09-14 08:00,8,0.0001
2025-09-14 16:00,8,0.0001
2025-09-15 00:00,8,0.0001
2025-09-15 08:00,8,0.0001
2025-09-15 16:00,8,1.062e-05
2025-09-16 00:00,8,9.78e-06
2025-09-16 08:00,8,0.0001
2025-09-16 16:00,8,0.0001
2025-09-17 00:00,8,0.0001
2025-09-17 08:00,8,0.0001
2025-09-17 16:00,8,5.691e-05
2025-09-18 00:00,8,0.0001
2025-09-18 08:00,8,0.0001
2025-09-18 16:00,8,0.0001
2025-09-19 00:00,8,0.0001
2025-09-19 08:00,8,0.0001
2025-09-19 16:00,8,0.0001
2025-09-20 00:00,8,0.0001
2025-09-20 08:00,8,0.0001
2025-09-20 16:00,8,0.0001
2025-09-21 00:00,8,0.0001
2025-09-21 08:00,8,0.0001
2025-09-21 16:00,8,0.0001
2025-09-22 00:00,8,0.0001
2025-09-22 08:00,8,-7.31e-05
2025-09-22 16:00,8,-1.118e-05
2025-09-23 00:00,8,3.45e-05
2025-09-23 08:00,8,8.035e-05
2025-09-23 16:00,8,0.0001
2025-09-24 00:00,8,8.332e-05
2025-09-24 08:00,8,0.0001
2025-09-24 16:00,8,0.0001
2025-09-25 00:00,8,2.493e-05
2025-09-25 08:00,8,-2.584e-05
2025-09-25 16:00,8,4.281e-05
2025-09-26 00:00,8,7.952e-05
2025-09-26 08:00,8,0.0001
2025-09-26 16:00,8,5.542e-05
2025-09-27 00:00,8,0.0001
2025-09-27 08:00,8,0.0001
2025-09-27 16:00,8,8.458e-05
2025-09-28 00:00,8,0.0001
2025-09-28 08:00,8,9.393e-05
2025-09-28 16:00,8,4.697e-05
2025-09-29 00:00,8,0.0001
2025-09-29 08:00,8,2.941e-05
2025-09-29 16:00,8,3.728e-05
2025-09-30 00:00,8,0.0001
2025-09-30 08:00,8,5.866e-05
2025-09-30 16:00,8,0.0001
2025-10-01 00:00,8,0.0001
2025-10-01 08:00,8,0.0001
2025-10-01 16:00,8,0.0001
2025-10-02 00:00,8,0.0001
2025-10-02 08:00,8,0.0001
2025-10-02 16:00,8,0.0001
2025-10-03 00:00,8,0.0001
2025-10-03 08:00,8,7.822e-05
2025-10-03 16:00,8,6.171e-05
2025-10-04 00:00,8,9.948e-05
2025-10-04 08:00,8,6.801e-05
2025-10-04 16:00,8,-3.97e-05
2025-10-05 00:00,8,8.385e-05
2025-10-05 08:00,8,0.0001
2025-10-05 16:00,8,0.0001
2025-10-06 00:00,8,7.641e-05
2025-10-06 08:00,8,4.777e-05
2025-10-06 16:00,8,0.0001
2025-10-07 00:00,8,0.0001
2025-10-07 08:00,8,0.0001
2025-10-07 16:00,8,5.919e-05
2025-10-08 00:00,8,0.0001
2025-10-08 08:00,8,0.0001
2025-10-08 16:00,8,0.0001
2025-10-09 00:00,8,0.0001
2025-10-09 08:00,8,0.0001
2025-10-09 16:00,8,2.111e-05
2025-10-10 00:00,8,0.0001
2025-10-10 08:00,8,0.0001
2025-10-10 16:00,8,0.0001
2025-10-11 00:00,8,0.0001
2025-10-11 08:00,8,0.0001
2025-10-11 16:00,8,-3.368e-05
2025-10-12 00:00,8,-1.914e-05
2025-10-12 08:00,8,-5.715e-05
2025-10-12 16:00,8,5.017e-05
2025-10-13 00:00,8,9.993e-05
2025-10-13 08:00,8,2.41e-06
2025-10-13 16:00,8,2.49e-06
2025-10-14 00:00,8,1.165e-05
2025-10-14 08:00,8,-4.121e-05
2025-10-14 16:00,8,7.29e-06
2025-10-15 00:00,8,0.0001
2025-10-15 08:00,8,6.64e-06
2025-10-15 16:00,8,4.243e-05
2025-10-16 00:00,8,-1.166e-05
2025-10-16 08:00,8,-2.984e-05
2025-10-16 16:00,8,6.369e-05
2025-10-17 00:00,8,1.859e-05
2025-10-17 08:00,8,-0.00016767
2025-10-17 16:00,8,5.515e-05
2025-10-18 00:00,8,2.456e-05
2025-10-18 08:00,8,7.334e-05
2025-10-18 16:00,8,2.939e-05
2025-10-19 00:00,8,0.0001
2025-10-19 08:00,8,-8.67e-06
2025-10-19 16:00,8,-1.678e-05
2025-10-20 00:00,8,-2.175e-05
2025-10-20 08:00,8,5.951e-05
2025-10-20 16:00,8,2.761e-05
2025-10-21 00:00,8,1.727e-05
2025-10-21 08:00,8,-0.00026324
2025-10-21 16:00,8,0.0001
2025-10-22 00:00,8,6.028e-05
2025-10-22 08:00,8,-6.823e-05
2025-10-22 16:00,8,3.084e-05
2025-10-23 00:00,8,-2.58e-05
2025-10-23 08:00,8,1.946e-05
2025-10-23 16:00,8,4.503e-05
2025-10-24 00:00,8,-9.56e-05
2025-10-24 08:00,8,-5.432e-05
2025-10-24 16:00,8,-0.00023428
2025-10-25 00:00,8,0.0001
2025-10-25 08:00,8,0.0001
2025-10-25 16:00,8,3.199e-05
2025-10-26 00:00,8,9.42e-06
2025-10-26 08:00,8,-3.085e-05
2025-10-26 16:00,8,4.831e-05
2025-10-27 00:00,8,0.0001
2025-10-27 08:00,8,0.0001
2025-10-27 16:00,8,9.978e-05
2025-10-28 00:00,8,0.0001
2025-10-28 08:00,8,7.009e-05
2025-10-28 16:00,8,8.004e-05
2025-10-29 00:00,8,1.473e-05
2025-10-29 08:00,8,2.442e-05
2025-10-29 16:00,8,2.421e-05
2025-10-30 00:00,8,2.891e-05
2025-10-30 08:00,8,2.95e-05
2025-10-30 16:00,8,1.151e-05
2025-10-31 00:00,8,-8.376e-05
2025-10-31 08:00,8,-2.357e-05
2025-10-31 16:00,8,3.98e-05
2025-11-01 00:00,8,1.614e-05
2025-11-01 08:00,8,-2e-07
2025-11-01 16:00,8,9.432e-05
2025-11-02 00:00,8,0.0001
2025-11-02 08:00,8,7.56e-05
2025-11-02 16:00,8,3.799e-05
2025-11-03 00:00,8,0.0001
2025-11-03 08:00,8,-3.285e-05
2025-11-03 16:00,8,2.79e-05
2025-11-04 00:00,8,2.87e-06
2025-11-04 08:00,8,5.06e-06
2025-11-04 16:00,8,-1.755e-05
2025-11-05 00:00,8,0.0001
2025-11-05 08:00,8,-2.023e-05
2025-11-05 16:00,8,-0.00011553
2025-11-06 00:00,8,-0.00065118
2025-11-06 08:00,8,-0.0003867
2025-11-06 16:00,8,0.0001
2025-11-07 00:00,8,0.0001
2025-11-07 08:00,8,0.0001
2025-11-07 16:00,8,0.0001
2025-11-08 00:00,8,0.0001
2025-11-08 08:00,8,0.0001
2025-11-08 16:00,8,7.203e-05
2025-11-09 00:00,8,0.0001
2025-11-09 08:00,8,-0.00010321
2025-11-09 16:00,8,7.4e-06
2025-11-10 00:00,8,6.373e-05
2025-11-10 08:00,8,6.326e-05
2025-11-10 16:00,8,4.864e-05
2025-11-11 00:00,8,6.087e-05
2025-11-11 08:00,8,-6.7e-05
2025-11-11 16:00,8,1.379e-05
2025-11-12 00:00,8,-5.971e-05
2025-11-12 08:00,8,0.0001
2025-11-12 16:00,8,2.133e-05
2025-11-13 00:00,8,-0.00017733
2025-11-13 08:00,8,-1.209e-05
2025-11-13 16:00,8,6.006e-05
2025-11-14 00:00,8,-0.00031674
2025-11-14 08:00,8,-9.023e-05
2025-11-14 16:00,8,-2.016e-05
2025-11-15 00:00,8,-0.0001124
2025-11-15 08:00,8,-0.00032792
2025-11-15 16:00,8,-0.00011494
2025-11-16 00:00,8,-0.00024319
2025-11-16 08:00,8,-7.231e-05
2025-11-16 16:00,8,-0.00025658
2025-11-17 00:00,8,-0.00017813
2025-11-17 08:00,8,-6.57e-06
2025-11-17 16:00,8,4.997e-05
2025-11-18 00:00,8,-0.00011076
2025-11-18 08:00,8,0.0001
2025-11-18 16:00,8,0.0001
2025-11-19 00:00,8,7.417e-05
2025-11-19 08:00,8,4.171e-05
2025-11-19 16:00,8,2.239e-05
2025-11-20 00:00,8,3.576e-05
2025-11-20 08:00,8,-6.635e-05
2025-11-20 16:00,8,3.389e-05
2025-11-21 00:00,8,-0.0003186
2025-11-21 08:00,8,0.0001
2025-11-21 16:00,8,-0.00021309
2025-11-22 00:00,8,-0.00033592
2025-11-22 08:00,8,-0.00010193
2025-11-22 16:00,8,-5.001e-05
2025-11-23 00:00,8,7.601e-05
2025-11-23 08:00,8,-0.00017059
2025-11-23 16:00,8,-0.00017188
2025-11-24 00:00,8,-0.00019916
2025-11-24 08:00,8,6.916e-05
2025-11-24 16:00,8,0.0001
2025-11-25 00:00,8,0.0001
2025-11-25 08:00,8,-4.522e-05
2025-11-25 16:00,8,-0.00013678
2025-11-26 00:00,8,0.0001
2025-11-26 08:00,8,0.0001
2025-11-26 16:00,8,-9.1e-06
2025-11-27 00:00,8,0.0001
2025-11-27 08:00,8,-5.74e-05
2025-11-27 16:00,8,2.044e-05
2025-11-28 00:00,8,0.0001
2025-11-28 08:00,8,1.812e-05
2025-11-28 16:00,8,0.0001
2025-11-29 00:00,8,2.066e-05
2025-11-29 08:00,8,1.218e-05
2025-11-29 16:00,8,-8.117e-05
2025-11-30 00:00,8,-8.334e-05
2025-11-30 08:00,8,7.577e-05
2025-11-30 16:00,8,8.186e-05
2025-12-01 00:00,8,6.858e-05
2025-12-01 08:00,8,-0.00016221
2025-12-01 16:00,8,-2.637e-05
2025-12-02 00:00,8,0.0001
2025-12-02 08:00,8,0.0001
2025-12-02 16:00,8,0.0001
2025-12-03 00:00,8,0.0001
2025-12-03 08:00,8,-2.293e-05
2025-12-03 16:00,8,-0.00011895
2025-12-04 00:00,8,-1.71e-05
2025-12-04 08:00,8,0.0001
2025-12-04 16:00,8,9.358e-05
2025-12-05 00:00,8,-7.4e-07
2025-12-05 08:00,8,4.537e-05
2025-12-05 16:00,8,-0.00011058
2025-12-06 00:00,8,-0.00010073
2025-12-06 08:00,8,1.421e-05
2025-12-06 16:00,8,7.117e-05
2025-12-07 00:00,8,0.0001
2025-12-07 08:00,8,9.859e-05
2025-12-07 16:00,8,-6.73e-06
2025-12-08 00:00,8,-5.2e-07
2025-12-08 08:00,8,0.0001
2025-12-08 16:00,8,0.0001
2025-12-09 00:00,8,6.292e-05
2025-12-09 08:00,8,6.749e-05
2025-12-09 16:00,8,8.302e-05
2025-12-10 00:00,8,0.0001
2025-12-10 08:00,8,-5.989e-05
2025-12-10 16:00,8,-0.00013504
2025-12-11 00:00,8,-2.087e-05
2025-12-11 08:00,8,-7.922e-05
2025-12-11 16:00,8,2.107e-05
2025-12-12 00:00,8,0.0001
2025-12-12 08:00,8,0.0001
2025-12-12 16:00,8,9.04e-05
2025-12-13 00:00,8,4.034e-05
2025-12-13 08:00,8,7.558e-05
2025-12-13 16:00,8,0.0001
2025-12-14 00:00,8,0.0001
2025-12-14 08:00,8,3.375e-05
2025-12-14 16:00,8,-1.926e-05
2025-12-15 00:00,8,-7.62e-06
2025-12-15 08:00,8,0.0001
2025-12-15 16:00,8,-5.19e-06
2025-12-16 00:00,8,0.0001
2025-12-16 08:00,8,1.29e-05
2025-12-16 16:00,8,0.0001
2025-12-17 00:00,8,3.741e-05
2025-12-17 08:00,8,3.814e-05
2025-12-17 16:00,8,4.366e-05
2025-12-18 00:00,8,-0.00014597
2025-12-18 08:00,8,-1.161e-05
2025-12-18 16:00,8,4.193e-05
2025-12-19 00:00,8,-8.962e-05
2025-12-19 08:00,8,7.153e-05
2025-12-19 16:00,8,0.0001
2025-12-20 00:00,8,6.83e-06
2025-12-20 08:00,8,-9.319e-05
2025-12-20 16:00,8,-3.303e-05
2025-12-21 00:00,8,7.87e-06
2025-12-21 08:00,8,-3.008e-05
2025-12-21 16:00,8,-0.00012024
2025-12-22 00:00,8,-1.215e-05
2025-12-22 08:00,8,-3.642e-05
2025-12-22 16:00,8,2.94e-06
2025-12-23 00:00,8,-2.334e-05
2025-12-23 08:00,8,-2.484e-05
2025-12-23 16:00,8,-8.12e-06
2025-12-24 00:00,8,0.0001
2025-12-24 08:00,8,-8.828e-05
2025-12-24 16:00,8,-4.352e-05
2025-12-25 00:00,8,7.878e-05
2025-12-25 08:00,8,0.0001
2025-12-25 16:00,8,0.0001
2025-12-26 00:00,8,0.0001
2025-12-26 08:00,8,5.741e-05
2025-12-26 16:00,8,6.997e-05
2025-12-27 00:00,8,0.0001
2025-12-27 08:00,8,8.024e-05
2025-12-27 16:00,8,-8.64e-06
2025-12-28 00:00,8,5.109e-05
2025-12-28 08:00,8,0.0001
2025-12-28 16:00,8,5.197e-05
2025-12-29 00:00,8,4.484e-05
2025-12-29 08:00,8,-2.92e-06
2025-12-29 16:00,8,-0.00010314
2025-12-30 00:00,8,-6.74e-05
2025-12-30 08:00,8,-2.14e-05
2025-12-30 16:00,8,-8.197e-05
2025-12-31 00:00,8,-1.432e-05
2025-12-31 08:00,8,0.0001
2025-12-31 16:00,8,0.0001
2026-01-01 00:00,8,-1.771e-05
2026-01-01 08:00,8,8.098e-05
2026-01-01 16:00,8,0.0001
2026-01-02 00:00,8,0.0001
2026-01-02 08:00,8,5.04e-06
2026-01-02 16:00,8,0.0001
2026-01-03 00:00,8,0.0001
2026-01-03 08:00,8,7.224e-05
2026-01-03 16:00,8,0.0001
2026-01-04 00:00,8,4.161e-05
2026-01-04 08:00,8,0.0001
2026-01-04 16:00,8,6.104e-05
2026-01-05 00:00,8,9.653e-05
2026-01-05 08:00,8,-2.989e-05
2026-01-05 16:00,8,5.08e-06
2026-01-06 00:00,8,0.0001
2026-01-06 08:00,8,-6.468e-05
2026-01-06 16:00,8,-4.239e-05
2026-01-07 00:00,8,4.1e-07
2026-01-07 08:00,8,-0.00020364
2026-01-07 16:00,8,-0.00040891
2026-01-08 00:00,8,-0.00021062
2026-01-08 08:00,8,-0.00018852
2026-01-08 16:00,8,3.291e-05
2026-01-09 00:00,8,5.574e-05
2026-01-09 08:00,8,3.654e-05
2026-01-09 16:00,8,-5.552e-05
2026-01-10 00:00,8,0.0001
2026-01-10 08:00,8,-0.00012215
2026-01-10 16:00,8,-2.939e-05
2026-01-11 00:00,8,-9.65e-05
2026-01-11 08:00,8,0.0001
2026-01-11 16:00,8,-7.03e-06
2026-01-12 00:00,8,-0.00035551
2026-01-12 08:00,8,-8.666e-05
2026-01-12 16:00,8,-0.00045268
2026-01-13 00:00,8,-0.00033265
2026-01-13 08:00,8,-6.363e-05
2026-01-13 16:00,8,0.0001
2026-01-14 00:00,8,0.0001
2026-01-14 08:00,8,0.0001
2026-01-14 16:00,8,0.0001
2026-01-15 00:00,8,0.0001
2026-01-15 08:00,8,1.976e-05
2026-01-15 16:00,8,0.0001
2026-01-16 00:00,8,0.0001
2026-01-16 08:00,8,0.0001
2026-01-16 16:00,8,4.621e-05
2026-01-17 00:00,8,7.611e-05
2026-01-17 08:00,8,0.0001
2026-01-17 16:00,8,6.374e-05
2026-01-18 00:00,8,0.0001
2026-01-18 08:00,8,-4.29e-06
2026-01-18 16:00,8,-5.06e-06
2026-01-19 00:00,8,3.862e-05
2026-01-19 08:00,8,-7.981e-05
2026-01-19 16:00,8,-8.114e-05
2026-01-20 00:00,8,-0.00019942
2026-01-20 08:00,8,4.6e-06
2026-01-20 16:00,8,-7.782e-05
2026-01-21 00:00,8,-7.187e-05
2026-01-21 08:00,8,-7.544e-05
2026-01-21 16:00,8,0.0001
2026-01-22 00:00,8,-7.406e-05
2026-01-22 08:00,8,1.06e-05
2026-01-22 16:00,8,-0.00025586
2026-01-23 00:00,8,-5.813e-05
2026-01-23 08:00,8,3.779e-05
2026-01-23 16:00,8,0.0001
2026-01-24 00:00,8,6.836e-05
2026-01-24 08:00,8,0.0001
2026-01-24 16:00,8,-1.82e-06
2026-01-25 00:00,8,5.498e-05
2026-01-25 08:00,8,2.412e-05
2026-01-25 16:00,8,5.471e-05
2026-01-26 00:00,8,-8.435e-05
2026-01-26 08:00,8,5.262e-05
2026-01-26 16:00,8,5.825e-05
2026-01-27 00:00,8,-5.042e-05
2026-01-27 08:00,8,-4.129e-05
2026-01-27 16:00,8,6.491e-05
2026-01-28 00:00,8,3.63e-06
2026-01-28 08:00,8,9e-05
2026-01-28 16:00,8,4.44e-05
2026-01-29 00:00,8,3.452e-05
2026-01-29 08:00,8,0.0001
2026-01-29 16:00,8,-1.52e-05
2026-01-30 00:00,8,4.698e-05
2026-01-30 08:00,8,-9.737e-05
2026-01-30 16:00,8,-4.618e-05
2026-01-31 00:00,8,-4.01e-06
2026-01-31 08:00,8,-0.00026281
2026-01-31 16:00,8,-0.00024126
2026-02-01 00:00,8,-2.601e-05
2026-02-01 08:00,8,-0.00020223
2026-02-01 16:00,8,-3.723e-05
2026-02-02 00:00,8,-9.061e-05
2026-02-02 08:00,8,-2.646e-05
2026-02-02 16:00,8,-6.852e-05
2026-02-03 00:00,8,-3.937e-05
2026-02-03 08:00,8,-8.015e-05
2026-02-03 16:00,8,-7.539e-05
2026-02-04 00:00,8,-6.413e-05
2026-02-04 08:00,8,0.0001
2026-02-04 16:00,8,2.832e-05
2026-02-05 00:00,8,2.831e-05
2026-02-05 08:00,8,6.825e-05
2026-02-05 16:00,8,-3.23e-05
2026-02-06 00:00,8,-0.00012341
2026-02-06 08:00,8,-0.00024997
2026-02-06 16:00,8,-0.00014353
2026-02-07 00:00,8,-0.00010914
2026-02-07 08:00,8,-0.00013225
2026-02-07 16:00,8,-0.00012724
2026-02-08 00:00,8,-0.00020506
2026-02-08 08:00,8,-2.496e-05
2026-02-08 16:00,8,-0.00023946
2026-02-09 00:00,8,-0.00021399
2026-02-09 08:00,8,7.004e-05
2026-02-09 16:00,8,-0.0001669
2026-02-10 00:00,8,-0.00017041
2026-02-10 08:00,8,5.469e-05
2026-02-10 16:00,8,-0.00020897
2026-02-11 00:00,8,-0.00020793
2026-02-11 08:00,8,5.419e-05
2026-02-11 16:00,8,-0.00014081
2026-02-12 00:00,8,-3.075e-05
2026-02-12 08:00,8,-9.635e-05
2026-02-12 16:00,8,-0.00011458
2026-02-13 00:00,8,4.366e-05
2026-02-13 08:00,8,-9.986e-05
2026-02-13 16:00,8,3.655e-05
2026-02-14 00:00,8,2.806e-05
2026-02-14 08:00,8,0.0001
2026-02-14 16:00,8,4.36e-06
2026-02-15 00:00,8,8.406e-05
2026-02-15 08:00,8,-0.00023994
2026-02-15 16:00,8,-0.00025144
2026-02-16 00:00,8,-5.595e-05
2026-02-16 08:00,8,5.789e-05
2026-02-16 16:00,8,-0.00020773
2026-02-17 00:00,8,-0.00021408
2026-02-17 08:00,8,5.582e-05
2026-02-17 16:00,8,-0.00042141
2026-02-18 00:00,8,5.322e-05
2026-02-18 08:00,8,-4.305e-05
2026-02-18 16:00,8,-0.00043191
2026-02-19 00:00,8,-0.00100727
2026-02-19 08:00,8,-0.00119966
2026-02-19 16:00,8,-0.00181777
2026-02-20 00:00,8,-0.00166002
2026-02-20 08:00,8,-0.00066585
2026-02-20 16:00,8,-0.00094001
2026-02-21 00:00,8,-0.00057115
2026-02-21 08:00,8,-0.00053267
2026-02-21 16:00,8,-0.00049883
2026-02-22 00:00,8,-0.00083246
2026-02-22 08:00,8,-0.00099239
2026-02-22 16:00,8,-0.00107382
2026-02-23 00:00,8,-0.00056788
2026-02-23 08:00,8,-0.00049736
2026-02-23 16:00,8,-0.00076549
2026-02-24 00:00,8,-0.00057512
2026-02-24 08:00,8,-0.00043017
2026-02-24 16:00,8,-0.00072219
2026-02-25 00:00,8,-0.00060905
2026-02-25 08:00,8,-0.00043325
2026-02-25 16:00,8,-0.00046126
2026-02-26 00:00,8,9.162e-05
2026-02-26 08:00,8,-0.00016907
2026-02-26 16:00,8,-0.00038156
2026-02-27 00:00,8,-9.2e-05
2026-02-27 08:00,8,-8.63e-05
2026-02-27 16:00,8,-0.00011661
2026-02-28 00:00,8,-0.00020395
2026-02-28 08:00,8,-0.00035371
2026-02-28 16:00,8,-0.00054331
2026-03-01 00:00,8,-9.65e-05
2026-03-01 08:00,8,-0.00020753
2026-03-01 16:00,8,-0.00042752
2026-03-02 00:00,8,-0.00014966
2026-03-02 08:00,8,-0.00058348
2026-03-02 16:00,8,-0.00048048
2026-03-03 00:00,8,-0.00035666
2026-03-03 08:00,8,-5.161e-05
2026-03-03 16:00,8,-0.00041745
2026-03-04 00:00,8,-0.00040599
2026-03-04 08:00,8,-0.00052608
2026-03-04 16:00,8,-0.00011754
2026-03-05 00:00,8,-3.623e-05
2026-03-05 08:00,8,-0.00033139
2026-03-05 16:00,8,-0.0003199
2026-03-06 00:00,8,-0.00028427
2026-03-06 08:00,8,-0.00036248
2026-03-06 16:00,8,-0.00060877
2026-03-07 00:00,8,-0.0006381
2026-03-07 08:00,8,1.962e-05
2026-03-07 16:00,8,-0.00051081
2026-03-08 00:00,8,-0.00071344
2026-03-08 08:00,8,-0.00051006
2026-03-08 16:00,8,-0.00044675
2026-03-09 00:00,8,-0.00095045
2026-03-09 08:00,8,-0.00041659
2026-03-09 16:00,8,-0.00021096
2026-03-10 00:00,8,-0.00026969
2026-03-10 08:00,8,-0.00032541
2026-03-10 16:00,8,-2.24e-05
2026-03-11 00:00,8,-0.00026397
2026-03-11 08:00,8,-0.00020973
2026-03-11 16:00,8,6.531e-05
2026-03-12 00:00,8,1.873e-05
2026-03-12 08:00,8,-0.00022134
2026-03-12 16:00,8,-0.00026912
2026-03-13 00:00,8,-9.055e-05
2026-03-13 08:00,8,0.0001
2026-03-13 16:00,8,-6.645e-05
2026-03-14 00:00,8,-2.172e-05
2026-03-14 08:00,8,-0.00021123
2026-03-14 16:00,8,-0.00010613
2026-03-15 00:00,8,-7.53e-05
2026-03-15 08:00,8,-9.722e-05
2026-03-15 16:00,8,-0.00019809
2026-03-16 00:00,8,-0.00013333
2026-03-16 08:00,8,0.0001
2026-03-16 16:00,8,8.192e-05
2026-03-17 00:00,8,-0.0001151
2026-03-17 08:00,8,-0.00026148
2026-03-17 16:00,8,1.551e-05
2026-03-18 00:00,8,-0.00013596
2026-03-18 08:00,8,-0.00016202
2026-03-18 16:00,8,-0.00033509
2026-03-19 00:00,8,5.128e-05
2026-03-19 08:00,8,-0.00017209
2026-03-19 16:00,8,-0.00032316
2026-03-20 00:00,8,-0.00010931
2026-03-20 08:00,8,-0.00011639
2026-03-20 16:00,8,-0.00017541
2026-03-21 00:00,8,-0.00029524
2026-03-21 08:00,8,-0.00058988
2026-03-21 16:00,8,-0.00011278
2026-03-22 00:00,8,-0.00025383
2026-03-22 08:00,8,-0.0001535
2026-03-22 16:00,8,-0.00037116
2026-03-23 00:00,8,-0.00062445
2026-03-23 08:00,8,-0.00038195
2026-03-23 16:00,8,-0.00017575
2026-03-24 00:00,8,4.352e-05
2026-03-24 08:00,8,-0.00032498
2026-03-24 16:00,8,-0.00039801
2026-03-25 00:00,8,-0.00019268
2026-03-25 08:00,8,-8.638e-05
2026-03-25 16:00,8,-4.094e-05
2026-03-26 00:00,8,-6.541e-05
2026-03-26 08:00,8,-0.00055168
2026-03-26 16:00,8,-0.00064119
2026-03-27 00:00,8,-0.00023868
2026-03-27 08:00,8,-0.00015674
2026-03-27 16:00,8,-0.00021696
2026-03-28 00:00,8,-0.0003913
2026-03-28 08:00,8,-0.00020663
2026-03-28 16:00,8,-0.00017359
2026-03-29 00:00,8,-0.0003003
2026-03-29 08:00,8,-0.00027351
2026-03-29 16:00,8,-0.00071957
2026-03-30 00:00,8,-0.0002581
2026-03-30 08:00,8,-0.00011864
2026-03-30 16:00,8,-0.000448
2026-03-31 00:00,8,-0.0001651
2026-03-31 08:00,8,-0.00062623
2026-03-31 16:00,8,-0.00014537
2026-04-01 00:00,8,-0.00025662
2026-04-01 08:00,8,-0.00025738
2026-04-01 16:00,8,-9.331e-05
2026-04-02 00:00,8,-0.00020138
2026-04-02 08:00,8,-0.00027779
2026-04-02 16:00,8,-0.00021875
2026-04-03 00:00,8,-0.00063531
2026-04-03 08:00,8,-5.729e-05
2026-04-03 16:00,8,8.266e-05
2026-04-04 00:00,8,-0.00015324
2026-04-04 08:00,8,-5.382e-05
2026-04-04 16:00,8,-0.00027861
2026-04-05 00:00,8,-0.00013043
2026-04-05 08:00,8,-0.00015227
2026-04-05 16:00,8,-0.00030321
2026-04-06 00:00,8,-0.00022374
2026-04-06 08:00,8,-0.00011682
2026-04-06 16:00,8,-9.237e-05
2026-04-07 00:00,8,-0.00030233
2026-04-07 08:00,8,-6.635e-05
2026-04-07 16:00,8,-0.00031302
2026-04-08 00:00,8,-8.113e-05
2026-04-08 08:00,8,2.677e-05
2026-04-08 16:00,8,-5.783e-05
2026-04-09 00:00,8,-0.00027716
2026-04-09 08:00,8,-0.00025916
2026-04-09 16:00,8,-7.212e-05
2026-04-10 00:00,8,-7.063e-05
2026-04-10 08:00,8,-0.00011643
2026-04-10 16:00,8,-0.00016272
2026-04-11 00:00,8,-3.07e-05
2026-04-11 08:00,8,-0.00015938
2026-04-11 16:00,8,-7.757e-05
2026-04-12 00:00,8,-0.00024387
2026-04-12 08:00,8,-0.00018556
2026-04-12 16:00,8,-0.00013703
2026-04-13 00:00,8,-0.00011652
2026-04-13 08:00,8,-8.698e-05
2026-04-13 16:00,8,-9.557e-05
2026-04-14 00:00,8,3.914e-05
2026-04-14 08:00,8,-0.0002075
2026-04-14 16:00,8,7.47e-06
2026-04-15 00:00,8,-0.00023679
2026-04-15 08:00,8,-9.71e-05
2026-04-15 16:00,8,-0.00015698
2026-04-16 00:00,8,3.556e-05
2026-04-16 08:00,8,-0.00012707
2026-04-16 16:00,8,-5.048e-05
2026-04-17 00:00,8,-0.00014045
2026-04-17 08:00,8,0.0001
2026-04-17 16:00,8,-1.007e-05
2026-04-18 00:00,8,-6.152e-05
2026-04-18 08:00,8,-0.00015379
2026-04-18 16:00,8,-0.00170101
2026-04-19 00:00,8,-0.0005181
2026-04-19 08:00,8,-0.00019322
2026-04-19 16:00,8,-4.153e-05
2026-04-20 00:00,8,-5.845e-05
2026-04-20 08:00,8,-0.00019318
2026-04-20 16:00,8,-7.97e-06
2026-04-21 00:00,8,-1.138e-05
2026-04-21 08:00,8,-8.493e-05
2026-04-21 16:00,8,-0.00010296
2026-04-22 00:00,8,9.553e-05
2026-04-22 08:00,8,-7.601e-05
2026-04-22 16:00,8,-0.00015634
2026-04-23 00:00,8,-0.00020067
2026-04-23 08:00,8,-7.071e-05
2026-04-23 16:00,8,3.825e-05
2026-04-24 00:00,8,8.698e-05
2026-04-24 08:00,8,-0.00066512
2026-04-24 16:00,8,-0.00250499
2026-04-25 00:00,8,-0.00687433
2026-04-25 08:00,8,-0.00191412
2026-04-25 16:00,8,-0.00125748
2026-04-26 00:00,8,-0.00143732
2026-04-26 08:00,8,-0.00026148
2026-04-26 16:00,8,-0.00025972
2026-04-27 00:00,8,-0.00013065
2026-04-27 08:00,8,-3.437e-05
2026-04-27 16:00,8,-0.00014781
2026-04-28 00:00,8,-0.00025356
2026-04-28 08:00,8,-0.00279235
2026-04-28 16:00,8,-0.00098382
2026-04-29 00:00,8,-0.00045574
2026-04-29 08:00,8,-0.00029992
2026-04-29 16:00,8,-0.0004829
2026-04-30 00:00,8,-0.00088967
2026-04-30 08:00,8,-0.00217154
2026-04-30 16:00,8,-0.00074068
2026-05-01 00:00,8,-0.00079492
2026-05-01 08:00,8,-0.0006576
2026-05-01 16:00,8,-0.00096405
2026-05-02 00:00,8,-0.00042315
2026-05-02 08:00,8,-2.063e-05
2026-05-02 16:00,8,-0.00014091
2026-05-03 00:00,8,-2.64e-05
2026-05-03 08:00,8,-7.739e-05
2026-05-03 16:00,8,-0.00013096
2026-05-04 00:00,8,-0.00033817
2026-05-04 08:00,8,-0.00022942
2026-05-04 16:00,8,-0.00011783
2026-05-05 00:00,8,-9.178e-05
2026-05-05 08:00,8,-0.00017826
2026-05-05 16:00,8,-0.00020077
2026-05-06 00:00,8,-0.00017221
2026-05-06 08:00,8,-0.00022832
2026-05-06 16:00,8,-0.00018268
2026-05-07 00:00,8,-0.0002273
2026-05-07 08:00,8,-0.00030337
2026-05-07 16:00,8,-4.576e-05
2026-05-08 00:00,8,6.043e-05
2026-05-08 08:00,8,-6.962e-05
2026-05-08 16:00,8,1.721e-05
2026-05-09 00:00,8,2.287e-05
2026-05-09 08:00,8,-0.00017396
2026-05-09 16:00,8,-0.00037762
2026-05-10 00:00,8,-0.00032188
2026-05-10 08:00,8,-0.00015529
2026-05-10 16:00,8,-0.00017784
2026-05-11 00:00,8,-0.00011039
2026-05-11 08:00,8,0.0001
2026-05-11 16:00,8,-8.669e-05
2026-05-12 00:00,8,-6.958e-05
2026-05-12 08:00,8,3.626e-05
2026-05-12 16:00,8,-0.00028042
2026-05-13 00:00,8,-1.798e-05
2026-05-13 08:00,8,8.31e-06
2026-05-13 16:00,8,-0.00058269
2026-05-14 00:00,8,-0.00031977
2026-05-14 08:00,8,-4.692e-05
2026-05-14 16:00,8,-7.668e-05
2026-05-15 00:00,8,-0.0001585
2026-05-15 08:00,8,-0.00022589
2026-05-15 16:00,8,-0.00042533
2026-05-16 00:00,8,-0.00022486
2026-05-16 08:00,8,-0.00022513
2026-05-16 16:00,8,-0.00013048
2026-05-17 00:00,8,-0.00023911
2026-05-17 08:00,8,-0.00014811
2026-05-17 16:00,8,-0.00038813
2026-05-18 00:00,8,-9.039e-05
2026-05-18 08:00,8,-0.00015521
2026-05-18 16:00,8,-0.00013456
2026-05-19 00:00,8,-1.83e-05
2026-05-19 08:00,8,-0.00012045
2026-05-19 16:00,8,-3.018e-05
2026-05-20 00:00,8,-5.33e-05
2026-05-20 08:00,8,-6.201e-05
2026-05-20 16:00,8,5.984e-05
2026-05-21 00:00,8,-2.958e-05
2026-05-21 08:00,8,-7.37e-06
2026-05-21 16:00,8,-0.00012969
2026-05-22 00:00,8,7.096e-05
2026-05-22 08:00,8,7.699e-05
2026-05-22 16:00,8,7.483e-05
2026-05-23 00:00,8,-7.677e-05
2026-05-23 08:00,8,9.4e-06
2026-05-23 16:00,8,-2.463e-05
2026-05-24 00:00,8,0.0001
2026-05-24 08:00,8,1.381e-05
2026-05-24 16:00,8,9.6e-05
2026-05-25 00:00,8,-5.514e-05
2026-05-25 08:00,8,0.0001
2026-05-25 16:00,8,0.0001
2026-05-26 00:00,8,-4.6e-07
2026-05-26 08:00,8,3.351e-05
2026-05-26 16:00,8,9.978e-05
2026-05-27 00:00,8,6.593e-05
2026-05-27 08:00,8,-7.05e-06
2026-05-27 16:00,8,8.12e-06
2026-05-28 00:00,8,-4.999e-05
2026-05-28 08:00,8,5.67e-05
2026-05-28 16:00,8,-5.699e-05
2026-05-29 00:00,8,-3.92e-05
2026-05-29 08:00,8,7.095e-05
2026-05-29 16:00,8,0.0001
2026-05-30 00:00,8,-9.5e-06
2026-05-30 08:00,8,0.0001
2026-05-30 16:00,8,0.0001
2026-05-31 00:00,8,0.0001
2026-05-31 08:00,8,0.0001
2026-05-31 16:00,8,0.0001
2026-06-01 00:00,8,8.275e-05
2026-06-01 08:00,8,0.0001
2026-06-01 16:00,8,4.858e-05
2026-06-02 00:00,8,7.625e-05
2026-06-02 08:00,8,3.491e-05
2026-06-02 16:00,8,-4.074e-05
2026-06-03 00:00,8,-0.00016615
2026-06-03 08:00,8,-4.312e-05
2026-06-03 16:00,8,-0.00011027
2026-06-04 00:00,8,6.778e-05
2026-06-04 08:00,8,3.049e-05
2026-06-04 16:00,8,-2.526e-05
2026-06-05 00:00,8,4.048e-05
2026-06-05 08:00,8,-3.517e-05
2026-06-05 16:00,8,-3.623e-05
2026-06-06 00:00,8,-6e-07
2026-06-06 08:00,8,-1.524e-05
2026-06-06 16:00,8,3.308e-05
2026-06-07 00:00,8,1.842e-05
2026-06-07 08:00,8,2.821e-05
2026-06-07 16:00,8,-6.92e-06
2026-06-08 00:00,8,2.315e-05
2026-06-08 08:00,8,9.88e-06
2026-06-08 16:00,8,4.723e-05
2026-06-09 00:00,8,9.675e-05
2026-06-09 08:00,8,-3.913e-05
2026-06-09 16:00,8,-2.463e-05
2026-06-10 00:00,8,-0.00011281
2026-06-10 08:00,8,-2.64e-05
2026-06-10 16:00,8,-8.273e-05
2026-06-11 00:00,8,-0.00010994
2026-06-11 08:00,8,6.28e-06
2026-06-11 16:00,8,0.0001
2026-06-12 00:00,8,3.49e-06
2026-06-12 08:00,8,0.0001
2026-06-12 16:00,8,0.0001
2026-06-13 00:00,8,7.014e-05
2026-06-13 08:00,8,0.0001
2026-06-13 16:00,8,4.022e-05
2026-06-14 00:00,8,0.0001
2026-06-14 08:00,8,5.312e-05
2026-06-14 16:00,8,-5.42e-06
2026-06-15 00:00,8,-7.07e-06
2026-06-15 08:00,8,2.65e-06
2026-06-15 16:00,8,0.0001
2026-06-16 00:00,8,5.185e-05
2026-06-16 08:00,8,2.81e-05
2026-06-16 16:00,8,8.587e-05
2026-06-17 00:00,8,2.676e-05
2026-06-17 08:00,8,2.799e-05
2026-06-17 16:00,8,0.0001
2026-06-18 00:00,8,-1.274e-05
2026-06-18 08:00,8,1.49e-05
2026-06-18 16:00,8,-5.203e-05
2026-06-19 00:00,8,-1.709e-05
2026-06-19 08:00,8,-3.465e-05
2026-06-19 16:00,8,7.66e-06
2026-06-20 00:00,8,-1.136e-05
2026-06-20 08:00,8,0.0001
2026-06-20 16:00,8,7.84e-05
2026-06-21 00:00,8,1.616e-05
2026-06-21 08:00,8,4.507e-05
2026-06-21 16:00,8,2.18e-05
2026-06-22 00:00,8,5.274e-05
2026-06-22 08:00,8,1.706e-05
2026-06-22 16:00,8,5.483e-05
2026-06-23 00:00,8,-0.00013307
2026-06-23 08:00,8,4.4e-05
2026-06-23 16:00,8,-2.069e-05
2026-06-24 00:00,8,7.216e-05
2026-06-24 08:00,8,-5.1e-06
2026-06-24 16:00,8,-1.932e-05
2026-06-25 00:00,8,-3.507e-05
2026-06-25 08:00,8,8.914e-05
2026-06-25 16:00,8,3.417e-05
2026-06-26 00:00,8,9.238e-05
2026-06-26 08:00,8,-5.584e-05
2026-06-26 16:00,8,4.139e-05
2026-06-27 00:00,8,2.243e-05
2026-06-27 08:00,8,1.86e-05
2026-06-27 16:00,8,3.72e-05
2026-06-28 00:00,8,-2.882e-05
2026-06-28 08:00,8,0.0001
2026-06-28 16:00,8,0.0001
2026-06-29 00:00,8,8.956e-05
2026-06-29 08:00,8,-7.07e-06
2026-06-29 16:00,8,2.883e-05
2026-06-30 00:00,8,-2.223e-05
2026-06-30 08:00,8,4.897e-05
2026-06-30 16:00,8,-1.124e-05
2026-07-01 00:00,8,4.93e-06
2026-07-01 08:00,8,1.742e-05
2026-07-01 16:00,8,0.0001
2026-07-02 00:00,8,6.325e-05
2026-07-02 08:00,8,9.438e-05
2026-07-02 16:00,8,9.842e-05
2026-07-03 00:00,8,0.0001
2026-07-03 08:00,8,8.296e-05
2026-07-03 16:00,8,0.0001
2026-07-04 00:00,8,0.0001
2026-07-04 08:00,8,0.0001
2026-07-04 16:00,8,0.0001
2026-07-05 00:00,8,9.76e-05
2026-07-05 08:00,8,0.0001
2026-07-05 16:00,8,6.054e-05
2026-07-06 00:00,8,0.0001
2026-07-06 08:00,8,-1.981e-05
2026-07-06 16:00,8,1.02e-05
2026-07-07 00:00,8,3.81e-05
2026-07-07 08:00,8,1.5e-06
2026-07-07 16:00,8,7.788e-05
2026-07-08 00:00,8,0.0001
2026-07-08 08:00,8,2.274e-05
2026-07-08 16:00,8,5.575e-05
2026-07-09 00:00,8,-5.622e-05
2026-07-09 08:00,8,1.476e-05
2026-07-09 16:00,8,0.0001
2026-07-10 00:00,8,4.372e-05
2026-07-10 08:00,8,0.0001
2026-07-10 16:00,8,0.0001
2026-07-11 00:00,8,0.0001
2026-07-11 08:00,8,0.0001
2026-07-11 16:00,8,0.0001
2026-07-12 00:00,8,0.0001
2026-07-12 08:00,8,0.0001
2026-07-12 16:00,8,0.0001
2026-07-13 00:00,8,0.0001
2026-07-13 08:00,8,6.415e-05
2026-07-13 16:00,8,7.82e-05
2026-07-14 00:00,8,0.0001
2026-07-14 08:00,8,3.379e-05
2026-07-14 16:00,8,4.677e-05
2026-07-15 00:00,8,4.538e-05
2026-07-15 08:00,8,6.719e-05
2026-07-15 16:00,8,0.0001
2026-07-16 00:00,8,0.0001
2026-07-16 08:00,8,8.637e-05
2026-07-16 16:00,8,6.316e-05
2026-07-17 00:00,8,0.0001
2026-07-17 08:00,8,4.765e-05
2026-07-17 16:00,8,5.748e-05
2026-07-18 00:00,8,9.506e-05
2026-07-18 08:00,8,0.0001
2026-07-18 16:00,8,0.0001
2026-07-19 00:00,8,7.885e-05
2026-07-19 08:00,8,9.612e-05
2026-07-19 16:00,8,4.23e-06
2026-07-20 00:00,8,-2.015e-05
2026-07-20 08:00,8,6.831e-05
2026-07-20 16:00,8,5.426e-05
2026-07-21 00:00,8,5.347e-05
2026-07-21 08:00,8,0.0001
2026-07-21 16:00,8,0.0001
2026-07-22 00:00,8,0.0001
2026-07-22 08:00,8,0.0001
2026-07-22 16:00,8,0.0001
2026-07-23 00:00,8,9.808e-05
2026-07-23 08:00,8,0.0001
2026-07-23 16:00,8,0.0001
2026-07-24 00:00,8,0.0001
2026-07-24 08:00,8,7.207e-05
2026-07-24 16:00,8,6.861e-05
2026-07-25 00:00,8,4.952e-05
2026-07-25 08:00,8,5.582e-05
2026-07-25 16:00,8,6.411e-05
2026-07-26 00:00,8,0.0001
2026-07-26 08:00,8,8.753e-05
2026-07-26 16:00,8,4.256e-05
2026-07-27 00:00,8,0.0001
2026-07-27 08:00,8,9.277e-05
2026-07-27 16:00,8,5.366e-05
2026-07-28 00:00,8,-1.002e-05
2026-07-28 08:00,8,0.0001
2026-07-28 16:00,8,1.358e-05
2026-07-29 00:00,8,6.26e-06
2026-07-29 08:00,8,-9.933e-05
2026-07-29 16:00,8,4.603e-05
2026-07-30 00:00,8,-4.541e-05
2026-07-30 08:00,8,8.11e-06
2026-07-30 16:00,8,-3.513e-05
2026-07-31 00:00,8,2.236e-05
2026-07-31 08:00,8,5.379e-05
2026-07-31 16:00,8,8.74e-06
2026-08-01 00:00,8,0.0001
2026-08-01 08:00,8,2.16e-05
2026-08-01 16:00,8,2.35e-06
2026-08-02 00:00,8,2.019e-05
2026-08-02 08:00,8,4.83e-06
2026-08-02 16:00,8,-5.035e-05
2026-08-03 00:00,8,-4.978e-05
2026-08-03 08:00,8,-2.185e-05
2026-08-03 16:00,8,-1.509e-05
2026-08-04 00:00,8,4.091e-05
2026-08-04 08:00,8,4.45e-05
2026-08-04 16:00,8,2.032e-05
2026-08-05 00:00,8,0.0001
2026-08-05 08:00,8,8.364e-05
2026-08-05 16:00,8,6.861e-05
2026-08-06 00:00,8,5.328e-05
2026-08-06 08:00,8,0.0001
2026-08-06 16:00,8,3.647e-05
2026-08-07 00:00,8,1.042e-05
2026-08-07 08:00,8,0.0001
2026-08-07 16:00,8,9.007e-05
2026-08-08 00:00,8,0.0001
2026-08-08 08:00,8,5.098e-05
2026-08-08 16:00,8,0.0001
2026-08-09 00:00,8,6.838e-05
2026-08-09 08:00,8,0.0001
2026-08-09 16:00,8,0.0001
2026-08-10 00:00,8,5.752e-05
2026-08-10 08:00,8,0.0001
2026-08-10 16:00,8,4.147e-05
2026-08-11 00:00,8,6.742e-05
2026-08-11 08:00,8,3.881e-05
2026-08-11 16:00,8,2.265e-05
2026-08-12 00:00,8,-4.436e-05
2026-08-12 08:00,8,1.598e-05
2026-08-12 16:00,8,-8.484e-05
2026-08-13 00:00,8,-2.508e-05
2026-08-13 08:00,8,1.684e-05
2026-08-13 16:00,8,9.045e-05
2026-08-14 00:00,8,4.46e-05
2026-08-14 08:00,8,-8.1e-07
2026-08-14 16:00,8,-6.359e-05
2026-08-15 00:00,8,6.069e-05
2026-08-15 08:00,8,-9.041e-05
2026-08-15 16:00,8,-0.00017435
2026-08-16 00:00,8,-6.482e-05
2026-08-16 08:00,8,6.098e-05
2026-08-16 16:00,8,6.922e-05
2026-08-17 00:00,8,7.5e-05
2026-08-17 08:00,8,-4.271e-05
2026-08-17 16:00,8,0.0001
2026-08-18 00:00,8,0.0001
2026-08-18 08:00,8,-8.482e-05
2026-08-18 16:00,8,3.319e-05
2026-08-19 00:00,8,2.574e-05
2026-08-19 08:00,8,4.763e-05
2026-08-19 16:00,8,6.71e-05
2026-08-20 00:00,8,0.0001
2026-08-20 08:00,8,0.0001
2026-08-20 16:00,8,0.0001
2026-08-21 00:00,8,0.0001
2026-08-21 08:00,8,0.0001
2026-08-21 16:00,8,0.0001
2026-08-22 00:00,8,0.0001
2026-08-22 08:00,8,0.0001
2026-08-22 16:00,8,0.0001
2026-08-23 00:00,8,0.0001
2026-08-23 08:00,8,0.0001
2026-08-23 16:00,8,0.0001
2026-08-24 00:00,8,0.0001
2026-08-24 08:00,8,0.0001
2026-08-24 16:00,8,0.0001
2026-08-25 00:00,8,0.0001
2026-08-25 08:00,8,0.0001
2026-08-25 16:00,8,0.0001
2026-08-26 00:00,8,0.0001
2026-08-26 08:00,8,0.0001
2026-08-26 16:00,8,0.0001
2026-08-27 00:00,8,0.0001
2026-08-27 08:00,8,0.0001
2026-08-27 16:00,8,0.0001
2026-08-28 00:00,8,0.0001
2026-08-28 08:00,8,0.0001
2026-08-28 16:00,8,0.0001
2026-08-29 00:00,8,0.0001
2026-08-29 08:00,8,0.0001
2026-08-29 16:00,8,0.0001
2026-08-30 00:00,8,0.0001
2026-08-30 08:00,8,0.0001
2026-08-30 16:00,8,0.0001
2026-08-31 00:00,8,0.0001
2026-08-31 08:00,8,-5.531e-05
2026-08-31 16:00,8,-0.00015212
2026-09-01 00:00,8,5.69e-06
2026-09-01 08:00,8,-2.483e-05
2026-09-01 16:00,8,-4.811e-05
2026-09-02 00:00,8,2.671e-05
2026-09-02 08:00,8,0.0001
2026-09-02 16:00,8,4.457e-05
2026-09-03 00:00,8,0.0001
2026-09-03 08:00,8,-8.533e-05
2026-09-03 16:00,8,-5.649e-05
2026-09-04 00:00,8,0.0001
2026-09-04 08:00,8,0.0001
2026-09-04 16:00,8,7.474e-05
2026-09-05 00:00,8,0.0001
2026-09-05 08:00,8,0.0001
2026-09-05 16:00,8,0.0001
2026-09-06 00:00,8,0.0001
2026-09-06 08:00,8,0.0001
2026-09-06 16:00,8,8.88e-05
2026-09-07 00:00,8,0.0001
2026-09-07 08:00,8,9.509e-05
2026-09-07 16:00,8,6.171e-05
2026-09-08 00:00,8,2.25e-05
2026-09-08 08:00,8,5.165e-05
2026-09-08 16:00,8,0.0001
2026-09-09 00:00,8,0.0001
2026-09-09 08:00,8,6.913e-05
2026-09-09 16:00,8,-1.821e-05
2026-09-10 00:00,8,0.0001
2026-09-10 08:00,8,-0.0001089
2026-09-10 16:00,8,7.6e-06
2026-09-11 00:00,8,-6.216e-05
2026-09-11 08:00,8,-0.00017011
2026-09-11 16:00,8,1.318e-05
2026-09-12 00:00,8,2.41e-05
2026-09-12 08:00,8,2.189e-05
2026-09-12 16:00,8,9.67e-05
2026-09-13 00:00,8,-2.483e-05
2026-09-13 08:00,8,0.0001
2026-09-13 16:00,8,2.77e-05
2026-09-14 00:00,8,5.971e-05
2026-09-14 08:00,8,6.494e-05
2026-09-14 16:00,8,0.0001
2026-09-15 00:00,8,0.0001
2026-09-15 08:00,8,5.312e-05
2026-09-15 16:00,8,2.83e-05
2026-09-16 00:00,8,-2.315e-05
2026-09-16 08:00,8,-0.00016513
2026-09-16 16:00,8,-0.00010551
2026-09-17 00:00,8,-9.484e-05
2026-09-17 08:00,8,0.0001
2026-09-17 16:00,8,0.0001
2026-09-18 00:00,8,0.0001
2026-09-18 08:00,8,0.0001
2026-09-18 16:00,8,0.0001
2026-09-19 00:00,8,0.0001
2026-09-19 08:00,8,0.0001
2026-09-19 16:00,8,0.0001
2026-09-20 00:00,8,0.0001
2026-09-20 08:00,8,0.0001
2026-09-20 16:00,8,0.0001
2026-09-21 00:00,8,0.0001
2026-09-21 08:00,8,0.0001
2026-09-21 16:00,8,0.0001
2026-09-22 00:00,8,0.0001
2026-09-22 08:00,8,0.0001
2026-09-22 16:00,8,0.0001
2026-09-23 00:00,8,0.0001
2026-09-23 08:00,8,0.0001
2026-09-23 16:00,8,0.0001
2026-09-24 00:00,8,0.0001
2026-09-24 08:00,8,0.0001
2026-09-24 16:00,8,0.0001
2026-09-25 00:00,8,0.0001
2026-09-25 08:00,8,0.0001
2026-09-25 16:00,8,0.0001
2026-09-26 00:00,8,0.0001
2026-09-26 08:00,8,0.0001
2026-09-26 16:00,8,0.0001
2026-09-27 00:00,8,0.0001
2026-09-27 08:00,8,0.0001
2026-09-27 16:00,8,0.0001
2026-09-28 00:00,8,0.0001
2026-09-28 08:00,8,0.0001
2026-09-28 16:00,8,0.0001
2026-09-29 00:00,8,9.084e-05
2026-09-29 08:00,8,0.0001
2026-09-29 16:00,8,0.0001
2026-09-30 00:00,8,0.0001
2026-09-30 08:00,8,0.0001
2026-09-30 16:00,8,0.0001
