t,interval_h,rate
2021-12-01 00:00,8,0.00015088
2021-12-01 08:00,8,0.00023457
2021-12-01 16:00,8,0.00040766
2021-12-02 00:00,8,0.0001056
2021-12-02 08:00,8,0.00012997
2021-12-02 16:00,8,0.00022273
2021-12-03 00:00,8,0.0001
2021-12-03 08:00,8,0.0001
2021-12-03 16:00,8,0.0001
2021-12-04 00:00,8,0.0001
2021-12-04 08:00,8,0.0001
2021-12-04 16:00,8,0.0001
2021-12-05 00:00,8,4.816e-05
2021-12-05 08:00,8,0.0001
2021-12-05 16:00,8,0.0001
2021-12-06 00:00,8,0.0001
2021-12-06 08:00,8,0.0001
2021-12-06 16:00,8,0.0001
2021-12-07 00:00,8,0.0001
2021-12-07 08:00,8,2.198e-05
2021-12-07 16:00,8,0.0001
2021-12-08 00:00,8,0.0001
2021-12-08 08:00,8,0.0001
2021-12-08 16:00,8,0.0001
2021-12-09 00:00,8,0.0001
2021-12-09 08:00,8,0.0001
2021-12-09 16:00,8,0.0001
2021-12-10 00:00,8,0.0001
2021-12-10 08:00,8,0.0001
2021-12-10 16:00,8,0.0001
2021-12-11 00:00,8,0.0001
2021-12-11 08:00,8,0.0001
2021-12-11 16:00,8,0.0001
2021-12-12 00:00,8,0.0001
2021-12-12 08:00,8,0.0001
2021-12-12 16:00,8,0.0001
2021-12-13 00:00,8,0.0001
2021-12-13 08:00,8,0.0001
2021-12-13 16:00,8,0.0001
2021-12-14 00:00,8,0.0001
2021-12-14 08:00,8,0.0001
2021-12-14 16:00,8,0.0001
2021-12-15 00:00,8,0.0001
2021-12-15 08:00,8,0.0001
2021-12-15 16:00,8,0.0001
2021-12-16 00:00,8,0.0001
2021-12-16 08:00,8,0.0001
2021-12-16 16:00,8,0.0001
2021-12-17 00:00,8,0.0001
2021-12-17 08:00,8,0.0001
2021-12-17 16:00,8,0.0001
2021-12-18 00:00,8,0.0001
2021-12-18 08:00,8,0.0001
2021-12-18 16:00,8,0.0001
2021-12-19 00:00,8,0.0001
2021-12-19 08:00,8,0.0001
2021-12-19 16:00,8,0.0001
2021-12-20 00:00,8,0.0001
2021-12-20 08:00,8,0.0001
2021-12-20 16:00,8,0.0001
2021-12-21 00:00,8,0.0001
2021-12-21 08:00,8,0.0001
2021-12-21 16:00,8,0.0001
2021-12-22 00:00,8,0.0001
2021-12-22 08:00,8,0.0001
2021-12-22 16:00,8,0.0001
2021-12-23 00:00,8,-4.111e-05
2021-12-23 08:00,8,0.0001
2021-12-23 16:00,8,0.0001
2021-12-24 00:00,8,-4.51e-06
2021-12-24 08:00,8,0.0001
2021-12-24 16:00,8,0.0001
2021-12-25 00:00,8,0.0001
2021-12-25 08:00,8,0.0001
2021-12-25 16:00,8,0.0001
2021-12-26 00:00,8,0.0001
2021-12-26 08:00,8,0.0001
2021-12-26 16:00,8,0.0001
2021-12-27 00:00,8,0.0001
2021-12-27 08:00,8,0.0001
2021-12-27 16:00,8,0.0001
2021-12-28 00:00,8,0.0001
2021-12-28 08:00,8,0.0001
2021-12-28 16:00,8,0.0001
2021-12-29 00:00,8,0.0001
2021-12-29 08:00,8,0.0001
2021-12-29 16:00,8,0.0001
2021-12-30 00:00,8,0.0001
2021-12-30 08:00,8,0.0001
2021-12-30 16:00,8,0.0001
2021-12-31 00:00,8,0.0001
2021-12-31 08:00,8,0.0001
2021-12-31 16:00,8,0.0001
2022-01-01 00:00,8,0.0001
2022-01-01 08:00,8,0.0001
2022-01-01 16:00,8,-3.403e-05
2022-01-02 00:00,8,-0.00028587
2022-01-02 08:00,8,0.0001
2022-01-02 16:00,8,0.0001
2022-01-03 00:00,8,0.0001
2022-01-03 08:00,8,0.0001
2022-01-03 16:00,8,8.47e-06
2022-01-04 00:00,8,0.0001
2022-01-04 08:00,8,0.0001
2022-01-04 16:00,8,-0.00040237
2022-01-05 00:00,8,0.0001
2022-01-05 08:00,8,0.0001
2022-01-05 16:00,8,0.0001
2022-01-06 00:00,8,0.0001
2022-01-06 08:00,8,0.0001
2022-01-06 16:00,8,0.0001
2022-01-07 00:00,8,0.0001
2022-01-07 08:00,8,0.0001
2022-01-07 16:00,8,-4.218e-05
2022-01-08 00:00,8,0.0001
2022-01-08 08:00,8,0.0001
2022-01-08 16:00,8,0.0001
2022-01-09 00:00,8,0.0001
2022-01-09 08:00,8,2.405e-05
2022-01-09 16:00,8,0.0001
2022-01-10 00:00,8,0.0001
2022-01-10 08:00,8,-5.164e-05
2022-01-10 16:00,8,0.0001
2022-01-11 00:00,8,0.0001
2022-01-11 08:00,8,-0.00013861
2022-01-11 16:00,8,0.0001
2022-01-12 00:00,8,-5.496e-05
2022-01-12 08:00,8,-0.00010672
2022-01-12 16:00,8,0.0001
2022-01-13 00:00,8,9.329e-05
2022-01-13 08:00,8,0.0001
2022-01-13 16:00,8,0.0001
2022-01-14 00:00,8,0.0001
2022-01-14 08:00,8,0.0001
2022-01-14 16:00,8,0.0001
2022-01-15 00:00,8,0.0001
2022-01-15 08:00,8,0.0001
2022-01-15 16:00,8,0.0001
2022-01-16 00:00,8,0.0001
2022-01-16 08:00,8,0.0001
2022-01-16 16:00,8,0.0001
2022-01-17 00:00,8,0.0001
2022-01-17 08:00,8,0.0001
2022-01-17 16:00,8,0.0001
2022-01-18 00:00,8,0.0001
2022-01-18 08:00,8,2.312e-05
2022-01-18 16:00,8,0.0001
2022-01-19 00:00,8,7.983e-05
2022-01-19 08:00,8,0.0001
2022-01-19 16:00,8,4.036e-05
2022-01-20 00:00,8,0.0001
2022-01-20 08:00,8,-0.0001858
2022-01-20 16:00,8,-0.00031828
2022-01-21 00:00,8,0.0001
2022-01-21 08:00,8,0.0001
2022-01-21 16:00,8,8.319e-05
2022-01-22 00:00,8,0.0001
2022-01-22 08:00,8,4.609e-05
2022-01-22 16:00,8,-0.00011521
2022-01-23 00:00,8,7.98e-05
2022-01-23 08:00,8,-0.00013832
2022-01-23 16:00,8,-0.00016613
2022-01-24 00:00,8,-8.028e-05
2022-01-24 08:00,8,-4.088e-05
2022-01-24 16:00,8,3.935e-05
2022-01-25 00:00,8,0.0001
2022-01-25 08:00,8,8.672e-05
2022-01-25 16:00,8,9.082e-05
2022-01-26 00:00,8,1.81e-06
2022-01-26 08:00,8,-0.00010878
2022-01-26 16:00,8,1.095e-05
2022-01-27 00:00,8,-6.545e-05
2022-01-27 08:00,8,6.379e-05
2022-01-27 16:00,8,-0.00018111
2022-01-28 00:00,8,-0.00032918
2022-01-28 08:00,8,0.0001
2022-01-28 16:00,8,0.0001
2022-01-29 00:00,8,-3.796e-05
2022-01-29 08:00,8,5.395e-05
2022-01-29 16:00,8,-0.00010727
2022-01-30 00:00,8,-0.00019886
2022-01-30 08:00,8,9.8e-06
2022-01-30 16:00,8,6.39e-06
2022-01-31 00:00,8,2.331e-05
2022-01-31 08:00,8,0.0001
2022-01-31 16:00,8,4.298e-05
2022-02-01 00:00,8,-1.001e-05
2022-02-01 08:00,8,3.638e-05
2022-02-01 16:00,8,3.415e-05
2022-02-02 00:00,8,0.0001
2022-02-02 08:00,8,0.0001
2022-02-02 16:00,8,6.163e-05
2022-02-03 00:00,8,-1.195e-05
2022-02-03 08:00,8,-0.00012784
2022-02-03 16:00,8,1.76e-06
2022-02-04 00:00,8,-0.00012197
2022-02-04 08:00,8,-6.295e-05
2022-02-04 16:00,8,8.305e-05
2022-02-05 00:00,8,4.386e-05
2022-02-05 08:00,8,2.426e-05
2022-02-05 16:00,8,0.0001
2022-02-06 00:00,8,-8.812e-05
2022-02-06 08:00,8,0.0001
2022-02-06 16:00,8,0.0001
2022-02-07 00:00,8,0.0001
2022-02-07 08:00,8,0.0001
2022-02-07 16:00,8,0.0001
2022-02-08 00:00,8,0.0001
2022-02-08 08:00,8,0.0001
2022-02-08 16:00,8,0.0001
2022-02-09 00:00,8,2.898e-05
2022-02-09 08:00,8,8.16e-05
2022-02-09 16:00,8,0.0001
2022-02-10 00:00,8,0.0001
2022-02-10 08:00,8,-2.794e-05
2022-02-10 16:00,8,-0.00012575
2022-02-11 00:00,8,-0.00020697
2022-02-11 08:00,8,-1.72e-06
2022-02-11 16:00,8,5.5e-05
2022-02-12 00:00,8,-5.082e-05
2022-02-12 08:00,8,-0.00021371
2022-02-12 16:00,8,1.503e-05
2022-02-13 00:00,8,-0.00013141
2022-02-13 08:00,8,1.37e-05
2022-02-13 16:00,8,-4.062e-05
2022-02-14 00:00,8,-0.00011872
2022-02-14 08:00,8,-2.929e-05
2022-02-14 16:00,8,-9.229e-05
2022-02-15 00:00,8,-0.00018276
2022-02-15 08:00,8,-0.00015848
2022-02-15 16:00,8,-7.604e-05
2022-02-16 00:00,8,3.654e-05
2022-02-16 08:00,8,6.462e-05
2022-02-16 16:00,8,1.222e-05
2022-02-17 00:00,8,0.0001
2022-02-17 08:00,8,0.0001
2022-02-17 16:00,8,0.0001
2022-02-18 00:00,8,-1.049e-05
2022-02-18 08:00,8,0.0001
2022-02-18 16:00,8,0.0001
2022-02-19 00:00,8,0.0001
2022-02-19 08:00,8,0.0001
2022-02-19 16:00,8,0.0001
2022-02-20 00:00,8,0.0001
2022-02-20 08:00,8,0.0001
2022-02-20 16:00,8,0.0001
2022-02-21 00:00,8,4.98e-05
2022-02-21 08:00,8,-9.69e-06
2022-02-21 16:00,8,2.146e-05
2022-02-22 00:00,8,4.484e-05
2022-02-22 08:00,8,6.516e-05
2022-02-22 16:00,8,-9.83e-06
2022-02-23 00:00,8,5.123e-05
2022-02-23 08:00,8,-8.404e-05
2022-02-23 16:00,8,-8.8e-07
2022-02-24 00:00,8,8.647e-05
2022-02-24 08:00,8,1.378e-05
2022-02-24 16:00,8,-1.844e-05
2022-02-25 00:00,8,-0.00013899
2022-02-25 08:00,8,8.073e-05
2022-02-25 16:00,8,5.207e-05
2022-02-26 00:00,8,0.0001
2022-02-26 08:00,8,0.0001
2022-02-26 16:00,8,-3.921e-05
2022-02-27 00:00,8,9.393e-05
2022-02-27 08:00,8,-8.913e-05
2022-02-27 16:00,8,-6.747e-05
2022-02-28 00:00,8,1.093e-05
2022-02-28 08:00,8,-0.00015922
2022-02-28 16:00,8,3.546e-05
2022-03-01 00:00,8,0.0001
2022-03-01 08:00,8,0.0001
2022-03-01 16:00,8,0.0001
2022-03-02 00:00,8,0.0001
2022-03-02 08:00,8,0.0001
2022-03-02 16:00,8,0.0001
2022-03-03 00:00,8,0.0001
2022-03-03 08:00,8,0.0001
2022-03-03 16:00,8,8.62e-05
2022-03-04 00:00,8,-1.268e-05
2022-03-04 08:00,8,4.04e-05
2022-03-04 16:00,8,6.445e-05
2022-03-05 00:00,8,0.0001
2022-03-05 08:00,8,-0.00022475
2022-03-05 16:00,8,-0.00018896
2022-03-06 00:00,8,-0.00022401
2022-03-06 08:00,8,-8.357e-05
2022-03-06 16:00,8,9.534e-05
2022-03-07 00:00,8,-7.979e-05
2022-03-07 08:00,8,-9.186e-05
2022-03-07 16:00,8,-5.825e-05
2022-03-08 00:00,8,0.0001
2022-03-08 08:00,8,0.0001
2022-03-08 16:00,8,9.902e-05
2022-03-09 00:00,8,-0.00014668
2022-03-09 08:00,8,0.0001
2022-03-09 16:00,8,0.0001
2022-03-10 00:00,8,0.0001
2022-03-10 08:00,8,-0.00016091
2022-03-10 16:00,8,-0.00038346
2022-03-11 00:00,8,-0.00037378
2022-03-11 08:00,8,-0.00033
2022-03-11 16:00,8,-0.0003437
2022-03-12 00:00,8,3.549e-05
2022-03-12 08:00,8,4.043e-05
2022-03-12 16:00,8,2.448e-05
2022-03-13 00:00,8,-4.394e-05
2022-03-13 08:00,8,7.955e-05
2022-03-13 16:00,8,2.18e-05
2022-03-14 00:00,8,2.42e-05
2022-03-14 08:00,8,1.38e-05
2022-03-14 16:00,8,-8.138e-05
2022-03-15 00:00,8,9.94e-06
2022-03-15 08:00,8,-0.0002084
2022-03-15 16:00,8,1.129e-05
2022-03-16 00:00,8,0.0001
2022-03-16 08:00,8,8.85e-06
2022-03-16 16:00,8,-6.669e-05
2022-03-17 00:00,8,8.15e-05
2022-03-17 08:00,8,0.0001
2022-03-17 16:00,8,0.0001
2022-03-18 00:00,8,0.0001
2022-03-18 08:00,8,0.0001
2022-03-18 16:00,8,0.0001
2022-03-19 00:00,8,0.0001
2022-03-19 08:00,8,0.0001
2022-03-19 16:00,8,0.0001
2022-03-20 00:00,8,0.0001
2022-03-20 08:00,8,0.0001
2022-03-20 16:00,8,0.0001
2022-03-21 00:00,8,0.0001
2022-03-21 08:00,8,0.0001
2022-03-21 16:00,8,0.0001
2022-03-22 00:00,8,0.0001
2022-03-22 08:00,8,7.571e-05
2022-03-22 16:00,8,0.0001
2022-03-23 00:00,8,0.0001
2022-03-23 08:00,8,0.0001
2022-03-23 16:00,8,3.081e-05
2022-03-24 00:00,8,-1.421e-05
2022-03-24 08:00,8,0.0001
2022-03-24 16:00,8,0.0001
2022-03-25 00:00,8,0.0001
2022-03-25 08:00,8,0.0001
2022-03-25 16:00,8,0.0001
2022-03-26 00:00,8,1.426e-05
2022-03-26 08:00,8,2.701e-05
2022-03-26 16:00,8,0.0001
2022-03-27 00:00,8,0.0001
2022-03-27 08:00,8,-2.184e-05
2022-03-27 16:00,8,-0.00016677
2022-03-28 00:00,8,0.0001
2022-03-28 08:00,8,0.0001
2022-03-28 16:00,8,0.0001
2022-03-29 00:00,8,0.0001
2022-03-29 08:00,8,0.0001
2022-03-29 16:00,8,3.24e-06
2022-03-30 00:00,8,-2.689e-05
2022-03-30 08:00,8,0.0001
2022-03-30 16:00,8,0.0001
2022-03-31 00:00,8,0.0001
2022-03-31 08:00,8,0.0001
2022-03-31 16:00,8,0.0001
2022-04-01 00:00,8,0.0001
2022-04-01 08:00,8,8.38e-05
2022-04-01 16:00,8,0.0001
2022-04-02 00:00,8,0.0001
2022-04-02 08:00,8,0.0001
2022-04-02 16:00,8,0.0001
2022-04-03 00:00,8,0.0001
2022-04-03 08:00,8,0.0001
2022-04-03 16:00,8,0.0001
2022-04-04 00:00,8,0.0001
2022-04-04 08:00,8,0.0001
2022-04-04 16:00,8,0.0001
2022-04-05 00:00,8,0.0001
2022-04-05 08:00,8,0.0001
2022-04-05 16:00,8,0.0001
2022-04-06 00:00,8,8.062e-05
2022-04-06 08:00,8,-4.692e-05
2022-04-06 16:00,8,-7.794e-05
2022-04-07 00:00,8,-0.00023436
2022-04-07 08:00,8,-6.455e-05
2022-04-07 16:00,8,-4.225e-05
2022-04-08 00:00,8,-7.96e-05
2022-04-08 08:00,8,-5.855e-05
2022-04-08 16:00,8,2.928e-05
2022-04-09 00:00,8,8.566e-05
2022-04-09 08:00,8,1.351e-05
2022-04-09 16:00,8,-0.00010268
2022-04-10 00:00,8,-3.148e-05
2022-04-10 08:00,8,-1.205e-05
2022-04-10 16:00,8,-0.0002489
2022-04-11 00:00,8,-0.00012927
2022-04-11 08:00,8,-8.504e-05
2022-04-11 16:00,8,-2.022e-05
2022-04-12 00:00,8,-0.00016841
2022-04-12 08:00,8,-0.00012897
2022-04-12 16:00,8,-0.00013319
2022-04-13 00:00,8,-5.8e-05
2022-04-13 08:00,8,1.6e-05
2022-04-13 16:00,8,-2.27e-05
2022-04-14 00:00,8,0.0001
2022-04-14 08:00,8,0.0001
2022-04-14 16:00,8,-1.307e-05
2022-04-15 00:00,8,-6.202e-05
2022-04-15 08:00,8,-5.429e-05
2022-04-15 16:00,8,-6.84e-05
2022-04-16 00:00,8,-2.32e-06
2022-04-16 08:00,8,-1.1e-07
2022-04-16 16:00,8,-1.162e-05
2022-04-17 00:00,8,6.576e-05
2022-04-17 08:00,8,-9.73e-06
2022-04-17 16:00,8,0.0001
2022-04-18 00:00,8,2.628e-05
2022-04-18 08:00,8,3.081e-05
2022-04-18 16:00,8,0.0001
2022-04-19 00:00,8,7.946e-05
2022-04-19 08:00,8,0.0001
2022-04-19 16:00,8,0.0001
2022-04-20 00:00,8,0.0001
2022-04-20 08:00,8,0.0001
2022-04-20 16:00,8,0.0001
2022-04-21 00:00,8,0.0001
2022-04-21 08:00,8,0.0001
2022-04-21 16:00,8,0.0001
2022-04-22 00:00,8,4.93e-06
2022-04-22 08:00,8,0.0001
2022-04-22 16:00,8,0.0001
2022-04-23 00:00,8,0.0001
2022-04-23 08:00,8,0.0001
2022-04-23 16:00,8,0.0001
2022-04-24 00:00,8,0.0001
2022-04-24 08:00,8,0.0001
2022-04-24 16:00,8,0.0001
2022-04-25 00:00,8,0.0001
2022-04-25 08:00,8,2.834e-05
2022-04-25 16:00,8,-5.36e-06
2022-04-26 00:00,8,6.115e-05
2022-04-26 08:00,8,9.747e-05
2022-04-26 16:00,8,0.0001
2022-04-27 00:00,8,-2.67e-06
2022-04-27 08:00,8,-2.596e-05
2022-04-27 16:00,8,2.92e-06
2022-04-28 00:00,8,5.681e-05
2022-04-28 08:00,8,0.0001
2022-04-28 16:00,8,0.0001
2022-04-29 00:00,8,0.0001
2022-04-29 08:00,8,0.0001
2022-04-29 16:00,8,0.0001
2022-04-30 00:00,8,4.858e-05
2022-04-30 08:00,8,0.0001
2022-04-30 16:00,8,3.188e-05
2022-05-01 00:00,8,-1.39e-05
2022-05-01 08:00,8,0.0001
2022-05-01 16:00,8,0.0001
2022-05-02 00:00,8,0.0001
2022-05-02 08:00,8,-1.765e-05
2022-05-02 16:00,8,-0.00010695
2022-05-03 00:00,8,6.724e-05
2022-05-03 08:00,8,2.336e-05
2022-05-03 16:00,8,7.477e-05
2022-05-04 00:00,8,-8.9e-07
2022-05-04 08:00,8,4.25e-05
2022-05-04 16:00,8,6.748e-05
2022-05-05 00:00,8,0.0001
2022-05-05 08:00,8,0.0001
2022-05-05 16:00,8,0.0001
2022-05-06 00:00,8,-0.00010002
2022-05-06 08:00,8,-6.501e-05
2022-05-06 16:00,8,-5.455e-05
2022-05-07 00:00,8,-6.89e-05
2022-05-07 08:00,8,-3.552e-05
2022-05-07 16:00,8,-0.00012308
2022-05-08 00:00,8,-0.00010724
2022-05-08 08:00,8,-5.932e-05
2022-05-08 16:00,8,-1.683e-05
2022-05-09 00:00,8,-0.00011746
2022-05-09 08:00,8,-5.158e-05
2022-05-09 16:00,8,-7.257e-05
2022-05-10 00:00,8,-0.0001281
2022-05-10 08:00,8,-0.00040511
2022-05-10 16:00,8,-0.00029017
2022-05-11 00:00,8,-0.00025868
2022-05-11 08:00,8,-0.00026331
2022-05-11 16:00,8,-0.00157487
2022-05-12 00:00,8,-0.00115351
2022-05-12 08:00,8,-0.00195676
2022-05-12 16:00,8,-0.00065848
2022-05-13 00:00,8,-0.00100591
2022-05-13 08:00,8,-0.00029497
2022-05-13 16:00,8,-0.00017164
2022-05-14 00:00,8,-0.00015589
2022-05-14 08:00,8,-0.00016148
2022-05-14 16:00,8,-0.00036257
2022-05-15 00:00,8,-0.00026519
2022-05-15 08:00,8,-0.00025422
2022-05-15 16:00,8,-0.00036096
2022-05-16 00:00,8,-0.00018379
2022-05-16 08:00,8,-0.00010325
2022-05-16 16:00,8,-3.622e-05
2022-05-17 00:00,8,-9.69e-05
2022-05-17 08:00,8,-0.00019934
2022-05-17 16:00,8,-0.00017597
2022-05-18 00:00,8,-0.00016832
2022-05-18 08:00,8,-4.376e-05
2022-05-18 16:00,8,-0.00016384
2022-05-19 00:00,8,-0.00030567
2022-05-19 08:00,8,-0.00035042
2022-05-19 16:00,8,-0.00034653
2022-05-20 00:00,8,-0.0003586
2022-05-20 08:00,8,-0.00061477
2022-05-20 16:00,8,-0.00063285
2022-05-21 00:00,8,-7.074e-05
2022-05-21 08:00,8,-0.00012557
2022-05-21 16:00,8,-0.0003967
2022-05-22 00:00,8,-0.00042967
2022-05-22 08:00,8,-0.00032179
2022-05-22 16:00,8,-0.00029375
2022-05-23 00:00,8,-0.00014652
2022-05-23 08:00,8,-0.00012161
2022-05-23 16:00,8,-3.002e-05
2022-05-24 00:00,8,-0.00025429
2022-05-24 08:00,8,-0.00017585
2022-05-24 16:00,8,-0.00016923
2022-05-25 00:00,8,-0.00027522
2022-05-25 08:00,8,-0.00018027
2022-05-25 16:00,8,-0.00018426
2022-05-26 00:00,8,-0.00021111
2022-05-26 08:00,8,-0.00022938
2022-05-26 16:00,8,-0.00040011
2022-05-27 00:00,8,-0.00037633
2022-05-27 08:00,8,-0.00034669
2022-05-27 16:00,8,-0.00027027
2022-05-28 00:00,8,-0.00026016
2022-05-28 08:00,8,-0.00028502
2022-05-28 16:00,8,-0.00018643
2022-05-29 00:00,8,-0.0002401
2022-05-29 08:00,8,-0.0003439
2022-05-29 16:00,8,-0.00018742
2022-05-30 00:00,8,-0.00017715
2022-05-30 08:00,8,-3.771e-05
2022-05-30 16:00,8,-1.17e-06
2022-05-31 00:00,8,-8.569e-05
2022-05-31 08:00,8,-6.893e-05
2022-05-31 16:00,8,-8.93e-05
2022-06-01 00:00,8,-0.00019649
2022-06-01 08:00,8,-0.00021814
2022-06-01 16:00,8,-0.00010739
2022-06-02 00:00,8,-0.00030262
2022-06-02 08:00,8,-0.00028129
2022-06-02 16:00,8,-0.00019008
2022-06-03 00:00,8,-0.00029869
2022-06-03 08:00,8,-0.00025926
2022-06-03 16:00,8,-0.00013244
2022-06-04 00:00,8,-0.00016791
2022-06-04 08:00,8,-0.00020866
2022-06-04 16:00,8,-0.00023807
2022-06-05 00:00,8,-0.0001667
2022-06-05 08:00,8,-0.00019661
2022-06-05 16:00,8,-9.115e-05
2022-06-06 00:00,8,-0.0001201
2022-06-06 08:00,8,-3.06e-06
2022-06-06 16:00,8,-5.089e-05
2022-06-07 00:00,8,-3.683e-05
2022-06-07 08:00,8,-0.00023213
2022-06-07 16:00,8,4.21e-06
2022-06-08 00:00,8,-0.00022005
2022-06-08 08:00,8,-8.459e-05
2022-06-08 16:00,8,-3.787e-05
2022-06-09 00:00,8,-0.00021195
2022-06-09 08:00,8,-4.803e-05
2022-06-09 16:00,8,1.219e-05
2022-06-10 00:00,8,-0.00010672
2022-06-10 08:00,8,-0.00013117
2022-06-10 16:00,8,-0.00029254
2022-06-11 00:00,8,-0.00029233
2022-06-11 08:00,8,-0.0002388
2022-06-11 16:00,8,-0.00049624
2022-06-12 00:00,8,-0.00045871
2022-06-12 08:00,8,-0.00016556
2022-06-12 16:00,8,-0.00030291
2022-06-13 00:00,8,-0.00036376
2022-06-13 08:00,8,-0.00025382
2022-06-13 16:00,8,-0.00040169
2022-06-14 00:00,8,-0.0001338
2022-06-14 08:00,8,-8.589e-05
2022-06-14 16:00,8,-7.485e-05
2022-06-15 00:00,8,-2.012e-05
2022-06-15 08:00,8,-0.00044798
2022-06-15 16:00,8,-7.575e-05
2022-06-16 00:00,8,8.393e-05
2022-06-16 08:00,8,0.0001
2022-06-16 16:00,8,-0.00011219
2022-06-17 00:00,8,-0.00022725
2022-06-17 08:00,8,-2.984e-05
2022-06-17 16:00,8,-0.00019211
2022-06-18 00:00,8,-2.463e-05
2022-06-18 08:00,8,-7.808e-05
2022-06-18 16:00,8,-0.00018276
2022-06-19 00:00,8,-7.63e-06
2022-06-19 08:00,8,7.522e-05
2022-06-19 16:00,8,0.0001
2022-06-20 00:00,8,0.0001
2022-06-20 08:00,8,0.0001
2022-06-20 16:00,8,0.0001
2022-06-21 00:00,8,4.41e-05
2022-06-21 08:00,8,1.145e-05
2022-06-21 16:00,8,2.211e-05
2022-06-22 00:00,8,-0.00018377
2022-06-22 08:00,8,-9.41e-05
2022-06-22 16:00,8,0.0001
2022-06-23 00:00,8,0.0001
2022-06-23 08:00,8,8.565e-05
2022-06-23 16:00,8,-3.368e-05
2022-06-24 00:00,8,6.974e-05
2022-06-24 08:00,8,-9.596e-05
2022-06-24 16:00,8,-0.00011277
2022-06-25 00:00,8,-2.824e-05
2022-06-25 08:00,8,3.885e-05
2022-06-25 16:00,8,-8.212e-05
2022-06-26 00:00,8,-4.31e-05
2022-06-26 08:00,8,0.0001
2022-06-26 16:00,8,-0.00015279
2022-06-27 00:00,8,3.03e-06
2022-06-27 08:00,8,1.028e-05
2022-06-27 16:00,8,0.0001
2022-06-28 00:00,8,-6.55e-06
2022-06-28 08:00,8,-6.077e-05
2022-06-28 16:00,8,-1.988e-05
2022-06-29 00:00,8,8.87e-05
2022-06-29 08:00,8,4.03e-06
2022-06-29 16:00,8,-0.00018609
2022-06-30 00:00,8,-2.151e-05
2022-06-30 08:00,8,-1.186e-05
2022-06-30 16:00,8,-0.00013595
2022-07-01 00:00,8,2.426e-05
2022-07-01 08:00,8,0.0001
2022-07-01 16:00,8,-0.00010165
2022-07-02 00:00,8,-5.015e-05
2022-07-02 08:00,8,-4.142e-05
2022-07-02 16:00,8,-4.934e-05
2022-07-03 00:00,8,-0.0002652
2022-07-03 08:00,8,-0.00022082
2022-07-03 16:00,8,6.06e-05
2022-07-04 00:00,8,-2.618e-05
2022-07-04 08:00,8,-0.00028183
2022-07-04 16:00,8,-0.00014301
2022-07-05 00:00,8,-5.198e-05
2022-07-05 08:00,8,-0.00012736
2022-07-05 16:00,8,9.676e-05
2022-07-06 00:00,8,-7.576e-05
2022-07-06 08:00,8,-0.00015591
2022-07-06 16:00,8,-4.948e-05
2022-07-07 00:00,8,-8.874e-05
2022-07-07 08:00,8,-0.00015267
2022-07-07 16:00,8,-0.00016934
2022-07-08 00:00,8,-0.00020517
2022-07-08 08:00,8,-5.883e-05
2022-07-08 16:00,8,-0.0002764
2022-07-09 00:00,8,-0.00018809
2022-07-09 08:00,8,-3.22e-05
2022-07-09 16:00,8,-0.00029408
2022-07-10 00:00,8,-0.00011638
2022-07-10 08:00,8,-0.00036298
2022-07-10 16:00,8,-0.0002504
2022-07-11 00:00,8,-0.00017625
2022-07-11 08:00,8,-0.00016828
2022-07-11 16:00,8,-0.00016567
2022-07-12 00:00,8,-2.46e-05
2022-07-12 08:00,8,-0.00014615
2022-07-12 16:00,8,-0.00038642
2022-07-13 00:00,8,-5.025e-05
2022-07-13 08:00,8,1.01e-05
2022-07-13 16:00,8,-0.00031427
2022-07-14 00:00,8,-0.00020499
2022-07-14 08:00,8,-0.00021865
2022-07-14 16:00,8,-0.00017369
2022-07-15 00:00,8,4.435e-05
2022-07-15 08:00,8,2.649e-05
2022-07-15 16:00,8,-0.0001153
2022-07-16 00:00,8,8.642e-05
2022-07-16 08:00,8,5.203e-05
2022-07-16 16:00,8,-3.397e-05
2022-07-17 00:00,8,-8.987e-05
2022-07-17 08:00,8,-3.951e-05
2022-07-17 16:00,8,3.743e-05
2022-07-18 00:00,8,-2.943e-05
2022-07-18 08:00,8,8.205e-05
2022-07-18 16:00,8,0.0001
2022-07-19 00:00,8,0.0001
2022-07-19 08:00,8,0.0001
2022-07-19 16:00,8,0.0001
2022-07-20 00:00,8,0.0001
2022-07-20 08:00,8,0.0001
2022-07-20 16:00,8,0.0001
2022-07-21 00:00,8,7.396e-05
2022-07-21 08:00,8,0.0001
2022-07-21 16:00,8,-0.00023977
2022-07-22 00:00,8,0.0001
2022-07-22 08:00,8,0.0001
2022-07-22 16:00,8,0.0001
2022-07-23 00:00,8,0.0001
2022-07-23 08:00,8,9.08e-05
2022-07-23 16:00,8,8.092e-05
2022-07-24 00:00,8,-0.00023785
2022-07-24 08:00,8,-0.00016584
2022-07-24 16:00,8,-4.572e-05
2022-07-25 00:00,8,-9.96e-06
2022-07-25 08:00,8,8.633e-05
2022-07-25 16:00,8,1.253e-05
2022-07-26 00:00,8,-0.00012674
2022-07-26 08:00,8,-0.00024119
2022-07-26 16:00,8,-0.00022883
2022-07-27 00:00,8,-5.055e-05
2022-07-27 08:00,8,-0.00013297
2022-07-27 16:00,8,-0.00011315
2022-07-28 00:00,8,0.0001
2022-07-28 08:00,8,0.0001
2022-07-28 16:00,8,0.0001
2022-07-29 00:00,8,0.0001
2022-07-29 08:00,8,0.0001
2022-07-29 16:00,8,0.0001
2022-07-30 00:00,8,0.0001
2022-07-30 08:00,8,0.0001
2022-07-30 16:00,8,0.0001
2022-07-31 00:00,8,-5.762e-05
2022-07-31 08:00,8,0.0001
2022-07-31 16:00,8,0.0001
2022-08-01 00:00,8,4.44e-06
2022-08-01 08:00,8,0.0001
2022-08-01 16:00,8,-4.217e-05
2022-08-02 00:00,8,-4.515e-05
2022-08-02 08:00,8,-0.00015479
2022-08-02 16:00,8,-5.338e-05
2022-08-03 00:00,8,-7.25e-05
2022-08-03 08:00,8,-0.00026323
2022-08-03 16:00,8,-0.00018507
2022-08-04 00:00,8,-0.00011341
2022-08-04 08:00,8,1.309e-05
2022-08-04 16:00,8,5.7e-07
2022-08-05 00:00,8,0.0001
2022-08-05 08:00,8,0.0001
2022-08-05 16:00,8,6.737e-05
2022-08-06 00:00,8,9.191e-05
2022-08-06 08:00,8,0.0001
2022-08-06 16:00,8,0.0001
2022-08-07 00:00,8,1.31e-06
2022-08-07 08:00,8,8.8e-05
2022-08-07 16:00,8,0.0001
2022-08-08 00:00,8,2.826e-05
2022-08-08 08:00,8,-0.00026938
2022-08-08 16:00,8,5.14e-06
2022-08-09 00:00,8,0.0001
2022-08-09 08:00,8,0
2022-08-09 16:00,8,0.0001
2022-08-10 00:00,8,4.516e-05
2022-08-10 08:00,8,2.856e-05
2022-08-10 16:00,8,-8.146e-05
2022-08-11 00:00,8,-6.79e-05
2022-08-11 08:00,8,3.563e-05
2022-08-11 16:00,8,0.0001
2022-08-12 00:00,8,0.0001
2022-08-12 08:00,8,0.0001
2022-08-12 16:00,8,0.0001
2022-08-13 00:00,8,4.885e-05
2022-08-13 08:00,8,0.0001
2022-08-13 16:00,8,0.0001
2022-08-14 00:00,8,0.0001
2022-08-14 08:00,8,0.0001
2022-08-14 16:00,8,-1.1e-06
2022-08-15 00:00,8,-2.428e-05
2022-08-15 08:00,8,-4.83e-05
2022-08-15 16:00,8,1.645e-05
2022-08-16 00:00,8,-4.42e-06
2022-08-16 08:00,8,9.219e-05
2022-08-16 16:00,8,9.628e-05
2022-08-17 00:00,8,4.649e-05
2022-08-17 08:00,8,0.0001
2022-08-17 16:00,8,0.0001
2022-08-18 00:00,8,8.305e-05
2022-08-18 08:00,8,0.0001
2022-08-18 16:00,8,0.0001
2022-08-19 00:00,8,7.503e-05
2022-08-19 08:00,8,-0.0001056
2022-08-19 16:00,8,-7.027e-05
2022-08-20 00:00,8,-4.236e-05
2022-08-20 08:00,8,-3.529e-05
2022-08-20 16:00,8,-0.00017324
2022-08-21 00:00,8,-0.0002071
2022-08-21 08:00,8,-0.00021295
2022-08-21 16:00,8,-0.00014734
2022-08-22 00:00,8,-0.00010413
2022-08-22 08:00,8,-4.096e-05
2022-08-22 16:00,8,-8.69e-06
2022-08-23 00:00,8,-5.373e-05
2022-08-23 08:00,8,0.0001
2022-08-23 16:00,8,0.0001
2022-08-24 00:00,8,4.146e-05
2022-08-24 08:00,8,-9.332e-05
2022-08-24 16:00,8,-6.079e-05
2022-08-25 00:00,8,1.513e-05
2022-08-25 08:00,8,-5.486e-05
2022-08-25 16:00,8,0.0001
2022-08-26 00:00,8,0.0001
2022-08-26 08:00,8,0.0001
2022-08-26 16:00,8,0.0001
2022-08-27 00:00,8,4.97e-05
2022-08-27 08:00,8,-8.212e-05
2022-08-27 16:00,8,-0.00034949
2022-08-28 00:00,8,-0.00010204
2022-08-28 08:00,8,-0.00011704
2022-08-28 16:00,8,-0.00012656
2022-08-29 00:00,8,-0.00019551
2022-08-29 08:00,8,-0.00026025
2022-08-29 16:00,8,-0.00035202
2022-08-30 00:00,8,-0.00034152
2022-08-30 08:00,8,-0.00027414
2022-08-30 16:00,8,-1.502e-05
2022-08-31 00:00,8,-4.275e-05
2022-08-31 08:00,8,-0.0001223
2022-08-31 16:00,8,-6.779e-05
2022-09-01 00:00,8,-0.00010299
2022-09-01 08:00,8,-6.553e-05
2022-09-01 16:00,8,2.08e-05
2022-09-02 00:00,8,-7.78e-05
2022-09-02 08:00,8,-3.757e-05
2022-09-02 16:00,8,-6.445e-05
2022-09-03 00:00,8,8.87e-06
2022-09-03 08:00,8,-4.281e-05
2022-09-03 16:00,8,-0.00012871
2022-09-04 00:00,8,5.853e-05
2022-09-04 08:00,8,2.726e-05
2022-09-04 16:00,8,-0.00012659
2022-09-05 00:00,8,-1.14e-05
2022-09-05 08:00,8,-0.00010496
2022-09-05 16:00,8,-3.091e-05
2022-09-06 00:00,8,-5.304e-05
2022-09-06 08:00,8,-6.551e-05
2022-09-06 16:00,8,-4.704e-05
2022-09-07 00:00,8,1.663e-05
2022-09-07 08:00,8,7.777e-05
2022-09-07 16:00,8,4.23e-06
2022-09-08 00:00,8,4.648e-05
2022-09-08 08:00,8,6.809e-05
2022-09-08 16:00,8,0.0001
2022-09-09 00:00,8,-1.455e-05
2022-09-09 08:00,8,-0.00024138
2022-09-09 16:00,8,0.0001
2022-09-10 00:00,8,0.0001
2022-09-10 08:00,8,0.0001
2022-09-10 16:00,8,0.0001
2022-09-11 00:00,8,0.0001
2022-09-11 08:00,8,5.934e-05
2022-09-11 16:00,8,3.694e-05
2022-09-12 00:00,8,-3.111e-05
2022-09-12 08:00,8,-3.062e-05
2022-09-12 16:00,8,9.758e-05
2022-09-13 00:00,8,-0.0001178
2022-09-13 08:00,8,-5.083e-05
2022-09-13 16:00,8,0.0001
2022-09-14 00:00,8,-0.00015911
2022-09-14 08:00,8,-0.00017125
2022-09-14 16:00,8,1.12e-06
2022-09-15 00:00,8,-0.00018853
2022-09-15 08:00,8,-6.573e-05
2022-09-15 16:00,8,-0.00011508
2022-09-16 00:00,8,-0.0004504
2022-09-16 08:00,8,-0.00019489
2022-09-16 16:00,8,-0.00017016
2022-09-17 00:00,8,-0.00012728
2022-09-17 08:00,8,-0.00015601
2022-09-17 16:00,8,-2.234e-05
2022-09-18 00:00,8,-2.51e-05
2022-09-18 08:00,8,-0.00012081
2022-09-18 16:00,8,-8.2e-06
2022-09-19 00:00,8,4.961e-05
2022-09-19 08:00,8,-0.00015887
2022-09-19 16:00,8,-0.00015425
2022-09-20 00:00,8,-0.00012085
2022-09-20 08:00,8,-0.00015516
2022-09-20 16:00,8,-0.00013003
2022-09-21 00:00,8,-0.0002439
2022-09-21 08:00,8,-0.00012062
2022-09-21 16:00,8,-1.893e-05
2022-09-22 00:00,8,-0.00043731
2022-09-22 08:00,8,-0.00038218
2022-09-22 16:00,8,-0.00017086
2022-09-23 00:00,8,-0.00011704
2022-09-23 08:00,8,-8.553e-05
2022-09-23 16:00,8,-0.0003192
2022-09-24 00:00,8,-0.00020992
2022-09-24 08:00,8,-0.0003175
2022-09-24 16:00,8,-0.00037089
2022-09-25 00:00,8,-0.00047686
2022-09-25 08:00,8,-0.00024629
2022-09-25 16:00,8,-0.0001334
2022-09-26 00:00,8,-0.00016841
2022-09-26 08:00,8,-0.00021844
2022-09-26 16:00,8,-0.00011477
2022-09-27 00:00,8,-0.00027
2022-09-27 08:00,8,-7.29e-05
2022-09-27 16:00,8,-9.334e-05
2022-09-28 00:00,8,-0.0005552
2022-09-28 08:00,8,-0.00037228
2022-09-28 16:00,8,-0.00028198
2022-09-29 00:00,8,-0.00039587
2022-09-29 08:00,8,-0.00031848
2022-09-29 16:00,8,-0.00018746
2022-09-30 00:00,8,-0.00028851
2022-09-30 08:00,8,-0.00029354
2022-09-30 16:00,8,-0.00016063
2022-10-01 00:00,8,-8.053e-05
2022-10-01 08:00,8,5.58e-06
2022-10-01 16:00,8,-6.441e-05
2022-10-02 00:00,8,-0.00026878
2022-10-02 08:00,8,-0.00013562
2022-10-02 16:00,8,-0.00018763
2022-10-03 00:00,8,-0.00022075
2022-10-03 08:00,8,-0.00014644
2022-10-03 16:00,8,-0.00013703
2022-10-04 00:00,8,-0.00023179
2022-10-04 08:00,8,-0.00014086
2022-10-04 16:00,8,-0.00019137
2022-10-05 00:00,8,-0.00022887
2022-10-05 08:00,8,-7.301e-05
2022-10-05 16:00,8,5.702e-05
2022-10-06 00:00,8,-0.00011235
2022-10-06 08:00,8,3.1e-05
2022-10-06 16:00,8,4.293e-05
2022-10-07 00:00,8,-6.046e-05
2022-10-07 08:00,8,2.794e-05
2022-10-07 16:00,8,-4.677e-05
2022-10-08 00:00,8,-6.476e-05
2022-10-08 08:00,8,-6.643e-05
2022-10-08 16:00,8,-4.788e-05
2022-10-09 00:00,8,-7.649e-05
2022-10-09 08:00,8,1.307e-05
2022-10-09 16:00,8,-0.00011432
2022-10-10 00:00,8,-6.58e-05
2022-10-10 08:00,8,5.3e-07
2022-10-10 16:00,8,1.243e-05
2022-10-11 00:00,8,-6.137e-05
2022-10-11 08:00,8,-0.00017257
2022-10-11 16:00,8,-0.00010111
2022-10-12 00:00,8,2.797e-05
2022-10-12 08:00,8,-9.22e-05
2022-10-12 16:00,8,-3.731e-05
2022-10-13 00:00,8,-0.00013274
2022-10-13 08:00,8,-2.357e-05
2022-10-13 16:00,8,-0.00022495
2022-10-14 00:00,8,-0.00017507
2022-10-14 08:00,8,-9.575e-05
2022-10-14 16:00,8,-0.00010632
2022-10-15 00:00,8,-6.879e-05
2022-10-15 08:00,8,-7.511e-05
2022-10-15 16:00,8,-7.695e-05
2022-10-16 00:00,8,-4.722e-05
2022-10-16 08:00,8,-1.722e-05
2022-10-16 16:00,8,-7.412e-05
2022-10-17 00:00,8,-2.297e-05
2022-10-17 08:00,8,-4.672e-05
2022-10-17 16:00,8,-0.00015057
2022-10-18 00:00,8,-8.664e-05
2022-10-18 08:00,8,-1.375e-05
2022-10-18 16:00,8,-1.48e-06
2022-10-19 00:00,8,2.461e-05
2022-10-19 08:00,8,0.0001
2022-10-19 16:00,8,-1.386e-05
2022-10-20 00:00,8,7.84e-05
2022-10-20 08:00,8,-3.22e-06
2022-10-20 16:00,8,3.95e-06
2022-10-21 00:00,8,6.305e-05
2022-10-21 08:00,8,-3.206e-05
2022-10-21 16:00,8,-0.00011042
2022-10-22 00:00,8,-0.00015128
2022-10-22 08:00,8,-0.00011792
2022-10-22 16:00,8,-0.00012139
2022-10-23 00:00,8,-2.005e-05
2022-10-23 08:00,8,1.104e-05
2022-10-23 16:00,8,8.18e-06
2022-10-24 00:00,8,-1.352e-05
2022-10-24 08:00,8,4.628e-05
2022-10-24 16:00,8,3.937e-05
2022-10-25 00:00,8,-7.71e-05
2022-10-25 08:00,8,-3.021e-05
2022-10-25 16:00,8,-5.43e-06
2022-10-26 00:00,8,-2.944e-05
2022-10-26 08:00,8,2.367e-05
2022-10-26 16:00,8,-1.221e-05
2022-10-27 00:00,8,-0.00010381
2022-10-27 08:00,8,-3.586e-05
2022-10-27 16:00,8,-7.93e-06
2022-10-28 00:00,8,6.986e-05
2022-10-28 08:00,8,-0.00014137
2022-10-28 16:00,8,7.06e-06
2022-10-29 00:00,8,-0.00012103
2022-10-29 08:00,8,-0.00011712
2022-10-29 16:00,8,-2.005e-05
2022-10-30 00:00,8,5.761e-05
2022-10-30 08:00,8,9.051e-05
2022-10-30 16:00,8,1.135e-05
2022-10-31 00:00,8,2.964e-05
2022-10-31 08:00,8,-2.148e-05
2022-10-31 16:00,8,-3.25e-06
2022-11-01 00:00,8,-6.808e-05
2022-11-01 08:00,8,-4.812e-05
2022-11-01 16:00,8,-4.542e-05
2022-11-02 00:00,8,-2.901e-05
2022-11-02 08:00,8,6.746e-05
2022-11-02 16:00,8,3.393e-05
2022-11-03 00:00,8,-0.00014012
2022-11-03 08:00,8,-0.00012832
2022-11-03 16:00,8,7.54e-06
2022-11-04 00:00,8,-6.311e-05
2022-11-04 08:00,8,9.967e-05
2022-11-04 16:00,8,4.507e-05
2022-11-05 00:00,8,8.904e-05
2022-11-05 08:00,8,-4.799e-05
2022-11-05 16:00,8,9.67e-06
2022-11-06 00:00,8,2.207e-05
2022-11-06 08:00,8,0.0001
2022-11-06 16:00,8,0.0001
2022-11-07 00:00,8,7.958e-05
2022-11-07 08:00,8,7.779e-05
2022-11-07 16:00,8,8.839e-05
2022-11-08 00:00,8,2.711e-05
2022-11-08 08:00,8,-9.607e-05
2022-11-08 16:00,8,2.4e-05
2022-11-09 00:00,8,-0.0004164
2022-11-09 08:00,8,-0.00014155
2022-11-09 16:00,8,-7.319e-05
2022-11-10 00:00,8,-0.00063938
2022-11-10 08:00,8,-0.00021344
2022-11-10 16:00,8,-0.0002634
2022-11-11 00:00,8,-0.00015202
2022-11-11 08:00,8,-7.335e-05
2022-11-11 16:00,8,-2.652e-05
2022-11-12 00:00,8,1.655e-05
2022-11-12 08:00,8,-8.26e-06
2022-11-12 16:00,8,3.865e-05
2022-11-13 00:00,8,4.186e-05
2022-11-13 08:00,8,5.549e-05
2022-11-13 16:00,8,9.259e-05
2022-11-14 00:00,8,8.917e-05
2022-11-14 08:00,8,-4.7e-05
2022-11-14 16:00,8,-4.015e-05
2022-11-15 00:00,8,-2.246e-05
2022-11-15 08:00,8,-9.366e-05
2022-11-15 16:00,8,6.175e-05
2022-11-16 00:00,8,8.257e-05
2022-11-16 08:00,8,-6.127e-05
2022-11-16 16:00,8,6.253e-05
2022-11-17 00:00,8,-5.504e-05
2022-11-17 08:00,8,-0.00026026
2022-11-17 16:00,8,-3.191e-05
2022-11-18 00:00,8,-5.69e-06
2022-11-18 08:00,8,-3.93e-06
2022-11-18 16:00,8,3.034e-05
2022-11-19 00:00,8,-1.473e-05
2022-11-19 08:00,8,-4.125e-05
2022-11-19 16:00,8,-6.69e-06
2022-11-20 00:00,8,-4.557e-05
2022-11-20 08:00,8,2.41e-06
2022-11-20 16:00,8,4.18e-06
2022-11-21 00:00,8,-1.349e-05
2022-11-21 08:00,8,-0.00030115
2022-11-21 16:00,8,-0.0001044
2022-11-22 00:00,8,5.77e-06
2022-11-22 08:00,8,8.372e-05
2022-11-22 16:00,8,3.319e-05
2022-11-23 00:00,8,-0.00015986
2022-11-23 08:00,8,-0.00019367
2022-11-23 16:00,8,-5.289e-05
2022-11-24 00:00,8,5.647e-05
2022-11-24 08:00,8,-0.00019002
2022-11-24 16:00,8,-1.85e-06
2022-11-25 00:00,8,-7.048e-05
2022-11-25 08:00,8,1.314e-05
2022-11-25 16:00,8,5.558e-05
2022-11-26 00:00,8,-9.484e-05
2022-11-26 08:00,8,-0.00038935
2022-11-26 16:00,8,-5.48e-06
2022-11-27 00:00,8,-2.413e-05
2022-11-27 08:00,8,-0.00010243
2022-11-27 16:00,8,-4.961e-05
2022-11-28 00:00,8,4.06e-06
2022-11-28 08:00,8,-0.000278
2022-11-28 16:00,8,-7.678e-05
2022-11-29 00:00,8,2.351e-05
2022-11-29 08:00,8,5.388e-05
2022-11-29 16:00,8,0.0001
2022-11-30 00:00,8,-1.98e-05
2022-11-30 08:00,8,0.0001
2022-11-30 16:00,8,-1.56e-06
2022-12-01 00:00,8,-1.21e-05
2022-12-01 08:00,8,0.0001
2022-12-01 16:00,8,0.0001
2022-12-02 00:00,8,2.881e-05
2022-12-02 08:00,8,0.0001
2022-12-02 16:00,8,2.36e-06
2022-12-03 00:00,8,4.9e-05
2022-12-03 08:00,8,-6.383e-05
2022-12-03 16:00,8,-5.425e-05
2022-12-04 00:00,8,-5.764e-05
2022-12-04 08:00,8,-5.263e-05
2022-12-04 16:00,8,-9.589e-05
2022-12-05 00:00,8,-0.00010514
2022-12-05 08:00,8,-3.912e-05
2022-12-05 16:00,8,0.0001
2022-12-06 00:00,8,9.456e-05
2022-12-06 08:00,8,9.383e-05
2022-12-06 16:00,8,5.505e-05
2022-12-07 00:00,8,-3.25e-06
2022-12-07 08:00,8,5.817e-05
2022-12-07 16:00,8,-1.751e-05
2022-12-08 00:00,8,-2.734e-05
2022-12-08 08:00,8,4.96e-06
2022-12-08 16:00,8,-8.969e-05
2022-12-09 00:00,8,-0.00016328
2022-12-09 08:00,8,-9.338e-05
2022-12-09 16:00,8,6.83e-06
2022-12-10 00:00,8,3.947e-05
2022-12-10 08:00,8,0.0001
2022-12-10 16:00,8,0.0001
2022-12-11 00:00,8,-7.956e-05
2022-12-11 08:00,8,1.58e-05
2022-12-11 16:00,8,3.743e-05
2022-12-12 00:00,8,-5.472e-05
2022-12-12 08:00,8,-3.561e-05
2022-12-12 16:00,8,5.5e-06
2022-12-13 00:00,8,5.762e-05
2022-12-13 08:00,8,-1.77e-05
2022-12-13 16:00,8,-3.187e-05
2022-12-14 00:00,8,4.926e-05
2022-12-14 08:00,8,0.0001
2022-12-14 16:00,8,0.0001
2022-12-15 00:00,8,9.597e-05
2022-12-15 08:00,8,-1.085e-05
2022-12-15 16:00,8,8.067e-05
2022-12-16 00:00,8,0.0001
2022-12-16 08:00,8,0.0001
2022-12-16 16:00,8,3.759e-05
2022-12-17 00:00,8,-8.128e-05
2022-12-17 08:00,8,-0.00019034
2022-12-17 16:00,8,-0.00019372
2022-12-18 00:00,8,-0.00025164
2022-12-18 08:00,8,7.28e-06
2022-12-18 16:00,8,-0.00018164
2022-12-19 00:00,8,-0.00021914
2022-12-19 08:00,8,-3.493e-05
2022-12-19 16:00,8,4.514e-05
2022-12-20 00:00,8,2.1e-05
2022-12-20 08:00,8,0.0001
2022-12-20 16:00,8,0.0001
2022-12-21 00:00,8,0.0001
2022-12-21 08:00,8,9.22e-05
2022-12-21 16:00,8,0.0001
2022-12-22 00:00,8,7.88e-06
2022-12-22 08:00,8,9.896e-05
2022-12-22 16:00,8,1.308e-05
2022-12-23 00:00,8,0.0001
2022-12-23 08:00,8,0.0001
2022-12-23 16:00,8,7.515e-05
2022-12-24 00:00,8,0.0001
2022-12-24 08:00,8,9.452e-05
2022-12-24 16:00,8,5.67e-06
2022-12-25 00:00,8,3.212e-05
2022-12-25 08:00,8,4.194e-05
2022-12-25 16:00,8,8.569e-05
2022-12-26 00:00,8,1.387e-05
2022-12-26 08:00,8,2.647e-05
2022-12-26 16:00,8,-0.00010057
2022-12-27 00:00,8,-8.82e-06
2022-12-27 08:00,8,6.93e-05
2022-12-27 16:00,8,5.147e-05
2022-12-28 00:00,8,0.0001
2022-12-28 08:00,8,0.0001
2022-12-28 16:00,8,5.883e-05
2022-12-29 00:00,8,0.0001
2022-12-29 08:00,8,4.286e-05
2022-12-29 16:00,8,-0.00015046
2022-12-30 00:00,8,-9.243e-05
2022-12-30 08:00,8,-9.057e-05
2022-12-30 16:00,8,-0.00015213
2022-12-31 00:00,8,8.498e-05
2022-12-31 08:00,8,-3.048e-05
2022-12-31 16:00,8,-6.804e-05
2023-01-01 00:00,8,0.0001
2023-01-01 08:00,8,0.0001
2023-01-01 16:00,8,0.0001
2023-01-02 00:00,8,-2.606e-05
2023-01-02 08:00,8,-3.934e-05
2023-01-02 16:00,8,-2.606e-05
2023-01-03 00:00,8,9.086e-05
2023-01-03 08:00,8,5.715e-05
2023-01-03 16:00,8,-0.00010682
2023-01-04 00:00,8,-7.668e-05
2023-01-04 08:00,8,-8.088e-05
2023-01-04 16:00,8,-3.987e-05
2023-01-05 00:00,8,-0.00013319
2023-01-05 08:00,8,-1.34e-05
2023-01-05 16:00,8,2.55e-05
2023-01-06 00:00,8,2.25e-05
2023-01-06 08:00,8,0.0001
2023-01-06 16:00,8,5.508e-05
2023-01-07 00:00,8,-7.04e-05
2023-01-07 08:00,8,-4.692e-05
2023-01-07 16:00,8,-9.19e-05
2023-01-08 00:00,8,-1.991e-05
2023-01-08 08:00,8,-5.792e-05
2023-01-08 16:00,8,-0.0001629
2023-01-09 00:00,8,-6.785e-05
2023-01-09 08:00,8,-1.623e-05
2023-01-09 16:00,8,4.574e-05
2023-01-10 00:00,8,0.0001
2023-01-10 08:00,8,0.0001
2023-01-10 16:00,8,9.755e-05
2023-01-11 00:00,8,-0.00012703
2023-01-11 08:00,8,-9.409e-05
2023-01-11 16:00,8,-4.293e-05
2023-01-12 00:00,8,-1.53e-05
2023-01-12 08:00,8,3.276e-05
2023-01-12 16:00,8,-1.15e-06
2023-01-13 00:00,8,-0.00058026
2023-01-13 08:00,8,-0.00010154
2023-01-13 16:00,8,-0.00013205
2023-01-14 00:00,8,-7.3e-05
2023-01-14 08:00,8,0.0001
2023-01-14 16:00,8,0.0001
2023-01-15 00:00,8,0.0001
2023-01-15 08:00,8,0.0001
2023-01-15 16:00,8,0.0001
2023-01-16 00:00,8,0.0001
2023-01-16 08:00,8,0.0001
2023-01-16 16:00,8,0.0001
2023-01-17 00:00,8,6.481e-05
2023-01-17 08:00,8,0.0001
2023-01-17 16:00,8,0.0001
2023-01-18 00:00,8,0.0001
2023-01-18 08:00,8,0.0001
2023-01-18 16:00,8,7.946e-05
2023-01-19 00:00,8,0.0001
2023-01-19 08:00,8,0.0001
2023-01-19 16:00,8,6.522e-05
2023-01-20 00:00,8,0.0001
2023-01-20 08:00,8,7.137e-05
2023-01-20 16:00,8,5.377e-05
2023-01-21 00:00,8,0.0001
2023-01-21 08:00,8,0.0001
2023-01-21 16:00,8,0.0001
2023-01-22 00:00,8,0.0001
2023-01-22 08:00,8,0.0001
2023-01-22 16:00,8,0.0001
2023-01-23 00:00,8,0.0001
2023-01-23 08:00,8,0.0001
2023-01-23 16:00,8,0.0001
2023-01-24 00:00,8,0.0001
2023-01-24 08:00,8,0.0001
2023-01-24 16:00,8,0.0001
2023-01-25 00:00,8,3.586e-05
2023-01-25 08:00,8,9.791e-05
2023-01-25 16:00,8,0.0001
2023-01-26 00:00,8,0.0001
2023-01-26 08:00,8,0.0001
2023-01-26 16:00,8,0.0001
2023-01-27 00:00,8,0.0001
2023-01-27 08:00,8,0.0001
2023-01-27 16:00,8,0.0001
2023-01-28 00:00,8,0.0001
2023-01-28 08:00,8,0.0001
2023-01-28 16:00,8,0.0001
2023-01-29 00:00,8,0.0001
2023-01-29 08:00,8,0.0001
2023-01-29 16:00,8,0.0001
2023-01-30 00:00,8,0.0001
2023-01-30 08:00,8,0.0001
2023-01-30 16:00,8,9.157e-05
2023-01-31 00:00,8,8.682e-05
2023-01-31 08:00,8,0.0001
2023-01-31 16:00,8,0.0001
2023-02-01 00:00,8,0.0001
2023-02-01 08:00,8,0.0001
2023-02-01 16:00,8,0.0001
2023-02-02 00:00,8,0.0001
2023-02-02 08:00,8,0.0001
2023-02-02 16:00,8,0.0001
2023-02-03 00:00,8,0.0001
2023-02-03 08:00,8,0.0001
2023-02-03 16:00,8,0.0001
2023-02-04 00:00,8,0.00021179
2023-02-04 08:00,8,0.0001
2023-02-04 16:00,8,0.0001
2023-02-05 00:00,8,0.0001
2023-02-05 08:00,8,0.0001
2023-02-05 16:00,8,0.0001
2023-02-06 00:00,8,0.0001
2023-02-06 08:00,8,0.0001
2023-02-06 16:00,8,0.0001
2023-02-07 00:00,8,0.0001
2023-02-07 08:00,8,0.0001
2023-02-07 16:00,8,0.0001
2023-02-08 00:00,8,0.0001
2023-02-08 08:00,8,0.0001
2023-02-08 16:00,8,0.0001
2023-02-09 00:00,8,0.0001
2023-02-09 08:00,8,0.0001
2023-02-09 16:00,8,0.0001
2023-02-10 00:00,8,-0.00018019
2023-02-10 08:00,8,-4.961e-05
2023-02-10 16:00,8,0.0001
2023-02-11 00:00,8,0.0001
2023-02-11 08:00,8,3.396e-05
2023-02-11 16:00,8,-4.919e-05
2023-02-12 00:00,8,-5.612e-05
2023-02-12 08:00,8,-5.231e-05
2023-02-12 16:00,8,-4.042e-05
2023-02-13 00:00,8,-2.108e-05
2023-02-13 08:00,8,4.391e-05
2023-02-13 16:00,8,2.618e-05
2023-02-14 00:00,8,0.0001
2023-02-14 08:00,8,9.71e-05
2023-02-14 16:00,8,3.142e-05
2023-02-15 00:00,8,0.0001
2023-02-15 08:00,8,0.0001
2023-02-15 16:00,8,2.243e-05
2023-02-16 00:00,8,7.902e-05
2023-02-16 08:00,8,0.0001
2023-02-16 16:00,8,0.0001
2023-02-17 00:00,8,-3.555e-05
2023-02-17 08:00,8,0.0001
2023-02-17 16:00,8,0.0001
2023-02-18 00:00,8,0.0001
2023-02-18 08:00,8,0.0001
2023-02-18 16:00,8,0.0001
2023-02-19 00:00,8,0.0001
2023-02-19 08:00,8,0.0001
2023-02-19 16:00,8,0.0001
2023-02-20 00:00,8,0.0001
2023-02-20 08:00,8,0.0001
2023-02-20 16:00,8,0.0001
2023-02-21 00:00,8,0.0001
2023-02-21 08:00,8,0.0001
2023-02-21 16:00,8,0.0001
2023-02-22 00:00,8,0.0001
2023-02-22 08:00,8,0.0001
2023-02-22 16:00,8,0.0001
2023-02-23 00:00,8,0.0001
2023-02-23 08:00,8,0.0001
2023-02-23 16:00,8,0.0001
2023-02-24 00:00,8,0.0001
2023-02-24 08:00,8,0.0001
2023-02-24 16:00,8,0.0001
2023-02-25 00:00,8,0.0001
2023-02-25 08:00,8,0.0001
2023-02-25 16:00,8,0.0001
2023-02-26 00:00,8,-2.201e-05
2023-02-26 08:00,8,-4.983e-05
2023-02-26 16:00,8,-5.081e-05
2023-02-27 00:00,8,-9.903e-05
2023-02-27 08:00,8,-0.00023312
2023-02-27 16:00,8,2.89e-06
2023-02-28 00:00,8,2.176e-05
2023-02-28 08:00,8,2.73e-05
2023-02-28 16:00,8,6.813e-05
2023-03-01 00:00,8,4e-08
2023-03-01 08:00,8,0.0001
2023-03-01 16:00,8,-0.00016714
2023-03-02 00:00,8,8.87e-05
2023-03-02 08:00,8,6.32e-05
2023-03-02 16:00,8,-2.029e-05
2023-03-03 00:00,8,-0.00010403
2023-03-03 08:00,8,-0.0003621
2023-03-03 16:00,8,-7.788e-05
2023-03-04 00:00,8,5.125e-05
2023-03-04 08:00,8,-0.00010513
2023-03-04 16:00,8,-0.00014073
2023-03-05 00:00,8,-5.436e-05
2023-03-05 08:00,8,-9.628e-05
2023-03-05 16:00,8,-6.352e-05
2023-03-06 00:00,8,-2.705e-05
2023-03-06 08:00,8,-6.445e-05
2023-03-06 16:00,8,-1.54e-06
2023-03-07 00:00,8,9.275e-05
2023-03-07 08:00,8,4.163e-05
2023-03-07 16:00,8,1.535e-05
2023-03-08 00:00,8,3.972e-05
2023-03-08 08:00,8,7.403e-05
2023-03-08 16:00,8,-7.019e-05
2023-03-09 00:00,8,-6.618e-05
2023-03-09 08:00,8,1.583e-05
2023-03-09 16:00,8,0.0001
2023-03-10 00:00,8,-0.00031405
2023-03-10 08:00,8,-0.0001208
2023-03-10 16:00,8,-0.00011636
2023-03-11 00:00,8,5.208e-05
2023-03-11 08:00,8,4.128e-05
2023-03-11 16:00,8,-0.00020354
2023-03-12 00:00,8,-1.672e-05
2023-03-12 08:00,8,0.0001
2023-03-12 16:00,8,-0.00012442
2023-03-13 00:00,8,-0.00033466
2023-03-13 08:00,8,-9.985e-05
2023-03-13 16:00,8,-0.00015061
2023-03-14 00:00,8,7.47e-05
2023-03-14 08:00,8,-0.00027696
2023-03-14 16:00,8,-6.569e-05
2023-03-15 00:00,8,0.0001
2023-03-15 08:00,8,0.0001
2023-03-15 16:00,8,2.038e-05
2023-03-16 00:00,8,1.241e-05
2023-03-16 08:00,8,6.726e-05
2023-03-16 16:00,8,6.495e-05
2023-03-17 00:00,8,0.0001
2023-03-17 08:00,8,0.0001
2023-03-17 16:00,8,0.0001
2023-03-18 00:00,8,0.0001
2023-03-18 08:00,8,0.0001
2023-03-18 16:00,8,0.0001
2023-03-19 00:00,8,0.0001
2023-03-19 08:00,8,0.0001
2023-03-19 16:00,8,-5.542e-05
2023-03-20 00:00,8,0.0001
2023-03-20 08:00,8,4.12e-06
2023-03-20 16:00,8,-7.8e-06
2023-03-21 00:00,8,-5.954e-05
2023-03-21 08:00,8,1.73e-05
2023-03-21 16:00,8,8.022e-05
2023-03-22 00:00,8,0.0001
2023-03-22 08:00,8,0.0001
2023-03-22 16:00,8,7.738e-05
2023-03-23 00:00,8,-0.00024138
2023-03-23 08:00,8,9.17e-06
2023-03-23 16:00,8,0.0001
2023-03-24 00:00,8,0.0001
2023-03-24 08:00,8,0.0001
2023-03-24 16:00,8,0.0001
2023-03-25 00:00,8,-0.00013406
2023-03-25 08:00,8,-2.869e-05
2023-03-25 16:00,8,-9.984e-05
2023-03-26 00:00,8,-0.00021069
2023-03-26 08:00,8,-9.154e-05
2023-03-26 16:00,8,-8.344e-05
2023-03-27 00:00,8,2.21e-06
2023-03-27 08:00,8,-0.00019412
2023-03-27 16:00,8,-0.00011252
2023-03-28 00:00,8,-0.00026619
2023-03-28 08:00,8,-5.912e-05
2023-03-28 16:00,8,-7.844e-05
2023-03-29 00:00,8,0.0001
2023-03-29 08:00,8,0.0001
2023-03-29 16:00,8,0.0001
2023-03-30 00:00,8,0.0001
2023-03-30 08:00,8,0.0001
2023-03-30 16:00,8,4.425e-05
2023-03-31 00:00,8,0.0001
2023-03-31 08:00,8,0.0001
2023-03-31 16:00,8,0.0001
2023-04-01 00:00,8,4.764e-05
2023-04-01 08:00,8,0.0001
2023-04-01 16:00,8,0.0001
2023-04-02 00:00,8,0.0001
2023-04-02 08:00,8,0.0001
2023-04-02 16:00,8,0.0001
2023-04-03 00:00,8,7.097e-05
2023-04-03 08:00,8,8.293e-05
2023-04-03 16:00,8,0.0001
2023-04-04 00:00,8,0.0001
2023-04-04 08:00,8,0.0001
2023-04-04 16:00,8,0.0001
2023-04-05 00:00,8,0.0001
2023-04-05 08:00,8,0.0001
2023-04-05 16:00,8,0.0001
2023-04-06 00:00,8,0.0001
2023-04-06 08:00,8,0.0001
2023-04-06 16:00,8,0.0001
2023-04-07 00:00,8,0.0001
2023-04-07 08:00,8,0.0001
2023-04-07 16:00,8,6.307e-05
2023-04-08 00:00,8,0.0001
2023-04-08 08:00,8,0.0001
2023-04-08 16:00,8,5.557e-05
2023-04-09 00:00,8,7.05e-05
2023-04-09 08:00,8,6.952e-05
2023-04-09 16:00,8,8.112e-05
2023-04-10 00:00,8,9.6e-05
2023-04-10 08:00,8,0.0001
2023-04-10 16:00,8,8.964e-05
2023-04-11 00:00,8,0.0001
2023-04-11 08:00,8,0.0001
2023-04-11 16:00,8,0.0001
2023-04-12 00:00,8,0.0001
2023-04-12 08:00,8,0.0001
2023-04-12 16:00,8,0.0001
2023-04-13 00:00,8,0.0001
2023-04-13 08:00,8,0.0001
2023-04-13 16:00,8,0.0001
2023-04-14 00:00,8,0.0001
2023-04-14 08:00,8,0.0001
2023-04-14 16:00,8,0.0001
2023-04-15 00:00,8,0.0001
2023-04-15 08:00,8,0.0001
2023-04-15 16:00,8,0.0001
2023-04-16 00:00,8,0.0001
2023-04-16 08:00,8,0.0001
2023-04-16 16:00,8,0.0001
2023-04-17 00:00,8,0.0001
2023-04-17 08:00,8,0.0001
2023-04-17 16:00,8,0.0001
2023-04-18 00:00,8,0.0001
2023-04-18 08:00,8,0.0001
2023-04-18 16:00,8,0.0001
2023-04-19 00:00,8,0.0001
2023-04-19 08:00,8,0.0001
2023-04-19 16:00,8,1.16e-05
2023-04-20 00:00,8,0.0001
2023-04-20 08:00,8,0.0001
2023-04-20 16:00,8,0.0001
2023-04-21 00:00,8,0.0001
2023-04-21 08:00,8,0.0001
2023-04-21 16:00,8,0.0001
2023-04-22 00:00,8,2.441e-05
2023-04-22 08:00,8,-3.605e-05
2023-04-22 16:00,8,1.931e-05
2023-04-23 00:00,8,-6.207e-05
2023-04-23 08:00,8,5.27e-05
2023-04-23 16:00,8,2.401e-05
2023-04-24 00:00,8,6.213e-05
2023-04-24 08:00,8,9.604e-05
2023-04-24 16:00,8,0.0001
2023-04-25 00:00,8,4.696e-05
2023-04-25 08:00,8,7.921e-05
2023-04-25 16:00,8,3.094e-05
2023-04-26 00:00,8,-1.247e-05
2023-04-26 08:00,8,-4.884e-05
2023-04-26 16:00,8,0.0001
2023-04-27 00:00,8,-0.00041561
2023-04-27 08:00,8,-0.00016201
2023-04-27 16:00,8,4.55e-05
2023-04-28 00:00,8,2.769e-05
2023-04-28 08:00,8,8.534e-05
2023-04-28 16:00,8,8.509e-05
2023-04-29 00:00,8,8.101e-05
2023-04-29 08:00,8,9.713e-05
2023-04-29 16:00,8,0.0001
2023-04-30 00:00,8,8.152e-05
2023-04-30 08:00,8,-3.669e-05
2023-04-30 16:00,8,9.313e-05
2023-05-01 00:00,8,0.0001
2023-05-01 08:00,8,8.14e-05
2023-05-01 16:00,8,0.0001
2023-05-02 00:00,8,9.241e-05
2023-05-02 08:00,8,0.0001
2023-05-02 16:00,8,6.761e-05
2023-05-03 00:00,8,0.0001
2023-05-03 08:00,8,7.912e-05
2023-05-03 16:00,8,2.883e-05
2023-05-04 00:00,8,6.13e-05
2023-05-04 08:00,8,4.804e-05
2023-05-04 16:00,8,8.677e-05
2023-05-05 00:00,8,-8.35e-06
2023-05-05 08:00,8,4.969e-05
2023-05-05 16:00,8,2.612e-05
2023-05-06 00:00,8,4.952e-05
2023-05-06 08:00,8,0.0001
2023-05-06 16:00,8,4.783e-05
2023-05-07 00:00,8,-9.807e-05
2023-05-07 08:00,8,2.452e-05
2023-05-07 16:00,8,-1.918e-05
2023-05-08 00:00,8,-1.09e-06
2023-05-08 08:00,8,-0.00023943
2023-05-08 16:00,8,4.896e-05
2023-05-09 00:00,8,-0.00011666
2023-05-09 08:00,8,-0.00018702
2023-05-09 16:00,8,-0.00021201
2023-05-10 00:00,8,-0.00018155
2023-05-10 08:00,8,-9.233e-05
2023-05-10 16:00,8,-5.711e-05
2023-05-11 00:00,8,8.98e-05
2023-05-11 08:00,8,1.355e-05
2023-05-11 16:00,8,-0.00010319
2023-05-12 00:00,8,3.624e-05
2023-05-12 08:00,8,4.77e-05
2023-05-12 16:00,8,8.432e-05
2023-05-13 00:00,8,4.527e-05
2023-05-13 08:00,8,-2.616e-05
2023-05-13 16:00,8,-0.00023983
2023-05-14 00:00,8,-0.0001639
2023-05-14 08:00,8,-2.14e-05
2023-05-14 16:00,8,-3.4e-06
2023-05-15 00:00,8,-0.00016312
2023-05-15 08:00,8,-8.415e-05
2023-05-15 16:00,8,-8.098e-05
2023-05-16 00:00,8,-0.0001192
2023-05-16 08:00,8,-0.00020906
2023-05-16 16:00,8,-9.829e-05
2023-05-17 00:00,8,5.49e-06
2023-05-17 08:00,8,5.137e-05
2023-05-17 16:00,8,-1.448e-05
2023-05-18 00:00,8,-1.47e-06
2023-05-18 08:00,8,5.61e-05
2023-05-18 16:00,8,7.768e-05
2023-05-19 00:00,8,-1.538e-05
2023-05-19 08:00,8,-0.00014463
2023-05-19 16:00,8,-9.173e-05
2023-05-20 00:00,8,-0.00015055
2023-05-20 08:00,8,2.351e-05
2023-05-20 16:00,8,-2.62e-06
2023-05-21 00:00,8,-2.377e-05
2023-05-21 08:00,8,2.297e-05
2023-05-21 16:00,8,0.0001
2023-05-22 00:00,8,2.552e-05
2023-05-22 08:00,8,0.0001
2023-05-22 16:00,8,0.0001
2023-05-23 00:00,8,0.0001
2023-05-23 08:00,8,0.0001
2023-05-23 16:00,8,-8.56e-06
2023-05-24 00:00,8,4.455e-05
2023-05-24 08:00,8,-5.251e-05
2023-05-24 16:00,8,8.658e-05
2023-05-25 00:00,8,-3.25e-05
2023-05-25 08:00,8,4.158e-05
2023-05-25 16:00,8,-1.48e-06
2023-05-26 00:00,8,1.74e-05
2023-05-26 08:00,8,0.0001
2023-05-26 16:00,8,9.775e-05
2023-05-27 00:00,8,0.0001
2023-05-27 08:00,8,8.275e-05
2023-05-27 16:00,8,0.0001
2023-05-28 00:00,8,0.0001
2023-05-28 08:00,8,0.0001
2023-05-28 16:00,8,0.0001
2023-05-29 00:00,8,0.0001
2023-05-29 08:00,8,0.0001
2023-05-29 16:00,8,0.0001
2023-05-30 00:00,8,0.0001
2023-05-30 08:00,8,0.0001
2023-05-30 16:00,8,0.0001
2023-05-31 00:00,8,0.0001
2023-05-31 08:00,8,0.0001
2023-05-31 16:00,8,8.089e-05
2023-06-01 00:00,8,6.682e-05
2023-06-01 08:00,8,-4.67e-05
2023-06-01 16:00,8,5.51e-06
2023-06-02 00:00,8,-1.272e-05
2023-06-02 08:00,8,0.0001
2023-06-02 16:00,8,0.0001
2023-06-03 00:00,8,9.122e-05
2023-06-03 08:00,8,0.0001
2023-06-03 16:00,8,0.0001
2023-06-04 00:00,8,0.0001
2023-06-04 08:00,8,2.837e-05
2023-06-04 16:00,8,0.0001
2023-06-05 00:00,8,0.0001
2023-06-05 08:00,8,0.0001
2023-06-05 16:00,8,0.0001
2023-06-06 00:00,8,-0.00015687
2023-06-06 08:00,8,-0.00020832
2023-06-06 16:00,8,-3.34e-06
2023-06-07 00:00,8,9.169e-05
2023-06-07 08:00,8,7.899e-05
2023-06-07 16:00,8,4.688e-05
2023-06-08 00:00,8,7.049e-05
2023-06-08 08:00,8,-1.171e-05
2023-06-08 16:00,8,2.602e-05
2023-06-09 00:00,8,6.659e-05
2023-06-09 08:00,8,0.0001
2023-06-09 16:00,8,0.0001
2023-06-10 00:00,8,4.121e-05
2023-06-10 08:00,8,-0.00051812
2023-06-10 16:00,8,-0.00063077
2023-06-11 00:00,8,-0.00057562
2023-06-11 08:00,8,-0.00035455
2023-06-11 16:00,8,-0.00053256
2023-06-12 00:00,8,-0.0005859
2023-06-12 08:00,8,-0.00037889
2023-06-12 16:00,8,-0.0005163
2023-06-13 00:00,8,-0.0003605
2023-06-13 08:00,8,-0.00045298
2023-06-13 16:00,8,-0.00024495
2023-06-14 00:00,8,-0.00023761
2023-06-14 08:00,8,-0.00025781
2023-06-14 16:00,8,-0.00021523
2023-06-15 00:00,8,-0.00013743
2023-06-15 08:00,8,-0.00011677
2023-06-15 16:00,8,-3.006e-05
2023-06-16 00:00,8,-6.677e-05
2023-06-16 08:00,8,-0.0002272
2023-06-16 16:00,8,-0.00013607
2023-06-17 00:00,8,-0.00011973
2023-06-17 08:00,8,-0.00021441
2023-06-17 16:00,8,-0.00020653
2023-06-18 00:00,8,-0.00032875
2023-06-18 08:00,8,-0.00015286
2023-06-18 16:00,8,-9.981e-05
2023-06-19 00:00,8,-0.00024032
2023-06-19 08:00,8,-0.0001767
2023-06-19 16:00,8,-0.00027045
2023-06-20 00:00,8,-0.00025573
2023-06-20 08:00,8,-0.00025322
2023-06-20 16:00,8,-0.00022299
2023-06-21 00:00,8,-0.00015119
2023-06-21 08:00,8,-0.00023534
2023-06-21 16:00,8,-0.0001466
2023-06-22 00:00,8,-0.000132
2023-06-22 08:00,8,-0.00020438
2023-06-22 16:00,8,-0.00013183
2023-06-23 00:00,8,-0.00011861
2023-06-23 08:00,8,1.9e-05
2023-06-23 16:00,8,-5.376e-05
2023-06-24 00:00,8,-0.00018507
2023-06-24 08:00,8,-0.0001707
2023-06-24 16:00,8,-0.00017846
2023-06-25 00:00,8,-0.00015543
2023-06-25 08:00,8,-4.905e-05
2023-06-25 16:00,8,-0.00010328
2023-06-26 00:00,8,-0.00017207
2023-06-26 08:00,8,-0.00016373
2023-06-26 16:00,8,-9.106e-05
2023-06-27 00:00,8,-0.00012062
2023-06-27 08:00,8,-6.668e-05
2023-06-27 16:00,8,3.55e-05
2023-06-28 00:00,8,-0.0002986
2023-06-28 08:00,8,-0.00031365
2023-06-28 16:00,8,-0.0003241
2023-06-29 00:00,8,-0.00040526
2023-06-29 08:00,8,-0.00026222
2023-06-29 16:00,8,5.18e-06
2023-06-30 00:00,8,-0.00019719
2023-06-30 08:00,8,-9.8e-06
2023-06-30 16:00,8,-0.00022187
2023-07-01 00:00,8,-3.549e-05
2023-07-01 08:00,8,4.515e-05
2023-07-01 16:00,8,-4.308e-05
2023-07-02 00:00,8,7.506e-05
2023-07-02 08:00,8,3.76e-05
2023-07-02 16:00,8,5.571e-05
2023-07-03 00:00,8,-6.97e-06
2023-07-03 08:00,8,2.457e-05
2023-07-03 16:00,8,-6.561e-05
2023-07-04 00:00,8,-0.00020534
2023-07-04 08:00,8,0.0001
2023-07-04 16:00,8,8.71e-05
2023-07-05 00:00,8,7.607e-05
2023-07-05 08:00,8,4.261e-05
2023-07-05 16:00,8,4.5e-06
2023-07-06 00:00,8,-3.7e-07
2023-07-06 08:00,8,-6.724e-05
2023-07-06 16:00,8,-0.00025272
2023-07-07 00:00,8,-0.00039643
2023-07-07 08:00,8,-0.00030296
2023-07-07 16:00,8,-7.301e-05
2023-07-08 00:00,8,-2.938e-05
2023-07-08 08:00,8,-0.00014414
2023-07-08 16:00,8,-0.00019492
2023-07-09 00:00,8,-0.00019306
2023-07-09 08:00,8,-0.00025702
2023-07-09 16:00,8,-0.00013609
2023-07-10 00:00,8,-0.00013775
2023-07-10 08:00,8,-0.00022575
2023-07-10 16:00,8,6.695e-05
2023-07-11 00:00,8,-4.283e-05
2023-07-11 08:00,8,-6.215e-05
2023-07-11 16:00,8,1.874e-05
2023-07-12 00:00,8,7.461e-05
2023-07-12 08:00,8,-4.508e-05
2023-07-12 16:00,8,-0.00010254
2023-07-13 00:00,8,-2.66e-05
2023-07-13 08:00,8,-2.285e-05
2023-07-13 16:00,8,-0.00017116
2023-07-14 00:00,8,0.0001
2023-07-14 08:00,8,0.0001
2023-07-14 16:00,8,0.0001
2023-07-15 00:00,8,9.61e-05
2023-07-15 08:00,8,0.0001
2023-07-15 16:00,8,0.0001
2023-07-16 00:00,8,0.0001
2023-07-16 08:00,8,0.0001
2023-07-16 16:00,8,0.0001
2023-07-17 00:00,8,9.294e-05
2023-07-17 08:00,8,0.0001
2023-07-17 16:00,8,0.0001
2023-07-18 00:00,8,0.0001
2023-07-18 08:00,8,0.0001
2023-07-18 16:00,8,6.803e-05
2023-07-19 00:00,8,6.631e-05
2023-07-19 08:00,8,0.0001
2023-07-19 16:00,8,0.0001
2023-07-20 00:00,8,3.573e-05
2023-07-20 08:00,8,0.0001
2023-07-20 16:00,8,5.952e-05
2023-07-21 00:00,8,1.826e-05
2023-07-21 08:00,8,0.0001
2023-07-21 16:00,8,0.0001
2023-07-22 00:00,8,8.105e-05
2023-07-22 08:00,8,0.0001
2023-07-22 16:00,8,-3.898e-05
2023-07-23 00:00,8,3.145e-05
2023-07-23 08:00,8,4.739e-05
2023-07-23 16:00,8,3e-06
2023-07-24 00:00,8,-6.143e-05
2023-07-24 08:00,8,-0.00015939
2023-07-24 16:00,8,-8.273e-05
2023-07-25 00:00,8,-3.25e-06
2023-07-25 08:00,8,4.945e-05
2023-07-25 16:00,8,-9.267e-05
2023-07-26 00:00,8,3.017e-05
2023-07-26 08:00,8,2.023e-05
2023-07-26 16:00,8,-8.468e-05
2023-07-27 00:00,8,-0.0001208
2023-07-27 08:00,8,2.957e-05
2023-07-27 16:00,8,4.145e-05
2023-07-28 00:00,8,3.344e-05
2023-07-28 08:00,8,-7.073e-05
2023-07-28 16:00,8,-5.233e-05
2023-07-29 00:00,8,4.055e-05
2023-07-29 08:00,8,0.0001
2023-07-29 16:00,8,0.0001
2023-07-30 00:00,8,0.0001
2023-07-30 08:00,8,0.0001
2023-07-30 16:00,8,-1.731e-05
2023-07-31 00:00,8,4.932e-05
2023-07-31 08:00,8,0.0001
2023-07-31 16:00,8,0.0001
2023-08-01 00:00,8,-0.00011756
2023-08-01 08:00,8,-7.939e-05
2023-08-01 16:00,8,6.679e-05
2023-08-02 00:00,8,-3.397e-05
2023-08-02 08:00,8,0.0001
2023-08-02 16:00,8,3.456e-05
2023-08-03 00:00,8,5.053e-05
2023-08-03 08:00,8,-6.298e-05
2023-08-03 16:00,8,-4.275e-05
2023-08-04 00:00,8,-0.00010386
2023-08-04 08:00,8,-0.00015688
2023-08-04 16:00,8,-4.38e-05
2023-08-05 00:00,8,7.18e-05
2023-08-05 08:00,8,3.783e-05
2023-08-05 16:00,8,2.11e-05
2023-08-06 00:00,8,-4.74e-05
2023-08-06 08:00,8,6.721e-05
2023-08-06 16:00,8,8.754e-05
2023-08-07 00:00,8,-0.0001537
2023-08-07 08:00,8,8.527e-05
2023-08-07 16:00,8,0.0001
2023-08-08 00:00,8,-1.807e-05
2023-08-08 08:00,8,8.37e-06
2023-08-08 16:00,8,0.0001
2023-08-09 00:00,8,5.156e-05
2023-08-09 08:00,8,0.0001
2023-08-09 16:00,8,8.782e-05
2023-08-10 00:00,8,0.0001
2023-08-10 08:00,8,8.553e-05
2023-08-10 16:00,8,0.0001
2023-08-11 00:00,8,-0.00010216
2023-08-11 08:00,8,-8.707e-05
2023-08-11 16:00,8,3.56e-05
2023-08-12 00:00,8,-5.93e-06
2023-08-12 08:00,8,2.242e-05
2023-08-12 16:00,8,0.0001
2023-08-13 00:00,8,0.0001
2023-08-13 08:00,8,6.794e-05
2023-08-13 16:00,8,5.194e-05
2023-08-14 00:00,8,1.297e-05
2023-08-14 08:00,8,0.0001
2023-08-14 16:00,8,2.135e-05
2023-08-15 00:00,8,0.0001
2023-08-15 08:00,8,0.0001
2023-08-15 16:00,8,0.0001
2023-08-16 00:00,8,-0.00032112
2023-08-16 08:00,8,-0.00020684
2023-08-16 16:00,8,-0.00010633
2023-08-17 00:00,8,-8.432e-05
2023-08-17 08:00,8,-1.918e-05
2023-08-17 16:00,8,-0.00117716
2023-08-18 00:00,8,-0.00065748
2023-08-18 08:00,8,-0.00032936
2023-08-18 16:00,8,-3.717e-05
2023-08-19 00:00,8,-0.00020263
2023-08-19 08:00,8,1.31e-06
2023-08-19 16:00,8,-8.68e-06
2023-08-20 00:00,8,-6.024e-05
2023-08-20 08:00,8,0.0001
2023-08-20 16:00,8,7.53e-05
2023-08-21 00:00,8,3.685e-05
2023-08-21 08:00,8,-3.053e-05
2023-08-21 16:00,8,-4.333e-05
2023-08-22 00:00,8,3.151e-05
2023-08-22 08:00,8,0.0001
2023-08-22 16:00,8,-0.00019945
2023-08-23 00:00,8,-0.00027533
2023-08-23 08:00,8,-0.00013658
2023-08-23 16:00,8,-9.708e-05
2023-08-24 00:00,8,-7.628e-05
2023-08-24 08:00,8,-0.000116
2023-08-24 16:00,8,-0.00024367
2023-08-25 00:00,8,-0.00029772
2023-08-25 08:00,8,-0.00012732
2023-08-25 16:00,8,-0.00016313
2023-08-26 00:00,8,-5.376e-05
2023-08-26 08:00,8,-7.557e-05
2023-08-26 16:00,8,-7.434e-05
2023-08-27 00:00,8,-0.00019738
2023-08-27 08:00,8,-0.00029118
2023-08-27 16:00,8,-0.00025267
2023-08-28 00:00,8,-0.00011089
2023-08-28 08:00,8,-0.00010343
2023-08-28 16:00,8,8.611e-05
2023-08-29 00:00,8,4.148e-05
2023-08-29 08:00,8,-0.00011191
2023-08-29 16:00,8,-0.00014516
2023-08-30 00:00,8,-3.16e-05
2023-08-30 08:00,8,5.973e-05
2023-08-30 16:00,8,0.0001
2023-08-31 00:00,8,-1.83e-06
2023-08-31 08:00,8,5.558e-05
2023-08-31 16:00,8,-3.551e-05
2023-09-01 00:00,8,-0.00026265
2023-09-01 08:00,8,-0.00021312
2023-09-01 16:00,8,-5.289e-05
2023-09-02 00:00,8,-0.00011406
2023-09-02 08:00,8,-0.00012718
2023-09-02 16:00,8,-0.00012754
2023-09-03 00:00,8,2.05e-05
2023-09-03 08:00,8,-3.723e-05
2023-09-03 16:00,8,4.37e-06
2023-09-04 00:00,8,6.014e-05
2023-09-04 08:00,8,-3.218e-05
2023-09-04 16:00,8,-1.964e-05
2023-09-05 00:00,8,-5.207e-05
2023-09-05 08:00,8,-2.43e-06
2023-09-05 16:00,8,4.63e-06
2023-09-06 00:00,8,1.951e-05
2023-09-06 08:00,8,-3.164e-05
2023-09-06 16:00,8,1.157e-05
2023-09-07 00:00,8,9.195e-05
2023-09-07 08:00,8,-4.14e-06
2023-09-07 16:00,8,3.299e-05
2023-09-08 00:00,8,3.338e-05
2023-09-08 08:00,8,-0.00012405
2023-09-08 16:00,8,-4.389e-05
2023-09-09 00:00,8,-8.23e-05
2023-09-09 08:00,8,-1.492e-05
2023-09-09 16:00,8,-5.95e-06
2023-09-10 00:00,8,-6.38e-05
2023-09-10 08:00,8,-0.00015385
2023-09-10 16:00,8,-3.015e-05
2023-09-11 00:00,8,-6.642e-05
2023-09-11 08:00,8,5.48e-05
2023-09-11 16:00,8,5.403e-05
2023-09-12 00:00,8,-4.802e-05
2023-09-12 08:00,8,7.461e-05
2023-09-12 16:00,8,-0.00019365
2023-09-13 00:00,8,-0.0001569
2023-09-13 08:00,8,-0.00017996
2023-09-13 16:00,8,-4.636e-05
2023-09-14 00:00,8,-6.418e-05
2023-09-14 08:00,8,-0.00018065
2023-09-14 16:00,8,-0.00014917
2023-09-15 00:00,8,-0.00035717
2023-09-15 08:00,8,7.15e-06
2023-09-15 16:00,8,2.551e-05
2023-09-16 00:00,8,6.088e-05
2023-09-16 08:00,8,-8.686e-05
2023-09-16 16:00,8,-0.00015169
2023-09-17 00:00,8,-0.00012491
2023-09-17 08:00,8,-0.00024477
2023-09-17 16:00,8,-0.00032355
2023-09-18 00:00,8,-0.00018023
2023-09-18 08:00,8,-1.829e-05
2023-09-18 16:00,8,-2.085e-05
2023-09-19 00:00,8,-8.15e-06
2023-09-19 08:00,8,-7.128e-05
2023-09-19 16:00,8,-0.00013893
2023-09-20 00:00,8,-0.00034652
2023-09-20 08:00,8,-0.00010824
2023-09-20 16:00,8,2.272e-05
2023-09-21 00:00,8,-5.85e-06
2023-09-21 08:00,8,-0.0001374
2023-09-21 16:00,8,-0.00041951
2023-09-22 00:00,8,-7.947e-05
2023-09-22 08:00,8,-3.862e-05
2023-09-22 16:00,8,-0.00016374
2023-09-23 00:00,8,7.939e-05
2023-09-23 08:00,8,-3.616e-05
2023-09-23 16:00,8,2.74e-06
2023-09-24 00:00,8,-3.611e-05
2023-09-24 08:00,8,3.02e-06
2023-09-24 16:00,8,-8.061e-05
2023-09-25 00:00,8,-6.214e-05
2023-09-25 08:00,8,5.358e-05
2023-09-25 16:00,8,0.0001
2023-09-26 00:00,8,4.732e-05
2023-09-26 08:00,8,-4.276e-05
2023-09-26 16:00,8,-2.596e-05
2023-09-27 00:00,8,1.401e-05
2023-09-27 08:00,8,-3.04e-06
2023-09-27 16:00,8,-7.008e-05
2023-09-28 00:00,8,-0.00018751
2023-09-28 08:00,8,-3.769e-05
2023-09-28 16:00,8,-2.671e-05
2023-09-29 00:00,8,-0.00012673
2023-09-29 08:00,8,-9.232e-05
2023-09-29 16:00,8,-7.286e-05
2023-09-30 00:00,8,3.095e-05
2023-09-30 08:00,8,5.973e-05
2023-09-30 16:00,8,9.546e-05
2023-10-01 00:00,8,3.655e-05
2023-10-01 08:00,8,5.142e-05
2023-10-01 16:00,8,1.697e-05
2023-10-02 00:00,8,6.136e-05
2023-10-02 08:00,8,-1.405e-05
2023-10-02 16:00,8,9.071e-05
2023-10-03 00:00,8,5.108e-05
2023-10-03 08:00,8,-3.111e-05
2023-10-03 16:00,8,-3.248e-05
2023-10-04 00:00,8,8.136e-05
2023-10-04 08:00,8,-4.28e-06
2023-10-04 16:00,8,-0.00019302
2023-10-05 00:00,8,-0.00021772
2023-10-05 08:00,8,-0.0001969
2023-10-05 16:00,8,-0.00018928
2023-10-06 00:00,8,-0.00016439
2023-10-06 08:00,8,-0.00018928
2023-10-06 16:00,8,-0.00017305
2023-10-07 00:00,8,-0.00018289
2023-10-07 08:00,8,-0.00012218
2023-10-07 16:00,8,-0.00021686
2023-10-08 00:00,8,-0.00015284
2023-10-08 08:00,8,-0.00019046
2023-10-08 16:00,8,-0.00015717
2023-10-09 00:00,8,-0.00025472
2023-10-09 08:00,8,-9.102e-05
2023-10-09 16:00,8,-0.00031141
2023-10-10 00:00,8,-0.00054138
2023-10-10 08:00,8,-0.00023921
2023-10-10 16:00,8,-5.444e-05
2023-10-11 00:00,8,-0.00029603
2023-10-11 08:00,8,-0.00038215
2023-10-11 16:00,8,-0.00043362
2023-10-12 00:00,8,-0.00014016
2023-10-12 08:00,8,-0.00020467
2023-10-12 16:00,8,1.268e-05
2023-10-13 00:00,8,-0.00018899
2023-10-13 08:00,8,-0.00014971
2023-10-13 16:00,8,-8.487e-05
2023-10-14 00:00,8,-7.935e-05
2023-10-14 08:00,8,-2.738e-05
2023-10-14 16:00,8,-8.158e-05
2023-10-15 00:00,8,-2.572e-05
2023-10-15 08:00,8,0.0001
2023-10-15 16:00,8,4.972e-05
2023-10-16 00:00,8,-1.97e-06
2023-10-16 08:00,8,-5.838e-05
2023-10-16 16:00,8,-0.00018785
2023-10-17 00:00,8,-0.00020277
2023-10-17 08:00,8,-0.00014349
2023-10-17 16:00,8,-3.505e-05
2023-10-18 00:00,8,-6.616e-05
2023-10-18 08:00,8,6.14e-05
2023-10-18 16:00,8,4.011e-05
2023-10-19 00:00,8,5.632e-05
2023-10-19 08:00,8,3.478e-05
2023-10-19 16:00,8,1.536e-05
2023-10-20 00:00,8,6.467e-05
2023-10-20 08:00,8,1.97e-05
2023-10-20 16:00,8,-1.626e-05
2023-10-21 00:00,8,5.506e-05
2023-10-21 08:00,8,0.0001
2023-10-21 16:00,8,5.434e-05
2023-10-22 00:00,8,2.61e-05
2023-10-22 08:00,8,3.217e-05
2023-10-22 16:00,8,1.49e-06
2023-10-23 00:00,8,6.608e-05
2023-10-23 08:00,8,-1.62e-06
2023-10-23 16:00,8,1.162e-05
2023-10-24 00:00,8,8.03e-05
2023-10-24 08:00,8,0.0001
2023-10-24 16:00,8,0.0001
2023-10-25 00:00,8,0.0001
2023-10-25 08:00,8,0.0001
2023-10-25 16:00,8,0.0001
2023-10-26 00:00,8,6.683e-05
2023-10-26 08:00,8,0.0001
2023-10-26 16:00,8,0.0001
2023-10-27 00:00,8,0.0001
2023-10-27 08:00,8,0.0001
2023-10-27 16:00,8,0.0001
2023-10-28 00:00,8,0.0001
2023-10-28 08:00,8,0.0001
2023-10-28 16:00,8,0.0001
2023-10-29 00:00,8,0.0001
2023-10-29 08:00,8,0.0001
2023-10-29 16:00,8,0.0001
2023-10-30 00:00,8,0.0001
2023-10-30 08:00,8,0.0001
2023-10-30 16:00,8,-9.286e-05
2023-10-31 00:00,8,-0.0004917
2023-10-31 08:00,8,0.0001
2023-10-31 16:00,8,-0.00029737
2023-11-01 00:00,8,6.2e-06
2023-11-01 08:00,8,0.0001
2023-11-01 16:00,8,0.0001
2023-11-02 00:00,8,0.0001
2023-11-02 08:00,8,0.0001
2023-11-02 16:00,8,0.0001
2023-11-03 00:00,8,0.0001
2023-11-03 08:00,8,0.0001
2023-11-03 16:00,8,0.0001
2023-11-04 00:00,8,0.0001
2023-11-04 08:00,8,0.0001
2023-11-04 16:00,8,0.0001
2023-11-05 00:00,8,0.0001
2023-11-05 08:00,8,0.0001
2023-11-05 16:00,8,0.0001
2023-11-06 00:00,8,0.0001
2023-11-06 08:00,8,0.0001
2023-11-06 16:00,8,0.0001
2023-11-07 00:00,8,0.0001
2023-11-07 08:00,8,0.0001
2023-11-07 16:00,8,0.0001
2023-11-08 00:00,8,0.0001
2023-11-08 08:00,8,0.0001
2023-11-08 16:00,8,0.0001
2023-11-09 00:00,8,0.0001
2023-11-09 08:00,8,0.0001
2023-11-09 16:00,8,0.0001
2023-11-10 00:00,8,-0.000316
2023-11-10 08:00,8,8.702e-05
2023-11-10 16:00,8,0.0001
2023-11-11 00:00,8,0.0001
2023-11-11 08:00,8,0.0001
2023-11-11 16:00,8,4.703e-05
2023-11-12 00:00,8,0.0001
2023-11-12 08:00,8,0.0001
2023-11-12 16:00,8,0.0001
2023-11-13 00:00,8,0.0001
2023-11-13 08:00,8,4.911e-05
2023-11-13 16:00,8,0.0001
2023-11-14 00:00,8,0.0001
2023-11-14 08:00,8,0.0001
2023-11-14 16:00,8,6.313e-05
2023-11-15 00:00,8,0.0001
2023-11-15 08:00,8,0.0001
2023-11-15 16:00,8,0.0001
2023-11-16 00:00,8,0.0001
2023-11-16 08:00,8,0.0001
2023-11-16 16:00,8,0.0001
2023-11-17 00:00,8,0.0001
2023-11-17 08:00,8,0.0001
2023-11-17 16:00,8,0.0001
2023-11-18 00:00,8,7.263e-05
2023-11-18 08:00,8,0.0001
2023-11-18 16:00,8,0.0001
2023-11-19 00:00,8,0.0001
2023-11-19 08:00,8,0.0001
2023-11-19 16:00,8,0.0001
2023-11-20 00:00,8,0.0001
2023-11-20 08:00,8,0.0001
2023-11-20 16:00,8,0.0001
2023-11-21 00:00,8,0.0001
2023-11-21 08:00,8,-0.0001796
2023-11-21 16:00,8,0.0001
2023-11-22 00:00,8,8.081e-05
2023-11-22 08:00,8,-0.0002959
2023-11-22 16:00,8,0.0001
2023-11-23 00:00,8,-1.513e-05
2023-11-23 08:00,8,3.016e-05
2023-11-23 16:00,8,9.855e-05
2023-11-24 00:00,8,9.56e-05
2023-11-24 08:00,8,-0.00011408
2023-11-24 16:00,8,0.0001
2023-11-25 00:00,8,0.0001
2023-11-25 08:00,8,0.0001
2023-11-25 16:00,8,0.0001
2023-11-26 00:00,8,0.0001
2023-11-26 08:00,8,0.0001
2023-11-26 16:00,8,0.0001
2023-11-27 00:00,8,0.0001
2023-11-27 08:00,8,0.0001
2023-11-27 16:00,8,0.0001
2023-11-28 00:00,8,0.0001
2023-11-28 08:00,8,0.0001
2023-11-28 16:00,8,0.0001
2023-11-29 00:00,8,0.0001
2023-11-29 08:00,8,0.0001
2023-11-29 16:00,8,0.0001
2023-11-30 00:00,8,-2.315e-05
2023-11-30 08:00,8,5.268e-05
2023-11-30 16:00,8,0.0001
2023-12-01 00:00,8,0.0001
2023-12-01 08:00,8,0.0001
2023-12-01 16:00,8,-2.687e-05
2023-12-02 00:00,8,-7.095e-05
2023-12-02 08:00,8,7.881e-05
2023-12-02 16:00,8,5.237e-05
2023-12-03 00:00,8,0.0001
2023-12-03 08:00,8,-0.00020381
2023-12-03 16:00,8,-4.642e-05
2023-12-04 00:00,8,0.0001
2023-12-04 08:00,8,0.00014844
2023-12-04 16:00,8,0.0001
2023-12-05 00:00,8,0.0001
2023-12-05 08:00,8,0.0001
2023-12-05 16:00,8,0.0001
2023-12-06 00:00,8,0.0001
2023-12-06 08:00,8,0.0001
2023-12-06 16:00,8,0.0001
2023-12-07 00:00,8,0.0001
2023-12-07 08:00,8,0.0001
2023-12-07 16:00,8,0.0001
2023-12-08 00:00,8,0.00023529
2023-12-08 08:00,8,0.0002058
2023-12-08 16:00,8,0.0001
2023-12-09 00:00,8,0.00026101
2023-12-09 08:00,8,0.0001
2023-12-09 16:00,8,0.00014252
2023-12-10 00:00,8,0.0001
2023-12-10 08:00,8,0.0001
2023-12-10 16:00,8,0.0001
2023-12-11 00:00,8,0.0001
2023-12-11 08:00,8,0.0001
2023-12-11 16:00,8,0.0001
2023-12-12 00:00,8,0.0001
2023-12-12 08:00,8,0.0001
2023-12-12 16:00,8,-0.00025272
2023-12-13 00:00,8,0.0001
2023-12-13 08:00,8,0.0001
2023-12-13 16:00,8,0.0001
2023-12-14 00:00,8,2.62e-05
2023-12-14 08:00,8,0.0001
2023-12-14 16:00,8,0.0001
2023-12-15 00:00,8,0.0001
2023-12-15 08:00,8,0.0001
2023-12-15 16:00,8,0.0001
2023-12-16 00:00,8,0.0001
2023-12-16 08:00,8,0.0001
2023-12-16 16:00,8,0.0001
2023-12-17 00:00,8,0.0001
2023-12-17 08:00,8,0.0001
2023-12-17 16:00,8,0.0001
2023-12-18 00:00,8,0.0001
2023-12-18 08:00,8,0.0001
2023-12-18 16:00,8,0.0001
2023-12-19 00:00,8,0.0001
2023-12-19 08:00,8,0.0001
2023-12-19 16:00,8,0.0001
2023-12-20 00:00,8,0.0001
2023-12-20 08:00,8,0.0001
2023-12-20 16:00,8,0.0001
2023-12-21 00:00,8,0.0001
2023-12-21 08:00,8,0.00026917
2023-12-21 16:00,8,0.00010437
2023-12-22 00:00,8,0.00021187
2023-12-22 08:00,8,0.00025577
2023-12-22 16:00,8,0.00045473
2023-12-23 00:00,8,0.00037779
2023-12-23 08:00,8,0.00037278
2023-12-23 16:00,8,0.00026687
2023-12-24 00:00,8,0.00034492
2023-12-24 08:00,8,0.00022986
2023-12-24 16:00,8,0.00018642
2023-12-25 00:00,8,0.0001
2023-12-25 08:00,8,0.00031462
2023-12-25 16:00,8,0.00039846
2023-12-26 00:00,8,0.00055331
2023-12-26 08:00,8,0.0002238
2023-12-26 16:00,8,0.00037853
2023-12-27 00:00,8,0.00019928
2023-12-27 08:00,8,0.00033318
2023-12-27 16:00,8,0.00047539
2023-12-28 00:00,8,0.00040032
2023-12-28 08:00,8,0.00080639
2023-12-28 16:00,8,0.0005883
2023-12-29 00:00,8,0.0004221
2023-12-29 08:00,8,0.00059795
2023-12-29 16:00,8,0.00051046
2023-12-30 00:00,8,0.00036759
2023-12-30 08:00,8,0.00042333
2023-12-30 16:00,8,0.00035526
2023-12-31 00:00,8,0.00029824
2023-12-31 08:00,8,0.00047926
2023-12-31 16:00,8,0.00039431
2024-01-01 00:00,8,0.00039194
2024-01-01 08:00,8,0.00034373
2024-01-01 16:00,8,0.0003887
2024-01-02 00:00,8,0.00053204
2024-01-02 08:00,8,0.0004471
2024-01-02 16:00,8,0.00044069
2024-01-03 00:00,8,0.00025758
2024-01-03 08:00,8,0.00033617
2024-01-03 16:00,8,0.0001
2024-01-04 00:00,8,5.5e-05
2024-01-04 08:00,8,0.0001
2024-01-04 16:00,8,0.0001
2024-01-05 00:00,8,0.0001
2024-01-05 08:00,8,0.0001
2024-01-05 16:00,8,3.393e-05
2024-01-06 00:00,8,-6.63e-06
2024-01-06 08:00,8,-1.624e-05
2024-01-06 16:00,8,0.0001
2024-01-07 00:00,8,0.0001
2024-01-07 08:00,8,0.0001
2024-01-07 16:00,8,0.0001
2024-01-08 00:00,8,0.0001
2024-01-08 08:00,8,9.535e-05
2024-01-08 16:00,8,-4.655e-05
2024-01-09 00:00,8,0.0001
2024-01-09 08:00,8,0.0001
2024-01-09 16:00,8,0.0001
2024-01-10 00:00,8,0.0001
2024-01-10 08:00,8,0.0001
2024-01-10 16:00,8,0.0001
2024-01-11 00:00,8,0.0001
2024-01-11 08:00,8,0.0001
2024-01-11 16:00,8,0.0001
2024-01-12 00:00,8,0.0001
2024-01-12 08:00,8,0.0001
2024-01-12 16:00,8,0.0001
2024-01-13 00:00,8,0.0001
2024-01-13 08:00,8,0.0001
2024-01-13 16:00,8,0.0001
2024-01-14 00:00,8,0.0001
2024-01-14 08:00,8,0.0001
2024-01-14 16:00,8,0.0001
2024-01-15 00:00,8,0.0001
2024-01-15 08:00,8,0.0001
2024-01-15 16:00,8,-5.423e-05
2024-01-16 00:00,8,0.0001
2024-01-16 08:00,8,0.0001
2024-01-16 16:00,8,0.0001
2024-01-17 00:00,8,0.0001
2024-01-17 08:00,8,0.0001
2024-01-17 16:00,8,0.0001
2024-01-18 00:00,8,0.0001
2024-01-18 08:00,8,0.0001
2024-01-18 16:00,8,0.0001
2024-01-19 00:00,8,0.0001
2024-01-19 08:00,8,0.0001
2024-01-19 16:00,8,0.0001
2024-01-20 00:00,8,0.0001
2024-01-20 08:00,8,0.0001
2024-01-20 16:00,8,0.0001
2024-01-21 00:00,8,0.0001
2024-01-21 08:00,8,0.0001
2024-01-21 16:00,8,0.0001
2024-01-22 00:00,8,0.0001
2024-01-22 08:00,8,0.0001
2024-01-22 16:00,8,0.0001
2024-01-23 00:00,8,5.611e-05
2024-01-23 08:00,8,0.0001
2024-01-23 16:00,8,-0.0001278
2024-01-24 00:00,8,-4.189e-05
2024-01-24 08:00,8,0.0001
2024-01-24 16:00,8,-4.735e-05
2024-01-25 00:00,8,0.0001
2024-01-25 08:00,8,0.0001
2024-01-25 16:00,8,0.0001
2024-01-26 00:00,8,0.0001
2024-01-26 08:00,8,4.72e-05
2024-01-26 16:00,8,-0.00018412
2024-01-27 00:00,8,5.82e-05
2024-01-27 08:00,8,8.785e-05
2024-01-27 16:00,8,5.728e-05
2024-01-28 00:00,8,5.966e-05
2024-01-28 08:00,8,0.0001
2024-01-28 16:00,8,6.839e-05
2024-01-29 00:00,8,0.0001
2024-01-29 08:00,8,0.0001
2024-01-29 16:00,8,0.0001
2024-01-30 00:00,8,7.524e-05
2024-01-30 08:00,8,8.92e-05
2024-01-30 16:00,8,8.499e-05
2024-01-31 00:00,8,0.0001
2024-01-31 08:00,8,0.0001
2024-01-31 16:00,8,0.0001
2024-02-01 00:00,8,2.044e-05
2024-02-01 08:00,8,0.0001
2024-02-01 16:00,8,-5.58e-06
2024-02-02 00:00,8,8.524e-05
2024-02-02 08:00,8,9.82e-05
2024-02-02 16:00,8,-1.007e-05
2024-02-03 00:00,8,0.0001
2024-02-03 08:00,8,5.611e-05
2024-02-03 16:00,8,3.985e-05
2024-02-04 00:00,8,4.174e-05
2024-02-04 08:00,8,-1.262e-05
2024-02-04 16:00,8,1.015e-05
2024-02-05 00:00,8,-2.805e-05
2024-02-05 08:00,8,8.038e-05
2024-02-05 16:00,8,5.414e-05
2024-02-06 00:00,8,-6.512e-05
2024-02-06 08:00,8,9.576e-05
2024-02-06 16:00,8,0.0001
2024-02-07 00:00,8,0.0001
2024-02-07 08:00,8,0.0001
2024-02-07 16:00,8,-1.064e-05
2024-02-08 00:00,8,-8.349e-05
2024-02-08 08:00,8,7.111e-05
2024-02-08 16:00,8,0.0001
2024-02-09 00:00,8,-5.236e-05
2024-02-09 08:00,8,6.614e-05
2024-02-09 16:00,8,7.868e-05
2024-02-10 00:00,8,0.0001
2024-02-10 08:00,8,0.0001
2024-02-10 16:00,8,0.0001
2024-02-11 00:00,8,0.0001
2024-02-11 08:00,8,7.113e-05
2024-02-11 16:00,8,0.0001
2024-02-12 00:00,8,0.0001
2024-02-12 08:00,8,0.0001
2024-02-12 16:00,8,0.0001
2024-02-13 00:00,8,0.0001
2024-02-13 08:00,8,0.0001
2024-02-13 16:00,8,0.0001
2024-02-14 00:00,8,0.0001
2024-02-14 08:00,8,0.0001
2024-02-14 16:00,8,0.0001
2024-02-15 00:00,8,0.0001
2024-02-15 08:00,8,0.00013655
2024-02-15 16:00,8,0.00014885
2024-02-16 00:00,8,0.00028773
2024-02-16 08:00,8,0.00022308
2024-02-16 16:00,8,0.0001
2024-02-17 00:00,8,0.0001
2024-02-17 08:00,8,0.00011468
2024-02-17 16:00,8,0.0001
2024-02-18 00:00,8,0.0001
2024-02-18 08:00,8,0.00020919
2024-02-18 16:00,8,0.0001584
2024-02-19 00:00,8,0.00012511
2024-02-19 08:00,8,0.00036461
2024-02-19 16:00,8,0.00021
2024-02-20 00:00,8,0.00044876
2024-02-20 08:00,8,0.00039402
2024-02-20 16:00,8,0.00019544
2024-02-21 00:00,8,0.00012538
2024-02-21 08:00,8,0.0001
2024-02-21 16:00,8,0.0001
2024-02-22 00:00,8,0.0001
2024-02-22 08:00,8,0.00017456
2024-02-22 16:00,8,0.00015759
2024-02-23 00:00,8,0.0001
2024-02-23 08:00,8,0.0001
2024-02-23 16:00,8,0.00012581
2024-02-24 00:00,8,0.0001
2024-02-24 08:00,8,0.00020118
2024-02-24 16:00,8,0.00024956
2024-02-25 00:00,8,0.00010578
2024-02-25 08:00,8,0.00028923
2024-02-25 16:00,8,0.00021472
2024-02-26 00:00,8,0.0003482
2024-02-26 08:00,8,0.0002881
2024-02-26 16:00,8,0.00028298
2024-02-27 00:00,8,0.00021282
2024-02-27 08:00,8,0.00035343
2024-02-27 16:00,8,0.00032291
2024-02-28 00:00,8,0.0001
2024-02-28 08:00,8,0.00017057
2024-02-28 16:00,8,0.00047213
2024-02-29 00:00,8,0.00016684
2024-02-29 08:00,8,0.0006068
2024-02-29 16:00,8,0.00064645
2024-03-01 00:00,8,0.00052614
2024-03-01 08:00,8,0.00063231
2024-03-01 16:00,8,0.00055075
2024-03-02 00:00,8,0.00075561
2024-03-02 08:00,8,0.00103751
2024-03-02 16:00,8,0.0007672
2024-03-03 00:00,8,0.00084872
2024-03-03 08:00,8,0.00059092
2024-03-03 16:00,8,0.00049814
2024-03-04 00:00,8,0.00051539
2024-03-04 08:00,8,0.00063362
2024-03-04 16:00,8,0.00047553
2024-03-05 00:00,8,0.00048543
2024-03-05 08:00,8,0.00105136
2024-03-05 16:00,8,0.00078676
2024-03-06 00:00,8,0.0001
2024-03-06 08:00,8,0.00014214
2024-03-06 16:00,8,0.00027121
2024-03-07 00:00,8,0.00021258
2024-03-07 08:00,8,0.00039157
2024-03-07 16:00,8,0.00037438
2024-03-08 00:00,8,0.00040572
2024-03-08 08:00,8,0.00067245
2024-03-08 16:00,8,0.00054922
2024-03-09 00:00,8,0.00034867
2024-03-09 08:00,8,0.00051681
2024-03-09 16:00,8,0.00063073
2024-03-10 00:00,8,0.00066162
2024-03-10 08:00,8,0.00073867
2024-03-10 16:00,8,0.00045349
2024-03-11 00:00,8,0.00038744
2024-03-11 08:00,8,0.00051725
2024-03-11 16:00,8,0.00065701
2024-03-12 00:00,8,0.00071399
2024-03-12 08:00,8,0.00062752
2024-03-12 16:00,8,0.0004619
2024-03-13 00:00,8,0.00055052
2024-03-13 08:00,8,0.0006379
2024-03-13 16:00,8,0.00060439
2024-03-14 00:00,8,0.00041721
2024-03-14 08:00,8,0.00061996
2024-03-14 16:00,8,0.00050728
2024-03-15 00:00,8,0.0005352
2024-03-15 08:00,8,0.00022682
2024-03-15 16:00,8,0.00019777
2024-03-16 00:00,8,0.00016559
2024-03-16 08:00,8,0.00034457
2024-03-16 16:00,8,0.00015213
2024-03-17 00:00,8,0.0001
2024-03-17 08:00,8,0.00010887
2024-03-17 16:00,8,0.0001
2024-03-18 00:00,8,0.0001
2024-03-18 08:00,8,0.00021775
2024-03-18 16:00,8,0.00029936
2024-03-19 00:00,8,0.00029244
2024-03-19 08:00,8,0.00011346
2024-03-19 16:00,8,0.0001
2024-03-20 00:00,8,0.00012705
2024-03-20 08:00,8,0.0001061
2024-03-20 16:00,8,0.00010263
2024-03-21 00:00,8,0.0001
2024-03-21 08:00,8,0.00014963
2024-03-21 16:00,8,0.0001
2024-03-22 00:00,8,0.0002975
2024-03-22 08:00,8,0.00013458
2024-03-22 16:00,8,0.00012327
2024-03-23 00:00,8,0.00016594
2024-03-23 08:00,8,0.00020096
2024-03-23 16:00,8,0.00013492
2024-03-24 00:00,8,0.0001
2024-03-24 08:00,8,0.00013885
2024-03-24 16:00,8,0.00012713
2024-03-25 00:00,8,0.0001
2024-03-25 08:00,8,0.0001
2024-03-25 16:00,8,0.0001
2024-03-26 00:00,8,0.0001
2024-03-26 08:00,8,0.00022261
2024-03-26 16:00,8,0.00024117
2024-03-27 00:00,8,0.00028255
2024-03-27 08:00,8,0.00032562
2024-03-27 16:00,8,0.00033492
2024-03-28 00:00,8,0.00029542
2024-03-28 08:00,8,0.00032608
2024-03-28 16:00,8,0.00028031
2024-03-29 00:00,8,0.00040232
2024-03-29 08:00,8,0.00036545
2024-03-29 16:00,8,0.00043327
2024-03-30 00:00,8,0.00057079
2024-03-30 08:00,8,0.00043233
2024-03-30 16:00,8,0.00046027
2024-03-31 00:00,8,0.0003831
2024-03-31 08:00,8,0.00045781
2024-03-31 16:00,8,0.00034094
2024-04-01 00:00,8,0.00062973
2024-04-01 08:00,8,0.00047496
2024-04-01 16:00,8,0.00029303
2024-04-02 00:00,8,0.00016326
2024-04-02 08:00,8,0.0001
2024-04-02 16:00,8,0.00010773
2024-04-03 00:00,8,0.00016624
2024-04-03 08:00,8,0.00010985
2024-04-03 16:00,8,0.0001
2024-04-04 00:00,8,0.00010969
2024-04-04 08:00,8,0.0001737
2024-04-04 16:00,8,0.000196
2024-04-05 00:00,8,0.00012465
2024-04-05 08:00,8,0.0001104
2024-04-05 16:00,8,0.00015048
2024-04-06 00:00,8,0.00024724
2024-04-06 08:00,8,0.00016634
2024-04-06 16:00,8,0.00024456
2024-04-07 00:00,8,0.00010953
2024-04-07 08:00,8,0.0001
2024-04-07 16:00,8,0.00013763
2024-04-08 00:00,8,0.00027913
2024-04-08 08:00,8,0.00020297
2024-04-08 16:00,8,0.00024813
2024-04-09 00:00,8,0.00030632
2024-04-09 08:00,8,0.0001707
2024-04-09 16:00,8,0.00018741
2024-04-10 00:00,8,0.00017028
2024-04-10 08:00,8,0.00014606
2024-04-10 16:00,8,0.00011218
2024-04-11 00:00,8,0.00017371
2024-04-11 08:00,8,0.00016054
2024-04-11 16:00,8,0.00020582
2024-04-12 00:00,8,0.0001
2024-04-12 08:00,8,0.0001
2024-04-12 16:00,8,0.0001
2024-04-13 00:00,8,0.0001
2024-04-13 08:00,8,0.0001
2024-04-13 16:00,8,0.0001
2024-04-14 00:00,8,-0.00065396
2024-04-14 08:00,8,-0.00026037
2024-04-14 16:00,8,3.835e-05
2024-04-15 00:00,8,-0.00025472
2024-04-15 08:00,8,-0.00029796
2024-04-15 16:00,8,-8.066e-05
2024-04-16 00:00,8,2.543e-05
2024-04-16 08:00,8,0.0001
2024-04-16 16:00,8,-6.411e-05
2024-04-17 00:00,8,5.312e-05
2024-04-17 08:00,8,1.216e-05
2024-04-17 16:00,8,-6.572e-05
2024-04-18 00:00,8,8.84e-06
2024-04-18 08:00,8,0.0001
2024-04-18 16:00,8,3.705e-05
2024-04-19 00:00,8,-8.84e-06
2024-04-19 08:00,8,-4.28e-05
2024-04-19 16:00,8,9.082e-05
2024-04-20 00:00,8,0.0001
2024-04-20 08:00,8,-6.774e-05
2024-04-20 16:00,8,-5.972e-05
2024-04-21 00:00,8,-0.00014628
2024-04-21 08:00,8,7.25e-05
2024-04-21 16:00,8,-0.0001309
2024-04-22 00:00,8,-9.568e-05
2024-04-22 08:00,8,-0.00012125
2024-04-22 16:00,8,-0.00014117
2024-04-23 00:00,8,-0.00012056
2024-04-23 08:00,8,-0.00020044
2024-04-23 16:00,8,-1.968e-05
2024-04-24 00:00,8,-0.00013243
2024-04-24 08:00,8,5.825e-05
2024-04-24 16:00,8,0.0001
2024-04-25 00:00,8,0.0001
2024-04-25 08:00,8,0.0001
2024-04-25 16:00,8,0.0001
2024-04-26 00:00,8,8.9e-05
2024-04-26 08:00,8,0.0001
2024-04-26 16:00,8,-1.694e-05
2024-04-27 00:00,8,7.813e-05
2024-04-27 08:00,8,-4.864e-05
2024-04-27 16:00,8,5.005e-05
2024-04-28 00:00,8,-1.491e-05
2024-04-28 08:00,8,-7.461e-05
2024-04-28 16:00,8,-4.12e-06
2024-04-29 00:00,8,3.272e-05
2024-04-29 08:00,8,0.0001
2024-04-29 16:00,8,2.42e-06
2024-04-30 00:00,8,-1.881e-05
2024-04-30 08:00,8,-7.62e-06
2024-04-30 16:00,8,-0.00017562
2024-05-01 00:00,8,-0.00047235
2024-05-01 08:00,8,-0.00041152
2024-05-01 16:00,8,-0.00017574
2024-05-02 00:00,8,-0.00021408
2024-05-02 08:00,8,-1.184e-05
2024-05-02 16:00,8,-0.00029648
2024-05-03 00:00,8,-0.0002286
2024-05-03 08:00,8,-0.00035244
2024-05-03 16:00,8,-0.00026572
2024-05-04 00:00,8,-0.00025176
2024-05-04 08:00,8,-8.759e-05
2024-05-04 16:00,8,-0.00012417
2024-05-05 00:00,8,-5.191e-05
2024-05-05 08:00,8,5.864e-05
2024-05-05 16:00,8,9.348e-05
2024-05-06 00:00,8,0.0001
2024-05-06 08:00,8,2.107e-05
2024-05-06 16:00,8,0.0001
2024-05-07 00:00,8,0.0001
2024-05-07 08:00,8,0.0001
2024-05-07 16:00,8,0.0001
2024-05-08 00:00,8,0.0001
2024-05-08 08:00,8,0.0001
2024-05-08 16:00,8,0.0001
2024-05-09 00:00,8,0.0001
2024-05-09 08:00,8,0.0001
2024-05-09 16:00,8,0.0001
2024-05-10 00:00,8,0.0001
2024-05-10 08:00,8,0.0001
2024-05-10 16:00,8,0.0001
2024-05-11 00:00,8,0.0001
2024-05-11 08:00,8,0.0001
2024-05-11 16:00,8,0.0001
2024-05-12 00:00,8,0.0001
2024-05-12 08:00,8,4.722e-05
2024-05-12 16:00,8,6.583e-05
2024-05-13 00:00,8,8.056e-05
2024-05-13 08:00,8,0.0001
2024-05-13 16:00,8,0.0001
2024-05-14 00:00,8,7.684e-05
2024-05-14 08:00,8,8.004e-05
2024-05-14 16:00,8,9.316e-05
2024-05-15 00:00,8,7.808e-05
2024-05-15 08:00,8,-5.54e-06
2024-05-15 16:00,8,0.0001
2024-05-16 00:00,8,0.0001
2024-05-16 08:00,8,0.0001
2024-05-16 16:00,8,0.0001
2024-05-17 00:00,8,0.0001
2024-05-17 08:00,8,0.0001
2024-05-17 16:00,8,8.573e-05
2024-05-18 00:00,8,0.0001
2024-05-18 08:00,8,0.0001
2024-05-18 16:00,8,0.0001
2024-05-19 00:00,8,0.0001
2024-05-19 08:00,8,0.0001
2024-05-19 16:00,8,0.0001
2024-05-20 00:00,8,0.0001
2024-05-20 08:00,8,0.0001
2024-05-20 16:00,8,5.1e-07
2024-05-21 00:00,8,0.0001
2024-05-21 08:00,8,0.0001
2024-05-21 16:00,8,0.0001
2024-05-22 00:00,8,0.0001
2024-05-22 08:00,8,0.0001
2024-05-22 16:00,8,0.0001
2024-05-23 00:00,8,0.0001
2024-05-23 08:00,8,0.00011386
2024-05-23 16:00,8,0.0001
2024-05-24 00:00,8,0.0001
2024-05-24 08:00,8,0.0001
2024-05-24 16:00,8,0.0001
2024-05-25 00:00,8,0.0001
2024-05-25 08:00,8,0.0001
2024-05-25 16:00,8,0.0001
2024-05-26 00:00,8,0.0001
2024-05-26 08:00,8,0.0001
2024-05-26 16:00,8,0.0001
2024-05-27 00:00,8,0.0001
2024-05-27 08:00,8,0.0001
2024-05-27 16:00,8,0.0001
2024-05-28 00:00,8,0.0001
2024-05-28 08:00,8,0.0001
2024-05-28 16:00,8,0.0001
2024-05-29 00:00,8,0.00013093
2024-05-29 08:00,8,0.0001
2024-05-29 16:00,8,0.0001
2024-05-30 00:00,8,0.0001
2024-05-30 08:00,8,0.0001
2024-05-30 16:00,8,0.0001
2024-05-31 00:00,8,0.0001
2024-05-31 08:00,8,0.0001
2024-05-31 16:00,8,0.0001
2024-06-01 00:00,8,0.0001
2024-06-01 08:00,8,0.0001
2024-06-01 16:00,8,0.0001
2024-06-02 00:00,8,0.0001
2024-06-02 08:00,8,0.0001
2024-06-02 16:00,8,0.0001
2024-06-03 00:00,8,0.0001
2024-06-03 08:00,8,0.0001
2024-06-03 16:00,8,0.0001
2024-06-04 00:00,8,0.0001
2024-06-04 08:00,8,0.0001
2024-06-04 16:00,8,0.0001
2024-06-05 00:00,8,0.00010099
2024-06-05 08:00,8,0.0001
2024-06-05 16:00,8,0.0001
2024-06-06 00:00,8,0.0001
2024-06-06 08:00,8,0.00018509
2024-06-06 16:00,8,0.0001
2024-06-07 00:00,8,0.00014893
2024-06-07 08:00,8,0.00018674
2024-06-07 16:00,8,0.00011766
2024-06-08 00:00,8,0.0001
2024-06-08 08:00,8,7.065e-05
2024-06-08 16:00,8,-0.00021114
2024-06-09 00:00,8,-4.087e-05
2024-06-09 08:00,8,1.2e-06
2024-06-09 16:00,8,-0.00024424
2024-06-10 00:00,8,-7.59e-06
2024-06-10 08:00,8,0.0001
2024-06-10 16:00,8,0.0001
2024-06-11 00:00,8,0.0001
2024-06-11 08:00,8,0.0001
2024-06-11 16:00,8,0.0001
2024-06-12 00:00,8,0.0001
2024-06-12 08:00,8,0.0001
2024-06-12 16:00,8,0.0001
2024-06-13 00:00,8,0.0001
2024-06-13 08:00,8,0.0001
2024-06-13 16:00,8,0.0001
2024-06-14 00:00,8,-4.818e-05
2024-06-14 08:00,8,9.511e-05
2024-06-14 16:00,8,-1.763e-05
2024-06-15 00:00,8,-4.086e-05
2024-06-15 08:00,8,-8.409e-05
2024-06-15 16:00,8,0.0001
2024-06-16 00:00,8,0.0001
2024-06-16 08:00,8,8.887e-05
2024-06-16 16:00,8,-7.073e-05
2024-06-17 00:00,8,-0.00014727
2024-06-17 08:00,8,5.125e-05
2024-06-17 16:00,8,-0.00015539
2024-06-18 00:00,8,-6.258e-05
2024-06-18 08:00,8,-0.00021342
2024-06-18 16:00,8,-0.00029236
2024-06-19 00:00,8,-0.00012472
2024-06-19 08:00,8,-0.00024862
2024-06-19 16:00,8,-0.00010062
2024-06-20 00:00,8,-4.189e-05
2024-06-20 08:00,8,-0.00012584
2024-06-20 16:00,8,6.176e-05
2024-06-21 00:00,8,-6.851e-05
2024-06-21 08:00,8,9.06e-05
2024-06-21 16:00,8,4.21e-05
2024-06-22 00:00,8,3.999e-05
2024-06-22 08:00,8,-4.784e-05
2024-06-22 16:00,8,4.669e-05
2024-06-23 00:00,8,-7.555e-05
2024-06-23 08:00,8,-0.00014817
2024-06-23 16:00,8,8.605e-05
2024-06-24 00:00,8,6.313e-05
2024-06-24 08:00,8,0.0001
2024-06-24 16:00,8,2.759e-05
2024-06-25 00:00,8,-0.00014024
2024-06-25 08:00,8,-0.00013897
2024-06-25 16:00,8,8.25e-05
2024-06-26 00:00,8,-9.864e-05
2024-06-26 08:00,8,8.295e-05
2024-06-26 16:00,8,8.262e-05
2024-06-27 00:00,8,-8.1e-07
2024-06-27 08:00,8,8.224e-05
2024-06-27 16:00,8,0.0001
2024-06-28 00:00,8,0.0001
2024-06-28 08:00,8,0.0001
2024-06-28 16:00,8,0.0001
2024-06-29 00:00,8,0.0001
2024-06-29 08:00,8,0.0001
2024-06-29 16:00,8,4.643e-05
2024-06-30 00:00,8,-0.00011173
2024-06-30 08:00,8,-6.509e-05
2024-06-30 16:00,8,-0.00010041
2024-07-01 00:00,8,-6.697e-05
2024-07-01 08:00,8,2.201e-05
2024-07-01 16:00,8,5.347e-05
2024-07-02 00:00,8,0.0001
2024-07-02 08:00,8,0.0001
2024-07-02 16:00,8,0.0001
2024-07-03 00:00,8,0.0001
2024-07-03 08:00,8,0.0001
2024-07-03 16:00,8,0.0001
2024-07-04 00:00,8,0.0001
2024-07-04 08:00,8,-6.864e-05
2024-07-04 16:00,8,3.312e-05
2024-07-05 00:00,8,1.065e-05
2024-07-05 08:00,8,-0.00037133
2024-07-05 16:00,8,-0.00050172
2024-07-06 00:00,8,-0.00016502
2024-07-06 08:00,8,-6.929e-05
2024-07-06 16:00,8,-0.00022172
2024-07-07 00:00,8,-0.00026835
2024-07-07 08:00,8,2.78e-05
2024-07-07 16:00,8,-6.575e-05
2024-07-08 00:00,8,-5.461e-05
2024-07-08 08:00,8,2.773e-05
2024-07-08 16:00,8,9.68e-06
2024-07-09 00:00,8,-0.00010841
2024-07-09 08:00,8,-0.0003276
2024-07-09 16:00,8,-0.00025915
2024-07-10 00:00,8,-0.000107
2024-07-10 08:00,8,-0.00014534
2024-07-10 16:00,8,0.0001
2024-07-11 00:00,8,0.0001
2024-07-11 08:00,8,8.552e-05
2024-07-11 16:00,8,0.0001
2024-07-12 00:00,8,0.0001
2024-07-12 08:00,8,0.0001
2024-07-12 16:00,8,8.557e-05
2024-07-13 00:00,8,0.0001
2024-07-13 08:00,8,0.0001
2024-07-13 16:00,8,0.0001
2024-07-14 00:00,8,5.968e-05
2024-07-14 08:00,8,0.0001
2024-07-14 16:00,8,6.644e-05
2024-07-15 00:00,8,-5.962e-05
2024-07-15 08:00,8,2.021e-05
2024-07-15 16:00,8,-6.15e-05
2024-07-16 00:00,8,9.577e-05
2024-07-16 08:00,8,0.0001
2024-07-16 16:00,8,0.0001
2024-07-17 00:00,8,0.0001
2024-07-17 08:00,8,0.0001
2024-07-17 16:00,8,0.0001
2024-07-18 00:00,8,0.0001
2024-07-18 08:00,8,0.0001
2024-07-18 16:00,8,0.0001
2024-07-19 00:00,8,6.368e-05
2024-07-19 08:00,8,0.0001
2024-07-19 16:00,8,0.0001
2024-07-20 00:00,8,0.0001
2024-07-20 08:00,8,0.0001
2024-07-20 16:00,8,0.0001
2024-07-21 00:00,8,0.0001
2024-07-21 08:00,8,0.0001
2024-07-21 16:00,8,0.0001
2024-07-22 00:00,8,0.0001
2024-07-22 08:00,8,0.0001
2024-07-22 16:00,8,0.0001
2024-07-23 00:00,8,0.0001
2024-07-23 08:00,8,6.842e-05
2024-07-23 16:00,8,0.0001
2024-07-24 00:00,8,4.588e-05
2024-07-24 08:00,8,0.0001
2024-07-24 16:00,8,0.0001
2024-07-25 00:00,8,8.714e-05
2024-07-25 08:00,8,-5.105e-05
2024-07-25 16:00,8,-0.00011044
2024-07-26 00:00,8,-0.00013832
2024-07-26 08:00,8,-0.00026215
2024-07-26 16:00,8,6.542e-05
2024-07-27 00:00,8,7.691e-05
2024-07-27 08:00,8,9.994e-05
2024-07-27 16:00,8,0.0001
2024-07-28 00:00,8,0.0001
2024-07-28 08:00,8,0.0001
2024-07-28 16:00,8,0.0001
2024-07-29 00:00,8,0.0001
2024-07-29 08:00,8,0.0001
2024-07-29 16:00,8,9.033e-05
2024-07-30 00:00,8,6.877e-05
2024-07-30 08:00,8,0.0001
2024-07-30 16:00,8,0.0001
2024-07-31 00:00,8,0.0001
2024-07-31 08:00,8,0.0001
2024-07-31 16:00,8,-8.755e-05
2024-08-01 00:00,8,-9.002e-05
2024-08-01 08:00,8,-0.00018278
2024-08-01 16:00,8,-0.00024123
2024-08-02 00:00,8,-8.281e-05
2024-08-02 08:00,8,5.229e-05
2024-08-02 16:00,8,-6.21e-05
2024-08-03 00:00,8,-0.0001457
2024-08-03 08:00,8,4.188e-05
2024-08-03 16:00,8,-4.208e-05
2024-08-04 00:00,8,-0.00012244
2024-08-04 08:00,8,-0.00012934
2024-08-04 16:00,8,-0.00017363
2024-08-05 00:00,8,-0.00029143
2024-08-05 08:00,8,-0.0004261
2024-08-05 16:00,8,-0.00013271
2024-08-06 00:00,8,3.461e-05
2024-08-06 08:00,8,-0.00013044
2024-08-06 16:00,8,-0.00010264
2024-08-07 00:00,8,-0.00027087
2024-08-07 08:00,8,-0.00015824
2024-08-07 16:00,8,-0.00031231
2024-08-08 00:00,8,-0.00017516
2024-08-08 08:00,8,-0.00011103
2024-08-08 16:00,8,5.067e-05
2024-08-09 00:00,8,-3.566e-05
2024-08-09 08:00,8,-0.00018095
2024-08-09 16:00,8,-6.528e-05
2024-08-10 00:00,8,-0.00017402
2024-08-10 08:00,8,9.424e-05
2024-08-10 16:00,8,2.176e-05
2024-08-11 00:00,8,-4.832e-05
2024-08-11 08:00,8,9.427e-05
2024-08-11 16:00,8,-0.00026081
2024-08-12 00:00,8,-0.0002676
2024-08-12 08:00,8,-6.042e-05
2024-08-12 16:00,8,-9.091e-05
2024-08-13 00:00,8,-1.078e-05
2024-08-13 08:00,8,8.024e-05
2024-08-13 16:00,8,-0.00024701
2024-08-14 00:00,8,0.0001
2024-08-14 08:00,8,8.492e-05
2024-08-14 16:00,8,2.63e-05
2024-08-15 00:00,8,0.0001
2024-08-15 08:00,8,-2.377e-05
2024-08-15 16:00,8,-8.949e-05
2024-08-16 00:00,8,-0.00014231
2024-08-16 08:00,8,-0.00017914
2024-08-16 16:00,8,-0.00012277
2024-08-17 00:00,8,-0.00011038
2024-08-17 08:00,8,-4.213e-05
2024-08-17 16:00,8,-0.00019281
2024-08-18 00:00,8,-7.635e-05
2024-08-18 08:00,8,1.455e-05
2024-08-18 16:00,8,-0.0002239
2024-08-19 00:00,8,-0.00020267
2024-08-19 08:00,8,-7.173e-05
2024-08-19 16:00,8,-5.788e-05
2024-08-20 00:00,8,9.04e-06
2024-08-20 08:00,8,-4.949e-05
2024-08-20 16:00,8,-6.758e-05
2024-08-21 00:00,8,-3.228e-05
2024-08-21 08:00,8,9.846e-05
2024-08-21 16:00,8,-8.89e-06
2024-08-22 00:00,8,8.095e-05
2024-08-22 08:00,8,-7.299e-05
2024-08-22 16:00,8,4.603e-05
2024-08-23 00:00,8,0.0001
2024-08-23 08:00,8,0.0001
2024-08-23 16:00,8,9.139e-05
2024-08-24 00:00,8,0.0001
2024-08-24 08:00,8,6.543e-05
2024-08-24 16:00,8,-8.59e-05
2024-08-25 00:00,8,-0.00028902
2024-08-25 08:00,8,-0.00035331
2024-08-25 16:00,8,0.0001
2024-08-26 00:00,8,0.0001
2024-08-26 08:00,8,0.0001
2024-08-26 16:00,8,8.518e-05
2024-08-27 00:00,8,8.769e-05
2024-08-27 08:00,8,2.214e-05
2024-08-27 16:00,8,-2.033e-05
2024-08-28 00:00,8,-0.00010903
2024-08-28 08:00,8,-0.00016534
2024-08-28 16:00,8,-6.449e-05
2024-08-29 00:00,8,-5.594e-05
2024-08-29 08:00,8,-0.00020058
2024-08-29 16:00,8,-0.00014478
2024-08-30 00:00,8,-6.782e-05
2024-08-30 08:00,8,7.856e-05
2024-08-30 16:00,8,-2.806e-05
2024-08-31 00:00,8,4.537e-05
2024-08-31 08:00,8,9.216e-05
2024-08-31 16:00,8,6.616e-05
2024-09-01 00:00,8,0.0001
2024-09-01 08:00,8,-2.469e-05
2024-09-01 16:00,8,4.225e-05
2024-09-02 00:00,8,-0.00014858
2024-09-02 08:00,8,-0.00012813
2024-09-02 16:00,8,-1.258e-05
2024-09-03 00:00,8,-6.903e-05
2024-09-03 08:00,8,-7.801e-05
2024-09-03 16:00,8,4.536e-05
2024-09-04 00:00,8,0.0001
2024-09-04 08:00,8,-0.00014008
2024-09-04 16:00,8,-6.332e-05
2024-09-05 00:00,8,-5.307e-05
2024-09-05 08:00,8,-0.00010661
2024-09-05 16:00,8,2.145e-05
2024-09-06 00:00,8,0.0001
2024-09-06 08:00,8,-5.88e-06
2024-09-06 16:00,8,0.0001
2024-09-07 00:00,8,4.102e-05
2024-09-07 08:00,8,0.0001
2024-09-07 16:00,8,8.501e-05
2024-09-08 00:00,8,3.903e-05
2024-09-08 08:00,8,0.0001
2024-09-08 16:00,8,8.928e-05
2024-09-09 00:00,8,0.0001
2024-09-09 08:00,8,0.0001
2024-09-09 16:00,8,7.25e-05
2024-09-10 00:00,8,0.0001
2024-09-10 08:00,8,0.0001
2024-09-10 16:00,8,9.465e-05
2024-09-11 00:00,8,0.0001
2024-09-11 08:00,8,2.008e-05
2024-09-11 16:00,8,8.939e-05
2024-09-12 00:00,8,4.328e-05
2024-09-12 08:00,8,1.206e-05
2024-09-12 16:00,8,-7.9e-06
2024-09-13 00:00,8,5.203e-05
2024-09-13 08:00,8,1.646e-05
2024-09-13 16:00,8,1.753e-05
2024-09-14 00:00,8,-7.23e-06
2024-09-14 08:00,8,4.714e-05
2024-09-14 16:00,8,2.225e-05
2024-09-15 00:00,8,4.923e-05
2024-09-15 08:00,8,9.266e-05
2024-09-15 16:00,8,-5.94e-06
2024-09-16 00:00,8,-1.951e-05
2024-09-16 08:00,8,-0.00013322
2024-09-16 16:00,8,-1.821e-05
2024-09-17 00:00,8,-7.773e-05
2024-09-17 08:00,8,-3.618e-05
2024-09-17 16:00,8,-5.361e-05
2024-09-18 00:00,8,3.393e-05
2024-09-18 08:00,8,9.709e-05
2024-09-18 16:00,8,0.0001
2024-09-19 00:00,8,6.956e-05
2024-09-19 08:00,8,-1.141e-05
2024-09-19 16:00,8,-8.398e-05
2024-09-20 00:00,8,0.0001
2024-09-20 08:00,8,1.02e-06
2024-09-20 16:00,8,0.0001
2024-09-21 00:00,8,7.521e-05
2024-09-21 08:00,8,0.0001
2024-09-21 16:00,8,4.014e-05
2024-09-22 00:00,8,1.594e-05
2024-09-22 08:00,8,0.0001
2024-09-22 16:00,8,6.78e-05
2024-09-23 00:00,8,2.45e-06
2024-09-23 08:00,8,-1.868e-05
2024-09-23 16:00,8,-0.00016542
2024-09-24 00:00,8,2.659e-05
2024-09-24 08:00,8,7.953e-05
2024-09-24 16:00,8,-6.984e-05
2024-09-25 00:00,8,7.575e-05
2024-09-25 08:00,8,-3.71e-05
2024-09-25 16:00,8,-8.438e-05
2024-09-26 00:00,8,-2.746e-05
2024-09-26 08:00,8,5.598e-05
2024-09-26 16:00,8,-2.41e-06
2024-09-27 00:00,8,5.666e-05
2024-09-27 08:00,8,4.982e-05
2024-09-27 16:00,8,4.65e-05
2024-09-28 00:00,8,9.026e-05
2024-09-28 08:00,8,-4.935e-05
2024-09-28 16:00,8,0.0001
2024-09-29 00:00,8,0.0001
2024-09-29 08:00,8,-4.697e-05
2024-09-29 16:00,8,0.0001
2024-09-30 00:00,8,4.826e-05
2024-09-30 08:00,8,0.0001
2024-09-30 16:00,8,7.832e-05
2024-10-01 00:00,8,0.0001
2024-10-01 08:00,8,6.291e-05
2024-10-01 16:00,8,-6.942e-05
2024-10-02 00:00,8,-9.963e-05
2024-10-02 08:00,8,-0.00010163
2024-10-02 16:00,8,6.581e-05
2024-10-03 00:00,8,-2.171e-05
2024-10-03 08:00,8,-6.58e-06
2024-10-03 16:00,8,-2.632e-05
2024-10-04 00:00,8,7.577e-05
2024-10-04 08:00,8,8.618e-05
2024-10-04 16:00,8,8.92e-05
2024-10-05 00:00,8,1.321e-05
2024-10-05 08:00,8,0.0001
2024-10-05 16:00,8,0.0001
2024-10-06 00:00,8,0.0001
2024-10-06 08:00,8,0.0001
2024-10-06 16:00,8,0.0001
2024-10-07 00:00,8,0.0001
2024-10-07 08:00,8,-2.52e-06
2024-10-07 16:00,8,0.0001
2024-10-08 00:00,8,-8.427e-05
2024-10-08 08:00,8,-2.912e-05
2024-10-08 16:00,8,-5.122e-05
2024-10-09 00:00,8,8.829e-05
2024-10-09 08:00,8,1.993e-05
2024-10-09 16:00,8,4.364e-05
2024-10-10 00:00,8,0.0001
2024-10-10 08:00,8,0.0001
2024-10-10 16:00,8,0.0001
2024-10-11 00:00,8,5.44e-06
2024-10-11 08:00,8,5.874e-05
2024-10-11 16:00,8,1.578e-05
2024-10-12 00:00,8,-8.605e-05
2024-10-12 08:00,8,0.0001
2024-10-12 16:00,8,0.0001
2024-10-13 00:00,8,6.938e-05
2024-10-13 08:00,8,0.0001
2024-10-13 16:00,8,0.0001
2024-10-14 00:00,8,8.04e-06
2024-10-14 08:00,8,0.0001
2024-10-14 16:00,8,7.686e-05
2024-10-15 00:00,8,0.0001
2024-10-15 08:00,8,0.0001
2024-10-15 16:00,8,0.0001
2024-10-16 00:00,8,8.376e-05
2024-10-16 08:00,8,-7.839e-05
2024-10-16 16:00,8,0.0001
2024-10-17 00:00,8,0.0001
2024-10-17 08:00,8,5.475e-05
2024-10-17 16:00,8,8.955e-05
2024-10-18 00:00,8,-3.006e-05
2024-10-18 08:00,8,0.0001
2024-10-18 16:00,8,6.39e-06
2024-10-19 00:00,8,0.0001
2024-10-19 08:00,8,0.0001
2024-10-19 16:00,8,0.0001
2024-10-20 00:00,8,0.0001
2024-10-20 08:00,8,0.0001
2024-10-20 16:00,8,0.0001
2024-10-21 00:00,8,0.0001
2024-10-21 08:00,8,0.0001
2024-10-21 16:00,8,0.0001
2024-10-22 00:00,8,-5.559e-05
2024-10-22 08:00,8,0.0001
2024-10-22 16:00,8,0.0001
2024-10-23 00:00,8,0.0001
2024-10-23 08:00,8,0.0001
2024-10-23 16:00,8,0.0001
2024-10-24 00:00,8,0.0001
2024-10-24 08:00,8,0.0001
2024-10-24 16:00,8,0.0001
2024-10-25 00:00,8,0.0001
2024-10-25 08:00,8,0.0001
2024-10-25 16:00,8,0.0001
2024-10-26 00:00,8,0.0001
2024-10-26 08:00,8,-0.00026895
2024-10-26 16:00,8,2.862e-05
2024-10-27 00:00,8,6.809e-05
2024-10-27 08:00,8,-4.855e-05
2024-10-27 16:00,8,2.222e-05
2024-10-28 00:00,8,8.886e-05
2024-10-28 08:00,8,0.0001
2024-10-28 16:00,8,0.0001
2024-10-29 00:00,8,0.0001
2024-10-29 08:00,8,0.0001
2024-10-29 16:00,8,0.0001
2024-10-30 00:00,8,0.0001
2024-10-30 08:00,8,0.0001
2024-10-30 16:00,8,0.0001
2024-10-31 00:00,8,0.0001
2024-10-31 08:00,8,0.0001
2024-10-31 16:00,8,0.0001
2024-11-01 00:00,8,0.0001
2024-11-01 08:00,8,9.64e-05
2024-11-01 16:00,8,8.649e-05
2024-11-02 00:00,8,0.0001
2024-11-02 08:00,8,0.0001
2024-11-02 16:00,8,-0.00020657
2024-11-03 00:00,8,-0.00016224
2024-11-03 08:00,8,-6.303e-05
2024-11-03 16:00,8,-6.977e-05
2024-11-04 00:00,8,-0.00017326
2024-11-04 08:00,8,-0.00016342
2024-11-04 16:00,8,-0.00014427
2024-11-05 00:00,8,-0.00014305
2024-11-05 08:00,8,-0.00013011
2024-11-05 16:00,8,-4.951e-05
2024-11-06 00:00,8,3.978e-05
2024-11-06 08:00,8,0.0001
2024-11-06 16:00,8,0.0001
2024-11-07 00:00,8,0.0001
2024-11-07 08:00,8,0.0001
2024-11-07 16:00,8,0.0001
2024-11-08 00:00,8,0.0001
2024-11-08 08:00,8,0.0001
2024-11-08 16:00,8,0.0001
2024-11-09 00:00,8,0.0001
2024-11-09 08:00,8,0.0001
2024-11-09 16:00,8,0.0001
2024-11-10 00:00,8,0.0001
2024-11-10 08:00,8,0.0001
2024-11-10 16:00,8,0.0001
2024-11-11 00:00,8,0.0001
2024-11-11 08:00,8,0.0001
2024-11-11 16:00,8,0.0001
2024-11-12 00:00,8,0.0001
2024-11-12 08:00,8,0.0001
2024-11-12 16:00,8,0.0001
2024-11-13 00:00,8,0.0001
2024-11-13 08:00,8,0.0001
2024-11-13 16:00,8,0.0001
2024-11-14 00:00,8,0.0001
2024-11-14 08:00,8,0.0001
2024-11-14 16:00,8,0.0001
2024-11-15 00:00,8,0.0001
2024-11-15 08:00,8,0.0001
2024-11-15 16:00,8,0.0001
2024-11-16 00:00,8,0.0001
2024-11-16 08:00,8,0.0001
2024-11-16 16:00,8,0.0001
2024-11-17 00:00,8,0.0001
2024-11-17 08:00,8,2.453e-05
2024-11-17 16:00,8,0.0001
2024-11-18 00:00,8,3.7e-06
2024-11-18 08:00,8,4.178e-05
2024-11-18 16:00,8,0.0001
2024-11-19 00:00,8,2.196e-05
2024-11-19 08:00,8,-0.00034475
2024-11-19 16:00,8,-0.0001405
2024-11-20 00:00,8,7.188e-05
2024-11-20 08:00,8,-4.609e-05
2024-11-20 16:00,8,-2.436e-05
2024-11-21 00:00,8,-2.947e-05
2024-11-21 08:00,8,-3.47e-06
2024-11-21 16:00,8,0.0001
2024-11-22 00:00,8,0.0001
2024-11-22 08:00,8,0.0001
2024-11-22 16:00,8,0.0001
2024-11-23 00:00,8,0.0001
2024-11-23 08:00,8,-5.666e-05
2024-11-23 16:00,8,-0.00031076
2024-11-24 00:00,8,-0.00010984
2024-11-24 08:00,8,8.372e-05
2024-11-24 16:00,8,0.0001
2024-11-25 00:00,8,0.0001
2024-11-25 08:00,8,0.0001
2024-11-25 16:00,8,0.0001
2024-11-26 00:00,8,0.0001
2024-11-26 08:00,8,0.0001
2024-11-26 16:00,8,0.0001
2024-11-27 00:00,8,0.0001
2024-11-27 08:00,8,0.0001
2024-11-27 16:00,8,0.0001
2024-11-28 00:00,8,0.0001
2024-11-28 08:00,8,0.0001
2024-11-28 16:00,8,0.0001
2024-11-29 00:00,8,0.0001
2024-11-29 08:00,8,0.0001
2024-11-29 16:00,8,0.0001
2024-11-30 00:00,8,0.0001503
2024-11-30 08:00,8,0.00010281
2024-11-30 16:00,8,0.00010272
2024-12-01 00:00,8,0.0001
2024-12-01 08:00,8,0.0001
2024-12-01 16:00,8,0.00013416
2024-12-02 00:00,8,0.00022571
2024-12-02 08:00,8,0.0001
2024-12-02 16:00,8,0.0001
2024-12-03 00:00,8,0.00013656
2024-12-03 08:00,8,0.0003044
2024-12-03 16:00,8,0.0001
2024-12-04 00:00,8,0.00010764
2024-12-04 08:00,8,0.00029199
2024-12-04 16:00,8,0.00021004
2024-12-05 00:00,8,0.0001
2024-12-05 08:00,8,0.00036129
2024-12-05 16:00,8,0.00033642
2024-12-06 00:00,8,0.0001
2024-12-06 08:00,8,0.00020204
2024-12-06 16:00,8,0.0001
2024-12-07 00:00,8,0.00022177
2024-12-07 08:00,8,0.00019315
2024-12-07 16:00,8,0.00019847
2024-12-08 00:00,8,0.00022453
2024-12-08 08:00,8,0.0001
2024-12-08 16:00,8,0.00017527
2024-12-09 00:00,8,0.00012555
2024-12-09 08:00,8,0.0001
2024-12-09 16:00,8,0.0001
2024-12-10 00:00,8,0.0001
2024-12-10 08:00,8,0.0001
2024-12-10 16:00,8,0.0001
2024-12-11 00:00,8,0.0001
2024-12-11 08:00,8,0.0001
2024-12-11 16:00,8,0.0001
2024-12-12 00:00,8,2.92e-05
2024-12-12 08:00,8,0.0001
2024-12-12 16:00,8,0.0001
2024-12-13 00:00,8,0.0001
2024-12-13 08:00,8,0.0001
2024-12-13 16:00,8,6.256e-05
2024-12-14 00:00,8,9.116e-05
2024-12-14 08:00,8,-5.443e-05
2024-12-14 16:00,8,0.0001
2024-12-15 00:00,8,0.0001
2024-12-15 08:00,8,-7.672e-05
2024-12-15 16:00,8,0.0001
2024-12-16 00:00,8,0.0001
2024-12-16 08:00,8,0.0001
2024-12-16 16:00,8,0.0001
2024-12-17 00:00,8,0.0001
2024-12-17 08:00,8,0.0001
2024-12-17 16:00,8,0.0001
2024-12-18 00:00,8,0.0001
2024-12-18 08:00,8,0.0001
2024-12-18 16:00,8,0.0001
2024-12-19 00:00,8,-1.612e-05
2024-12-19 08:00,8,-0.0001765
2024-12-19 16:00,8,-0.00022799
2024-12-20 00:00,8,-0.00028586
2024-12-20 08:00,8,-1.386e-05
2024-12-20 16:00,8,-0.00021107
2024-12-21 00:00,8,0.0001
2024-12-21 08:00,8,0.0001
2024-12-21 16:00,8,0.0001
2024-12-22 00:00,8,2.99e-05
2024-12-22 08:00,8,8.231e-05
2024-12-22 16:00,8,-0.0001037
2024-12-23 00:00,8,-1.812e-05
2024-12-23 08:00,8,4.853e-05
2024-12-23 16:00,8,-6.778e-05
2024-12-24 00:00,8,-1.973e-05
2024-12-24 08:00,8,-7.48e-06
2024-12-24 16:00,8,2.34e-06
2024-12-25 00:00,8,8.48e-05
2024-12-25 08:00,8,-0.00010604
2024-12-25 16:00,8,-0.0001585
2024-12-26 00:00,8,-0.00011308
2024-12-26 08:00,8,-4.371e-05
2024-12-26 16:00,8,-3.739e-05
2024-12-27 00:00,8,4.818e-05
2024-12-27 08:00,8,-5.684e-05
2024-12-27 16:00,8,-0.0001194
2024-12-28 00:00,8,-0.00012149
2024-12-28 08:00,8,-0.00015908
2024-12-28 16:00,8,-0.00011897
2024-12-29 00:00,8,5.603e-05
2024-12-29 08:00,8,0.0001
2024-12-29 16:00,8,8.831e-05
2024-12-30 00:00,8,-9.887e-05
2024-12-30 08:00,8,-6.88e-06
2024-12-30 16:00,8,-3.722e-05
2024-12-31 00:00,8,7.425e-05
2024-12-31 08:00,8,5.704e-05
2024-12-31 16:00,8,0.0001
2025-01-01 00:00,8,0.0001
2025-01-01 08:00,8,-3.892e-05
2025-01-01 16:00,8,3.709e-05
2025-01-02 00:00,8,0.0001
2025-01-02 08:00,8,0.0001
2025-01-02 16:00,8,0.0001
2025-01-03 00:00,8,0.0001
2025-01-03 08:00,8,0.0001
2025-01-03 16:00,8,0.0001
2025-01-04 00:00,8,4.33e-05
2025-01-04 08:00,8,0.0001
2025-01-04 16:00,8,1.014e-05
2025-01-05 00:00,8,8.853e-05
2025-01-05 08:00,8,0.0001
2025-01-05 16:00,8,0.0001
2025-01-06 00:00,8,0.0001
2025-01-06 08:00,8,-0.00021821
2025-01-06 16:00,8,4.237e-05
2025-01-07 00:00,8,1.749e-05
2025-01-07 08:00,8,-1.31e-05
2025-01-07 16:00,8,2.158e-05
2025-01-08 00:00,8,0.0001
2025-01-08 08:00,8,0.0001
2025-01-08 16:00,8,-0.00012828
2025-01-09 00:00,8,-0.00015755
2025-01-09 08:00,8,-0.00017105
2025-01-09 16:00,8,8.414e-05
2025-01-10 00:00,8,1.691e-05
2025-01-10 08:00,8,1.631e-05
2025-01-10 16:00,8,0.0001
2025-01-11 00:00,8,5.397e-05
2025-01-11 08:00,8,-5.64e-06
2025-01-11 16:00,8,-4e-08
2025-01-12 00:00,8,9.867e-05
2025-01-12 08:00,8,-4.003e-05
2025-01-12 16:00,8,4.36e-06
2025-01-13 00:00,8,-0.00011166
2025-01-13 08:00,8,-0.0001124
2025-01-13 16:00,8,-0.00012567
2025-01-14 00:00,8,-0.0001221
2025-01-14 08:00,8,2.617e-05
2025-01-14 16:00,8,-0.00017345
2025-01-15 00:00,8,-0.00011915
2025-01-15 08:00,8,1.649e-05
2025-01-15 16:00,8,0.0001
2025-01-16 00:00,8,0.0001
2025-01-16 08:00,8,0.0001
2025-01-16 16:00,8,0.0001
2025-01-17 00:00,8,0.0001
2025-01-17 08:00,8,0.0001
2025-01-17 16:00,8,-1.619e-05
2025-01-18 00:00,8,0.0001
2025-01-18 08:00,8,7.268e-05
2025-01-18 16:00,8,6.1e-06
2025-01-19 00:00,8,3.4e-06
2025-01-19 08:00,8,-1.837e-05
2025-01-19 16:00,8,0.0001
2025-01-20 00:00,8,0.0001
2025-01-20 08:00,8,-3.935e-05
2025-01-20 16:00,8,0.0001
2025-01-21 00:00,8,0.0001
2025-01-21 08:00,8,0.0001
2025-01-21 16:00,8,0.0001
2025-01-22 00:00,8,0.0001
2025-01-22 08:00,8,0.0001
2025-01-22 16:00,8,0.0001
2025-01-23 00:00,8,0.0001
2025-01-23 08:00,8,5.956e-05
2025-01-23 16:00,8,-6.57e-05
2025-01-24 00:00,8,2.497e-05
2025-01-24 08:00,8,0.0001
2025-01-24 16:00,8,0.0001
2025-01-25 00:00,8,0.0001
2025-01-25 08:00,8,4.017e-05
2025-01-25 16:00,8,7.978e-05
2025-01-26 00:00,8,0.0001
2025-01-26 08:00,8,0.0001
2025-01-26 16:00,8,-3.879e-05
2025-01-27 00:00,8,-0.00010581
2025-01-27 08:00,8,-0.00012625
2025-01-27 16:00,8,-0.00021083
2025-01-28 00:00,8,2.371e-05
2025-01-28 08:00,8,-2.397e-05
2025-01-28 16:00,8,6.157e-05
2025-01-29 00:00,8,-1.475e-05
2025-01-29 08:00,8,8.704e-05
2025-01-29 16:00,8,-6.017e-05
2025-01-30 00:00,8,-2.63e-05
2025-01-30 08:00,8,0.0001
2025-01-30 16:00,8,0.0001
2025-01-31 00:00,8,0.0001
2025-01-31 08:00,8,0.0001
2025-01-31 16:00,8,0.0001
2025-02-01 00:00,8,0.0001
2025-02-01 08:00,8,0.0001
2025-02-01 16:00,8,0.0001
2025-02-02 00:00,8,-1.27e-05
2025-02-02 08:00,8,-9.862e-05
2025-02-02 16:00,8,-0.00017355
2025-02-03 00:00,8,-0.00023423
2025-02-03 08:00,8,-0.00045001
2025-02-03 16:00,8,-0.00039959
2025-02-04 00:00,8,-0.00023934
2025-02-04 08:00,8,-0.00031961
2025-02-04 16:00,8,-0.00015578
2025-02-05 00:00,8,-8.552e-05
2025-02-05 08:00,8,-6.588e-05
2025-02-05 16:00,8,-0.00031123
2025-02-06 00:00,8,-0.00036137
2025-02-06 08:00,8,-0.00024234
2025-02-06 16:00,8,-0.00035069
2025-02-07 00:00,8,-0.00022893
2025-02-07 08:00,8,-0.000176
2025-02-07 16:00,8,-8.234e-05
2025-02-08 00:00,8,-3.981e-05
2025-02-08 08:00,8,-2.852e-05
2025-02-08 16:00,8,-7.447e-05
2025-02-09 00:00,8,-9.168e-05
2025-02-09 08:00,8,-9.031e-05
2025-02-09 16:00,8,-0.00014097
2025-02-10 00:00,8,-0.0001055
2025-02-10 08:00,8,-7.807e-05
2025-02-10 16:00,8,-2.781e-05
2025-02-11 00:00,8,-8.739e-05
2025-02-11 08:00,8,-0.0001506
2025-02-11 16:00,8,-0.00011727
2025-02-12 00:00,8,-0.00020212
2025-02-12 08:00,8,-0.00013064
2025-02-12 16:00,8,-6.667e-05
2025-02-13 00:00,8,-2.053e-05
2025-02-13 08:00,8,-3.14e-05
2025-02-13 16:00,8,-5.214e-05
2025-02-14 00:00,8,-0.0001106
2025-02-14 08:00,8,-1.008e-05
2025-02-14 16:00,8,-0.00010271
2025-02-15 00:00,8,-5.723e-05
2025-02-15 08:00,8,-7.671e-05
2025-02-15 16:00,8,-0.00023303
2025-02-16 00:00,8,-0.00032075
2025-02-16 08:00,8,-0.0002532
2025-02-16 16:00,8,-6.73e-05
2025-02-17 00:00,8,-0.00020318
2025-02-17 08:00,8,-7.6e-05
2025-02-17 16:00,8,-0.0001089
2025-02-18 00:00,8,-0.00011331
2025-02-18 08:00,8,-0.00018455
2025-02-18 16:00,8,2.546e-05
2025-02-19 00:00,8,-1.23e-06
2025-02-19 08:00,8,2.898e-05
2025-02-19 16:00,8,-9.821e-05
2025-02-20 00:00,8,-7.656e-05
2025-02-20 08:00,8,-1.002e-05
2025-02-20 16:00,8,5.257e-05
2025-02-21 00:00,8,-1.59e-05
2025-02-21 08:00,8,-4.653e-05
2025-02-21 16:00,8,3.958e-05
2025-02-22 00:00,8,-0.00047907
2025-02-22 08:00,8,-0.00021909
2025-02-22 16:00,8,-0.00022864
2025-02-23 00:00,8,0.0001
2025-02-23 08:00,8,0.0001
2025-02-23 16:00,8,-0.0001477
2025-02-24 00:00,8,-0.00010959
2025-02-24 08:00,8,-0.00014
2025-02-24 16:00,8,-0.00029609
2025-02-25 00:00,8,-0.00025199
2025-02-25 08:00,8,-0.0002344
2025-02-25 16:00,8,-0.0002709
2025-02-26 00:00,8,-0.00024282
2025-02-26 08:00,8,-0.00012357
2025-02-26 16:00,8,-3.422e-05
2025-02-27 00:00,8,-1.125e-05
2025-02-27 08:00,8,0.0001
2025-02-27 16:00,8,0.0001
2025-02-28 00:00,8,-2.56e-05
2025-02-28 08:00,8,-0.00033718
2025-02-28 16:00,8,-0.00019522
2025-03-01 00:00,8,9e-06
2025-03-01 08:00,8,-4.791e-05
2025-03-01 16:00,8,-2.444e-05
2025-03-02 00:00,8,0.0001
2025-03-02 08:00,8,-1.611e-05
2025-03-02 16:00,8,-6.424e-05
2025-03-03 00:00,8,3.24e-05
2025-03-03 08:00,8,-8.142e-05
2025-03-03 16:00,8,-0.00017553
2025-03-04 00:00,8,-0.00047938
2025-03-04 08:00,8,-0.00029829
2025-03-04 16:00,8,-0.00022656
2025-03-05 00:00,8,-0.00012415
2025-03-05 08:00,8,-7.896e-05
2025-03-05 16:00,8,-0.00022731
2025-03-06 00:00,8,-4.091e-05
2025-03-06 08:00,8,-7.721e-05
2025-03-06 16:00,8,-0.00014439
2025-03-07 00:00,8,6.8e-06
2025-03-07 08:00,8,-5.55e-05
2025-03-07 16:00,8,1.654e-05
2025-03-08 00:00,8,-4.396e-05
2025-03-08 08:00,8,-8.88e-05
2025-03-08 16:00,8,-0.00011836
2025-03-09 00:00,8,-0.00013091
2025-03-09 08:00,8,-0.00022103
2025-03-09 16:00,8,-0.00025145
2025-03-10 00:00,8,-0.00044919
2025-03-10 08:00,8,-0.00025555
2025-03-10 16:00,8,-0.00019587
2025-03-11 00:00,8,-0.00034867
2025-03-11 08:00,8,-0.00022169
2025-03-11 16:00,8,-0.00025716
2025-03-12 00:00,8,-0.00021854
2025-03-12 08:00,8,-0.00019572
2025-03-12 16:00,8,5.73e-06
2025-03-13 00:00,8,8.361e-05
2025-03-13 08:00,8,-9.177e-05
2025-03-13 16:00,8,-5.665e-05
2025-03-14 00:00,8,9.34e-06
2025-03-14 08:00,8,-0.00021206
2025-03-14 16:00,8,-0.0001039
2025-03-15 00:00,8,-0.00030698
2025-03-15 08:00,8,-0.0003057
2025-03-15 16:00,8,-0.00037268
2025-03-16 00:00,8,-0.00012032
2025-03-16 08:00,8,-6.316e-05
2025-03-16 16:00,8,-8.29e-06
2025-03-17 00:00,8,-2.632e-05
2025-03-17 08:00,8,3.345e-05
2025-03-17 16:00,8,-9.979e-05
2025-03-18 00:00,8,-0.00012296
2025-03-18 08:00,8,-3.911e-05
2025-03-18 16:00,8,-0.00011492
2025-03-19 00:00,8,-9.16e-05
2025-03-19 08:00,8,-6.974e-05
2025-03-19 16:00,8,-0.00010331
2025-03-20 00:00,8,9.58e-05
2025-03-20 08:00,8,-0.00014167
2025-03-20 16:00,8,2.616e-05
2025-03-21 00:00,8,-4.075e-05
2025-03-21 08:00,8,-0.00016927
2025-03-21 16:00,8,-7.341e-05
2025-03-22 00:00,8,-4.645e-05
2025-03-22 08:00,8,0.0001
2025-03-22 16:00,8,8.23e-06
2025-03-23 00:00,8,-9.015e-05
2025-03-23 08:00,8,-6.238e-05
2025-03-23 16:00,8,-0.00014493
2025-03-24 00:00,8,-6.334e-05
2025-03-24 08:00,8,4.14e-05
2025-03-24 16:00,8,-6.599e-05
2025-03-25 00:00,8,-2.924e-05
2025-03-25 08:00,8,4.886e-05
2025-03-25 16:00,8,4.4e-06
2025-03-26 00:00,8,8.046e-05
2025-03-26 08:00,8,-3.537e-05
2025-03-26 16:00,8,-9.66e-05
2025-03-27 00:00,8,1.353e-05
2025-03-27 08:00,8,-6.623e-05
2025-03-27 16:00,8,-3.577e-05
2025-03-28 00:00,8,-0.00013218
2025-03-28 08:00,8,-0.00012931
2025-03-28 16:00,8,-1.884e-05
2025-03-29 00:00,8,-8.434e-05
2025-03-29 08:00,8,-5.544e-05
2025-03-29 16:00,8,7.693e-05
2025-03-30 00:00,8,5.581e-05
2025-03-30 08:00,8,-9.743e-05
2025-03-30 16:00,8,-2.145e-05
2025-03-31 00:00,8,-5.169e-05
2025-03-31 08:00,8,-5.224e-05
2025-03-31 16:00,8,-0.00013077
2025-04-01 00:00,8,-0.00010621
2025-04-01 08:00,8,0.0001
2025-04-01 16:00,8,3.473e-05
2025-04-02 00:00,8,6.502e-05
2025-04-02 08:00,8,-6.501e-05
2025-04-02 16:00,8,-1.98e-05
2025-04-03 00:00,8,-0.00010015
2025-04-03 08:00,8,-2.407e-05
2025-04-03 16:00,8,3.709e-05
2025-04-04 00:00,8,-0.00019047
2025-04-04 08:00,8,-0.0001276
2025-04-04 16:00,8,2.62e-06
2025-04-05 00:00,8,9.438e-05
2025-04-05 08:00,8,0.0001
2025-04-05 16:00,8,-5.773e-05
2025-04-06 00:00,8,8.972e-05
2025-04-06 08:00,8,6.649e-05
2025-04-06 16:00,8,5.168e-05
2025-04-07 00:00,8,-4.685e-05
2025-04-07 08:00,8,2.615e-05
2025-04-07 16:00,8,-5.235e-05
2025-04-08 00:00,8,-1.113e-05
2025-04-08 08:00,8,-0.00036234
2025-04-08 16:00,8,-0.00018603
2025-04-09 00:00,8,-0.00017943
2025-04-09 08:00,8,-8.645e-05
2025-04-09 16:00,8,-8.204e-05
2025-04-10 00:00,8,0.0001
2025-04-10 08:00,8,6.337e-05
2025-04-10 16:00,8,3.723e-05
2025-04-11 00:00,8,-3.94e-06
2025-04-11 08:00,8,4.869e-05
2025-04-11 16:00,8,-0.00019256
2025-04-12 00:00,8,-0.00019579
2025-04-12 08:00,8,-9.357e-05
2025-04-12 16:00,8,-0.0001735
2025-04-13 00:00,8,-4.45e-06
2025-04-13 08:00,8,5.356e-05
2025-04-13 16:00,8,-0.00017373
2025-04-14 00:00,8,-0.00030578
2025-04-14 08:00,8,-0.00029743
2025-04-14 16:00,8,-0.00016474
2025-04-15 00:00,8,-0.00019132
2025-04-15 08:00,8,-0.00032282
2025-04-15 16:00,8,-0.00014936
2025-04-16 00:00,8,-0.00021078
2025-04-16 08:00,8,-0.00013307
2025-04-16 16:00,8,-0.00030617
2025-04-17 00:00,8,-0.00021817
2025-04-17 08:00,8,-0.00011123
2025-04-17 16:00,8,-0.00016789
2025-04-18 00:00,8,-0.00027125
2025-04-18 08:00,8,-0.00012694
2025-04-18 16:00,8,-0.000109
2025-04-19 00:00,8,-0.0001216
2025-04-19 08:00,8,2.384e-05
2025-04-19 16:00,8,-0.00020002
2025-04-20 00:00,8,0.0001
2025-04-20 08:00,8,2.747e-05
2025-04-20 16:00,8,-0.00018836
2025-04-21 00:00,8,1e-08
2025-04-21 08:00,8,0.0001
2025-04-21 16:00,8,8.766e-05
2025-04-22 00:00,8,-0.00046177
2025-04-22 08:00,8,-0.00052757
2025-04-22 16:00,8,-0.00021675
2025-04-23 00:00,8,9.928e-05
2025-04-23 08:00,8,-6.998e-05
2025-04-23 16:00,8,9.775e-05
2025-04-24 00:00,8,0.0001
2025-04-24 08:00,8,0.0001
2025-04-24 16:00,8,9.69e-06
2025-04-25 00:00,8,6.406e-05
2025-04-25 08:00,8,-2.83e-05
2025-04-25 16:00,8,-0.00032733
2025-04-26 00:00,8,-5.955e-05
2025-04-26 08:00,8,-8.602e-05
2025-04-26 16:00,8,-8.511e-05
2025-04-27 00:00,8,-0.00013763
2025-04-27 08:00,8,-0.00017659
2025-04-27 16:00,8,-0.00015145
2025-04-28 00:00,8,-3.147e-05
2025-04-28 08:00,8,0.0001
2025-04-28 16:00,8,3.04e-06
2025-04-29 00:00,8,0.0001
2025-04-29 08:00,8,0.0001
2025-04-29 16:00,8,5.046e-05
2025-04-30 00:00,8,-7.296e-05
2025-04-30 08:00,8,9.506e-05
2025-04-30 16:00,8,-1.003e-05
2025-05-01 00:00,8,-8.942e-05
2025-05-01 08:00,8,-5.685e-05
2025-05-01 16:00,8,-7.744e-05
2025-05-02 00:00,8,0.0001
2025-05-02 08:00,8,0.0001
2025-05-02 16:00,8,-1.92e-05
2025-05-03 00:00,8,8.163e-05
2025-05-03 08:00,8,4.041e-05
2025-05-03 16:00,8,-0.00018988
2025-05-04 00:00,8,-0.00013064
2025-05-04 08:00,8,-6.389e-05
2025-05-04 16:00,8,-0.00024404
2025-05-05 00:00,8,-0.00032527
2025-05-05 08:00,8,-0.00027265
2025-05-05 16:00,8,-0.00044729
2025-05-06 00:00,8,-0.00017188
2025-05-06 08:00,8,-0.00026839
2025-05-06 16:00,8,-5.511e-05
2025-05-07 00:00,8,-0.0002506
2025-05-07 08:00,8,-0.00033726
2025-05-07 16:00,8,-0.00031719
2025-05-08 00:00,8,-0.00012563
2025-05-08 08:00,8,0.0001
2025-05-08 16:00,8,0.0001
2025-05-09 00:00,8,0.0001
2025-05-09 08:00,8,0.0001
2025-05-09 16:00,8,0.0001
2025-05-10 00:00,8,0.0001
2025-05-10 08:00,8,0.0001
2025-05-10 16:00,8,0.0001
2025-05-11 00:00,8,5.79e-06
2025-05-11 08:00,8,0.0001
2025-05-11 16:00,8,-1.05e-05
2025-05-12 00:00,8,-4.059e-05
2025-05-12 08:00,8,9.805e-05
2025-05-12 16:00,8,9.326e-05
2025-05-13 00:00,8,0.0001
2025-05-13 08:00,8,0.0001
2025-05-13 16:00,8,0.0001
2025-05-14 00:00,8,0.0001
2025-05-14 08:00,8,0.0001
2025-05-14 16:00,8,5.997e-05
2025-05-15 00:00,8,0.0001
2025-05-15 08:00,8,7.045e-05
2025-05-15 16:00,8,-3.359e-05
2025-05-16 00:00,8,2.054e-05
2025-05-16 08:00,8,4.074e-05
2025-05-16 16:00,8,-1.857e-05
2025-05-17 00:00,8,-6.914e-05
2025-05-17 08:00,8,2.194e-05
2025-05-17 16:00,8,-0.00013552
2025-05-18 00:00,8,-5.055e-05
2025-05-18 08:00,8,5.506e-05
2025-05-18 16:00,8,1.993e-05
2025-05-19 00:00,8,-2.93e-05
2025-05-19 08:00,8,-0.00019528
2025-05-19 16:00,8,7.815e-05
2025-05-20 00:00,8,0.0001
2025-05-20 08:00,8,0.0001
2025-05-20 16:00,8,8.02e-06
2025-05-21 00:00,8,0.0001
2025-05-21 08:00,8,0.0001
2025-05-21 16:00,8,4.483e-05
2025-05-22 00:00,8,0.0001
2025-05-22 08:00,8,0.0001
2025-05-22 16:00,8,8.25e-05
2025-05-23 00:00,8,0.0001
2025-05-23 08:00,8,0.0001
2025-05-23 16:00,8,7.695e-05
2025-05-24 00:00,8,2.158e-05
2025-05-24 08:00,8,-9.186e-05
2025-05-24 16:00,8,-0.00021379
2025-05-25 00:00,8,-0.00011137
2025-05-25 08:00,8,1.626e-05
2025-05-25 16:00,8,-0.00011845
2025-05-26 00:00,8,-3.953e-05
2025-05-26 08:00,8,7.32e-06
2025-05-26 16:00,8,-9.047e-05
2025-05-27 00:00,8,-0.00011974
2025-05-27 08:00,8,-4.519e-05
2025-05-27 16:00,8,6.332e-05
2025-05-28 00:00,8,0.0001
2025-05-28 08:00,8,-6.877e-05
2025-05-28 16:00,8,5.565e-05
2025-05-29 00:00,8,0.0001
2025-05-29 08:00,8,0.0001
2025-05-29 16:00,8,7.299e-05
2025-05-30 00:00,8,-2.399e-05
2025-05-30 08:00,8,-0.00028439
2025-05-30 16:00,8,6.32e-06
2025-05-31 00:00,8,-6.349e-05
2025-05-31 08:00,8,-9.198e-05
2025-05-31 16:00,8,-9.304e-05
2025-06-01 00:00,8,-0.00014027
2025-06-01 08:00,8,2.4e-05
2025-06-01 16:00,8,-3.009e-05
2025-06-02 00:00,8,-2.889e-05
2025-06-02 08:00,8,-4.091e-05
2025-06-02 16:00,8,1.586e-05
2025-06-03 00:00,8,0.0001
2025-06-03 08:00,8,5.82e-05
2025-06-03 16:00,8,0.0001
2025-06-04 00:00,8,6.276e-05
2025-06-04 08:00,8,5.425e-05
2025-06-04 16:00,8,-7.411e-05
2025-06-05 00:00,8,-0.00010802
2025-06-05 08:00,8,-0.00013496
2025-06-05 16:00,8,-5.083e-05
2025-06-06 00:00,8,-0.00025685
2025-06-06 08:00,8,-0.00014342
2025-06-06 16:00,8,-0.00028136
2025-06-07 00:00,8,-0.00012383
2025-06-07 08:00,8,3.687e-05
2025-06-07 16:00,8,-3.827e-05
2025-06-08 00:00,8,0.0001
2025-06-08 08:00,8,0.0001
2025-06-08 16:00,8,9.036e-05
2025-06-09 00:00,8,-5.209e-05
2025-06-09 08:00,8,-0.00011879
2025-06-09 16:00,8,-6.44e-06
2025-06-10 00:00,8,9.793e-05
2025-06-10 08:00,8,0.0001
2025-06-10 16:00,8,2.458e-05
2025-06-11 00:00,8,4.411e-05
2025-06-11 08:00,8,6.672e-05
2025-06-11 16:00,8,2.699e-05
2025-06-12 00:00,8,5.665e-05
2025-06-12 08:00,8,-4.555e-05
2025-06-12 16:00,8,-9.728e-05
2025-06-13 00:00,8,-9.351e-05
2025-06-13 08:00,8,-0.00034018
2025-06-13 16:00,8,-0.00020217
2025-06-14 00:00,8,-7.038e-05
2025-06-14 08:00,8,-6.075e-05
2025-06-14 16:00,8,-0.00026212
2025-06-15 00:00,8,4.157e-05
2025-06-15 08:00,8,-7.605e-05
2025-06-15 16:00,8,-9.99e-05
2025-06-16 00:00,8,-0.00014726
2025-06-16 08:00,8,5.511e-05
2025-06-16 16:00,8,2.641e-05
2025-06-17 00:00,8,3.123e-05
2025-06-17 08:00,8,2.787e-05
2025-06-17 16:00,8,-0.00011495
2025-06-18 00:00,8,-0.00013194
2025-06-18 08:00,8,-4.324e-05
2025-06-18 16:00,8,-0.00038824
2025-06-19 00:00,8,-0.00021948
2025-06-19 08:00,8,4.155e-05
2025-06-19 16:00,8,-2.618e-05
2025-06-20 00:00,8,-0.00015732
2025-06-20 08:00,8,1.645e-05
2025-06-20 16:00,8,-0.0001668
2025-06-21 00:00,8,-0.00026348
2025-06-21 08:00,8,-0.00028733
2025-06-21 16:00,8,-0.00023786
2025-06-22 00:00,8,-0.0004048
2025-06-22 08:00,8,-0.00036596
2025-06-22 16:00,8,-0.00039008
2025-06-23 00:00,8,-0.00040328
2025-06-23 08:00,8,-0.00027144
2025-06-23 16:00,8,-0.00010486
2025-06-24 00:00,8,4.346e-05
2025-06-24 08:00,8,-7.01e-06
2025-06-24 16:00,8,-0.00031224
2025-06-25 00:00,8,-4.201e-05
2025-06-25 08:00,8,-0.00010444
2025-06-25 16:00,8,-0.00018472
2025-06-26 00:00,8,-0.00017293
2025-06-26 08:00,8,-0.00020138
2025-06-26 16:00,8,-0.00027418
2025-06-27 00:00,8,-0.00024961
2025-06-27 08:00,8,-0.00023212
2025-06-27 16:00,8,-0.00010092
2025-06-28 00:00,8,-6.295e-05
2025-06-28 08:00,8,-2.018e-05
2025-06-28 16:00,8,-0.00041502
2025-06-29 00:00,8,-3.099e-05
2025-06-29 08:00,8,-3.134e-05
2025-06-29 16:00,8,-0.00016816
2025-06-30 00:00,8,1.59e-06
2025-06-30 08:00,8,8.14e-05
2025-06-30 16:00,8,-9.761e-05
2025-07-01 00:00,8,-8.578e-05
2025-07-01 08:00,8,-6.515e-05
2025-07-01 16:00,8,-0.00023113
2025-07-02 00:00,8,-0.00036122
2025-07-02 08:00,8,-9.991e-05
2025-07-02 16:00,8,-0.00011047
2025-07-03 00:00,8,0.0001
2025-07-03 08:00,8,0.0001
2025-07-03 16:00,8,-3.778e-05
2025-07-04 00:00,8,-6.786e-05
2025-07-04 08:00,8,-9.866e-05
2025-07-04 16:00,8,-0.00013733
2025-07-05 00:00,8,-0.00019991
2025-07-05 08:00,8,-8.835e-05
2025-07-05 16:00,8,-0.00023809
2025-07-06 00:00,8,-0.00010686
2025-07-06 08:00,8,-0.00020187
2025-07-06 16:00,8,-0.00012257
2025-07-07 00:00,8,-6.418e-05
2025-07-07 08:00,8,0.0001
2025-07-07 16:00,8,-0.00013115
2025-07-08 00:00,8,-7.27e-05
2025-07-08 08:00,8,-0.00013884
2025-07-08 16:00,8,-0.00021068
2025-07-09 00:00,8,8.116e-05
2025-07-09 08:00,8,0.0001
2025-07-09 16:00,8,7.329e-05
2025-07-10 00:00,8,9.773e-05
2025-07-10 08:00,8,9.759e-05
2025-07-10 16:00,8,-2.508e-05
2025-07-11 00:00,8,-1.874e-05
2025-07-11 08:00,8,7.695e-05
2025-07-11 16:00,8,0.0001
2025-07-12 00:00,8,-4.164e-05
2025-07-12 08:00,8,0.0001
2025-07-12 16:00,8,-2.479e-05
2025-07-13 00:00,8,3.371e-05
2025-07-13 08:00,8,0.0001
2025-07-13 16:00,8,0.0001
2025-07-14 00:00,8,6.881e-05
2025-07-14 08:00,8,0.0001
2025-07-14 16:00,8,0.0001
2025-07-15 00:00,8,9.769e-05
2025-07-15 08:00,8,0.0001
2025-07-15 16:00,8,0.0001
2025-07-16 00:00,8,0.0001
2025-07-16 08:00,8,0.0001
2025-07-16 16:00,8,0.0001
2025-07-17 00:00,8,0.0001
2025-07-17 08:00,8,0.0001
2025-07-17 16:00,8,0.0001
2025-07-18 00:00,8,0.0001
2025-07-18 08:00,8,0.0001
2025-07-18 16:00,8,0.0001
2025-07-19 00:00,8,0.0001
2025-07-19 08:00,8,0.0001
2025-07-19 16:00,8,0.0001
2025-07-20 00:00,8,0.0001
2025-07-20 08:00,8,0.0001
2025-07-20 16:00,8,0.0001
2025-07-21 00:00,8,0.0001
2025-07-21 08:00,8,0.0001
2025-07-21 16:00,8,0.0001
2025-07-22 00:00,8,0.0001
2025-07-22 08:00,8,0.0001
2025-07-22 16:00,8,0.0001
2025-07-23 00:00,8,0.0001
2025-07-23 08:00,8,0.0001
2025-07-23 16:00,8,0.0001
2025-07-24 00:00,8,0.0001
2025-07-24 08:00,8,9.34e-06
2025-07-24 16:00,8,-7.497e-05
2025-07-25 00:00,8,4.241e-05
2025-07-25 08:00,8,3.261e-05
2025-07-25 16:00,8,0.0001
2025-07-26 00:00,8,0.0001
2025-07-26 08:00,8,0.0001
2025-07-26 16:00,8,7.899e-05
2025-07-27 00:00,8,6.867e-05
2025-07-27 08:00,8,0.0001
2025-07-27 16:00,8,0.0001
2025-07-28 00:00,8,0.0001
2025-07-28 08:00,8,0.0001
2025-07-28 16:00,8,4.336e-05
2025-07-29 00:00,8,-0.00037965
2025-07-29 08:00,8,-0.00031204
2025-07-29 16:00,8,4.127e-05
2025-07-30 00:00,8,-8.27e-05
2025-07-30 08:00,8,0.0001
2025-07-30 16:00,8,0.0001
2025-07-31 00:00,8,1.574e-05
2025-07-31 08:00,8,5.739e-05
2025-07-31 16:00,8,-0.0002021
2025-08-01 00:00,8,-6.232e-05
2025-08-01 08:00,8,-0.00015015
2025-08-01 16:00,8,-0.00029024
2025-08-02 00:00,8,-0.00015343
2025-08-02 08:00,8,-0.00013972
2025-08-02 16:00,8,-0.00011651
2025-08-03 00:00,8,-0.00016726
2025-08-03 08:00,8,-0.00017437
2025-08-03 16:00,8,-0.00024322
2025-08-04 00:00,8,-0.00018468
2025-08-04 08:00,8,-5.028e-05
2025-08-04 16:00,8,-3.196e-05
2025-08-05 00:00,8,8.116e-05
2025-08-05 08:00,8,4.219e-05
2025-08-05 16:00,8,-4.609e-05
2025-08-06 00:00,8,-0.00010392
2025-08-06 08:00,8,-0.0001422
2025-08-06 16:00,8,6.027e-05
2025-08-07 00:00,8,-0.00011127
2025-08-07 08:00,8,7.304e-05
2025-08-07 16:00,8,2.911e-05
2025-08-08 00:00,8,3.621e-05
2025-08-08 08:00,8,-6.312e-05
2025-08-08 16:00,8,-0.00011743
2025-08-09 00:00,8,0.0001
2025-08-09 08:00,8,0.0001
2025-08-09 16:00,8,0.0001
2025-08-10 00:00,8,0.0001
2025-08-10 08:00,8,-2.226e-05
2025-08-10 16:00,8,0.0001
2025-08-11 00:00,8,0.0001
2025-08-11 08:00,8,0.0001
2025-08-11 16:00,8,-0.00011243
2025-08-12 00:00,8,-0.00023642
2025-08-12 08:00,8,-4.566e-05
2025-08-12 16:00,8,-3.155e-05
2025-08-13 00:00,8,0.0001
2025-08-13 08:00,8,0.0001
2025-08-13 16:00,8,0.0001
2025-08-14 00:00,8,0.0001
2025-08-14 08:00,8,0.0001
2025-08-14 16:00,8,0.0001
2025-08-15 00:00,8,-6.392e-05
2025-08-15 08:00,8,-0.00015967
2025-08-15 16:00,8,-0.00013676
2025-08-16 00:00,8,-0.00014448
2025-08-16 08:00,8,-1.05e-06
2025-08-16 16:00,8,-7.212e-05
2025-08-17 00:00,8,-9.182e-05
2025-08-17 08:00,8,3.849e-05
2025-08-17 16:00,8,7.995e-05
2025-08-18 00:00,8,0.0001
2025-08-18 08:00,8,-0.00014553
2025-08-18 16:00,8,-0.000239
2025-08-19 00:00,8,-0.00019476
2025-08-19 08:00,8,-0.00013152
2025-08-19 16:00,8,-4.017e-05
2025-08-20 00:00,8,-0.00011439
2025-08-20 08:00,8,-7.916e-05
2025-08-20 16:00,8,-7.532e-05
2025-08-21 00:00,8,3.154e-05
2025-08-21 08:00,8,-6.44e-05
2025-08-21 16:00,8,-8.333e-05
2025-08-22 00:00,8,1.63e-06
2025-08-22 08:00,8,-5.056e-05
2025-08-22 16:00,8,-0.00012584
2025-08-23 00:00,8,0.0001
2025-08-23 08:00,8,0.0001
2025-08-23 16:00,8,0.0001
2025-08-24 00:00,8,0.0001
2025-08-24 08:00,8,0.0001
2025-08-24 16:00,8,6.434e-05
2025-08-25 00:00,8,2.561e-05
2025-08-25 08:00,8,3.822e-05
2025-08-25 16:00,8,-0.00036487
2025-08-26 00:00,8,-0.00023668
2025-08-26 08:00,8,-5.239e-05
2025-08-26 16:00,8,-4.128e-05
2025-08-27 00:00,8,1.141e-05
2025-08-27 08:00,8,2.985e-05
2025-08-27 16:00,8,-2.958e-05
2025-08-28 00:00,8,7.13e-05
2025-08-28 08:00,8,-2.949e-05
2025-08-28 16:00,8,-5.764e-05
2025-08-29 00:00,8,2.77e-06
2025-08-29 08:00,8,-3.741e-05
2025-08-29 16:00,8,-7.67e-05
2025-08-30 00:00,8,-0.00030665
2025-08-30 08:00,8,-0.00020371
2025-08-30 16:00,8,-9.112e-05
2025-08-31 00:00,8,-5.233e-05
2025-08-31 08:00,8,-1.482e-05
2025-08-31 16:00,8,-2.312e-05
2025-09-01 00:00,8,-0.00011702
2025-09-01 08:00,8,-0.00020118
2025-09-01 16:00,8,0.0001
2025-09-02 00:00,8,-0.00024476
2025-09-02 08:00,8,-6.334e-05
2025-09-02 16:00,8,5.51e-05
2025-09-03 00:00,8,-1.795e-05
2025-09-03 08:00,8,-0.000127
2025-09-03 16:00,8,2.64e-05
2025-09-04 00:00,8,8.432e-05
2025-09-04 08:00,8,-0.00024706
2025-09-04 16:00,8,-6.689e-05
2025-09-05 00:00,8,-0.00038011
2025-09-05 08:00,8,1.46e-05
2025-09-05 16:00,8,0.0001
2025-09-06 00:00,8,9.182e-05
2025-09-06 08:00,8,-1.85e-05
2025-09-06 16:00,8,-5.17e-05
2025-09-07 00:00,8,-0.00018388
2025-09-07 08:00,8,0.0001
2025-09-07 16:00,8,0.0001
2025-09-08 00:00,8,6.32e-06
2025-09-08 08:00,8,7.828e-05
2025-09-08 16:00,8,0.0001
2025-09-09 00:00,8,0.0001
2025-09-09 08:00,8,8.94e-05
2025-09-09 16:00,8,0.0001
2025-09-10 00:00,8,5.498e-05
2025-09-10 08:00,8,0.0001
2025-09-10 16:00,8,0.0001
2025-09-11 00:00,8,0.0001
2025-09-11 08:00,8,0.0001
2025-09-11 16:00,8,0.0001
2025-09-12 00:00,8,0.0001
2025-09-12 08:00,8,0.0001
2025-09-12 16:00,8,6.403e-05
2025-09-13 00:00,8,0.0001
2025-09-13 08:00,8,0.0001
2025-09-13 16:00,8,0.0001
2025-09-14 00:00,8,0.0001
2025-09-14 08:00,8,0.0001
2025-09-14 16:00,8,0.0001
2025-09-15 00:00,8,0.0001
2025-09-15 08:00,8,0.0001
2025-09-15 16:00,8,-0.00023943
2025-09-16 00:00,8,-8.6e-06
2025-09-16 08:00,8,0.0001
2025-09-16 16:00,8,7.19e-06
2025-09-17 00:00,8,-6.47e-06
2025-09-17 08:00,8,1.776e-05
2025-09-17 16:00,8,-4.466e-05
2025-09-18 00:00,8,0.0001
2025-09-18 08:00,8,0.0001
2025-09-18 16:00,8,0.0001
2025-09-19 00:00,8,0.0001
2025-09-19 08:00,8,0.0001
2025-09-19 16:00,8,7.216e-05
2025-09-20 00:00,8,-0.00010451
2025-09-20 08:00,8,-6.423e-05
2025-09-20 16:00,8,-5.646e-05
2025-09-21 00:00,8,9.02e-06
2025-09-21 08:00,8,0.0001
2025-09-21 16:00,8,-5.021e-05
2025-09-22 00:00,8,2.057e-05
2025-09-22 08:00,8,-0.00042281
2025-09-22 16:00,8,-0.00021305
2025-09-23 00:00,8,-0.00021991
2025-09-23 08:00,8,-0.00023118
2025-09-23 16:00,8,-0.00016151
2025-09-24 00:00,8,1.054e-05
2025-09-24 08:00,8,-5.335e-05
2025-09-24 16:00,8,2.884e-05
2025-09-25 00:00,8,-0.00028964
2025-09-25 08:00,8,-0.00023576
2025-09-25 16:00,8,-9.155e-05
2025-09-26 00:00,8,-0.00028358
2025-09-26 08:00,8,-6.376e-05
2025-09-26 16:00,8,-2.099e-05
2025-09-27 00:00,8,7.067e-05
2025-09-27 08:00,8,1.851e-05
2025-09-27 16:00,8,-2.315e-05
2025-09-28 00:00,8,-0.00033094
2025-09-28 08:00,8,-1.909e-05
2025-09-28 16:00,8,-0.00028483
2025-09-29 00:00,8,-6.745e-05
2025-09-29 08:00,8,0.0001
2025-09-29 16:00,8,-3.488e-05
2025-09-30 00:00,8,9.59e-05
2025-09-30 08:00,8,-3.68e-05
2025-09-30 16:00,8,-0.00013865
2025-10-01 00:00,8,-7.337e-05
2025-10-01 08:00,8,8.184e-05
2025-10-01 16:00,8,0.0001
2025-10-02 00:00,8,0.0001
2025-10-02 08:00,8,0.0001
2025-10-02 16:00,8,0.0001
2025-10-03 00:00,8,0.0001
2025-10-03 08:00,8,0.0001
2025-10-03 16:00,8,8.202e-05
2025-10-04 00:00,8,0.0001
2025-10-04 08:00,8,0.0001
2025-10-04 16:00,8,-7.76e-05
2025-10-05 00:00,8,-1.404e-05
2025-10-05 08:00,8,0.0001
2025-10-05 16:00,8,0.0001
2025-10-06 00:00,8,-1.917e-05
2025-10-06 08:00,8,-0.00010141
2025-10-06 16:00,8,0.0001
2025-10-07 00:00,8,0.0001
2025-10-07 08:00,8,0.0001
2025-10-07 16:00,8,0.0001
2025-10-08 00:00,8,-0.00015695
2025-10-08 08:00,8,-0.00013812
2025-10-08 16:00,8,-2.268e-05
2025-10-09 00:00,8,0.0001
2025-10-09 08:00,8,3.242e-05
2025-10-09 16:00,8,-9.26e-05
2025-10-10 00:00,8,2.24e-06
2025-10-10 08:00,8,3.057e-05
2025-10-10 16:00,8,0.0001
2025-10-11 00:00,8,-0.00218287
2025-10-11 08:00,8,-0.00111801
2025-10-11 16:00,8,-0.00116239
2025-10-12 00:00,8,-0.0045
2025-10-12 08:00,8,-0.00082214
2025-10-12 16:00,8,-0.0005692
2025-10-13 00:00,8,-0.0004462
2025-10-13 08:00,8,-0.00048967
2025-10-13 16:00,8,-0.00026111
2025-10-14 00:00,8,-0.00052836
2025-10-14 08:00,8,-0.00034599
2025-10-14 16:00,8,-0.00022733
2025-10-15 00:00,8,-0.00034062
2025-10-15 08:00,8,-0.00013335
2025-10-15 16:00,8,-0.00010898
2025-10-16 00:00,8,-7.942e-05
2025-10-16 08:00,8,-0.00013194
2025-10-16 16:00,8,-0.00015605
2025-10-17 00:00,8,-0.00027219
2025-10-17 08:00,8,-0.00024616
2025-10-17 16:00,8,-0.00031575
2025-10-18 00:00,8,-0.00025775
2025-10-18 08:00,8,-0.00021681
2025-10-18 16:00,8,-0.00043584
2025-10-19 00:00,8,-0.00019939
2025-10-19 08:00,8,-0.00042321
2025-10-19 16:00,8,-0.0001834
2025-10-20 00:00,8,-0.00031673
2025-10-20 08:00,8,-0.00022204
2025-10-20 16:00,8,-0.00022266
2025-10-21 00:00,8,-0.00038704
2025-10-21 08:00,8,-0.00040999
2025-10-21 16:00,8,-0.0001381
2025-10-22 00:00,8,-0.0002539
2025-10-22 08:00,8,-0.00021408
2025-10-22 16:00,8,-0.00013582
2025-10-23 00:00,8,-0.00026413
2025-10-23 08:00,8,-0.0003074
2025-10-23 16:00,8,-0.00022729
2025-10-24 00:00,8,-5.912e-05
2025-10-24 08:00,8,-0.00024707
2025-10-24 16:00,8,-0.00030239
2025-10-25 00:00,8,-5.098e-05
2025-10-25 08:00,8,-0.00026114
2025-10-25 16:00,8,-0.00021412
2025-10-26 00:00,8,-0.0002167
2025-10-26 08:00,8,-0.00035633
2025-10-26 16:00,8,-0.00012551
2025-10-27 00:00,8,-5.485e-05
2025-10-27 08:00,8,-9.123e-05
2025-10-27 16:00,8,-0.00013249
2025-10-28 00:00,8,-0.00026259
2025-10-28 08:00,8,-0.00029204
2025-10-28 16:00,8,-0.00028858
2025-10-29 00:00,8,-0.00052317
2025-10-29 08:00,8,-0.00046487
2025-10-29 16:00,8,-0.00021388
2025-10-30 00:00,8,-0.00065662
2025-10-30 08:00,8,-0.00088282
2025-10-30 16:00,8,-0.0014222
2025-10-31 00:00,8,-0.002872
2025-10-31 08:00,8,-0.00060426
2025-10-31 16:00,8,-0.00084366
2025-11-01 00:00,8,-0.00060503
2025-11-01 08:00,8,-0.00060966
2025-11-01 16:00,8,-0.0002364
2025-11-02 00:00,8,-0.00023267
2025-11-02 08:00,8,-0.00013142
2025-11-02 16:00,8,-0.00049313
2025-11-03 00:00,8,-0.00017386
2025-11-03 08:00,8,-0.00111948
2025-11-03 16:00,8,-0.00069469
2025-11-04 00:00,8,-6.259e-05
2025-11-04 08:00,8,-0.00054177
2025-11-04 16:00,8,-0.00056022
2025-11-05 00:00,8,-0.00028421
2025-11-05 08:00,8,-5.495e-05
2025-11-05 16:00,8,-0.00013919
2025-11-06 00:00,8,-0.00024639
2025-11-06 08:00,8,1.375e-05
2025-11-06 16:00,8,-7.474e-05
2025-11-07 00:00,8,-9.744e-05
2025-11-07 08:00,8,-0.00018657
2025-11-07 16:00,8,-0.00019741
2025-11-08 00:00,8,1.573e-05
2025-11-08 08:00,8,-3.65e-06
2025-11-08 16:00,8,-1.769e-05
2025-11-09 00:00,8,-0.00011109
2025-11-09 08:00,8,-0.00013706
2025-11-09 16:00,8,1.64e-06
2025-11-10 00:00,8,-8.281e-05
2025-11-10 08:00,8,-4.131e-05
2025-11-10 16:00,8,-0.00019711
2025-11-11 00:00,8,-0.00010813
2025-11-11 08:00,8,-0.00010401
2025-11-11 16:00,8,4.362e-05
2025-11-12 00:00,8,-0.00017909
2025-11-12 08:00,8,5.74e-06
2025-11-12 16:00,8,-6.651e-05
2025-11-13 00:00,8,-0.00033341
2025-11-13 08:00,8,-0.00015165
2025-11-13 16:00,8,-8.125e-05
2025-11-14 00:00,8,-6.495e-05
2025-11-14 08:00,8,2.671e-05
2025-11-14 16:00,8,0.0001
2025-11-15 00:00,8,-3.666e-05
2025-11-15 08:00,8,2.683e-05
2025-11-15 16:00,8,-0.00016145
2025-11-16 00:00,8,-0.00016836
2025-11-16 08:00,8,-3.516e-05
2025-11-16 16:00,8,-0.00015292
2025-11-17 00:00,8,-3.74e-05
2025-11-17 08:00,8,-8.501e-05
2025-11-17 16:00,8,5.635e-05
2025-11-18 00:00,8,-6.87e-05
2025-11-18 08:00,8,-3.801e-05
2025-11-18 16:00,8,0.0001
2025-11-19 00:00,8,2.999e-05
2025-11-19 08:00,8,-9.405e-05
2025-11-19 16:00,8,3.17e-05
2025-11-20 00:00,8,8.651e-05
2025-11-20 08:00,8,-0.00019067
2025-11-20 16:00,8,0.0001
2025-11-21 00:00,8,-0.00038458
2025-11-21 08:00,8,-0.00012167
2025-11-21 16:00,8,-0.00032553
2025-11-22 00:00,8,-0.00014809
2025-11-22 08:00,8,-4.897e-05
2025-11-22 16:00,8,-0.00021216
2025-11-23 00:00,8,-0.00032697
2025-11-23 08:00,8,-0.00019202
2025-11-23 16:00,8,-0.00044171
2025-11-24 00:00,8,-0.00025312
2025-11-24 08:00,8,-9.272e-05
2025-11-24 16:00,8,-4.727e-05
2025-11-25 00:00,8,-0.00027347
2025-11-25 08:00,8,-0.00011912
2025-11-25 16:00,8,-0.00014029
2025-11-26 00:00,8,-5.4e-07
2025-11-26 08:00,8,-0.00015809
2025-11-26 16:00,8,-0.00013405
2025-11-27 00:00,8,5.38e-05
2025-11-27 08:00,8,-0.00013065
2025-11-27 16:00,8,-8.394e-05
2025-11-28 00:00,8,-0.00026802
2025-11-28 08:00,8,-0.00024746
2025-11-28 16:00,8,-9.966e-05
2025-11-29 00:00,8,-5.977e-05
2025-11-29 08:00,8,-0.00022099
2025-11-29 16:00,8,-0.00052313
2025-11-30 00:00,8,-5.053e-05
2025-11-30 08:00,8,-0.0002432
2025-11-30 16:00,8,-0.00028467
2025-12-01 00:00,8,-0.00038897
2025-12-01 08:00,8,-0.00047489
2025-12-01 16:00,8,-4.057e-05
2025-12-02 00:00,8,-0.00025112
2025-12-02 08:00,8,-0.00022206
2025-12-02 16:00,8,-6.624e-05
2025-12-03 00:00,8,5.297e-05
2025-12-03 08:00,8,-4.701e-05
2025-12-03 16:00,8,-4.309e-05
2025-12-04 00:00,8,-0.00016536
2025-12-04 08:00,8,-0.00024523
2025-12-04 16:00,8,-0.00016321
2025-12-05 00:00,8,-0.00029902
2025-12-05 08:00,8,-0.00031958
2025-12-05 16:00,8,-0.00035188
2025-12-06 00:00,8,-0.00061789
2025-12-06 08:00,8,-0.00066711
2025-12-06 16:00,8,-0.00045371
2025-12-07 00:00,8,1.323e-05
2025-12-07 08:00,8,-0.00017293
2025-12-07 16:00,8,-0.00025106
2025-12-08 00:00,8,-0.00046728
2025-12-08 08:00,8,-0.00021141
2025-12-08 16:00,8,-0.00023529
2025-12-09 00:00,8,1.552e-05
2025-12-09 08:00,8,-0.00012455
2025-12-09 16:00,8,3.133e-05
2025-12-10 00:00,8,-8.112e-05
2025-12-10 08:00,8,-4.593e-05
2025-12-10 16:00,8,3.127e-05
2025-12-11 00:00,8,-7.452e-05
2025-12-11 08:00,8,-0.00034047
2025-12-11 16:00,8,-0.00016192
2025-12-12 00:00,8,-0.0001327
2025-12-12 08:00,8,-0.00021067
2025-12-12 16:00,8,-0.00019276
2025-12-13 00:00,8,-0.00029782
2025-12-13 08:00,8,5.15e-06
2025-12-13 16:00,8,0.0001
2025-12-14 00:00,8,-2.691e-05
2025-12-14 08:00,8,-0.00026659
2025-12-14 16:00,8,-0.00017794
2025-12-15 00:00,8,-0.00025846
2025-12-15 08:00,8,-4.615e-05
2025-12-15 16:00,8,-0.00018297
2025-12-16 00:00,8,-0.00013769
2025-12-16 08:00,8,-8.599e-05
2025-12-16 16:00,8,7.466e-05
2025-12-17 00:00,8,-6.08e-06
2025-12-17 08:00,8,-2.516e-05
2025-12-17 16:00,8,5.376e-05
2025-12-18 00:00,8,-1.753e-05
2025-12-18 08:00,8,-9.522e-05
2025-12-18 16:00,8,-5.475e-05
2025-12-19 00:00,8,-0.00024475
2025-12-19 08:00,8,-5.937e-05
2025-12-19 16:00,8,-7.592e-05
2025-12-20 00:00,8,9.572e-05
2025-12-20 08:00,8,5.986e-05
2025-12-20 16:00,8,-6.927e-05
2025-12-21 00:00,8,-8.249e-05
2025-12-21 08:00,8,-6.397e-05
2025-12-21 16:00,8,-0.00020462
2025-12-22 00:00,8,-1.757e-05
2025-12-22 08:00,8,1.236e-05
2025-12-22 16:00,8,6.703e-05
2025-12-23 00:00,8,-7.288e-05
2025-12-23 08:00,8,-8.015e-05
2025-12-23 16:00,8,-0.00022787
2025-12-24 00:00,8,1.433e-05
2025-12-24 08:00,8,-0.00014916
2025-12-24 16:00,8,-1.109e-05
2025-12-25 00:00,8,8.571e-05
2025-12-25 08:00,8,0.0001
2025-12-25 16:00,8,-3.251e-05
2025-12-26 00:00,8,-0.00011731
2025-12-26 08:00,8,1.216e-05
2025-12-26 16:00,8,-8.46e-06
2025-12-27 00:00,8,-2.263e-05
2025-12-27 08:00,8,-2.565e-05
2025-12-27 16:00,8,7.473e-05
2025-12-28 00:00,8,6.969e-05
2025-12-28 08:00,8,4.32e-06
2025-12-28 16:00,8,2e-06
2025-12-29 00:00,8,3.825e-05
2025-12-29 08:00,8,-3.791e-05
2025-12-29 16:00,8,-3.628e-05
2025-12-30 00:00,8,7.618e-05
2025-12-30 08:00,8,-2.924e-05
2025-12-30 16:00,8,0.0001
2025-12-31 00:00,8,-8.418e-05
2025-12-31 08:00,8,2.88e-05
2025-12-31 16:00,8,7.19e-06
2026-01-01 00:00,8,7.378e-05
2026-01-01 08:00,8,2.28e-06
2026-01-01 16:00,8,9.112e-05
2026-01-02 00:00,8,8.102e-05
2026-01-02 08:00,8,-4.84e-06
2026-01-02 16:00,8,-0.00027262
2026-01-03 00:00,8,-0.00018941
2026-01-03 08:00,8,1.749e-05
2026-01-03 16:00,8,-0.00016876
2026-01-04 00:00,8,-0.0001029
2026-01-04 08:00,8,-7.84e-05
2026-01-04 16:00,8,-8.185e-05
2026-01-05 00:00,8,-7.6e-06
2026-01-05 08:00,8,-1.808e-05
2026-01-05 16:00,8,-1.762e-05
2026-01-06 00:00,8,6.511e-05
2026-01-06 08:00,8,7.591e-05
2026-01-06 16:00,8,-6.562e-05
2026-01-07 00:00,8,-9.294e-05
2026-01-07 08:00,8,-2.27e-06
2026-01-07 16:00,8,-0.00018124
2026-01-08 00:00,8,-3.992e-05
2026-01-08 08:00,8,-1.132e-05
2026-01-08 16:00,8,-0.0001884
2026-01-09 00:00,8,-0.00010666
2026-01-09 08:00,8,-8.09e-05
2026-01-09 16:00,8,-4.045e-05
2026-01-10 00:00,8,-4.147e-05
2026-01-10 08:00,8,-0.00012048
2026-01-10 16:00,8,-2.95e-05
2026-01-11 00:00,8,6.841e-05
2026-01-11 08:00,8,4.414e-05
2026-01-11 16:00,8,-7.437e-05
2026-01-12 00:00,8,-0.00014563
2026-01-12 08:00,8,-0.00011797
2026-01-12 16:00,8,-0.00011197
2026-01-13 00:00,8,-0.00010868
2026-01-13 08:00,8,0.0001
2026-01-13 16:00,8,6.951e-05
2026-01-14 00:00,8,1.82e-05
2026-01-14 08:00,8,-7.907e-05
2026-01-14 16:00,8,-0.00016016
2026-01-15 00:00,8,-0.00023129
2026-01-15 08:00,8,-0.00011384
2026-01-15 16:00,8,-7.91e-05
2026-01-16 00:00,8,-0.00012748
2026-01-16 08:00,8,-6.523e-05
2026-01-16 16:00,8,-0.0002005
2026-01-17 00:00,8,-4.097e-05
2026-01-17 08:00,8,-4.458e-05
2026-01-17 16:00,8,2.107e-05
2026-01-18 00:00,8,-0.00015068
2026-01-18 08:00,8,-0.00028792
2026-01-18 16:00,8,-3.256e-05
2026-01-19 00:00,8,-0.00015381
2026-01-19 08:00,8,-8.832e-05
2026-01-19 16:00,8,-7.677e-05
2026-01-20 00:00,8,-4.663e-05
2026-01-20 08:00,8,-1.896e-05
2026-01-20 16:00,8,-1.81e-06
2026-01-21 00:00,8,5.156e-05
2026-01-21 08:00,8,2.089e-05
2026-01-21 16:00,8,-9.36e-06
2026-01-22 00:00,8,2.966e-05
2026-01-22 08:00,8,6.028e-05
2026-01-22 16:00,8,-0.00022692
2026-01-23 00:00,8,1.96e-05
2026-01-23 08:00,8,4.02e-05
2026-01-23 16:00,8,-0.00013998
2026-01-24 00:00,8,-0.00016052
2026-01-24 08:00,8,-0.00013704
2026-01-24 16:00,8,-9.558e-05
2026-01-25 00:00,8,-0.00014498
2026-01-25 08:00,8,-8.219e-05
2026-01-25 16:00,8,-0.00010437
2026-01-26 00:00,8,9.991e-05
2026-01-26 08:00,8,3.875e-05
2026-01-26 16:00,8,-5.687e-05
2026-01-27 00:00,8,3.98e-06
2026-01-27 08:00,8,4.542e-05
2026-01-27 16:00,8,-6.876e-05
2026-01-28 00:00,8,-6.133e-05
2026-01-28 08:00,8,-8.919e-05
2026-01-28 16:00,8,-0.00017486
2026-01-29 00:00,8,0.0001
2026-01-29 08:00,8,-0.0001028
2026-01-29 16:00,8,-0.00022697
2026-01-30 00:00,8,8.36e-06
2026-01-30 08:00,8,-5.346e-05
2026-01-30 16:00,8,-0.0001593
2026-01-31 00:00,8,-8.661e-05
2026-01-31 08:00,8,-5.269e-05
2026-01-31 16:00,8,-0.00015417
2026-02-01 00:00,8,-0.00026483
2026-02-01 08:00,8,-0.0002214
2026-02-01 16:00,8,-0.00023293
2026-02-02 00:00,8,-0.00025729
2026-02-02 08:00,8,-4.522e-05
2026-02-02 16:00,8,-2.689e-05
2026-02-03 00:00,8,-0.00021508
2026-02-03 08:00,8,-3.737e-05
2026-02-03 16:00,8,-0.00018238
2026-02-04 00:00,8,-1.909e-05
2026-02-04 08:00,8,4.02e-06
2026-02-04 16:00,8,1.495e-05
2026-02-05 00:00,8,1.854e-05
2026-02-05 08:00,8,7.147e-05
2026-02-05 16:00,8,4.188e-05
2026-02-06 00:00,8,-0.00016728
2026-02-06 08:00,8,-0.00027251
2026-02-06 16:00,8,-0.00021416
2026-02-07 00:00,8,5.733e-05
2026-02-07 08:00,8,-2.403e-05
2026-02-07 16:00,8,8.037e-05
2026-02-08 00:00,8,4.131e-05
2026-02-08 08:00,8,-2.094e-05
2026-02-08 16:00,8,-1.354e-05
2026-02-09 00:00,8,-1.412e-05
2026-02-09 08:00,8,-5.3e-06
2026-02-09 16:00,8,4.747e-05
2026-02-10 00:00,8,7.314e-05
2026-02-10 08:00,8,-0.00010309
2026-02-10 16:00,8,-2.035e-05
2026-02-11 00:00,8,-2.316e-05
2026-02-11 08:00,8,-0.00021373
2026-02-11 16:00,8,-0.00018016
2026-02-12 00:00,8,-1.045e-05
2026-02-12 08:00,8,0.0001
2026-02-12 16:00,8,6.946e-05
2026-02-13 00:00,8,4.293e-05
2026-02-13 08:00,8,7.506e-05
2026-02-13 16:00,8,-2.674e-05
2026-02-14 00:00,8,4.644e-05
2026-02-14 08:00,8,3.625e-05
2026-02-14 16:00,8,0.0001
2026-02-15 00:00,8,2.93e-05
2026-02-15 08:00,8,2.163e-05
2026-02-15 16:00,8,5.666e-05
2026-02-16 00:00,8,5.87e-05
2026-02-16 08:00,8,3.91e-06
2026-02-16 16:00,8,-0.00021441
2026-02-17 00:00,8,-0.00011927
2026-02-17 08:00,8,-6.441e-05
2026-02-17 16:00,8,2.701e-05
2026-02-18 00:00,8,0.0001
2026-02-18 08:00,8,-2.737e-05
2026-02-18 16:00,8,-0.00019883
2026-02-19 00:00,8,0.0001
2026-02-19 08:00,8,-5.57e-05
2026-02-19 16:00,8,0.0001
2026-02-20 00:00,8,0.0001
2026-02-20 08:00,8,1.641e-05
2026-02-20 16:00,8,3.346e-05
2026-02-21 00:00,8,8.067e-05
2026-02-21 08:00,8,-5.559e-05
2026-02-21 16:00,8,-0.00013006
2026-02-22 00:00,8,-9.635e-05
2026-02-22 08:00,8,-0.00017446
2026-02-22 16:00,8,0.0001
2026-02-23 00:00,8,-2.982e-05
2026-02-23 08:00,8,1.079e-05
2026-02-23 16:00,8,-8e-06
2026-02-24 00:00,8,6.372e-05
2026-02-24 08:00,8,7.068e-05
2026-02-24 16:00,8,8.2e-05
2026-02-25 00:00,8,6.076e-05
2026-02-25 08:00,8,-0.00013677
2026-02-25 16:00,8,3.598e-05
2026-02-26 00:00,8,-0.0019703
2026-02-26 08:00,8,-0.00367043
2026-02-26 16:00,8,-0.00384723
2026-02-27 00:00,8,-0.00204358
2026-02-27 08:00,8,-0.00106219
2026-02-27 16:00,8,-0.00089809
2026-02-28 00:00,8,-0.00067959
2026-02-28 08:00,8,-0.00099234
2026-02-28 16:00,8,-0.00046138
2026-03-01 00:00,8,-0.00069161
2026-03-01 08:00,8,-0.00077749
2026-03-01 16:00,8,-0.00121932
2026-03-02 00:00,8,-0.00150108
2026-03-02 08:00,8,-0.0015858
2026-03-02 16:00,8,-0.00038852
2026-03-03 00:00,8,-0.00035152
2026-03-03 08:00,8,-0.00055334
2026-03-03 16:00,8,-0.00018691
2026-03-04 00:00,8,-0.00032562
2026-03-04 08:00,8,-0.00043662
2026-03-04 16:00,8,-0.00033404
2026-03-05 00:00,8,-0.00039194
2026-03-05 08:00,8,-0.00057548
2026-03-05 16:00,8,-0.00036688
2026-03-06 00:00,8,-0.00012591
2026-03-06 08:00,8,-0.00042379
2026-03-06 16:00,8,-0.0005383
2026-03-07 00:00,8,-0.00087815
2026-03-07 08:00,8,-0.00035198
2026-03-07 16:00,8,-0.00038693
2026-03-08 00:00,8,-0.00078498
2026-03-08 08:00,8,-0.00067003
2026-03-08 16:00,8,-0.00084623
2026-03-09 00:00,8,-0.00105611
2026-03-09 08:00,8,-0.00033685
2026-03-09 16:00,8,-0.0002138
2026-03-10 00:00,8,-0.00049068
2026-03-10 08:00,8,-0.00026399
2026-03-10 16:00,8,-0.00027955
2026-03-11 00:00,8,-0.00020371
2026-03-11 08:00,8,7.04e-06
2026-03-11 16:00,8,5.38e-06
2026-03-12 00:00,8,-0.00025038
2026-03-12 08:00,8,-2.597e-05
2026-03-12 16:00,8,-0.00020617
2026-03-13 00:00,8,-8.746e-05
2026-03-13 08:00,8,-5.574e-05
2026-03-13 16:00,8,-2.975e-05
2026-03-14 00:00,8,7.31e-06
2026-03-14 08:00,8,-0.00014848
2026-03-14 16:00,8,-0.0001584
2026-03-15 00:00,8,2.254e-05
2026-03-15 08:00,8,-0.00017094
2026-03-15 16:00,8,-9.635e-05
2026-03-16 00:00,8,-9.468e-05
2026-03-16 08:00,8,-0.00013585
2026-03-16 16:00,8,4.167e-05
2026-03-17 00:00,8,-0.00017095
2026-03-17 08:00,8,-7.041e-05
2026-03-17 16:00,8,-0.00034634
2026-03-18 00:00,8,-7.073e-05
2026-03-18 08:00,8,4.906e-05
2026-03-18 16:00,8,-9.443e-05
2026-03-19 00:00,8,-0.00018881
2026-03-19 08:00,8,-0.00021595
2026-03-19 16:00,8,-2.752e-05
2026-03-20 00:00,8,-9.189e-05
2026-03-20 08:00,8,2.705e-05
2026-03-20 16:00,8,9.61e-06
2026-03-21 00:00,8,6.594e-05
2026-03-21 08:00,8,-8.493e-05
2026-03-21 16:00,8,-1.825e-05
2026-03-22 00:00,8,-0.00028151
2026-03-22 08:00,8,-0.00033306
2026-03-22 16:00,8,-0.00014491
2026-03-23 00:00,8,-0.00031415
2026-03-23 08:00,8,-4.87e-05
2026-03-23 16:00,8,-7.833e-05
2026-03-24 00:00,8,-0.00028048
2026-03-24 08:00,8,-0.00015219
2026-03-24 16:00,8,-3.719e-05
2026-03-25 00:00,8,0.0001
2026-03-25 08:00,8,-0.00019365
2026-03-25 16:00,8,-0.00038201
2026-03-26 00:00,8,-0.00017203
2026-03-26 08:00,8,-0.00058967
2026-03-26 16:00,8,-0.00022837
2026-03-27 00:00,8,-0.0003519
2026-03-27 08:00,8,5.909e-05
2026-03-27 16:00,8,-0.00046541
2026-03-28 00:00,8,-0.00033419
2026-03-28 08:00,8,-0.00014159
2026-03-28 16:00,8,-6.694e-05
2026-03-29 00:00,8,-0.00033135
2026-03-29 08:00,8,-0.00023645
2026-03-29 16:00,8,-0.00025053
2026-03-30 00:00,8,-0.00039252
2026-03-30 08:00,8,-2.4e-07
2026-03-30 16:00,8,-0.00013845
2026-03-31 00:00,8,-4.281e-05
2026-03-31 08:00,8,-6.294e-05
2026-03-31 16:00,8,3.402e-05
2026-04-01 00:00,8,-0.0001058
2026-04-01 08:00,8,-0.00012575
2026-04-01 16:00,8,0.0001
2026-04-02 00:00,8,-0.00027666
2026-04-02 08:00,8,-0.00026463
2026-04-02 16:00,8,-0.00035949
2026-04-03 00:00,8,-7.572e-05
2026-04-03 08:00,8,0.0001
2026-04-03 16:00,8,5.765e-05
2026-04-04 00:00,8,7.008e-05
2026-04-04 08:00,8,-7.569e-05
2026-04-04 16:00,8,-7.941e-05
2026-04-05 00:00,8,-0.00015351
2026-04-05 08:00,8,-8.179e-05
2026-04-05 16:00,8,-0.00026967
2026-04-06 00:00,8,4.507e-05
2026-04-06 08:00,8,-0.00032241
2026-04-06 16:00,8,3.396e-05
2026-04-07 00:00,8,-0.00011825
2026-04-07 08:00,8,-8.321e-05
2026-04-07 16:00,8,-0.00016225
2026-04-08 00:00,8,0.0001
2026-04-08 08:00,8,0.0001
2026-04-08 16:00,8,8.932e-05
2026-04-09 00:00,8,1.692e-05
2026-04-09 08:00,8,5.693e-05
2026-04-09 16:00,8,-4.098e-05
2026-04-10 00:00,8,-5.511e-05
2026-04-10 08:00,8,0.0001
2026-04-10 16:00,8,5.311e-05
2026-04-11 00:00,8,-3.716e-05
2026-04-11 08:00,8,5.208e-05
2026-04-11 16:00,8,-0.0002387
2026-04-12 00:00,8,-0.00027213
2026-04-12 08:00,8,-8.838e-05
2026-04-12 16:00,8,-0.00022816
2026-04-13 00:00,8,1.762e-05
2026-04-13 08:00,8,4.153e-05
2026-04-13 16:00,8,-0.0001859
2026-04-14 00:00,8,9.537e-05
2026-04-14 08:00,8,-0.00023765
2026-04-14 16:00,8,-0.00012189
2026-04-15 00:00,8,7.455e-05
2026-04-15 08:00,8,-7.468e-05
2026-04-15 16:00,8,-0.00010123
2026-04-16 00:00,8,4.03e-05
2026-04-16 08:00,8,0.0001
2026-04-16 16:00,8,-3.584e-05
2026-04-17 00:00,8,-6.489e-05
2026-04-17 08:00,8,6.052e-05
2026-04-17 16:00,8,-7.682e-05
2026-04-18 00:00,8,-7.92e-06
2026-04-18 08:00,8,5.67e-05
2026-04-18 16:00,8,-2.191e-05
2026-04-19 00:00,8,8.486e-05
2026-04-19 08:00,8,-0.00019898
2026-04-19 16:00,8,-0.0001267
2026-04-20 00:00,8,-0.00011984
2026-04-20 08:00,8,1.413e-05
2026-04-20 16:00,8,5.205e-05
2026-04-21 00:00,8,8.986e-05
2026-04-21 08:00,8,2.529e-05
2026-04-21 16:00,8,0.0001
2026-04-22 00:00,8,0.0001
2026-04-22 08:00,8,0.0001
2026-04-22 16:00,8,6.3e-07
2026-04-23 00:00,8,4.875e-05
2026-04-23 08:00,8,3.427e-05
2026-04-23 16:00,8,6.175e-05
2026-04-24 00:00,8,0.0001
2026-04-24 08:00,8,9.487e-05
2026-04-24 16:00,8,9.188e-05
2026-04-25 00:00,8,5.268e-05
2026-04-25 08:00,8,0.0001
2026-04-25 16:00,8,4.498e-05
2026-04-26 00:00,8,1.528e-05
2026-04-26 08:00,8,1.159e-05
2026-04-26 16:00,8,8.282e-05
2026-04-27 00:00,8,-3.623e-05
2026-04-27 08:00,8,2.827e-05
2026-04-27 16:00,8,2.9e-06
2026-04-28 00:00,8,7.76e-05
2026-04-28 08:00,8,8.227e-05
2026-04-28 16:00,8,0.0001
2026-04-29 00:00,8,-9.6e-07
2026-04-29 08:00,8,-1.285e-05
2026-04-29 16:00,8,-2.882e-05
2026-04-30 00:00,8,-2.65e-06
2026-04-30 08:00,8,9.475e-05
2026-04-30 16:00,8,-9.915e-05
2026-05-01 00:00,8,3.874e-05
2026-05-01 08:00,8,-8.088e-05
2026-05-01 16:00,8,8.048e-05
2026-05-02 00:00,8,4.057e-05
2026-05-02 08:00,8,-0.00012177
2026-05-02 16:00,8,-1.138e-05
2026-05-03 00:00,8,2.829e-05
2026-05-03 08:00,8,-1.079e-05
2026-05-03 16:00,8,-5.777e-05
2026-05-04 00:00,8,-9.058e-05
2026-05-04 08:00,8,-5.896e-05
2026-05-04 16:00,8,-6.247e-05
2026-05-05 00:00,8,2.402e-05
2026-05-05 08:00,8,6.525e-05
2026-05-05 16:00,8,-0.00015363
2026-05-06 00:00,8,-0.00019336
2026-05-06 08:00,8,5.061e-05
2026-05-06 16:00,8,-3.041e-05
2026-05-07 00:00,8,-4.93e-05
2026-05-07 08:00,8,-0.00010184
2026-05-07 16:00,8,-3.551e-05
2026-05-08 00:00,8,-1.97e-05
2026-05-08 08:00,8,-0.00019068
2026-05-08 16:00,8,-8.859e-05
2026-05-09 00:00,8,7.975e-05
2026-05-09 08:00,8,0.0001
2026-05-09 16:00,8,2.797e-05
2026-05-10 00:00,8,2.802e-05
2026-05-10 08:00,8,-0.00015547
2026-05-10 16:00,8,-2.1e-07
2026-05-11 00:00,8,-1.392e-05
2026-05-11 08:00,8,-6.48e-05
2026-05-11 16:00,8,-0.00010764
2026-05-12 00:00,8,-7.489e-05
2026-05-12 08:00,8,-4.376e-05
2026-05-12 16:00,8,-0.00013008
2026-05-13 00:00,8,-5.496e-05
2026-05-13 08:00,8,-8.198e-05
2026-05-13 16:00,8,-6.216e-05
2026-05-14 00:00,8,-8.883e-05
2026-05-14 08:00,8,7.736e-05
2026-05-14 16:00,8,6.66e-05
2026-05-15 00:00,8,-6.485e-05
2026-05-15 08:00,8,-0.00011938
2026-05-15 16:00,8,-0.00018353
2026-05-16 00:00,8,-0.00012043
2026-05-16 08:00,8,-0.00018279
2026-05-16 16:00,8,6.983e-05
2026-05-17 00:00,8,0.0001
2026-05-17 08:00,8,5.748e-05
2026-05-17 16:00,8,-3.045e-05
2026-05-18 00:00,8,7.181e-05
2026-05-18 08:00,8,-2.225e-05
2026-05-18 16:00,8,0.0001
2026-05-19 00:00,8,7.766e-05
2026-05-19 08:00,8,7.735e-05
2026-05-19 16:00,8,7.432e-05
2026-05-20 00:00,8,7.507e-05
2026-05-20 08:00,8,-0.00010127
2026-05-20 16:00,8,0.0001
2026-05-21 00:00,8,-7.854e-05
2026-05-21 08:00,8,0.0001
2026-05-21 16:00,8,3.435e-05
2026-05-22 00:00,8,0.0001
2026-05-22 08:00,8,0.0001
2026-05-22 16:00,8,6.899e-05
2026-05-23 00:00,8,2.34e-06
2026-05-23 08:00,8,6.279e-05
2026-05-23 16:00,8,1.594e-05
2026-05-24 00:00,8,9.351e-05
2026-05-24 08:00,8,-3.781e-05
2026-05-24 16:00,8,3.95e-06
2026-05-25 00:00,8,-1.294e-05
2026-05-25 08:00,8,0.0001
2026-05-25 16:00,8,0.0001
2026-05-26 00:00,8,0.0001
2026-05-26 08:00,8,2.079e-05
2026-05-26 16:00,8,5.28e-06
2026-05-27 00:00,8,8.041e-05
2026-05-27 08:00,8,0.0001
2026-05-27 16:00,8,4.979e-05
2026-05-28 00:00,8,6.51e-06
2026-05-28 08:00,8,2.111e-05
2026-05-28 16:00,8,-0.0001559
2026-05-29 00:00,8,-0.00011297
2026-05-29 08:00,8,-1.966e-05
2026-05-29 16:00,8,-4.664e-05
2026-05-30 00:00,8,3.113e-05
2026-05-30 08:00,8,-4.928e-05
2026-05-30 16:00,8,-4.761e-05
2026-05-31 00:00,8,-0.00019514
2026-05-31 08:00,8,-0.00013016
2026-05-31 16:00,8,-4.032e-05
2026-06-01 00:00,8,-0.00013399
2026-06-01 08:00,8,-0.00018035
2026-06-01 16:00,8,-9.45e-06
2026-06-02 00:00,8,-0.00016972
2026-06-02 08:00,8,-0.00029629
2026-06-02 16:00,8,-0.00017535
2026-06-03 00:00,8,-0.00029239
2026-06-03 08:00,8,-7.673e-05
2026-06-03 16:00,8,-5.202e-05
2026-06-04 00:00,8,-5.3e-07
2026-06-04 08:00,8,-9.483e-05
2026-06-04 16:00,8,-0.00024189
2026-06-05 00:00,8,-0.00016591
2026-06-05 08:00,8,-0.00018825
2026-06-05 16:00,8,-0.00016992
2026-06-06 00:00,8,-0.00017536
2026-06-06 08:00,8,-0.0004844
2026-06-06 16:00,8,-0.00031934
2026-06-07 00:00,8,-0.00033906
2026-06-07 08:00,8,-0.00032397
2026-06-07 16:00,8,-0.0002002
2026-06-08 00:00,8,-0.00015746
2026-06-08 08:00,8,2e-07
2026-06-08 16:00,8,-0.00018047
2026-06-09 00:00,8,-0.00019611
2026-06-09 08:00,8,-7.372e-05
2026-06-09 16:00,8,-0.00011406
2026-06-10 00:00,8,8.182e-05
2026-06-10 08:00,8,2.024e-05
2026-06-10 16:00,8,-2.971e-05
2026-06-11 00:00,8,-0.00014642
2026-06-11 08:00,8,-7.666e-05
2026-06-11 16:00,8,9.373e-05
2026-06-12 00:00,8,7.969e-05
2026-06-12 08:00,8,5.224e-05
2026-06-12 16:00,8,8.013e-05
2026-06-13 00:00,8,6.596e-05
2026-06-13 08:00,8,3.802e-05
2026-06-13 16:00,8,-1.355e-05
2026-06-14 00:00,8,-9.647e-05
2026-06-14 08:00,8,-4.069e-05
2026-06-14 16:00,8,-0.00012761
2026-06-15 00:00,8,1.216e-05
2026-06-15 08:00,8,2.215e-05
2026-06-15 16:00,8,1.862e-05
2026-06-16 00:00,8,-0.00014439
2026-06-16 08:00,8,-7.663e-05
2026-06-16 16:00,8,4.165e-05
2026-06-17 00:00,8,3.352e-05
2026-06-17 08:00,8,-0.00012718
2026-06-17 16:00,8,0.0001
2026-06-18 00:00,8,1.69e-05
2026-06-18 08:00,8,-0.00012727
2026-06-18 16:00,8,-0.00030606
2026-06-19 00:00,8,-0.00021351
2026-06-19 08:00,8,-9.488e-05
2026-06-19 16:00,8,-6.967e-05
2026-06-20 00:00,8,-2.11e-05
2026-06-20 08:00,8,-5.227e-05
2026-06-20 16:00,8,-0.00019165
2026-06-21 00:00,8,-7.91e-06
2026-06-21 08:00,8,-0.00011296
2026-06-21 16:00,8,-0.00014606
2026-06-22 00:00,8,-2.905e-05
2026-06-22 08:00,8,-0.00015939
2026-06-22 16:00,8,-7.816e-05
2026-06-23 00:00,8,3.218e-05
2026-06-23 08:00,8,-0.00018245
2026-06-23 16:00,8,2.38e-06
2026-06-24 00:00,8,-6.775e-05
2026-06-24 08:00,8,-0.00022204
2026-06-24 16:00,8,-6.502e-05
2026-06-25 00:00,8,-7.673e-05
2026-06-25 08:00,8,-0.00018522
2026-06-25 16:00,8,-0.00013942
2026-06-26 00:00,8,-7.7e-06
2026-06-26 08:00,8,-5.895e-05
2026-06-26 16:00,8,-2.503e-05
2026-06-27 00:00,8,2.339e-05
2026-06-27 08:00,8,-6.855e-05
2026-06-27 16:00,8,-0.00013982
2026-06-28 00:00,8,-3.307e-05
2026-06-28 08:00,8,-0.00030083
2026-06-28 16:00,8,-8.992e-05
2026-06-29 00:00,8,7.37e-06
2026-06-29 08:00,8,-0.00015273
2026-06-29 16:00,8,-9.726e-05
2026-06-30 00:00,8,-1.098e-05
2026-06-30 08:00,8,-0.00013612
2026-06-30 16:00,8,-0.00019107
2026-07-01 00:00,8,9.029e-05
2026-07-01 08:00,8,-2.583e-05
2026-07-01 16:00,8,-7.87e-05
2026-07-02 00:00,8,-0.0001671
2026-07-02 08:00,8,-8.05e-05
2026-07-02 16:00,8,-0.00014821
2026-07-03 00:00,8,-0.00013253
2026-07-03 08:00,8,-0.00014211
2026-07-03 16:00,8,-4.35e-06
2026-07-04 00:00,8,-0.00017571
2026-07-04 08:00,8,-0.00021888
2026-07-04 16:00,8,-0.00013994
2026-07-05 00:00,8,-0.00016842
2026-07-05 08:00,8,-0.00047488
2026-07-05 16:00,8,-0.0002114
2026-07-06 00:00,8,-8.893e-05
2026-07-06 08:00,8,-0.00023028
2026-07-06 16:00,8,-5.242e-05
2026-07-07 00:00,8,2.34e-05
2026-07-07 08:00,8,-6.96e-05
2026-07-07 16:00,8,-0.00014036
2026-07-08 00:00,8,-0.00018575
2026-07-08 08:00,8,-0.00022372
2026-07-08 16:00,8,-0.00034487
2026-07-09 00:00,8,-0.00021898
2026-07-09 08:00,8,-0.0001364
2026-07-09 16:00,8,-7.483e-05
2026-07-10 00:00,8,-0.00015724
2026-07-10 08:00,8,-0.00014545
2026-07-10 16:00,8,-3.49e-06
2026-07-11 00:00,8,-7.4e-06
2026-07-11 08:00,8,1.212e-05
2026-07-11 16:00,8,-2.315e-05
2026-07-12 00:00,8,-0.00011029
2026-07-12 08:00,8,-0.00018232
2026-07-12 16:00,8,-0.0002443
2026-07-13 00:00,8,-0.00028676
2026-07-13 08:00,8,-0.00024263
2026-07-13 16:00,8,-0.0003862
2026-07-14 00:00,8,-0.00010068
2026-07-14 08:00,8,-5.375e-05
2026-07-14 16:00,8,-0.00016599
2026-07-15 00:00,8,-3.92e-05
2026-07-15 08:00,8,-1.3e-06
2026-07-15 16:00,8,-3.538e-05
2026-07-16 00:00,8,-3.897e-05
2026-07-16 08:00,8,-9.18e-05
2026-07-16 16:00,8,-2.223e-05
2026-07-17 00:00,8,-8.119e-05
2026-07-17 08:00,8,-0.00023916
2026-07-17 16:00,8,-0.00021101
2026-07-18 00:00,8,7.636e-05
2026-07-18 08:00,8,-4.828e-05
2026-07-18 16:00,8,-0.00039423
2026-07-19 00:00,8,-0.00021343
2026-07-19 08:00,8,-1.631e-05
2026-07-19 16:00,8,-0.00012155
2026-07-20 00:00,8,-0.00018217
2026-07-20 08:00,8,-0.00025168
2026-07-20 16:00,8,-4.551e-05
2026-07-21 00:00,8,9.491e-05
2026-07-21 08:00,8,7.226e-05
2026-07-21 16:00,8,-5.275e-05
2026-07-22 00:00,8,-0.00010176
2026-07-22 08:00,8,-0.00016981
2026-07-22 16:00,8,-0.00019347
2026-07-23 00:00,8,-0.00010421
2026-07-23 08:00,8,-0.00016631
2026-07-23 16:00,8,-8e-06
2026-07-24 00:00,8,-0.000134
2026-07-24 08:00,8,5.403e-05
2026-07-24 16:00,8,-0.00023859
2026-07-25 00:00,8,-1.8e-07
2026-07-25 08:00,8,-5.742e-05
2026-07-25 16:00,8,4.416e-05
2026-07-26 00:00,8,-0.00011329
2026-07-26 08:00,8,2.308e-05
2026-07-26 16:00,8,8.296e-05
2026-07-27 00:00,8,1.284e-05
2026-07-27 08:00,8,-9.519e-05
2026-07-27 16:00,8,-0.00012599
2026-07-28 00:00,8,-0.00010696
2026-07-28 08:00,8,-0.00022643
2026-07-28 16:00,8,-0.00025543
2026-07-29 00:00,8,3.269e-05
2026-07-29 08:00,8,-0.00010628
2026-07-29 16:00,8,-0.00019138
2026-07-30 00:00,8,-0.00012999
2026-07-30 08:00,8,-7.551e-05
2026-07-30 16:00,8,-3.278e-05
2026-07-31 00:00,8,-5.294e-05
2026-07-31 08:00,8,-8.29e-05
2026-07-31 16:00,8,-0.00012165
2026-08-01 00:00,8,-2.046e-05
2026-08-01 08:00,8,-3.98e-05
2026-08-01 16:00,8,5.09e-06
2026-08-02 00:00,8,-3.959e-05
2026-08-02 08:00,8,-1.318e-05
2026-08-02 16:00,8,1.15e-06
2026-08-03 00:00,8,-6.068e-05
2026-08-03 08:00,8,-3.217e-05
2026-08-03 16:00,8,-4.611e-05
2026-08-04 00:00,8,7.352e-05
2026-08-04 08:00,8,-9.022e-05
2026-08-04 16:00,8,-1.634e-05
2026-08-05 00:00,8,0.0001
2026-08-05 08:00,8,7.994e-05
2026-08-05 16:00,8,1.77e-06
2026-08-06 00:00,8,1.541e-05
2026-08-06 08:00,8,6.482e-05
2026-08-06 16:00,8,2.16e-05
2026-08-07 00:00,8,-3.254e-05
2026-08-07 08:00,8,8.956e-05
2026-08-07 16:00,8,-1.805e-05
2026-08-08 00:00,8,0.0001
2026-08-08 08:00,8,-3.802e-05
2026-08-08 16:00,8,4.569e-05
2026-08-09 00:00,8,0.0001
2026-08-09 08:00,8,4.499e-05
2026-08-09 16:00,8,0.0001
2026-08-10 00:00,8,1.632e-05
2026-08-10 08:00,8,7.76e-06
2026-08-10 16:00,8,7.386e-05
2026-08-11 00:00,8,2.292e-05
2026-08-11 08:00,8,6.807e-05
2026-08-11 16:00,8,5.532e-05
2026-08-12 00:00,8,-3.41e-06
2026-08-12 08:00,8,1.476e-05
2026-08-12 16:00,8,-1.49e-06
2026-08-13 00:00,8,0.0001
2026-08-13 08:00,8,0.0001
2026-08-13 16:00,8,-9.795e-05
2026-08-14 00:00,8,-0.00018049
2026-08-14 08:00,8,-2.027e-05
2026-08-14 16:00,8,3.612e-05
2026-08-15 00:00,8,7.888e-05
2026-08-15 08:00,8,0.0001
2026-08-15 16:00,8,0.0001
2026-08-16 00:00,8,0.0001
2026-08-16 08:00,8,-4.041e-05
2026-08-16 16:00,8,-2.062e-05
2026-08-17 00:00,8,6.021e-05
2026-08-17 08:00,8,0.0001
2026-08-17 16:00,8,-5.714e-05
2026-08-18 00:00,8,-6.284e-05
2026-08-18 08:00,8,3.27e-06
2026-08-18 16:00,8,-0.00036951
2026-08-19 00:00,8,-4.136e-05
2026-08-19 08:00,8,7.393e-05
2026-08-19 16:00,8,-3.121e-05
2026-08-20 00:00,8,5.167e-05
2026-08-20 08:00,8,-6.193e-05
2026-08-20 16:00,8,-2.741e-05
2026-08-21 00:00,8,-0.00010877
2026-08-21 08:00,8,0.0001
2026-08-21 16:00,8,0.0001
2026-08-22 00:00,8,-4.87e-05
2026-08-22 08:00,8,0.0001
2026-08-22 16:00,8,-7.81e-06
2026-08-23 00:00,8,1.048e-05
2026-08-23 08:00,8,1.82e-06
2026-08-23 16:00,8,4.238e-05
2026-08-24 00:00,8,-7.388e-05
2026-08-24 08:00,8,3.56e-06
2026-08-24 16:00,8,9.426e-05
2026-08-25 00:00,8,-9.086e-05
2026-08-25 08:00,8,-0.00026346
2026-08-25 16:00,8,-8.539e-05
2026-08-26 00:00,8,-0.00015514
2026-08-26 08:00,8,3.861e-05
2026-08-26 16:00,8,-1.062e-05
2026-08-27 00:00,8,-3.25e-06
2026-08-27 08:00,8,-0.00011969
2026-08-27 16:00,8,-0.00025643
2026-08-28 00:00,8,-4.63e-05
2026-08-28 08:00,8,-2.327e-05
2026-08-28 16:00,8,-0.00017741
2026-08-29 00:00,8,-0.00033153
2026-08-29 08:00,8,-0.00027525
2026-08-29 16:00,8,-0.0002491
2026-08-30 00:00,8,-2.125e-05
2026-08-30 08:00,8,-0.00011646
2026-08-30 16:00,8,-0.00018524
2026-08-31 00:00,8,-0.00022429
2026-08-31 08:00,8,-0.00028078
2026-08-31 16:00,8,-6.031e-05
