t,interval_h,rate
2021-12-01 00:00,8,0.0001
2021-12-01 08:00,8,0.00019008
2021-12-01 16:00,8,0.00024468
2021-12-02 00:00,8,0.0001
2021-12-02 08:00,8,0.0001
2021-12-02 16:00,8,0.0001
2021-12-03 00:00,8,0.00012295
2021-12-03 08:00,8,0.0001
2021-12-03 16:00,8,0.0001
2021-12-04 00:00,8,0.0001
2021-12-04 08:00,8,-0.00110182
2021-12-04 16:00,8,7.3e-07
2021-12-05 00:00,8,0.0001
2021-12-05 08:00,8,0.0001
2021-12-05 16:00,8,5.004e-05
2021-12-06 00:00,8,0.0001
2021-12-06 08:00,8,0.0001
2021-12-06 16:00,8,8.519e-05
2021-12-07 00:00,8,-7.003e-05
2021-12-07 08:00,8,0.0001
2021-12-07 16:00,8,0.0001
2021-12-08 00:00,8,0.0001
2021-12-08 08:00,8,0.0001
2021-12-08 16:00,8,0.0001
2021-12-09 00:00,8,0.0001
2021-12-09 08:00,8,0.0001
2021-12-09 16:00,8,0.0001
2021-12-10 00:00,8,0.0001
2021-12-10 08:00,8,0.0001
2021-12-10 16:00,8,0.0001
2021-12-11 00:00,8,0.0001
2021-12-11 08:00,8,0.0001
2021-12-11 16:00,8,0.0001
2021-12-12 00:00,8,0.0001
2021-12-12 08:00,8,0.0001
2021-12-12 16:00,8,0.0001
2021-12-13 00:00,8,0.0001
2021-12-13 08:00,8,0.0001
2021-12-13 16:00,8,0.0001
2021-12-14 00:00,8,4.476e-05
2021-12-14 08:00,8,0.0001
2021-12-14 16:00,8,0.0001
2021-12-15 00:00,8,0.0001
2021-12-15 08:00,8,0.0001
2021-12-15 16:00,8,0.0001
2021-12-16 00:00,8,0.0001
2021-12-16 08:00,8,0.0001
2021-12-16 16:00,8,0.0001
2021-12-17 00:00,8,0.0001
2021-12-17 08:00,8,0.0001
2021-12-17 16:00,8,0.0001
2021-12-18 00:00,8,9.494e-05
2021-12-18 08:00,8,0.0001
2021-12-18 16:00,8,0.0001
2021-12-19 00:00,8,0.0001
2021-12-19 08:00,8,0.0001
2021-12-19 16:00,8,0.0001
2021-12-20 00:00,8,0.0001
2021-12-20 08:00,8,0.0001
2021-12-20 16:00,8,0.0001
2021-12-21 00:00,8,0.0001
2021-12-21 08:00,8,0.0001
2021-12-21 16:00,8,0.0001
2021-12-22 00:00,8,0.0001
2021-12-22 08:00,8,0.0001
2021-12-22 16:00,8,0.0001
2021-12-23 00:00,8,0.0001
2021-12-23 08:00,8,0.0001
2021-12-23 16:00,8,0.0001
2021-12-24 00:00,8,0.0001
2021-12-24 08:00,8,0.0001
2021-12-24 16:00,8,0.0001
2021-12-25 00:00,8,0.0001
2021-12-25 08:00,8,0.0001
2021-12-25 16:00,8,0.0001
2021-12-26 00:00,8,0.0001
2021-12-26 08:00,8,0.0001
2021-12-26 16:00,8,0.0001
2021-12-27 00:00,8,0.0001
2021-12-27 08:00,8,0.0001
2021-12-27 16:00,8,0.0001
2021-12-28 00:00,8,0.0001
2021-12-28 08:00,8,0.0001
2021-12-28 16:00,8,0.0001
2021-12-29 00:00,8,0.0001
2021-12-29 08:00,8,0.0001
2021-12-29 16:00,8,0.0001
2021-12-30 00:00,8,0.0001
2021-12-30 08:00,8,0.0001
2021-12-30 16:00,8,0.0001
2021-12-31 00:00,8,0.0001
2021-12-31 08:00,8,0.0001
2021-12-31 16:00,8,0.0001
2022-01-01 00:00,8,0.0001
2022-01-01 08:00,8,0.0001
2022-01-01 16:00,8,0.0001
2022-01-02 00:00,8,0.0001
2022-01-02 08:00,8,0.0001
2022-01-02 16:00,8,0.0001
2022-01-03 00:00,8,0.0001
2022-01-03 08:00,8,0.0001
2022-01-03 16:00,8,0.0001
2022-01-04 00:00,8,0.0001
2022-01-04 08:00,8,0.0001
2022-01-04 16:00,8,0.0001
2022-01-05 00:00,8,0.0001
2022-01-05 08:00,8,0.0001
2022-01-05 16:00,8,0.0001
2022-01-06 00:00,8,0.0001
2022-01-06 08:00,8,-0.0002025
2022-01-06 16:00,8,0.0001
2022-01-07 00:00,8,0.0001
2022-01-07 08:00,8,0.0001
2022-01-07 16:00,8,0.0001
2022-01-08 00:00,8,0.0001
2022-01-08 08:00,8,0.0001
2022-01-08 16:00,8,0.0001
2022-01-09 00:00,8,1.942e-05
2022-01-09 08:00,8,0.0001
2022-01-09 16:00,8,0.0001
2022-01-10 00:00,8,0.0001
2022-01-10 08:00,8,4.439e-05
2022-01-10 16:00,8,9.503e-05
2022-01-11 00:00,8,-8.339e-05
2022-01-11 08:00,8,0.0001
2022-01-11 16:00,8,0.0001
2022-01-12 00:00,8,0.0001
2022-01-12 08:00,8,0.0001
2022-01-12 16:00,8,0.0001
2022-01-13 00:00,8,0.0001
2022-01-13 08:00,8,0.0001
2022-01-13 16:00,8,0.0001
2022-01-14 00:00,8,0.0001
2022-01-14 08:00,8,0.0001
2022-01-14 16:00,8,0.0001
2022-01-15 00:00,8,0.0001
2022-01-15 08:00,8,0.0001
2022-01-15 16:00,8,0.0001
2022-01-16 00:00,8,0.0001
2022-01-16 08:00,8,0.0001
2022-01-16 16:00,8,0.0001
2022-01-17 00:00,8,0.0001
2022-01-17 08:00,8,1.758e-05
2022-01-17 16:00,8,0.0001
2022-01-18 00:00,8,3.025e-05
2022-01-18 08:00,8,0.0001
2022-01-18 16:00,8,0.0001
2022-01-19 00:00,8,0.0001
2022-01-19 08:00,8,0.0001
2022-01-19 16:00,8,-5.975e-05
2022-01-20 00:00,8,0.0001
2022-01-20 08:00,8,0.0001
2022-01-20 16:00,8,0.0001
2022-01-21 00:00,8,0.0001
2022-01-21 08:00,8,-0.00011541
2022-01-21 16:00,8,0.0001
2022-01-22 00:00,8,5.22e-05
2022-01-22 08:00,8,-0.00012857
2022-01-22 16:00,8,-0.0005406
2022-01-23 00:00,8,-0.00013396
2022-01-23 08:00,8,-0.00034137
2022-01-23 16:00,8,-0.00016953
2022-01-24 00:00,8,-0.0002465
2022-01-24 08:00,8,-0.00046932
2022-01-24 16:00,8,-0.0004121
2022-01-25 00:00,8,-0.00047
2022-01-25 08:00,8,-0.00011275
2022-01-25 16:00,8,-5.335e-05
2022-01-26 00:00,8,-2.757e-05
2022-01-26 08:00,8,-1.599e-05
2022-01-26 16:00,8,3.594e-05
2022-01-27 00:00,8,-9.259e-05
2022-01-27 08:00,8,-0.00029499
2022-01-27 16:00,8,6.573e-05
2022-01-28 00:00,8,2.97e-05
2022-01-28 08:00,8,5.754e-05
2022-01-28 16:00,8,-4.226e-05
2022-01-29 00:00,8,6.564e-05
2022-01-29 08:00,8,4.033e-05
2022-01-29 16:00,8,0.0001
2022-01-30 00:00,8,4.045e-05
2022-01-30 08:00,8,0.0001
2022-01-30 16:00,8,0.0001
2022-01-31 00:00,8,-2.889e-05
2022-01-31 08:00,8,-9.19e-05
2022-01-31 16:00,8,-6.418e-05
2022-02-01 00:00,8,4.269e-05
2022-02-01 08:00,8,0.0001
2022-02-01 16:00,8,0.0001
2022-02-02 00:00,8,0.0001
2022-02-02 08:00,8,0.0001
2022-02-02 16:00,8,0.0001
2022-02-03 00:00,8,-6.084e-05
2022-02-03 08:00,8,-0.0002202
2022-02-03 16:00,8,-3.679e-05
2022-02-04 00:00,8,-5.39e-05
2022-02-04 08:00,8,-4.895e-05
2022-02-04 16:00,8,0.0001
2022-02-05 00:00,8,0.0001
2022-02-05 08:00,8,0.0001
2022-02-05 16:00,8,0.0001
2022-02-06 00:00,8,0.0001
2022-02-06 08:00,8,-1.473e-05
2022-02-06 16:00,8,7.496e-05
2022-02-07 00:00,8,6.392e-05
2022-02-07 08:00,8,1.956e-05
2022-02-07 16:00,8,0.0001
2022-02-08 00:00,8,6.688e-05
2022-02-08 08:00,8,0.0001
2022-02-08 16:00,8,0.0001
2022-02-09 00:00,8,7.138e-05
2022-02-09 08:00,8,0.0001
2022-02-09 16:00,8,0.0001
2022-02-10 00:00,8,5.794e-05
2022-02-10 08:00,8,0.0001
2022-02-10 16:00,8,2.596e-05
2022-02-11 00:00,8,1.757e-05
2022-02-11 08:00,8,-6.6e-07
2022-02-11 16:00,8,5.551e-05
2022-02-12 00:00,8,2.03e-06
2022-02-12 08:00,8,-1.585e-05
2022-02-12 16:00,8,6.389e-05
2022-02-13 00:00,8,-0.00012247
2022-02-13 08:00,8,-6.087e-05
2022-02-13 16:00,8,-5.511e-05
2022-02-14 00:00,8,-5.993e-05
2022-02-14 08:00,8,1.879e-05
2022-02-14 16:00,8,6.997e-05
2022-02-15 00:00,8,5.54e-05
2022-02-15 08:00,8,-9.958e-05
2022-02-15 16:00,8,0.0001
2022-02-16 00:00,8,0.0001
2022-02-16 08:00,8,0.0001
2022-02-16 16:00,8,0.0001
2022-02-17 00:00,8,0.0001
2022-02-17 08:00,8,0.0001
2022-02-17 16:00,8,0.0001
2022-02-18 00:00,8,-0.00019177
2022-02-18 08:00,8,-0.00031889
2022-02-18 16:00,8,-7.725e-05
2022-02-19 00:00,8,1.716e-05
2022-02-19 08:00,8,0.0001
2022-02-19 16:00,8,0.0001
2022-02-20 00:00,8,0.0001
2022-02-20 08:00,8,8.413e-05
2022-02-20 16:00,8,-2.302e-05
2022-02-21 00:00,8,1.389e-05
2022-02-21 08:00,8,0.0001
2022-02-21 16:00,8,4.686e-05
2022-02-22 00:00,8,-3.1e-05
2022-02-22 08:00,8,-0.00037252
2022-02-22 16:00,8,-0.00011731
2022-02-23 00:00,8,-0.00011188
2022-02-23 08:00,8,4.45e-06
2022-02-23 16:00,8,-1.031e-05
2022-02-24 00:00,8,-2.723e-05
2022-02-24 08:00,8,-0.00040919
2022-02-24 16:00,8,-2.546e-05
2022-02-25 00:00,8,2.207e-05
2022-02-25 08:00,8,-0.00016529
2022-02-25 16:00,8,-4.816e-05
2022-02-26 00:00,8,0.0001
2022-02-26 08:00,8,4.476e-05
2022-02-26 16:00,8,3.376e-05
2022-02-27 00:00,8,-0.00015617
2022-02-27 08:00,8,-0.0002683
2022-02-27 16:00,8,6.603e-05
2022-02-28 00:00,8,-0.00019095
2022-02-28 08:00,8,-0.00014261
2022-02-28 16:00,8,-0.00050301
2022-03-01 00:00,8,-0.00010457
2022-03-01 08:00,8,0.0001
2022-03-01 16:00,8,0.0001
2022-03-02 00:00,8,0.0001
2022-03-02 08:00,8,6.68e-06
2022-03-02 16:00,8,0.0001
2022-03-03 00:00,8,-5.289e-05
2022-03-03 08:00,8,0.0001
2022-03-03 16:00,8,0.0001
2022-03-04 00:00,8,-0.00010294
2022-03-04 08:00,8,-0.0001566
2022-03-04 16:00,8,-5.441e-05
2022-03-05 00:00,8,-0.0005262
2022-03-05 08:00,8,-0.00020958
2022-03-05 16:00,8,-0.00027909
2022-03-06 00:00,8,-0.0001752
2022-03-06 08:00,8,0.0001
2022-03-06 16:00,8,0.0001
2022-03-07 00:00,8,4.301e-05
2022-03-07 08:00,8,-2.59e-06
2022-03-07 16:00,8,-0.00010213
2022-03-08 00:00,8,-3.631e-05
2022-03-08 08:00,8,-0.00027899
2022-03-08 16:00,8,-0.00025036
2022-03-09 00:00,8,-0.00048348
2022-03-09 08:00,8,-0.00045696
2022-03-09 16:00,8,-2.468e-05
2022-03-10 00:00,8,-4.496e-05
2022-03-10 08:00,8,-0.00021093
2022-03-10 16:00,8,-0.00029652
2022-03-11 00:00,8,0.0001
2022-03-11 08:00,8,-2.447e-05
2022-03-11 16:00,8,-2.36e-06
2022-03-12 00:00,8,2.425e-05
2022-03-12 08:00,8,0.0001
2022-03-12 16:00,8,-7.404e-05
2022-03-13 00:00,8,0.0001
2022-03-13 08:00,8,0.0001
2022-03-13 16:00,8,7.968e-05
2022-03-14 00:00,8,0.0001
2022-03-14 08:00,8,-0.00012699
2022-03-14 16:00,8,-4.011e-05
2022-03-15 00:00,8,-4.55e-06
2022-03-15 08:00,8,6.55e-05
2022-03-15 16:00,8,0.0001
2022-03-16 00:00,8,8.95e-05
2022-03-16 08:00,8,7.999e-05
2022-03-16 16:00,8,0.0001
2022-03-17 00:00,8,0.0001
2022-03-17 08:00,8,0.0001
2022-03-17 16:00,8,0.0001
2022-03-18 00:00,8,0.0001
2022-03-18 08:00,8,5.442e-05
2022-03-18 16:00,8,-9.591e-05
2022-03-19 00:00,8,0.0001
2022-03-19 08:00,8,0.0001
2022-03-19 16:00,8,0.0001
2022-03-20 00:00,8,0.0001
2022-03-20 08:00,8,0.0001
2022-03-20 16:00,8,7.287e-05
2022-03-21 00:00,8,0.0001
2022-03-21 08:00,8,0.0001
2022-03-21 16:00,8,0.0001
2022-03-22 00:00,8,0.0001
2022-03-22 08:00,8,0.0001
2022-03-22 16:00,8,0.0001
2022-03-23 00:00,8,0.0001
2022-03-23 08:00,8,0.0001
2022-03-23 16:00,8,0.0001
2022-03-24 00:00,8,0.0001
2022-03-24 08:00,8,0.0001
2022-03-24 16:00,8,0.0001
2022-03-25 00:00,8,0.0001
2022-03-25 08:00,8,0.0001
2022-03-25 16:00,8,0.0001
2022-03-26 00:00,8,0.0001
2022-03-26 08:00,8,0.0001
2022-03-26 16:00,8,0.0001
2022-03-27 00:00,8,0.0001
2022-03-27 08:00,8,0.0001
2022-03-27 16:00,8,0.0001
2022-03-28 00:00,8,0.0001
2022-03-28 08:00,8,0.0001
2022-03-28 16:00,8,0.0001
2022-03-29 00:00,8,0.0001
2022-03-29 08:00,8,0.0001
2022-03-29 16:00,8,0.0001
2022-03-30 00:00,8,0.0001
2022-03-30 08:00,8,0.0001
2022-03-30 16:00,8,0.0001
2022-03-31 00:00,8,0.0001
2022-03-31 08:00,8,0.0001
2022-03-31 16:00,8,0.0001
2022-04-01 00:00,8,0.0001
2022-04-01 08:00,8,0.0001
2022-04-01 16:00,8,0.0001
2022-04-02 00:00,8,0.0001
2022-04-02 08:00,8,0.0001
2022-04-02 16:00,8,0.0001
2022-04-03 00:00,8,0.0001
2022-04-03 08:00,8,0.0001
2022-04-03 16:00,8,0.0001
2022-04-04 00:00,8,0.0001
2022-04-04 08:00,8,0.0001
2022-04-04 16:00,8,0.0001
2022-04-05 00:00,8,0.0001
2022-04-05 08:00,8,0.0001
2022-04-05 16:00,8,0.0001
2022-04-06 00:00,8,0.0001
2022-04-06 08:00,8,0.0001
2022-04-06 16:00,8,0.0001
2022-04-07 00:00,8,0.0001
2022-04-07 08:00,8,0.0001
2022-04-07 16:00,8,0.0001
2022-04-08 00:00,8,0.0001
2022-04-08 08:00,8,0.0001
2022-04-08 16:00,8,9.951e-05
2022-04-09 00:00,8,2.62e-05
2022-04-09 08:00,8,0.0001
2022-04-09 16:00,8,0.0001
2022-04-10 00:00,8,0.0001
2022-04-10 08:00,8,0.0001
2022-04-10 16:00,8,0.0001
2022-04-11 00:00,8,0.0001
2022-04-11 08:00,8,0.0001
2022-04-11 16:00,8,-7.327e-05
2022-04-12 00:00,8,2.41e-05
2022-04-12 08:00,8,0.0001
2022-04-12 16:00,8,0.0001
2022-04-13 00:00,8,0.0001
2022-04-13 08:00,8,0.0001
2022-04-13 16:00,8,4.258e-05
2022-04-14 00:00,8,0.0001
2022-04-14 08:00,8,0.0001
2022-04-14 16:00,8,0.0001
2022-04-15 00:00,8,0.0001
2022-04-15 08:00,8,0.0001
2022-04-15 16:00,8,0.0001
2022-04-16 00:00,8,0.0001
2022-04-16 08:00,8,0.0001
2022-04-16 16:00,8,0.0001
2022-04-17 00:00,8,0.0001
2022-04-17 08:00,8,0.0001
2022-04-17 16:00,8,0.0001
2022-04-18 00:00,8,0.0001
2022-04-18 08:00,8,3.487e-05
2022-04-18 16:00,8,8.595e-05
2022-04-19 00:00,8,0.0001
2022-04-19 08:00,8,0.0001
2022-04-19 16:00,8,0.0001
2022-04-20 00:00,8,0.0001
2022-04-20 08:00,8,0.0001
2022-04-20 16:00,8,0.0001
2022-04-21 00:00,8,0.0001
2022-04-21 08:00,8,0.0001
2022-04-21 16:00,8,0.0001
2022-04-22 00:00,8,7.202e-05
2022-04-22 08:00,8,0.0001
2022-04-22 16:00,8,0.0001
2022-04-23 00:00,8,0.0001
2022-04-23 08:00,8,0.0001
2022-04-23 16:00,8,0.0001
2022-04-24 00:00,8,0.0001
2022-04-24 08:00,8,0.0001
2022-04-24 16:00,8,0.0001
2022-04-25 00:00,8,0.0001
2022-04-25 08:00,8,-4.934e-05
2022-04-25 16:00,8,-0.00012271
2022-04-26 00:00,8,-0.00016437
2022-04-26 08:00,8,0.0001
2022-04-26 16:00,8,0.0001
2022-04-27 00:00,8,3.514e-05
2022-04-27 08:00,8,0.0001
2022-04-27 16:00,8,0.0001
2022-04-28 00:00,8,3.909e-05
2022-04-28 08:00,8,0.0001
2022-04-28 16:00,8,5.954e-05
2022-04-29 00:00,8,0.0001
2022-04-29 08:00,8,0.0001
2022-04-29 16:00,8,8.43e-05
2022-04-30 00:00,8,-0.00018538
2022-04-30 08:00,8,0.0001
2022-04-30 16:00,8,2.35e-06
2022-05-01 00:00,8,-0.00021755
2022-05-01 08:00,8,-0.00016557
2022-05-01 16:00,8,7.285e-05
2022-05-02 00:00,8,6.212e-05
2022-05-02 08:00,8,5.447e-05
2022-05-02 16:00,8,-3.039e-05
2022-05-03 00:00,8,-0.00025032
2022-05-03 08:00,8,-3.27e-06
2022-05-03 16:00,8,-4.86e-06
2022-05-04 00:00,8,-6.273e-05
2022-05-04 08:00,8,5.905e-05
2022-05-04 16:00,8,8.57e-06
2022-05-05 00:00,8,0.0001
2022-05-05 08:00,8,0.0001
2022-05-05 16:00,8,-0.00013382
2022-05-06 00:00,8,-0.00028928
2022-05-06 08:00,8,-0.00016203
2022-05-06 16:00,8,-7.131e-05
2022-05-07 00:00,8,-0.00010338
2022-05-07 08:00,8,-0.0001167
2022-05-07 16:00,8,-7.812e-05
2022-05-08 00:00,8,-0.00025062
2022-05-08 08:00,8,1.435e-05
2022-05-08 16:00,8,-9.568e-05
2022-05-09 00:00,8,5.385e-05
2022-05-09 08:00,8,-0.00012261
2022-05-09 16:00,8,-7.445e-05
2022-05-10 00:00,8,-0.00030109
2022-05-10 08:00,8,-0.0002057
2022-05-10 16:00,8,-0.00023222
2022-05-11 00:00,8,-0.00042558
2022-05-11 08:00,8,-0.00049872
2022-05-11 16:00,8,-0.0006629
2022-05-12 00:00,8,-0.00024922
2022-05-12 08:00,8,-0.0013068
2022-05-12 16:00,8,-8.306e-05
2022-05-13 00:00,8,-0.00017518
2022-05-13 08:00,8,6.166e-05
2022-05-13 16:00,8,-1.816e-05
2022-05-14 00:00,8,-0.00019029
2022-05-14 08:00,8,-4.528e-05
2022-05-14 16:00,8,-0.0002173
2022-05-15 00:00,8,-0.00022892
2022-05-15 08:00,8,-9.791e-05
2022-05-15 16:00,8,0.0001
2022-05-16 00:00,8,0.0001
2022-05-16 08:00,8,-2.135e-05
2022-05-16 16:00,8,-0.00033572
2022-05-17 00:00,8,-0.00014527
2022-05-17 08:00,8,7.035e-05
2022-05-17 16:00,8,-3.044e-05
2022-05-18 00:00,8,-1.11e-05
2022-05-18 08:00,8,-0.00030396
2022-05-18 16:00,8,-0.00020617
2022-05-19 00:00,8,-0.00024148
2022-05-19 08:00,8,-0.00050344
2022-05-19 16:00,8,-0.00043458
2022-05-20 00:00,8,-0.0003999
2022-05-20 08:00,8,-0.00023473
2022-05-20 16:00,8,-0.0002307
2022-05-21 00:00,8,-0.0004057
2022-05-21 08:00,8,-0.00027328
2022-05-21 16:00,8,-0.00012644
2022-05-22 00:00,8,0.0001
2022-05-22 08:00,8,0.0001
2022-05-22 16:00,8,0.0001
2022-05-23 00:00,8,-4.873e-05
2022-05-23 08:00,8,0.0001
2022-05-23 16:00,8,0.0001
2022-05-24 00:00,8,-0.0001585
2022-05-24 08:00,8,0.0001
2022-05-24 16:00,8,-0.00011216
2022-05-25 00:00,8,-4.019e-05
2022-05-25 08:00,8,-0.00018498
2022-05-25 16:00,8,6.638e-05
2022-05-26 00:00,8,4.09e-05
2022-05-26 08:00,8,-0.0002944
2022-05-26 16:00,8,-0.00029832
2022-05-27 00:00,8,-0.00017389
2022-05-27 08:00,8,-0.00017017
2022-05-27 16:00,8,-7.747e-05
2022-05-28 00:00,8,-0.0004417
2022-05-28 08:00,8,-0.00022254
2022-05-28 16:00,8,-9.165e-05
2022-05-29 00:00,8,-7.042e-05
2022-05-29 08:00,8,-5.58e-05
2022-05-29 16:00,8,8.889e-05
2022-05-30 00:00,8,0.0001
2022-05-30 08:00,8,0.0001
2022-05-30 16:00,8,0.0001
2022-05-31 00:00,8,0.0001
2022-05-31 08:00,8,0.0001
2022-05-31 16:00,8,0.0001
2022-06-01 00:00,8,0.0001
2022-06-01 08:00,8,0.0001
2022-06-01 16:00,8,0.0001
2022-06-02 00:00,8,-0.00021528
2022-06-02 08:00,8,2.94e-05
2022-06-02 16:00,8,0.0001
2022-06-03 00:00,8,8.335e-05
2022-06-03 08:00,8,3.566e-05
2022-06-03 16:00,8,-0.00016167
2022-06-04 00:00,8,-2.803e-05
2022-06-04 08:00,8,0.0001
2022-06-04 16:00,8,4.684e-05
2022-06-05 00:00,8,1.481e-05
2022-06-05 08:00,8,4.596e-05
2022-06-05 16:00,8,1.77e-05
2022-06-06 00:00,8,1.477e-05
2022-06-06 08:00,8,0.0001
2022-06-06 16:00,8,0.0001
2022-06-07 00:00,8,0.0001
2022-06-07 08:00,8,-0.00019584
2022-06-07 16:00,8,1.194e-05
2022-06-08 00:00,8,8.41e-05
2022-06-08 08:00,8,8.62e-05
2022-06-08 16:00,8,9.302e-05
2022-06-09 00:00,8,-5.61e-05
2022-06-09 08:00,8,-1.895e-05
2022-06-09 16:00,8,0.0001
2022-06-10 00:00,8,2.089e-05
2022-06-10 08:00,8,-3.185e-05
2022-06-10 16:00,8,-0.00020859
2022-06-11 00:00,8,-0.00022308
2022-06-11 08:00,8,-3.264e-05
2022-06-11 16:00,8,-9.731e-05
2022-06-12 00:00,8,-0.00026937
2022-06-12 08:00,8,-0.00016154
2022-06-12 16:00,8,-0.0002017
2022-06-13 00:00,8,-0.00015679
2022-06-13 08:00,8,-0.00038689
2022-06-13 16:00,8,-0.00026092
2022-06-14 00:00,8,-0.00019557
2022-06-14 08:00,8,5.965e-05
2022-06-14 16:00,8,9.72e-06
2022-06-15 00:00,8,7.58e-06
2022-06-15 08:00,8,-0.00023871
2022-06-15 16:00,8,9.049e-05
2022-06-16 00:00,8,0.0001
2022-06-16 08:00,8,0.0001
2022-06-16 16:00,8,-0.00015307
2022-06-17 00:00,8,-0.00011574
2022-06-17 08:00,8,8.641e-05
2022-06-17 16:00,8,0.0001
2022-06-18 00:00,8,0.0001
2022-06-18 08:00,8,-5.5e-06
2022-06-18 16:00,8,0.0001
2022-06-19 00:00,8,2.4e-05
2022-06-19 08:00,8,0.0001
2022-06-19 16:00,8,0.0001
2022-06-20 00:00,8,0.0001
2022-06-20 08:00,8,0.0001
2022-06-20 16:00,8,0.0001
2022-06-21 00:00,8,0.0001
2022-06-21 08:00,8,0.0001
2022-06-21 16:00,8,0.0001
2022-06-22 00:00,8,0.0001
2022-06-22 08:00,8,-0.00011528
2022-06-22 16:00,8,-7.47e-06
2022-06-23 00:00,8,4.941e-05
2022-06-23 08:00,8,0.0001
2022-06-23 16:00,8,0.0001
2022-06-24 00:00,8,0.0001
2022-06-24 08:00,8,0.0001
2022-06-24 16:00,8,0.0001
2022-06-25 00:00,8,0.0001
2022-06-25 08:00,8,0.0001
2022-06-25 16:00,8,0.0001
2022-06-26 00:00,8,0.0001
2022-06-26 08:00,8,0.0001
2022-06-26 16:00,8,3.102e-05
2022-06-27 00:00,8,-8.672e-05
2022-06-27 08:00,8,0.0001
2022-06-27 16:00,8,0.0001
2022-06-28 00:00,8,0.0001
2022-06-28 08:00,8,-0.00108297
2022-06-28 16:00,8,-3.855e-05
2022-06-29 00:00,8,-0.00020847
2022-06-29 08:00,8,-0.00012042
2022-06-29 16:00,8,-0.00019936
2022-06-30 00:00,8,-6.302e-05
2022-06-30 08:00,8,-0.00017513
2022-06-30 16:00,8,2.08e-06
2022-07-01 00:00,8,-0.00020007
2022-07-01 08:00,8,-9.233e-05
2022-07-01 16:00,8,-8.15e-06
2022-07-02 00:00,8,0.0001
2022-07-02 08:00,8,-5.13e-05
2022-07-02 16:00,8,0.0001
2022-07-03 00:00,8,-4.669e-05
2022-07-03 08:00,8,0.0001
2022-07-03 16:00,8,1.935e-05
2022-07-04 00:00,8,0.0001
2022-07-04 08:00,8,2.752e-05
2022-07-04 16:00,8,0.0001
2022-07-05 00:00,8,0.0001
2022-07-05 08:00,8,0.0001
2022-07-05 16:00,8,0.0001
2022-07-06 00:00,8,0.0001
2022-07-06 08:00,8,0.0001
2022-07-06 16:00,8,0.0001
2022-07-07 00:00,8,0.0001
2022-07-07 08:00,8,0.0001
2022-07-07 16:00,8,0.0001
2022-07-08 00:00,8,0.0001
2022-07-08 08:00,8,0.0001
2022-07-08 16:00,8,-5.453e-05
2022-07-09 00:00,8,-1.44e-06
2022-07-09 08:00,8,0.0001
2022-07-09 16:00,8,0.0001
2022-07-10 00:00,8,0.0001
2022-07-10 08:00,8,0.0001
2022-07-10 16:00,8,0.0001
2022-07-11 00:00,8,0.0001
2022-07-11 08:00,8,-0.00046877
2022-07-11 16:00,8,-0.00025664
2022-07-12 00:00,8,3.137e-05
2022-07-12 08:00,8,0.0001
2022-07-12 16:00,8,9.36e-06
2022-07-13 00:00,8,-9.914e-05
2022-07-13 08:00,8,-0.0002956
2022-07-13 16:00,8,3.819e-05
2022-07-14 00:00,8,0.0001
2022-07-14 08:00,8,0.0001
2022-07-14 16:00,8,5.775e-05
2022-07-15 00:00,8,5.888e-05
2022-07-15 08:00,8,0.0001
2022-07-15 16:00,8,0.0001
2022-07-16 00:00,8,0.0001
2022-07-16 08:00,8,0.0001
2022-07-16 16:00,8,0.0001
2022-07-17 00:00,8,0.0001
2022-07-17 08:00,8,0.0001
2022-07-17 16:00,8,0.0001
2022-07-18 00:00,8,0.0001
2022-07-18 08:00,8,0.0001
2022-07-18 16:00,8,0.0001
2022-07-19 00:00,8,0.0001
2022-07-19 08:00,8,0.0001
2022-07-19 16:00,8,0.0001
2022-07-20 00:00,8,0.0001
2022-07-20 08:00,8,0.0001
2022-07-20 16:00,8,0.0001
2022-07-21 00:00,8,0.0001
2022-07-21 08:00,8,-7.611e-05
2022-07-21 16:00,8,0.0001
2022-07-22 00:00,8,0.0001
2022-07-22 08:00,8,0.0001
2022-07-22 16:00,8,0.0001
2022-07-23 00:00,8,-6.603e-05
2022-07-23 08:00,8,0.0001
2022-07-23 16:00,8,0.0001
2022-07-24 00:00,8,0.0001
2022-07-24 08:00,8,0.0001
2022-07-24 16:00,8,0.0001
2022-07-25 00:00,8,0.0001
2022-07-25 08:00,8,-0.00026843
2022-07-25 16:00,8,5.037e-05
2022-07-26 00:00,8,-7.623e-05
2022-07-26 08:00,8,-0.00030121
2022-07-26 16:00,8,-1.308e-05
2022-07-27 00:00,8,1.534e-05
2022-07-27 08:00,8,-9.317e-05
2022-07-27 16:00,8,-0.00011518
2022-07-28 00:00,8,0.0001
2022-07-28 08:00,8,0.0001
2022-07-28 16:00,8,0.0001
2022-07-29 00:00,8,0.0001
2022-07-29 08:00,8,0.0001
2022-07-29 16:00,8,0.0001
2022-07-30 00:00,8,0.0001
2022-07-30 08:00,8,0.0001
2022-07-30 16:00,8,0.0001
2022-07-31 00:00,8,0.0001
2022-07-31 08:00,8,0.0001
2022-07-31 16:00,8,0.0001
2022-08-01 00:00,8,0.0001
2022-08-01 08:00,8,0.0001
2022-08-01 16:00,8,5.21e-05
2022-08-02 00:00,8,0.0001
2022-08-02 08:00,8,0.0001
2022-08-02 16:00,8,0.0001
2022-08-03 00:00,8,0.0001
2022-08-03 08:00,8,0.0001
2022-08-03 16:00,8,0.0001
2022-08-04 00:00,8,0.0001
2022-08-04 08:00,8,0.0001
2022-08-04 16:00,8,0.0001
2022-08-05 00:00,8,0.0001
2022-08-05 08:00,8,0.0001
2022-08-05 16:00,8,0.0001
2022-08-06 00:00,8,0.0001
2022-08-06 08:00,8,0.0001
2022-08-06 16:00,8,0.0001
2022-08-07 00:00,8,0.0001
2022-08-07 08:00,8,0.0001
2022-08-07 16:00,8,0.0001
2022-08-08 00:00,8,0.0001
2022-08-08 08:00,8,0.0001
2022-08-08 16:00,8,0.0001
2022-08-09 00:00,8,0.0001
2022-08-09 08:00,8,0.0001
2022-08-09 16:00,8,0.0001
2022-08-10 00:00,8,0.0001
2022-08-10 08:00,8,0.0001
2022-08-10 16:00,8,0.0001
2022-08-11 00:00,8,0.0001
2022-08-11 08:00,8,0.0001
2022-08-11 16:00,8,0.0001
2022-08-12 00:00,8,0.0001
2022-08-12 08:00,8,0.0001
2022-08-12 16:00,8,0.0001
2022-08-13 00:00,8,0.0001
2022-08-13 08:00,8,0.0001
2022-08-13 16:00,8,0.0001
2022-08-14 00:00,8,0.0001
2022-08-14 08:00,8,0.0001
2022-08-14 16:00,8,0.0001
2022-08-15 00:00,8,0.0001
2022-08-15 08:00,8,0.0001
2022-08-15 16:00,8,0.0001
2022-08-16 00:00,8,0.0001
2022-08-16 08:00,8,3.391e-05
2022-08-16 16:00,8,0.0001
2022-08-17 00:00,8,0.0001
2022-08-17 08:00,8,0.0001
2022-08-17 16:00,8,-4.553e-05
2022-08-18 00:00,8,7.639e-05
2022-08-18 08:00,8,-0.00021768
2022-08-18 16:00,8,-0.00010728
2022-08-19 00:00,8,0.0001
2022-08-19 08:00,8,0.0001
2022-08-19 16:00,8,0.0001
2022-08-20 00:00,8,0.0001
2022-08-20 08:00,8,0.0001
2022-08-20 16:00,8,-8.041e-05
2022-08-21 00:00,8,0.0001
2022-08-21 08:00,8,-0.00010607
2022-08-21 16:00,8,9.623e-05
2022-08-22 00:00,8,-6.222e-05
2022-08-22 08:00,8,5.538e-05
2022-08-22 16:00,8,-9.294e-05
2022-08-23 00:00,8,0.0001
2022-08-23 08:00,8,7.006e-05
2022-08-23 16:00,8,0.0001
2022-08-24 00:00,8,0.0001
2022-08-24 08:00,8,0.0001
2022-08-24 16:00,8,0.0001
2022-08-25 00:00,8,0.0001
2022-08-25 08:00,8,7.257e-05
2022-08-25 16:00,8,0.0001
2022-08-26 00:00,8,6.265e-05
2022-08-26 08:00,8,5.198e-05
2022-08-26 16:00,8,0.0001
2022-08-27 00:00,8,0.0001
2022-08-27 08:00,8,4.414e-05
2022-08-27 16:00,8,7.525e-05
2022-08-28 00:00,8,0.0001
2022-08-28 08:00,8,-5.23e-05
2022-08-28 16:00,8,7.086e-05
2022-08-29 00:00,8,5.761e-05
2022-08-29 08:00,8,-7.104e-05
2022-08-29 16:00,8,-8.197e-05
2022-08-30 00:00,8,4.804e-05
2022-08-30 08:00,8,4.893e-05
2022-08-30 16:00,8,-8.338e-05
2022-08-31 00:00,8,-0.00017289
2022-08-31 08:00,8,-0.00023617
2022-08-31 16:00,8,0.0001
2022-09-01 00:00,8,6.905e-05
2022-09-01 08:00,8,2.48e-05
2022-09-01 16:00,8,9.198e-05
2022-09-02 00:00,8,0.0001
2022-09-02 08:00,8,0.0001
2022-09-02 16:00,8,0.0001
2022-09-03 00:00,8,4.087e-05
2022-09-03 08:00,8,0.0001
2022-09-03 16:00,8,-4.36e-06
2022-09-04 00:00,8,3.97e-06
2022-09-04 08:00,8,0.0001
2022-09-04 16:00,8,-0.00010142
2022-09-05 00:00,8,-8.891e-05
2022-09-05 08:00,8,3.03e-06
2022-09-05 16:00,8,0.0001
2022-09-06 00:00,8,2.015e-05
2022-09-06 08:00,8,0.0001
2022-09-06 16:00,8,-5.757e-05
2022-09-07 00:00,8,-5.375e-05
2022-09-07 08:00,8,4.156e-05
2022-09-07 16:00,8,-3.318e-05
2022-09-08 00:00,8,-6.466e-05
2022-09-08 08:00,8,8.036e-05
2022-09-08 16:00,8,7.321e-05
2022-09-09 00:00,8,6.593e-05
2022-09-09 08:00,8,0.0001
2022-09-09 16:00,8,0.0001
2022-09-10 00:00,8,0.0001
2022-09-10 08:00,8,0.0001
2022-09-10 16:00,8,0.0001
2022-09-11 00:00,8,0.0001
2022-09-11 08:00,8,0.0001
2022-09-11 16:00,8,0.0001
2022-09-12 00:00,8,-9.684e-05
2022-09-12 08:00,8,-7.196e-05
2022-09-12 16:00,8,1.274e-05
2022-09-13 00:00,8,1.544e-05
2022-09-13 08:00,8,5.197e-05
2022-09-13 16:00,8,6.288e-05
2022-09-14 00:00,8,-6.05e-06
2022-09-14 08:00,8,-1.345e-05
2022-09-14 16:00,8,-0.0002096
2022-09-15 00:00,8,5.484e-05
2022-09-15 08:00,8,-0.00011928
2022-09-15 16:00,8,-0.00016464
2022-09-16 00:00,8,5.983e-05
2022-09-16 08:00,8,-2.333e-05
2022-09-16 16:00,8,0.0001
2022-09-17 00:00,8,0.0001
2022-09-17 08:00,8,0.0001
2022-09-17 16:00,8,0.0001
2022-09-18 00:00,8,0.0001
2022-09-18 08:00,8,8.243e-05
2022-09-18 16:00,8,0.0001
2022-09-19 00:00,8,0.0001
2022-09-19 08:00,8,0.0001
2022-09-19 16:00,8,0.0001
2022-09-20 00:00,8,0.0001
2022-09-20 08:00,8,0.0001
2022-09-20 16:00,8,0.0001
2022-09-21 00:00,8,0.0001
2022-09-21 08:00,8,0.0001
2022-09-21 16:00,8,0.0001
2022-09-22 00:00,8,0.0001
2022-09-22 08:00,8,0.0001
2022-09-22 16:00,8,0.0001
2022-09-23 00:00,8,0.0001
2022-09-23 08:00,8,0.0001
2022-09-23 16:00,8,0.0001
2022-09-24 00:00,8,0.0001
2022-09-24 08:00,8,0.0001
2022-09-24 16:00,8,0.0001
2022-09-25 00:00,8,0.0001
2022-09-25 08:00,8,8.293e-05
2022-09-25 16:00,8,6.429e-05
2022-09-26 00:00,8,1.705e-05
2022-09-26 08:00,8,6.467e-05
2022-09-26 16:00,8,0.0001
2022-09-27 00:00,8,0.0001
2022-09-27 08:00,8,5.868e-05
2022-09-27 16:00,8,0.0001
2022-09-28 00:00,8,-4.31e-06
2022-09-28 08:00,8,3.827e-05
2022-09-28 16:00,8,-3.177e-05
2022-09-29 00:00,8,0.0001
2022-09-29 08:00,8,1.667e-05
2022-09-29 16:00,8,8.112e-05
2022-09-30 00:00,8,8.538e-05
2022-09-30 08:00,8,0.0001
2022-09-30 16:00,8,0.0001
2022-10-01 00:00,8,3.303e-05
2022-10-01 08:00,8,0.0001
2022-10-01 16:00,8,0.0001
2022-10-02 00:00,8,0.0001
2022-10-02 08:00,8,0.0001
2022-10-02 16:00,8,8.218e-05
2022-10-03 00:00,8,-2.068e-05
2022-10-03 08:00,8,0.0001
2022-10-03 16:00,8,-1.249e-05
2022-10-04 00:00,8,3.14e-06
2022-10-04 08:00,8,7.915e-05
2022-10-04 16:00,8,0.0001
2022-10-05 00:00,8,0.0001
2022-10-05 08:00,8,0.0001
2022-10-05 16:00,8,2.633e-05
2022-10-06 00:00,8,7.14e-05
2022-10-06 08:00,8,0.0001
2022-10-06 16:00,8,-2.09e-06
2022-10-07 00:00,8,6.997e-05
2022-10-07 08:00,8,9.646e-05
2022-10-07 16:00,8,0.0001
2022-10-08 00:00,8,0.0001
2022-10-08 08:00,8,0.0001
2022-10-08 16:00,8,8.222e-05
2022-10-09 00:00,8,4.055e-05
2022-10-09 08:00,8,0.0001
2022-10-09 16:00,8,0.0001
2022-10-10 00:00,8,0.0001
2022-10-10 08:00,8,0.0001
2022-10-10 16:00,8,3.974e-05
2022-10-11 00:00,8,0.0001
2022-10-11 08:00,8,1.833e-05
2022-10-11 16:00,8,-3.31e-06
2022-10-12 00:00,8,-6.47e-05
2022-10-12 08:00,8,0.0001
2022-10-12 16:00,8,0.0001
2022-10-13 00:00,8,0.0001
2022-10-13 08:00,8,5.7e-05
2022-10-13 16:00,8,-0.00011025
2022-10-14 00:00,8,-9.783e-05
2022-10-14 08:00,8,-3.18e-06
2022-10-14 16:00,8,4.74e-05
2022-10-15 00:00,8,7.615e-05
2022-10-15 08:00,8,-6.741e-05
2022-10-15 16:00,8,-7.988e-05
2022-10-16 00:00,8,4.774e-05
2022-10-16 08:00,8,-3.465e-05
2022-10-16 16:00,8,-7.9e-07
2022-10-17 00:00,8,7.822e-05
2022-10-17 08:00,8,3.792e-05
2022-10-17 16:00,8,0.0001
2022-10-18 00:00,8,-1.424e-05
2022-10-18 08:00,8,0.0001
2022-10-18 16:00,8,2.01e-05
2022-10-19 00:00,8,0.0001
2022-10-19 08:00,8,0.0001
2022-10-19 16:00,8,0.0001
2022-10-20 00:00,8,5.881e-05
2022-10-20 08:00,8,-0.00013041
2022-10-20 16:00,8,3.373e-05
2022-10-21 00:00,8,-0.00014022
2022-10-21 08:00,8,-7.608e-05
2022-10-21 16:00,8,-1.843e-05
2022-10-22 00:00,8,8.866e-05
2022-10-22 08:00,8,0.0001
2022-10-22 16:00,8,2.839e-05
2022-10-23 00:00,8,0.0001
2022-10-23 08:00,8,0.0001
2022-10-23 16:00,8,0.0001
2022-10-24 00:00,8,0.0001
2022-10-24 08:00,8,0.0001
2022-10-24 16:00,8,0.0001
2022-10-25 00:00,8,8.977e-05
2022-10-25 08:00,8,-3.648e-05
2022-10-25 16:00,8,3.821e-05
2022-10-26 00:00,8,9.08e-06
2022-10-26 08:00,8,4.289e-05
2022-10-26 16:00,8,2.142e-05
2022-10-27 00:00,8,4.413e-05
2022-10-27 08:00,8,4.338e-05
2022-10-27 16:00,8,0.0001
2022-10-28 00:00,8,0.0001
2022-10-28 08:00,8,0.0001
2022-10-28 16:00,8,8.285e-05
2022-10-29 00:00,8,0.0001
2022-10-29 08:00,8,0.0001
2022-10-29 16:00,8,0.0001
2022-10-30 00:00,8,0.0001
2022-10-30 08:00,8,0.0001
2022-10-30 16:00,8,0.0001
2022-10-31 00:00,8,0.0001
2022-10-31 08:00,8,0.0001
2022-10-31 16:00,8,0.0001
2022-11-01 00:00,8,0.0001
2022-11-01 08:00,8,0.0001
2022-11-01 16:00,8,0.0001
2022-11-02 00:00,8,0.0001
2022-11-02 08:00,8,7.242e-05
2022-11-02 16:00,8,0.0001
2022-11-03 00:00,8,0.0001
2022-11-03 08:00,8,0.0001
2022-11-03 16:00,8,0.0001
2022-11-04 00:00,8,7.437e-05
2022-11-04 08:00,8,5.073e-05
2022-11-04 16:00,8,0.0001
2022-11-05 00:00,8,3.254e-05
2022-11-05 08:00,8,0.0001
2022-11-05 16:00,8,0.0001
2022-11-06 00:00,8,0.0001
2022-11-06 08:00,8,0.0001
2022-11-06 16:00,8,2.933e-05
2022-11-07 00:00,8,0.0001
2022-11-07 08:00,8,0.0001
2022-11-07 16:00,8,0.0001
2022-11-08 00:00,8,0.0001
2022-11-08 08:00,8,-4.26e-05
2022-11-08 16:00,8,0.0001
2022-11-09 00:00,8,-0.00042924
2022-11-09 08:00,8,-3.231e-05
2022-11-09 16:00,8,0.0001
2022-11-10 00:00,8,-0.00025731
2022-11-10 08:00,8,-0.00028555
2022-11-10 16:00,8,1.344e-05
2022-11-11 00:00,8,-8.799e-05
2022-11-11 08:00,8,-0.0002807
2022-11-11 16:00,8,0.0001
2022-11-12 00:00,8,0.0001
2022-11-12 08:00,8,-3.693e-05
2022-11-12 16:00,8,9.58e-05
2022-11-13 00:00,8,0.0001
2022-11-13 08:00,8,0.0001
2022-11-13 16:00,8,0.0001
2022-11-14 00:00,8,0.0001
2022-11-14 08:00,8,0.0001
2022-11-14 16:00,8,0.0001
2022-11-15 00:00,8,-7.203e-05
2022-11-15 08:00,8,-4e-07
2022-11-15 16:00,8,0.0001
2022-11-16 00:00,8,0.0001
2022-11-16 08:00,8,0.0001
2022-11-16 16:00,8,0.0001
2022-11-17 00:00,8,0.0001
2022-11-17 08:00,8,9.209e-05
2022-11-17 16:00,8,0.0001
2022-11-18 00:00,8,0.0001
2022-11-18 08:00,8,0.0001
2022-11-18 16:00,8,2.721e-05
2022-11-19 00:00,8,8.408e-05
2022-11-19 08:00,8,6.025e-05
2022-11-19 16:00,8,8.481e-05
2022-11-20 00:00,8,3.493e-05
2022-11-20 08:00,8,0.0001
2022-11-20 16:00,8,0.0001
2022-11-21 00:00,8,-0.00010763
2022-11-21 08:00,8,-5.232e-05
2022-11-21 16:00,8,-8.852e-05
2022-11-22 00:00,8,8.527e-05
2022-11-22 08:00,8,-7.452e-05
2022-11-22 16:00,8,-0.00015798
2022-11-23 00:00,8,-0.00033475
2022-11-23 08:00,8,-0.00042481
2022-11-23 16:00,8,-0.0007404
2022-11-24 00:00,8,-0.00052623
2022-11-24 08:00,8,-0.0003652
2022-11-24 16:00,8,-0.00022279
2022-11-25 00:00,8,-0.00026773
2022-11-25 08:00,8,3.024e-05
2022-11-25 16:00,8,-2.882e-05
2022-11-26 00:00,8,-3.207e-05
2022-11-26 08:00,8,5.32e-06
2022-11-26 16:00,8,-3.186e-05
2022-11-27 00:00,8,-0.00016104
2022-11-27 08:00,8,0.0001
2022-11-27 16:00,8,-0.00012267
2022-11-28 00:00,8,-0.00014189
2022-11-28 08:00,8,-0.00061751
2022-11-28 16:00,8,-0.00011597
2022-11-29 00:00,8,0.0001
2022-11-29 08:00,8,0.0001
2022-11-29 16:00,8,-3.908e-05
2022-11-30 00:00,8,-3.946e-05
2022-11-30 08:00,8,3.486e-05
2022-11-30 16:00,8,0.0001
2022-12-01 00:00,8,-0.00025938
2022-12-01 08:00,8,1.834e-05
2022-12-01 16:00,8,2.23e-05
2022-12-02 00:00,8,-9.351e-05
2022-12-02 08:00,8,1.731e-05
2022-12-02 16:00,8,0.0001
2022-12-03 00:00,8,7.969e-05
2022-12-03 08:00,8,0.0001
2022-12-03 16:00,8,0.0001
2022-12-04 00:00,8,0.0001
2022-12-04 08:00,8,0.0001
2022-12-04 16:00,8,0.0001
2022-12-05 00:00,8,0.0001
2022-12-05 08:00,8,0.0001
2022-12-05 16:00,8,0.0001
2022-12-06 00:00,8,2.011e-05
2022-12-06 08:00,8,9.801e-05
2022-12-06 16:00,8,0.0001
2022-12-07 00:00,8,8.576e-05
2022-12-07 08:00,8,4.2e-06
2022-12-07 16:00,8,-7.127e-05
2022-12-08 00:00,8,-9.218e-05
2022-12-08 08:00,8,9.773e-05
2022-12-08 16:00,8,-0.00015642
2022-12-09 00:00,8,7.106e-05
2022-12-09 08:00,8,8.22e-05
2022-12-09 16:00,8,-5.509e-05
2022-12-10 00:00,8,-5.784e-05
2022-12-10 08:00,8,-1.856e-05
2022-12-10 16:00,8,4.667e-05
2022-12-11 00:00,8,5.057e-05
2022-12-11 08:00,8,0.0001
2022-12-11 16:00,8,0.0001
2022-12-12 00:00,8,8.158e-05
2022-12-12 08:00,8,-0.00041473
2022-12-12 16:00,8,-0.0003453
2022-12-13 00:00,8,-0.00041096
2022-12-13 08:00,8,8.173e-05
2022-12-13 16:00,8,4.352e-05
2022-12-14 00:00,8,0.0001
2022-12-14 08:00,8,9.049e-05
2022-12-14 16:00,8,0.0001
2022-12-15 00:00,8,-0.00010484
2022-12-15 08:00,8,7.11e-05
2022-12-15 16:00,8,0.0001
2022-12-16 00:00,8,9.642e-05
2022-12-16 08:00,8,-9.933e-05
2022-12-16 16:00,8,9.823e-05
2022-12-17 00:00,8,-7.912e-05
2022-12-17 08:00,8,-0.00036625
2022-12-17 16:00,8,-0.00022645
2022-12-18 00:00,8,-0.00041217
2022-12-18 08:00,8,-0.00028601
2022-12-18 16:00,8,-0.0008539
2022-12-19 00:00,8,-0.00033467
2022-12-19 08:00,8,-0.00030441
2022-12-19 16:00,8,-0.00029608
2022-12-20 00:00,8,-0.00012235
2022-12-20 08:00,8,-0.00010494
2022-12-20 16:00,8,-0.00037142
2022-12-21 00:00,8,-8.833e-05
2022-12-21 08:00,8,-8.05e-05
2022-12-21 16:00,8,-0.00028637
2022-12-22 00:00,8,-0.00011855
2022-12-22 08:00,8,2.091e-05
2022-12-22 16:00,8,-4.676e-05
2022-12-23 00:00,8,4.673e-05
2022-12-23 08:00,8,6.474e-05
2022-12-23 16:00,8,6.73e-06
2022-12-24 00:00,8,-0.00016982
2022-12-24 08:00,8,5.72e-05
2022-12-24 16:00,8,-3.982e-05
2022-12-25 00:00,8,2.75e-06
2022-12-25 08:00,8,-1.84e-05
2022-12-25 16:00,8,3.927e-05
2022-12-26 00:00,8,0.0001
2022-12-26 08:00,8,0.0001
2022-12-26 16:00,8,-2.94e-06
2022-12-27 00:00,8,4.313e-05
2022-12-27 08:00,8,0.0001
2022-12-27 16:00,8,-4.732e-05
2022-12-28 00:00,8,6.852e-05
2022-12-28 08:00,8,2.137e-05
2022-12-28 16:00,8,9.279e-05
2022-12-29 00:00,8,0.0001
2022-12-29 08:00,8,0.0001
2022-12-29 16:00,8,-2.768e-05
2022-12-30 00:00,8,2.351e-05
2022-12-30 08:00,8,1.252e-05
2022-12-30 16:00,8,-3.731e-05
2022-12-31 00:00,8,-0.00026826
2022-12-31 08:00,8,4.979e-05
2022-12-31 16:00,8,-4.817e-05
2023-01-01 00:00,8,9.52e-05
2023-01-01 08:00,8,-1.91e-06
2023-01-01 16:00,8,5.47e-05
2023-01-02 00:00,8,0.0001
2023-01-02 08:00,8,-4.44e-06
2023-01-02 16:00,8,0.0001
2023-01-03 00:00,8,0.0001
2023-01-03 08:00,8,-2e-06
2023-01-03 16:00,8,0.0001
2023-01-04 00:00,8,0.0001
2023-01-04 08:00,8,7.16e-05
2023-01-04 16:00,8,9.992e-05
2023-01-05 00:00,8,3.949e-05
2023-01-05 08:00,8,-0.0003646
2023-01-05 16:00,8,5.973e-05
2023-01-06 00:00,8,-5.182e-05
2023-01-06 08:00,8,0.0001
2023-01-06 16:00,8,0.0001
2023-01-07 00:00,8,-2.268e-05
2023-01-07 08:00,8,0.0001
2023-01-07 16:00,8,0.0001
2023-01-08 00:00,8,0.0001
2023-01-08 08:00,8,0.0001
2023-01-08 16:00,8,0.0001
2023-01-09 00:00,8,0.0001
2023-01-09 08:00,8,0.0001
2023-01-09 16:00,8,0.0001
2023-01-10 00:00,8,0.0001
2023-01-10 08:00,8,0.0001
2023-01-10 16:00,8,0.0001
2023-01-11 00:00,8,0.0001
2023-01-11 08:00,8,0.0001
2023-01-11 16:00,8,0.0001
2023-01-12 00:00,8,0.0001
2023-01-12 08:00,8,0.0001
2023-01-12 16:00,8,0.0001
2023-01-13 00:00,8,0.0001
2023-01-13 08:00,8,0.0001
2023-01-13 16:00,8,0.0001
2023-01-14 00:00,8,0.0001
2023-01-14 08:00,8,0.00046291
2023-01-14 16:00,8,0.0001
2023-01-15 00:00,8,0.00022277
2023-01-15 08:00,8,0.0004433
2023-01-15 16:00,8,0.00038151
2023-01-16 00:00,8,0.00023948
2023-01-16 08:00,8,0.00024232
2023-01-16 16:00,8,0.0001
2023-01-17 00:00,8,0.0001
2023-01-17 08:00,8,0.00011825
2023-01-17 16:00,8,0.0001
2023-01-18 00:00,8,0.0001
2023-01-18 08:00,8,0.0001
2023-01-18 16:00,8,0.0001
2023-01-19 00:00,8,0.0001
2023-01-19 08:00,8,0.0001
2023-01-19 16:00,8,0.0001
2023-01-20 00:00,8,0.0001
2023-01-20 08:00,8,0.0001
2023-01-20 16:00,8,0.0001
2023-01-21 00:00,8,0.0001
2023-01-21 08:00,8,0.00036923
2023-01-21 16:00,8,0.00018568
2023-01-22 00:00,8,0.0001
2023-01-22 08:00,8,0.00020242
2023-01-22 16:00,8,0.00019964
2023-01-23 00:00,8,0.0001
2023-01-23 08:00,8,0.00027208
2023-01-23 16:00,8,0.0001
2023-01-24 00:00,8,0.00015157
2023-01-24 08:00,8,0.0001
2023-01-24 16:00,8,0.00022519
2023-01-25 00:00,8,0.0001
2023-01-25 08:00,8,0.0001
2023-01-25 16:00,8,0.0001
2023-01-26 00:00,8,0.0001
2023-01-26 08:00,8,0.0001
2023-01-26 16:00,8,0.0001
2023-01-27 00:00,8,0.0001
2023-01-27 08:00,8,0.0001
2023-01-27 16:00,8,0.0001
2023-01-28 00:00,8,0.0001
2023-01-28 08:00,8,0.0001
2023-01-28 16:00,8,0.0001
2023-01-29 00:00,8,0.0001
2023-01-29 08:00,8,0.0001
2023-01-29 16:00,8,0.0001
2023-01-30 00:00,8,0.0001
2023-01-30 08:00,8,0.0001
2023-01-30 16:00,8,0.0001
2023-01-31 00:00,8,0.0001
2023-01-31 08:00,8,0.0001
2023-01-31 16:00,8,0.0001
2023-02-01 00:00,8,0.0001
2023-02-01 08:00,8,0.0001
2023-02-01 16:00,8,0.0001
2023-02-02 00:00,8,0.0001
2023-02-02 08:00,8,0.00025812
2023-02-02 16:00,8,0.00050395
2023-02-03 00:00,8,0.00030595
2023-02-03 08:00,8,0.00024063
2023-02-03 16:00,8,0.00017357
2023-02-04 00:00,8,0.00040954
2023-02-04 08:00,8,0.00041456
2023-02-04 16:00,8,0.00029549
2023-02-05 00:00,8,0.00023775
2023-02-05 08:00,8,0.00013606
2023-02-05 16:00,8,0.0001
2023-02-06 00:00,8,0.0001
2023-02-06 08:00,8,0.0001
2023-02-06 16:00,8,0.0001
2023-02-07 00:00,8,0.0001
2023-02-07 08:00,8,0.0001
2023-02-07 16:00,8,0.00023368
2023-02-08 00:00,8,0.00040643
2023-02-08 08:00,8,0.0001
2023-02-08 16:00,8,0.00049913
2023-02-09 00:00,8,0.0001
2023-02-09 08:00,8,0.0001
2023-02-09 16:00,8,0.0001
2023-02-10 00:00,8,0.0001
2023-02-10 08:00,8,0.0001
2023-02-10 16:00,8,0.0001
2023-02-11 00:00,8,0.0001
2023-02-11 08:00,8,0.0001
2023-02-11 16:00,8,0.0001
2023-02-12 00:00,8,0.0001
2023-02-12 08:00,8,8.449e-05
2023-02-12 16:00,8,0.0001
2023-02-13 00:00,8,-5.755e-05
2023-02-13 08:00,8,-1.591e-05
2023-02-13 16:00,8,0.0001
2023-02-14 00:00,8,-9.557e-05
2023-02-14 08:00,8,8.006e-05
2023-02-14 16:00,8,7.03e-06
2023-02-15 00:00,8,3.797e-05
2023-02-15 08:00,8,0.0001
2023-02-15 16:00,8,8.586e-05
2023-02-16 00:00,8,0.0001
2023-02-16 08:00,8,0.0001
2023-02-16 16:00,8,0.0001
2023-02-17 00:00,8,0.0001
2023-02-17 08:00,8,0.0001
2023-02-17 16:00,8,0.0001
2023-02-18 00:00,8,0.0001
2023-02-18 08:00,8,0.0001
2023-02-18 16:00,8,0.0001
2023-02-19 00:00,8,0.0001
2023-02-19 08:00,8,0.0001
2023-02-19 16:00,8,0.0001
2023-02-20 00:00,8,0.0001
2023-02-20 08:00,8,0.0001
2023-02-20 16:00,8,0.0001
2023-02-21 00:00,8,0.0001
2023-02-21 08:00,8,0.0001327
2023-02-21 16:00,8,0.0001
2023-02-22 00:00,8,0.0001
2023-02-22 08:00,8,0.0001
2023-02-22 16:00,8,0.0001
2023-02-23 00:00,8,0.0001
2023-02-23 08:00,8,0.0001
2023-02-23 16:00,8,0.0001
2023-02-24 00:00,8,0.0001
2023-02-24 08:00,8,0.0001
2023-02-24 16:00,8,0.0001
2023-02-25 00:00,8,0.0001
2023-02-25 08:00,8,0.0001
2023-02-25 16:00,8,0.0001
2023-02-26 00:00,8,0.0001
2023-02-26 08:00,8,0.0001
2023-02-26 16:00,8,0.0001
2023-02-27 00:00,8,0.0001
2023-02-27 08:00,8,0.0001
2023-02-27 16:00,8,0.0001
2023-02-28 00:00,8,0.0001
2023-02-28 08:00,8,0.0001
2023-02-28 16:00,8,0.0001
2023-03-01 00:00,8,0.0001
2023-03-01 08:00,8,0.0001
2023-03-01 16:00,8,0.0001
2023-03-02 00:00,8,0.0001
2023-03-02 08:00,8,0.0001
2023-03-02 16:00,8,0.0001
2023-03-03 00:00,8,0.0001
2023-03-03 08:00,8,-8.962e-05
2023-03-03 16:00,8,-5.84e-06
2023-03-04 00:00,8,5.618e-05
2023-03-04 08:00,8,6.847e-05
2023-03-04 16:00,8,-5.43e-06
2023-03-05 00:00,8,-6.716e-05
2023-03-05 08:00,8,0.0001
2023-03-05 16:00,8,2.011e-05
2023-03-06 00:00,8,2.156e-05
2023-03-06 08:00,8,9.865e-05
2023-03-06 16:00,8,0.0001
2023-03-07 00:00,8,0.0001
2023-03-07 08:00,8,0.0001
2023-03-07 16:00,8,-8.08e-06
2023-03-08 00:00,8,0.0001
2023-03-08 08:00,8,-2.539e-05
2023-03-08 16:00,8,-7.532e-05
2023-03-09 00:00,8,-3.649e-05
2023-03-09 08:00,8,5.017e-05
2023-03-09 16:00,8,6.61e-05
2023-03-10 00:00,8,-9.304e-05
2023-03-10 08:00,8,4.463e-05
2023-03-10 16:00,8,5.223e-05
2023-03-11 00:00,8,-9.07e-06
2023-03-11 08:00,8,9.324e-05
2023-03-11 16:00,8,0.0001
2023-03-12 00:00,8,0.0001
2023-03-12 08:00,8,0.0001
2023-03-12 16:00,8,0.0001
2023-03-13 00:00,8,0.0001
2023-03-13 08:00,8,0.0001
2023-03-13 16:00,8,6.944e-05
2023-03-14 00:00,8,0.0001
2023-03-14 08:00,8,6.606e-05
2023-03-14 16:00,8,0.0001
2023-03-15 00:00,8,0.0001
2023-03-15 08:00,8,0.0001
2023-03-15 16:00,8,0.0001
2023-03-16 00:00,8,0.0001
2023-03-16 08:00,8,0.0001
2023-03-16 16:00,8,0.0001
2023-03-17 00:00,8,0.0001
2023-03-17 08:00,8,0.0001
2023-03-17 16:00,8,0.0001
2023-03-18 00:00,8,0.0001
2023-03-18 08:00,8,0.0001
2023-03-18 16:00,8,0.0001
2023-03-19 00:00,8,0.0001
2023-03-19 08:00,8,0.0001
2023-03-19 16:00,8,0.0001
2023-03-20 00:00,8,0.0001
2023-03-20 08:00,8,0.0001
2023-03-20 16:00,8,0.0001
2023-03-21 00:00,8,0.0001
2023-03-21 08:00,8,0.0001
2023-03-21 16:00,8,0.0001
2023-03-22 00:00,8,0.0001
2023-03-22 08:00,8,0.0001
2023-03-22 16:00,8,0.0001
2023-03-23 00:00,8,0.0001
2023-03-23 08:00,8,0.0001
2023-03-23 16:00,8,0.0001
2023-03-24 00:00,8,0.0001
2023-03-24 08:00,8,0.0001
2023-03-24 16:00,8,0.0001
2023-03-25 00:00,8,0.0001
2023-03-25 08:00,8,0.0001
2023-03-25 16:00,8,0.0001
2023-03-26 00:00,8,0.0001
2023-03-26 08:00,8,0.0001
2023-03-26 16:00,8,0.0001
2023-03-27 00:00,8,0.0001
2023-03-27 08:00,8,0.0001
2023-03-27 16:00,8,0.0001
2023-03-28 00:00,8,0.0001
2023-03-28 08:00,8,0.0001
2023-03-28 16:00,8,0.0001
2023-03-29 00:00,8,0.0001
2023-03-29 08:00,8,0.0001
2023-03-29 16:00,8,0.0001
2023-03-30 00:00,8,0.0001
2023-03-30 08:00,8,0.0001
2023-03-30 16:00,8,0.0001
2023-03-31 00:00,8,0.0001
2023-03-31 08:00,8,0.0001
2023-03-31 16:00,8,0.0001
2023-04-01 00:00,8,0.0001
2023-04-01 08:00,8,0.0001
2023-04-01 16:00,8,0.0001
2023-04-02 00:00,8,0.0001
2023-04-02 08:00,8,0.0001
2023-04-02 16:00,8,0.0001
2023-04-03 00:00,8,0.0001
2023-04-03 08:00,8,0.0001
2023-04-03 16:00,8,0.0001
2023-04-04 00:00,8,0.0001
2023-04-04 08:00,8,0.0001
2023-04-04 16:00,8,0.0001
2023-04-05 00:00,8,0.0001
2023-04-05 08:00,8,0.0001
2023-04-05 16:00,8,0.0001
2023-04-06 00:00,8,0.0001
2023-04-06 08:00,8,0.0001
2023-04-06 16:00,8,0.0001
2023-04-07 00:00,8,0.0001
2023-04-07 08:00,8,0.0001
2023-04-07 16:00,8,0.0001
2023-04-08 00:00,8,0.0001
2023-04-08 08:00,8,0.0001
2023-04-08 16:00,8,6.82e-06
2023-04-09 00:00,8,0.0001
2023-04-09 08:00,8,0.0001
2023-04-09 16:00,8,0.0001
2023-04-10 00:00,8,0.0001
2023-04-10 08:00,8,0.0001
2023-04-10 16:00,8,0.0001
2023-04-11 00:00,8,0.0001
2023-04-11 08:00,8,0.0001
2023-04-11 16:00,8,0.0001
2023-04-12 00:00,8,0.0001
2023-04-12 08:00,8,0.0001
2023-04-12 16:00,8,0.0001
2023-04-13 00:00,8,0.0001
2023-04-13 08:00,8,0.0001
2023-04-13 16:00,8,0.0001
2023-04-14 00:00,8,0.0001
2023-04-14 08:00,8,0.0001
2023-04-14 16:00,8,0.0001
2023-04-15 00:00,8,0.00011941
2023-04-15 08:00,8,0.00014889
2023-04-15 16:00,8,0.0002272
2023-04-16 00:00,8,0.00017937
2023-04-16 08:00,8,0.00034042
2023-04-16 16:00,8,0.00030741
2023-04-17 00:00,8,0.00012097
2023-04-17 08:00,8,0.00015114
2023-04-17 16:00,8,0.00011079
2023-04-18 00:00,8,0.00011567
2023-04-18 08:00,8,0.00026129
2023-04-18 16:00,8,0.00020827
2023-04-19 00:00,8,0.00012063
2023-04-19 08:00,8,0.0001
2023-04-19 16:00,8,0.0001
2023-04-20 00:00,8,0.0001
2023-04-20 08:00,8,0.0001
2023-04-20 16:00,8,0.0001
2023-04-21 00:00,8,0.0001
2023-04-21 08:00,8,0.0001
2023-04-21 16:00,8,0.0001
2023-04-22 00:00,8,0.0001
2023-04-22 08:00,8,0.0001
2023-04-22 16:00,8,0.0001
2023-04-23 00:00,8,0.0001
2023-04-23 08:00,8,0.0001
2023-04-23 16:00,8,0.0001
2023-04-24 00:00,8,0.0001
2023-04-24 08:00,8,0.0001
2023-04-24 16:00,8,0.0001
2023-04-25 00:00,8,6.162e-05
2023-04-25 08:00,8,7.14e-06
2023-04-25 16:00,8,7.793e-05
2023-04-26 00:00,8,0.0001
2023-04-26 08:00,8,0.0001
2023-04-26 16:00,8,0.0001
2023-04-27 00:00,8,0.0001
2023-04-27 08:00,8,0.0001
2023-04-27 16:00,8,0.0001
2023-04-28 00:00,8,0.0001
2023-04-28 08:00,8,0.0001
2023-04-28 16:00,8,9.199e-05
2023-04-29 00:00,8,0.0001
2023-04-29 08:00,8,0.0001
2023-04-29 16:00,8,0.0001
2023-04-30 00:00,8,0.0001
2023-04-30 08:00,8,0.0001
2023-04-30 16:00,8,0.0001
2023-05-01 00:00,8,0.0001
2023-05-01 08:00,8,0.0001
2023-05-01 16:00,8,0.0001
2023-05-02 00:00,8,0.0001
2023-05-02 08:00,8,0.0001
2023-05-02 16:00,8,4.228e-05
2023-05-03 00:00,8,0.0001
2023-05-03 08:00,8,0.0001
2023-05-03 16:00,8,0.0001
2023-05-04 00:00,8,0.0001
2023-05-04 08:00,8,0.0001
2023-05-04 16:00,8,0.0001
2023-05-05 00:00,8,0.0001
2023-05-05 08:00,8,0.0001
2023-05-05 16:00,8,0.0001
2023-05-06 00:00,8,0.0001
2023-05-06 08:00,8,0.0001
2023-05-06 16:00,8,0.0001
2023-05-07 00:00,8,0.0001
2023-05-07 08:00,8,0.0001
2023-05-07 16:00,8,0.0001
2023-05-08 00:00,8,0.0001
2023-05-08 08:00,8,6.469e-05
2023-05-08 16:00,8,5.018e-05
2023-05-09 00:00,8,8.84e-06
2023-05-09 08:00,8,4.678e-05
2023-05-09 16:00,8,3.231e-05
2023-05-10 00:00,8,0.0001
2023-05-10 08:00,8,3.146e-05
2023-05-10 16:00,8,-5.011e-05
2023-05-11 00:00,8,0.0001
2023-05-11 08:00,8,6.014e-05
2023-05-11 16:00,8,0.0001
2023-05-12 00:00,8,0.0001
2023-05-12 08:00,8,0.0001
2023-05-12 16:00,8,0.0001
2023-05-13 00:00,8,0.0001
2023-05-13 08:00,8,0.0001
2023-05-13 16:00,8,8.508e-05
2023-05-14 00:00,8,0.0001
2023-05-14 08:00,8,0.0001
2023-05-14 16:00,8,0.0001
2023-05-15 00:00,8,0.0001
2023-05-15 08:00,8,0.0001
2023-05-15 16:00,8,8.258e-05
2023-05-16 00:00,8,2.501e-05
2023-05-16 08:00,8,0.0001
2023-05-16 16:00,8,0.0001
2023-05-17 00:00,8,8.685e-05
2023-05-17 08:00,8,0.0001
2023-05-17 16:00,8,0.0001
2023-05-18 00:00,8,0.0001
2023-05-18 08:00,8,0.0001
2023-05-18 16:00,8,4.205e-05
2023-05-19 00:00,8,9.824e-05
2023-05-19 08:00,8,0.0001
2023-05-19 16:00,8,0.0001
2023-05-20 00:00,8,0.0001
2023-05-20 08:00,8,0.0001
2023-05-20 16:00,8,0.0001
2023-05-21 00:00,8,0.0001
2023-05-21 08:00,8,0.0001
2023-05-21 16:00,8,0.0001
2023-05-22 00:00,8,0.0001
2023-05-22 08:00,8,0.0001
2023-05-22 16:00,8,0.0001
2023-05-23 00:00,8,0.0001
2023-05-23 08:00,8,0.0001
2023-05-23 16:00,8,0.0001
2023-05-24 00:00,8,0.0001
2023-05-24 08:00,8,0.0001
2023-05-24 16:00,8,0.0001
2023-05-25 00:00,8,0.0001
2023-05-25 08:00,8,0.0001
2023-05-25 16:00,8,0.0001
2023-05-26 00:00,8,0.0001
2023-05-26 08:00,8,0.0001
2023-05-26 16:00,8,0.0001
2023-05-27 00:00,8,0.0001
2023-05-27 08:00,8,0.0001
2023-05-27 16:00,8,0.0001
2023-05-28 00:00,8,0.0001
2023-05-28 08:00,8,0.0001
2023-05-28 16:00,8,0.0001
2023-05-29 00:00,8,0.0001
2023-05-29 08:00,8,0.0001
2023-05-29 16:00,8,0.0001
2023-05-30 00:00,8,0.0001
2023-05-30 08:00,8,0.0001
2023-05-30 16:00,8,0.0001
2023-05-31 00:00,8,0.0001
2023-05-31 08:00,8,0.0001
2023-05-31 16:00,8,0.0001
2023-06-01 00:00,8,0.0001
2023-06-01 08:00,8,0.0001
2023-06-01 16:00,8,0.0001
2023-06-02 00:00,8,0.0001
2023-06-02 08:00,8,0.0001
2023-06-02 16:00,8,0.0001
2023-06-03 00:00,8,0.0001
2023-06-03 08:00,8,0.0001
2023-06-03 16:00,8,0.0001
2023-06-04 00:00,8,0.0001
2023-06-04 08:00,8,0.0001
2023-06-04 16:00,8,0.0001
2023-06-05 00:00,8,0.0001
2023-06-05 08:00,8,0.0001
2023-06-05 16:00,8,0.0001
2023-06-06 00:00,8,0.0001
2023-06-06 08:00,8,0.0001
2023-06-06 16:00,8,0.0001
2023-06-07 00:00,8,0.0001
2023-06-07 08:00,8,0.0001
2023-06-07 16:00,8,0.0001
2023-06-08 00:00,8,0.0001
2023-06-08 08:00,8,0.0001
2023-06-08 16:00,8,0.0001
2023-06-09 00:00,8,0.0001
2023-06-09 08:00,8,0.0001
2023-06-09 16:00,8,0.0001
2023-06-10 00:00,8,0.0001
2023-06-10 08:00,8,0.0001
2023-06-10 16:00,8,-0.00032483
2023-06-11 00:00,8,-0.00022362
2023-06-11 08:00,8,-4.385e-05
2023-06-11 16:00,8,-6.567e-05
2023-06-12 00:00,8,0.0001
2023-06-12 08:00,8,0.0001
2023-06-12 16:00,8,0.0001
2023-06-13 00:00,8,0.0001
2023-06-13 08:00,8,-3.31e-06
2023-06-13 16:00,8,4.777e-05
2023-06-14 00:00,8,0.0001
2023-06-14 08:00,8,2.19e-06
2023-06-14 16:00,8,7.316e-05
2023-06-15 00:00,8,3.483e-05
2023-06-15 08:00,8,0.0001
2023-06-15 16:00,8,0.0001
2023-06-16 00:00,8,0.0001
2023-06-16 08:00,8,0.0001
2023-06-16 16:00,8,0.0001
2023-06-17 00:00,8,0.0001
2023-06-17 08:00,8,0.0001
2023-06-17 16:00,8,0.0001
2023-06-18 00:00,8,0.0001
2023-06-18 08:00,8,0.0001
2023-06-18 16:00,8,0.0001
2023-06-19 00:00,8,7.576e-05
2023-06-19 08:00,8,0.0001
2023-06-19 16:00,8,0.0001
2023-06-20 00:00,8,0.0001
2023-06-20 08:00,8,0.0001
2023-06-20 16:00,8,0.0001
2023-06-21 00:00,8,0.0001
2023-06-21 08:00,8,0.0001
2023-06-21 16:00,8,0.0001
2023-06-22 00:00,8,0.0001
2023-06-22 08:00,8,0.0001
2023-06-22 16:00,8,7.459e-05
2023-06-23 00:00,8,0.0001
2023-06-23 08:00,8,0.0001
2023-06-23 16:00,8,7.371e-05
2023-06-24 00:00,8,0.0001
2023-06-24 08:00,8,0.0001
2023-06-24 16:00,8,5.798e-05
2023-06-25 00:00,8,0.0001
2023-06-25 08:00,8,8.001e-05
2023-06-25 16:00,8,-5.87e-06
2023-06-26 00:00,8,0.0001
2023-06-26 08:00,8,0.0001
2023-06-26 16:00,8,0.0001
2023-06-27 00:00,8,0.0001
2023-06-27 08:00,8,0.0001
2023-06-27 16:00,8,0.0001
2023-06-28 00:00,8,0.0001
2023-06-28 08:00,8,6.919e-05
2023-06-28 16:00,8,0.0001
2023-06-29 00:00,8,5.741e-05
2023-06-29 08:00,8,1.361e-05
2023-06-29 16:00,8,0.0001
2023-06-30 00:00,8,6.413e-05
2023-06-30 08:00,8,0.0001
2023-06-30 16:00,8,0.0001
2023-07-01 00:00,8,0.0001
2023-07-01 08:00,8,0.0001
2023-07-01 16:00,8,0.0001
2023-07-02 00:00,8,7.7e-05
2023-07-02 08:00,8,0.0001
2023-07-02 16:00,8,0.0001
2023-07-03 00:00,8,0.0001
2023-07-03 08:00,8,0.0001
2023-07-03 16:00,8,0.0001
2023-07-04 00:00,8,0.0001
2023-07-04 08:00,8,0.0001
2023-07-04 16:00,8,0.0001
2023-07-05 00:00,8,0.0001
2023-07-05 08:00,8,0.0001
2023-07-05 16:00,8,0.0001
2023-07-06 00:00,8,5.732e-05
2023-07-06 08:00,8,0.0001
2023-07-06 16:00,8,-1.893e-05
2023-07-07 00:00,8,7.186e-05
2023-07-07 08:00,8,-9.4e-06
2023-07-07 16:00,8,3.972e-05
2023-07-08 00:00,8,0.0001
2023-07-08 08:00,8,0.0001
2023-07-08 16:00,8,0.0001
2023-07-09 00:00,8,0.0001
2023-07-09 08:00,8,8.439e-05
2023-07-09 16:00,8,0.0001
2023-07-10 00:00,8,4.757e-05
2023-07-10 08:00,8,-5.914e-05
2023-07-10 16:00,8,0.0001
2023-07-11 00:00,8,0.0001
2023-07-11 08:00,8,0.0001
2023-07-11 16:00,8,3.436e-05
2023-07-12 00:00,8,9.709e-05
2023-07-12 08:00,8,0.0001
2023-07-12 16:00,8,3.909e-05
2023-07-13 00:00,8,7.988e-05
2023-07-13 08:00,8,3.104e-05
2023-07-13 16:00,8,-7.376e-05
2023-07-14 00:00,8,0.0001
2023-07-14 08:00,8,0.0001
2023-07-14 16:00,8,0.0001
2023-07-15 00:00,8,0.0001
2023-07-15 08:00,8,0.0001
2023-07-15 16:00,8,0.0001
2023-07-16 00:00,8,0.0001
2023-07-16 08:00,8,0.0001
2023-07-16 16:00,8,0.0001
2023-07-17 00:00,8,0.0001
2023-07-17 08:00,8,0.0001
2023-07-17 16:00,8,0.0001
2023-07-18 00:00,8,0.0001
2023-07-18 08:00,8,0.0001
2023-07-18 16:00,8,0.0001
2023-07-19 00:00,8,0.0001
2023-07-19 08:00,8,0.0001
2023-07-19 16:00,8,0.0001
2023-07-20 00:00,8,2.31e-05
2023-07-20 08:00,8,0.0001
2023-07-20 16:00,8,0.0001
2023-07-21 00:00,8,0.0001
2023-07-21 08:00,8,0.0001
2023-07-21 16:00,8,0.0001
2023-07-22 00:00,8,0.0001
2023-07-22 08:00,8,0.0001
2023-07-22 16:00,8,0.0001
2023-07-23 00:00,8,6.19e-05
2023-07-23 08:00,8,0.0001
2023-07-23 16:00,8,0.0001
2023-07-24 00:00,8,0.0001
2023-07-24 08:00,8,9.894e-05
2023-07-24 16:00,8,4.879e-05
2023-07-25 00:00,8,6.767e-05
2023-07-25 08:00,8,0.0001
2023-07-25 16:00,8,2.05e-06
2023-07-26 00:00,8,-3.244e-05
2023-07-26 08:00,8,3.745e-05
2023-07-26 16:00,8,0.0001
2023-07-27 00:00,8,5.919e-05
2023-07-27 08:00,8,0.0001
2023-07-27 16:00,8,-0.00011102
2023-07-28 00:00,8,0.0001
2023-07-28 08:00,8,7.892e-05
2023-07-28 16:00,8,0.0001
2023-07-29 00:00,8,6.414e-05
2023-07-29 08:00,8,0.0001
2023-07-29 16:00,8,3.15e-06
2023-07-30 00:00,8,0.0001
2023-07-30 08:00,8,-4.43e-06
2023-07-30 16:00,8,8.261e-05
2023-07-31 00:00,8,9.848e-05
2023-07-31 08:00,8,0.0001
2023-07-31 16:00,8,0.0001
2023-08-01 00:00,8,0.0001
2023-08-01 08:00,8,0.0001
2023-08-01 16:00,8,0.0001
2023-08-02 00:00,8,9.53e-05
2023-08-02 08:00,8,-0.00015144
2023-08-02 16:00,8,0.0001
2023-08-03 00:00,8,5.23e-05
2023-08-03 08:00,8,4.116e-05
2023-08-03 16:00,8,0.0001
2023-08-04 00:00,8,3.507e-05
2023-08-04 08:00,8,2.931e-05
2023-08-04 16:00,8,0.0001
2023-08-05 00:00,8,-0.00012906
2023-08-05 08:00,8,9.391e-05
2023-08-05 16:00,8,0.0001
2023-08-06 00:00,8,0.0001
2023-08-06 08:00,8,6.523e-05
2023-08-06 16:00,8,7.107e-05
2023-08-07 00:00,8,0.0001
2023-08-07 08:00,8,0.0001
2023-08-07 16:00,8,8.932e-05
2023-08-08 00:00,8,-0.00020418
2023-08-08 08:00,8,-0.00015457
2023-08-08 16:00,8,0.0001
2023-08-09 00:00,8,0.0001
2023-08-09 08:00,8,6.787e-05
2023-08-09 16:00,8,0.0001
2023-08-10 00:00,8,0.0001
2023-08-10 08:00,8,0.0001
2023-08-10 16:00,8,0.0001
2023-08-11 00:00,8,0.0001
2023-08-11 08:00,8,0.0001
2023-08-11 16:00,8,0.0001
2023-08-12 00:00,8,0.0001
2023-08-12 08:00,8,0.0001
2023-08-12 16:00,8,0.0001
2023-08-13 00:00,8,0.0001
2023-08-13 08:00,8,0.0001
2023-08-13 16:00,8,0.0001
2023-08-14 00:00,8,0.0001
2023-08-14 08:00,8,0.0001
2023-08-14 16:00,8,7.723e-05
2023-08-15 00:00,8,9.914e-05
2023-08-15 08:00,8,-0.00014362
2023-08-15 16:00,8,0.0001
2023-08-16 00:00,8,-0.00010286
2023-08-16 08:00,8,-9.736e-05
2023-08-16 16:00,8,-1.44e-05
2023-08-17 00:00,8,-2.77e-06
2023-08-17 08:00,8,9.009e-05
2023-08-17 16:00,8,-0.00010218
2023-08-18 00:00,8,-0.00013498
2023-08-18 08:00,8,1.611e-05
2023-08-18 16:00,8,0.0001
2023-08-19 00:00,8,2.604e-05
2023-08-19 08:00,8,-5.119e-05
2023-08-19 16:00,8,5.277e-05
2023-08-20 00:00,8,6.14e-05
2023-08-20 08:00,8,-0.00012336
2023-08-20 16:00,8,9.021e-05
2023-08-21 00:00,8,7.827e-05
2023-08-21 08:00,8,6.344e-05
2023-08-21 16:00,8,0.0001
2023-08-22 00:00,8,-4.807e-05
2023-08-22 08:00,8,8.481e-05
2023-08-22 16:00,8,0.0001
2023-08-23 00:00,8,0.0001
2023-08-23 08:00,8,0.0001
2023-08-23 16:00,8,0.0001
2023-08-24 00:00,8,0.0001
2023-08-24 08:00,8,5.562e-05
2023-08-24 16:00,8,1.565e-05
2023-08-25 00:00,8,4.867e-05
2023-08-25 08:00,8,-0.00013805
2023-08-25 16:00,8,2.04e-06
2023-08-26 00:00,8,0.0001
2023-08-26 08:00,8,0.0001
2023-08-26 16:00,8,0.0001
2023-08-27 00:00,8,-4.338e-05
2023-08-27 08:00,8,8.544e-05
2023-08-27 16:00,8,0.0001
2023-08-28 00:00,8,-2.996e-05
2023-08-28 08:00,8,0.0001
2023-08-28 16:00,8,5.175e-05
2023-08-29 00:00,8,-2.262e-05
2023-08-29 08:00,8,-0.00012237
2023-08-29 16:00,8,-1.493e-05
2023-08-30 00:00,8,0.0001
2023-08-30 08:00,8,0.0001
2023-08-30 16:00,8,0.0001
2023-08-31 00:00,8,0.0001
2023-08-31 08:00,8,0.0001
2023-08-31 16:00,8,0.0001
2023-09-01 00:00,8,0.0001
2023-09-01 08:00,8,6.231e-05
2023-09-01 16:00,8,-1.571e-05
2023-09-02 00:00,8,0.0001
2023-09-02 08:00,8,0.0001
2023-09-02 16:00,8,0.0001
2023-09-03 00:00,8,-9.885e-05
2023-09-03 08:00,8,-1.413e-05
2023-09-03 16:00,8,0.0001
2023-09-04 00:00,8,0.0001
2023-09-04 08:00,8,9.574e-05
2023-09-04 16:00,8,8.855e-05
2023-09-05 00:00,8,5.228e-05
2023-09-05 08:00,8,0.0001
2023-09-05 16:00,8,0.0001
2023-09-06 00:00,8,0.0001
2023-09-06 08:00,8,-3.72e-06
2023-09-06 16:00,8,1.77e-05
2023-09-07 00:00,8,0.0001
2023-09-07 08:00,8,0.0001
2023-09-07 16:00,8,3.828e-05
2023-09-08 00:00,8,6.584e-05
2023-09-08 08:00,8,0.0001
2023-09-08 16:00,8,6.299e-05
2023-09-09 00:00,8,4.886e-05
2023-09-09 08:00,8,0.0001
2023-09-09 16:00,8,0.0001
2023-09-10 00:00,8,0.0001
2023-09-10 08:00,8,0.0001
2023-09-10 16:00,8,7.321e-05
2023-09-11 00:00,8,8.944e-05
2023-09-11 08:00,8,3.572e-05
2023-09-11 16:00,8,0.0001
2023-09-12 00:00,8,-1.758e-05
2023-09-12 08:00,8,3.328e-05
2023-09-12 16:00,8,0.0001
2023-09-13 00:00,8,8.935e-05
2023-09-13 08:00,8,7.584e-05
2023-09-13 16:00,8,0.0001
2023-09-14 00:00,8,7.64e-06
2023-09-14 08:00,8,-4.14e-06
2023-09-14 16:00,8,-3.402e-05
2023-09-15 00:00,8,-7.793e-05
2023-09-15 08:00,8,-0.00016669
2023-09-15 16:00,8,0.0001
2023-09-16 00:00,8,0.0001
2023-09-16 08:00,8,0.0001
2023-09-16 16:00,8,0.0001
2023-09-17 00:00,8,0.0001
2023-09-17 08:00,8,0.0001
2023-09-17 16:00,8,0.0001
2023-09-18 00:00,8,4.143e-05
2023-09-18 08:00,8,-7.25e-05
2023-09-18 16:00,8,-3.049e-05
2023-09-19 00:00,8,0.0001
2023-09-19 08:00,8,8.779e-05
2023-09-19 16:00,8,0.0001
2023-09-20 00:00,8,0.0001
2023-09-20 08:00,8,0.0001
2023-09-20 16:00,8,0.0001
2023-09-21 00:00,8,0.0001
2023-09-21 08:00,8,7.744e-05
2023-09-21 16:00,8,0.0001
2023-09-22 00:00,8,0.0001
2023-09-22 08:00,8,0.0001
2023-09-22 16:00,8,0.0001
2023-09-23 00:00,8,0.0001
2023-09-23 08:00,8,6.009e-05
2023-09-23 16:00,8,-0.00019771
2023-09-24 00:00,8,2.101e-05
2023-09-24 08:00,8,0.0001
2023-09-24 16:00,8,-4.354e-05
2023-09-25 00:00,8,-2.266e-05
2023-09-25 08:00,8,-8.999e-05
2023-09-25 16:00,8,0.0001
2023-09-26 00:00,8,-0.00011452
2023-09-26 08:00,8,1.84e-05
2023-09-26 16:00,8,-0.00014098
2023-09-27 00:00,8,-0.0001246
2023-09-27 08:00,8,-0.00013362
2023-09-27 16:00,8,5.701e-05
2023-09-28 00:00,8,-0.00020999
2023-09-28 08:00,8,0.0001
2023-09-28 16:00,8,0.0001
2023-09-29 00:00,8,9.554e-05
2023-09-29 08:00,8,2.469e-05
2023-09-29 16:00,8,0.0001
2023-09-30 00:00,8,0.0001
2023-09-30 08:00,8,1.337e-05
2023-09-30 16:00,8,-8.104e-05
2023-10-01 00:00,8,2.789e-05
2023-10-01 08:00,8,-0.00016003
2023-10-01 16:00,8,0.0001
2023-10-02 00:00,8,0.0001
2023-10-02 08:00,8,9.05e-05
2023-10-02 16:00,8,0.0001
2023-10-03 00:00,8,0.0001
2023-10-03 08:00,8,0.0001
2023-10-03 16:00,8,0.0001
2023-10-04 00:00,8,9.236e-05
2023-10-04 08:00,8,0.0001
2023-10-04 16:00,8,7.231e-05
2023-10-05 00:00,8,0.0001
2023-10-05 08:00,8,0.0001
2023-10-05 16:00,8,9.648e-05
2023-10-06 00:00,8,7.6e-06
2023-10-06 08:00,8,0.0001
2023-10-06 16:00,8,0.0001
2023-10-07 00:00,8,0.0001
2023-10-07 08:00,8,0.0001
2023-10-07 16:00,8,0.0001
2023-10-08 00:00,8,0.0001
2023-10-08 08:00,8,0.0001
2023-10-08 16:00,8,0.0001
2023-10-09 00:00,8,0.0001
2023-10-09 08:00,8,0.0001
2023-10-09 16:00,8,-6.914e-05
2023-10-10 00:00,8,-4.073e-05
2023-10-10 08:00,8,0.0001
2023-10-10 16:00,8,-7.932e-05
2023-10-11 00:00,8,0.0001
2023-10-11 08:00,8,0.0001
2023-10-11 16:00,8,0.0001
2023-10-12 00:00,8,0.0001
2023-10-12 08:00,8,0.0001
2023-10-12 16:00,8,7.868e-05
2023-10-13 00:00,8,0.0001
2023-10-13 08:00,8,0.0001
2023-10-13 16:00,8,0.0001
2023-10-14 00:00,8,-6.042e-05
2023-10-14 08:00,8,0.0001
2023-10-14 16:00,8,0.0001
2023-10-15 00:00,8,-6.966e-05
2023-10-15 08:00,8,0.0001
2023-10-15 16:00,8,0.0001
2023-10-16 00:00,8,0.0001
2023-10-16 08:00,8,8.995e-05
2023-10-16 16:00,8,-8.087e-05
2023-10-17 00:00,8,4.019e-05
2023-10-17 08:00,8,1.52e-05
2023-10-17 16:00,8,-1.769e-05
2023-10-18 00:00,8,-5.044e-05
2023-10-18 08:00,8,-0.00033015
2023-10-18 16:00,8,-7.161e-05
2023-10-19 00:00,8,-5.983e-05
2023-10-19 08:00,8,1.685e-05
2023-10-19 16:00,8,0.0001
2023-10-20 00:00,8,-9.659e-05
2023-10-20 08:00,8,8.21e-05
2023-10-20 16:00,8,0.0001
2023-10-21 00:00,8,-8.955e-05
2023-10-21 08:00,8,-0.00016614
2023-10-21 16:00,8,6.308e-05
2023-10-22 00:00,8,4.283e-05
2023-10-22 08:00,8,-5.162e-05
2023-10-22 16:00,8,-0.00010462
2023-10-23 00:00,8,-0.00014353
2023-10-23 08:00,8,-0.00131831
2023-10-23 16:00,8,-0.00044525
2023-10-24 00:00,8,-0.00032164
2023-10-24 08:00,8,-0.00032744
2023-10-24 16:00,8,-0.00050065
2023-10-25 00:00,8,-7.623e-05
2023-10-25 08:00,8,-0.00032584
2023-10-25 16:00,8,-6.074e-05
2023-10-26 00:00,8,-9.962e-05
2023-10-26 08:00,8,-9.666e-05
2023-10-26 16:00,8,0.0001
2023-10-27 00:00,8,0.0001
2023-10-27 08:00,8,0.0001
2023-10-27 16:00,8,0.0001
2023-10-28 00:00,8,0.0001
2023-10-28 08:00,8,0.0001
2023-10-28 16:00,8,0.00011836
2023-10-29 00:00,8,0.0001
2023-10-29 08:00,8,0.0001
2023-10-29 16:00,8,0.0001
2023-10-30 00:00,8,0.0001
2023-10-30 08:00,8,0.0001
2023-10-30 16:00,8,0.0001
2023-10-31 00:00,8,0.0001
2023-10-31 08:00,8,0.0001
2023-10-31 16:00,8,0.0001
2023-11-01 00:00,8,0.00013418
2023-11-01 08:00,8,0.0001
2023-11-01 16:00,8,0.0001
2023-11-02 00:00,8,0.00021161
2023-11-02 08:00,8,0.00023931
2023-11-02 16:00,8,0.0001
2023-11-03 00:00,8,0.0001
2023-11-03 08:00,8,0.0001
2023-11-03 16:00,8,0.0001
2023-11-04 00:00,8,0.0001
2023-11-04 08:00,8,0.00016632
2023-11-04 16:00,8,0.0001
2023-11-05 00:00,8,0.0001
2023-11-05 08:00,8,0.0001
2023-11-05 16:00,8,0.0001
2023-11-06 00:00,8,0.0001
2023-11-06 08:00,8,0.0001
2023-11-06 16:00,8,0.0001
2023-11-07 00:00,8,0.0001
2023-11-07 08:00,8,0.0001468
2023-11-07 16:00,8,0.0001
2023-11-08 00:00,8,0.0001
2023-11-08 08:00,8,0.0001
2023-11-08 16:00,8,0.0001
2023-11-09 00:00,8,0.0001
2023-11-09 08:00,8,0.00023629
2023-11-09 16:00,8,0.00024119
2023-11-10 00:00,8,0.0001
2023-11-10 08:00,8,0.0001
2023-11-10 16:00,8,0.0001
2023-11-11 00:00,8,0.0001
2023-11-11 08:00,8,0.0001
2023-11-11 16:00,8,0.00024586
2023-11-12 00:00,8,0.000469
2023-11-12 08:00,8,0.00043384
2023-11-12 16:00,8,0.00027229
2023-11-13 00:00,8,0.00033483
2023-11-13 08:00,8,0.00025372
2023-11-13 16:00,8,0.00013765
2023-11-14 00:00,8,0.0001
2023-11-14 08:00,8,0.0001
2023-11-14 16:00,8,0.0001
2023-11-15 00:00,8,0.0001
2023-11-15 08:00,8,0.0001
2023-11-15 16:00,8,0.0001
2023-11-16 00:00,8,0.0001
2023-11-16 08:00,8,0.0001
2023-11-16 16:00,8,0.00017966
2023-11-17 00:00,8,0.0001
2023-11-17 08:00,8,0.0001
2023-11-17 16:00,8,0.0001
2023-11-18 00:00,8,0.0001
2023-11-18 08:00,8,0.0001
2023-11-18 16:00,8,0.0001
2023-11-19 00:00,8,0.0001
2023-11-19 08:00,8,0.0001
2023-11-19 16:00,8,0.0001
2023-11-20 00:00,8,0.0001
2023-11-20 08:00,8,0.0001
2023-11-20 16:00,8,0.0001
2023-11-21 00:00,8,0.0001
2023-11-21 08:00,8,0.0001
2023-11-21 16:00,8,0.0001
2023-11-22 00:00,8,0.0001
2023-11-22 08:00,8,0.0001
2023-11-22 16:00,8,0.0001
2023-11-23 00:00,8,0.0001
2023-11-23 08:00,8,0.0001
2023-11-23 16:00,8,0.0001
2023-11-24 00:00,8,0.0001
2023-11-24 08:00,8,0.0001
2023-11-24 16:00,8,0.0001
2023-11-25 00:00,8,0.0001
2023-11-25 08:00,8,0.0001
2023-11-25 16:00,8,0.0001
2023-11-26 00:00,8,0.0001
2023-11-26 08:00,8,0.0001
2023-11-26 16:00,8,0.0001
2023-11-27 00:00,8,0.0001
2023-11-27 08:00,8,0.0001
2023-11-27 16:00,8,0.0001
2023-11-28 00:00,8,0.0001
2023-11-28 08:00,8,0.0001
2023-11-28 16:00,8,0.0001
2023-11-29 00:00,8,0.0001
2023-11-29 08:00,8,0.0001
2023-11-29 16:00,8,0.0001
2023-11-30 00:00,8,0.0001
2023-11-30 08:00,8,0.0001
2023-11-30 16:00,8,0.0001
2023-12-01 00:00,8,0.0001
2023-12-01 08:00,8,0.0001
2023-12-01 16:00,8,0.0001
2023-12-02 00:00,8,0.0001
2023-12-02 08:00,8,0.0001
2023-12-02 16:00,8,0.00018395
2023-12-03 00:00,8,0.0002141
2023-12-03 08:00,8,0.00018575
2023-12-03 16:00,8,0.00011957
2023-12-04 00:00,8,0.00023911
2023-12-04 08:00,8,0.00013662
2023-12-04 16:00,8,0.0001
2023-12-05 00:00,8,0.00019836
2023-12-05 08:00,8,0.0001
2023-12-05 16:00,8,0.0001
2023-12-06 00:00,8,0.00017694
2023-12-06 08:00,8,0.0001
2023-12-06 16:00,8,0.0001
2023-12-07 00:00,8,0.0001
2023-12-07 08:00,8,0.0001
2023-12-07 16:00,8,0.0001
2023-12-08 00:00,8,0.0001
2023-12-08 08:00,8,0.00032229
2023-12-08 16:00,8,0.0002374
2023-12-09 00:00,8,0.00036207
2023-12-09 08:00,8,0.00036497
2023-12-09 16:00,8,0.00029842
2023-12-10 00:00,8,0.00024315
2023-12-10 08:00,8,0.00019923
2023-12-10 16:00,8,0.00036782
2023-12-11 00:00,8,0.00031033
2023-12-11 08:00,8,0.0001
2023-12-11 16:00,8,0.0001
2023-12-12 00:00,8,0.0001
2023-12-12 08:00,8,0.0001
2023-12-12 16:00,8,0.00017106
2023-12-13 00:00,8,0.00015483
2023-12-13 08:00,8,0.0001
2023-12-13 16:00,8,0.0001
2023-12-14 00:00,8,0.0001
2023-12-14 08:00,8,0.0001
2023-12-14 16:00,8,0.0001
2023-12-15 00:00,8,0.00016461
2023-12-15 08:00,8,0.00026543
2023-12-15 16:00,8,0.00022179
2023-12-16 00:00,8,0.00013101
2023-12-16 08:00,8,0.00016017
2023-12-16 16:00,8,0.00018226
2023-12-17 00:00,8,0.0002833
2023-12-17 08:00,8,0.0001
2023-12-17 16:00,8,0.00025647
2023-12-18 00:00,8,0.00011177
2023-12-18 08:00,8,0.0001
2023-12-18 16:00,8,0.0001
2023-12-19 00:00,8,0.0001
2023-12-19 08:00,8,0.0001
2023-12-19 16:00,8,0.0001
2023-12-20 00:00,8,0.0001
2023-12-20 08:00,8,0.0001
2023-12-20 16:00,8,0.00012665
2023-12-21 00:00,8,0.00022774
2023-12-21 08:00,8,0.00025071
2023-12-21 16:00,8,0.00028876
2023-12-22 00:00,8,0.00018127
2023-12-22 08:00,8,0.00029137
2023-12-22 16:00,8,0.00033976
2023-12-23 00:00,8,0.00031954
2023-12-23 08:00,8,0.00036064
2023-12-23 16:00,8,0.00052946
2023-12-24 00:00,8,0.00048503
2023-12-24 08:00,8,0.00048141
2023-12-24 16:00,8,0.00030811
2023-12-25 00:00,8,0.00026551
2023-12-25 08:00,8,0.00027893
2023-12-25 16:00,8,0.00033585
2023-12-26 00:00,8,0.00054019
2023-12-26 08:00,8,0.00031013
2023-12-26 16:00,8,0.00040135
2023-12-27 00:00,8,0.00033842
2023-12-27 08:00,8,0.00028268
2023-12-27 16:00,8,0.00043003
2023-12-28 00:00,8,0.00046052
2023-12-28 08:00,8,0.00067638
2023-12-28 16:00,8,0.00059636
2023-12-29 00:00,8,0.00057433
2023-12-29 08:00,8,0.00055913
2023-12-29 16:00,8,0.00037049
2023-12-30 00:00,8,0.00048469
2023-12-30 08:00,8,0.0004012
2023-12-30 16:00,8,0.00042174
2023-12-31 00:00,8,0.00038632
2023-12-31 08:00,8,0.00047011
2023-12-31 16:00,8,0.00024982
2024-01-01 00:00,8,0.00033996
2024-01-01 08:00,8,0.00039593
2024-01-01 16:00,8,0.00052044
2024-01-02 00:00,8,0.00066719
2024-01-02 08:00,8,0.00054687
2024-01-02 16:00,8,0.00060392
2024-01-03 00:00,8,0.0002984
2024-01-03 08:00,8,0.00017334
2024-01-03 16:00,8,0.0001
2024-01-04 00:00,8,0.0001
2024-01-04 08:00,8,0.0001
2024-01-04 16:00,8,0.0001
2024-01-05 00:00,8,0.0001
2024-01-05 08:00,8,0.0001
2024-01-05 16:00,8,0.0001
2024-01-06 00:00,8,0.0001
2024-01-06 08:00,8,0.0001
2024-01-06 16:00,8,0.0001
2024-01-07 00:00,8,9.52e-05
2024-01-07 08:00,8,0.0001
2024-01-07 16:00,8,8.507e-05
2024-01-08 00:00,8,0.0001
2024-01-08 08:00,8,3.008e-05
2024-01-08 16:00,8,1.57e-05
2024-01-09 00:00,8,7.837e-05
2024-01-09 08:00,8,0.0001
2024-01-09 16:00,8,0.0001
2024-01-10 00:00,8,0.0001
2024-01-10 08:00,8,0.0001
2024-01-10 16:00,8,0.0001
2024-01-11 00:00,8,0.0001
2024-01-11 08:00,8,0.0001
2024-01-11 16:00,8,0.0001
2024-01-12 00:00,8,0.0001
2024-01-12 08:00,8,0.0001
2024-01-12 16:00,8,0.0001
2024-01-13 00:00,8,0.0001
2024-01-13 08:00,8,0.0001
2024-01-13 16:00,8,0.0001
2024-01-14 00:00,8,0.0001
2024-01-14 08:00,8,0.0001
2024-01-14 16:00,8,0.0001
2024-01-15 00:00,8,0.0001
2024-01-15 08:00,8,0.0001
2024-01-15 16:00,8,0.0001
2024-01-16 00:00,8,0.0001
2024-01-16 08:00,8,0.0001
2024-01-16 16:00,8,0.0001
2024-01-17 00:00,8,0.0001
2024-01-17 08:00,8,0.0001
2024-01-17 16:00,8,0.0001
2024-01-18 00:00,8,0.0001
2024-01-18 08:00,8,0.0001
2024-01-18 16:00,8,0.0001
2024-01-19 00:00,8,0.0001
2024-01-19 08:00,8,0.0001
2024-01-19 16:00,8,0.0001
2024-01-20 00:00,8,0.0001
2024-01-20 08:00,8,0.0001
2024-01-20 16:00,8,0.0001
2024-01-21 00:00,8,0.0001
2024-01-21 08:00,8,0.0001
2024-01-21 16:00,8,0.0001
2024-01-22 00:00,8,0.0001
2024-01-22 08:00,8,0.0001
2024-01-22 16:00,8,0.0001
2024-01-23 00:00,8,0.0001
2024-01-23 08:00,8,0.0001
2024-01-23 16:00,8,0.0001
2024-01-24 00:00,8,0.0001
2024-01-24 08:00,8,0.0001
2024-01-24 16:00,8,0.0001
2024-01-25 00:00,8,0.0001
2024-01-25 08:00,8,0.0001
2024-01-25 16:00,8,0.0001
2024-01-26 00:00,8,0.0001
2024-01-26 08:00,8,0.0001
2024-01-26 16:00,8,0.0001
2024-01-27 00:00,8,0.0001
2024-01-27 08:00,8,0.0001
2024-01-27 16:00,8,0.0001
2024-01-28 00:00,8,0.0001
2024-01-28 08:00,8,0.0001
2024-01-28 16:00,8,0.0001
2024-01-29 00:00,8,0.0001
2024-01-29 08:00,8,6.862e-05
2024-01-29 16:00,8,0.0001
2024-01-30 00:00,8,7.474e-05
2024-01-30 08:00,8,0.0001
2024-01-30 16:00,8,0.0001
2024-01-31 00:00,8,0.0001
2024-01-31 08:00,8,0.0001
2024-01-31 16:00,8,0.0001
2024-02-01 00:00,8,0.0001
2024-02-01 08:00,8,7.304e-05
2024-02-01 16:00,8,9.31e-05
2024-02-02 00:00,8,4.266e-05
2024-02-02 08:00,8,0.0001
2024-02-02 16:00,8,0.0001
2024-02-03 00:00,8,0.0001
2024-02-03 08:00,8,0.0001
2024-02-03 16:00,8,0.0001
2024-02-04 00:00,8,0.0001
2024-02-04 08:00,8,0.0001
2024-02-04 16:00,8,0.0001
2024-02-05 00:00,8,0.0001
2024-02-05 08:00,8,0.0001
2024-02-05 16:00,8,0.0001
2024-02-06 00:00,8,0.0001
2024-02-06 08:00,8,0.0001
2024-02-06 16:00,8,0.0001
2024-02-07 00:00,8,0.0001
2024-02-07 08:00,8,0.0001
2024-02-07 16:00,8,0.0001
2024-02-08 00:00,8,0.0001
2024-02-08 08:00,8,0.0001
2024-02-08 16:00,8,0.0001
2024-02-09 00:00,8,0.0001
2024-02-09 08:00,8,0.0001
2024-02-09 16:00,8,0.0001
2024-02-10 00:00,8,0.0001
2024-02-10 08:00,8,0.0001
2024-02-10 16:00,8,0.0001
2024-02-11 00:00,8,0.0001
2024-02-11 08:00,8,0.0001
2024-02-11 16:00,8,0.0001
2024-02-12 00:00,8,0.0001
2024-02-12 08:00,8,0.0001
2024-02-12 16:00,8,0.0001
2024-02-13 00:00,8,0.0001928
2024-02-13 08:00,8,0.00017451
2024-02-13 16:00,8,0.00012533
2024-02-14 00:00,8,0.0001
2024-02-14 08:00,8,0.00024769
2024-02-14 16:00,8,0.00036181
2024-02-15 00:00,8,0.0003539
2024-02-15 08:00,8,0.00034977
2024-02-15 16:00,8,0.00037126
2024-02-16 00:00,8,0.00034361
2024-02-16 08:00,8,0.00040516
2024-02-16 16:00,8,0.00022104
2024-02-17 00:00,8,0.00012793
2024-02-17 08:00,8,0.0001
2024-02-17 16:00,8,0.00018629
2024-02-18 00:00,8,0.00017499
2024-02-18 08:00,8,0.00025448
2024-02-18 16:00,8,0.00032513
2024-02-19 00:00,8,0.00029947
2024-02-19 08:00,8,0.00028432
2024-02-19 16:00,8,0.00026974
2024-02-20 00:00,8,0.00026678
2024-02-20 08:00,8,0.00016684
2024-02-20 16:00,8,0.00015265
2024-02-21 00:00,8,0.00012869
2024-02-21 08:00,8,0.00015373
2024-02-21 16:00,8,0.0001
2024-02-22 00:00,8,0.0001
2024-02-22 08:00,8,0.00019715
2024-02-22 16:00,8,0.00033845
2024-02-23 00:00,8,0.00032343
2024-02-23 08:00,8,0.00022745
2024-02-23 16:00,8,0.0002163
2024-02-24 00:00,8,0.00017917
2024-02-24 08:00,8,0.00012047
2024-02-24 16:00,8,0.00022735
2024-02-25 00:00,8,0.00019727
2024-02-25 08:00,8,0.00029197
2024-02-25 16:00,8,0.00030912
2024-02-26 00:00,8,0.00041679
2024-02-26 08:00,8,0.00046062
2024-02-26 16:00,8,0.00035588
2024-02-27 00:00,8,0.00046381
2024-02-27 08:00,8,0.0006567
2024-02-27 16:00,8,0.0004302
2024-02-28 00:00,8,0.0005194
2024-02-28 08:00,8,0.00042841
2024-02-28 16:00,8,0.00059572
2024-02-29 00:00,8,0.00031924
2024-02-29 08:00,8,0.00072805
2024-02-29 16:00,8,0.00077135
2024-03-01 00:00,8,0.00056499
2024-03-01 08:00,8,0.00051381
2024-03-01 16:00,8,0.00053556
2024-03-02 00:00,8,0.00069645
2024-03-02 08:00,8,0.00087339
2024-03-02 16:00,8,0.00093083
2024-03-03 00:00,8,0.00099018
2024-03-03 08:00,8,0.00081132
2024-03-03 16:00,8,0.00042805
2024-03-04 00:00,8,0.00055305
2024-03-04 08:00,8,0.00075917
2024-03-04 16:00,8,0.00068756
2024-03-05 00:00,8,0.00065404
2024-03-05 08:00,8,0.00111181
2024-03-05 16:00,8,0.00091552
2024-03-06 00:00,8,0.0001
2024-03-06 08:00,8,0.00013889
2024-03-06 16:00,8,0.0001596
2024-03-07 00:00,8,0.00024904
2024-03-07 08:00,8,0.00035926
2024-03-07 16:00,8,0.00043485
2024-03-08 00:00,8,0.00037971
2024-03-08 08:00,8,0.00067666
2024-03-08 16:00,8,0.0003833
2024-03-09 00:00,8,0.00031998
2024-03-09 08:00,8,0.00051597
2024-03-09 16:00,8,0.00068841
2024-03-10 00:00,8,0.00056754
2024-03-10 08:00,8,0.00053758
2024-03-10 16:00,8,0.00041073
2024-03-11 00:00,8,0.00052409
2024-03-11 08:00,8,0.00053646
2024-03-11 16:00,8,0.00052782
2024-03-12 00:00,8,0.00061933
2024-03-12 08:00,8,0.00058915
2024-03-12 16:00,8,0.00036325
2024-03-13 00:00,8,0.00054673
2024-03-13 08:00,8,0.00068303
2024-03-13 16:00,8,0.00063926
2024-03-14 00:00,8,0.00066477
2024-03-14 08:00,8,0.00086843
2024-03-14 16:00,8,0.00056121
2024-03-15 00:00,8,0.00070065
2024-03-15 08:00,8,0.00040521
2024-03-15 16:00,8,0.0001935
2024-03-16 00:00,8,0.00031976
2024-03-16 08:00,8,0.00042086
2024-03-16 16:00,8,0.00018088
2024-03-17 00:00,8,0.0001
2024-03-17 08:00,8,0.00010379
2024-03-17 16:00,8,0.00012132
2024-03-18 00:00,8,0.0001
2024-03-18 08:00,8,0.00021163
2024-03-18 16:00,8,0.00015798
2024-03-19 00:00,8,0.00011932
2024-03-19 08:00,8,0.0001
2024-03-19 16:00,8,0.0001
2024-03-20 00:00,8,0.0001
2024-03-20 08:00,8,0.0001
2024-03-20 16:00,8,0.0001
2024-03-21 00:00,8,0.00015192
2024-03-21 08:00,8,0.0001
2024-03-21 16:00,8,0.0001
2024-03-22 00:00,8,0.0001381
2024-03-22 08:00,8,0.0001
2024-03-22 16:00,8,0.0001
2024-03-23 00:00,8,0.00021197
2024-03-23 08:00,8,0.0001
2024-03-23 16:00,8,0.0001548
2024-03-24 00:00,8,0.00014878
2024-03-24 08:00,8,0.0001
2024-03-24 16:00,8,0.00015724
2024-03-25 00:00,8,0.00010319
2024-03-25 08:00,8,0.00012865
2024-03-25 16:00,8,0.0001
2024-03-26 00:00,8,0.000314
2024-03-26 08:00,8,0.00012014
2024-03-26 16:00,8,0.00034455
2024-03-27 00:00,8,0.00033267
2024-03-27 08:00,8,0.00040534
2024-03-27 16:00,8,0.0003705
2024-03-28 00:00,8,0.00035536
2024-03-28 08:00,8,0.00043286
2024-03-28 16:00,8,0.00035165
2024-03-29 00:00,8,0.00039733
2024-03-29 08:00,8,0.00034446
2024-03-29 16:00,8,0.00044071
2024-03-30 00:00,8,0.0004485
2024-03-30 08:00,8,0.00038644
2024-03-30 16:00,8,0.00052451
2024-03-31 00:00,8,0.00041947
2024-03-31 08:00,8,0.0004802
2024-03-31 16:00,8,0.00045032
2024-04-01 00:00,8,0.00074921
2024-04-01 08:00,8,0.00046171
2024-04-01 16:00,8,0.00027229
2024-04-02 00:00,8,0.00032341
2024-04-02 08:00,8,0.00016048
2024-04-02 16:00,8,0.00015383
2024-04-03 00:00,8,0.00022088
2024-04-03 08:00,8,0.0001
2024-04-03 16:00,8,0.00011534
2024-04-04 00:00,8,0.00013644
2024-04-04 08:00,8,0.0001
2024-04-04 16:00,8,0.0001
2024-04-05 00:00,8,0.0001
2024-04-05 08:00,8,0.0001
2024-04-05 16:00,8,0.0001
2024-04-06 00:00,8,0.0001
2024-04-06 08:00,8,0.0001
2024-04-06 16:00,8,0.0001
2024-04-07 00:00,8,0.0001
2024-04-07 08:00,8,0.0001
2024-04-07 16:00,8,0.0001
2024-04-08 00:00,8,0.0001721
2024-04-08 08:00,8,0.0001
2024-04-08 16:00,8,0.0002291
2024-04-09 00:00,8,0.000295
2024-04-09 08:00,8,0.00015087
2024-04-09 16:00,8,0.00020459
2024-04-10 00:00,8,0.00024569
2024-04-10 08:00,8,0.0001
2024-04-10 16:00,8,0.0001
2024-04-11 00:00,8,0.00010571
2024-04-11 08:00,8,0.00016924
2024-04-11 16:00,8,0.00020007
2024-04-12 00:00,8,0.0001
2024-04-12 08:00,8,0.00010912
2024-04-12 16:00,8,0.0002134
2024-04-13 00:00,8,0.0001
2024-04-13 08:00,8,0.0001
2024-04-13 16:00,8,0.0001
2024-04-14 00:00,8,0.0001
2024-04-14 08:00,8,0.0001
2024-04-14 16:00,8,0.0001
2024-04-15 00:00,8,0.0001
2024-04-15 08:00,8,8.628e-05
2024-04-15 16:00,8,0.0001
2024-04-16 00:00,8,0.0001
2024-04-16 08:00,8,6.062e-05
2024-04-16 16:00,8,0.0001
2024-04-17 00:00,8,3.233e-05
2024-04-17 08:00,8,-1.733e-05
2024-04-17 16:00,8,-2.304e-05
2024-04-18 00:00,8,4.652e-05
2024-04-18 08:00,8,-6.523e-05
2024-04-18 16:00,8,0.0001
2024-04-19 00:00,8,7.583e-05
2024-04-19 08:00,8,0.0001
2024-04-19 16:00,8,0.0001
2024-04-20 00:00,8,0.0001
2024-04-20 08:00,8,3.066e-05
2024-04-20 16:00,8,0.0001
2024-04-21 00:00,8,0.0001
2024-04-21 08:00,8,-8.873e-05
2024-04-21 16:00,8,0.0001
2024-04-22 00:00,8,3.129e-05
2024-04-22 08:00,8,9.272e-05
2024-04-22 16:00,8,-1.527e-05
2024-04-23 00:00,8,3.053e-05
2024-04-23 08:00,8,3.51e-05
2024-04-23 16:00,8,0.0001
2024-04-24 00:00,8,0.0001
2024-04-24 08:00,8,-8.855e-05
2024-04-24 16:00,8,9.544e-05
2024-04-25 00:00,8,6.856e-05
2024-04-25 08:00,8,0.0001
2024-04-25 16:00,8,0.0001
2024-04-26 00:00,8,8.743e-05
2024-04-26 08:00,8,-3.493e-05
2024-04-26 16:00,8,0.0001
2024-04-27 00:00,8,-6.89e-06
2024-04-27 08:00,8,0.0001
2024-04-27 16:00,8,0.0001
2024-04-28 00:00,8,-0.00013607
2024-04-28 08:00,8,0.0001
2024-04-28 16:00,8,4.57e-05
2024-04-29 00:00,8,0.0001
2024-04-29 08:00,8,-3.61e-06
2024-04-29 16:00,8,0.0001
2024-04-30 00:00,8,0.0001
2024-04-30 08:00,8,2.679e-05
2024-04-30 16:00,8,0.0001
2024-05-01 00:00,8,2.413e-05
2024-05-01 08:00,8,0.0001
2024-05-01 16:00,8,5.594e-05
2024-05-02 00:00,8,-1.789e-05
2024-05-02 08:00,8,0.0001
2024-05-02 16:00,8,0.0001
2024-05-03 00:00,8,0.0001
2024-05-03 08:00,8,7.396e-05
2024-05-03 16:00,8,0.0001
2024-05-04 00:00,8,9.53e-06
2024-05-04 08:00,8,0.0001
2024-05-04 16:00,8,0.0001
2024-05-05 00:00,8,0.0001
2024-05-05 08:00,8,0.0001
2024-05-05 16:00,8,0.0001
2024-05-06 00:00,8,0.0001
2024-05-06 08:00,8,0.0001
2024-05-06 16:00,8,0.0001
2024-05-07 00:00,8,0.0001
2024-05-07 08:00,8,0.0001
2024-05-07 16:00,8,0.0001
2024-05-08 00:00,8,0.0001
2024-05-08 08:00,8,0.0001
2024-05-08 16:00,8,0.0001
2024-05-09 00:00,8,0.0001
2024-05-09 08:00,8,0.0001
2024-05-09 16:00,8,0.0001
2024-05-10 00:00,8,0.0001
2024-05-10 08:00,8,0.0001
2024-05-10 16:00,8,0.0001
2024-05-11 00:00,8,4.816e-05
2024-05-11 08:00,8,9.85e-05
2024-05-11 16:00,8,0.0001
2024-05-12 00:00,8,0.0001
2024-05-12 08:00,8,0.0001
2024-05-12 16:00,8,0.0001
2024-05-13 00:00,8,7.019e-05
2024-05-13 08:00,8,6.276e-05
2024-05-13 16:00,8,8.399e-05
2024-05-14 00:00,8,-7.602e-05
2024-05-14 08:00,8,0.0001
2024-05-14 16:00,8,5.111e-05
2024-05-15 00:00,8,2.217e-05
2024-05-15 08:00,8,-6.953e-05
2024-05-15 16:00,8,-1.141e-05
2024-05-16 00:00,8,0.0001
2024-05-16 08:00,8,0.0001
2024-05-16 16:00,8,0.0001
2024-05-17 00:00,8,0.0001
2024-05-17 08:00,8,0.0001
2024-05-17 16:00,8,0.0001
2024-05-18 00:00,8,0.0001
2024-05-18 08:00,8,0.0001
2024-05-18 16:00,8,0.0001
2024-05-19 00:00,8,0.0001
2024-05-19 08:00,8,0.0001
2024-05-19 16:00,8,2.298e-05
2024-05-20 00:00,8,0.0001
2024-05-20 08:00,8,9.164e-05
2024-05-20 16:00,8,0.0001
2024-05-21 00:00,8,0.0001
2024-05-21 08:00,8,0.0001
2024-05-21 16:00,8,0.0001
2024-05-22 00:00,8,0.0001
2024-05-22 08:00,8,0.0001
2024-05-22 16:00,8,0.0001
2024-05-23 00:00,8,0.0001
2024-05-23 08:00,8,0.0001
2024-05-23 16:00,8,0.0001
2024-05-24 00:00,8,0.0001
2024-05-24 08:00,8,0.0001
2024-05-24 16:00,8,0.0001
2024-05-25 00:00,8,0.0001
2024-05-25 08:00,8,0.0001
2024-05-25 16:00,8,0.0001
2024-05-26 00:00,8,0.0001
2024-05-26 08:00,8,0.0001
2024-05-26 16:00,8,0.0001
2024-05-27 00:00,8,0.0001
2024-05-27 08:00,8,0.0001
2024-05-27 16:00,8,0.0001
2024-05-28 00:00,8,0.00019227
2024-05-28 08:00,8,0.0001
2024-05-28 16:00,8,0.0001
2024-05-29 00:00,8,0.0001
2024-05-29 08:00,8,0.00013761
2024-05-29 16:00,8,0.0001
2024-05-30 00:00,8,0.0001
2024-05-30 08:00,8,0.00017982
2024-05-30 16:00,8,0.0001
2024-05-31 00:00,8,0.0001
2024-05-31 08:00,8,0.00015018
2024-05-31 16:00,8,0.00013261
2024-06-01 00:00,8,0.0001
2024-06-01 08:00,8,0.0001
2024-06-01 16:00,8,0.0001
2024-06-02 00:00,8,0.0001
2024-06-02 08:00,8,0.00014461
2024-06-02 16:00,8,0.0001
2024-06-03 00:00,8,0.0001
2024-06-03 08:00,8,0.0001
2024-06-03 16:00,8,0.0001
2024-06-04 00:00,8,0.0001
2024-06-04 08:00,8,0.00011268
2024-06-04 16:00,8,0.0001
2024-06-05 00:00,8,0.00014671
2024-06-05 08:00,8,0.0001
2024-06-05 16:00,8,0.00011327
2024-06-06 00:00,8,0.00016301
2024-06-06 08:00,8,0.00013718
2024-06-06 16:00,8,0.00020029
2024-06-07 00:00,8,0.0001
2024-06-07 08:00,8,0.0001
2024-06-07 16:00,8,0.00018909
2024-06-08 00:00,8,0.0001
2024-06-08 08:00,8,0.0001
2024-06-08 16:00,8,0.0001
2024-06-09 00:00,8,0.0001
2024-06-09 08:00,8,0.0001
2024-06-09 16:00,8,0.0001
2024-06-10 00:00,8,0.0001
2024-06-10 08:00,8,0.0001
2024-06-10 16:00,8,0.0001
2024-06-11 00:00,8,0.0001
2024-06-11 08:00,8,0.0001
2024-06-11 16:00,8,0.0001
2024-06-12 00:00,8,0.0001
2024-06-12 08:00,8,0.0001
2024-06-12 16:00,8,0.0001
2024-06-13 00:00,8,0.0001
2024-06-13 08:00,8,0.0001
2024-06-13 16:00,8,0.0001
2024-06-14 00:00,8,0.0001
2024-06-14 08:00,8,0.0001
2024-06-14 16:00,8,0.0001
2024-06-15 00:00,8,0.0001
2024-06-15 08:00,8,0.0001
2024-06-15 16:00,8,7.584e-05
2024-06-16 00:00,8,-2.471e-05
2024-06-16 08:00,8,0.0001
2024-06-16 16:00,8,4.952e-05
2024-06-17 00:00,8,0.0001
2024-06-17 08:00,8,0.0001
2024-06-17 16:00,8,0.0001
2024-06-18 00:00,8,0.0001
2024-06-18 08:00,8,-2.762e-05
2024-06-18 16:00,8,1.89e-06
2024-06-19 00:00,8,-7.63e-06
2024-06-19 08:00,8,-7.221e-05
2024-06-19 16:00,8,1.774e-05
2024-06-20 00:00,8,-8.872e-05
2024-06-20 08:00,8,0.0001
2024-06-20 16:00,8,0.0001
2024-06-21 00:00,8,-3.362e-05
2024-06-21 08:00,8,0.0001
2024-06-21 16:00,8,0.0001
2024-06-22 00:00,8,-0.00022444
2024-06-22 08:00,8,0.0001
2024-06-22 16:00,8,0.0001
2024-06-23 00:00,8,-0.00030543
2024-06-23 08:00,8,-1.971e-05
2024-06-23 16:00,8,2.478e-05
2024-06-24 00:00,8,2.819e-05
2024-06-24 08:00,8,3.062e-05
2024-06-24 16:00,8,0.0001
2024-06-25 00:00,8,0.0001
2024-06-25 08:00,8,0.0001
2024-06-25 16:00,8,0.0001
2024-06-26 00:00,8,0.0001
2024-06-26 08:00,8,0.0001
2024-06-26 16:00,8,0.0001
2024-06-27 00:00,8,0.0001
2024-06-27 08:00,8,9.822e-05
2024-06-27 16:00,8,9.314e-05
2024-06-28 00:00,8,-2.938e-05
2024-06-28 08:00,8,0.0001
2024-06-28 16:00,8,0.0001
2024-06-29 00:00,8,0.0001
2024-06-29 08:00,8,0.0001
2024-06-29 16:00,8,-1.14e-06
2024-06-30 00:00,8,2.155e-05
2024-06-30 08:00,8,0.0001
2024-06-30 16:00,8,6.152e-05
2024-07-01 00:00,8,0.0001
2024-07-01 08:00,8,0.0001
2024-07-01 16:00,8,0.0001
2024-07-02 00:00,8,0.0001
2024-07-02 08:00,8,0.0001
2024-07-02 16:00,8,0.0001
2024-07-03 00:00,8,0.0001
2024-07-03 08:00,8,0.0001
2024-07-03 16:00,8,0.0001
2024-07-04 00:00,8,-2.73e-06
2024-07-04 08:00,8,0.0001
2024-07-04 16:00,8,8.978e-05
2024-07-05 00:00,8,-4.044e-05
2024-07-05 08:00,8,-3.688e-05
2024-07-05 16:00,8,3.418e-05
2024-07-06 00:00,8,-4.217e-05
2024-07-06 08:00,8,7.017e-05
2024-07-06 16:00,8,-0.0001087
2024-07-07 00:00,8,8.336e-05
2024-07-07 08:00,8,0.0001
2024-07-07 16:00,8,6.654e-05
2024-07-08 00:00,8,0.0001
2024-07-08 08:00,8,0.0001
2024-07-08 16:00,8,0.0001
2024-07-09 00:00,8,9.302e-05
2024-07-09 08:00,8,0.0001
2024-07-09 16:00,8,0.0001
2024-07-10 00:00,8,7.707e-05
2024-07-10 08:00,8,0.0001
2024-07-10 16:00,8,1.067e-05
2024-07-11 00:00,8,1.331e-05
2024-07-11 08:00,8,9.394e-05
2024-07-11 16:00,8,5.351e-05
2024-07-12 00:00,8,3.44e-05
2024-07-12 08:00,8,0.0001
2024-07-12 16:00,8,-2.846e-05
2024-07-13 00:00,8,-0.00014235
2024-07-13 08:00,8,0.0001
2024-07-13 16:00,8,0.0001
2024-07-14 00:00,8,-3.95e-06
2024-07-14 08:00,8,-5.38e-06
2024-07-14 16:00,8,6.216e-05
2024-07-15 00:00,8,2.463e-05
2024-07-15 08:00,8,3.06e-05
2024-07-15 16:00,8,-3e-06
2024-07-16 00:00,8,-3.883e-05
2024-07-16 08:00,8,0.0001
2024-07-16 16:00,8,0.0001
2024-07-17 00:00,8,0.0001
2024-07-17 08:00,8,7.174e-05
2024-07-17 16:00,8,0.0001
2024-07-18 00:00,8,0.0001
2024-07-18 08:00,8,0.0001
2024-07-18 16:00,8,0.0001
2024-07-19 00:00,8,-0.00011892
2024-07-19 08:00,8,8.566e-05
2024-07-19 16:00,8,0.0001
2024-07-20 00:00,8,0.0001
2024-07-20 08:00,8,0.0001
2024-07-20 16:00,8,0.0001
2024-07-21 00:00,8,0.0001
2024-07-21 08:00,8,1.382e-05
2024-07-21 16:00,8,0.0001
2024-07-22 00:00,8,0.0001
2024-07-22 08:00,8,-1.563e-05
2024-07-22 16:00,8,1.028e-05
2024-07-23 00:00,8,-0.00011709
2024-07-23 08:00,8,-0.00012928
2024-07-23 16:00,8,-7.4e-07
2024-07-24 00:00,8,-0.00020515
2024-07-24 08:00,8,6.518e-05
2024-07-24 16:00,8,7.247e-05
2024-07-25 00:00,8,-4.159e-05
2024-07-25 08:00,8,-9.399e-05
2024-07-25 16:00,8,6.128e-05
2024-07-26 00:00,8,5.72e-06
2024-07-26 08:00,8,3.404e-05
2024-07-26 16:00,8,-2.982e-05
2024-07-27 00:00,8,0.0001
2024-07-27 08:00,8,-2.158e-05
2024-07-27 16:00,8,-0.00019335
2024-07-28 00:00,8,-8.971e-05
2024-07-28 08:00,8,-8.107e-05
2024-07-28 16:00,8,0.0001
2024-07-29 00:00,8,-5.221e-05
2024-07-29 08:00,8,0.0001
2024-07-29 16:00,8,7.03e-06
2024-07-30 00:00,8,1.135e-05
2024-07-30 08:00,8,0.0001
2024-07-30 16:00,8,0.0001
2024-07-31 00:00,8,-0.00019897
2024-07-31 08:00,8,6.14e-05
2024-07-31 16:00,8,5.624e-05
2024-08-01 00:00,8,-0.00027572
2024-08-01 08:00,8,-0.00010594
2024-08-01 16:00,8,1.153e-05
2024-08-02 00:00,8,-0.00016718
2024-08-02 08:00,8,-2.384e-05
2024-08-02 16:00,8,-4.031e-05
2024-08-03 00:00,8,-0.00018563
2024-08-03 08:00,8,0.0001
2024-08-03 16:00,8,-0.00023816
2024-08-04 00:00,8,-0.0006347
2024-08-04 08:00,8,-0.00014673
2024-08-04 16:00,8,-0.00021369
2024-08-05 00:00,8,-0.00012141
2024-08-05 08:00,8,-0.00046058
2024-08-05 16:00,8,-0.00014184
2024-08-06 00:00,8,-1.853e-05
2024-08-06 08:00,8,-4.453e-05
2024-08-06 16:00,8,5.614e-05
2024-08-07 00:00,8,0.0001
2024-08-07 08:00,8,7.217e-05
2024-08-07 16:00,8,-2.46e-06
2024-08-08 00:00,8,-0.00010107
2024-08-08 08:00,8,5.736e-05
2024-08-08 16:00,8,0.0001
2024-08-09 00:00,8,0.0001
2024-08-09 08:00,8,6.783e-05
2024-08-09 16:00,8,0.0001
2024-08-10 00:00,8,2.828e-05
2024-08-10 08:00,8,0.0001
2024-08-10 16:00,8,3.12e-05
2024-08-11 00:00,8,-0.00016898
2024-08-11 08:00,8,-0.00022432
2024-08-11 16:00,8,-0.00018169
2024-08-12 00:00,8,-0.00017853
2024-08-12 08:00,8,-0.00012632
2024-08-12 16:00,8,-2.634e-05
2024-08-13 00:00,8,-1.422e-05
2024-08-13 08:00,8,-5.452e-05
2024-08-13 16:00,8,-2.43e-06
2024-08-14 00:00,8,0.0001
2024-08-14 08:00,8,0.0001
2024-08-14 16:00,8,-4.49e-06
2024-08-15 00:00,8,-0.00025135
2024-08-15 08:00,8,-1.62e-05
2024-08-15 16:00,8,-0.00013889
2024-08-16 00:00,8,-0.00059871
2024-08-16 08:00,8,-0.00015341
2024-08-16 16:00,8,-0.00034568
2024-08-17 00:00,8,-0.00036985
2024-08-17 08:00,8,-7.518e-05
2024-08-17 16:00,8,-7.904e-05
2024-08-18 00:00,8,-0.00020606
2024-08-18 08:00,8,-0.00019459
2024-08-18 16:00,8,-6.852e-05
2024-08-19 00:00,8,-2.17e-06
2024-08-19 08:00,8,-7.223e-05
2024-08-19 16:00,8,0.0001
2024-08-20 00:00,8,7.865e-05
2024-08-20 08:00,8,0.0001
2024-08-20 16:00,8,0.0001
2024-08-21 00:00,8,0.0001
2024-08-21 08:00,8,0.0001
2024-08-21 16:00,8,4.002e-05
2024-08-22 00:00,8,0.0001
2024-08-22 08:00,8,8.26e-06
2024-08-22 16:00,8,6.891e-05
2024-08-23 00:00,8,9.541e-05
2024-08-23 08:00,8,0.0001
2024-08-23 16:00,8,0.0001
2024-08-24 00:00,8,0.0001
2024-08-24 08:00,8,4.269e-05
2024-08-24 16:00,8,0.0001
2024-08-25 00:00,8,0.0001
2024-08-25 08:00,8,0.0001
2024-08-25 16:00,8,0.0001
2024-08-26 00:00,8,0.0001
2024-08-26 08:00,8,0.0001
2024-08-26 16:00,8,9.328e-05
2024-08-27 00:00,8,-6.469e-05
2024-08-27 08:00,8,5.725e-05
2024-08-27 16:00,8,-6.375e-05
2024-08-28 00:00,8,-0.00012754
2024-08-28 08:00,8,-0.00033426
2024-08-28 16:00,8,3.5e-07
2024-08-29 00:00,8,7.8e-07
2024-08-29 08:00,8,3.252e-05
2024-08-29 16:00,8,0.0001
2024-08-30 00:00,8,-5.826e-05
2024-08-30 08:00,8,-0.00023379
2024-08-30 16:00,8,-0.00028711
2024-08-31 00:00,8,-0.00034359
2024-08-31 08:00,8,-0.0001999
2024-08-31 16:00,8,-0.00029785
2024-09-01 00:00,8,-0.00035936
2024-09-01 08:00,8,-0.00030086
2024-09-01 16:00,8,-0.00037041
2024-09-02 00:00,8,-0.00050055
2024-09-02 08:00,8,-4.603e-05
2024-09-02 16:00,8,-5.095e-05
2024-09-03 00:00,8,-2.674e-05
2024-09-03 08:00,8,8.679e-05
2024-09-03 16:00,8,-3.134e-05
2024-09-04 00:00,8,-5.331e-05
2024-09-04 08:00,8,0.0001
2024-09-04 16:00,8,8.274e-05
2024-09-05 00:00,8,4.501e-05
2024-09-05 08:00,8,6.93e-05
2024-09-05 16:00,8,0.0001
2024-09-06 00:00,8,1.927e-05
2024-09-06 08:00,8,0.0001
2024-09-06 16:00,8,7.155e-05
2024-09-07 00:00,8,-0.00012089
2024-09-07 08:00,8,0.0001
2024-09-07 16:00,8,7.976e-05
2024-09-08 00:00,8,9.144e-05
2024-09-08 08:00,8,0.0001
2024-09-08 16:00,8,7.341e-05
2024-09-09 00:00,8,0.0001
2024-09-09 08:00,8,-1.131e-05
2024-09-09 16:00,8,8.53e-06
2024-09-10 00:00,8,4.801e-05
2024-09-10 08:00,8,4.335e-05
2024-09-10 16:00,8,3e-05
2024-09-11 00:00,8,0.0001
2024-09-11 08:00,8,-7.696e-05
2024-09-11 16:00,8,-9.122e-05
2024-09-12 00:00,8,4.208e-05
2024-09-12 08:00,8,-0.00020518
2024-09-12 16:00,8,-5.234e-05
2024-09-13 00:00,8,-1.598e-05
2024-09-13 08:00,8,9.777e-05
2024-09-13 16:00,8,-1.956e-05
2024-09-14 00:00,8,-7.5e-06
2024-09-14 08:00,8,-5.32e-05
2024-09-14 16:00,8,-1.678e-05
2024-09-15 00:00,8,5.54e-06
2024-09-15 08:00,8,5.5e-07
2024-09-15 16:00,8,3.586e-05
2024-09-16 00:00,8,7.673e-05
2024-09-16 08:00,8,-0.0001602
2024-09-16 16:00,8,-5.429e-05
2024-09-17 00:00,8,-0.00015475
2024-09-17 08:00,8,-4.56e-05
2024-09-17 16:00,8,-0.00015072
2024-09-18 00:00,8,-2.145e-05
2024-09-18 08:00,8,-8.64e-05
2024-09-18 16:00,8,-0.000201
2024-09-19 00:00,8,4.44e-05
2024-09-19 08:00,8,0.0001
2024-09-19 16:00,8,0.0001
2024-09-20 00:00,8,0.0001
2024-09-20 08:00,8,0.0001
2024-09-20 16:00,8,5.887e-05
2024-09-21 00:00,8,0.0001
2024-09-21 08:00,8,9.01e-05
2024-09-21 16:00,8,-0.00016038
2024-09-22 00:00,8,-0.00029217
2024-09-22 08:00,8,-7.592e-05
2024-09-22 16:00,8,-0.00019402
2024-09-23 00:00,8,-0.00019618
2024-09-23 08:00,8,0.0001
2024-09-23 16:00,8,-0.00064232
2024-09-24 00:00,8,0.0001
2024-09-24 08:00,8,-0.00032822
2024-09-24 16:00,8,-6.685e-05
2024-09-25 00:00,8,0.0001
2024-09-25 08:00,8,-0.00049704
2024-09-25 16:00,8,-0.00049438
2024-09-26 00:00,8,-0.00027373
2024-09-26 08:00,8,-0.00060021
2024-09-26 16:00,8,5.721e-05
2024-09-27 00:00,8,0.0001
2024-09-27 08:00,8,0.0001
2024-09-27 16:00,8,0.0001
2024-09-28 00:00,8,0.0001
2024-09-28 08:00,8,0.0001
2024-09-28 16:00,8,0.0001
2024-09-29 00:00,8,0.0001
2024-09-29 08:00,8,4.716e-05
2024-09-29 16:00,8,0.0001
2024-09-30 00:00,8,0.0001
2024-09-30 08:00,8,0.0001
2024-09-30 16:00,8,-0.00028354
2024-10-01 00:00,8,6.23e-06
2024-10-01 08:00,8,0.0001
2024-10-01 16:00,8,4.325e-05
2024-10-02 00:00,8,3.687e-05
2024-10-02 08:00,8,-4.86e-05
2024-10-02 16:00,8,-8.287e-05
2024-10-03 00:00,8,0.0001
2024-10-03 08:00,8,-4.951e-05
2024-10-03 16:00,8,-0.00015426
2024-10-04 00:00,8,0.0001
2024-10-04 08:00,8,-3.971e-05
2024-10-04 16:00,8,-0.00019726
2024-10-05 00:00,8,5.566e-05
2024-10-05 08:00,8,-0.00028292
2024-10-05 16:00,8,-0.00025174
2024-10-06 00:00,8,-0.00059641
2024-10-06 08:00,8,-0.00053584
2024-10-06 16:00,8,-0.00028111
2024-10-07 00:00,8,-0.00074915
2024-10-07 08:00,8,-0.0001622
2024-10-07 16:00,8,-0.00049924
2024-10-08 00:00,8,-0.00116285
2024-10-08 08:00,8,-0.00057953
2024-10-08 16:00,8,-0.00140585
2024-10-09 00:00,8,-0.00061036
2024-10-09 08:00,8,-0.00318476
2024-10-09 16:00,8,-0.00501857
2024-10-10 00:00,8,-0.00917941
2024-10-10 08:00,8,-0.00326236
2024-10-10 16:00,8,-0.0017923
2024-10-11 00:00,8,-0.00110046
2024-10-11 08:00,8,-0.00177997
2024-10-11 16:00,8,-0.00079098
2024-10-12 00:00,8,-0.00088849
2024-10-12 08:00,8,-0.00094932
2024-10-12 16:00,8,-0.00079674
2024-10-13 00:00,8,-0.00034906
2024-10-13 08:00,8,-0.00163042
2024-10-13 16:00,8,-0.00051413
2024-10-14 00:00,8,-0.00126864
2024-10-14 08:00,8,-0.00138223
2024-10-14 16:00,8,-0.00123198
2024-10-15 00:00,8,-0.00084499
2024-10-15 08:00,8,-0.00118471
2024-10-15 16:00,8,-0.0012691
2024-10-16 00:00,8,-0.00106017
2024-10-16 08:00,8,-0.0014106
2024-10-16 16:00,8,-0.00153306
2024-10-17 00:00,8,-0.00260729
2024-10-17 08:00,8,-0.00047376
2024-10-17 16:00,8,-0.00092442
2024-10-18 00:00,8,-0.00214961
2024-10-18 08:00,8,-0.00135343
2024-10-18 16:00,8,-0.00079549
2024-10-19 00:00,8,-0.00126734
2024-10-19 08:00,8,-0.00137597
2024-10-19 16:00,8,-0.0014868
2024-10-20 00:00,8,-0.00162844
2024-10-20 08:00,8,-0.00159026
2024-10-20 16:00,8,-0.00075643
2024-10-21 00:00,8,-0.00087346
2024-10-21 08:00,8,-0.00043534
2024-10-21 16:00,8,-0.00087718
2024-10-22 00:00,8,-0.00044198
2024-10-22 08:00,8,-0.00130625
2024-10-22 16:00,8,-0.00142762
2024-10-23 00:00,8,-0.0014257
2024-10-23 08:00,8,-0.00203525
2024-10-23 16:00,8,-0.00227463
2024-10-24 00:00,8,-0.00400684
2024-10-24 08:00,8,-0.0021835
2024-10-24 16:00,8,-0.00206802
2024-10-25 00:00,8,-0.00184758
2024-10-25 08:00,8,-0.00074239
2024-10-25 16:00,8,-0.00050338
2024-10-26 00:00,8,-0.00179255
2024-10-26 08:00,8,-0.00470915
2024-10-26 16:00,8,-0.00150761
2024-10-27 00:00,8,-0.00236324
2024-10-27 08:00,8,-0.00173387
2024-10-27 16:00,8,-0.00068542
2024-10-28 00:00,8,-0.00173853
2024-10-28 08:00,8,-0.00144275
2024-10-28 16:00,8,-0.00304784
2024-10-29 00:00,8,-0.00185491
2024-10-29 08:00,8,-9.81e-06
2024-10-29 16:00,8,-0.00015106
2024-10-30 00:00,8,-0.00015975
2024-10-30 08:00,8,-0.00019665
2024-10-30 16:00,8,-0.00015871
2024-10-31 00:00,8,-0.00061738
2024-10-31 08:00,8,-0.00015765
2024-10-31 16:00,8,-0.00041207
2024-11-01 00:00,8,-0.00017471
2024-11-01 08:00,8,-0.00021664
2024-11-01 16:00,8,5.083e-05
2024-11-02 00:00,8,-9.35e-06
2024-11-02 08:00,8,-0.00012982
2024-11-02 16:00,8,6.276e-05
2024-11-03 00:00,8,-1.088e-05
2024-11-03 08:00,8,-0.00014366
2024-11-03 16:00,8,-3.942e-05
2024-11-04 00:00,8,-0.00010793
2024-11-04 08:00,8,2.284e-05
2024-11-04 16:00,8,-0.00056548
2024-11-05 00:00,8,-0.00058208
2024-11-05 08:00,8,-1.243e-05
2024-11-05 16:00,8,-0.00010193
2024-11-06 00:00,8,-0.00014672
2024-11-06 08:00,8,0.0001
2024-11-06 16:00,8,0.0001
2024-11-07 00:00,8,0.0001
2024-11-07 08:00,8,0.0001
2024-11-07 16:00,8,0.0001
2024-11-08 00:00,8,0.0001
2024-11-08 08:00,8,0.0001
2024-11-08 16:00,8,0.0001
2024-11-09 00:00,8,0.0001
2024-11-09 08:00,8,0.0001
2024-11-09 16:00,8,0.0001
2024-11-10 00:00,8,0.0001
2024-11-10 08:00,8,0.00014173
2024-11-10 16:00,8,0.00021282
2024-11-11 00:00,8,0.00018879
2024-11-11 08:00,8,0.0001
2024-11-11 16:00,8,0.0001
2024-11-12 00:00,8,0.00015038
2024-11-12 08:00,8,0.00036665
2024-11-12 16:00,8,0.00014484
2024-11-13 00:00,8,0.0001009
2024-11-13 08:00,8,0.0001
2024-11-13 16:00,8,0.0001
2024-11-14 00:00,8,0.00010544
2024-11-14 08:00,8,0.00015306
2024-11-14 16:00,8,0.0001
2024-11-15 00:00,8,0.0001
2024-11-15 08:00,8,0.0001
2024-11-15 16:00,8,0.0001
2024-11-16 00:00,8,0.0001
2024-11-16 08:00,8,0.0001
2024-11-16 16:00,8,0.0001
2024-11-17 00:00,8,0.0001
2024-11-17 08:00,8,0.00010195
2024-11-17 16:00,8,0.0001
2024-11-18 00:00,8,0.0001
2024-11-18 08:00,8,0.0001
2024-11-18 16:00,8,0.0001
2024-11-19 00:00,8,0.0001
2024-11-19 08:00,8,-0.00051601
2024-11-19 16:00,8,0.0001
2024-11-20 00:00,8,0.0001
2024-11-20 08:00,8,0.0001
2024-11-20 16:00,8,0.0001
2024-11-21 00:00,8,0.0001
2024-11-21 08:00,8,0.0001
2024-11-21 16:00,8,0.0001
2024-11-22 00:00,8,0.0001
2024-11-22 08:00,8,0.00010519
2024-11-22 16:00,8,0.0001
2024-11-23 00:00,8,0.00024614
2024-11-23 08:00,8,0.0001624
2024-11-23 16:00,8,0.00032131
2024-11-24 00:00,8,0.00036557
2024-11-24 08:00,8,0.0001
2024-11-24 16:00,8,0.00017278
2024-11-25 00:00,8,0.00012326
2024-11-25 08:00,8,0.00015654
2024-11-25 16:00,8,0.00024767
2024-11-26 00:00,8,0.00014289
2024-11-26 08:00,8,0.00023509
2024-11-26 16:00,8,0.0001
2024-11-27 00:00,8,0.0001292
2024-11-27 08:00,8,0.00012448
2024-11-27 16:00,8,0.00014854
2024-11-28 00:00,8,0.0003247
2024-11-28 08:00,8,0.00020739
2024-11-28 16:00,8,0.0001
2024-11-29 00:00,8,0.00033445
2024-11-29 08:00,8,0.00016561
2024-11-29 16:00,8,0.00042603
2024-11-30 00:00,8,0.00035563
2024-11-30 08:00,8,0.00034141
2024-11-30 16:00,8,0.00025823
2024-12-01 00:00,8,0.00034577
2024-12-01 08:00,8,0.00025372
2024-12-01 16:00,8,0.00034779
2024-12-02 00:00,8,0.00030537
2024-12-02 08:00,8,0.00030446
2024-12-02 16:00,8,0.000356
2024-12-03 00:00,8,0.00029434
2024-12-03 08:00,8,0.00046633
2024-12-03 16:00,8,0.00032053
2024-12-04 00:00,8,0.00046768
2024-12-04 08:00,8,0.0004569
2024-12-04 16:00,8,0.00037899
2024-12-05 00:00,8,0.00029335
2024-12-05 08:00,8,0.00073647
2024-12-05 16:00,8,0.00047853
2024-12-06 00:00,8,0.00043728
2024-12-06 08:00,8,0.00054017
2024-12-06 16:00,8,0.0003169
2024-12-07 00:00,8,0.00053261
2024-12-07 08:00,8,0.00049299
2024-12-07 16:00,8,0.00050432
2024-12-08 00:00,8,0.00049094
2024-12-08 08:00,8,0.00032384
2024-12-08 16:00,8,0.00023449
2024-12-09 00:00,8,0.00028895
2024-12-09 08:00,8,0.00018804
2024-12-09 16:00,8,0.0001
2024-12-10 00:00,8,0.0001
2024-12-10 08:00,8,0.0001
2024-12-10 16:00,8,0.0001
2024-12-11 00:00,8,0.0001
2024-12-11 08:00,8,0.0001
2024-12-11 16:00,8,0.0001
2024-12-12 00:00,8,7.963e-05
2024-12-12 08:00,8,0.0001
2024-12-12 16:00,8,0.0001
2024-12-13 00:00,8,0.0001
2024-12-13 08:00,8,0.0001
2024-12-13 16:00,8,0.0001
2024-12-14 00:00,8,0.0001
2024-12-14 08:00,8,0.0001
2024-12-14 16:00,8,0.0001
2024-12-15 00:00,8,0.0001
2024-12-15 08:00,8,0.0001
2024-12-15 16:00,8,0.0001
2024-12-16 00:00,8,0.0001
2024-12-16 08:00,8,0.0001
2024-12-16 16:00,8,0.0001
2024-12-17 00:00,8,0.0001
2024-12-17 08:00,8,0.0001
2024-12-17 16:00,8,0.0001
2024-12-18 00:00,8,0.0001
2024-12-18 08:00,8,0.0001
2024-12-18 16:00,8,0.0001
2024-12-19 00:00,8,0.0001
2024-12-19 08:00,8,9.42e-05
2024-12-19 16:00,8,0.0001
2024-12-20 00:00,8,-6.256e-05
2024-12-20 08:00,8,9.185e-05
2024-12-20 16:00,8,-0.0001901
2024-12-21 00:00,8,-0.00013521
2024-12-21 08:00,8,-1.53e-05
2024-12-21 16:00,8,0.0001
2024-12-22 00:00,8,-5.13e-06
2024-12-22 08:00,8,7.27e-05
2024-12-22 16:00,8,-0.00012106
2024-12-23 00:00,8,-3.032e-05
2024-12-23 08:00,8,-3.44e-05
2024-12-23 16:00,8,-1.202e-05
2024-12-24 00:00,8,0.0001
2024-12-24 08:00,8,9.89e-06
2024-12-24 16:00,8,0.0001
2024-12-25 00:00,8,-2.019e-05
2024-12-25 08:00,8,0.0001
2024-12-25 16:00,8,0.0001
2024-12-26 00:00,8,0.0001
2024-12-26 08:00,8,0.0001
2024-12-26 16:00,8,0.0001
2024-12-27 00:00,8,8.74e-06
2024-12-27 08:00,8,0.0001
2024-12-27 16:00,8,9.823e-05
2024-12-28 00:00,8,0.0001
2024-12-28 08:00,8,7.032e-05
2024-12-28 16:00,8,-2.5e-07
2024-12-29 00:00,8,0.0001
2024-12-29 08:00,8,0.0001
2024-12-29 16:00,8,0.0001
2024-12-30 00:00,8,6.096e-05
2024-12-30 08:00,8,9.176e-05
2024-12-30 16:00,8,-5.074e-05
2024-12-31 00:00,8,6.862e-05
2024-12-31 08:00,8,-2.624e-05
2024-12-31 16:00,8,0.0001
2025-01-01 00:00,8,1.747e-05
2025-01-01 08:00,8,7.993e-05
2025-01-01 16:00,8,0.0001
2025-01-02 00:00,8,0.0001
2025-01-02 08:00,8,0.0001
2025-01-02 16:00,8,0.0001
2025-01-03 00:00,8,0.0001
2025-01-03 08:00,8,0.0001
2025-01-03 16:00,8,0.0001
2025-01-04 00:00,8,0.0001
2025-01-04 08:00,8,0.0001
2025-01-04 16:00,8,0.0001
2025-01-05 00:00,8,0.0001
2025-01-05 08:00,8,0.0001
2025-01-05 16:00,8,0.0001
2025-01-06 00:00,8,0.0001
2025-01-06 08:00,8,0.0001
2025-01-06 16:00,8,0.0001
2025-01-07 00:00,8,0.0001
2025-01-07 08:00,8,0.0001
2025-01-07 16:00,8,0.0001
2025-01-08 00:00,8,3.01e-06
2025-01-08 08:00,8,-7.298e-05
2025-01-08 16:00,8,-0.00015954
2025-01-09 00:00,8,-0.00026974
2025-01-09 08:00,8,-0.00028622
2025-01-09 16:00,8,-0.00025724
2025-01-10 00:00,8,-0.00012518
2025-01-10 08:00,8,-0.00010024
2025-01-10 16:00,8,-0.00016438
2025-01-11 00:00,8,-9.084e-05
2025-01-11 08:00,8,-0.00021655
2025-01-11 16:00,8,-2.833e-05
2025-01-12 00:00,8,-2.215e-05
2025-01-12 08:00,8,-0.00015053
2025-01-12 16:00,8,-0.00011361
2025-01-13 00:00,8,-0.00025116
2025-01-13 08:00,8,-0.00024901
2025-01-13 16:00,8,-0.00027236
2025-01-14 00:00,8,-1.602e-05
2025-01-14 08:00,8,-1.097e-05
2025-01-14 16:00,8,-3.242e-05
2025-01-15 00:00,8,7.555e-05
2025-01-15 08:00,8,5.635e-05
2025-01-15 16:00,8,0.0001
2025-01-16 00:00,8,0.0001
2025-01-16 08:00,8,0.0001
2025-01-16 16:00,8,0.0001
2025-01-17 00:00,8,0.0001
2025-01-17 08:00,8,0.0001
2025-01-17 16:00,8,0.0001
2025-01-18 00:00,8,0.0001
2025-01-18 08:00,8,0.0001
2025-01-18 16:00,8,-1.681e-05
2025-01-19 00:00,8,-5.18e-05
2025-01-19 08:00,8,0.0001
2025-01-19 16:00,8,0.0001
2025-01-20 00:00,8,0.0001
2025-01-20 08:00,8,0.0001
2025-01-20 16:00,8,0.0001
2025-01-21 00:00,8,0.0001
2025-01-21 08:00,8,3.371e-05
2025-01-21 16:00,8,0.0001
2025-01-22 00:00,8,0.0001
2025-01-22 08:00,8,0.0001
2025-01-22 16:00,8,0.0001
2025-01-23 00:00,8,0.0001
2025-01-23 08:00,8,6.961e-05
2025-01-23 16:00,8,0.0001
2025-01-24 00:00,8,-5.876e-05
2025-01-24 08:00,8,0.0001
2025-01-24 16:00,8,0.0001
2025-01-25 00:00,8,0.0001
2025-01-25 08:00,8,0.0001
2025-01-25 16:00,8,0.0001
2025-01-26 00:00,8,0.0001
2025-01-26 08:00,8,0.0001
2025-01-26 16:00,8,0.0001
2025-01-27 00:00,8,-3.73e-06
2025-01-27 08:00,8,6.759e-05
2025-01-27 16:00,8,3.617e-05
2025-01-28 00:00,8,0.0001
2025-01-28 08:00,8,0.0001
2025-01-28 16:00,8,-0.0001052
2025-01-29 00:00,8,-0.00016902
2025-01-29 08:00,8,-0.00059347
2025-01-29 16:00,8,-9.634e-05
2025-01-30 00:00,8,-0.00019523
2025-01-30 08:00,8,5.859e-05
2025-01-30 16:00,8,0.0001
2025-01-31 00:00,8,0.0001
2025-01-31 08:00,8,0.0001
2025-01-31 16:00,8,0.0001
2025-02-01 00:00,8,0.0001
2025-02-01 08:00,8,0.0001
2025-02-01 16:00,8,0.0001
2025-02-02 00:00,8,0.0001
2025-02-02 08:00,8,5.916e-05
2025-02-02 16:00,8,7.1e-07
2025-02-03 00:00,8,-0.00023126
2025-02-03 08:00,8,-0.00063939
2025-02-03 16:00,8,-0.00089939
2025-02-04 00:00,8,-0.0002852
2025-02-04 08:00,8,-0.00032346
2025-02-04 16:00,8,-0.00043522
2025-02-05 00:00,8,-0.00035401
2025-02-05 08:00,8,-0.00036182
2025-02-05 16:00,8,-9.538e-05
2025-02-06 00:00,8,-0.00018485
2025-02-06 08:00,8,-0.00018411
2025-02-06 16:00,8,-0.00041661
2025-02-07 00:00,8,-0.00021611
2025-02-07 08:00,8,-0.00018993
2025-02-07 16:00,8,-0.0001653
2025-02-08 00:00,8,-0.0002378
2025-02-08 08:00,8,-0.00018308
2025-02-08 16:00,8,-0.00024923
2025-02-09 00:00,8,-0.00015672
2025-02-09 08:00,8,-7.278e-05
2025-02-09 16:00,8,2.997e-05
2025-02-10 00:00,8,-6.1e-05
2025-02-10 08:00,8,-0.00016354
2025-02-10 16:00,8,-1.955e-05
2025-02-11 00:00,8,-4.283e-05
2025-02-11 08:00,8,-6.222e-05
2025-02-11 16:00,8,-7.655e-05
2025-02-12 00:00,8,-0.00031977
2025-02-12 08:00,8,-8.702e-05
2025-02-12 16:00,8,-4.626e-05
2025-02-13 00:00,8,9.515e-05
2025-02-13 08:00,8,5.602e-05
2025-02-13 16:00,8,-0.00010416
2025-02-14 00:00,8,-0.00014767
2025-02-14 08:00,8,-0.00025158
2025-02-14 16:00,8,-0.0004367
2025-02-15 00:00,8,-2.813e-05
2025-02-15 08:00,8,-0.00037707
2025-02-15 16:00,8,-0.000447
2025-02-16 00:00,8,-0.00030788
2025-02-16 08:00,8,-0.00029253
2025-02-16 16:00,8,-0.00024426
2025-02-17 00:00,8,-0.00019433
2025-02-17 08:00,8,-0.00022227
2025-02-17 16:00,8,6.377e-05
2025-02-18 00:00,8,-5.528e-05
2025-02-18 08:00,8,-3.335e-05
2025-02-18 16:00,8,0.0001
2025-02-19 00:00,8,0.0001
2025-02-19 08:00,8,0.0001
2025-02-19 16:00,8,4.427e-05
2025-02-20 00:00,8,-0.00021102
2025-02-20 08:00,8,0.0001
2025-02-20 16:00,8,-0.00012321
2025-02-21 00:00,8,-6.115e-05
2025-02-21 08:00,8,-0.0001379
2025-02-21 16:00,8,-6.394e-05
2025-02-22 00:00,8,-0.00054031
2025-02-22 08:00,8,-0.00027315
2025-02-22 16:00,8,-0.00016925
2025-02-23 00:00,8,-0.00032147
2025-02-23 08:00,8,-0.00010527
2025-02-23 16:00,8,-0.00030788
2025-02-24 00:00,8,-0.00032379
2025-02-24 08:00,8,-0.0003588
2025-02-24 16:00,8,-4.662e-05
2025-02-25 00:00,8,-0.00053159
2025-02-25 08:00,8,-0.00035825
2025-02-25 16:00,8,-0.00012737
2025-02-26 00:00,8,-6.566e-05
2025-02-26 08:00,8,-0.00014304
2025-02-26 16:00,8,-4.107e-05
2025-02-27 00:00,8,-1.156e-05
2025-02-27 08:00,8,-9.78e-06
2025-02-27 16:00,8,-2.81e-06
2025-02-28 00:00,8,-0.00019254
2025-02-28 08:00,8,-0.00021634
2025-02-28 16:00,8,-0.0002054
2025-03-01 00:00,8,9.111e-05
2025-03-01 08:00,8,-8.733e-05
2025-03-01 16:00,8,-0.0001315
2025-03-02 00:00,8,-0.0001486
2025-03-02 08:00,8,-0.00014288
2025-03-02 16:00,8,-0.00018283
2025-03-03 00:00,8,0.0001
2025-03-03 08:00,8,-0.00012214
2025-03-03 16:00,8,-7.571e-05
2025-03-04 00:00,8,-0.00059868
2025-03-04 08:00,8,-0.00042211
2025-03-04 16:00,8,-0.00023568
2025-03-05 00:00,8,-7.302e-05
2025-03-05 08:00,8,-0.00024352
2025-03-05 16:00,8,-3.587e-05
2025-03-06 00:00,8,6.96e-06
2025-03-06 08:00,8,-1.858e-05
2025-03-06 16:00,8,3.748e-05
2025-03-07 00:00,8,-0.00016201
2025-03-07 08:00,8,-2.612e-05
2025-03-07 16:00,8,5.565e-05
2025-03-08 00:00,8,-4.456e-05
2025-03-08 08:00,8,-9.816e-05
2025-03-08 16:00,8,-0.00021446
2025-03-09 00:00,8,-0.00013193
2025-03-09 08:00,8,-4.51e-05
2025-03-09 16:00,8,-0.00022227
2025-03-10 00:00,8,-0.00055469
2025-03-10 08:00,8,-0.00025045
2025-03-10 16:00,8,-0.0001512
2025-03-11 00:00,8,-0.00040335
2025-03-11 08:00,8,-0.00035524
2025-03-11 16:00,8,-3.408e-05
2025-03-12 00:00,8,6.87e-05
2025-03-12 08:00,8,7.145e-05
2025-03-12 16:00,8,4.266e-05
2025-03-13 00:00,8,0.0001
2025-03-13 08:00,8,5.643e-05
2025-03-13 16:00,8,0.0001
2025-03-14 00:00,8,5.558e-05
2025-03-14 08:00,8,0.0001
2025-03-14 16:00,8,0.0001
2025-03-15 00:00,8,8.14e-05
2025-03-15 08:00,8,2.429e-05
2025-03-15 16:00,8,8.444e-05
2025-03-16 00:00,8,0.0001
2025-03-16 08:00,8,0.0001
2025-03-16 16:00,8,-2.889e-05
2025-03-17 00:00,8,1.817e-05
2025-03-17 08:00,8,9.162e-05
2025-03-17 16:00,8,5.346e-05
2025-03-18 00:00,8,0.0001
2025-03-18 08:00,8,0.0001
2025-03-18 16:00,8,-3.144e-05
2025-03-19 00:00,8,0.0001
2025-03-19 08:00,8,0.0001
2025-03-19 16:00,8,0.0001
2025-03-20 00:00,8,0.0001
2025-03-20 08:00,8,0.0001
2025-03-20 16:00,8,8.839e-05
2025-03-21 00:00,8,0.0001
2025-03-21 08:00,8,6.617e-05
2025-03-21 16:00,8,-6.534e-05
2025-03-22 00:00,8,2.076e-05
2025-03-22 08:00,8,0.0001
2025-03-22 16:00,8,0.0001
2025-03-23 00:00,8,0.0001
2025-03-23 08:00,8,9.961e-05
2025-03-23 16:00,8,0.0001
2025-03-24 00:00,8,0.0001
2025-03-24 08:00,8,0.0001
2025-03-24 16:00,8,0.0001
2025-03-25 00:00,8,8.713e-05
2025-03-25 08:00,8,4.057e-05
2025-03-25 16:00,8,0.0001
2025-03-26 00:00,8,8.193e-05
2025-03-26 08:00,8,0.0001
2025-03-26 16:00,8,-1.991e-05
2025-03-27 00:00,8,0.0001
2025-03-27 08:00,8,5.724e-05
2025-03-27 16:00,8,-1.263e-05
2025-03-28 00:00,8,8.736e-05
2025-03-28 08:00,8,8.878e-05
2025-03-28 16:00,8,8.605e-05
2025-03-29 00:00,8,-2.028e-05
2025-03-29 08:00,8,-4.428e-05
2025-03-29 16:00,8,-0.00015551
2025-03-30 00:00,8,-6.8e-07
2025-03-30 08:00,8,-9.618e-05
2025-03-30 16:00,8,8.947e-05
2025-03-31 00:00,8,-8.881e-05
2025-03-31 08:00,8,-5.69e-06
2025-03-31 16:00,8,0.0001
2025-04-01 00:00,8,-7.742e-05
2025-04-01 08:00,8,0.0001
2025-04-01 16:00,8,-1.372e-05
2025-04-02 00:00,8,7.929e-05
2025-04-02 08:00,8,0.0001
2025-04-02 16:00,8,5.86e-05
2025-04-03 00:00,8,-0.00011118
2025-04-03 08:00,8,-0.00014192
2025-04-03 16:00,8,-0.00020216
2025-04-04 00:00,8,3.343e-05
2025-04-04 08:00,8,-1.025e-05
2025-04-04 16:00,8,-7.4e-07
2025-04-05 00:00,8,0.0001
2025-04-05 08:00,8,3.982e-05
2025-04-05 16:00,8,3.584e-05
2025-04-06 00:00,8,-1.44e-05
2025-04-06 08:00,8,3.935e-05
2025-04-06 16:00,8,-3.358e-05
2025-04-07 00:00,8,-0.00032595
2025-04-07 08:00,8,-0.00022424
2025-04-07 16:00,8,6.788e-05
2025-04-08 00:00,8,0.0001
2025-04-08 08:00,8,-0.00011109
2025-04-08 16:00,8,-0.00010574
2025-04-09 00:00,8,-9.011e-05
2025-04-09 08:00,8,2.697e-05
2025-04-09 16:00,8,9.311e-05
2025-04-10 00:00,8,0.0001
2025-04-10 08:00,8,0.0001
2025-04-10 16:00,8,4.462e-05
2025-04-11 00:00,8,0.0001
2025-04-11 08:00,8,0.0001
2025-04-11 16:00,8,0.0001
2025-04-12 00:00,8,-2.841e-05
2025-04-12 08:00,8,1.25e-06
2025-04-12 16:00,8,0.0001
2025-04-13 00:00,8,0.0001
2025-04-13 08:00,8,5.136e-05
2025-04-13 16:00,8,1.191e-05
2025-04-14 00:00,8,1.851e-05
2025-04-14 08:00,8,6.075e-05
2025-04-14 16:00,8,8.762e-05
2025-04-15 00:00,8,0.0001
2025-04-15 08:00,8,3.273e-05
2025-04-15 16:00,8,5.85e-05
2025-04-16 00:00,8,1.737e-05
2025-04-16 08:00,8,-0.00011408
2025-04-16 16:00,8,-8.071e-05
2025-04-17 00:00,8,-7.136e-05
2025-04-17 08:00,8,6.003e-05
2025-04-17 16:00,8,3.195e-05
2025-04-18 00:00,8,-7.059e-05
2025-04-18 08:00,8,0.0001
2025-04-18 16:00,8,0.0001
2025-04-19 00:00,8,0.0001
2025-04-19 08:00,8,0.0001
2025-04-19 16:00,8,0.0001
2025-04-20 00:00,8,0.0001
2025-04-20 08:00,8,0.0001
2025-04-20 16:00,8,0.0001
2025-04-21 00:00,8,0.0001
2025-04-21 08:00,8,0.0001
2025-04-21 16:00,8,0.0001
2025-04-22 00:00,8,5.041e-05
2025-04-22 08:00,8,-0.00020024
2025-04-22 16:00,8,6.869e-05
2025-04-23 00:00,8,0.0001
2025-04-23 08:00,8,0.0001
2025-04-23 16:00,8,0.0001
2025-04-24 00:00,8,0.0001
2025-04-24 08:00,8,0.0001
2025-04-24 16:00,8,0.0001
2025-04-25 00:00,8,0.0001
2025-04-25 08:00,8,0.0001
2025-04-25 16:00,8,4.03e-06
2025-04-26 00:00,8,0.0001
2025-04-26 08:00,8,0.0001
2025-04-26 16:00,8,2.614e-05
2025-04-27 00:00,8,-6.15e-05
2025-04-27 08:00,8,-1.023e-05
2025-04-27 16:00,8,0.0001
2025-04-28 00:00,8,6.659e-05
2025-04-28 08:00,8,-3.065e-05
2025-04-28 16:00,8,0.0001
2025-04-29 00:00,8,7.9e-07
2025-04-29 08:00,8,8.533e-05
2025-04-29 16:00,8,-2.181e-05
2025-04-30 00:00,8,-0.00020164
2025-04-30 08:00,8,-0.00016073
2025-04-30 16:00,8,2.109e-05
2025-05-01 00:00,8,3.233e-05
2025-05-01 08:00,8,-7.432e-05
2025-05-01 16:00,8,5.501e-05
2025-05-02 00:00,8,0.0001
2025-05-02 08:00,8,6.538e-05
2025-05-02 16:00,8,-8.049e-05
2025-05-03 00:00,8,0.0001
2025-05-03 08:00,8,-2.312e-05
2025-05-03 16:00,8,-0.0003549
2025-05-04 00:00,8,-0.00012193
2025-05-04 08:00,8,-0.00018363
2025-05-04 16:00,8,-3.874e-05
2025-05-05 00:00,8,-0.00011794
2025-05-05 08:00,8,-0.00015951
2025-05-05 16:00,8,-7.23e-05
2025-05-06 00:00,8,-0.00013411
2025-05-06 08:00,8,-0.00023599
2025-05-06 16:00,8,-0.00011148
2025-05-07 00:00,8,-0.00012498
2025-05-07 08:00,8,3.293e-05
2025-05-07 16:00,8,-0.00018461
2025-05-08 00:00,8,1.485e-05
2025-05-08 08:00,8,7.148e-05
2025-05-08 16:00,8,0.0001
2025-05-09 00:00,8,0.0001
2025-05-09 08:00,8,0.0001
2025-05-09 16:00,8,0.0001
2025-05-10 00:00,8,0.0001
2025-05-10 08:00,8,0.0001
2025-05-10 16:00,8,0.0001
2025-05-11 00:00,8,0.0001
2025-05-11 08:00,8,0.0001
2025-05-11 16:00,8,0.0001
2025-05-12 00:00,8,0.0001
2025-05-12 08:00,8,0.0001
2025-05-12 16:00,8,0.0001
2025-05-13 00:00,8,0.0001
2025-05-13 08:00,8,9.558e-05
2025-05-13 16:00,8,0.0001
2025-05-14 00:00,8,0.0001
2025-05-14 08:00,8,0.0001
2025-05-14 16:00,8,0.0001
2025-05-15 00:00,8,0.0001
2025-05-15 08:00,8,4.615e-05
2025-05-15 16:00,8,4.048e-05
2025-05-16 00:00,8,8.478e-05
2025-05-16 08:00,8,4.871e-05
2025-05-16 16:00,8,1.08e-06
2025-05-17 00:00,8,-5.229e-05
2025-05-17 08:00,8,-1.827e-05
2025-05-17 16:00,8,2.64e-05
2025-05-18 00:00,8,5.07e-05
2025-05-18 08:00,8,3.901e-05
2025-05-18 16:00,8,0.0001
2025-05-19 00:00,8,9.763e-05
2025-05-19 08:00,8,-3.992e-05
2025-05-19 16:00,8,-7.76e-06
2025-05-20 00:00,8,4.114e-05
2025-05-20 08:00,8,8.512e-05
2025-05-20 16:00,8,7.228e-05
2025-05-21 00:00,8,0.0001
2025-05-21 08:00,8,9.366e-05
2025-05-21 16:00,8,8.522e-05
2025-05-22 00:00,8,0.0001
2025-05-22 08:00,8,0.0001
2025-05-22 16:00,8,0.0001
2025-05-23 00:00,8,0.0001
2025-05-23 08:00,8,0.0001
2025-05-23 16:00,8,1.936e-05
2025-05-24 00:00,8,-6.569e-05
2025-05-24 08:00,8,-6.693e-05
2025-05-24 16:00,8,-4.294e-05
2025-05-25 00:00,8,4.47e-06
2025-05-25 08:00,8,-5.058e-05
2025-05-25 16:00,8,-0.00011405
2025-05-26 00:00,8,3.242e-05
2025-05-26 08:00,8,0.0001
2025-05-26 16:00,8,8.087e-05
2025-05-27 00:00,8,4.216e-05
2025-05-27 08:00,8,9.061e-05
2025-05-27 16:00,8,5.199e-05
2025-05-28 00:00,8,0.0001
2025-05-28 08:00,8,-4.599e-05
2025-05-28 16:00,8,-8.654e-05
2025-05-29 00:00,8,9.303e-05
2025-05-29 08:00,8,0.0001
2025-05-29 16:00,8,4.313e-05
2025-05-30 00:00,8,-9.165e-05
2025-05-30 08:00,8,-0.00022153
2025-05-30 16:00,8,-7.033e-05
2025-05-31 00:00,8,-8.28e-05
2025-05-31 08:00,8,-0.0002927
2025-05-31 16:00,8,-8.693e-05
2025-06-01 00:00,8,-0.00014534
2025-06-01 08:00,8,-7.876e-05
2025-06-01 16:00,8,-0.00027495
2025-06-02 00:00,8,-1.075e-05
2025-06-02 08:00,8,-0.00038077
2025-06-02 16:00,8,1.015e-05
2025-06-03 00:00,8,0.0001
2025-06-03 08:00,8,7.705e-05
2025-06-03 16:00,8,0.0001
2025-06-04 00:00,8,-5.92e-06
2025-06-04 08:00,8,-6.005e-05
2025-06-04 16:00,8,7.137e-05
2025-06-05 00:00,8,1.9e-05
2025-06-05 08:00,8,7.503e-05
2025-06-05 16:00,8,9.169e-05
2025-06-06 00:00,8,-0.00013484
2025-06-06 08:00,8,-0.00011175
2025-06-06 16:00,8,-3.148e-05
2025-06-07 00:00,8,-6.893e-05
2025-06-07 08:00,8,3.322e-05
2025-06-07 16:00,8,-3.695e-05
2025-06-08 00:00,8,5.72e-06
2025-06-08 08:00,8,-0.00018628
2025-06-08 16:00,8,4.616e-05
2025-06-09 00:00,8,0.0001
2025-06-09 08:00,8,0.0001
2025-06-09 16:00,8,0.0001
2025-06-10 00:00,8,0.0001
2025-06-10 08:00,8,0.0001
2025-06-10 16:00,8,0.0001
2025-06-11 00:00,8,0.0001
2025-06-11 08:00,8,0.0001
2025-06-11 16:00,8,9.279e-05
2025-06-12 00:00,8,0.0001
2025-06-12 08:00,8,-5.49e-05
2025-06-12 16:00,8,-0.00018795
2025-06-13 00:00,8,5.7e-07
2025-06-13 08:00,8,-0.00026663
2025-06-13 16:00,8,0.0001
2025-06-14 00:00,8,1.63e-06
2025-06-14 08:00,8,0.0001
2025-06-14 16:00,8,3.125e-05
2025-06-15 00:00,8,4.131e-05
2025-06-15 08:00,8,6.463e-05
2025-06-15 16:00,8,-3.559e-05
2025-06-16 00:00,8,-4.408e-05
2025-06-16 08:00,8,0.0001
2025-06-16 16:00,8,1.96e-06
2025-06-17 00:00,8,5.432e-05
2025-06-17 08:00,8,-0.00011804
2025-06-17 16:00,8,-0.00018487
2025-06-18 00:00,8,-9.122e-05
2025-06-18 08:00,8,-6.669e-05
2025-06-18 16:00,8,-0.000201
2025-06-19 00:00,8,-3.653e-05
2025-06-19 08:00,8,-9.707e-05
2025-06-19 16:00,8,-6.241e-05
2025-06-20 00:00,8,-2.337e-05
2025-06-20 08:00,8,-2.128e-05
2025-06-20 16:00,8,-0.00012066
2025-06-21 00:00,8,-1.439e-05
2025-06-21 08:00,8,-0.00010561
2025-06-21 16:00,8,-0.00021425
2025-06-22 00:00,8,-0.00014803
2025-06-22 08:00,8,-6.87e-06
2025-06-22 16:00,8,-0.00022228
2025-06-23 00:00,8,-1.858e-05
2025-06-23 08:00,8,-0.00013295
2025-06-23 16:00,8,1.197e-05
2025-06-24 00:00,8,0.0001
2025-06-24 08:00,8,0.0001
2025-06-24 16:00,8,3.235e-05
2025-06-25 00:00,8,0.0001
2025-06-25 08:00,8,-6.872e-05
2025-06-25 16:00,8,-0.00012202
2025-06-26 00:00,8,-0.00023938
2025-06-26 08:00,8,-0.00010261
2025-06-26 16:00,8,-2.037e-05
2025-06-27 00:00,8,-4.34e-05
2025-06-27 08:00,8,-0.00011945
2025-06-27 16:00,8,-9.172e-05
2025-06-28 00:00,8,6.01e-05
2025-06-28 08:00,8,4.76e-06
2025-06-28 16:00,8,4.551e-05
2025-06-29 00:00,8,4.971e-05
2025-06-29 08:00,8,6.79e-05
2025-06-29 16:00,8,-0.00019512
2025-06-30 00:00,8,0.0001
2025-06-30 08:00,8,1.816e-05
2025-06-30 16:00,8,-2.57e-05
2025-07-01 00:00,8,4.615e-05
2025-07-01 08:00,8,-1.109e-05
2025-07-01 16:00,8,-8.266e-05
2025-07-02 00:00,8,-0.00021599
2025-07-02 08:00,8,-0.00015135
2025-07-02 16:00,8,-9.74e-06
2025-07-03 00:00,8,0.0001
2025-07-03 08:00,8,0.0001
2025-07-03 16:00,8,9.293e-05
2025-07-04 00:00,8,9.909e-05
2025-07-04 08:00,8,-8.182e-05
2025-07-04 16:00,8,3.974e-05
2025-07-05 00:00,8,2.131e-05
2025-07-05 08:00,8,-2.304e-05
2025-07-05 16:00,8,-1.457e-05
2025-07-06 00:00,8,-1.62e-06
2025-07-06 08:00,8,1.668e-05
2025-07-06 16:00,8,0.0001
2025-07-07 00:00,8,7.675e-05
2025-07-07 08:00,8,0.0001
2025-07-07 16:00,8,5.709e-05
2025-07-08 00:00,8,9.077e-05
2025-07-08 08:00,8,1.785e-05
2025-07-08 16:00,8,6.824e-05
2025-07-09 00:00,8,0.0001
2025-07-09 08:00,8,6.391e-05
2025-07-09 16:00,8,0.0001
2025-07-10 00:00,8,0.0001
2025-07-10 08:00,8,0.0001
2025-07-10 16:00,8,0.0001
2025-07-11 00:00,8,0.0001
2025-07-11 08:00,8,0.0001
2025-07-11 16:00,8,0.0001
2025-07-12 00:00,8,0.0001
2025-07-12 08:00,8,0.0001
2025-07-12 16:00,8,0.0001
2025-07-13 00:00,8,0.0001
2025-07-13 08:00,8,0.0001
2025-07-13 16:00,8,0.0001
2025-07-14 00:00,8,0.0001
2025-07-14 08:00,8,0.0001
2025-07-14 16:00,8,0.0001
2025-07-15 00:00,8,0.0001
2025-07-15 08:00,8,0.0001
2025-07-15 16:00,8,0.0001
2025-07-16 00:00,8,0.0001
2025-07-16 08:00,8,0.0001
2025-07-16 16:00,8,0.0001
2025-07-17 00:00,8,0.0001
2025-07-17 08:00,8,0.0001
2025-07-17 16:00,8,0.0001
2025-07-18 00:00,8,0.0001
2025-07-18 08:00,8,0.0001
2025-07-18 16:00,8,0.0001
2025-07-19 00:00,8,0.0001
2025-07-19 08:00,8,0.0001
2025-07-19 16:00,8,0.0001
2025-07-20 00:00,8,0.0001
2025-07-20 08:00,8,0.0001
2025-07-20 16:00,8,0.0001
2025-07-21 00:00,8,0.0001
2025-07-21 08:00,8,0.0001
2025-07-21 16:00,8,0.0001
2025-07-22 00:00,8,0.0001
2025-07-22 08:00,8,0.0001
2025-07-22 16:00,8,0.0001
2025-07-23 00:00,8,0.0001
2025-07-23 08:00,8,0.0001
2025-07-23 16:00,8,0.0001
2025-07-24 00:00,8,0.0001
2025-07-24 08:00,8,0.0001
2025-07-24 16:00,8,0.0001
2025-07-25 00:00,8,0.0001
2025-07-25 08:00,8,9.876e-05
2025-07-25 16:00,8,0.0001
2025-07-26 00:00,8,0.0001
2025-07-26 08:00,8,0.0001
2025-07-26 16:00,8,0.0001
2025-07-27 00:00,8,0.0001
2025-07-27 08:00,8,0.0001
2025-07-27 16:00,8,0.0001
2025-07-28 00:00,8,0.0001
2025-07-28 08:00,8,0.0001
2025-07-28 16:00,8,0.0001
2025-07-29 00:00,8,4.823e-05
2025-07-29 08:00,8,0.0001
2025-07-29 16:00,8,8.372e-05
2025-07-30 00:00,8,-3.02e-05
2025-07-30 08:00,8,0.0001
2025-07-30 16:00,8,1.454e-05
2025-07-31 00:00,8,0.0001
2025-07-31 08:00,8,0.0001
2025-07-31 16:00,8,0.0001
2025-08-01 00:00,8,-0.00012315
2025-08-01 08:00,8,-9.929e-05
2025-08-01 16:00,8,0.0001
2025-08-02 00:00,8,0.0001
2025-08-02 08:00,8,0.0001
2025-08-02 16:00,8,1.084e-05
2025-08-03 00:00,8,6.763e-05
2025-08-03 08:00,8,5.173e-05
2025-08-03 16:00,8,6.465e-05
2025-08-04 00:00,8,0.0001
2025-08-04 08:00,8,8.079e-05
2025-08-04 16:00,8,7.423e-05
2025-08-05 00:00,8,0.0001
2025-08-05 08:00,8,8.968e-05
2025-08-05 16:00,8,0.0001
2025-08-06 00:00,8,4.298e-05
2025-08-06 08:00,8,-6.626e-05
2025-08-06 16:00,8,-4.742e-05
2025-08-07 00:00,8,5.789e-05
2025-08-07 08:00,8,-3.558e-05
2025-08-07 16:00,8,-6.766e-05
2025-08-08 00:00,8,-5.613e-05
2025-08-08 08:00,8,-0.00016805
2025-08-08 16:00,8,6.978e-05
2025-08-09 00:00,8,0.0001
2025-08-09 08:00,8,0.0001
2025-08-09 16:00,8,0.0001
2025-08-10 00:00,8,0.0001
2025-08-10 08:00,8,0.0001
2025-08-10 16:00,8,0.0001
2025-08-11 00:00,8,0.0001
2025-08-11 08:00,8,0.0001
2025-08-11 16:00,8,-3.406e-05
2025-08-12 00:00,8,7.145e-05
2025-08-12 08:00,8,-0.00011142
2025-08-12 16:00,8,6.469e-05
2025-08-13 00:00,8,0.0001
2025-08-13 08:00,8,0.0001
2025-08-13 16:00,8,0.0001
2025-08-14 00:00,8,0.0001
2025-08-14 08:00,8,0.0001
2025-08-14 16:00,8,0.0001
2025-08-15 00:00,8,-0.00010532
2025-08-15 08:00,8,-5.669e-05
2025-08-15 16:00,8,-1.072e-05
2025-08-16 00:00,8,-5.669e-05
2025-08-16 08:00,8,7.476e-05
2025-08-16 16:00,8,2.345e-05
2025-08-17 00:00,8,-0.00010264
2025-08-17 08:00,8,0.0001
2025-08-17 16:00,8,0.0001
2025-08-18 00:00,8,0.0001
2025-08-18 08:00,8,-3.47e-06
2025-08-18 16:00,8,-3.3e-05
2025-08-19 00:00,8,0.0001
2025-08-19 08:00,8,-0.0001686
2025-08-19 16:00,8,-9.772e-05
2025-08-20 00:00,8,-0.00013267
2025-08-20 08:00,8,-0.00018003
2025-08-20 16:00,8,-0.00012718
2025-08-21 00:00,8,0.0001
2025-08-21 08:00,8,8.85e-05
2025-08-21 16:00,8,6.745e-05
2025-08-22 00:00,8,9.9e-06
2025-08-22 08:00,8,0.0001
2025-08-22 16:00,8,4.051e-05
2025-08-23 00:00,8,0.0001
2025-08-23 08:00,8,0.0001
2025-08-23 16:00,8,0.0001
2025-08-24 00:00,8,0.0001
2025-08-24 08:00,8,0.0001
2025-08-24 16:00,8,0.0001
2025-08-25 00:00,8,0.0001
2025-08-25 08:00,8,0.0001
2025-08-25 16:00,8,8.061e-05
2025-08-26 00:00,8,-0.00024162
2025-08-26 08:00,8,-0.00023265
2025-08-26 16:00,8,0.0001
2025-08-27 00:00,8,0.0001
2025-08-27 08:00,8,0.0001
2025-08-27 16:00,8,9.973e-05
2025-08-28 00:00,8,0.0001
2025-08-28 08:00,8,0.0001
2025-08-28 16:00,8,0.0001
2025-08-29 00:00,8,0.0001
2025-08-29 08:00,8,0.0001
2025-08-29 16:00,8,1.162e-05
2025-08-30 00:00,8,4.413e-05
2025-08-30 08:00,8,0.0001
2025-08-30 16:00,8,-5.786e-05
2025-08-31 00:00,8,5.314e-05
2025-08-31 08:00,8,-8.26e-06
2025-08-31 16:00,8,4.03e-05
2025-09-01 00:00,8,3.436e-05
2025-09-01 08:00,8,-4.734e-05
2025-09-01 16:00,8,-0.00011044
2025-09-02 00:00,8,-0.00010391
2025-09-02 08:00,8,0.0001
2025-09-02 16:00,8,0.0001
2025-09-03 00:00,8,7.921e-05
2025-09-03 08:00,8,0.0001
2025-09-03 16:00,8,0.0001
2025-09-04 00:00,8,0.0001
2025-09-04 08:00,8,7.58e-06
2025-09-04 16:00,8,-0.00022582
2025-09-05 00:00,8,-0.00015149
2025-09-05 08:00,8,0.0001
2025-09-05 16:00,8,-4.207e-05
2025-09-06 00:00,8,0.0001
2025-09-06 08:00,8,0.0001
2025-09-06 16:00,8,0.0001
2025-09-07 00:00,8,0.0001
2025-09-07 08:00,8,0.0001
2025-09-07 16:00,8,0.0001
2025-09-08 00:00,8,0.0001
2025-09-08 08:00,8,0.0001
2025-09-08 16:00,8,0.0001
2025-09-09 00:00,8,0.0001
2025-09-09 08:00,8,0.0001
2025-09-09 16:00,8,0.0001
2025-09-10 00:00,8,0.0001
2025-09-10 08:00,8,0.0001
2025-09-10 16:00,8,0.0001
2025-09-11 00:00,8,0.0001
2025-09-11 08:00,8,0.0001
2025-09-11 16:00,8,9.34e-05
2025-09-12 00:00,8,0.0001
2025-09-12 08:00,8,0.0001
2025-09-12 16:00,8,0.0001
2025-09-13 00:00,8,0.0001
2025-09-13 08:00,8,0.0001
2025-09-13 16:00,8,0.0001
2025-09-14 00:00,8,0.0001
2025-09-14 08:00,8,0.0001
2025-09-14 16:00,8,0.0001
2025-09-15 00:00,8,0.0001
2025-09-15 08:00,8,0.0001
2025-09-15 16:00,8,1.524e-05
2025-09-16 00:00,8,3.918e-05
2025-09-16 08:00,8,2.013e-05
2025-09-16 16:00,8,0.0001
2025-09-17 00:00,8,0.0001
2025-09-17 08:00,8,7.288e-05
2025-09-17 16:00,8,5.382e-05
2025-09-18 00:00,8,0.0001
2025-09-18 08:00,8,0.0001
2025-09-18 16:00,8,0.0001
2025-09-19 00:00,8,0.0001
2025-09-19 08:00,8,0.0001
2025-09-19 16:00,8,0.0001
2025-09-20 00:00,8,1.806e-05
2025-09-20 08:00,8,4.75e-05
2025-09-20 16:00,8,4.511e-05
2025-09-21 00:00,8,0.0001
2025-09-21 08:00,8,0.0001
2025-09-21 16:00,8,9.261e-05
2025-09-22 00:00,8,9.646e-05
2025-09-22 08:00,8,-0.00023693
2025-09-22 16:00,8,-0.000228
2025-09-23 00:00,8,8.107e-05
2025-09-23 08:00,8,0.0001
2025-09-23 16:00,8,-0.0001185
2025-09-24 00:00,8,2.973e-05
2025-09-24 08:00,8,4.162e-05
2025-09-24 16:00,8,0.0001
2025-09-25 00:00,8,4.059e-05
2025-09-25 08:00,8,-0.0002088
2025-09-25 16:00,8,-2.259e-05
2025-09-26 00:00,8,0.0001
2025-09-26 08:00,8,-2.048e-05
2025-09-26 16:00,8,8.013e-05
2025-09-27 00:00,8,0.0001
2025-09-27 08:00,8,-1.471e-05
2025-09-27 16:00,8,9.999e-05
2025-09-28 00:00,8,3.156e-05
2025-09-28 08:00,8,-1.671e-05
2025-09-28 16:00,8,2.41e-06
2025-09-29 00:00,8,0.0001
2025-09-29 08:00,8,5.018e-05
2025-09-29 16:00,8,6.952e-05
2025-09-30 00:00,8,0.0001
2025-09-30 08:00,8,0.0001
2025-09-30 16:00,8,7.837e-05
2025-10-01 00:00,8,0.0001
2025-10-01 08:00,8,5.084e-05
2025-10-01 16:00,8,0.0001
2025-10-02 00:00,8,0.0001
2025-10-02 08:00,8,0.0001
2025-10-02 16:00,8,0.0001
2025-10-03 00:00,8,0.0001
2025-10-03 08:00,8,0.0001
2025-10-03 16:00,8,0.0001
2025-10-04 00:00,8,0.0001
2025-10-04 08:00,8,0.0001
2025-10-04 16:00,8,0.0001
2025-10-05 00:00,8,0.0001
2025-10-05 08:00,8,0.0001
2025-10-05 16:00,8,0.0001
2025-10-06 00:00,8,0.0001
2025-10-06 08:00,8,0.0001
2025-10-06 16:00,8,0.0001
2025-10-07 00:00,8,0.0001
2025-10-07 08:00,8,0.0001
2025-10-07 16:00,8,0.0001
2025-10-08 00:00,8,0.0001
2025-10-08 08:00,8,0.0001
2025-10-08 16:00,8,0.0001
2025-10-09 00:00,8,0.0001
2025-10-09 08:00,8,0.0001
2025-10-09 16:00,8,8.847e-05
2025-10-10 00:00,8,0.0001
2025-10-10 08:00,8,4.452e-05
2025-10-10 16:00,8,0.0001
2025-10-11 00:00,8,-7.671e-05
2025-10-11 08:00,8,-0.00086874
2025-10-11 16:00,8,-0.00038564
2025-10-12 00:00,8,-0.00039812
2025-10-12 08:00,8,-0.00035474
2025-10-12 16:00,8,-0.00019684
2025-10-13 00:00,8,2.35e-05
2025-10-13 08:00,8,-1.877e-05
2025-10-13 16:00,8,-0.00025651
2025-10-14 00:00,8,2.178e-05
2025-10-14 08:00,8,-0.00024036
2025-10-14 16:00,8,-5.7e-05
2025-10-15 00:00,8,2.54e-05
2025-10-15 08:00,8,-0.00015081
2025-10-15 16:00,8,-0.00027145
2025-10-16 00:00,8,-0.00040356
2025-10-16 08:00,8,-0.00032553
2025-10-16 16:00,8,-0.00018534
2025-10-17 00:00,8,-6.867e-05
2025-10-17 08:00,8,-0.00021329
2025-10-17 16:00,8,-0.00025611
2025-10-18 00:00,8,-0.00039525
2025-10-18 08:00,8,-0.00010457
2025-10-18 16:00,8,-0.00011407
2025-10-19 00:00,8,-9.456e-05
2025-10-19 08:00,8,-0.0001455
2025-10-19 16:00,8,-8.237e-05
2025-10-20 00:00,8,-5.358e-05
2025-10-20 08:00,8,-1.5e-07
2025-10-20 16:00,8,-0.00019582
2025-10-21 00:00,8,-0.00013066
2025-10-21 08:00,8,-0.0003086
2025-10-21 16:00,8,6.414e-05
2025-10-22 00:00,8,-7.113e-05
2025-10-22 08:00,8,-5.95e-06
2025-10-22 16:00,8,-0.00023681
2025-10-23 00:00,8,-0.00033174
2025-10-23 08:00,8,-0.00042097
2025-10-23 16:00,8,-0.00015712
2025-10-24 00:00,8,-0.00013733
2025-10-24 08:00,8,-0.00010301
2025-10-24 16:00,8,-8.662e-05
2025-10-25 00:00,8,-8.87e-06
2025-10-25 08:00,8,-6.691e-05
2025-10-25 16:00,8,-2.15e-05
2025-10-26 00:00,8,-7.299e-05
2025-10-26 08:00,8,-2.515e-05
2025-10-26 16:00,8,-5.042e-05
2025-10-27 00:00,8,-8.029e-05
2025-10-27 08:00,8,-0.00015769
2025-10-27 16:00,8,-0.00028819
2025-10-28 00:00,8,8.795e-05
2025-10-28 08:00,8,-0.0002084
2025-10-28 16:00,8,3.639e-05
2025-10-29 00:00,8,-0.00010349
2025-10-29 08:00,8,-5.005e-05
2025-10-29 16:00,8,2.449e-05
2025-10-30 00:00,8,3.362e-05
2025-10-30 08:00,8,-0.00010198
2025-10-30 16:00,8,-0.00030753
2025-10-31 00:00,8,-0.00026485
2025-10-31 08:00,8,3.78e-05
2025-10-31 16:00,8,-9.604e-05
2025-11-01 00:00,8,-1.003e-05
2025-11-01 08:00,8,-7.556e-05
2025-11-01 16:00,8,-3.828e-05
2025-11-02 00:00,8,-0.00010042
2025-11-02 08:00,8,-0.00016422
2025-11-02 16:00,8,-6.899e-05
2025-11-03 00:00,8,0.0001
2025-11-03 08:00,8,-0.00037491
2025-11-03 16:00,8,-0.00044901
2025-11-04 00:00,8,-0.00040285
2025-11-04 08:00,8,-0.00018867
2025-11-04 16:00,8,-5.194e-05
2025-11-05 00:00,8,-5.64e-05
2025-11-05 08:00,8,0.0001
2025-11-05 16:00,8,7.119e-05
2025-11-06 00:00,8,-0.00014523
2025-11-06 08:00,8,-0.0002207
2025-11-06 16:00,8,-0.00014078
2025-11-07 00:00,8,-0.00020431
2025-11-07 08:00,8,-0.00010126
2025-11-07 16:00,8,-0.00011898
2025-11-08 00:00,8,0.0001
2025-11-08 08:00,8,0.0001
2025-11-08 16:00,8,-2.76e-06
2025-11-09 00:00,8,-3.279e-05
2025-11-09 08:00,8,4.04e-05
2025-11-09 16:00,8,0.0001
2025-11-10 00:00,8,0.0001
2025-11-10 08:00,8,-3.317e-05
2025-11-10 16:00,8,9.421e-05
2025-11-11 00:00,8,0.0001
2025-11-11 08:00,8,0.0001
2025-11-11 16:00,8,5.891e-05
2025-11-12 00:00,8,-3.385e-05
2025-11-12 08:00,8,7.08e-06
2025-11-12 16:00,8,0.0001
2025-11-13 00:00,8,-0.00020115
2025-11-13 08:00,8,2.162e-05
2025-11-13 16:00,8,0.0001
2025-11-14 00:00,8,-8.62e-06
2025-11-14 08:00,8,6.458e-05
2025-11-14 16:00,8,5.337e-05
2025-11-15 00:00,8,3.701e-05
2025-11-15 08:00,8,8.068e-05
2025-11-15 16:00,8,-7.881e-05
2025-11-16 00:00,8,-5.145e-05
2025-11-16 08:00,8,-0.00021331
2025-11-16 16:00,8,-7.503e-05
2025-11-17 00:00,8,-0.00015837
2025-11-17 08:00,8,4.182e-05
2025-11-17 16:00,8,-0.00020245
2025-11-18 00:00,8,-0.00018884
2025-11-18 08:00,8,-0.00028835
2025-11-18 16:00,8,-0.00017314
2025-11-19 00:00,8,-8.692e-05
2025-11-19 08:00,8,-0.00017621
2025-11-19 16:00,8,-2.716e-05
2025-11-20 00:00,8,4.53e-06
2025-11-20 08:00,8,-7.394e-05
2025-11-20 16:00,8,-0.00011968
2025-11-21 00:00,8,-0.00026095
2025-11-21 08:00,8,-0.00030585
2025-11-21 16:00,8,-0.00029492
2025-11-22 00:00,8,-0.00018203
2025-11-22 08:00,8,-0.00012865
2025-11-22 16:00,8,-0.00018661
2025-11-23 00:00,8,-0.00020769
2025-11-23 08:00,8,-0.00033907
2025-11-23 16:00,8,-0.00029304
2025-11-24 00:00,8,-0.00016597
2025-11-24 08:00,8,-7.29e-05
2025-11-24 16:00,8,-9.274e-05
2025-11-25 00:00,8,5.592e-05
2025-11-25 08:00,8,-6.372e-05
2025-11-25 16:00,8,-9.495e-05
2025-11-26 00:00,8,-0.00019256
2025-11-26 08:00,8,-0.0001677
2025-11-26 16:00,8,-0.00017195
2025-11-27 00:00,8,-0.00018248
2025-11-27 08:00,8,-6.539e-05
2025-11-27 16:00,8,5.24e-06
2025-11-28 00:00,8,-8.165e-05
2025-11-28 08:00,8,-0.00029472
2025-11-28 16:00,8,-0.00024226
2025-11-29 00:00,8,-0.00017841
2025-11-29 08:00,8,-0.00052788
2025-11-29 16:00,8,-0.00028278
2025-11-30 00:00,8,-9.712e-05
2025-11-30 08:00,8,-0.00018251
2025-11-30 16:00,8,-8.257e-05
2025-12-01 00:00,8,-0.00037768
2025-12-01 08:00,8,-0.0002332
2025-12-01 16:00,8,-0.00026644
2025-12-02 00:00,8,-9.494e-05
2025-12-02 08:00,8,-0.0002005
2025-12-02 16:00,8,4.749e-05
2025-12-03 00:00,8,0.0001
2025-12-03 08:00,8,-7.43e-06
2025-12-03 16:00,8,-0.00010307
2025-12-04 00:00,8,-0.00019289
2025-12-04 08:00,8,-0.00021996
2025-12-04 16:00,8,-5.878e-05
2025-12-05 00:00,8,-5.281e-05
2025-12-05 08:00,8,5.78e-06
2025-12-05 16:00,8,-0.00027699
2025-12-06 00:00,8,-0.00018116
2025-12-06 08:00,8,-0.00044458
2025-12-06 16:00,8,-0.00037045
2025-12-07 00:00,8,-0.00016657
2025-12-07 08:00,8,-0.00032721
2025-12-07 16:00,8,-0.00021796
2025-12-08 00:00,8,-0.00019659
2025-12-08 08:00,8,-0.00012807
2025-12-08 16:00,8,1.66e-06
2025-12-09 00:00,8,-0.0002916
2025-12-09 08:00,8,-0.00027497
2025-12-09 16:00,8,-2.426e-05
2025-12-10 00:00,8,-0.00012353
2025-12-10 08:00,8,-0.00033717
2025-12-10 16:00,8,4.008e-05
2025-12-11 00:00,8,3.001e-05
2025-12-11 08:00,8,-0.00018034
2025-12-11 16:00,8,-0.00027327
2025-12-12 00:00,8,-0.00012181
2025-12-12 08:00,8,-0.00037228
2025-12-12 16:00,8,-0.00031707
2025-12-13 00:00,8,-0.00031837
2025-12-13 08:00,8,-0.00017393
2025-12-13 16:00,8,8.241e-05
2025-12-14 00:00,8,1.605e-05
2025-12-14 08:00,8,-3.519e-05
2025-12-14 16:00,8,5.462e-05
2025-12-15 00:00,8,-7.92e-05
2025-12-15 08:00,8,-0.00025446
2025-12-15 16:00,8,-3.561e-05
2025-12-16 00:00,8,-7.014e-05
2025-12-16 08:00,8,3.49e-05
2025-12-16 16:00,8,2.117e-05
2025-12-17 00:00,8,-7.805e-05
2025-12-17 08:00,8,-5.083e-05
2025-12-17 16:00,8,1.312e-05
2025-12-18 00:00,8,-3.324e-05
2025-12-18 08:00,8,-8.53e-06
2025-12-18 16:00,8,2.369e-05
2025-12-19 00:00,8,-0.00012112
2025-12-19 08:00,8,-4.738e-05
2025-12-19 16:00,8,-0.00038063
2025-12-20 00:00,8,-7.876e-05
2025-12-20 08:00,8,-0.00061701
2025-12-20 16:00,8,-2.347e-05
2025-12-21 00:00,8,4.389e-05
2025-12-21 08:00,8,-2.45e-06
2025-12-21 16:00,8,-0.00014791
2025-12-22 00:00,8,9.786e-05
2025-12-22 08:00,8,7.051e-05
2025-12-22 16:00,8,3.029e-05
2025-12-23 00:00,8,9.213e-05
2025-12-23 08:00,8,0.0001
2025-12-23 16:00,8,0.0001
2025-12-24 00:00,8,0.0001
2025-12-24 08:00,8,-8.99e-06
2025-12-24 16:00,8,4.859e-05
2025-12-25 00:00,8,8.733e-05
2025-12-25 08:00,8,0.0001
2025-12-25 16:00,8,6.392e-05
2025-12-26 00:00,8,1.087e-05
2025-12-26 08:00,8,-0.00010292
2025-12-26 16:00,8,4.155e-05
2025-12-27 00:00,8,4.024e-05
2025-12-27 08:00,8,2.124e-05
2025-12-27 16:00,8,0.0001
2025-12-28 00:00,8,0.0001
2025-12-28 08:00,8,7.638e-05
2025-12-28 16:00,8,-3.049e-05
2025-12-29 00:00,8,7.306e-05
2025-12-29 08:00,8,2.97e-06
2025-12-29 16:00,8,1.958e-05
2025-12-30 00:00,8,-4.998e-05
2025-12-30 08:00,8,6.262e-05
2025-12-30 16:00,8,0.0001
2025-12-31 00:00,8,-4.132e-05
2025-12-31 08:00,8,-0.00041304
2025-12-31 16:00,8,-0.00020175
2026-01-01 00:00,8,3.642e-05
2026-01-01 08:00,8,-0.00024063
2026-01-01 16:00,8,1.313e-05
2026-01-02 00:00,8,-1.673e-05
2026-01-02 08:00,8,-0.00038459
2026-01-02 16:00,8,-0.00026571
2026-01-03 00:00,8,-1.602e-05
2026-01-03 08:00,8,-0.00013536
2026-01-03 16:00,8,4.641e-05
2026-01-04 00:00,8,5.266e-05
2026-01-04 08:00,8,-0.00011322
2026-01-04 16:00,8,8.7e-05
2026-01-05 00:00,8,0.0001
2026-01-05 08:00,8,5.423e-05
2026-01-05 16:00,8,0.0001
2026-01-06 00:00,8,0.0001
2026-01-06 08:00,8,2.829e-05
2026-01-06 16:00,8,6.925e-05
2026-01-07 00:00,8,0.0001
2026-01-07 08:00,8,0.0001
2026-01-07 16:00,8,0.0001
2026-01-08 00:00,8,3.267e-05
2026-01-08 08:00,8,4.624e-05
2026-01-08 16:00,8,4.671e-05
2026-01-09 00:00,8,2.138e-05
2026-01-09 08:00,8,4.598e-05
2026-01-09 16:00,8,0.0001
2026-01-10 00:00,8,3.7e-07
2026-01-10 08:00,8,5.438e-05
2026-01-10 16:00,8,6.153e-05
2026-01-11 00:00,8,0.0001
2026-01-11 08:00,8,4.824e-05
2026-01-11 16:00,8,-0.00019864
2026-01-12 00:00,8,7.446e-05
2026-01-12 08:00,8,-1.837e-05
2026-01-12 16:00,8,2.91e-06
2026-01-13 00:00,8,4.936e-05
2026-01-13 08:00,8,7.944e-05
2026-01-13 16:00,8,0.0001
2026-01-14 00:00,8,3.057e-05
2026-01-14 08:00,8,8.924e-05
2026-01-14 16:00,8,0.0001
2026-01-15 00:00,8,7.795e-05
2026-01-15 08:00,8,0.0001
2026-01-15 16:00,8,7.073e-05
2026-01-16 00:00,8,-2.853e-05
2026-01-16 08:00,8,-0.00026152
2026-01-16 16:00,8,-5.305e-05
2026-01-17 00:00,8,7.433e-05
2026-01-17 08:00,8,7.788e-05
2026-01-17 16:00,8,6.341e-05
2026-01-18 00:00,8,0.0001
2026-01-18 08:00,8,-7.745e-05
2026-01-18 16:00,8,2.083e-05
2026-01-19 00:00,8,4.806e-05
2026-01-19 08:00,8,0.0001
2026-01-19 16:00,8,7.665e-05
2026-01-20 00:00,8,8.415e-05
2026-01-20 08:00,8,0.0001
2026-01-20 16:00,8,8.383e-05
2026-01-21 00:00,8,3.553e-05
2026-01-21 08:00,8,2.86e-05
2026-01-21 16:00,8,2.796e-05
2026-01-22 00:00,8,4.871e-05
2026-01-22 08:00,8,-4.459e-05
2026-01-22 16:00,8,-5.21e-05
2026-01-23 00:00,8,4.726e-05
2026-01-23 08:00,8,3.693e-05
2026-01-23 16:00,8,3.85e-05
2026-01-24 00:00,8,7.113e-05
2026-01-24 08:00,8,9.44e-05
2026-01-24 16:00,8,1.226e-05
2026-01-25 00:00,8,8.2e-05
2026-01-25 08:00,8,1.126e-05
2026-01-25 16:00,8,3.591e-05
2026-01-26 00:00,8,2.735e-05
2026-01-26 08:00,8,0.0001
2026-01-26 16:00,8,0.0001
2026-01-27 00:00,8,0.0001
2026-01-27 08:00,8,6.742e-05
2026-01-27 16:00,8,9.17e-06
2026-01-28 00:00,8,0.0001
2026-01-28 08:00,8,4.817e-05
2026-01-28 16:00,8,9.086e-05
2026-01-29 00:00,8,4.169e-05
2026-01-29 08:00,8,5.395e-05
2026-01-29 16:00,8,3.86e-06
2026-01-30 00:00,8,-9.963e-05
2026-01-30 08:00,8,4.793e-05
2026-01-30 16:00,8,-3.676e-05
2026-01-31 00:00,8,-3.648e-05
2026-01-31 08:00,8,-4.827e-05
2026-01-31 16:00,8,6.376e-05
2026-02-01 00:00,8,3.811e-05
2026-02-01 08:00,8,0.0001
2026-02-01 16:00,8,8.85e-06
2026-02-02 00:00,8,6.332e-05
2026-02-02 08:00,8,4.277e-05
2026-02-02 16:00,8,-1.43e-06
2026-02-03 00:00,8,-8.419e-05
2026-02-03 08:00,8,1.031e-05
2026-02-03 16:00,8,8.891e-05
2026-02-04 00:00,8,9.323e-05
2026-02-04 08:00,8,3.661e-05
2026-02-04 16:00,8,0.0001
2026-02-05 00:00,8,0.0001
2026-02-05 08:00,8,6.926e-05
2026-02-05 16:00,8,2.379e-05
2026-02-06 00:00,8,4.868e-05
2026-02-06 08:00,8,2.002e-05
2026-02-06 16:00,8,2.583e-05
2026-02-07 00:00,8,2.52e-05
2026-02-07 08:00,8,6.227e-05
2026-02-07 16:00,8,5.85e-05
2026-02-08 00:00,8,-6.76e-06
2026-02-08 08:00,8,-6.7e-07
2026-02-08 16:00,8,1.546e-05
2026-02-09 00:00,8,2.007e-05
2026-02-09 08:00,8,4.006e-05
2026-02-09 16:00,8,0.0001
2026-02-10 00:00,8,3.543e-05
2026-02-10 08:00,8,2.2e-05
2026-02-10 16:00,8,0.0001
2026-02-11 00:00,8,0.0001
2026-02-11 08:00,8,-4.8e-06
2026-02-11 16:00,8,8.055e-05
2026-02-12 00:00,8,7.567e-05
2026-02-12 08:00,8,0.0001
2026-02-12 16:00,8,3.395e-05
2026-02-13 00:00,8,0.0001
2026-02-13 08:00,8,5.508e-05
2026-02-13 16:00,8,0.0001
2026-02-14 00:00,8,8.95e-05
2026-02-14 08:00,8,5.139e-05
2026-02-14 16:00,8,7.722e-05
2026-02-15 00:00,8,0.0001
2026-02-15 08:00,8,1.664e-05
2026-02-15 16:00,8,3.167e-05
2026-02-16 00:00,8,3.071e-05
2026-02-16 08:00,8,-9.61e-06
2026-02-16 16:00,8,0.0001
2026-02-17 00:00,8,0.0001
2026-02-17 08:00,8,0.0001
2026-02-17 16:00,8,2.021e-05
2026-02-18 00:00,8,9.69e-05
2026-02-18 08:00,8,3.909e-05
2026-02-18 16:00,8,-2.091e-05
2026-02-19 00:00,8,-6.478e-05
2026-02-19 08:00,8,3.185e-05
2026-02-19 16:00,8,8.93e-06
2026-02-20 00:00,8,-4.816e-05
2026-02-20 08:00,8,-0.00012781
2026-02-20 16:00,8,-0.00012378
2026-02-21 00:00,8,-0.00021337
2026-02-21 08:00,8,5.389e-05
2026-02-21 16:00,8,-3.177e-05
2026-02-22 00:00,8,4.401e-05
2026-02-22 08:00,8,7.005e-05
2026-02-22 16:00,8,-8.39e-06
2026-02-23 00:00,8,0.0001
2026-02-23 08:00,8,7.553e-05
2026-02-23 16:00,8,3.031e-05
2026-02-24 00:00,8,0.0001
2026-02-24 08:00,8,3.77e-05
2026-02-24 16:00,8,6.56e-05
2026-02-25 00:00,8,5.436e-05
2026-02-25 08:00,8,2.442e-05
2026-02-25 16:00,8,6.3e-05
2026-02-26 00:00,8,0.0001
2026-02-26 08:00,8,-6.2e-06
2026-02-26 16:00,8,-0.00014335
2026-02-27 00:00,8,-9.1e-05
2026-02-27 08:00,8,7.921e-05
2026-02-27 16:00,8,0.0001
2026-02-28 00:00,8,1.819e-05
2026-02-28 08:00,8,-1.275e-05
2026-02-28 16:00,8,0.0001
2026-03-01 00:00,8,0.0001
2026-03-01 08:00,8,0.0001
2026-03-01 16:00,8,8.027e-05
2026-03-02 00:00,8,1.72e-06
2026-03-02 08:00,8,8.657e-05
2026-03-02 16:00,8,8.143e-05
2026-03-03 00:00,8,6.417e-05
2026-03-03 08:00,8,6.439e-05
2026-03-03 16:00,8,-0.00011531
2026-03-04 00:00,8,-0.00013084
2026-03-04 08:00,8,-0.00013793
2026-03-04 16:00,8,-1.587e-05
2026-03-05 00:00,8,9.453e-05
2026-03-05 08:00,8,-0.00018565
2026-03-05 16:00,8,0.0001
2026-03-06 00:00,8,0.0001
2026-03-06 08:00,8,0.0001
2026-03-06 16:00,8,7.179e-05
2026-03-07 00:00,8,0.0001
2026-03-07 08:00,8,0.0001
2026-03-07 16:00,8,-9.133e-05
2026-03-08 00:00,8,3.025e-05
2026-03-08 08:00,8,1.661e-05
2026-03-08 16:00,8,7.61e-05
2026-03-09 00:00,8,2.046e-05
2026-03-09 08:00,8,4.211e-05
2026-03-09 16:00,8,1.782e-05
2026-03-10 00:00,8,6.02e-06
2026-03-10 08:00,8,1.49e-06
2026-03-10 16:00,8,7.142e-05
2026-03-11 00:00,8,4.56e-06
2026-03-11 08:00,8,2.771e-05
2026-03-11 16:00,8,4.047e-05
2026-03-12 00:00,8,7.771e-05
2026-03-12 08:00,8,2.893e-05
2026-03-12 16:00,8,3.952e-05
2026-03-13 00:00,8,2.66e-06
2026-03-13 08:00,8,4.696e-05
2026-03-13 16:00,8,5.882e-05
2026-03-14 00:00,8,0.0001
2026-03-14 08:00,8,2.581e-05
2026-03-14 16:00,8,7.777e-05
2026-03-15 00:00,8,4.755e-05
2026-03-15 08:00,8,6.979e-05
2026-03-15 16:00,8,-3.447e-05
2026-03-16 00:00,8,8.83e-05
2026-03-16 08:00,8,4.855e-05
2026-03-16 16:00,8,0.0001
2026-03-17 00:00,8,0.0001
2026-03-17 08:00,8,0.0001
2026-03-17 16:00,8,0.0001
2026-03-18 00:00,8,0.0001
2026-03-18 08:00,8,5.299e-05
2026-03-18 16:00,8,-2.66e-06
2026-03-19 00:00,8,-6.319e-05
2026-03-19 08:00,8,-7.483e-05
2026-03-19 16:00,8,0.0001
2026-03-20 00:00,8,3.06e-06
2026-03-20 08:00,8,-1.01e-05
2026-03-20 16:00,8,5.874e-05
2026-03-21 00:00,8,0.0001
2026-03-21 08:00,8,2.308e-05
2026-03-21 16:00,8,7.598e-05
2026-03-22 00:00,8,0.0001
2026-03-22 08:00,8,5.899e-05
2026-03-22 16:00,8,-3.804e-05
2026-03-23 00:00,8,4.005e-05
2026-03-23 08:00,8,3.498e-05
2026-03-23 16:00,8,8.27e-05
2026-03-24 00:00,8,4.302e-05
2026-03-24 08:00,8,0.0001
2026-03-24 16:00,8,0.0001
2026-03-25 00:00,8,0.0001
2026-03-25 08:00,8,-2.2e-07
2026-03-25 16:00,8,9.23e-05
2026-03-26 00:00,8,0.0001
2026-03-26 08:00,8,8.504e-05
2026-03-26 16:00,8,4.166e-05
2026-03-27 00:00,8,6.311e-05
2026-03-27 08:00,8,0.0001
2026-03-27 16:00,8,9.412e-05
2026-03-28 00:00,8,7.262e-05
2026-03-28 08:00,8,-1.039e-05
2026-03-28 16:00,8,4.587e-05
2026-03-29 00:00,8,0.0001
2026-03-29 08:00,8,3.797e-05
2026-03-29 16:00,8,5.739e-05
2026-03-30 00:00,8,9.097e-05
2026-03-30 08:00,8,6.014e-05
2026-03-30 16:00,8,-1.615e-05
2026-03-31 00:00,8,3.209e-05
2026-03-31 08:00,8,-3.94e-06
2026-03-31 16:00,8,0.0001
2026-04-01 00:00,8,9.543e-05
2026-04-01 08:00,8,-2.281e-05
2026-04-01 16:00,8,8.442e-05
2026-04-02 00:00,8,8.074e-05
2026-04-02 08:00,8,1e-05
2026-04-02 16:00,8,3.074e-05
2026-04-03 00:00,8,4.315e-05
2026-04-03 08:00,8,-2.273e-05
2026-04-03 16:00,8,7.675e-05
2026-04-04 00:00,8,3.787e-05
2026-04-04 08:00,8,5.677e-05
2026-04-04 16:00,8,-5.94e-06
2026-04-05 00:00,8,-2.191e-05
2026-04-05 08:00,8,-4.403e-05
2026-04-05 16:00,8,-8.105e-05
2026-04-06 00:00,8,2.611e-05
2026-04-06 08:00,8,8.374e-05
2026-04-06 16:00,8,1.844e-05
2026-04-07 00:00,8,-5.581e-05
2026-04-07 08:00,8,-7.03e-06
2026-04-07 16:00,8,7.479e-05
2026-04-08 00:00,8,0.0001
2026-04-08 08:00,8,8.628e-05
2026-04-08 16:00,8,4.388e-05
2026-04-09 00:00,8,-1.005e-05
2026-04-09 08:00,8,3.198e-05
2026-04-09 16:00,8,9.833e-05
2026-04-10 00:00,8,0.0001
2026-04-10 08:00,8,-2.6e-06
2026-04-10 16:00,8,6.626e-05
2026-04-11 00:00,8,0.0001
2026-04-11 08:00,8,3.195e-05
2026-04-11 16:00,8,-2.08e-05
2026-04-12 00:00,8,1.657e-05
2026-04-12 08:00,8,-9.629e-05
2026-04-12 16:00,8,2.807e-05
2026-04-13 00:00,8,-7.164e-05
2026-04-13 08:00,8,-1.844e-05
2026-04-13 16:00,8,-3.549e-05
2026-04-14 00:00,8,2.22e-06
2026-04-14 08:00,8,8.207e-05
2026-04-14 16:00,8,0.0001
2026-04-15 00:00,8,1.304e-05
2026-04-15 08:00,8,7.345e-05
2026-04-15 16:00,8,2.231e-05
2026-04-16 00:00,8,0.0001
2026-04-16 08:00,8,3.924e-05
2026-04-16 16:00,8,0.0001
2026-04-17 00:00,8,0.0001
2026-04-17 08:00,8,2.862e-05
2026-04-17 16:00,8,4.112e-05
2026-04-18 00:00,8,0.0001
2026-04-18 08:00,8,0.0001
2026-04-18 16:00,8,9.541e-05
2026-04-19 00:00,8,0.0001
2026-04-19 08:00,8,4.583e-05
2026-04-19 16:00,8,6.065e-05
2026-04-20 00:00,8,1.805e-05
2026-04-20 08:00,8,2.742e-05
2026-04-20 16:00,8,0.0001
2026-04-21 00:00,8,0.0001
2026-04-21 08:00,8,2.154e-05
2026-04-21 16:00,8,7.25e-05
2026-04-22 00:00,8,0.0001
2026-04-22 08:00,8,2.878e-05
2026-04-22 16:00,8,2.866e-05
2026-04-23 00:00,8,8.624e-05
2026-04-23 08:00,8,5.2e-06
2026-04-23 16:00,8,6.366e-05
2026-04-24 00:00,8,0.0001
2026-04-24 08:00,8,-1.467e-05
2026-04-24 16:00,8,6.928e-05
2026-04-25 00:00,8,0.0001
2026-04-25 08:00,8,8.966e-05
2026-04-25 16:00,8,7.972e-05
2026-04-26 00:00,8,1.949e-05
2026-04-26 08:00,8,7.542e-05
2026-04-26 16:00,8,0.0001
2026-04-27 00:00,8,4.727e-05
2026-04-27 08:00,8,1.401e-05
2026-04-27 16:00,8,-2.018e-05
2026-04-28 00:00,8,1.237e-05
2026-04-28 08:00,8,0.0001
2026-04-28 16:00,8,1.855e-05
2026-04-29 00:00,8,-0.00010943
2026-04-29 08:00,8,2.725e-05
2026-04-29 16:00,8,5.878e-05
2026-04-30 00:00,8,-7.625e-05
2026-04-30 08:00,8,-7.013e-05
2026-04-30 16:00,8,5.02e-05
2026-05-01 00:00,8,-1.531e-05
2026-05-01 08:00,8,-9.52e-06
2026-05-01 16:00,8,2.499e-05
2026-05-02 00:00,8,6.331e-05
2026-05-02 08:00,8,2.271e-05
2026-05-02 16:00,8,3.976e-05
2026-05-03 00:00,8,8.068e-05
2026-05-03 08:00,8,-1.464e-05
2026-05-03 16:00,8,-8.45e-05
2026-05-04 00:00,8,7.507e-05
2026-05-04 08:00,8,-1.64e-06
2026-05-04 16:00,8,4.998e-05
2026-05-05 00:00,8,-4.133e-05
2026-05-05 08:00,8,6.35e-06
2026-05-05 16:00,8,3.891e-05
2026-05-06 00:00,8,5.241e-05
2026-05-06 08:00,8,4.754e-05
2026-05-06 16:00,8,7.801e-05
2026-05-07 00:00,8,7.963e-05
2026-05-07 08:00,8,8.3e-06
2026-05-07 16:00,8,0.0001
2026-05-08 00:00,8,0.0001
2026-05-08 08:00,8,0.0001
2026-05-08 16:00,8,7.166e-05
2026-05-09 00:00,8,0.0001
2026-05-09 08:00,8,0.0001
2026-05-09 16:00,8,3.879e-05
2026-05-10 00:00,8,-7.19e-05
2026-05-10 08:00,8,-2.459e-05
2026-05-10 16:00,8,4.01e-06
2026-05-11 00:00,8,0.0001
2026-05-11 08:00,8,0.0001
2026-05-11 16:00,8,-2.519e-05
2026-05-12 00:00,8,-5.905e-05
2026-05-12 08:00,8,-8.61e-06
2026-05-12 16:00,8,7.863e-05
2026-05-13 00:00,8,0.0001
2026-05-13 08:00,8,0.0001
2026-05-13 16:00,8,-1.429e-05
2026-05-14 00:00,8,-4e-08
2026-05-14 08:00,8,0.0001
2026-05-14 16:00,8,6.231e-05
2026-05-15 00:00,8,0.0001
2026-05-15 08:00,8,4.369e-05
2026-05-15 16:00,8,-9.386e-05
2026-05-16 00:00,8,0.0001
2026-05-16 08:00,8,-4.7e-05
2026-05-16 16:00,8,9.51e-05
2026-05-17 00:00,8,9.827e-05
2026-05-17 08:00,8,4.89e-06
2026-05-17 16:00,8,7.222e-05
2026-05-18 00:00,8,8.317e-05
2026-05-18 08:00,8,0.0001
2026-05-18 16:00,8,8.212e-05
2026-05-19 00:00,8,0.0001
2026-05-19 08:00,8,9.071e-05
2026-05-19 16:00,8,4.91e-05
2026-05-20 00:00,8,4.382e-05
2026-05-20 08:00,8,5.206e-05
2026-05-20 16:00,8,4.537e-05
2026-05-21 00:00,8,-4.06e-05
2026-05-21 08:00,8,0.0001
2026-05-21 16:00,8,6.15e-06
2026-05-22 00:00,8,0.0001
2026-05-22 08:00,8,-6.653e-05
2026-05-22 16:00,8,4.61e-06
2026-05-23 00:00,8,-3.676e-05
2026-05-23 08:00,8,-0.00013137
2026-05-23 16:00,8,-0.00030529
2026-05-24 00:00,8,-0.00025427
2026-05-24 08:00,8,-0.00032433
2026-05-24 16:00,8,-0.00026474
2026-05-25 00:00,8,-0.00010318
2026-05-25 08:00,8,4.113e-05
2026-05-25 16:00,8,2.135e-05
2026-05-26 00:00,8,0.0001
2026-05-26 08:00,8,2.747e-05
2026-05-26 16:00,8,-6.6e-07
2026-05-27 00:00,8,6.447e-05
2026-05-27 08:00,8,7.913e-05
2026-05-27 16:00,8,0.0001
2026-05-28 00:00,8,-4.723e-05
2026-05-28 08:00,8,-0.00011336
2026-05-28 16:00,8,5.345e-05
2026-05-29 00:00,8,3.59e-06
2026-05-29 08:00,8,3.573e-05
2026-05-29 16:00,8,-1.88e-06
2026-05-30 00:00,8,-0.00022482
2026-05-30 08:00,8,1.43e-06
2026-05-30 16:00,8,-6.951e-05
2026-05-31 00:00,8,-2.636e-05
2026-05-31 08:00,8,-0.00023432
2026-05-31 16:00,8,-2.139e-05
2026-06-01 00:00,8,0.0001
2026-06-01 08:00,8,0.0001
2026-06-01 16:00,8,0.0001
2026-06-02 00:00,8,0.0001
2026-06-02 08:00,8,0.0001
2026-06-02 16:00,8,0.0001
2026-06-03 00:00,8,2.42e-06
2026-06-03 08:00,8,0.0001
2026-06-03 16:00,8,0.0001
2026-06-04 00:00,8,3.566e-05
2026-06-04 08:00,8,-0.00054641
2026-06-04 16:00,8,-0.00060769
2026-06-05 00:00,8,-0.00048997
2026-06-05 08:00,8,-0.00012118
2026-06-05 16:00,8,-0.00023398
2026-06-06 00:00,8,-0.00019938
2026-06-06 08:00,8,-0.00011838
2026-06-06 16:00,8,-5.284e-05
2026-06-07 00:00,8,-4.363e-05
2026-06-07 08:00,8,-0.00014213
2026-06-07 16:00,8,-5.095e-05
2026-06-08 00:00,8,-4.93e-05
2026-06-08 08:00,8,-0.00032863
2026-06-08 16:00,8,-0.00014878
2026-06-09 00:00,8,-0.00012512
2026-06-09 08:00,8,-0.00011668
2026-06-09 16:00,8,-0.00017321
2026-06-10 00:00,8,-5.356e-05
2026-06-10 08:00,8,0.0001
2026-06-10 16:00,8,-5.781e-05
2026-06-11 00:00,8,-0.00015158
2026-06-11 08:00,8,2.559e-05
2026-06-11 16:00,8,-0.0002176
2026-06-12 00:00,8,-0.00021324
2026-06-12 08:00,8,-0.0003402
2026-06-12 16:00,8,-0.00059077
2026-06-13 00:00,8,-0.00076451
2026-06-13 08:00,8,-0.0004833
2026-06-13 16:00,8,-0.00050613
2026-06-14 00:00,8,-0.00065953
2026-06-14 08:00,8,-0.0003633
2026-06-14 16:00,8,-0.00028395
2026-06-15 00:00,8,-9.08e-06
2026-06-15 08:00,8,-5.844e-05
2026-06-15 16:00,8,-0.00047371
2026-06-16 00:00,8,-0.00062407
2026-06-16 08:00,8,-0.00084001
2026-06-16 16:00,8,-0.00020616
2026-06-17 00:00,8,-0.00010736
2026-06-17 08:00,8,-0.00013859
2026-06-17 16:00,8,-0.00035225
2026-06-18 00:00,8,-0.00040502
2026-06-18 08:00,8,-0.00045564
2026-06-18 16:00,8,-0.00080848
2026-06-19 00:00,8,-0.00078379
2026-06-19 08:00,8,-0.0004118
2026-06-19 16:00,8,-0.00024228
2026-06-20 00:00,8,-4.16e-05
2026-06-20 08:00,8,-0.0002735
2026-06-20 16:00,8,-0.00019444
2026-06-21 00:00,8,-0.0002602
2026-06-21 08:00,8,-0.00016127
2026-06-21 16:00,8,-0.00026306
2026-06-22 00:00,8,-0.00026759
2026-06-22 08:00,8,-0.00021253
2026-06-22 16:00,8,-0.00045253
2026-06-23 00:00,8,-0.00049572
2026-06-23 08:00,8,3.55e-06
2026-06-23 16:00,8,-1.407e-05
2026-06-24 00:00,8,-1.473e-05
2026-06-24 08:00,8,-4.284e-05
2026-06-24 16:00,8,-6.546e-05
2026-06-25 00:00,8,3.078e-05
2026-06-25 08:00,8,9e-06
2026-06-25 16:00,8,-0.00036616
2026-06-26 00:00,8,-0.00017931
2026-06-26 08:00,8,-9.862e-05
2026-06-26 16:00,8,-0.00010509
2026-06-27 00:00,8,-2.605e-05
2026-06-27 08:00,8,-0.0001362
2026-06-27 16:00,8,-0.0002072
2026-06-28 00:00,8,-0.00034488
2026-06-28 08:00,8,-0.00020435
2026-06-28 16:00,8,-0.00023483
2026-06-29 00:00,8,-0.00022054
2026-06-29 08:00,8,1.445e-05
2026-06-29 16:00,8,2.044e-05
2026-06-30 00:00,8,9.726e-05
2026-06-30 08:00,8,0.0001
2026-06-30 16:00,8,6.644e-05
2026-07-01 00:00,8,0.0001
2026-07-01 08:00,8,-3.455e-05
2026-07-01 16:00,8,-8.935e-05
2026-07-02 00:00,8,-0.00017094
2026-07-02 08:00,8,5.215e-05
2026-07-02 16:00,8,0.0001
2026-07-03 00:00,8,3.01e-06
2026-07-03 08:00,8,0.0001
2026-07-03 16:00,8,0.0001
2026-07-04 00:00,8,0.0001
2026-07-04 08:00,8,-1.879e-05
2026-07-04 16:00,8,6.865e-05
2026-07-05 00:00,8,5.121e-05
2026-07-05 08:00,8,1.71e-06
2026-07-05 16:00,8,3.016e-05
2026-07-06 00:00,8,0.0001
2026-07-06 08:00,8,-0.00013574
2026-07-06 16:00,8,3.863e-05
2026-07-07 00:00,8,0.0001
2026-07-07 08:00,8,0.0001
2026-07-07 16:00,8,-8.174e-05
2026-07-08 00:00,8,-0.00065209
2026-07-08 08:00,8,-0.00054321
2026-07-08 16:00,8,-0.0004267
2026-07-09 00:00,8,-4.782e-05
2026-07-09 08:00,8,-2.656e-05
2026-07-09 16:00,8,7.017e-05
2026-07-10 00:00,8,-0.00017967
2026-07-10 08:00,8,-0.00027779
2026-07-10 16:00,8,-0.00016596
2026-07-11 00:00,8,-0.00014118
2026-07-11 08:00,8,0.0001
2026-07-11 16:00,8,0.0001
2026-07-12 00:00,8,5.049e-05
2026-07-12 08:00,8,9.065e-05
2026-07-12 16:00,8,0.0001
2026-07-13 00:00,8,5.454e-05
2026-07-13 08:00,8,-7.93e-06
2026-07-13 16:00,8,-1.68e-05
2026-07-14 00:00,8,-0.00038233
2026-07-14 08:00,8,-0.00021619
2026-07-14 16:00,8,3.28e-06
2026-07-15 00:00,8,0.0001
2026-07-15 08:00,8,0.0001
2026-07-15 16:00,8,0.0001
2026-07-16 00:00,8,2.038e-05
2026-07-16 08:00,8,7.461e-05
2026-07-16 16:00,8,9.208e-05
2026-07-17 00:00,8,-9.79e-05
2026-07-17 08:00,8,-0.00031294
2026-07-17 16:00,8,-0.00048092
2026-07-18 00:00,8,-0.00059604
2026-07-18 08:00,8,-0.00066362
2026-07-18 16:00,8,-0.00040652
2026-07-19 00:00,8,-0.00032164
2026-07-19 08:00,8,-0.00035877
2026-07-19 16:00,8,-0.00079811
2026-07-20 00:00,8,-0.00059121
2026-07-20 08:00,8,-0.00012672
2026-07-20 16:00,8,7.218e-05
2026-07-21 00:00,8,-1.588e-05
2026-07-21 08:00,8,4.79e-06
2026-07-21 16:00,8,-3.451e-05
2026-07-22 00:00,8,-0.00015742
2026-07-22 08:00,8,-0.00017528
2026-07-22 16:00,8,-0.0001613
2026-07-23 00:00,8,-0.0002088
2026-07-23 08:00,8,-0.00029262
2026-07-23 16:00,8,-0.00025304
2026-07-24 00:00,8,-0.00010771
2026-07-24 08:00,8,-1.623e-05
2026-07-24 16:00,8,-3.766e-05
2026-07-25 00:00,8,-0.00034949
2026-07-25 08:00,8,1.025e-05
2026-07-25 16:00,8,-2.876e-05
2026-07-26 00:00,8,1.685e-05
2026-07-26 08:00,8,-9.538e-05
2026-07-26 16:00,8,-8.264e-05
2026-07-27 00:00,8,-5.013e-05
2026-07-27 08:00,8,3.383e-05
2026-07-27 16:00,8,-0.00039434
2026-07-28 00:00,8,-0.00016802
2026-07-28 08:00,8,-0.0003165
2026-07-28 16:00,8,-0.00012525
2026-07-29 00:00,8,-0.00025556
2026-07-29 08:00,8,-0.00045723
2026-07-29 16:00,8,-4.715e-05
2026-07-30 00:00,8,3.523e-05
2026-07-30 08:00,8,6.053e-05
2026-07-30 16:00,8,8.206e-05
2026-07-31 00:00,8,-5.097e-05
2026-07-31 08:00,8,0.0001
2026-07-31 16:00,8,6.934e-05
2026-08-01 00:00,8,-4.255e-05
2026-08-01 08:00,8,0.0001
2026-08-01 16:00,8,-0.00011447
2026-08-02 00:00,8,-1.262e-05
2026-08-02 08:00,8,0.0001
2026-08-02 16:00,8,-0.00018303
2026-08-03 00:00,8,-0.0001632
2026-08-03 08:00,8,-0.00029502
2026-08-03 16:00,8,-0.00039033
2026-08-04 00:00,8,-0.00020334
2026-08-04 08:00,8,-6.163e-05
2026-08-04 16:00,8,-0.00030681
2026-08-05 00:00,8,-0.00034888
2026-08-05 08:00,8,-0.00043093
2026-08-05 16:00,8,-0.00013397
2026-08-06 00:00,8,-0.00010398
2026-08-06 08:00,8,-0.00015516
2026-08-06 16:00,8,7.814e-05
2026-08-07 00:00,8,9.479e-05
2026-08-07 08:00,8,0.0001
2026-08-07 16:00,8,-0.00010621
2026-08-08 00:00,8,6.061e-05
2026-08-08 08:00,8,-0.00014005
2026-08-08 16:00,8,0.0001
2026-08-09 00:00,8,0.0001
2026-08-09 08:00,8,0.0001
2026-08-09 16:00,8,0.0001
2026-08-10 00:00,8,-7.65e-05
2026-08-10 08:00,8,5.134e-05
2026-08-10 16:00,8,0.0001
2026-08-11 00:00,8,-2.161e-05
2026-08-11 08:00,8,0.0001
2026-08-11 16:00,8,2.802e-05
2026-08-12 00:00,8,3.99e-05
2026-08-12 08:00,8,0.0001
2026-08-12 16:00,8,-5.4e-06
2026-08-13 00:00,8,-7.534e-05
2026-08-13 08:00,8,2.215e-05
2026-08-13 16:00,8,-0.0001062
2026-08-14 00:00,8,4.441e-05
2026-08-14 08:00,8,8.554e-05
2026-08-14 16:00,8,0.0001
2026-08-15 00:00,8,0.0001
2026-08-15 08:00,8,0.0001
2026-08-15 16:00,8,0.0001
2026-08-16 00:00,8,0.0001
2026-08-16 08:00,8,0.0001
2026-08-16 16:00,8,0.0001
2026-08-17 00:00,8,0.0001
2026-08-17 08:00,8,0.0001
2026-08-17 16:00,8,0.0001
2026-08-18 00:00,8,-0.00012945
2026-08-18 08:00,8,1.11e-06
2026-08-18 16:00,8,3.904e-05
2026-08-19 00:00,8,-1.27e-05
2026-08-19 08:00,8,4.763e-05
2026-08-19 16:00,8,0.0001
2026-08-20 00:00,8,0.0001
2026-08-20 08:00,8,0.0001
2026-08-20 16:00,8,0.0001
2026-08-21 00:00,8,0.0001
2026-08-21 08:00,8,0.0001
2026-08-21 16:00,8,0.0001
2026-08-22 00:00,8,0.0001
2026-08-22 08:00,8,0.0001
2026-08-22 16:00,8,0.0001
2026-08-23 00:00,8,0.0001
2026-08-23 08:00,8,0.0001
2026-08-23 16:00,8,0.0001
2026-08-24 00:00,8,0.0001
2026-08-24 08:00,8,0.0001
2026-08-24 16:00,8,0.0001
2026-08-25 00:00,8,0.0001
2026-08-25 08:00,8,0.0001
2026-08-25 16:00,8,0.0001
2026-08-26 00:00,8,0.0001
2026-08-26 08:00,8,0.0001
2026-08-26 16:00,8,0.0001
2026-08-27 00:00,8,0.0001
2026-08-27 08:00,8,0.0001
2026-08-27 16:00,8,0.0001
2026-08-28 00:00,8,0.0001
2026-08-28 08:00,8,0.0001
2026-08-28 16:00,8,0.0001
2026-08-29 00:00,8,0.0001
2026-08-29 08:00,8,0.0001
2026-08-29 16:00,8,0.0001
2026-08-30 00:00,8,0.0001
2026-08-30 08:00,8,0.0001
2026-08-30 16:00,8,0.0001
2026-08-31 00:00,8,0.0001
2026-08-31 08:00,8,0.0001
2026-08-31 16:00,8,0.0001
