t,interval_h,rate
2021-12-01 00:00,8,0.0001
2021-12-01 08:00,8,0.0001
2021-12-01 16:00,8,0.00020632
2021-12-02 00:00,8,0.0001
2021-12-02 08:00,8,0.0001
2021-12-02 16:00,8,0.0001
2021-12-03 00:00,8,0.0001
2021-12-03 08:00,8,0.0001
2021-12-03 16:00,8,0.00012079
2021-12-04 00:00,8,0.0001
2021-12-04 08:00,8,1.42e-06
2021-12-04 16:00,8,0.0001
2021-12-05 00:00,8,0.0001
2021-12-05 08:00,8,0.0001
2021-12-05 16:00,8,0.0001
2021-12-06 00:00,8,7.001e-05
2021-12-06 08:00,8,0.0001
2021-12-06 16:00,8,0.0001
2021-12-07 00:00,8,0.0001
2021-12-07 08:00,8,0.0001
2021-12-07 16:00,8,0.0001
2021-12-08 00:00,8,0.0001
2021-12-08 08:00,8,9.771e-05
2021-12-08 16:00,8,0.0001
2021-12-09 00:00,8,7.378e-05
2021-12-09 08:00,8,-0.00026846
2021-12-09 16:00,8,0.0001
2021-12-10 00:00,8,0.0001
2021-12-10 08:00,8,0.0001
2021-12-10 16:00,8,0.0001
2021-12-11 00:00,8,0.0001
2021-12-11 08:00,8,0.0001
2021-12-11 16:00,8,0.0001
2021-12-12 00:00,8,0.0001
2021-12-12 08:00,8,0.0001
2021-12-12 16:00,8,0.0001
2021-12-13 00:00,8,0.0001
2021-12-13 08:00,8,0.0001
2021-12-13 16:00,8,0.0001
2021-12-14 00:00,8,0.0001
2021-12-14 08:00,8,0.0001
2021-12-14 16:00,8,0.0001
2021-12-15 00:00,8,0.0001
2021-12-15 08:00,8,4.261e-05
2021-12-15 16:00,8,0.0001
2021-12-16 00:00,8,0.0001
2021-12-16 08:00,8,0.0001
2021-12-16 16:00,8,0.0001
2021-12-17 00:00,8,0.0001
2021-12-17 08:00,8,0.0001
2021-12-17 16:00,8,0.0001
2021-12-18 00:00,8,0.0001
2021-12-18 08:00,8,0.0001
2021-12-18 16:00,8,0.0001
2021-12-19 00:00,8,0.0001
2021-12-19 08:00,8,0.0001
2021-12-19 16:00,8,0.0001
2021-12-20 00:00,8,0.0001
2021-12-20 08:00,8,0.0001
2021-12-20 16:00,8,0.0001
2021-12-21 00:00,8,0.0001
2021-12-21 08:00,8,0.0001
2021-12-21 16:00,8,0.0001
2021-12-22 00:00,8,0.0001
2021-12-22 08:00,8,0.0001
2021-12-22 16:00,8,0.0001
2021-12-23 00:00,8,0.0001
2021-12-23 08:00,8,0.0001
2021-12-23 16:00,8,0.0001
2021-12-24 00:00,8,0.0001
2021-12-24 08:00,8,0.0001
2021-12-24 16:00,8,0.0001
2021-12-25 00:00,8,0.0001
2021-12-25 08:00,8,0.0001
2021-12-25 16:00,8,0.0001
2021-12-26 00:00,8,0.0001
2021-12-26 08:00,8,0.0001
2021-12-26 16:00,8,0.0001
2021-12-27 00:00,8,0.0001
2021-12-27 08:00,8,0.0001
2021-12-27 16:00,8,0.0001
2021-12-28 00:00,8,0.0001
2021-12-28 08:00,8,0.0001
2021-12-28 16:00,8,0.0001
2021-12-29 00:00,8,0.0001
2021-12-29 08:00,8,0.0001
2021-12-29 16:00,8,0.0001
2021-12-30 00:00,8,0.0001
2021-12-30 08:00,8,0.0001
2021-12-30 16:00,8,0.0001
2021-12-31 00:00,8,0.0001
2021-12-31 08:00,8,0.0001
2021-12-31 16:00,8,0.0001
2022-01-01 00:00,8,0.0001
2022-01-01 08:00,8,0.0001
2022-01-01 16:00,8,0.0001
2022-01-02 00:00,8,0.0001
2022-01-02 08:00,8,0.0001
2022-01-02 16:00,8,0.0001
2022-01-03 00:00,8,0.0001
2022-01-03 08:00,8,0.0001
2022-01-03 16:00,8,0.0001
2022-01-04 00:00,8,0.0001
2022-01-04 08:00,8,0.0001
2022-01-04 16:00,8,0.0001
2022-01-05 00:00,8,0.0001
2022-01-05 08:00,8,0.0001
2022-01-05 16:00,8,0.0001
2022-01-06 00:00,8,0.0001
2022-01-06 08:00,8,0.0001
2022-01-06 16:00,8,0.0001
2022-01-07 00:00,8,0.0001
2022-01-07 08:00,8,0.0001
2022-01-07 16:00,8,0.0001
2022-01-08 00:00,8,0.0001
2022-01-08 08:00,8,0.0001
2022-01-08 16:00,8,0.0001
2022-01-09 00:00,8,0.0001
2022-01-09 08:00,8,0.0001
2022-01-09 16:00,8,0.0001
2022-01-10 00:00,8,0.0001
2022-01-10 08:00,8,0.0001
2022-01-10 16:00,8,0.0001
2022-01-11 00:00,8,0.0001
2022-01-11 08:00,8,0.0001
2022-01-11 16:00,8,0.0001
2022-01-12 00:00,8,0.0001
2022-01-12 08:00,8,0.0001
2022-01-12 16:00,8,0.0001
2022-01-13 00:00,8,0.0001
2022-01-13 08:00,8,0.0001
2022-01-13 16:00,8,0.0001
2022-01-14 00:00,8,0.0001
2022-01-14 08:00,8,0.0001
2022-01-14 16:00,8,0.0001
2022-01-15 00:00,8,0.0001
2022-01-15 08:00,8,0.0001
2022-01-15 16:00,8,0.0001
2022-01-16 00:00,8,0.0001
2022-01-16 08:00,8,0.0001
2022-01-16 16:00,8,0.0001
2022-01-17 00:00,8,0.0001
2022-01-17 08:00,8,0.0001
2022-01-17 16:00,8,0.0001
2022-01-18 00:00,8,0.0001
2022-01-18 08:00,8,0.0001
2022-01-18 16:00,8,0.0001
2022-01-19 00:00,8,0.0001
2022-01-19 08:00,8,0.0001
2022-01-19 16:00,8,0.0001
2022-01-20 00:00,8,0.0001
2022-01-20 08:00,8,0.0001
2022-01-20 16:00,8,0.0001
2022-01-21 00:00,8,3.25e-05
2022-01-21 08:00,8,0.0001
2022-01-21 16:00,8,0.0001
2022-01-22 00:00,8,0.0001
2022-01-22 08:00,8,0.0001
2022-01-22 16:00,8,3.337e-05
2022-01-23 00:00,8,0.0001
2022-01-23 08:00,8,0.0001
2022-01-23 16:00,8,0.0001
2022-01-24 00:00,8,0.0001
2022-01-24 08:00,8,6.882e-05
2022-01-24 16:00,8,7.371e-05
2022-01-25 00:00,8,-0.00012859
2022-01-25 08:00,8,9.308e-05
2022-01-25 16:00,8,0.0001
2022-01-26 00:00,8,0.0001
2022-01-26 08:00,8,0.0001
2022-01-26 16:00,8,0.0001
2022-01-27 00:00,8,0.0001
2022-01-27 08:00,8,0.0001
2022-01-27 16:00,8,0.0001
2022-01-28 00:00,8,9.433e-05
2022-01-28 08:00,8,3.327e-05
2022-01-28 16:00,8,6.987e-05
2022-01-29 00:00,8,6.784e-05
2022-01-29 08:00,8,0.0001
2022-01-29 16:00,8,9.612e-05
2022-01-30 00:00,8,0.0001
2022-01-30 08:00,8,0.0001
2022-01-30 16:00,8,0.0001
2022-01-31 00:00,8,0.0001
2022-01-31 08:00,8,0.0001
2022-01-31 16:00,8,4.351e-05
2022-02-01 00:00,8,0.0001
2022-02-01 08:00,8,0.0001
2022-02-01 16:00,8,0.0001
2022-02-02 00:00,8,0.0001
2022-02-02 08:00,8,0.0001
2022-02-02 16:00,8,0.0001
2022-02-03 00:00,8,2.558e-05
2022-02-03 08:00,8,-0.00013855
2022-02-03 16:00,8,-0.00046836
2022-02-04 00:00,8,-0.00016186
2022-02-04 08:00,8,3.298e-05
2022-02-04 16:00,8,0.0001
2022-02-05 00:00,8,0.0001
2022-02-05 08:00,8,0.0001
2022-02-05 16:00,8,0.0001
2022-02-06 00:00,8,0.0001
2022-02-06 08:00,8,0.0001
2022-02-06 16:00,8,0.0001
2022-02-07 00:00,8,0.0001
2022-02-07 08:00,8,0.0001
2022-02-07 16:00,8,0.0001
2022-02-08 00:00,8,0.0001
2022-02-08 08:00,8,0.0001
2022-02-08 16:00,8,0.0001
2022-02-09 00:00,8,0.0001
2022-02-09 08:00,8,0.0001
2022-02-09 16:00,8,0.0001
2022-02-10 00:00,8,0.0001
2022-02-10 08:00,8,0.0001
2022-02-10 16:00,8,0.0001
2022-02-11 00:00,8,0.0001
2022-02-11 08:00,8,0.0001
2022-02-11 16:00,8,0.0001
2022-02-12 00:00,8,2.767e-05
2022-02-12 08:00,8,7.271e-05
2022-02-12 16:00,8,0.0001
2022-02-13 00:00,8,5.775e-05
2022-02-13 08:00,8,0.0001
2022-02-13 16:00,8,1.819e-05
2022-02-14 00:00,8,6.413e-05
2022-02-14 08:00,8,0.0001
2022-02-14 16:00,8,0.0001
2022-02-15 00:00,8,0.0001
2022-02-15 08:00,8,-1.05e-06
2022-02-15 16:00,8,0.0001
2022-02-16 00:00,8,0.0001
2022-02-16 08:00,8,0.0001
2022-02-16 16:00,8,0.0001
2022-02-17 00:00,8,0.0001
2022-02-17 08:00,8,0.0001
2022-02-17 16:00,8,0.0001
2022-02-18 00:00,8,0.0001
2022-02-18 08:00,8,0.0001
2022-02-18 16:00,8,0.0001
2022-02-19 00:00,8,6.444e-05
2022-02-19 08:00,8,0.0001
2022-02-19 16:00,8,0.0001
2022-02-20 00:00,8,-6.99e-06
2022-02-20 08:00,8,8.089e-05
2022-02-20 16:00,8,-7.978e-05
2022-02-21 00:00,8,-5.721e-05
2022-02-21 08:00,8,2.879e-05
2022-02-21 16:00,8,2.436e-05
2022-02-22 00:00,8,-0.00027858
2022-02-22 08:00,8,4.652e-05
2022-02-22 16:00,8,6.429e-05
2022-02-23 00:00,8,-3.636e-05
2022-02-23 08:00,8,-1.227e-05
2022-02-23 16:00,8,-4.836e-05
2022-02-24 00:00,8,-0.00018539
2022-02-24 08:00,8,-0.00018044
2022-02-24 16:00,8,0.0001
2022-02-25 00:00,8,0.0001
2022-02-25 08:00,8,0.0001
2022-02-25 16:00,8,0.0001
2022-02-26 00:00,8,0.0001
2022-02-26 08:00,8,0.0001
2022-02-26 16:00,8,0.0001
2022-02-27 00:00,8,4.599e-05
2022-02-27 08:00,8,0.0001
2022-02-27 16:00,8,0.0001
2022-02-28 00:00,8,-6.633e-05
2022-02-28 08:00,8,-3.018e-05
2022-02-28 16:00,8,0.0001
2022-03-01 00:00,8,0.0001
2022-03-01 08:00,8,0.0001
2022-03-01 16:00,8,0.0001
2022-03-02 00:00,8,0.0001
2022-03-02 08:00,8,0.0001
2022-03-02 16:00,8,7.195e-05
2022-03-03 00:00,8,-9.946e-05
2022-03-03 08:00,8,0.0001
2022-03-03 16:00,8,6.355e-05
2022-03-04 00:00,8,7.447e-05
2022-03-04 08:00,8,0.0001
2022-03-04 16:00,8,-0.00010272
2022-03-05 00:00,8,6.451e-05
2022-03-05 08:00,8,-5.502e-05
2022-03-05 16:00,8,0.0001
2022-03-06 00:00,8,-6.128e-05
2022-03-06 08:00,8,9.94e-05
2022-03-06 16:00,8,-0.00011152
2022-03-07 00:00,8,-7.182e-05
2022-03-07 08:00,8,3.537e-05
2022-03-07 16:00,8,0.0001
2022-03-08 00:00,8,5.103e-05
2022-03-08 08:00,8,0.0001
2022-03-08 16:00,8,4.641e-05
2022-03-09 00:00,8,-6.524e-05
2022-03-09 08:00,8,0.0001
2022-03-09 16:00,8,0.0001
2022-03-10 00:00,8,0.0001
2022-03-10 08:00,8,0.0001
2022-03-10 16:00,8,0.0001
2022-03-11 00:00,8,0.0001
2022-03-11 08:00,8,0.0001
2022-03-11 16:00,8,-1.166e-05
2022-03-12 00:00,8,2.869e-05
2022-03-12 08:00,8,0.0001
2022-03-12 16:00,8,0.0001
2022-03-13 00:00,8,-9.748e-05
2022-03-13 08:00,8,0.0001
2022-03-13 16:00,8,0.0001
2022-03-14 00:00,8,0.0001
2022-03-14 08:00,8,8.663e-05
2022-03-14 16:00,8,0.0001
2022-03-15 00:00,8,0.0001
2022-03-15 08:00,8,5.397e-05
2022-03-15 16:00,8,0.0001
2022-03-16 00:00,8,0.0001
2022-03-16 08:00,8,0.0001
2022-03-16 16:00,8,0.0001
2022-03-17 00:00,8,0.0001
2022-03-17 08:00,8,0.0001
2022-03-17 16:00,8,0.0001
2022-03-18 00:00,8,0.0001
2022-03-18 08:00,8,0.0001
2022-03-18 16:00,8,0.0001
2022-03-19 00:00,8,0.0001
2022-03-19 08:00,8,0.0001
2022-03-19 16:00,8,0.0001
2022-03-20 00:00,8,0.0001
2022-03-20 08:00,8,0.0001
2022-03-20 16:00,8,0.0001
2022-03-21 00:00,8,0.0001
2022-03-21 08:00,8,0.0001
2022-03-21 16:00,8,0.0001
2022-03-22 00:00,8,0.0001
2022-03-22 08:00,8,0.0001
2022-03-22 16:00,8,0.0001
2022-03-23 00:00,8,0.0001
2022-03-23 08:00,8,0.0001
2022-03-23 16:00,8,0.0001
2022-03-24 00:00,8,0.0001
2022-03-24 08:00,8,0.0001
2022-03-24 16:00,8,0.0001
2022-03-25 00:00,8,0.0001
2022-03-25 08:00,8,0.0001
2022-03-25 16:00,8,0.0001
2022-03-26 00:00,8,0.0001
2022-03-26 08:00,8,0.0001
2022-03-26 16:00,8,0.0001
2022-03-27 00:00,8,0.0001
2022-03-27 08:00,8,0.0001
2022-03-27 16:00,8,0.0001
2022-03-28 00:00,8,0.0001
2022-03-28 08:00,8,0.0001
2022-03-28 16:00,8,0.0001
2022-03-29 00:00,8,0.0001
2022-03-29 08:00,8,0.0001
2022-03-29 16:00,8,0.0001
2022-03-30 00:00,8,0.0001
2022-03-30 08:00,8,0.0001
2022-03-30 16:00,8,0.0001
2022-03-31 00:00,8,0.0001
2022-03-31 08:00,8,0.00015148
2022-03-31 16:00,8,0.0001
2022-04-01 00:00,8,0.0001
2022-04-01 08:00,8,0.0001
2022-04-01 16:00,8,0.0001
2022-04-02 00:00,8,0.0001
2022-04-02 08:00,8,0.0001
2022-04-02 16:00,8,0.0001
2022-04-03 00:00,8,0.0001
2022-04-03 08:00,8,0.0001
2022-04-03 16:00,8,0.0001
2022-04-04 00:00,8,0.0001
2022-04-04 08:00,8,0.0001
2022-04-04 16:00,8,0.0001
2022-04-05 00:00,8,0.0001
2022-04-05 08:00,8,0.0001
2022-04-05 16:00,8,0.0001
2022-04-06 00:00,8,0.0001
2022-04-06 08:00,8,0.0001
2022-04-06 16:00,8,0.0001
2022-04-07 00:00,8,0.0001
2022-04-07 08:00,8,0.0001
2022-04-07 16:00,8,0.0001
2022-04-08 00:00,8,0.0001
2022-04-08 08:00,8,0.0001
2022-04-08 16:00,8,0.0001
2022-04-09 00:00,8,0.0001
2022-04-09 08:00,8,0.0001
2022-04-09 16:00,8,0.0001
2022-04-10 00:00,8,0.0001
2022-04-10 08:00,8,0.0001
2022-04-10 16:00,8,0.0001
2022-04-11 00:00,8,0.0001
2022-04-11 08:00,8,0.0001
2022-04-11 16:00,8,0.0001
2022-04-12 00:00,8,0.0001
2022-04-12 08:00,8,0.0001
2022-04-12 16:00,8,-0.00051053
2022-04-13 00:00,8,0.0001
2022-04-13 08:00,8,0.0001
2022-04-13 16:00,8,0.0001
2022-04-14 00:00,8,0.0001
2022-04-14 08:00,8,0.0001
2022-04-14 16:00,8,0.0001
2022-04-15 00:00,8,0.0001
2022-04-15 08:00,8,0.0001
2022-04-15 16:00,8,8.945e-05
2022-04-16 00:00,8,0.0001
2022-04-16 08:00,8,0.0001
2022-04-16 16:00,8,0.0001
2022-04-17 00:00,8,0.0001
2022-04-17 08:00,8,0.0001
2022-04-17 16:00,8,0.0001
2022-04-18 00:00,8,0.0001
2022-04-18 08:00,8,0.0001
2022-04-18 16:00,8,6.294e-05
2022-04-19 00:00,8,0.0001
2022-04-19 08:00,8,0.0001
2022-04-19 16:00,8,0.0001
2022-04-20 00:00,8,0.0001
2022-04-20 08:00,8,0.0001
2022-04-20 16:00,8,0.0001
2022-04-21 00:00,8,0.0001
2022-04-21 08:00,8,0.0001
2022-04-21 16:00,8,0.0001
2022-04-22 00:00,8,0.0001
2022-04-22 08:00,8,0.0001
2022-04-22 16:00,8,0.0001
2022-04-23 00:00,8,0.0001
2022-04-23 08:00,8,0.0001
2022-04-23 16:00,8,0.0001
2022-04-24 00:00,8,2.292e-05
2022-04-24 08:00,8,0.0001
2022-04-24 16:00,8,0.0001
2022-04-25 00:00,8,0.0001
2022-04-25 08:00,8,9.364e-05
2022-04-25 16:00,8,0.0001
2022-04-26 00:00,8,0.0001
2022-04-26 08:00,8,0.0001
2022-04-26 16:00,8,-5.756e-05
2022-04-27 00:00,8,-1.465e-05
2022-04-27 08:00,8,0.00015367
2022-04-27 16:00,8,0.0001
2022-04-28 00:00,8,-7.09e-06
2022-04-28 08:00,8,0.0001
2022-04-28 16:00,8,0.0001
2022-04-29 00:00,8,0.0001
2022-04-29 08:00,8,0.0001
2022-04-29 16:00,8,0.0001
2022-04-30 00:00,8,-3.361e-05
2022-04-30 08:00,8,0.0001
2022-04-30 16:00,8,1.804e-05
2022-05-01 00:00,8,0.0001
2022-05-01 08:00,8,9.414e-05
2022-05-01 16:00,8,7.95e-05
2022-05-02 00:00,8,0.0001
2022-05-02 08:00,8,5.33e-06
2022-05-02 16:00,8,-0.00010851
2022-05-03 00:00,8,2.01e-06
2022-05-03 08:00,8,0.0001
2022-05-03 16:00,8,0.0001
2022-05-04 00:00,8,1.151e-05
2022-05-04 08:00,8,0.0001
2022-05-04 16:00,8,0.0001
2022-05-05 00:00,8,0.0001
2022-05-05 08:00,8,0.0001
2022-05-05 16:00,8,1.422e-05
2022-05-06 00:00,8,0.0001
2022-05-06 08:00,8,-0.00011739
2022-05-06 16:00,8,8.06e-06
2022-05-07 00:00,8,4.3e-07
2022-05-07 08:00,8,-0.00012014
2022-05-07 16:00,8,-5.127e-05
2022-05-08 00:00,8,-0.00013218
2022-05-08 08:00,8,0.0001
2022-05-08 16:00,8,-0.00013554
2022-05-09 00:00,8,-3.117e-05
2022-05-09 08:00,8,-8.533e-05
2022-05-09 16:00,8,7.813e-05
2022-05-10 00:00,8,-0.00051237
2022-05-10 08:00,8,4.096e-05
2022-05-10 16:00,8,1.877e-05
2022-05-11 00:00,8,2.937e-05
2022-05-11 08:00,8,-1.574e-05
2022-05-11 16:00,8,3.25e-05
2022-05-12 00:00,8,-0.0001909
2022-05-12 08:00,8,-0.00041946
2022-05-12 16:00,8,-0.0001935
2022-05-13 00:00,8,-0.00042916
2022-05-13 08:00,8,1.024e-05
2022-05-13 16:00,8,0.0001
2022-05-14 00:00,8,-0.00031063
2022-05-14 08:00,8,-0.00028358
2022-05-14 16:00,8,-0.00121143
2022-05-15 00:00,8,0.0001
2022-05-15 08:00,8,0.0001
2022-05-15 16:00,8,-0.00030781
2022-05-16 00:00,8,-0.00022271
2022-05-16 08:00,8,-0.00019677
2022-05-16 16:00,8,-0.00029635
2022-05-17 00:00,8,-0.00068322
2022-05-17 08:00,8,-8.926e-05
2022-05-17 16:00,8,-0.00018789
2022-05-18 00:00,8,4.738e-05
2022-05-18 08:00,8,-5.75e-06
2022-05-18 16:00,8,-0.00049219
2022-05-19 00:00,8,-0.00042012
2022-05-19 08:00,8,-0.00034363
2022-05-19 16:00,8,-0.0003347
2022-05-20 00:00,8,-7.301e-05
2022-05-20 08:00,8,-3.876e-05
2022-05-20 16:00,8,-5.823e-05
2022-05-21 00:00,8,-0.0001296
2022-05-21 08:00,8,-0.0003353
2022-05-21 16:00,8,-0.0003679
2022-05-22 00:00,8,4.757e-05
2022-05-22 08:00,8,-6.69e-06
2022-05-22 16:00,8,0.0001
2022-05-23 00:00,8,-8.674e-05
2022-05-23 08:00,8,3.896e-05
2022-05-23 16:00,8,-2.15e-06
2022-05-24 00:00,8,8.376e-05
2022-05-24 08:00,8,2.734e-05
2022-05-24 16:00,8,-4.641e-05
2022-05-25 00:00,8,-9.231e-05
2022-05-25 08:00,8,-0.00046144
2022-05-25 16:00,8,2.697e-05
2022-05-26 00:00,8,-0.00011534
2022-05-26 08:00,8,-1.2e-06
2022-05-26 16:00,8,-0.00027109
2022-05-27 00:00,8,-0.0001952
2022-05-27 08:00,8,-0.00044934
2022-05-27 16:00,8,-0.00031939
2022-05-28 00:00,8,-0.00063088
2022-05-28 08:00,8,-0.00024594
2022-05-28 16:00,8,-0.00024095
2022-05-29 00:00,8,-0.00030002
2022-05-29 08:00,8,-0.00029001
2022-05-29 16:00,8,-7.494e-05
2022-05-30 00:00,8,-0.0001886
2022-05-30 08:00,8,3.556e-05
2022-05-30 16:00,8,0.0001
2022-05-31 00:00,8,0.0001
2022-05-31 08:00,8,0.0001
2022-05-31 16:00,8,5.992e-05
2022-06-01 00:00,8,8.846e-05
2022-06-01 08:00,8,0.0001
2022-06-01 16:00,8,0.0001
2022-06-02 00:00,8,-0.00034747
2022-06-02 08:00,8,-0.00017522
2022-06-02 16:00,8,-4.039e-05
2022-06-03 00:00,8,-8.877e-05
2022-06-03 08:00,8,-0.00010474
2022-06-03 16:00,8,-0.00018481
2022-06-04 00:00,8,2.103e-05
2022-06-04 08:00,8,1.773e-05
2022-06-04 16:00,8,-0.00013487
2022-06-05 00:00,8,0.0001
2022-06-05 08:00,8,-0.00013195
2022-06-05 16:00,8,5.534e-05
2022-06-06 00:00,8,2.582e-05
2022-06-06 08:00,8,0.0001
2022-06-06 16:00,8,0.0001
2022-06-07 00:00,8,0.0001
2022-06-07 08:00,8,-3.657e-05
2022-06-07 16:00,8,4.6e-06
2022-06-08 00:00,8,3e-07
2022-06-08 08:00,8,0.0001
2022-06-08 16:00,8,0.0001
2022-06-09 00:00,8,0.0001
2022-06-09 08:00,8,0.0001
2022-06-09 16:00,8,0.0001
2022-06-10 00:00,8,0.0001
2022-06-10 08:00,8,4.417e-05
2022-06-10 16:00,8,-0.00012836
2022-06-11 00:00,8,-1.988e-05
2022-06-11 08:00,8,2.762e-05
2022-06-11 16:00,8,-0.00028243
2022-06-12 00:00,8,-0.00016476
2022-06-12 08:00,8,-0.00033238
2022-06-12 16:00,8,-0.0002049
2022-06-13 00:00,8,-0.00238571
2022-06-13 08:00,8,-0.00013002
2022-06-13 16:00,8,-0.00038904
2022-06-14 00:00,8,-0.0001871
2022-06-14 08:00,8,-0.00027006
2022-06-14 16:00,8,7.574e-05
2022-06-15 00:00,8,-1.327e-05
2022-06-15 08:00,8,-0.0003195
2022-06-15 16:00,8,-0.00019104
2022-06-16 00:00,8,5.527e-05
2022-06-16 08:00,8,0.0001
2022-06-16 16:00,8,-0.00024308
2022-06-17 00:00,8,-0.00013672
2022-06-17 08:00,8,-2.759e-05
2022-06-17 16:00,8,0.0001
2022-06-18 00:00,8,0.0001
2022-06-18 08:00,8,3.5e-05
2022-06-18 16:00,8,-0.00029336
2022-06-19 00:00,8,5.899e-05
2022-06-19 08:00,8,4.903e-05
2022-06-19 16:00,8,0.0001
2022-06-20 00:00,8,0.0001
2022-06-20 08:00,8,0.0001
2022-06-20 16:00,8,0.0001
2022-06-21 00:00,8,0.0001
2022-06-21 08:00,8,0.0001
2022-06-21 16:00,8,0.0001
2022-06-22 00:00,8,0.0001
2022-06-22 08:00,8,0.0001
2022-06-22 16:00,8,-5.86e-06
2022-06-23 00:00,8,5.167e-05
2022-06-23 08:00,8,0.0001
2022-06-23 16:00,8,0.0001
2022-06-24 00:00,8,0.0001
2022-06-24 08:00,8,0.0001
2022-06-24 16:00,8,0.0001
2022-06-25 00:00,8,0.0001
2022-06-25 08:00,8,0.0001
2022-06-25 16:00,8,0.0001
2022-06-26 00:00,8,0.0001
2022-06-26 08:00,8,0.0001
2022-06-26 16:00,8,0.0001
2022-06-27 00:00,8,0.0001
2022-06-27 08:00,8,9.239e-05
2022-06-27 16:00,8,0.0001
2022-06-28 00:00,8,6.419e-05
2022-06-28 08:00,8,0.0001
2022-06-28 16:00,8,-3.032e-05
2022-06-29 00:00,8,-9.923e-05
2022-06-29 08:00,8,-0.00012121
2022-06-29 16:00,8,0.0001
2022-06-30 00:00,8,0.0001
2022-06-30 08:00,8,8.537e-05
2022-06-30 16:00,8,4.048e-05
2022-07-01 00:00,8,-3.96e-06
2022-07-01 08:00,8,6.417e-05
2022-07-01 16:00,8,9.529e-05
2022-07-02 00:00,8,5.576e-05
2022-07-02 08:00,8,-2.877e-05
2022-07-02 16:00,8,-3.877e-05
2022-07-03 00:00,8,7.722e-05
2022-07-03 08:00,8,-5.827e-05
2022-07-03 16:00,8,5.702e-05
2022-07-04 00:00,8,-0.00013173
2022-07-04 08:00,8,0.0001
2022-07-04 16:00,8,0.0001
2022-07-05 00:00,8,0.0001
2022-07-05 08:00,8,0.0001
2022-07-05 16:00,8,0.0001
2022-07-06 00:00,8,0.0001
2022-07-06 08:00,8,5.881e-05
2022-07-06 16:00,8,0.0001
2022-07-07 00:00,8,0.0001
2022-07-07 08:00,8,0.0001
2022-07-07 16:00,8,7.277e-05
2022-07-08 00:00,8,0.0001
2022-07-08 08:00,8,0.0001
2022-07-08 16:00,8,0.0001
2022-07-09 00:00,8,0.0001
2022-07-09 08:00,8,0.0001
2022-07-09 16:00,8,0.0001
2022-07-10 00:00,8,0.0001
2022-07-10 08:00,8,0.0001
2022-07-10 16:00,8,0.0001
2022-07-11 00:00,8,0.0001
2022-07-11 08:00,8,0.0001
2022-07-11 16:00,8,0.0001
2022-07-12 00:00,8,0.0001
2022-07-12 08:00,8,0.0001
2022-07-12 16:00,8,-0.00013659
2022-07-13 00:00,8,-0.00016988
2022-07-13 08:00,8,7.585e-05
2022-07-13 16:00,8,-0.00020123
2022-07-14 00:00,8,-0.00026005
2022-07-14 08:00,8,2.62e-06
2022-07-14 16:00,8,-7.47e-05
2022-07-15 00:00,8,0.0001
2022-07-15 08:00,8,-7.053e-05
2022-07-15 16:00,8,9.786e-05
2022-07-16 00:00,8,0.0001
2022-07-16 08:00,8,9.739e-05
2022-07-16 16:00,8,-0.0003309
2022-07-17 00:00,8,0.0001
2022-07-17 08:00,8,0.0001
2022-07-17 16:00,8,-0.00019345
2022-07-18 00:00,8,0.0001
2022-07-18 08:00,8,0.0001
2022-07-18 16:00,8,0.0001
2022-07-19 00:00,8,0.0001
2022-07-19 08:00,8,0.0001
2022-07-19 16:00,8,0.0001
2022-07-20 00:00,8,0.0001
2022-07-20 08:00,8,0.0001
2022-07-20 16:00,8,0.0001
2022-07-21 00:00,8,0.0001
2022-07-21 08:00,8,0.0001
2022-07-21 16:00,8,0.0001
2022-07-22 00:00,8,0.0001
2022-07-22 08:00,8,0.0001
2022-07-22 16:00,8,0.0001
2022-07-23 00:00,8,9.597e-05
2022-07-23 08:00,8,0.0001
2022-07-23 16:00,8,-0.00030571
2022-07-24 00:00,8,9.355e-05
2022-07-24 08:00,8,0.0001
2022-07-24 16:00,8,-8.701e-05
2022-07-25 00:00,8,-0.00020664
2022-07-25 08:00,8,-0.00022337
2022-07-25 16:00,8,-0.00016398
2022-07-26 00:00,8,-0.00013096
2022-07-26 08:00,8,-0.00018287
2022-07-26 16:00,8,0.0001
2022-07-27 00:00,8,0.0001
2022-07-27 08:00,8,-6.704e-05
2022-07-27 16:00,8,0.0001
2022-07-28 00:00,8,0.0001
2022-07-28 08:00,8,0.0001
2022-07-28 16:00,8,0.0001
2022-07-29 00:00,8,0.0001
2022-07-29 08:00,8,0.0001
2022-07-29 16:00,8,0.0001
2022-07-30 00:00,8,0.0001
2022-07-30 08:00,8,0.0001
2022-07-30 16:00,8,0.0001
2022-07-31 00:00,8,0.0001
2022-07-31 08:00,8,0.0001
2022-07-31 16:00,8,0.0001
2022-08-01 00:00,8,0.0001
2022-08-01 08:00,8,0.0001
2022-08-01 16:00,8,0.0001
2022-08-02 00:00,8,0.0001
2022-08-02 08:00,8,0.0001
2022-08-02 16:00,8,0.0001
2022-08-03 00:00,8,0.0001
2022-08-03 08:00,8,0.0001
2022-08-03 16:00,8,0.0001
2022-08-04 00:00,8,0.0001
2022-08-04 08:00,8,0.0001
2022-08-04 16:00,8,0.0001
2022-08-05 00:00,8,0.0001
2022-08-05 08:00,8,0.0001
2022-08-05 16:00,8,0.0001
2022-08-06 00:00,8,0.0001
2022-08-06 08:00,8,0.0001
2022-08-06 16:00,8,0.0001
2022-08-07 00:00,8,0.0001
2022-08-07 08:00,8,0.0001
2022-08-07 16:00,8,0.0001
2022-08-08 00:00,8,0.0001
2022-08-08 08:00,8,0.0001
2022-08-08 16:00,8,0.0001
2022-08-09 00:00,8,0.0001
2022-08-09 08:00,8,0.0001
2022-08-09 16:00,8,0.0001
2022-08-10 00:00,8,0.0001
2022-08-10 08:00,8,0.0001
2022-08-10 16:00,8,0.0001
2022-08-11 00:00,8,0.0001
2022-08-11 08:00,8,0.0001
2022-08-11 16:00,8,0.0001
2022-08-12 00:00,8,0.0001
2022-08-12 08:00,8,0.0001
2022-08-12 16:00,8,0.0001
2022-08-13 00:00,8,0.0001
2022-08-13 08:00,8,0.0001
2022-08-13 16:00,8,0.0001
2022-08-14 00:00,8,0.0001
2022-08-14 08:00,8,0.0001
2022-08-14 16:00,8,0.0001
2022-08-15 00:00,8,0.0001
2022-08-15 08:00,8,0.0001
2022-08-15 16:00,8,0.0001
2022-08-16 00:00,8,0.0001
2022-08-16 08:00,8,0.0001
2022-08-16 16:00,8,0.0001
2022-08-17 00:00,8,0.0001
2022-08-17 08:00,8,0.0001
2022-08-17 16:00,8,0.0001
2022-08-18 00:00,8,0.0001
2022-08-18 08:00,8,0.0001
2022-08-18 16:00,8,0.0001
2022-08-19 00:00,8,0.0001
2022-08-19 08:00,8,3.141e-05
2022-08-19 16:00,8,0.0001
2022-08-20 00:00,8,3.164e-05
2022-08-20 08:00,8,-1.539e-05
2022-08-20 16:00,8,1.351e-05
2022-08-21 00:00,8,0.0001
2022-08-21 08:00,8,-6.488e-05
2022-08-21 16:00,8,-2.976e-05
2022-08-22 00:00,8,-0.00036148
2022-08-22 08:00,8,0.0001
2022-08-22 16:00,8,0.0001
2022-08-23 00:00,8,0.0001
2022-08-23 08:00,8,7.361e-05
2022-08-23 16:00,8,0.0001
2022-08-24 00:00,8,0.0001
2022-08-24 08:00,8,0.0001
2022-08-24 16:00,8,0.0001
2022-08-25 00:00,8,0.0001
2022-08-25 08:00,8,0.0001
2022-08-25 16:00,8,0.0001
2022-08-26 00:00,8,0.0001
2022-08-26 08:00,8,0.0001
2022-08-26 16:00,8,0.0001
2022-08-27 00:00,8,0.0001
2022-08-27 08:00,8,0.0001
2022-08-27 16:00,8,0.0001
2022-08-28 00:00,8,0.0001
2022-08-28 08:00,8,4.298e-05
2022-08-28 16:00,8,8.199e-05
2022-08-29 00:00,8,-0.00022869
2022-08-29 08:00,8,4.246e-05
2022-08-29 16:00,8,7.502e-05
2022-08-30 00:00,8,0.0001
2022-08-30 08:00,8,0.0001
2022-08-30 16:00,8,9.113e-05
2022-08-31 00:00,8,0.0001
2022-08-31 08:00,8,-6.654e-05
2022-08-31 16:00,8,0.0001
2022-09-01 00:00,8,0.0001
2022-09-01 08:00,8,0.0001
2022-09-01 16:00,8,-3.342e-05
2022-09-02 00:00,8,0.0001
2022-09-02 08:00,8,0.0001
2022-09-02 16:00,8,8.866e-05
2022-09-03 00:00,8,1.814e-05
2022-09-03 08:00,8,-6.778e-05
2022-09-03 16:00,8,0.0001
2022-09-04 00:00,8,0.0001
2022-09-04 08:00,8,0.0001
2022-09-04 16:00,8,0.0001
2022-09-05 00:00,8,0.0001
2022-09-05 08:00,8,0.0001
2022-09-05 16:00,8,0.0001
2022-09-06 00:00,8,0.0001
2022-09-06 08:00,8,0.0001
2022-09-06 16:00,8,0.0001
2022-09-07 00:00,8,-0.0006502
2022-09-07 08:00,8,-3.62e-06
2022-09-07 16:00,8,-0.00030798
2022-09-08 00:00,8,0.0001
2022-09-08 08:00,8,0.0001
2022-09-08 16:00,8,1.765e-05
2022-09-09 00:00,8,0.0001
2022-09-09 08:00,8,0.0001
2022-09-09 16:00,8,0.0001
2022-09-10 00:00,8,0.0001
2022-09-10 08:00,8,0.0001
2022-09-10 16:00,8,0.0001
2022-09-11 00:00,8,-1.031e-05
2022-09-11 08:00,8,0.0001
2022-09-11 16:00,8,0.0001
2022-09-12 00:00,8,0.0001
2022-09-12 08:00,8,0.0001
2022-09-12 16:00,8,0.0001
2022-09-13 00:00,8,-7.607e-05
2022-09-13 08:00,8,0.0001
2022-09-13 16:00,8,5.303e-05
2022-09-14 00:00,8,5.168e-05
2022-09-14 08:00,8,-0.00031133
2022-09-14 16:00,8,-7.493e-05
2022-09-15 00:00,8,9.276e-05
2022-09-15 08:00,8,-0.00010663
2022-09-15 16:00,8,-0.00044052
2022-09-16 00:00,8,-0.00019823
2022-09-16 08:00,8,0.0001
2022-09-16 16:00,8,0.0001
2022-09-17 00:00,8,8.419e-05
2022-09-17 08:00,8,0.0001
2022-09-17 16:00,8,0.0001
2022-09-18 00:00,8,7.3e-07
2022-09-18 08:00,8,0.0001
2022-09-18 16:00,8,-0.00017742
2022-09-19 00:00,8,-0.00025666
2022-09-19 08:00,8,4.312e-05
2022-09-19 16:00,8,-0.00015905
2022-09-20 00:00,8,-0.00040551
2022-09-20 08:00,8,0.0001
2022-09-20 16:00,8,-0.00018978
2022-09-21 00:00,8,0.0001
2022-09-21 08:00,8,6.525e-05
2022-09-21 16:00,8,7.328e-05
2022-09-22 00:00,8,-4.173e-05
2022-09-22 08:00,8,0.0001
2022-09-22 16:00,8,8.044e-05
2022-09-23 00:00,8,5.663e-05
2022-09-23 08:00,8,0.0001
2022-09-23 16:00,8,4.254e-05
2022-09-24 00:00,8,0.0001
2022-09-24 08:00,8,0.0001
2022-09-24 16:00,8,0.0001
2022-09-25 00:00,8,9.691e-05
2022-09-25 08:00,8,0.0001
2022-09-25 16:00,8,2.837e-05
2022-09-26 00:00,8,-2.578e-05
2022-09-26 08:00,8,0.0001
2022-09-26 16:00,8,2.294e-05
2022-09-27 00:00,8,-7.74e-06
2022-09-27 08:00,8,0.0001
2022-09-27 16:00,8,0.0001
2022-09-28 00:00,8,-5.497e-05
2022-09-28 08:00,8,1.65e-05
2022-09-28 16:00,8,-4.84e-05
2022-09-29 00:00,8,0.0001
2022-09-29 08:00,8,0.0001
2022-09-29 16:00,8,4.195e-05
2022-09-30 00:00,8,0.0001
2022-09-30 08:00,8,0.0001
2022-09-30 16:00,8,0.0001
2022-10-01 00:00,8,0.0001
2022-10-01 08:00,8,0.0001
2022-10-01 16:00,8,0.0001
2022-10-02 00:00,8,-0.00044448
2022-10-02 08:00,8,0.0001
2022-10-02 16:00,8,5.86e-05
2022-10-03 00:00,8,2.856e-05
2022-10-03 08:00,8,0.0001
2022-10-03 16:00,8,0.0001
2022-10-04 00:00,8,0.0001
2022-10-04 08:00,8,0.0001
2022-10-04 16:00,8,0.0001
2022-10-05 00:00,8,0.0001
2022-10-05 08:00,8,0.0001
2022-10-05 16:00,8,0.0001
2022-10-06 00:00,8,0.0001
2022-10-06 08:00,8,0.0001
2022-10-06 16:00,8,0.0001
2022-10-07 00:00,8,7.221e-05
2022-10-07 08:00,8,0.0001
2022-10-07 16:00,8,0.0001
2022-10-08 00:00,8,-2.35e-06
2022-10-08 08:00,8,0.0001
2022-10-08 16:00,8,0.0001
2022-10-09 00:00,8,0.0001
2022-10-09 08:00,8,0.0001
2022-10-09 16:00,8,0.0001
2022-10-10 00:00,8,0.0001
2022-10-10 08:00,8,0.0001
2022-10-10 16:00,8,0.0001
2022-10-11 00:00,8,0.0001
2022-10-11 08:00,8,0.0001
2022-10-11 16:00,8,0.0001
2022-10-12 00:00,8,0.0001
2022-10-12 08:00,8,0.0001
2022-10-12 16:00,8,0.0001
2022-10-13 00:00,8,0.0001
2022-10-13 08:00,8,3.529e-05
2022-10-13 16:00,8,0.0001
2022-10-14 00:00,8,0.0001
2022-10-14 08:00,8,0.0001
2022-10-14 16:00,8,0.0001
2022-10-15 00:00,8,0.0001
2022-10-15 08:00,8,0.0001
2022-10-15 16:00,8,-0.00043851
2022-10-16 00:00,8,0.0001
2022-10-16 08:00,8,-0.00013772
2022-10-16 16:00,8,0.0001
2022-10-17 00:00,8,0.0001
2022-10-17 08:00,8,3.21e-05
2022-10-17 16:00,8,0.0001
2022-10-18 00:00,8,0.0001
2022-10-18 08:00,8,0.0001
2022-10-18 16:00,8,0.0001
2022-10-19 00:00,8,0.0001
2022-10-19 08:00,8,-0.00025187
2022-10-19 16:00,8,0.0001
2022-10-20 00:00,8,0.0001
2022-10-20 08:00,8,0.0001
2022-10-20 16:00,8,0.0001
2022-10-21 00:00,8,0.0001
2022-10-21 08:00,8,0.0001
2022-10-21 16:00,8,0.0001
2022-10-22 00:00,8,0.0001
2022-10-22 08:00,8,0.0001
2022-10-22 16:00,8,0.0001
2022-10-23 00:00,8,0.0001
2022-10-23 08:00,8,0.0001
2022-10-23 16:00,8,0.0001
2022-10-24 00:00,8,0.0001
2022-10-24 08:00,8,0.0001
2022-10-24 16:00,8,0.0001
2022-10-25 00:00,8,0.0001
2022-10-25 08:00,8,0.0001
2022-10-25 16:00,8,0.0001
2022-10-26 00:00,8,0.0001
2022-10-26 08:00,8,0.0001
2022-10-26 16:00,8,5.493e-05
2022-10-27 00:00,8,0.0001
2022-10-27 08:00,8,-0.00012411
2022-10-27 16:00,8,5.091e-05
2022-10-28 00:00,8,5.794e-05
2022-10-28 08:00,8,-0.00019054
2022-10-28 16:00,8,-0.00116744
2022-10-29 00:00,8,-0.00080777
2022-10-29 08:00,8,-0.0075
2022-10-29 16:00,8,-0.00593924
2022-10-30 00:00,8,-6.15e-05
2022-10-30 08:00,8,-0.00093698
2022-10-30 16:00,8,-0.00024042
2022-10-31 00:00,8,-4.257e-05
2022-10-31 08:00,8,0.0001
2022-10-31 16:00,8,2.414e-05
2022-11-01 00:00,8,0.0001
2022-11-01 08:00,8,-0.00043992
2022-11-01 16:00,8,4.04e-05
2022-11-02 00:00,8,-8.804e-05
2022-11-02 08:00,8,-0.0040406
2022-11-02 16:00,8,-0.00480576
2022-11-03 00:00,8,-0.00384713
2022-11-03 08:00,8,-0.0075
2022-11-03 16:00,8,-0.0075
2022-11-04 00:00,8,-0.00738155
2022-11-04 08:00,8,-0.00215036
2022-11-04 16:00,8,-5.313e-05
2022-11-05 00:00,8,6.453e-05
2022-11-05 08:00,8,-0.00074347
2022-11-05 16:00,8,-0.00196396
2022-11-06 00:00,8,-0.00202605
2022-11-06 08:00,8,-0.00240996
2022-11-06 16:00,8,-0.001368
2022-11-07 00:00,8,-0.00066478
2022-11-07 08:00,8,-0.00104821
2022-11-07 16:00,8,-0.00062863
2022-11-08 00:00,8,-0.00012918
2022-11-08 08:00,8,0.0001
2022-11-08 16:00,8,8.011e-05
2022-11-09 00:00,8,-0.00032457
2022-11-09 08:00,8,-0.00038368
2022-11-09 16:00,8,-0.00037162
2022-11-10 00:00,8,-0.00097295
2022-11-10 08:00,8,-0.000506
2022-11-10 16:00,8,-0.00164587
2022-11-11 00:00,8,-0.00295153
2022-11-11 08:00,8,-0.00224323
2022-11-11 16:00,8,-0.00199498
2022-11-12 00:00,8,-0.00184359
2022-11-12 08:00,8,-0.00105476
2022-11-12 16:00,8,-0.00013157
2022-11-13 00:00,8,-0.00016025
2022-11-13 08:00,8,-0.00035723
2022-11-13 16:00,8,-0.00027105
2022-11-14 00:00,8,-1.802e-05
2022-11-14 08:00,8,-0.00034691
2022-11-14 16:00,8,5.724e-05
2022-11-15 00:00,8,0.0001
2022-11-15 08:00,8,-3.99e-05
2022-11-15 16:00,8,8.582e-05
2022-11-16 00:00,8,-0.00010027
2022-11-16 08:00,8,0.0001
2022-11-16 16:00,8,0.0001
2022-11-17 00:00,8,7.473e-05
2022-11-17 08:00,8,-5.165e-05
2022-11-17 16:00,8,-0.00012311
2022-11-18 00:00,8,-0.0003764
2022-11-18 08:00,8,-9.623e-05
2022-11-18 16:00,8,-0.00014738
2022-11-19 00:00,8,-0.00036815
2022-11-19 08:00,8,-5.956e-05
2022-11-19 16:00,8,4.252e-05
2022-11-20 00:00,8,-8.994e-05
2022-11-20 08:00,8,-0.00016617
2022-11-20 16:00,8,-4.282e-05
2022-11-21 00:00,8,-0.00033763
2022-11-21 08:00,8,-3.906e-05
2022-11-21 16:00,8,-0.00017591
2022-11-22 00:00,8,-2.162e-05
2022-11-22 08:00,8,-0.00019191
2022-11-22 16:00,8,0.0001
2022-11-23 00:00,8,0.0001
2022-11-23 08:00,8,4.791e-05
2022-11-23 16:00,8,-7.085e-05
2022-11-24 00:00,8,-0.00016168
2022-11-24 08:00,8,-8.3e-05
2022-11-24 16:00,8,5.56e-06
2022-11-25 00:00,8,-1.721e-05
2022-11-25 08:00,8,-7.799e-05
2022-11-25 16:00,8,2.582e-05
2022-11-26 00:00,8,1.589e-05
2022-11-26 08:00,8,-1.691e-05
2022-11-26 16:00,8,2.561e-05
2022-11-27 00:00,8,2.652e-05
2022-11-27 08:00,8,-0.00022883
2022-11-27 16:00,8,4.037e-05
2022-11-28 00:00,8,8.509e-05
2022-11-28 08:00,8,-4.532e-05
2022-11-28 16:00,8,-0.00011156
2022-11-29 00:00,8,3.092e-05
2022-11-29 08:00,8,-5.475e-05
2022-11-29 16:00,8,0.0001
2022-11-30 00:00,8,4.302e-05
2022-11-30 08:00,8,-0.00026748
2022-11-30 16:00,8,2.238e-05
2022-12-01 00:00,8,-0.00039019
2022-12-01 08:00,8,-0.00060815
2022-12-01 16:00,8,-0.00048317
2022-12-02 00:00,8,-0.00010984
2022-12-02 08:00,8,7.709e-05
2022-12-02 16:00,8,-7.721e-05
2022-12-03 00:00,8,0.0001
2022-12-03 08:00,8,-2.775e-05
2022-12-03 16:00,8,-2.123e-05
2022-12-04 00:00,8,0.0001
2022-12-04 08:00,8,-7.97e-06
2022-12-04 16:00,8,3.642e-05
2022-12-05 00:00,8,-6.294e-05
2022-12-05 08:00,8,8.993e-05
2022-12-05 16:00,8,0.0001
2022-12-06 00:00,8,-0.00012329
2022-12-06 08:00,8,-0.00014264
2022-12-06 16:00,8,0.0001
2022-12-07 00:00,8,-8.7e-05
2022-12-07 08:00,8,7.449e-05
2022-12-07 16:00,8,2.193e-05
2022-12-08 00:00,8,0.0001
2022-12-08 08:00,8,-0.00012108
2022-12-08 16:00,8,-5.462e-05
2022-12-09 00:00,8,-4.297e-05
2022-12-09 08:00,8,-9.888e-05
2022-12-09 16:00,8,-6.978e-05
2022-12-10 00:00,8,-0.00013516
2022-12-10 08:00,8,-5.854e-05
2022-12-10 16:00,8,-9.702e-05
2022-12-11 00:00,8,-1.066e-05
2022-12-11 08:00,8,0.0001
2022-12-11 16:00,8,7.322e-05
2022-12-12 00:00,8,6.24e-06
2022-12-12 08:00,8,0.0001
2022-12-12 16:00,8,9.825e-05
2022-12-13 00:00,8,0.0001
2022-12-13 08:00,8,-9.492e-05
2022-12-13 16:00,8,1.531e-05
2022-12-14 00:00,8,0.0001
2022-12-14 08:00,8,0.0001
2022-12-14 16:00,8,0.0001
2022-12-15 00:00,8,0.0001
2022-12-15 08:00,8,0.0001
2022-12-15 16:00,8,4.811e-05
2022-12-16 00:00,8,-1.2e-06
2022-12-16 08:00,8,-3.218e-05
2022-12-16 16:00,8,-1.345e-05
2022-12-17 00:00,8,-0.00016855
2022-12-17 08:00,8,-0.00031815
2022-12-17 16:00,8,-0.00020534
2022-12-18 00:00,8,-0.00030756
2022-12-18 08:00,8,-0.00031766
2022-12-18 16:00,8,-0.00039318
2022-12-19 00:00,8,-0.00040411
2022-12-19 08:00,8,-0.00014524
2022-12-19 16:00,8,-8.757e-05
2022-12-20 00:00,8,-0.0003318
2022-12-20 08:00,8,-0.00032792
2022-12-20 16:00,8,-0.00021884
2022-12-21 00:00,8,-4.2e-06
2022-12-21 08:00,8,-0.0002714
2022-12-21 16:00,8,-0.00026287
2022-12-22 00:00,8,-0.00031604
2022-12-22 08:00,8,-0.00020628
2022-12-22 16:00,8,-0.00017964
2022-12-23 00:00,8,-0.00043155
2022-12-23 08:00,8,-2.89e-05
2022-12-23 16:00,8,-1.56e-06
2022-12-24 00:00,8,4.866e-05
2022-12-24 08:00,8,-3.303e-05
2022-12-24 16:00,8,-6.274e-05
2022-12-25 00:00,8,-5.368e-05
2022-12-25 08:00,8,-6.694e-05
2022-12-25 16:00,8,3.644e-05
2022-12-26 00:00,8,-7.893e-05
2022-12-26 08:00,8,-0.00030214
2022-12-26 16:00,8,-8.325e-05
2022-12-27 00:00,8,2.757e-05
2022-12-27 08:00,8,-5.973e-05
2022-12-27 16:00,8,9.421e-05
2022-12-28 00:00,8,8.248e-05
2022-12-28 08:00,8,-0.00013965
2022-12-28 16:00,8,-0.00043287
2022-12-29 00:00,8,-8.903e-05
2022-12-29 08:00,8,-0.0002474
2022-12-29 16:00,8,2.6e-06
2022-12-30 00:00,8,-0.00025198
2022-12-30 08:00,8,-0.00023059
2022-12-30 16:00,8,-0.00035668
2022-12-31 00:00,8,-0.00019063
2022-12-31 08:00,8,1.151e-05
2022-12-31 16:00,8,-9.173e-05
2023-01-01 00:00,8,9.196e-05
2023-01-01 08:00,8,-4.426e-05
2023-01-01 16:00,8,1.585e-05
2023-01-02 00:00,8,0.0001
2023-01-02 08:00,8,-7.295e-05
2023-01-02 16:00,8,0.0001
2023-01-03 00:00,8,0.0001
2023-01-03 08:00,8,-4.861e-05
2023-01-03 16:00,8,8.723e-05
2023-01-04 00:00,8,0.0001
2023-01-04 08:00,8,6.024e-05
2023-01-04 16:00,8,0.0001
2023-01-05 00:00,8,-5.945e-05
2023-01-05 08:00,8,0.0001
2023-01-05 16:00,8,0.0001
2023-01-06 00:00,8,0.0001
2023-01-06 08:00,8,0.0001
2023-01-06 16:00,8,4.264e-05
2023-01-07 00:00,8,0.0001
2023-01-07 08:00,8,0.0001
2023-01-07 16:00,8,0.0001
2023-01-08 00:00,8,0.0001
2023-01-08 08:00,8,8.36e-05
2023-01-08 16:00,8,0.0001
2023-01-09 00:00,8,0.0001
2023-01-09 08:00,8,0.0001
2023-01-09 16:00,8,0.0001
2023-01-10 00:00,8,0.0001
2023-01-10 08:00,8,0.0001
2023-01-10 16:00,8,0.0001
2023-01-11 00:00,8,0.0001
2023-01-11 08:00,8,0.0001
2023-01-11 16:00,8,0.0001
2023-01-12 00:00,8,0.0001
2023-01-12 08:00,8,0.0001
2023-01-12 16:00,8,0.0001
2023-01-13 00:00,8,0.0001
2023-01-13 08:00,8,0.0001
2023-01-13 16:00,8,0.0001
2023-01-14 00:00,8,0.0001
2023-01-14 08:00,8,0.00041679
2023-01-14 16:00,8,0.0001
2023-01-15 00:00,8,0.00015509
2023-01-15 08:00,8,0.00033151
2023-01-15 16:00,8,0.0001792
2023-01-16 00:00,8,0.00024321
2023-01-16 08:00,8,0.00036788
2023-01-16 16:00,8,0.0001
2023-01-17 00:00,8,0.0001
2023-01-17 08:00,8,0.0001
2023-01-17 16:00,8,0.0001
2023-01-18 00:00,8,0.0001
2023-01-18 08:00,8,0.0001
2023-01-18 16:00,8,0.0001
2023-01-19 00:00,8,0.0001
2023-01-19 08:00,8,0.0001
2023-01-19 16:00,8,0.0001
2023-01-20 00:00,8,0.0001
2023-01-20 08:00,8,0.0001
2023-01-20 16:00,8,0.0001
2023-01-21 00:00,8,0.0001
2023-01-21 08:00,8,0.00034452
2023-01-21 16:00,8,0.00013657
2023-01-22 00:00,8,0.00012091
2023-01-22 08:00,8,0.00021465
2023-01-22 16:00,8,0.00014986
2023-01-23 00:00,8,0.0001
2023-01-23 08:00,8,0.00010096
2023-01-23 16:00,8,0.00025486
2023-01-24 00:00,8,0.00022903
2023-01-24 08:00,8,0.0001
2023-01-24 16:00,8,0.0001
2023-01-25 00:00,8,0.0001
2023-01-25 08:00,8,0.0001
2023-01-25 16:00,8,0.0001
2023-01-26 00:00,8,0.0001
2023-01-26 08:00,8,0.0001
2023-01-26 16:00,8,0.0001
2023-01-27 00:00,8,0.0001
2023-01-27 08:00,8,0.0001
2023-01-27 16:00,8,0.0001
2023-01-28 00:00,8,0.0001
2023-01-28 08:00,8,0.00021192
2023-01-28 16:00,8,0.0001
2023-01-29 00:00,8,0.0001
2023-01-29 08:00,8,0.0001
2023-01-29 16:00,8,0.0001
2023-01-30 00:00,8,0.0001
2023-01-30 08:00,8,0.0001
2023-01-30 16:00,8,0.0001
2023-01-31 00:00,8,0.0001
2023-01-31 08:00,8,0.0001
2023-01-31 16:00,8,0.0001
2023-02-01 00:00,8,0.0001
2023-02-01 08:00,8,0.0001
2023-02-01 16:00,8,0.0001
2023-02-02 00:00,8,0.00023896
2023-02-02 08:00,8,0.00052451
2023-02-02 16:00,8,0.00036913
2023-02-03 00:00,8,0.00048929
2023-02-03 08:00,8,0.00026005
2023-02-03 16:00,8,0.00035875
2023-02-04 00:00,8,0.00026641
2023-02-04 08:00,8,0.00042228
2023-02-04 16:00,8,0.00032891
2023-02-05 00:00,8,0.00036542
2023-02-05 08:00,8,0.00024775
2023-02-05 16:00,8,0.0001
2023-02-06 00:00,8,0.0001
2023-02-06 08:00,8,0.0001
2023-02-06 16:00,8,0.0001
2023-02-07 00:00,8,0.0001
2023-02-07 08:00,8,0.0001
2023-02-07 16:00,8,0.0001
2023-02-08 00:00,8,0.0001
2023-02-08 08:00,8,0.0001
2023-02-08 16:00,8,0.0001
2023-02-09 00:00,8,0.0001
2023-02-09 08:00,8,0.0001
2023-02-09 16:00,8,0.0001
2023-02-10 00:00,8,0.0001
2023-02-10 08:00,8,0.0001
2023-02-10 16:00,8,0.0001
2023-02-11 00:00,8,0.0001
2023-02-11 08:00,8,0.0001
2023-02-11 16:00,8,0.0001
2023-02-12 00:00,8,0.0001
2023-02-12 08:00,8,0.0001
2023-02-12 16:00,8,0.0001
2023-02-13 00:00,8,0.0001
2023-02-13 08:00,8,0.0001
2023-02-13 16:00,8,0.0001
2023-02-14 00:00,8,0.0001
2023-02-14 08:00,8,0.0001
2023-02-14 16:00,8,9.232e-05
2023-02-15 00:00,8,0.0001
2023-02-15 08:00,8,0.0001
2023-02-15 16:00,8,0.0001
2023-02-16 00:00,8,0.0001
2023-02-16 08:00,8,0.0001
2023-02-16 16:00,8,0.0001
2023-02-17 00:00,8,0.0001
2023-02-17 08:00,8,0.0001
2023-02-17 16:00,8,0.0001
2023-02-18 00:00,8,0.0001
2023-02-18 08:00,8,0.0001
2023-02-18 16:00,8,0.0001
2023-02-19 00:00,8,0.0001
2023-02-19 08:00,8,0.0001
2023-02-19 16:00,8,0.0001
2023-02-20 00:00,8,0.0001
2023-02-20 08:00,8,0.0001
2023-02-20 16:00,8,0.0001
2023-02-21 00:00,8,0.0001
2023-02-21 08:00,8,0.0001
2023-02-21 16:00,8,0.0001
2023-02-22 00:00,8,0.0001
2023-02-22 08:00,8,0.0001
2023-02-22 16:00,8,0.0001
2023-02-23 00:00,8,0.0001
2023-02-23 08:00,8,0.0001
2023-02-23 16:00,8,0.0001
2023-02-24 00:00,8,0.0001
2023-02-24 08:00,8,0.0001
2023-02-24 16:00,8,0.0001
2023-02-25 00:00,8,0.0001
2023-02-25 08:00,8,0.0001
2023-02-25 16:00,8,0.0001
2023-02-26 00:00,8,0.0001
2023-02-26 08:00,8,0.0001
2023-02-26 16:00,8,0.0001
2023-02-27 00:00,8,0.0001
2023-02-27 08:00,8,0.0001
2023-02-27 16:00,8,0.0001
2023-02-28 00:00,8,0.0001
2023-02-28 08:00,8,0.0001
2023-02-28 16:00,8,0.0001
2023-03-01 00:00,8,0.0001
2023-03-01 08:00,8,0.0001
2023-03-01 16:00,8,0.0001
2023-03-02 00:00,8,0.0001
2023-03-02 08:00,8,0.0001
2023-03-02 16:00,8,0.0001
2023-03-03 00:00,8,9.581e-05
2023-03-03 08:00,8,-0.00015436
2023-03-03 16:00,8,-1.137e-05
2023-03-04 00:00,8,5.25e-05
2023-03-04 08:00,8,-4.276e-05
2023-03-04 16:00,8,-0.00014898
2023-03-05 00:00,8,-3.808e-05
2023-03-05 08:00,8,1.577e-05
2023-03-05 16:00,8,-4.015e-05
2023-03-06 00:00,8,6.244e-05
2023-03-06 08:00,8,4.114e-05
2023-03-06 16:00,8,-8.684e-05
2023-03-07 00:00,8,-4.78e-05
2023-03-07 08:00,8,-0.00317055
2023-03-07 16:00,8,-0.00024231
2023-03-08 00:00,8,-0.00011167
2023-03-08 08:00,8,-7.003e-05
2023-03-08 16:00,8,0.0001
2023-03-09 00:00,8,3.834e-05
2023-03-09 08:00,8,-2.385e-05
2023-03-09 16:00,8,-8.532e-05
2023-03-10 00:00,8,-0.0001267
2023-03-10 08:00,8,-3.97e-05
2023-03-10 16:00,8,-0.00012768
2023-03-11 00:00,8,-0.00025203
2023-03-11 08:00,8,-0.0002244
2023-03-11 16:00,8,0.0001
2023-03-12 00:00,8,-2.153e-05
2023-03-12 08:00,8,-3.605e-05
2023-03-12 16:00,8,-0.00014307
2023-03-13 00:00,8,-0.00019901
2023-03-13 08:00,8,0.0001
2023-03-13 16:00,8,-5.927e-05
2023-03-14 00:00,8,-5.91e-06
2023-03-14 08:00,8,-0.00010868
2023-03-14 16:00,8,0.0001
2023-03-15 00:00,8,0.00010356
2023-03-15 08:00,8,7.481e-05
2023-03-15 16:00,8,0.0001
2023-03-16 00:00,8,-0.00160385
2023-03-16 08:00,8,-0.00075375
2023-03-16 16:00,8,-0.00010119
2023-03-17 00:00,8,9.045e-05
2023-03-17 08:00,8,7.317e-05
2023-03-17 16:00,8,6.039e-05
2023-03-18 00:00,8,0.0001
2023-03-18 08:00,8,2.621e-05
2023-03-18 16:00,8,-0.00015432
2023-03-19 00:00,8,0.0001
2023-03-19 08:00,8,-0.00040282
2023-03-19 16:00,8,-0.00012869
2023-03-20 00:00,8,-3.001e-05
2023-03-20 08:00,8,0.0001
2023-03-20 16:00,8,0.0001
2023-03-21 00:00,8,-0.00015159
2023-03-21 08:00,8,2.003e-05
2023-03-21 16:00,8,8.353e-05
2023-03-22 00:00,8,8.465e-05
2023-03-22 08:00,8,7.613e-05
2023-03-22 16:00,8,-0.00010724
2023-03-23 00:00,8,8.06e-05
2023-03-23 08:00,8,-0.00036138
2023-03-23 16:00,8,-0.00041048
2023-03-24 00:00,8,-0.00054644
2023-03-24 08:00,8,-0.00138961
2023-03-24 16:00,8,8.67e-06
2023-03-25 00:00,8,-8.705e-05
2023-03-25 08:00,8,-1.409e-05
2023-03-25 16:00,8,-8.15e-06
2023-03-26 00:00,8,-0.00018596
2023-03-26 08:00,8,-0.00058975
2023-03-26 16:00,8,-0.00039807
2023-03-27 00:00,8,-0.00027241
2023-03-27 08:00,8,-0.00047498
2023-03-27 16:00,8,9.33e-06
2023-03-28 00:00,8,-9.989e-05
2023-03-28 08:00,8,-0.00020341
2023-03-28 16:00,8,-0.00020947
2023-03-29 00:00,8,5.648e-05
2023-03-29 08:00,8,-4.144e-05
2023-03-29 16:00,8,0.0001
2023-03-30 00:00,8,0.0001
2023-03-30 08:00,8,0.0001
2023-03-30 16:00,8,0.0001
2023-03-31 00:00,8,6.221e-05
2023-03-31 08:00,8,-2.071e-05
2023-03-31 16:00,8,-2.152e-05
2023-04-01 00:00,8,2.293e-05
2023-04-01 08:00,8,-8.49e-05
2023-04-01 16:00,8,8.253e-05
2023-04-02 00:00,8,-0.00011126
2023-04-02 08:00,8,0.0001
2023-04-02 16:00,8,1.771e-05
2023-04-03 00:00,8,-4.569e-05
2023-04-03 08:00,8,-4.995e-05
2023-04-03 16:00,8,6.124e-05
2023-04-04 00:00,8,-0.0001238
2023-04-04 08:00,8,-0.00026348
2023-04-04 16:00,8,7.695e-05
2023-04-05 00:00,8,-2.794e-05
2023-04-05 08:00,8,4.619e-05
2023-04-05 16:00,8,-3.954e-05
2023-04-06 00:00,8,-0.00023494
2023-04-06 08:00,8,0.0001
2023-04-06 16:00,8,7.514e-05
2023-04-07 00:00,8,7.89e-05
2023-04-07 08:00,8,-1.946e-05
2023-04-07 16:00,8,6.27e-06
2023-04-08 00:00,8,6.551e-05
2023-04-08 08:00,8,8.482e-05
2023-04-08 16:00,8,0.0001
2023-04-09 00:00,8,0.0001
2023-04-09 08:00,8,5.01e-06
2023-04-09 16:00,8,-7.201e-05
2023-04-10 00:00,8,-6.64e-05
2023-04-10 08:00,8,3.909e-05
2023-04-10 16:00,8,4.105e-05
2023-04-11 00:00,8,9.996e-05
2023-04-11 08:00,8,0.0001
2023-04-11 16:00,8,0.0001
2023-04-12 00:00,8,0.0001
2023-04-12 08:00,8,-7.786e-05
2023-04-12 16:00,8,0.0001
2023-04-13 00:00,8,0.0001
2023-04-13 08:00,8,0.0001
2023-04-13 16:00,8,0.0001
2023-04-14 00:00,8,0.0001
2023-04-14 08:00,8,0.0001
2023-04-14 16:00,8,0.00012059
2023-04-15 00:00,8,0.00026619
2023-04-15 08:00,8,0.00017564
2023-04-15 16:00,8,0.00020983
2023-04-16 00:00,8,0.0001
2023-04-16 08:00,8,0.00019829
2023-04-16 16:00,8,0.00016126
2023-04-17 00:00,8,0.00032886
2023-04-17 08:00,8,0.00042631
2023-04-17 16:00,8,0.00021524
2023-04-18 00:00,8,0.0001
2023-04-18 08:00,8,0.0001
2023-04-18 16:00,8,0.00014458
2023-04-19 00:00,8,0.0001
2023-04-19 08:00,8,0.00013966
2023-04-19 16:00,8,-0.00011465
2023-04-20 00:00,8,0.0001
2023-04-20 08:00,8,2.605e-05
2023-04-20 16:00,8,0.0001
2023-04-21 00:00,8,-7.472e-05
2023-04-21 08:00,8,1.955e-05
2023-04-21 16:00,8,5.078e-05
2023-04-22 00:00,8,6.381e-05
2023-04-22 08:00,8,-5.43e-06
2023-04-22 16:00,8,0.0001
2023-04-23 00:00,8,-0.00013485
2023-04-23 08:00,8,0.0001
2023-04-23 16:00,8,0.0001
2023-04-24 00:00,8,0.0001
2023-04-24 08:00,8,4.397e-05
2023-04-24 16:00,8,5.611e-05
2023-04-25 00:00,8,-9.212e-05
2023-04-25 08:00,8,-0.00028754
2023-04-25 16:00,8,-0.00022646
2023-04-26 00:00,8,-2.155e-05
2023-04-26 08:00,8,-1.418e-05
2023-04-26 16:00,8,3.417e-05
2023-04-27 00:00,8,-0.00022832
2023-04-27 08:00,8,-2.868e-05
2023-04-27 16:00,8,2.49e-05
2023-04-28 00:00,8,0.0001
2023-04-28 08:00,8,4.089e-05
2023-04-28 16:00,8,6.83e-05
2023-04-29 00:00,8,7.905e-05
2023-04-29 08:00,8,4.04e-05
2023-04-29 16:00,8,0.0001
2023-04-30 00:00,8,0.0001
2023-04-30 08:00,8,0.0001
2023-04-30 16:00,8,0.0001
2023-05-01 00:00,8,4.198e-05
2023-05-01 08:00,8,8.727e-05
2023-05-01 16:00,8,0.0001
2023-05-02 00:00,8,4.669e-05
2023-05-02 08:00,8,4.29e-05
2023-05-02 16:00,8,8.678e-05
2023-05-03 00:00,8,0.0001
2023-05-03 08:00,8,7.418e-05
2023-05-03 16:00,8,0.0001
2023-05-04 00:00,8,0.0001
2023-05-04 08:00,8,0.0001
2023-05-04 16:00,8,0.0001
2023-05-05 00:00,8,0.0001
2023-05-05 08:00,8,0.0001
2023-05-05 16:00,8,0.0001
2023-05-06 00:00,8,0.0001
2023-05-06 08:00,8,0.0001
2023-05-06 16:00,8,0.0001
2023-05-07 00:00,8,3.941e-05
2023-05-07 08:00,8,0.0001
2023-05-07 16:00,8,0.0001
2023-05-08 00:00,8,0.0001
2023-05-08 08:00,8,5.782e-05
2023-05-08 16:00,8,1.326e-05
2023-05-09 00:00,8,-3.628e-05
2023-05-09 08:00,8,6.27e-05
2023-05-09 16:00,8,1.708e-05
2023-05-10 00:00,8,3.019e-05
2023-05-10 08:00,8,5.167e-05
2023-05-10 16:00,8,9.256e-05
2023-05-11 00:00,8,9.9e-05
2023-05-11 08:00,8,-2.3e-06
2023-05-11 16:00,8,-3.197e-05
2023-05-12 00:00,8,-8.764e-05
2023-05-12 08:00,8,-3.301e-05
2023-05-12 16:00,8,-4.114e-05
2023-05-13 00:00,8,-2.678e-05
2023-05-13 08:00,8,-1.133e-05
2023-05-13 16:00,8,1.8e-07
2023-05-14 00:00,8,1.959e-05
2023-05-14 08:00,8,-0.00021276
2023-05-14 16:00,8,-0.00017131
2023-05-15 00:00,8,-0.00018292
2023-05-15 08:00,8,-5.788e-05
2023-05-15 16:00,8,-7.513e-05
2023-05-16 00:00,8,-5.389e-05
2023-05-16 08:00,8,-0.00011079
2023-05-16 16:00,8,-6.458e-05
2023-05-17 00:00,8,-9.601e-05
2023-05-17 08:00,8,-0.00017352
2023-05-17 16:00,8,-0.00017949
2023-05-18 00:00,8,-0.00010002
2023-05-18 08:00,8,-0.00020438
2023-05-18 16:00,8,-0.00021032
2023-05-19 00:00,8,-0.000297
2023-05-19 08:00,8,-7.212e-05
2023-05-19 16:00,8,4.692e-05
2023-05-20 00:00,8,-3.266e-05
2023-05-20 08:00,8,1.211e-05
2023-05-20 16:00,8,2.291e-05
2023-05-21 00:00,8,-4.477e-05
2023-05-21 08:00,8,6.038e-05
2023-05-21 16:00,8,6.268e-05
2023-05-22 00:00,8,-2.825e-05
2023-05-22 08:00,8,-5.741e-05
2023-05-22 16:00,8,4.24e-05
2023-05-23 00:00,8,-8.447e-05
2023-05-23 08:00,8,5.959e-05
2023-05-23 16:00,8,6.81e-05
2023-05-24 00:00,8,-5.383e-05
2023-05-24 08:00,8,0.0001
2023-05-24 16:00,8,0.0001
2023-05-25 00:00,8,-3.2e-06
2023-05-25 08:00,8,-3.62e-06
2023-05-25 16:00,8,2.586e-05
2023-05-26 00:00,8,-8.243e-05
2023-05-26 08:00,8,2.31e-05
2023-05-26 16:00,8,-6.01e-06
2023-05-27 00:00,8,-7.696e-05
2023-05-27 08:00,8,2.776e-05
2023-05-27 16:00,8,2.705e-05
2023-05-28 00:00,8,5.69e-06
2023-05-28 08:00,8,-9.626e-05
2023-05-28 16:00,8,8.819e-05
2023-05-29 00:00,8,2.128e-05
2023-05-29 08:00,8,0.0001
2023-05-29 16:00,8,0.0001
2023-05-30 00:00,8,0.0001
2023-05-30 08:00,8,0.0001
2023-05-30 16:00,8,0.0001
2023-05-31 00:00,8,7.572e-05
2023-05-31 08:00,8,0.0001
2023-05-31 16:00,8,0.0001
2023-06-01 00:00,8,5.42e-05
2023-06-01 08:00,8,0.0001
2023-06-01 16:00,8,0.0001
2023-06-02 00:00,8,6.606e-05
2023-06-02 08:00,8,0.0001
2023-06-02 16:00,8,0.0001
2023-06-03 00:00,8,9.794e-05
2023-06-03 08:00,8,0.0001
2023-06-03 16:00,8,0.0001
2023-06-04 00:00,8,0.0001
2023-06-04 08:00,8,0.0001
2023-06-04 16:00,8,0.0001
2023-06-05 00:00,8,0.0001
2023-06-05 08:00,8,0.0001
2023-06-05 16:00,8,0.0001
2023-06-06 00:00,8,2.775e-05
2023-06-06 08:00,8,-9.83e-05
2023-06-06 16:00,8,7.185e-05
2023-06-07 00:00,8,0.0001
2023-06-07 08:00,8,0.0001
2023-06-07 16:00,8,9.27e-05
2023-06-08 00:00,8,0.0001
2023-06-08 08:00,8,5.184e-05
2023-06-08 16:00,8,5.561e-05
2023-06-09 00:00,8,0.0001
2023-06-09 08:00,8,6.553e-05
2023-06-09 16:00,8,0.0001
2023-06-10 00:00,8,0.0001
2023-06-10 08:00,8,-0.0002602
2023-06-10 16:00,8,-0.0003322
2023-06-11 00:00,8,-0.00030929
2023-06-11 08:00,8,-0.00018046
2023-06-11 16:00,8,-0.00014755
2023-06-12 00:00,8,-0.00022096
2023-06-12 08:00,8,-0.00029233
2023-06-12 16:00,8,-2.93e-05
2023-06-13 00:00,8,-1.63e-06
2023-06-13 08:00,8,-5.032e-05
2023-06-13 16:00,8,-5.269e-05
2023-06-14 00:00,8,-2.042e-05
2023-06-14 08:00,8,-0.00013566
2023-06-14 16:00,8,-4.937e-05
2023-06-15 00:00,8,-7.46e-05
2023-06-15 08:00,8,-2.476e-05
2023-06-15 16:00,8,-3.85e-05
2023-06-16 00:00,8,-4.957e-05
2023-06-16 08:00,8,-0.00014341
2023-06-16 16:00,8,-9.353e-05
2023-06-17 00:00,8,-8.574e-05
2023-06-17 08:00,8,-4.294e-05
2023-06-17 16:00,8,4.954e-05
2023-06-18 00:00,8,-2.187e-05
2023-06-18 08:00,8,2.497e-05
2023-06-18 16:00,8,2.747e-05
2023-06-19 00:00,8,9.06e-06
2023-06-19 08:00,8,-1.314e-05
2023-06-19 16:00,8,-2.887e-05
2023-06-20 00:00,8,5.842e-05
2023-06-20 08:00,8,-6.852e-05
2023-06-20 16:00,8,1.374e-05
2023-06-21 00:00,8,3.987e-05
2023-06-21 08:00,8,0.0001
2023-06-21 16:00,8,3.545e-05
2023-06-22 00:00,8,3.692e-05
2023-06-22 08:00,8,8.764e-05
2023-06-22 16:00,8,-0.00019945
2023-06-23 00:00,8,-6.028e-05
2023-06-23 08:00,8,-2.29e-06
2023-06-23 16:00,8,0.0001
2023-06-24 00:00,8,0.0001
2023-06-24 08:00,8,3.265e-05
2023-06-24 16:00,8,0.0001
2023-06-25 00:00,8,3.231e-05
2023-06-25 08:00,8,0.0001
2023-06-25 16:00,8,0.0001
2023-06-26 00:00,8,0.0001
2023-06-26 08:00,8,0.0001
2023-06-26 16:00,8,6.493e-05
2023-06-27 00:00,8,1.171e-05
2023-06-27 08:00,8,9.587e-05
2023-06-27 16:00,8,0.0001
2023-06-28 00:00,8,9.224e-05
2023-06-28 08:00,8,-1.338e-05
2023-06-28 16:00,8,1.076e-05
2023-06-29 00:00,8,-8.658e-05
2023-06-29 08:00,8,2.723e-05
2023-06-29 16:00,8,3.45e-05
2023-06-30 00:00,8,1e-06
2023-06-30 08:00,8,0.0001
2023-06-30 16:00,8,0.0001
2023-07-01 00:00,8,6.748e-05
2023-07-01 08:00,8,0.0001
2023-07-01 16:00,8,0.0001
2023-07-02 00:00,8,0.0001
2023-07-02 08:00,8,4.838e-05
2023-07-02 16:00,8,2.86e-05
2023-07-03 00:00,8,9.389e-05
2023-07-03 08:00,8,0.0001
2023-07-03 16:00,8,0.0001
2023-07-04 00:00,8,0.0001
2023-07-04 08:00,8,0.0001
2023-07-04 16:00,8,0.0001
2023-07-05 00:00,8,0.0001
2023-07-05 08:00,8,0.0001
2023-07-05 16:00,8,0.0001
2023-07-06 00:00,8,8.497e-05
2023-07-06 08:00,8,0.0001
2023-07-06 16:00,8,4.93e-06
2023-07-07 00:00,8,-8.576e-05
2023-07-07 08:00,8,5.603e-05
2023-07-07 16:00,8,4.989e-05
2023-07-08 00:00,8,4.937e-05
2023-07-08 08:00,8,-2.5e-07
2023-07-08 16:00,8,5.53e-06
2023-07-09 00:00,8,1.086e-05
2023-07-09 08:00,8,0.0001
2023-07-09 16:00,8,0.0001
2023-07-10 00:00,8,0.0001
2023-07-10 08:00,8,8.057e-05
2023-07-10 16:00,8,4.154e-05
2023-07-11 00:00,8,0.0001
2023-07-11 08:00,8,0.0001
2023-07-11 16:00,8,0.0001
2023-07-12 00:00,8,0.0001
2023-07-12 08:00,8,0.0001
2023-07-12 16:00,8,0.0001
2023-07-13 00:00,8,0.0001
2023-07-13 08:00,8,0.0001
2023-07-13 16:00,8,7.411e-05
2023-07-14 00:00,8,0.0001
2023-07-14 08:00,8,0.0001
2023-07-14 16:00,8,0.0001
2023-07-15 00:00,8,0.0001
2023-07-15 08:00,8,0.0001
2023-07-15 16:00,8,0.0001
2023-07-16 00:00,8,0.0001
2023-07-16 08:00,8,0.0001
2023-07-16 16:00,8,0.0001
2023-07-17 00:00,8,0.0001
2023-07-17 08:00,8,0.0001
2023-07-17 16:00,8,0.0001
2023-07-18 00:00,8,0.0001
2023-07-18 08:00,8,0.0001
2023-07-18 16:00,8,0.0001
2023-07-19 00:00,8,0.0001
2023-07-19 08:00,8,0.0001
2023-07-19 16:00,8,0.0001
2023-07-20 00:00,8,0.0001
2023-07-20 08:00,8,0.0001
2023-07-20 16:00,8,0.0001
2023-07-21 00:00,8,0.0001
2023-07-21 08:00,8,0.0001
2023-07-21 16:00,8,0.0001
2023-07-22 00:00,8,0.0001
2023-07-22 08:00,8,0.0001
2023-07-22 16:00,8,0.0001
2023-07-23 00:00,8,0.0001
2023-07-23 08:00,8,4.967e-05
2023-07-23 16:00,8,7.792e-05
2023-07-24 00:00,8,8.665e-05
2023-07-24 08:00,8,0.0001
2023-07-24 16:00,8,0.0001
2023-07-25 00:00,8,-2.32e-05
2023-07-25 08:00,8,8.142e-05
2023-07-25 16:00,8,5.195e-05
2023-07-26 00:00,8,0.0001
2023-07-26 08:00,8,7.515e-05
2023-07-26 16:00,8,7.023e-05
2023-07-27 00:00,8,8.77e-06
2023-07-27 08:00,8,0.0001
2023-07-27 16:00,8,2.582e-05
2023-07-28 00:00,8,1.313e-05
2023-07-28 08:00,8,6.021e-05
2023-07-28 16:00,8,0.0001
2023-07-29 00:00,8,6.983e-05
2023-07-29 08:00,8,0.0001
2023-07-29 16:00,8,0.0001
2023-07-30 00:00,8,0.0001
2023-07-30 08:00,8,0.0001
2023-07-30 16:00,8,0.0001
2023-07-31 00:00,8,9.665e-05
2023-07-31 08:00,8,0.0001
2023-07-31 16:00,8,0.0001
2023-08-01 00:00,8,0.0001
2023-08-01 08:00,8,0.0001
2023-08-01 16:00,8,0.0001
2023-08-02 00:00,8,8.457e-05
2023-08-02 08:00,8,0.0001
2023-08-02 16:00,8,0.0001
2023-08-03 00:00,8,0.0001
2023-08-03 08:00,8,0.0001
2023-08-03 16:00,8,0.0001
2023-08-04 00:00,8,0.0001
2023-08-04 08:00,8,0.0001
2023-08-04 16:00,8,0.0001
2023-08-05 00:00,8,0.0001
2023-08-05 08:00,8,0.0001
2023-08-05 16:00,8,0.0001
2023-08-06 00:00,8,0.0001
2023-08-06 08:00,8,0.0001
2023-08-06 16:00,8,0.0001
2023-08-07 00:00,8,0.0001
2023-08-07 08:00,8,0.0001
2023-08-07 16:00,8,0.0001
2023-08-08 00:00,8,0.0001
2023-08-08 08:00,8,0.0001
2023-08-08 16:00,8,0.0001
2023-08-09 00:00,8,0.0001
2023-08-09 08:00,8,0.0001
2023-08-09 16:00,8,0.0001
2023-08-10 00:00,8,0.0001
2023-08-10 08:00,8,0.0001
2023-08-10 16:00,8,0.0001
2023-08-11 00:00,8,0.0001
2023-08-11 08:00,8,0.0001
2023-08-11 16:00,8,0.0001
2023-08-12 00:00,8,0.0001
2023-08-12 08:00,8,0.0001
2023-08-12 16:00,8,0.0001
2023-08-13 00:00,8,0.0001
2023-08-13 08:00,8,0.0001
2023-08-13 16:00,8,0.0001
2023-08-14 00:00,8,0.0001
2023-08-14 08:00,8,0.0001
2023-08-14 16:00,8,0.0001
2023-08-15 00:00,8,0.0001
2023-08-15 08:00,8,0.0001
2023-08-15 16:00,8,0.0001
2023-08-16 00:00,8,-0.00012413
2023-08-16 08:00,8,0.0001
2023-08-16 16:00,8,-1.623e-05
2023-08-17 00:00,8,2.932e-05
2023-08-17 08:00,8,0.0001
2023-08-17 16:00,8,4.173e-05
2023-08-18 00:00,8,4.638e-05
2023-08-18 08:00,8,-0.00012369
2023-08-18 16:00,8,-2.581e-05
2023-08-19 00:00,8,-3.634e-05
2023-08-19 08:00,8,6.438e-05
2023-08-19 16:00,8,6.91e-05
2023-08-20 00:00,8,2.871e-05
2023-08-20 08:00,8,3.848e-05
2023-08-20 16:00,8,6.934e-05
2023-08-21 00:00,8,7.344e-05
2023-08-21 08:00,8,0.0001
2023-08-21 16:00,8,0.0001
2023-08-22 00:00,8,9.564e-05
2023-08-22 08:00,8,0.0001
2023-08-22 16:00,8,4.857e-05
2023-08-23 00:00,8,0.0001
2023-08-23 08:00,8,4.357e-05
2023-08-23 16:00,8,8.116e-05
2023-08-24 00:00,8,5.858e-05
2023-08-24 08:00,8,6.572e-05
2023-08-24 16:00,8,6.104e-05
2023-08-25 00:00,8,9.847e-05
2023-08-25 08:00,8,8.969e-05
2023-08-25 16:00,8,6.305e-05
2023-08-26 00:00,8,0.0001
2023-08-26 08:00,8,8.284e-05
2023-08-26 16:00,8,0.0001
2023-08-27 00:00,8,0.0001
2023-08-27 08:00,8,0.0001
2023-08-27 16:00,8,7.945e-05
2023-08-28 00:00,8,0.0001
2023-08-28 08:00,8,9.398e-05
2023-08-28 16:00,8,5.616e-05
2023-08-29 00:00,8,-3.232e-05
2023-08-29 08:00,8,6.265e-05
2023-08-29 16:00,8,-0.00012727
2023-08-30 00:00,8,9.709e-05
2023-08-30 08:00,8,0.0001
2023-08-30 16:00,8,7.941e-05
2023-08-31 00:00,8,5.957e-05
2023-08-31 08:00,8,-7.17e-06
2023-08-31 16:00,8,7.433e-05
2023-09-01 00:00,8,4.725e-05
2023-09-01 08:00,8,-3.299e-05
2023-09-01 16:00,8,-5.488e-05
2023-09-02 00:00,8,-4.48e-05
2023-09-02 08:00,8,-6.87e-06
2023-09-02 16:00,8,-4.359e-05
2023-09-03 00:00,8,-8.55e-06
2023-09-03 08:00,8,-7.37e-06
2023-09-03 16:00,8,-3.565e-05
2023-09-04 00:00,8,-1.166e-05
2023-09-04 08:00,8,3.953e-05
2023-09-04 16:00,8,5.94e-05
2023-09-05 00:00,8,8.774e-05
2023-09-05 08:00,8,3.094e-05
2023-09-05 16:00,8,6.941e-05
2023-09-06 00:00,8,8.265e-05
2023-09-06 08:00,8,2.78e-06
2023-09-06 16:00,8,2.634e-05
2023-09-07 00:00,8,3.951e-05
2023-09-07 08:00,8,-6.445e-05
2023-09-07 16:00,8,6.03e-05
2023-09-08 00:00,8,0.0001
2023-09-08 08:00,8,0.0001
2023-09-08 16:00,8,7.159e-05
2023-09-09 00:00,8,9.363e-05
2023-09-09 08:00,8,0.0001
2023-09-09 16:00,8,2.868e-05
2023-09-10 00:00,8,7.97e-06
2023-09-10 08:00,8,8.268e-05
2023-09-10 16:00,8,0.0001
2023-09-11 00:00,8,4.849e-05
2023-09-11 08:00,8,9.43e-05
2023-09-11 16:00,8,5.501e-05
2023-09-12 00:00,8,9.003e-05
2023-09-12 08:00,8,-8.028e-05
2023-09-12 16:00,8,-6.418e-05
2023-09-13 00:00,8,1.67e-06
2023-09-13 08:00,8,7.648e-05
2023-09-13 16:00,8,1.068e-05
2023-09-14 00:00,8,3.169e-05
2023-09-14 08:00,8,5.815e-05
2023-09-14 16:00,8,-5.145e-05
2023-09-15 00:00,8,1.887e-05
2023-09-15 08:00,8,-2.378e-05
2023-09-15 16:00,8,9.82e-05
2023-09-16 00:00,8,9.89e-05
2023-09-16 08:00,8,0.0001
2023-09-16 16:00,8,7.405e-05
2023-09-17 00:00,8,0.0001
2023-09-17 08:00,8,0.0001
2023-09-17 16:00,8,0.0001
2023-09-18 00:00,8,0.0001
2023-09-18 08:00,8,0.0001
2023-09-18 16:00,8,0.0001
2023-09-19 00:00,8,5.422e-05
2023-09-19 08:00,8,0.0001
2023-09-19 16:00,8,0.0001
2023-09-20 00:00,8,-4.37e-06
2023-09-20 08:00,8,0.0001
2023-09-20 16:00,8,0.0001
2023-09-21 00:00,8,9.727e-05
2023-09-21 08:00,8,-0.00010793
2023-09-21 16:00,8,-2.17e-05
2023-09-22 00:00,8,5.884e-05
2023-09-22 08:00,8,0.0001
2023-09-22 16:00,8,5.801e-05
2023-09-23 00:00,8,4.255e-05
2023-09-23 08:00,8,0.0001
2023-09-23 16:00,8,1.772e-05
2023-09-24 00:00,8,-4.532e-05
2023-09-24 08:00,8,0.0001
2023-09-24 16:00,8,7.259e-05
2023-09-25 00:00,8,0.0001
2023-09-25 08:00,8,3.171e-05
2023-09-25 16:00,8,0.0001
2023-09-26 00:00,8,0.0001
2023-09-26 08:00,8,0.0001
2023-09-26 16:00,8,4.485e-05
2023-09-27 00:00,8,6.601e-05
2023-09-27 08:00,8,0.0001
2023-09-27 16:00,8,0.0001
2023-09-28 00:00,8,0.0001
2023-09-28 08:00,8,0.0001
2023-09-28 16:00,8,0.0001
2023-09-29 00:00,8,0.0001
2023-09-29 08:00,8,0.0001
2023-09-29 16:00,8,0.0001
2023-09-30 00:00,8,0.0001
2023-09-30 08:00,8,0.0001
2023-09-30 16:00,8,0.0001
2023-10-01 00:00,8,0.0001
2023-10-01 08:00,8,0.0001
2023-10-01 16:00,8,0.0001
2023-10-02 00:00,8,0.0001
2023-10-02 08:00,8,0.0001
2023-10-02 16:00,8,5.202e-05
2023-10-03 00:00,8,2.96e-05
2023-10-03 08:00,8,7.406e-05
2023-10-03 16:00,8,7.624e-05
2023-10-04 00:00,8,-3.652e-05
2023-10-04 08:00,8,3.8e-05
2023-10-04 16:00,8,6.842e-05
2023-10-05 00:00,8,0.0001
2023-10-05 08:00,8,0.0001
2023-10-05 16:00,8,6.862e-05
2023-10-06 00:00,8,0.0001
2023-10-06 08:00,8,0.0001
2023-10-06 16:00,8,0.0001
2023-10-07 00:00,8,0.0001
2023-10-07 08:00,8,0.0001
2023-10-07 16:00,8,9.135e-05
2023-10-08 00:00,8,9.59e-05
2023-10-08 08:00,8,6.45e-06
2023-10-08 16:00,8,4.887e-05
2023-10-09 00:00,8,0.0001
2023-10-09 08:00,8,9.851e-05
2023-10-09 16:00,8,-4.359e-05
2023-10-10 00:00,8,8.01e-06
2023-10-10 08:00,8,7.374e-05
2023-10-10 16:00,8,0.0001
2023-10-11 00:00,8,9.14e-06
2023-10-11 08:00,8,9.077e-05
2023-10-11 16:00,8,0.0001
2023-10-12 00:00,8,0.0001
2023-10-12 08:00,8,0.0001
2023-10-12 16:00,8,0.0001
2023-10-13 00:00,8,0.0001
2023-10-13 08:00,8,4.929e-05
2023-10-13 16:00,8,0.0001
2023-10-14 00:00,8,2.196e-05
2023-10-14 08:00,8,-2.065e-05
2023-10-14 16:00,8,0.0001
2023-10-15 00:00,8,5.132e-05
2023-10-15 08:00,8,6.37e-06
2023-10-15 16:00,8,0.0001
2023-10-16 00:00,8,6.195e-05
2023-10-16 08:00,8,5.95e-05
2023-10-16 16:00,8,7.37e-05
2023-10-17 00:00,8,0.0001
2023-10-17 08:00,8,3.575e-05
2023-10-17 16:00,8,-3.352e-05
2023-10-18 00:00,8,-0.00014924
2023-10-18 08:00,8,2.127e-05
2023-10-18 16:00,8,1.439e-05
2023-10-19 00:00,8,8.945e-05
2023-10-19 08:00,8,6.961e-05
2023-10-19 16:00,8,-1.543e-05
2023-10-20 00:00,8,6.81e-06
2023-10-20 08:00,8,4.93e-06
2023-10-20 16:00,8,2.688e-05
2023-10-21 00:00,8,1.778e-05
2023-10-21 08:00,8,0.0001
2023-10-21 16:00,8,0.0001
2023-10-22 00:00,8,0.0001
2023-10-22 08:00,8,0.0001
2023-10-22 16:00,8,0.0001
2023-10-23 00:00,8,0.0001
2023-10-23 08:00,8,0.0001
2023-10-23 16:00,8,0.0001
2023-10-24 00:00,8,0.0001
2023-10-24 08:00,8,0.0001
2023-10-24 16:00,8,0.0001
2023-10-25 00:00,8,0.0001
2023-10-25 08:00,8,0.0001
2023-10-25 16:00,8,0.0001
2023-10-26 00:00,8,0.0001
2023-10-26 08:00,8,0.0001
2023-10-26 16:00,8,0.0001
2023-10-27 00:00,8,0.0001
2023-10-27 08:00,8,0.0001
2023-10-27 16:00,8,0.0001
2023-10-28 00:00,8,0.0001
2023-10-28 08:00,8,0.00012029
2023-10-28 16:00,8,0.0001
2023-10-29 00:00,8,0.0001
2023-10-29 08:00,8,0.0001
2023-10-29 16:00,8,0.0001
2023-10-30 00:00,8,0.0001
2023-10-30 08:00,8,0.00015859
2023-10-30 16:00,8,0.00028194
2023-10-31 00:00,8,0.00012118
2023-10-31 08:00,8,0.0001
2023-10-31 16:00,8,0.0001
2023-11-01 00:00,8,0.0001
2023-11-01 08:00,8,0.0001
2023-11-01 16:00,8,0.0001476
2023-11-02 00:00,8,0.00023557
2023-11-02 08:00,8,0.00033713
2023-11-02 16:00,8,0.00014307
2023-11-03 00:00,8,0.0001
2023-11-03 08:00,8,0.0001
2023-11-03 16:00,8,0.0001
2023-11-04 00:00,8,0.0001
2023-11-04 08:00,8,0.0001
2023-11-04 16:00,8,0.00010763
2023-11-05 00:00,8,0.0001592
2023-11-05 08:00,8,0.00029914
2023-11-05 16:00,8,0.00021571
2023-11-06 00:00,8,0.00030894
2023-11-06 08:00,8,0.00033378
2023-11-06 16:00,8,0.00035084
2023-11-07 00:00,8,0.00035344
2023-11-07 08:00,8,0.00029197
2023-11-07 16:00,8,0.00014192
2023-11-08 00:00,8,0.0001
2023-11-08 08:00,8,0.00019979
2023-11-08 16:00,8,0.00018551
2023-11-09 00:00,8,0.0001
2023-11-09 08:00,8,0.00016678
2023-11-09 16:00,8,0.00022572
2023-11-10 00:00,8,0.0001
2023-11-10 08:00,8,0.0001
2023-11-10 16:00,8,0.0001
2023-11-11 00:00,8,0.00015412
2023-11-11 08:00,8,0.0001
2023-11-11 16:00,8,0.00034817
2023-11-12 00:00,8,0.00047385
2023-11-12 08:00,8,0.00034066
2023-11-12 16:00,8,0.00038702
2023-11-13 00:00,8,0.0002989
2023-11-13 08:00,8,0.00010713
2023-11-13 16:00,8,0.00023611
2023-11-14 00:00,8,0.0001
2023-11-14 08:00,8,0.00011384
2023-11-14 16:00,8,0.0001
2023-11-15 00:00,8,0.0001
2023-11-15 08:00,8,0.00012816
2023-11-15 16:00,8,0.00014881
2023-11-16 00:00,8,0.00027414
2023-11-16 08:00,8,0.00032261
2023-11-16 16:00,8,0.00011603
2023-11-17 00:00,8,0.00012956
2023-11-17 08:00,8,0.0001
2023-11-17 16:00,8,0.0001
2023-11-18 00:00,8,0.0001
2023-11-18 08:00,8,0.0001
2023-11-18 16:00,8,0.0001
2023-11-19 00:00,8,0.0001
2023-11-19 08:00,8,0.0001
2023-11-19 16:00,8,0.0001
2023-11-20 00:00,8,0.0001
2023-11-20 08:00,8,0.0001818
2023-11-20 16:00,8,0.00015774
2023-11-21 00:00,8,0.00014001
2023-11-21 08:00,8,0.0001
2023-11-21 16:00,8,0.0001
2023-11-22 00:00,8,0.0001
2023-11-22 08:00,8,0.0001
2023-11-22 16:00,8,0.0001
2023-11-23 00:00,8,0.0001
2023-11-23 08:00,8,0.0001
2023-11-23 16:00,8,0.0001
2023-11-24 00:00,8,0.0001
2023-11-24 08:00,8,0.0001
2023-11-24 16:00,8,0.0001
2023-11-25 00:00,8,0.0001
2023-11-25 08:00,8,0.0001
2023-11-25 16:00,8,0.0001
2023-11-26 00:00,8,0.0001
2023-11-26 08:00,8,0.0001
2023-11-26 16:00,8,0.0001
2023-11-27 00:00,8,0.0001
2023-11-27 08:00,8,0.0001
2023-11-27 16:00,8,0.0001
2023-11-28 00:00,8,0.0001
2023-11-28 08:00,8,0.0001
2023-11-28 16:00,8,0.0001
2023-11-29 00:00,8,0.0001
2023-11-29 08:00,8,0.0001
2023-11-29 16:00,8,0.0001
2023-11-30 00:00,8,0.0001
2023-11-30 08:00,8,0.0001
2023-11-30 16:00,8,0.0001
2023-12-01 00:00,8,0.0001
2023-12-01 08:00,8,0.0001
2023-12-01 16:00,8,0.0001
2023-12-02 00:00,8,0.0001
2023-12-02 08:00,8,0.0001
2023-12-02 16:00,8,0.0001917
2023-12-03 00:00,8,0.00027488
2023-12-03 08:00,8,0.00031259
2023-12-03 16:00,8,0.00020654
2023-12-04 00:00,8,0.00034275
2023-12-04 08:00,8,0.00049622
2023-12-04 16:00,8,0.00017016
2023-12-05 00:00,8,0.00027861
2023-12-05 08:00,8,0.00032431
2023-12-05 16:00,8,0.0001617
2023-12-06 00:00,8,0.0001
2023-12-06 08:00,8,0.00031166
2023-12-06 16:00,8,0.00022161
2023-12-07 00:00,8,0.00021847
2023-12-07 08:00,8,0.00017499
2023-12-07 16:00,8,0.0001
2023-12-08 00:00,8,0.00014466
2023-12-08 08:00,8,0.00027794
2023-12-08 16:00,8,0.00039455
2023-12-09 00:00,8,0.00039132
2023-12-09 08:00,8,0.00054557
2023-12-09 16:00,8,0.00041861
2023-12-10 00:00,8,0.00032593
2023-12-10 08:00,8,0.00047499
2023-12-10 16:00,8,0.00027121
2023-12-11 00:00,8,0.000534
2023-12-11 08:00,8,0.0001
2023-12-11 16:00,8,0.0001
2023-12-12 00:00,8,0.0001
2023-12-12 08:00,8,0.00016576
2023-12-12 16:00,8,0.0001636
2023-12-13 00:00,8,0.00019156
2023-12-13 08:00,8,0.0001
2023-12-13 16:00,8,0.0001758
2023-12-14 00:00,8,0.00018396
2023-12-14 08:00,8,0.00022578
2023-12-14 16:00,8,0.00026449
2023-12-15 00:00,8,0.0002816
2023-12-15 08:00,8,0.00043839
2023-12-15 16:00,8,0.00031412
2023-12-16 00:00,8,0.0001
2023-12-16 08:00,8,0.00024853
2023-12-16 16:00,8,0.00032513
2023-12-17 00:00,8,0.00032038
2023-12-17 08:00,8,0.00027281
2023-12-17 16:00,8,0.00036948
2023-12-18 00:00,8,0.0002538
2023-12-18 08:00,8,0.0001
2023-12-18 16:00,8,0.00013522
2023-12-19 00:00,8,0.00010176
2023-12-19 08:00,8,0.0001
2023-12-19 16:00,8,0.00018864
2023-12-20 00:00,8,0.00018293
2023-12-20 08:00,8,0.00023933
2023-12-20 16:00,8,0.0002378
2023-12-21 00:00,8,0.00024646
2023-12-21 08:00,8,0.00028622
2023-12-21 16:00,8,0.00036155
2023-12-22 00:00,8,0.00042797
2023-12-22 08:00,8,0.00015052
2023-12-22 16:00,8,0.00031284
2023-12-23 00:00,8,0.0001974
2023-12-23 08:00,8,0.00011089
2023-12-23 16:00,8,0.00022368
2023-12-24 00:00,8,0.00018142
2023-12-24 08:00,8,0.00022098
2023-12-24 16:00,8,0.00027158
2023-12-25 00:00,8,0.00022793
2023-12-25 08:00,8,0.0004943
2023-12-25 16:00,8,0.00074231
2023-12-26 00:00,8,0.00074234
2023-12-26 08:00,8,0.00054193
2023-12-26 16:00,8,0.00060435
2023-12-27 00:00,8,0.000375
2023-12-27 08:00,8,0.00029818
2023-12-27 16:00,8,0.00077277
2023-12-28 00:00,8,0.00070342
2023-12-28 08:00,8,0.00072068
2023-12-28 16:00,8,0.00063227
2023-12-29 00:00,8,0.00053463
2023-12-29 08:00,8,0.00041071
2023-12-29 16:00,8,0.00075801
2023-12-30 00:00,8,0.00050347
2023-12-30 08:00,8,0.00049445
2023-12-30 16:00,8,0.00052821
2023-12-31 00:00,8,0.00049276
2023-12-31 08:00,8,0.00034566
2023-12-31 16:00,8,0.00040856
2024-01-01 00:00,8,0.00052662
2024-01-01 08:00,8,0.00038551
2024-01-01 16:00,8,0.00052976
2024-01-02 00:00,8,0.00032874
2024-01-02 08:00,8,0.00035082
2024-01-02 16:00,8,0.00061988
2024-01-03 00:00,8,0.00056283
2024-01-03 08:00,8,0.00053029
2024-01-03 16:00,8,0.0001
2024-01-04 00:00,8,0.0001
2024-01-04 08:00,8,0.0001
2024-01-04 16:00,8,0.0001
2024-01-05 00:00,8,0.0001
2024-01-05 08:00,8,0.0001
2024-01-05 16:00,8,0.0001
2024-01-06 00:00,8,0.0001
2024-01-06 08:00,8,8.535e-05
2024-01-06 16:00,8,0.0001
2024-01-07 00:00,8,0.0001
2024-01-07 08:00,8,0.0001
2024-01-07 16:00,8,0.0001
2024-01-08 00:00,8,0.0001
2024-01-08 08:00,8,8.954e-05
2024-01-08 16:00,8,-7.35e-05
2024-01-09 00:00,8,7.857e-05
2024-01-09 08:00,8,0.0001
2024-01-09 16:00,8,0.0001
2024-01-10 00:00,8,0.0001
2024-01-10 08:00,8,0.0001
2024-01-10 16:00,8,0.0001
2024-01-11 00:00,8,0.0001
2024-01-11 08:00,8,0.0001
2024-01-11 16:00,8,0.0001
2024-01-12 00:00,8,0.0001
2024-01-12 08:00,8,8.998e-05
2024-01-12 16:00,8,0.0001
2024-01-13 00:00,8,0.0001
2024-01-13 08:00,8,0.0001
2024-01-13 16:00,8,0.0001
2024-01-14 00:00,8,0.0001
2024-01-14 08:00,8,0.0001
2024-01-14 16:00,8,0.0001
2024-01-15 00:00,8,0.0001
2024-01-15 08:00,8,0.0001
2024-01-15 16:00,8,0.0001
2024-01-16 00:00,8,0.0001
2024-01-16 08:00,8,0.0001
2024-01-16 16:00,8,0.0001
2024-01-17 00:00,8,0.0001
2024-01-17 08:00,8,0.0001
2024-01-17 16:00,8,0.0001
2024-01-18 00:00,8,0.0001
2024-01-18 08:00,8,0.0001
2024-01-18 16:00,8,0.0001
2024-01-19 00:00,8,0.0001
2024-01-19 08:00,8,0.0001
2024-01-19 16:00,8,0.0001
2024-01-20 00:00,8,0.0001
2024-01-20 08:00,8,0.0001
2024-01-20 16:00,8,0.0001
2024-01-21 00:00,8,0.0001
2024-01-21 08:00,8,0.0001
2024-01-21 16:00,8,0.0001
2024-01-22 00:00,8,0.0001
2024-01-22 08:00,8,0.0001
2024-01-22 16:00,8,0.0001
2024-01-23 00:00,8,0.0001
2024-01-23 08:00,8,0.0001
2024-01-23 16:00,8,0.0001
2024-01-24 00:00,8,0.0001
2024-01-24 08:00,8,0.0001
2024-01-24 16:00,8,0.0001
2024-01-25 00:00,8,0.0001
2024-01-25 08:00,8,0.0001
2024-01-25 16:00,8,0.0001
2024-01-26 00:00,8,0.0001
2024-01-26 08:00,8,0.0001
2024-01-26 16:00,8,0.0001
2024-01-27 00:00,8,0.0001
2024-01-27 08:00,8,0.0001
2024-01-27 16:00,8,0.0001
2024-01-28 00:00,8,0.0001
2024-01-28 08:00,8,0.0001
2024-01-28 16:00,8,0.0001
2024-01-29 00:00,8,0.0001
2024-01-29 08:00,8,0.0001
2024-01-29 16:00,8,0.0001
2024-01-30 00:00,8,0.0001
2024-01-30 08:00,8,0.0001
2024-01-30 16:00,8,0.0001
2024-01-31 00:00,8,0.0001
2024-01-31 08:00,8,0.0001
2024-01-31 16:00,8,0.0001
2024-02-01 00:00,8,0.0001
2024-02-01 08:00,8,0.0001
2024-02-01 16:00,8,0.0001
2024-02-02 00:00,8,0.0001
2024-02-02 08:00,8,0.0001
2024-02-02 16:00,8,0.0001
2024-02-03 00:00,8,0.0001
2024-02-03 08:00,8,0.0001
2024-02-03 16:00,8,0.0001
2024-02-04 00:00,8,0.0001
2024-02-04 08:00,8,0.0001
2024-02-04 16:00,8,0.0001
2024-02-05 00:00,8,0.0001
2024-02-05 08:00,8,0.0001
2024-02-05 16:00,8,0.0001
2024-02-06 00:00,8,0.0001
2024-02-06 08:00,8,0.0001
2024-02-06 16:00,8,0.0001
2024-02-07 00:00,8,0.0001
2024-02-07 08:00,8,0.0001
2024-02-07 16:00,8,0.0001
2024-02-08 00:00,8,0.0001
2024-02-08 08:00,8,0.0001
2024-02-08 16:00,8,0.0001
2024-02-09 00:00,8,0.0001
2024-02-09 08:00,8,0.0001
2024-02-09 16:00,8,0.0001
2024-02-10 00:00,8,0.0001
2024-02-10 08:00,8,0.0001
2024-02-10 16:00,8,0.0001
2024-02-11 00:00,8,0.0001
2024-02-11 08:00,8,0.0001
2024-02-11 16:00,8,0.0001
2024-02-12 00:00,8,0.0001
2024-02-12 08:00,8,0.0001
2024-02-12 16:00,8,0.0001
2024-02-13 00:00,8,0.0003099
2024-02-13 08:00,8,0.0001
2024-02-13 16:00,8,0.00015123
2024-02-14 00:00,8,0.00020629
2024-02-14 08:00,8,0.00028156
2024-02-14 16:00,8,0.00040444
2024-02-15 00:00,8,0.00033873
2024-02-15 08:00,8,0.00052513
2024-02-15 16:00,8,0.00042808
2024-02-16 00:00,8,0.00065835
2024-02-16 08:00,8,0.00070568
2024-02-16 16:00,8,0.00041989
2024-02-17 00:00,8,0.00040759
2024-02-17 08:00,8,0.00039589
2024-02-17 16:00,8,0.00027092
2024-02-18 00:00,8,0.00042113
2024-02-18 08:00,8,0.00038938
2024-02-18 16:00,8,0.00037254
2024-02-19 00:00,8,0.00034317
2024-02-19 08:00,8,0.00032435
2024-02-19 16:00,8,0.00044337
2024-02-20 00:00,8,0.00050626
2024-02-20 08:00,8,0.00051315
2024-02-20 16:00,8,0.00030455
2024-02-21 00:00,8,0.00038183
2024-02-21 08:00,8,0.00026625
2024-02-21 16:00,8,0.00015019
2024-02-22 00:00,8,0.00024034
2024-02-22 08:00,8,0.00024574
2024-02-22 16:00,8,0.00031338
2024-02-23 00:00,8,0.00031823
2024-02-23 08:00,8,0.00035225
2024-02-23 16:00,8,0.00032123
2024-02-24 00:00,8,0.00029828
2024-02-24 08:00,8,0.00026092
2024-02-24 16:00,8,0.00034866
2024-02-25 00:00,8,0.00030355
2024-02-25 08:00,8,0.00039144
2024-02-25 16:00,8,0.00040907
2024-02-26 00:00,8,0.00044558
2024-02-26 08:00,8,0.00040965
2024-02-26 16:00,8,0.00058007
2024-02-27 00:00,8,0.00051041
2024-02-27 08:00,8,0.00066334
2024-02-27 16:00,8,0.00046365
2024-02-28 00:00,8,0.00061945
2024-02-28 08:00,8,0.00048678
2024-02-28 16:00,8,0.000834
2024-02-29 00:00,8,0.00048076
2024-02-29 08:00,8,0.00078549
2024-02-29 16:00,8,0.00069556
2024-03-01 00:00,8,0.00052409
2024-03-01 08:00,8,0.0008367
2024-03-01 16:00,8,0.00066081
2024-03-02 00:00,8,0.00086233
2024-03-02 08:00,8,0.00110486
2024-03-02 16:00,8,0.00098792
2024-03-03 00:00,8,0.00101303
2024-03-03 08:00,8,0.00093413
2024-03-03 16:00,8,0.00069878
2024-03-04 00:00,8,0.00077221
2024-03-04 08:00,8,0.00089537
2024-03-04 16:00,8,0.0006773
2024-03-05 00:00,8,0.00061767
2024-03-05 08:00,8,0.00144502
2024-03-05 16:00,8,0.00126512
2024-03-06 00:00,8,0.00013829
2024-03-06 08:00,8,0.00050372
2024-03-06 16:00,8,0.00047077
2024-03-07 00:00,8,0.00058065
2024-03-07 08:00,8,0.00058164
2024-03-07 16:00,8,0.00055457
2024-03-08 00:00,8,0.00078777
2024-03-08 08:00,8,0.00075814
2024-03-08 16:00,8,0.00074774
2024-03-09 00:00,8,0.00061124
2024-03-09 08:00,8,0.00101687
2024-03-09 16:00,8,0.00105956
2024-03-10 00:00,8,0.00067785
2024-03-10 08:00,8,0.00081684
2024-03-10 16:00,8,0.00090863
2024-03-11 00:00,8,0.00079544
2024-03-11 08:00,8,0.00085658
2024-03-11 16:00,8,0.00067478
2024-03-12 00:00,8,0.00080754
2024-03-12 08:00,8,0.00067562
2024-03-12 16:00,8,0.00058705
2024-03-13 00:00,8,0.00072047
2024-03-13 08:00,8,0.00054281
2024-03-13 16:00,8,0.000749
2024-03-14 00:00,8,0.00077625
2024-03-14 08:00,8,0.00059526
2024-03-14 16:00,8,0.00072351
2024-03-15 00:00,8,0.00088674
2024-03-15 08:00,8,0.0004841
2024-03-15 16:00,8,0.00018508
2024-03-16 00:00,8,0.00028677
2024-03-16 08:00,8,0.0004287
2024-03-16 16:00,8,0.00028377
2024-03-17 00:00,8,0.0002091
2024-03-17 08:00,8,0.00022915
2024-03-17 16:00,8,0.00010985
2024-03-18 00:00,8,0.00020452
2024-03-18 08:00,8,0.00017716
2024-03-18 16:00,8,0.00019363
2024-03-19 00:00,8,0.00021041
2024-03-19 08:00,8,0.0001
2024-03-19 16:00,8,0.0001
2024-03-20 00:00,8,0.0001
2024-03-20 08:00,8,0.00011753
2024-03-20 16:00,8,0.00021451
2024-03-21 00:00,8,0.00027906
2024-03-21 08:00,8,0.00027448
2024-03-21 16:00,8,0.00019998
2024-03-22 00:00,8,0.00026049
2024-03-22 08:00,8,0.0001978
2024-03-22 16:00,8,0.00025691
2024-03-23 00:00,8,0.00018776
2024-03-23 08:00,8,0.00022404
2024-03-23 16:00,8,0.0001833
2024-03-24 00:00,8,0.00022295
2024-03-24 08:00,8,0.00024035
2024-03-24 16:00,8,0.00018937
2024-03-25 00:00,8,0.00024679
2024-03-25 08:00,8,0.00024529
2024-03-25 16:00,8,0.00029852
2024-03-26 00:00,8,0.00023554
2024-03-26 08:00,8,0.00025678
2024-03-26 16:00,8,0.00031254
2024-03-27 00:00,8,0.00047149
2024-03-27 08:00,8,0.00053991
2024-03-27 16:00,8,0.00042208
2024-03-28 00:00,8,0.00049833
2024-03-28 08:00,8,0.00023937
2024-03-28 16:00,8,0.00031824
2024-03-29 00:00,8,0.00027897
2024-03-29 08:00,8,0.00028878
2024-03-29 16:00,8,0.00054321
2024-03-30 00:00,8,0.00045531
2024-03-30 08:00,8,0.0006081
2024-03-30 16:00,8,0.00070613
2024-03-31 00:00,8,0.00054531
2024-03-31 08:00,8,0.00058687
2024-03-31 16:00,8,0.00051397
2024-04-01 00:00,8,0.00073638
2024-04-01 08:00,8,0.00050091
2024-04-01 16:00,8,0.0003233
2024-04-02 00:00,8,0.00023212
2024-04-02 08:00,8,0.00013602
2024-04-02 16:00,8,0.0001
2024-04-03 00:00,8,0.0001
2024-04-03 08:00,8,0.0001
2024-04-03 16:00,8,0.0001
2024-04-04 00:00,8,0.00016574
2024-04-04 08:00,8,0.00022909
2024-04-04 16:00,8,0.00022989
2024-04-05 00:00,8,0.00016485
2024-04-05 08:00,8,0.00014275
2024-04-05 16:00,8,0.00014914
2024-04-06 00:00,8,0.00025424
2024-04-06 08:00,8,0.00014455
2024-04-06 16:00,8,0.00021424
2024-04-07 00:00,8,0.00016651
2024-04-07 08:00,8,0.0001
2024-04-07 16:00,8,0.0001
2024-04-08 00:00,8,0.0001
2024-04-08 08:00,8,0.0002014
2024-04-08 16:00,8,0.00019107
2024-04-09 00:00,8,0.0001
2024-04-09 08:00,8,0.0002182
2024-04-09 16:00,8,0.0001493
2024-04-10 00:00,8,0.00015492
2024-04-10 08:00,8,0.00028987
2024-04-10 16:00,8,0.00020868
2024-04-11 00:00,8,0.00020599
2024-04-11 08:00,8,0.00012365
2024-04-11 16:00,8,0.00019854
2024-04-12 00:00,8,0.00036343
2024-04-12 08:00,8,0.00014117
2024-04-12 16:00,8,0.00021972
2024-04-13 00:00,8,0.0001
2024-04-13 08:00,8,0.0001
2024-04-13 16:00,8,0.0001
2024-04-14 00:00,8,-0.00010424
2024-04-14 08:00,8,5.58e-05
2024-04-14 16:00,8,8.564e-05
2024-04-15 00:00,8,4.46e-05
2024-04-15 08:00,8,0.0001
2024-04-15 16:00,8,0.0001
2024-04-16 00:00,8,0.0001
2024-04-16 08:00,8,0.0001
2024-04-16 16:00,8,8.658e-05
2024-04-17 00:00,8,0.0001
2024-04-17 08:00,8,0.0001
2024-04-17 16:00,8,4.207e-05
2024-04-18 00:00,8,2.582e-05
2024-04-18 08:00,8,2.931e-05
2024-04-18 16:00,8,0.0001
2024-04-19 00:00,8,8.434e-05
2024-04-19 08:00,8,0.0001
2024-04-19 16:00,8,0.0001
2024-04-20 00:00,8,8.291e-05
2024-04-20 08:00,8,-1.705e-05
2024-04-20 16:00,8,3.451e-05
2024-04-21 00:00,8,0.0001
2024-04-21 08:00,8,9.27e-05
2024-04-21 16:00,8,9.704e-05
2024-04-22 00:00,8,1.006e-05
2024-04-22 08:00,8,7.45e-06
2024-04-22 16:00,8,0.0001
2024-04-23 00:00,8,-9.5e-05
2024-04-23 08:00,8,6.514e-05
2024-04-23 16:00,8,0.0001
2024-04-24 00:00,8,0.0001
2024-04-24 08:00,8,8.317e-05
2024-04-24 16:00,8,0.0001
2024-04-25 00:00,8,2.603e-05
2024-04-25 08:00,8,0.0001
2024-04-25 16:00,8,0.0001
2024-04-26 00:00,8,0.0001
2024-04-26 08:00,8,-1.722e-05
2024-04-26 16:00,8,6.435e-05
2024-04-27 00:00,8,7.98e-06
2024-04-27 08:00,8,0.0001
2024-04-27 16:00,8,0.0001
2024-04-28 00:00,8,0.0001
2024-04-28 08:00,8,0.0001
2024-04-28 16:00,8,0.0001
2024-04-29 00:00,8,0.0001
2024-04-29 08:00,8,-2.088e-05
2024-04-29 16:00,8,0.0001
2024-04-30 00:00,8,0.0001
2024-04-30 08:00,8,7.705e-05
2024-04-30 16:00,8,-3.062e-05
2024-05-01 00:00,8,8.28e-06
2024-05-01 08:00,8,-0.00010703
2024-05-01 16:00,8,0.0001
2024-05-02 00:00,8,9.858e-05
2024-05-02 08:00,8,0.0001
2024-05-02 16:00,8,2.622e-05
2024-05-03 00:00,8,-8.514e-05
2024-05-03 08:00,8,0.0001
2024-05-03 16:00,8,0.0001
2024-05-04 00:00,8,2.239e-05
2024-05-04 08:00,8,0.0001
2024-05-04 16:00,8,0.0001
2024-05-05 00:00,8,1.665e-05
2024-05-05 08:00,8,0.0001
2024-05-05 16:00,8,0.0001
2024-05-06 00:00,8,0.0001
2024-05-06 08:00,8,7.754e-05
2024-05-06 16:00,8,0.0001
2024-05-07 00:00,8,0.0001
2024-05-07 08:00,8,0.0001
2024-05-07 16:00,8,5.226e-05
2024-05-08 00:00,8,7.369e-05
2024-05-08 08:00,8,6.889e-05
2024-05-08 16:00,8,0.0001
2024-05-09 00:00,8,0.0001
2024-05-09 08:00,8,0.0001
2024-05-09 16:00,8,0.0001
2024-05-10 00:00,8,7.003e-05
2024-05-10 08:00,8,0.0001
2024-05-10 16:00,8,0.0001
2024-05-11 00:00,8,0.0001
2024-05-11 08:00,8,4.432e-05
2024-05-11 16:00,8,8.052e-05
2024-05-12 00:00,8,8.61e-05
2024-05-12 08:00,8,5.249e-05
2024-05-12 16:00,8,0.0001
2024-05-13 00:00,8,0.0001
2024-05-13 08:00,8,8.487e-05
2024-05-13 16:00,8,0.0001
2024-05-14 00:00,8,0.0001
2024-05-14 08:00,8,8.871e-05
2024-05-14 16:00,8,0.0001
2024-05-15 00:00,8,0.0001
2024-05-15 08:00,8,0.0001
2024-05-15 16:00,8,0.0001
2024-05-16 00:00,8,-5.985e-05
2024-05-16 08:00,8,0.0001
2024-05-16 16:00,8,7.685e-05
2024-05-17 00:00,8,-6.545e-05
2024-05-17 08:00,8,-4.123e-05
2024-05-17 16:00,8,8.29e-05
2024-05-18 00:00,8,5.896e-05
2024-05-18 08:00,8,-1.135e-05
2024-05-18 16:00,8,0.0001
2024-05-19 00:00,8,-0.0001016
2024-05-19 08:00,8,1.549e-05
2024-05-19 16:00,8,-3.003e-05
2024-05-20 00:00,8,-0.00012021
2024-05-20 08:00,8,9.344e-05
2024-05-20 16:00,8,7.295e-05
2024-05-21 00:00,8,0.0001
2024-05-21 08:00,8,0.0001
2024-05-21 16:00,8,0.0001
2024-05-22 00:00,8,0.0001
2024-05-22 08:00,8,0.0001
2024-05-22 16:00,8,0.0001
2024-05-23 00:00,8,0.0001
2024-05-23 08:00,8,0.0001
2024-05-23 16:00,8,0.0001
2024-05-24 00:00,8,0.0001
2024-05-24 08:00,8,0.0001
2024-05-24 16:00,8,0.0001
2024-05-25 00:00,8,0.0001
2024-05-25 08:00,8,0.0001
2024-05-25 16:00,8,0.0001
2024-05-26 00:00,8,0.0001
2024-05-26 08:00,8,0.0001
2024-05-26 16:00,8,0.0001
2024-05-27 00:00,8,0.0001
2024-05-27 08:00,8,0.0001
2024-05-27 16:00,8,0.0001
2024-05-28 00:00,8,0.0001
2024-05-28 08:00,8,0.0001
2024-05-28 16:00,8,0.0001
2024-05-29 00:00,8,0.00012332
2024-05-29 08:00,8,0.0001513
2024-05-29 16:00,8,0.0001
2024-05-30 00:00,8,0.0001
2024-05-30 08:00,8,0.0001
2024-05-30 16:00,8,0.00010844
2024-05-31 00:00,8,0.0001
2024-05-31 08:00,8,0.0001
2024-05-31 16:00,8,0.0001
2024-06-01 00:00,8,0.0001
2024-06-01 08:00,8,0.0001171
2024-06-01 16:00,8,0.0001
2024-06-02 00:00,8,0.0001
2024-06-02 08:00,8,0.00011859
2024-06-02 16:00,8,0.0001
2024-06-03 00:00,8,0.0001
2024-06-03 08:00,8,0.00012687
2024-06-03 16:00,8,0.00013047
2024-06-04 00:00,8,0.0001
2024-06-04 08:00,8,0.0001
2024-06-04 16:00,8,0.0001
2024-06-05 00:00,8,0.0001
2024-06-05 08:00,8,0.0001882
2024-06-05 16:00,8,0.0001
2024-06-06 00:00,8,0.00023629
2024-06-06 08:00,8,0.00017933
2024-06-06 16:00,8,0.0001
2024-06-07 00:00,8,0.0001
2024-06-07 08:00,8,0.00021092
2024-06-07 16:00,8,0.00017591
2024-06-08 00:00,8,0.0001
2024-06-08 08:00,8,0.0001
2024-06-08 16:00,8,0.0001
2024-06-09 00:00,8,0.0001
2024-06-09 08:00,8,0.0001
2024-06-09 16:00,8,0.0001
2024-06-10 00:00,8,0.0001
2024-06-10 08:00,8,0.0001
2024-06-10 16:00,8,0.0001
2024-06-11 00:00,8,0.0001
2024-06-11 08:00,8,0.0001
2024-06-11 16:00,8,0.0001
2024-06-12 00:00,8,0.0001
2024-06-12 08:00,8,0.0001
2024-06-12 16:00,8,0.0001
2024-06-13 00:00,8,0.0001
2024-06-13 08:00,8,0.0001
2024-06-13 16:00,8,0.0001
2024-06-14 00:00,8,0.0001
2024-06-14 08:00,8,0.0001
2024-06-14 16:00,8,0.0001
2024-06-15 00:00,8,0.0001
2024-06-15 08:00,8,0.0001
2024-06-15 16:00,8,8.513e-05
2024-06-16 00:00,8,0.0001
2024-06-16 08:00,8,0.0001
2024-06-16 16:00,8,-3.457e-05
2024-06-17 00:00,8,0.0001
2024-06-17 08:00,8,0.0001
2024-06-17 16:00,8,0.0001
2024-06-18 00:00,8,0.0001
2024-06-18 08:00,8,-2.148e-05
2024-06-18 16:00,8,2.175e-05
2024-06-19 00:00,8,7.083e-05
2024-06-19 08:00,8,-3.771e-05
2024-06-19 16:00,8,0.0001
2024-06-20 00:00,8,0.0001
2024-06-20 08:00,8,8.853e-05
2024-06-20 16:00,8,1.78e-06
2024-06-21 00:00,8,5.973e-05
2024-06-21 08:00,8,8.172e-05
2024-06-21 16:00,8,-1.386e-05
2024-06-22 00:00,8,0.0001
2024-06-22 08:00,8,9.029e-05
2024-06-22 16:00,8,0.0001
2024-06-23 00:00,8,0.0001
2024-06-23 08:00,8,0.0001
2024-06-23 16:00,8,0.0001
2024-06-24 00:00,8,6.976e-05
2024-06-24 08:00,8,-1.307e-05
2024-06-24 16:00,8,4.032e-05
2024-06-25 00:00,8,0.0001
2024-06-25 08:00,8,0.0001
2024-06-25 16:00,8,0.0001
2024-06-26 00:00,8,0.0001
2024-06-26 08:00,8,0.0001
2024-06-26 16:00,8,0.0001
2024-06-27 00:00,8,0.0001
2024-06-27 08:00,8,0.0001
2024-06-27 16:00,8,0.0001
2024-06-28 00:00,8,0.0001
2024-06-28 08:00,8,0.0001
2024-06-28 16:00,8,0.0001
2024-06-29 00:00,8,0.0001
2024-06-29 08:00,8,0.0001
2024-06-29 16:00,8,0.0001
2024-06-30 00:00,8,0.0001
2024-06-30 08:00,8,1.783e-05
2024-06-30 16:00,8,-2.1e-06
2024-07-01 00:00,8,0.0001
2024-07-01 08:00,8,6.727e-05
2024-07-01 16:00,8,4.104e-05
2024-07-02 00:00,8,-0.00022249
2024-07-02 08:00,8,0.0001
2024-07-02 16:00,8,0.0001
2024-07-03 00:00,8,0.0001
2024-07-03 08:00,8,5.303e-05
2024-07-03 16:00,8,-9.51e-06
2024-07-04 00:00,8,-5.986e-05
2024-07-04 08:00,8,1.85e-06
2024-07-04 16:00,8,1.403e-05
2024-07-05 00:00,8,-0.00024488
2024-07-05 08:00,8,-0.00063598
2024-07-05 16:00,8,-0.00014436
2024-07-06 00:00,8,-1.331e-05
2024-07-06 08:00,8,7.244e-05
2024-07-06 16:00,8,9.207e-05
2024-07-07 00:00,8,0.0001
2024-07-07 08:00,8,0.0001
2024-07-07 16:00,8,-3.656e-05
2024-07-08 00:00,8,-0.00016723
2024-07-08 08:00,8,3.026e-05
2024-07-08 16:00,8,-1.245e-05
2024-07-09 00:00,8,-8.75e-06
2024-07-09 08:00,8,-5.808e-05
2024-07-09 16:00,8,-7.049e-05
2024-07-10 00:00,8,0.0001
2024-07-10 08:00,8,7.66e-05
2024-07-10 16:00,8,-2.298e-05
2024-07-11 00:00,8,0.0001
2024-07-11 08:00,8,0.0001
2024-07-11 16:00,8,0.0001
2024-07-12 00:00,8,0.0001
2024-07-12 08:00,8,0.0001
2024-07-12 16:00,8,0.0001
2024-07-13 00:00,8,0.0001
2024-07-13 08:00,8,0.0001
2024-07-13 16:00,8,8.416e-05
2024-07-14 00:00,8,0.0001
2024-07-14 08:00,8,0.0001
2024-07-14 16:00,8,0.0001
2024-07-15 00:00,8,0.0001
2024-07-15 08:00,8,0.0001
2024-07-15 16:00,8,0.0001
2024-07-16 00:00,8,0.0001
2024-07-16 08:00,8,7.083e-05
2024-07-16 16:00,8,0.0001
2024-07-17 00:00,8,0.0001
2024-07-17 08:00,8,0.0001
2024-07-17 16:00,8,0.0001
2024-07-18 00:00,8,0.0001
2024-07-18 08:00,8,0.0001
2024-07-18 16:00,8,0.0001
2024-07-19 00:00,8,2.158e-05
2024-07-19 08:00,8,0.0001
2024-07-19 16:00,8,1.23e-05
2024-07-20 00:00,8,0.0001
2024-07-20 08:00,8,0.0001
2024-07-20 16:00,8,-6.716e-05
2024-07-21 00:00,8,-0.00021164
2024-07-21 08:00,8,-5.859e-05
2024-07-21 16:00,8,-3.612e-05
2024-07-22 00:00,8,0.0001
2024-07-22 08:00,8,9.437e-05
2024-07-22 16:00,8,7.712e-05
2024-07-23 00:00,8,0.0001
2024-07-23 08:00,8,-8.185e-05
2024-07-23 16:00,8,-2.297e-05
2024-07-24 00:00,8,5.599e-05
2024-07-24 08:00,8,-2.433e-05
2024-07-24 16:00,8,0.0001
2024-07-25 00:00,8,-0.00017089
2024-07-25 08:00,8,-0.00010148
2024-07-25 16:00,8,-0.00018283
2024-07-26 00:00,8,-0.00010379
2024-07-26 08:00,8,4.292e-05
2024-07-26 16:00,8,8.88e-06
2024-07-27 00:00,8,-4.059e-05
2024-07-27 08:00,8,-0.00018983
2024-07-27 16:00,8,-0.00010926
2024-07-28 00:00,8,-9.638e-05
2024-07-28 08:00,8,6.326e-05
2024-07-28 16:00,8,-0.00022384
2024-07-29 00:00,8,7.337e-05
2024-07-29 08:00,8,6.506e-05
2024-07-29 16:00,8,8.99e-05
2024-07-30 00:00,8,-9.197e-05
2024-07-30 08:00,8,0.0001
2024-07-30 16:00,8,0.0001
2024-07-31 00:00,8,0.0001
2024-07-31 08:00,8,0.0001
2024-07-31 16:00,8,0.0001
2024-08-01 00:00,8,0.0001
2024-08-01 08:00,8,0.0001
2024-08-01 16:00,8,4.082e-05
2024-08-02 00:00,8,0.0001
2024-08-02 08:00,8,0.0001
2024-08-02 16:00,8,0.0001
2024-08-03 00:00,8,8.526e-05
2024-08-03 08:00,8,0.0001
2024-08-03 16:00,8,0.0001
2024-08-04 00:00,8,7.51e-05
2024-08-04 08:00,8,-1.78e-06
2024-08-04 16:00,8,3.48e-05
2024-08-05 00:00,8,7.549e-05
2024-08-05 08:00,8,-0.00014548
2024-08-05 16:00,8,5.689e-05
2024-08-06 00:00,8,9.363e-05
2024-08-06 08:00,8,0.0001
2024-08-06 16:00,8,2.899e-05
2024-08-07 00:00,8,2.1e-05
2024-08-07 08:00,8,0.0001
2024-08-07 16:00,8,0.0001
2024-08-08 00:00,8,0.0001
2024-08-08 08:00,8,6.108e-05
2024-08-08 16:00,8,7.44e-05
2024-08-09 00:00,8,6.832e-05
2024-08-09 08:00,8,2.248e-05
2024-08-09 16:00,8,4.9e-05
2024-08-10 00:00,8,4.403e-05
2024-08-10 08:00,8,4.673e-05
2024-08-10 16:00,8,5.653e-05
2024-08-11 00:00,8,5.485e-05
2024-08-11 08:00,8,0.0001
2024-08-11 16:00,8,7.45e-05
2024-08-12 00:00,8,0.0001
2024-08-12 08:00,8,6.747e-05
2024-08-12 16:00,8,0.0001
2024-08-13 00:00,8,0.0001
2024-08-13 08:00,8,0.0001
2024-08-13 16:00,8,9.064e-05
2024-08-14 00:00,8,0.0001
2024-08-14 08:00,8,7.085e-05
2024-08-14 16:00,8,0.0001
2024-08-15 00:00,8,9.882e-05
2024-08-15 08:00,8,0.0001
2024-08-15 16:00,8,0.0001
2024-08-16 00:00,8,7.259e-05
2024-08-16 08:00,8,6.843e-05
2024-08-16 16:00,8,8.582e-05
2024-08-17 00:00,8,5.257e-05
2024-08-17 08:00,8,3.729e-05
2024-08-17 16:00,8,3.174e-05
2024-08-18 00:00,8,6.144e-05
2024-08-18 08:00,8,0.0001
2024-08-18 16:00,8,4.05e-05
2024-08-19 00:00,8,-2.112e-05
2024-08-19 08:00,8,6.791e-05
2024-08-19 16:00,8,-1.6e-06
2024-08-20 00:00,8,5.653e-05
2024-08-20 08:00,8,0.0001
2024-08-20 16:00,8,4.811e-05
2024-08-21 00:00,8,9.787e-05
2024-08-21 08:00,8,8.754e-05
2024-08-21 16:00,8,-6.3e-06
2024-08-22 00:00,8,3.924e-05
2024-08-22 08:00,8,7.896e-05
2024-08-22 16:00,8,0.0001
2024-08-23 00:00,8,0.0001
2024-08-23 08:00,8,0.0001
2024-08-23 16:00,8,0.0001
2024-08-24 00:00,8,0.0001
2024-08-24 08:00,8,0.0001
2024-08-24 16:00,8,0.0001
2024-08-25 00:00,8,0.0001
2024-08-25 08:00,8,0.0001
2024-08-25 16:00,8,0.0001
2024-08-26 00:00,8,0.0001
2024-08-26 08:00,8,0.0001
2024-08-26 16:00,8,0.0001
2024-08-27 00:00,8,3.76e-05
2024-08-27 08:00,8,2.73e-05
2024-08-27 16:00,8,0.0001
2024-08-28 00:00,8,-4.03e-05
2024-08-28 08:00,8,-2.49e-06
2024-08-28 16:00,8,8.718e-05
2024-08-29 00:00,8,-2.448e-05
2024-08-29 08:00,8,1.214e-05
2024-08-29 16:00,8,9.761e-05
2024-08-30 00:00,8,0.0001
2024-08-30 08:00,8,0.0001
2024-08-30 16:00,8,0.0001
2024-08-31 00:00,8,-0.00010753
2024-08-31 08:00,8,6.463e-05
2024-08-31 16:00,8,1.031e-05
2024-09-01 00:00,8,7.706e-05
2024-09-01 08:00,8,7.683e-05
2024-09-01 16:00,8,9.513e-05
2024-09-02 00:00,8,1.697e-05
2024-09-02 08:00,8,-3.945e-05
2024-09-02 16:00,8,0.0001
2024-09-03 00:00,8,0.0001
2024-09-03 08:00,8,1.848e-05
2024-09-03 16:00,8,-5.959e-05
2024-09-04 00:00,8,5.93e-06
2024-09-04 08:00,8,-8.651e-05
2024-09-04 16:00,8,-0.00010528
2024-09-05 00:00,8,6.029e-05
2024-09-05 08:00,8,0.0001
2024-09-05 16:00,8,0.0001
2024-09-06 00:00,8,1.298e-05
2024-09-06 08:00,8,0.0001
2024-09-06 16:00,8,2.945e-05
2024-09-07 00:00,8,-6.582e-05
2024-09-07 08:00,8,6.05e-05
2024-09-07 16:00,8,1.583e-05
2024-09-08 00:00,8,-5.379e-05
2024-09-08 08:00,8,8.7e-05
2024-09-08 16:00,8,0.0001
2024-09-09 00:00,8,4.742e-05
2024-09-09 08:00,8,0.0001
2024-09-09 16:00,8,4.977e-05
2024-09-10 00:00,8,0.0001
2024-09-10 08:00,8,0.0001
2024-09-10 16:00,8,0.0001
2024-09-11 00:00,8,0.0001
2024-09-11 08:00,8,5.325e-05
2024-09-11 16:00,8,9.355e-05
2024-09-12 00:00,8,-1.883e-05
2024-09-12 08:00,8,0.0001
2024-09-12 16:00,8,0.0001
2024-09-13 00:00,8,0.0001
2024-09-13 08:00,8,7.025e-05
2024-09-13 16:00,8,0.0001
2024-09-14 00:00,8,0.0001
2024-09-14 08:00,8,9.917e-05
2024-09-14 16:00,8,0.0001
2024-09-15 00:00,8,0.0001
2024-09-15 08:00,8,0.0001
2024-09-15 16:00,8,0.0001
2024-09-16 00:00,8,0.0001
2024-09-16 08:00,8,0.0001
2024-09-16 16:00,8,5.61e-05
2024-09-17 00:00,8,0.0001
2024-09-17 08:00,8,0.0001
2024-09-17 16:00,8,0.0001
2024-09-18 00:00,8,0.0001
2024-09-18 08:00,8,0.0001
2024-09-18 16:00,8,0.0001
2024-09-19 00:00,8,0.0001
2024-09-19 08:00,8,3.643e-05
2024-09-19 16:00,8,2.009e-05
2024-09-20 00:00,8,0.0001
2024-09-20 08:00,8,0.0001
2024-09-20 16:00,8,0.0001
2024-09-21 00:00,8,0.0001
2024-09-21 08:00,8,0.0001
2024-09-21 16:00,8,-4.49e-05
2024-09-22 00:00,8,1.576e-05
2024-09-22 08:00,8,-2.211e-05
2024-09-22 16:00,8,-4.517e-05
2024-09-23 00:00,8,-0.00010957
2024-09-23 08:00,8,0.0001
2024-09-23 16:00,8,0.0001
2024-09-24 00:00,8,0.0001
2024-09-24 08:00,8,0.0001
2024-09-24 16:00,8,0.0001
2024-09-25 00:00,8,0.0001
2024-09-25 08:00,8,0.0001
2024-09-25 16:00,8,0.0001
2024-09-26 00:00,8,4.099e-05
2024-09-26 08:00,8,0.0001
2024-09-26 16:00,8,8.557e-05
2024-09-27 00:00,8,0.0001
2024-09-27 08:00,8,0.0001
2024-09-27 16:00,8,0.0001
2024-09-28 00:00,8,0.0001
2024-09-28 08:00,8,0.0001
2024-09-28 16:00,8,7.092e-05
2024-09-29 00:00,8,0.0001
2024-09-29 08:00,8,0.0001
2024-09-29 16:00,8,1.171e-05
2024-09-30 00:00,8,0.0001
2024-09-30 08:00,8,0.0001
2024-09-30 16:00,8,0.0001
2024-10-01 00:00,8,0.0001
2024-10-01 08:00,8,0.0001
2024-10-01 16:00,8,0.0001
2024-10-02 00:00,8,0.0001
2024-10-02 08:00,8,0.0001
2024-10-02 16:00,8,0.0001
2024-10-03 00:00,8,8.074e-05
2024-10-03 08:00,8,6.881e-05
2024-10-03 16:00,8,9.075e-05
2024-10-04 00:00,8,2.68e-06
2024-10-04 08:00,8,9.138e-05
2024-10-04 16:00,8,0.0001
2024-10-05 00:00,8,7.318e-05
2024-10-05 08:00,8,0.0001
2024-10-05 16:00,8,0.0001
2024-10-06 00:00,8,-5.773e-05
2024-10-06 08:00,8,6.974e-05
2024-10-06 16:00,8,0.0001
2024-10-07 00:00,8,0.0001
2024-10-07 08:00,8,1.454e-05
2024-10-07 16:00,8,0.0001
2024-10-08 00:00,8,5.832e-05
2024-10-08 08:00,8,7.796e-05
2024-10-08 16:00,8,8.36e-05
2024-10-09 00:00,8,3.289e-05
2024-10-09 08:00,8,0.0001
2024-10-09 16:00,8,0.0001
2024-10-10 00:00,8,0.0001
2024-10-10 08:00,8,0.0001
2024-10-10 16:00,8,0.0001
2024-10-11 00:00,8,0.0001
2024-10-11 08:00,8,0.0001
2024-10-11 16:00,8,0.0001
2024-10-12 00:00,8,0.0001
2024-10-12 08:00,8,0.0001
2024-10-12 16:00,8,0.0001
2024-10-13 00:00,8,0.0001
2024-10-13 08:00,8,0.0001
2024-10-13 16:00,8,0.0001
2024-10-14 00:00,8,0.0001
2024-10-14 08:00,8,0.0001
2024-10-14 16:00,8,0.0001
2024-10-15 00:00,8,-0.00015254
2024-10-15 08:00,8,-3.88e-06
2024-10-15 16:00,8,4.461e-05
2024-10-16 00:00,8,0.0001
2024-10-16 08:00,8,9.685e-05
2024-10-16 16:00,8,4.89e-06
2024-10-17 00:00,8,1.553e-05
2024-10-17 08:00,8,-8.074e-05
2024-10-17 16:00,8,-4.318e-05
2024-10-18 00:00,8,0.0001
2024-10-18 08:00,8,2.036e-05
2024-10-18 16:00,8,0.0001
2024-10-19 00:00,8,0.0001
2024-10-19 08:00,8,0.0001
2024-10-19 16:00,8,0.0001
2024-10-20 00:00,8,0.0001
2024-10-20 08:00,8,0.0001
2024-10-20 16:00,8,0.0001
2024-10-21 00:00,8,0.0001
2024-10-21 08:00,8,0.0001
2024-10-21 16:00,8,0.0001
2024-10-22 00:00,8,0.0001
2024-10-22 08:00,8,0.0001
2024-10-22 16:00,8,0.0001
2024-10-23 00:00,8,0.0001
2024-10-23 08:00,8,0.0001
2024-10-23 16:00,8,0.0001
2024-10-24 00:00,8,0.0001
2024-10-24 08:00,8,0.0001
2024-10-24 16:00,8,0.0001
2024-10-25 00:00,8,0.0001
2024-10-25 08:00,8,0.0001
2024-10-25 16:00,8,0.0001
2024-10-26 00:00,8,0.0001
2024-10-26 08:00,8,0.0001
2024-10-26 16:00,8,0.0001
2024-10-27 00:00,8,0.0001
2024-10-27 08:00,8,0.0001
2024-10-27 16:00,8,0.0001
2024-10-28 00:00,8,0.0001
2024-10-28 08:00,8,0.0001
2024-10-28 16:00,8,0.0001
2024-10-29 00:00,8,0.0001
2024-10-29 08:00,8,0.0001
2024-10-29 16:00,8,0.0001
2024-10-30 00:00,8,0.0001
2024-10-30 08:00,8,0.0001
2024-10-30 16:00,8,0.0001
2024-10-31 00:00,8,0.0001
2024-10-31 08:00,8,0.0001
2024-10-31 16:00,8,0.0001
2024-11-01 00:00,8,0.0001
2024-11-01 08:00,8,0.0001
2024-11-01 16:00,8,0.0001
2024-11-02 00:00,8,0.0001
2024-11-02 08:00,8,0.0001
2024-11-02 16:00,8,0.0001
2024-11-03 00:00,8,0.0001
2024-11-03 08:00,8,0.0001
2024-11-03 16:00,8,0.0001
2024-11-04 00:00,8,0.0001
2024-11-04 08:00,8,9.462e-05
2024-11-04 16:00,8,0.0001
2024-11-05 00:00,8,0.0001
2024-11-05 08:00,8,0.0001
2024-11-05 16:00,8,0.0001
2024-11-06 00:00,8,0.0001
2024-11-06 08:00,8,0.0001
2024-11-06 16:00,8,0.0001
2024-11-07 00:00,8,0.0001
2024-11-07 08:00,8,0.0001
2024-11-07 16:00,8,5.093e-05
2024-11-08 00:00,8,0.0001
2024-11-08 08:00,8,0.0001
2024-11-08 16:00,8,0.0001
2024-11-09 00:00,8,8.906e-05
2024-11-09 08:00,8,0.0001
2024-11-09 16:00,8,0.0001
2024-11-10 00:00,8,0.0001
2024-11-10 08:00,8,0.00015289
2024-11-10 16:00,8,0.00035657
2024-11-11 00:00,8,0.00033663
2024-11-11 08:00,8,0.0001
2024-11-11 16:00,8,0.0001
2024-11-12 00:00,8,0.00029843
2024-11-12 08:00,8,0.00015059
2024-11-12 16:00,8,0.00017352
2024-11-13 00:00,8,0.0001
2024-11-13 08:00,8,0.0001
2024-11-13 16:00,8,0.0001
2024-11-14 00:00,8,0.0001
2024-11-14 08:00,8,0.0001
2024-11-14 16:00,8,0.00011791
2024-11-15 00:00,8,0.0001
2024-11-15 08:00,8,0.0001
2024-11-15 16:00,8,0.0001
2024-11-16 00:00,8,0.0001
2024-11-16 08:00,8,0.00012489
2024-11-16 16:00,8,0.00023648
2024-11-17 00:00,8,0.00021624
2024-11-17 08:00,8,0.00015762
2024-11-17 16:00,8,0.00010183
2024-11-18 00:00,8,0.00020664
2024-11-18 08:00,8,0.00046577
2024-11-18 16:00,8,0.00033352
2024-11-19 00:00,8,0.00023928
2024-11-19 08:00,8,0.00031124
2024-11-19 16:00,8,0.00032508
2024-11-20 00:00,8,0.00017725
2024-11-20 08:00,8,0.0001
2024-11-20 16:00,8,0.0001
2024-11-21 00:00,8,0.0001
2024-11-21 08:00,8,0.0001
2024-11-21 16:00,8,0.0001
2024-11-22 00:00,8,0.00038605
2024-11-22 08:00,8,0.00029815
2024-11-22 16:00,8,0.00027319
2024-11-23 00:00,8,0.00029232
2024-11-23 08:00,8,0.00029712
2024-11-23 16:00,8,0.0001
2024-11-24 00:00,8,0.00021337
2024-11-24 08:00,8,0.0002896
2024-11-24 16:00,8,0.00024289
2024-11-25 00:00,8,0.00026799
2024-11-25 08:00,8,0.00027568
2024-11-25 16:00,8,0.00024699
2024-11-26 00:00,8,0.00018977
2024-11-26 08:00,8,0.00021613
2024-11-26 16:00,8,0.00013723
2024-11-27 00:00,8,0.0001
2024-11-27 08:00,8,0.0001
2024-11-27 16:00,8,0.0001
2024-11-28 00:00,8,0.0002158
2024-11-28 08:00,8,0.00027608
2024-11-28 16:00,8,0.0001
2024-11-29 00:00,8,0.00018327
2024-11-29 08:00,8,0.00018612
2024-11-29 16:00,8,0.00030161
2024-11-30 00:00,8,0.0003889
2024-11-30 08:00,8,0.00032339
2024-11-30 16:00,8,0.00015498
2024-12-01 00:00,8,0.00017469
2024-12-01 08:00,8,0.00027709
2024-12-01 16:00,8,0.00036338
2024-12-02 00:00,8,0.00016552
2024-12-02 08:00,8,0.00038322
2024-12-02 16:00,8,0.00019946
2024-12-03 00:00,8,0.00049552
2024-12-03 08:00,8,0.00047791
2024-12-03 16:00,8,0.00043767
2024-12-04 00:00,8,0.00047114
2024-12-04 08:00,8,0.00040018
2024-12-04 16:00,8,0.00044728
2024-12-05 00:00,8,0.0002844
2024-12-05 08:00,8,0.00057974
2024-12-05 16:00,8,0.00062423
2024-12-06 00:00,8,0.00039683
2024-12-06 08:00,8,0.0004386
2024-12-06 16:00,8,0.00016018
2024-12-07 00:00,8,0.00029067
2024-12-07 08:00,8,0.00026711
2024-12-07 16:00,8,0.00032394
2024-12-08 00:00,8,0.00048296
2024-12-08 08:00,8,0.00031441
2024-12-08 16:00,8,0.0002604
2024-12-09 00:00,8,0.00018225
2024-12-09 08:00,8,0.00032398
2024-12-09 16:00,8,0.0001
2024-12-10 00:00,8,0.0001
2024-12-10 08:00,8,0.0001
2024-12-10 16:00,8,0.0001
2024-12-11 00:00,8,0.0001
2024-12-11 08:00,8,0.0001
2024-12-11 16:00,8,0.0001
2024-12-12 00:00,8,8.629e-05
2024-12-12 08:00,8,0.0001
2024-12-12 16:00,8,0.0001
2024-12-13 00:00,8,1.898e-05
2024-12-13 08:00,8,0.0001
2024-12-13 16:00,8,8.111e-05
2024-12-14 00:00,8,7.315e-05
2024-12-14 08:00,8,8.627e-05
2024-12-14 16:00,8,0.0001
2024-12-15 00:00,8,-0.00032354
2024-12-15 08:00,8,-0.00053265
2024-12-15 16:00,8,-0.00044297
2024-12-16 00:00,8,0.0001
2024-12-16 08:00,8,0.0001
2024-12-16 16:00,8,0.0001
2024-12-17 00:00,8,0.0001
2024-12-17 08:00,8,0.0001
2024-12-17 16:00,8,0.0001
2024-12-18 00:00,8,0.0001
2024-12-18 08:00,8,0.0001
2024-12-18 16:00,8,0.0001
2024-12-19 00:00,8,0.0001
2024-12-19 08:00,8,0.0001
2024-12-19 16:00,8,0.0001
2024-12-20 00:00,8,0.0001
2024-12-20 08:00,8,0.0001
2024-12-20 16:00,8,0.0001
2024-12-21 00:00,8,0.0001
2024-12-21 08:00,8,0.0001
2024-12-21 16:00,8,0.0001
2024-12-22 00:00,8,0.0001
2024-12-22 08:00,8,0.0001
2024-12-22 16:00,8,0.0001
2024-12-23 00:00,8,0.0001
2024-12-23 08:00,8,0.0001
2024-12-23 16:00,8,0.0001
2024-12-24 00:00,8,0.0001
2024-12-24 08:00,8,0.0001
2024-12-24 16:00,8,0.0001
2024-12-25 00:00,8,0.0001
2024-12-25 08:00,8,0.0001
2024-12-25 16:00,8,0.0001
2024-12-26 00:00,8,0.0001
2024-12-26 08:00,8,0.0001
2024-12-26 16:00,8,0.0001
2024-12-27 00:00,8,0.0001
2024-12-27 08:00,8,0.0001
2024-12-27 16:00,8,0.0001
2024-12-28 00:00,8,0.0001
2024-12-28 08:00,8,0.0001
2024-12-28 16:00,8,0.0001
2024-12-29 00:00,8,0.0001
2024-12-29 08:00,8,0.0001
2024-12-29 16:00,8,0.0001
2024-12-30 00:00,8,0.0001
2024-12-30 08:00,8,0.0001
2024-12-30 16:00,8,0.0001
2024-12-31 00:00,8,0.0001
2024-12-31 08:00,8,0.0001
2024-12-31 16:00,8,0.0001
2025-01-01 00:00,8,0.0001
2025-01-01 08:00,8,0.0001
2025-01-01 16:00,8,0.0001
2025-01-02 00:00,8,0.0001
2025-01-02 08:00,8,0.0001
2025-01-02 16:00,8,0.0001
2025-01-03 00:00,8,0.0001
2025-01-03 08:00,8,0.0001
2025-01-03 16:00,8,0.0001
2025-01-04 00:00,8,0.0001
2025-01-04 08:00,8,0.0001
2025-01-04 16:00,8,0.0001
2025-01-05 00:00,8,0.0001
2025-01-05 08:00,8,0.0001
2025-01-05 16:00,8,0.0001
2025-01-06 00:00,8,0.0001
2025-01-06 08:00,8,0.0001
2025-01-06 16:00,8,0.0001
2025-01-07 00:00,8,0.0001
2025-01-07 08:00,8,0.0001
2025-01-07 16:00,8,0.0001
2025-01-08 00:00,8,0.0001
2025-01-08 08:00,8,0.0001
2025-01-08 16:00,8,0.0001
2025-01-09 00:00,8,0.0001
2025-01-09 08:00,8,9.254e-05
2025-01-09 16:00,8,0.0001
2025-01-10 00:00,8,0.0001
2025-01-10 08:00,8,0.0001
2025-01-10 16:00,8,0.0001
2025-01-11 00:00,8,0.0001
2025-01-11 08:00,8,0.0001
2025-01-11 16:00,8,0.0001
2025-01-12 00:00,8,0.0001
2025-01-12 08:00,8,0.0001
2025-01-12 16:00,8,0.0001
2025-01-13 00:00,8,0.0001
2025-01-13 08:00,8,0.0001
2025-01-13 16:00,8,0.0001
2025-01-14 00:00,8,0.0001
2025-01-14 08:00,8,0.0001
2025-01-14 16:00,8,0.0001
2025-01-15 00:00,8,8.924e-05
2025-01-15 08:00,8,0.0001
2025-01-15 16:00,8,0.0001
2025-01-16 00:00,8,0.0001
2025-01-16 08:00,8,0.0001
2025-01-16 16:00,8,0.0001
2025-01-17 00:00,8,0.0001
2025-01-17 08:00,8,0.0001
2025-01-17 16:00,8,0.0001
2025-01-18 00:00,8,0.0001
2025-01-18 08:00,8,9.253e-05
2025-01-18 16:00,8,0.0001
2025-01-19 00:00,8,0.0001
2025-01-19 08:00,8,0.0001
2025-01-19 16:00,8,0.0001
2025-01-20 00:00,8,0.0001
2025-01-20 08:00,8,0.0001
2025-01-20 16:00,8,0.0001
2025-01-21 00:00,8,0.0001
2025-01-21 08:00,8,0.0001
2025-01-21 16:00,8,0.0001
2025-01-22 00:00,8,0.0001
2025-01-22 08:00,8,0.0001
2025-01-22 16:00,8,0.0001
2025-01-23 00:00,8,0.0001
2025-01-23 08:00,8,0.0001
2025-01-23 16:00,8,0.0001
2025-01-24 00:00,8,0.0001
2025-01-24 08:00,8,0.0001
2025-01-24 16:00,8,0.0001
2025-01-25 00:00,8,0.0001
2025-01-25 08:00,8,0.0001
2025-01-25 16:00,8,0.0001
2025-01-26 00:00,8,0.0001
2025-01-26 08:00,8,0.0001
2025-01-26 16:00,8,0.0001
2025-01-27 00:00,8,0.0001
2025-01-27 08:00,8,0.0001
2025-01-27 16:00,8,0.0001
2025-01-28 00:00,8,0.0001
2025-01-28 08:00,8,0.0001
2025-01-28 16:00,8,8.421e-05
2025-01-29 00:00,8,6.312e-05
2025-01-29 08:00,8,0.0001
2025-01-29 16:00,8,0.0001
2025-01-30 00:00,8,0.0001
2025-01-30 08:00,8,0.0001
2025-01-30 16:00,8,0.0001
2025-01-31 00:00,8,0.0001
2025-01-31 08:00,8,0.0001
2025-01-31 16:00,8,0.0001
2025-02-01 00:00,8,0.0001
2025-02-01 08:00,8,0.0001
2025-02-01 16:00,8,0.0001
2025-02-02 00:00,8,0.0001
2025-02-02 08:00,8,0.0001
2025-02-02 16:00,8,0.0001
2025-02-03 00:00,8,0.0001
2025-02-03 08:00,8,0.0001
2025-02-03 16:00,8,0.0001
2025-02-04 00:00,8,8.042e-05
2025-02-04 08:00,8,3.135e-05
2025-02-04 16:00,8,9.51e-06
2025-02-05 00:00,8,0.0001
2025-02-05 08:00,8,6.704e-05
2025-02-05 16:00,8,7.543e-05
2025-02-06 00:00,8,0.0001
2025-02-06 08:00,8,7.05e-06
2025-02-06 16:00,8,0.0001
2025-02-07 00:00,8,0.0001
2025-02-07 08:00,8,3.718e-05
2025-02-07 16:00,8,4.367e-05
2025-02-08 00:00,8,0.0001
2025-02-08 08:00,8,-4.508e-05
2025-02-08 16:00,8,3.888e-05
2025-02-09 00:00,8,4.05e-06
2025-02-09 08:00,8,0.0001
2025-02-09 16:00,8,8.727e-05
2025-02-10 00:00,8,2.28e-05
2025-02-10 08:00,8,0.0001
2025-02-10 16:00,8,0.0001
2025-02-11 00:00,8,4.511e-05
2025-02-11 08:00,8,-4.732e-05
2025-02-11 16:00,8,0.0001
2025-02-12 00:00,8,0.0001
2025-02-12 08:00,8,6.116e-05
2025-02-12 16:00,8,0.0001
2025-02-13 00:00,8,9.768e-05
2025-02-13 08:00,8,8.908e-05
2025-02-13 16:00,8,0.0001
2025-02-14 00:00,8,8.617e-05
2025-02-14 08:00,8,6.295e-05
2025-02-14 16:00,8,0.0001
2025-02-15 00:00,8,0.0001
2025-02-15 08:00,8,9.718e-05
2025-02-15 16:00,8,2.148e-05
2025-02-16 00:00,8,0.0001
2025-02-16 08:00,8,0.0001
2025-02-16 16:00,8,8.933e-05
2025-02-17 00:00,8,3.527e-05
2025-02-17 08:00,8,1.202e-05
2025-02-17 16:00,8,-3.107e-05
2025-02-18 00:00,8,5.837e-05
2025-02-18 08:00,8,0.0001
2025-02-18 16:00,8,0.0001
2025-02-19 00:00,8,0.0001
2025-02-19 08:00,8,0.0001
2025-02-19 16:00,8,0.0001
2025-02-20 00:00,8,8.977e-05
2025-02-20 08:00,8,-3.822e-05
2025-02-20 16:00,8,-3.083e-05
2025-02-21 00:00,8,4.304e-05
2025-02-21 08:00,8,-9.844e-05
2025-02-21 16:00,8,-8.624e-05
2025-02-22 00:00,8,0.0001
2025-02-22 08:00,8,6.211e-05
2025-02-22 16:00,8,-6.18e-06
2025-02-23 00:00,8,0.0001
2025-02-23 08:00,8,0.0001
2025-02-23 16:00,8,0.0001
2025-02-24 00:00,8,0.0001
2025-02-24 08:00,8,0.0001
2025-02-24 16:00,8,0.0001
2025-02-25 00:00,8,0.0001
2025-02-25 08:00,8,8.369e-05
2025-02-25 16:00,8,-6.231e-05
2025-02-26 00:00,8,9.386e-05
2025-02-26 08:00,8,5.027e-05
2025-02-26 16:00,8,9.761e-05
2025-02-27 00:00,8,7.431e-05
2025-02-27 08:00,8,7.995e-05
2025-02-27 16:00,8,9.913e-05
2025-02-28 00:00,8,0.0001
2025-02-28 08:00,8,0.0001
2025-02-28 16:00,8,2.956e-05
2025-03-01 00:00,8,0.0001
2025-03-01 08:00,8,9.981e-05
2025-03-01 16:00,8,0.0001
2025-03-02 00:00,8,6.299e-05
2025-03-02 08:00,8,-1.031e-05
2025-03-02 16:00,8,0.0001
2025-03-03 00:00,8,0.0001
2025-03-03 08:00,8,0.0001
2025-03-03 16:00,8,0.0001
2025-03-04 00:00,8,5.366e-05
2025-03-04 08:00,8,6.916e-05
2025-03-04 16:00,8,-1.985e-05
2025-03-05 00:00,8,1.305e-05
2025-03-05 08:00,8,8.192e-05
2025-03-05 16:00,8,2.711e-05
2025-03-06 00:00,8,9.841e-05
2025-03-06 08:00,8,4.507e-05
2025-03-06 16:00,8,0.0001
2025-03-07 00:00,8,-5.513e-05
2025-03-07 08:00,8,0.0001
2025-03-07 16:00,8,2.746e-05
2025-03-08 00:00,8,0.0001
2025-03-08 08:00,8,4.758e-05
2025-03-08 16:00,8,5.82e-05
2025-03-09 00:00,8,1.489e-05
2025-03-09 08:00,8,0.0001
2025-03-09 16:00,8,7.282e-05
2025-03-10 00:00,8,3.064e-05
2025-03-10 08:00,8,9.847e-05
2025-03-10 16:00,8,8.591e-05
2025-03-11 00:00,8,7.671e-05
2025-03-11 08:00,8,0.0001
2025-03-11 16:00,8,0.0001
2025-03-12 00:00,8,4.24e-05
2025-03-12 08:00,8,0.0001
2025-03-12 16:00,8,0.0001
2025-03-13 00:00,8,2.516e-05
2025-03-13 08:00,8,0.0001
2025-03-13 16:00,8,0.0001
2025-03-14 00:00,8,0.0001
2025-03-14 08:00,8,8.359e-05
2025-03-14 16:00,8,7.796e-05
2025-03-15 00:00,8,-3.372e-05
2025-03-15 08:00,8,4.58e-06
2025-03-15 16:00,8,0.0001
2025-03-16 00:00,8,9.731e-05
2025-03-16 08:00,8,0.0001
2025-03-16 16:00,8,0.0001
2025-03-17 00:00,8,9.005e-05
2025-03-17 08:00,8,-8e-07
2025-03-17 16:00,8,5.659e-05
2025-03-18 00:00,8,-5.481e-05
2025-03-18 08:00,8,0.0001
2025-03-18 16:00,8,0.0001
2025-03-19 00:00,8,0.0001
2025-03-19 08:00,8,0.0001
2025-03-19 16:00,8,8.05e-05
2025-03-20 00:00,8,7.85e-06
2025-03-20 08:00,8,8.699e-05
2025-03-20 16:00,8,1.652e-05
2025-03-21 00:00,8,8.708e-05
2025-03-21 08:00,8,3.687e-05
2025-03-21 16:00,8,8.584e-05
2025-03-22 00:00,8,0.0001
2025-03-22 08:00,8,8.507e-05
2025-03-22 16:00,8,6.027e-05
2025-03-23 00:00,8,0.0001
2025-03-23 08:00,8,0.0001
2025-03-23 16:00,8,0.0001
2025-03-24 00:00,8,9.483e-05
2025-03-24 08:00,8,4.134e-05
2025-03-24 16:00,8,7.206e-05
2025-03-25 00:00,8,5.032e-05
2025-03-25 08:00,8,-4.034e-05
2025-03-25 16:00,8,8.519e-05
2025-03-26 00:00,8,0.0001
2025-03-26 08:00,8,1.409e-05
2025-03-26 16:00,8,0.0001
2025-03-27 00:00,8,0.0001
2025-03-27 08:00,8,7.389e-05
2025-03-27 16:00,8,4.222e-05
2025-03-28 00:00,8,0.0001
2025-03-28 08:00,8,0.0001
2025-03-28 16:00,8,0.0001
2025-03-29 00:00,8,0.0001
2025-03-29 08:00,8,7.744e-05
2025-03-29 16:00,8,8.395e-05
2025-03-30 00:00,8,0.0001
2025-03-30 08:00,8,0.0001
2025-03-30 16:00,8,7.542e-05
2025-03-31 00:00,8,0.0001
2025-03-31 08:00,8,0.0001
2025-03-31 16:00,8,3.988e-05
2025-04-01 00:00,8,-0.00013131
2025-04-01 08:00,8,-0.000237
2025-04-01 16:00,8,2.02e-06
2025-04-02 00:00,8,-0.00560092
2025-04-02 08:00,8,-0.00358599
2025-04-02 16:00,8,-0.00567843
2025-04-03 00:00,8,-0.00476204
2025-04-03 08:00,8,-0.00118561
2025-04-03 16:00,8,-0.00060835
2025-04-04 00:00,8,-0.00066976
2025-04-04 08:00,8,-0.00027652
2025-04-04 16:00,8,-0.00038173
2025-04-05 00:00,8,-0.00041048
2025-04-05 08:00,8,-0.00011997
2025-04-05 16:00,8,-0.00100171
2025-04-06 00:00,8,-0.00058493
2025-04-06 08:00,8,-0.00115033
2025-04-06 16:00,8,-0.00079179
2025-04-07 00:00,8,-9.213e-05
2025-04-07 08:00,8,5.634e-05
2025-04-07 16:00,8,-0.00010736
2025-04-08 00:00,8,-0.000285
2025-04-08 08:00,8,-5.378e-05
2025-04-08 16:00,8,-0.00041279
2025-04-09 00:00,8,-4.026e-05
2025-04-09 08:00,8,-0.00016037
2025-04-09 16:00,8,-0.0021689
2025-04-10 00:00,8,3.39e-06
2025-04-10 08:00,8,-7.415e-05
2025-04-10 16:00,8,-8.247e-05
2025-04-11 00:00,8,-0.00020248
2025-04-11 08:00,8,-0.00010411
2025-04-11 16:00,8,-0.00028675
2025-04-12 00:00,8,-0.00012131
2025-04-12 08:00,8,-0.00130596
2025-04-12 16:00,8,-0.00035721
2025-04-13 00:00,8,-0.00039971
2025-04-13 08:00,8,-0.00140347
2025-04-13 16:00,8,-0.00082082
2025-04-14 00:00,8,-6.661e-05
2025-04-14 08:00,8,-0.00048422
2025-04-14 16:00,8,-0.00015865
2025-04-15 00:00,8,3.1e-07
2025-04-15 08:00,8,5.683e-05
2025-04-15 16:00,8,0.0001
2025-04-16 00:00,8,0.0001
2025-04-16 08:00,8,0.0001
2025-04-16 16:00,8,2.916e-05
2025-04-17 00:00,8,0.0001
2025-04-17 08:00,8,7.455e-05
2025-04-17 16:00,8,-1.734e-05
2025-04-18 00:00,8,3.506e-05
2025-04-18 08:00,8,9.858e-05
2025-04-18 16:00,8,5.388e-05
2025-04-19 00:00,8,0.0001
2025-04-19 08:00,8,5.69e-06
2025-04-19 16:00,8,0.0001
2025-04-20 00:00,8,6.407e-05
2025-04-20 08:00,8,0.0001
2025-04-20 16:00,8,-6.19e-06
2025-04-21 00:00,8,0.0001
2025-04-21 08:00,8,0.0001
2025-04-21 16:00,8,0.0001
2025-04-22 00:00,8,0.0001
2025-04-22 08:00,8,0.0001
2025-04-22 16:00,8,0.0001
2025-04-23 00:00,8,0.0001
2025-04-23 08:00,8,-0.00013043
2025-04-23 16:00,8,0.0001
2025-04-24 00:00,8,0.0001
2025-04-24 08:00,8,0.0001
2025-04-24 16:00,8,0.0001
2025-04-25 00:00,8,0.0001
2025-04-25 08:00,8,0.0001
2025-04-25 16:00,8,0.0001
2025-04-26 00:00,8,0.0001
2025-04-26 08:00,8,0.0001
2025-04-26 16:00,8,0.0001
2025-04-27 00:00,8,0.0001
2025-04-27 08:00,8,0.0001
2025-04-27 16:00,8,0.0001
2025-04-28 00:00,8,0.0001
2025-04-28 08:00,8,9.419e-05
2025-04-28 16:00,8,0.0001
2025-04-29 00:00,8,0.0001
2025-04-29 08:00,8,7.459e-05
2025-04-29 16:00,8,0.0001
2025-04-30 00:00,8,5.716e-05
2025-04-30 08:00,8,0.0001
2025-04-30 16:00,8,0.0001
2025-05-01 00:00,8,0.0001
2025-05-01 08:00,8,0.0001
2025-05-01 16:00,8,0.0001
2025-05-02 00:00,8,0.0001
2025-05-02 08:00,8,5.334e-05
2025-05-02 16:00,8,7.087e-05
2025-05-03 00:00,8,5.919e-05
2025-05-03 08:00,8,0.0001
2025-05-03 16:00,8,-1.502e-05
2025-05-04 00:00,8,8.462e-05
2025-05-04 08:00,8,1.525e-05
2025-05-04 16:00,8,0.0001
2025-05-05 00:00,8,0.0001
2025-05-05 08:00,8,-8.349e-05
2025-05-05 16:00,8,-1.569e-05
2025-05-06 00:00,8,-0.0001092
2025-05-06 08:00,8,-2.645e-05
2025-05-06 16:00,8,5.099e-05
2025-05-07 00:00,8,2.555e-05
2025-05-07 08:00,8,-0.00020687
2025-05-07 16:00,8,-0.00014519
2025-05-08 00:00,8,-0.00010893
2025-05-08 08:00,8,5.283e-05
2025-05-08 16:00,8,0.0001
2025-05-09 00:00,8,0.0001
2025-05-09 08:00,8,0.0001
2025-05-09 16:00,8,0.0001
2025-05-10 00:00,8,0.0001
2025-05-10 08:00,8,0.0001
2025-05-10 16:00,8,0.0001
2025-05-11 00:00,8,0.0001
2025-05-11 08:00,8,-0.00011617
2025-05-11 16:00,8,0.0001
2025-05-12 00:00,8,3.401e-05
2025-05-12 08:00,8,0.0001
2025-05-12 16:00,8,0.0001
2025-05-13 00:00,8,0.0001
2025-05-13 08:00,8,0.0001
2025-05-13 16:00,8,0.0001
2025-05-14 00:00,8,0.0001
2025-05-14 08:00,8,5.737e-05
2025-05-14 16:00,8,0.0001
2025-05-15 00:00,8,0.0001
2025-05-15 08:00,8,1.697e-05
2025-05-15 16:00,8,-0.00035082
2025-05-16 00:00,8,-2.464e-05
2025-05-16 08:00,8,-0.00054199
2025-05-16 16:00,8,-0.00078038
2025-05-17 00:00,8,-0.00044163
2025-05-17 08:00,8,-0.00093325
2025-05-17 16:00,8,-0.00044791
2025-05-18 00:00,8,-0.00086132
2025-05-18 08:00,8,-0.00029175
2025-05-18 16:00,8,4.829e-05
2025-05-19 00:00,8,0.0001
2025-05-19 08:00,8,0.0001
2025-05-19 16:00,8,0.0001
2025-05-20 00:00,8,0.0001
2025-05-20 08:00,8,0.0001
2025-05-20 16:00,8,0.0001
2025-05-21 00:00,8,0.0001
2025-05-21 08:00,8,0.0001
2025-05-21 16:00,8,0.0001
2025-05-22 00:00,8,0.0001
2025-05-22 08:00,8,0.0001
2025-05-22 16:00,8,0.0001
2025-05-23 00:00,8,0.0001
2025-05-23 08:00,8,0.0001
2025-05-23 16:00,8,0.0001
2025-05-24 00:00,8,0.0001
2025-05-24 08:00,8,2.125e-05
2025-05-24 16:00,8,6.23e-05
2025-05-25 00:00,8,0.0001
2025-05-25 08:00,8,-0.00015668
2025-05-25 16:00,8,-8.748e-05
2025-05-26 00:00,8,-7.277e-05
2025-05-26 08:00,8,-6.392e-05
2025-05-26 16:00,8,0.0001
2025-05-27 00:00,8,0.0001
2025-05-27 08:00,8,0.0001
2025-05-27 16:00,8,0.0001
2025-05-28 00:00,8,9.048e-05
2025-05-28 08:00,8,6.404e-05
2025-05-28 16:00,8,0.0001
2025-05-29 00:00,8,0.0001
2025-05-29 08:00,8,0.0001
2025-05-29 16:00,8,0.0001
2025-05-30 00:00,8,0.0001
2025-05-30 08:00,8,0.0001
2025-05-30 16:00,8,0.0001
2025-05-31 00:00,8,0.0001
2025-05-31 08:00,8,0.0001
2025-05-31 16:00,8,2.939e-05
2025-06-01 00:00,8,7.105e-05
2025-06-01 08:00,8,-1.796e-05
2025-06-01 16:00,8,6.025e-05
2025-06-02 00:00,8,0.0001
2025-06-02 08:00,8,7.453e-05
2025-06-02 16:00,8,-2e-06
2025-06-03 00:00,8,5.96e-06
2025-06-03 08:00,8,7.117e-05
2025-06-03 16:00,8,6.093e-05
2025-06-04 00:00,8,0.0001
2025-06-04 08:00,8,-6.655e-05
2025-06-04 16:00,8,-7.8e-06
2025-06-05 00:00,8,8.47e-05
2025-06-05 08:00,8,8.088e-05
2025-06-05 16:00,8,8.19e-05
2025-06-06 00:00,8,6.604e-05
2025-06-06 08:00,8,-1.307e-05
2025-06-06 16:00,8,-0.00032093
2025-06-07 00:00,8,-0.0075
2025-06-07 01:00,1,-0.0075
2025-06-07 02:00,1,-0.0075
2025-06-07 03:00,1,-0.0075
2025-06-07 04:00,1,-0.00266858
2025-06-07 05:00,1,-0.00195372
2025-06-07 06:00,1,-0.00219171
2025-06-07 07:00,1,-0.00134142
2025-06-07 08:00,1,-0.00160808
2025-06-07 09:00,1,-0.00122285
2025-06-07 10:00,1,-0.00108179
2025-06-07 11:00,1,-0.00169783
2025-06-07 12:00,1,-0.00338977
2025-06-07 13:00,1,-0.00291685
2025-06-07 14:00,1,-0.00318166
2025-06-07 15:00,1,-0.00228033
2025-06-07 16:00,1,-0.00196041
2025-06-07 17:00,1,-0.00284798
2025-06-07 18:00,1,-0.00231442
2025-06-07 19:00,1,-0.00167745
2025-06-07 20:00,1,-0.00122163
2025-06-07 21:00,1,-0.00163578
2025-06-07 22:00,1,-0.00233177
2025-06-07 23:00,1,-0.00190954
2025-06-08 00:00,1,-0.00139168
2025-06-08 01:00,1,-0.00169427
2025-06-08 02:00,1,-0.00211537
2025-06-08 03:00,1,-0.0008335
2025-06-08 04:00,1,-0.00043232
2025-06-08 05:00,1,-0.00104858
2025-06-08 06:00,1,-0.00060867
2025-06-08 07:00,1,-0.00070585
2025-06-08 08:00,1,-0.00087293
2025-06-08 09:00,1,-0.00104728
2025-06-08 10:00,1,-0.00081547
2025-06-08 11:00,1,-0.00110866
2025-06-08 12:00,1,-0.00153137
2025-06-08 13:00,1,-0.0009355
2025-06-08 14:00,1,-0.00099156
2025-06-08 15:00,1,-0.00145806
2025-06-08 16:00,1,-0.00138184
2025-06-08 17:00,1,-0.00088346
2025-06-08 18:00,1,-0.00076835
2025-06-08 19:00,1,-0.00169354
2025-06-08 20:00,1,-0.00153274
2025-06-08 21:00,1,-0.00168923
2025-06-08 22:00,1,-0.00181444
2025-06-08 23:00,1,-0.00127336
2025-06-09 00:00,1,-0.00124136
2025-06-09 01:00,1,-0.00046258
2025-06-09 02:00,1,-0.00080991
2025-06-09 03:00,1,-0.00035286
2025-06-09 04:00,1,-0.00043055
2025-06-09 05:00,1,-0.00073138
2025-06-09 06:00,1,-0.00057856
2025-06-09 07:00,1,-0.00095231
2025-06-09 08:00,1,-0.00100094
2025-06-09 09:00,1,-0.00090102
2025-06-09 10:00,1,-0.00066743
2025-06-09 11:00,1,-0.00140736
2025-06-09 12:00,1,-0.0010048
2025-06-09 13:00,1,-0.00084506
2025-06-09 14:00,1,-0.00121842
2025-06-09 15:00,1,-0.0008391
2025-06-09 16:00,1,-0.00095053
2025-06-09 17:00,1,-0.00076174
2025-06-09 18:00,1,-0.00121995
2025-06-09 19:00,1,-0.00068916
2025-06-09 20:00,1,-0.00064047
2025-06-09 21:00,1,-0.00060238
2025-06-09 22:00,1,-0.00080126
2025-06-09 23:00,1,-0.00126539
2025-06-10 00:00,1,-0.00151548
2025-06-10 01:00,1,-0.00109047
2025-06-10 02:00,1,-0.0022487
2025-06-10 03:00,1,-0.00047241
2025-06-10 04:00,1,-0.00079465
2025-06-10 05:00,1,-0.00087375
2025-06-10 06:00,1,-0.00044007
2025-06-10 07:00,1,-0.00079911
2025-06-10 08:00,1,-0.00085333
2025-06-10 09:00,1,-0.00067414
2025-06-10 10:00,1,-0.00044265
2025-06-10 11:00,1,-0.00077284
2025-06-10 12:00,1,-0.00052987
2025-06-10 13:00,1,-0.00032036
2025-06-10 14:00,1,-0.00080033
2025-06-10 15:00,1,-0.00052803
2025-06-10 16:00,1,-0.00068668
2025-06-10 17:00,1,-0.00044817
2025-06-10 18:00,1,-0.00038489
2025-06-10 19:00,1,-0.00057098
2025-06-10 20:00,1,-0.00058397
2025-06-10 21:00,1,-0.00056958
2025-06-10 22:00,1,-0.00028437
2025-06-10 23:00,1,-0.00049473
2025-06-11 00:00,1,-0.0004163
2025-06-11 01:00,1,-0.00035702
2025-06-11 02:00,1,-0.00049322
2025-06-11 03:00,1,-0.00042833
2025-06-11 04:00,1,-0.00051525
2025-06-11 05:00,1,-0.0002931
2025-06-11 06:00,1,-0.00049053
2025-06-11 07:00,1,-0.00043605
2025-06-11 08:00,1,-0.00044194
2025-06-11 09:00,1,-0.0002374
2025-06-11 10:00,1,-0.00034054
2025-06-11 11:00,1,-5.849e-05
2025-06-11 12:00,1,-0.00018317
2025-06-11 13:00,1,-0.00038803
2025-06-11 14:00,1,-0.00019435
2025-06-11 15:00,1,-7.595e-05
2025-06-11 16:00,1,-8.879e-05
2025-06-11 17:00,1,-0.00197538
2025-06-11 18:00,1,-0.00189155
2025-06-11 19:00,1,-0.00048949
2025-06-11 20:00,1,-0.00021234
2025-06-11 21:00,1,-4.744e-05
2025-06-11 22:00,1,-6.21e-05
2025-06-11 23:00,1,-7.076e-05
2025-06-12 00:00,1,-0.00022811
2025-06-12 01:00,1,-6.1e-05
2025-06-12 02:00,1,1.25e-05
2025-06-12 03:00,1,-0.0001028
2025-06-12 04:00,1,-8.062e-05
2025-06-12 05:00,1,-7.926e-05
2025-06-12 06:00,1,-0.00018883
2025-06-12 07:00,1,-0.0001705
2025-06-12 08:00,1,-8.424e-05
2025-06-12 09:00,1,-0.00012843
2025-06-12 10:00,1,-0.00016585
2025-06-12 11:00,1,-8.496e-05
2025-06-12 12:00,1,-0.00031094
2025-06-12 13:00,1,-0.00034107
2025-06-12 14:00,1,-0.00021012
2025-06-12 15:00,1,-0.00028968
2025-06-12 16:00,1,-0.00042031
2025-06-12 17:00,1,-0.00021063
2025-06-12 18:00,1,-0.00029522
2025-06-12 19:00,1,-0.00038468
2025-06-12 20:00,1,-0.00029117
2025-06-12 21:00,1,-0.00024865
2025-06-12 22:00,1,-0.00012844
2025-06-12 23:00,1,-0.00014097
2025-06-13 00:00,1,-0.0002564
2025-06-13 01:00,1,-7.32e-05
2025-06-13 02:00,1,-1.109e-05
2025-06-13 03:00,1,1.25e-05
2025-06-13 04:00,1,-9.111e-05
2025-06-13 05:00,1,-0.00017035
2025-06-13 06:00,1,1.25e-05
2025-06-13 07:00,1,-5.634e-05
2025-06-13 08:00,1,-4.657e-05
2025-06-13 09:00,1,-0.00021214
2025-06-13 10:00,1,-9.42e-06
2025-06-13 11:00,1,-4.13e-06
2025-06-13 12:00,1,1.25e-05
2025-06-13 13:00,1,-7.211e-05
2025-06-13 14:00,1,-3.126e-05
2025-06-13 15:00,1,-2.757e-05
2025-06-13 16:00,1,-0.00011351
2025-06-13 17:00,1,1.25e-05
2025-06-13 18:00,1,1.25e-05
2025-06-13 19:00,1,1.25e-05
2025-06-13 20:00,1,1.25e-05
2025-06-13 21:00,1,1.25e-05
2025-06-13 22:00,1,-6.058e-05
2025-06-13 23:00,1,-5.623e-05
2025-06-14 00:00,1,-9.765e-05
2025-06-14 01:00,1,-6.818e-05
2025-06-14 02:00,1,-0.0001259
2025-06-14 03:00,1,-0.00021268
2025-06-14 04:00,1,-1.025e-05
2025-06-14 05:00,1,-4.245e-05
2025-06-14 06:00,1,-7.618e-05
2025-06-14 07:00,1,-0.00011855
2025-06-14 08:00,1,-9.324e-05
2025-06-14 09:00,1,1.25e-05
2025-06-14 10:00,1,-0.00017183
2025-06-14 11:00,1,-5.137e-05
2025-06-14 12:00,1,-4.338e-05
2025-06-14 13:00,1,-3.408e-05
2025-06-14 14:00,1,1.25e-05
2025-06-14 15:00,1,-5.598e-05
2025-06-14 16:00,1,1.25e-05
2025-06-14 17:00,1,-1.249e-05
2025-06-14 18:00,1,1.25e-05
2025-06-14 19:00,1,-4.033e-05
2025-06-14 20:00,1,-5.502e-05
2025-06-14 21:00,1,-6.62e-05
2025-06-14 22:00,1,1.25e-05
2025-06-14 23:00,1,1.25e-05
2025-06-15 00:00,1,-1.584e-05
2025-06-15 01:00,1,-5.38e-06
2025-06-15 02:00,1,-5.664e-05
2025-06-15 03:00,1,-6.362e-05
2025-06-15 04:00,1,-7.034e-05
2025-06-15 05:00,1,-2.263e-05
2025-06-15 06:00,1,-2.502e-05
2025-06-15 07:00,1,-8.611e-05
2025-06-15 08:00,1,-1.951e-05
2025-06-15 09:00,1,-3.553e-05
2025-06-15 10:00,1,-0.00019665
2025-06-15 11:00,1,-0.00010305
2025-06-15 12:00,1,-0.00016852
2025-06-15 13:00,1,1.25e-05
2025-06-15 14:00,1,-0.0001408
2025-06-15 15:00,1,-0.00010581
2025-06-15 16:00,1,-9.756e-05
2025-06-15 17:00,1,1.201e-05
2025-06-15 18:00,1,-8.366e-05
2025-06-15 19:00,1,1.25e-05
2025-06-15 20:00,1,1.25e-05
2025-06-15 21:00,1,-7.044e-05
2025-06-15 22:00,1,1.25e-05
2025-06-15 23:00,1,1.25e-05
2025-06-16 00:00,1,-2.249e-05
2025-06-16 01:00,1,1.25e-05
2025-06-16 02:00,1,-3.32e-05
2025-06-16 03:00,1,-4.747e-05
2025-06-16 04:00,1,-7.06e-05
2025-06-16 05:00,1,7.59e-06
2025-06-16 06:00,1,1.25e-05
2025-06-16 07:00,1,1.25e-05
2025-06-16 08:00,1,-8.332e-05
2025-06-16 09:00,1,4.16e-06
2025-06-16 10:00,1,-7.989e-05
2025-06-16 11:00,1,-7.315e-05
2025-06-16 12:00,1,-7.78e-06
2025-06-16 13:00,1,-0.00017087
2025-06-16 14:00,1,1.25e-05
2025-06-16 15:00,1,-3.5e-07
2025-06-16 16:00,1,-7.094e-05
2025-06-16 17:00,1,-4.984e-05
2025-06-16 18:00,1,-0.0002288
2025-06-16 19:00,1,7.66e-06
2025-06-16 20:00,1,-4.64e-06
2025-06-16 21:00,1,-3.36e-06
2025-06-16 22:00,1,1.25e-05
2025-06-16 23:00,1,1.25e-05
2025-06-17 00:00,1,-7.988e-05
2025-06-17 01:00,1,9.77e-06
2025-06-17 02:00,1,-4.197e-05
2025-06-17 03:00,1,1.25e-05
2025-06-17 04:00,1,1.25e-05
2025-06-17 05:00,1,1.25e-05
2025-06-17 06:00,1,1.25e-05
2025-06-17 07:00,1,1.25e-05
2025-06-17 08:00,1,1.25e-05
2025-06-17 09:00,1,1.25e-05
2025-06-17 10:00,1,-7.006e-05
2025-06-17 11:00,1,1.25e-05
2025-06-17 12:00,1,1.25e-05
2025-06-17 13:00,1,1.25e-05
2025-06-17 14:00,1,-0.00020219
2025-06-17 15:00,1,-0.00015925
2025-06-17 16:00,1,-1.952e-05
2025-06-17 17:00,1,-7.179e-05
2025-06-17 18:00,1,-8.831e-05
2025-06-17 19:00,1,1.25e-05
2025-06-17 20:00,1,-0.0001994
2025-06-17 21:00,1,1.25e-05
2025-06-17 22:00,1,1.25e-05
2025-06-17 23:00,1,-0.00014463
2025-06-18 00:00,1,-0.00010431
2025-06-18 01:00,1,-3.634e-05
2025-06-18 02:00,1,-5.416e-05
2025-06-18 03:00,1,-5.832e-05
2025-06-18 04:00,1,1.25e-05
2025-06-18 05:00,1,1.25e-05
2025-06-18 06:00,1,-6.079e-05
2025-06-18 07:00,1,1.25e-05
2025-06-18 08:00,1,1.25e-05
2025-06-18 09:00,1,1.25e-05
2025-06-18 10:00,1,1.25e-05
2025-06-18 11:00,1,-0.00011351
2025-06-18 12:00,1,1.25e-05
2025-06-18 13:00,1,-0.00011652
2025-06-18 14:00,1,1.25e-05
2025-06-18 15:00,1,1.25e-05
2025-06-18 16:00,1,1.25e-05
2025-06-18 17:00,1,1.25e-05
2025-06-18 18:00,1,1.25e-05
2025-06-18 19:00,1,1.25e-05
2025-06-18 20:00,1,1.25e-05
2025-06-18 21:00,1,1.25e-05
2025-06-18 22:00,1,1.25e-05
2025-06-18 23:00,1,1.25e-05
2025-06-19 00:00,1,1.25e-05
2025-06-19 01:00,1,1.25e-05
2025-06-19 02:00,1,1.25e-05
2025-06-19 03:00,1,1.25e-05
2025-06-19 04:00,1,1.25e-05
2025-06-19 05:00,1,1.25e-05
2025-06-19 06:00,1,1.25e-05
2025-06-19 07:00,1,1.25e-05
2025-06-19 08:00,1,1.25e-05
2025-06-19 09:00,1,1.25e-05
2025-06-19 10:00,1,1.25e-05
2025-06-19 11:00,1,1.25e-05
2025-06-19 12:00,1,1.25e-05
2025-06-19 13:00,1,1.25e-05
2025-06-19 14:00,1,1.25e-05
2025-06-19 15:00,1,1.25e-05
2025-06-19 16:00,1,1.25e-05
2025-06-19 17:00,1,1.25e-05
2025-06-19 18:00,1,1.25e-05
2025-06-19 19:00,1,1.25e-05
2025-06-19 20:00,1,7.12e-06
2025-06-19 21:00,1,1.25e-05
2025-06-19 22:00,1,1.25e-05
2025-06-19 23:00,1,1.25e-05
2025-06-20 00:00,1,1.25e-05
2025-06-20 01:00,1,1.25e-05
2025-06-20 02:00,1,1.25e-05
2025-06-20 03:00,1,-1.08e-06
2025-06-20 04:00,1,1.25e-05
2025-06-20 05:00,1,1.25e-05
2025-06-20 06:00,1,1.25e-05
2025-06-20 07:00,1,1.25e-05
2025-06-20 08:00,1,1.25e-05
2025-06-20 09:00,1,-6.154e-05
2025-06-20 10:00,1,1.25e-05
2025-06-20 11:00,1,1.25e-05
2025-06-20 12:00,1,1.25e-05
2025-06-20 13:00,1,1.25e-05
2025-06-20 14:00,1,1.25e-05
2025-06-20 15:00,1,-5.288e-05
2025-06-20 16:00,1,1.25e-05
2025-06-20 17:00,1,1.25e-05
2025-06-20 18:00,1,1.25e-05
2025-06-20 19:00,1,1.25e-05
2025-06-20 20:00,1,1.25e-05
2025-06-20 21:00,1,-1.175e-05
2025-06-20 22:00,1,3.78e-06
2025-06-20 23:00,1,1.25e-05
2025-06-21 00:00,1,1.25e-05
2025-06-21 01:00,1,1.25e-05
2025-06-21 02:00,1,1.25e-05
2025-06-21 03:00,1,1.25e-05
2025-06-21 04:00,1,1.25e-05
2025-06-21 05:00,1,1.25e-05
2025-06-21 06:00,1,1.25e-05
2025-06-21 07:00,1,1.25e-05
2025-06-21 08:00,1,1.25e-05
2025-06-21 09:00,1,1.25e-05
2025-06-21 10:00,1,1.25e-05
2025-06-21 11:00,1,5.26e-06
2025-06-21 12:00,1,1.25e-05
2025-06-21 13:00,1,1.25e-05
2025-06-21 14:00,1,1.25e-05
2025-06-21 15:00,1,1.25e-05
2025-06-21 16:00,1,1.25e-05
2025-06-21 17:00,1,1.25e-05
2025-06-21 18:00,1,1.25e-05
2025-06-21 19:00,1,1.25e-05
2025-06-21 20:00,1,1.25e-05
2025-06-21 21:00,1,-8.002e-05
2025-06-21 22:00,1,7.47e-06
2025-06-21 23:00,1,1.25e-05
2025-06-22 00:00,1,1.25e-05
2025-06-22 01:00,1,-9.9e-06
2025-06-22 02:00,1,1.25e-05
2025-06-22 03:00,1,1.25e-05
2025-06-22 04:00,1,1.25e-05
2025-06-22 05:00,1,1.25e-05
2025-06-22 06:00,1,1.25e-05
2025-06-22 07:00,1,-7.03e-05
2025-06-22 08:00,1,1.25e-05
2025-06-22 09:00,1,1.25e-05
2025-06-22 10:00,1,1.25e-05
2025-06-22 11:00,1,1.25e-05
2025-06-22 12:00,1,1.25e-05
2025-06-22 13:00,1,1.25e-05
2025-06-22 14:00,1,1.25e-05
2025-06-22 15:00,1,1.25e-05
2025-06-22 16:00,1,1.25e-05
2025-06-22 17:00,1,1.25e-05
2025-06-22 18:00,1,1.25e-05
2025-06-22 19:00,1,-8.748e-05
2025-06-22 20:00,1,1.25e-05
2025-06-22 21:00,1,1.25e-05
2025-06-22 22:00,1,-0.00012942
2025-06-22 23:00,1,1.25e-05
2025-06-23 00:00,1,-4.69e-06
2025-06-23 01:00,1,-0.00027286
2025-06-23 02:00,1,1.25e-05
2025-06-23 03:00,1,-0.00023338
2025-06-23 04:00,1,1.25e-05
2025-06-23 05:00,1,1.25e-05
2025-06-23 06:00,1,-3.138e-05
2025-06-23 07:00,1,1.25e-05
2025-06-23 08:00,1,1.25e-05
2025-06-23 09:00,1,1.25e-05
2025-06-23 10:00,1,1.25e-05
2025-06-23 11:00,1,1.25e-05
2025-06-23 12:00,1,1.25e-05
2025-06-23 13:00,1,-5.54e-05
2025-06-23 14:00,1,1.25e-05
2025-06-23 15:00,1,-2.132e-05
2025-06-23 16:00,1,1.25e-05
2025-06-23 17:00,1,1.25e-05
2025-06-23 18:00,1,1.25e-05
2025-06-23 19:00,1,1.25e-05
2025-06-23 20:00,1,1.25e-05
2025-06-23 21:00,1,-2.328e-05
2025-06-23 22:00,1,-1.112e-05
2025-06-23 23:00,1,-6.011e-05
2025-06-24 00:00,1,-4.292e-05
2025-06-24 01:00,1,1.25e-05
2025-06-24 02:00,1,1.25e-05
2025-06-24 03:00,1,1.25e-05
2025-06-24 04:00,1,1.25e-05
2025-06-24 05:00,1,1.25e-05
2025-06-24 06:00,1,1.25e-05
2025-06-24 07:00,1,1.25e-05
2025-06-24 08:00,1,-7.936e-05
2025-06-24 09:00,1,-6.547e-05
2025-06-24 10:00,1,1.25e-05
2025-06-24 11:00,1,1.25e-05
2025-06-24 12:00,1,-1.766e-05
2025-06-24 13:00,1,1.25e-05
2025-06-24 14:00,1,-0.00010627
2025-06-24 15:00,1,-5.469e-05
2025-06-24 16:00,1,1.175e-05
2025-06-24 17:00,1,1.25e-05
2025-06-24 18:00,1,-2.558e-05
2025-06-24 19:00,1,-6.232e-05
2025-06-24 20:00,1,1.25e-05
2025-06-24 21:00,1,1.25e-05
2025-06-24 22:00,1,1.25e-05
2025-06-24 23:00,1,1.25e-05
2025-06-25 00:00,1,1.25e-05
2025-06-25 01:00,1,1.25e-05
2025-06-25 02:00,1,-3.286e-05
2025-06-25 03:00,1,-0.00013118
2025-06-25 04:00,1,1.25e-05
2025-06-25 05:00,1,1.25e-05
2025-06-25 06:00,1,1.25e-05
2025-06-25 07:00,1,1.25e-05
2025-06-25 08:00,1,-0.00013979
2025-06-25 09:00,1,1.25e-05
2025-06-25 10:00,1,1.25e-05
2025-06-25 11:00,1,-6.905e-05
2025-06-25 12:00,1,1.25e-05
2025-06-25 13:00,1,1.25e-05
2025-06-25 14:00,1,1.25e-05
2025-06-25 15:00,1,1.25e-05
2025-06-25 16:00,1,4.78e-06
2025-06-25 17:00,1,-2.812e-05
2025-06-25 18:00,1,1.25e-05
2025-06-25 19:00,1,-6.719e-05
2025-06-25 20:00,1,-0.00010576
2025-06-25 21:00,1,1.25e-05
2025-06-25 22:00,1,-0.00011574
2025-06-25 23:00,1,-4.248e-05
2025-06-26 00:00,1,-2.441e-05
2025-06-26 01:00,1,-1.896e-05
2025-06-26 02:00,1,-3.565e-05
2025-06-26 03:00,1,-2.325e-05
2025-06-26 04:00,1,1.216e-05
2025-06-26 05:00,1,-0.00010696
2025-06-26 06:00,1,1.006e-05
2025-06-26 07:00,1,-8.3e-06
2025-06-26 08:00,1,-0.00018769
2025-06-26 09:00,1,-0.00010952
2025-06-26 10:00,1,1.25e-05
2025-06-26 11:00,1,1.25e-05
2025-06-26 12:00,1,-3.07e-05
2025-06-26 13:00,1,-1.339e-05
2025-06-26 14:00,1,1.25e-05
2025-06-26 15:00,1,1.25e-05
2025-06-26 16:00,1,1.25e-05
2025-06-26 17:00,1,1.25e-05
2025-06-26 18:00,1,-0.00010795
2025-06-26 19:00,1,1.25e-05
2025-06-26 20:00,1,-3.478e-05
2025-06-26 21:00,1,1.25e-05
2025-06-26 22:00,1,-2.16e-06
2025-06-26 23:00,1,1.25e-05
2025-06-27 00:00,1,1.25e-05
2025-06-27 01:00,1,-5.23e-06
2025-06-27 02:00,1,-7.927e-05
2025-06-27 03:00,1,-5.699e-05
2025-06-27 04:00,1,1.25e-05
2025-06-27 05:00,1,1.25e-05
2025-06-27 06:00,1,1.25e-05
2025-06-27 07:00,1,-4.38e-05
2025-06-27 08:00,1,-0.00016154
2025-06-27 09:00,1,1.25e-05
2025-06-27 10:00,1,1.123e-05
2025-06-27 11:00,1,1.25e-05
2025-06-27 12:00,1,-6.291e-05
2025-06-27 13:00,1,-8.923e-05
2025-06-27 14:00,1,7.57e-06
2025-06-27 15:00,1,4.93e-06
2025-06-27 16:00,1,1.25e-05
2025-06-27 17:00,1,-7.931e-05
2025-06-27 18:00,1,1.25e-05
2025-06-27 19:00,1,1.25e-05
2025-06-27 20:00,1,1.25e-05
2025-06-27 21:00,1,1.25e-05
2025-06-27 22:00,1,7.38e-06
2025-06-27 23:00,1,1.25e-05
2025-06-28 00:00,1,1.25e-05
2025-06-28 01:00,1,-0.00019537
2025-06-28 02:00,1,1.25e-05
2025-06-28 03:00,1,-0.00019092
2025-06-28 04:00,1,-0.00010664
2025-06-28 05:00,1,-0.00020576
2025-06-28 06:00,1,-0.00028562
2025-06-28 07:00,1,1.25e-05
2025-06-28 08:00,1,-7.329e-05
2025-06-28 09:00,1,-2.724e-05
2025-06-28 10:00,1,-8.205e-05
2025-06-28 11:00,1,-7.323e-05
2025-06-28 12:00,1,1.25e-05
2025-06-28 13:00,1,1.25e-05
2025-06-28 14:00,1,1.25e-05
2025-06-28 15:00,1,1.25e-05
2025-06-28 16:00,1,-7.282e-05
2025-06-28 17:00,1,-6.486e-05
2025-06-28 18:00,1,1.25e-05
2025-06-28 19:00,1,1.25e-05
2025-06-28 20:00,1,-0.00015532
2025-06-28 21:00,1,1.25e-05
2025-06-28 22:00,1,1.25e-05
2025-06-28 23:00,1,-1.281e-05
2025-06-29 00:00,1,1.25e-05
2025-06-29 01:00,1,1.25e-05
2025-06-29 02:00,1,1.25e-05
2025-06-29 03:00,1,1.25e-05
2025-06-29 04:00,1,1.25e-05
2025-06-29 05:00,1,1.25e-05
2025-06-29 06:00,1,1.25e-05
2025-06-29 07:00,1,1.25e-05
2025-06-29 08:00,1,1.25e-05
2025-06-29 09:00,1,1.25e-05
2025-06-29 10:00,1,-4.954e-05
2025-06-29 11:00,1,1.25e-05
2025-06-29 12:00,1,-7.583e-05
2025-06-29 13:00,1,1.25e-05
2025-06-29 14:00,1,1.25e-05
2025-06-29 15:00,1,1.25e-05
2025-06-29 16:00,1,1.25e-05
2025-06-29 17:00,1,1.25e-05
2025-06-29 18:00,1,1.25e-05
2025-06-29 19:00,1,1.25e-05
2025-06-29 20:00,1,1.25e-05
2025-06-29 21:00,1,1.25e-05
2025-06-29 22:00,1,1.25e-05
2025-06-29 23:00,1,1.25e-05
2025-06-30 00:00,1,1.25e-05
2025-06-30 01:00,1,1.25e-05
2025-06-30 02:00,1,1.25e-05
2025-06-30 03:00,1,1.25e-05
2025-06-30 04:00,1,-4.557e-05
2025-06-30 05:00,1,-8.576e-05
2025-06-30 06:00,1,1.25e-05
2025-06-30 07:00,1,1.25e-05
2025-06-30 08:00,1,1.25e-05
2025-06-30 09:00,1,1.25e-05
2025-06-30 10:00,1,-8.54e-06
2025-06-30 11:00,1,1.25e-05
2025-06-30 12:00,1,1.25e-05
2025-06-30 13:00,1,1.25e-05
2025-06-30 14:00,1,1.25e-05
2025-06-30 15:00,1,-0.00016152
2025-06-30 16:00,1,-0.00016571
2025-06-30 17:00,1,1.25e-05
2025-06-30 18:00,1,-0.00011274
2025-06-30 19:00,1,-6.857e-05
2025-06-30 20:00,1,-1.044e-05
2025-06-30 21:00,1,-1.438e-05
2025-06-30 22:00,1,1.25e-05
2025-06-30 23:00,1,1.25e-05
2025-07-01 00:00,1,1.25e-05
2025-07-01 01:00,1,-7.864e-05
2025-07-01 02:00,1,-0.00015392
2025-07-01 03:00,1,1.25e-05
2025-07-01 04:00,1,1.25e-05
2025-07-01 05:00,1,1.25e-05
2025-07-01 06:00,1,1.25e-05
2025-07-01 07:00,1,-5.56e-06
2025-07-01 08:00,1,1.25e-05
2025-07-01 09:00,1,1.25e-05
2025-07-01 10:00,1,-3.95e-06
2025-07-01 11:00,1,1.25e-05
2025-07-01 12:00,1,-2.109e-05
2025-07-01 13:00,1,-5.507e-05
2025-07-01 14:00,1,1.25e-05
2025-07-01 15:00,1,1.25e-05
2025-07-01 16:00,1,1.25e-05
2025-07-01 17:00,1,-8.145e-05
2025-07-01 18:00,1,-3.018e-05
2025-07-01 19:00,1,1.25e-05
2025-07-01 20:00,1,-0.00018814
2025-07-01 21:00,1,-0.00018239
2025-07-01 22:00,1,1.25e-05
2025-07-01 23:00,1,-0.00034506
2025-07-02 00:00,1,1.25e-05
2025-07-02 01:00,1,1.25e-05
2025-07-02 02:00,1,1.25e-05
2025-07-02 03:00,1,1.25e-05
2025-07-02 04:00,1,1.25e-05
2025-07-02 05:00,1,1.25e-05
2025-07-02 06:00,1,1.25e-05
2025-07-02 07:00,1,1.25e-05
2025-07-02 08:00,1,-9.15e-06
2025-07-02 09:00,1,1.25e-05
2025-07-02 10:00,1,1.25e-05
2025-07-02 11:00,1,1.25e-05
2025-07-02 12:00,1,1.25e-05
2025-07-02 13:00,1,1.25e-05
2025-07-02 14:00,1,1.25e-05
2025-07-02 15:00,1,1.25e-05
2025-07-02 16:00,1,1.25e-05
2025-07-02 17:00,1,1.25e-05
2025-07-02 18:00,1,1.25e-05
2025-07-02 19:00,1,1.25e-05
2025-07-02 20:00,1,1.25e-05
2025-07-02 21:00,1,1.25e-05
2025-07-02 22:00,1,1.25e-05
2025-07-02 23:00,1,1.25e-05
2025-07-03 00:00,1,1.25e-05
2025-07-03 01:00,1,1.25e-05
2025-07-03 02:00,1,1.25e-05
2025-07-03 03:00,1,1.25e-05
2025-07-03 04:00,1,1.25e-05
2025-07-03 05:00,1,1.25e-05
2025-07-03 06:00,1,1.25e-05
2025-07-03 07:00,1,1.25e-05
2025-07-03 08:00,1,1.25e-05
2025-07-03 09:00,1,1.25e-05
2025-07-03 10:00,1,1.25e-05
2025-07-03 11:00,1,1.25e-05
2025-07-03 12:00,1,1.25e-05
2025-07-03 13:00,1,1.25e-05
2025-07-03 14:00,1,1.25e-05
2025-07-03 15:00,1,1.25e-05
2025-07-03 16:00,1,1.25e-05
2025-07-03 17:00,1,1.25e-05
2025-07-03 18:00,1,1.25e-05
2025-07-03 19:00,1,1.25e-05
2025-07-03 20:00,1,1.25e-05
2025-07-03 21:00,1,1.25e-05
2025-07-03 22:00,1,1.25e-05
2025-07-03 23:00,1,1.25e-05
2025-07-04 00:00,1,1.25e-05
2025-07-04 01:00,1,1.25e-05
2025-07-04 02:00,1,1.25e-05
2025-07-04 03:00,1,1.25e-05
2025-07-04 04:00,1,1.25e-05
2025-07-04 05:00,1,1.25e-05
2025-07-04 06:00,1,1.25e-05
2025-07-04 07:00,1,1.25e-05
2025-07-04 08:00,1,1.25e-05
2025-07-04 09:00,1,1.25e-05
2025-07-04 10:00,1,1.25e-05
2025-07-04 11:00,1,1.25e-05
2025-07-04 12:00,1,-1.97e-06
2025-07-04 13:00,1,-5.691e-05
2025-07-04 14:00,1,-7.5e-07
2025-07-04 15:00,1,1.25e-05
2025-07-04 16:00,1,-1.118e-05
2025-07-04 17:00,1,1.25e-05
2025-07-04 18:00,1,1.25e-05
2025-07-04 19:00,1,-8.078e-05
2025-07-04 20:00,1,-0.00017733
2025-07-04 21:00,1,1.25e-05
2025-07-04 22:00,1,1.25e-05
2025-07-04 23:00,1,-1.68e-05
2025-07-05 00:00,1,1.25e-05
2025-07-05 01:00,1,1.25e-05
2025-07-05 02:00,1,-0.00014574
2025-07-05 03:00,1,1.25e-05
2025-07-05 04:00,1,-0.00016915
2025-07-05 05:00,1,-0.00032844
2025-07-05 06:00,1,1.25e-05
2025-07-05 07:00,1,-4.311e-05
2025-07-05 08:00,1,-0.00014814
2025-07-05 09:00,1,1.25e-05
2025-07-05 10:00,1,1.25e-05
2025-07-05 11:00,1,-5.35e-05
2025-07-05 12:00,1,-0.00011213
2025-07-05 13:00,1,1.25e-05
2025-07-05 14:00,1,-0.00014042
2025-07-05 15:00,1,1.25e-05
2025-07-05 16:00,1,-4.406e-05
2025-07-05 17:00,1,1.25e-05
2025-07-05 18:00,1,1.25e-05
2025-07-05 19:00,1,-4.826e-05
2025-07-05 20:00,1,1.25e-05
2025-07-05 21:00,1,1.25e-05
2025-07-05 22:00,1,-3.83e-05
2025-07-05 23:00,1,1.25e-05
2025-07-06 00:00,1,-1.718e-05
2025-07-06 01:00,1,-2.739e-05
2025-07-06 02:00,1,-9.594e-05
2025-07-06 03:00,1,-4.29e-05
2025-07-06 04:00,1,1.25e-05
2025-07-06 05:00,1,-3.063e-05
2025-07-06 06:00,1,1.25e-05
2025-07-06 07:00,1,1.25e-05
2025-07-06 08:00,1,-1.996e-05
2025-07-06 09:00,1,1.25e-05
2025-07-06 10:00,1,1.25e-05
2025-07-06 11:00,1,1.25e-05
2025-07-06 12:00,1,1.25e-05
2025-07-06 13:00,1,1.25e-05
2025-07-06 14:00,1,1.25e-05
2025-07-06 15:00,1,1.25e-05
2025-07-06 16:00,1,1.25e-05
2025-07-06 17:00,1,1.25e-05
2025-07-06 18:00,1,-7.52e-06
2025-07-06 19:00,1,1.25e-05
2025-07-06 20:00,1,-4.364e-05
2025-07-06 21:00,1,1.25e-05
2025-07-06 22:00,1,1.25e-05
2025-07-06 23:00,1,1.25e-05
2025-07-07 00:00,1,1.25e-05
2025-07-07 01:00,1,1.25e-05
2025-07-07 02:00,1,1.25e-05
2025-07-07 03:00,1,1.25e-05
2025-07-07 04:00,1,1.054e-05
2025-07-07 05:00,1,1.25e-05
2025-07-07 06:00,1,1.25e-05
2025-07-07 07:00,1,-1.348e-05
2025-07-07 08:00,1,1.25e-05
2025-07-07 09:00,1,1.25e-05
2025-07-07 10:00,1,1.25e-05
2025-07-07 11:00,1,-2.462e-05
2025-07-07 12:00,1,1.25e-05
2025-07-07 13:00,1,1.25e-05
2025-07-07 14:00,1,1.25e-05
2025-07-07 15:00,1,1.25e-05
2025-07-07 16:00,1,1.25e-05
2025-07-07 17:00,1,1.25e-05
2025-07-07 18:00,1,1.25e-05
2025-07-07 19:00,1,1.25e-05
2025-07-07 20:00,1,1.25e-05
2025-07-07 21:00,1,1.25e-05
2025-07-07 22:00,1,1.25e-05
2025-07-07 23:00,1,1.25e-05
2025-07-08 00:00,1,1.25e-05
2025-07-08 01:00,1,-5.191e-05
2025-07-08 02:00,1,1.25e-05
2025-07-08 03:00,1,-1.527e-05
2025-07-08 04:00,1,-0.00011084
2025-07-08 05:00,1,1.05e-05
2025-07-08 06:00,1,1.25e-05
2025-07-08 07:00,1,1.25e-05
2025-07-08 08:00,1,1.25e-05
2025-07-08 09:00,1,-1.35e-06
2025-07-08 10:00,1,1.25e-05
2025-07-08 11:00,1,1.25e-05
2025-07-08 12:00,1,1.25e-05
2025-07-08 13:00,1,1.25e-05
2025-07-08 14:00,1,1.25e-05
2025-07-08 15:00,1,1.25e-05
2025-07-08 16:00,1,1.25e-05
2025-07-08 17:00,1,1.25e-05
2025-07-08 18:00,1,1.25e-05
2025-07-08 19:00,1,1.25e-05
2025-07-08 20:00,1,1.25e-05
2025-07-08 21:00,1,1.25e-05
2025-07-08 22:00,1,1.25e-05
2025-07-08 23:00,1,1.25e-05
2025-07-09 00:00,1,1.25e-05
2025-07-09 01:00,1,1.25e-05
2025-07-09 02:00,1,1.25e-05
2025-07-09 03:00,1,1.25e-05
2025-07-09 04:00,1,1.25e-05
2025-07-09 05:00,1,1.25e-05
2025-07-09 06:00,1,1.25e-05
2025-07-09 07:00,1,1.25e-05
2025-07-09 08:00,1,1.25e-05
2025-07-09 09:00,1,1.25e-05
2025-07-09 10:00,1,1.25e-05
2025-07-09 11:00,1,1.25e-05
2025-07-09 12:00,1,1.25e-05
2025-07-09 13:00,1,1.25e-05
2025-07-09 14:00,1,1.25e-05
2025-07-09 15:00,1,1.25e-05
2025-07-09 16:00,1,1.25e-05
2025-07-09 17:00,1,1.25e-05
2025-07-09 18:00,1,1.25e-05
2025-07-09 19:00,1,1.25e-05
2025-07-09 20:00,1,1.25e-05
2025-07-09 21:00,1,1.25e-05
2025-07-09 22:00,1,1.25e-05
2025-07-09 23:00,1,1.25e-05
2025-07-10 00:00,1,1.25e-05
2025-07-10 01:00,1,1.25e-05
2025-07-10 02:00,1,1.25e-05
2025-07-10 03:00,1,1.25e-05
2025-07-10 04:00,1,1.25e-05
2025-07-10 05:00,1,1.25e-05
2025-07-10 06:00,1,1.25e-05
2025-07-10 07:00,1,1.25e-05
2025-07-10 08:00,1,1.25e-05
2025-07-10 09:00,1,1.25e-05
2025-07-10 10:00,1,1.25e-05
2025-07-10 11:00,1,1.25e-05
2025-07-10 12:00,1,1.25e-05
2025-07-10 13:00,1,1.25e-05
2025-07-10 14:00,1,1.25e-05
2025-07-10 15:00,1,1.25e-05
2025-07-10 16:00,1,1.25e-05
2025-07-10 17:00,1,1.25e-05
2025-07-10 18:00,1,1.25e-05
2025-07-10 19:00,1,1.25e-05
2025-07-10 20:00,1,-1.979e-05
2025-07-10 21:00,1,1.25e-05
2025-07-10 22:00,1,1.25e-05
2025-07-10 23:00,1,1.25e-05
2025-07-11 00:00,1,1.25e-05
2025-07-11 01:00,1,1.25e-05
2025-07-11 02:00,1,1.25e-05
2025-07-11 03:00,1,1.25e-05
2025-07-11 04:00,1,1.25e-05
2025-07-11 05:00,1,1.25e-05
2025-07-11 06:00,1,1.25e-05
2025-07-11 07:00,1,1.25e-05
2025-07-11 08:00,1,1.25e-05
2025-07-11 09:00,1,1.25e-05
2025-07-11 10:00,1,1.25e-05
2025-07-11 11:00,1,1.25e-05
2025-07-11 12:00,1,1.25e-05
2025-07-11 13:00,1,1.25e-05
2025-07-11 14:00,1,1.25e-05
2025-07-11 15:00,1,1.25e-05
2025-07-11 16:00,1,1.25e-05
2025-07-11 17:00,1,1.25e-05
2025-07-11 18:00,1,1.25e-05
2025-07-11 19:00,1,1.25e-05
2025-07-11 20:00,1,1.25e-05
2025-07-11 21:00,1,1.25e-05
2025-07-11 22:00,1,1.25e-05
2025-07-11 23:00,1,1.25e-05
2025-07-12 00:00,1,1.25e-05
2025-07-12 01:00,1,1.25e-05
2025-07-12 02:00,1,1.25e-05
2025-07-12 03:00,1,1.25e-05
2025-07-12 04:00,1,1.25e-05
2025-07-12 05:00,1,1.25e-05
2025-07-12 06:00,1,1.25e-05
2025-07-12 07:00,1,1.25e-05
2025-07-12 08:00,1,1.25e-05
2025-07-12 09:00,1,1.25e-05
2025-07-12 10:00,1,1.25e-05
2025-07-12 11:00,1,1.25e-05
2025-07-12 12:00,1,1.25e-05
2025-07-12 13:00,1,1.25e-05
2025-07-12 14:00,1,-6.65e-06
2025-07-12 15:00,1,-3.303e-05
2025-07-12 16:00,1,1.25e-05
2025-07-12 17:00,1,1.25e-05
2025-07-12 18:00,1,1.25e-05
2025-07-12 19:00,1,1.25e-05
2025-07-12 20:00,1,1.25e-05
2025-07-12 21:00,1,-2.41e-06
2025-07-12 22:00,1,1.25e-05
2025-07-12 23:00,1,1.25e-05
2025-07-13 00:00,1,-5.614e-05
2025-07-13 01:00,1,-0.00055784
2025-07-13 02:00,1,-0.00067429
2025-07-13 03:00,1,-0.00022553
2025-07-13 04:00,1,-0.00012721
2025-07-13 05:00,1,-3.528e-05
2025-07-13 06:00,1,-0.0001027
2025-07-13 07:00,1,-0.00010257
2025-07-13 08:00,1,-2.426e-05
2025-07-13 09:00,1,-0.00012534
2025-07-13 10:00,1,-0.00010081
2025-07-13 11:00,1,-7.758e-05
2025-07-13 12:00,1,1.25e-05
2025-07-13 13:00,1,-7.846e-05
2025-07-13 14:00,1,1.25e-05
2025-07-13 15:00,1,9.53e-06
2025-07-13 16:00,1,1.25e-05
2025-07-13 17:00,1,1.25e-05
2025-07-13 18:00,1,1.25e-05
2025-07-13 19:00,1,1.25e-05
2025-07-13 20:00,1,1.25e-05
2025-07-13 21:00,1,1.25e-05
2025-07-13 22:00,1,1.25e-05
2025-07-13 23:00,1,1.25e-05
2025-07-14 00:00,1,1.25e-05
2025-07-14 01:00,1,-7.29e-06
2025-07-14 02:00,1,1.25e-05
2025-07-14 03:00,1,1.25e-05
2025-07-14 04:00,1,-3.4e-06
2025-07-14 05:00,1,1.25e-05
2025-07-14 06:00,1,1.25e-05
2025-07-14 07:00,1,1.25e-05
2025-07-14 08:00,1,1.25e-05
2025-07-14 09:00,1,1.25e-05
2025-07-14 10:00,1,1.25e-05
2025-07-14 11:00,1,1.25e-05
2025-07-14 12:00,1,1.25e-05
2025-07-14 13:00,1,1.25e-05
2025-07-14 14:00,1,1.25e-05
2025-07-14 15:00,1,1.25e-05
2025-07-14 16:00,1,1.25e-05
2025-07-14 17:00,1,1.25e-05
2025-07-14 18:00,1,1.25e-05
2025-07-14 19:00,1,1.25e-05
2025-07-14 20:00,1,1.25e-05
2025-07-14 21:00,1,1.25e-05
2025-07-14 22:00,1,1.25e-05
2025-07-14 23:00,1,1.25e-05
2025-07-15 00:00,1,1.25e-05
2025-07-15 01:00,1,1.25e-05
2025-07-15 02:00,1,1.25e-05
2025-07-15 03:00,1,1.25e-05
2025-07-15 04:00,1,1.25e-05
2025-07-15 05:00,1,1.25e-05
2025-07-15 06:00,1,1.25e-05
2025-07-15 07:00,1,1.25e-05
2025-07-15 08:00,1,1.25e-05
2025-07-15 09:00,1,1.25e-05
2025-07-15 10:00,1,1.25e-05
2025-07-15 11:00,1,1.25e-05
2025-07-15 12:00,1,1.25e-05
2025-07-15 13:00,1,1.25e-05
2025-07-15 14:00,1,1.25e-05
2025-07-15 15:00,1,1.25e-05
2025-07-15 16:00,1,1.25e-05
2025-07-15 17:00,1,1.25e-05
2025-07-15 18:00,1,1.25e-05
2025-07-15 19:00,1,1.25e-05
2025-07-15 20:00,1,1.25e-05
2025-07-15 21:00,1,1.25e-05
2025-07-15 22:00,1,1.25e-05
2025-07-15 23:00,1,1.25e-05
2025-07-16 00:00,1,1.25e-05
2025-07-16 01:00,1,1.25e-05
2025-07-16 02:00,1,1.25e-05
2025-07-16 03:00,1,1.25e-05
2025-07-16 04:00,1,1.25e-05
2025-07-16 05:00,1,1.25e-05
2025-07-16 06:00,1,1.25e-05
2025-07-16 07:00,1,1.25e-05
2025-07-16 08:00,1,1.25e-05
2025-07-16 09:00,1,1.25e-05
2025-07-16 10:00,1,1.25e-05
2025-07-16 11:00,1,1.25e-05
2025-07-16 12:00,1,1.25e-05
2025-07-16 13:00,1,1.25e-05
2025-07-16 14:00,1,1.25e-05
2025-07-16 15:00,1,1.25e-05
2025-07-16 16:00,1,1.25e-05
2025-07-16 17:00,1,1.25e-05
2025-07-16 18:00,1,1.25e-05
2025-07-16 19:00,1,1.25e-05
2025-07-16 20:00,1,1.25e-05
2025-07-16 21:00,1,1.25e-05
2025-07-16 22:00,1,1.25e-05
2025-07-16 23:00,1,1.25e-05
2025-07-17 00:00,1,1.25e-05
2025-07-17 01:00,1,1.25e-05
2025-07-17 02:00,1,1.25e-05
2025-07-17 03:00,1,1.25e-05
2025-07-17 04:00,1,1.25e-05
2025-07-17 05:00,1,1.25e-05
2025-07-17 06:00,1,1.25e-05
2025-07-17 07:00,1,1.25e-05
2025-07-17 08:00,1,1.25e-05
2025-07-17 09:00,1,1.25e-05
2025-07-17 10:00,1,1.25e-05
2025-07-17 11:00,1,1.25e-05
2025-07-17 12:00,1,1.25e-05
2025-07-17 13:00,1,1.25e-05
2025-07-17 14:00,1,1.25e-05
2025-07-17 15:00,1,1.25e-05
2025-07-17 16:00,1,1.25e-05
2025-07-17 17:00,1,1.25e-05
2025-07-17 18:00,1,1.25e-05
2025-07-17 19:00,1,1.25e-05
2025-07-17 20:00,1,1.25e-05
2025-07-17 21:00,1,1.25e-05
2025-07-17 22:00,1,1.25e-05
2025-07-17 23:00,1,1.25e-05
2025-07-18 00:00,1,1.25e-05
2025-07-18 01:00,1,1.25e-05
2025-07-18 02:00,1,1.25e-05
2025-07-18 03:00,1,9.647e-05
2025-07-18 04:00,1,1.25e-05
2025-07-18 05:00,1,7.021e-05
2025-07-18 06:00,1,9.922e-05
2025-07-18 07:00,1,8.529e-05
2025-07-18 08:00,1,1.25e-05
2025-07-18 09:00,1,0.00012458
2025-07-18 10:00,1,1.25e-05
2025-07-18 11:00,1,0.00022481
2025-07-18 12:00,1,1.25e-05
2025-07-18 13:00,1,6.455e-05
2025-07-18 14:00,1,1.25e-05
2025-07-18 15:00,1,1.25e-05
2025-07-18 16:00,4,5e-05
2025-07-18 20:00,4,5e-05
2025-07-19 00:00,4,-7.669e-05
2025-07-19 04:00,4,5e-05
2025-07-19 08:00,4,-3.899e-05
2025-07-19 12:00,4,-0.00031955
2025-07-19 16:00,4,1.224e-05
2025-07-19 20:00,4,-0.00026948
2025-07-20 00:00,4,-0.00026533
2025-07-20 04:00,4,-1.913e-05
2025-07-20 08:00,4,-2.328e-05
2025-07-20 12:00,4,5e-05
2025-07-20 16:00,4,5e-05
2025-07-20 20:00,4,5e-05
2025-07-21 00:00,4,5e-05
2025-07-21 04:00,4,5e-05
2025-07-21 08:00,4,5e-05
2025-07-21 12:00,4,5e-05
2025-07-21 16:00,4,5e-05
2025-07-21 20:00,4,5e-05
2025-07-22 00:00,4,5e-05
2025-07-22 04:00,4,5e-05
2025-07-22 08:00,4,5e-05
2025-07-22 12:00,4,5e-05
2025-07-22 16:00,4,5e-05
2025-07-22 20:00,4,5e-05
2025-07-23 00:00,4,0.00015409
2025-07-23 04:00,4,5e-05
2025-07-23 08:00,4,5e-05
2025-07-23 12:00,4,5e-05
2025-07-23 16:00,4,5e-05
2025-07-23 20:00,4,5e-05
2025-07-24 00:00,4,5e-05
2025-07-24 04:00,4,5e-05
2025-07-24 08:00,4,5e-05
2025-07-24 12:00,4,5e-05
2025-07-24 16:00,4,5e-05
2025-07-24 20:00,4,5e-05
2025-07-25 00:00,4,5e-05
2025-07-25 04:00,4,5e-05
2025-07-25 08:00,4,5e-05
2025-07-25 12:00,4,5e-05
2025-07-25 16:00,4,5e-05
2025-07-25 20:00,4,5e-05
2025-07-26 00:00,4,5e-05
2025-07-26 04:00,4,5e-05
2025-07-26 08:00,4,5e-05
2025-07-26 12:00,4,5e-05
2025-07-26 16:00,4,5e-05
2025-07-26 20:00,4,5e-05
2025-07-27 00:00,4,5e-05
2025-07-27 04:00,4,5e-05
2025-07-27 08:00,4,5e-05
2025-07-27 12:00,4,5e-05
2025-07-27 16:00,4,5e-05
2025-07-27 20:00,4,5e-05
2025-07-28 00:00,4,5e-05
2025-07-28 04:00,4,5e-05
2025-07-28 08:00,4,5e-05
2025-07-28 12:00,4,5e-05
2025-07-28 16:00,4,5e-05
2025-07-28 20:00,4,5e-05
2025-07-29 00:00,4,5e-05
2025-07-29 04:00,4,5e-05
2025-07-29 08:00,4,5e-05
2025-07-29 12:00,4,5e-05
2025-07-29 16:00,4,5e-05
2025-07-29 20:00,4,5e-05
2025-07-30 00:00,4,5e-05
2025-07-30 04:00,4,2.577e-05
2025-07-30 08:00,4,5e-05
2025-07-30 12:00,4,5e-05
2025-07-30 16:00,4,2.119e-05
2025-07-30 20:00,4,5e-05
2025-07-31 00:00,4,5e-05
2025-07-31 04:00,4,5e-05
2025-07-31 08:00,4,5e-05
2025-07-31 12:00,4,3.82e-06
2025-07-31 16:00,4,4.562e-05
2025-07-31 20:00,4,-4.602e-05
2025-08-01 00:00,4,-6.261e-05
2025-08-01 04:00,4,-8.703e-05
2025-08-01 08:00,4,-1.949e-05
2025-08-01 12:00,4,5e-05
2025-08-01 16:00,4,-1.343e-05
2025-08-01 20:00,4,5e-05
2025-08-02 00:00,4,5e-05
2025-08-02 04:00,4,5e-05
2025-08-02 08:00,4,5e-05
2025-08-02 12:00,4,3.177e-05
2025-08-02 16:00,4,1.127e-05
2025-08-02 20:00,4,-4.71e-06
2025-08-03 00:00,4,3.18e-05
2025-08-03 04:00,4,5e-05
2025-08-03 08:00,4,5e-05
2025-08-03 12:00,4,5e-05
2025-08-03 16:00,4,5e-05
2025-08-03 20:00,4,2.71e-05
2025-08-04 00:00,4,5e-05
2025-08-04 04:00,4,5e-05
2025-08-04 08:00,4,5e-05
2025-08-04 12:00,4,5e-05
2025-08-04 16:00,4,5e-05
2025-08-04 20:00,4,3.041e-05
2025-08-05 00:00,4,5e-05
2025-08-05 04:00,4,5e-05
2025-08-05 08:00,4,5e-05
2025-08-05 12:00,4,5e-05
2025-08-05 16:00,4,5e-05
2025-08-05 20:00,4,5e-05
2025-08-06 00:00,4,5e-05
2025-08-06 04:00,4,-3.198e-05
2025-08-06 08:00,4,5e-05
2025-08-06 12:00,4,5e-05
2025-08-06 16:00,4,5e-05
2025-08-06 20:00,4,-0.00013175
2025-08-07 00:00,4,5e-05
2025-08-07 04:00,4,5e-05
2025-08-07 08:00,4,5e-05
2025-08-07 12:00,4,5e-05
2025-08-07 16:00,4,5e-05
2025-08-07 20:00,4,5e-05
2025-08-08 00:00,4,5e-05
2025-08-08 04:00,4,5e-05
2025-08-08 08:00,4,5e-05
2025-08-08 12:00,4,5e-05
2025-08-08 16:00,4,5e-05
2025-08-08 20:00,4,5e-05
2025-08-09 00:00,4,5e-05
2025-08-09 04:00,4,5e-05
2025-08-09 08:00,4,5e-05
2025-08-09 12:00,4,5e-05
2025-08-09 16:00,4,5e-05
2025-08-09 20:00,4,5e-05
2025-08-10 00:00,4,5e-05
2025-08-10 04:00,4,5e-05
2025-08-10 08:00,4,5e-05
2025-08-10 12:00,4,5e-05
2025-08-10 16:00,4,5e-05
2025-08-10 20:00,4,5e-05
2025-08-11 00:00,4,5e-05
2025-08-11 04:00,4,5e-05
2025-08-11 08:00,4,-7.864e-05
2025-08-11 12:00,4,2.675e-05
2025-08-11 16:00,4,5e-05
2025-08-11 20:00,4,5e-05
2025-08-12 00:00,4,5e-05
2025-08-12 04:00,4,2.23e-06
2025-08-12 08:00,4,5e-05
2025-08-12 12:00,4,5e-05
2025-08-12 16:00,4,5e-05
2025-08-12 20:00,4,5e-05
2025-08-13 00:00,4,5e-05
2025-08-13 04:00,4,5e-05
2025-08-13 08:00,4,5e-05
2025-08-13 12:00,4,5e-05
2025-08-13 16:00,4,5e-05
2025-08-13 20:00,4,5e-05
2025-08-14 00:00,4,5e-05
2025-08-14 04:00,4,5e-05
2025-08-14 08:00,4,5e-05
2025-08-14 12:00,4,5e-05
2025-08-14 16:00,4,5e-05
2025-08-14 20:00,4,5e-05
2025-08-15 00:00,4,5e-05
2025-08-15 04:00,4,5e-05
2025-08-15 08:00,4,-4.239e-05
2025-08-15 12:00,4,5e-05
2025-08-15 16:00,4,-1.568e-05
2025-08-15 20:00,4,-4.016e-05
2025-08-16 00:00,4,5e-05
2025-08-16 04:00,4,5e-05
2025-08-16 08:00,4,5e-05
2025-08-16 12:00,4,5e-05
2025-08-16 16:00,4,5e-05
2025-08-16 20:00,4,-4.972e-05
2025-08-17 00:00,4,5e-05
2025-08-17 04:00,4,5e-05
2025-08-17 08:00,4,5e-05
2025-08-17 12:00,4,5e-05
2025-08-17 16:00,4,5e-05
2025-08-17 20:00,4,5e-05
2025-08-18 00:00,4,4.546e-05
2025-08-18 04:00,4,-2.466e-05
2025-08-18 08:00,4,-0.00011153
2025-08-18 12:00,4,-3.701e-05
2025-08-18 16:00,4,7.96e-06
2025-08-18 20:00,4,2.532e-05
2025-08-19 00:00,4,-3.608e-05
2025-08-19 04:00,4,-2.27e-06
2025-08-19 08:00,4,5e-05
2025-08-19 12:00,4,-5.151e-05
2025-08-19 16:00,4,2.119e-05
2025-08-19 20:00,4,1.29e-06
2025-08-20 00:00,4,-0.00016422
2025-08-20 04:00,4,5e-05
2025-08-20 08:00,4,5e-05
2025-08-20 12:00,4,3.838e-05
2025-08-20 16:00,4,5e-05
2025-08-20 20:00,4,5e-05
2025-08-21 00:00,4,5e-05
2025-08-21 04:00,4,5e-05
2025-08-21 08:00,4,5e-05
2025-08-21 12:00,4,5e-05
2025-08-21 16:00,4,5e-05
2025-08-21 20:00,4,5e-05
2025-08-22 00:00,4,4.913e-05
2025-08-22 04:00,4,5e-05
2025-08-22 08:00,4,5e-05
2025-08-22 12:00,4,1.107e-05
2025-08-22 16:00,4,5e-05
2025-08-22 20:00,4,5e-05
2025-08-23 00:00,4,5e-05
2025-08-23 04:00,4,5e-05
2025-08-23 08:00,4,5e-05
2025-08-23 12:00,4,5e-05
2025-08-23 16:00,4,5e-05
2025-08-23 20:00,4,5e-05
2025-08-24 00:00,4,5e-05
2025-08-24 04:00,4,5e-05
2025-08-24 08:00,4,5e-05
2025-08-24 12:00,4,5e-05
2025-08-24 16:00,4,5e-05
2025-08-24 20:00,4,5e-05
2025-08-25 00:00,4,5e-05
2025-08-25 04:00,4,5e-05
2025-08-25 08:00,4,-2.68e-05
2025-08-25 12:00,4,-1.37e-06
2025-08-25 16:00,4,-8.293e-05
2025-08-25 20:00,4,-0.00015421
2025-08-26 00:00,4,-2.479e-05
2025-08-26 04:00,4,5e-05
2025-08-26 08:00,4,1.663e-05
2025-08-26 12:00,4,2.02e-06
2025-08-26 16:00,4,5e-05
2025-08-26 20:00,4,5e-05
2025-08-27 00:00,4,5e-05
2025-08-27 04:00,4,5e-05
2025-08-27 08:00,4,5e-05
2025-08-27 12:00,4,5e-05
2025-08-27 16:00,4,5e-05
2025-08-27 20:00,4,5e-05
2025-08-28 00:00,4,5e-05
2025-08-28 04:00,4,5e-05
2025-08-28 08:00,4,5e-05
2025-08-28 12:00,4,5e-05
2025-08-28 16:00,4,5e-05
2025-08-28 20:00,4,5e-05
2025-08-29 00:00,4,5e-05
2025-08-29 04:00,4,5e-05
2025-08-29 08:00,4,5e-05
2025-08-29 12:00,4,5e-05
2025-08-29 16:00,4,-8.83e-06
2025-08-29 20:00,4,1.722e-05
2025-08-30 00:00,4,5e-05
2025-08-30 04:00,4,5e-05
2025-08-30 08:00,4,5e-05
2025-08-30 12:00,4,5e-05
2025-08-30 16:00,4,5e-05
2025-08-30 20:00,4,5e-05
2025-08-31 00:00,4,5e-05
2025-08-31 04:00,4,5e-05
2025-08-31 08:00,4,-2.766e-05
2025-08-31 12:00,4,5e-05
2025-08-31 16:00,4,5e-05
2025-08-31 20:00,4,5e-05
2025-09-01 00:00,4,5e-05
2025-09-01 04:00,4,4.855e-05
2025-09-01 08:00,4,5e-05
2025-09-01 12:00,4,5e-05
2025-09-01 16:00,4,5e-05
2025-09-01 20:00,4,5e-05
2025-09-02 00:00,4,5e-05
2025-09-02 04:00,4,5e-05
2025-09-02 08:00,4,5e-05
2025-09-02 12:00,4,1.442e-05
2025-09-02 16:00,4,3.914e-05
2025-09-02 20:00,4,5e-05
2025-09-03 00:00,4,5e-05
2025-09-03 04:00,4,5e-05
2025-09-03 08:00,4,5e-05
2025-09-03 12:00,4,5e-05
2025-09-03 16:00,4,5e-05
2025-09-03 20:00,4,5e-05
2025-09-04 00:00,4,5e-05
2025-09-04 04:00,4,5e-05
2025-09-04 08:00,4,5e-05
2025-09-04 12:00,4,5e-05
2025-09-04 16:00,4,5e-05
2025-09-04 20:00,4,5e-05
2025-09-05 00:00,4,2.154e-05
2025-09-05 04:00,4,5e-05
2025-09-05 08:00,4,5e-05
2025-09-05 12:00,4,5e-05
2025-09-05 16:00,4,5e-05
2025-09-05 20:00,4,5e-05
2025-09-06 00:00,4,5e-05
2025-09-06 04:00,4,5e-05
2025-09-06 08:00,4,5e-05
2025-09-06 12:00,4,5e-05
2025-09-06 16:00,4,5e-05
2025-09-06 20:00,4,5e-05
2025-09-07 00:00,4,5e-05
2025-09-07 04:00,4,5e-05
2025-09-07 08:00,4,5e-05
2025-09-07 12:00,4,5e-05
2025-09-07 16:00,4,5e-05
2025-09-07 20:00,4,5e-05
2025-09-08 00:00,4,5e-05
2025-09-08 04:00,4,5e-05
2025-09-08 08:00,4,5e-05
2025-09-08 12:00,4,5e-05
2025-09-08 16:00,4,5e-05
2025-09-08 20:00,4,5e-05
2025-09-09 00:00,4,5e-05
2025-09-09 04:00,4,5e-05
2025-09-09 08:00,4,5e-05
2025-09-09 12:00,4,5e-05
2025-09-09 16:00,4,5e-05
2025-09-09 20:00,4,5e-05
2025-09-10 00:00,4,5e-05
2025-09-10 04:00,4,5e-05
2025-09-10 08:00,4,5e-05
2025-09-10 12:00,4,5e-05
2025-09-10 16:00,4,5e-05
2025-09-10 20:00,4,5e-05
2025-09-11 00:00,4,5e-05
2025-09-11 04:00,4,5e-05
2025-09-11 08:00,4,5e-05
2025-09-11 12:00,4,5e-05
2025-09-11 16:00,4,5e-05
2025-09-11 20:00,4,5e-05
2025-09-12 00:00,4,5e-05
2025-09-12 04:00,4,5e-05
2025-09-12 08:00,4,5e-05
2025-09-12 12:00,4,5e-05
2025-09-12 16:00,4,5e-05
2025-09-12 20:00,4,5e-05
2025-09-13 00:00,4,5e-05
2025-09-13 04:00,4,5e-05
2025-09-13 08:00,4,5e-05
2025-09-13 12:00,4,5e-05
2025-09-13 16:00,4,5e-05
2025-09-13 20:00,4,5e-05
2025-09-14 00:00,4,5e-05
2025-09-14 04:00,4,5e-05
2025-09-14 08:00,4,5e-05
2025-09-14 12:00,4,5e-05
2025-09-14 16:00,4,5e-05
2025-09-14 20:00,4,5e-05
2025-09-15 00:00,4,5e-05
2025-09-15 04:00,4,5e-05
2025-09-15 08:00,4,5e-05
2025-09-15 12:00,4,5e-05
2025-09-15 16:00,4,5e-05
2025-09-15 20:00,4,5e-05
2025-09-16 00:00,4,5e-05
2025-09-16 04:00,4,5e-05
2025-09-16 08:00,4,5e-05
2025-09-16 12:00,4,5e-05
2025-09-16 16:00,4,5e-05
2025-09-16 20:00,4,5e-05
2025-09-17 00:00,4,5e-05
2025-09-17 04:00,4,5e-05
2025-09-17 08:00,4,5e-05
2025-09-17 12:00,4,5e-05
2025-09-17 16:00,4,5e-05
2025-09-17 20:00,4,5e-05
2025-09-18 00:00,4,5e-05
2025-09-18 04:00,4,5e-05
2025-09-18 08:00,4,5e-05
2025-09-18 12:00,4,5e-05
2025-09-18 16:00,4,5e-05
2025-09-18 20:00,4,5e-05
2025-09-19 00:00,4,5e-05
2025-09-19 04:00,4,5e-05
2025-09-19 08:00,4,5e-05
2025-09-19 12:00,4,5e-05
2025-09-19 16:00,4,5e-05
2025-09-19 20:00,4,5e-05
2025-09-20 00:00,4,5e-05
2025-09-20 04:00,4,5e-05
2025-09-20 08:00,4,5e-05
2025-09-20 12:00,4,5e-05
2025-09-20 16:00,4,5e-05
2025-09-20 20:00,4,5e-05
2025-09-21 00:00,4,5e-05
2025-09-21 04:00,4,5e-05
2025-09-21 08:00,4,5e-05
2025-09-21 12:00,4,5e-05
2025-09-21 16:00,4,5e-05
2025-09-21 20:00,4,5e-05
2025-09-22 00:00,4,5e-05
2025-09-22 04:00,4,5e-05
2025-09-22 08:00,4,5e-05
2025-09-22 12:00,4,5e-05
2025-09-22 16:00,4,3.113e-05
2025-09-22 20:00,4,1.028e-05
2025-09-23 00:00,4,5e-05
2025-09-23 04:00,4,3.05e-05
2025-09-23 08:00,4,5e-05
2025-09-23 12:00,4,5e-05
2025-09-23 16:00,4,5e-05
2025-09-23 20:00,4,-4.1e-06
2025-09-24 00:00,4,5e-05
2025-09-24 04:00,4,1.191e-05
2025-09-24 08:00,4,5e-05
2025-09-24 12:00,4,5e-05
2025-09-24 16:00,4,5e-05
2025-09-24 20:00,4,5e-05
2025-09-25 00:00,4,5e-05
2025-09-25 04:00,4,3.468e-05
2025-09-25 08:00,4,-2.12e-05
2025-09-25 12:00,4,5e-05
2025-09-25 16:00,4,-1.369e-05
2025-09-25 20:00,4,8.84e-06
2025-09-26 00:00,4,4.824e-05
2025-09-26 04:00,4,5e-05
2025-09-26 08:00,4,4.33e-05
2025-09-26 12:00,4,-3.339e-05
2025-09-26 16:00,4,5e-05
2025-09-26 20:00,4,5e-05
2025-09-27 00:00,4,5e-05
2025-09-27 04:00,4,5e-05
2025-09-27 08:00,4,2.904e-05
2025-09-27 12:00,4,5e-05
2025-09-27 16:00,4,5e-05
2025-09-27 20:00,4,5e-05
2025-09-28 00:00,4,-7.22e-06
2025-09-28 04:00,4,5e-05
2025-09-28 08:00,4,5e-05
2025-09-28 12:00,4,1.992e-05
2025-09-28 16:00,4,5e-05
2025-09-28 20:00,4,5e-05
2025-09-29 00:00,4,5e-05
2025-09-29 04:00,4,5e-05
2025-09-29 08:00,4,5e-05
2025-09-29 12:00,4,5e-05
2025-09-29 16:00,4,5e-05
2025-09-29 20:00,4,5e-05
2025-09-30 00:00,4,5e-05
2025-09-30 04:00,4,9.27e-06
2025-09-30 08:00,4,-1.868e-05
2025-09-30 12:00,4,5e-05
2025-09-30 16:00,4,5e-05
2025-09-30 20:00,4,5e-05
2025-10-01 00:00,4,5e-05
2025-10-01 04:00,4,4.907e-05
2025-10-01 08:00,4,5e-05
2025-10-01 12:00,4,5e-05
2025-10-01 16:00,4,5e-05
2025-10-01 20:00,4,5e-05
2025-10-02 00:00,4,5e-05
2025-10-02 04:00,4,5e-05
2025-10-02 08:00,4,5e-05
2025-10-02 12:00,4,5e-05
2025-10-02 16:00,4,5e-05
2025-10-02 20:00,4,5e-05
2025-10-03 00:00,4,5e-05
2025-10-03 04:00,4,5e-05
2025-10-03 08:00,4,5e-05
2025-10-03 12:00,4,5e-05
2025-10-03 16:00,4,5e-05
2025-10-03 20:00,4,5e-05
2025-10-04 00:00,4,5e-05
2025-10-04 04:00,4,5e-05
2025-10-04 08:00,4,5e-05
2025-10-04 12:00,4,5e-05
2025-10-04 16:00,4,5e-05
2025-10-04 20:00,4,5e-05
2025-10-05 00:00,4,5e-05
2025-10-05 04:00,4,5e-05
2025-10-05 08:00,4,5e-05
2025-10-05 12:00,4,5e-05
2025-10-05 16:00,4,5e-05
2025-10-05 20:00,4,5e-05
2025-10-06 00:00,4,5e-05
2025-10-06 04:00,4,5e-05
2025-10-06 08:00,4,5e-05
2025-10-06 12:00,4,5e-05
2025-10-06 16:00,4,5e-05
2025-10-06 20:00,4,5e-05
2025-10-07 00:00,4,5e-05
2025-10-07 04:00,4,5e-05
2025-10-07 08:00,4,5e-05
2025-10-07 12:00,4,5e-05
2025-10-07 16:00,4,5e-05
2025-10-07 20:00,4,5e-05
2025-10-08 00:00,4,5e-05
2025-10-08 04:00,4,5e-05
2025-10-08 08:00,4,5e-05
2025-10-08 12:00,4,5e-05
2025-10-08 16:00,4,5e-05
2025-10-08 20:00,4,5e-05
2025-10-09 00:00,4,5e-05
2025-10-09 04:00,4,5e-05
2025-10-09 08:00,4,5e-05
2025-10-09 12:00,4,5e-05
2025-10-09 16:00,4,5e-05
2025-10-09 20:00,4,5e-05
2025-10-10 00:00,4,5e-05
2025-10-10 04:00,4,5e-05
2025-10-10 08:00,4,5e-05
2025-10-10 12:00,4,5e-05
2025-10-10 16:00,4,5e-05
2025-10-10 20:00,4,5e-05
2025-10-11 00:00,4,5e-05
2025-10-11 04:00,4,-9.27e-05
2025-10-11 08:00,4,-2.159e-05
2025-10-11 12:00,4,-4.273e-05
2025-10-11 16:00,4,3.095e-05
2025-10-11 20:00,4,-6.514e-05
2025-10-12 00:00,4,5e-05
2025-10-12 04:00,4,-3.357e-05
2025-10-12 08:00,4,-1.822e-05
2025-10-12 12:00,4,-6.261e-05
2025-10-12 16:00,4,5e-05
2025-10-12 20:00,4,5e-05
2025-10-13 00:00,4,4.511e-05
2025-10-13 04:00,4,-2.364e-05
2025-10-13 08:00,4,4.874e-05
2025-10-13 12:00,4,-4.423e-05
2025-10-13 16:00,4,-2.978e-05
2025-10-13 20:00,4,4.189e-05
2025-10-14 00:00,4,-1.586e-05
2025-10-14 04:00,4,6.94e-06
2025-10-14 08:00,4,1.554e-05
2025-10-14 12:00,4,5e-05
2025-10-14 16:00,4,5e-05
2025-10-14 20:00,4,-3.199e-05
2025-10-15 00:00,4,5e-05
2025-10-15 04:00,4,-4.348e-05
2025-10-15 08:00,4,-5.6e-05
2025-10-15 12:00,4,2.648e-05
2025-10-15 16:00,4,7.25e-06
2025-10-15 20:00,4,-3.23e-06
2025-10-16 00:00,4,2.943e-05
2025-10-16 04:00,4,-3.444e-05
2025-10-16 08:00,4,-0.00011618
2025-10-16 12:00,4,5e-05
2025-10-16 16:00,4,-5.661e-05
2025-10-16 20:00,4,2.76e-05
2025-10-17 00:00,4,4.332e-05
2025-10-17 04:00,4,-2.644e-05
2025-10-17 08:00,4,-6.332e-05
2025-10-17 12:00,4,2.947e-05
2025-10-17 16:00,4,5e-05
2025-10-17 20:00,4,5e-05
2025-10-18 00:00,4,-3.63e-05
2025-10-18 04:00,4,5e-05
2025-10-18 08:00,4,5e-05
2025-10-18 12:00,4,5e-05
2025-10-18 16:00,4,2.201e-05
2025-10-18 20:00,4,5e-05
2025-10-19 00:00,4,1.457e-05
2025-10-19 04:00,4,5e-05
2025-10-19 08:00,4,5e-05
2025-10-19 12:00,4,5e-05
2025-10-19 16:00,4,5e-05
2025-10-19 20:00,4,2.65e-05
2025-10-20 00:00,4,6.37e-06
2025-10-20 04:00,4,5e-05
2025-10-20 08:00,4,3.098e-05
2025-10-20 12:00,4,-2.772e-05
2025-10-20 16:00,4,-7.822e-05
2025-10-20 20:00,4,5e-05
2025-10-21 00:00,4,5e-05
2025-10-21 04:00,4,2.841e-05
2025-10-21 08:00,4,-2.826e-05
2025-10-21 12:00,4,2.925e-05
2025-10-21 16:00,4,5e-05
2025-10-21 20:00,4,1.157e-05
2025-10-22 00:00,4,-4.397e-05
2025-10-22 04:00,4,5e-05
2025-10-22 08:00,4,5e-05
2025-10-22 12:00,4,-6.659e-05
2025-10-22 16:00,4,1.691e-05
2025-10-22 20:00,4,2.519e-05
2025-10-23 00:00,4,5e-05
2025-10-23 04:00,4,5e-05
2025-10-23 08:00,4,-7.831e-05
2025-10-23 12:00,4,5e-05
2025-10-23 16:00,4,2.601e-05
2025-10-23 20:00,4,5e-05
2025-10-24 00:00,4,2.194e-05
2025-10-24 04:00,4,-8.166e-05
2025-10-24 08:00,4,2.32e-06
2025-10-24 12:00,4,-1.369e-05
2025-10-24 16:00,4,1.936e-05
2025-10-24 20:00,4,5e-05
2025-10-25 00:00,4,-1.868e-05
2025-10-25 04:00,4,3.866e-05
2025-10-25 08:00,4,-3.563e-05
2025-10-25 12:00,4,5e-05
2025-10-25 16:00,4,5e-05
2025-10-25 20:00,4,5e-05
2025-10-26 00:00,4,5e-05
2025-10-26 04:00,4,1.256e-05
2025-10-26 08:00,4,5e-05
2025-10-26 12:00,4,5e-05
2025-10-26 16:00,4,5e-05
2025-10-26 20:00,4,5e-05
2025-10-27 00:00,4,5e-05
2025-10-27 04:00,4,4.399e-05
2025-10-27 08:00,4,5e-05
2025-10-27 12:00,4,4.829e-05
2025-10-27 16:00,4,3.115e-05
2025-10-27 20:00,4,-2.021e-05
2025-10-28 00:00,4,5e-05
2025-10-28 04:00,4,3.473e-05
2025-10-28 08:00,4,-6.45e-05
2025-10-28 12:00,4,1.89e-06
2025-10-28 16:00,4,2.93e-06
2025-10-28 20:00,4,3.05e-05
2025-10-29 00:00,4,5e-05
2025-10-29 04:00,4,-7.4e-05
2025-10-29 08:00,4,-1.718e-05
2025-10-29 12:00,4,5e-05
2025-10-29 16:00,4,-2.675e-05
2025-10-29 20:00,4,5e-05
2025-10-30 00:00,4,-3.015e-05
2025-10-30 04:00,4,3.321e-05
2025-10-30 08:00,4,5e-05
2025-10-30 12:00,4,2.72e-06
2025-10-30 16:00,4,-1.305e-05
2025-10-30 20:00,4,-0.00010351
2025-10-31 00:00,4,-9.359e-05
2025-10-31 04:00,4,-7.412e-05
2025-10-31 08:00,4,-1.706e-05
2025-10-31 12:00,4,5e-05
2025-10-31 16:00,4,-3.754e-05
2025-10-31 20:00,4,3.827e-05
2025-11-01 00:00,4,5e-05
2025-11-01 04:00,4,5e-05
2025-11-01 08:00,4,5e-05
2025-11-01 12:00,4,2.844e-05
2025-11-01 16:00,4,5e-05
2025-11-01 20:00,4,2.157e-05
2025-11-02 00:00,4,4.223e-05
2025-11-02 04:00,4,-6.441e-05
2025-11-02 08:00,4,5e-05
2025-11-02 12:00,4,5e-05
2025-11-02 16:00,4,-2.516e-05
2025-11-02 20:00,4,8.65e-06
2025-11-03 00:00,4,5e-05
2025-11-03 04:00,4,-5.837e-05
2025-11-03 08:00,4,-6.925e-05
2025-11-03 12:00,4,-1.508e-05
2025-11-03 16:00,4,-4.19e-06
2025-11-03 20:00,4,-0.00012693
2025-11-04 00:00,4,2.867e-05
2025-11-04 04:00,4,-1.54e-05
2025-11-04 08:00,4,-4.81e-06
2025-11-04 12:00,4,2.578e-05
2025-11-04 16:00,4,-5.63e-05
2025-11-04 20:00,4,-0.00013031
2025-11-05 00:00,4,5e-05
2025-11-05 04:00,4,5e-05
2025-11-05 08:00,4,5e-05
2025-11-05 12:00,4,5e-05
2025-11-05 16:00,4,2.651e-05
2025-11-05 20:00,4,-3.509e-05
2025-11-06 00:00,4,5e-05
2025-11-06 04:00,4,-3.4e-06
2025-11-06 08:00,4,5e-05
2025-11-06 12:00,4,5e-05
2025-11-06 16:00,4,5e-05
2025-11-06 20:00,4,3.77e-05
2025-11-07 00:00,4,5e-05
2025-11-07 04:00,4,5e-05
2025-11-07 08:00,4,5e-05
2025-11-07 12:00,4,4.468e-05
2025-11-07 16:00,4,5e-05
2025-11-07 20:00,4,5e-05
2025-11-08 00:00,4,5e-05
2025-11-08 04:00,4,2.916e-05
2025-11-08 08:00,4,5e-05
2025-11-08 12:00,4,5e-05
2025-11-08 16:00,4,5.23e-06
2025-11-08 20:00,4,-7.57e-06
2025-11-09 00:00,4,2.728e-05
2025-11-09 04:00,4,3.93e-06
2025-11-09 08:00,4,-8.5e-06
2025-11-09 12:00,4,4.794e-05
2025-11-09 16:00,4,9.15e-06
2025-11-09 20:00,4,5e-05
2025-11-10 00:00,4,-5.842e-05
2025-11-10 04:00,4,-9.85e-06
2025-11-10 08:00,4,-4.435e-05
2025-11-10 12:00,4,3.381e-05
2025-11-10 16:00,4,4.616e-05
2025-11-10 20:00,4,3.285e-05
2025-11-11 00:00,4,5e-05
2025-11-11 04:00,4,5e-05
2025-11-11 08:00,4,3.01e-06
2025-11-11 12:00,4,4.144e-05
2025-11-11 16:00,4,4.946e-05
2025-11-11 20:00,4,-5.442e-05
2025-11-12 00:00,4,-9.74e-06
2025-11-12 04:00,4,5e-05
2025-11-12 08:00,4,5.42e-06
2025-11-12 12:00,4,5e-05
2025-11-12 16:00,4,2.14e-05
2025-11-12 20:00,4,-8.398e-05
2025-11-13 00:00,4,-7.222e-05
2025-11-13 04:00,4,1.355e-05
2025-11-13 08:00,4,1.45e-05
2025-11-13 12:00,4,-2.081e-05
2025-11-13 16:00,4,-0.00011913
2025-11-13 20:00,4,-0.00010325
2025-11-14 00:00,4,2.303e-05
2025-11-14 04:00,4,-6.62e-06
2025-11-14 08:00,4,8.06e-06
2025-11-14 12:00,4,-3.913e-05
2025-11-14 16:00,4,-2.14e-06
2025-11-14 20:00,4,5e-05
2025-11-15 00:00,4,-2.93e-06
2025-11-15 04:00,4,4.281e-05
2025-11-15 08:00,4,-6.245e-05
2025-11-15 12:00,4,-4.455e-05
2025-11-15 16:00,4,-1.616e-05
2025-11-15 20:00,4,2.131e-05
2025-11-16 00:00,4,5e-05
2025-11-16 04:00,4,5e-05
2025-11-16 08:00,4,-5.277e-05
2025-11-16 12:00,4,-1.174e-05
2025-11-16 16:00,4,5e-05
2025-11-16 20:00,4,2.089e-05
2025-11-17 00:00,4,5e-05
2025-11-17 04:00,4,2.974e-05
2025-11-17 08:00,4,5e-05
2025-11-17 12:00,4,5e-05
2025-11-17 16:00,4,1.021e-05
2025-11-17 20:00,4,-9.325e-05
2025-11-18 00:00,4,5e-05
2025-11-18 04:00,4,4.79e-05
2025-11-18 08:00,4,5e-05
2025-11-18 12:00,4,2.251e-05
2025-11-18 16:00,4,5e-05
2025-11-18 20:00,4,5e-05
2025-11-19 00:00,4,5e-05
2025-11-19 04:00,4,-3.418e-05
2025-11-19 08:00,4,5.03e-06
2025-11-19 12:00,4,-2.499e-05
2025-11-19 16:00,4,-6.643e-05
2025-11-19 20:00,4,-5.749e-05
2025-11-20 00:00,4,5e-05
2025-11-20 04:00,4,5e-05
2025-11-20 08:00,4,2.803e-05
2025-11-20 12:00,4,5e-05
2025-11-20 16:00,4,5e-05
2025-11-20 20:00,4,-8.51e-06
2025-11-21 00:00,4,9.43e-06
2025-11-21 04:00,4,1.369e-05
2025-11-21 08:00,4,1.39e-06
2025-11-21 12:00,4,-0.00017141
2025-11-21 16:00,4,-2.974e-05
2025-11-21 20:00,4,-0.00018366
2025-11-22 00:00,4,-9.28e-06
2025-11-22 04:00,4,-9.68e-06
2025-11-22 08:00,4,5e-05
2025-11-22 12:00,4,1.319e-05
2025-11-22 16:00,4,-4.14e-06
2025-11-22 20:00,4,5e-05
2025-11-23 00:00,4,-0.00011275
2025-11-23 04:00,4,-4.149e-05
2025-11-23 08:00,4,5e-05
2025-11-23 12:00,4,5e-05
2025-11-23 16:00,4,5e-05
2025-11-23 20:00,4,5e-05
2025-11-24 00:00,4,5e-05
2025-11-24 04:00,4,5e-05
2025-11-24 08:00,4,5e-05
2025-11-24 12:00,4,5e-05
2025-11-24 16:00,4,5e-05
2025-11-24 20:00,4,5e-05
2025-11-25 00:00,4,5e-05
2025-11-25 04:00,4,5e-05
2025-11-25 08:00,4,5e-05
2025-11-25 12:00,4,5e-05
2025-11-25 16:00,4,4.037e-05
2025-11-25 20:00,4,3.898e-05
2025-11-26 00:00,4,5e-05
2025-11-26 04:00,4,5e-05
2025-11-26 08:00,4,5e-05
2025-11-26 12:00,4,5e-05
2025-11-26 16:00,4,3.19e-06
2025-11-26 20:00,4,5e-05
2025-11-27 00:00,4,2.792e-05
2025-11-27 04:00,4,2.515e-05
2025-11-27 08:00,4,2.6e-05
2025-11-27 12:00,4,-0.00028337
2025-11-27 16:00,4,-7.264e-05
2025-11-27 20:00,4,5e-05
2025-11-28 00:00,4,5e-05
2025-11-28 04:00,4,-1.062e-05
2025-11-28 08:00,4,-3.382e-05
2025-11-28 12:00,4,5e-05
2025-11-28 16:00,4,4.956e-05
2025-11-28 20:00,4,5e-05
2025-11-29 00:00,4,5e-05
2025-11-29 04:00,4,5e-05
2025-11-29 08:00,4,3.045e-05
2025-11-29 12:00,4,5e-05
2025-11-29 16:00,4,-9.756e-05
2025-11-29 20:00,4,3.746e-05
2025-11-30 00:00,4,5e-05
2025-11-30 04:00,4,5e-05
2025-11-30 08:00,4,5e-05
2025-11-30 12:00,4,-0.00010758
2025-11-30 16:00,4,-6.652e-05
2025-11-30 20:00,4,-8.052e-05
2025-12-01 00:00,4,-0.0001013
2025-12-01 04:00,4,-9.013e-05
2025-12-01 08:00,4,-4.755e-05
2025-12-01 12:00,4,-1.977e-05
2025-12-01 16:00,4,3.254e-05
2025-12-01 20:00,4,-0.00011647
2025-12-02 00:00,4,5e-05
2025-12-02 04:00,4,3.189e-05
2025-12-02 08:00,4,5e-05
2025-12-02 12:00,4,5e-05
2025-12-02 16:00,4,2.169e-05
2025-12-02 20:00,4,4.54e-06
2025-12-03 00:00,4,7.45e-06
2025-12-03 04:00,4,-0.00013441
2025-12-03 08:00,4,-0.00012378
2025-12-03 12:00,4,-4.388e-05
2025-12-03 16:00,4,5e-05
2025-12-03 20:00,4,3.428e-05
2025-12-04 00:00,4,-4.578e-05
2025-12-04 04:00,4,2.526e-05
2025-12-04 08:00,4,5e-05
2025-12-04 12:00,4,2.222e-05
2025-12-04 16:00,4,4.929e-05
2025-12-04 20:00,4,1.9e-05
2025-12-05 00:00,4,5e-05
2025-12-05 04:00,4,-2.218e-05
2025-12-05 08:00,4,5e-05
2025-12-05 12:00,4,-3.699e-05
2025-12-05 16:00,4,1.259e-05
2025-12-05 20:00,4,1.464e-05
2025-12-06 00:00,4,3.43e-05
2025-12-06 04:00,4,5e-05
2025-12-06 08:00,4,5e-05
2025-12-06 12:00,4,5e-05
2025-12-06 16:00,4,-2.328e-05
2025-12-06 20:00,4,5e-05
2025-12-07 00:00,4,-1.07e-06
2025-12-07 04:00,4,-1.052e-05
2025-12-07 08:00,4,5.48e-06
2025-12-07 12:00,4,5e-05
2025-12-07 16:00,4,-8.387e-05
2025-12-07 20:00,4,4.668e-05
2025-12-08 00:00,4,-3.708e-05
2025-12-08 04:00,4,1.78e-05
2025-12-08 08:00,4,4.834e-05
2025-12-08 12:00,4,-3.22e-05
2025-12-08 16:00,4,5e-05
2025-12-08 20:00,4,5e-05
2025-12-09 00:00,4,3.909e-05
2025-12-09 04:00,4,5e-05
2025-12-09 08:00,4,5e-05
2025-12-09 12:00,4,5e-05
2025-12-09 16:00,4,5e-05
2025-12-09 20:00,4,5e-05
2025-12-10 00:00,4,-3.975e-05
2025-12-10 04:00,4,5e-05
2025-12-10 08:00,4,1.929e-05
2025-12-10 12:00,4,5e-05
2025-12-10 16:00,4,2.733e-05
2025-12-10 20:00,4,5e-05
2025-12-11 00:00,4,-0.00010603
2025-12-11 04:00,4,-0.00016574
2025-12-11 08:00,4,-0.00022219
2025-12-11 12:00,4,-1.693e-05
2025-12-11 16:00,4,-5.783e-05
2025-12-11 20:00,4,-5.01e-05
2025-12-12 00:00,4,-5.563e-05
2025-12-12 04:00,4,-3.602e-05
2025-12-12 08:00,4,-0.00011906
2025-12-12 12:00,4,1.974e-05
2025-12-12 16:00,4,-9.253e-05
2025-12-12 20:00,4,3.442e-05
2025-12-13 00:00,4,5e-05
2025-12-13 04:00,4,-2.806e-05
2025-12-13 08:00,4,5e-05
2025-12-13 12:00,4,5e-05
2025-12-13 16:00,4,4.424e-05
2025-12-13 20:00,4,5e-05
2025-12-14 00:00,4,5e-05
2025-12-14 04:00,4,-1.892e-05
2025-12-14 08:00,4,5e-05
2025-12-14 12:00,4,5e-05
2025-12-14 16:00,4,-3.68e-05
2025-12-14 20:00,4,5e-05
2025-12-15 00:00,4,4.43e-06
2025-12-15 04:00,4,-3.564e-05
2025-12-15 08:00,4,-0.00014775
2025-12-15 12:00,4,3.616e-05
2025-12-15 16:00,4,-0.00012945
2025-12-15 20:00,4,-2.696e-05
2025-12-16 00:00,4,5e-05
2025-12-16 04:00,4,5e-05
2025-12-16 08:00,4,5e-05
2025-12-16 12:00,4,5e-05
2025-12-16 16:00,4,5e-05
2025-12-16 20:00,4,2.01e-06
2025-12-17 00:00,4,5e-05
2025-12-17 04:00,4,5e-05
2025-12-17 08:00,4,1.7e-06
2025-12-17 12:00,4,5e-05
2025-12-17 16:00,4,5.01e-06
2025-12-17 20:00,4,-5.661e-05
2025-12-18 00:00,4,-0.00012556
2025-12-18 04:00,4,-1.494e-05
2025-12-18 08:00,4,1.205e-05
2025-12-18 12:00,4,5e-05
2025-12-18 16:00,4,5e-05
2025-12-18 20:00,4,-0.00014957
2025-12-19 00:00,4,-0.000114
2025-12-19 04:00,4,5e-05
2025-12-19 08:00,4,5e-05
2025-12-19 12:00,4,-3.7e-06
2025-12-19 16:00,4,5e-05
2025-12-19 20:00,4,5e-05
2025-12-20 00:00,4,5e-05
2025-12-20 04:00,4,5e-05
2025-12-20 08:00,4,5e-05
2025-12-20 12:00,4,5e-05
2025-12-20 16:00,4,5e-05
2025-12-20 20:00,4,-0.00030707
2025-12-21 00:00,4,5e-05
2025-12-21 04:00,4,-4.195e-05
2025-12-21 08:00,4,-9.68e-05
2025-12-21 12:00,4,-8.622e-05
2025-12-21 16:00,4,-1.175e-05
2025-12-21 20:00,4,-0.00010632
2025-12-22 00:00,4,-5.6e-06
2025-12-22 04:00,4,-1.478e-05
2025-12-22 08:00,4,1.333e-05
2025-12-22 12:00,4,2.894e-05
2025-12-22 16:00,4,1.196e-05
2025-12-22 20:00,4,-1.015e-05
2025-12-23 00:00,4,5e-05
2025-12-23 04:00,4,-0.00028183
2025-12-23 08:00,4,-8.38e-06
2025-12-23 12:00,4,5e-05
2025-12-23 16:00,4,-0.0001566
2025-12-23 20:00,4,4.046e-05
2025-12-24 00:00,4,1.326e-05
2025-12-24 04:00,4,5e-05
2025-12-24 08:00,4,-3.94e-06
2025-12-24 12:00,4,-0.00020339
2025-12-24 16:00,4,5e-05
2025-12-24 20:00,4,5e-05
2025-12-25 00:00,4,5e-05
2025-12-25 04:00,4,5e-05
2025-12-25 08:00,4,5e-05
2025-12-25 12:00,4,-1.56e-06
2025-12-25 16:00,4,-3.2e-06
2025-12-25 20:00,4,5e-05
2025-12-26 00:00,4,3.416e-05
2025-12-26 04:00,4,2.676e-05
2025-12-26 08:00,4,-9.627e-05
2025-12-26 12:00,4,5e-05
2025-12-26 16:00,4,5e-05
2025-12-26 20:00,4,5e-05
2025-12-27 00:00,4,5e-05
2025-12-27 04:00,4,5e-05
2025-12-27 08:00,4,5e-05
2025-12-27 12:00,4,5e-05
2025-12-27 16:00,4,5e-05
2025-12-27 20:00,4,1.645e-05
2025-12-28 00:00,4,5e-05
2025-12-28 04:00,4,-0.00220416
2025-12-28 08:00,4,-0.00072485
2025-12-28 12:00,4,-0.00053966
2025-12-28 16:00,4,-0.00088936
2025-12-28 20:00,4,-0.00046283
2025-12-29 00:00,4,-0.00077043
2025-12-29 04:00,4,-0.00051321
2025-12-29 08:00,4,-0.000361
2025-12-29 12:00,4,-0.00034157
2025-12-29 16:00,4,-0.00020256
2025-12-29 20:00,4,-0.00021668
2025-12-30 00:00,4,-0.00017745
2025-12-30 04:00,4,-0.00014008
2025-12-30 08:00,4,-0.00026489
2025-12-30 12:00,4,-0.00032514
2025-12-30 16:00,4,-4.765e-05
2025-12-30 20:00,4,-9.789e-05
2025-12-31 00:00,4,-0.00023898
2025-12-31 04:00,4,-0.00031784
2025-12-31 08:00,4,-0.00017951
2025-12-31 12:00,4,-7.719e-05
2025-12-31 16:00,4,-0.00010341
2025-12-31 20:00,4,-0.00012529
2026-01-01 00:00,4,-0.00011794
2026-01-01 04:00,4,-3.551e-05
2026-01-01 08:00,4,5e-05
2026-01-01 12:00,4,5e-05
2026-01-01 16:00,4,3.558e-05
2026-01-01 20:00,4,2.243e-05
2026-01-02 00:00,4,-6.605e-05
2026-01-02 04:00,4,5e-05
2026-01-02 08:00,4,1.971e-05
2026-01-02 12:00,4,5.23e-06
2026-01-02 16:00,4,2.73e-06
2026-01-02 20:00,4,2.4e-05
2026-01-03 00:00,4,3.262e-05
2026-01-03 04:00,4,5e-05
2026-01-03 08:00,4,5e-05
2026-01-03 12:00,4,5e-05
2026-01-03 16:00,4,-5.13e-05
2026-01-03 20:00,4,5e-05
2026-01-04 00:00,4,4.746e-05
2026-01-04 04:00,4,3.965e-05
2026-01-04 08:00,4,5e-05
2026-01-04 12:00,4,5e-05
2026-01-04 16:00,4,5e-05
2026-01-04 20:00,4,-5.88e-06
2026-01-05 00:00,4,3.852e-05
2026-01-05 04:00,4,7.43e-06
2026-01-05 08:00,4,5e-05
2026-01-05 12:00,4,5e-05
2026-01-05 16:00,4,5e-05
2026-01-05 20:00,4,5e-05
2026-01-06 00:00,4,5e-05
2026-01-06 04:00,4,5e-05
2026-01-06 08:00,4,-3.7e-06
2026-01-06 12:00,4,5e-05
2026-01-06 16:00,4,2.502e-05
2026-01-06 20:00,4,5e-05
2026-01-07 00:00,4,5e-05
2026-01-07 04:00,4,5e-05
2026-01-07 08:00,4,5e-05
2026-01-07 12:00,4,5e-05
2026-01-07 16:00,4,5e-05
2026-01-07 20:00,4,2.175e-05
2026-01-08 00:00,4,5e-05
2026-01-08 04:00,4,5e-05
2026-01-08 08:00,4,5e-05
2026-01-08 12:00,4,5e-05
2026-01-08 16:00,4,5e-05
2026-01-08 20:00,4,5e-05
2026-01-09 00:00,4,5e-05
2026-01-09 04:00,4,2.287e-05
2026-01-09 08:00,4,5e-05
2026-01-09 12:00,4,2.74e-05
2026-01-09 16:00,4,5e-05
2026-01-09 20:00,4,1.846e-05
2026-01-10 00:00,4,5e-05
2026-01-10 04:00,4,-2.72e-06
2026-01-10 08:00,4,5e-05
2026-01-10 12:00,4,5e-05
2026-01-10 16:00,4,1.468e-05
2026-01-10 20:00,4,5e-05
2026-01-11 00:00,4,-1.708e-05
2026-01-11 04:00,4,5e-05
2026-01-11 08:00,4,4.869e-05
2026-01-11 12:00,4,2.439e-05
2026-01-11 16:00,4,9.68e-06
2026-01-11 20:00,4,3.7e-07
2026-01-12 00:00,4,5e-05
2026-01-12 04:00,4,-5.001e-05
2026-01-12 08:00,4,-2.681e-05
2026-01-12 12:00,4,4.592e-05
2026-01-12 16:00,4,2.82e-05
2026-01-12 20:00,4,5e-05
2026-01-13 00:00,4,5e-05
2026-01-13 04:00,4,2.548e-05
2026-01-13 08:00,4,5e-05
2026-01-13 12:00,4,5e-05
2026-01-13 16:00,4,5e-05
2026-01-13 20:00,4,2.73e-05
2026-01-14 00:00,4,5e-05
2026-01-14 04:00,4,-4.611e-05
2026-01-14 08:00,4,2.813e-05
2026-01-14 12:00,4,5e-05
2026-01-14 16:00,4,5e-05
2026-01-14 20:00,4,3.612e-05
2026-01-15 00:00,4,6.6e-06
2026-01-15 04:00,4,5e-05
2026-01-15 08:00,4,5e-05
2026-01-15 12:00,4,1.45e-06
2026-01-15 16:00,4,4.67e-06
2026-01-15 20:00,4,4.29e-05
2026-01-16 00:00,4,5e-05
2026-01-16 04:00,4,2.113e-05
2026-01-16 08:00,4,5e-05
2026-01-16 12:00,4,5e-05
2026-01-16 16:00,4,8.73e-06
2026-01-16 20:00,4,5e-05
2026-01-17 00:00,4,5e-05
2026-01-17 04:00,4,9.07e-06
2026-01-17 08:00,4,5e-05
2026-01-17 12:00,4,2.493e-05
2026-01-17 16:00,4,5e-05
2026-01-17 20:00,4,5e-05
2026-01-18 00:00,4,5e-05
2026-01-18 04:00,4,2.861e-05
2026-01-18 08:00,4,5e-05
2026-01-18 12:00,4,5e-05
2026-01-18 16:00,4,5e-05
2026-01-18 20:00,4,6.9e-06
2026-01-19 00:00,4,-3.148e-05
2026-01-19 04:00,4,5e-05
2026-01-19 08:00,4,-7.942e-05
2026-01-19 12:00,4,5e-05
2026-01-19 16:00,4,2.842e-05
2026-01-19 20:00,4,1.383e-05
2026-01-20 00:00,4,5e-05
2026-01-20 04:00,4,4.158e-05
2026-01-20 08:00,4,5e-05
2026-01-20 12:00,4,5.24e-06
2026-01-20 16:00,4,-8.366e-05
2026-01-20 20:00,4,5e-05
2026-01-21 00:00,4,3.799e-05
2026-01-21 04:00,4,5e-05
2026-01-21 08:00,4,-9.984e-05
2026-01-21 12:00,4,-0.0001796
2026-01-21 16:00,4,5e-05
2026-01-21 20:00,4,5e-05
2026-01-22 00:00,4,-4.053e-05
2026-01-22 04:00,4,5e-05
2026-01-22 08:00,4,5e-05
2026-01-22 12:00,4,7.21e-06
2026-01-22 16:00,4,5e-05
2026-01-22 20:00,4,-6.094e-05
2026-01-23 00:00,4,5e-05
2026-01-23 04:00,4,5e-05
2026-01-23 08:00,4,5e-05
2026-01-23 12:00,4,5e-05
2026-01-23 16:00,4,5e-05
2026-01-23 20:00,4,7.43e-06
2026-01-24 00:00,4,5e-05
2026-01-24 04:00,4,5e-05
2026-01-24 08:00,4,5e-05
2026-01-24 12:00,4,3.83e-05
2026-01-24 16:00,4,-2.547e-05
2026-01-24 20:00,4,5e-05
2026-01-25 00:00,4,2.605e-05
2026-01-25 04:00,4,5e-05
2026-01-25 08:00,4,3.433e-05
2026-01-25 12:00,4,5e-05
2026-01-25 16:00,4,-1.59e-06
2026-01-25 20:00,4,-4.576e-05
2026-01-26 00:00,4,5e-05
2026-01-26 04:00,4,2.249e-05
2026-01-26 08:00,4,-9.083e-05
2026-01-26 12:00,4,-1.66e-05
2026-01-26 16:00,4,7.34e-06
2026-01-26 20:00,4,1.837e-05
2026-01-27 00:00,4,5e-05
2026-01-27 04:00,4,4.473e-05
2026-01-27 08:00,4,-0.0001468
2026-01-27 12:00,4,-3.982e-05
2026-01-27 16:00,4,5e-05
2026-01-27 20:00,4,5e-05
2026-01-28 00:00,4,5e-05
2026-01-28 04:00,4,-7.386e-05
2026-01-28 08:00,4,5e-05
2026-01-28 12:00,4,5e-05
2026-01-28 16:00,4,5e-05
2026-01-28 20:00,4,4.987e-05
2026-01-29 00:00,4,1.6e-05
2026-01-29 04:00,4,-1.865e-05
2026-01-29 08:00,4,4.037e-05
2026-01-29 12:00,4,5e-05
2026-01-29 16:00,4,-1.329e-05
2026-01-29 20:00,4,2.901e-05
2026-01-30 00:00,4,5e-05
2026-01-30 04:00,4,1.717e-05
2026-01-30 08:00,4,4.976e-05
2026-01-30 12:00,4,5e-05
2026-01-30 16:00,4,5e-05
2026-01-30 20:00,4,3.611e-05
2026-01-31 00:00,4,5e-05
2026-01-31 04:00,4,5e-05
2026-01-31 08:00,4,3.486e-05
2026-01-31 12:00,4,-2.881e-05
2026-01-31 16:00,4,-5.875e-05
2026-01-31 20:00,4,-6.896e-05
2026-02-01 00:00,4,2.489e-05
2026-02-01 04:00,4,5e-05
2026-02-01 08:00,4,-1.69e-06
2026-02-01 12:00,4,-3.12e-06
2026-02-01 16:00,4,-1.108e-05
2026-02-01 20:00,4,-5.307e-05
2026-02-02 00:00,4,-8.439e-05
2026-02-02 04:00,4,-4.695e-05
2026-02-02 08:00,4,-5.175e-05
2026-02-02 12:00,4,5e-05
2026-02-02 16:00,4,3.88e-05
2026-02-02 20:00,4,-1.092e-05
2026-02-03 00:00,4,5e-05
2026-02-03 04:00,4,5e-05
2026-02-03 08:00,4,2.663e-05
2026-02-03 12:00,4,5e-05
2026-02-03 16:00,4,-5.099e-05
2026-02-03 20:00,4,5e-05
2026-02-04 00:00,4,1.21e-05
2026-02-04 04:00,4,5e-05
2026-02-04 08:00,4,5e-05
2026-02-04 12:00,4,4.109e-05
2026-02-04 16:00,4,-2.57e-05
2026-02-04 20:00,4,5e-05
2026-02-05 00:00,4,2.824e-05
2026-02-05 04:00,4,-9.072e-05
2026-02-05 08:00,4,-2.409e-05
2026-02-05 12:00,4,-4.538e-05
2026-02-05 16:00,4,2.361e-05
2026-02-05 20:00,4,9.9e-06
2026-02-06 00:00,4,-4.662e-05
2026-02-06 04:00,4,5e-05
2026-02-06 08:00,4,2.181e-05
2026-02-06 12:00,4,8.52e-06
2026-02-06 16:00,4,4.01e-05
2026-02-06 20:00,4,7.55e-06
2026-02-07 00:00,4,-2.529e-05
2026-02-07 04:00,4,5e-05
2026-02-07 08:00,4,-4.074e-05
2026-02-07 12:00,4,4.522e-05
2026-02-07 16:00,4,2.993e-05
2026-02-07 20:00,4,-2.4e-07
2026-02-08 00:00,4,5e-05
2026-02-08 04:00,4,-7.875e-05
2026-02-08 08:00,4,5e-05
2026-02-08 12:00,4,3.916e-05
2026-02-08 16:00,4,1.085e-05
2026-02-08 20:00,4,5e-05
2026-02-09 00:00,4,-4.01e-05
2026-02-09 04:00,4,5e-05
2026-02-09 08:00,4,3.818e-05
2026-02-09 12:00,4,3.405e-05
2026-02-09 16:00,4,1.544e-05
2026-02-09 20:00,4,2.403e-05
2026-02-10 00:00,4,2.663e-05
2026-02-10 04:00,4,1.881e-05
2026-02-10 08:00,4,-2.76e-06
2026-02-10 12:00,4,3.62e-05
2026-02-10 16:00,4,1.169e-05
2026-02-10 20:00,4,-2.262e-05
2026-02-11 00:00,4,1.707e-05
2026-02-11 04:00,4,-0.00011925
2026-02-11 08:00,4,5e-05
2026-02-11 12:00,4,5e-05
2026-02-11 16:00,4,5e-05
2026-02-11 20:00,4,8.07e-06
2026-02-12 00:00,4,5e-05
2026-02-12 04:00,4,5e-05
2026-02-12 08:00,4,5e-05
2026-02-12 12:00,4,4.62e-05
2026-02-12 16:00,4,2.568e-05
2026-02-12 20:00,4,-3.611e-05
2026-02-13 00:00,4,5e-05
2026-02-13 04:00,4,-8.639e-05
2026-02-13 08:00,4,4.844e-05
2026-02-13 12:00,4,-3.3e-06
2026-02-13 16:00,4,-1.7e-05
2026-02-13 20:00,4,4.672e-05
2026-02-14 00:00,4,5e-05
2026-02-14 04:00,4,5e-05
2026-02-14 08:00,4,5e-05
2026-02-14 12:00,4,5e-05
2026-02-14 16:00,4,5e-05
2026-02-14 20:00,4,5e-05
2026-02-15 00:00,4,3.402e-05
2026-02-15 04:00,4,-0.00158582
2026-02-15 08:00,4,-0.00085559
2026-02-15 12:00,4,-0.00074494
2026-02-15 16:00,4,-0.00074011
2026-02-15 20:00,4,-0.00050315
2026-02-16 00:00,4,-0.00060299
2026-02-16 04:00,4,-0.00030683
2026-02-16 08:00,4,-0.00013203
2026-02-16 12:00,4,-4.553e-05
2026-02-16 16:00,4,-6.555e-05
2026-02-16 20:00,4,-2.21e-06
2026-02-17 00:00,4,-1.572e-05
2026-02-17 04:00,4,-0.00010877
2026-02-17 08:00,4,5e-05
2026-02-17 12:00,4,5e-05
2026-02-17 16:00,4,4.064e-05
2026-02-17 20:00,4,-1.072e-05
2026-02-18 00:00,4,3.569e-05
2026-02-18 04:00,4,1.73e-06
2026-02-18 08:00,4,3.826e-05
2026-02-18 12:00,4,1.72e-06
2026-02-18 16:00,4,1.377e-05
2026-02-18 20:00,4,-1.463e-05
2026-02-19 00:00,4,4.702e-05
2026-02-19 04:00,4,6.95e-06
2026-02-19 08:00,4,-5.586e-05
2026-02-19 12:00,4,-8.093e-05
2026-02-19 16:00,4,-8.334e-05
2026-02-19 20:00,4,-0.00011736
2026-02-20 00:00,4,-3.45e-06
2026-02-20 04:00,4,2.063e-05
2026-02-20 08:00,4,-7.656e-05
2026-02-20 12:00,4,-0.00020687
2026-02-20 16:00,4,-8.549e-05
2026-02-20 20:00,4,1.195e-05
2026-02-21 00:00,4,5e-05
2026-02-21 04:00,4,3.323e-05
2026-02-21 08:00,4,-2.23e-06
2026-02-21 12:00,4,-7.319e-05
2026-02-21 16:00,4,-6.263e-05
2026-02-21 20:00,4,5e-05
2026-02-22 00:00,4,-0.00015539
2026-02-22 04:00,4,-6.261e-05
2026-02-22 08:00,4,-3.6e-05
2026-02-22 12:00,4,-0.00024582
2026-02-22 16:00,4,-0.00012944
2026-02-22 20:00,4,-0.00029844
2026-02-23 00:00,4,-7.942e-05
2026-02-23 04:00,4,-0.00018677
2026-02-23 08:00,4,-9.704e-05
2026-02-23 12:00,4,-9.731e-05
2026-02-23 16:00,4,-0.0002619
2026-02-23 20:00,4,-0.00015794
2026-02-24 00:00,4,-5.45e-05
2026-02-24 04:00,4,-0.00018735
2026-02-24 08:00,4,-0.00028492
2026-02-24 12:00,4,-7.806e-05
2026-02-24 16:00,4,-9.07e-05
2026-02-24 20:00,4,5e-05
2026-02-25 00:00,4,-1.416e-05
2026-02-25 04:00,4,-1.273e-05
2026-02-25 08:00,4,5e-05
2026-02-25 12:00,4,-3.405e-05
2026-02-25 16:00,4,5e-05
2026-02-25 20:00,4,5e-05
2026-02-26 00:00,4,3.028e-05
2026-02-26 04:00,4,-2.592e-05
2026-02-26 08:00,4,5e-05
2026-02-26 12:00,4,-8.6e-05
2026-02-26 16:00,4,3.289e-05
2026-02-26 20:00,4,1.635e-05
2026-02-27 00:00,4,5e-05
2026-02-27 04:00,4,4.389e-05
2026-02-27 08:00,4,-8.327e-05
2026-02-27 12:00,4,-2.855e-05
2026-02-27 16:00,4,-3.151e-05
2026-02-27 20:00,4,-0.00022455
2026-02-28 00:00,4,8.16e-06
2026-02-28 04:00,4,-0.00018609
2026-02-28 08:00,4,-0.00017714
2026-02-28 12:00,4,-9.696e-05
2026-02-28 16:00,4,-0.00012771
2026-02-28 20:00,4,-3.516e-05
2026-03-01 00:00,4,5e-05
2026-03-01 04:00,4,6.49e-06
2026-03-01 08:00,4,5e-05
2026-03-01 12:00,4,5e-05
2026-03-01 16:00,4,-0.00014338
2026-03-01 20:00,4,-6.838e-05
2026-03-02 00:00,4,-0.00013059
2026-03-02 04:00,4,-1.62e-05
2026-03-02 08:00,4,-0.0001942
2026-03-02 12:00,4,-0.00018712
2026-03-02 16:00,4,-9.414e-05
2026-03-02 20:00,4,3.987e-05
2026-03-03 00:00,4,-8.71e-05
2026-03-03 04:00,4,5e-05
2026-03-03 08:00,4,-0.00010412
2026-03-03 12:00,4,-7.709e-05
2026-03-03 16:00,4,-3.19e-05
2026-03-03 20:00,4,-4.965e-05
2026-03-04 00:00,4,-7.2e-07
2026-03-04 04:00,4,-1.357e-05
2026-03-04 08:00,4,-7.809e-05
2026-03-04 12:00,4,1.896e-05
2026-03-04 16:00,4,5e-05
2026-03-04 20:00,4,-4.892e-05
2026-03-05 00:00,4,-1.47e-05
2026-03-05 04:00,4,3.476e-05
2026-03-05 08:00,4,1.503e-05
2026-03-05 12:00,4,5e-05
2026-03-05 16:00,4,5.03e-06
2026-03-05 20:00,4,3.074e-05
2026-03-06 00:00,4,-6.35e-06
2026-03-06 04:00,4,5e-05
2026-03-06 08:00,4,5e-05
2026-03-06 12:00,4,-3.48e-05
2026-03-06 16:00,4,-0.00016812
2026-03-06 20:00,4,-0.00011952
2026-03-07 00:00,4,5e-05
2026-03-07 04:00,4,-6.574e-05
2026-03-07 08:00,4,-0.00010758
2026-03-07 12:00,4,5e-05
2026-03-07 16:00,4,-1.122e-05
2026-03-07 20:00,4,5e-05
2026-03-08 00:00,4,-9.591e-05
2026-03-08 04:00,4,-0.00019342
2026-03-08 08:00,4,-0.00010488
2026-03-08 12:00,4,-8.41e-06
2026-03-08 16:00,4,-7.915e-05
2026-03-08 20:00,4,-6.88e-06
2026-03-09 00:00,4,-5.003e-05
2026-03-09 04:00,4,3.008e-05
2026-03-09 08:00,4,-5.574e-05
2026-03-09 12:00,4,3.653e-05
2026-03-09 16:00,4,-1.682e-05
2026-03-09 20:00,4,-0.00043679
2026-03-10 00:00,4,-4.771e-05
2026-03-10 04:00,4,-2.158e-05
2026-03-10 08:00,4,-8.026e-05
2026-03-10 12:00,4,1.29e-05
2026-03-10 16:00,4,-8.01e-05
2026-03-10 20:00,4,-4.989e-05
2026-03-11 00:00,4,-4.471e-05
2026-03-11 04:00,4,-1.743e-05
2026-03-11 08:00,4,-6.005e-05
2026-03-11 12:00,4,4.106e-05
2026-03-11 16:00,4,2.672e-05
2026-03-11 20:00,4,1.724e-05
2026-03-12 00:00,4,3.728e-05
2026-03-12 04:00,4,1.021e-05
2026-03-12 08:00,4,5e-05
2026-03-12 12:00,4,-2.138e-05
2026-03-12 16:00,4,5e-05
2026-03-12 20:00,4,5e-05
2026-03-13 00:00,4,4.074e-05
2026-03-13 04:00,4,5e-05
2026-03-13 08:00,4,5e-05
2026-03-13 12:00,4,5e-05
2026-03-13 16:00,4,5e-05
2026-03-13 20:00,4,5e-05
2026-03-14 00:00,4,5e-05
2026-03-14 04:00,4,5e-05
2026-03-14 08:00,4,5e-05
2026-03-14 12:00,4,5e-05
2026-03-14 16:00,4,-8.071e-05
2026-03-14 20:00,4,-3.756e-05
2026-03-15 00:00,4,5e-05
2026-03-15 04:00,4,-2.87e-06
2026-03-15 08:00,4,5e-05
2026-03-15 12:00,4,5e-05
2026-03-15 16:00,4,5e-05
2026-03-15 20:00,4,5e-05
2026-03-16 00:00,4,2.8e-07
2026-03-16 04:00,4,5e-05
2026-03-16 08:00,4,5e-05
2026-03-16 12:00,4,5e-05
2026-03-16 16:00,4,5e-05
2026-03-16 20:00,4,4.543e-05
2026-03-17 00:00,4,5e-05
2026-03-17 04:00,4,1.674e-05
2026-03-17 08:00,4,5e-05
2026-03-17 12:00,4,5e-05
2026-03-17 16:00,4,5e-05
2026-03-17 20:00,4,5e-05
2026-03-18 00:00,4,5e-05
2026-03-18 04:00,4,5e-05
2026-03-18 08:00,4,5e-05
2026-03-18 12:00,4,5e-05
2026-03-18 16:00,4,2.759e-05
2026-03-18 20:00,4,-0.00022182
2026-03-19 00:00,4,5e-05
2026-03-19 04:00,4,3.928e-05
2026-03-19 08:00,4,3.792e-05
2026-03-19 12:00,4,-9.36e-06
2026-03-19 16:00,4,5e-05
2026-03-19 20:00,4,5e-05
2026-03-20 00:00,4,-0.00013141
2026-03-20 04:00,4,5e-05
2026-03-20 08:00,4,5e-05
2026-03-20 12:00,4,5e-05
2026-03-20 16:00,4,5e-05
2026-03-20 20:00,4,5e-05
2026-03-21 00:00,4,5e-05
2026-03-21 04:00,4,5e-05
2026-03-21 08:00,4,-6.218e-05
2026-03-21 12:00,4,2.09e-06
2026-03-21 16:00,4,5e-05
2026-03-21 20:00,4,-4.245e-05
2026-03-22 00:00,4,-4.01e-05
2026-03-22 04:00,4,-5.268e-05
2026-03-22 08:00,4,5e-05
2026-03-22 12:00,4,5e-05
2026-03-22 16:00,4,-3.8e-06
2026-03-22 20:00,4,5e-05
2026-03-23 00:00,4,3.083e-05
2026-03-23 04:00,4,-0.00012705
2026-03-23 08:00,4,5e-05
2026-03-23 12:00,4,-3.702e-05
2026-03-23 16:00,4,3.265e-05
2026-03-23 20:00,4,5e-05
2026-03-24 00:00,4,5e-05
2026-03-24 04:00,4,5e-05
2026-03-24 08:00,4,2.334e-05
2026-03-24 12:00,4,4.211e-05
2026-03-24 16:00,4,5e-05
2026-03-24 20:00,4,3.905e-05
2026-03-25 00:00,4,5e-05
2026-03-25 04:00,4,-6.99e-06
2026-03-25 08:00,4,5e-05
2026-03-25 12:00,4,5e-05
2026-03-25 16:00,4,5e-05
2026-03-25 20:00,4,5e-05
2026-03-26 00:00,4,5e-05
2026-03-26 04:00,4,5e-05
2026-03-26 08:00,4,3.57e-05
2026-03-26 12:00,4,-4.593e-05
2026-03-26 16:00,4,5e-05
2026-03-26 20:00,4,-5.67e-05
2026-03-27 00:00,4,-3.587e-05
2026-03-27 04:00,4,5e-05
2026-03-27 08:00,4,5e-05
2026-03-27 12:00,4,3.813e-05
2026-03-27 16:00,4,-4.552e-05
2026-03-27 20:00,4,-9.865e-05
2026-03-28 00:00,4,5e-05
2026-03-28 04:00,4,2.19e-06
2026-03-28 08:00,4,-3.782e-05
2026-03-28 12:00,4,-2.105e-05
2026-03-28 16:00,4,-9.215e-05
2026-03-28 20:00,4,-0.00018522
2026-03-29 00:00,4,-1.562e-05
2026-03-29 04:00,4,5e-05
2026-03-29 08:00,4,-0.0003734
2026-03-29 12:00,4,-0.00014293
2026-03-29 16:00,4,5e-05
2026-03-29 20:00,4,5e-05
2026-03-30 00:00,4,2.895e-05
2026-03-30 04:00,4,3.8e-07
2026-03-30 08:00,4,5e-05
2026-03-30 12:00,4,5e-05
2026-03-30 16:00,4,1.417e-05
2026-03-30 20:00,4,2.164e-05
2026-03-31 00:00,4,-4.785e-05
2026-03-31 04:00,4,5e-05
2026-03-31 08:00,4,5e-05
2026-03-31 12:00,4,-6.314e-05
2026-03-31 16:00,4,-0.000122
2026-03-31 20:00,4,5e-05
2026-04-01 00:00,4,5e-05
2026-04-01 04:00,4,-4.335e-05
2026-04-01 08:00,4,2.316e-05
2026-04-01 12:00,4,-5.778e-05
2026-04-01 16:00,4,5e-05
2026-04-01 20:00,4,-7.821e-05
2026-04-02 00:00,4,-9.309e-05
2026-04-02 04:00,4,6.97e-06
2026-04-02 08:00,4,5e-05
2026-04-02 12:00,4,2.392e-05
2026-04-02 16:00,4,-3.237e-05
2026-04-02 20:00,4,-8.49e-06
2026-04-03 00:00,4,5e-05
2026-04-03 04:00,4,-0.00045843
2026-04-03 08:00,4,3.38e-06
2026-04-03 12:00,4,5e-05
2026-04-03 16:00,4,5e-05
2026-04-03 20:00,4,2.641e-05
2026-04-04 00:00,4,5e-05
2026-04-04 04:00,4,3.26e-05
2026-04-04 08:00,4,5.04e-06
2026-04-04 12:00,4,5e-05
2026-04-04 16:00,4,4.144e-05
2026-04-04 20:00,4,5e-05
2026-04-05 00:00,4,5e-05
2026-04-05 04:00,4,4.683e-05
2026-04-05 08:00,4,5e-05
2026-04-05 12:00,4,3.499e-05
2026-04-05 16:00,4,-0.00025057
2026-04-05 20:00,4,5e-05
2026-04-06 00:00,4,-0.00013551
2026-04-06 04:00,4,3.997e-05
2026-04-06 08:00,4,5e-05
2026-04-06 12:00,4,-1.199e-05
2026-04-06 16:00,4,-1.25e-05
2026-04-06 20:00,4,-7.779e-05
2026-04-07 00:00,4,-5.4e-07
2026-04-07 04:00,4,5.21e-06
2026-04-07 08:00,4,-3.832e-05
2026-04-07 12:00,4,4.613e-05
2026-04-07 16:00,4,5e-05
2026-04-07 20:00,4,3.559e-05
2026-04-08 00:00,4,5e-05
2026-04-08 04:00,4,2.837e-05
2026-04-08 08:00,4,3.121e-05
2026-04-08 12:00,4,1.387e-05
2026-04-08 16:00,4,1.681e-05
2026-04-08 20:00,4,-0.0002075
2026-04-09 00:00,4,-3.29e-05
2026-04-09 04:00,4,5e-05
2026-04-09 08:00,4,5e-05
2026-04-09 12:00,4,-0.00016864
2026-04-09 16:00,4,-3.722e-05
2026-04-09 20:00,4,-2.567e-05
2026-04-10 00:00,4,-9.19e-06
2026-04-10 04:00,4,4.106e-05
2026-04-10 08:00,4,5e-05
2026-04-10 12:00,4,-3.754e-05
2026-04-10 16:00,4,5e-05
2026-04-10 20:00,4,5e-05
2026-04-11 00:00,4,-0.00012653
2026-04-11 04:00,4,3.235e-05
2026-04-11 08:00,4,5e-05
2026-04-11 12:00,4,3.48e-05
2026-04-11 16:00,4,-2.62e-06
2026-04-11 20:00,4,1.387e-05
2026-04-12 00:00,4,-2.812e-05
2026-04-12 04:00,4,-1.646e-05
2026-04-12 08:00,4,-2.097e-05
2026-04-12 12:00,4,5e-05
2026-04-12 16:00,4,5e-05
2026-04-12 20:00,4,-2.09e-06
2026-04-13 00:00,4,1.678e-05
2026-04-13 04:00,4,-3.72e-05
2026-04-13 08:00,4,-1.85e-05
2026-04-13 12:00,4,-4.691e-05
2026-04-13 16:00,4,-3.98e-06
2026-04-13 20:00,4,5e-05
2026-04-14 00:00,4,5e-05
2026-04-14 04:00,4,-0.00013327
2026-04-14 08:00,4,3.238e-05
2026-04-14 12:00,4,-1.216e-05
2026-04-14 16:00,4,5e-05
2026-04-14 20:00,4,5e-05
2026-04-15 00:00,4,5e-05
2026-04-15 04:00,4,5e-05
2026-04-15 08:00,4,5e-05
2026-04-15 12:00,4,5e-05
2026-04-15 16:00,4,5e-05
2026-04-15 20:00,4,5e-05
2026-04-16 00:00,4,5e-05
2026-04-16 04:00,4,5e-05
2026-04-16 08:00,4,1.048e-05
2026-04-16 12:00,4,5e-05
2026-04-16 16:00,4,5e-05
2026-04-16 20:00,4,5e-05
2026-04-17 00:00,4,5e-05
2026-04-17 04:00,4,1.272e-05
2026-04-17 08:00,4,5e-05
2026-04-17 12:00,4,5e-05
2026-04-17 16:00,4,-1.66e-06
2026-04-17 20:00,4,5e-05
2026-04-18 00:00,4,5e-05
2026-04-18 04:00,4,5e-05
2026-04-18 08:00,4,5e-05
2026-04-18 12:00,4,2.667e-05
2026-04-18 16:00,4,-4.255e-05
2026-04-18 20:00,4,3.536e-05
2026-04-19 00:00,4,3.009e-05
2026-04-19 04:00,4,5e-05
2026-04-19 08:00,4,5e-05
2026-04-19 12:00,4,5e-05
2026-04-19 16:00,4,5e-05
2026-04-19 20:00,4,5e-05
2026-04-20 00:00,4,-5.91e-05
2026-04-20 04:00,4,5e-05
2026-04-20 08:00,4,6.88e-06
2026-04-20 12:00,4,5e-05
2026-04-20 16:00,4,5e-05
2026-04-20 20:00,4,4.332e-05
2026-04-21 00:00,4,5e-05
2026-04-21 04:00,4,5e-05
2026-04-21 08:00,4,3.26e-06
2026-04-21 12:00,4,5e-05
2026-04-21 16:00,4,5e-05
2026-04-21 20:00,4,5e-05
2026-04-22 00:00,4,5e-05
2026-04-22 04:00,4,5e-05
2026-04-22 08:00,4,5e-05
2026-04-22 12:00,4,5e-05
2026-04-22 16:00,4,5e-05
2026-04-22 20:00,4,5e-05
2026-04-23 00:00,4,1.94e-06
2026-04-23 04:00,4,-1.83e-06
2026-04-23 08:00,4,-3.556e-05
2026-04-23 12:00,4,-7.653e-05
2026-04-23 16:00,4,-0.00043867
2026-04-23 20:00,4,-8.405e-05
2026-04-24 00:00,4,2.143e-05
2026-04-24 04:00,4,-4.799e-05
2026-04-24 08:00,4,5e-05
2026-04-24 12:00,4,5e-05
2026-04-24 16:00,4,5e-05
2026-04-24 20:00,4,5e-05
2026-04-25 00:00,4,5e-05
2026-04-25 04:00,4,5e-05
2026-04-25 08:00,4,5e-05
2026-04-25 12:00,4,5e-05
2026-04-25 16:00,4,5e-05
2026-04-25 20:00,4,2.269e-05
2026-04-26 00:00,4,5e-05
2026-04-26 04:00,4,5e-05
2026-04-26 08:00,4,-6.29e-06
2026-04-26 12:00,4,-0.00376819
2026-04-26 16:00,4,-0.00097316
2026-04-26 20:00,4,-0.00042919
2026-04-27 00:00,4,-0.00052701
2026-04-27 04:00,4,-0.00013826
2026-04-27 08:00,4,-0.00014475
2026-04-27 12:00,4,-0.00011204
2026-04-27 16:00,4,-0.00019843
2026-04-27 20:00,4,-0.00012675
2026-04-28 00:00,4,4.036e-05
2026-04-28 04:00,4,1.34e-06
2026-04-28 08:00,4,-2.7e-06
2026-04-28 12:00,4,-2.211e-05
2026-04-28 16:00,4,1.034e-05
2026-04-28 20:00,4,9.28e-06
2026-04-29 00:00,4,4.257e-05
2026-04-29 04:00,4,5e-05
2026-04-29 08:00,4,5e-05
2026-04-29 12:00,4,5e-05
2026-04-29 16:00,4,5e-05
2026-04-29 20:00,4,5e-05
2026-04-30 00:00,4,5e-05
2026-04-30 04:00,4,5e-05
2026-04-30 08:00,4,2.803e-05
2026-04-30 12:00,4,4.924e-05
2026-04-30 16:00,4,2.422e-05
2026-04-30 20:00,4,5e-05
2026-05-01 00:00,4,-2.369e-05
2026-05-01 04:00,4,-2.808e-05
2026-05-01 08:00,4,-5.141e-05
2026-05-01 12:00,4,-0.00011929
2026-05-01 16:00,4,3.579e-05
2026-05-01 20:00,4,-8.582e-05
2026-05-02 00:00,4,-4.48e-05
2026-05-02 04:00,4,9.77e-06
2026-05-02 08:00,4,2.011e-05
2026-05-02 12:00,4,5e-05
2026-05-02 16:00,4,5e-05
2026-05-02 20:00,4,5e-05
2026-05-03 00:00,4,-6.9e-06
2026-05-03 04:00,4,5.51e-06
2026-05-03 08:00,4,-1.944e-05
2026-05-03 12:00,4,-7.252e-05
2026-05-03 16:00,4,-0.00015764
2026-05-03 20:00,4,-3.627e-05
2026-05-04 00:00,4,9.41e-06
2026-05-04 04:00,4,4.558e-05
2026-05-04 08:00,4,-1.674e-05
2026-05-04 12:00,4,-1.943e-05
2026-05-04 16:00,4,5e-05
2026-05-04 20:00,4,-7.734e-05
2026-05-05 00:00,4,2.38e-05
2026-05-05 04:00,4,-4.08e-06
2026-05-05 08:00,4,1.106e-05
2026-05-05 12:00,4,4.502e-05
2026-05-05 16:00,4,1.897e-05
2026-05-05 20:00,4,5e-05
2026-05-06 00:00,4,2.232e-05
2026-05-06 04:00,4,5e-05
2026-05-06 08:00,4,5e-05
2026-05-06 12:00,4,5e-05
2026-05-06 16:00,4,5e-05
2026-05-06 20:00,4,5e-05
2026-05-07 00:00,4,5e-05
2026-05-07 04:00,4,5e-05
2026-05-07 08:00,4,5e-05
2026-05-07 12:00,4,5e-05
2026-05-07 16:00,4,5e-05
2026-05-07 20:00,4,5e-05
2026-05-08 00:00,4,5e-05
2026-05-08 04:00,4,5e-05
2026-05-08 08:00,4,5e-05
2026-05-08 12:00,4,5e-05
2026-05-08 16:00,4,5e-05
2026-05-08 20:00,4,5e-05
2026-05-09 00:00,4,5e-05
2026-05-09 04:00,4,5e-05
2026-05-09 08:00,4,5e-05
2026-05-09 12:00,4,5e-05
2026-05-09 16:00,4,5e-05
2026-05-09 20:00,4,5e-05
2026-05-10 00:00,4,5e-05
2026-05-10 04:00,4,5e-05
2026-05-10 08:00,4,5e-05
2026-05-10 12:00,4,5e-05
2026-05-10 16:00,4,5e-05
2026-05-10 20:00,4,5e-05
2026-05-11 00:00,4,5e-05
2026-05-11 04:00,4,5e-05
2026-05-11 08:00,4,5e-05
2026-05-11 12:00,4,5e-05
2026-05-11 16:00,4,5e-05
2026-05-11 20:00,4,5e-05
2026-05-12 00:00,4,5e-05
2026-05-12 04:00,4,4.999e-05
2026-05-12 08:00,4,5e-05
2026-05-12 12:00,4,5e-05
2026-05-12 16:00,4,2.871e-05
2026-05-12 20:00,4,5e-05
2026-05-13 00:00,4,5e-05
2026-05-13 04:00,4,5e-05
2026-05-13 08:00,4,5e-05
2026-05-13 12:00,4,5e-05
2026-05-13 16:00,4,-2.339e-05
2026-05-13 20:00,4,5e-05
2026-05-14 00:00,4,3.778e-05
2026-05-14 04:00,4,1.281e-05
2026-05-14 08:00,4,5e-05
2026-05-14 12:00,4,5e-05
2026-05-14 16:00,4,5e-05
2026-05-14 20:00,4,5e-05
2026-05-15 00:00,4,5e-05
2026-05-15 04:00,4,5e-05
2026-05-15 08:00,4,5e-05
2026-05-15 12:00,4,1.086e-05
2026-05-15 16:00,4,-1.04e-06
2026-05-15 20:00,4,5e-05
2026-05-16 00:00,4,5e-05
2026-05-16 04:00,4,2.309e-05
2026-05-16 08:00,4,5e-05
2026-05-16 12:00,4,5e-05
2026-05-16 16:00,4,5e-05
2026-05-16 20:00,4,5e-05
2026-05-17 00:00,4,2.83e-06
2026-05-17 04:00,4,5e-05
2026-05-17 08:00,4,-7.5e-06
2026-05-17 12:00,4,3.533e-05
2026-05-17 16:00,4,2.912e-05
2026-05-17 20:00,4,5e-05
2026-05-18 00:00,4,-4.855e-05
2026-05-18 04:00,4,-3.509e-05
2026-05-18 08:00,4,-2.07e-06
2026-05-18 12:00,4,1.531e-05
2026-05-18 16:00,4,5e-05
2026-05-18 20:00,4,4.59e-05
2026-05-19 00:00,4,2.424e-05
2026-05-19 04:00,4,2.17e-06
2026-05-19 08:00,4,7.51e-06
2026-05-19 12:00,4,-0.00012723
2026-05-19 16:00,4,-0.00010942
2026-05-19 20:00,4,-9.53e-06
2026-05-20 00:00,4,-3.852e-05
2026-05-20 04:00,4,5e-05
2026-05-20 08:00,4,5e-05
2026-05-20 12:00,4,5e-05
2026-05-20 16:00,4,5e-05
2026-05-20 20:00,4,5e-05
2026-05-21 00:00,4,5e-05
2026-05-21 04:00,4,5e-05
2026-05-21 08:00,4,5e-05
2026-05-21 12:00,4,5e-05
2026-05-21 16:00,4,5e-05
2026-05-21 20:00,4,5e-05
2026-05-22 00:00,4,5e-05
2026-05-22 04:00,4,5e-05
2026-05-22 08:00,4,5e-05
2026-05-22 12:00,4,5e-05
2026-05-22 16:00,4,5e-05
2026-05-22 20:00,4,5e-05
2026-05-23 00:00,4,3.795e-05
2026-05-23 04:00,4,5e-05
2026-05-23 08:00,4,3.78e-06
2026-05-23 12:00,4,5e-05
2026-05-23 16:00,4,5e-05
2026-05-23 20:00,4,5e-05
2026-05-24 00:00,4,5e-05
2026-05-24 04:00,4,2.1e-05
2026-05-24 08:00,4,1.452e-05
2026-05-24 12:00,4,4.144e-05
2026-05-24 16:00,4,5e-05
2026-05-24 20:00,4,1.899e-05
2026-05-25 00:00,4,4.664e-05
2026-05-25 04:00,4,5e-05
2026-05-25 08:00,4,5e-05
2026-05-25 12:00,4,5e-05
2026-05-25 16:00,4,5e-05
2026-05-25 20:00,4,5e-05
2026-05-26 00:00,4,5e-05
2026-05-26 04:00,4,-9.02e-06
2026-05-26 08:00,4,7.61e-06
2026-05-26 12:00,4,5e-05
2026-05-26 16:00,4,5e-05
2026-05-26 20:00,4,5e-05
2026-05-27 00:00,4,3.004e-05
2026-05-27 04:00,4,2.406e-05
2026-05-27 08:00,4,1.477e-05
2026-05-27 12:00,4,-3.847e-05
2026-05-27 16:00,4,5e-05
2026-05-27 20:00,4,5e-05
2026-05-28 00:00,4,3.979e-05
2026-05-28 04:00,4,5e-05
2026-05-28 08:00,4,5e-05
2026-05-28 12:00,4,1.665e-05
2026-05-28 16:00,4,5e-05
2026-05-28 20:00,4,-8.611e-05
2026-05-29 00:00,4,3.77e-05
2026-05-29 04:00,4,4.681e-05
2026-05-29 08:00,4,5e-05
2026-05-29 12:00,4,3.33e-05
2026-05-29 16:00,4,5e-05
2026-05-29 20:00,4,5e-05
2026-05-30 00:00,4,5e-05
2026-05-30 04:00,4,5e-05
2026-05-30 08:00,4,5e-05
2026-05-30 12:00,4,-3.257e-05
2026-05-30 16:00,4,5e-05
2026-05-30 20:00,4,5e-05
2026-05-31 00:00,4,5e-05
2026-05-31 04:00,4,5e-05
2026-05-31 08:00,4,5e-05
2026-05-31 12:00,4,5e-05
2026-05-31 16:00,4,5e-05
2026-05-31 20:00,4,5e-05
2026-06-01 00:00,4,5e-05
2026-06-01 04:00,4,5e-05
2026-06-01 08:00,4,5e-05
2026-06-01 12:00,4,5e-05
2026-06-01 16:00,4,5e-05
2026-06-01 20:00,4,5e-05
2026-06-02 00:00,4,5e-05
2026-06-02 04:00,4,4.634e-05
2026-06-02 08:00,4,2.785e-05
2026-06-02 12:00,4,-5.313e-05
2026-06-02 16:00,4,5e-05
2026-06-02 20:00,4,4.518e-05
2026-06-03 00:00,4,5e-05
2026-06-03 04:00,4,5e-05
2026-06-03 08:00,4,5e-05
2026-06-03 12:00,4,5e-05
2026-06-03 16:00,4,5e-05
2026-06-03 20:00,4,5e-05
2026-06-04 00:00,4,5e-05
2026-06-04 04:00,4,5e-05
2026-06-04 08:00,4,1.082e-05
2026-06-04 12:00,4,4.38e-06
2026-06-04 16:00,4,5e-05
2026-06-04 20:00,4,-4.181e-05
2026-06-05 00:00,4,-3.197e-05
2026-06-05 04:00,4,-5.15e-05
2026-06-05 08:00,4,-2.416e-05
2026-06-05 12:00,4,-5.395e-05
2026-06-05 16:00,4,-7.359e-05
2026-06-05 20:00,4,5e-05
2026-06-06 00:00,4,5e-05
2026-06-06 04:00,4,-6.22e-06
2026-06-06 08:00,4,5e-05
2026-06-06 12:00,4,5e-05
2026-06-06 16:00,4,5e-05
2026-06-06 20:00,4,5e-05
2026-06-07 00:00,4,5e-05
2026-06-07 04:00,4,2.782e-05
2026-06-07 08:00,4,5e-05
2026-06-07 12:00,4,5e-05
2026-06-07 16:00,4,4.819e-05
2026-06-07 20:00,4,-3.407e-05
2026-06-08 00:00,4,5e-05
2026-06-08 04:00,4,5e-05
2026-06-08 08:00,4,5e-05
2026-06-08 12:00,4,5e-05
2026-06-08 16:00,4,5e-05
2026-06-08 20:00,4,5e-05
2026-06-09 00:00,4,5e-05
2026-06-09 04:00,4,5e-05
2026-06-09 08:00,4,5e-05
2026-06-09 12:00,4,5e-05
2026-06-09 16:00,4,5e-05
2026-06-09 20:00,4,5e-05
2026-06-10 00:00,4,5e-05
2026-06-10 04:00,4,4.212e-05
2026-06-10 08:00,4,5e-05
2026-06-10 12:00,4,5e-05
2026-06-10 16:00,4,5e-05
2026-06-10 20:00,4,5e-05
2026-06-11 00:00,4,5e-05
2026-06-11 04:00,4,5e-05
2026-06-11 08:00,4,5e-05
2026-06-11 12:00,4,5e-05
2026-06-11 16:00,4,5e-05
2026-06-11 20:00,4,5e-05
2026-06-12 00:00,4,5e-05
2026-06-12 04:00,4,5e-05
2026-06-12 08:00,4,5e-05
2026-06-12 12:00,4,5e-05
2026-06-12 16:00,4,5e-05
2026-06-12 20:00,4,5e-05
2026-06-13 00:00,4,5e-05
2026-06-13 04:00,4,5e-05
2026-06-13 08:00,4,5e-05
2026-06-13 12:00,4,5e-05
2026-06-13 16:00,4,5e-05
2026-06-13 20:00,4,5e-05
2026-06-14 00:00,4,5e-05
2026-06-14 04:00,4,5e-05
2026-06-14 08:00,4,5e-05
2026-06-14 12:00,4,4.079e-05
2026-06-14 16:00,4,3.324e-05
2026-06-14 20:00,4,5e-05
2026-06-15 00:00,4,5e-05
2026-06-15 04:00,4,5e-05
2026-06-15 08:00,4,5e-05
2026-06-15 12:00,4,5e-05
2026-06-15 16:00,4,5e-05
2026-06-15 20:00,4,5e-05
2026-06-16 00:00,4,5e-05
2026-06-16 04:00,4,5e-05
2026-06-16 08:00,4,5e-05
2026-06-16 12:00,4,5e-05
2026-06-16 16:00,4,5e-05
2026-06-16 20:00,4,4.341e-05
2026-06-17 00:00,4,5e-05
2026-06-17 04:00,4,5e-05
2026-06-17 08:00,4,5e-05
2026-06-17 12:00,4,5e-05
2026-06-17 16:00,4,5e-05
2026-06-17 20:00,4,5e-05
2026-06-18 00:00,4,5e-05
2026-06-18 04:00,4,5e-05
2026-06-18 08:00,4,5e-05
2026-06-18 12:00,4,-4.542e-05
2026-06-18 16:00,4,2.073e-05
2026-06-18 20:00,4,5e-05
2026-06-19 00:00,4,5e-05
2026-06-19 04:00,4,1.256e-05
2026-06-19 08:00,4,4.706e-05
2026-06-19 12:00,4,5e-05
2026-06-19 16:00,4,1.181e-05
2026-06-19 20:00,4,1.465e-05
2026-06-20 00:00,4,5e-05
2026-06-20 04:00,4,3.535e-05
2026-06-20 08:00,4,5e-05
2026-06-20 12:00,4,5e-05
2026-06-20 16:00,4,5e-05
2026-06-20 20:00,4,-4.61e-06
2026-06-21 00:00,4,5e-05
2026-06-21 04:00,4,1.875e-05
2026-06-21 08:00,4,-1.804e-05
2026-06-21 12:00,4,-4.266e-05
2026-06-21 16:00,4,-3.443e-05
2026-06-21 20:00,4,5e-05
2026-06-22 00:00,4,5e-05
2026-06-22 04:00,4,4.227e-05
2026-06-22 08:00,4,5e-05
2026-06-22 12:00,4,5e-05
2026-06-22 16:00,4,1.229e-05
2026-06-22 20:00,4,3.925e-05
2026-06-23 00:00,4,5e-05
2026-06-23 04:00,4,-1.812e-05
2026-06-23 08:00,4,-4.93e-05
2026-06-23 12:00,4,-7.87e-06
2026-06-23 16:00,4,2.708e-05
2026-06-23 20:00,4,5e-05
2026-06-24 00:00,4,5e-05
2026-06-24 08:00,4,5e-05
2026-06-24 12:00,4,3.91e-06
2026-06-24 16:00,4,-2.111e-05
2026-06-24 20:00,4,6.2e-06
2026-06-25 00:00,4,5e-05
2026-06-25 04:00,4,5e-05
2026-06-25 08:00,4,5e-05
2026-06-25 12:00,4,5e-05
2026-06-25 16:00,4,5e-05
2026-06-25 20:00,4,-0.00010675
2026-06-26 00:00,4,5e-05
2026-06-26 04:00,4,1.069e-05
2026-06-26 08:00,4,5e-05
2026-06-26 12:00,4,5e-05
2026-06-26 16:00,4,4.044e-05
2026-06-26 20:00,4,3.122e-05
2026-06-27 00:00,4,5e-05
2026-06-27 04:00,4,5e-05
2026-06-27 08:00,4,4.888e-05
2026-06-27 12:00,4,5e-05
2026-06-27 16:00,4,-1.63e-05
2026-06-27 20:00,4,9.23e-06
2026-06-28 00:00,4,-0.00016259
2026-06-28 04:00,4,5e-05
2026-06-28 08:00,4,-3.13e-06
2026-06-28 12:00,4,-4.288e-05
2026-06-28 16:00,4,3.723e-05
2026-06-28 20:00,4,1.591e-05
2026-06-29 00:00,4,4.318e-05
2026-06-29 04:00,4,-8.39e-06
2026-06-29 08:00,4,-6.984e-05
2026-06-29 12:00,4,5e-05
2026-06-29 16:00,4,5e-05
2026-06-29 20:00,4,3.695e-05
2026-06-30 00:00,4,5e-05
2026-06-30 04:00,4,3.405e-05
2026-06-30 08:00,4,-1.384e-05
2026-06-30 12:00,4,5e-05
2026-06-30 16:00,4,5e-05
2026-06-30 20:00,4,5e-05
2026-07-01 00:00,4,5e-05
2026-07-01 04:00,4,-7.407e-05
2026-07-01 08:00,4,5e-05
2026-07-01 12:00,4,5e-05
2026-07-01 16:00,4,5e-05
2026-07-01 20:00,4,-8.66e-05
2026-07-02 00:00,4,5e-05
2026-07-02 04:00,4,5e-05
2026-07-02 08:00,4,5e-05
2026-07-02 12:00,4,5e-05
2026-07-02 16:00,4,5e-05
2026-07-02 20:00,4,5e-05
2026-07-03 00:00,4,5e-05
2026-07-03 04:00,4,5e-05
2026-07-03 08:00,4,5e-05
2026-07-03 12:00,4,5e-05
2026-07-03 16:00,4,5e-05
2026-07-03 20:00,4,5e-05
2026-07-04 00:00,4,5e-05
2026-07-04 04:00,4,5e-05
2026-07-04 08:00,4,5e-05
2026-07-04 12:00,4,5e-05
2026-07-04 16:00,4,5e-05
2026-07-04 20:00,4,5e-05
2026-07-05 00:00,4,5e-05
2026-07-05 04:00,4,5e-05
2026-07-05 08:00,4,5e-05
2026-07-05 12:00,4,5e-05
2026-07-05 16:00,4,5e-05
2026-07-05 20:00,4,5e-05
2026-07-06 00:00,4,5e-05
2026-07-06 04:00,4,5e-05
2026-07-06 08:00,4,5e-05
2026-07-06 12:00,4,5e-05
2026-07-06 16:00,4,5e-05
2026-07-06 20:00,4,5e-05
2026-07-07 00:00,4,3e-05
2026-07-07 04:00,4,4.759e-05
2026-07-07 08:00,4,5e-05
2026-07-07 12:00,4,5e-05
2026-07-07 16:00,4,5e-05
2026-07-07 20:00,4,5e-05
2026-07-08 00:00,4,5e-05
2026-07-08 04:00,4,5e-05
2026-07-08 08:00,4,5e-05
2026-07-08 12:00,4,5e-05
2026-07-08 16:00,4,2.544e-05
2026-07-08 20:00,4,5e-05
2026-07-09 00:00,4,5e-05
2026-07-09 04:00,4,5e-05
2026-07-09 08:00,4,5e-05
2026-07-09 12:00,4,5e-05
2026-07-09 16:00,4,5e-05
2026-07-09 20:00,4,5e-05
2026-07-10 00:00,4,5e-05
2026-07-10 04:00,4,5e-05
2026-07-10 08:00,4,5e-05
2026-07-10 12:00,4,5e-05
2026-07-10 16:00,4,3.612e-05
2026-07-10 20:00,4,-0.0001131
2026-07-11 00:00,4,5e-05
2026-07-11 04:00,4,5e-05
2026-07-11 08:00,4,5e-05
2026-07-11 12:00,4,5e-05
2026-07-11 16:00,4,5e-05
2026-07-11 20:00,4,5e-05
2026-07-12 00:00,4,-3.8e-07
2026-07-12 04:00,4,-4.36e-06
2026-07-12 08:00,4,-3.648e-05
2026-07-12 12:00,4,-8.637e-05
2026-07-12 16:00,4,4.734e-05
2026-07-12 20:00,4,5e-05
2026-07-13 00:00,4,1.688e-05
2026-07-13 04:00,4,5e-05
2026-07-13 08:00,4,5e-05
2026-07-13 12:00,4,2.749e-05
2026-07-13 16:00,4,5e-05
2026-07-13 20:00,4,4.313e-05
2026-07-14 00:00,4,5e-05
2026-07-14 04:00,4,-6.83e-06
2026-07-14 08:00,4,5e-05
2026-07-14 12:00,4,5e-05
2026-07-14 16:00,4,5e-05
2026-07-14 20:00,4,5e-05
2026-07-15 00:00,4,4.45e-05
2026-07-15 04:00,4,-8.266e-05
2026-07-15 08:00,4,5e-05
2026-07-15 12:00,4,5e-05
2026-07-15 16:00,4,5e-05
2026-07-15 20:00,4,5e-05
2026-07-16 00:00,4,5e-05
2026-07-16 04:00,4,5e-05
2026-07-16 08:00,4,5e-05
2026-07-16 12:00,4,5e-05
2026-07-16 16:00,4,5e-05
2026-07-16 20:00,4,5.72e-06
2026-07-17 00:00,4,5e-05
2026-07-17 04:00,4,5e-05
2026-07-17 08:00,4,5e-05
2026-07-17 12:00,4,-6.352e-05
2026-07-17 16:00,4,5e-05
2026-07-17 20:00,4,5e-05
2026-07-18 00:00,4,5e-05
2026-07-18 04:00,4,5e-05
2026-07-18 08:00,4,5e-05
2026-07-18 12:00,4,4.848e-05
2026-07-18 16:00,4,-1.671e-05
2026-07-18 20:00,4,-3.184e-05
2026-07-19 00:00,4,5e-05
2026-07-19 04:00,4,-0.00012148
2026-07-19 08:00,4,5e-05
2026-07-19 12:00,4,-6.99e-05
2026-07-19 16:00,4,2.182e-05
2026-07-19 20:00,4,-6.26e-06
2026-07-20 00:00,4,-0.00018712
2026-07-20 04:00,4,5e-05
2026-07-20 08:00,4,5e-05
2026-07-20 12:00,4,5e-05
2026-07-20 16:00,4,5e-05
2026-07-20 20:00,4,5e-05
2026-07-21 00:00,4,5e-05
2026-07-21 04:00,4,5e-05
2026-07-21 08:00,4,5e-05
2026-07-21 12:00,4,5e-05
2026-07-21 16:00,4,5e-05
2026-07-21 20:00,4,5e-05
2026-07-22 00:00,4,5e-05
2026-07-22 04:00,4,5e-05
2026-07-22 08:00,4,5e-05
2026-07-22 12:00,4,5e-05
2026-07-22 16:00,4,5e-05
2026-07-22 20:00,4,5e-05
2026-07-23 00:00,4,5e-05
2026-07-23 04:00,4,5e-05
2026-07-23 08:00,4,5e-05
2026-07-23 12:00,4,5e-05
2026-07-23 16:00,4,5e-05
2026-07-23 20:00,4,1.284e-05
2026-07-24 00:00,4,5e-05
2026-07-24 04:00,4,-0.00016078
2026-07-24 08:00,4,5e-05
2026-07-24 12:00,4,5e-05
2026-07-24 16:00,4,1.91e-05
2026-07-24 20:00,4,-0.00021988
2026-07-25 00:00,4,5e-05
2026-07-25 04:00,4,-9.589e-05
2026-07-25 08:00,4,1.24e-06
2026-07-25 12:00,4,5e-05
2026-07-25 16:00,4,-3.709e-05
2026-07-25 20:00,4,-0.0001511
2026-07-26 00:00,4,5e-05
2026-07-26 04:00,4,5e-05
2026-07-26 08:00,4,5e-05
2026-07-26 12:00,4,-3.559e-05
2026-07-26 16:00,4,5e-05
2026-07-26 20:00,4,3.841e-05
2026-07-27 00:00,4,5e-05
2026-07-27 04:00,4,-1.391e-05
2026-07-27 08:00,4,-0.00011336
2026-07-27 12:00,4,-4.482e-05
2026-07-27 16:00,4,-2.653e-05
2026-07-27 20:00,4,5e-05
2026-07-28 00:00,4,4.624e-05
2026-07-28 04:00,4,-4.261e-05
2026-07-28 08:00,4,1.64e-06
2026-07-28 12:00,4,5e-05
2026-07-28 16:00,4,5e-05
2026-07-28 20:00,4,5e-05
2026-07-29 00:00,4,-0.00010356
2026-07-29 04:00,4,-8.62e-06
2026-07-29 08:00,4,5e-05
2026-07-29 12:00,4,5e-05
2026-07-29 16:00,4,-7.197e-05
2026-07-29 20:00,4,-8.119e-05
2026-07-30 00:00,4,5e-05
2026-07-30 04:00,4,5e-05
2026-07-30 08:00,4,2.595e-05
2026-07-30 12:00,4,5e-05
2026-07-30 16:00,4,5e-05
2026-07-30 20:00,4,5e-05
2026-07-31 00:00,4,2.226e-05
2026-07-31 04:00,4,3.462e-05
2026-07-31 08:00,4,-1.797e-05
2026-07-31 12:00,4,5e-05
2026-07-31 16:00,4,5e-05
2026-07-31 20:00,4,5e-05
2026-08-01 00:00,4,5e-05
2026-08-01 04:00,4,5e-05
2026-08-01 08:00,4,3.058e-05
2026-08-01 12:00,4,5e-05
2026-08-01 16:00,4,5e-05
2026-08-01 20:00,4,5e-05
2026-08-02 00:00,4,5e-05
2026-08-02 04:00,4,5e-05
2026-08-02 08:00,4,5e-05
2026-08-02 12:00,4,5e-05
2026-08-02 16:00,4,5e-05
2026-08-02 20:00,4,5e-05
2026-08-03 00:00,4,5e-05
2026-08-03 04:00,4,-4.8e-07
2026-08-03 08:00,4,5e-05
2026-08-03 12:00,4,5e-05
2026-08-03 16:00,4,5e-05
2026-08-03 20:00,4,3.939e-05
2026-08-04 00:00,4,5e-05
2026-08-04 04:00,4,1.136e-05
2026-08-04 08:00,4,5e-05
2026-08-04 12:00,4,5e-05
2026-08-04 16:00,4,5e-05
2026-08-04 20:00,4,5e-05
2026-08-05 00:00,4,4.417e-05
2026-08-05 04:00,4,5e-05
2026-08-05 08:00,4,7.89e-06
2026-08-05 12:00,4,5e-05
2026-08-05 16:00,4,-2.425e-05
2026-08-05 20:00,4,5e-05
2026-08-06 00:00,4,5e-05
2026-08-06 04:00,4,5e-05
2026-08-06 08:00,4,5e-05
2026-08-06 12:00,4,5e-05
2026-08-06 16:00,4,5e-05
2026-08-06 20:00,4,5e-05
2026-08-07 00:00,4,5e-05
2026-08-07 04:00,4,-5.8e-06
2026-08-07 08:00,4,5e-05
2026-08-07 12:00,4,5.52e-06
2026-08-07 16:00,4,5e-05
2026-08-07 20:00,4,-3.988e-05
2026-08-08 00:00,4,5e-05
2026-08-08 04:00,4,-6.848e-05
2026-08-08 08:00,4,4.963e-05
2026-08-08 12:00,4,5e-05
2026-08-08 16:00,4,5e-05
2026-08-08 20:00,4,5e-05
2026-08-09 00:00,4,5e-05
2026-08-09 04:00,4,5e-05
2026-08-09 08:00,4,5e-05
2026-08-09 12:00,4,5e-05
2026-08-09 16:00,4,5e-05
2026-08-09 20:00,4,5e-05
2026-08-10 00:00,4,1.371e-05
2026-08-10 04:00,4,5e-05
2026-08-10 08:00,4,5e-05
2026-08-10 12:00,4,5e-05
2026-08-10 16:00,4,5e-05
2026-08-10 20:00,4,-0.00010052
2026-08-11 00:00,4,5e-05
2026-08-11 04:00,4,5e-05
2026-08-11 08:00,4,5e-05
2026-08-11 12:00,4,5e-05
2026-08-11 16:00,4,5e-05
2026-08-11 20:00,4,5e-05
2026-08-12 00:00,4,5e-05
2026-08-12 04:00,4,5e-05
2026-08-12 08:00,4,-1.402e-05
2026-08-12 12:00,4,1.521e-05
2026-08-12 16:00,4,8.83e-06
2026-08-12 20:00,4,5e-05
2026-08-13 00:00,4,5e-05
2026-08-13 04:00,4,5e-05
2026-08-13 08:00,4,5e-05
2026-08-13 12:00,4,5e-05
2026-08-13 16:00,4,5e-05
2026-08-13 20:00,4,5e-05
2026-08-14 00:00,4,5e-05
2026-08-14 04:00,4,2.051e-05
2026-08-14 08:00,4,-8.13e-06
2026-08-14 12:00,4,5e-05
2026-08-14 16:00,4,5e-05
2026-08-14 20:00,4,5e-05
2026-08-15 00:00,4,5e-05
2026-08-15 04:00,4,5e-05
2026-08-15 08:00,4,5e-05
2026-08-15 12:00,4,5e-05
2026-08-15 16:00,4,5e-05
2026-08-15 20:00,4,5e-05
2026-08-16 00:00,4,1.066e-05
2026-08-16 04:00,4,-5.463e-05
2026-08-16 08:00,4,5e-05
2026-08-16 12:00,4,5e-05
2026-08-16 16:00,4,5e-05
2026-08-16 20:00,4,5e-05
2026-08-17 00:00,4,5e-05
2026-08-17 04:00,4,5e-05
2026-08-17 08:00,4,-7.154e-05
2026-08-17 12:00,4,-0.00010843
2026-08-17 16:00,4,-2.115e-05
2026-08-17 20:00,4,5e-05
2026-08-18 00:00,4,5e-05
2026-08-18 04:00,4,-5.919e-05
2026-08-18 08:00,4,3.603e-05
2026-08-18 12:00,4,-1.082e-05
2026-08-18 16:00,4,9.17e-06
2026-08-18 20:00,4,5e-05
2026-08-19 00:00,4,5e-05
2026-08-19 04:00,4,-0.0001237
2026-08-19 08:00,4,-4.271e-05
2026-08-19 12:00,4,5e-05
2026-08-19 16:00,4,5e-05
2026-08-19 20:00,4,5e-05
2026-08-20 00:00,4,5e-05
2026-08-20 04:00,4,5e-05
2026-08-20 08:00,4,5e-05
2026-08-20 12:00,4,5e-05
2026-08-20 16:00,4,5e-05
2026-08-20 20:00,4,5e-05
2026-08-21 00:00,4,5e-05
2026-08-21 04:00,4,5e-05
2026-08-21 08:00,4,5e-05
2026-08-21 12:00,4,5e-05
2026-08-21 16:00,4,5e-05
2026-08-21 20:00,4,5e-05
2026-08-22 00:00,4,5e-05
2026-08-22 04:00,4,5e-05
2026-08-22 08:00,4,5e-05
2026-08-22 12:00,4,5e-05
2026-08-22 16:00,4,5e-05
2026-08-22 20:00,4,5e-05
2026-08-23 00:00,4,5e-05
2026-08-23 04:00,4,5e-05
2026-08-23 08:00,4,5e-05
2026-08-23 12:00,4,6.703e-05
2026-08-23 16:00,4,5e-05
2026-08-23 20:00,4,5e-05
2026-08-24 00:00,4,5e-05
2026-08-24 04:00,4,5e-05
2026-08-24 08:00,4,5e-05
2026-08-24 12:00,4,5e-05
2026-08-24 16:00,4,5e-05
2026-08-24 20:00,4,5e-05
2026-08-25 00:00,4,5e-05
2026-08-25 04:00,4,5e-05
2026-08-25 08:00,4,5e-05
2026-08-25 12:00,4,5e-05
2026-08-25 16:00,4,5e-05
2026-08-25 20:00,4,5e-05
2026-08-26 00:00,4,5e-05
2026-08-26 04:00,4,5e-05
2026-08-26 08:00,4,5e-05
2026-08-26 12:00,4,5e-05
2026-08-26 16:00,4,5e-05
2026-08-26 20:00,4,5e-05
2026-08-27 00:00,4,5e-05
2026-08-27 04:00,4,5e-05
2026-08-27 08:00,4,5e-05
2026-08-27 12:00,4,5e-05
2026-08-27 16:00,4,5e-05
2026-08-27 20:00,4,5e-05
2026-08-28 00:00,4,5e-05
2026-08-28 04:00,4,5e-05
2026-08-28 08:00,4,5e-05
2026-08-28 12:00,4,5e-05
2026-08-28 16:00,4,5e-05
2026-08-28 20:00,4,5e-05
2026-08-29 00:00,4,5e-05
2026-08-29 04:00,4,5e-05
2026-08-29 08:00,4,5e-05
2026-08-29 12:00,4,5e-05
2026-08-29 16:00,4,5e-05
2026-08-29 20:00,4,5e-05
2026-08-30 00:00,4,5e-05
2026-08-30 04:00,4,5e-05
2026-08-30 08:00,4,5e-05
2026-08-30 12:00,4,5e-05
2026-08-30 16:00,4,5e-05
2026-08-30 20:00,4,5e-05
2026-08-31 00:00,4,5e-05
2026-08-31 04:00,4,5e-05
2026-08-31 08:00,4,5e-05
2026-08-31 12:00,4,5e-05
2026-08-31 16:00,4,5e-05
2026-08-31 20:00,4,5e-05
2026-09-01 00:00,4,5e-05
2026-09-01 04:00,4,5e-05
2026-09-01 08:00,4,5e-05
2026-09-01 12:00,4,5e-05
2026-09-01 16:00,4,5e-05
2026-09-01 20:00,4,5e-05
2026-09-02 00:00,4,5e-05
2026-09-02 04:00,4,5e-05
2026-09-02 08:00,4,5e-05
2026-09-02 12:00,4,5e-05
2026-09-02 16:00,4,1.63e-05
2026-09-02 20:00,4,5e-05
2026-09-03 00:00,4,5e-05
2026-09-03 04:00,4,5e-05
2026-09-03 08:00,4,5e-05
2026-09-03 12:00,4,5e-05
2026-09-03 16:00,4,5e-05
2026-09-03 20:00,4,5e-05
2026-09-04 00:00,4,5e-05
2026-09-04 04:00,4,5e-05
2026-09-04 08:00,4,5e-05
2026-09-04 12:00,4,5e-05
2026-09-04 16:00,4,5e-05
2026-09-04 20:00,4,5e-05
2026-09-05 00:00,4,5e-05
2026-09-05 04:00,4,5e-05
2026-09-05 08:00,4,5e-05
2026-09-05 12:00,4,5e-05
2026-09-05 16:00,4,5e-05
2026-09-05 20:00,4,5e-05
2026-09-06 00:00,4,5e-05
2026-09-06 04:00,4,5e-05
2026-09-06 08:00,4,5e-05
2026-09-06 12:00,4,5e-05
2026-09-06 16:00,4,5e-05
2026-09-06 20:00,4,5e-05
2026-09-07 00:00,4,5e-05
2026-09-07 04:00,4,5e-05
2026-09-07 08:00,4,5e-05
2026-09-07 12:00,4,5e-05
2026-09-07 16:00,4,5e-05
2026-09-07 20:00,4,5e-05
2026-09-08 00:00,4,5e-05
2026-09-08 04:00,4,5e-05
2026-09-08 08:00,4,5e-05
2026-09-08 12:00,4,5e-05
2026-09-08 16:00,4,5e-05
2026-09-08 20:00,4,5e-05
2026-09-09 00:00,4,5e-05
2026-09-09 04:00,4,5e-05
2026-09-09 08:00,4,5e-05
2026-09-09 12:00,4,5e-05
2026-09-09 16:00,4,5e-05
2026-09-09 20:00,4,5e-05
2026-09-10 00:00,4,5e-05
2026-09-10 04:00,4,5e-05
2026-09-10 08:00,4,-1.599e-05
2026-09-10 12:00,4,5e-05
2026-09-10 16:00,4,5e-05
2026-09-10 20:00,4,5e-05
2026-09-11 00:00,4,1.678e-05
2026-09-11 04:00,4,5e-05
2026-09-11 08:00,4,5e-05
2026-09-11 12:00,4,5e-05
2026-09-11 16:00,4,5e-05
2026-09-11 20:00,4,5e-05
2026-09-12 00:00,4,5e-05
2026-09-12 04:00,4,5e-05
2026-09-12 08:00,4,5e-05
2026-09-12 12:00,4,5e-05
2026-09-12 16:00,4,5e-05
2026-09-12 20:00,4,5e-05
2026-09-13 00:00,4,5e-05
2026-09-13 04:00,4,5e-05
2026-09-13 08:00,4,5e-05
2026-09-13 12:00,4,5e-05
2026-09-13 16:00,4,5e-05
2026-09-13 20:00,4,5e-05
2026-09-14 00:00,4,5e-05
2026-09-14 04:00,4,5e-05
2026-09-14 08:00,4,5e-05
2026-09-14 12:00,4,5e-05
2026-09-14 16:00,4,5e-05
2026-09-14 20:00,4,5e-05
2026-09-15 00:00,4,-3.775e-05
2026-09-15 04:00,4,5e-05
2026-09-15 08:00,4,5e-05
2026-09-15 12:00,4,5e-05
2026-09-15 16:00,4,5e-05
2026-09-15 20:00,4,4.914e-05
2026-09-16 00:00,4,5e-05
2026-09-16 04:00,4,5e-05
2026-09-16 08:00,4,1.261e-05
2026-09-16 12:00,4,2.022e-05
2026-09-16 16:00,4,-1.735e-05
2026-09-16 20:00,4,3.866e-05
2026-09-17 00:00,4,5e-05
2026-09-17 04:00,4,-8.73e-06
2026-09-17 08:00,4,5e-05
2026-09-17 12:00,4,-2.818e-05
2026-09-17 16:00,4,2.079e-05
2026-09-17 20:00,4,-2.541e-05
2026-09-18 00:00,4,5e-05
2026-09-18 04:00,4,5e-05
2026-09-18 08:00,4,5e-05
2026-09-18 12:00,4,5e-05
2026-09-18 16:00,4,5e-05
2026-09-18 20:00,4,5e-05
2026-09-19 00:00,4,5e-05
2026-09-19 04:00,4,5e-05
2026-09-19 08:00,4,5e-05
2026-09-19 12:00,4,5e-05
2026-09-19 16:00,4,5e-05
2026-09-19 20:00,4,5e-05
2026-09-20 00:00,4,5e-05
2026-09-20 04:00,4,5e-05
2026-09-20 08:00,4,5e-05
2026-09-20 12:00,4,5e-05
2026-09-20 16:00,4,5e-05
2026-09-20 20:00,4,5e-05
2026-09-21 00:00,4,5e-05
2026-09-21 04:00,4,5e-05
2026-09-21 08:00,4,5e-05
2026-09-21 12:00,4,5e-05
2026-09-21 16:00,4,5e-05
2026-09-21 20:00,4,5e-05
2026-09-22 00:00,4,5e-05
2026-09-22 04:00,4,5e-05
2026-09-22 08:00,4,5e-05
2026-09-22 12:00,4,5e-05
2026-09-22 16:00,4,5e-05
2026-09-22 20:00,4,5e-05
2026-09-23 00:00,4,5e-05
2026-09-23 04:00,4,5e-05
2026-09-23 08:00,4,5e-05
2026-09-23 12:00,4,5e-05
2026-09-23 16:00,4,5e-05
2026-09-23 20:00,4,5e-05
2026-09-24 00:00,4,5e-05
2026-09-24 04:00,4,5e-05
2026-09-24 08:00,4,5e-05
2026-09-24 12:00,4,5e-05
2026-09-24 16:00,4,5e-05
2026-09-24 20:00,4,5e-05
2026-09-25 00:00,4,5e-05
2026-09-25 04:00,4,5e-05
2026-09-25 08:00,4,5e-05
2026-09-25 12:00,4,5e-05
2026-09-25 16:00,4,5e-05
2026-09-25 20:00,4,5e-05
2026-09-26 00:00,4,5e-05
2026-09-26 04:00,4,5e-05
2026-09-26 08:00,4,5e-05
2026-09-26 12:00,4,5e-05
2026-09-26 16:00,4,5e-05
2026-09-26 20:00,4,5e-05
2026-09-27 00:00,4,5e-05
2026-09-27 04:00,4,5e-05
2026-09-27 08:00,4,5e-05
2026-09-27 12:00,4,5e-05
2026-09-27 16:00,4,5e-05
2026-09-27 20:00,4,5e-05
2026-09-28 00:00,4,5e-05
2026-09-28 04:00,4,5e-05
2026-09-28 08:00,4,5e-05
2026-09-28 12:00,4,5e-05
2026-09-28 16:00,4,5e-05
2026-09-28 20:00,4,5e-05
2026-09-29 00:00,4,5e-05
2026-09-29 04:00,4,5e-05
2026-09-29 08:00,4,5e-05
2026-09-29 12:00,4,5e-05
2026-09-29 16:00,4,5e-05
2026-09-29 20:00,4,5e-05
2026-09-30 00:00,4,5e-05
2026-09-30 04:00,4,5e-05
2026-09-30 08:00,4,5e-05
2026-09-30 12:00,4,5e-05
2026-09-30 16:00,4,5e-05
2026-09-30 20:00,4,5e-05
