t,interval_h,rate
2020-09-01 00:00,8,0.0001
2020-09-01 08:00,8,0.0001
2020-09-01 16:00,8,0.00011134
2020-09-02 00:00,8,0.00018716
2020-09-02 08:00,8,0.0001
2020-09-02 16:00,8,0.0001
2020-09-03 00:00,8,0.0001
2020-09-03 08:00,8,0.0001
2020-09-03 16:00,8,0.0001
2020-09-04 00:00,8,0.0001
2020-09-04 08:00,8,0.0001
2020-09-04 16:00,8,0.0001
2020-09-05 00:00,8,0.0001
2020-09-05 08:00,8,0.0001
2020-09-05 16:00,8,0.0001
2020-09-06 00:00,8,0.0001
2020-09-06 08:00,8,0.0001
2020-09-06 16:00,8,0.0001
2020-09-07 00:00,8,0.0001
2020-09-07 08:00,8,0.0001
2020-09-07 16:00,8,0.0001
2020-09-08 00:00,8,0.0001
2020-09-08 08:00,8,0.0001
2020-09-08 16:00,8,0.0001
2020-09-09 00:00,8,-0.00045886
2020-09-09 08:00,8,0.0001
2020-09-09 16:00,8,0.0001
2020-09-10 00:00,8,0.0001
2020-09-10 08:00,8,0.0001
2020-09-10 16:00,8,0.0001
2020-09-11 00:00,8,0.0001
2020-09-11 08:00,8,0.0001
2020-09-11 16:00,8,0.0001
2020-09-12 00:00,8,0.0001
2020-09-12 08:00,8,0.0001
2020-09-12 16:00,8,-0.00060717
2020-09-13 00:00,8,0.0001
2020-09-13 08:00,8,-0.00026809
2020-09-13 16:00,8,0.0001
2020-09-14 00:00,8,0.0001
2020-09-14 08:00,8,0.0001
2020-09-14 16:00,8,0.00011758
2020-09-15 00:00,8,0.0001
2020-09-15 08:00,8,0.00016146
2020-09-15 16:00,8,0.0001
2020-09-16 00:00,8,8.175e-05
2020-09-16 08:00,8,0.0001
2020-09-16 16:00,8,0.0001
2020-09-17 00:00,8,-0.00042909
2020-09-17 08:00,8,-0.00097833
2020-09-17 16:00,8,0.0001
2020-09-18 00:00,8,0.0001972
2020-09-18 08:00,8,0.0001
2020-09-18 16:00,8,0.0001
2020-09-19 00:00,8,0.0001
2020-09-19 08:00,8,0.0001
2020-09-19 16:00,8,0.0001
2020-09-20 00:00,8,0.0001
2020-09-20 08:00,8,0.0001
2020-09-20 16:00,8,0.0001
2020-09-21 00:00,8,0.0001
2020-09-21 08:00,8,0.0001
2020-09-21 16:00,8,-0.00020138
2020-09-22 00:00,8,-0.00147594
2020-09-22 08:00,8,0.0001
2020-09-22 16:00,8,0.0001
2020-09-23 00:00,8,-5.01e-05
2020-09-23 08:00,8,0.0001
2020-09-23 16:00,8,-0.00107402
2020-09-24 00:00,8,-0.00068006
2020-09-24 08:00,8,-0.00025088
2020-09-24 16:00,8,0.0001
2020-09-25 00:00,8,-0.00010714
2020-09-25 08:00,8,-0.00063327
2020-09-25 16:00,8,1.119e-05
2020-09-26 00:00,8,-0.00011548
2020-09-26 08:00,8,-0.00020777
2020-09-26 16:00,8,-0.00022409
2020-09-27 00:00,8,0.0001
2020-09-27 08:00,8,5.989e-05
2020-09-27 16:00,8,-0.00018525
2020-09-28 00:00,8,0.0001
2020-09-28 08:00,8,0.0001
2020-09-28 16:00,8,-6.847e-05
2020-09-29 00:00,8,-0.00020933
2020-09-29 08:00,8,-5.3e-06
2020-09-29 16:00,8,-0.00088751
2020-09-30 00:00,8,-6.922e-05
2020-09-30 08:00,8,5.277e-05
2020-09-30 16:00,8,0.0001
2020-10-01 00:00,8,-0.00156224
2020-10-01 08:00,8,1.669e-05
2020-10-01 16:00,8,0.0001
2020-10-02 00:00,8,0.0001
2020-10-02 08:00,8,0.0001
2020-10-02 16:00,8,0.0001
2020-10-03 00:00,8,-0.00116574
2020-10-03 08:00,8,-0.00021514
2020-10-03 16:00,8,-0.00040005
2020-10-04 00:00,8,0.0001
2020-10-04 08:00,8,7.202e-05
2020-10-04 16:00,8,-0.00070184
2020-10-05 00:00,8,-0.00026801
2020-10-05 08:00,8,-9.454e-05
2020-10-05 16:00,8,-0.0009223
2020-10-06 00:00,8,-0.00200471
2020-10-06 08:00,8,-4.619e-05
2020-10-06 16:00,8,0.0001
2020-10-07 00:00,8,0.0001
2020-10-07 08:00,8,-0.00090492
2020-10-07 16:00,8,-0.00134821
2020-10-08 00:00,8,0.0001
2020-10-08 08:00,8,-0.00045822
2020-10-08 16:00,8,-0.00011272
2020-10-09 00:00,8,0.0001
2020-10-09 08:00,8,0.0001
2020-10-09 16:00,8,0.0001
2020-10-10 00:00,8,0.0001
2020-10-10 08:00,8,-0.00069134
2020-10-10 16:00,8,3.28e-05
2020-10-11 00:00,8,-0.00082328
2020-10-11 08:00,8,0.0001
2020-10-11 16:00,8,0.00012969
2020-10-12 00:00,8,0.0001
2020-10-12 08:00,8,0.0001
2020-10-12 16:00,8,0.00030641
2020-10-13 00:00,8,0.0001
2020-10-13 08:00,8,0.0001
2020-10-13 16:00,8,0.0001
2020-10-14 00:00,8,-0.00055122
2020-10-14 08:00,8,0.0001
2020-10-14 16:00,8,0.0001
2020-10-15 00:00,8,0.0001
2020-10-15 08:00,8,0.0001
2020-10-15 16:00,8,-0.00046333
2020-10-16 00:00,8,-0.00079477
2020-10-16 08:00,8,-0.0013428
2020-10-16 16:00,8,-0.00241341
2020-10-17 00:00,8,-0.001656
2020-10-17 08:00,8,-0.00176862
2020-10-17 16:00,8,-0.00193454
2020-10-18 00:00,8,-0.00220413
2020-10-18 08:00,8,-0.00095793
2020-10-18 16:00,8,-0.00103032
2020-10-19 00:00,8,-0.0006853
2020-10-19 08:00,8,-0.00061947
2020-10-19 16:00,8,-0.0002562
2020-10-20 00:00,8,-6.847e-05
2020-10-20 08:00,8,-0.00029701
2020-10-20 16:00,8,-0.00091802
2020-10-21 00:00,8,-0.00188052
2020-10-21 08:00,8,-0.00038463
2020-10-21 16:00,8,-9.98e-06
2020-10-22 00:00,8,-8.038e-05
2020-10-22 08:00,8,-2.237e-05
2020-10-22 16:00,8,-0.00028631
2020-10-23 00:00,8,-0.00043096
2020-10-23 08:00,8,-0.00024178
2020-10-23 16:00,8,-6.72e-05
2020-10-24 00:00,8,1.169e-05
2020-10-24 08:00,8,1.005e-05
2020-10-24 16:00,8,-0.00030876
2020-10-25 00:00,8,-3.307e-05
2020-10-25 08:00,8,-0.00099423
2020-10-25 16:00,8,-0.00128305
2020-10-26 00:00,8,-0.00030126
2020-10-26 08:00,8,-0.00055166
2020-10-26 16:00,8,-0.00013147
2020-10-27 00:00,8,-1.456e-05
2020-10-27 08:00,8,-0.00099184
2020-10-27 16:00,8,0.0001
2020-10-28 00:00,8,0.0001
2020-10-28 08:00,8,4.149e-05
2020-10-28 16:00,8,-0.00043917
2020-10-29 00:00,8,5.259e-05
2020-10-29 08:00,8,0.0001
2020-10-29 16:00,8,-2.305e-05
2020-10-30 00:00,8,0.0001
2020-10-30 08:00,8,-0.00016958
2020-10-30 16:00,8,5.177e-05
2020-10-31 00:00,8,1.51e-06
2020-10-31 08:00,8,0.0001
2020-10-31 16:00,8,0.0001
2020-11-01 00:00,8,-0.00073068
2020-11-01 08:00,8,-0.0001358
2020-11-01 16:00,8,0.0001
2020-11-02 00:00,8,0.0001
2020-11-02 08:00,8,0.0001
2020-11-02 16:00,8,0.0001
2020-11-03 00:00,8,0.0010681
2020-11-03 08:00,8,0.00050007
2020-11-03 16:00,8,0.00046941
2020-11-04 00:00,8,-0.00161174
2020-11-04 08:00,8,-0.00028286
2020-11-04 16:00,8,-0.00013265
2020-11-05 00:00,8,0.0001
2020-11-05 08:00,8,0.0001
2020-11-05 16:00,8,0.0001
2020-11-06 00:00,8,-0.00016332
2020-11-06 08:00,8,7.14e-06
2020-11-06 16:00,8,3.099e-05
2020-11-07 00:00,8,0.0001
2020-11-07 08:00,8,0.0001
2020-11-07 16:00,8,0.0001
2020-11-08 00:00,8,0.0001
2020-11-08 08:00,8,0.0001
2020-11-08 16:00,8,0.0001
2020-11-09 00:00,8,0.0001
2020-11-09 08:00,8,0.0001
2020-11-09 16:00,8,0.0001
2020-11-10 00:00,8,0.0001
2020-11-10 08:00,8,0.0001
2020-11-10 16:00,8,0.0001
2020-11-11 00:00,8,0.0001
2020-11-11 08:00,8,0.0001
2020-11-11 16:00,8,0.0001
2020-11-12 00:00,8,0.0001
2020-11-12 08:00,8,0.0001
2020-11-12 16:00,8,0.0001
2020-11-13 00:00,8,0.0001
2020-11-13 08:00,8,0.0001
2020-11-13 16:00,8,0.0001
2020-11-14 00:00,8,0.0001
2020-11-14 08:00,8,0.0001
2020-11-14 16:00,8,-1.836e-05
2020-11-15 00:00,8,3.103e-05
2020-11-15 08:00,8,-1.406e-05
2020-11-15 16:00,8,-3.673e-05
2020-11-16 00:00,8,9.21e-05
2020-11-16 08:00,8,0.0001
2020-11-16 16:00,8,-8.672e-05
2020-11-17 00:00,8,-1.168e-05
2020-11-17 08:00,8,9.723e-05
2020-11-17 16:00,8,-0.00036261
2020-11-18 00:00,8,5.008e-05
2020-11-18 08:00,8,-5.482e-05
2020-11-18 16:00,8,-0.00012958
2020-11-19 00:00,8,-7.881e-05
2020-11-19 08:00,8,-0.00022524
2020-11-19 16:00,8,5.832e-05
2020-11-20 00:00,8,0.0001
2020-11-20 08:00,8,0.0001
2020-11-20 16:00,8,0.0001
2020-11-21 00:00,8,0.0001
2020-11-21 08:00,8,0.0001
2020-11-21 16:00,8,0.0001
2020-11-22 00:00,8,0.0001
2020-11-22 08:00,8,0.0001
2020-11-22 16:00,8,0.0001
2020-11-23 00:00,8,0.0001
2020-11-23 08:00,8,0.0001
2020-11-23 16:00,8,0.0001
2020-11-24 00:00,8,0.0001
2020-11-24 08:00,8,0.0001
2020-11-24 16:00,8,0.0001
2020-11-25 00:00,8,0.0001
2020-11-25 08:00,8,0.0001
2020-11-25 16:00,8,0.0001
2020-11-26 00:00,8,0.0001
2020-11-26 08:00,8,0.0001
2020-11-26 16:00,8,0.0001
2020-11-27 00:00,8,0.0001
2020-11-27 08:00,8,0.0001
2020-11-27 16:00,8,0.0001
2020-11-28 00:00,8,0.0001
2020-11-28 08:00,8,0.0001
2020-11-28 16:00,8,0.0001
2020-11-29 00:00,8,-0.00021181
2020-11-29 08:00,8,0.0001
2020-11-29 16:00,8,0.0001
2020-11-30 00:00,8,0.0001
2020-11-30 08:00,8,6.099e-05
2020-11-30 16:00,8,0.0001
2020-12-01 00:00,8,0.0001
2020-12-01 08:00,8,0.0001
2020-12-01 16:00,8,0.0001
2020-12-02 00:00,8,0.0001
2020-12-02 08:00,8,0.0001
2020-12-02 16:00,8,0.0001
2020-12-03 00:00,8,0.0001
2020-12-03 08:00,8,0.0001
2020-12-03 16:00,8,0.0001
2020-12-04 00:00,8,0.0001
2020-12-04 08:00,8,0.0001
2020-12-04 16:00,8,0.0001
2020-12-05 00:00,8,0.0001
2020-12-05 08:00,8,0.0001
2020-12-05 16:00,8,0.0001
2020-12-06 00:00,8,0.0001
2020-12-06 08:00,8,0.0001
2020-12-06 16:00,8,0.0001
2020-12-07 00:00,8,0.0001
2020-12-07 08:00,8,0.0001
2020-12-07 16:00,8,0.0001
2020-12-08 00:00,8,0.0001
2020-12-08 08:00,8,0.0001
2020-12-08 16:00,8,0.0001
2020-12-09 00:00,8,0.0001
2020-12-09 08:00,8,0.0001
2020-12-09 16:00,8,0.0001
2020-12-10 00:00,8,0.0001
2020-12-10 08:00,8,0.0001
2020-12-10 16:00,8,0.0001
2020-12-11 00:00,8,0.0001
2020-12-11 08:00,8,0.0001
2020-12-11 16:00,8,0.0001
2020-12-12 00:00,8,7.068e-05
2020-12-12 08:00,8,-0.00029249
2020-12-12 16:00,8,0.0001
2020-12-13 00:00,8,0.0001
2020-12-13 08:00,8,0.0001
2020-12-13 16:00,8,0.0001
2020-12-14 00:00,8,0.0001
2020-12-14 08:00,8,0.0001
2020-12-14 16:00,8,-0.0001771
2020-12-15 00:00,8,9.936e-05
2020-12-15 08:00,8,-8.01e-06
2020-12-15 16:00,8,-0.00028361
2020-12-16 00:00,8,0.0001
2020-12-16 08:00,8,0.0001
2020-12-16 16:00,8,0.0001
2020-12-17 00:00,8,0.0001
2020-12-17 08:00,8,0.0001
2020-12-17 16:00,8,0.00028281
2020-12-18 00:00,8,0.0001
2020-12-18 08:00,8,0.0001
2020-12-18 16:00,8,0.0001
2020-12-19 00:00,8,0.0001
2020-12-19 08:00,8,0.0001
2020-12-19 16:00,8,0.0001
2020-12-20 00:00,8,0.0001
2020-12-20 08:00,8,0.0001
2020-12-20 16:00,8,0.0001
2020-12-21 00:00,8,0.0001
2020-12-21 08:00,8,0.0001
2020-12-21 16:00,8,0.0001
2020-12-22 00:00,8,0.0001
2020-12-22 08:00,8,0.0001
2020-12-22 16:00,8,0.0001
2020-12-23 00:00,8,0.0001
2020-12-23 08:00,8,0.0001
2020-12-23 16:00,8,0.0001
2020-12-24 00:00,8,0.0001
2020-12-24 08:00,8,0.0001
2020-12-24 16:00,8,0.0001
2020-12-25 00:00,8,0.0001
2020-12-25 08:00,8,0.0001
2020-12-25 16:00,8,0.0001
2020-12-26 00:00,8,0.0001
2020-12-26 08:00,8,0.0001
2020-12-26 16:00,8,0.0001
2020-12-27 00:00,8,0.0001
2020-12-27 08:00,8,0.0001
2020-12-27 16:00,8,0.0001
2020-12-28 00:00,8,0.0001
2020-12-28 08:00,8,0.0001
2020-12-28 16:00,8,0.00019149
2020-12-29 00:00,8,0.0001
2020-12-29 08:00,8,0.0001
2020-12-29 16:00,8,0.0001
2020-12-30 00:00,8,0.0001
2020-12-30 08:00,8,0.0001
2020-12-30 16:00,8,0.0001
2020-12-31 00:00,8,0.0001
2020-12-31 08:00,8,0.0001
2020-12-31 16:00,8,0.0001
2021-01-01 00:00,8,0.0001
2021-01-01 08:00,8,0.0001
2021-01-01 16:00,8,0.0001
2021-01-02 00:00,8,-8.064e-05
2021-01-02 08:00,8,0.0001
2021-01-02 16:00,8,-0.00036114
2021-01-03 00:00,8,0.0001
2021-01-03 08:00,8,0.0001
2021-01-03 16:00,8,0.00055764
2021-01-04 00:00,8,0.00130649
2021-01-04 08:00,8,0.00131401
2021-01-04 16:00,8,0.00031159
2021-01-05 00:00,8,0.00072512
2021-01-05 08:00,8,0.00021258
2021-01-05 16:00,8,0.00079031
2021-01-06 00:00,8,0.00066305
2021-01-06 08:00,8,0.00103106
2021-01-06 16:00,8,0.00195478
2021-01-07 00:00,8,0.00011672
2021-01-07 08:00,8,0.00083193
2021-01-07 16:00,8,0.0009165
2021-01-08 00:00,8,0.00036641
2021-01-08 08:00,8,0.0001
2021-01-08 16:00,8,0.00061837
2021-01-09 00:00,8,0.0001
2021-01-09 08:00,8,0.0001
2021-01-09 16:00,8,0.00063145
2021-01-10 00:00,8,0.00142651
2021-01-10 08:00,8,0.001263
2021-01-10 16:00,8,0.00029679
2021-01-11 00:00,8,0.00036375
2021-01-11 08:00,8,0.00014958
2021-01-11 16:00,8,0.0001
2021-01-12 00:00,8,0.0001
2021-01-12 08:00,8,0.0001
2021-01-12 16:00,8,0.0001
2021-01-13 00:00,8,0.0001
2021-01-13 08:00,8,0.0001
2021-01-13 16:00,8,0.00010602
2021-01-14 00:00,8,0.0001
2021-01-14 08:00,8,0.0001
2021-01-14 16:00,8,0.0001
2021-01-15 00:00,8,0.0001
2021-01-15 08:00,8,0.0001
2021-01-15 16:00,8,0.00018842
2021-01-16 00:00,8,0.0001
2021-01-16 08:00,8,0.0001
2021-01-16 16:00,8,0.00012644
2021-01-17 00:00,8,0.0001
2021-01-17 08:00,8,0.0001
2021-01-17 16:00,8,0.0001
2021-01-18 00:00,8,0.00010211
2021-01-18 08:00,8,0.00017503
2021-01-18 16:00,8,0.0005826
2021-01-19 00:00,8,0.00035831
2021-01-19 08:00,8,0.00141895
2021-01-19 16:00,8,0.00125195
2021-01-20 00:00,8,0.0007599
2021-01-20 08:00,8,0.00057392
2021-01-20 16:00,8,0.00024385
2021-01-21 00:00,8,0.00042618
2021-01-21 08:00,8,0.00012677
2021-01-21 16:00,8,0.00010964
2021-01-22 00:00,8,0.0001
2021-01-22 08:00,8,0.0001
2021-01-22 16:00,8,0.0001
2021-01-23 00:00,8,0.0001
2021-01-23 08:00,8,0.0001
2021-01-23 16:00,8,0.0001
2021-01-24 00:00,8,0.0001
2021-01-24 08:00,8,0.0001
2021-01-24 16:00,8,0.0001
2021-01-25 00:00,8,0.0001
2021-01-25 08:00,8,0.00014583
2021-01-25 16:00,8,0.0001848
2021-01-26 00:00,8,0.0001
2021-01-26 08:00,8,0.0001
2021-01-26 16:00,8,0.0001
2021-01-27 00:00,8,0.00014533
2021-01-27 08:00,8,0.0001
2021-01-27 16:00,8,0.0001
2021-01-28 00:00,8,0.0001
2021-01-28 08:00,8,0.00010349
2021-01-28 16:00,8,0.0004469
2021-01-29 00:00,8,0.00027134
2021-01-29 08:00,8,0.00035512
2021-01-29 16:00,8,0.00149411
2021-01-30 00:00,8,0.00074204
2021-01-30 08:00,8,0.00039593
2021-01-30 16:00,8,0.00108407
2021-01-31 00:00,8,0.00119104
2021-01-31 08:00,8,0.00162056
2021-01-31 16:00,8,0.00113677
2021-02-01 00:00,8,0.00073857
2021-02-01 08:00,8,0.00030033
2021-02-01 16:00,8,0.00087345
2021-02-02 00:00,8,0.00087832
2021-02-02 08:00,8,0.00090581
2021-02-02 16:00,8,0.00157355
2021-02-03 00:00,8,0.00182333
2021-02-03 08:00,8,0.00197595
2021-02-03 16:00,8,0.00238481
2021-02-04 00:00,8,0.00101802
2021-02-04 08:00,8,0.00071957
2021-02-04 16:00,8,0.00188814
2021-02-05 00:00,8,0.00193184
2021-02-05 08:00,8,0.00197907
2021-02-05 16:00,8,0.00220416
2021-02-06 00:00,8,0.00156543
2021-02-06 08:00,8,0.00097565
2021-02-06 16:00,8,0.00150545
2021-02-07 00:00,8,0.00204571
2021-02-07 08:00,8,0.0005117
2021-02-07 16:00,8,0.00079439
2021-02-08 00:00,8,0.00069005
2021-02-08 08:00,8,0.00046365
2021-02-08 16:00,8,0.00152824
2021-02-09 00:00,8,0.0010894
2021-02-09 08:00,8,0.00242031
2021-02-09 16:00,8,0.00159288
2021-02-10 00:00,8,0.00323499
2021-02-10 08:00,8,0.00291132
2021-02-10 16:00,8,0.00108158
2021-02-11 00:00,8,0.00059979
2021-02-11 08:00,8,0.00056536
2021-02-11 16:00,8,0.00112162
2021-02-12 00:00,8,0.00160066
2021-02-12 08:00,8,0.00183309
2021-02-12 16:00,8,0.0038967
2021-02-13 00:00,8,0.00367161
2021-02-13 08:00,8,0.00314435
2021-02-13 16:00,8,0.00180263
2021-02-14 00:00,8,0.00194022
2021-02-14 08:00,8,0.00227711
2021-02-14 16:00,8,0.0010819
2021-02-15 00:00,8,0.00086738
2021-02-15 08:00,8,0.0002305
2021-02-15 16:00,8,0.0008589
2021-02-16 00:00,8,0.00047358
2021-02-16 08:00,8,0.0008156
2021-02-16 16:00,8,0.00084589
2021-02-17 00:00,8,0.0001628
2021-02-17 08:00,8,0.00042334
2021-02-17 16:00,8,0.00188532
2021-02-18 00:00,8,0.00201586
2021-02-18 08:00,8,0.00193404
2021-02-18 16:00,8,0.00157341
2021-02-19 00:00,8,0.00167851
2021-02-19 08:00,8,0.00127469
2021-02-19 16:00,8,0.002613
2021-02-20 00:00,8,0.00322461
2021-02-20 08:00,8,0.00351996
2021-02-20 16:00,8,0.00426181
2021-02-21 00:00,8,0.00133973
2021-02-21 08:00,8,0.00080088
2021-02-21 16:00,8,0.00138383
2021-02-22 00:00,8,0.00129875
2021-02-22 08:00,8,0.0005854
2021-02-22 16:00,8,0.0001
2021-02-23 00:00,8,0.0001
2021-02-23 08:00,8,0.0001
2021-02-23 16:00,8,0.0001
2021-02-24 00:00,8,0.0001
2021-02-24 08:00,8,0.0001
2021-02-24 16:00,8,0.0001
2021-02-25 00:00,8,0.0001
2021-02-25 08:00,8,0.0001
2021-02-25 16:00,8,0.0001
2021-02-26 00:00,8,0.0001
2021-02-26 08:00,8,0.0001
2021-02-26 16:00,8,0.0001
2021-02-27 00:00,8,0.0001
2021-02-27 08:00,8,0.0001
2021-02-27 16:00,8,0.0001
2021-02-28 00:00,8,0.0001
2021-02-28 08:00,8,0.0001
2021-02-28 16:00,8,0.0001
2021-03-01 00:00,8,0.0001
2021-03-01 08:00,8,0.0001
2021-03-01 16:00,8,0.0001
2021-03-02 00:00,8,0.0001
2021-03-02 08:00,8,0.0001
2021-03-02 16:00,8,0.0001
2021-03-03 00:00,8,0.0001
2021-03-03 08:00,8,0.0001
2021-03-03 16:00,8,0.0001
2021-03-04 00:00,8,0.0001
2021-03-04 08:00,8,0.0001
2021-03-04 16:00,8,0.0001
2021-03-05 00:00,8,0.0001
2021-03-05 08:00,8,0.0001
2021-03-05 16:00,8,0.0001
2021-03-06 00:00,8,0.0001
2021-03-06 08:00,8,0.0001
2021-03-06 16:00,8,0.0001
2021-03-07 00:00,8,0.0001
2021-03-07 08:00,8,0.0001
2021-03-07 16:00,8,0.0001
2021-03-08 00:00,8,0.0001
2021-03-08 08:00,8,0.0001
2021-03-08 16:00,8,0.0004866
2021-03-09 00:00,8,0.00119815
2021-03-09 08:00,8,0.00109441
2021-03-09 16:00,8,0.00122517
2021-03-10 00:00,8,0.00103779
2021-03-10 08:00,8,0.00068214
2021-03-10 16:00,8,0.00068475
2021-03-11 00:00,8,0.00052174
2021-03-11 08:00,8,0.00010556
2021-03-11 16:00,8,0.00041532
2021-03-12 00:00,8,0.00084924
2021-03-12 08:00,8,0.00071309
2021-03-12 16:00,8,0.00035228
2021-03-13 00:00,8,0.00023556
2021-03-13 08:00,8,0.00059817
2021-03-13 16:00,8,0.00153237
2021-03-14 00:00,8,0.00105213
2021-03-14 08:00,8,0.00089405
2021-03-14 16:00,8,0.00071927
2021-03-15 00:00,8,0.00025141
2021-03-15 08:00,8,0.00043725
2021-03-15 16:00,8,0.00054938
2021-03-16 00:00,8,0.00041695
2021-03-16 08:00,8,0.0001
2021-03-16 16:00,8,0.0001
2021-03-17 00:00,8,0.0001
2021-03-17 08:00,8,0.00083036
2021-03-17 16:00,8,0.00084683
2021-03-18 00:00,8,0.0008706
2021-03-18 08:00,8,0.00079324
2021-03-18 16:00,8,0.00142851
2021-03-19 00:00,8,0.00122273
2021-03-19 08:00,8,0.00065092
2021-03-19 16:00,8,0.00110588
2021-03-20 00:00,8,0.00080207
2021-03-20 08:00,8,0.00117813
2021-03-20 16:00,8,0.00132283
2021-03-21 00:00,8,0.00127825
2021-03-21 08:00,8,0.00067538
2021-03-21 16:00,8,0.00046148
2021-03-22 00:00,8,0.00091761
2021-03-22 08:00,8,0.00074178
2021-03-22 16:00,8,0.00098803
2021-03-23 00:00,8,0.0005675
2021-03-23 08:00,8,0.00024185
2021-03-23 16:00,8,0.0001
2021-03-24 00:00,8,0.0001
2021-03-24 08:00,8,0.00051841
2021-03-24 16:00,8,0.00033749
2021-03-25 00:00,8,0.0001
2021-03-25 08:00,8,0.0001
2021-03-25 16:00,8,0.0001
2021-03-26 00:00,8,0.0001217
2021-03-26 08:00,8,0.0001
2021-03-26 16:00,8,0.0003332
2021-03-27 00:00,8,0.00027749
2021-03-27 08:00,8,0.00052926
2021-03-27 16:00,8,0.00022879
2021-03-28 00:00,8,0.00058124
2021-03-28 08:00,8,0.00068203
2021-03-28 16:00,8,0.0001
2021-03-29 00:00,8,0.00069909
2021-03-29 08:00,8,0.00068337
2021-03-29 16:00,8,0.000793
2021-03-30 00:00,8,0.00097182
2021-03-30 08:00,8,0.00102792
2021-03-30 16:00,8,0.00123953
2021-03-31 00:00,8,0.00115736
2021-03-31 08:00,8,0.00134237
2021-03-31 16:00,8,0.00110155
2021-04-01 00:00,8,0.00128132
2021-04-01 08:00,8,0.00137262
2021-04-01 16:00,8,0.00175683
2021-04-02 00:00,8,0.00114762
2021-04-02 08:00,8,0.0020867
2021-04-02 16:00,8,0.00163003
2021-04-03 00:00,8,0.00127815
2021-04-03 08:00,8,0.00178172
2021-04-03 16:00,8,0.00141305
2021-04-04 00:00,8,0.00030109
2021-04-04 08:00,8,0.00056166
2021-04-04 16:00,8,0.00055685
2021-04-05 00:00,8,0.00079572
2021-04-05 08:00,8,0.000615
2021-04-05 16:00,8,0.0016661
2021-04-06 00:00,8,0.00147004
2021-04-06 08:00,8,0.00151799
2021-04-06 16:00,8,0.00084721
2021-04-07 00:00,8,0.0010856
2021-04-07 08:00,8,0.00086769
2021-04-07 16:00,8,0.0002232
2021-04-08 00:00,8,0.00026966
2021-04-08 08:00,8,0.0001
2021-04-08 16:00,8,0.00050655
2021-04-09 00:00,8,0.00057105
2021-04-09 08:00,8,0.00049286
2021-04-09 16:00,8,0.00089405
2021-04-10 00:00,8,0.00107054
2021-04-10 08:00,8,0.0012019
2021-04-10 16:00,8,0.00156094
2021-04-11 00:00,8,0.00105967
2021-04-11 08:00,8,0.00099879
2021-04-11 16:00,8,0.00110991
2021-04-12 00:00,8,0.00126662
2021-04-12 08:00,8,0.00168444
2021-04-12 16:00,8,0.00018085
2021-04-13 00:00,8,0.00167114
2021-04-13 08:00,8,0.00162378
2021-04-13 16:00,8,0.00213692
2021-04-14 00:00,8,0.00171333
2021-04-14 08:00,8,0.00281608
2021-04-14 16:00,8,0.00077964
2021-04-15 00:00,8,0.00077392
2021-04-15 08:00,8,0.00134594
2021-04-15 16:00,8,0.00127791
2021-04-16 00:00,8,0.00189669
2021-04-16 08:00,8,0.00105992
2021-04-16 16:00,8,0.00103819
2021-04-17 00:00,8,0.00043154
2021-04-17 08:00,8,0.00124406
2021-04-17 16:00,8,0.00067373
2021-04-18 00:00,8,0.00099214
2021-04-18 08:00,8,0.0001
2021-04-18 16:00,8,0.0001
2021-04-19 00:00,8,0.0001
2021-04-19 08:00,8,0.0001
2021-04-19 16:00,8,0.0001
2021-04-20 00:00,8,0.0001
2021-04-20 08:00,8,0.0001
2021-04-20 16:00,8,0.0001
2021-04-21 00:00,8,0.00014983
2021-04-21 08:00,8,0.0001
2021-04-21 16:00,8,0.0001
2021-04-22 00:00,8,0.0001288
2021-04-22 08:00,8,0.0001
2021-04-22 16:00,8,0.0001236
2021-04-23 00:00,8,0.0001
2021-04-23 08:00,8,0.0001
2021-04-23 16:00,8,0.0001
2021-04-24 00:00,8,0.0001
2021-04-24 08:00,8,0.0001
2021-04-24 16:00,8,0.0001
2021-04-25 00:00,8,0.0001
2021-04-25 08:00,8,0.0001
2021-04-25 16:00,8,0.0001
2021-04-26 00:00,8,0.0001
2021-04-26 08:00,8,0.0001
2021-04-26 16:00,8,0.0001
2021-04-27 00:00,8,0.0001
2021-04-27 08:00,8,0.0001
2021-04-27 16:00,8,0.0001
2021-04-28 00:00,8,0.0001
2021-04-28 08:00,8,0.0001
2021-04-28 16:00,8,0.00028744
2021-04-29 00:00,8,0.00010628
2021-04-29 08:00,8,0.0001
2021-04-29 16:00,8,0.0001
2021-04-30 00:00,8,0.0001
2021-04-30 08:00,8,0.0001
2021-04-30 16:00,8,0.0001
2021-05-01 00:00,8,0.0001
2021-05-01 08:00,8,0.0001
2021-05-01 16:00,8,0.0001
2021-05-02 00:00,8,0.0001
2021-05-02 08:00,8,0.0001
2021-05-02 16:00,8,0.0001
2021-05-03 00:00,8,0.0001
2021-05-03 08:00,8,0.0001
2021-05-03 16:00,8,0.0001
2021-05-04 00:00,8,0.0001
2021-05-04 08:00,8,0.0001
2021-05-04 16:00,8,0.0001
2021-05-05 00:00,8,0.0001
2021-05-05 08:00,8,0.00015561
2021-05-05 16:00,8,0.00012544
2021-05-06 00:00,8,0.00027844
2021-05-06 08:00,8,0.0001
2021-05-06 16:00,8,0.00126153
2021-05-07 00:00,8,0.00014693
2021-05-07 08:00,8,0.0003921
2021-05-07 16:00,8,0.0010112
2021-05-08 00:00,8,0.0004744
2021-05-08 08:00,8,0.0001
2021-05-08 16:00,8,0.00049196
2021-05-09 00:00,8,0.00042211
2021-05-09 08:00,8,0.00017975
2021-05-09 16:00,8,0.00043427
2021-05-10 00:00,8,0.00023298
2021-05-10 08:00,8,0.00041928
2021-05-10 16:00,8,0.00018375
2021-05-11 00:00,8,0.0001
2021-05-11 08:00,8,0.0001
2021-05-11 16:00,8,0.0001
2021-05-12 00:00,8,0.0001
2021-05-12 08:00,8,0.00011046
2021-05-12 16:00,8,0.00011792
2021-05-13 00:00,8,0.0001
2021-05-13 08:00,8,0.0001
2021-05-13 16:00,8,0.0001
2021-05-14 00:00,8,0.0001
2021-05-14 08:00,8,0.0001
2021-05-14 16:00,8,0.0001
2021-05-15 00:00,8,0.0001
2021-05-15 08:00,8,0.0001
2021-05-15 16:00,8,0.0001
2021-05-16 00:00,8,0.0001
2021-05-16 08:00,8,0.00010902
2021-05-16 16:00,8,0.0001
2021-05-17 00:00,8,0.0001
2021-05-17 08:00,8,0.0001
2021-05-17 16:00,8,0.0001
2021-05-18 00:00,8,0.0001
2021-05-18 08:00,8,0.0001
2021-05-18 16:00,8,0.0001
2021-05-19 00:00,8,0.0001
2021-05-19 08:00,8,0.0001
2021-05-19 16:00,8,-0.004875
2021-05-20 00:00,8,-0.00057016
2021-05-20 08:00,8,-0.00034357
2021-05-20 16:00,8,-0.00145618
2021-05-21 00:00,8,-0.00184911
2021-05-21 08:00,8,-0.00044454
2021-05-21 16:00,8,0.0001
2021-05-22 00:00,8,0.0001
2021-05-22 08:00,8,3.656e-05
2021-05-22 16:00,8,-0.00012782
2021-05-23 00:00,8,-4.159e-05
2021-05-23 08:00,8,-0.00015719
2021-05-23 16:00,8,-0.00040032
2021-05-24 00:00,8,2.92e-06
2021-05-24 08:00,8,0.0001
2021-05-24 16:00,8,0.0001
2021-05-25 00:00,8,0.0001
2021-05-25 08:00,8,0.0001
2021-05-25 16:00,8,0.0001
2021-05-26 00:00,8,0.0001
2021-05-26 08:00,8,0.0001
2021-05-26 16:00,8,0.0001
2021-05-27 00:00,8,0.0001
2021-05-27 08:00,8,0.0001
2021-05-27 16:00,8,0.0001
2021-05-28 00:00,8,0.0001
2021-05-28 08:00,8,0.0001
2021-05-28 16:00,8,0.0001
2021-05-29 00:00,8,0.0001
2021-05-29 08:00,8,0.0001
2021-05-29 16:00,8,0.0001
2021-05-30 00:00,8,0.0001
2021-05-30 08:00,8,0.0001
2021-05-30 16:00,8,0.0001
2021-05-31 00:00,8,0.0001
2021-05-31 08:00,8,0.0001
2021-05-31 16:00,8,0.0001
2021-06-01 00:00,8,0.0001
2021-06-01 08:00,8,0.0001
2021-06-01 16:00,8,0.0001
2021-06-02 00:00,8,0.0001
2021-06-02 08:00,8,0.0001
2021-06-02 16:00,8,0.0001
2021-06-03 00:00,8,0.0001
2021-06-03 08:00,8,0.0001
2021-06-03 16:00,8,0.0001
2021-06-04 00:00,8,0.0001
2021-06-04 08:00,8,0.0001
2021-06-04 16:00,8,0.0001
2021-06-05 00:00,8,0.0001
2021-06-05 08:00,8,0.0001
2021-06-05 16:00,8,0.0001
2021-06-06 00:00,8,0.0001
2021-06-06 08:00,8,0.0001
2021-06-06 16:00,8,0.0001
2021-06-07 00:00,8,0.0001
2021-06-07 08:00,8,0.0001
2021-06-07 16:00,8,0.0001
2021-06-08 00:00,8,0.0001
2021-06-08 08:00,8,0.0001
2021-06-08 16:00,8,0.0001
2021-06-09 00:00,8,0.0001
2021-06-09 08:00,8,0.0001
2021-06-09 16:00,8,8.717e-05
2021-06-10 00:00,8,0.0001
2021-06-10 08:00,8,0.0001
2021-06-10 16:00,8,0.0001
2021-06-11 00:00,8,0.0001
2021-06-11 08:00,8,0.0001
2021-06-11 16:00,8,0.0001
2021-06-12 00:00,8,0.0001
2021-06-12 08:00,8,0.0001
2021-06-12 16:00,8,0.0001
2021-06-13 00:00,8,0.0001
2021-06-13 08:00,8,0.0001
2021-06-13 16:00,8,7.985e-05
2021-06-14 00:00,8,0.0001
2021-06-14 08:00,8,9.138e-05
2021-06-14 16:00,8,0.0001
2021-06-15 00:00,8,0.0001
2021-06-15 08:00,8,0.0001
2021-06-15 16:00,8,0.0001
2021-06-16 00:00,8,0.0001
2021-06-16 08:00,8,0.0001
2021-06-16 16:00,8,0.0001
2021-06-17 00:00,8,0.0001
2021-06-17 08:00,8,0.0001
2021-06-17 16:00,8,0.0001
2021-06-18 00:00,8,0.0001
2021-06-18 08:00,8,0.0001
2021-06-18 16:00,8,0.0001
2021-06-19 00:00,8,0.0001
2021-06-19 08:00,8,1.308e-05
2021-06-19 16:00,8,0.0001
2021-06-20 00:00,8,0.0001
2021-06-20 08:00,8,0.0001
2021-06-20 16:00,8,0.0001
2021-06-21 00:00,8,0.0001
2021-06-21 08:00,8,0.0001
2021-06-21 16:00,8,0.0001
2021-06-22 00:00,8,9.991e-05
2021-06-22 08:00,8,4.369e-05
2021-06-22 16:00,8,0.0001
2021-06-23 00:00,8,0.0001
2021-06-23 08:00,8,0.0001
2021-06-23 16:00,8,3.669e-05
2021-06-24 00:00,8,0.0001
2021-06-24 08:00,8,0.0001
2021-06-24 16:00,8,0.0001
2021-06-25 00:00,8,0.0001
2021-06-25 08:00,8,0.0001
2021-06-25 16:00,8,0.0001
2021-06-26 00:00,8,0.0001
2021-06-26 08:00,8,0.0001
2021-06-26 16:00,8,0.0001
2021-06-27 00:00,8,6.709e-05
2021-06-27 08:00,8,5.879e-05
2021-06-27 16:00,8,2.026e-05
2021-06-28 00:00,8,9.612e-05
2021-06-28 08:00,8,0.0001
2021-06-28 16:00,8,0.0001
2021-06-29 00:00,8,0.0001
2021-06-29 08:00,8,0.0001
2021-06-29 16:00,8,0.0001
2021-06-30 00:00,8,0.0001
2021-06-30 08:00,8,0.0001
2021-06-30 16:00,8,0.0001
2021-07-01 00:00,8,0.0001
2021-07-01 08:00,8,0.0001
2021-07-01 16:00,8,2.251e-05
2021-07-02 00:00,8,0.0001
2021-07-02 08:00,8,0.0001
2021-07-02 16:00,8,0.0001
2021-07-03 00:00,8,0.0001
2021-07-03 08:00,8,9.158e-05
2021-07-03 16:00,8,0.0001
2021-07-04 00:00,8,0.0001
2021-07-04 08:00,8,0.0001
2021-07-04 16:00,8,0.0001
2021-07-05 00:00,8,0.0001
2021-07-05 08:00,8,0.0001
2021-07-05 16:00,8,4.95e-06
2021-07-06 00:00,8,0.0001
2021-07-06 08:00,8,0.0001
2021-07-06 16:00,8,0.0001
2021-07-07 00:00,8,0.0001
2021-07-07 08:00,8,0.0001
2021-07-07 16:00,8,0.0001
2021-07-08 00:00,8,0.0001
2021-07-08 08:00,8,0.0001
2021-07-08 16:00,8,9.375e-05
2021-07-09 00:00,8,0.0001
2021-07-09 08:00,8,2.447e-05
2021-07-09 16:00,8,0.0001
2021-07-10 00:00,8,9.401e-05
2021-07-10 08:00,8,3.33e-05
2021-07-10 16:00,8,0.0001
2021-07-11 00:00,8,0.0001
2021-07-11 08:00,8,9.699e-05
2021-07-11 16:00,8,6.141e-05
2021-07-12 00:00,8,0.0001
2021-07-12 08:00,8,0.0001
2021-07-12 16:00,8,0.0001
2021-07-13 00:00,8,8.101e-05
2021-07-13 08:00,8,0.0001
2021-07-13 16:00,8,7.016e-05
2021-07-14 00:00,8,0.0001
2021-07-14 08:00,8,2.553e-05
2021-07-14 16:00,8,0.0001
2021-07-15 00:00,8,1.676e-05
2021-07-15 08:00,8,-4.482e-05
2021-07-15 16:00,8,0.0001
2021-07-16 00:00,8,2.097e-05
2021-07-16 08:00,8,-0.00014577
2021-07-16 16:00,8,4.531e-05
2021-07-17 00:00,8,-0.00014013
2021-07-17 08:00,8,0.0001
2021-07-17 16:00,8,-0.00010575
2021-07-18 00:00,8,-9.841e-05
2021-07-18 08:00,8,0.0001
2021-07-18 16:00,8,0.0001
2021-07-19 00:00,8,6.099e-05
2021-07-19 08:00,8,-0.00016715
2021-07-19 16:00,8,6.91e-05
2021-07-20 00:00,8,-0.00012356
2021-07-20 08:00,8,-0.0002224
2021-07-20 16:00,8,-0.00029989
2021-07-21 00:00,8,-0.00029739
2021-07-21 08:00,8,-0.00023622
2021-07-21 16:00,8,-0.00029533
2021-07-22 00:00,8,-0.00018794
2021-07-22 08:00,8,-0.00020162
2021-07-22 16:00,8,-0.00027534
2021-07-23 00:00,8,-4.06e-05
2021-07-23 08:00,8,-2.877e-05
2021-07-23 16:00,8,7.482e-05
2021-07-24 00:00,8,3.462e-05
2021-07-24 08:00,8,0.0001
2021-07-24 16:00,8,4.09e-06
2021-07-25 00:00,8,-0.00026305
2021-07-25 08:00,8,-0.00010157
2021-07-25 16:00,8,-0.00019412
2021-07-26 00:00,8,-9.037e-05
2021-07-26 08:00,8,0.0001
2021-07-26 16:00,8,0.0001
2021-07-27 00:00,8,0.0001
2021-07-27 08:00,8,0.0001
2021-07-27 16:00,8,0.0001
2021-07-28 00:00,8,0.0001
2021-07-28 08:00,8,4.861e-05
2021-07-28 16:00,8,0.0001
2021-07-29 00:00,8,0.0001
2021-07-29 08:00,8,0.0001
2021-07-29 16:00,8,0.0001
2021-07-30 00:00,8,0.0001
2021-07-30 08:00,8,0.0001
2021-07-30 16:00,8,0.0001
2021-07-31 00:00,8,0.0001
2021-07-31 08:00,8,0.0001
2021-07-31 16:00,8,0.0001
2021-08-01 00:00,8,0.0001
2021-08-01 08:00,8,0.0001
2021-08-01 16:00,8,0.0001
2021-08-02 00:00,8,0.0001
2021-08-02 08:00,8,0.0001
2021-08-02 16:00,8,0.0001
2021-08-03 00:00,8,0.0001
2021-08-03 08:00,8,0.0001
2021-08-03 16:00,8,0.0001
2021-08-04 00:00,8,0.0001
2021-08-04 08:00,8,0.0001
2021-08-04 16:00,8,0.0001
2021-08-05 00:00,8,0.0001
2021-08-05 08:00,8,0.0001
2021-08-05 16:00,8,0.0001
2021-08-06 00:00,8,0.0001
2021-08-06 08:00,8,0.0001
2021-08-06 16:00,8,0.0001
2021-08-07 00:00,8,0.0001
2021-08-07 08:00,8,0.0001
2021-08-07 16:00,8,0.0001
2021-08-08 00:00,8,0.0001
2021-08-08 08:00,8,0.0001
2021-08-08 16:00,8,0.0001
2021-08-09 00:00,8,0.0001
2021-08-09 08:00,8,0.0001
2021-08-09 16:00,8,0.0001
2021-08-10 00:00,8,0.0001
2021-08-10 08:00,8,0.0001
2021-08-10 16:00,8,0.0001
2021-08-11 00:00,8,0.0001
2021-08-11 08:00,8,0.00016617
2021-08-11 16:00,8,0.00030431
2021-08-12 00:00,8,0.00014222
2021-08-12 08:00,8,0.0001
2021-08-12 16:00,8,0.0001
2021-08-13 00:00,8,0.0001
2021-08-13 08:00,8,0.0001
2021-08-13 16:00,8,0.0001
2021-08-14 00:00,8,0.0001
2021-08-14 08:00,8,0.00035883
2021-08-14 16:00,8,0.00020209
2021-08-15 00:00,8,0.00033475
2021-08-15 08:00,8,0.00023314
2021-08-15 16:00,8,0.0001
2021-08-16 00:00,8,0.00039748
2021-08-16 08:00,8,0.00073596
2021-08-16 16:00,8,0.00060724
2021-08-17 00:00,8,0.00019839
2021-08-17 08:00,8,0.00013078
2021-08-17 16:00,8,0.0001
2021-08-18 00:00,8,0.0001
2021-08-18 08:00,8,0.0001
2021-08-18 16:00,8,0.0001
2021-08-19 00:00,8,0.0001
2021-08-19 08:00,8,0.0001
2021-08-19 16:00,8,0.0001
2021-08-20 00:00,8,0.0001
2021-08-20 08:00,8,0.0001
2021-08-20 16:00,8,0.00026807
2021-08-21 00:00,8,0.0001
2021-08-21 08:00,8,0.00051188
2021-08-21 16:00,8,0.00027526
2021-08-22 00:00,8,0.0004225
2021-08-22 08:00,8,0.00045257
2021-08-22 16:00,8,0.00025493
2021-08-23 00:00,8,0.00024286
2021-08-23 08:00,8,0.00059523
2021-08-23 16:00,8,0.00044861
2021-08-24 00:00,8,0.00067859
2021-08-24 08:00,8,0.00059633
2021-08-24 16:00,8,0.00047284
2021-08-25 00:00,8,0.00016076
2021-08-25 08:00,8,0.00011257
2021-08-25 16:00,8,0.0001
2021-08-26 00:00,8,0.0001
2021-08-26 08:00,8,0.0001
2021-08-26 16:00,8,0.0001
2021-08-27 00:00,8,0.0001
2021-08-27 08:00,8,0.0001
2021-08-27 16:00,8,0.0001
2021-08-28 00:00,8,0.0001
2021-08-28 08:00,8,0.00016875
2021-08-28 16:00,8,0.0001
2021-08-29 00:00,8,0.00010504
2021-08-29 08:00,8,0.0001
2021-08-29 16:00,8,0.0001
2021-08-30 00:00,8,0.0001
2021-08-30 08:00,8,0.0001
2021-08-30 16:00,8,0.0001
2021-08-31 00:00,8,0.0001
2021-08-31 08:00,8,0.0001
2021-08-31 16:00,8,0.0001
2021-09-01 00:00,8,0.0001
2021-09-01 08:00,8,0.0001
2021-09-01 16:00,8,0.0001
2021-09-02 00:00,8,0.0001
2021-09-02 08:00,8,0.00023478
2021-09-02 16:00,8,0.00050053
2021-09-03 00:00,8,0.00037134
2021-09-03 08:00,8,0.00039896
2021-09-03 16:00,8,0.000391
2021-09-04 00:00,8,0.0002634
2021-09-04 08:00,8,0.00052881
2021-09-04 16:00,8,0.00085206
2021-09-05 00:00,8,0.00050055
2021-09-05 08:00,8,0.00080804
2021-09-05 16:00,8,0.00097869
2021-09-06 00:00,8,0.00069302
2021-09-06 08:00,8,0.00088485
2021-09-06 16:00,8,0.00033589
2021-09-07 00:00,8,0.00033009
2021-09-07 08:00,8,0.00033612
2021-09-07 16:00,8,-0.00079607
2021-09-08 00:00,8,0.0001
2021-09-08 08:00,8,0.0001
2021-09-08 16:00,8,0.0001
2021-09-09 00:00,8,0.0001
2021-09-09 08:00,8,0.0001
2021-09-09 16:00,8,0.0001
2021-09-10 00:00,8,0.0001
2021-09-10 08:00,8,0.0001
2021-09-10 16:00,8,0.0001
2021-09-11 00:00,8,0.0001
2021-09-11 08:00,8,0.0001
2021-09-11 16:00,8,0.0001
2021-09-12 00:00,8,0.0001
2021-09-12 08:00,8,0.0001
2021-09-12 16:00,8,0.0001
2021-09-13 00:00,8,0.0001
2021-09-13 08:00,8,0.0001
2021-09-13 16:00,8,0.0001
2021-09-14 00:00,8,0.0001
2021-09-14 08:00,8,0.0001
2021-09-14 16:00,8,0.0001
2021-09-15 00:00,8,0.0001
2021-09-15 08:00,8,0.0001
2021-09-15 16:00,8,0.0001
2021-09-16 00:00,8,0.0001
2021-09-16 08:00,8,0.0001
2021-09-16 16:00,8,0.0001
2021-09-17 00:00,8,0.0001
2021-09-17 08:00,8,0.0001
2021-09-17 16:00,8,0.0001
2021-09-18 00:00,8,0.0001
2021-09-18 08:00,8,0.0001
2021-09-18 16:00,8,0.0001
2021-09-19 00:00,8,0.0001
2021-09-19 08:00,8,0.0001
2021-09-19 16:00,8,0.0001
2021-09-20 00:00,8,0.0001
2021-09-20 08:00,8,0.0001
2021-09-20 16:00,8,0.0001
2021-09-21 00:00,8,3.121e-05
2021-09-21 08:00,8,5.413e-05
2021-09-21 16:00,8,0.0001
2021-09-22 00:00,8,7.728e-05
2021-09-22 08:00,8,-5.056e-05
2021-09-22 16:00,8,0.0001
2021-09-23 00:00,8,-4.4e-07
2021-09-23 08:00,8,0.0001
2021-09-23 16:00,8,0.0001
2021-09-24 00:00,8,0.0001
2021-09-24 08:00,8,4.897e-05
2021-09-24 16:00,8,0.0001
2021-09-25 00:00,8,0.0001
2021-09-25 08:00,8,9.989e-05
2021-09-25 16:00,8,0.0001
2021-09-26 00:00,8,0.0001
2021-09-26 08:00,8,7.651e-05
2021-09-26 16:00,8,0.0001
2021-09-27 00:00,8,4.106e-05
2021-09-27 08:00,8,1.35e-05
2021-09-27 16:00,8,0.0001
2021-09-28 00:00,8,0.0001
2021-09-28 08:00,8,6.734e-05
2021-09-28 16:00,8,0.0001
2021-09-29 00:00,8,-5.665e-05
2021-09-29 08:00,8,9.852e-05
2021-09-29 16:00,8,0.0001
2021-09-30 00:00,8,4.534e-05
2021-09-30 08:00,8,0.0001
2021-09-30 16:00,8,0.0001
2021-10-01 00:00,8,0.0001
2021-10-01 08:00,8,0.0001
2021-10-01 16:00,8,0.0001
2021-10-02 00:00,8,3.549e-05
2021-10-02 08:00,8,0.0001
2021-10-02 16:00,8,0.0001
2021-10-03 00:00,8,0.0001
2021-10-03 08:00,8,0.0001
2021-10-03 16:00,8,0.0001
2021-10-04 00:00,8,0.0001
2021-10-04 08:00,8,0.0001
2021-10-04 16:00,8,0.0001
2021-10-05 00:00,8,0.0001
2021-10-05 08:00,8,0.0001
2021-10-05 16:00,8,0.0001
2021-10-06 00:00,8,0.0001
2021-10-06 08:00,8,5.79e-05
2021-10-06 16:00,8,0.0001
2021-10-07 00:00,8,0.0001
2021-10-07 08:00,8,0.0001
2021-10-07 16:00,8,0.0001
2021-10-08 00:00,8,0.0001
2021-10-08 08:00,8,0.0001
2021-10-08 16:00,8,0.0001
2021-10-09 00:00,8,0.0001
2021-10-09 08:00,8,0.0001
2021-10-09 16:00,8,0.0001
2021-10-10 00:00,8,0.0001
2021-10-10 08:00,8,0.0001
2021-10-10 16:00,8,0.0001
2021-10-11 00:00,8,0.0001
2021-10-11 08:00,8,0.0001
2021-10-11 16:00,8,0.0001
2021-10-12 00:00,8,0.0001
2021-10-12 08:00,8,0.0001
2021-10-12 16:00,8,0.0001
2021-10-13 00:00,8,0.0001
2021-10-13 08:00,8,0.0001
2021-10-13 16:00,8,0.0001
2021-10-14 00:00,8,0.0001
2021-10-14 08:00,8,0.0001
2021-10-14 16:00,8,0.0001
2021-10-15 00:00,8,0.0001
2021-10-15 08:00,8,0.0001
2021-10-15 16:00,8,0.0001
2021-10-16 00:00,8,0.0001
2021-10-16 08:00,8,0.0001
2021-10-16 16:00,8,0.0001
2021-10-17 00:00,8,0.0001
2021-10-17 08:00,8,0.00013252
2021-10-17 16:00,8,0.00010931
2021-10-18 00:00,8,0.0001
2021-10-18 08:00,8,0.0001
2021-10-18 16:00,8,0.0001
2021-10-19 00:00,8,0.0001
2021-10-19 08:00,8,0.0001
2021-10-19 16:00,8,0.0001
2021-10-20 00:00,8,0.0001
2021-10-20 08:00,8,0.0001
2021-10-20 16:00,8,0.0001
2021-10-21 00:00,8,0.0001535
2021-10-21 08:00,8,0.00011894
2021-10-21 16:00,8,0.0001
2021-10-22 00:00,8,0.0001
2021-10-22 08:00,8,0.0001
2021-10-22 16:00,8,0.0001
2021-10-23 00:00,8,0.0001
2021-10-23 08:00,8,0.0001
2021-10-23 16:00,8,0.0001
2021-10-24 00:00,8,0.0001
2021-10-24 08:00,8,0.0001
2021-10-24 16:00,8,0.0001
2021-10-25 00:00,8,0.0001
2021-10-25 08:00,8,0.0001
2021-10-25 16:00,8,0.0001
2021-10-26 00:00,8,0.0001501
2021-10-26 08:00,8,0.00049519
2021-10-26 16:00,8,0.00053692
2021-10-27 00:00,8,0.0001
2021-10-27 08:00,8,0.0001
2021-10-27 16:00,8,0.0001
2021-10-28 00:00,8,0.0001
2021-10-28 08:00,8,0.0001
2021-10-28 16:00,8,0.0001
2021-10-29 00:00,8,0.0001
2021-10-29 08:00,8,0.0001
2021-10-29 16:00,8,0.0001
2021-10-30 00:00,8,0.0001
2021-10-30 08:00,8,0.0001
2021-10-30 16:00,8,0.0001
2021-10-31 00:00,8,0.0001
2021-10-31 08:00,8,0.0001
2021-10-31 16:00,8,0.0001
2021-11-01 00:00,8,0.0001
2021-11-01 08:00,8,0.0001
2021-11-01 16:00,8,0.00012228
2021-11-02 00:00,8,0.0001
2021-11-02 08:00,8,0.00037419
2021-11-02 16:00,8,0.00023517
2021-11-03 00:00,8,0.00040119
2021-11-03 08:00,8,0.00069209
2021-11-03 16:00,8,0.0001
2021-11-04 00:00,8,0.00027904
2021-11-04 08:00,8,0.00034884
2021-11-04 16:00,8,0.00066487
2021-11-05 00:00,8,0.00013733
2021-11-05 08:00,8,0.00061644
2021-11-05 16:00,8,0.00035644
2021-11-06 00:00,8,0.00027912
2021-11-06 08:00,8,0.00010233
2021-11-06 16:00,8,0.0001
2021-11-07 00:00,8,0.0001
2021-11-07 08:00,8,0.0002348
2021-11-07 16:00,8,0.0002492
2021-11-08 00:00,8,0.00022496
2021-11-08 08:00,8,0.00053854
2021-11-08 16:00,8,0.00064901
2021-11-09 00:00,8,0.00018159
2021-11-09 08:00,8,0.00072892
2021-11-09 16:00,8,0.00055974
2021-11-10 00:00,8,0.00044872
2021-11-10 08:00,8,0.00057092
2021-11-10 16:00,8,0.00068279
2021-11-11 00:00,8,0.0001
2021-11-11 08:00,8,0.00013657
2021-11-11 16:00,8,0.0001
2021-11-12 00:00,8,0.0001
2021-11-12 08:00,8,0.0001
2021-11-12 16:00,8,0.0001
2021-11-13 00:00,8,0.0001
2021-11-13 08:00,8,0.0001
2021-11-13 16:00,8,0.0001
2021-11-14 00:00,8,0.0001
2021-11-14 08:00,8,0.0001
2021-11-14 16:00,8,0.00020187
2021-11-15 00:00,8,0.0001
2021-11-15 08:00,8,0.00016275
2021-11-15 16:00,8,0.0001
2021-11-16 00:00,8,0.0001
2021-11-16 08:00,8,0.0001
2021-11-16 16:00,8,0.0001
2021-11-17 00:00,8,0.0001
2021-11-17 08:00,8,0.0001
2021-11-17 16:00,8,0.0001
2021-11-18 00:00,8,0.0001
2021-11-18 08:00,8,0.0001
2021-11-18 16:00,8,0.0001
2021-11-19 00:00,8,0.0001
2021-11-19 08:00,8,0.0001
2021-11-19 16:00,8,0.0001
2021-11-20 00:00,8,0.0001
2021-11-20 08:00,8,0.0001
2021-11-20 16:00,8,0.0001
2021-11-21 00:00,8,0.0001
2021-11-21 08:00,8,0.0001
2021-11-21 16:00,8,0.0001
2021-11-22 00:00,8,0.0001
2021-11-22 08:00,8,0.0001
2021-11-22 16:00,8,0.0001
2021-11-23 00:00,8,0.0001
2021-11-23 08:00,8,0.0001
2021-11-23 16:00,8,0.0001
2021-11-24 00:00,8,0.0001
2021-11-24 08:00,8,0.0001
2021-11-24 16:00,8,0.0001
2021-11-25 00:00,8,0.0001
2021-11-25 08:00,8,0.0001
2021-11-25 16:00,8,0.0001
2021-11-26 00:00,8,0.00013385
2021-11-26 08:00,8,0.0001
2021-11-26 16:00,8,0.0001
2021-11-27 00:00,8,0.0001
2021-11-27 08:00,8,0.0001
2021-11-27 16:00,8,0.0001
2021-11-28 00:00,8,0.0001
2021-11-28 08:00,8,0.0001
2021-11-28 16:00,8,0.0001
2021-11-29 00:00,8,0.0001
2021-11-29 08:00,8,0.0001
2021-11-29 16:00,8,0.0001
2021-11-30 00:00,8,0.0001
2021-11-30 08:00,8,0.0001
2021-11-30 16:00,8,0.0001
2021-12-01 00:00,8,0.0001
2021-12-01 08:00,8,0.0001
2021-12-01 16:00,8,0.0001
2021-12-02 00:00,8,0.0001
2021-12-02 08:00,8,0.0001
2021-12-02 16:00,8,0.0001
2021-12-03 00:00,8,0.0001
2021-12-03 08:00,8,0.0001
2021-12-03 16:00,8,0.0001
2021-12-04 00:00,8,0.0001
2021-12-04 08:00,8,-0.00013415
2021-12-04 16:00,8,0.0001
2021-12-05 00:00,8,0.0001
2021-12-05 08:00,8,0.0001
2021-12-05 16:00,8,0.0001
2021-12-06 00:00,8,0.0001
2021-12-06 08:00,8,0.0001
2021-12-06 16:00,8,0.0001
2021-12-07 00:00,8,0.0001
2021-12-07 08:00,8,0.0001
2021-12-07 16:00,8,0.0001
2021-12-08 00:00,8,0.0001
2021-12-08 08:00,8,0.0001
2021-12-08 16:00,8,0.0001
2021-12-09 00:00,8,0.0001
2021-12-09 08:00,8,0.0001
2021-12-09 16:00,8,0.0001
2021-12-10 00:00,8,0.0001
2021-12-10 08:00,8,0.0001
2021-12-10 16:00,8,0.0001
2021-12-11 00:00,8,0.0001
2021-12-11 08:00,8,0.0001
2021-12-11 16:00,8,0.0001
2021-12-12 00:00,8,0.0001
2021-12-12 08:00,8,0.0001
2021-12-12 16:00,8,0.0001
2021-12-13 00:00,8,0.0001
2021-12-13 08:00,8,-2.45e-06
2021-12-13 16:00,8,0.0001
2021-12-14 00:00,8,5.84e-06
2021-12-14 08:00,8,0.0001
2021-12-14 16:00,8,0.0001
2021-12-15 00:00,8,0.0001
2021-12-15 08:00,8,0.0001
2021-12-15 16:00,8,0.0001
2021-12-16 00:00,8,0.0001
2021-12-16 08:00,8,0.0001
2021-12-16 16:00,8,0.0001
2021-12-17 00:00,8,0.0001
2021-12-17 08:00,8,0.0001
2021-12-17 16:00,8,0.0001
2021-12-18 00:00,8,9.177e-05
2021-12-18 08:00,8,2.929e-05
2021-12-18 16:00,8,5.495e-05
2021-12-19 00:00,8,8.727e-05
2021-12-19 08:00,8,0.0001
2021-12-19 16:00,8,3.465e-05
2021-12-20 00:00,8,-4.993e-05
2021-12-20 08:00,8,0.0001
2021-12-20 16:00,8,3.857e-05
2021-12-21 00:00,8,7.351e-05
2021-12-21 08:00,8,-0.0002833
2021-12-21 16:00,8,0.0001
2021-12-22 00:00,8,0.0001
2021-12-22 08:00,8,0.0001
2021-12-22 16:00,8,0.0001
2021-12-23 00:00,8,0.0001
2021-12-23 08:00,8,0.0001
2021-12-23 16:00,8,0.0001
2021-12-24 00:00,8,0.0001
2021-12-24 08:00,8,0.0001
2021-12-24 16:00,8,0.0001
2021-12-25 00:00,8,0.0001
2021-12-25 08:00,8,0.0001
2021-12-25 16:00,8,0.0001
2021-12-26 00:00,8,0.0001
2021-12-26 08:00,8,0.0001
2021-12-26 16:00,8,0.0001
2021-12-27 00:00,8,0.0001
2021-12-27 08:00,8,-0.00014956
2021-12-27 16:00,8,-2.1e-06
2021-12-28 00:00,8,0.0001
2021-12-28 08:00,8,0.0001
2021-12-28 16:00,8,0.0001
2021-12-29 00:00,8,0.0001
2021-12-29 08:00,8,0.0001
2021-12-29 16:00,8,5.968e-05
2021-12-30 00:00,8,0.0001
2021-12-30 08:00,8,-0.00015368
2021-12-30 16:00,8,-0.00020668
2021-12-31 00:00,8,-2.868e-05
2021-12-31 08:00,8,3.185e-05
2021-12-31 16:00,8,0.0001
2022-01-01 00:00,8,0.0001
2022-01-01 08:00,8,0.0001
2022-01-01 16:00,8,2.087e-05
2022-01-02 00:00,8,-0.00012323
2022-01-02 08:00,8,0.0001
2022-01-02 16:00,8,-0.00036424
2022-01-03 00:00,8,0.0001
2022-01-03 08:00,8,-0.00013036
2022-01-03 16:00,8,-9.54e-05
2022-01-04 00:00,8,0.0001
2022-01-04 08:00,8,0.0001
2022-01-04 16:00,8,0.0001
2022-01-05 00:00,8,0.0001
2022-01-05 08:00,8,0.0001
2022-01-05 16:00,8,0.0001
2022-01-06 00:00,8,0.0001
2022-01-06 08:00,8,9.231e-05
2022-01-06 16:00,8,0.0001
2022-01-07 00:00,8,-0.00027076
2022-01-07 08:00,8,-0.0001483
2022-01-07 16:00,8,-0.00030988
2022-01-08 00:00,8,7.23e-06
2022-01-08 08:00,8,0.0001
2022-01-08 16:00,8,8.977e-05
2022-01-09 00:00,8,-0.00014485
2022-01-09 08:00,8,-0.00019639
2022-01-09 16:00,8,-0.00018693
2022-01-10 00:00,8,-0.00025838
2022-01-10 08:00,8,-0.00013459
2022-01-10 16:00,8,0.0001
2022-01-11 00:00,8,0.0001
2022-01-11 08:00,8,-3.926e-05
2022-01-11 16:00,8,-5.222e-05
2022-01-12 00:00,8,-0.00023175
2022-01-12 08:00,8,-0.00019964
2022-01-12 16:00,8,-0.0001388
2022-01-13 00:00,8,-3.945e-05
2022-01-13 08:00,8,-0.00039053
2022-01-13 16:00,8,-0.00014337
2022-01-14 00:00,8,-6.373e-05
2022-01-14 08:00,8,0.0001
2022-01-14 16:00,8,0.0001
2022-01-15 00:00,8,-0.00017089
2022-01-15 08:00,8,-3.803e-05
2022-01-15 16:00,8,0.0001
2022-01-16 00:00,8,0.0001
2022-01-16 08:00,8,0.0001
2022-01-16 16:00,8,0.0001
2022-01-17 00:00,8,2.905e-05
2022-01-17 08:00,8,6.752e-05
2022-01-17 16:00,8,0.0001
2022-01-18 00:00,8,1.993e-05
2022-01-18 08:00,8,0.0001
2022-01-18 16:00,8,-0.00056287
2022-01-19 00:00,8,-0.00033314
2022-01-19 08:00,8,-0.00050384
2022-01-19 16:00,8,-0.00017848
2022-01-20 00:00,8,-9.844e-05
2022-01-20 08:00,8,-0.00032152
2022-01-20 16:00,8,7.06e-05
2022-01-21 00:00,8,-0.00022209
2022-01-21 08:00,8,-0.00042644
2022-01-21 16:00,8,-9.275e-05
2022-01-22 00:00,8,-0.0002878
2022-01-22 08:00,8,6.769e-05
2022-01-22 16:00,8,-0.00057964
2022-01-23 00:00,8,-0.00040132
2022-01-23 08:00,8,-0.00043116
2022-01-23 16:00,8,-0.0005121
2022-01-24 00:00,8,-0.00032157
2022-01-24 08:00,8,-0.00041929
2022-01-24 16:00,8,-0.00023497
2022-01-25 00:00,8,-0.00046277
2022-01-25 08:00,8,4.516e-05
2022-01-25 16:00,8,0.0001
2022-01-26 00:00,8,0.0001
2022-01-26 08:00,8,4.947e-05
2022-01-26 16:00,8,6.494e-05
2022-01-27 00:00,8,0.0001
2022-01-27 08:00,8,0.0001
2022-01-27 16:00,8,-0.00047116
2022-01-28 00:00,8,0.0001
2022-01-28 08:00,8,0.0001
2022-01-28 16:00,8,-0.00055045
2022-01-29 00:00,8,-0.00033234
2022-01-29 08:00,8,-0.0002195
2022-01-29 16:00,8,-0.00028547
2022-01-30 00:00,8,-0.00029065
2022-01-30 08:00,8,-0.00023048
2022-01-30 16:00,8,3.512e-05
2022-01-31 00:00,8,-0.00010949
2022-01-31 08:00,8,-9.886e-05
2022-01-31 16:00,8,-0.000162
2022-02-01 00:00,8,-0.00021073
2022-02-01 08:00,8,-2.132e-05
2022-02-01 16:00,8,-5.78e-06
2022-02-02 00:00,8,-7.783e-05
2022-02-02 08:00,8,3.451e-05
2022-02-02 16:00,8,3.591e-05
2022-02-03 00:00,8,-0.00017521
2022-02-03 08:00,8,-0.00027129
2022-02-03 16:00,8,-3.451e-05
2022-02-04 00:00,8,-0.0001344
2022-02-04 08:00,8,-0.00015545
2022-02-04 16:00,8,-0.00010151
2022-02-05 00:00,8,-0.00026032
2022-02-05 08:00,8,-0.00010986
2022-02-05 16:00,8,-4.442e-05
2022-02-06 00:00,8,-0.00015121
2022-02-06 08:00,8,-0.00012223
2022-02-06 16:00,8,-3.521e-05
2022-02-07 00:00,8,-3.732e-05
2022-02-07 08:00,8,-3.42e-05
2022-02-07 16:00,8,-1.57e-05
2022-02-08 00:00,8,-0.00010728
2022-02-08 08:00,8,-0.00011778
2022-02-08 16:00,8,0.0001
2022-02-09 00:00,8,0.0001
2022-02-09 08:00,8,0.0001
2022-02-09 16:00,8,9.669e-05
2022-02-10 00:00,8,-0.00014156
2022-02-10 08:00,8,1.501e-05
2022-02-10 16:00,8,3.254e-05
2022-02-11 00:00,8,5.319e-05
2022-02-11 08:00,8,0.0001
2022-02-11 16:00,8,9.127e-05
2022-02-12 00:00,8,-0.00019335
2022-02-12 08:00,8,-0.00026417
2022-02-12 16:00,8,-0.00013186
2022-02-13 00:00,8,-0.00036969
2022-02-13 08:00,8,-0.00012547
2022-02-13 16:00,8,-8.013e-05
2022-02-14 00:00,8,-1.491e-05
2022-02-14 08:00,8,-6.385e-05
2022-02-14 16:00,8,6.976e-05
2022-02-15 00:00,8,0.0001
2022-02-15 08:00,8,-5.47e-06
2022-02-15 16:00,8,-1.351e-05
2022-02-16 00:00,8,-5.347e-05
2022-02-16 08:00,8,1.15e-05
2022-02-16 16:00,8,0.0001
2022-02-17 00:00,8,0.0001
2022-02-17 08:00,8,3.487e-05
2022-02-17 16:00,8,0.0001
2022-02-18 00:00,8,-0.00035404
2022-02-18 08:00,8,-4.691e-05
2022-02-18 16:00,8,-0.00027233
2022-02-19 00:00,8,-3.695e-05
2022-02-19 08:00,8,2.79e-06
2022-02-19 16:00,8,-3.71e-06
2022-02-20 00:00,8,-0.00029712
2022-02-20 08:00,8,-0.00023039
2022-02-20 16:00,8,1.148e-05
2022-02-21 00:00,8,-1.581e-05
2022-02-21 08:00,8,-0.00020728
2022-02-21 16:00,8,-0.00013188
2022-02-22 00:00,8,-0.00015767
2022-02-22 08:00,8,-0.00051913
2022-02-22 16:00,8,-0.0003746
2022-02-23 00:00,8,-0.00055016
2022-02-23 08:00,8,-0.00053863
2022-02-23 16:00,8,-0.00029649
2022-02-24 00:00,8,-0.00051278
2022-02-24 08:00,8,-0.00038937
2022-02-24 16:00,8,-0.00030721
2022-02-25 00:00,8,-0.00019226
2022-02-25 08:00,8,-0.00034572
2022-02-25 16:00,8,-0.00043448
2022-02-26 00:00,8,-0.00033506
2022-02-26 08:00,8,-0.00031716
2022-02-26 16:00,8,-0.00049421
2022-02-27 00:00,8,-0.00031185
2022-02-27 08:00,8,-0.00036878
2022-02-27 16:00,8,-0.00020309
2022-02-28 00:00,8,-0.00044099
2022-02-28 08:00,8,-0.0002397
2022-02-28 16:00,8,-0.00047932
2022-03-01 00:00,8,-0.00011035
2022-03-01 08:00,8,-0.0001188
2022-03-01 16:00,8,-4.139e-05
2022-03-02 00:00,8,-8.4e-05
2022-03-02 08:00,8,-7.427e-05
2022-03-02 16:00,8,8.919e-05
2022-03-03 00:00,8,-3.679e-05
2022-03-03 08:00,8,0.0001
2022-03-03 16:00,8,-3.959e-05
2022-03-04 00:00,8,-5.671e-05
2022-03-04 08:00,8,-6.951e-05
2022-03-04 16:00,8,0.0001
2022-03-05 00:00,8,0.0001
2022-03-05 08:00,8,2.416e-05
2022-03-05 16:00,8,-0.00034268
2022-03-06 00:00,8,-0.00039558
2022-03-06 08:00,8,-0.0003581
2022-03-06 16:00,8,-0.00015143
2022-03-07 00:00,8,-0.00023324
2022-03-07 08:00,8,-0.00017614
2022-03-07 16:00,8,-0.00033479
2022-03-08 00:00,8,-4.121e-05
2022-03-08 08:00,8,-2.67e-06
2022-03-08 16:00,8,8.681e-05
2022-03-09 00:00,8,-0.00032279
2022-03-09 08:00,8,0.0001
2022-03-09 16:00,8,0.0001
2022-03-10 00:00,8,0.0001
2022-03-10 08:00,8,0.0001
2022-03-10 16:00,8,1.979e-05
2022-03-11 00:00,8,1.172e-05
2022-03-11 08:00,8,-1.903e-05
2022-03-11 16:00,8,-6.392e-05
2022-03-12 00:00,8,0.0001
2022-03-12 08:00,8,0.0001
2022-03-12 16:00,8,3.597e-05
2022-03-13 00:00,8,3.466e-05
2022-03-13 08:00,8,-4.256e-05
2022-03-13 16:00,8,0.0001
2022-03-14 00:00,8,0.0001
2022-03-14 08:00,8,0.0001
2022-03-14 16:00,8,0.0001
2022-03-15 00:00,8,0.0001
2022-03-15 08:00,8,0.0001
2022-03-15 16:00,8,0.0001
2022-03-16 00:00,8,6.711e-05
2022-03-16 08:00,8,0.0001
2022-03-16 16:00,8,-2.226e-05
2022-03-17 00:00,8,3.65e-05
2022-03-17 08:00,8,-5.466e-05
2022-03-17 16:00,8,0.0001
2022-03-18 00:00,8,8.435e-05
2022-03-18 08:00,8,0.0001
2022-03-18 16:00,8,0.0001
2022-03-19 00:00,8,0.0001
2022-03-19 08:00,8,0.0001
2022-03-19 16:00,8,7.936e-05
2022-03-20 00:00,8,0.0001
2022-03-20 08:00,8,0.0001
2022-03-20 16:00,8,0.0001
2022-03-21 00:00,8,0.0001
2022-03-21 08:00,8,0.0001
2022-03-21 16:00,8,0.0001
2022-03-22 00:00,8,0.0001
2022-03-22 08:00,8,0.0001
2022-03-22 16:00,8,0.0001
2022-03-23 00:00,8,0.0001
2022-03-23 08:00,8,4.508e-05
2022-03-23 16:00,8,0.0001
2022-03-24 00:00,8,0.0001
2022-03-24 08:00,8,0.0001
2022-03-24 16:00,8,0.0001
2022-03-25 00:00,8,0.0001
2022-03-25 08:00,8,0.0001
2022-03-25 16:00,8,0.0001
2022-03-26 00:00,8,0.0001
2022-03-26 08:00,8,0.0001
2022-03-26 16:00,8,0.0001
2022-03-27 00:00,8,0.0001
2022-03-27 08:00,8,0.0001
2022-03-27 16:00,8,0.0001
2022-03-28 00:00,8,5.987e-05
2022-03-28 08:00,8,0.0001
2022-03-28 16:00,8,8.098e-05
2022-03-29 00:00,8,0.0001
2022-03-29 08:00,8,0.0001
2022-03-29 16:00,8,0.0001
2022-03-30 00:00,8,0.0001
2022-03-30 08:00,8,0.0001
2022-03-30 16:00,8,0.0001
2022-03-31 00:00,8,0.0001
2022-03-31 08:00,8,0.0001
2022-03-31 16:00,8,0.0001
2022-04-01 00:00,8,0.0001
2022-04-01 08:00,8,0.0001
2022-04-01 16:00,8,0.0001
2022-04-02 00:00,8,0.0001
2022-04-02 08:00,8,0.0001
2022-04-02 16:00,8,0.0001
2022-04-03 00:00,8,1.913e-05
2022-04-03 08:00,8,0.0001
2022-04-03 16:00,8,6.83e-06
2022-04-04 00:00,8,0.0001
2022-04-04 08:00,8,7.272e-05
2022-04-04 16:00,8,-6.814e-05
2022-04-05 00:00,8,0.0001
2022-04-05 08:00,8,-2.909e-05
2022-04-05 16:00,8,0.0001
2022-04-06 00:00,8,9.067e-05
2022-04-06 08:00,8,0.0001
2022-04-06 16:00,8,-0.00014311
2022-04-07 00:00,8,-0.00018631
2022-04-07 08:00,8,-0.0004591
2022-04-07 16:00,8,-0.00012429
2022-04-08 00:00,8,0.0001
2022-04-08 08:00,8,0.0001
2022-04-08 16:00,8,0.0001
2022-04-09 00:00,8,8.299e-05
2022-04-09 08:00,8,4.969e-05
2022-04-09 16:00,8,0.0001
2022-04-10 00:00,8,0.0001
2022-04-10 08:00,8,0.0001
2022-04-10 16:00,8,0.0001
2022-04-11 00:00,8,0.0001
2022-04-11 08:00,8,0.0001
2022-04-11 16:00,8,-0.00010608
2022-04-12 00:00,8,3.844e-05
2022-04-12 08:00,8,0.0001
2022-04-12 16:00,8,0.0001
2022-04-13 00:00,8,0.0001
2022-04-13 08:00,8,-9.304e-05
2022-04-13 16:00,8,0.0001
2022-04-14 00:00,8,-0.00014435
2022-04-14 08:00,8,0.0001
2022-04-14 16:00,8,-3.185e-05
2022-04-15 00:00,8,0.0001
2022-04-15 08:00,8,0.0001
2022-04-15 16:00,8,3.36e-05
2022-04-16 00:00,8,-9.53e-06
2022-04-16 08:00,8,-0.0002636
2022-04-16 16:00,8,-0.00023898
2022-04-17 00:00,8,0.0001
2022-04-17 08:00,8,6.87e-06
2022-04-17 16:00,8,-4.993e-05
2022-04-18 00:00,8,2.209e-05
2022-04-18 08:00,8,0.0001
2022-04-18 16:00,8,0.0001
2022-04-19 00:00,8,0.0001
2022-04-19 08:00,8,0.0001
2022-04-19 16:00,8,0.0001
2022-04-20 00:00,8,0.0001
2022-04-20 08:00,8,0.0001
2022-04-20 16:00,8,0.0001
2022-04-21 00:00,8,0.0001
2022-04-21 08:00,8,0.0001
2022-04-21 16:00,8,0.0001
2022-04-22 00:00,8,0.0001
2022-04-22 08:00,8,0.0001
2022-04-22 16:00,8,0.0001
2022-04-23 00:00,8,0.0001
2022-04-23 08:00,8,0.0001
2022-04-23 16:00,8,0.0001
2022-04-24 00:00,8,0.0001
2022-04-24 08:00,8,0.0001
2022-04-24 16:00,8,0.0001
2022-04-25 00:00,8,0.0001
2022-04-25 08:00,8,0.0001
2022-04-25 16:00,8,0.0001
2022-04-26 00:00,8,0.0001
2022-04-26 08:00,8,0.0001
2022-04-26 16:00,8,0.0001
2022-04-27 00:00,8,0.0001
2022-04-27 08:00,8,0.0001
2022-04-27 16:00,8,0.0001
2022-04-28 00:00,8,8.329e-05
2022-04-28 08:00,8,8.416e-05
2022-04-28 16:00,8,0.0001
2022-04-29 00:00,8,-6.532e-05
2022-04-29 08:00,8,0.0001
2022-04-29 16:00,8,7.851e-05
2022-04-30 00:00,8,-5.935e-05
2022-04-30 08:00,8,-2.807e-05
2022-04-30 16:00,8,7.402e-05
2022-05-01 00:00,8,-7.318e-05
2022-05-01 08:00,8,-4.358e-05
2022-05-01 16:00,8,0.0001
2022-05-02 00:00,8,-0.00014714
2022-05-02 08:00,8,-5.45e-06
2022-05-02 16:00,8,1.246e-05
2022-05-03 00:00,8,-0.0004552
2022-05-03 08:00,8,-8.534e-05
2022-05-03 16:00,8,-9.367e-05
2022-05-04 00:00,8,-0.00019203
2022-05-04 08:00,8,-0.00011861
2022-05-04 16:00,8,9.877e-05
2022-05-05 00:00,8,7.973e-05
2022-05-05 08:00,8,0.0001
2022-05-05 16:00,8,7.197e-05
2022-05-06 00:00,8,-0.00012832
2022-05-06 08:00,8,0.0001
2022-05-06 16:00,8,0.0001
2022-05-07 00:00,8,2.909e-05
2022-05-07 08:00,8,-5.655e-05
2022-05-07 16:00,8,1.072e-05
2022-05-08 00:00,8,-3.807e-05
2022-05-08 08:00,8,0.0001
2022-05-08 16:00,8,-0.00035476
2022-05-09 00:00,8,1.379e-05
2022-05-09 08:00,8,7.394e-05
2022-05-09 16:00,8,-1.5e-07
2022-05-10 00:00,8,6.919e-05
2022-05-10 08:00,8,0.0001
2022-05-10 16:00,8,-0.0001634
2022-05-11 00:00,8,-0.00038435
2022-05-11 08:00,8,-0.00063662
2022-05-11 16:00,8,-0.0006911
2022-05-12 00:00,8,-0.00026732
2022-05-12 08:00,8,-0.00114925
2022-05-12 16:00,8,5.7e-06
2022-05-13 00:00,8,-2.063e-05
2022-05-13 08:00,8,-0.00027933
2022-05-13 16:00,8,-6.578e-05
2022-05-14 00:00,8,-0.00035424
2022-05-14 08:00,8,-0.0004143
2022-05-14 16:00,8,-0.0006067
2022-05-15 00:00,8,-0.00010163
2022-05-15 08:00,8,8.375e-05
2022-05-15 16:00,8,3.827e-05
2022-05-16 00:00,8,7.511e-05
2022-05-16 08:00,8,3.179e-05
2022-05-16 16:00,8,-4.41e-06
2022-05-17 00:00,8,-5e-06
2022-05-17 08:00,8,-0.0003286
2022-05-17 16:00,8,-0.00032586
2022-05-18 00:00,8,-0.00012924
2022-05-18 08:00,8,5.464e-05
2022-05-18 16:00,8,-1.98e-06
2022-05-19 00:00,8,0.0001
2022-05-19 08:00,8,-0.00015198
2022-05-19 16:00,8,-0.00011149
2022-05-20 00:00,8,0.0001
2022-05-20 08:00,8,-3.143e-05
2022-05-20 16:00,8,0.0001
2022-05-21 00:00,8,-0.00031732
2022-05-21 08:00,8,0.0001
2022-05-21 16:00,8,7.36e-06
2022-05-22 00:00,8,0.0001
2022-05-22 08:00,8,6.842e-05
2022-05-22 16:00,8,0.0001
2022-05-23 00:00,8,0.0001
2022-05-23 08:00,8,-4.2e-06
2022-05-23 16:00,8,-0.00022221
2022-05-24 00:00,8,0.0001
2022-05-24 08:00,8,7.46e-05
2022-05-24 16:00,8,-0.00043106
2022-05-25 00:00,8,0.0001
2022-05-25 08:00,8,3.963e-05
2022-05-25 16:00,8,-0.00044906
2022-05-26 00:00,8,9.462e-05
2022-05-26 08:00,8,-2.111e-05
2022-05-26 16:00,8,-0.00031388
2022-05-27 00:00,8,-0.00021154
2022-05-27 08:00,8,-9.105e-05
2022-05-27 16:00,8,-0.00029978
2022-05-28 00:00,8,0.0001
2022-05-28 08:00,8,4.924e-05
2022-05-28 16:00,8,-3e-06
2022-05-29 00:00,8,0.0001
2022-05-29 08:00,8,-0.00014498
2022-05-29 16:00,8,-0.00027469
2022-05-30 00:00,8,-3.411e-05
2022-05-30 08:00,8,8.915e-05
2022-05-30 16:00,8,-4.747e-05
2022-05-31 00:00,8,9.885e-05
2022-05-31 08:00,8,0.0001
2022-05-31 16:00,8,0.0001
2022-06-01 00:00,8,7.969e-05
2022-06-01 08:00,8,0.0001
2022-06-01 16:00,8,0.0001
2022-06-02 00:00,8,9.185e-05
2022-06-02 08:00,8,-2.76e-05
2022-06-02 16:00,8,-5.02e-05
2022-06-03 00:00,8,-0.00015048
2022-06-03 08:00,8,-0.00015878
2022-06-03 16:00,8,-0.00033591
2022-06-04 00:00,8,0.0001
2022-06-04 08:00,8,8.965e-05
2022-06-04 16:00,8,5.258e-05
2022-06-05 00:00,8,1.383e-05
2022-06-05 08:00,8,8.828e-05
2022-06-05 16:00,8,0.0001
2022-06-06 00:00,8,0.0001
2022-06-06 08:00,8,0.0001
2022-06-06 16:00,8,0.0001
2022-06-07 00:00,8,-7.334e-05
2022-06-07 08:00,8,-0.00027561
2022-06-07 16:00,8,-0.00030194
2022-06-08 00:00,8,-1.287e-05
2022-06-08 08:00,8,-0.0003579
2022-06-08 16:00,8,-9.707e-05
2022-06-09 00:00,8,-0.0001939
2022-06-09 08:00,8,0.0001
2022-06-09 16:00,8,0.0001
2022-06-10 00:00,8,0.0001
2022-06-10 08:00,8,0.0001
2022-06-10 16:00,8,0.0001
2022-06-11 00:00,8,-2.25e-05
2022-06-11 08:00,8,0.0001
2022-06-11 16:00,8,-6.348e-05
2022-06-12 00:00,8,0.0001
2022-06-12 08:00,8,-6.524e-05
2022-06-12 16:00,8,-2.99e-06
2022-06-13 00:00,8,0.0001
2022-06-13 08:00,8,0.0001
2022-06-13 16:00,8,0.0001
2022-06-14 00:00,8,0.0001
2022-06-14 08:00,8,0.0001
2022-06-14 16:00,8,-0.00036323
2022-06-15 00:00,8,-0.00017755
2022-06-15 08:00,8,-0.00017378
2022-06-15 16:00,8,-0.0002875
2022-06-16 00:00,8,0.0001
2022-06-16 08:00,8,0.0001
2022-06-16 16:00,8,-0.00010931
2022-06-17 00:00,8,-0.00030417
2022-06-17 08:00,8,-0.00023052
2022-06-17 16:00,8,-0.00021364
2022-06-18 00:00,8,-0.00032402
2022-06-18 08:00,8,-0.00046889
2022-06-18 16:00,8,-5.381e-05
2022-06-19 00:00,8,-0.00026019
2022-06-19 08:00,8,-0.00029942
2022-06-19 16:00,8,-8.307e-05
2022-06-20 00:00,8,-0.00012024
2022-06-20 08:00,8,-0.0002109
2022-06-20 16:00,8,0.0001
2022-06-21 00:00,8,9.032e-05
2022-06-21 08:00,8,0.0001
2022-06-21 16:00,8,3.87e-05
2022-06-22 00:00,8,8.116e-05
2022-06-22 08:00,8,7.352e-05
2022-06-22 16:00,8,0.0001
2022-06-23 00:00,8,0.0001
2022-06-23 08:00,8,8.359e-05
2022-06-23 16:00,8,-1.575e-05
2022-06-24 00:00,8,0.0001
2022-06-24 08:00,8,0.0001
2022-06-24 16:00,8,0.0001
2022-06-25 00:00,8,0.0001
2022-06-25 08:00,8,0.0001
2022-06-25 16:00,8,0.0001
2022-06-26 00:00,8,0.0001
2022-06-26 08:00,8,0.0001
2022-06-26 16:00,8,4.119e-05
2022-06-27 00:00,8,-0.00010389
2022-06-27 08:00,8,-6.18e-06
2022-06-27 16:00,8,-0.00016684
2022-06-28 00:00,8,-0.00022087
2022-06-28 08:00,8,-3.61e-06
2022-06-28 16:00,8,-0.0002519
2022-06-29 00:00,8,-0.00014403
2022-06-29 08:00,8,-2.439e-05
2022-06-29 16:00,8,8.33e-06
2022-06-30 00:00,8,0.0001
2022-06-30 08:00,8,7.65e-05
2022-06-30 16:00,8,3.32e-06
2022-07-01 00:00,8,0.0001
2022-07-01 08:00,8,-5.314e-05
2022-07-01 16:00,8,0.0001
2022-07-02 00:00,8,-0.00011298
2022-07-02 08:00,8,-7.458e-05
2022-07-02 16:00,8,0.0001
2022-07-03 00:00,8,0.0001
2022-07-03 08:00,8,0.0001
2022-07-03 16:00,8,0.0001
2022-07-04 00:00,8,0.0001
2022-07-04 08:00,8,1.857e-05
2022-07-04 16:00,8,4.057e-05
2022-07-05 00:00,8,0.0001
2022-07-05 08:00,8,8.22e-06
2022-07-05 16:00,8,0.0001
2022-07-06 00:00,8,0.0001
2022-07-06 08:00,8,0.0001
2022-07-06 16:00,8,0.0001
2022-07-07 00:00,8,0.0001
2022-07-07 08:00,8,-7.372e-05
2022-07-07 16:00,8,8.917e-05
2022-07-08 00:00,8,0.0001
2022-07-08 08:00,8,0.0001
2022-07-08 16:00,8,7.042e-05
2022-07-09 00:00,8,0.0001
2022-07-09 08:00,8,0.0001
2022-07-09 16:00,8,0.0001
2022-07-10 00:00,8,4e-07
2022-07-10 08:00,8,0.0001
2022-07-10 16:00,8,-2.85e-05
2022-07-11 00:00,8,-0.00047888
2022-07-11 08:00,8,-0.0003913
2022-07-11 16:00,8,-0.00017016
2022-07-12 00:00,8,1.902e-05
2022-07-12 08:00,8,1.646e-05
2022-07-12 16:00,8,-1.806e-05
2022-07-13 00:00,8,-4.28e-06
2022-07-13 08:00,8,2.873e-05
2022-07-13 16:00,8,-2.05e-06
2022-07-14 00:00,8,-3.741e-05
2022-07-14 08:00,8,-0.00010857
2022-07-14 16:00,8,-3.418e-05
2022-07-15 00:00,8,0.0001
2022-07-15 08:00,8,0.0001
2022-07-15 16:00,8,0.0001
2022-07-16 00:00,8,-3.858e-05
2022-07-16 08:00,8,0.0001
2022-07-16 16:00,8,-3.666e-05
2022-07-17 00:00,8,9.451e-05
2022-07-17 08:00,8,6.184e-05
2022-07-17 16:00,8,9.33e-06
2022-07-18 00:00,8,2.868e-05
2022-07-18 08:00,8,0.0001
2022-07-18 16:00,8,0.0001
2022-07-19 00:00,8,0.0001
2022-07-19 08:00,8,0.0001
2022-07-19 16:00,8,0.0001
2022-07-20 00:00,8,0.0001
2022-07-20 08:00,8,0.0001
2022-07-20 16:00,8,8.352e-05
2022-07-21 00:00,8,-9.977e-05
2022-07-21 08:00,8,-8.933e-05
2022-07-21 16:00,8,2.338e-05
2022-07-22 00:00,8,-3.733e-05
2022-07-22 08:00,8,-1.875e-05
2022-07-22 16:00,8,-0.0001189
2022-07-23 00:00,8,-0.00013483
2022-07-23 08:00,8,-1.079e-05
2022-07-23 16:00,8,-1.623e-05
2022-07-24 00:00,8,1.873e-05
2022-07-24 08:00,8,3.554e-05
2022-07-24 16:00,8,1.294e-05
2022-07-25 00:00,8,-0.00013222
2022-07-25 08:00,8,-2.795e-05
2022-07-25 16:00,8,-7.659e-05
2022-07-26 00:00,8,-0.00015166
2022-07-26 08:00,8,-0.00013339
2022-07-26 16:00,8,-0.00029722
2022-07-27 00:00,8,-8.323e-05
2022-07-27 08:00,8,4.471e-05
2022-07-27 16:00,8,-9e-08
2022-07-28 00:00,8,2.889e-05
2022-07-28 08:00,8,9.982e-05
2022-07-28 16:00,8,0.0001
2022-07-29 00:00,8,-6.347e-05
2022-07-29 08:00,8,0.0001
2022-07-29 16:00,8,0.0001
2022-07-30 00:00,8,4.105e-05
2022-07-30 08:00,8,0.0001
2022-07-30 16:00,8,7.098e-05
2022-07-31 00:00,8,-0.00038752
2022-07-31 08:00,8,-0.00012186
2022-07-31 16:00,8,-3.566e-05
2022-08-01 00:00,8,-0.00030172
2022-08-01 08:00,8,-5.927e-05
2022-08-01 16:00,8,-1.779e-05
2022-08-02 00:00,8,1.858e-05
2022-08-02 08:00,8,-0.00011093
2022-08-02 16:00,8,-2.069e-05
2022-08-03 00:00,8,-5.074e-05
2022-08-03 08:00,8,-7.38e-06
2022-08-03 16:00,8,-1.587e-05
2022-08-04 00:00,8,-0.00027131
2022-08-04 08:00,8,-6.471e-05
2022-08-04 16:00,8,8.628e-05
2022-08-05 00:00,8,-0.00015036
2022-08-05 08:00,8,0.0001
2022-08-05 16:00,8,7.546e-05
2022-08-06 00:00,8,-3.322e-05
2022-08-06 08:00,8,0.0001
2022-08-06 16:00,8,0.0001
2022-08-07 00:00,8,0.0001
2022-08-07 08:00,8,-0.00028247
2022-08-07 16:00,8,1.984e-05
2022-08-08 00:00,8,0.0001
2022-08-08 08:00,8,-4.95e-06
2022-08-08 16:00,8,0.0001
2022-08-09 00:00,8,7.557e-05
2022-08-09 08:00,8,-0.00022675
2022-08-09 16:00,8,-0.0004809
2022-08-10 00:00,8,-0.00114057
2022-08-10 08:00,8,-0.0014707
2022-08-10 16:00,8,-0.00067379
2022-08-11 00:00,8,-0.0001772
2022-08-11 08:00,8,-0.00041761
2022-08-11 16:00,8,-6.134e-05
2022-08-12 00:00,8,-0.00110276
2022-08-12 08:00,8,-0.0012831
2022-08-12 16:00,8,6.724e-05
2022-08-13 00:00,8,0.0001
2022-08-13 08:00,8,0.0001
2022-08-13 16:00,8,-9.727e-05
2022-08-14 00:00,8,-0.00034844
2022-08-14 08:00,8,-8.873e-05
2022-08-14 16:00,8,-0.00032008
2022-08-15 00:00,8,-5.478e-05
2022-08-15 08:00,8,4.492e-05
2022-08-15 16:00,8,-0.0002828
2022-08-16 00:00,8,-0.00056856
2022-08-16 08:00,8,-2.449e-05
2022-08-16 16:00,8,-1.508e-05
2022-08-17 00:00,8,3.56e-06
2022-08-17 08:00,8,0.0001
2022-08-17 16:00,8,-0.00035142
2022-08-18 00:00,8,5.987e-05
2022-08-18 08:00,8,0.0001
2022-08-18 16:00,8,0.0001
2022-08-19 00:00,8,0.0001
2022-08-19 08:00,8,2.413e-05
2022-08-19 16:00,8,-2.145e-05
2022-08-20 00:00,8,-0.00011099
2022-08-20 08:00,8,-7.595e-05
2022-08-20 16:00,8,-0.00025349
2022-08-21 00:00,8,-1.365e-05
2022-08-21 08:00,8,-0.0002068
2022-08-21 16:00,8,-3.501e-05
2022-08-22 00:00,8,-2.56e-06
2022-08-22 08:00,8,-2.343e-05
2022-08-22 16:00,8,7.93e-06
2022-08-23 00:00,8,0.0001
2022-08-23 08:00,8,-3.715e-05
2022-08-23 16:00,8,6.218e-05
2022-08-24 00:00,8,-7.3e-07
2022-08-24 08:00,8,-2.019e-05
2022-08-24 16:00,8,-4.956e-05
2022-08-25 00:00,8,-2.526e-05
2022-08-25 08:00,8,-0.00013349
2022-08-25 16:00,8,-0.00017916
2022-08-26 00:00,8,-8.841e-05
2022-08-26 08:00,8,0.0001
2022-08-26 16:00,8,3.735e-05
2022-08-27 00:00,8,1.769e-05
2022-08-27 08:00,8,3.678e-05
2022-08-27 16:00,8,-3.018e-05
2022-08-28 00:00,8,-1.835e-05
2022-08-28 08:00,8,4.418e-05
2022-08-28 16:00,8,-0.00013105
2022-08-29 00:00,8,-6.651e-05
2022-08-29 08:00,8,7.06e-06
2022-08-29 16:00,8,-9.948e-05
2022-08-30 00:00,8,-0.00019078
2022-08-30 08:00,8,5.009e-05
2022-08-30 16:00,8,9.748e-05
2022-08-31 00:00,8,2.78e-05
2022-08-31 08:00,8,-1.25e-06
2022-08-31 16:00,8,5.489e-05
2022-09-01 00:00,8,1.5e-05
2022-09-01 08:00,8,0.0001
2022-09-01 16:00,8,0.0001
2022-09-02 00:00,8,4.609e-05
2022-09-02 08:00,8,1.03e-05
2022-09-02 16:00,8,8.169e-05
2022-09-03 00:00,8,-4.504e-05
2022-09-03 08:00,8,0.0001
2022-09-03 16:00,8,0.0001
2022-09-04 00:00,8,9.973e-05
2022-09-04 08:00,8,0.0001
2022-09-04 16:00,8,0.0001
2022-09-05 00:00,8,0.0001
2022-09-05 08:00,8,0.0001
2022-09-05 16:00,8,0.0001
2022-09-06 00:00,8,1.988e-05
2022-09-06 08:00,8,-1.05e-06
2022-09-06 16:00,8,-4.908e-05
2022-09-07 00:00,8,-0.00014048
2022-09-07 08:00,8,6.46e-06
2022-09-07 16:00,8,-5.038e-05
2022-09-08 00:00,8,-3.865e-05
2022-09-08 08:00,8,1.855e-05
2022-09-08 16:00,8,3.98e-06
2022-09-09 00:00,8,0.0001
2022-09-09 08:00,8,0.0001
2022-09-09 16:00,8,1.635e-05
2022-09-10 00:00,8,1.464e-05
2022-09-10 08:00,8,0.0001
2022-09-10 16:00,8,0.0001
2022-09-11 00:00,8,0.0001
2022-09-11 08:00,8,-4.331e-05
2022-09-11 16:00,8,0.0001
2022-09-12 00:00,8,-8.459e-05
2022-09-12 08:00,8,0.0001
2022-09-12 16:00,8,3.597e-05
2022-09-13 00:00,8,-0.00216232
2022-09-13 08:00,8,-3.052e-05
2022-09-13 16:00,8,0.0001
2022-09-14 00:00,8,-0.00077233
2022-09-14 08:00,8,-1.843e-05
2022-09-14 16:00,8,-4.77e-05
2022-09-15 00:00,8,1.124e-05
2022-09-15 08:00,8,-5.5e-07
2022-09-15 16:00,8,8.159e-05
2022-09-16 00:00,8,-0.0002111
2022-09-16 08:00,8,0.0001
2022-09-16 16:00,8,-0.00013436
2022-09-17 00:00,8,-8.29e-06
2022-09-17 08:00,8,4.636e-05
2022-09-17 16:00,8,5.684e-05
2022-09-18 00:00,8,0.0001
2022-09-18 08:00,8,-0.00021583
2022-09-18 16:00,8,-0.00013428
2022-09-19 00:00,8,-0.00025658
2022-09-19 08:00,8,-0.00018696
2022-09-19 16:00,8,-3.935e-05
2022-09-20 00:00,8,-8.709e-05
2022-09-20 08:00,8,1.413e-05
2022-09-20 16:00,8,6.905e-05
2022-09-21 00:00,8,-2.41e-05
2022-09-21 08:00,8,-6.742e-05
2022-09-21 16:00,8,2.442e-05
2022-09-22 00:00,8,-1.35e-06
2022-09-22 08:00,8,-0.00016559
2022-09-22 16:00,8,-3.29e-05
2022-09-23 00:00,8,-0.0001583
2022-09-23 08:00,8,0.0001
2022-09-23 16:00,8,3.15e-05
2022-09-24 00:00,8,-4.43e-05
2022-09-24 08:00,8,-0.00010593
2022-09-24 16:00,8,8.15e-05
2022-09-25 00:00,8,-0.00010398
2022-09-25 08:00,8,0.0001
2022-09-25 16:00,8,-5.405e-05
2022-09-26 00:00,8,-9.58e-05
2022-09-26 08:00,8,-6.17e-05
2022-09-26 16:00,8,-5.427e-05
2022-09-27 00:00,8,-0.00016616
2022-09-27 08:00,8,1.871e-05
2022-09-27 16:00,8,0.0001
2022-09-28 00:00,8,0.0001
2022-09-28 08:00,8,-5.164e-05
2022-09-28 16:00,8,-8.689e-05
2022-09-29 00:00,8,-1.403e-05
2022-09-29 08:00,8,0.0001
2022-09-29 16:00,8,6.458e-05
2022-09-30 00:00,8,0.0001
2022-09-30 08:00,8,7.787e-05
2022-09-30 16:00,8,0.0001
2022-10-01 00:00,8,5.273e-05
2022-10-01 08:00,8,0.0001
2022-10-01 16:00,8,2.977e-05
2022-10-02 00:00,8,0.0001
2022-10-02 08:00,8,7.927e-05
2022-10-02 16:00,8,-5.02e-05
2022-10-03 00:00,8,-6.526e-05
2022-10-03 08:00,8,0.0001
2022-10-03 16:00,8,-5.385e-05
2022-10-04 00:00,8,-0.00010341
2022-10-04 08:00,8,-1.81e-06
2022-10-04 16:00,8,-0.0001653
2022-10-05 00:00,8,-7.878e-05
2022-10-05 08:00,8,-7.372e-05
2022-10-05 16:00,8,0.0001
2022-10-06 00:00,8,9.665e-05
2022-10-06 08:00,8,6.693e-05
2022-10-06 16:00,8,0.0001
2022-10-07 00:00,8,-0.00049285
2022-10-07 08:00,8,-2.048e-05
2022-10-07 16:00,8,1.16e-05
2022-10-08 00:00,8,-0.00011168
2022-10-08 08:00,8,2.841e-05
2022-10-08 16:00,8,-3.384e-05
2022-10-09 00:00,8,5.104e-05
2022-10-09 08:00,8,9.936e-05
2022-10-09 16:00,8,0.0001
2022-10-10 00:00,8,0.0001
2022-10-10 08:00,8,-0.00011171
2022-10-10 16:00,8,0.0001
2022-10-11 00:00,8,3.527e-05
2022-10-11 08:00,8,4.679e-05
2022-10-11 16:00,8,-0.00010141
2022-10-12 00:00,8,-7.229e-05
2022-10-12 08:00,8,3.477e-05
2022-10-12 16:00,8,4.417e-05
2022-10-13 00:00,8,-1.626e-05
2022-10-13 08:00,8,-0.00017954
2022-10-13 16:00,8,-4.543e-05
2022-10-14 00:00,8,-0.00022974
2022-10-14 08:00,8,-9.946e-05
2022-10-14 16:00,8,-3.137e-05
2022-10-15 00:00,8,-0.0001001
2022-10-15 08:00,8,-7.585e-05
2022-10-15 16:00,8,-1.416e-05
2022-10-16 00:00,8,-5.567e-05
2022-10-16 08:00,8,7.765e-05
2022-10-16 16:00,8,1.647e-05
2022-10-17 00:00,8,4.783e-05
2022-10-17 08:00,8,-9.5e-07
2022-10-17 16:00,8,-4.177e-05
2022-10-18 00:00,8,2.978e-05
2022-10-18 08:00,8,-2.52e-05
2022-10-18 16:00,8,-0.00021007
2022-10-19 00:00,8,-0.00012812
2022-10-19 08:00,8,-0.00015536
2022-10-19 16:00,8,3.513e-05
2022-10-20 00:00,8,9.777e-05
2022-10-20 08:00,8,5.822e-05
2022-10-20 16:00,8,-9.69e-06
2022-10-21 00:00,8,-0.00012714
2022-10-21 08:00,8,-0.00018348
2022-10-21 16:00,8,-1.447e-05
2022-10-22 00:00,8,-9.076e-05
2022-10-22 08:00,8,-5.606e-05
2022-10-22 16:00,8,-0.00011782
2022-10-23 00:00,8,-8.957e-05
2022-10-23 08:00,8,-1.302e-05
2022-10-23 16:00,8,-1.373e-05
2022-10-24 00:00,8,-9.461e-05
2022-10-24 08:00,8,3.564e-05
2022-10-24 16:00,8,-3.686e-05
2022-10-25 00:00,8,-6.7e-07
2022-10-25 08:00,8,7.56e-05
2022-10-25 16:00,8,7.556e-05
2022-10-26 00:00,8,7.884e-05
2022-10-26 08:00,8,0.0001
2022-10-26 16:00,8,-5.687e-05
2022-10-27 00:00,8,0.0001
2022-10-27 08:00,8,3.402e-05
2022-10-27 16:00,8,1.974e-05
2022-10-28 00:00,8,-5.527e-05
2022-10-28 08:00,8,-2.271e-05
2022-10-28 16:00,8,0.0001
2022-10-29 00:00,8,3.332e-05
2022-10-29 08:00,8,0.0001
2022-10-29 16:00,8,0.0001
2022-10-30 00:00,8,-7.441e-05
2022-10-30 08:00,8,0.0001
2022-10-30 16:00,8,0.0001
2022-10-31 00:00,8,0.0001
2022-10-31 08:00,8,-5.676e-05
2022-10-31 16:00,8,0.0001
2022-11-01 00:00,8,2.019e-05
2022-11-01 08:00,8,0.0001
2022-11-01 16:00,8,9.728e-05
2022-11-02 00:00,8,-6.069e-05
2022-11-02 08:00,8,-2.009e-05
2022-11-02 16:00,8,0.0001
2022-11-03 00:00,8,-0.00010641
2022-11-03 08:00,8,-6.023e-05
2022-11-03 16:00,8,9.616e-05
2022-11-04 00:00,8,-0.0001033
2022-11-04 08:00,8,0.0001
2022-11-04 16:00,8,0.0001
2022-11-05 00:00,8,4.749e-05
2022-11-05 08:00,8,-8.032e-05
2022-11-05 16:00,8,8.039e-05
2022-11-06 00:00,8,-3.31e-06
2022-11-06 08:00,8,0.0001
2022-11-06 16:00,8,0.0001
2022-11-07 00:00,8,-1.04e-06
2022-11-07 08:00,8,0.0001
2022-11-07 16:00,8,0.0001
2022-11-08 00:00,8,7.775e-05
2022-11-08 08:00,8,6.811e-05
2022-11-08 16:00,8,-0.00016992
2022-11-09 00:00,8,-0.00079863
2022-11-09 08:00,8,-8.313e-05
2022-11-09 16:00,8,-1.153e-05
2022-11-10 00:00,8,-5.083e-05
2022-11-10 08:00,8,0.0001
2022-11-10 16:00,8,8.321e-05
2022-11-11 00:00,8,0.0001
2022-11-11 08:00,8,0.0001
2022-11-11 16:00,8,9.395e-05
2022-11-12 00:00,8,1.493e-05
2022-11-12 08:00,8,-7.814e-05
2022-11-12 16:00,8,-4.1e-06
2022-11-13 00:00,8,-0.00018099
2022-11-13 08:00,8,-0.00017474
2022-11-13 16:00,8,-8.747e-05
2022-11-14 00:00,8,-0.0003011
2022-11-14 08:00,8,-0.0002609
2022-11-14 16:00,8,-0.00015146
2022-11-15 00:00,8,-6.931e-05
2022-11-15 08:00,8,-3.001e-05
2022-11-15 16:00,8,2.395e-05
2022-11-16 00:00,8,-0.00014054
2022-11-16 08:00,8,3.797e-05
2022-11-16 16:00,8,-6.283e-05
2022-11-17 00:00,8,-0.00030429
2022-11-17 08:00,8,-4.172e-05
2022-11-17 16:00,8,-4.309e-05
2022-11-18 00:00,8,-0.0001099
2022-11-18 08:00,8,1.427e-05
2022-11-18 16:00,8,0.0001
2022-11-19 00:00,8,0.0001
2022-11-19 08:00,8,0.0001
2022-11-19 16:00,8,0.0001
2022-11-20 00:00,8,-0.00020156
2022-11-20 08:00,8,-0.00010136
2022-11-20 16:00,8,5.938e-05
2022-11-21 00:00,8,-0.00013521
2022-11-21 08:00,8,-0.00011689
2022-11-21 16:00,8,-1.492e-05
2022-11-22 00:00,8,0.0001
2022-11-22 08:00,8,9.789e-05
2022-11-22 16:00,8,-3.069e-05
2022-11-23 00:00,8,5.022e-05
2022-11-23 08:00,8,9.99e-05
2022-11-23 16:00,8,8.415e-05
2022-11-24 00:00,8,6.981e-05
2022-11-24 08:00,8,8.792e-05
2022-11-24 16:00,8,-6.817e-05
2022-11-25 00:00,8,2.308e-05
2022-11-25 08:00,8,0.0001
2022-11-25 16:00,8,-0.00015227
2022-11-26 00:00,8,-3.179e-05
2022-11-26 08:00,8,-4.092e-05
2022-11-26 16:00,8,0.0001
2022-11-27 00:00,8,-8.821e-05
2022-11-27 08:00,8,4.328e-05
2022-11-27 16:00,8,3.709e-05
2022-11-28 00:00,8,-1.609e-05
2022-11-28 08:00,8,-2.512e-05
2022-11-28 16:00,8,-4.515e-05
2022-11-29 00:00,8,7.867e-05
2022-11-29 08:00,8,0.0001
2022-11-29 16:00,8,0.0001
2022-11-30 00:00,8,9.688e-05
2022-11-30 08:00,8,8.47e-06
2022-11-30 16:00,8,-6.48e-05
2022-12-01 00:00,8,3.9e-06
2022-12-01 08:00,8,-0.00011497
2022-12-01 16:00,8,8.848e-05
2022-12-02 00:00,8,-4.221e-05
2022-12-02 08:00,8,0.0001
2022-12-02 16:00,8,2.322e-05
2022-12-03 00:00,8,4.996e-05
2022-12-03 08:00,8,-0.00013613
2022-12-03 16:00,8,4e-06
2022-12-04 00:00,8,-3.915e-05
2022-12-04 08:00,8,4.101e-05
2022-12-04 16:00,8,4.67e-06
2022-12-05 00:00,8,-1.701e-05
2022-12-05 08:00,8,-6.35e-05
2022-12-05 16:00,8,-9.965e-05
2022-12-06 00:00,8,-3.08e-06
2022-12-06 08:00,8,1.782e-05
2022-12-06 16:00,8,-7.628e-05
2022-12-07 00:00,8,0.0001
2022-12-07 08:00,8,1.027e-05
2022-12-07 16:00,8,0.0001
2022-12-08 00:00,8,-5.231e-05
2022-12-08 08:00,8,1.666e-05
2022-12-08 16:00,8,-0.00026768
2022-12-09 00:00,8,-0.00028708
2022-12-09 08:00,8,-0.00028349
2022-12-09 16:00,8,-7.092e-05
2022-12-10 00:00,8,-0.0003071
2022-12-10 08:00,8,-0.00036498
2022-12-10 16:00,8,-0.0003934
2022-12-11 00:00,8,-0.00063717
2022-12-11 08:00,8,-0.00044516
2022-12-11 16:00,8,-0.00032766
2022-12-12 00:00,8,-0.00066632
2022-12-12 08:00,8,-0.0002125
2022-12-12 16:00,8,-0.00053566
2022-12-13 00:00,8,-0.00032128
2022-12-13 08:00,8,-0.00012924
2022-12-13 16:00,8,-0.00017285
2022-12-14 00:00,8,-0.00057334
2022-12-14 08:00,8,-0.00061323
2022-12-14 16:00,8,-0.00039174
2022-12-15 00:00,8,-0.00017087
2022-12-15 08:00,8,3.862e-05
2022-12-15 16:00,8,7.343e-05
2022-12-16 00:00,8,-8.436e-05
2022-12-16 08:00,8,-0.0001295
2022-12-16 16:00,8,1.455e-05
2022-12-17 00:00,8,6.13e-06
2022-12-17 08:00,8,-0.00015812
2022-12-17 16:00,8,4.405e-05
2022-12-18 00:00,8,-3.119e-05
2022-12-18 08:00,8,-0.00043853
2022-12-18 16:00,8,9.325e-05
2022-12-19 00:00,8,3.156e-05
2022-12-19 08:00,8,0.0001
2022-12-19 16:00,8,-3.543e-05
2022-12-20 00:00,8,-0.00020353
2022-12-20 08:00,8,-0.00019908
2022-12-20 16:00,8,-0.00031175
2022-12-21 00:00,8,-0.00038981
2022-12-21 08:00,8,-0.00017902
2022-12-21 16:00,8,9.28e-06
2022-12-22 00:00,8,-0.00038686
2022-12-22 08:00,8,-0.00014457
2022-12-22 16:00,8,-0.00013458
2022-12-23 00:00,8,-0.00027493
2022-12-23 08:00,8,-0.00051743
2022-12-23 16:00,8,-0.00015042
2022-12-24 00:00,8,-0.00062743
2022-12-24 08:00,8,-0.00039751
2022-12-24 16:00,8,-0.00016275
2022-12-25 00:00,8,-0.0003848
2022-12-25 08:00,8,-0.00032122
2022-12-25 16:00,8,-0.00031396
2022-12-26 00:00,8,-1.937e-05
2022-12-26 08:00,8,1.587e-05
2022-12-26 16:00,8,2.42e-06
2022-12-27 00:00,8,-5.16e-06
2022-12-27 08:00,8,-0.00018093
2022-12-27 16:00,8,-9.5e-07
2022-12-28 00:00,8,-8.035e-05
2022-12-28 08:00,8,-0.00010283
2022-12-28 16:00,8,-5.422e-05
2022-12-29 00:00,8,-8.361e-05
2022-12-29 08:00,8,-6.092e-05
2022-12-29 16:00,8,-2.174e-05
2022-12-30 00:00,8,1.278e-05
2022-12-30 08:00,8,-0.00026422
2022-12-30 16:00,8,-7.053e-05
2022-12-31 00:00,8,-0.00023139
2022-12-31 08:00,8,-1.341e-05
2022-12-31 16:00,8,1.02e-06
2023-01-01 00:00,8,-5.682e-05
2023-01-01 08:00,8,2.434e-05
2023-01-01 16:00,8,-0.00017698
2023-01-02 00:00,8,-0.00031489
2023-01-02 08:00,8,-9.649e-05
2023-01-02 16:00,8,-4.257e-05
2023-01-03 00:00,8,-0.00015425
2023-01-03 08:00,8,-0.00012836
2023-01-03 16:00,8,-0.00011123
2023-01-04 00:00,8,-0.00015101
2023-01-04 08:00,8,-0.00011359
2023-01-04 16:00,8,-4.984e-05
2023-01-05 00:00,8,-0.0001092
2023-01-05 08:00,8,-0.00021315
2023-01-05 16:00,8,-0.00021306
2023-01-06 00:00,8,-0.00044985
2023-01-06 08:00,8,-0.00078995
2023-01-06 16:00,8,-0.00026627
2023-01-07 00:00,8,-0.0005525
2023-01-07 08:00,8,-0.00076557
2023-01-07 16:00,8,-0.00067913
2023-01-08 00:00,8,-0.00070023
2023-01-08 08:00,8,-0.00083258
2023-01-08 16:00,8,-4.326e-05
2023-01-09 00:00,8,-0.00029559
2023-01-09 08:00,8,-0.00019622
2023-01-09 16:00,8,4.144e-05
2023-01-10 00:00,8,-0.0003412
2023-01-10 08:00,8,-0.00036195
2023-01-10 16:00,8,-5.334e-05
2023-01-11 00:00,8,-0.00041679
2023-01-11 08:00,8,-0.00033037
2023-01-11 16:00,8,-0.00032186
2023-01-12 00:00,8,-0.00038961
2023-01-12 08:00,8,-0.00022078
2023-01-12 16:00,8,0.0001
2023-01-13 00:00,8,4.09e-05
2023-01-13 08:00,8,-8.92e-06
2023-01-13 16:00,8,-4.989e-05
2023-01-14 00:00,8,-2.813e-05
2023-01-14 08:00,8,0.0001
2023-01-14 16:00,8,0.0001
2023-01-15 00:00,8,0.0001
2023-01-15 08:00,8,0.0001
2023-01-15 16:00,8,0.0001
2023-01-16 00:00,8,0.0001
2023-01-16 08:00,8,0.0001
2023-01-16 16:00,8,0.0001
2023-01-17 00:00,8,0.0001
2023-01-17 08:00,8,-3.583e-05
2023-01-17 16:00,8,-2.792e-05
2023-01-18 00:00,8,4.82e-06
2023-01-18 08:00,8,2.847e-05
2023-01-18 16:00,8,0.0001
2023-01-19 00:00,8,1.692e-05
2023-01-19 08:00,8,8.157e-05
2023-01-19 16:00,8,-0.00026507
2023-01-20 00:00,8,-0.00036939
2023-01-20 08:00,8,-0.0003599
2023-01-20 16:00,8,-0.00018033
2023-01-21 00:00,8,8.499e-05
2023-01-21 08:00,8,0.0001
2023-01-21 16:00,8,0.0001
2023-01-22 00:00,8,0.0001
2023-01-22 08:00,8,0.0001
2023-01-22 16:00,8,0.0001
2023-01-23 00:00,8,0.0001
2023-01-23 08:00,8,0.0001
2023-01-23 16:00,8,0.0001
2023-01-24 00:00,8,0.0001
2023-01-24 08:00,8,0.0001
2023-01-24 16:00,8,0.0001
2023-01-25 00:00,8,9.206e-05
2023-01-25 08:00,8,4.28e-05
2023-01-25 16:00,8,-0.0001499
2023-01-26 00:00,8,0.0001
2023-01-26 08:00,8,0.0001
2023-01-26 16:00,8,5.229e-05
2023-01-27 00:00,8,-5.026e-05
2023-01-27 08:00,8,4.707e-05
2023-01-27 16:00,8,0.0001
2023-01-28 00:00,8,5.374e-05
2023-01-28 08:00,8,4.491e-05
2023-01-28 16:00,8,-7.24e-05
2023-01-29 00:00,8,-5.164e-05
2023-01-29 08:00,8,0.0001
2023-01-29 16:00,8,0.0001
2023-01-30 00:00,8,0.0001
2023-01-30 08:00,8,0.0001
2023-01-30 16:00,8,0.0001
2023-01-31 00:00,8,0.0001
2023-01-31 08:00,8,0.0001
2023-01-31 16:00,8,1.741e-05
2023-02-01 00:00,8,0.0001
2023-02-01 08:00,8,-3.758e-05
2023-02-01 16:00,8,0.0001
2023-02-02 00:00,8,0.0001
2023-02-02 08:00,8,0.0001
2023-02-02 16:00,8,0.0001
2023-02-03 00:00,8,0.0001
2023-02-03 08:00,8,6.711e-05
2023-02-03 16:00,8,0.0001
2023-02-04 00:00,8,0.0001
2023-02-04 08:00,8,0.0001
2023-02-04 16:00,8,0.0001
2023-02-05 00:00,8,0.0001
2023-02-05 08:00,8,0.0001
2023-02-05 16:00,8,5.299e-05
2023-02-06 00:00,8,3.28e-06
2023-02-06 08:00,8,8.613e-05
2023-02-06 16:00,8,0.0001
2023-02-07 00:00,8,4.95e-05
2023-02-07 08:00,8,0.0001
2023-02-07 16:00,8,0.0001
2023-02-08 00:00,8,0.0001
2023-02-08 08:00,8,0.0001
2023-02-08 16:00,8,0.0001
2023-02-09 00:00,8,0.0001
2023-02-09 08:00,8,7.961e-05
2023-02-09 16:00,8,-0.00013723
2023-02-10 00:00,8,5.87e-06
2023-02-10 08:00,8,-6.738e-05
2023-02-10 16:00,8,0.0001
2023-02-11 00:00,8,3.36e-05
2023-02-11 08:00,8,-2.832e-05
2023-02-11 16:00,8,-7.617e-05
2023-02-12 00:00,8,-2.023e-05
2023-02-12 08:00,8,-3.19e-06
2023-02-12 16:00,8,0.0001
2023-02-13 00:00,8,5.533e-05
2023-02-13 08:00,8,5.22e-05
2023-02-13 16:00,8,0.0001
2023-02-14 00:00,8,0.0001
2023-02-14 08:00,8,3.83e-06
2023-02-14 16:00,8,9.906e-05
2023-02-15 00:00,8,7.724e-05
2023-02-15 08:00,8,4.106e-05
2023-02-15 16:00,8,2.163e-05
2023-02-16 00:00,8,6.261e-05
2023-02-16 08:00,8,0.0001
2023-02-16 16:00,8,0.0001
2023-02-17 00:00,8,0.0001
2023-02-17 08:00,8,9.723e-05
2023-02-17 16:00,8,0.0001
2023-02-18 00:00,8,0.0001
2023-02-18 08:00,8,0.0001
2023-02-18 16:00,8,0.0001
2023-02-19 00:00,8,0.0001
2023-02-19 08:00,8,0.0001
2023-02-19 16:00,8,0.0001
2023-02-20 00:00,8,0.0001
2023-02-20 08:00,8,0.0001
2023-02-20 16:00,8,0.0001
2023-02-21 00:00,8,0.0001
2023-02-21 08:00,8,3.292e-05
2023-02-21 16:00,8,0.0001
2023-02-22 00:00,8,0.0001
2023-02-22 08:00,8,0.0001
2023-02-22 16:00,8,0.0001
2023-02-23 00:00,8,0.0001
2023-02-23 08:00,8,0.0001
2023-02-23 16:00,8,0.0001
2023-02-24 00:00,8,9.717e-05
2023-02-24 08:00,8,6.393e-05
2023-02-24 16:00,8,0.0001
2023-02-25 00:00,8,9.007e-05
2023-02-25 08:00,8,0.0001
2023-02-25 16:00,8,6.413e-05
2023-02-26 00:00,8,3.758e-05
2023-02-26 08:00,8,0.0001
2023-02-26 16:00,8,5.07e-05
2023-02-27 00:00,8,8.915e-05
2023-02-27 08:00,8,4.33e-05
2023-02-27 16:00,8,0.0001
2023-02-28 00:00,8,-7.518e-05
2023-02-28 08:00,8,0.0001
2023-02-28 16:00,8,4.653e-05
2023-03-01 00:00,8,1.832e-05
2023-03-01 08:00,8,0.0001
2023-03-01 16:00,8,0.0001
2023-03-02 00:00,8,0.0001
2023-03-02 08:00,8,8.585e-05
2023-03-02 16:00,8,0.0001
2023-03-03 00:00,8,0.0001
2023-03-03 08:00,8,3.378e-05
2023-03-03 16:00,8,0.0001
2023-03-04 00:00,8,8.776e-05
2023-03-04 08:00,8,5.965e-05
2023-03-04 16:00,8,0.0001
2023-03-05 00:00,8,-7.199e-05
2023-03-05 08:00,8,-4.689e-05
2023-03-05 16:00,8,-5.831e-05
2023-03-06 00:00,8,4.9e-07
2023-03-06 08:00,8,8.97e-05
2023-03-06 16:00,8,-0.00013414
2023-03-07 00:00,8,-9.53e-06
2023-03-07 08:00,8,0.0001
2023-03-07 16:00,8,8.286e-05
2023-03-08 00:00,8,0.0001
2023-03-08 08:00,8,3.313e-05
2023-03-08 16:00,8,7.596e-05
2023-03-09 00:00,8,-4.391e-05
2023-03-09 08:00,8,1.961e-05
2023-03-09 16:00,8,-3.51e-06
2023-03-10 00:00,8,-8.249e-05
2023-03-10 08:00,8,2.674e-05
2023-03-10 16:00,8,5.264e-05
2023-03-11 00:00,8,-0.00010604
2023-03-11 08:00,8,-6.655e-05
2023-03-11 16:00,8,-0.00028257
2023-03-12 00:00,8,-5.751e-05
2023-03-12 08:00,8,-0.00019313
2023-03-12 16:00,8,-5.679e-05
2023-03-13 00:00,8,9.242e-05
2023-03-13 08:00,8,0.0001
2023-03-13 16:00,8,7.251e-05
2023-03-14 00:00,8,0.0001
2023-03-14 08:00,8,0.0001
2023-03-14 16:00,8,0.0001
2023-03-15 00:00,8,0.0001
2023-03-15 08:00,8,0.0001
2023-03-15 16:00,8,7.732e-05
2023-03-16 00:00,8,5.928e-05
2023-03-16 08:00,8,0.0001
2023-03-16 16:00,8,-1.557e-05
2023-03-17 00:00,8,-6.538e-05
2023-03-17 08:00,8,-6.443e-05
2023-03-17 16:00,8,-0.00010976
2023-03-18 00:00,8,5.939e-05
2023-03-18 08:00,8,0.0001
2023-03-18 16:00,8,0.0001
2023-03-19 00:00,8,-5.382e-05
2023-03-19 08:00,8,-4.516e-05
2023-03-19 16:00,8,3.455e-05
2023-03-20 00:00,8,0.0001
2023-03-20 08:00,8,0.0001
2023-03-20 16:00,8,0.0001
2023-03-21 00:00,8,0.0001
2023-03-21 08:00,8,6.515e-05
2023-03-21 16:00,8,0.0001
2023-03-22 00:00,8,0.0001
2023-03-22 08:00,8,0.0001
2023-03-22 16:00,8,3.645e-05
2023-03-23 00:00,8,0.0001
2023-03-23 08:00,8,-2.955e-05
2023-03-23 16:00,8,0.0001
2023-03-24 00:00,8,0.0001
2023-03-24 08:00,8,-7.362e-05
2023-03-24 16:00,8,0.0001
2023-03-25 00:00,8,-7.078e-05
2023-03-25 08:00,8,-3.101e-05
2023-03-25 16:00,8,0.0001
2023-03-26 00:00,8,-5.414e-05
2023-03-26 08:00,8,5.63e-06
2023-03-26 16:00,8,8.769e-05
2023-03-27 00:00,8,2.05e-05
2023-03-27 08:00,8,-2.119e-05
2023-03-27 16:00,8,4.171e-05
2023-03-28 00:00,8,0.0001
2023-03-28 08:00,8,8.68e-05
2023-03-28 16:00,8,3.96e-06
2023-03-29 00:00,8,1.969e-05
2023-03-29 08:00,8,-4.457e-05
2023-03-29 16:00,8,-8.18e-06
2023-03-30 00:00,8,6.475e-05
2023-03-30 08:00,8,9.561e-05
2023-03-30 16:00,8,9.236e-05
2023-03-31 00:00,8,6.979e-05
2023-03-31 08:00,8,7.66e-06
2023-03-31 16:00,8,8.258e-05
2023-04-01 00:00,8,5.205e-05
2023-04-01 08:00,8,0.0001
2023-04-01 16:00,8,7.424e-05
2023-04-02 00:00,8,9.656e-05
2023-04-02 08:00,8,9.16e-06
2023-04-02 16:00,8,2.73e-05
2023-04-03 00:00,8,-5.203e-05
2023-04-03 08:00,8,0.0001
2023-04-03 16:00,8,0.0001
2023-04-04 00:00,8,5.055e-05
2023-04-04 08:00,8,8.812e-05
2023-04-04 16:00,8,6.797e-05
2023-04-05 00:00,8,0.0001
2023-04-05 08:00,8,0.0001
2023-04-05 16:00,8,0.0001
2023-04-06 00:00,8,9.395e-05
2023-04-06 08:00,8,0.0001
2023-04-06 16:00,8,0.0001
2023-04-07 00:00,8,9.267e-05
2023-04-07 08:00,8,0.0001
2023-04-07 16:00,8,-1.793e-05
2023-04-08 00:00,8,0.0001
2023-04-08 08:00,8,9.175e-05
2023-04-08 16:00,8,0.0001
2023-04-09 00:00,8,0.0001
2023-04-09 08:00,8,0.0001
2023-04-09 16:00,8,0.0001
2023-04-10 00:00,8,8.741e-05
2023-04-10 08:00,8,-0.00014567
2023-04-10 16:00,8,-0.00014919
2023-04-11 00:00,8,0.0001
2023-04-11 08:00,8,0.0001
2023-04-11 16:00,8,0.0001
2023-04-12 00:00,8,0.0001
2023-04-12 08:00,8,5.775e-05
2023-04-12 16:00,8,0.0001
2023-04-13 00:00,8,0.0001
2023-04-13 08:00,8,0.0001
2023-04-13 16:00,8,0.0001
2023-04-14 00:00,8,0.0001
2023-04-14 08:00,8,0.0001
2023-04-14 16:00,8,0.0001
2023-04-15 00:00,8,0.0001
2023-04-15 08:00,8,0.0001
2023-04-15 16:00,8,0.0001
2023-04-16 00:00,8,0.0001
2023-04-16 08:00,8,0.0001
2023-04-16 16:00,8,0.0001
2023-04-17 00:00,8,0.0001
2023-04-17 08:00,8,0.0001
2023-04-17 16:00,8,0.0001
2023-04-18 00:00,8,0.0001
2023-04-18 08:00,8,0.0001
2023-04-18 16:00,8,0.0001
2023-04-19 00:00,8,0.0001
2023-04-19 08:00,8,0.0001
2023-04-19 16:00,8,0.0001
2023-04-20 00:00,8,0.0001
2023-04-20 08:00,8,2.343e-05
2023-04-20 16:00,8,1.208e-05
2023-04-21 00:00,8,7.262e-05
2023-04-21 08:00,8,1.795e-05
2023-04-21 16:00,8,0.0001
2023-04-22 00:00,8,-3.914e-05
2023-04-22 08:00,8,1.97e-05
2023-04-22 16:00,8,0.0001
2023-04-23 00:00,8,-2.55e-05
2023-04-23 08:00,8,4.478e-05
2023-04-23 16:00,8,0.0001
2023-04-24 00:00,8,6.085e-05
2023-04-24 08:00,8,9.319e-05
2023-04-24 16:00,8,0.0001
2023-04-25 00:00,8,0.0001
2023-04-25 08:00,8,7.369e-05
2023-04-25 16:00,8,1.967e-05
2023-04-26 00:00,8,-4.563e-05
2023-04-26 08:00,8,8.573e-05
2023-04-26 16:00,8,0.0001
2023-04-27 00:00,8,9.251e-05
2023-04-27 08:00,8,0.0001
2023-04-27 16:00,8,5.86e-05
2023-04-28 00:00,8,0.0001
2023-04-28 08:00,8,-9.51e-06
2023-04-28 16:00,8,5.28e-06
2023-04-29 00:00,8,4.56e-05
2023-04-29 08:00,8,-7.67e-05
2023-04-29 16:00,8,1e-08
2023-04-30 00:00,8,0.0001
2023-04-30 08:00,8,2.892e-05
2023-04-30 16:00,8,2.696e-05
2023-05-01 00:00,8,-6.14e-06
2023-05-01 08:00,8,0.0001
2023-05-01 16:00,8,4.168e-05
2023-05-02 00:00,8,0.0001
2023-05-02 08:00,8,2.266e-05
2023-05-02 16:00,8,8.312e-05
2023-05-03 00:00,8,0.0001
2023-05-03 08:00,8,0.0001
2023-05-03 16:00,8,2.228e-05
2023-05-04 00:00,8,5.295e-05
2023-05-04 08:00,8,-1.163e-05
2023-05-04 16:00,8,0.0001
2023-05-05 00:00,8,-3.268e-05
2023-05-05 08:00,8,9.965e-05
2023-05-05 16:00,8,0.0001
2023-05-06 00:00,8,0.0001
2023-05-06 08:00,8,0.0001
2023-05-06 16:00,8,0.0001
2023-05-07 00:00,8,2.539e-05
2023-05-07 08:00,8,7.677e-05
2023-05-07 16:00,8,6.518e-05
2023-05-08 00:00,8,0.0001
2023-05-08 08:00,8,2.658e-05
2023-05-08 16:00,8,4.661e-05
2023-05-09 00:00,8,6.461e-05
2023-05-09 08:00,8,-2.868e-05
2023-05-09 16:00,8,-6.051e-05
2023-05-10 00:00,8,-3.732e-05
2023-05-10 08:00,8,9.734e-05
2023-05-10 16:00,8,4.517e-05
2023-05-11 00:00,8,-1.03e-05
2023-05-11 08:00,8,0.0001
2023-05-11 16:00,8,8.259e-05
2023-05-12 00:00,8,7.712e-05
2023-05-12 08:00,8,8.805e-05
2023-05-12 16:00,8,0.0001
2023-05-13 00:00,8,7.264e-05
2023-05-13 08:00,8,5.979e-05
2023-05-13 16:00,8,7.827e-05
2023-05-14 00:00,8,6.968e-05
2023-05-14 08:00,8,7.443e-05
2023-05-14 16:00,8,4.342e-05
2023-05-15 00:00,8,-4.948e-05
2023-05-15 08:00,8,0.0001
2023-05-15 16:00,8,4.344e-05
2023-05-16 00:00,8,4.42e-05
2023-05-16 08:00,8,-1.869e-05
2023-05-16 16:00,8,0.0001
2023-05-17 00:00,8,-1.746e-05
2023-05-17 08:00,8,3.581e-05
2023-05-17 16:00,8,-2.9e-06
2023-05-18 00:00,8,3.365e-05
2023-05-18 08:00,8,8.774e-05
2023-05-18 16:00,8,-0.00015774
2023-05-19 00:00,8,-3.96e-05
2023-05-19 08:00,8,4.596e-05
2023-05-19 16:00,8,5.199e-05
2023-05-20 00:00,8,8.784e-05
2023-05-20 08:00,8,2.404e-05
2023-05-20 16:00,8,3.273e-05
2023-05-21 00:00,8,0.0001
2023-05-21 08:00,8,8.508e-05
2023-05-21 16:00,8,-5.422e-05
2023-05-22 00:00,8,2.406e-05
2023-05-22 08:00,8,-3.714e-05
2023-05-22 16:00,8,0.0001
2023-05-23 00:00,8,1.979e-05
2023-05-23 08:00,8,7.176e-05
2023-05-23 16:00,8,0.0001
2023-05-24 00:00,8,0.0001
2023-05-24 08:00,8,7.883e-05
2023-05-24 16:00,8,9.944e-05
2023-05-25 00:00,8,8.506e-05
2023-05-25 08:00,8,3.887e-05
2023-05-25 16:00,8,9.532e-05
2023-05-26 00:00,8,2.691e-05
2023-05-26 08:00,8,4.11e-05
2023-05-26 16:00,8,8.56e-05
2023-05-27 00:00,8,2.751e-05
2023-05-27 08:00,8,6.818e-05
2023-05-27 16:00,8,0.0001
2023-05-28 00:00,8,0.0001
2023-05-28 08:00,8,0.0001
2023-05-28 16:00,8,-3.725e-05
2023-05-29 00:00,8,0.0001
2023-05-29 08:00,8,0.0001
2023-05-29 16:00,8,0.0001
2023-05-30 00:00,8,0.0001
2023-05-30 08:00,8,0.0001
2023-05-30 16:00,8,0.0001
2023-05-31 00:00,8,0.0001
2023-05-31 08:00,8,0.0001
2023-05-31 16:00,8,0.0001
2023-06-01 00:00,8,0.0001
2023-06-01 08:00,8,0.0001
2023-06-01 16:00,8,0.0001
2023-06-02 00:00,8,0.0001
2023-06-02 08:00,8,0.0001
2023-06-02 16:00,8,7.779e-05
2023-06-03 00:00,8,0.0001
2023-06-03 08:00,8,3.6e-05
2023-06-03 16:00,8,9.786e-05
2023-06-04 00:00,8,-0.00011579
2023-06-04 08:00,8,7.2e-07
2023-06-04 16:00,8,-1.316e-05
2023-06-05 00:00,8,2.001e-05
2023-06-05 08:00,8,0.0001
2023-06-05 16:00,8,8.819e-05
2023-06-06 00:00,8,8.328e-05
2023-06-06 08:00,8,8.63e-06
2023-06-06 16:00,8,7.258e-05
2023-06-07 00:00,8,4.037e-05
2023-06-07 08:00,8,0.0001
2023-06-07 16:00,8,9.934e-05
2023-06-08 00:00,8,0.0001
2023-06-08 08:00,8,0.0001
2023-06-08 16:00,8,0.0001
2023-06-09 00:00,8,0.0001
2023-06-09 08:00,8,0.0001
2023-06-09 16:00,8,0.0001
2023-06-10 00:00,8,0.0001
2023-06-10 08:00,8,-7.147e-05
2023-06-10 16:00,8,-7.612e-05
2023-06-11 00:00,8,-0.00010255
2023-06-11 08:00,8,-0.00010133
2023-06-11 16:00,8,-9.032e-05
2023-06-12 00:00,8,5.003e-05
2023-06-12 08:00,8,5.206e-05
2023-06-12 16:00,8,-1.4e-07
2023-06-13 00:00,8,4.422e-05
2023-06-13 08:00,8,8.772e-05
2023-06-13 16:00,8,5.692e-05
2023-06-14 00:00,8,-7.399e-05
2023-06-14 08:00,8,4.176e-05
2023-06-14 16:00,8,2.973e-05
2023-06-15 00:00,8,6.141e-05
2023-06-15 08:00,8,0.0001
2023-06-15 16:00,8,0.0001
2023-06-16 00:00,8,0.0001
2023-06-16 08:00,8,1.112e-05
2023-06-16 16:00,8,0.0001
2023-06-17 00:00,8,2.398e-05
2023-06-17 08:00,8,6.392e-05
2023-06-17 16:00,8,0.0001
2023-06-18 00:00,8,0.0001
2023-06-18 08:00,8,0.0001
2023-06-18 16:00,8,-1.102e-05
2023-06-19 00:00,8,-2.035e-05
2023-06-19 08:00,8,0.0001
2023-06-19 16:00,8,-5.165e-05
2023-06-20 00:00,8,-5.098e-05
2023-06-20 08:00,8,0.0001
2023-06-20 16:00,8,-1.277e-05
2023-06-21 00:00,8,0.0001
2023-06-21 08:00,8,5.037e-05
2023-06-21 16:00,8,3.729e-05
2023-06-22 00:00,8,-4.12e-05
2023-06-22 08:00,8,6.857e-05
2023-06-22 16:00,8,-4.056e-05
2023-06-23 00:00,8,4.13e-05
2023-06-23 08:00,8,9.326e-05
2023-06-23 16:00,8,0.0001
2023-06-24 00:00,8,3.957e-05
2023-06-24 08:00,8,3.308e-05
2023-06-24 16:00,8,7.403e-05
2023-06-25 00:00,8,0.0001
2023-06-25 08:00,8,5.033e-05
2023-06-25 16:00,8,6.757e-05
2023-06-26 00:00,8,2.616e-05
2023-06-26 08:00,8,-0.00010249
2023-06-26 16:00,8,4.338e-05
2023-06-27 00:00,8,-3.39e-05
2023-06-27 08:00,8,-1.78e-05
2023-06-27 16:00,8,6.94e-05
2023-06-28 00:00,8,8.117e-05
2023-06-28 08:00,8,4.256e-05
2023-06-28 16:00,8,9.924e-05
2023-06-29 00:00,8,1.703e-05
2023-06-29 08:00,8,4.051e-05
2023-06-29 16:00,8,1.991e-05
2023-06-30 00:00,8,-9.918e-05
2023-06-30 08:00,8,0.0001
2023-06-30 16:00,8,0.0001
2023-07-01 00:00,8,-3.494e-05
2023-07-01 08:00,8,0.0001
2023-07-01 16:00,8,0.0001
2023-07-02 00:00,8,0.0001
2023-07-02 08:00,8,8.721e-05
2023-07-02 16:00,8,-7.665e-05
2023-07-03 00:00,8,-0.00034191
2023-07-03 08:00,8,6.841e-05
2023-07-03 16:00,8,0.0001
2023-07-04 00:00,8,4.187e-05
2023-07-04 08:00,8,4.655e-05
2023-07-04 16:00,8,8.723e-05
2023-07-05 00:00,8,0.0001
2023-07-05 08:00,8,0.0001
2023-07-05 16:00,8,-0.00014533
2023-07-06 00:00,8,-3.497e-05
2023-07-06 08:00,8,9.07e-06
2023-07-06 16:00,8,3.274e-05
2023-07-07 00:00,8,-4.68e-05
2023-07-07 08:00,8,1.372e-05
2023-07-07 16:00,8,3.728e-05
2023-07-08 00:00,8,-0.0001633
2023-07-08 08:00,8,-0.00016609
2023-07-08 16:00,8,-0.00019253
2023-07-09 00:00,8,-5.861e-05
2023-07-09 08:00,8,-0.0003236
2023-07-09 16:00,8,4.199e-05
2023-07-10 00:00,8,-4.428e-05
2023-07-10 08:00,8,-7.843e-05
2023-07-10 16:00,8,-5.352e-05
2023-07-11 00:00,8,3.67e-06
2023-07-11 08:00,8,-1.106e-05
2023-07-11 16:00,8,-1.594e-05
2023-07-12 00:00,8,4.189e-05
2023-07-12 08:00,8,7.65e-05
2023-07-12 16:00,8,3.874e-05
2023-07-13 00:00,8,-0.00014905
2023-07-13 08:00,8,1.933e-05
2023-07-13 16:00,8,-5.961e-05
2023-07-14 00:00,8,0.0001
2023-07-14 08:00,8,0.0001
2023-07-14 16:00,8,0.0001
2023-07-15 00:00,8,-0.00035131
2023-07-15 08:00,8,-5.259e-05
2023-07-15 16:00,8,-0.00028005
2023-07-16 00:00,8,-5.673e-05
2023-07-16 08:00,8,-3.298e-05
2023-07-16 16:00,8,-5.959e-05
2023-07-17 00:00,8,-0.00015964
2023-07-17 08:00,8,8.379e-05
2023-07-17 16:00,8,0.0001
2023-07-18 00:00,8,4.011e-05
2023-07-18 08:00,8,0.0001
2023-07-18 16:00,8,0.0001
2023-07-19 00:00,8,7.698e-05
2023-07-19 08:00,8,0.0001
2023-07-19 16:00,8,0.0001
2023-07-20 00:00,8,0.0001
2023-07-20 08:00,8,0.0001
2023-07-20 16:00,8,0.0001
2023-07-21 00:00,8,0.0001
2023-07-21 08:00,8,0.0001
2023-07-21 16:00,8,0.0001
2023-07-22 00:00,8,4.465e-05
2023-07-22 08:00,8,5.562e-05
2023-07-22 16:00,8,0.0001
2023-07-23 00:00,8,3.698e-05
2023-07-23 08:00,8,8.065e-05
2023-07-23 16:00,8,0.0001
2023-07-24 00:00,8,0.0001
2023-07-24 08:00,8,9.985e-05
2023-07-24 16:00,8,-1.85e-06
2023-07-25 00:00,8,4.598e-05
2023-07-25 08:00,8,-6.36e-06
2023-07-25 16:00,8,7.015e-05
2023-07-26 00:00,8,2.269e-05
2023-07-26 08:00,8,8.613e-05
2023-07-26 16:00,8,0.0001
2023-07-27 00:00,8,0.0001
2023-07-27 08:00,8,0.0001
2023-07-27 16:00,8,0.0001
2023-07-28 00:00,8,7.583e-05
2023-07-28 08:00,8,2.662e-05
2023-07-28 16:00,8,0.0001
2023-07-29 00:00,8,0.0001
2023-07-29 08:00,8,0.0001
2023-07-29 16:00,8,0.0001
2023-07-30 00:00,8,0.0001
2023-07-30 08:00,8,0.0001
2023-07-30 16:00,8,0.0001
2023-07-31 00:00,8,9.966e-05
2023-07-31 08:00,8,0.0001
2023-07-31 16:00,8,3.716e-05
2023-08-01 00:00,8,8.67e-05
2023-08-01 08:00,8,0.0001
2023-08-01 16:00,8,5.43e-05
2023-08-02 00:00,8,-8.97e-06
2023-08-02 08:00,8,-0.00011989
2023-08-02 16:00,8,-4.645e-05
2023-08-03 00:00,8,3.619e-05
2023-08-03 08:00,8,5.84e-05
2023-08-03 16:00,8,4.842e-05
2023-08-04 00:00,8,-6.27e-05
2023-08-04 08:00,8,8.232e-05
2023-08-04 16:00,8,-2.899e-05
2023-08-05 00:00,8,-9.708e-05
2023-08-05 08:00,8,-7.999e-05
2023-08-05 16:00,8,-7.18e-06
2023-08-06 00:00,8,-0.00022428
2023-08-06 08:00,8,-0.00017955
2023-08-06 16:00,8,7.131e-05
2023-08-07 00:00,8,-1.681e-05
2023-08-07 08:00,8,6.656e-05
2023-08-07 16:00,8,0.0001
2023-08-08 00:00,8,0.0001
2023-08-08 08:00,8,6.842e-05
2023-08-08 16:00,8,0.0001
2023-08-09 00:00,8,0.0001
2023-08-09 08:00,8,0.0001
2023-08-09 16:00,8,4.918e-05
2023-08-10 00:00,8,2.135e-05
2023-08-10 08:00,8,5.196e-05
2023-08-10 16:00,8,-2.01e-05
2023-08-11 00:00,8,-0.00012984
2023-08-11 08:00,8,-0.00011441
2023-08-11 16:00,8,-4.98e-06
2023-08-12 00:00,8,-1.647e-05
2023-08-12 08:00,8,-3.09e-06
2023-08-12 16:00,8,2.26e-06
2023-08-13 00:00,8,-5.806e-05
2023-08-13 08:00,8,-7.526e-05
2023-08-13 16:00,8,5.751e-05
2023-08-14 00:00,8,3.773e-05
2023-08-14 08:00,8,3.892e-05
2023-08-14 16:00,8,6.041e-05
2023-08-15 00:00,8,0.0001
2023-08-15 08:00,8,0.0001
2023-08-15 16:00,8,0.0001
2023-08-16 00:00,8,0.0001
2023-08-16 08:00,8,5.619e-05
2023-08-16 16:00,8,-1.731e-05
2023-08-17 00:00,8,-1.816e-05
2023-08-17 08:00,8,8.535e-05
2023-08-17 16:00,8,5.594e-05
2023-08-18 00:00,8,9.494e-05
2023-08-18 08:00,8,3.393e-05
2023-08-18 16:00,8,5.408e-05
2023-08-19 00:00,8,8.266e-05
2023-08-19 08:00,8,0.0001
2023-08-19 16:00,8,0.0001
2023-08-20 00:00,8,-2.76e-06
2023-08-20 08:00,8,1.135e-05
2023-08-20 16:00,8,-0.00015034
2023-08-21 00:00,8,-3.86e-05
2023-08-21 08:00,8,1.04e-05
2023-08-21 16:00,8,1.058e-05
2023-08-22 00:00,8,-1.127e-05
2023-08-22 08:00,8,0.0001
2023-08-22 16:00,8,8.332e-05
2023-08-23 00:00,8,9.183e-05
2023-08-23 08:00,8,0.0001
2023-08-23 16:00,8,-0.00021482
2023-08-24 00:00,8,-0.00053691
2023-08-24 08:00,8,-0.00069581
2023-08-24 16:00,8,-0.00047637
2023-08-25 00:00,8,-0.00050543
2023-08-25 08:00,8,-0.0004146
2023-08-25 16:00,8,-0.00037452
2023-08-26 00:00,8,-0.00060845
2023-08-26 08:00,8,-0.00047645
2023-08-26 16:00,8,-0.00105486
2023-08-27 00:00,8,-0.00043783
2023-08-27 08:00,8,-0.00060191
2023-08-27 16:00,8,-0.00044713
2023-08-28 00:00,8,-0.0003865
2023-08-28 08:00,8,-0.00053432
2023-08-28 16:00,8,-0.00045276
2023-08-29 00:00,8,-0.00098369
2023-08-29 08:00,8,-0.00033313
2023-08-29 16:00,8,-0.00053996
2023-08-30 00:00,8,-0.00047713
2023-08-30 08:00,8,-0.00050588
2023-08-30 16:00,8,-4.603e-05
2023-08-31 00:00,8,-6.765e-05
2023-08-31 08:00,8,-8.124e-05
2023-08-31 16:00,8,-0.00012384
2023-09-01 00:00,8,-0.00019985
2023-09-01 08:00,8,-8.083e-05
2023-09-01 16:00,8,-0.00014651
2023-09-02 00:00,8,-1.52e-05
2023-09-02 08:00,8,-7.486e-05
2023-09-02 16:00,8,-0.00010001
2023-09-03 00:00,8,-0.00011068
2023-09-03 08:00,8,-0.00011881
2023-09-03 16:00,8,-0.00021441
2023-09-04 00:00,8,-0.00014597
2023-09-04 08:00,8,-0.00042516
2023-09-04 16:00,8,-0.00022822
2023-09-05 00:00,8,-0.00022755
2023-09-05 08:00,8,-0.00011971
2023-09-05 16:00,8,-8.89e-06
2023-09-06 00:00,8,-0.00015251
2023-09-06 08:00,8,-0.00014232
2023-09-06 16:00,8,-0.00021074
2023-09-07 00:00,8,4.6e-06
2023-09-07 08:00,8,7.796e-05
2023-09-07 16:00,8,3.308e-05
2023-09-08 00:00,8,4.826e-05
2023-09-08 08:00,8,-5.886e-05
2023-09-08 16:00,8,-3.529e-05
2023-09-09 00:00,8,9.778e-05
2023-09-09 08:00,8,0.0001
2023-09-09 16:00,8,5.412e-05
2023-09-10 00:00,8,-4.37e-06
2023-09-10 08:00,8,2.824e-05
2023-09-10 16:00,8,7.182e-05
2023-09-11 00:00,8,-3.802e-05
2023-09-11 08:00,8,8.326e-05
2023-09-11 16:00,8,9.692e-05
2023-09-12 00:00,8,4.128e-05
2023-09-12 08:00,8,0.0001
2023-09-12 16:00,8,0.0001
2023-09-13 00:00,8,0.0001
2023-09-13 08:00,8,0.0001
2023-09-13 16:00,8,7.243e-05
2023-09-14 00:00,8,6.102e-05
2023-09-14 08:00,8,-2.161e-05
2023-09-14 16:00,8,5.149e-05
2023-09-15 00:00,8,3.568e-05
2023-09-15 08:00,8,8.394e-05
2023-09-15 16:00,8,8.229e-05
2023-09-16 00:00,8,6.409e-05
2023-09-16 08:00,8,9.339e-05
2023-09-16 16:00,8,0.0001
2023-09-17 00:00,8,7.715e-05
2023-09-17 08:00,8,7.244e-05
2023-09-17 16:00,8,9.798e-05
2023-09-18 00:00,8,6.751e-05
2023-09-18 08:00,8,0.0001
2023-09-18 16:00,8,9.165e-05
2023-09-19 00:00,8,2.928e-05
2023-09-19 08:00,8,0.0001
2023-09-19 16:00,8,9.004e-05
2023-09-20 00:00,8,7.606e-05
2023-09-20 08:00,8,0.0001
2023-09-20 16:00,8,-7.98e-05
2023-09-21 00:00,8,8.26e-06
2023-09-21 08:00,8,0.0001
2023-09-21 16:00,8,0.0001
2023-09-22 00:00,8,0.0001
2023-09-22 08:00,8,0.0001
2023-09-22 16:00,8,0.0001
2023-09-23 00:00,8,0.0001
2023-09-23 08:00,8,0.0001
2023-09-23 16:00,8,0.0001
2023-09-24 00:00,8,0.0001
2023-09-24 08:00,8,0.0001
2023-09-24 16:00,8,0.0001
2023-09-25 00:00,8,0.0001
2023-09-25 08:00,8,-1.493e-05
2023-09-25 16:00,8,4.333e-05
2023-09-26 00:00,8,2.252e-05
2023-09-26 08:00,8,-3.008e-05
2023-09-26 16:00,8,9.944e-05
2023-09-27 00:00,8,-9.001e-05
2023-09-27 08:00,8,4.1e-07
2023-09-27 16:00,8,-1.511e-05
2023-09-28 00:00,8,-7.851e-05
2023-09-28 08:00,8,8.9e-05
2023-09-28 16:00,8,8.219e-05
2023-09-29 00:00,8,7.777e-05
2023-09-29 08:00,8,0.0001
2023-09-29 16:00,8,7.405e-05
2023-09-30 00:00,8,7.442e-05
2023-09-30 08:00,8,0.0001
2023-09-30 16:00,8,4.575e-05
2023-10-01 00:00,8,-4.128e-05
2023-10-01 08:00,8,0.0001
2023-10-01 16:00,8,3.907e-05
2023-10-02 00:00,8,3.073e-05
2023-10-02 08:00,8,1.647e-05
2023-10-02 16:00,8,3.563e-05
2023-10-03 00:00,8,3.658e-05
2023-10-03 08:00,8,-1.08e-05
2023-10-03 16:00,8,7.377e-05
2023-10-04 00:00,8,3.46e-05
2023-10-04 08:00,8,9.16e-05
2023-10-04 16:00,8,-0.00013128
2023-10-05 00:00,8,-5.466e-05
2023-10-05 08:00,8,-9.314e-05
2023-10-05 16:00,8,-3.438e-05
2023-10-06 00:00,8,-2.968e-05
2023-10-06 08:00,8,4.046e-05
2023-10-06 16:00,8,5.364e-05
2023-10-07 00:00,8,2.446e-05
2023-10-07 08:00,8,-1.936e-05
2023-10-07 16:00,8,-4.301e-05
2023-10-08 00:00,8,-0.00018254
2023-10-08 08:00,8,-3.774e-05
2023-10-08 16:00,8,5.567e-05
2023-10-09 00:00,8,-2.786e-05
2023-10-09 08:00,8,3.632e-05
2023-10-09 16:00,8,-5.61e-06
2023-10-10 00:00,8,-2.9e-06
2023-10-10 08:00,8,-1.93e-05
2023-10-10 16:00,8,3.67e-05
2023-10-11 00:00,8,4.108e-05
2023-10-11 08:00,8,0.0001
2023-10-11 16:00,8,-5.782e-05
2023-10-12 00:00,8,4.376e-05
2023-10-12 08:00,8,5.553e-05
2023-10-12 16:00,8,0.0001
2023-10-13 00:00,8,2.662e-05
2023-10-13 08:00,8,9.15e-05
2023-10-13 16:00,8,0.0001
2023-10-14 00:00,8,3.055e-05
2023-10-14 08:00,8,0.0001
2023-10-14 16:00,8,0.0001
2023-10-15 00:00,8,8.835e-05
2023-10-15 08:00,8,8.405e-05
2023-10-15 16:00,8,0.0001
2023-10-16 00:00,8,0.0001
2023-10-16 08:00,8,0.0001
2023-10-16 16:00,8,0.0001
2023-10-17 00:00,8,7.91e-05
2023-10-17 08:00,8,0.0001
2023-10-17 16:00,8,3.86e-05
2023-10-18 00:00,8,5.403e-05
2023-10-18 08:00,8,0.0001
2023-10-18 16:00,8,0.0001
2023-10-19 00:00,8,6.767e-05
2023-10-19 08:00,8,-8.737e-05
2023-10-19 16:00,8,5.776e-05
2023-10-20 00:00,8,-1.51e-05
2023-10-20 08:00,8,-5.719e-05
2023-10-20 16:00,8,2.799e-05
2023-10-21 00:00,8,8.76e-06
2023-10-21 08:00,8,2.023e-05
2023-10-21 16:00,8,-1.476e-05
2023-10-22 00:00,8,-0.00010454
2023-10-22 08:00,8,-0.00011019
2023-10-22 16:00,8,-0.00016191
2023-10-23 00:00,8,4.781e-05
2023-10-23 08:00,8,2.889e-05
2023-10-23 16:00,8,-3.558e-05
2023-10-24 00:00,8,0.0001
2023-10-24 08:00,8,0.0001
2023-10-24 16:00,8,0.0001
2023-10-25 00:00,8,0.0001
2023-10-25 08:00,8,0.0001
2023-10-25 16:00,8,0.0001
2023-10-26 00:00,8,0.0001
2023-10-26 08:00,8,0.0001
2023-10-26 16:00,8,0.0001
2023-10-27 00:00,8,0.0001
2023-10-27 08:00,8,0.0001
2023-10-27 16:00,8,0.0001
2023-10-28 00:00,8,0.0001
2023-10-28 08:00,8,0.0001
2023-10-28 16:00,8,0.0001
2023-10-29 00:00,8,0.0001
2023-10-29 08:00,8,0.0001
2023-10-29 16:00,8,0.0001
2023-10-30 00:00,8,0.0001
2023-10-30 08:00,8,0.0001
2023-10-30 16:00,8,0.0001
2023-10-31 00:00,8,0.0001
2023-10-31 08:00,8,0.0001
2023-10-31 16:00,8,0.0001
2023-11-01 00:00,8,0.0001
2023-11-01 08:00,8,0.0001
2023-11-01 16:00,8,0.0001
2023-11-02 00:00,8,0.0001
2023-11-02 08:00,8,0.0001
2023-11-02 16:00,8,0.0001
2023-11-03 00:00,8,0.0001
2023-11-03 08:00,8,0.0001
2023-11-03 16:00,8,0.0001
2023-11-04 00:00,8,0.0001
2023-11-04 08:00,8,0.0001
2023-11-04 16:00,8,0.0001
2023-11-05 00:00,8,0.0001
2023-11-05 08:00,8,8.876e-05
2023-11-05 16:00,8,0.0001
2023-11-06 00:00,8,0.0001
2023-11-06 08:00,8,0.0001
2023-11-06 16:00,8,0.0001
2023-11-07 00:00,8,0.0001
2023-11-07 08:00,8,0.0001
2023-11-07 16:00,8,0.0001
2023-11-08 00:00,8,0.0001
2023-11-08 08:00,8,0.0001
2023-11-08 16:00,8,0.0001
2023-11-09 00:00,8,0.0001
2023-11-09 08:00,8,0.0001
2023-11-09 16:00,8,0.0001
2023-11-10 00:00,8,0.0001
2023-11-10 08:00,8,0.0001
2023-11-10 16:00,8,0.0001
2023-11-11 00:00,8,0.0001
2023-11-11 08:00,8,0.0001
2023-11-11 16:00,8,0.00032815
2023-11-12 00:00,8,0.00033203
2023-11-12 08:00,8,0.0001
2023-11-12 16:00,8,0.0003129
2023-11-13 00:00,8,0.0001
2023-11-13 08:00,8,0.0001
2023-11-13 16:00,8,0.00013659
2023-11-14 00:00,8,0.00012737
2023-11-14 08:00,8,0.0001
2023-11-14 16:00,8,0.0001
2023-11-15 00:00,8,0.0001
2023-11-15 08:00,8,0.0001
2023-11-15 16:00,8,0.0001
2023-11-16 00:00,8,0.00019084
2023-11-16 08:00,8,0.0001
2023-11-16 16:00,8,0.0001
2023-11-17 00:00,8,0.0001
2023-11-17 08:00,8,0.0001
2023-11-17 16:00,8,0.0001
2023-11-18 00:00,8,0.0001
2023-11-18 08:00,8,0.0001
2023-11-18 16:00,8,0.0001
2023-11-19 00:00,8,0.0001
2023-11-19 08:00,8,0.0001
2023-11-19 16:00,8,0.0001
2023-11-20 00:00,8,0.0001
2023-11-20 08:00,8,0.0001
2023-11-20 16:00,8,0.0001
2023-11-21 00:00,8,0.0001
2023-11-21 08:00,8,0.0001
2023-11-21 16:00,8,0.0001
2023-11-22 00:00,8,0.0001
2023-11-22 08:00,8,0.0001
2023-11-22 16:00,8,0.0001
2023-11-23 00:00,8,0.0001
2023-11-23 08:00,8,0.0001
2023-11-23 16:00,8,0.0001
2023-11-24 00:00,8,0.0001
2023-11-24 08:00,8,0.0001
2023-11-24 16:00,8,0.0001
2023-11-25 00:00,8,0.0001
2023-11-25 08:00,8,0.0001
2023-11-25 16:00,8,0.0001
2023-11-26 00:00,8,0.0001
2023-11-26 08:00,8,0.0001
2023-11-26 16:00,8,0.0001
2023-11-27 00:00,8,0.0001
2023-11-27 08:00,8,0.0001
2023-11-27 16:00,8,0.0001
2023-11-28 00:00,8,0.0001
2023-11-28 08:00,8,0.0001
2023-11-28 16:00,8,0.0001
2023-11-29 00:00,8,0.0001
2023-11-29 08:00,8,0.0001
2023-11-29 16:00,8,0.0001
2023-11-30 00:00,8,0.0001
2023-11-30 08:00,8,0.0001
2023-11-30 16:00,8,0.0001
2023-12-01 00:00,8,0.0001
2023-12-01 08:00,8,0.0001
2023-12-01 16:00,8,0.0001
2023-12-02 00:00,8,0.0001
2023-12-02 08:00,8,0.0001
2023-12-02 16:00,8,0.0001
2023-12-03 00:00,8,0.0001
2023-12-03 08:00,8,0.0001
2023-12-03 16:00,8,0.0001
2023-12-04 00:00,8,0.0001
2023-12-04 08:00,8,0.00026997
2023-12-04 16:00,8,0.0001
2023-12-05 00:00,8,0.00012531
2023-12-05 08:00,8,0.0001
2023-12-05 16:00,8,0.0001
2023-12-06 00:00,8,0.0001
2023-12-06 08:00,8,0.0001
2023-12-06 16:00,8,0.0001
2023-12-07 00:00,8,0.0001
2023-12-07 08:00,8,0.0001
2023-12-07 16:00,8,0.00028593
2023-12-08 00:00,8,0.000436
2023-12-08 08:00,8,0.00038742
2023-12-08 16:00,8,0.00032044
2023-12-09 00:00,8,0.00019907
2023-12-09 08:00,8,0.00053873
2023-12-09 16:00,8,0.00046674
2023-12-10 00:00,8,0.00018247
2023-12-10 08:00,8,0.00014014
2023-12-10 16:00,8,0.00019196
2023-12-11 00:00,8,0.0001
2023-12-11 08:00,8,0.0001
2023-12-11 16:00,8,0.0001
2023-12-12 00:00,8,0.0001
2023-12-12 08:00,8,0.0001
2023-12-12 16:00,8,0.0001
2023-12-13 00:00,8,0.0001
2023-12-13 08:00,8,0.0001
2023-12-13 16:00,8,0.0001
2023-12-14 00:00,8,0.0001
2023-12-14 08:00,8,0.00011314
2023-12-14 16:00,8,0.0001
2023-12-15 00:00,8,0.0001
2023-12-15 08:00,8,0.0001
2023-12-15 16:00,8,0.0001
2023-12-16 00:00,8,0.0001
2023-12-16 08:00,8,0.0001
2023-12-16 16:00,8,0.0001
2023-12-17 00:00,8,0.00019026
2023-12-17 08:00,8,0.0001
2023-12-17 16:00,8,0.0001
2023-12-18 00:00,8,0.0001
2023-12-18 08:00,8,0.0001
2023-12-18 16:00,8,0.0001
2023-12-19 00:00,8,0.0001
2023-12-19 08:00,8,0.0001
2023-12-19 16:00,8,0.00014927
2023-12-20 00:00,8,0.0001
2023-12-20 08:00,8,0.0001
2023-12-20 16:00,8,0.00010347
2023-12-21 00:00,8,0.0001
2023-12-21 08:00,8,0.0001
2023-12-21 16:00,8,0.00028575
2023-12-22 00:00,8,0.00040028
2023-12-22 08:00,8,0.00029133
2023-12-22 16:00,8,0.00031173
2023-12-23 00:00,8,0.00016136
2023-12-23 08:00,8,0.0001
2023-12-23 16:00,8,0.0001
2023-12-24 00:00,8,0.00012602
2023-12-24 08:00,8,0.0002509
2023-12-24 16:00,8,0.00035803
2023-12-25 00:00,8,0.00025758
2023-12-25 08:00,8,0.0001925
2023-12-25 16:00,8,0.00040616
2023-12-26 00:00,8,0.00040206
2023-12-26 08:00,8,0.0002048
2023-12-26 16:00,8,0.0004389
2023-12-27 00:00,8,0.00015481
2023-12-27 08:00,8,0.00013341
2023-12-27 16:00,8,0.00041842
2023-12-28 00:00,8,0.00045932
2023-12-28 08:00,8,0.00057391
2023-12-28 16:00,8,0.0001
2023-12-29 00:00,8,0.0001
2023-12-29 08:00,8,0.0001
2023-12-29 16:00,8,0.0001
2023-12-30 00:00,8,-0.00010285
2023-12-30 08:00,8,0.0001
2023-12-30 16:00,8,0.0001
2023-12-31 00:00,8,0.0001
2023-12-31 08:00,8,0.00024939
2023-12-31 16:00,8,0.0001
2024-01-01 00:00,8,0.0001
2024-01-01 08:00,8,0.0001
2024-01-01 16:00,8,0.0001
2024-01-02 00:00,8,0.0001
2024-01-02 08:00,8,0.0001
2024-01-02 16:00,8,0.00011998
2024-01-03 00:00,8,0.00022024
2024-01-03 08:00,8,0.0001
2024-01-03 16:00,8,-0.00027105
2024-01-04 00:00,8,-0.00019109
2024-01-04 08:00,8,0.0001
2024-01-04 16:00,8,-0.00048076
2024-01-05 00:00,8,-0.0002417
2024-01-05 08:00,8,-3e-06
2024-01-05 16:00,8,-0.00020662
2024-01-06 00:00,8,0.0001
2024-01-06 08:00,8,-0.00010837
2024-01-06 16:00,8,0.0001
2024-01-07 00:00,8,-0.00012693
2024-01-07 08:00,8,-0.00011895
2024-01-07 16:00,8,6.42e-06
2024-01-08 00:00,8,-0.00016743
2024-01-08 08:00,8,-0.00041447
2024-01-08 16:00,8,-0.00031235
2024-01-09 00:00,8,0.0001
2024-01-09 08:00,8,0.0001
2024-01-09 16:00,8,-0.00011947
2024-01-10 00:00,8,0.0001
2024-01-10 08:00,8,0.0001
2024-01-10 16:00,8,0.0001
2024-01-11 00:00,8,0.0001
2024-01-11 08:00,8,0.0001
2024-01-11 16:00,8,0.0001
2024-01-12 00:00,8,0.0001
2024-01-12 08:00,8,7.495e-05
2024-01-12 16:00,8,0.0001
2024-01-13 00:00,8,0.0001
2024-01-13 08:00,8,0.0001
2024-01-13 16:00,8,0.0001
2024-01-14 00:00,8,0.0001
2024-01-14 08:00,8,0.0001
2024-01-14 16:00,8,0.0001
2024-01-15 00:00,8,0.0001
2024-01-15 08:00,8,0.0001
2024-01-15 16:00,8,0.0001
2024-01-16 00:00,8,4.2e-07
2024-01-16 08:00,8,0.0001
2024-01-16 16:00,8,0.0001
2024-01-17 00:00,8,1.004e-05
2024-01-17 08:00,8,-0.00013346
2024-01-17 16:00,8,0.0001
2024-01-18 00:00,8,0.0001
2024-01-18 08:00,8,0.0001
2024-01-18 16:00,8,0.0001
2024-01-19 00:00,8,0.0001
2024-01-19 08:00,8,0.0001
2024-01-19 16:00,8,0.0001
2024-01-20 00:00,8,0.0001
2024-01-20 08:00,8,0.0001
2024-01-20 16:00,8,0.0001
2024-01-21 00:00,8,0.0001
2024-01-21 08:00,8,0.0001
2024-01-21 16:00,8,0.0001
2024-01-22 00:00,8,0.0001
2024-01-22 08:00,8,0.0001
2024-01-22 16:00,8,0.0001
2024-01-23 00:00,8,0.0001
2024-01-23 08:00,8,0.0001
2024-01-23 16:00,8,0.0001
2024-01-24 00:00,8,0.0001
2024-01-24 08:00,8,0.0001
2024-01-24 16:00,8,0.0001
2024-01-25 00:00,8,0.0001
2024-01-25 08:00,8,0.0001
2024-01-25 16:00,8,0.0001
2024-01-26 00:00,8,0.0001
2024-01-26 08:00,8,0.0001
2024-01-26 16:00,8,0.0001
2024-01-27 00:00,8,0.0001
2024-01-27 08:00,8,0.0001
2024-01-27 16:00,8,0.0001
2024-01-28 00:00,8,0.0001
2024-01-28 08:00,8,0.0001
2024-01-28 16:00,8,0.0001
2024-01-29 00:00,8,0.0001
2024-01-29 08:00,8,0.0001
2024-01-29 16:00,8,0.0001
2024-01-30 00:00,8,0.0001
2024-01-30 08:00,8,0.0001
2024-01-30 16:00,8,0.0001
2024-01-31 00:00,8,0.0001
2024-01-31 08:00,8,0.0001
2024-01-31 16:00,8,0.0001
2024-02-01 00:00,8,0.0001
2024-02-01 08:00,8,0.0001
2024-02-01 16:00,8,0.0001
2024-02-02 00:00,8,0.0001
2024-02-02 08:00,8,0.0001
2024-02-02 16:00,8,0.0001
2024-02-03 00:00,8,0.0001
2024-02-03 08:00,8,0.0001
2024-02-03 16:00,8,0.0001
2024-02-04 00:00,8,0.0001
2024-02-04 08:00,8,0.0001
2024-02-04 16:00,8,0.0001
2024-02-05 00:00,8,0.0001
2024-02-05 08:00,8,0.0001
2024-02-05 16:00,8,0.0001
2024-02-06 00:00,8,0.0001
2024-02-06 08:00,8,0.0001
2024-02-06 16:00,8,-0.0012445
2024-02-07 00:00,8,-0.00366129
2024-02-07 08:00,8,-0.00442397
2024-02-07 16:00,8,-0.0011998
2024-02-08 00:00,8,-0.00341873
2024-02-08 08:00,8,-0.00249019
2024-02-08 16:00,8,-0.00273159
2024-02-09 00:00,8,-0.00429975
2024-02-09 08:00,8,-0.00185059
2024-02-09 16:00,8,-0.00081585
2024-02-10 00:00,8,-0.00108009
2024-02-10 08:00,8,-0.00321389
2024-02-10 16:00,8,-0.00163668
2024-02-11 00:00,8,-0.00218011
2024-02-11 08:00,8,-0.0008312
2024-02-11 16:00,8,-0.00078651
2024-02-12 00:00,8,-0.00041185
2024-02-12 08:00,8,-0.00110462
2024-02-12 16:00,8,0.0001
2024-02-13 00:00,8,2.89e-06
2024-02-13 08:00,8,1.559e-05
2024-02-13 16:00,8,0.0001
2024-02-14 00:00,8,-0.00059213
2024-02-14 08:00,8,-0.00070371
2024-02-14 16:00,8,-0.00101665
2024-02-15 00:00,8,0.0001
2024-02-15 08:00,8,-0.0002305
2024-02-15 16:00,8,-0.00013375
2024-02-16 00:00,8,0.0001
2024-02-16 08:00,8,0.0001
2024-02-16 16:00,8,0.0001
2024-02-17 00:00,8,0.0001
2024-02-17 08:00,8,0.00019472
2024-02-17 16:00,8,0.0001
2024-02-18 00:00,8,0.00038441
2024-02-18 08:00,8,0.00053855
2024-02-18 16:00,8,0.00030813
2024-02-19 00:00,8,0.00035022
2024-02-19 08:00,8,0.00049529
2024-02-19 16:00,8,0.00067541
2024-02-20 00:00,8,0.00138215
2024-02-20 08:00,8,0.00036063
2024-02-20 16:00,8,0.00050846
2024-02-21 00:00,8,0.00035018
2024-02-21 08:00,8,0.00029946
2024-02-21 16:00,8,0.0001
2024-02-22 00:00,8,0.0001
2024-02-22 08:00,8,0.0001
2024-02-22 16:00,8,0.00021861
2024-02-23 00:00,8,0.0001
2024-02-23 08:00,8,0.0001
2024-02-23 16:00,8,0.0001
2024-02-24 00:00,8,0.0001
2024-02-24 08:00,8,0.00035243
2024-02-24 16:00,8,0.00018505
2024-02-25 00:00,8,0.00047344
2024-02-25 08:00,8,0.0001
2024-02-25 16:00,8,0.00029572
2024-02-26 00:00,8,0.00035598
2024-02-26 08:00,8,0.00030278
2024-02-26 16:00,8,0.00029867
2024-02-27 00:00,8,0.00013248
2024-02-27 08:00,8,0.00062719
2024-02-27 16:00,8,0.00041249
2024-02-28 00:00,8,0.0001
2024-02-28 08:00,8,0.00048843
2024-02-28 16:00,8,0.00064027
2024-02-29 00:00,8,0.00060663
2024-02-29 08:00,8,0.00101765
2024-02-29 16:00,8,0.00090904
2024-03-01 00:00,8,0.00076957
2024-03-01 08:00,8,0.00090628
2024-03-01 16:00,8,0.00072922
2024-03-02 00:00,8,0.00057671
2024-03-02 08:00,8,0.00145938
2024-03-02 16:00,8,0.0009106
2024-03-03 00:00,8,0.00071852
2024-03-03 08:00,8,0.00135139
2024-03-03 16:00,8,0.00084587
2024-03-04 00:00,8,0.0006599
2024-03-04 08:00,8,0.0009413
2024-03-04 16:00,8,0.00052116
2024-03-05 00:00,8,0.00081795
2024-03-05 08:00,8,0.00171483
2024-03-05 16:00,8,0.00119758
2024-03-06 00:00,8,0.00020762
2024-03-06 08:00,8,0.0005028
2024-03-06 16:00,8,0.00081147
2024-03-07 00:00,8,0.00054373
2024-03-07 08:00,8,0.00090562
2024-03-07 16:00,8,0.0001
2024-03-08 00:00,8,0.00091382
2024-03-08 08:00,8,0.00083935
2024-03-08 16:00,8,0.00057179
2024-03-09 00:00,8,0.00092637
2024-03-09 08:00,8,0.00056224
2024-03-09 16:00,8,0.00073076
2024-03-10 00:00,8,0.00097614
2024-03-10 08:00,8,0.00035627
2024-03-10 16:00,8,0.0001
2024-03-11 00:00,8,0.00093876
2024-03-11 08:00,8,0.00086531
2024-03-11 16:00,8,0.00060349
2024-03-12 00:00,8,0.00050217
2024-03-12 08:00,8,0.00062819
2024-03-12 16:00,8,0.00026027
2024-03-13 00:00,8,0.0009595
2024-03-13 08:00,8,0.00118489
2024-03-13 16:00,8,0.00055553
2024-03-14 00:00,8,0.00142148
2024-03-14 08:00,8,0.00052655
2024-03-14 16:00,8,0.00074012
2024-03-15 00:00,8,0.00056193
2024-03-15 08:00,8,0.00021766
2024-03-15 16:00,8,0.00044935
2024-03-16 00:00,8,0.000562
2024-03-16 08:00,8,0.00053493
2024-03-16 16:00,8,0.00057854
2024-03-17 00:00,8,0.0001
2024-03-17 08:00,8,0.0001
2024-03-17 16:00,8,0.00022968
2024-03-18 00:00,8,0.00085926
2024-03-18 08:00,8,0.00029933
2024-03-18 16:00,8,1.002e-05
2024-03-19 00:00,8,0.0001
2024-03-19 08:00,8,0.0001
2024-03-19 16:00,8,0.0001
2024-03-20 00:00,8,0.0001
2024-03-20 08:00,8,0.0001
2024-03-20 16:00,8,0.00027216
2024-03-21 00:00,8,0.00069218
2024-03-21 08:00,8,0.00036222
2024-03-21 16:00,8,0.00037642
2024-03-22 00:00,8,0.00060829
2024-03-22 08:00,8,0.00050391
2024-03-22 16:00,8,0.0001
2024-03-23 00:00,8,0.00020555
2024-03-23 08:00,8,0.0002111
2024-03-23 16:00,8,0.00027424
2024-03-24 00:00,8,0.0001
2024-03-24 08:00,8,0.00029846
2024-03-24 16:00,8,0.0005141
2024-03-25 00:00,8,0.00070407
2024-03-25 08:00,8,0.00025079
2024-03-25 16:00,8,0.00019453
2024-03-26 00:00,8,0.00015049
2024-03-26 08:00,8,0.00079494
2024-03-26 16:00,8,0.00037657
2024-03-27 00:00,8,0.00133532
2024-03-27 08:00,8,0.00023346
2024-03-27 16:00,8,0.00055707
2024-03-28 00:00,8,0.0003707
2024-03-28 08:00,8,0.00052653
2024-03-28 16:00,8,0.00169179
2024-03-29 00:00,8,0.00118503
2024-03-29 08:00,8,0.00053509
2024-03-29 16:00,8,0.00157143
2024-03-30 00:00,8,0.00058668
2024-03-30 08:00,8,0.0008547
2024-03-30 16:00,8,0.00123776
2024-03-31 00:00,8,0.00114304
2024-03-31 08:00,8,0.0015732
2024-03-31 16:00,8,0.00112731
2024-04-01 00:00,8,0.00189454
2024-04-01 08:00,8,0.00107053
2024-04-01 16:00,8,0.00029955
2024-04-02 00:00,8,0.00077126
2024-04-02 08:00,8,0.00023412
2024-04-02 16:00,8,0.00052599
2024-04-03 00:00,8,0.0001503
2024-04-03 08:00,8,0.0001
2024-04-03 16:00,8,0.0001
2024-04-04 00:00,8,0.0001
2024-04-04 08:00,8,0.0001
2024-04-04 16:00,8,0.0001
2024-04-05 00:00,8,0.00026666
2024-04-05 08:00,8,0.0001
2024-04-05 16:00,8,0.00011459
2024-04-06 00:00,8,0.00049755
2024-04-06 08:00,8,0.00013416
2024-04-06 16:00,8,0.00019901
2024-04-07 00:00,8,0.0001
2024-04-07 08:00,8,0.00017267
2024-04-07 16:00,8,0.00010946
2024-04-08 00:00,8,0.00013307
2024-04-08 08:00,8,0.0001
2024-04-08 16:00,8,0.0001569
2024-04-09 00:00,8,0.0001
2024-04-09 08:00,8,0.00032417
2024-04-09 16:00,8,0.00014685
2024-04-10 00:00,8,0.0004487
2024-04-10 08:00,8,0.00036372
2024-04-10 16:00,8,0.00017292
2024-04-11 00:00,8,0.00039823
2024-04-11 08:00,8,0.00040479
2024-04-11 16:00,8,0.00030011
2024-04-12 00:00,8,0.00055076
2024-04-12 08:00,8,0.0001
2024-04-12 16:00,8,0.0001
2024-04-13 00:00,8,0.0001
2024-04-13 08:00,8,0.0001
2024-04-13 16:00,8,0.0001
2024-04-14 00:00,8,0.0001
2024-04-14 08:00,8,0.0001
2024-04-14 16:00,8,0.0001
2024-04-15 00:00,8,0.0001
2024-04-15 08:00,8,0.0001
2024-04-15 16:00,8,0.0001
2024-04-16 00:00,8,0.0001
2024-04-16 08:00,8,0.0001
2024-04-16 16:00,8,0.0001
2024-04-17 00:00,8,0.0001
2024-04-17 08:00,8,0.0001
2024-04-17 16:00,8,0.0001
2024-04-18 00:00,8,0.0001
2024-04-18 08:00,8,0.0001
2024-04-18 16:00,8,0.0001
2024-04-19 00:00,8,0.0001
2024-04-19 08:00,8,-0.00019852
2024-04-19 16:00,8,0.00012936
2024-04-20 00:00,8,0.0001
2024-04-20 08:00,8,0.0001
2024-04-20 16:00,8,0.0001
2024-04-21 00:00,8,-0.0002452
2024-04-21 08:00,8,0.0001
2024-04-21 16:00,8,0.0001
2024-04-22 00:00,8,-0.00054812
2024-04-22 08:00,8,0.0001
2024-04-22 16:00,8,0.0001
2024-04-23 00:00,8,0.0001
2024-04-23 08:00,8,0.0001
2024-04-23 16:00,8,3.318e-05
2024-04-24 00:00,8,0.0001
2024-04-24 08:00,8,0.0001
2024-04-24 16:00,8,0.0001
2024-04-25 00:00,8,0.0001
2024-04-25 08:00,8,0.0001
2024-04-25 16:00,8,0.0001
2024-04-26 00:00,8,0.0001
2024-04-26 08:00,8,0.0001
2024-04-26 16:00,8,0.0001
2024-04-27 00:00,8,0.0001
2024-04-27 08:00,8,0.0001
2024-04-27 16:00,8,0.0001
2024-04-28 00:00,8,0.0001
2024-04-28 08:00,8,0.0001
2024-04-28 16:00,8,0.0001
2024-04-29 00:00,8,0.0001
2024-04-29 08:00,8,9.717e-05
2024-04-29 16:00,8,0.0001
2024-04-30 00:00,8,0.0001
2024-04-30 08:00,8,0.0001
2024-04-30 16:00,8,0.0001
2024-05-01 00:00,8,0.0001
2024-05-01 08:00,8,0.0001
2024-05-01 16:00,8,0.0001
2024-05-02 00:00,8,0.0001
2024-05-02 08:00,8,0.0001
2024-05-02 16:00,8,0.0001
2024-05-03 00:00,8,0.0001
2024-05-03 08:00,8,0.0001
2024-05-03 16:00,8,0.0001
2024-05-04 00:00,8,0.0001
2024-05-04 08:00,8,0.0001
2024-05-04 16:00,8,0.0001
2024-05-05 00:00,8,0.0001
2024-05-05 08:00,8,0.0001
2024-05-05 16:00,8,-1.96e-06
2024-05-06 00:00,8,0.0001
2024-05-06 08:00,8,0.0001
2024-05-06 16:00,8,0.0001
2024-05-07 00:00,8,0.0001
2024-05-07 08:00,8,0.0001
2024-05-07 16:00,8,0.0001
2024-05-08 00:00,8,-2.908e-05
2024-05-08 08:00,8,0.0001
2024-05-08 16:00,8,0.0001
2024-05-09 00:00,8,8.328e-05
2024-05-09 08:00,8,0.0001
2024-05-09 16:00,8,0.00011879
2024-05-10 00:00,8,0.0001
2024-05-10 08:00,8,0.0001
2024-05-10 16:00,8,0.0001
2024-05-11 00:00,8,2.252e-05
2024-05-11 08:00,8,0.0001
2024-05-11 16:00,8,0.0001
2024-05-12 00:00,8,9.515e-05
2024-05-12 08:00,8,0.0001
2024-05-12 16:00,8,0.0001
2024-05-13 00:00,8,0.0001
2024-05-13 08:00,8,0.0001
2024-05-13 16:00,8,0.0001
2024-05-14 00:00,8,-1.561e-05
2024-05-14 08:00,8,0.0001
2024-05-14 16:00,8,0.0001
2024-05-15 00:00,8,-0.00019158
2024-05-15 08:00,8,0.0001
2024-05-15 16:00,8,0.0001
2024-05-16 00:00,8,0.0001
2024-05-16 08:00,8,0.0001
2024-05-16 16:00,8,0.0001
2024-05-17 00:00,8,0.0001
2024-05-17 08:00,8,-0.00014389
2024-05-17 16:00,8,0.0001
2024-05-18 00:00,8,0.0001
2024-05-18 08:00,8,0.0001
2024-05-18 16:00,8,0.0001
2024-05-19 00:00,8,0.0001
2024-05-19 08:00,8,0.0001
2024-05-19 16:00,8,0.0001
2024-05-20 00:00,8,0.0001
2024-05-20 08:00,8,0.0001
2024-05-20 16:00,8,0.0001
2024-05-21 00:00,8,0.0001
2024-05-21 08:00,8,0.0001
2024-05-21 16:00,8,0.0001
2024-05-22 00:00,8,0.0001
2024-05-22 08:00,8,-0.00035456
2024-05-22 16:00,8,-0.00017398
2024-05-23 00:00,8,0.0001
2024-05-23 08:00,8,0.0001
2024-05-23 16:00,8,0.0001
2024-05-24 00:00,8,0.0001
2024-05-24 08:00,8,0.0001
2024-05-24 16:00,8,0.0001
2024-05-25 00:00,8,0.0001
2024-05-25 08:00,8,0.0001
2024-05-25 16:00,8,0.0001
2024-05-26 00:00,8,0.0001
2024-05-26 08:00,8,0.0001
2024-05-26 16:00,8,-5.711e-05
2024-05-27 00:00,8,-5.761e-05
2024-05-27 08:00,8,0.0001
2024-05-27 16:00,8,5.639e-05
2024-05-28 00:00,8,0.0001
2024-05-28 08:00,8,0.0001
2024-05-28 16:00,8,0.0001
2024-05-29 00:00,8,0.0001
2024-05-29 08:00,8,0.0001
2024-05-29 16:00,8,0.0001
2024-05-30 00:00,8,4.87e-06
2024-05-30 08:00,8,0.0001
2024-05-30 16:00,8,0.0001
2024-05-31 00:00,8,0.0001
2024-05-31 08:00,8,0.00010326
2024-05-31 16:00,8,0.0001
2024-06-01 00:00,8,0.0001
2024-06-01 08:00,8,0.0001
2024-06-01 16:00,8,0.0001
2024-06-02 00:00,8,0.0001
2024-06-02 08:00,8,0.0001
2024-06-02 16:00,8,0.0001
2024-06-03 00:00,8,0.0001
2024-06-03 08:00,8,0.0001
2024-06-03 16:00,8,0.0001
2024-06-04 00:00,8,0.0001
2024-06-04 08:00,8,0.0001
2024-06-04 16:00,8,0.0001
2024-06-05 00:00,8,0.0001
2024-06-05 08:00,8,0.0001
2024-06-05 16:00,8,0.0001
2024-06-06 00:00,8,0.0001
2024-06-06 08:00,8,0.00011445
2024-06-06 16:00,8,0.0001
2024-06-07 00:00,8,7.998e-05
2024-06-07 08:00,8,-0.00015161
2024-06-07 16:00,8,0.0001
2024-06-08 00:00,8,0.0001
2024-06-08 08:00,8,-2.261e-05
2024-06-08 16:00,8,-0.00013801
2024-06-09 00:00,8,0.0001
2024-06-09 08:00,8,0.0001
2024-06-09 16:00,8,0.0001
2024-06-10 00:00,8,0.0001
2024-06-10 08:00,8,-7.544e-05
2024-06-10 16:00,8,-1.362e-05
2024-06-11 00:00,8,0.0001
2024-06-11 08:00,8,0.0001
2024-06-11 16:00,8,0.0001
2024-06-12 00:00,8,0.0001
2024-06-12 08:00,8,0.0001
2024-06-12 16:00,8,0.00045602
2024-06-13 00:00,8,0.00021067
2024-06-13 08:00,8,0.0001
2024-06-13 16:00,8,0.0002287
2024-06-14 00:00,8,0.00021373
2024-06-14 08:00,8,0.00020924
2024-06-14 16:00,8,0.0001
2024-06-15 00:00,8,7.012e-05
2024-06-15 08:00,8,0.0001
2024-06-15 16:00,8,-5.636e-05
2024-06-16 00:00,8,8.211e-05
2024-06-16 08:00,8,6.255e-05
2024-06-16 16:00,8,-0.0003186
2024-06-17 00:00,8,-0.00031954
2024-06-17 08:00,8,-0.0002257
2024-06-17 16:00,8,-0.00059863
2024-06-18 00:00,8,0.0001
2024-06-18 08:00,8,-5.7e-07
2024-06-18 16:00,8,0.0001
2024-06-19 00:00,8,0.0001
2024-06-19 08:00,8,0.0001
2024-06-19 16:00,8,0.0001
2024-06-20 00:00,8,0.0001
2024-06-20 08:00,8,0.0001
2024-06-20 16:00,8,0.0001
2024-06-21 00:00,8,0.0001
2024-06-21 08:00,8,0.0001
2024-06-21 16:00,8,0.0001
2024-06-22 00:00,8,0.0001
2024-06-22 08:00,8,0.0001
2024-06-22 16:00,8,0.0001
2024-06-23 00:00,8,0.0001
2024-06-23 08:00,8,0.0001
2024-06-23 16:00,8,0.0001
2024-06-24 00:00,8,0.0001
2024-06-24 08:00,8,-0.0001246
2024-06-24 16:00,8,0.0001
2024-06-25 00:00,8,0.0001
2024-06-25 08:00,8,0.0001
2024-06-25 16:00,8,0.0001
2024-06-26 00:00,8,0.0001
2024-06-26 08:00,8,0.0001
2024-06-26 16:00,8,0.0001
2024-06-27 00:00,8,0.0001
2024-06-27 08:00,8,0.0001
2024-06-27 16:00,8,0.0001
2024-06-28 00:00,8,0.0001
2024-06-28 08:00,8,0.0001
2024-06-28 16:00,8,0.00016423
2024-06-29 00:00,8,0.0001
2024-06-29 08:00,8,0.0001
2024-06-29 16:00,8,0.0001
2024-06-30 00:00,8,0.0001
2024-06-30 08:00,8,0.0001
2024-06-30 16:00,8,0.0001
2024-07-01 00:00,8,0.0001
2024-07-01 08:00,8,4.329e-05
2024-07-01 16:00,8,0.0001
2024-07-02 00:00,8,0.0001
2024-07-02 08:00,8,0.0001
2024-07-02 16:00,8,0.0001
2024-07-03 00:00,8,0.0001
2024-07-03 08:00,8,0.0001
2024-07-03 16:00,8,4.874e-05
2024-07-04 00:00,8,5.209e-05
2024-07-04 08:00,8,0.0001
2024-07-04 16:00,8,0.0001
2024-07-05 00:00,8,0.0001
2024-07-05 08:00,8,-0.00085653
2024-07-05 16:00,8,-0.00015142
2024-07-06 00:00,8,-0.0004037
2024-07-06 08:00,8,-0.00030534
2024-07-06 16:00,8,0.0001
2024-07-07 00:00,8,0.0001
2024-07-07 08:00,8,-7.548e-05
2024-07-07 16:00,8,0.0001
2024-07-08 00:00,8,-0.00032369
2024-07-08 08:00,8,-0.00037831
2024-07-08 16:00,8,0.0001
2024-07-09 00:00,8,0.0001
2024-07-09 08:00,8,0.0001
2024-07-09 16:00,8,0.0001
2024-07-10 00:00,8,0.0001
2024-07-10 08:00,8,0.0001
2024-07-10 16:00,8,0.0001
2024-07-11 00:00,8,9.129e-05
2024-07-11 08:00,8,0.0001
2024-07-11 16:00,8,0.0001
2024-07-12 00:00,8,0.0001
2024-07-12 08:00,8,-3e-08
2024-07-12 16:00,8,-0.00012194
2024-07-13 00:00,8,0.0001
2024-07-13 08:00,8,0.0001
2024-07-13 16:00,8,0.0001
2024-07-14 00:00,8,0.0001
2024-07-14 08:00,8,0.0001
2024-07-14 16:00,8,0.0001
2024-07-15 00:00,8,0.0001
2024-07-15 08:00,8,0.0001
2024-07-15 16:00,8,6.636e-05
2024-07-16 00:00,8,0.0001
2024-07-16 08:00,8,-0.00055785
2024-07-16 16:00,8,-0.0001112
2024-07-17 00:00,8,0.0001
2024-07-17 08:00,8,0.0001
2024-07-17 16:00,8,-4.713e-05
2024-07-18 00:00,8,-0.00046971
2024-07-18 08:00,8,4.053e-05
2024-07-18 16:00,8,0.0001
2024-07-19 00:00,8,4.252e-05
2024-07-19 08:00,8,-0.0001604
2024-07-19 16:00,8,3.824e-05
2024-07-20 00:00,8,0.0001
2024-07-20 08:00,8,0.0001
2024-07-20 16:00,8,0.0001
2024-07-21 00:00,8,0.0001
2024-07-21 08:00,8,8.014e-05
2024-07-21 16:00,8,0.0001
2024-07-22 00:00,8,0.0001
2024-07-22 08:00,8,8.356e-05
2024-07-22 16:00,8,0.0001
2024-07-23 00:00,8,0.0001
2024-07-23 08:00,8,0.0001
2024-07-23 16:00,8,0.0001
2024-07-24 00:00,8,0.0001
2024-07-24 08:00,8,0.0001
2024-07-24 16:00,8,0.0001
2024-07-25 00:00,8,0.0001
2024-07-25 08:00,8,0.0001
2024-07-25 16:00,8,0.0001
2024-07-26 00:00,8,-0.00011445
2024-07-26 08:00,8,0.0001
2024-07-26 16:00,8,0.0001
2024-07-27 00:00,8,0.0001
2024-07-27 08:00,8,0.0001
2024-07-27 16:00,8,0.0001
2024-07-28 00:00,8,0.0001
2024-07-28 08:00,8,0.0001
2024-07-28 16:00,8,7.382e-05
2024-07-29 00:00,8,0.0001
2024-07-29 08:00,8,0.0001
2024-07-29 16:00,8,0.0001
2024-07-30 00:00,8,0.0001
2024-07-30 08:00,8,0.0001
2024-07-30 16:00,8,0.0001
2024-07-31 00:00,8,0.0001
2024-07-31 08:00,8,0.0001
2024-07-31 16:00,8,9.773e-05
2024-08-01 00:00,8,0.0001
2024-08-01 08:00,8,0.0001
2024-08-01 16:00,8,-3.937e-05
2024-08-02 00:00,8,0.0001
2024-08-02 08:00,8,3.602e-05
2024-08-02 16:00,8,-0.00028632
2024-08-03 00:00,8,0.0001
2024-08-03 08:00,8,0.0001
2024-08-03 16:00,8,-0.00012885
2024-08-04 00:00,8,0.0001
2024-08-04 08:00,8,-0.00021912
2024-08-04 16:00,8,-0.00017585
2024-08-05 00:00,8,0.0001
2024-08-05 08:00,8,0.0001
2024-08-05 16:00,8,0.0001
2024-08-06 00:00,8,0.0001
2024-08-06 08:00,8,0.0001
2024-08-06 16:00,8,0.0001
2024-08-07 00:00,8,0.0001
2024-08-07 08:00,8,0.0001
2024-08-07 16:00,8,0.0001
2024-08-08 00:00,8,0.0001
2024-08-08 08:00,8,0.0001
2024-08-08 16:00,8,0.0001
2024-08-09 00:00,8,0.0001
2024-08-09 08:00,8,0.0001
2024-08-09 16:00,8,0.0001
2024-08-10 00:00,8,0.00024559
2024-08-10 08:00,8,0.0001
2024-08-10 16:00,8,0.0001
2024-08-11 00:00,8,0.0001
2024-08-11 08:00,8,0.0001
2024-08-11 16:00,8,0.0001
2024-08-12 00:00,8,-0.00016275
2024-08-12 08:00,8,-4.378e-05
2024-08-12 16:00,8,0.0001
2024-08-13 00:00,8,0.0001
2024-08-13 08:00,8,0.0001
2024-08-13 16:00,8,0.0001
2024-08-14 00:00,8,-3.208e-05
2024-08-14 08:00,8,9.195e-05
2024-08-14 16:00,8,-1.98e-05
2024-08-15 00:00,8,0.0001
2024-08-15 08:00,8,-0.00014366
2024-08-15 16:00,8,9.73e-05
2024-08-16 00:00,8,0.0001
2024-08-16 08:00,8,1.833e-05
2024-08-16 16:00,8,0.0001
2024-08-17 00:00,8,0.00037506
2024-08-17 08:00,8,0.0001
2024-08-17 16:00,8,0.0001
2024-08-18 00:00,8,0.0001
2024-08-18 08:00,8,0.0001
2024-08-18 16:00,8,6.92e-06
2024-08-19 00:00,8,0.0001
2024-08-19 08:00,8,0.0001
2024-08-19 16:00,8,0.0001
2024-08-20 00:00,8,6.798e-05
2024-08-20 08:00,8,1.967e-05
2024-08-20 16:00,8,-0.00012328
2024-08-21 00:00,8,0.0001
2024-08-21 08:00,8,-0.00043012
2024-08-21 16:00,8,0.0001
2024-08-22 00:00,8,-0.00026431
2024-08-22 08:00,8,0.0001
2024-08-22 16:00,8,-0.00033656
2024-08-23 00:00,8,-1.152e-05
2024-08-23 08:00,8,0.0001
2024-08-23 16:00,8,0.0001
2024-08-24 00:00,8,0.0001
2024-08-24 08:00,8,0.0001
2024-08-24 16:00,8,0.0001
2024-08-25 00:00,8,0.0001
2024-08-25 08:00,8,0.0001
2024-08-25 16:00,8,0.0001
2024-08-26 00:00,8,-0.00025343
2024-08-26 08:00,8,0.0001
2024-08-26 16:00,8,-3.51e-06
2024-08-27 00:00,8,-0.00018952
2024-08-27 08:00,8,-0.00023727
2024-08-27 16:00,8,0.0001
2024-08-28 00:00,8,-9.409e-05
2024-08-28 08:00,8,0.0001
2024-08-28 16:00,8,-0.00018405
2024-08-29 00:00,8,0.0001
2024-08-29 08:00,8,0.0001
2024-08-29 16:00,8,-0.00036768
2024-08-30 00:00,8,5.088e-05
2024-08-30 08:00,8,-0.00027969
2024-08-30 16:00,8,-0.00017738
2024-08-31 00:00,8,-0.00070072
2024-08-31 08:00,8,0.0001
2024-08-31 16:00,8,-0.0005393
2024-09-01 00:00,8,8.468e-05
2024-09-01 08:00,8,0.0001
2024-09-01 16:00,8,-0.00029913
2024-09-02 00:00,8,-0.00087788
2024-09-02 08:00,8,-0.00047092
2024-09-02 16:00,8,0.0001
2024-09-03 00:00,8,7.216e-05
2024-09-03 08:00,8,-0.00083957
2024-09-03 16:00,8,-0.00085654
2024-09-04 00:00,8,-0.00133941
2024-09-04 08:00,8,-0.00023193
2024-09-04 16:00,8,1.356e-05
2024-09-05 00:00,8,0.0001
2024-09-05 08:00,8,-0.00067797
2024-09-05 16:00,8,-0.00011067
2024-09-06 00:00,8,3.722e-05
2024-09-06 08:00,8,-0.00046165
2024-09-06 16:00,8,0.0001
2024-09-07 00:00,8,1.884e-05
2024-09-07 08:00,8,0.0001
2024-09-07 16:00,8,-0.00063041
2024-09-08 00:00,8,9.461e-05
2024-09-08 08:00,8,-0.00057372
2024-09-08 16:00,8,-0.00017434
2024-09-09 00:00,8,-0.00027603
2024-09-09 08:00,8,0.0001
2024-09-09 16:00,8,-0.00023588
2024-09-10 00:00,8,0.0001
2024-09-10 08:00,8,0.0001
2024-09-10 16:00,8,0.0001
2024-09-11 00:00,8,0.0001
2024-09-11 08:00,8,0.0001
2024-09-11 16:00,8,0.0001
2024-09-12 00:00,8,-0.0001853
2024-09-12 08:00,8,0.0001
2024-09-12 16:00,8,0.0001
2024-09-13 00:00,8,0.0001
2024-09-13 08:00,8,0.0001
2024-09-13 16:00,8,0.0001
2024-09-14 00:00,8,0.0001
2024-09-14 08:00,8,0.0001
2024-09-14 16:00,8,0.0001
2024-09-15 00:00,8,0.0001
2024-09-15 08:00,8,0.0001
2024-09-15 16:00,8,0.0001
2024-09-16 00:00,8,0.0001
2024-09-16 08:00,8,0.0001
2024-09-16 16:00,8,7.834e-05
2024-09-17 00:00,8,0.0001
2024-09-17 08:00,8,0.0001
2024-09-17 16:00,8,0.0001
2024-09-18 00:00,8,9.001e-05
2024-09-18 08:00,8,0.0001
2024-09-18 16:00,8,0.0001
2024-09-19 00:00,8,0.0001
2024-09-19 08:00,8,0.0001
2024-09-19 16:00,8,-3.595e-05
2024-09-20 00:00,8,-0.00028482
2024-09-20 08:00,8,0.0001
2024-09-20 16:00,8,0.0001
2024-09-21 00:00,8,0.0001
2024-09-21 08:00,8,0.0001
2024-09-21 16:00,8,0.0001
2024-09-22 00:00,8,0.0001
2024-09-22 08:00,8,0.0001
2024-09-22 16:00,8,0.0001
2024-09-23 00:00,8,0.0001
2024-09-23 08:00,8,0.0001
2024-09-23 16:00,8,0.0001
2024-09-24 00:00,8,0.0001
2024-09-24 08:00,8,0.0001
2024-09-24 16:00,8,0.0001
2024-09-25 00:00,8,0.0001
2024-09-25 08:00,8,0.0001
2024-09-25 16:00,8,0.0001
2024-09-26 00:00,8,0.0001
2024-09-26 08:00,8,0.0001
2024-09-26 16:00,8,0.0001
2024-09-27 00:00,8,0.0001
2024-09-27 08:00,8,0.00028637
2024-09-27 16:00,8,0.00024512
2024-09-28 00:00,8,0.0001
2024-09-28 08:00,8,0.0001
2024-09-28 16:00,8,0.0001
2024-09-29 00:00,8,0.00035547
2024-09-29 08:00,8,0.00018456
2024-09-29 16:00,8,0.0001
2024-09-30 00:00,8,0.0001
2024-09-30 08:00,8,0.0001
2024-09-30 16:00,8,0.0001
2024-10-01 00:00,8,0.0001
2024-10-01 08:00,8,0.0001
2024-10-01 16:00,8,0.0001
2024-10-02 00:00,8,0.0001
2024-10-02 08:00,8,0.0001
2024-10-02 16:00,8,0.0001
2024-10-03 00:00,8,0.0001
2024-10-03 08:00,8,0.0001
2024-10-03 16:00,8,0.0001
2024-10-04 00:00,8,0.0001
2024-10-04 08:00,8,0.0001
2024-10-04 16:00,8,0.0001
2024-10-05 00:00,8,0.0001
2024-10-05 08:00,8,0.0001
2024-10-05 16:00,8,0.0001
2024-10-06 00:00,8,0.0001
2024-10-06 08:00,8,0.0001
2024-10-06 16:00,8,0.0001
2024-10-07 00:00,8,0.0001
2024-10-07 08:00,8,0.0001
2024-10-07 16:00,8,0.0001
2024-10-08 00:00,8,0.0001
2024-10-08 08:00,8,0.0001
2024-10-08 16:00,8,0.0001
2024-10-09 00:00,8,0.0001
2024-10-09 08:00,8,0.0001
2024-10-09 16:00,8,0.0001
2024-10-10 00:00,8,0.0001
2024-10-10 08:00,8,0.0001
2024-10-10 16:00,8,0.0001
2024-10-11 00:00,8,0.0001
2024-10-11 08:00,8,0.0001
2024-10-11 16:00,8,0.0001
2024-10-12 00:00,8,0.0001
2024-10-12 08:00,8,0.0001
2024-10-12 16:00,8,0.0001
2024-10-13 00:00,8,0.0001
2024-10-13 08:00,8,0.0001
2024-10-13 16:00,8,0.0001
2024-10-14 00:00,8,0.0001
2024-10-14 08:00,8,0.0001
2024-10-14 16:00,8,0.0001
2024-10-15 00:00,8,0.0001
2024-10-15 08:00,8,0.0001
2024-10-15 16:00,8,0.0001
2024-10-16 00:00,8,0.0001
2024-10-16 08:00,8,0.0001
2024-10-16 16:00,8,0.0001
2024-10-17 00:00,8,0.0001
2024-10-17 08:00,8,0.0001
2024-10-17 16:00,8,0.0001
2024-10-18 00:00,8,0.0001
2024-10-18 08:00,8,0.0001
2024-10-18 16:00,8,0.0001
2024-10-19 00:00,8,0.0001
2024-10-19 08:00,8,0.0001
2024-10-19 16:00,8,0.0001
2024-10-20 00:00,8,0.0001
2024-10-20 08:00,8,0.0001
2024-10-20 16:00,8,0.0001
2024-10-21 00:00,8,0.0001
2024-10-21 08:00,8,0.0001
2024-10-21 16:00,8,0.0001
2024-10-22 00:00,8,0.00019089
2024-10-22 08:00,8,0.0001
2024-10-22 16:00,8,0.0001
2024-10-23 00:00,8,0.0001
2024-10-23 08:00,8,0.0001
2024-10-23 16:00,8,0.0001
2024-10-24 00:00,8,0.0001
2024-10-24 08:00,8,0.0001
2024-10-24 16:00,8,0.0001
2024-10-25 00:00,8,0.0001
2024-10-25 08:00,8,0.0001
2024-10-25 16:00,8,0.0001
2024-10-26 00:00,8,0.0001
2024-10-26 08:00,8,0.0001
2024-10-26 16:00,8,0.0001
2024-10-27 00:00,8,0.0001
2024-10-27 08:00,8,0.0001
2024-10-27 16:00,8,0.0001
2024-10-28 00:00,8,0.0001
2024-10-28 08:00,8,3.678e-05
2024-10-28 16:00,8,0.0001
2024-10-29 00:00,8,0.0001
2024-10-29 08:00,8,0.0001
2024-10-29 16:00,8,0.0001
2024-10-30 00:00,8,0.0001
2024-10-30 08:00,8,0.0001
2024-10-30 16:00,8,0.0001
2024-10-31 00:00,8,0.0001
2024-10-31 08:00,8,0.0001
2024-10-31 16:00,8,0.0001
2024-11-01 00:00,8,0.0001
2024-11-01 08:00,8,0.0001
2024-11-01 16:00,8,0.0001
2024-11-02 00:00,8,0.0001
2024-11-02 08:00,8,0.0001
2024-11-02 16:00,8,0.0001
2024-11-03 00:00,8,0.0001
2024-11-03 08:00,8,-0.00030377
2024-11-03 16:00,8,-0.00025219
2024-11-04 00:00,8,0.0001
2024-11-04 08:00,8,6.581e-05
2024-11-04 16:00,8,-0.00020803
2024-11-05 00:00,8,0.0001
2024-11-05 08:00,8,0.0001
2024-11-05 16:00,8,0.0001
2024-11-06 00:00,8,0.0001
2024-11-06 08:00,8,0.0001
2024-11-06 16:00,8,2.017e-05
2024-11-07 00:00,8,0.0001
2024-11-07 08:00,8,0.0001
2024-11-07 16:00,8,0.0001
2024-11-08 00:00,8,0.0001
2024-11-08 08:00,8,0.0001
2024-11-08 16:00,8,0.0001
2024-11-09 00:00,8,0.0001
2024-11-09 08:00,8,0.0001
2024-11-09 16:00,8,0.0001
2024-11-10 00:00,8,0.0001
2024-11-10 08:00,8,0.0001029
2024-11-10 16:00,8,0.00054456
2024-11-11 00:00,8,0.00017605
2024-11-11 08:00,8,0.00035846
2024-11-11 16:00,8,0.0001
2024-11-12 00:00,8,0.00041922
2024-11-12 08:00,8,0.0001
2024-11-12 16:00,8,0.0001
2024-11-13 00:00,8,0.00071229
2024-11-13 08:00,8,0.0001
2024-11-13 16:00,8,0.00023213
2024-11-14 00:00,8,0.00042096
2024-11-14 08:00,8,0.00095411
2024-11-14 16:00,8,0.00033039
2024-11-15 00:00,8,0.00021249
2024-11-15 08:00,8,0.0001
2024-11-15 16:00,8,0.00022117
2024-11-16 00:00,8,0.00117113
2024-11-16 08:00,8,0.00097095
2024-11-16 16:00,8,0.0014029
2024-11-17 00:00,8,0.00145421
2024-11-17 08:00,8,0.00032339
2024-11-17 16:00,8,0.00028479
2024-11-18 00:00,8,0.0001
2024-11-18 08:00,8,0.00046348
2024-11-18 16:00,8,0.00077549
2024-11-19 00:00,8,0.00036587
2024-11-19 08:00,8,0.00029086
2024-11-19 16:00,8,0.00012303
2024-11-20 00:00,8,0.0001
2024-11-20 08:00,8,0.0001
2024-11-20 16:00,8,0.0001
2024-11-21 00:00,8,0.0001
2024-11-21 08:00,8,0.0001
2024-11-21 16:00,8,0.00018686
2024-11-22 00:00,8,0.00040949
2024-11-22 08:00,8,0.00034155
2024-11-22 16:00,8,0.00029229
2024-11-23 00:00,8,0.0001
2024-11-23 08:00,8,0.000356
2024-11-23 16:00,8,0.00134892
2024-11-24 00:00,8,0.00059438
2024-11-24 08:00,8,0.00115903
2024-11-24 16:00,8,0.00023906
2024-11-25 00:00,8,0.00055616
2024-11-25 08:00,8,0.00016117
2024-11-25 16:00,8,0.0001
2024-11-26 00:00,8,0.00047828
2024-11-26 08:00,8,0.00015651
2024-11-26 16:00,8,0.0001
2024-11-27 00:00,8,0.00039933
2024-11-27 08:00,8,0.00097181
2024-11-27 16:00,8,0.00092229
2024-11-28 00:00,8,0.00038265
2024-11-28 08:00,8,0.0001
2024-11-28 16:00,8,0.0001
2024-11-29 00:00,8,0.00018447
2024-11-29 08:00,8,0.0006333
2024-11-29 16:00,8,0.00029738
2024-11-30 00:00,8,0.00050833
2024-11-30 08:00,8,0.00074641
2024-11-30 16:00,8,0.00055214
2024-12-01 00:00,8,0.00028438
2024-12-01 08:00,8,0.00047445
2024-12-01 16:00,8,0.00051521
2024-12-02 00:00,8,0.00081532
2024-12-02 08:00,8,0.00133282
2024-12-02 16:00,8,0.00118147
2024-12-03 00:00,8,0.0019274
2024-12-03 08:00,8,0.0019983
2024-12-03 16:00,8,0.00130321
2024-12-04 00:00,8,0.00294239
2024-12-04 08:00,8,0.00144451
2024-12-04 16:00,8,0.001831
2024-12-05 00:00,8,0.00147427
2024-12-05 08:00,8,0.00253629
2024-12-05 16:00,8,0.00243743
2024-12-06 00:00,8,0.00209088
2024-12-06 08:00,8,0.00134844
2024-12-06 16:00,8,0.00124895
2024-12-07 00:00,8,0.00127656
2024-12-07 08:00,8,0.00128188
2024-12-07 16:00,8,0.00129795
2024-12-08 00:00,8,0.00124625
2024-12-08 08:00,8,0.00115024
2024-12-08 16:00,8,0.00130239
2024-12-09 00:00,8,0.00143502
2024-12-09 08:00,8,0.00054164
2024-12-09 16:00,8,0.00083735
2024-12-10 00:00,8,0.0001
2024-12-10 08:00,8,6.559e-05
2024-12-10 16:00,8,0.0001
2024-12-11 00:00,8,0.0001
2024-12-11 08:00,8,0.0001
2024-12-11 16:00,8,0.0001
2024-12-12 00:00,8,0.0001
2024-12-12 08:00,8,0.0004676
2024-12-12 16:00,8,0.0001
2024-12-13 00:00,8,0.0001
2024-12-13 08:00,8,0.00069907
2024-12-13 16:00,8,0.00081224
2024-12-14 00:00,8,0.0001
2024-12-14 08:00,8,0.00015987
2024-12-14 16:00,8,0.0001
2024-12-15 00:00,8,0.0001
2024-12-15 08:00,8,0.0001
2024-12-15 16:00,8,0.0001
2024-12-16 00:00,8,0.0001
2024-12-16 08:00,8,0.00018535
2024-12-16 16:00,8,0.00024197
2024-12-17 00:00,8,0.00011622
2024-12-17 08:00,8,0.00034687
2024-12-17 16:00,8,0.00031369
2024-12-18 00:00,8,0.0001
2024-12-18 08:00,8,0.0001
2024-12-18 16:00,8,0.0001
2024-12-19 00:00,8,0.0001
2024-12-19 08:00,8,0.00026297
2024-12-19 16:00,8,0.00012935
2024-12-20 00:00,8,0.0001
2024-12-20 08:00,8,0.0001
2024-12-20 16:00,8,-0.00032072
2024-12-21 00:00,8,-0.00094678
2024-12-21 08:00,8,0.0001
2024-12-21 16:00,8,-0.00211839
2024-12-22 00:00,8,0.0001
2024-12-22 08:00,8,-0.00076074
2024-12-22 16:00,8,-0.00113251
2024-12-23 00:00,8,0.0001
2024-12-23 08:00,8,0.0001
2024-12-23 16:00,8,-8.719e-05
2024-12-24 00:00,8,0.00017772
2024-12-24 08:00,8,0.0001
2024-12-24 16:00,8,0.0001
2024-12-25 00:00,8,0.00011022
2024-12-25 08:00,8,0.0001
2024-12-25 16:00,8,0.0001
2024-12-26 00:00,8,0.0001
2024-12-26 08:00,8,0.0001
2024-12-26 16:00,8,0.0001
2024-12-27 00:00,8,0.0001
2024-12-27 08:00,8,0.0001
2024-12-27 16:00,8,0.00011003
2024-12-28 00:00,8,0.0001
2024-12-28 08:00,8,0.0001
2024-12-28 16:00,8,0.00049985
2024-12-29 00:00,8,0.00057276
2024-12-29 08:00,8,0.0001
2024-12-29 16:00,8,0.0001
2024-12-30 00:00,8,0.0001
2024-12-30 08:00,8,0.0001
2024-12-30 16:00,8,0.0001
2024-12-31 00:00,8,0.0001
2024-12-31 08:00,8,0.0001
2024-12-31 16:00,8,0.0001
2025-01-01 00:00,8,0.0001
2025-01-01 08:00,8,0.0001
2025-01-01 16:00,8,0.0001
2025-01-02 00:00,8,0.00045526
2025-01-02 08:00,8,0.0001
2025-01-02 16:00,8,0.0001
2025-01-03 00:00,8,0.0001
2025-01-03 08:00,8,0.0001
2025-01-03 16:00,8,0.00019087
2025-01-04 00:00,8,0.0001
2025-01-04 08:00,8,0.0001
2025-01-04 16:00,8,-0.00291245
2025-01-05 00:00,8,-0.00107887
2025-01-05 08:00,8,3.826e-05
2025-01-05 16:00,8,0.0001
2025-01-06 00:00,8,0.0001
2025-01-06 08:00,8,0.0001
2025-01-06 16:00,8,0.0001
2025-01-07 00:00,8,0.00013343
2025-01-07 08:00,8,0.00015732
2025-01-07 16:00,8,0.00017752
2025-01-08 00:00,8,0.0001
2025-01-08 08:00,8,-0.00059261
2025-01-08 16:00,8,0.0001
2025-01-09 00:00,8,0.0001
2025-01-09 08:00,8,0.0001
2025-01-09 16:00,8,0.0001
2025-01-10 00:00,8,0.00011355
2025-01-10 08:00,8,0.00010184
2025-01-10 16:00,8,0.0001
2025-01-11 00:00,8,0.0001
2025-01-11 08:00,8,0.0001
2025-01-11 16:00,8,0.0001
2025-01-12 00:00,8,0.0001
2025-01-12 08:00,8,0.00017157
2025-01-12 16:00,8,0.0001
2025-01-13 00:00,8,0.0001
2025-01-13 08:00,8,0.0001
2025-01-13 16:00,8,8.512e-05
2025-01-14 00:00,8,-0.00010302
2025-01-14 08:00,8,0.0001
2025-01-14 16:00,8,0.0001
2025-01-15 00:00,8,0.0001
2025-01-15 08:00,8,0.0001
2025-01-15 16:00,8,0.0001
2025-01-16 00:00,8,0.0001
2025-01-16 08:00,8,0.0001
2025-01-16 16:00,8,0.00024196
2025-01-17 00:00,8,0.00011723
2025-01-17 08:00,8,0.0001
2025-01-17 16:00,8,0.00043542
2025-01-18 00:00,8,0.0001
2025-01-18 08:00,8,0.00052554
2025-01-18 16:00,8,0.00031913
2025-01-19 00:00,8,0.0001
2025-01-19 08:00,8,0.0001
2025-01-19 16:00,8,0.0001
2025-01-20 00:00,8,0.0001
2025-01-20 08:00,8,0.0001
2025-01-20 16:00,8,0.0001
2025-01-21 00:00,8,0.0001
2025-01-21 08:00,8,0.0001
2025-01-21 16:00,8,0.0001
2025-01-22 00:00,8,0.0001
2025-01-22 08:00,8,0.0001
2025-01-22 16:00,8,0.0001
2025-01-23 00:00,8,0.0001
2025-01-23 08:00,8,0.0001
2025-01-23 16:00,8,0.00038665
2025-01-24 00:00,8,0.0001484
2025-01-24 08:00,8,0.0001
2025-01-24 16:00,8,0.0001
2025-01-25 00:00,8,1.444e-05
2025-01-25 08:00,8,2.533e-05
2025-01-25 16:00,8,0.0001
2025-01-26 00:00,8,0.0001
2025-01-26 08:00,8,0.0001
2025-01-26 16:00,8,0.0001
2025-01-27 00:00,8,0.0001
2025-01-27 08:00,8,-0.00041441
2025-01-27 16:00,8,0.0001
2025-01-28 00:00,8,0.0001
2025-01-28 08:00,8,0.0001
2025-01-28 16:00,8,0.0001
2025-01-29 00:00,8,0.0001
2025-01-29 08:00,8,0.0001
2025-01-29 16:00,8,0.0001
2025-01-30 00:00,8,0.0001
2025-01-30 08:00,8,1.88e-06
2025-01-30 16:00,8,0.0001
2025-01-31 00:00,8,0.0001
2025-01-31 08:00,8,0.00014015
2025-01-31 16:00,8,0.0001
2025-02-01 00:00,8,0.00040466
2025-02-01 08:00,8,0.00012612
2025-02-01 16:00,8,0.0001
2025-02-02 00:00,8,0.0001
2025-02-02 08:00,8,0.0001
2025-02-02 16:00,8,0.0001044
2025-02-03 00:00,8,0.0001
2025-02-03 08:00,8,0.0001
2025-02-03 16:00,8,0.0001
2025-02-04 00:00,8,0.0001
2025-02-04 08:00,8,0.0001
2025-02-04 16:00,8,0.0001
2025-02-05 00:00,8,0.0001
2025-02-05 08:00,8,-1.491e-05
2025-02-05 16:00,8,-0.00049454
2025-02-06 00:00,8,-0.00013813
2025-02-06 08:00,8,0.0001
2025-02-06 16:00,8,0.0001
2025-02-07 00:00,8,0.0001
2025-02-07 08:00,8,0.0001
2025-02-07 16:00,8,0.0001
2025-02-08 00:00,8,0.0001
2025-02-08 08:00,8,8.006e-05
2025-02-08 16:00,8,0.0001
2025-02-09 00:00,8,0.0001
2025-02-09 08:00,8,0.0001
2025-02-09 16:00,8,2.964e-05
2025-02-10 00:00,8,0.0001
2025-02-10 08:00,8,0.0001
2025-02-10 16:00,8,0.0001
2025-02-11 00:00,8,0.00014777
2025-02-11 08:00,8,0.0001
2025-02-11 16:00,8,0.0001
2025-02-12 00:00,8,0.0001
2025-02-12 08:00,8,0.0001
2025-02-12 16:00,8,0.0001
2025-02-13 00:00,8,0.0001
2025-02-13 08:00,8,0.0001
2025-02-13 16:00,8,0.0001
2025-02-14 00:00,8,0.0001
2025-02-14 08:00,8,0.00012244
2025-02-14 16:00,8,0.0001
2025-02-15 00:00,8,0.0001
2025-02-15 08:00,8,0.0001
2025-02-15 16:00,8,0.0001
2025-02-16 00:00,8,0.00029959
2025-02-16 08:00,8,0.0001
2025-02-16 16:00,8,0.0001
2025-02-17 00:00,8,0.0001
2025-02-17 08:00,8,0.0001
2025-02-17 16:00,8,0.0001
2025-02-18 00:00,8,0.0001
2025-02-18 08:00,8,0.0001
2025-02-18 16:00,8,0.0001
2025-02-19 00:00,8,0.0001
2025-02-19 08:00,8,0.0001
2025-02-19 16:00,8,0.0001
2025-02-20 00:00,8,0.0001
2025-02-20 08:00,8,0.0001525
2025-02-20 16:00,8,0.0001
2025-02-21 00:00,8,0.0001
2025-02-21 08:00,8,0.0001
2025-02-21 16:00,8,0.0001
2025-02-22 00:00,8,0.0001
2025-02-22 08:00,8,0.0001
2025-02-22 16:00,8,0.0001
2025-02-23 00:00,8,0.0001
2025-02-23 08:00,8,0.0001
2025-02-23 16:00,8,0.0001
2025-02-24 00:00,8,0.0001
2025-02-24 08:00,8,0.0001
2025-02-24 16:00,8,0.0001
2025-02-25 00:00,8,0.0001
2025-02-25 08:00,8,0.0001
2025-02-25 16:00,8,0.0001
2025-02-26 00:00,8,0.00015913
2025-02-26 08:00,8,0.0001
2025-02-26 16:00,8,0.0001
2025-02-27 00:00,8,0.00036745
2025-02-27 08:00,8,0.0001
2025-02-27 16:00,8,0.00010346
2025-02-28 00:00,8,0.00043521
2025-02-28 08:00,8,0.0001
2025-02-28 16:00,8,0.0001
2025-03-01 00:00,8,0.0001
2025-03-01 08:00,8,0.0001
2025-03-01 16:00,8,0.00026624
2025-03-02 00:00,8,0.0001
2025-03-02 08:00,8,0.0001
2025-03-02 16:00,8,0.0001
2025-03-03 00:00,8,0.0001
2025-03-03 08:00,8,0.0001
2025-03-03 16:00,8,0.00029556
2025-03-04 00:00,8,0.00170481
2025-03-04 08:00,8,0.00222975
2025-03-04 16:00,8,0.00019432
2025-03-05 00:00,8,0.0001
2025-03-05 08:00,8,0.0001
2025-03-05 16:00,8,0.00165658
2025-03-06 00:00,8,0.00130532
2025-03-06 08:00,8,0.0001
2025-03-06 16:00,8,0.0001
2025-03-07 00:00,8,0.0001
2025-03-07 08:00,8,0.0001
2025-03-07 16:00,8,0.0001
2025-03-08 00:00,8,0.0001
2025-03-08 08:00,8,0.0001
2025-03-08 16:00,8,0.0001
2025-03-09 00:00,8,-6.177e-05
2025-03-09 08:00,8,0.0001
2025-03-09 16:00,8,0.0001
2025-03-10 00:00,8,-0.00014914
2025-03-10 08:00,8,0.0001
2025-03-10 16:00,8,0.0001
2025-03-11 00:00,8,0.0001
2025-03-11 08:00,8,0.0001
2025-03-11 16:00,8,0.0001
2025-03-12 00:00,8,0.0001
2025-03-12 08:00,8,0.0001
2025-03-12 16:00,8,0.0001
2025-03-13 00:00,8,0.00121858
2025-03-13 08:00,8,0.0010477
2025-03-13 16:00,8,0.00125448
2025-03-14 00:00,8,0.00126893
2025-03-14 08:00,8,0.0001
2025-03-14 16:00,8,0.00085551
2025-03-15 00:00,8,0.0001
2025-03-15 08:00,8,0.0001
2025-03-15 16:00,8,0.0001
2025-03-16 00:00,8,0.0001
2025-03-16 08:00,8,0.0001
2025-03-16 16:00,8,0.0001
2025-03-17 00:00,8,0.0001
2025-03-17 08:00,8,0.0001
2025-03-17 16:00,8,0.0001
2025-03-18 00:00,8,0.0001
2025-03-18 08:00,8,0.0001
2025-03-18 16:00,8,0.0001
2025-03-19 00:00,8,0.0001
2025-03-19 08:00,8,0.0001
2025-03-19 16:00,8,0.0001
2025-03-20 00:00,8,0.0001
2025-03-20 08:00,8,0.0001
2025-03-20 16:00,8,0.0001
2025-03-21 00:00,8,5.7e-05
2025-03-21 08:00,8,0.0001
2025-03-21 16:00,8,0.0001
2025-03-22 00:00,8,-0.00028699
2025-03-22 08:00,8,-8.433e-05
2025-03-22 16:00,8,0.0001
2025-03-23 00:00,8,0.0001
2025-03-23 08:00,8,6.297e-05
2025-03-23 16:00,8,0.0001
2025-03-24 00:00,8,0.0001
2025-03-24 08:00,8,0.0001
2025-03-24 16:00,8,4.632e-05
2025-03-25 00:00,8,0.0001
2025-03-25 08:00,8,0.0001
2025-03-25 16:00,8,1.909e-05
2025-03-26 00:00,8,0.0001
2025-03-26 08:00,8,4.046e-05
2025-03-26 16:00,8,0.0001
2025-03-27 00:00,8,0.0001
2025-03-27 08:00,8,0.0001
2025-03-27 16:00,8,0.0001
2025-03-28 00:00,8,0.0001
2025-03-28 08:00,8,6.3e-07
2025-03-28 16:00,8,0.0001
2025-03-29 00:00,8,0.0001
2025-03-29 08:00,8,0.0001
2025-03-29 16:00,8,0.0001
2025-03-30 00:00,8,0.0001
2025-03-30 08:00,8,4.2e-05
2025-03-30 16:00,8,0.0001
2025-03-31 00:00,8,0.0001
2025-03-31 08:00,8,0.0001
2025-03-31 16:00,8,0.0001
2025-04-01 00:00,8,0.0001
2025-04-01 08:00,8,0.0001
2025-04-01 16:00,8,0.0001
2025-04-02 00:00,8,0.0001
2025-04-02 08:00,8,0.0001
2025-04-02 16:00,8,8.75e-05
2025-04-03 00:00,8,-0.00023209
2025-04-03 08:00,8,0.0001
2025-04-03 16:00,8,0.0001
2025-04-04 00:00,8,0.0001
2025-04-04 08:00,8,0.0001
2025-04-04 16:00,8,0.0001
2025-04-05 00:00,8,0.0001
2025-04-05 08:00,8,0.0001
2025-04-05 16:00,8,0.0001
2025-04-06 00:00,8,0.0001
2025-04-06 08:00,8,0.0001
2025-04-06 16:00,8,0.0001
2025-04-07 00:00,8,0.0001
2025-04-07 08:00,8,7.425e-05
2025-04-07 16:00,8,0.0001
2025-04-08 00:00,8,0.0001
2025-04-08 08:00,8,-0.0002793
2025-04-08 16:00,8,0.0001
2025-04-09 00:00,8,0.0001
2025-04-09 08:00,8,0.0001
2025-04-09 16:00,8,0.0001
2025-04-10 00:00,8,0.0001
2025-04-10 08:00,8,0.0001
2025-04-10 16:00,8,0.0001
2025-04-11 00:00,8,0.0001
2025-04-11 08:00,8,0.0001
2025-04-11 16:00,8,0.0001
2025-04-12 00:00,8,-6.549e-05
2025-04-12 08:00,8,-0.00020926
2025-04-12 16:00,8,0.0001
2025-04-13 00:00,8,0.0001
2025-04-13 08:00,8,2.114e-05
2025-04-13 16:00,8,0.0001
2025-04-14 00:00,8,0.0001
2025-04-14 08:00,8,-3.184e-05
2025-04-14 16:00,8,-0.00079652
2025-04-15 00:00,8,-0.00139237
2025-04-15 08:00,8,0.0001
2025-04-15 16:00,8,-0.00034784
2025-04-16 00:00,8,-0.00031611
2025-04-16 08:00,8,-0.00061663
2025-04-16 16:00,8,-0.00062039
2025-04-17 00:00,8,-0.00028481
2025-04-17 08:00,8,-7.318e-05
2025-04-17 16:00,8,0.0001
2025-04-18 00:00,8,0.0001
2025-04-18 08:00,8,0.0001
2025-04-18 16:00,8,0.0001
2025-04-19 00:00,8,0.0007981
2025-04-19 08:00,8,0.0010768
2025-04-19 16:00,8,0.00057963
2025-04-20 00:00,8,0.0001376
2025-04-20 08:00,8,0.0001
2025-04-20 16:00,8,0.0001
2025-04-21 00:00,8,0.00014091
2025-04-21 08:00,8,0.0001
2025-04-21 16:00,8,0.0001
2025-04-22 00:00,8,-9.752e-05
2025-04-22 08:00,8,6.452e-05
2025-04-22 16:00,8,9.571e-05
2025-04-23 00:00,8,-5.163e-05
2025-04-23 08:00,8,0.0001
2025-04-23 16:00,8,-0.00024111
2025-04-24 00:00,8,-0.00054888
2025-04-24 08:00,8,0.0001
2025-04-24 16:00,8,0.0001
2025-04-25 00:00,8,0.0001
2025-04-25 08:00,8,0.0001
2025-04-25 16:00,8,0.0001
2025-04-26 00:00,8,0.0001
2025-04-26 08:00,8,0.0001
2025-04-26 16:00,8,0.0001
2025-04-27 00:00,8,0.0001
2025-04-27 08:00,8,0.0001
2025-04-27 16:00,8,0.0001
2025-04-28 00:00,8,1.437e-05
2025-04-28 08:00,8,-0.00652497
2025-04-28 16:00,8,-0.00211575
2025-04-29 00:00,8,0.0001
2025-04-29 08:00,8,-0.00023666
2025-04-29 16:00,8,0.0001
2025-04-30 00:00,8,0.0001
2025-04-30 08:00,8,0.0001
2025-04-30 16:00,8,0.0001363
2025-05-01 00:00,8,0.0007357
2025-05-01 08:00,8,0.0001
2025-05-01 16:00,8,0.00107341
2025-05-02 00:00,8,0.0011505
2025-05-02 08:00,8,0.0001
2025-05-02 16:00,8,0.00064918
2025-05-03 00:00,8,0.00312027
2025-05-03 08:00,8,0.00102787
2025-05-03 16:00,8,0.00129933
2025-05-04 00:00,8,0.00156059
2025-05-04 08:00,8,0.00123386
2025-05-04 16:00,8,0.00111549
2025-05-05 00:00,8,0.00092219
2025-05-05 08:00,8,0.00198138
2025-05-05 16:00,8,0.00169146
2025-05-06 00:00,8,0.00165771
2025-05-06 08:00,8,0.00045291
2025-05-06 16:00,8,-0.00109687
2025-05-07 00:00,8,0.0016581
2025-05-07 08:00,8,0.00021361
2025-05-07 16:00,8,-0.00044748
2025-05-08 00:00,8,0.0001
2025-05-08 08:00,8,-1.21e-06
2025-05-08 16:00,8,-0.00078891
2025-05-09 00:00,8,-3.653e-05
2025-05-09 08:00,8,4.786e-05
2025-05-09 16:00,8,-0.00028823
2025-05-10 00:00,8,-0.0005327
2025-05-10 08:00,8,-8.472e-05
2025-05-10 16:00,8,-0.00052105
2025-05-11 00:00,8,0.0001
2025-05-11 08:00,8,-2.442e-05
2025-05-11 16:00,8,-0.00013558
2025-05-12 00:00,8,-0.00026359
2025-05-12 08:00,8,-0.00035062
2025-05-12 16:00,8,4.79e-05
2025-05-13 00:00,8,0.0001
2025-05-13 08:00,8,0.0001
2025-05-13 16:00,8,5.09e-06
2025-05-14 00:00,8,7.125e-05
2025-05-14 08:00,8,6.18e-06
2025-05-14 16:00,8,0.0001
2025-05-15 00:00,8,0.0001
2025-05-15 08:00,8,-0.00017912
2025-05-15 16:00,8,0.0001
2025-05-16 00:00,8,0.0001
2025-05-16 08:00,8,0.0001
2025-05-16 16:00,8,0.0001
2025-05-17 00:00,8,0.0001
2025-05-17 08:00,8,0.0001
2025-05-17 16:00,8,0.0001
2025-05-18 00:00,8,0.0001
2025-05-18 08:00,8,0.0001
2025-05-18 16:00,8,0.0001
2025-05-19 00:00,8,0.00017355
2025-05-19 08:00,8,0.0001
2025-05-19 16:00,8,0.0001
2025-05-20 00:00,8,0.0001
2025-05-20 08:00,8,0.0001
2025-05-20 16:00,8,0.0001
2025-05-21 00:00,8,0.0001
2025-05-21 08:00,8,0.0001
2025-05-21 16:00,8,0.0001
2025-05-22 00:00,8,0.0001
2025-05-22 08:00,8,0.0001
2025-05-22 16:00,8,0.0001
2025-05-23 00:00,8,0.00014482
2025-05-23 08:00,8,0.0001
2025-05-23 16:00,8,0.0001
2025-05-24 00:00,8,0.0001
2025-05-24 08:00,8,0.0001
2025-05-24 16:00,8,0.0001
2025-05-25 00:00,8,0.0001
2025-05-25 08:00,8,0.0001
2025-05-25 16:00,8,0.0001
2025-05-26 00:00,8,0.0001
2025-05-26 08:00,8,0.0001
2025-05-26 16:00,8,0.0001
2025-05-27 00:00,8,0.0001
2025-05-27 08:00,8,0.0001
2025-05-27 16:00,8,0.0001
2025-05-28 00:00,8,0.0001
2025-05-28 08:00,8,0.00048024
2025-05-28 16:00,8,0.0001
2025-05-29 00:00,8,0.0001
2025-05-29 08:00,8,0.0001
2025-05-29 16:00,8,0.0001
2025-05-30 00:00,8,0.0001
2025-05-30 08:00,8,0.0001
2025-05-30 16:00,8,0.0001
2025-05-31 00:00,8,0.0001
2025-05-31 08:00,8,0.0001
2025-05-31 16:00,8,0.0001
2025-06-01 00:00,8,0.0001
2025-06-01 08:00,8,0.0001
2025-06-01 16:00,8,0.0001
2025-06-02 00:00,8,0.0001
2025-06-02 08:00,8,0.0001
2025-06-02 16:00,8,0.0001
2025-06-03 00:00,8,0.0001
2025-06-03 08:00,8,0.0001
2025-06-03 16:00,8,0.0002839
2025-06-04 00:00,8,0.00019175
2025-06-04 08:00,8,0.0001
2025-06-04 16:00,8,0.0001
2025-06-05 00:00,8,0.0001
2025-06-05 08:00,8,0.0001
2025-06-05 16:00,8,0.0001
2025-06-06 00:00,8,0.0001
2025-06-06 08:00,8,0.0001
2025-06-06 16:00,8,0.0001
2025-06-07 00:00,8,0.0001
2025-06-07 08:00,8,0.0001
2025-06-07 16:00,8,0.0001
2025-06-08 00:00,8,0.0001
2025-06-08 08:00,8,0.0001
2025-06-08 16:00,8,0.0001
2025-06-09 00:00,8,0.0001
2025-06-09 08:00,8,0.0001
2025-06-09 16:00,8,0.0001
2025-06-10 00:00,8,0.0001
2025-06-10 08:00,8,0.0001
2025-06-10 16:00,8,0.0001
2025-06-11 00:00,8,0.0001
2025-06-11 08:00,8,0.0001
2025-06-11 16:00,8,0.0001
2025-06-12 00:00,8,0.0001
2025-06-12 08:00,8,0.0001
2025-06-12 16:00,8,0.0001
2025-06-13 00:00,8,0.0001
2025-06-13 08:00,8,0.0001
2025-06-13 16:00,8,0.0001
2025-06-14 00:00,8,0.0001
2025-06-14 08:00,8,0.0001
2025-06-14 16:00,8,0.0001
2025-06-15 00:00,8,0.0001
2025-06-15 08:00,8,0.0001
2025-06-15 16:00,8,0.0001
2025-06-16 00:00,8,0.0001
2025-06-16 08:00,8,0.0001
2025-06-16 16:00,8,0.0001
2025-06-17 00:00,8,0.0001
2025-06-17 08:00,8,0.0001
2025-06-17 16:00,8,0.0001
2025-06-18 00:00,8,0.0001
2025-06-18 08:00,8,0.0001
2025-06-18 16:00,8,0.0001
2025-06-19 00:00,8,0.0001
2025-06-19 08:00,8,0.0001
2025-06-19 16:00,8,0.0001
2025-06-20 00:00,8,0.0001
2025-06-20 08:00,8,0.0001
2025-06-20 16:00,8,0.0001
2025-06-21 00:00,8,0.0001
2025-06-21 08:00,8,0.0001
2025-06-21 16:00,8,0.0001
2025-06-22 00:00,8,0.0001
2025-06-22 08:00,8,0.0001
2025-06-22 16:00,8,0.0001
2025-06-23 00:00,8,0.0001
2025-06-23 08:00,8,0.0001
2025-06-23 16:00,8,0.0001
2025-06-24 00:00,8,0.0001
2025-06-24 08:00,8,0.0001
2025-06-24 16:00,8,0.0001
2025-06-25 00:00,8,0.0001
2025-06-25 08:00,8,0.0001
2025-06-25 16:00,8,0.0001
2025-06-26 00:00,8,0.0001
2025-06-26 08:00,8,0.0001
2025-06-26 16:00,8,0.0001
2025-06-27 00:00,8,0.00023409
2025-06-27 08:00,8,0.00033427
2025-06-27 16:00,8,0.00027302
2025-06-28 00:00,8,0.00021201
2025-06-28 08:00,8,0.0001
2025-06-28 16:00,8,0.0001
2025-06-29 00:00,8,0.0001
2025-06-29 08:00,8,0.0001
2025-06-29 16:00,8,0.0001
2025-06-30 00:00,8,0.0001
2025-06-30 08:00,8,0.0001
2025-06-30 16:00,8,0.0001
2025-07-01 00:00,8,0.0001
2025-07-01 08:00,8,0.0001
2025-07-01 16:00,8,0.0001
2025-07-02 00:00,8,0.0001
2025-07-02 08:00,8,0.0001
2025-07-02 16:00,8,0.0001515
2025-07-03 00:00,8,0.00072039
2025-07-03 08:00,8,0.00032133
2025-07-03 16:00,8,0.00029189
2025-07-04 00:00,8,0.00037916
2025-07-04 08:00,8,0.0001
2025-07-04 16:00,8,0.0001
2025-07-05 00:00,8,0.0001
2025-07-05 08:00,8,0.0001
2025-07-05 16:00,8,0.0001
2025-07-06 00:00,8,0.0001
2025-07-06 08:00,8,0.0001
2025-07-06 16:00,8,0.0001
2025-07-07 00:00,8,0.0001
2025-07-07 08:00,8,0.0001
2025-07-07 16:00,8,0.0001
2025-07-08 00:00,8,0.0001
2025-07-08 08:00,8,0.0001
2025-07-08 16:00,8,0.0001
2025-07-09 00:00,8,0.0001
2025-07-09 08:00,8,0.0001
2025-07-09 16:00,8,0.0001
2025-07-10 00:00,8,0.0001
2025-07-10 08:00,8,0.0001
2025-07-10 16:00,8,0.0001
2025-07-11 00:00,8,0.00030163
2025-07-11 08:00,8,0.00044455
2025-07-11 16:00,8,0.00066176
2025-07-12 00:00,8,0.0001
2025-07-12 08:00,8,0.0001
2025-07-12 16:00,8,0.00010907
2025-07-13 00:00,8,0.0001
2025-07-13 08:00,8,0.0001
2025-07-13 16:00,8,0.00013694
2025-07-14 00:00,8,0.00069238
2025-07-14 08:00,8,0.0001
2025-07-14 16:00,8,0.0001
2025-07-15 00:00,8,0.00043119
2025-07-15 08:00,8,0.0001
2025-07-15 16:00,8,0.00048614
2025-07-16 00:00,8,0.00052167
2025-07-16 08:00,8,0.00028577
2025-07-16 16:00,8,0.00050951
2025-07-17 00:00,8,0.0001649
2025-07-17 08:00,8,0.0001
2025-07-17 16:00,8,0.00017842
2025-07-18 00:00,8,0.0003202
2025-07-18 08:00,8,0.00165169
2025-07-18 16:00,8,0.00048861
2025-07-19 00:00,8,0.00051244
2025-07-19 08:00,8,0.0001
2025-07-19 16:00,8,0.0001
2025-07-20 00:00,8,0.00064169
2025-07-20 08:00,8,0.00014481
2025-07-20 16:00,8,0.0004121
2025-07-21 00:00,8,0.00070662
2025-07-21 08:00,8,0.00013929
2025-07-21 16:00,8,0.00043561
2025-07-22 00:00,8,0.0001
2025-07-22 08:00,8,0.0001
2025-07-22 16:00,8,0.0001
2025-07-23 00:00,8,0.00044638
2025-07-23 08:00,8,0.0001
2025-07-23 16:00,8,0.0001
2025-07-24 00:00,8,0.0001
2025-07-24 08:00,8,-0.00020428
2025-07-24 16:00,8,-0.00016598
2025-07-25 00:00,8,0.0001
2025-07-25 08:00,8,-2.579e-05
2025-07-25 16:00,8,0.0001
2025-07-26 00:00,8,0.00074394
2025-07-26 08:00,8,0.0001
2025-07-26 16:00,8,0.00015627
2025-07-27 00:00,8,0.0001
2025-07-27 08:00,8,0.0001
2025-07-27 16:00,8,0.0001
2025-07-28 00:00,8,0.0001
2025-07-28 08:00,8,0.0001
2025-07-28 16:00,8,0.0001
2025-07-29 00:00,8,0.0001
2025-07-29 08:00,8,0.0001
2025-07-29 16:00,8,0.0001
2025-07-30 00:00,8,0.0001
2025-07-30 08:00,8,0.0001
2025-07-30 16:00,8,0.00014082
2025-07-31 00:00,8,0.00011982
2025-07-31 08:00,8,0.0001
2025-07-31 16:00,8,0.0001
2025-08-01 00:00,8,0.0001
2025-08-01 08:00,8,0.0001
2025-08-01 16:00,8,0.0001
2025-08-02 00:00,8,0.0001
2025-08-02 08:00,8,0.0001
2025-08-02 16:00,8,0.0001
2025-08-03 00:00,8,0.0001
2025-08-03 08:00,8,0.0001
2025-08-03 16:00,8,0.0001
2025-08-04 00:00,8,0.0001
2025-08-04 08:00,8,-0.00023763
2025-08-04 16:00,8,0.0001
2025-08-05 00:00,8,0.0001
2025-08-05 08:00,8,0.0001
2025-08-05 16:00,8,0.0001
2025-08-06 00:00,8,0.0001
2025-08-06 08:00,8,0.0001
2025-08-06 16:00,8,0.0001
2025-08-07 00:00,8,0.0001
2025-08-07 08:00,8,0.0001
2025-08-07 16:00,8,0.00030496
2025-08-08 00:00,8,0.00089093
2025-08-08 08:00,8,0.00059153
2025-08-08 16:00,8,0.0001
2025-08-09 00:00,8,0.0001
2025-08-09 08:00,8,0.0001
2025-08-09 16:00,8,0.00037366
2025-08-10 00:00,8,0.0001
2025-08-10 08:00,8,0.0001
2025-08-10 16:00,8,0.00021942
2025-08-11 00:00,8,0.0001
2025-08-11 08:00,8,0.00013699
2025-08-11 16:00,8,0.00019439
2025-08-12 00:00,8,0.00021733
2025-08-12 08:00,8,0.00099472
2025-08-12 16:00,8,0.00075827
2025-08-13 00:00,8,0.00063755
2025-08-13 08:00,8,0.0001
2025-08-13 16:00,8,0.0001
2025-08-14 00:00,8,0.00081672
2025-08-14 08:00,8,0.0001
2025-08-14 16:00,8,0.00019577
2025-08-15 00:00,8,0.00012485
2025-08-15 08:00,8,0.00045964
2025-08-15 16:00,8,0.0001
2025-08-16 00:00,8,0.0001
2025-08-16 08:00,8,0.00118783
2025-08-16 16:00,8,0.00077902
2025-08-17 00:00,8,0.00207404
2025-08-17 08:00,8,0.00253258
2025-08-17 16:00,8,0.00163206
2025-08-18 00:00,8,0.00239787
2025-08-18 08:00,8,0.00019204
2025-08-18 16:00,8,0.00102311
2025-08-19 00:00,8,0.0001
2025-08-19 08:00,8,0.0007252
2025-08-19 16:00,8,0.0001
2025-08-20 00:00,8,0.0001
2025-08-20 08:00,8,0.0001
2025-08-20 16:00,8,0.0001
2025-08-21 00:00,8,0.0001
2025-08-21 08:00,8,0.0001
2025-08-21 16:00,8,0.0001
2025-08-22 00:00,8,0.00048926
2025-08-22 08:00,8,0.0001
2025-08-22 16:00,8,0.0001
2025-08-23 00:00,8,0.00020674
2025-08-23 08:00,8,0.0001
2025-08-23 16:00,8,0.0001
2025-08-24 00:00,8,0.0001
2025-08-24 08:00,8,0.0001
2025-08-24 16:00,8,0.0001
2025-08-25 00:00,8,0.0001
2025-08-25 08:00,8,0.0001
2025-08-25 16:00,8,0.0001
2025-08-26 00:00,8,0.0001
2025-08-26 08:00,8,0.0001
2025-08-26 16:00,8,0.0001
2025-08-27 00:00,8,0.0001
2025-08-27 08:00,8,0.0001
2025-08-27 16:00,8,0.0001
2025-08-28 00:00,8,0.0001
2025-08-28 08:00,8,0.0001
2025-08-28 16:00,8,0.0001
2025-08-29 00:00,8,0.0001
2025-08-29 08:00,8,0.0001
2025-08-29 16:00,8,0.0001
2025-08-30 00:00,8,0.0001
2025-08-30 08:00,8,0.0001
2025-08-30 16:00,8,0.0001
2025-08-31 00:00,8,0.0001
2025-08-31 08:00,8,0.0001
2025-08-31 16:00,8,0.0001
2025-09-01 00:00,8,0.0001
2025-09-01 08:00,8,0.0001
2025-09-01 16:00,8,0.0001
2025-09-02 00:00,8,0.0001
2025-09-02 08:00,8,0.0001
2025-09-02 16:00,8,0.0001
2025-09-03 00:00,8,0.0001
2025-09-03 08:00,8,0.0001
2025-09-03 16:00,8,0.0001
2025-09-04 00:00,8,0.0001
2025-09-04 08:00,8,0.0001
2025-09-04 16:00,8,0.0001
2025-09-05 00:00,8,0.0001
2025-09-05 08:00,8,0.0001
2025-09-05 16:00,8,0.0001
2025-09-06 00:00,8,0.00013069
2025-09-06 08:00,8,0.0001
2025-09-06 16:00,8,0.0001
2025-09-07 00:00,8,0.00036179
2025-09-07 08:00,8,0.00011304
2025-09-07 16:00,8,0.0003916
2025-09-08 00:00,8,0.00052852
2025-09-08 08:00,8,0.00027551
2025-09-08 16:00,8,0.0001
2025-09-09 00:00,8,0.00033269
2025-09-09 08:00,8,0.0001
2025-09-09 16:00,8,0.0001
2025-09-10 00:00,8,0.00054382
2025-09-10 08:00,8,0.00014499
2025-09-10 16:00,8,0.0001
2025-09-11 00:00,8,0.0001
2025-09-11 08:00,8,0.00011967
2025-09-11 16:00,8,0.0001
2025-09-12 00:00,8,0.00031972
2025-09-12 08:00,8,0.0001
2025-09-12 16:00,8,0.0001
2025-09-13 00:00,8,0.0001
2025-09-13 08:00,8,0.0001
2025-09-13 16:00,8,0.00011225
2025-09-14 00:00,8,0.0004082
2025-09-14 08:00,8,0.0001
2025-09-14 16:00,8,0.0001
2025-09-15 00:00,8,0.0001
2025-09-15 08:00,8,0.00094826
2025-09-15 16:00,8,0.00013495
2025-09-16 00:00,8,0.0001
2025-09-16 08:00,8,0.0001
2025-09-16 16:00,8,-1.13e-05
2025-09-17 00:00,8,0.0001
2025-09-17 08:00,8,0.0001
2025-09-17 16:00,8,0.00010082
2025-09-18 00:00,8,0.0001
2025-09-18 08:00,8,0.00035248
2025-09-18 16:00,8,0.0001
2025-09-19 00:00,8,0.00037059
2025-09-19 08:00,8,0.00058075
2025-09-19 16:00,8,0.0001
2025-09-20 00:00,8,0.0001
2025-09-20 08:00,8,0.0002155
2025-09-20 16:00,8,0.00050335
2025-09-21 00:00,8,0.0001
2025-09-21 08:00,8,0.0001
2025-09-21 16:00,8,0.00023349
2025-09-22 00:00,8,0.00018421
2025-09-22 08:00,8,0.0001
2025-09-22 16:00,8,0.00073177
2025-09-23 00:00,8,0.00044291
2025-09-23 08:00,8,0.0001
2025-09-23 16:00,8,0.00050923
2025-09-24 00:00,8,0.00140681
2025-09-24 08:00,8,0.00059578
2025-09-24 16:00,8,0.00059911
2025-09-25 00:00,8,0.00125122
2025-09-25 08:00,8,0.0001
2025-09-25 16:00,8,-0.00125494
2025-09-26 00:00,8,0.0001
2025-09-26 08:00,8,0.0001
2025-09-26 16:00,8,0.0001
2025-09-27 00:00,8,0.00047607
2025-09-27 08:00,8,0.00012301
2025-09-27 16:00,8,0.0001
2025-09-28 00:00,8,0.0001
2025-09-28 08:00,8,0.0001
2025-09-28 16:00,8,0.0001
2025-09-29 00:00,8,0.0001
2025-09-29 08:00,8,0.0001
2025-09-29 16:00,8,0.0001
2025-09-30 00:00,8,0.0001
2025-09-30 08:00,8,0.0001
2025-09-30 16:00,8,0.0001
2025-10-01 00:00,8,0.0001
2025-10-01 08:00,8,0.0001
2025-10-01 16:00,8,0.0001
2025-10-02 00:00,8,0.00030276
2025-10-02 08:00,8,0.0001
2025-10-02 16:00,8,0.00016336
2025-10-03 00:00,8,0.00064633
2025-10-03 08:00,8,0.00034093
2025-10-03 16:00,8,0.0001
2025-10-04 00:00,8,0.00058395
2025-10-04 08:00,8,0.00023558
2025-10-04 16:00,8,0.0001
2025-10-05 00:00,8,0.00030636
2025-10-05 08:00,8,0.00024091
2025-10-05 16:00,8,0.0002766
2025-10-06 00:00,8,0.00019839
2025-10-06 08:00,8,0.000404
2025-10-06 16:00,8,0.00019556
2025-10-07 00:00,8,0.00042486
2025-10-07 08:00,8,0.0001
2025-10-07 16:00,8,0.0001
2025-10-08 00:00,8,0.0001
2025-10-08 08:00,8,0.0001
2025-10-08 16:00,8,0.0001
2025-10-09 00:00,8,0.00034723
2025-10-09 08:00,8,0.00019401
2025-10-09 16:00,8,0.0001
2025-10-10 00:00,8,0.00082102
2025-10-10 08:00,8,0.00192251
2025-10-10 16:00,8,0.00042704
2025-10-11 00:00,8,-4.458e-05
2025-10-11 08:00,8,0.0001
2025-10-11 16:00,8,-2.47e-06
2025-10-12 00:00,8,0.0001
2025-10-12 08:00,8,0.0001
2025-10-12 16:00,8,0.0001
2025-10-13 00:00,8,0.00012343
2025-10-13 08:00,8,0.00015531
2025-10-13 16:00,8,0.0001
2025-10-14 00:00,8,0.0001
2025-10-14 08:00,8,0.0001
2025-10-14 16:00,8,0.0001
2025-10-15 00:00,8,0.0001
2025-10-15 08:00,8,0.0001
2025-10-15 16:00,8,0.0001
2025-10-16 00:00,8,0.0001
2025-10-16 08:00,8,0.00022773
2025-10-16 16:00,8,0.0001
2025-10-17 00:00,8,0.0002201
2025-10-17 08:00,8,0.0001
2025-10-17 16:00,8,0.0001
2025-10-18 00:00,8,0.0001
2025-10-18 08:00,8,0.0001
2025-10-18 16:00,8,-0.00035834
2025-10-19 00:00,8,0.0001
2025-10-19 08:00,8,0.0001
2025-10-19 16:00,8,0.0001
2025-10-20 00:00,8,0.0001
2025-10-20 08:00,8,0.0001
2025-10-20 16:00,8,0.0001
2025-10-21 00:00,8,0.00040412
2025-10-21 08:00,8,0.00022448
2025-10-21 16:00,8,0.0001
2025-10-22 00:00,8,0.0001741
2025-10-22 08:00,8,0.0001
2025-10-22 16:00,8,0.0001
2025-10-23 00:00,8,0.0001
2025-10-23 08:00,8,-0.00055824
2025-10-23 16:00,8,0.0001
2025-10-24 00:00,8,0.0001
2025-10-24 08:00,8,0.0001
2025-10-24 16:00,8,0.0001
2025-10-25 00:00,8,0.0001
2025-10-25 08:00,8,0.00031607
2025-10-25 16:00,8,0.0001
2025-10-26 00:00,8,0.0001
2025-10-26 08:00,8,0.0001
2025-10-26 16:00,8,0.00026124
2025-10-27 00:00,8,0.00071279
2025-10-27 08:00,8,0.00078723
2025-10-27 16:00,8,0.00041
2025-10-28 00:00,8,0.00037433
2025-10-28 08:00,8,0.0001
2025-10-28 16:00,8,0.00012239
2025-10-29 00:00,8,0.0001
2025-10-29 08:00,8,0.0001
2025-10-29 16:00,8,0.0001
2025-10-30 00:00,8,0.00016195
2025-10-30 08:00,8,0.00013318
2025-10-30 16:00,8,0.0001
2025-10-31 00:00,8,0.00043225
2025-10-31 08:00,8,0.00045392
2025-10-31 16:00,8,0.0001
2025-11-01 00:00,8,0.0001
2025-11-01 08:00,8,0.00052842
2025-11-01 16:00,8,0.00088589
2025-11-02 00:00,8,0.0004825
2025-11-02 08:00,8,0.00084649
2025-11-02 16:00,8,0.00051092
2025-11-03 00:00,8,0.00112585
2025-11-03 08:00,8,0.00024077
2025-11-03 16:00,8,0.0001
2025-11-04 00:00,8,0.00046475
2025-11-04 08:00,8,0.0005467
2025-11-04 16:00,8,0.00031028
2025-11-05 00:00,8,0.00037014
2025-11-05 08:00,8,0.0001
2025-11-05 16:00,8,0.00174973
2025-11-06 00:00,8,0.001139
2025-11-06 08:00,8,0.00094715
2025-11-06 16:00,8,0.00043982
2025-11-07 00:00,8,0.0001
2025-11-07 08:00,8,0.00024832
2025-11-07 16:00,8,0.0001
2025-11-08 00:00,8,0.00034984
2025-11-08 08:00,8,0.0002729
2025-11-08 16:00,8,0.0001
2025-11-09 00:00,8,0.0001
2025-11-09 08:00,8,0.00420096
2025-11-09 16:00,8,0.00315012
2025-11-10 00:00,8,0.00066793
2025-11-10 08:00,8,0.0001845
2025-11-10 16:00,8,0.00060317
2025-11-11 00:00,8,0.00019188
2025-11-11 08:00,8,0.0001
2025-11-11 16:00,8,0.0001
2025-11-12 00:00,8,0.0001
2025-11-12 08:00,8,0.0001
2025-11-12 16:00,8,3.256e-05
2025-11-13 00:00,8,0.0001
2025-11-13 08:00,8,0.0001
2025-11-13 16:00,8,0.0001
2025-11-14 00:00,8,0.0001
2025-11-14 08:00,8,0.0001
2025-11-14 16:00,8,0.0001
2025-11-15 00:00,8,0.0001
2025-11-15 08:00,8,0.0001
2025-11-15 16:00,8,0.0001
2025-11-16 00:00,8,0.00037281
2025-11-16 08:00,8,0.0001
2025-11-16 16:00,8,0.0001
2025-11-17 00:00,8,0.0001
2025-11-17 08:00,8,0.0001
2025-11-17 16:00,8,0.0001
2025-11-18 00:00,8,0.00023886
2025-11-18 08:00,8,0.0001
2025-11-18 16:00,8,0.0001
2025-11-19 00:00,8,0.00031471
2025-11-19 08:00,8,0.0001
2025-11-19 16:00,8,6.662e-05
2025-11-20 00:00,8,0.0001
2025-11-20 08:00,8,0.0001
2025-11-20 16:00,8,0.0001
2025-11-21 00:00,8,0.0001
2025-11-21 08:00,8,0.0001
2025-11-21 16:00,8,0.0001
2025-11-22 00:00,8,0.0001
2025-11-22 08:00,8,-0.00019986
2025-11-22 16:00,8,-0.00019686
2025-11-23 00:00,8,-0.00029244
2025-11-23 08:00,8,-0.00226568
2025-11-23 16:00,8,0.0001
2025-11-24 00:00,8,0.0001
2025-11-24 08:00,8,0.0001
2025-11-24 16:00,8,5.045e-05
2025-11-25 00:00,8,0.0001
2025-11-25 08:00,8,0.0001
2025-11-25 16:00,8,0.0001
2025-11-26 00:00,8,0.0001
2025-11-26 08:00,8,-0.00010632
2025-11-26 16:00,8,0.0001
2025-11-27 00:00,8,0.0001
2025-11-27 08:00,8,0.0001
2025-11-27 16:00,8,0.0001
2025-11-28 00:00,8,0.0001
2025-11-28 08:00,8,0.0001
2025-11-28 16:00,8,0.0001
2025-11-29 00:00,8,0.0001
2025-11-29 08:00,8,0.0001
2025-11-29 16:00,8,0.0001
2025-11-30 00:00,8,0.0001
2025-11-30 08:00,8,0.0001
2025-11-30 16:00,8,0.0001
2025-12-01 00:00,8,-0.00014349
2025-12-01 08:00,8,0.0001
2025-12-01 16:00,8,0.0001
2025-12-02 00:00,8,0.0001
2025-12-02 08:00,8,0.0001
2025-12-02 16:00,8,-0.00014379
2025-12-03 00:00,8,-0.00101907
2025-12-03 08:00,8,-9.466e-05
2025-12-03 16:00,8,-1.007e-05
2025-12-04 00:00,8,0.0001
2025-12-04 08:00,8,0.0001
2025-12-04 16:00,8,0.0001
2025-12-05 00:00,8,0.0001
2025-12-05 08:00,8,0.0001
2025-12-05 16:00,8,0.0001
2025-12-06 00:00,8,0.0001
2025-12-06 08:00,8,0.0001
2025-12-06 16:00,8,0.0001
2025-12-07 00:00,8,0.0001
2025-12-07 08:00,8,0.0001
2025-12-07 16:00,8,0.0001
2025-12-08 00:00,8,0.0001
2025-12-08 08:00,8,0.0001
2025-12-08 16:00,8,0.0001
2025-12-09 00:00,8,0.0001
2025-12-09 08:00,8,0.0001
2025-12-09 16:00,8,0.0001
2025-12-10 00:00,8,-4.855e-05
2025-12-10 08:00,8,-0.00053261
2025-12-10 16:00,8,-0.00074785
2025-12-11 00:00,8,0.0001
2025-12-11 08:00,8,0.0001
2025-12-11 16:00,8,0.0001
2025-12-12 00:00,8,0.0001
2025-12-12 08:00,8,0.0001
2025-12-12 16:00,8,0.00034307
2025-12-13 00:00,8,0.00018698
2025-12-13 08:00,8,0.0001
2025-12-13 16:00,8,0.00016077
2025-12-14 00:00,8,0.0001
2025-12-14 08:00,8,0.0001
2025-12-14 16:00,8,0.0001
2025-12-15 00:00,8,0.0001438
2025-12-15 08:00,8,0.00014765
2025-12-15 16:00,8,0.00017628
2025-12-16 00:00,8,0.00012539
2025-12-16 08:00,8,0.0001
2025-12-16 16:00,8,0.0001
2025-12-17 00:00,8,0.0001
2025-12-17 08:00,8,0.0001
2025-12-17 16:00,8,0.0001
2025-12-18 00:00,8,0.0001
2025-12-18 08:00,8,0.0001
2025-12-18 16:00,8,0.0001
2025-12-19 00:00,8,0.0001
2025-12-19 08:00,8,0.0001
2025-12-19 16:00,8,0.0001
2025-12-20 00:00,8,0.0001
2025-12-20 08:00,8,0.0001
2025-12-20 16:00,8,0.0001
2025-12-21 00:00,8,0.0004068
2025-12-21 08:00,8,0.00059452
2025-12-21 16:00,8,0.00012178
2025-12-22 00:00,8,0.0001
2025-12-22 08:00,8,0.00036524
2025-12-22 16:00,8,0.00045569
2025-12-23 00:00,8,0.00027647
2025-12-23 08:00,8,0.00046638
2025-12-23 16:00,8,0.0005508
2025-12-24 00:00,8,0.00039346
2025-12-24 08:00,8,0.0002899
2025-12-24 16:00,8,0.00053494
2025-12-25 00:00,8,0.0001
2025-12-25 08:00,8,0.0001
2025-12-25 16:00,8,0.00016603
2025-12-26 00:00,8,0.0001
2025-12-26 08:00,8,0.0001
2025-12-26 16:00,8,0.0001
2025-12-27 00:00,8,0.0001
2025-12-27 08:00,8,0.0001
2025-12-27 16:00,8,0.0001
2025-12-28 00:00,8,0.0001
2025-12-28 08:00,8,0.00030335
2025-12-28 16:00,8,0.00036839
2025-12-29 00:00,8,0.0001
2025-12-29 08:00,8,0.0001
2025-12-29 16:00,8,0.0001
2025-12-30 00:00,8,0.0001
2025-12-30 08:00,8,0.00010779
2025-12-30 16:00,8,0.00034097
2025-12-31 00:00,8,0.00020144
2025-12-31 08:00,8,0.00037207
2025-12-31 16:00,8,0.00014217
2026-01-01 00:00,8,0.00022609
2026-01-01 08:00,8,0.00025941
2026-01-01 16:00,8,0.00035037
2026-01-02 00:00,8,0.0001
2026-01-02 08:00,8,0.0001
2026-01-02 16:00,8,0.0001
2026-01-03 00:00,8,0.0001
2026-01-03 08:00,8,0.0001
2026-01-03 16:00,8,0.0001
2026-01-04 00:00,8,0.0001
2026-01-04 08:00,8,0.0001
2026-01-04 16:00,8,0.0001
2026-01-05 00:00,8,0.0001
2026-01-05 08:00,8,0.0001
2026-01-05 16:00,8,0.0001
2026-01-06 00:00,8,0.00010584
2026-01-06 08:00,8,0.00012216
2026-01-06 16:00,8,0.0002376
2026-01-07 00:00,8,0.00017949
2026-01-07 08:00,8,0.0001
2026-01-07 16:00,8,0.00021863
2026-01-08 00:00,8,0.0001
2026-01-08 08:00,8,0.0001
2026-01-08 16:00,8,0.00022016
2026-01-09 00:00,8,0.00055947
2026-01-09 08:00,8,0.0001
2026-01-09 16:00,8,0.0001
2026-01-10 00:00,8,0.0001
2026-01-10 08:00,8,0.0001
2026-01-10 16:00,8,0.0001
2026-01-11 00:00,8,0.0001
2026-01-11 08:00,8,0.0001
2026-01-11 16:00,8,0.00055434
2026-01-12 00:00,8,0.0001
2026-01-12 08:00,8,0.00019911
2026-01-12 16:00,8,0.00019877
2026-01-13 00:00,8,0.0001
2026-01-13 08:00,8,-0.00016262
2026-01-13 16:00,8,4.442e-05
2026-01-14 00:00,8,0.0001
2026-01-14 08:00,8,0.0001
2026-01-14 16:00,8,0.0001
2026-01-15 00:00,8,0.0001
2026-01-15 08:00,8,0.0001
2026-01-15 16:00,8,0.0001
2026-01-16 00:00,8,0.0001
2026-01-16 08:00,8,0.0001
2026-01-16 16:00,8,-4.96e-05
2026-01-17 00:00,8,0.00014668
2026-01-17 08:00,8,0.00051534
2026-01-17 16:00,8,0.00061807
2026-01-18 00:00,8,0.00132031
2026-01-18 08:00,8,0.0007135
2026-01-18 16:00,8,0.00024965
2026-01-19 00:00,8,0.0001
2026-01-19 08:00,8,0.0001
2026-01-19 16:00,8,0.00024289
2026-01-20 00:00,8,0.0001
2026-01-20 08:00,8,0.0001
2026-01-20 16:00,8,0.00047327
2026-01-21 00:00,8,0.0001
2026-01-21 08:00,8,0.00020605
2026-01-21 16:00,8,0.00023506
2026-01-22 00:00,8,0.0001
2026-01-22 08:00,8,0.00015698
2026-01-22 16:00,8,0.00014449
2026-01-23 00:00,8,0.0001
2026-01-23 08:00,8,0.0001
2026-01-23 16:00,8,0.0003481
2026-01-24 00:00,8,0.0001
2026-01-24 08:00,8,0.00015147
2026-01-24 16:00,8,0.00016691
2026-01-25 00:00,8,0.00012352
2026-01-25 08:00,8,0.00022757
2026-01-25 16:00,8,0.00030016
2026-01-26 00:00,8,0.00030013
2026-01-26 08:00,8,0.00028954
2026-01-26 16:00,8,0.00029836
2026-01-27 00:00,8,0.00028007
2026-01-27 08:00,8,0.00027509
2026-01-27 16:00,8,0.0002101
2026-01-28 00:00,8,0.0002304
2026-01-28 08:00,8,0.00012851
2026-01-28 16:00,8,0.00010989
2026-01-29 00:00,8,0.00020383
2026-01-29 08:00,8,0.00012418
2026-01-29 16:00,8,0.0001
2026-01-30 00:00,8,0.0001
2026-01-30 08:00,8,0.0001
2026-01-30 16:00,8,0.00014499
2026-01-31 00:00,8,0.0001
2026-01-31 08:00,8,0.0001
2026-01-31 16:00,8,7.342e-05
2026-02-01 00:00,8,0.0001
2026-02-01 08:00,8,0.0001
2026-02-01 16:00,8,0.0001
2026-02-02 00:00,8,0.0001
2026-02-02 08:00,8,0.0001
2026-02-02 16:00,8,0.0001
2026-02-03 00:00,8,0.0001
2026-02-03 08:00,8,0.0001
2026-02-03 16:00,8,0.0001
2026-02-04 00:00,8,0.0001
2026-02-04 08:00,8,0.00015836
2026-02-04 16:00,8,0.00010911
2026-02-05 00:00,8,0.0001
2026-02-05 08:00,8,0.00010453
2026-02-05 16:00,8,0.0001
2026-02-06 00:00,8,0.0001
2026-02-06 08:00,8,0.0001
2026-02-06 16:00,8,0.00012574
2026-02-07 00:00,8,0.0001
2026-02-07 08:00,8,0.0001
2026-02-07 16:00,8,0.0001
2026-02-08 00:00,8,0.0001
2026-02-08 08:00,8,0.0001
2026-02-08 16:00,8,0.0001
2026-02-09 00:00,8,0.0001
2026-02-09 08:00,8,0.0001
2026-02-09 16:00,8,0.0001
2026-02-10 00:00,8,0.0001
2026-02-10 08:00,8,0.0001
2026-02-10 16:00,8,0.0001
2026-02-11 00:00,8,0.0001
2026-02-11 08:00,8,0.0001
2026-02-11 16:00,8,0.0001
2026-02-12 00:00,8,0.0001
2026-02-12 08:00,8,0.0001
2026-02-12 16:00,8,0.0001
2026-02-13 00:00,8,0.0001
2026-02-13 08:00,8,0.0001
2026-02-13 16:00,8,0.0001
2026-02-14 00:00,8,0.0001
2026-02-14 08:00,8,0.0001
2026-02-14 16:00,8,0.0001
2026-02-15 00:00,8,0.0001
2026-02-15 08:00,8,0.0001
2026-02-15 16:00,8,0.0001
2026-02-16 00:00,8,0.0001
2026-02-16 08:00,8,0.0001
2026-02-16 16:00,8,0.0001
2026-02-17 00:00,8,0.0001
2026-02-17 08:00,8,0.0001
2026-02-17 16:00,8,0.0001
2026-02-18 00:00,8,0.0001
2026-02-18 08:00,8,0.0001
2026-02-18 16:00,8,0.0001
2026-02-19 00:00,8,0.0001
2026-02-19 08:00,8,0.0001
2026-02-19 16:00,8,0.0001
2026-02-20 00:00,8,0.0001
2026-02-20 08:00,8,0.0001
2026-02-20 16:00,8,0.0001
2026-02-21 00:00,8,0.0001
2026-02-21 08:00,8,0.0001
2026-02-21 16:00,8,0.0001
2026-02-22 00:00,8,0.0001
2026-02-22 08:00,8,0.0001
2026-02-22 16:00,8,0.0001
2026-02-23 00:00,8,0.0001
2026-02-23 08:00,8,0.0001
2026-02-23 16:00,8,0.0001
2026-02-24 00:00,8,0.0001
2026-02-24 08:00,8,0.0001
2026-02-24 16:00,8,0.0001
2026-02-25 00:00,8,0.0001
2026-02-25 08:00,8,0.0001
2026-02-25 16:00,8,0.0001
2026-02-26 00:00,8,0.0001
2026-02-26 08:00,8,0.0001
2026-02-26 16:00,8,0.0001
2026-02-27 00:00,8,0.0001
2026-02-27 08:00,8,0.0001
2026-02-27 16:00,8,0.0001
2026-02-28 00:00,8,0.0001
2026-02-28 08:00,8,0.0001
2026-02-28 16:00,8,0.0001
2026-03-01 00:00,8,0.0001
2026-03-01 08:00,8,0.0001
2026-03-01 16:00,8,0.0001
2026-03-02 00:00,8,0.0001
2026-03-02 08:00,8,0.0001
2026-03-02 16:00,8,0.0001
2026-03-03 00:00,8,0.0001
2026-03-03 08:00,8,0.0001
2026-03-03 16:00,8,0.0001
2026-03-04 00:00,8,0.0001
2026-03-04 08:00,8,0.0001
2026-03-04 16:00,8,0.0001
2026-03-05 00:00,8,0.0001
2026-03-05 08:00,8,0.0001
2026-03-05 16:00,8,0.0001
2026-03-06 00:00,8,0.0001
2026-03-06 08:00,8,0.0001
2026-03-06 16:00,8,0.0001
2026-03-07 00:00,8,0.0001
2026-03-07 08:00,8,0.0001
2026-03-07 16:00,8,0.0001
2026-03-08 00:00,8,0.0001
2026-03-08 08:00,8,0.0001
2026-03-08 16:00,8,0.0001
2026-03-09 00:00,8,0.0001
2026-03-09 08:00,8,0.0001
2026-03-09 16:00,8,0.0001
2026-03-10 00:00,8,0.0001
2026-03-10 08:00,8,0.0001
2026-03-10 16:00,8,0.0001
2026-03-11 00:00,8,0.0001
2026-03-11 08:00,8,0.0001
2026-03-11 16:00,8,0.0001
2026-03-12 00:00,8,0.0001
2026-03-12 08:00,8,0.0001
2026-03-12 16:00,8,0.0001
2026-03-13 00:00,8,0.0001
2026-03-13 08:00,8,0.0001
2026-03-13 16:00,8,0.0001
2026-03-14 00:00,8,0.0001
2026-03-14 08:00,8,0.0001
2026-03-14 16:00,8,0.0001
2026-03-15 00:00,8,0.0001
2026-03-15 08:00,8,0.0001
2026-03-15 16:00,8,0.0001
2026-03-16 00:00,8,0.0001
2026-03-16 08:00,8,0.0001
2026-03-16 16:00,8,0.0001
2026-03-17 00:00,8,0.0001
2026-03-17 08:00,8,0.0001
2026-03-17 16:00,8,0.0001
2026-03-18 00:00,8,0.0001
2026-03-18 08:00,8,0.0001
2026-03-18 16:00,8,0.0001
2026-03-19 00:00,8,0.0001
2026-03-19 08:00,8,0.0001
2026-03-19 16:00,8,0.0001
2026-03-20 00:00,8,0.0001
2026-03-20 08:00,8,0.0001
2026-03-20 16:00,8,0.0001
2026-03-21 00:00,8,0.0001
2026-03-21 08:00,8,0.0001
2026-03-21 16:00,8,0.0001
2026-03-22 00:00,8,0.0001
2026-03-22 08:00,8,0.0001
2026-03-22 16:00,8,0.0001
2026-03-23 00:00,8,0.0001
2026-03-23 08:00,8,0.0001
2026-03-23 16:00,8,0.0001
2026-03-24 00:00,8,0.00025553
2026-03-24 08:00,8,0.0001898
2026-03-24 16:00,8,0.00011928
2026-03-25 00:00,8,0.0001
2026-03-25 08:00,8,0.0001
2026-03-25 16:00,8,0.0001
2026-03-26 00:00,8,0.0001
2026-03-26 08:00,8,0.0001
2026-03-26 16:00,8,0.0001
2026-03-27 00:00,8,0.0001
2026-03-27 08:00,8,0.0001
2026-03-27 16:00,8,0.0001
2026-03-28 00:00,8,0.0001
2026-03-28 08:00,8,0.0001
2026-03-28 16:00,8,0.0001
2026-03-29 00:00,8,0.0001
2026-03-29 08:00,8,0.0001
2026-03-29 16:00,8,0.0001
2026-03-30 00:00,8,0.0001
2026-03-30 08:00,8,0.0001
2026-03-30 16:00,8,0.0001
2026-03-31 00:00,8,0.0001
2026-03-31 08:00,8,0.0001
2026-03-31 16:00,8,0.0001
2026-04-01 00:00,8,0.0001
2026-04-01 08:00,8,0.0001
2026-04-01 16:00,8,0.0001
2026-04-02 00:00,8,0.0001
2026-04-02 08:00,8,0.0001
2026-04-02 16:00,8,0.0001
2026-04-03 00:00,8,0.0001
2026-04-03 08:00,8,0.0001
2026-04-03 16:00,8,8.158e-05
2026-04-04 00:00,8,0.0001
2026-04-04 08:00,8,0.0001
2026-04-04 16:00,8,0.0001
2026-04-05 00:00,8,0.0001
2026-04-05 08:00,8,0.0001
2026-04-05 16:00,8,0.0001
2026-04-06 00:00,8,0.0001
2026-04-06 08:00,8,0.0001
2026-04-06 16:00,8,0.0001
2026-04-07 00:00,8,0.0001
2026-04-07 08:00,8,0.0001
2026-04-07 16:00,8,0.0001
2026-04-08 00:00,8,0.0001
2026-04-08 08:00,8,0.0001
2026-04-08 16:00,8,0.0001
2026-04-09 00:00,8,0.0001
2026-04-09 08:00,8,0.0001
2026-04-09 16:00,8,0.0001
2026-04-10 00:00,8,0.0001
2026-04-10 08:00,8,0.0001
2026-04-10 16:00,8,0.0001
2026-04-11 00:00,8,0.0001
2026-04-11 08:00,8,0.0001
2026-04-11 16:00,8,0.0001
2026-04-12 00:00,8,0.0001
2026-04-12 08:00,8,0.0001
2026-04-12 16:00,8,0.0001
2026-04-13 00:00,8,0.0001
2026-04-13 08:00,8,0.0001
2026-04-13 16:00,8,0.0001
2026-04-14 00:00,8,0.0001
2026-04-14 08:00,8,0.0001
2026-04-14 16:00,8,0.0001
2026-04-15 00:00,8,0.0001
2026-04-15 08:00,8,0.0001
2026-04-15 16:00,8,0.0001
2026-04-16 00:00,8,0.00028408
2026-04-16 08:00,8,0.0001
2026-04-16 16:00,8,0.0001
2026-04-17 00:00,8,0.00038779
2026-04-17 08:00,8,0.00019031
2026-04-17 16:00,8,0.00018788
2026-04-18 00:00,8,0.00020508
2026-04-18 08:00,8,0.00055808
2026-04-18 16:00,8,0.0001
2026-04-19 00:00,8,0.0001
2026-04-19 08:00,8,0.00011764
2026-04-19 16:00,8,0.0001
2026-04-20 00:00,8,0.0001
2026-04-20 08:00,8,0.0001
2026-04-20 16:00,8,0.0001
2026-04-21 00:00,8,0.0001
2026-04-21 08:00,8,0.00031575
2026-04-21 16:00,8,0.00028783
2026-04-22 00:00,8,0.0001
2026-04-22 08:00,8,0.0001
2026-04-22 16:00,8,0.0001
2026-04-23 00:00,8,0.00061656
2026-04-23 08:00,8,0.00021564
2026-04-23 16:00,8,0.00041476
2026-04-24 00:00,8,0.00034732
2026-04-24 08:00,8,0.0001
2026-04-24 16:00,8,0.00024305
2026-04-25 00:00,8,0.00060775
2026-04-25 08:00,8,0.0001
2026-04-25 16:00,8,0.0001
2026-04-26 00:00,8,0.0001
2026-04-26 08:00,8,0.0001
2026-04-26 16:00,8,0.0001
2026-04-27 00:00,8,0.0001
2026-04-27 08:00,8,0.0001
2026-04-27 16:00,8,0.0001
2026-04-28 00:00,8,0.00021895
2026-04-28 08:00,8,0.00012405
2026-04-28 16:00,8,0.0001
2026-04-29 00:00,8,0.00030165
2026-04-29 08:00,8,0.0001
2026-04-29 16:00,8,0.0001
2026-04-30 00:00,8,0.00025405
2026-04-30 08:00,8,0.00015369
2026-04-30 16:00,8,0.0001
2026-05-01 00:00,8,0.0001
2026-05-01 08:00,8,0.0001
2026-05-01 16:00,8,0.0001
2026-05-02 00:00,8,0.00023154
2026-05-02 08:00,8,0.0001
2026-05-02 16:00,8,0.00029018
2026-05-03 00:00,8,0.0001
2026-05-03 08:00,8,0.0001
2026-05-03 16:00,8,0.0001
2026-05-04 00:00,8,0.0001
2026-05-04 08:00,8,0.00055206
2026-05-04 16:00,8,0.0001
2026-05-05 00:00,8,0.0002766
2026-05-05 08:00,8,0.0001
2026-05-05 16:00,8,0.0001
2026-05-06 00:00,8,0.00074585
2026-05-06 08:00,8,0.00104152
2026-05-06 16:00,8,0.00060743
2026-05-07 00:00,8,0.00037138
2026-05-07 08:00,8,0.00056372
2026-05-07 16:00,8,0.0001
2026-05-08 00:00,8,0.00080712
2026-05-08 08:00,8,0.0001
2026-05-08 16:00,8,0.0001
2026-05-09 00:00,8,0.0001
2026-05-09 08:00,8,0.0001
2026-05-09 16:00,8,0.00034084
2026-05-10 00:00,8,0.00055669
2026-05-10 08:00,8,0.00041041
2026-05-10 16:00,8,0.00016113
2026-05-11 00:00,8,0.0001
2026-05-11 08:00,8,0.0001
2026-05-11 16:00,8,0.0001
2026-05-12 00:00,8,0.000572
2026-05-12 08:00,8,0.00038439
2026-05-12 16:00,8,0.00015422
2026-05-13 00:00,8,0.00021817
2026-05-13 08:00,8,0.0001
2026-05-13 16:00,8,0.0001
2026-05-14 00:00,8,0.0001
2026-05-14 08:00,8,0.0001
2026-05-14 16:00,8,0.0001
2026-05-15 00:00,8,0.0001
2026-05-15 08:00,8,0.0001
2026-05-15 16:00,8,9.175e-05
2026-05-16 00:00,8,0.0001
2026-05-16 08:00,8,0.0001
2026-05-16 16:00,8,0.0001
2026-05-17 00:00,8,0.0001
2026-05-17 08:00,8,0.0001
2026-05-17 16:00,8,3.786e-05
2026-05-18 00:00,8,0.0001
2026-05-18 08:00,8,0.0001
2026-05-18 16:00,8,0.0001
2026-05-19 00:00,8,0.0001
2026-05-19 08:00,8,0.0001
2026-05-19 16:00,8,-7.724e-05
2026-05-20 00:00,8,0.0001
2026-05-20 08:00,8,0.0001
2026-05-20 16:00,8,0.0001
2026-05-21 00:00,8,0.0001
2026-05-21 08:00,8,0.00015646
2026-05-21 16:00,8,0.0001
2026-05-22 00:00,8,0.00068237
2026-05-22 08:00,8,0.0001
2026-05-22 16:00,8,0.0001
2026-05-23 00:00,8,0.0001
2026-05-23 08:00,8,0.0001
2026-05-23 16:00,8,0.0001
2026-05-24 00:00,8,0.0001
2026-05-24 08:00,8,0.0001
2026-05-24 16:00,8,0.0001
2026-05-25 00:00,8,0.0001
2026-05-25 08:00,8,0.00013029
2026-05-25 16:00,8,0.0001
2026-05-26 00:00,8,0.0001
2026-05-26 08:00,8,0.0001
2026-05-26 16:00,8,0.0001
2026-05-27 00:00,8,0.0001
2026-05-27 08:00,8,0.0001
2026-05-27 16:00,8,0.0001
2026-05-28 00:00,8,0.0001
2026-05-28 08:00,8,0.0001
2026-05-28 16:00,8,0.0001
2026-05-29 00:00,8,6.702e-05
2026-05-29 08:00,8,-0.00019219
2026-05-29 16:00,8,2.475e-05
2026-05-30 00:00,8,-3.682e-05
2026-05-30 08:00,8,0.0001
2026-05-30 16:00,8,0.0001
2026-05-31 00:00,8,0.0001
2026-05-31 08:00,8,0.0001
2026-05-31 16:00,8,0.0001
2026-06-01 00:00,8,0.0001
2026-06-01 08:00,8,0.0001
2026-06-01 16:00,8,0.0001
2026-06-02 00:00,8,0.0001
2026-06-02 08:00,8,0.0001
2026-06-02 16:00,8,0.0001
2026-06-03 00:00,8,0.00104338
2026-06-03 08:00,8,0.00013138
2026-06-03 16:00,8,0.0001
2026-06-04 00:00,8,0.0001
2026-06-04 08:00,8,0.0001
2026-06-04 16:00,8,0.0001
2026-06-05 00:00,8,0.00018236
2026-06-05 08:00,8,0.0001
2026-06-05 16:00,8,0.0001
2026-06-06 00:00,8,0.0001
2026-06-06 08:00,8,0.0001
2026-06-06 16:00,8,0.0001
2026-06-07 00:00,8,0.0001
2026-06-07 08:00,8,0.0001
2026-06-07 16:00,8,0.0001
2026-06-08 00:00,8,0.0001
2026-06-08 08:00,8,0.0001
2026-06-08 16:00,8,0.0001
2026-06-09 00:00,8,0.0001
2026-06-09 08:00,8,0.0001
2026-06-09 16:00,8,0.0001
2026-06-10 00:00,8,0.0001
2026-06-10 08:00,8,0.0001
2026-06-10 16:00,8,0.0001
2026-06-11 00:00,8,0.0001
2026-06-11 08:00,8,0.0001
2026-06-11 16:00,8,0.0001
2026-06-12 00:00,8,0.0001
2026-06-12 08:00,8,0.0001
2026-06-12 16:00,8,0.0001
2026-06-13 00:00,8,0.00019883
2026-06-13 08:00,8,0.0001305
2026-06-13 16:00,8,0.0001
2026-06-14 00:00,8,0.0001
2026-06-14 08:00,8,0.0001
2026-06-14 16:00,8,0.0001
2026-06-15 00:00,8,0.0001
2026-06-15 08:00,8,0.00026808
2026-06-15 16:00,8,0.0001
2026-06-16 00:00,8,0.0001
2026-06-16 08:00,8,0.0001
2026-06-16 16:00,8,-0.00056295
2026-06-17 00:00,8,0.0001
2026-06-17 08:00,8,0.0001
2026-06-17 16:00,8,0.0001
2026-06-18 00:00,8,0.0001
2026-06-18 08:00,8,0.0001
2026-06-18 16:00,8,0.0001
2026-06-19 00:00,8,0.0001
2026-06-19 08:00,8,0.0001
2026-06-19 16:00,8,0.0001
2026-06-20 00:00,8,0.0001
2026-06-20 08:00,8,0.0008152
2026-06-20 16:00,8,0.0001
2026-06-21 00:00,8,0.0001
2026-06-21 08:00,8,0.0001
2026-06-21 16:00,8,0.0001
2026-06-22 00:00,8,0.0001
2026-06-22 08:00,8,0.0001
2026-06-22 16:00,8,0.0001
2026-06-23 00:00,8,0.0001
2026-06-23 08:00,8,0.0001
2026-06-23 16:00,8,0.0001
2026-06-24 00:00,8,0.0001
2026-06-24 08:00,8,0.0001
2026-06-24 16:00,8,0.0001
2026-06-25 00:00,8,0.0001
2026-06-25 08:00,8,0.0001
2026-06-25 16:00,8,0.0001
2026-06-26 00:00,8,0.0001
2026-06-26 08:00,8,0.0001
2026-06-26 16:00,8,0.0001
2026-06-27 00:00,8,0.0001
2026-06-27 08:00,8,0.0001
2026-06-27 16:00,8,0.0001
2026-06-28 00:00,8,0.0001
2026-06-28 08:00,8,0.0001
2026-06-28 16:00,8,0.0001
2026-06-29 00:00,8,0.0001
2026-06-29 08:00,8,0.0001
2026-06-29 16:00,8,0.0001
2026-06-30 00:00,8,0.0001
2026-06-30 08:00,8,0.0001
2026-06-30 16:00,8,0.0001
2026-07-01 00:00,8,0.0001
2026-07-01 08:00,8,0.0001
2026-07-01 16:00,8,0.0001
2026-07-02 00:00,8,-8.921e-05
2026-07-02 08:00,8,0.0001
2026-07-02 16:00,8,0.0001
2026-07-03 00:00,8,0.0001
2026-07-03 08:00,8,0.0001
2026-07-03 16:00,8,0.0001
2026-07-04 00:00,8,0.0001
2026-07-04 08:00,8,2.714e-05
2026-07-04 16:00,8,0.0001
2026-07-05 00:00,8,0.0001
2026-07-05 08:00,8,0.0001
2026-07-05 16:00,8,-0.00010573
2026-07-06 00:00,8,0.0001
2026-07-06 08:00,8,0.0001
2026-07-06 16:00,8,0.0001
2026-07-07 00:00,8,0.0001558
2026-07-07 08:00,8,0.0001
2026-07-07 16:00,8,0.0001
2026-07-08 00:00,8,0.0001
2026-07-08 08:00,8,0.0001
2026-07-08 16:00,8,0.00044902
2026-07-09 00:00,8,0.0001
2026-07-09 08:00,8,0.0001
2026-07-09 16:00,8,0.0001
2026-07-10 00:00,8,0.0001
2026-07-10 08:00,8,0.0001
2026-07-10 16:00,8,0.0001
2026-07-11 00:00,8,0.0001
2026-07-11 08:00,8,0.0001
2026-07-11 16:00,8,0.0001
2026-07-12 00:00,8,0.0001
2026-07-12 08:00,8,0.0001
2026-07-12 16:00,8,0.0001
2026-07-13 00:00,8,0.0001
2026-07-13 08:00,8,2.058e-05
2026-07-13 16:00,8,0.0001
2026-07-14 00:00,8,0.0001
2026-07-14 08:00,8,0.0001
2026-07-14 16:00,8,0.0001
2026-07-15 00:00,8,0.0001
2026-07-15 08:00,8,0.0001
2026-07-15 16:00,8,0.0001
2026-07-16 00:00,8,0.0001
2026-07-16 08:00,8,0.0001
2026-07-16 16:00,8,0.0001
2026-07-17 00:00,8,0.0001
2026-07-17 08:00,8,0.0001
2026-07-17 16:00,8,0.0001
2026-07-18 00:00,8,0.00071251
2026-07-18 08:00,8,0.00058391
2026-07-18 16:00,8,0.0001
2026-07-19 00:00,8,0.0001
2026-07-19 08:00,8,0.0001
2026-07-19 16:00,8,0.00036729
2026-07-20 00:00,8,0.00028754
2026-07-20 08:00,8,0.0002392
2026-07-20 16:00,8,0.00046112
2026-07-21 00:00,8,0.0001
2026-07-21 08:00,8,0.0001
2026-07-21 16:00,8,0.0001
2026-07-22 00:00,8,0.0001
2026-07-22 08:00,8,0.0001
2026-07-22 16:00,8,0.0001
2026-07-23 00:00,8,0.0001
2026-07-23 08:00,8,0.0001
2026-07-23 16:00,8,0.0001
2026-07-24 00:00,8,0.0001
2026-07-24 08:00,8,0.0001
2026-07-24 16:00,8,0.0001
2026-07-25 00:00,8,0.0001
2026-07-25 08:00,8,0.0001
2026-07-25 16:00,8,0.0001
2026-07-26 00:00,8,0.0001
2026-07-26 08:00,8,0.0001
2026-07-26 16:00,8,0.0001
2026-07-27 00:00,8,0.00024788
2026-07-27 08:00,8,0.0001
2026-07-27 16:00,8,0.0001
2026-07-28 00:00,8,0.0001
2026-07-28 08:00,8,0.0001
2026-07-28 16:00,8,0.0001
2026-07-29 00:00,8,0.0001
2026-07-29 08:00,8,0.0001
2026-07-29 16:00,8,9.016e-05
2026-07-30 00:00,8,0.0001
2026-07-30 08:00,8,0.0001
2026-07-30 16:00,8,0.0001
2026-07-31 00:00,8,-0.00028628
2026-07-31 08:00,8,0.0001
2026-07-31 16:00,8,-0.00032063
2026-08-01 00:00,8,-0.00015228
2026-08-01 08:00,8,-0.00016864
2026-08-01 16:00,8,0.0001
2026-08-02 00:00,8,-0.00045075
2026-08-02 08:00,8,0.0001
2026-08-02 16:00,8,0.0001
2026-08-03 00:00,8,0.0001
2026-08-03 08:00,8,0.0001
2026-08-03 16:00,8,0.0001
2026-08-04 00:00,8,0.0001
2026-08-04 08:00,8,0.0001
2026-08-04 16:00,8,0.0001
2026-08-05 00:00,8,0.0001
2026-08-05 08:00,8,0.0001
2026-08-05 16:00,8,-5.061e-05
2026-08-06 00:00,8,-0.00025569
2026-08-06 08:00,8,0.0001
2026-08-06 16:00,8,0.0001
2026-08-07 00:00,8,-3.494e-05
2026-08-07 08:00,8,-6.258e-05
2026-08-07 16:00,8,0.0001
2026-08-08 00:00,8,0.0001
2026-08-08 08:00,8,5.066e-05
2026-08-08 16:00,8,0.0001
2026-08-09 00:00,8,0.0001
2026-08-09 08:00,8,0.0001
2026-08-09 16:00,8,4.795e-05
2026-08-10 00:00,8,0.00098888
2026-08-10 08:00,8,0.00032195
2026-08-10 16:00,8,0.00013337
2026-08-11 00:00,8,0.0001
2026-08-11 08:00,8,0.00026181
2026-08-11 16:00,8,0.00015156
2026-08-12 00:00,8,0.0010732
2026-08-12 08:00,8,0.0001
2026-08-12 16:00,8,0.0001
2026-08-13 00:00,8,0.00038434
2026-08-13 08:00,8,0.0001
2026-08-13 16:00,8,0.0001
2026-08-14 00:00,8,0.00036835
2026-08-14 08:00,8,0.0001
2026-08-14 16:00,8,0.0001
2026-08-15 00:00,8,0.0001
2026-08-15 08:00,8,0.0001
2026-08-15 16:00,8,0.0001
2026-08-16 00:00,8,0.0001
2026-08-16 08:00,8,0.0001
2026-08-16 16:00,8,0.0001
2026-08-17 00:00,8,0.00028398
2026-08-17 08:00,8,0.0001
2026-08-17 16:00,8,0.00025362
2026-08-18 00:00,8,0.0001
2026-08-18 08:00,8,0.0001
2026-08-18 16:00,8,0.0001
2026-08-19 00:00,8,0.0003452
2026-08-19 08:00,8,0.0001
2026-08-19 16:00,8,0.0001
2026-08-20 00:00,8,0.0001
2026-08-20 08:00,8,0.000246
2026-08-20 16:00,8,0.0001
2026-08-21 00:00,8,0.00023617
2026-08-21 08:00,8,0.00059263
2026-08-21 16:00,8,0.0005442
2026-08-22 00:00,8,0.00031993
2026-08-22 08:00,8,0.00179215
2026-08-22 16:00,8,0.00013784
2026-08-23 00:00,8,0.0001
2026-08-23 08:00,8,0.0001
2026-08-23 16:00,8,0.00030825
2026-08-24 00:00,8,0.0001
2026-08-24 08:00,8,0.0001476
2026-08-24 16:00,8,0.0001
2026-08-25 00:00,8,0.0001
2026-08-25 08:00,8,0.0006221
2026-08-25 16:00,8,0.00019665
2026-08-26 00:00,8,0.0001
2026-08-26 08:00,8,0.0001
2026-08-26 16:00,8,0.0001047
2026-08-27 00:00,8,0.0001
2026-08-27 08:00,8,0.0001
2026-08-27 16:00,8,0.00070025
2026-08-28 00:00,8,0.0004098
2026-08-28 08:00,8,0.00028082
2026-08-28 16:00,8,0.00079732
2026-08-29 00:00,8,0.0003451
2026-08-29 08:00,8,0.00038681
2026-08-29 16:00,8,0.00073038
2026-08-30 00:00,8,0.00073586
2026-08-30 08:00,8,0.00055119
2026-08-30 16:00,8,0.00063517
2026-08-31 00:00,8,0.00092045
2026-08-31 08:00,8,0.00125388
2026-08-31 16:00,8,0.00060441
